TIME,27.7576,30.2811,32.8045,35.3279,37.8513,40.3748,42.8982,45.4216,47.945,50.4684,52.9919,55.5153,58.0387,60.5621,63.0856,65.609,68.1324,70.6558,73.1792,75.7027,78.2261,80.7495,83.2729,85.7964,88.3198,90.8432,93.3666,95.89,98.4135,100.937,103.46,105.984,108.507,111.031,113.554,116.077,118.601,121.124,123.648,126.171,128.695,131.218,133.741,136.265,138.788,141.312,143.835,146.358,148.882,151.405,153.929,156.452,158.976,161.499,164.022,166.546,169.069,171.593,174.116,176.64,179.163,181.686,184.21,186.733,189.257,191.78,194.304,196.827,199.35,201.874,204.397,206.921,209.444,211.967,214.491,217.014,219.538,222.061,224.585,227.108,229.631,232.155,234.678,237.202,239.725,242.249,244.772,247.295,249.819,252.342,254.866,257.389,259.912,262.436,264.959,267.483,270.006,272.53,275.053,277.576,280.1,282.623,285.147,287.67,290.194,292.717,295.24,297.764,300.287,302.811,305.334,307.858,310.381,312.904,315.428,317.951,320.475,322.998,325.521,328.045,330.568,333.092,335.615,338.139,340.662,343.185,345.709,348.232,350.756,353.279,355.803,358.326,360.849,363.373,365.896,368.42,370.943,373.466,375.99,378.513,381.037,383.56,386.084,388.607,391.13,393.654,396.177,398.701,401.224,403.748,406.271,408.794,411.318,413.841,416.365,418.888,421.411,423.935,426.458,428.982,431.505,434.029,436.552,439.075,441.599,444.122,446.646,449.169,451.693,454.216,456.739,459.263,461.786,464.31,466.833,469.357,471.88,474.403,476.927,479.45,481.974
0.000000000,1625.5,751.373,559.186,1424.5,1951.17,1302.97,553.03,821.433,1068.93,654.425,561.34,512.06,608.882,3400.7,7374.53,6301.4,2009.51,405.689,589.79,530.052,769.749,1060.49,633.589,759.018,1660.63,1836.72,1069,512.378,1113.06,1842.85,1550.27,708.33,637.089,1092.85,845.133,515.166,544.672,441.499,1995.16,6169.53,7245.8,3272.33,532.483,537.153,573.495,599.669,1035.8,802.222,552.369,1382.42,1925.98,1335.04,538.86,766.476,1622.71,1786.77,959.172,482.731,1052.75,1018.42,505.081,564.968,418.597,1085.18,4728.18,7378.15,4553.44,977.978,439.576,587.168,528.831,901.537,874.287,517.898,1064,1735.17,1509.5,721.929,586.573,1391.17,1769.19,1173.78,514.907,808.959,1077.41,643.291,494.347,454.565,605.599,3117.65,6733.64,5769.31,1781.9,359.119,597.595,510.241,684.2,920.008,574.098,743.151,1520.72,1630.14,922.569,459.425,1037.58,1661.33,1391.95,630.905,571.801,1069.11,818.644,444.96,475.509,418.22,1848.07,5508.54,6433.71,2856.88,430.369,544.579,528.51,507.906,901.932,655.457,519.542,1295.2,1609.58,1042.94,429.279,712.718,1524.08,1549.78,755.109,453.104,958.898,902.859,481.368,459.607,369.177,1040.46,4074.8,6298.62,3876.98,809.106,395.973,535.937,460.444,701.161,703.356,466.852,907.581,1464.97,1223.42,537.269,484.008,1198.15,1508.45,958.491,414.478,727.455,964.577,568.646,407.292,389.134,584.744,2655.3,5566.61,4766.1,1458.47,288.802,534.084,434.317,526.194,705.69,459.973,632.446,1270.63,1275.36,632.393,317.636,840.491
1.486077098,2048.38,1211.44,1050.21,1982.61,2369.69,1426.3,376.97,822.004,1193.57,530.111,509.793,473.701,382.203,3816.47,9763.99,8161.58,1969.58,249.939,571.312,439.895,693.265,1220.32,520.897,663.5,1954.6,2224.41,1568.7,1038.67,1684.57,2256.69,1763.5,609.489,524.642,1240.97,806.056,409.236,514.881,288.312,1928.73,7919.98,9680.78,3715.16,300.872,517.678,532.876,463.605,1162.26,825.68,360.23,1590.72,2333.46,1798.98,1017.67,1264.56,2047.66,2113.28,1009.26,288.345,1220.17,1104.7,352.249,564.315,329.374,893.462,5778.75,9879.03,5599.37,747.15,377.79,564.848,401.033,941.815,956.229,329.392,1140.83,2031.66,1883.67,1219.9,1122.69,1916.48,2076.56,1286.07,345.924,819.366,1224.72,525.533,445.34,398.377,410.348,3428.16,8898.95,7529.36,1744.24,217.467,599.657,423.81,613.91,1043.17,458.415,670.399,1778.63,1976.1,1380.24,937.092,1546.28,2003.99,1573.56,551.653,457.468,1245.48,808.494,334.464,456.571,268.625,1811.7,6975.45,8597.1,3303.68,206.48,568.059,487.613,386.722,1027.54,655.301,359.291,1541.01,1919.11,1362.33,822.377,1185.66,1972.96,1822.3,743.995,302.719,1099.54,953.231,362.258,438.787,273.035,882.384,4863.21,8413.51,4802.67,592.719,355.871,510.418,364.428,700.727,751.499,318.142,953.879,1739.56,1551.94,921.166,898.952,1623.77,1781.86,1038.98,265.499,752.618,1095.23,473.553,357.902,332.703,420.944,2892.4,7263.36,6209.78,1453.21,167.097,556.331,361.52,465.618,786.306,365.216,574.763,1503.54,1586.07,948.907,630.174,1204.26
2.972154195,2191.71,1612.96,1577.54,2360.13,2463.47,1405.34,180.611,748.059,1187.41,346.973,414.699,381.923,188.731,3809.01,11445.3,9409.1,1752.67,117.082,476.185,313.268,528.241,1273.06,374.55,527.272,2032.66,2296.86,1917.86,1651.84,2178.53,2318.19,1788.42,455.914,384.431,1241.8,685.597,258.277,423.968,147.52,1651.73,9072.72,11419.9,3826.4,111.254,439.228,443.873,269.868,1185.75,780.326,169.812,1637.78,2456.91,2020.49,1537.94,1768.59,2152.69,2193.09,982.772,114.284,1260.9,1111.69,159.109,523.223,218.862,656.26,6315.26,11641.2,6187.9,506.557,301.17,471.12,232.283,879.327,956.164,132.016,1101.47,2081.85,1970.27,1688.1,1754.34,2236.36,2070.88,1278.69,162.742,743.363,1265.35,335.996,372.428,285.938,223.672,3347.03,10386.4,8794.73,1560.33,109.938,514.394,305.715,480.221,1055.98,315.461,525.353,1871.79,2001.2,1742.46,1510.8,1935.32,2059.55,1561.65,435.331,308.822,1315.73,705.902,198.974,383.995,123.708,1604.26,7768.31,10175,3523.58,47.8933,516.171,416.788,222.294,1065.81,605.563,192.026,1665.59,1968.65,1478.02,1268.41,1652.82,2158.04,1876.67,670.378,149.926,1137.08,905.002,202.323,375.293,160.403,665.503,5107.28,9930.28,5399.56,369.981,287.851,431.434,219.213,627.337,710.81,152.46,906.641,1810.69,1645.61,1304.65,1354.82,1865.93,1811.91,1010.28,113.495,708.856,1115.64,319.681,279.367,236.798,251.783,2763.31,8382.44,7214.28,1348.17,76.1041,517.438,250.195,357.413,779.473,246.84,467.35,1569.32,1682.49,1197.74,966.715,1478.91
4.458231293,1991.18,1817.61,1977.52,2413.52,2209.49,1242.22,54.8487,641.115,1038.52,192.226,308.12,277.237,87.2687,3429.27,11995.5,9687.74,1504.71,40.4391,338.312,194.88,342.652,1219.41,260.73,410.816,1875.82,2024.9,1986.69,2175.03,2426.44,2010.61,1607.52,330.382,278.063,1080.4,547.427,118.056,309.104,54.6606,1293.56,9423.94,11890.9,3665.26,32.7444,331.679,329.652,99.9397,1123.06,689.221,67.3189,1515.71,2260.37,1906.73,1938.71,2123,1898.45,1992.23,923.884,41.2639,1150.94,1062.21,21.2893,460.665,119.206,455.143,6306.96,12073.7,6211.44,384.498,236.423,328.504,87.933,759.508,876.648,15.8745,965.204,1870.09,1737.2,1965.28,2296.34,2260.79,1726.51,1188.91,39.386,600.252,1198.69,167.987,316.41,150.162,85.1652,3041.27,10672.1,9271.88,1392.27,62.9734,360.998,213.3,367.344,937.07,205.196,374.307,1794.9,1674.69,1904.01,2005.65,2068.43,1805.32,1365.98,324.192,194.86,1264.72,566.207,93.2137,271.915,33.0573,1348.66,7640.72,10704.2,3577.11,12.1627,395.73,347.531,99.4779,1003.54,530.628,100.159,1650.74,1741.76,1343.96,1637.53,1963.28,2004.65,1700.86,566.131,63.3036,1062.6,793.076,68.9624,278.944,76.6114,473.044,4768.39,10377.5,5624.31,239.599,199.824,333.344,81.6004,508.346,593.574,37.9823,807.34,1647.18,1470.35,1560.77,1714.51,1830.41,1593.45,880.933,26.1234,620.52,1024.81,173.65,192.066,142.621,125.817,2351.4,8602.06,7553.87,1209.67,39.6116,440.901,139.431,246.442,684.338,158.215,372.509,1431.62,1541.93,1277.93,1224.57,1561.88
5.944308390,1513.82,1756.36,2103.49,2119.38,1700.79,980.689,46.7568,531.83,792.498,114.944,226.95,197.801,68.9435,2859.87,11263.1,8960.37,1310.15,28.319,200.892,110.606,211.125,1079.14,222.139,341.489,1540.61,1504.68,1754.35,2429.57,2338.64,1454.46,1272.14,285.61,230.155,811.601,429.339,45.3908,207.572,11.4871,1015.42,8931.29,10944.8,3298.31,85.8265,219.586,218.261,23.479,996.385,591.395,73.3022,1270.54,1811.82,1500.16,2083.88,2200.9,1391.23,1573.25,868.315,85.6286,924.193,969.126,16.5093,388.925,53.9454,355.747,5808.89,11038.4,5667.19,442.181,188.377,181.899,14.5165,633.513,747.305,10.1454,779.154,1467.11,1271.89,1956.52,2559.05,1995.78,1171.91,1046.37,24.3074,428.478,1038,121.805,288.182,48.0636,16.9562,2672.59,9641.8,8826.69,1382.85,56.2598,208.169,183.974,329.782,730.135,140.991,293.877,1568.94,1126.78,1816.36,2245.01,1902.31,1330.59,1051.64,248.236,150.747,1109.22,453.887,42.1309,155.721,10.1402,1136.06,6646.59,10013.7,3525.42,86.8817,249.94,293.521,77.5786,854.301,449.225,123.495,1502.35,1328.4,1013.78,1807.79,2005.08,1571.84,1348.67,467.871,63.1059,899.885,664.294,5.80595,177.533,35.6044,360.51,3972.95,9619.89,5484.21,249.249,113.613,238.986,7.01546,373.459,435.644,13.8985,693.839,1302.56,1094.53,1596.12,1857.25,1526.9,1204.28,690.207,25.1112,520.405,851.221,86.1829,119.35,76.0332,64.7015,1814.17,7876.95,7164.99,1093.81,51.1875,348.699,70.9517,161.058,530.121,133.702,323.115,1131.46,1217.97,1151.87,1314.26,1421.02
7.430385488,932.449,1453.78,1906.37,1581.91,1104.56,686.392,134.405,433.485,522.236,114.232,188.039,161.452,84.9671,2281.96,9478.34,7467.21,1177.53,56.9354,96.0603,64.6302,168.851,888.144,251.706,309.412,1125.59,917.362,1311.09,2324.52,1947.78,847.496,877.263,318.138,226.52,517.49,346.817,56.6808,141.735,0.488263,900.182,7754.05,8885.53,2790.99,218.753,125.056,128.46,52.7973,838.273,509.474,143.95,973.506,1255.63,954.77,1923.25,1975.71,818.487,1071.98,820.137,197.127,649.069,842.978,146.412,322.267,25.6578,360.427,4961.82,8869.95,4686.64,623.729,153.189,71.8463,18.535,535.347,604.858,78.563,591.443,995.837,742.62,1670.23,2446.28,1542.95,609.126,877.629,106.312,264.717,826.171,223.588,285.764,18.4064,16.7652,2331.58,7619.25,7568.84,1545.11,64.595,114.418,224.439,373.211,503.976,108.771,309.069,1251.73,565.952,1517.19,2140.01,1499.04,798.678,707.764,210.211,164.166,893.39,400.454,40.6714,67.0642,34.7629,987.102,5101.97,8310.59,3376.8,209.921,125.262,256.601,152.937,656.876,367.394,231.551,1257.26,871.162,617.007,1720.98,1762.89,1015.03,926.62,389.336,118.157,696.044,549.249,18.3204,95.957,26.529,326.216,2955.09,7911.09,5019.03,371.322,48.406,163.619,11.78,249.787,278.228,68.6524,586.823,886.496,654.81,1399.8,1731.46,1066.97,768.311,487.744,82.0412,429.32,642.912,68.3469,72.3964,44.8606,53.6125,1304.26,6450.82,6169.53,1012.09,79.0277,261.172,59.8135,108.062,361.412,168.471,312.598,764.159,816.158,866.567,1202.63,1105.02
8.916462585,431.496,1020.91,1459.12,979.044,587.305,420.862,242.084,345.442,292.817,148.099,183.102,159.168,84.0532,1794.87,7143.26,5618.84,1048.41,87.8676,34.8685,44.7085,193.329,689.771,298.353,280.223,732.098,435.859,818.573,1898.05,1391.91,370.227,520.589,374.619,227.577,274.714,288.618,122.084,114.443,0.654071,912.498,6185.87,6325.04,2196.17,337.647,61.6127,67.273,141.909,676.003,442.223,204.541,689.44,745.111,459.764,1518.03,1528.67,362.902,628.465,756.921,292.667,394.932,695.978,334.152,272.501,20.6137,415.922,3929.74,6226.8,3480.89,794.821,126.743,15.6736,68.2653,470.364,474.42,149.642,429.211,579.185,314.648,1214.68,1998.3,1053.87,208.383,704.621,220.437,135.877,613.076,412.064,304.211,55.6833,63.6247,2014.26,5205.25,5822.94,1746.75,78.7418,98.4134,308.447,454.517,319.46,83.6946,379.464,918.962,171.99,1111.51,1731.42,998.462,364.902,413.508,187.61,190.146,668.804,391.219,63.5809,18.8036,71.0043,857.636,3436.54,6090.75,3085.04,309.377,48.9771,230.17,265.052,457.673,282.952,343.932,968.407,497.557,292.687,1410.38,1324.89,512.148,543.96,321.786,169.787,496.918,456.53,73.3109,45.319,28.1058,319.447,1959.32,5768.5,4289.08,521.425,11.6493,114.766,67.7206,152.436,152.782,148.47,488.357,511.555,289.481,1048.71,1380.46,607.098,401.302,311.937,140.397,349.298,447.381,91.465,48.7529,38.5172,56.9682,907.358,4736.52,4824.67,930.151,88.5223,192.133,86.9331,76.9856,218.587,223.445,306.868,430.964,450.898,524.967,931.857,721.305
10.402539683,123.395,599.996,920.464,479.46,245.554,221.492,288.379,262.273,138.114,164.72,188.483,164.043,48.6206,1394.48,4822.74,3823.89,852.681,93.7745,9.30315,34.7876,225.441,519.018,302.42,222.252,428.156,149.462,429.352,1298.52,848.224,106.151,265.159,389.403,199.982,120.013,232.759,188.063,115.025,1.51238,935.403,4539.5,3923.21,1555.78,366.922,28.9538,34.1899,218.508,527.307,370.6,197.132,457.228,379.615,146.474,1012.14,1007.64,118.636,328.448,650.757,307.925,205.275,543.783,469.893,246.025,21.4858,452.455,2856.14,3794.04,2276.25,824.768,111.346,3.46915,116.731,420.696,363.563,163.534,295.301,290.742,76.1638,742.776,1373.17,658.33,32.4041,543.485,289.204,51.3207,441.436,572.839,339.703,116.069,133.327,1656.03,3017.55,3996.55,1795.73,109.635,137.199,392.024,507.235,204.68,52.2138,430.043,634.688,11.6967,723.975,1166.4,552.569,108.918,210.32,152.769,182.457,476.113,381.24,83.8722,3.36119,91.4837,684.756,2013.02,3927.82,2594.17,346.503,19.73,208.046,334.433,294.028,194.239,379.727,687.944,267.286,121.253,984.536,839.037,181.835,269.335,248.196,169.713,332.59,374.769,122.681,22.5897,25.5166,281.978,1147.99,3743.65,3375.61,607.783,0.101787,92.4599,121.973,85.7767,72.0084,192.633,387.163,249.063,77.1225,664.841,925.414,271.775,164.516,180.402,151.676,271.16,294.243,109.783,38.4518,38.883,45.8247,623.69,3140.19,3419.04,802.593,65.0815,146.53,113.708,52.3882,123.234,251.255,270.957,196.236,196.722,236.374,597.247,385.485
11.888616780,9.73821,299.422,455.651,173.328,80.2029,97.0231,238.272,184.808,56.4134,136.296,184.076,151.766,8.60969,1017.25,2937.99,2350.51,573.797,75.422,2.91066,28.2277,211.097,395.263,235.82,131.448,234.095,39.9996,217.776,715.742,448.077,25.3211,125.452,324.978,141.865,45.3598,170.573,209.302,126.506,10.9626,860.78,3057.2,2120.93,925.333,297.065,20.5,25.2353,226.381,403.86,277.953,119.884,283.518,177.698,36.8617,559.098,561.026,61.6262,178.743,495.305,235.81,88.4585,407.13,475.275,244.119,19.8019,429.253,1850.64,2015.77,1253.18,666.894,116.325,10.9815,133.145,362.881,268.704,109.002,182.422,136.214,11.3037,381.861,766.98,414.309,25.3549,407.58,270.283,8.36773,333.038,605.651,389.289,149.497,213.488,1204.48,1448.17,2439.52,1564.25,177.939,182.729,437.565,487.959,149.306,23.7694,397.939,435.786,25.4733,441.602,627.495,256.677,15.1638,97.8821,95.217,125.229,335.237,328.961,91.0284,2.34711,94.3024,445.524,1008.38,2244.82,1908.45,334.943,15.4116,191.372,310.474,184.602,109.624,307.006,454.357,161.432,93.806,575.186,443.567,39.3264,115.749,161.082,111.302,211.911,290.992,133.571,17.5265,20.0291,191.016,572.337,2208.35,2380.89,586.981,6.48369,94.3331,131.094,47.1975,31.7875,171.522,277.3,108.198,11.4179,357.191,505.795,104.322,52.223,91.8119,105.786,188.568,190.899,92.7083,33.096,34.2625,18.8451,404.569,1910,2185.97,610.153,24.194,122.882,108.874,28.1111,74.78,225.654,195.875,70.0953,64.5145,67.5883,301.126,168.98
13.374693878,12.8847,143.99,184.557,40.3596,17.7209,29.1466,144.634,119.288,15.4658,87.3455,162.051,114.251,12.9173,678.494,1594.07,1290.96,308.261,50.2944,2.09651,26.5764,157.052,291.803,140.939,46.9353,113.976,29.4256,141.176,323.982,218.576,26.2573,64.4841,211.228,88.2943,13.9511,105.581,194.34,121.109,43.139,701.286,1866.76,979.342,431.972,187.652,23.8144,26.2081,188.735,282.032,180.656,38.9438,148.437,91.3574,44.0626,273.56,274.874,80.6117,124.202,314.588,144.258,27.5686,283.151,385.002,232.879,29.5393,367.926,1031.13,920.677,537.623,419.891,128.281,20.1979,128.485,280.445,181.898,42.6347,88.1866,66.0981,29.1881,176.7,357.208,267.503,86.9131,284.775,206.846,2.20237,256.248,524.09,412.902,154.651,281.723,737.386,528.885,1318.23,1138.39,264.582,198.796,433.567,401.723,119.781,18.9641,300.931,298.521,98.7318,265.867,276.176,107.387,5.51819,40.0785,38.2871,59.9471,224.914,238.082,92.6737,3.24646,87.7937,218.421,411.835,1128.67,1195.81,305.26,18.8928,172.339,225.472,109.656,47.6317,186.586,262.722,127.486,117.965,295.061,208.892,11.2392,43.2064,76.7911,45.1239,124.154,197.346,120.384,14.981,19.4102,92.4667,229.752,1199.33,1465.17,491.84,28.2343,99.2379,107.57,24.5213,13.2948,120.74,163.914,47.5973,19.8052,177.095,233.094,51.9747,13.0658,34.2017,47.281,110.959,115.358,57.2691,27.5055,23.3742,3.1495,241.567,1064.46,1240.1,414.476,0.602239,100.569,82.0645,11.2684,48.8082,167.834,109.384,14.9633,13.5352,13.2497,125.786,67.8986
14.860770975,45.428,71.9049,73.2724,4.07925,3.32006,9.36535,67.2314,62.7973,1.62988,55.1498,113.406,70.0069,49.2238,426.193,739.361,633.412,136.884,25.9673,3.06828,19.3815,109.097,187.598,63.0942,6.28639,50.3662,45.2608,106.3,129.167,103.563,34.1864,51.1877,110.113,50.5768,2.43404,58.6858,158.158,91.4722,81.7758,510.208,1021.65,378.76,155.091,88.7413,26.0271,21.6603,147.392,167.711,92.3774,2.49355,64.4197,66.0675,62.4399,131.22,125.841,86.2621,110.73,169.72,73.9953,6.18816,180.159,271.546,176.071,61.7345,283.538,486.198,339.354,161.7,208.074,112.804,31.9422,105.438,200.223,97.9357,6.34337,32.247,41.1236,48.8749,75.8325,149.279,160.504,136.005,193.029,137.753,25.1651,176.489,415.967,346.766,168.681,278.276,385.167,110.449,631.668,706.515,294.572,199.938,358.599,303.78,88.0025,35.918,192.348,210.804,139.271,152.998,108.827,41.7126,17.5296,18.2483,8.54248,19.9909,124.713,158.857,76.4601,10.4354,64.051,78.4134,133.672,480.787,646.948,249.893,38.2248,125.111,146.939,55.3748,12.1936,85.1356,132.131,113.419,111.826,143.406,97.6186,19.0186,20.3812,24.7659,7.52069,56.4635,117.944,96.704,9.43012,19.0845,29.4364,78.5447,601.518,781.026,357.513,61.7267,80.9079,83.8975,11.5389,5.7162,68.9054,80.321,30.089,33.5752,87.471,98.6705,41.279,8.99723,7.72094,13.6204,47.0241,60.8212,31.8113,14.677,10.626,5.70677,142.888,532.044,611.943,269.115,9.61721,62.7716,55.3835,6.39515,36.0894,98.9162,49.816,2.44153,1.53025,10.5609,52.1207,29.0512
16.346848073,55.4526,32.209,36.455,1.13542,2.80978,10.0016,28.7069,27.4326,4.28225,32.0481,58.6359,45.8878,73.6665,243.696,279.751,284.399,51.2576,11.5533,4.69954,15.1796,59.93,104.756,27.6996,1.73428,23.4637,42.341,73.2649,44.6341,49.0045,25.189,44.9171,51.5892,33.1509,4.1633,30.0007,101.468,68.8892,94.0487,318.923,501.248,142.638,39.101,26.7296,24.5713,22.579,98.263,77.0147,43.3363,2.61636,27.9997,50.6936,52.936,62.247,55.5025,60.9139,86.8344,85.7762,38.3621,14.646,106.781,150.088,117.992,86.2579,184.332,187.991,97.8102,24.9336,76.8957,75.1308,45.5749,69.231,122.277,48.8994,0.485915,10.9839,26.6791,43.3633,27.0985,57.457,85.1036,125.741,131.134,86.742,53.0186,115.458,281.594,243.289,171.535,203.583,171.896,2.00735,285.229,367.646,243.368,191.731,244.853,199.409,66.6951,54.1198,111.505,147.793,115.777,80.0923,41.0637,13.9519,19.9834,11.6869,1.81512,9.26751,60.5795,87.7576,50.009,23.8384,34.3861,16.7203,40.17,173.506,300.781,174.09,62.5559,74.9151,75.61,28.1461,4.37845,30.6338,60.0373,81.889,72.2839,65.7378,48.629,20.8378,15.2467,6.19785,0.20778,22.224,55.3836,65.1825,9.3674,17.7447,3.15462,28.2758,294.597,353.053,219.269,81.8186,60.8152,54.1529,7.52228,4.52928,34.9952,36.9511,20.6662,28.5047,42.47,39.6964,34.1815,10.5729,1.25936,5.28211,14.6621,26.937,11.1482,3.53577,4.7566,11.7231,81.451,237.952,259.227,164.117,31.9014,33.6545,29.4692,7.77254,29.6571,47.3992,22.9053,4.14925,0.557177,13.0806,25.6023,13.3317
17.832925170,41.3273,9.81925,27.8856,2.13374,1.10374,7.4194,14.8226,9.00894,13.1889,15.932,25.3596,33.621,62.6911,125.293,75.6236,123.807,19.4832,4.8097,2.88223,16.0675,25.195,55.2541,14.9887,6.85001,10.973,22.5865,43.0659,11.6378,22.716,9.65243,27.6399,23.0515,24.7246,7.84787,18.5718,52.4409,54.7711,67.3305,167.943,222.334,80.9815,7.27305,3.35174,17.608,21.7751,59.9197,23.0617,24.7735,8.01342,16.6329,29.2158,26.388,28.1262,24.0329,26.8709,47.1774,43.2452,22.7443,24.8447,61.4439,61.681,77.0966,75.3686,96.2546,58.3431,23.4091,0.71056,22.4477,34.0855,47.3931,39.3695,60.101,30.7446,2.24383,6.05532,11.778,24.4508,5.6397,20.4273,39.2652,74.9601,81.3537,55.268,57.5139,74.1222,157.366,154.293,134.926,107.923,71.7158,17.4422,136.441,160.311,143.816,152.337,146.924,109.178,51.1707,52.8378,63.219,90.366,60.4004,38.1657,16.089,2.26427,11.5281,6.78899,2.42331,7.29599,29.3045,36.8297,29.9324,29.4005,12.4702,3.58786,18.8438,55.3057,121.671,95.8123,66.1003,41.3088,27.9011,21.0002,5.93135,11.2763,22.3653,41.2382,30.6307,27.3153,25.2017,11.2042,9.10178,2.48716,1.5605,11.1211,17.7802,43.5055,8.31103,14.0479,1.06431,15.0098,147.869,131.419,113.187,66.2652,49.9824,27.1351,9.65742,4.54442,17.206,16.8668,8.52687,13.5096,19.8728,15.1961,22.9642,6.79872,1.46513,3.30696,4.08498,10.9302,1.08623,1.02055,4.55369,10.8563,41.7956,96.222,94.1864,89.3103,39.5374,20.4477,12.0705,10.1715,24.6813,19.4824,11.9752,3.82875,0.926738,8.66007,18.6999,5.59166
19.319002268,25.338,2.82319,26.5409,4.52524,0.145787,2.74441,7.39903,2.62796,16.9354,6.33179,15.5724,16.7635,30.8125,61.8074,9.57876,57.2202,10.1059,1.30577,0.80015,9.80851,10.1893,34.5256,4.42141,13.0039,4.1308,8.21518,24.1309,1.11852,9.08484,2.51297,14.2312,6.21696,22.5122,5.41886,12.0729,30.4519,32.6872,24.356,74.9153,91.0536,71.3228,4.84126,0.382659,9.75531,8.7709,39.1028,4.95631,13.2057,7.35384,13.1075,11.6231,6.87418,10.5756,9.3174,7.92085,17.136,19.757,15.367,20.4458,34.4322,23.2311,38.9239,38.6403,39.5606,17.5974,7.10965,2.3865,10.6031,9.02335,28.6897,18.573,28.5042,19.9844,2.46721,4.79943,3.06497,11.7203,0.517516,4.39057,14.9994,32.4828,41.3257,34.1243,40.5399,37.717,84.078,80.2302,70.9111,43.6702,33.1149,44.9372,71.1889,62.0123,60.5983,78.4732,80.0028,56.2917,26.5012,38.9818,32.8476,43.6115,20.9318,16.7589,4.80336,0.214559,5.00546,3.21683,3.5147,4.56634,12.0733,16.0711,16.3404,17.6871,3.01869,7.28455,10.8922,18.6551,45.7371,37.7437,42.3672,19.4563,10.3991,15.1683,7.27929,7.3034,4.17822,15.1059,8.59913,8.35832,10.6489,2.9034,3.93306,2.20374,1.56507,5.71337,5.13182,31.5472,1.39118,11.1806,3.61566,9.06644,79.0255,39.118,50.8469,28.2786,38.4643,14.2077,9.12888,4.3917,8.34488,5.79184,1.8907,4.61159,7.91094,4.36788,15.0676,2.42257,4.4622,1.48459,1.60974,7.8469,0.104291,1.48532,3.88007,4.52066,18.8611,39.3071,33.1109,41.2206,25.9858,12.8879,6.62466,5.97763,21.9698,6.92508,4.76544,2.16361,2.05434,3.89561,18.6244,4.49116
20.805079365,14.7593,8.66202,29.513,8.62689,1.02312,0.629314,4.34987,0.0724282,15.9369,1.54799,10.5038,6.35452,11.1812,33.2587,4.09025,29.7987,7.32093,0.213244,2.29569,3.76997,3.58653,27.2608,0.803053,14.1391,1.6482,3.75155,16.0838,7.07711,4.88838,1.68621,13.1565,0.963891,19.0498,2.91177,9.29688,16.7102,17.9405,4.161,22.7607,30.5959,71.1254,6.04441,0.531094,9.58621,6.44312,21.7049,0.760979,8.33784,2.24695,10.0507,4.14867,0.134841,3.46571,3.56577,4.81997,5.81823,9.247,6.65704,10.3387,20.1948,6.92491,11.458,13.3124,12.0354,8.89582,3.44635,2.09955,9.31834,0.816924,13.409,4.52245,9.85969,17.0877,0.817639,2.24007,1.01524,7.30354,6.00358,0.0791868,3.71167,13.8087,18.6658,12.4532,21.0441,19.9924,37.593,30.2635,33.755,14.887,10.6093,59.9096,32.5262,21.348,21.6238,28.2243,30.2695,24.3893,11.1453,21.2728,10.7249,17.6083,6.68808,7.41201,0.321597,4.56355,2.87645,2.09747,2.12447,2.36023,5.13503,7.19417,7.11228,6.35322,1.3135,11.5401,3.76489,8.67583,19.4305,8.2241,19.7874,5.52861,3.84486,10.6281,5.91962,5.86693,0.276146,6.03694,1.78957,1.54384,2.26185,0.278464,2.72014,1.67031,0.188847,4.79806,3.48936,17.0936,2.63599,15.639,1.31893,3.58489,51.3648,8.27793,18.0152,4.03413,28.7701,6.14741,9.52247,4.52493,2.53136,1.53569,0.616686,2.5015,2.68325,1.58434,11.6065,1.44841,8.46574,2.61846,4.61426,9.50505,2.26886,2.28159,2.77147,0.718424,9.20737,23.7281,19.5788,14.5591,9.6783,7.33283,4.7962,1.85689,17.2293,1.65288,1.38708,1.06765,3.11445,1.74449,24.0874,12.7423
22.291156463,4.87162,25.6121,49.5175,10.2373,0.734096,0.811113,4.69616,2.44902,12.264,0.672893,8.41722,9.01198,8.75944,21.1299,20.8476,25.0111,3.25779,2.74643,3.06642,4.07701,9.37384,18.9359,2.11344,17.4387,4.31756,3.292,10.8721,23.7748,13.5135,7.78695,25.2425,4.92761,13.019,1.39031,6.29574,19.3943,21.0794,16.37,0.29568,6.78758,90.4389,10.4177,6.50578,22.9127,17.4259,9.86712,0.680432,2.72434,0.509578,10.9375,3.03023,4.01687,4.82004,2.98074,5.99338,5.81509,8.36777,0.769715,2.6337,12.6248,2.50645,2.99445,4.27063,3.52498,11.829,2.798,1.75001,5.0464,1.31481,10.6945,2.6251,2.5271,10.0671,0.492351,2.983,2.10282,9.10743,22.9534,8.36899,1.7807,4.94504,11.2314,6.03771,6.7064,6.6069,11.9593,31.391,33.9473,3.35112,2.98691,88.8961,22.7947,18.4444,4.39954,15.7069,15.1406,4.12583,1.25865,7.33166,3.52785,8.55455,2.88863,3.53436,2.80855,15.1686,3.83575,1.71941,1.54403,0.920624,1.47667,7.07151,5.25694,2.09619,0.731575,10.0696,5.09135,9.66061,19.2449,5.1174,8.61992,1.39263,1.95798,7.73627,6.09826,3.08496,3.936,7.25801,2.22553,4.37781,0.208383,2.54045,2.71169,1.70073,0.0420525,3.89058,6.65836,6.19888,11.2602,35.2479,4.49743,3.55263,60.474,1.36145,4.41896,3.66467,29.6868,5.9537,8.66958,4.94225,0.520695,1.59555,1.58512,2.07926,1.97428,3.24512,7.40966,6.73446,17.348,8.54349,10.2487,11.6099,6.89438,4.63625,0.99317,0.197982,6.08276,32.7324,26.6296,2.90831,1.47562,5.34215,4.17609,1.31537,12.156,0.386661,1.13023,2.11587,3.3022,3.82476,46.8714,34.265
23.777233560,0.347187,57.6248,96.5949,16.9315,0.703154,4.02475,12.0094,14.9117,8.42487,1.86796,12.7466,26.2511,18.8744,12.7845,39.0046,37.37,3.19737,16.7955,8.11271,11.112,26.2582,11.5042,5.94219,29.4429,17.6116,6.77732,4.92279,50.7513,45.473,34.6647,49.7823,12.2856,6.28592,5.12198,4.68598,39.6652,52.0605,77.1918,31.3501,28.0194,165.205,64.1329,53.2431,61.302,26.9829,3.7737,5.65901,0.0977027,4.76372,19.4417,14.0235,22.6155,16.3669,6.08747,2.9859,13.737,16.4472,2.19159,7.17727,16.9545,1.71904,2.06397,3.95762,12.4089,27.6362,6.49556,4.72174,2.39484,13.5184,19.6617,6.2403,4.6104,3.38474,3.96576,9.83795,9.38887,26.4051,65.727,39.2501,15.6349,1.98945,13.95,11.1338,1.89751,1.11582,6.82384,58.4843,68.9428,37.1263,62.4228,180.125,83.0012,72.3767,9.56148,25.7066,23.4578,0.810074,2.80791,0.937244,5.35821,9.72726,0.233169,5.5739,17.849,37.897,13.2382,3.19964,3.78965,3.72734,6.04636,17.2106,7.07595,1.47793,0.402783,6.1186,19.6906,23.3446,42.6646,26.287,8.10545,2.08652,2.9423,14.1277,12.5888,0.301169,13.2519,20.6345,12.8189,19.5533,9.04284,14.0244,7.41588,3.20695,0.150199,3.52887,16.9471,4.64035,23.163,83.4098,54.8237,47.2732,120.671,12.6832,21.4024,39.3758,46.4419,12.4782,4.96614,9.01831,4.85528,6.17052,6.47725,3.83078,4.67289,7.41424,3.93344,24.3592,38.2944,21.6938,14.161,12.2242,15.2313,9.16164,0.306834,3.12066,7.69219,64.7202,46.051,0.216357,6.08661,11.4898,6.07223,2.87454,6.76123,5.4083,5.83672,7.79754,10.5487,25.179,100.563,71.6312
25.263310658,13.0951,118.605,182.822,38.8618,6.65905,12.1548,26.5972,40.0648,13.662,6.01151,29.2602,57.5829,38.7161,4.25365,58.8311,71.0057,20.3029,42.1437,22.9459,28.4755,59.2972,11.8462,13.8259,56.8677,46.0321,17.8378,3.90437,94.3185,114.081,94.552,86.326,21.9741,1.92914,15.1417,10.6401,79.6997,118.522,190.834,156.672,155.985,384.849,237.523,168.868,126.065,39.5401,2.8961,17.8671,4.62473,18.0141,40.8051,44.0797,60.181,44.1929,17.2342,1.69292,33.3169,35.906,14.0566,26.7051,34.4413,4.04075,4.84082,10.591,34.355,63.8148,26.575,18.8829,13.2273,41.1172,40.7611,16.6939,14.2211,1.42744,10.6167,22.3961,28.9905,73.28,156.539,113.274,57.3781,15.2403,26.7756,18.4598,1.89069,0.799987,12.9123,90.3272,137.047,149.724,253.11,438.503,299.67,202.53,52.8087,51.6896,40.7569,11.3905,14.3224,3.47671,13.5959,22.4835,3.53337,20.6764,53.1964,78.8831,35.9636,10.4956,10.5878,14.1041,24.3786,42.2845,14.0472,4.84227,2.59624,6.51486,47.7516,62.4644,93.7879,64.3132,18.7375,8.13053,11.8415,38.1413,28.3163,2.6955,30.4774,49.6646,44.3725,56.73,38.6386,41.0618,22.5533,9.33307,1.66239,7.79519,39.702,16.1857,46.0023,157.497,180.969,198.666,294.482,86.1245,96.1449,115.608,79.2641,24.4988,0.725824,18.607,17.4533,16.7224,19.2165,14.2663,16.2869,19.2934,9.0901,58.6542,73.8417,43.5935,15.8943,10.75,29.3582,16.9733,2.91932,9.99842,19.5905,125.183,89.3145,9.89264,23.9933,25.3074,12.5759,5.84142,4.35762,17.907,17.8559,22.6326,35.5159,83.4676,203.579,129.304
26.749387755,49.9589,227.973,329.553,81.5347,18.3283,20.0597,45.9378,85.2926,38.5803,23.9492,59.6645,86.9081,67.3803,3.00563,92.2509,143.865,62.0256,64.2415,40.4999,62.4944,122.658,32.8122,39.6429,95.8536,75.9903,40.2023,16.5475,175.51,235.126,172.918,117.583,40.5367,3.75131,40.9947,44.4986,157.751,195.433,303.071,399.979,512.193,890.957,593.242,323.361,182.384,70.186,17.5237,50.4372,26.663,44.9429,64.8287,82.1262,123.272,106.663,44.3917,14.0907,59.3734,59.8675,39.9679,68.5941,74.2746,14.849,11.4335,16.1274,57.5922,132.319,90.9281,61.8341,46.5919,71.9036,64.0697,40.9703,38.0778,9.35423,26.4424,39.5242,51.484,141.575,320.267,273.072,138.095,45.1878,38.5964,27.3489,5.84558,3.13401,28.8621,142.308,205.352,300.642,610.056,1019.53,812.118,425.366,113.445,71.0668,72.058,44.6198,41.6831,17.6309,30.2566,40.3906,17.9856,50.3386,123.929,154.492,66.2096,18.0943,19.0843,37.2002,69.5161,94.0867,30.1166,10.326,4.85246,9.11341,85.8052,148.317,183.862,103.544,31.3245,20.7821,37.364,92.5372,66.8334,19.0744,55.8924,79.5626,96.6558,133.561,110.447,89.3729,41.5307,17.1034,7.47269,20.0208,86.8721,57.1547,91.3601,218.796,353.868,521.445,694.671,318.255,253.007,196.996,112.18,51.1378,3.96659,41.3177,41.7327,30.7034,34.456,35.9966,46.2246,53.4825,38.218,111.71,108.828,69.3881,22.2097,8.39993,55.2529,29.94,7.51398,16.4032,42.9081,222.401,181.84,44.4506,51.3268,37.0576,23.4225,14.2057,9.31476,42.5892,40.3821,43.8442,73.1287,182.487,380.281,219.236
28.235464853,114.698,388.373,528.949,159.306,36.2886,20.969,65.3866,157.382,97.9755,65.8554,93.7022,101.875,102.096,21.8438,152.473,256.667,132.195,78.5859,49.8874,112.718,222.674,95.9442,96.0705,135.65,91.6807,72.9905,60.4028,302.794,397.771,250.824,130.214,64.2131,22.4529,91.9723,131.113,277.621,251.624,368.468,750.953,1181.87,1753.25,1161.75,480.167,194.935,121.164,68.9873,115.468,74.9355,81.4244,82.0003,117.731,204.637,206.641,100.608,49.1067,87.1759,74.6279,77.1905,141.612,147.731,42.8165,20.2141,14.9313,84.7825,234.598,211.804,148.147,108.192,99.0818,76.3741,77.8822,82.9108,39.0799,56.8884,55.522,64.4634,226.074,553.27,527.693,268.466,90.7832,42.4478,33.8752,18.2879,14.1787,67.3026,209.369,235.987,448.979,1143.36,1969.49,1683.01,781.592,176.96,64.8561,120.572,115.075,91.4717,45.3384,50.2373,58.7588,43.6602,98.3451,229.299,262.651,105.662,20.8712,25.5401,77.1498,155.653,180.786,58.7465,14.6369,5.74259,14.7946,139.457,278.48,303.716,140.997,37.288,38.0889,85.7835,186.978,142.441,59.1102,80.8227,95.8329,165.124,254.613,231.691,158.742,59.8908,21.7778,17.8618,46.8547,166.449,144.869,156.382,230.704,535.699,1043.47,1376.43,790.386,500.958,251.831,127.16,98.3374,30.7348,82.8995,74.716,42.9479,47.7778,67.1432,99.1097,118.243,104.043,179.838,128.221,88.3589,39.4893,15.5077,98.6724,48.8195,9.86503,20.295,84.3581,355.626,324.095,115.535,87.2422,40.7935,33.6025,32.2759,30.1639,84.5504,71.5692,60.8582,113.226,319.979,617.713,350.3
29.721541950,198.15,571.111,746.393,273.019,61.7376,14.1432,84.2204,251.738,197.636,132.888,119.092,97.5811,134.08,67.5524,238.942,396.043,221.728,82.4827,48.0673,172.077,348.41,211.55,184.716,164.042,86.2253,111.043,141.836,460.425,570.131,306.045,118.903,85.7071,62.4215,171.237,278.22,426.166,264.24,370.74,1150.84,2116.24,2899.99,1885.27,605.987,156.423,187.217,165.46,213.158,149.855,118.96,83.6222,141.422,286.471,325.653,187.852,108.905,110.065,72.555,118.093,240.559,255.224,95.7954,31.9777,8.0865,118.447,353.512,374.748,278.271,193.762,113.505,73.1522,120.747,145.855,96.7216,103.679,65.6754,61.9198,318.032,814.996,836.522,438.043,146.147,37.4735,36.044,40.5239,40.943,135.442,281.394,209.026,564.133,1781.57,3158.77,2821.22,1269.98,241.331,37.4883,188.267,220.562,160.768,83.3738,66.9571,70.8479,76.0116,160.022,348.014,384.398,153.958,18.3523,29.9249,134.203,279.353,298.183,103.479,16.8891,4.93262,27.9808,206.567,423.23,431.054,173.835,31.5124,58.6321,158.47,312.749,253.209,124.928,97.7156,91.2107,237.851,402.349,385.129,239.678,73.6783,20.8393,32.1555,90.9963,271.534,279.504,232.242,182.446,693.707,1708.72,2267.11,1480.32,820.295,268.236,116.693,166.225,91.912,140.913,108.747,48.9617,54.4119,101.826,168.731,207.635,203.904,250.881,124.602,93.9202,69.387,43.9631,155.678,76.6388,9.22209,22.1022,146.264,506.454,487.874,217.748,128.381,35.2316,40.3294,61.9025,72.4015,140.301,105.801,65.1968,144.988,475.514,868.537,507.174
31.207619048,278.121,727.734,927.643,401.62,93.1988,5.12166,103.591,350.529,323.233,214.323,127.897,76.3232,154.487,132.299,334.894,531.04,311.05,77.6045,38.1933,226.947,472.621,363.969,290.599,174.341,63.1041,144.924,246.392,613.517,705.377,323.174,88.4587,97.6664,117.186,269.468,460.405,573.798,234.997,322.381,1505.72,3108.19,4094.03,2612.91,683.104,88.9528,254.599,290.565,327.994,237.901,146.518,69.1286,146.449,345.31,430.942,290.885,183.179,122.555,54.6062,153.224,344.255,377.734,172.401,49.5209,2.21314,157.331,458.139,536.731,430.478,286.532,111.537,57.5501,157.949,213.464,174.751,161.076,69.5888,48.1569,399.218,1037.45,1120.65,611.389,199.317,27.5583,34.6423,69.2666,84.3942,224.14,344.962,137.496,628.799,2376.3,4292.64,3971.62,1816.8,314.063,13.5013,265.384,339.312,236.763,121.692,74.484,72.0526,105.569,221.212,445.698,487.87,205.492,14.7564,35.5558,200.989,414.659,423.491,161.815,20.1207,4.35031,51.3745,274.765,537.533,532.803,199.75,17.1968,81.1349,243.336,440.348,377.508,206.634,102.892,69.4508,297.985,539.157,531.429,314.349,81.1017,14.823,48.0958,146.736,380.258,433.397,305.209,98.8794,805.726,2367.52,3163.45,2240.25,1150.62,256.232,91.0516,243.687,182.046,204.027,133.903,46.9801,51.6788,131.282,238.606,300.461,314.561,308.126,101.87,85.7006,108.211,95.5914,214.578,111.354,8.83928,25.5496,221.955,639.228,624.643,327.195,167.772,24.6375,44.218,99.6222,129.976,197.894,135.472,54.8005,160.928,611.723,1064.92,653.995
32.693696145,330.688,804.639,1022.09,506.969,125.848,1.78435,124.631,427.071,441.945,290.083,118.701,47.7018,156.993,197.293,410.243,623.785,376.885,68.6951,26.3829,263.839,560.933,509.144,389.242,165.757,34.6028,163.296,346.742,714.975,761.449,301.581,51.4662,94.535,171.44,366.734,622.315,683.902,186.18,258.096,1715.09,3873.9,4992.73,3151.02,713.836,29.6323,302.902,410.924,431.581,311.423,158.25,43.8085,134.565,359.47,491.175,379.819,249.982,124.537,29.1574,174.341,419.922,487.177,255.421,72.7509,5.54669,197.059,513.294,645.065,567.102,357.707,99.6574,36.5389,180.024,263.514,254.545,215.445,70.0032,32.72,451.95,1150.38,1290.92,742.129,234.472,19.5695,32.2225,97.288,135.395,312.053,383.367,60.537,639.235,2762.66,5018.64,4794.27,2297.22,398.526,17.5022,332.742,442.188,294.887,148.747,70.507,62.0236,122.952,260.537,494.533,535.836,251.858,16.499,46.5945,258.32,526.226,522.124,220.367,29.1985,7.77064,82.8554,322.807,585.197,574.148,218.453,3.50391,103.534,314.607,535.015,478.649,280.932,100.199,42.4263,330.408,619.637,628.419,359.358,83.5985,6.73364,63.435,198.442,461.971,564.341,355.585,26.1344,861.795,2837.64,3786.79,2853.62,1406.68,238.623,67.3307,314.667,278.12,252.587,144.751,36.9948,41.9334,145.603,289.67,365.933,401.99,336.597,72.1646,68.6138,147.273,158.845,258.604,146.454,12.9534,34.8611,292.765,718.076,684.272,410.259,197.672,16.0493,46.1324,137.034,188.828,238.326,154.192,34.4484,161.651,685.515,1148.31,745.643
34.179773243,338.877,769.487,1006.1,547.385,153.724,10.4062,144.394,456.231,518.304,334.716,99.4594,22.9704,139.692,240.946,437.686,640.773,406.481,58.4161,18.3017,275.268,586.012,592.895,454.84,145.73,13.6588,157.062,415.36,728.207,715.515,258.762,21.4749,73.1482,213.077,435.911,698.277,735.943,144.051,210.361,1716.12,4177.39,5290.81,3338.09,717.212,7.69147,312.326,493.257,489.244,344.194,153.752,18.8319,108.795,327.922,481.139,430.228,282.031,120.264,7.66091,180.24,433.684,559.307,318.997,94.7766,22.58,231.577,496.384,660.058,653.055,377.058,88.3205,19.7858,184.243,270.906,319.565,247.925,68.9021,24.8351,469.21,1107.04,1292.85,790.735,239.021,18.619,32.3297,116.846,174.01,377.087,385.313,15.721,604.046,2831.56,5076.74,5025.58,2565.3,492.636,57.407,368.646,500.928,314.307,154.168,58.3863,45.0716,122.626,260.876,483.914,504.931,282.245,30.4909,64.0022,280.844,588.096,560.058,257.288,49.8741,20.2101,111.799,331.507,555.137,534.745,229.985,1.33644,120.706,347.062,567.2,523.883,320.072,96.9562,25.3903,325.826,613.481,647.639,358.1,82.4899,1.467,75.7255,228.541,486.935,636.265,366.501,0.171352,866.138,2978.66,3909.96,3125.43,1513.98,232.672,60.8141,362.318,350.219,265.657,142.953,21.5071,30.45,137.718,312.448,372.112,442.85,325.854,49.1563,49.6742,178.156,210.623,273.668,172.519,24.5207,50.456,335.741,720.21,641.861,437.748,212.143,14.8245,46.9211,163.122,231.186,246.888,156.153,15.0488,154.999,665.112,1096.71,749.302
35.665850340,303.385,627.86,889.676,503.493,168.305,33.6428,155.047,425.964,532.325,327.185,82.1835,10.4714,106.626,249.259,404.275,573.119,399.556,47.5372,16.4213,264.244,531.88,590.519,461.191,127.245,6.07939,129.689,428.04,652.098,574.599,220.916,5.11672,40.6527,236.906,448.699,660.558,718.583,128.504,188.093,1527.91,3897.73,4911.45,3086.01,721.144,28.9756,275.663,515.01,480.34,322.155,139.19,3.48593,74.5654,267.566,396.786,432.259,263.033,112.612,2.74653,171.308,375.9,579.429,337.515,109.382,52.9412,246,415.924,573.465,662.619,340.695,78.5022,17.4689,172.689,227.93,356.249,245.534,65.8761,33.7046,444.279,918.81,1129.47,735.818,217.006,22.3188,35.4962,125.663,180.722,402.164,353.657,13.8077,545.429,2567.95,4427.31,4607.79,2508.58,585.372,122.403,355.846,500.572,288.388,135.536,44.1341,29.7092,102.232,226.12,412.438,410.378,280.848,58.7694,83.644,258.788,580.901,530.156,251.56,84.2112,44.8203,122.733,300.466,455.479,429.646,229.78,14.9112,126.024,332.801,520.052,503.183,305.197,98.1565,29.6457,283.129,524.329,583.295,310.086,78.9061,2.70709,79.7917,229.485,440.923,630.542,336.397,23.695,837.258,2739.84,3484.27,2965.36,1436.71,244.373,78.1698,368.322,376.766,237.079,129.252,8.58423,20.6446,111.571,304.051,311.139,429.565,277.753,38.3623,39.3397,191.026,228.048,258.415,176.908,43.5296,69.6406,332.603,647.33,508.915,401.9,207.177,21.1867,47.5605,170.517,239.259,224.122,137.19,7.95105,148.215,552.659,928.51,662.758
37.151927438,236.88,427.943,704.685,393.727,161.381,66.5425,149.359,345.888,481.737,269.394,72.0985,12.204,68.0744,221.343,318.921,443.775,364.347,36.4211,21.146,235.058,414.105,505.134,404.925,115.515,11.7712,90.9122,383.099,510.72,385.228,201.238,3.80858,12.5252,240.117,398.25,526.366,638.722,137.555,185.251,1212.63,3133.89,3985.2,2469.9,722.366,76.7786,207.452,469.289,409.816,252.668,121.718,0.244263,43.3743,194.559,270.969,383.2,203.507,100.192,20.7489,148.959,269.644,542.726,305.064,110.526,87.3593,232.275,297.493,420.172,589.963,267.692,66.9465,33.9105,148.889,152.912,354.531,211.726,58.2694,59.6945,378.91,647.594,857.399,592.006,178.653,25.4882,42.0547,120.841,152.936,379.126,304.162,36.7554,487.876,2047.16,3297.71,3679.08,2135.93,644.459,184.12,299.476,439.4,230.559,99.0707,34.8903,21.5228,69.3287,168.795,304.055,282.453,245.849,92.7098,98.4507,199.23,509.656,444.112,203.45,124.584,78.5579,110,239.982,320.567,292.849,215.879,37.1422,118.902,274.607,411.699,421.564,243.685,101.255,54.0895,214.782,382.782,459.221,229.556,73.5918,9.12953,74.8663,200.134,340.162,548.962,280.606,69.9025,788.292,2193.06,2660.07,2425.75,1204.48,259.102,108.179,332.188,348.006,178.398,106.193,5.81197,13.0155,81.8851,265.718,208.507,367.04,210.935,34.9876,42.6453,180.489,204.833,216.066,157.778,63.7694,84.7243,284.545,518.471,333.933,315.518,185.359,29.2001,49.1038,155.245,211.582,176.306,104.321,15.8184,142.775,385.897,693.626,515.049
38.638004535,161.022,233.14,497.633,259.361,131.611,98.6653,123.607,244.844,381.499,184.315,68.1113,22.2595,34.3806,170.77,209.287,296.073,311.225,26.9408,29.8926,192.674,271.016,366.721,306.744,107.832,23.0439,53.6088,298.582,347.354,207.404,195.012,15.6441,1.55727,225.348,300.276,348.423,518.801,152.945,179.874,858.53,2142.61,2801.99,1685.04,693.242,123.184,131.056,373.743,301.717,162.011,106.045,5.38808,22.6401,126.701,146.828,297.061,129.571,82.3512,55.2022,117.76,156.105,459.062,236.125,96.028,112.726,191.208,177.424,253.112,458.713,185.608,51.5764,62.3142,119.442,76.7739,316.233,160.613,45.5667,90.9099,287.153,375.307,559.289,404.832,135.167,23.9423,48.8935,104.757,101.633,317.134,251.055,57.5023,436.133,1419.89,2052.35,2527.94,1563.93,635.99,214.658,216.542,337.879,162.689,58.126,34.8502,21.3554,35.6843,107.084,191.506,158.714,186.876,117.895,102.136,123.25,398.506,330.533,131.339,157.639,112.659,79.0037,169.37,190.555,165.974,187.254,56.0502,101.122,191.837,277.265,305.331,159.247,101.203,84.9774,139.447,235.469,313.458,141.735,65.2936,16.5756,62.7676,150.272,217.771,418.833,218.062,103.997,715.028,1508.67,1705.82,1685.09,890.913,253.593,131.293,266.741,273.667,111.297,78.7775,15.1553,7.69166,61.6911,207.907,103.308,276.412,146.763,30.9154,55.3545,150.44,150.03,159.194,120.69,77.1681,88.2599,207.437,368.423,172.952,208.604,153.082,31.9728,49.682,122.74,157.733,119.568,66.9152,33.3027,135.03,217.313,454.912,350.309
40.124081633,95.3528,93.9458,310.78,142.567,88.395,117.458,84.1034,150.589,262.473,102.263,63.8195,32.3208,11.7626,116.804,111.131,168.717,252.791,20.5077,36.9772,145.528,140.674,221.815,199.211,96.055,31.4286,25.5917,205.392,205.739,82.508,189.022,35.9358,10.5587,198.007,187.117,187.348,386.625,153.186,152.875,538.685,1217.24,1688.23,947.653,606.218,145.289,67.1646,261.272,189.097,80.0881,93.0986,12.5643,14.1044,74.2108,58.5865,199.569,67.2526,61.7205,89.5342,84.5574,72.5384,350.248,156.519,69.8192,118.898,133.108,84.8443,120.858,308.032,118.732,33.3125,88.4985,90.6447,27.5164,253.504,109.781,30.4122,110.035,189.439,168.668,307.803,227.779,95.8802,16.6266,52.0505,81.1703,48.1749,237.435,200.182,58.8995,375.385,847.067,1028.54,1460.13,966.415,541.223,204.803,128.084,226.764,106.21,25.3672,43.2901,25.7008,11.6476,56.8833,101.282,68.0341,120.294,122.501,92.2596,56.4037,277.48,223.09,61.562,171.071,136.012,43.0131,107.445,96.268,77.7467,145.913,61.8887,76.5758,110.19,154.539,187.98,81.0694,92.8997,104.932,74.1298,121.11,185.148,68.4863,52.9781,20.509,47.2965,95.3264,108.966,280.088,161.421,103.992,608.315,870.299,889.207,964.877,577.005,213.199,131.972,189.646,180.684,56.4189,51.6379,32.2723,5.90194,55.7963,143.94,29.2608,186.886,97.0848,21.8456,67.2034,110.91,86.0209,100.988,77.9191,77.178,78.1071,125.125,230.607,65.4537,114.23,116.716,26.5011,46.4828,83.0148,97.2683,68.6313,34.2871,50.387,119.624,90.2368,261.613,209.055
41.610158730,49.3034,25.0816,172.079,67.3963,46.2923,113.863,45.0098,79.1237,158.38,44.3455,52.438,37.2552,1.35857,73.6859,48.216,85.5462,198.215,16.6865,36.7131,100.985,50.8754,109.685,108.471,74.7964,32.8442,8.75805,127.841,112.811,21.788,172.024,57.3867,29.751,166.459,92.6721,79.3342,269.596,124.864,102.554,291.744,557.544,870.006,407.071,458.448,135.708,26.9134,161.672,101.035,26.64,80.2647,16.6957,13.9762,39.974,16.3108,116.012,31.7446,42.4352,106.466,56.5143,33.8215,242.522,90.222,40.1721,103.507,75.0398,30.1371,45.2467,178.273,75.8299,16.3256,99.1546,67.8889,14.4771,183.505,73.0527,16.595,105.324,105.431,52.1622,140.857,100.049,63.1012,6.6565,49.5055,54.8914,12.8298,159.014,157.381,38.9239,290.423,430.386,400.54,686.866,485.506,377.638,161.431,58.449,129.867,71.199,10.1446,53.8786,28.931,1.11924,26.3277,44.4461,18.7642,63.7652,103.393,71.2012,16.0209,173.651,141.824,17.0488,159.818,139.876,16.9044,64.794,46.9403,33.9632,100.145,50.8729,50.6547,49.8497,67.7657,96.1963,29.4821,74.5142,102.903,30.2469,54.0258,96.6126,22.2465,37.165,18.621,32.154,48.6315,37.7824,166.126,113.676,72.6835,467.584,402.85,362.209,434.209,317.524,144.452,106.1,118.256,98.3998,23.9937,29.7738,47.7003,9.12923,58.1497,87.4247,0.935584,117.954,62.8999,10.7427,68.5854,72.8296,36.089,51.8147,41.5409,63.4601,56.1863,61.1097,126.156,17.9203,53.464,80.8614,15.2953,38.5042,46.5972,47.8591,32.6168,12.9594,56.9448,93.8395,21.7353,134.542,112.897
43.096235828,22.7462,7.46706,88.7586,31.3544,18.7208,88.6698,17.449,37.7839,85.8824,13.8893,35.4876,35.1463,1.20281,43.7907,23.0876,51.0374,147.136,16.8476,30.138,62.1002,9.13676,43.997,46.9727,47.7878,26.079,3.10748,74.3433,65.1698,13.0301,141.11,73.3814,48.3653,128.999,40.3237,31.9534,177.552,75.4046,46.7027,126.266,202.519,398.508,109.976,279.992,104.735,8.38562,91.4829,50.5617,4.84319,62.5564,18.3082,16.7805,20.936,6.72566,61.7135,20.5273,28.2922,99.2681,37.9859,29.6201,157.011,47.7607,16.1739,73.2406,32.0299,7.83779,17.4636,91.0729,50.9469,6.80874,90.0464,52.8044,25.5976,124.08,51.8583,7.66804,78.4286,48.8732,9.07096,54.698,30.181,37.0068,0.425541,40.6474,31.6501,1.34161,98.6973,120.146,11.4894,188.856,192.255,135.96,259.394,186.509,196.491,102.223,18.6185,64.8096,51.2909,11.8015,60.704,27.8716,0.632661,12.0355,17.0156,2.27023,27.6626,68.0414,46.1268,2.67425,102.049,89.1415,5.37972,130.65,120.132,9.55947,41.883,31.5066,22.1355,59.6218,29.3695,26.4183,16.7713,23.5697,40.5348,6.26911,50.5847,79.2462,10.6547,25.8007,47.642,2.67163,20.9956,12.0145,18.9281,18.6482,7.43009,90.8292,72.7642,35.0067,306.801,147.004,116.173,140.457,140.27,70.1516,63.5883,63.7821,44.0313,11.5468,15.7186,54.6033,17.7081,56.6712,49.2087,5.57983,74.7624,40.9025,3.17621,56.9661,42.9962,9.7511,20.5145,16.9894,41.5622,30.6051,23.0934,63.1924,9.15211,26.4128,49.9639,4.64035,26.7267,20.2069,17.8831,14.0949,2.95062,48.6228,62.4556,0.87616,67.4302,59.6247
44.582312925,12.5884,9.92468,47.2968,17.77,10.9851,53.8789,6.86138,17.3956,46.0912,3.93008,19.0246,27.4947,6.32588,24.5661,20.0746,48.1409,100.538,21.5532,22.1549,33.3712,0.0773334,15.7048,15.9562,20.7623,15.6947,5.19183,41.0599,43.7388,28.8122,106.546,76.4312,60.1731,85.871,26.2604,25.0646,107.706,28.3515,11.8148,39.8126,64.3349,181.471,10.5044,129.637,66.9338,4.07274,49.1701,29.7705,5.34204,39.8764,20.8967,17.7303,14.6648,8.20801,34.0786,19.1357,24.7006,71.0469,31.2418,37.4229,100.826,24.6905,5.63508,39.5321,10.2645,4.01081,12.6306,44.0813,34.1694,10.0266,63.8767,47.1685,37.9457,84.8049,36.1526,7.54821,43.282,22.4622,3.17108,19.7356,4.64689,19.1275,2.5961,23.8984,17.6423,4.17334,66.5426,75.1675,0.199084,99.5001,99.7952,81.6876,84.9878,53.841,65.3038,48.9853,1.46717,29.8716,40.0606,22.6571,56.3167,26.0195,2.36729,6.45597,7.54356,1.36078,10.3133,33.4644,26.2574,4.41298,58.473,61.0996,16.096,92.6393,85.8504,16.3939,31.8114,30.7349,24.4866,29.8314,10.0461,8.38567,5.02807,8.56074,15.2423,0.966816,29.2073,47.5981,8.52781,16.3852,26.3827,0.336739,8.99068,3.60194,7.47586,6.82723,2.15481,51.0271,36.7126,16.4766,165.921,59.175,37.8421,26.5406,47.4148,17.9848,21.6587,27.8472,18.2932,8.13497,12.5053,47.9326,31.0252,45.9394,29.1075,17.3941,52.6207,26.8724,2.67601,36.705,25.2136,2.04888,6.62887,4.56894,18.9335,12.7385,7.6462,32.3398,11.1999,20.2088,27.8969,0.163405,13.1288,6.3623,5.82648,6.09877,1.07304,30.6555,36.0019,4.59809,36.4567,34.7663
46.068390023,9.98451,12.8636,26.2144,13.8824,12.7477,29.8305,8.59134,9.36736,23.7736,4.44145,9.52701,21.0347,11.255,12.4281,21.8536,50.5433,65.4678,26.3664,17.0008,18.0634,4.20311,4.75888,3.65223,5.32841,9.24488,10.4878,20.6964,30.3566,43.6544,76.0872,69.5567,59.938,51.8473,22.7693,28.0549,56.6907,13.4939,4.55079,10.2361,34.7147,94.3846,9.34419,47.5284,40.5119,12.7193,21.4299,20.3129,11.1272,23.7493,23.0608,18.693,13.7534,9.12228,19.3751,19.0414,26.8132,42.7523,27.9776,43.0616,62.1398,15.8409,6.43382,18.5078,3.4771,4.10575,11.7709,20.1214,22.8664,19.0234,39.9536,40.7445,42.8966,53.7262,27.0537,12.706,19.6553,13.5651,6.78497,7.15468,0.101625,9.56124,8.42176,12.9496,9.71152,9.91205,43.5045,39.864,10.5424,46.7657,80.1316,100.098,40.3344,15.8737,11.4707,20.8534,1.68094,10.4047,29.2571,30.6637,47.0929,24.9146,2.72544,3.57531,4.73975,2.98537,3.49023,13.7339,16.3212,9.90036,33.402,43.0178,29.508,59.97,54.3787,23.7561,25.6792,31.2555,25.128,12.5458,2.33928,1.59592,3.70048,4.78229,4.61393,3.19139,18.0665,24.6408,11.0903,12.8915,16.7167,3.52377,2.97266,0.522928,2.33019,3.1082,3.61538,27.8967,19.9857,18.7731,80.3705,51.3107,22.5783,0.641809,12.9299,1.04244,2.62677,7.71425,5.73362,7.10425,14.0268,38.3845,39.1402,32.8669,17.3911,22.5454,38.951,19.1533,5.89666,20.9518,16.7751,2.08916,1.61547,0.784029,6.31912,6.31488,5.22521,17.2912,10.4642,18.3493,15.7564,1.90091,5.8163,1.506,1.28066,2.27785,3.55566,16.2383,19.7651,13.1673,20.7699,22.5213
47.554467120,11.0768,9.68393,15.4617,12.7649,9.697,21.2366,9.06344,7.40071,12.7528,6.94912,6.48115,15.1558,12.7652,5.05633,22.6559,43.9222,44.2079,23.5375,10.3871,13.1352,7.32892,2.02738,1.40487,0.671479,5.17658,12.8576,9.79334,19.3647,45.6136,52.2946,53.4869,45.6611,29.5561,20.4441,24.1697,30.0598,13.9672,4.1755,5.25415,38.1228,66.2091,24.7366,17.8773,23.5531,18.1703,10.2444,11.9497,14.0805,14.7116,19.4892,20.0037,12.0192,8.03145,10.0772,18.5744,24.6782,24.0946,23.9595,36.284,41.5195,11.1091,7.95101,10.5083,1.43763,2.10709,10.3643,8.81616,13.5358,24.7436,21.6821,32.9421,35.7741,30.1776,24.5723,11.3383,11.0393,8.85545,7.59361,4.26908,1.72524,4.81527,10.5486,7.98758,4.19711,14.2808,23.6456,25.6639,18.71,20.5707,80.9239,115.829,46.5996,11.0818,1.53507,8.00107,6.24803,4.54027,15.5292,33.4377,34.4874,24.6675,1.56213,1.65627,4.75396,2.35818,0.623786,6.22619,11.5576,9.31477,21.2186,28.9333,31.975,37.733,31.0375,23.1178,20.7527,28.5637,19.2316,5.22565,1.04549,0.933445,4.3243,4.03468,1.24437,5.07353,12.9049,12.3499,10.3951,9.7117,12.9725,4.88617,1.21375,0.384859,1.40066,2.15974,3.96784,16.36,16.7269,21.0053,38.9457,57.6015,20.8362,3.28728,5.44334,0.120824,0.049404,2.05003,1.08812,3.72825,16.6184,28.0015,36.7808,22.6808,7.86823,21.3595,26.5362,15.5713,7.09139,10.5107,15.5344,2.75185,1.341,0.341142,3.16085,3.8444,7.91811,8.48177,5.669,16.3979,9.04453,4.27905,2.74741,1.66519,0.0630214,1.46395,4.69494,8.42827,12.5622,13.7248,13.975,14.1549
49.040544218,17.5665,4.31564,12.1043,13.7907,0.995444,28.3127,2.0208,8.73037,12.1484,8.10553,10.534,6.83651,16.0226,0.73197,23.9212,29.9814,31.6356,18.9879,1.6432,16.3878,3.57396,4.49004,1.71157,0.352839,2.99805,9.38755,5.83566,9.89964,35.5429,34.7446,31.304,26.9615,17.086,13.0964,14.7144,18.2099,11.2612,1.70421,7.14948,35.8208,63.1064,21.1956,11.4888,11.8876,12.9434,9.18169,3.74344,14.8557,10.4782,12.3523,22.5298,9.12827,8.82158,2.54061,22.2349,16.1944,17.3712,24.1347,13.0298,44.8271,2.73321,8.94477,12.6149,3.58435,0.181475,13.8185,6.38712,4.71655,31.9753,5.17759,31.9895,19.8062,18.1945,27.7705,2.28975,16.9698,6.30222,9.59407,10.1544,7.34973,4.97524,12.8557,10.854,0.543947,20.2588,12.1701,22.1503,20.5371,5.118,91.1802,101.055,61.5038,17.5794,4.08943,2.15426,9.78848,6.65418,3.95137,33.8502,18.1986,28.4499,0.154932,0.226349,8.15572,1.15423,0.876637,3.87352,10.4762,2.0279,16.662,18.4322,19.8902,27.356,13.0852,15.3717,17.3852,19.9119,12.9045,2.30762,0.505377,1.66137,3.98862,3.1247,0.31227,5.07071,7.67638,7.21505,6.45993,4.53893,13.7271,2.2482,2.15711,0.182965,3.31359,0.407267,3.06675,14.9366,11.2319,21.6177,13.805,64.976,12.9088,11.2458,10.7867,0.436119,0.998431,4.78233,3.13995,0.491978,21.4933,16.8055,32.2341,16.7024,1.1739,22.9883,14.1285,17.4639,8.96779,1.38356,24.0785,0.558957,5.09258,1.9431,7.14684,0.838029,16.3569,2.15531,4.24543,21.87,1.37976,10.5903,2.0245,8.38755,1.85017,4.65285,5.22917,5.56395,14.424,4.3148,14.4631,8.23348
50.526621315,31.3952,9.65816,15.7625,19.0881,4.24346,49.4485,3.50383,22.5504,27.3839,19.4729,24.895,3.98442,24.1597,6.3886,29.8014,21.3721,31.7565,22.6185,3.04436,25.4527,1.49972,12.3275,3.34804,1.2652,4.49596,5.9209,4.06687,4.01235,23.4687,19.1569,13.2002,13.7424,7.48707,6.0029,7.23416,9.12668,8.43743,0.28528,8.75484,28.7814,61.9644,10.6353,8.88126,6.46268,11.4264,9.61063,0.898258,24.1193,13.2713,12.7868,33.3388,12.0712,15.8227,4.7877,32.2696,16.1843,26.288,36.9936,0.0194093,62.3973,5.61674,17.7588,23.4188,23.0631,11.403,35.36,25.0553,8.41115,51.7436,0.923413,31.3804,12.912,21.2021,36.0107,9.43993,41.9658,26.4073,35.3677,36.772,31.7568,24.8278,34.0298,31.0376,16.9489,43.8116,24.5239,30.5899,34.536,2.13801,97.7304,78.0823,62.2467,37.1285,16.3134,7.78888,24.451,18.855,0.734621,39.7206,5.33315,39.0749,2.4853,4.14942,17.8586,6.39239,9.60066,5.33307,14.8107,0.881798,15.2276,11.9926,8.94178,23.0888,1.61432,10.0803,15.5435,8.16564,10.6997,0.854196,0.119269,2.38936,3.65041,1.4404,0.605058,6.57095,2.4102,4.95808,5.08809,0.803416,12.5598,1.78346,3.99078,1.85302,9.85106,2.12527,7.00672,22.7802,8.56174,26.4979,1.56717,81.6645,2.06002,30.752,32.3693,9.30969,10.207,14.8123,11.5341,6.3516,29.7385,9.49415,43.5051,19.2219,14.3083,38.2034,15.586,30.7747,19.4054,2.65095,41.5585,4.97429,18.0742,13.5932,19.3488,6.14595,30.4763,5.44313,16.3145,41.3195,5.83477,35.0138,18.5796,38.4705,20.2326,18.9953,19.2603,9.4235,19.617,0.00392874,17.788,7.7343
52.012698413,61.8956,33.2587,26.1005,27.7557,26.2913,90.3818,40.3196,67.5664,75.3586,54.08,52.0273,13.7798,36.2292,26.536,43.6764,31.1869,57.1591,43.5068,29.2974,44.6723,9.16574,26.4963,7.20729,2.89119,8.22993,7.56815,5.7667,5.45544,11.1711,11.3583,3.72277,4.46195,1.59479,2.46509,3.4059,3.42267,5.19642,0.981224,11.4512,17.8353,66.5485,1.52534,6.42733,4.61155,15.7518,15.2158,16.0357,55.358,44.1069,33.5727,59.6423,26.5349,26.2708,22.0393,55.481,39.6034,59.3935,67.5015,21.7882,104.315,34.7162,34.3743,36.1004,58.7636,56.5991,112.205,108.461,59.1162,82.7459,12.3443,30.4049,18.2438,40.507,58.3655,51.247,99.4936,103.333,117.821,108.051,85.3956,73.5405,85.4517,85.5867,81.0042,98.8611,78.4778,75.2905,75.2266,28.4401,91.832,58.1758,39.1042,74.0288,56.5908,46.0837,63.7725,47.9127,17.8358,51.0085,7.5187,49.4075,11.9107,19.2203,43.585,29.6198,34.1385,14.4996,24.5682,11.7297,18.4933,14.0297,6.43164,20.7034,1.90673,14.3658,21.6043,0.774465,19.1405,3.68422,1.81915,1.79981,5.4429,0.250262,5.97672,16.9498,4.23486,10.4767,8.68583,0.986636,5.74169,7.88923,12.1434,11.9748,22.5815,12.367,19.7566,45.5013,19.2689,35.3897,8.97699,102.88,9.86582,79.6914,91.4957,42.0848,34.5444,31.6547,25.5567,22.6479,42.4825,18.9093,72.618,47.9338,73.3094,82.3083,50.4976,60.9548,38.4113,21.7684,70.7731,26.568,45.3372,43.4775,46.8844,29.3654,51.0492,21.2422,41.4222,80.5926,47.1187,93.0286,79.7195,117.794,86.1233,69.5927,62.3778,24.2837,18.514,2.27862,28.0926,26.2031
53.498775510,134.376,84.2281,34.9464,30.3677,68.7293,169.274,137.002,154.173,156.166,114.582,92.836,41.8863,52.1176,50.4154,65.6833,72.8524,118.909,88.9214,77.7117,73.6828,34.0973,52.2708,14.6132,3.68716,10.3197,16.7793,15.2531,21.8246,6.52935,11.0503,2.52292,0.114793,0.311717,2.94134,3.23611,0.900999,1.34299,4.74684,19.0468,12.0437,82.3109,1.53142,5.67088,2.69356,25.0656,36.5562,62.4314,115.488,116.25,94.2631,108.45,49.7344,32.5062,50.2838,103.76,103.94,115.612,102.859,77.9636,178.549,114.739,71.6237,38.3067,86.0982,164.918,322.757,341.977,210.157,119.534,19.0286,33.1559,49.1081,77.0976,86.6282,111.884,198.763,283.013,305.048,241.173,151.074,129.037,172.977,202.679,218.67,191.49,159.285,149.229,156.24,118.917,82.9865,49.0065,4.92323,150.532,160.64,135.945,121.358,84.0585,58.0405,79.3914,30.6892,52.0112,22.6859,47.6979,103.84,93.1952,79.9511,29.4452,30.872,33.2606,36.2323,32.1769,12.0676,14.2306,12.0794,33.894,53.7851,24.9348,53.0253,22.057,13.6045,3.79088,12.6226,6.97008,20.2554,40.9203,29.3995,43.2431,30.0808,12.4655,3.43301,37.1365,45.3358,41.4176,33.5284,21.5046,42.2956,98.198,64.1136,50.2973,20.325,116.151,70.178,195.258,224.186,111.267,65.0359,44.7666,47.15,57.0896,59.2903,38.6704,107.258,122.677,210.91,183.34,124.118,95.0222,60.5491,61.8615,118.58,69.822,81.2009,85.7041,93.8548,82.2684,82.3042,39.1135,67.3984,147.607,148.612,201.317,197.188,243.408,211.483,182.845,158.977,69.3276,11.9662,6.0115,57.735,99.4852
54.984852608,278.339,174.027,36.036,29.9351,141.446,282.236,274.329,280.213,272.019,183.904,129.263,89.9977,78.7472,57.6898,90.4001,161.563,225.011,148.596,123.804,114.409,82.734,85.134,26.3683,4.6432,9.62234,33.3335,40.1359,59.3786,21.2501,19.0956,7.58129,1.87988,3.81588,6.30939,5.30233,1.81521,0.470256,11.3013,36.3861,29.909,116.359,13.5415,7.06893,2.38644,34.8534,75.6134,147.301,213.207,215.801,185.539,185.588,85.1318,26.3424,82.3633,193.308,212.052,175.215,129.824,156.671,285.305,240.31,138.755,38.1185,88.7076,364.741,771.259,823.687,489.098,161.222,14.6642,41.2765,96.7154,132.326,119.341,153.749,329.554,594.721,635.265,426.515,195.642,175.31,297.777,375.194,407.692,325.151,250.248,216.761,263.997,297.659,118.947,77.8538,21.0889,313.309,345.702,251.832,183.522,128.157,109.749,117.23,74.8446,54.3615,24.4189,90.839,222.589,219.402,141.733,43.2122,33.5896,61.7499,69.1552,65.0758,30.8819,7.74771,21.9415,76.846,147.261,127.517,138.358,68.4541,37.621,12.8158,25.6462,28.8129,52.5163,78.8416,78.2549,113.051,98.8266,66.8435,45.1897,124.569,128.579,92.6142,37.3836,26.5898,77.671,179.49,154.411,83.2321,21.2282,122.63,213.676,420.402,449.292,210.454,90.0114,53.3099,69.5193,102.565,89.2384,55.1751,126.685,253.909,455.408,368.967,211.972,113.515,89.6599,116.111,170.218,130.847,123.768,125.288,146.267,166.845,135.708,45.6989,81.0201,255.188,318.667,343.197,338.866,402.521,396.567,348.29,296.122,164.065,26.3245,21.6126,145.643,279.467
56.470929705,497.937,340.639,38.1181,47.9861,244.362,380.234,424.103,435.78,375.39,251.261,153.234,128.813,129.725,43.1192,114.49,326.362,359.68,187.467,161.766,156.08,137.461,129.436,40.0507,4.3759,8.80217,49.0692,88.3417,128.855,62.8991,35.401,15.3632,7.7656,11.6219,16.257,10.1486,4.29554,1.94601,17.1971,70.5376,95.8352,177.555,33.2137,8.24412,2.47073,45.1839,128.16,256.153,347.689,314.993,265.093,287.925,143.947,9.207,127.885,334.232,327.078,219.141,145.395,215.625,424.866,403.461,203.243,43.7949,71.9205,643.318,1564.21,1647.07,838.826,192.575,9.79025,45.5421,164.692,193.429,133.437,174.653,449.38,988.126,1141.21,640.097,178.99,227.336,416.153,542.53,643.672,466.93,294.956,286.917,351.533,504.539,286.511,228.382,204.206,605.977,543.53,357.393,253.758,148.475,161.457,166.677,114.258,66.2407,12.1297,152.874,435.464,410.873,193.315,53.2144,32.5613,81.2154,127.334,113.277,49.254,6.11078,23.7667,146.358,346.048,370.934,303.196,137.522,62.8132,29.4484,48.6803,67.1729,105.453,134.578,130.155,195.16,243.864,228.97,207.361,315.619,253.657,144.444,45.8858,19.7863,125.192,302.986,263.395,127.032,21.2314,122.928,459.235,803.976,727.693,301.241,115.132,46.6254,90.5331,156.768,115.41,66.1054,120.987,408.79,829.347,662.757,264.604,112.87,123.729,149.895,228.637,194.862,148.119,161.006,183.178,253.534,229.436,42.2441,89.2159,418.839,507.045,477.193,480.528,532.628,599.461,562.828,424.827,276.146,98.3716,92.5863,370.3,617.618
57.957006803,778.702,604.199,80.4889,109.024,358.678,415.914,543.568,600.488,417.829,291.012,170.797,126.588,208.619,37.923,157.97,598.82,496.371,170.389,203.088,174.99,169.345,198.166,55.9983,1.25525,7.87725,53.8424,171.806,241.596,127.435,54.7668,23.2327,16.1178,24.7484,35.5837,20.4574,6.19219,2.54385,23.4141,126.208,224.789,274.395,54.4214,6.20073,1.70648,62.6474,179.817,347.528,502.97,390.44,286.956,404.891,232.819,1.74028,199.267,506.735,418.468,223.612,148.028,228.388,564.641,588.724,244.013,47.4988,54.0697,964.61,2701.61,2831.48,1185.72,180.534,12.7633,50.4463,265.9,236,118.738,177.734,497.81,1390.11,1772,859.32,109.299,284.021,489.662,633.989,882.258,601.648,254.365,358.643,388.605,630.941,646.531,643.269,712.535,1033.56,628.706,437.768,336.87,114.057,226.594,217.675,115.628,96.8377,1.30354,266.252,742.043,628.456,223.555,54.0659,27.7816,85.676,202.539,181.383,57.9691,5.69147,18.7677,237.051,677.392,809.434,563.974,201.378,72.345,60.8812,88.8901,101.647,157.769,219.981,170.843,238.333,470.516,577.938,578.998,628.922,379.78,173.06,64.0927,6.30486,193.051,457.624,356.252,163.449,29.8024,133.741,794.162,1349.35,999.955,328.61,146.52,25.8043,115.99,220.304,111.381,77.4607,84.3128,553.975,1329,1040.86,265.334,100.141,151.401,145.431,286.855,244.153,141.208,185.276,191.512,306.667,362.501,60.4676,125.88,638.994,636.415,549.444,602.632,567.084,758.252,805.892,491.147,356.236,252.843,290.256,793.809,1102.01
59.443083900,1081.78,921.348,198.409,224.875,464.363,361.338,611.672,720.939,389.669,286.543,181.475,88.8783,303.782,89.5843,266.307,969.302,619.972,104.288,246.74,160.07,175.516,274.205,86.453,0.961065,9.19616,51.9687,297.588,392.939,195.142,71.1237,30.986,22.1897,40.9055,68.3843,38.3695,6.2434,2.8596,34.1083,188.419,411.524,419.478,71.1011,2.74223,5.17173,83.2169,212.584,396.211,626.834,438.376,233.376,518.536,351.522,27.6365,289.593,666.179,470,180.851,140.463,189.102,677.037,753.274,253.761,44.2398,51.3468,1311.75,4002.87,4191.07,1506.5,121.133,29.559,78.7941,389.334,252.035,81.6969,163.387,454.155,1722.63,2373.57,1060.83,35.7878,337.106,498.558,605.511,1076.78,695.177,158.826,407.196,372.433,632.202,1165.08,1431.19,1642.01,1541.14,555.052,487.299,420.834,51.0014,301.027,268.471,78.2341,146.215,30.2395,445.86,1089.05,822.344,224.836,45.5965,20.0737,79.8734,276.981,258.666,62.7286,3.80851,12.0618,348.649,1128.99,1409.97,898.807,247.078,62.178,107.088,139.556,120.342,191.659,320.471,199.563,218.251,765.027,1148.36,1176.15,1018.56,471.208,168.265,88.0119,4.55184,282.526,612.371,399.611,181.628,47.862,169.014,1172.09,1987.02,1187.28,289.759,168.131,14.3312,145.261,300.512,72.658,95.5562,30.3615,698.098,1864.54,1418.39,248.449,82.7849,174.196,102.023,340.575,261.928,108.775,188.16,170.719,307.129,511.794,139.352,233.007,877.581,661.872,530.862,676.194,486.609,829.562,1020.29,477.818,371.315,491.511,657.695,1380.64,1638.4
60.929160998,1332.89,1241.37,369.645,366.069,559.004,224.267,646.389,731.487,321.484,221.19,201.182,33.2884,429.649,223.511,455.614,1340.05,765.179,24.3696,303.651,107.05,170.771,314.537,146.738,18.6203,21.7509,71.4363,450.407,537.151,261.187,73.7312,36.2287,27.6257,46.7108,115.844,80.8294,5.74246,9.01328,53.7303,207.636,647.116,647.52,75.4428,4.69848,14.6811,84.7114,241.014,356.564,706.315,448.195,142.955,591.813,479.916,104.148,382.784,743.526,493.009,99.3578,138.564,114.373,761.391,811.181,260.415,25.1187,72.6138,1706.4,5110.16,5338.54,1844.2,41.4106,76.1844,160.136,481.931,253.674,33.5718,150.665,328.974,1955.43,2712.13,1233.46,15.2639,394.079,418.027,495.422,1132.23,781.04,47.4932,441.892,288.936,541.697,1667,2613.13,2995.2,1972.97,385.605,470.762,502.709,3.87868,408.903,307.107,36.0437,195.984,115.155,680.168,1419.7,904.078,217.146,24.5381,17.5502,74.1291,339.955,305.293,79.9821,1.38997,10.6378,507.536,1634.37,1975.58,1275.69,286.554,39.3788,173.729,172.616,123.516,192.441,403.55,234.829,148.01,1119.44,1864.67,1858.48,1412.76,512.938,127.384,118.755,26.9282,359.99,758.974,367.111,181.67,78.7937,213.838,1481.43,2669.24,1209.38,217.309,157.348,23.1312,179.163,423.193,21.8215,134.618,0.791809,830.212,2270.7,1739.94,233.464,76.3553,188.328,42.4077,394.254,244.988,72.1701,154.991,142.3,238.987,669.703,303.591,411.941,1046.23,615.321,410.966,713.255,306.629,824.418,1104.29,430.03,304.571,803.652,1172.06,1958.62,2088.22
62.415238095,1429.79,1510.77,549.436,461.868,640.686,73.6638,678.376,612.886,244.661,117.641,234.01,15.6082,579.513,427.264,682.599,1611.04,921.227,7.33139,377.889,43.7812,166.467,286.54,243.221,80.1989,61.0645,134.328,584.602,634.078,306.008,65.5711,35.2399,34.2116,38.1114,172.539,163.45,24.9754,34.6965,79.6769,171.468,903.512,978.696,101.379,22.8985,26.8063,65.0172,278.522,228.215,756.675,408.562,64.6407,603.331,591.192,213.011,445.793,720.189,473.279,26.1007,150.107,53.4643,831.357,702.734,286.769,2.35923,145.865,2139.55,5594.17,5950.82,2177.9,17.1848,160.051,291.439,516.248,234.294,4.23009,148.038,195.781,2063.69,2633,1344.23,101.856,435.09,284.346,342.206,1031.92,851.246,2.07368,476.133,157.595,409.261,1962.4,4052.2,4589.64,2204.48,206.967,372.845,577.717,38.4515,543.307,345.746,16.0963,232.912,229.468,935.263,1669.47,824.306,213.434,4.48763,24.5346,87.2538,368.247,306.043,106.478,8.26326,31.687,723.412,2096.94,2262.78,1611.8,367.594,37.9068,255.138,161.873,121.618,146.404,466.58,277.52,99.0521,1453.64,2575.23,2432.25,1661.2,539.517,60.0384,171.286,69.864,373.875,898.038,280.387,177.407,125.177,222.259,1681.89,3246.76,1110.79,133.952,120.057,41.3131,242.938,590.856,21.9239,196.432,34.3515,914.503,2416.36,1935.09,251.986,83.5455,182.206,3.56994,459.841,213.193,50.1768,95.5112,113.069,144.756,798.002,553.287,617.224,1070.08,542.503,245.66,730.023,108.862,762.811,998.622,398.111,207.885,1155.75,1675.68,2342.77,2324.75
63.901315193,1341.35,1627.34,726.731,430.151,730.958,12.8846,720.357,413.99,166.361,38.3937,254.484,84.3143,759.389,632.893,844.927,1747.89,1026.16,94.5822,463.806,26.2988,176.727,187.66,383.862,210.869,131.826,214.986,670.541,659.71,300.939,61.1894,30.3747,46.1662,23.5921,237.989,265.686,87.0627,102.365,121.049,106.345,1174.8,1320.14,210.303,79.3508,59.5259,44.9307,352.279,78.3429,785.97,325.976,18.4872,585.756,624.872,323.223,458.476,599.995,415.788,1.73285,165.56,71.8466,889.782,462.943,332.336,15.371,306.502,2495.28,5260.65,5839.05,2445.37,100.21,272.599,449.209,478.059,198.301,15.052,151.908,145.558,2024.21,2159.65,1347.59,313.711,429.861,159.069,182.184,831.848,861.79,91.1541,522.458,41.9986,252.209,2029.61,5387.69,6030.97,2269.77,70.2638,219.003,652.702,190.885,647.879,400.387,41.5135,254.827,307.34,1178.86,1778.32,613.153,212.457,4.92006,43.6878,122.301,353.706,259.963,133.295,32.6638,89.3148,979.72,2380.4,2167.34,1781.46,539.284,105.019,345.527,105.432,122.808,76.5203,501.622,321.492,114.785,1731.71,3024.96,2723.57,1686.56,537.635,9.21424,263.134,134.464,287.595,1069.84,193.691,199.344,161.063,201.086,1709.21,3600.99,989.923,79.745,67.554,64.3646,338.246,777.84,137.478,291.253,126.975,894.246,2306.57,1889.97,342.899,104.349,139.873,18.2106,561.833,204.094,49.7821,37.3462,81.5474,79.5075,842.093,866.047,773.246,925.626,486.588,143.497,696.471,5.36851,672.019,720.605,417.261,172.478,1511.22,1920.82,2463.41,2227.19
65.387392290,1095.03,1527.73,903.037,269.43,847.139,143.881,739.053,222.437,99.778,3.99286,254.978,251.169,949.125,766.205,866.6,1732.76,1029.47,261.683,555.777,97.566,193.646,78.7485,547.566,421.913,230.202,266.772,694.173,610.761,243.124,71.3506,33.2464,70.7225,22.5524,307.752,344.789,186.499,231.085,204.678,86.6792,1427.06,1539.37,412.416,200.675,139.911,85.9365,468.701,28.5729,790.63,218.684,22.0935,560.433,548.688,407.56,402.251,435.032,328.426,26.8132,187.222,206.161,918.052,207.631,383.642,103.007,551.185,2609.11,4263.32,4988.31,2606.98,272.875,374.986,602.607,379.572,155.901,68.3604,155.944,206.044,1851.27,1470.37,1212.55,605.815,387.346,66.678,65.1718,608.62,767.646,339.85,591.565,1.39119,106.323,1922.64,6205.14,6908.11,2238.11,6.16777,80.8407,719.612,454.859,661.903,458.129,136.276,252.915,311.036,1375.65,1711.19,360.113,209.115,32.892,71.7446,168.68,304.96,181.648,151.109,69.4241,178.25,1244.55,2373.29,1744.35,1707.11,786.681,278.071,442.923,35.7871,128.728,26.6183,500.35,349.321,209.298,1898.01,3062.32,2606.35,1516.26,476.447,22.0968,400.822,231.053,162.937,1271.09,216.936,253.467,168.378,165.267,1544.17,3648.47,984.106,76.6898,23.438,90.2929,414.351,958.08,401,412.062,229.01,780.738,1971.91,1606.42,482.569,130.536,77.5473,102.628,707.275,260.27,61.3467,5.77526,59.0711,58.2337,790.643,1163.87,828.168,661.2,478.375,158.439,615.069,32.7965,570.258,391.458,458.706,292.45,1817.1,1769.66,2313.57,1827.12
66.873469388,800.803,1197.27,1111.19,78.9674,1000.85,445,725.974,91.7249,57.5945,7.14177,248.375,472.054,1081.05,814.163,709.558,1615.18,884.947,456.833,635.672,239.863,217.811,23.5493,702.494,691.754,341.794,251.367,669.688,498.192,157.945,96.9083,57.707,115.682,55.5169,349.112,390.485,282.403,400.333,371.118,211.924,1577.63,1540.83,682.276,379.499,269.791,230.556,646.575,162.541,745.239,128.848,65.0837,547.169,374.282,459,279.172,289.041,229.049,76.4633,205.817,431.931,918.273,50.3943,395.054,286.467,873.952,2305.51,3047.7,3570.16,2672.95,428.752,448.61,711.047,263.448,102.364,149.957,160.785,315.193,1628.8,766.368,982.413,850.84,349.421,16.9445,31.0483,393.266,595.077,666.406,727.906,55.4843,13.7265,1699.69,6236.66,7024.17,2096.48,35.7182,6.81835,815.448,748.765,573.659,481.72,295.071,240.567,256.004,1463.48,1496.31,151.239,213.938,74.3623,96.0352,220.257,224.485,99.993,159.169,108.084,254.44,1489.32,2045.81,1198.04,1347.35,1080.03,560.697,509.764,2.29871,149.219,34.2454,443.523,361.488,356.814,1864.76,2732.18,2082.35,1237.13,360.713,123.533,561.36,365.806,103.04,1518.69,396.392,307.348,166.392,115.371,1262.86,3324.7,1215.62,133.209,11.516,99.5676,451.353,1076.3,758.848,562.682,276.296,626.531,1476.3,1195.72,587.811,165.694,26.2837,253.288,876.928,388.123,79.9682,7.39272,46.587,73.1277,664.151,1349.09,783.085,383.505,514.314,260.638,509.998,152.091,478.277,128.933,491.727,568.317,2013.15,1279.14,1987.66,1258.69
68.359546485,601.27,715.82,1428.57,51.1366,1173.41,720.019,719.629,55.7323,46.4233,11.7175,276.414,672.256,1046.08,845.59,416.809,1490.74,590.539,647.289,637.922,397.952,268.822,63.2675,785.242,953.002,475.595,154.61,647.295,333.071,87.3661,114.137,120.895,203.694,125.706,319.9,414.15,326.583,546.409,648.728,568.278,1555.57,1304.22,980.853,546.564,410.213,490.296,905.576,461.997,640.201,82.531,101.439,561.609,175.872,498.294,133.614,205.896,123.1,133.787,195.16,662.596,966.177,12.1985,321.589,530.761,1313.08,1535.8,2079.87,1958.35,2731.02,413.83,550.636,710.713,171.168,36.1622,262.23,180.013,339.225,1488.38,230.084,735.956,898.7,391.601,13.4212,97.6099,186.875,453.681,844.029,953.153,261.907,54.8343,1380.74,5529.82,6474.91,1752.32,213.355,58.6427,1008.11,874.953,469.249,404.413,479.449,277.592,213.638,1404.38,1162.73,77.0509,261.579,92.3792,100.006,297.477,110.137,53.2464,151.258,166.921,235.997,1731.64,1513.31,762.427,741.369,1451.12,880.831,475.668,38.1741,219.457,136.737,309.063,375.051,488.44,1593.76,2223.66,1316.71,969.116,225.486,308.597,682.083,510.923,193.71,1837.06,714.715,315.391,165.504,81.7316,923.645,2722.16,1709.82,249.612,31.7591,77.8824,460.678,1067.59,1087.29,760.922,226.666,501.704,914.552,797.575,570.722,230.219,25.8239,451.569,1003.15,544.949,118.143,32.8034,33.2797,103.354,502.707,1347.22,709.16,210.724,546.164,361.46,424.953,255.82,411.864,5.9657,524.78,875.096,2020.62,707.755,1627.63,728.666
69.845623583,526.233,356.819,1872.01,365.651,1286.63,824.402,712.559,121.204,62.2921,3.82329,356.004,813.528,813.311,913.281,186.805,1424.29,258.015,756.478,554.942,520.04,321.223,172.818,806.472,1090.82,615.955,40.5818,648.778,180.008,48.8411,105.062,253.63,345.953,195.7,245.558,394.425,307.18,631.471,974.135,1146.18,1400.15,907.998,1254.17,609.501,529.523,847.181,1186.9,797.426,534.678,56.3989,100.636,595.439,70.3501,543.266,69.4676,178.551,42.0295,168.719,161.722,837.782,1032.64,88.4603,220.452,719.362,1853.39,618.18,1533.45,780.677,2775.34,240.91,704.484,602.633,105.773,5.11991,359.036,252.93,239.257,1465.6,40.9341,525.855,743.077,558.158,67.3323,213.365,62.6117,329.275,822.437,1150.55,661.339,360.442,1016.53,4528.48,5582.63,1230.7,592.603,310.548,1191.38,832.07,333.227,287.179,597.647,409.82,305.459,1218.09,782.485,212.14,364.613,79.4365,114.105,359.515,31.5649,38.1451,134.917,266.829,132.925,1962.05,1094.44,542.425,179.561,1891.87,1092.82,375.189,152.955,330.636,320.925,168.565,375.983,539.048,1190.16,1707.69,608.956,814.276,128.219,508.048,714.172,642.874,469.807,2132.26,1121.63,283.143,147.807,127.895,573.084,2092.69,2327.62,417.278,71.8814,47.8355,413.317,970.313,1214.82,1003.58,129.431,428.777,425.923,492.198,428.86,336.45,96.0825,619.081,1073.37,641.523,170.746,72.3147,23.0307,124.484,349.485,1169.59,720.451,197.508,512.52,414.791,351.691,271.679,368.739,31.7536,540.125,1087.11,1783.27,354.42,1366.2,466.69
71.331700680,519.178,362.663,2521.6,1022.21,1225.85,772.996,635.918,253.661,116.688,14.7069,482.95,847.363,473.041,1018.37,286.819,1501.97,55.564,709.027,438.59,537.59,367.966,304.63,749.62,1059.02,726.109,2.21901,662.145,116.923,37.9444,82.7585,464.898,543.836,230.053,162.24,331.66,236.138,625.619,1261.55,1811.36,1212.57,527.674,1443.3,531.622,604.193,1199.19,1427.1,1019.8,454.393,31.5157,68.1211,643.523,124.478,606.263,168.486,197.563,15.1518,176.486,111.615,920.977,1105.16,214.083,136.603,757.055,2409.72,99.3078,1444.65,539.915,2724.46,67.2137,824.888,509.319,54.8762,28.4573,425.101,342.141,105.87,1558.87,284.579,383.545,573.398,803.034,168.942,329.246,22.9778,272.083,610.381,1306.21,1045.08,965.862,827.664,3958.89,4905.97,770.943,1111.69,616.452,1346.99,663.233,230.128,132.661,665.947,575.736,579.821,1066.61,429.633,602.699,536.151,58.0867,144.8,385.694,15.5349,60.1572,176.126,362.735,39.7338,2086.54,1164.72,613.382,38.3096,2366.72,1089.43,267.69,288.121,472.084,557.036,79.823,392.718,476.062,817.934,1290.24,209.082,818.793,132.474,648.164,631.515,743.207,837.799,2325.19,1495.87,231.625,119.138,299.018,303.363,1651.26,2865.83,619.281,112.099,22.768,332.456,798.398,1097.65,1233.05,102.118,387.76,116.624,299.848,248.087,473.669,211.93,714.251,1038.49,648.213,221.652,103.576,26.8323,127.72,244.707,946.945,945.484,297.969,385.893,399.719,283.767,187.283,360.103,136.305,502.784,1151.15,1310.59,370.471,1355.67,586.676
72.817777778,544.546,844.968,3417.86,1854.85,941.259,646.222,463.694,423.155,231.224,91.1196,575.393,789.485,152.662,1158.23,910.478,1779.88,118.904,537.318,324.237,436.321,404.616,385.13,635.221,861.807,776.274,99.8228,675.452,153.08,46.4445,89.5899,732.854,766.691,221.503,97.807,246.906,141.472,532.029,1431.15,2351.64,1099.06,337.549,1508.34,351.671,633.555,1417.41,1539.62,1057.69,388.33,11.7927,41.6396,678.88,341.076,693.32,395.059,268.012,70.7325,167.332,69.3976,880.35,1186.11,306.895,75.5657,660.66,2838.07,444.2,1812.53,1305.8,2597.7,11.2117,843.714,490.594,26.839,134.281,474.806,363.259,46.0632,1733.63,987.493,390.25,593.708,1005.16,275.739,440.746,98.5705,260.52,355.51,1390.38,1195.57,1798.94,1103.37,4529.05,5065.66,699.443,1663.68,777.648,1476,496.302,170.02,19.784,696.823,707.082,942.523,1081.88,268.774,1252.94,786.582,53.4104,154.309,388.244,91.3678,129.864,294.059,421.798,7.98502,2095.87,1831.49,1067.05,605.618,2806.14,883.397,179.814,357.091,668.788,756.073,86.476,431.548,368.973,581.355,1016.63,178.943,925.944,301.467,680.516,466.777,788.387,1134.19,2340.97,1728.73,194.976,108.271,546.946,213.899,1495.7,3169.22,805.84,130.484,6.36396,268.553,561.629,833.679,1338.13,241.622,373.007,4.23637,198.086,136.883,605.887,333.219,704.284,909.915,548.406,264.15,106.24,46.3315,148.548,220.933,884.685,1417.6,444.512,202.778,337.969,200.631,78.228,361.308,271.996,407.558,1066.93,731.265,650.894,1714.21,1103.08
74.303854875,624.838,1684.07,4395.92,2664.08,543.399,503.524,246.711,591.723,405.487,236.989,592.317,650.384,4.20135,1305.9,1975.85,2288.32,481.668,349.974,229.099,267.849,419.824,373.923,488.594,572.027,749.284,333.685,670.995,230.91,75.8447,174.392,995.59,957.408,193.366,63.6242,164.603,57.7605,385.281,1437.48,2570.3,1125.14,410.983,1430.55,170.865,613.098,1435.71,1458.83,921.683,324.791,8.26281,42.4706,686.9,662.455,768.517,617.621,406.109,224.971,157.868,53.7319,719.515,1271.39,317.946,44.1256,487.99,3077.81,1676.78,2666.06,2706.45,2417.91,113.314,743.921,548.778,60.7855,292.698,507.196,297.03,101.251,1979.43,1988.77,647.007,863.234,1094.08,340.596,530.855,298.314,273.245,225.436,1348.68,1082.24,2606.76,2147.79,6479.75,6362.39,1333.93,2093.92,745.727,1504.99,466.95,161.871,14.4001,688.055,756.619,1253.19,1276.64,470.834,2038.05,1128.7,90.4066,120.2,382.736,249.664,255.357,465.572,425.177,54.748,2017.53,2872.44,1974.18,1855.12,3145.71,596.112,117.806,330.699,903.404,854.201,157.843,505.882,318.046,510.135,856.87,371.853,1067.08,636.165,595.969,281.281,768.086,1208.37,2178.66,1715.48,224.835,134.576,765.855,336.681,1608.7,3128.75,932.441,121.423,0.190802,219.234,342.697,526.205,1276.14,524.409,386.189,34.3159,150.977,140.402,701.812,418.839,581.576,737.629,370.279,292.214,78.8039,76.2658,230.071,342.292,1115.97,2030.31,579.543,63.2523,251.357,113.541,13.7052,361.345,405.23,257.379,904.436,253.631,1015.74,2373.44,1856.55
75.789931973,765.441,2584.2,5191.47,3247.25,214.807,402.539,67.458,724.151,591.221,420.015,526.686,469.758,65.8995,1462.96,3119.72,2995.02,1051.33,234.775,161.46,114.653,398.696,288.272,343.682,280.921,676.21,618.9,629.15,289.219,127.729,331.283,1203.94,1046.97,176.563,57.1997,96.5604,14.4656,249.56,1242.58,2447.28,1240.21,639.862,1297.35,61.4168,540.054,1269.58,1185.39,694.149,250.034,19.7106,57.1235,700.599,945.261,800.051,718.852,596.798,458.366,169.85,60.0972,518.764,1293.65,291.468,26.8489,324.413,3150.74,3406.01,3900.38,4094.78,2259.51,275.125,590.883,650.735,151.615,433.023,526.793,173.957,255.226,2300.8,2936.2,1170.87,1324.71,1064.02,326.731,583.391,552.857,342.254,292.383,1163.59,805.549,3109.85,3906.59,9491.78,8655.56,2644.66,2279.17,566.915,1395.66,617.835,216.751,122.954,639.484,696.23,1381.26,1612.08,1032.68,2729.35,1556.9,187.083,56.9132,383.354,420.492,416.341,665.245,367.129,144.067,1908.85,3850.01,3227.77,3451.13,3353.73,363.891,67.5244,263.59,1076.58,875.356,228.072,578.775,417.428,555.501,722.801,597.535,1167.6,1029.26,464.636,137.67,666.154,1043.19,1837.18,1490.61,301.197,201.548,903.513,593.946,1810.4,2804.84,929.932,104.515,3.8159,182.175,177.686,290.155,1070.4,833.915,422.941,113.804,136.792,224.128,740.692,438.01,405.159,562.141,190.048,291.591,40.9288,106.252,382.142,649.837,1633.34,2587.58,695.574,16.3553,175.18,51.8696,8.78345,351.963,512.773,94.0956,758.421,26.7817,1332.49,3094.01,2607.6
77.276009070,911.268,3280.5,5523.03,3439.5,111.153,385.462,22.2786,755.923,724.591,613.114,374.804,316.725,259.566,1605.08,3932.66,3718.83,1646.69,239.961,134.402,23.8901,335.502,187.773,226.333,83.0612,592.554,825.502,554.731,287.33,200.144,501.159,1306.98,1020.15,166.862,73.0396,60.7756,2.86563,171.49,893.387,2062.27,1371.46,825.852,1161.41,85.4582,410.168,1005.38,789.888,466.944,167.49,37.384,85.0496,697.219,1082.47,761.084,664.243,801.634,680.043,238.806,81.3546,346.365,1265.55,241.212,11.2496,211.539,3129.66,5052.51,5148.51,4934.44,2138.3,339.851,490.813,702.699,276.441,523.652,501.603,68.5259,449.355,2626.07,3519.13,1833.64,1801.91,980.488,217.275,626.471,732.817,451.13,535.542,964.714,469.118,3146.68,5824.55,12834.1,11393.4,4137.54,2189.64,290.438,1271.12,872.326,292.536,274.536,590.413,515.909,1305.7,1974.08,1732.32,3143.87,1998.99,328.946,10.0288,375.498,555.283,567.114,807.839,315.169,193.186,1810.35,4350.52,4484.39,4949.55,3361.14,267.049,33.8251,171.981,1205.4,774.412,275.149,614.518,624.438,653.411,530.211,734.248,1189.72,1282.14,401.174,89.976,453.646,777.275,1323.55,1205.46,328.499,313.211,949.769,828.176,1927.23,2317.77,765.54,101.703,4.65046,176.932,76.6285,153.161,818.555,1012.06,482.37,170.281,135.349,305.331,727.78,387.52,253.244,420.862,67.9651,267.385,9.04625,138.263,577.94,1092.96,2269.53,2929.9,777.282,54.9583,143.383,29.4942,58.9631,329.704,549.473,2.16762,698.791,63.6966,1516.36,3614.24,3127.54
78.762086168,1017.29,3571.66,5213.45,3219.59,295.144,442.978,136.202,677.694,759.338,745.366,214.483,212.997,442.907,1698.35,4133.01,4219.21,2073.95,351.963,134.57,1.53886,252.03,122.649,159.92,21.2556,530.519,848.056,473.882,210.682,287.091,616.039,1258.99,912.85,146.162,103.756,62.2828,1.43654,154.606,517.74,1535.82,1432.95,821.556,1034.5,242.203,264.542,701.65,429.469,289.971,83.7431,59.1886,131.384,640.221,1045.32,650.854,499.951,960.477,804.992,352.019,103.811,277.203,1206.16,182.721,3.41492,148.082,3063.54,6039.25,5973.76,4969.22,2007.93,264.48,424.755,677.431,400.263,513.94,455.975,12.3492,619.526,2867.63,3526.53,2425.58,2125.87,864.517,84.4601,647.699,748.779,592.395,851.84,819.211,212.716,2742.49,7210.94,15471,13726,5207.47,1868.95,62.5825,1170.11,1098.75,383.279,372.625,535.279,289.6,1057.45,2256.14,2258.27,3160.84,2358.83,477.645,2.94811,369.266,590.722,671.69,835.491,294.735,168.894,1689.33,4213.21,5287.74,5909.49,3179.39,257.068,19.3691,127.003,1250.61,616.726,263.314,589.04,808.83,741.164,305.331,727.474,1114.76,1279.21,446.231,126.407,221.295,478.718,822.428,909.778,273.605,460.961,892.381,916.06,1846.43,1772.01,500.606,120.249,1.82586,183.204,56.6334,91.1917,585.82,971.001,553.408,171.014,135.76,329.302,661.099,314.792,159.384,346.712,37.4662,214.259,2.54183,170.948,761.582,1550.69,2769.09,2964.92,823.246,125.28,157.055,57.0377,132.728,293.1,498.967,54.2979,708.078,285.119,1569.19,3698.29,3290.14
80.248163265,1008.74,3435.67,4253.37,2725.73,666.961,544.494,356.728,528.708,679.21,779.015,112.503,141.66,534.092,1659.74,3737.05,4236.87,2245.22,504.375,133.77,16.2425,189.753,115.47,139.113,73.1849,502.539,692.71,386.684,107.053,355.967,646.404,1040.74,797.279,94.3161,146.205,90.5647,4.09042,156.759,231.963,1025.2,1341.26,616.879,916.326,450.442,135.258,445.331,203.225,167.433,30.3044,81.9694,196.521,507.115,888.724,488.935,316.772,1007.77,813.224,443.386,143.171,331.738,1120.86,146.492,8.01267,141.24,2897.93,6143.19,5958.81,4318.96,1776.4,137.925,348.485,589.968,454.984,436.125,382.287,15.5813,754.443,2886.51,3016.42,2682.68,2214.6,716.344,19.6464,629.078,605.27,709.596,1157.32,688.149,144.844,2129.66,7467.79,16589.1,14798,5423.87,1441.21,39.3878,1043.41,1221.54,433.91,388.728,445.72,117.787,744.924,2351.51,2368.82,2798.35,2513.77,614.167,40.4806,340.402,542.516,658.996,779.206,275.418,115.369,1480.91,3550.01,5284.61,6074.7,2869.06,248.75,21.8545,172.479,1210.37,452.808,198.35,500.988,879.217,772.27,115.862,620.804,906.289,1084.29,559.552,188.543,64.1526,253.21,435.018,659.175,171.485,583.721,764.731,799.963,1567.47,1235.84,257.204,141.078,4.74568,197.587,90.7741,52.2871,411.71,755.525,593.681,134.05,128.328,293.484,532.595,281.46,147.856,312.606,76.8648,164.266,17.0742,188.443,897.142,1851.67,2930.55,2673.67,837.093,183.306,185.353,124.033,208.135,219.563,420.107,229.303,723.628,576.675,1517.23,3253.93,3099.14
81.734240363,875.505,2931.15,2949.02,2072.27,1025.52,673.303,579.86,367.978,505.7,726.893,78.123,96.9928,517.703,1430.98,2959.88,3675.99,2159.69,618.376,122.565,37.0243,149.137,144.969,159.574,178.961,486.816,454.777,292.519,27.3842,386.947,579.463,727.927,693.595,33.7578,182.607,135.037,19.3277,139.519,71.2325,641.073,1086.53,324.569,799.456,606.983,45.7403,291.19,113.597,93.6424,27.1631,103.052,264.17,328.69,669.651,342.789,179.596,925.838,711.576,465.348,203.959,472.603,1047.9,118.85,18.6945,180.427,2619.44,5399.96,5045.95,3271.26,1425.59,56.9443,262.006,461.531,412.653,319.423,294.919,69.9483,849.405,2625,2184.44,2493.47,2046.38,567.066,45.7348,562.377,386.335,743.788,1342.1,607.699,221.398,1501.91,6514.61,15815.2,14202.3,4729.52,1027.07,177.76,922.435,1191.84,409.791,343.2,319.032,31.8621,504.657,2190.82,2043.24,2154.89,2405.88,711.656,102.922,290.811,430.835,527.97,663.279,247.857,85.1244,1169.62,2621.66,4436.49,5450.47,2478.71,205.812,36.5775,275.059,1140.92,302.074,125.349,364.3,823.502,724.005,16.8915,487.68,598.735,802.554,671.631,242.091,10.7894,127.284,234.16,486.265,70.4094,621.043,596.731,542.005,1152.67,802.257,96.6895,132.857,25.5268,221.944,139.136,19.6046,296.657,476.081,568.032,93.3029,113.096,217.924,373.907,299.132,190.341,297.624,141.881,126.64,32.694,192.461,943.065,1890.08,2661.86,2164.75,777.061,204.683,203.098,209.501,270.514,118.758,351.547,428.963,720.536,801.642,1335.57,2455.6,2604
83.220317460,673.922,2181.74,1718.61,1376.93,1183.11,800.117,705.606,230.126,322.275,609.483,92.0647,77.7804,413.928,1049.02,2054.54,2711.1,1854.11,630.669,113.553,41.9194,119.89,167.94,194.938,273.405,465.856,230.683,199.486,0.00506032,386.451,425.33,437.861,585.05,5.74426,207.551,170.94,53.8036,100.413,8.20542,399.494,760.639,89.3544,679.264,643.729,20.0462,210.897,108.806,72.6964,57.7369,118.215,313.179,156.437,448.608,256.169,124.534,738.78,545.627,397.081,284.632,628.134,984.7,101.684,26.444,240.131,2245.49,4070.09,3583.03,2130.92,1023.36,61.468,179.604,319.335,298.243,193.19,210.202,142.826,893.534,2133.48,1302.12,1934.82,1688.69,425.596,131.176,461.8,181.54,699.092,1322.95,589.948,314.403,961.531,4825.78,13342.3,12063.5,3497.03,674.271,330.118,833.727,1011.71,322.26,260.415,191.523,15.3353,374.693,1825.32,1425.36,1430.52,2043.93,752.644,155.255,229.053,287.715,336.747,513.847,213.283,100.448,811.465,1679.43,3085.19,4245.34,2065.23,131.695,61.2131,379.768,1044.03,214.668,72.7849,213.43,674.799,613.954,17.5138,367.493,303.366,506.094,729.176,265.101,37.6944,89.3313,197.945,368.999,28.5269,563.354,412.527,267.093,723.013,498.401,20.5398,99.1789,70.7232,240.116,174.486,1.51525,218.282,237.244,473.855,74.4553,106.216,124.022,232.408,338.431,236.427,275.422,189.206,98.0765,35.3489,196.031,869.692,1664.24,2043.25,1580.56,625.342,180.269,201.941,288.597,295.48,36.1619,301.073,547.209,686.628,857.57,1027.29,1583.06,1939.49
84.706394558,452.134,1417.21,823.854,749.288,1092.91,860.73,702.402,131.919,201.798,463.799,119.798,63.8667,287.05,623.286,1210.35,1706.14,1370.66,548.629,105.224,30.1249,94.6598,162.208,216.003,321.491,405.208,87.778,127.514,24.8963,343.761,265.8,223.799,470.518,33.807,213.382,194.621,85.9747,64.1186,2.43391,248.372,486.86,4.49474,529.497,585.367,61.8324,160.537,125.029,84.1931,88.2064,142.163,307.319,46.1771,278.931,212.646,139.777,524.299,352.531,266.931,363.343,733.724,890.409,117.16,33.5171,316.151,1741.04,2620.3,2082.76,1131.6,674.081,118.208,119.453,178.884,175.782,89.6231,130.582,199.85,876.298,1540.73,584.039,1258.58,1239.13,293.512,208.412,366.069,55.8178,573.346,1159.9,554.577,342.736,528.524,3110.45,9849.99,8993.6,2259.89,376.56,407.124,714.94,779.124,190.209,170.314,105.477,25.1833,319.327,1363.06,786.467,786.47,1540.93,717.622,177.417,155.404,155.86,169.632,342.407,189.251,138.346,496.292,886.659,1734.15,2860.79,1613.72,79.4123,83.0624,459.164,900.028,201.668,55.8976,85.744,484.016,480.596,86.7457,259.189,110.741,277.743,671.348,276.221,89.1283,103.445,233.365,291.042,71.7146,441.308,232.175,90.0456,390.107,286.736,12.6043,68.5943,114.055,245.377,187.538,12.4905,152.888,81.1048,362.217,81.4727,99.4216,57.089,139.137,347.934,247.206,236.363,191.73,78.8671,24.084,193.223,709.884,1226.92,1329.02,1010.19,426.747,125.34,177.816,335.521,281.851,4.85707,257.263,549.686,594.656,750.941,635.567,869.624,1282.28
86.192471655,273.148,808.73,310.088,308.821,814.94,813.387,587.881,95.2999,143.342,328.33,129.627,50.9966,169.136,277.205,596.181,890.55,838.654,415.996,88.9698,13.4157,72.1255,127.938,211.588,309.602,309.804,28.7004,82.2561,76.3938,278.268,147.975,106.693,369.369,90.1419,197.05,208.674,93.8963,37.9043,18.4162,157.257,307.293,37.7151,370.761,483.828,127.57,129.858,119.637,104.562,99.3303,171.042,250.509,6.14372,173.006,189.469,187.18,326.119,178.279,142.246,390.966,749.97,746.462,166.83,45.1804,379.548,1173.4,1402.97,961.409,454.149,398.122,166.117,80.1454,79.1176,79.486,25.2348,70.7729,213.392,772.902,995.264,157.326,680.633,821.729,174.748,226.19,286.005,14.4284,433.73,903.456,473.725,274.455,223.539,1815.41,6296.97,5821.13,1349.12,156.763,363.146,563.066,538,80.8861,93.0403,60.8127,29.1587,283.887,924.242,332.741,341.05,1027.87,604.874,156.415,92.4038,61.3327,57.8247,197.253,170.704,159.48,258.56,356.674,756.605,1651.19,1148.08,77.9076,94.061,498.496,714.422,222.409,57.1227,21.8838,301.355,343.882,167.373,173.907,30.4524,142.043,512.069,285.688,123.706,141.604,254.788,245.5,147.642,309.999,97.7394,15.0791,188.501,157.865,31.1407,48.1657,125.186,240.806,176.26,42.4725,103.28,13.5409,256.392,113.173,88.2578,32.1868,96.2946,306.604,213.367,185.256,152.373,66.1694,9.07608,168.758,513.974,735.262,704.168,560.019,239.677,60.1258,140.321,329.527,245.594,15.9896,222.688,450.269,454.866,537.144,289.006,390.766,758.292
87.678548753,155.923,427.41,88.0485,88.1212,479.35,665.27,403.396,127.05,125.989,204.276,120.6,37.5784,75.7674,76.5015,261.573,361.405,393.636,286.169,59.511,1.5832,57.8619,79.8098,183.386,248.737,205.253,25.6126,66.8632,110.528,216.606,93.647,61.1633,291.573,130.92,169.516,216.418,69.5506,28.9667,25.7932,98.0226,201.406,116.989,233.994,390.086,153.555,119.336,78.6787,130.845,80.8047,194.807,167.07,24.2114,127.643,139.919,229.096,161.188,72.2198,66.9747,333.207,690.557,549.614,237.919,56.9343,385.298,639.124,642.576,322.641,109.576,208.753,165.001,46.1054,35.2039,26.0393,2.19277,30.2443,197.593,554.307,611.323,14.2973,314.359,500.516,84.0305,174.72,224.905,24.3672,346.02,609.941,363.355,140.29,48.7929,1006.87,3488.65,3248.36,802.495,30.9793,218.365,408.194,322.967,41.528,42.3598,43.0191,17.2086,226.559,583.314,120.208,118.232,630.419,411.007,111.538,55.1601,9.69443,5.23824,111.524,135.978,134.945,120.453,95.3126,214.951,841.222,722.6,109.956,80.2145,502.464,501.53,243.39,51.8589,7.95416,183.567,208.536,218.679,99.4305,16.945,93.4107,327.202,273.804,126.162,191.633,215.775,226.845,176.543,215.775,34.1582,9.63938,84.2894,88.4811,35.2867,45.8542,94.0241,232.283,150.014,69.5075,72.5516,4.32731,172.482,156.491,69.6024,40.2034,88.8209,224.825,151.39,135.991,90.0753,60.7222,2.22892,118.164,332.335,341.582,274.312,278.658,102.768,12.497,91.5586,289.873,193.424,41.0732,208.737,293.377,293.642,313.987,75.9075,132.11,416.359
89.164625850,87.277,244.985,16.4843,49.8869,211.555,464.259,209.971,195.861,121.243,114.745,101.247,26.661,25.6164,8.87208,125.065,117.529,122.541,188.599,23.1783,6.03736,54.6036,48.6307,135.46,174.487,123.629,39.5295,83.4185,102.586,169.623,100.625,42.2005,243.08,128.204,151.957,210.548,32.4786,38.8547,23.5327,54.3179,151.296,178.402,136.883,320.655,113.862,128.893,28.0652,156.646,46.0648,201.454,99.6277,56.045,128.813,64.6279,250.423,49.4869,46.0236,40.5882,227.683,577.464,347.307,303.933,63.8006,335.305,242.734,286.39,63.0806,19.2017,101.668,110.081,20.8956,28.006,15.7883,16.0866,9.28339,169.415,287.171,408.393,13.9181,165.046,297.686,28.7363,93.5396,186.513,35.5378,322.097,359.8,230.63,27.4096,2.82778,534.199,1723.05,1580.8,487.721,3.14678,70.2572,262.765,172.186,72.8364,20.0979,32.2059,7.23854,142.208,357.991,97.7388,42.7261,388.148,191.883,76.8318,39.0236,3.0521,6.15084,79.5788,81.058,76.9949,58.7146,30.4161,19.1815,419.418,368.382,162.951,48.6541,469.133,320.23,231.13,49.5871,4.52325,143.384,91.2666,232.489,43.683,32.0093,80.5078,190.555,228.597,104.866,234.416,134.637,223.56,133.402,162.627,23.7064,33.1304,41.6151,55.0686,19.004,62.7586,45.262,211.042,129.931,72.2456,67.513,11.4481,123.206,189.683,42.2963,65.0632,93.8771,135.662,93.3594,96.6454,37.6351,61.8784,12.3905,55.4279,199.808,114.123,67.5193,140.878,24.9203,6.09418,44.6777,234.313,151.878,53.6805,215.657,133.398,152.427,155.14,11.6543,24.9986,234.119
90.650702948,50.6368,187.277,0.511743,104.862,61.8301,293.415,69.3279,263.867,121.816,76.8487,92.8786,21.3665,21.2672,32.2212,88.8738,71.8367,28.8144,128.661,0.75948,39.3567,64.1543,53.0485,87.7868,117.484,84.1071,44.6401,133.422,69.5262,141.568,139.941,21.2204,222.89,100.783,143.424,202.4,7.75044,58.9572,32.88,39.5042,146.26,204.994,78.5301,273.693,47.3207,146.139,5.28655,182.176,11.6596,201.196,65.254,74.9039,162.606,13.8816,261.477,6.77638,75.4145,40.538,165.701,464.347,180.051,357.498,52.617,269.187,59.6931,160.322,11.9695,55.2684,54.775,53.061,30.8727,41.1344,35.5136,51.0023,4.49262,148.815,85.3644,334.579,30.0187,150.349,199.659,5.27686,48.2516,179.696,22.7989,333.507,177.042,117.698,2.24458,56.0677,255.228,822.929,710.498,287.607,50.0814,18.5312,153.244,80.542,135.654,16.597,29.2391,32.2515,60.7977,233.371,156.528,19.5356,269.777,42.2945,78.0237,37.4614,26.6812,39.4777,78.4342,44.8873,45.2317,40.3144,52.9719,13.8426,240.58,138.805,223.441,21.8523,409.841,204.165,197.591,85.7066,2.64139,153.447,26.4339,224.889,27.2738,62.133,66.815,118.385,178.832,68.2094,260.978,56.3561,214.375,69.1426,135.121,41.7649,64.0307,36.3583,53.4936,6.7852,83.2372,11.4583,186.911,115.588,58.0288,87.126,11.3591,108.9,205.286,13.4291,100.393,90.4436,73.9752,64.7898,73.8805,17.3175,67.5522,43.907,11.3916,123.873,37.1853,30.6379,91.9125,3.9728,37.9868,14.9522,180.72,139.301,49.2619,230.953,26.4413,71.4015,76.8893,41.8883,0.161917,156.935
92.136780045,51.626,179.363,10.4172,170.071,15.2597,212.4,13.9172,287.206,146.803,89.2245,129.021,27.7807,43.6373,93.6119,108.614,121.525,51.2936,111.424,10.0009,83.4531,83.7678,96.1007,73.5896,102.334,68.296,40.7612,198.885,59.8913,142.382,179.839,3.45193,216.827,85.4308,134.303,216.891,12.7991,78.3211,61.0912,64.0388,187.8,220.799,66.6154,244.281,8.78336,154.54,21.9551,209.311,7.87661,209.101,54.585,81.7979,210.741,35.779,294.339,36.3286,138.706,54.0723,189.874,385.027,84.5564,428.123,20.9123,223.995,50.1312,129.704,54.7423,125.626,49.689,46.769,68.8108,58.1284,77.2979,111.59,23.6997,130.196,9.74365,304.486,41.7097,187.592,181.694,3.9459,66.456,175.509,3.98846,347.468,89.8677,70.6487,26.9778,124.617,110.149,456.325,368.64,165.934,101.614,40.2864,105.257,44.0471,214.76,24.7294,37.112,80.3536,25.718,176.035,226.843,18.4446,219.087,0.26061,91.1766,54.4966,81.1344,99.2841,82.9008,49.8227,70.6843,50.8126,97.3756,86.7848,174.769,56.3957,256.734,3.12765,385.605,158.16,182.176,160.488,17.3895,184.293,36.6355,235.618,57.0811,103.741,51.7978,89.6103,152.723,41.3096,272.036,11.9267,186.285,38.4505,123.315,81.0172,104.535,69.3477,79.9861,15.9522,89.6631,7.76723,183.821,102.423,48.3304,115.609,10.3122,115.723,217.906,0.754281,143.788,73.8548,42.4308,71.3352,80.1512,36.9721,80.4602,76.486,6.31104,101.22,50.5531,77.2591,93.3394,27.551,75.3016,7.29714,157.479,153.529,54.3843,224.227,1.19692,57.5224,62.9729,93.9715,9.65467,133.085
93.622857143,67.7445,180.086,52.9418,216.781,47.1293,185.493,29.7247,276.843,211.841,142.779,185.802,53.2316,67.9966,145.427,178.218,206.243,123.879,124.592,41.3912,111.054,122.764,166.837,99.8522,115.882,69.9264,41.1728,249.317,100.717,180.44,199.173,3.73544,210.365,98.0938,144.791,238.505,46.953,98.0757,105.296,120.158,269.994,249.916,103,223.626,18.0755,155.718,72.6862,228.862,54.4913,217.861,65.0371,90.7761,249.133,138.613,369.475,127.445,200.795,82.1647,265.488,368.757,104.883,454.296,20.5052,200.755,114.088,146.625,129.698,180.174,78.3787,76.0644,102.441,88.91,140.843,168.389,77.996,116.794,11.8967,279.68,80.7944,233.161,211.656,14.5806,95.0897,180.628,13.0353,330.077,102.78,69.7426,47.1624,149.144,70.6308,356.534,299.174,120.888,121.614,52.2024,112.77,82.3583,253.493,63.3708,65.2905,111.514,30.3133,173.24,273.15,57.1077,207.558,13.952,94.0222,101.848,145.857,167.961,108.624,80.2287,116.566,89.4263,133.48,169.508,179.071,76.842,246.242,5.89806,382.286,196.877,203.998,253.704,56.4925,214.945,111.557,275.103,127.859,146.191,52.3726,86.8649,141.386,56.9082,259.765,10.179,158.074,49.755,123.063,131.814,154.607,141.465,127.791,47.8463,86.6256,30.4425,191.416,109.066,52.9845,136.184,18.0584,134.84,232.562,20.7891,179.509,62.0009,33.2046,93.8675,111.392,89.6652,106.802,91.9663,28.2999,115.897,99.5843,137.603,130.792,75.2769,94.5812,17.3674,163.774,182.165,89.2843,212.912,23.0093,73.2445,99.7472,130.207,33.3419,133.574
95.108934240,84.1807,163.495,124.33,253.255,126.817,173.152,72.224,266.729,302.317,215.762,232.796,89.4274,84.673,172.919,276.749,298.109,198.154,150.72,77.5758,119.853,170.723,229.68,154.08,143.589,78.6518,50.6707,262.897,189.86,248.828,189.454,24.2986,201.242,128.234,173.878,258.816,91.9992,112.744,151.508,189.974,367.425,298.82,162.46,207.931,64.0429,147.315,133.309,242.715,131.025,219.296,91.177,105.406,260.827,289.627,492.309,239.246,226.469,135.039,342.316,395.057,213.542,421.253,70.6368,188.335,180.926,182.982,200.772,215.057,124.115,112.742,126.823,116.463,206.045,227.008,140.669,107.513,45.0742,244.457,161.152,291.578,244.471,31.6349,113.933,179.525,62.8237,308.091,144.298,77.7733,72.0423,152.119,98.7841,344.779,342.388,149.713,123.612,62.3116,133.062,141.892,275.481,117.546,98.3318,126.834,49.2607,187.883,312.454,142.502,205.415,43.8938,89.5469,150.691,216.697,238.237,133.707,114.69,167.637,139.566,151.114,239.537,223.338,138.51,211.957,48.8692,353.791,291.272,278.565,315.582,116.42,241.104,201.601,329.712,224.136,183.08,70.1125,89.5756,137.672,109.273,233.363,41.2868,129.695,91.0329,137.267,167.896,205.686,242.229,186.971,88.5174,78.2502,63.922,200.34,136.286,71.1934,135.735,40.0066,158.561,241.934,70.3152,195.784,67.0917,34.2456,110.901,161.706,146.052,134.396,95.4394,58.6714,146.476,148.349,182.021,186.189,129.212,100.261,38.4166,170.705,217.328,161.052,208.355,49.8725,90.4132,168.401,160.206,59.0217,130.087
96.595011338,91.1119,130.49,197.642,282.285,209.256,163.016,103.442,262.533,377.764,286.627,253.56,122.456,87.5358,174.99,365.835,381.748,244.112,166.568,110.838,111.651,201.19,280.027,200.83,162.957,90.3029,58.851,243.75,305.938,315.251,160.724,56.6292,183.691,155.947,201.878,270.264,125.012,115.342,180.488,251.679,442.057,353.415,206.802,189.302,119.388,133.76,166.227,256.095,198.451,203.275,125.669,114.314,243.903,443.669,622.395,338.988,208.653,194.005,389.946,417.735,334.081,376.782,130.064,174.368,224.348,209.922,245.326,230.451,160.569,146.065,137.707,123.06,254.255,285.08,178.353,99.1021,81.0917,203.059,243.186,362.072,262.564,45.7838,118.068,176.438,116.799,278.768,195.447,80.625,89.9018,148.428,139.108,351.275,419.709,209.396,112.016,76.9495,142.296,196.743,278.166,162.246,125.789,127.13,67.1353,195.599,348.183,242.821,199.49,68.9264,81.2809,172.402,283.217,294.535,139.78,138.034,219.256,177.548,143.851,285.438,279.853,195.43,169.678,107.62,314.866,374.089,366.682,340.944,174.471,245.132,271.844,368.331,315.378,213.117,88.5836,88.5365,132.741,160.306,209.121,77.5854,102.219,138.027,156.944,169.979,245.181,342.043,247.681,117.309,65.4358,89.37,204.2,165.528,94.0474,112.245,72.3599,177.921,231.497,130.223,196.952,80.8167,35.1793,113.835,204.662,196.591,148.597,87.8835,89.1576,172.253,176.221,202.55,234.202,173.637,95.1246,57.3988,168.533,247.51,240.788,206.208,60.6805,104.587,241.874,189.443,73.0865,115.61
98.081088435,81.1911,94.0726,238.827,299.279,251.163,153.44,101.395,250.785,409.859,327.088,237.4,144.176,73.3579,154.306,417.567,433.346,244.076,165.21,127.518,89.3712,201.223,306.704,215.981,162.068,100.233,52.3879,212.146,406.027,353.436,124.388,80.0794,164.098,157.255,210.295,263.497,130.276,106.074,177.841,285.668,461.652,387.554,208.456,165.283,153.697,116.551,154.11,263.748,224.801,171.979,149.814,111.673,197.227,556.3,717.968,391.098,161.454,231.244,390.602,409.9,399.465,332.024,154.17,161.981,223.327,216.104,247.14,221.178,169.181,168.933,128.038,107.679,271.357,326.164,177.725,88.4202,97.8919,159.116,284.52,427.214,256.801,50.5245,108.771,170.002,139.45,247.036,222.542,81.1215,82.4196,140.03,151.276,338.409,477.702,259.952,87.4353,76.5041,143.432,218.543,257.809,181.431,137.035,113.365,73.8251,182.346,367.526,314.253,184.2,76.0576,69.1628,160.005,327.401,318.79,124.939,137.49,260.066,191.42,112.89,291.157,332.163,212.354,130.901,141.813,269.816,401.403,427.577,329.965,200.405,226.861,293.603,369.266,368.716,225.424,93.5913,77.8333,122.74,177.757,189.445,92.0764,78.9284,164.761,173.397,134.974,259.399,405.9,299.396,119.474,50.6206,94.7543,193.587,180.61,106.164,79.4028,99.4411,181.139,202.525,168.365,189.75,88.2536,31.6721,103.9,222.14,226.141,142.926,70.1815,106.964,183.589,174.149,192.234,258.454,194.999,79.8895,64.7589,152.154,254.526,296.25,198.657,49.5683,116.745,292.691,211.543,66.9192,95.9717
99.567165533,63.7537,61.277,234.65,291.637,240.313,138.321,72.3323,218.269,393.146,311.581,196.817,140.725,52.4636,118.785,418.836,432.21,203.494,143.369,124.289,57.7873,175.622,299.141,194.688,137.543,104.087,31.3859,178.614,452.537,354.953,86.8482,80.8686,143.72,125.929,191.112,234.376,109.781,84.9581,150.672,272.944,424.844,374.159,171.454,131.638,155.618,93.7594,111.601,254.274,203.799,127.828,152.519,92.0297,143.328,580.449,760.985,371,106.529,226.949,346.439,354.015,386.422,279.705,133.942,141.852,187.557,188.584,215.979,181.347,152.736,164.858,108.984,72.1246,260.901,326.242,150.084,70.3373,91.8371,111.3,276.504,448.48,239.401,38.196,95.6528,152.294,123.757,207.007,214.849,73.0735,59.9119,123.667,128.333,290.853,488.549,275.622,58.6884,58.5668,134.757,196.164,216.904,170.013,125.975,93.1928,61.6628,151.665,352.039,332.783,157.073,64.2228,52.147,127.349,325.711,312.997,89.8129,120.093,270.01,185.323,66.1909,263.659,351.736,188.26,93.8697,136.206,213.511,367.478,426.735,289.393,176.96,195.823,252.623,335.752,356.342,220.986,77.2267,59.0584,103.34,155.637,167.27,80.7889,55.5812,166.34,171.81,84.8466,235.823,422.548,317.267,102.865,32.9037,82.9528,162.698,175.77,97.1452,49.2682,106.691,166.414,158.395,167.398,172.747,83.079,22.6768,86.4551,208.543,223.612,120.494,46.0978,105.728,176.234,144.333,153.317,253.892,184.833,61.0584,55.4379,124.472,227.358,307.094,181.49,27.0317,122.117,306.292,219.155,44.6366,72.6722
101.053242630,45.0689,37.1596,198.55,247.3,194.288,111.582,36.417,169.036,332.48,248.3,141.629,115.216,31.5933,84.7617,369.799,376.62,142.266,105.719,105.799,26.7531,135.223,260.673,143.961,100.813,95.1143,10.1966,147.682,428.341,324.9,51.5298,62.8681,119.16,78.8501,145.492,191.736,73.0143,58.8789,108.239,220.463,340.077,317.502,113.174,91.0664,133.362,63.3922,70.3163,212.718,158.879,77.4765,133.274,64.2409,91.0013,531.053,712.934,308.809,51.8295,191.223,266.618,260.306,310.808,215.466,90.6524,104.188,141.9,129.34,167.466,124.467,114.25,139.262,82.6536,36.082,224.4,284.11,110.267,45.889,70.3444,64.9588,231.689,409.759,214.365,16.5184,79.7949,122.348,82.6651,157.145,184.492,52.9567,38.8463,95.5627,85.921,220.034,445.178,252.215,33.3185,38.4159,108.265,148.868,158.767,135.204,94.8716,71.4212,36.5905,111.104,301.467,297.542,120.717,41.6762,32.481,88.2362,279.594,277.035,52.2716,92.6707,246.481,161.821,22.7871,221.517,315.704,146.957,56.6003,101.957,149.419,286.708,365.13,223.339,123.69,147.678,180.995,262.239,296.403,191.451,51.1752,38.4466,73.0872,114.569,131.864,59.3775,31.2588,150.12,147.289,39.1837,186.486,386.462,292.867,78.0395,16.4462,59.6312,121.121,147.521,74.4843,25.4083,93.4628,133.701,108.56,131.437,144.623,68.4547,10.1436,68.1393,168.289,190.092,90.3176,21.5567,90.5066,147.346,101.446,99.8695,220.272,151.423,40.3364,37.754,88.0084,176.445,269.1,156.959,8.24784,112.086,289.206,201.015,21.9526,51.752
102.539319728,32.5127,25.3932,145.766,178.478,132.105,78.615,9.86687,116.499,244.113,166.046,83.5405,79.9884,17.2308,59.9727,290.752,281.398,83.73,66.3537,76.9929,6.80887,95.344,198.011,88.0299,60.8215,75.8443,1.35735,117.76,351.861,269.008,26.1722,41.9999,86.4454,36.7819,94.3717,135.322,42.6417,34.221,59.7995,159.253,220.306,246.062,54.4987,50.6139,100.655,35.0662,39.6184,155.097,106.037,34.4548,102.182,37.0909,52.5687,436.275,578.755,234.059,12.1556,140.775,174.778,154.679,210.602,146.136,45.6089,61.204,95.5231,65.2446,114.754,67.5852,68.7978,101.382,56.4974,14.0043,169.986,217.622,69.9098,21.342,46.1138,27.7497,168.615,328.302,177.512,3.03238,60.591,86.2834,38.8848,105.635,138.919,33.1235,22.9384,62.2672,44.536,144.077,363.244,198.617,18.0656,24.0679,71.2311,94.2262,99.1749,88.3512,57.8414,48.7392,13.7201,69.2845,229.138,227.991,80.2265,20.4536,15.201,51.8389,211.095,215.924,28.2486,67.1049,194.214,129.934,2.46938,169.936,241.819,102.427,26.7125,60.1223,86.0689,191.226,266.101,146.609,67.907,91.5179,105.865,173.551,208.304,146.169,26.6429,20.5637,42.3555,69.8222,89.6154,38.6612,13.177,121.388,110.06,8.87213,134.406,302.254,241.123,51.3281,4.32974,37.1096,77.0416,104.279,50.9012,8.38701,69.9839,91.2006,61.4949,83.7693,105.795,50.4162,1.49832,48.6509,117.442,137.749,59.2103,5.64156,68.5057,102.991,62.8171,49.1311,168.981,107.256,21.542,21.5995,51.6142,115.921,201.44,126.798,1.33474,91.6419,244.542,163.679,9.38835,34.344
104.025396825,27.4596,24.5868,90.6513,109.216,71.0005,48.9405,0.253659,70.924,154.149,91.3926,36.7746,46.7233,11.5667,47.6482,202.822,177.642,43.5016,35.9847,48.3946,0.480677,63.4783,131.38,43.2139,27.5946,53.8023,5.95338,90.2284,252.262,200.273,16.1604,26.2805,53.3572,10.2255,52.4784,81.1111,24.0372,17.8259,22.1299,107.843,102.047,182.934,14.5249,17.9436,69.842,18.0084,21.2948,98.5341,61.5515,8.15147,69.0371,19.6659,32.6297,324.368,404.732,161.367,0.0828255,91.9074,92.0127,69.8067,119.238,83.1975,14.5791,28.2435,54.481,18.9147,73.086,24.5281,30.5372,65.2149,36.1914,7.15467,115.411,145.209,38.0955,5.807,25.0839,5.89921,110.535,226.501,135.857,4.15511,41.5275,51.2028,10.8928,61.7646,89.5671,22.2864,14.2078,31.3128,18.2156,85.4836,261.644,136.711,14.0097,14.3737,39.0227,46.9937,49.6209,47.2282,25.9435,28.8689,1.72495,36.1077,153.36,149.899,44.8004,6.47006,4.66967,26.7359,138.575,148.891,20.9009,49.6299,130.898,96.5014,11.6517,116.588,159.492,65.7552,9.41029,27.1354,37.0147,106.492,164.06,78.773,26.4756,44.1713,46.6259,96.4646,118.513,98.2467,11.4935,8.47665,18.8939,33.9796,51.4599,22.9148,6.16241,88.7518,70.61,0.383383,90.9203,198.89,177.418,29.5122,0.1008,19.7535,40.1135,61.9113,31.1026,1.03807,45.7622,50.8058,26.2979,43.4027,65.0945,33.1373,0.489839,31.3099,68.5779,85.091,33.8059,0.118579,47.2541,58.2923,34.7853,18.3004,115.524,63.2317,10.8217,10.9428,23.5839,62.4456,128.704,93.4222,7.33315,69.8244,179.723,122.786,7.20055,22.538
105.511473923,26.3915,29.4866,45.1904,56.0892,27.1433,27.1304,4.06165,38.855,82.6478,40.1804,10.1341,22.427,11.3764,43.8904,125.873,92.0376,26.0092,18.7131,27.5187,3.22103,42.483,76.1425,17.079,8.20766,33.7342,17.5727,66.5038,156.237,135.024,17.7952,17.9391,26.8437,1.03972,26.8655,39.6774,15.8345,12.0463,4.7502,73.0306,22.7099,141.721,0.46014,1.42616,45.0181,13.0293,15.3522,53.1905,32.3814,0.791503,41.3001,13.7583,26.4964,221.827,239.066,103.207,10.4716,53.4096,35.9448,20.9335,54.5053,38.5115,2.27218,9.99196,24.918,0.469865,48.1531,4.53349,8.18228,37.8098,24.8987,10.2985,70.6586,84.26,19.1895,0.596879,10.6251,0.111902,68.5589,131.196,96.9798,14.254,26.3074,24.6012,0.790395,32.9381,48.2679,18.7218,12.4637,10.9468,6.28847,55.7811,166.768,80.7345,18.6097,8.1817,17.246,17.2653,18.1509,19.3427,6.90356,14.8695,0.595495,15.5149,91.5484,83.5401,21.0023,0.992389,0.551053,14.2468,79.3265,90.1741,24.3048,40.7077,75.9305,63.6733,43.6169,70.1821,92.7937,44.4256,2.76067,8.57252,10.3741,47.9943,83.4274,34.2485,5.11317,14.5606,13.252,45.3511,49.9566,58.2535,6.84233,2.72276,5.68612,12.3805,24.2816,13.4481,8.23927,59.9126,37.6472,8.93759,59.7353,107.741,116.955,15.8589,2.05236,8.824,16.397,30.3944,17.2213,2.75337,25.6927,22.0329,7.5205,18.0107,32.4772,19.6906,4.68735,18.1826,31.9358,44.7877,17.0361,1.9309,30.8802,26.3276,17.6617,12.7122,71.9636,29.5611,9.09368,5.09403,7.47759,27.5352,68.1606,62.7845,19.0282,50.479,112.213,88.3703,9.20271,17.3582
106.997551020,23.2928,33.1199,15.8227,24.1934,5.76732,14.0341,11.7704,19.1532,37.3825,15.365,0.936633,8.62733,11.9353,41.1576,71.1472,36.9232,24.9838,12.0351,15.9449,6.74291,30.8289,38.7993,6.56784,2.16072,19.5219,25.8162,45.9599,82.1703,84.3107,21.3193,14.871,10.9056,2.7164,13.7037,15.1528,14.0155,12.9045,3.56744,55.1586,0.36325,124.63,8.63041,3.03754,27.313,13.5686,14.2544,25.0799,16.5591,4.51718,22.9261,14.8866,24.1852,142.831,115.999,62.821,25.8391,29.1511,9.04412,2.49244,19.9148,15.3421,1.92462,2.9802,8.64594,6.08699,38.9824,5.49749,3.04836,20.5487,19.9763,13.5547,40.8713,42.512,10.3818,1.85141,3.5506,3.31207,43.3971,60.6215,65.4454,22.6792,16.2374,9.45798,2.07731,17.3829,21.2407,17.8449,14.2,2.49064,2.83605,50.1088,97.2651,38.9764,25.1276,4.46639,5.63899,4.10858,4.21694,5.37057,0.556778,7.22545,4.69187,5.63763,50.6051,39.8238,9.04999,0.856598,0.106476,10.6835,38.7913,48.0673,28.7573,35.8715,38.8823,34.4402,81.7273,37.6857,53.7865,37.0749,2.02334,1.32518,1.35884,18.547,34.1726,12.5442,0.00140783,2.47665,1.84489,20.3204,12.2359,31.2578,7.81094,1.23474,0.949069,2.80884,9.19271,8.99687,12.1156,39.4353,15.5858,23.1729,37.4499,48.1687,70.7915,8.4741,5.48984,3.19015,5.50467,12.1861,8.56269,8.49937,12.1596,7.22789,1.39088,7.23934,12.3565,10.999,8.66293,9.82594,11.1772,19.4924,8.40337,5.51246,20.5702,10.3349,8.27014,25.6459,44.0866,10.7255,11.9596,2.70459,1.08648,10.147,29.4609,38.4518,26.2916,34.4623,58.2154,62.836,9.31069,16.3492
108.483628118,14.9367,32.188,2.4605,9.2461,0.204221,7.47212,13.7738,7.93725,15.7232,7.43109,0.0637975,3.20933,9.30168,34.5619,38.6962,10.6538,29.2125,9.62163,11.1647,4.76264,24.2243,18.0931,3.78469,3.14891,11.1047,25.3421,25.5343,38.0613,51.5451,16.5486,14.5795,3.07343,7.33487,6.65616,4.73969,13.3048,12.3914,8.52434,53.1142,25.0253,125.396,30.2791,15.4684,17.1261,12.8142,10.6058,11.8252,9.00141,8.57189,13.8741,14.7782,18.3312,88.2812,45.827,37.0432,28.7276,16.3047,2.20212,0.0964422,7.2466,5.41419,3.85015,1.23366,2.76755,22.2963,45.0771,16.8719,7.03511,12.8096,15.1181,11.9913,22.1433,19.7397,6.90294,3.02442,1.74358,5.60337,30.6536,20.244,41.3088,22.2788,9.37997,3.36875,5.50681,10.2145,8.15236,14.04,15.367,1.46753,2.43682,54.4436,56.7865,14.6612,26.6316,1.76845,1.4874,0.706439,0.63878,1.02241,1.19359,3.61819,7.79899,1.48527,27.3062,19.7629,3.64766,1.10851,0.0809802,10.6223,15.1967,23.3828,26.9536,26.4452,21.1537,15.0382,105.161,25.7312,40.2605,35.4055,2.30875,0.00477343,0.225248,7.29505,12.4581,4.83558,1.58857,0.366265,1.12621,11.9083,0.524631,16.5219,7.68264,0.899249,0.25795,0.319674,3.37213,5.84655,11.2723,27.5452,4.24127,33.3311,20.3939,20.0556,42.2525,3.56048,6.35407,1.03522,2.26827,3.77994,4.03878,11.4728,4.90515,2.56268,0.462922,6.06362,3.27503,5.62804,8.68373,4.43527,2.573,7.45662,4.67734,5.70876,14.2418,5.22361,4.14628,43.5494,32.552,4.62745,12.9372,1.63105,0.063419,3.6863,10.8088,21.3981,22.3799,22.1548,24.3699,43.9748,6.28033,14.393
109.969705215,6.01457,27.0333,0.108037,4.33676,0.275734,4.82916,7.93486,2.16914,8.95077,3.87722,0.545203,2.98502,4.60504,25.1138,23.3503,3.14722,29.401,6.3753,10.292,0.569768,17.7484,8.69425,3.01713,4.75659,7.74899,18.206,8.2007,18.5609,30.7747,5.00139,17.3839,0.35793,10.0572,2.76864,1.83575,12.3036,8.13559,13.7137,58.5715,66.2071,141.966,55.7115,27.4506,14.1098,9.28743,4.12883,8.64662,4.07639,7.08785,11.7987,9.29666,9.7968,52.8874,17.1919,21.65,16.3914,10.2832,1.93459,0.11368,5.57527,1.11407,3.29854,0.830037,1.89264,36.7802,67.725,29.6505,9.26559,10.7911,8.84544,6.69822,10.2126,10.6872,4.40085,1.02771,3.22939,3.74128,23.5485,5.33014,22.9908,13.1884,5.51996,1.84618,4.68779,7.57639,3.24895,6.18752,16.7116,1.74472,2.32146,58.2359,38.4149,5.6454,21.6703,0.119818,1.86576,0.671683,0.60174,1.2648,2.43752,2.40782,6.90193,0.591614,15.1035,12.5808,1.00731,1.26993,0.137414,9.67438,4.12954,12.3522,19.2253,11.7497,17.6831,11.2157,98.4644,35.8669,47.3484,30.9921,1.7433,0.590686,0.85145,2.75879,6.02547,1.42642,2.30452,0.479052,2.6364,9.98759,1.33271,10.5017,3.91128,0.689762,0.0267675,0.0835987,2.56501,2.32132,5.58381,22.4367,0.971436,35.1401,11.0352,10.3418,25.0347,1.50672,4.56633,0.417275,1.74375,1.10895,2.26525,8.85084,2.98068,2.85109,0.236829,8.56041,0.531973,2.12962,5.49505,1.24078,0.191684,3.25788,2.35315,2.94382,9.45552,4.38103,5.1969,52.1366,34.9222,7.81465,9.07103,0.808696,0.294906,1.45372,4.45932,10.0404,11.4984,13.1748,7.94165,30.3648,2.40666,9.54927
111.455782313,1.76252,24.903,3.72095,2.19285,1.18477,3.4863,3.26229,1.2452,6.36423,1.32535,1.3967,4.39063,3.08817,21.2955,15.4569,2.57948,29.0464,2.35949,12.1185,2.02168,11.7273,3.18659,3.70531,6.06302,6.17949,14.5471,2.40512,9.8867,16.8346,2.12894,23.8892,3.0689,13.4862,1.86001,2.52484,12.4601,4.37446,17.3231,63.2604,105.05,160.404,77.6382,38.4739,13.7838,8.30825,2.14184,8.473,1.40952,6.22391,11.8129,4.51172,4.82342,33.2239,11.2974,13.1691,5.38675,7.10813,2.0566,0.0645696,6.01669,0.101283,2.74634,0.312817,2.51017,53.7413,96.8757,41.0156,9.50383,8.05914,4.82176,3.42742,3.34695,8.29707,3.53435,0.133231,6.62333,3.9831,20.431,3.01819,9.95967,5.16753,3.76053,1.03825,2.1635,6.87788,1.50987,0.795774,20.3363,2.26313,1.21395,65.9171,31.5961,3.10868,18.5973,3.10069,4.83724,1.5441,1.25811,2.88276,3.93518,1.12348,6.02285,2.7454,7.20189,9.48664,1.72176,3.26099,1.20618,9.426,1.15875,8.31347,14.6284,2.2558,19.4085,20.1105,77.5607,53.1548,64.6554,29.9028,1.93287,1.68781,2.07583,0.920432,3.53221,0.108305,2.868,0.849528,3.94808,8.49146,5.43382,8.3132,1.01129,1.2748,0.119441,0.37563,2.83835,0.490531,1.60976,18.9703,5.07009,34.8188,8.90355,6.63586,13.7441,3.80488,4.01529,0.0176333,2.97837,0.954644,1.6844,6.78635,5.76893,5.39036,2.36368,11.5954,0.454212,0.421319,3.17039,0.0471164,0.258326,1.50963,1.13883,2.32157,6.01734,3.4976,9.53668,53.1737,40.8203,15.84,6.20913,0.780911,0.257876,0.776132,2.20357,3.50207,5.17182,8.76704,3.33016,20.9444,1.00747,6.28735
112.941859410,1.5626,26.0913,11.8399,1.97331,2.56216,2.367,1.49438,3.02536,6.23664,0.0918423,2.73267,6.82864,5.35323,21.2971,13.542,3.18977,30.0763,4.03661,17.0755,8.10584,7.02812,0.555534,5.32588,9.31871,7.73939,15.9163,7.05447,6.99932,10.6438,13.2218,35.9635,16.3582,19.1376,4.64471,6.39466,13.7756,2.51325,19.3568,63.5664,126.301,175.218,85.2993,47.5198,18.043,11.4077,5.91086,9.66039,3.50582,8.45648,14.8063,8.21082,3.09242,27.8958,20.4585,9.5344,1.36536,5.7488,1.63331,1.32729,7.76857,1.13298,2.29089,0.267486,5.17118,73.5091,126.963,47.032,8.48306,4.13032,4.28079,3.00235,3.36005,11.3776,5.18621,2.62112,10.1659,8.79663,23.1237,6.9175,2.54994,1.30907,3.33471,1.10572,0.334842,8.65583,3.12065,0.647133,24.1721,6.29014,1.79799,77.2512,37.9707,1.28342,19.5836,13.0918,9.41511,2.6259,2.07387,5.32266,6.64187,0.230247,6.4019,4.75652,3.16386,7.29832,5.34115,6.40939,3.60125,9.4321,3.88776,9.8863,17.5146,4.5901,25.0491,34.3491,53.3719,65.161,83.9892,37.4114,4.24399,3.9235,2.64444,0.413862,2.48134,1.69761,4.81225,1.92368,3.38083,8.08972,8.86609,7.66642,0.118829,3.0301,0.961489,1.78658,4.06715,1.0869,0.187882,15.5855,16.5322,35.9802,9.85089,5.19662,7.08988,6.4976,5.92459,0.71134,6.71532,3.35417,1.8953,7.16116,12.2359,10.9147,9.99745,15.4091,1.44728,0.0503415,1.82902,0.323275,1.63168,1.31785,1.06912,4.66427,3.73215,2.49271,14.597,49.7252,44.0666,24.5608,7.34876,1.52899,0.0300351,1.03344,2.40664,3.21255,6.23265,8.98502,8.88859,15.1504,0.509121,5.95273
114.427936508,2.27777,30.0872,24.5558,3.67362,4.14888,1.75522,1.09045,5.07728,7.50698,1.16265,4.70375,10.6476,10.5432,20.5268,15.6204,1.66376,35.8342,17.2897,24.6451,14.8597,4.31872,0.136781,6.37745,16.2287,15.7986,19.7495,14.6217,7.89011,13.454,34.9973,55.4985,41.5117,27.6832,9.91994,11.6434,15.2881,3.30457,21.3021,56.628,125.084,179.173,77.165,50.447,28.4055,18.7093,13.204,11.3719,9.96049,14.4168,23.7801,23.0996,5.91759,32.7894,35.0842,9.86741,2.40937,4.75794,1.4385,5.08912,11.1342,3.24162,1.59942,0.826932,9.69335,97.1428,147.833,47.7615,5.88259,1.31129,5.86196,5.47624,11.0138,19.5908,9.30705,7.31244,13.347,19.1902,31.6187,11.6547,0.230253,0.574385,3.16901,3.25718,2.31929,14.4025,8.06079,5.08753,25.6836,15.2491,7.86858,93.9807,52.0936,0.111719,24.2653,30.5714,17.1524,3.75203,1.92168,9.24605,11.5102,1.87637,6.88066,5.14251,1.16497,6.04283,9.82366,9.7649,8.14465,9.05266,7.44465,15.9423,29.3833,20.0787,34.2485,43.721,32.8247,64.1844,101.443,47.9807,9.95709,9.04275,2.59215,0.334421,3.14561,6.29979,8.5393,3.73536,1.67293,8.2368,9.50388,7.99705,1.39669,5.46794,3.30392,5.62544,6.46903,2.89905,0.76463,13.1717,30.153,39.3321,10.0228,4.64708,3.91793,6.84683,11.2917,4.93471,12.0722,7.28824,3.25837,9.90241,19.8068,19.4586,23.923,21.801,2.332,0.240139,1.00494,1.50923,3.8144,2.70915,2.26547,7.92808,3.16406,2.12045,17.435,43.1538,41.7331,30.2831,12.4447,4.29198,1.94538,3.09219,4.56295,8.08355,13.204,13.8967,19.7223,11.8163,0.275652,6.75268
115.914013605,2.19464,36.0309,42.5845,8.78765,5.87771,1.21531,1.37858,7.11354,8.03615,4.04761,8.25936,15.6521,15.4145,18.2534,18.0961,0.481306,47.381,41.9653,34.2066,18.7538,3.47459,0.284507,7.27482,27.6328,29.1886,23.3857,19.8081,11.4052,21.4421,60.1952,86.1885,70.7114,35.8807,17.2237,17.0924,14.1637,6.76407,26.2077,40.8954,109.476,165.526,59.3895,43.5536,43.4012,30.2252,19.702,12.7435,18.2786,24.3043,38.5416,44.8406,16.9511,43.1829,45.2699,13.6008,5.16364,3.65278,2.71927,11.0654,15.9256,5.68362,0.931391,1.63844,15.3952,122.091,155.694,40.8442,3.5802,0.330754,6.77547,12.2759,27.8192,33.7472,13.4277,10.3961,18.6658,33.3055,41.3203,16.3013,0.682875,1.2315,3.82887,7.29047,8.87208,25.1267,17.1264,11.6685,24.2529,26.6792,22.7887,112.685,67.5347,2.27567,33.0835,50.15,29.0827,6.53617,0.667601,16.8762,21.2083,6.69981,5.57401,5.34398,0.397296,4.97127,13.0713,14.3914,13.0499,8.62541,9.52079,23.7999,47.6905,45.4697,46.7917,40.6887,19.1604,52.2113,111.111,55.0354,19.8126,17.2659,3.15598,0.605687,5.72394,13.4147,14.6827,6.05609,0.669608,7.85063,7.985,8.2828,3.70624,8.49257,8.34103,12.5238,9.99542,4.46116,2.33228,11.9824,38.5097,45.5667,7.92959,4.38182,2.53293,5.66076,19.6148,14.8558,19.6945,10.5925,4.88107,14.047,26.9654,28.3156,40.5887,32.7518,3.54678,0.423753,0.804751,3.06695,6.24116,6.1879,5.48968,10.0956,3.62918,2.89324,16.2937,34.8272,33.8129,30.7072,21.1701,10.2873,7.60007,8.16475,9.31535,15.9716,22.3948,22.3053,30.6119,11.1936,0.107571,5.7917
117.400090703,2.01515,41.3524,64.446,20.0567,7.48008,0.561871,2.68436,7.92217,7.87064,7.10439,13.3451,20.7886,16.6913,15.1323,17.8385,3.98447,64.3946,73.4732,43.6729,17.6494,4.31778,0.0668592,9.32048,41.8029,43.8662,24.8978,20.4514,16.9508,28.8049,81.8853,124.373,94.1179,40.7509,24.0338,21.5106,10.4254,11.0331,34.5947,21.8745,88.2276,137.364,38.1072,30.04,58.4612,44.4306,21.505,13.8013,25.1984,34.763,55.7831,67.5766,36.5365,52.8052,47.2335,19.5949,7.46737,2.51624,4.72833,17.9915,23.0014,7.14059,0.506829,2.06126,21.7109,143.439,149.278,28.7012,2.98999,0.104062,6.58059,23.9963,53.6336,54.5537,15.7743,10.2437,26.946,43.8968,49.0205,20.8045,2.3259,2.37055,5.76145,11.3621,17.645,41.8717,31.7793,16.3326,20.3978,38.242,44.9466,125.656,80.0629,9.85174,42.1356,67.3479,43.4565,11.3201,0.797898,28.0992,39.3105,15.6256,2.68579,6.08769,0.981575,3.89028,13.7849,20.016,16.5799,7.312,9.78633,29.7072,68.606,77.1078,57.9258,28.1953,10.8724,40.8201,105.957,56.2217,30.6021,26.8343,6.30133,2.26404,10.136,20.0311,22.9467,9.82839,1.59306,6.7713,5.59769,8.09042,5.39531,12.2741,16.3026,20.701,14.2551,5.50609,3.6836,10.7149,39.8808,51.4073,6.38458,4.00518,2.13532,5.08505,27.8772,30.4181,30.7222,11.3859,5.81161,19.6375,30.9087,33.5718,56.6343,47.3873,6.58921,0.715686,1.22878,4.42013,8.73252,11.2161,10.7058,10.9858,3.8257,4.5555,12.6535,24.7416,24.8419,24.3858,34.0107,20.2182,14.8476,14.6708,17.5679,25.8733,29.2236,31.2263,39.5966,12.3423,0.235233,3.61948
118.886167800,2.20541,44.0828,86.6108,37.7884,9.47092,0.188726,4.50005,7.43318,6.7632,9.35056,18.5092,24.9012,14.2244,11.3238,14.5312,12.777,85.3938,107.371,47.1466,14.1707,5.34186,0.0438465,12.0631,56.3282,57.5335,21.4027,18.7129,21.371,32.236,95.2803,158.12,107.608,38.5409,28.5129,23.5199,5.8927,14.2777,43.6921,8.33428,70.0905,100.107,20.7699,16.5609,67.178,58.3163,19.354,13.0101,30.0202,41.0544,68.5041,88.1973,59.883,55.3866,42.753,24.5417,9.09599,1.32026,6.47804,26.1179,30.3365,7.61551,0.214475,2.06229,27.7374,155.013,132.026,16.2103,3.54534,0.0279864,6.46945,37.247,86.7443,81.5261,15.4166,9.64441,34.5364,47.0854,52.4332,23.9388,4.30388,3.74237,7.94461,14.4334,26.963,60.4833,51.6068,18.985,14.5235,49.538,66.8984,125.662,87.4866,21.3681,46.4372,78.5764,56.8581,16.8502,3.46493,41.9587,66.9189,30.1057,0.913666,7.714,2.09651,2.79165,12.3078,24.0605,18.9562,4.72491,8.89847,31.3357,84.849,110.737,63.731,13.9556,7.79842,35.364,88.873,49.283,37.6941,36.6738,12.6436,6.04633,14.8851,24.1884,30.7457,15.9946,5.43973,5.52895,4.05844,6.82178,6.1236,15.7258,25.1024,29.3762,17.4501,5.61844,4.65982,8.12097,36.547,53.1577,7.63955,3.97099,2.06318,5.25518,34.528,48.7448,43.2508,10.5052,5.90494,25.3719,30.3304,32.9839,67.6981,63.1623,12.6923,1.66072,2.16124,4.92633,10.7516,16.7122,16.9113,10.6157,3.36237,6.52755,8.10512,15.2493,17.2304,15.573,48.1334,32.3923,21.3847,20.951,27.4361,35.1919,32.0102,35.8753,46.0818,14.5797,0.697992,2.67013
120.372244898,2.66161,43.296,104.305,59.176,12.5437,0.660218,6.00451,6.11453,4.8447,10.1512,22.3953,26.3418,9.77544,7.28008,9.8483,23.2862,107.809,136.339,43.5157,9.77187,5.97384,0.484811,14.9199,68.1415,67.5954,14.1629,15.9138,22.2531,30.8758,95.9846,177.402,108.98,29.33,29.648,22.3987,2.47435,15.5666,50.3072,6.16984,58.0044,63.5502,10.4464,7.67915,66.521,68.4885,15.1909,11.0784,31.0571,40.9513,71.8389,100.845,80.3354,49.2176,33.9018,26.0731,9.85354,0.51991,7.77866,34.292,36.0165,7.2541,0.0613796,1.92837,31.6817,152.49,111.357,6.35113,4.75038,0.0799651,6.98497,47.7026,120.78,112.187,14.8057,10.8317,38.0723,42.259,50.1262,24.8541,5.79418,5.12374,9.31822,15.6032,34.2855,75.1357,73.139,20.9157,10.4299,58.1231,78.7742,112.554,86.4048,32.5269,44.196,80.5477,64.9894,21.8913,8.50092,55.9748,100.225,50.678,3.8936,10.0398,2.86088,1.95154,9.37029,25.1202,19.9045,2.0246,7.08934,28.5177,91.16,136.856,65.4097,4.07488,10.5117,35.4063,65.5243,36.0898,38.191,44.6705,21.4307,11.4011,18.2529,24.9645,34.7725,24.0929,12.6202,5.42377,4.04156,4.78594,5.87094,17.7563,31.6995,36.8294,18.668,4.64886,5.09343,4.73546,30.4985,49.7945,11.4898,4.27045,1.87281,6.05425,38.4556,63.9844,54.5528,9.83664,5.92802,29.6856,25.3677,27.035,70.3124,75.9713,21.8788,3.83836,3.26976,4.33698,11.7872,20.9093,22.6042,9.45499,2.3918,7.98318,4.07794,8.32503,12.2268,9.23544,60.2001,43.659,24.5274,25.3907,35.9565,40.882,30.0456,34.246,48.3801,17.7619,1.3988,3.41767
121.858321995,2.93333,39.6745,111.421,80.8928,16.2669,1.90392,6.94276,4.15588,3.09362,8.80193,24.3594,24.3873,5.37108,3.7326,5.46504,30.8242,129.087,150.648,36.2537,5.36903,6.05261,1.2047,17.655,73.7147,71.4723,7.12721,14.1284,17.5085,26.8073,81.912,180.995,95.0616,17.9736,27.705,18.2902,1.24947,15.1095,53.1485,14.0992,51.0608,34.1003,6.71413,4.56688,58.1759,71.4775,11.8021,8.64804,28.9045,33.7058,65.346,100.131,92.609,36.0694,23.7774,23.1133,9.84889,0.409407,8.57119,40.1799,39.5416,5.98917,0.0908689,1.90057,31.7136,136.475,92.6211,0.961672,6.08012,0.287192,7.42045,54.3872,142.732,142.999,18.7972,15.2759,34.0832,32.9872,41.7664,23.996,5.73053,6.8438,8.42653,15.5043,35.4417,83.7958,87.8203,25.1003,11.6648,61.7089,74.381,90.322,75.7191,39.268,35.3866,73.5252,64.2414,25.4478,13.982,66.2455,132.313,75.4318,13.0549,12.7503,2.89383,1.38653,6.03128,23.0407,19.2548,0.440052,5.23893,21.8769,87.2464,143.911,68.28,2.48745,16.6534,35.7687,43.4023,21.733,30.06,50.7486,29.5313,16.2892,20.1849,20.8316,35.1392,30.1628,22.8249,8.23882,5.10412,2.84986,4.05833,19.2704,31.9241,42.3384,17.5068,3.29951,4.37271,2.00154,23.7408,42.0947,15.7233,4.92705,1.29052,7.21875,38.5168,70.9864,61.6051,10.9651,6.90652,31.4631,17.5278,18.408,63.6825,82.349,31.3109,7.72219,4.55715,2.70006,11.9396,21.482,27.401,7.57829,1.41438,8.2936,1.52466,4.34662,9.93085,9.67368,65.0786,51.6296,22.9029,26.5451,41.371,39.2261,25.6193,26.6449,46.5965,19.5955,2.94012,5.83634
123.344399093,3.17311,33.8263,103.84,101.939,18.56,2.84163,8.49058,1.6262,2.05593,6.89298,22.427,20.9249,1.79305,1.39687,3.1247,30.423,149.253,142.962,29.6678,1.6542,6.57087,1.28445,20.243,72.9596,64.5426,6.12012,15.1519,8.00852,24.2012,55.4764,178.841,63.403,11.4586,26.2423,13.4986,2.06903,18.2406,50.9873,22.1151,51.1944,13.6424,7.17211,3.6965,48.5843,65.8229,9.80473,7.04291,26.1962,21.7724,51.3915,87.0284,93.9618,21.3027,12.6368,19.442,7.39237,1.56919,10.4802,38.3711,43.7493,3.69075,0.65262,2.41898,26.8848,113.235,74.3419,1.88567,8.27557,0.682313,6.33413,59.3677,141.151,164.799,36.3893,24.2873,20.7298,25.5252,29.0797,24.8212,4.35221,10.2028,4.54395,16.2154,27.7892,89.4711,84.2392,34.5324,21.8339,58.4428,56.3272,64.8184,57.787,39.911,24.3154,57.8897,56.783,25.4277,16.842,74.0995,146.505,105.106,27.6239,13.2655,3.10353,0.960497,2.74507,20.5926,15.9483,0.593955,4.20907,13.221,77.2001,125.286,76.7519,10.1875,23.3005,30.9132,29.1959,10.2428,15.0016,58.0524,33.403,17.193,23.7782,11.2146,35.7669,27.2449,37.5549,17.0308,5.6368,1.6936,1.59965,21.4234,23.9328,46.7392,14.6575,2.50515,2.28192,0.489959,19.846,30.0433,19.1378,5.4103,0.700721,7.04942,36.839,64.557,64.7154,13.6027,8.5901,30.878,9.07399,10.9187,49.5917,81.7468,36.2695,12.7245,6.49138,0.952512,12.1001,16.7006,32.5734,5.36418,0.976487,7.38963,2.24232,2.0344,9.90219,20.5137,57.7253,55.0647,18.0952,25.5574,43.1302,29.7916,21.5736,18.1729,41.0554,17.9192,6.39403,8.95796
124.830476190,4.21701,26.1459,84.5254,119.057,20.3035,2.5238,11.5534,0.488214,2.06916,6.82808,15.9546,17.726,0.894169,0.404207,2.22207,24.2873,163.978,118.797,23.8831,1.0878,8.45649,0.555728,24.8521,62.2746,51.509,11.281,18.0886,0.983886,24.0702,31.4529,175.65,27.2662,13.1436,30.4516,15.7782,5.44565,32.5013,48.76,21.4219,58.8757,3.25564,8.86379,2.50689,39.3667,57.2698,6.91642,6.62241,27.5316,11.0481,36.3108,69.6032,85.9632,9.58075,3.62201,16.6458,3.30982,4.63452,13.5706,28.3718,49.6857,3.01559,2.78113,3.29285,23.2019,84.2099,57.1803,9.43148,10.6491,1.63246,4.37018,62.9421,114.864,171.686,68.562,36.8578,6.04514,23.4619,18.6354,33.5153,5.93832,16.522,2.26622,17.4011,18.2421,90.3419,63.089,48.4688,41.0072,47.5304,35.0608,41.6247,36.4381,38.5636,13.3957,43.6968,41.517,26.9164,14.9051,84.7599,125.005,145.329,45.628,8.81727,5.03582,2.23145,0.209172,18.8255,11.4036,1.8007,3.44239,7.23256,62.6848,88.651,88.42,25.9078,27.1892,21.7519,22.5619,4.678,2.81546,65.3355,35.2069,13.9688,29.9665,2.95493,38.72,15.4777,58.2685,35.6956,5.53902,2.1001,2.29593,20.9063,14.0709,46.1714,14.9426,2.91397,0.170615,0.878842,19.7155,16.9524,20.1498,6.13776,0.2448,5.09922,34.3421,46.8607,63.5487,18.6799,8.61011,29.7285,3.17412,6.08235,37.1782,69.9503,36.9508,17.3758,7.69738,0.512526,13.5015,8.22584,39.2758,5.2397,1.01137,7.33605,8.38505,1.49391,12.9524,40.6646,42.0953,52.2635,15.5146,26.8016,41.4566,18.6348,19.27,14.2523,33.7064,12.822,11.8609,11.3625
126.316553288,6.58067,17.8051,61.6149,128.223,23.1389,1.80818,15.7329,3.33178,4.0609,10.3473,7.83769,16.5875,3.12246,0.709466,1.8097,19.3718,164.022,94.5528,16.2136,7.39569,14.0407,0.927121,30.5215,43.7933,36.6819,17.8372,24.5519,2.87211,26.9646,27.0872,168.444,5.75571,23.7284,46.3579,31.9975,15.4596,59.0137,51.4128,14.1119,72.7065,5.07937,13.4833,2.04308,27.7672,51.1579,4.04298,9.29909,37.2507,14.6968,23.9952,58.07,74.627,2.18942,0.045296,15.7059,0.269911,9.73183,16.0493,15.9877,54.8861,8.45206,8.23698,5.50669,26.4051,54.2359,42.575,19.5104,11.5268,4.00514,3.3342,66.8991,70.9478,166.789,103.702,49.714,0.0224589,28.6179,21.5675,55.541,18.0384,27.2432,6.2806,18.609,13.5426,86.6093,33.5621,63.8397,65.7287,32.2215,18.0103,25.7333,19.035,36.5801,9.54443,33.4235,24.6304,36.8423,13.3149,103.259,71.9278,202.044,66.733,2.53516,9.81953,4.98244,0.463865,16.4813,7.50566,3.08069,3.4573,6.18396,44.4838,50.0104,95.4716,48.3913,25.706,12.8121,20.1972,5.79872,0.716792,73.6547,39.2541,11.8794,37.7545,3.95391,41.3398,3.73297,82.2478,70.2221,9.56605,5.8702,7.90479,15.7012,6.36969,41.4654,21.7033,5.93248,1.12689,4.47574,20.8975,6.98322,17.87,7.74966,0.405103,2.33114,31.4438,25.8891,57.1888,27.2403,6.55853,27.4938,6.19131,5.03563,34.3537,49.1869,35.7199,19.2528,7.3888,3.09265,17.5625,2.81588,45.0256,9.37324,2.0457,9.76582,21.1309,5.86881,22.8649,62.7544,26.12,43.6098,21.3902,35.2519,40.227,12.4276,19.8545,15.1476,27.8544,5.95202,19.8408,11.9157
127.802630385,9.71102,10.8853,43.8189,126.226,28.2015,2.1236,21.0556,10.2788,8.20483,17.3076,3.99156,18.3158,8.84942,2.46531,1.4279,17.3818,151.397,78.1307,9.03283,21.8453,24.8422,6.35633,34.6871,24.1047,23.3621,21.122,34.7733,16.9636,33.4315,45.5125,157.703,8.15534,39.7998,76.5863,64.9603,36.2204,91.5392,58.5937,10.8632,88.3243,20.7956,22.6847,7.85881,14.1053,50.647,8.91573,23.3421,57.8965,35.9208,21.6571,54.7169,66.1972,0.199566,2.23406,16.6546,1.24351,16.4602,16.2087,6.69986,56.8706,23.1483,19.0039,10.4596,35.9567,32.7196,30.1907,28.9033,9.91238,8.02272,6.52884,70.6366,28.144,151.646,128.102,59.6735,7.80055,41.0272,46.5646,91.5925,44.995,43.023,17.1633,21.1314,17.0975,77.7626,9.70946,76.7792,89.3736,18.7541,7.82043,17.491,11.5734,35.4488,14.7472,27.752,16.7965,51.122,22.4891,134.857,18.6485,282.323,96.1126,2.11667,17.0452,7.14479,2.61503,15.0802,5.00297,3.53227,4.30223,8.93835,26.5642,21.1254,92.2846,74.4801,20.0326,6.52332,20.3043,12.1259,8.2918,83.7141,51.2923,17.1417,47.8139,13.5762,41.7602,0.676392,109.077,118.78,25.1946,15.5689,18.0603,8.03319,2.34494,36.5339,36.7686,12.1168,6.21857,11.367,22.8547,1.31745,13.4213,10.0821,1.75537,0.32332,29.0777,9.22482,48.0015,36.9799,3.17665,25.7096,19.2741,9.3359,44.9063,31.6496,35.4791,19.1488,6.91112,12.4866,23.8791,5.43585,47.3472,17.1715,4.71144,15.8175,38.7081,19.6058,42.3496,77.4707,15.5704,34.2418,37.5239,52.8244,43.9789,14.1691,24.6943,18.0539,23.7088,1.71876,30.1219,10.809
129.288707483,12.1994,7.40537,35.8199,113.368,33.9423,4.71765,26.9578,19.4977,14.2694,25.5252,7.45956,23.6484,18.8451,5.94898,1.13923,16.1484,132.628,72.4452,6.47074,38.8568,39.8253,21.5699,36.7332,9.88841,13.764,21.2133,45.7099,37.2734,44.9659,79.0902,142.135,28.4359,58.9604,120.049,105.035,65.8988,121.171,68.4304,19.7069,101.827,45.0594,35.5626,24.8668,6.93941,58.622,32.2168,55.3574,90.8561,65.7547,30.6604,59.7296,61.7181,2.57049,7.41736,19.1861,7.89735,23.8556,13.9385,2.48289,55.207,45.7853,35.3743,19.784,45.8101,23.8598,23.1884,36.4789,6.1691,13.2798,17.0336,72.9518,3.65938,129.059,131.463,64.5305,25.8682,59.5039,91.8,137.378,84.2342,60.3123,31.692,26.2797,27.0116,64.0607,0.810041,86.6798,105.312,11.1631,3.73808,14.9929,14.2645,34.1326,25.5772,28.9201,21.1335,62.1533,48.1215,178.119,12.1356,392.965,143.949,12.707,23.5857,8.48983,5.98402,13.2245,4.1668,3.11049,6.58764,12.636,12.588,5.27632,81.6598,97.1818,14.4573,3.39974,20.4804,20.3578,21.4709,94.9504,70.3306,33.4695,62.0472,25.369,38.4348,11.3082,138.497,171.722,53.6265,32.0223,31.5192,2.39957,1.95511,36.8056,59.7012,20.8641,12.6618,19.928,26.087,0.276773,8.11174,12.4116,5.02461,1.12713,27.2761,1.5362,37.6584,45.2972,0.982438,26.5117,35.9434,19.902,67.6213,30.664,41.7962,22.8037,10.3115,30.1623,31.1038,14.3461,47.1674,25.0902,8.96021,24.2387,57.0474,44.4768,70.4048,78.9688,12.054,29.3687,61.2916,76.1559,53.11,23.2584,33.0293,18.7905,20.5253,4.59046,41.3245,10.1238
130.774784580,12.6989,8.28514,36.9656,92.1591,37.6955,10.2184,32.0328,27.1956,21.4391,31.9896,16.9448,33.3234,31.8076,11.1337,1.67926,13.2421,113.687,73.7191,10.7421,52.6709,54.5857,46.4051,39.3325,4.79078,10.2788,21.163,52.7307,53.8741,62.286,108.279,125.321,50.2769,78.2872,167.001,139.929,95.9769,137.361,79.6382,39.2593,107.952,70.6736,49.2122,49.3212,15.4675,80.6799,81.3772,106.042,130.379,89.5455,47.5766,67.4698,58.2148,7.81465,11.9544,22.3482,18.8889,31.0755,10.3578,1.76161,52.7661,70.0237,52.9588,33.714,50.1884,25.4625,25.6278,42.4269,2.07137,19.3253,35.841,72.0282,2.5748,104.904,111.032,63.2604,45.4347,81.6338,142.847,183.365,125.491,73.448,45.2968,32.8444,36.1358,49.5403,6.49766,93.4125,112.299,8.75428,3.38081,16.228,20.6852,32.342,35.9298,32.7254,34.5033,68.9821,82.7214,221.916,86.7804,537.96,219.242,31.517,25.8717,10.0815,8.21941,11.3748,3.84259,2.9311,9.80399,15.1804,3.52765,0.323941,73.2557,107.113,12.4809,2.73539,18.7215,27.6311,35.3215,101.735,90.7953,60.8426,78.3406,32.1869,32.4357,33.5405,166.197,214.214,89.7881,53.2122,44.0137,3.10352,4.96219,47.65,85.1884,29.939,17.5199,28.8533,29.7165,2.78172,3.88246,13.4106,10.7348,6.68892,24.6654,1.90672,29.9678,47.5151,3.24805,29.2465,49.2365,36.0505,94.3877,51.5538,62.201,38.2031,21.1307,51.4205,38.7722,25.0487,43.9076,29.6851,14.2287,31.9138,71.1289,76.842,100.768,68.2666,13.1908,31.3494,85.7027,97.5408,63.9662,35.5379,41.7416,15.2903,18.1965,15.8453,50.3806,12.6523
132.260861678,10.6417,12.3903,43.6867,65.5724,38.2031,17.9384,33.0536,31.8466,26.8652,34.1513,29.2372,45.6304,44.5473,17.1838,3.54676,9.63919,95.3056,75.6293,20.8085,58.5209,66.3356,70.4147,47.4888,10.9477,13.1768,23.577,52.363,61.9731,78.565,120.668,104.965,61.079,97.4501,198.405,162.637,112.604,136.072,88.1122,58.2536,107.501,85.4141,61.3841,72.8093,40.5623,120.699,154.83,165.117,164.124,98.8921,63.8943,69.9566,52.225,14.1961,13.5085,25.0735,30.4911,36.785,7.83707,2.18689,50.7854,88.8246,66.3707,47.8525,46.8799,31.569,38.1587,48.2564,0.28775,25.7569,56.713,70.3418,17.1342,81.1785,77.474,54.1561,58.9144,102.532,178.22,220.014,153.335,78.0087,52.8771,38.3854,38.8329,36.4393,18.4463,98.5907,112.421,8.70433,4.27756,19.2961,24.4722,28.6667,39.1119,37.1265,48.0706,72.2653,109.853,252.053,244.181,706.21,317.376,52.7256,23.6374,10.8529,8.68375,8.90762,4.10925,3.26853,12.7759,15.9887,0.132093,1.4724,71.1145,105.157,12.2787,2.94256,15.2373,31.5252,46.2748,96.0948,108.112,90.6585,90.8936,32.538,24.3858,60.2148,185.502,231.45,122.76,74.8321,51.1134,10.1159,11.8765,70.3661,107.803,34.9012,19.7444,35.9924,32.4853,7.15208,1.07961,13.9073,17.6,15.765,22.4532,5.13674,25.2117,43.7218,9.94756,31.8516,54.9802,53.5806,114.221,89.6191,99.993,68.5463,39.7476,69.7811,44.6114,32.1198,38.0411,28.756,19.4951,34.6474,78.1249,107.332,123.967,51.8181,14.9177,39.3296,101.294,108.905,71.0117,44.7296,47.4399,9.54639,17.272,31.6367,55.6275,18.6038
133.746938776,6.8827,17.4764,49.1479,40.8817,33.5362,25.9687,28.0225,33.562,27.3363,31.7859,40.8438,54.5626,54.3204,23.4689,5.54676,7.60229,77.2185,72.8798,31.8716,54.0878,72.8646,82.801,59.4689,28.1668,24.5691,28.6104,41.9007,62.6721,82.3916,117.32,78.3685,58.7708,108.835,203.123,168.615,105.029,121.426,87.8412,67.2375,100.014,82.7638,68.2458,87.0246,75.6907,172.974,237.908,218.735,174.978,94.5763,70.1571,64.3308,42.4049,19.1363,13.1131,24.1519,40.2168,39.433,7.27491,2.5171,48.9007,97.436,69.9217,57.063,36.505,36.7907,58.3997,52.4786,3.29196,31.7773,71.0671,68.5394,34.4104,59.3118,44.3383,38.6299,62.0188,114.6,185.452,233.975,160.8,69.8619,53.0377,38.8476,34.6302,24.3335,28.7067,102.176,106.868,9.44991,5.5703,22.2315,22.8048,23.672,33.0027,41.0542,51.9454,71.9768,113.928,260.178,444.251,871.805,414.535,69.8519,18.622,9.87357,7.79382,5.84602,4.92787,3.50488,13.9259,16.0833,0.797839,5.06145,73.2874,97.6769,10.9573,3.47754,10.3801,31.8535,50.5459,77.6918,116.906,108.868,95.4894,28.2114,17.1254,82.5271,186.955,218.798,140.726,87.9077,53.5838,18.7719,22.2173,100.152,125.738,31.6816,20.502,36.8816,34.478,11.7127,0.0587315,13.7104,24.0677,25.613,20.4532,7.07814,22.2218,36.4396,17.8065,32.1137,52.592,65.2372,120.166,132.14,148.638,107.733,63.6225,78.9716,46.1413,32.339,30.4175,22.7489,22.8803,31.3285,75.5328,127.15,130.708,38.0477,13.3943,50.344,101.032,105.761,70.935,44.4347,50.4122,5.44608,17.8435,44.6197,57.6033,24.9636
135.233015873,2.62094,23.1373,46.3915,23.9223,25.2674,30.3519,20.3222,29.6435,24.7489,23.645,50.5919,54.3348,58.7683,28.9039,6.45551,7.74923,59.486,64.0492,36.2761,45.4501,66.6574,84.5386,66.338,51.6707,46.4271,32.2699,27.3738,53.9084,73.5466,98.4781,51.2751,47.0764,102.67,185.953,150.991,79.6983,96.3718,77.0674,62.6162,84.5917,67.1375,64.1053,89.7782,107.624,224.308,307.289,246.076,162.231,76.2333,64.9783,51.3078,29.5636,21.6556,10.3088,21.1399,43.2427,40.2797,6.72818,1.99738,48.2964,92.5812,62.9413,57.0906,24.4864,35.5977,81.8862,53.8624,9.41875,37.5622,71.2839,67.7593,41.1551,42.8332,19.0104,20.128,57.4316,108.128,168.99,211.99,153.838,48.5605,47.5958,33.1488,24.4585,15.7912,30.5543,104.227,91.3067,13.0222,7.77911,21.7233,18.6135,16.9478,21.6534,42.4972,43.5489,68.0511,91.0951,247.024,609.958,1011.48,473.44,79.1027,12.2831,8.47905,5.19174,3.23729,5.70234,2.88304,14.2266,14.9093,3.03305,10.3636,74.5696,87.5859,8.37192,4.88059,4.89924,29.6135,45.8416,52.0292,114.936,105.229,92.6235,22.069,11.7779,95.4024,164.286,183.897,133.567,90.3507,48.9054,25.9655,34.416,125.965,139.875,20.9425,20.4913,30.7538,34.0317,15.5059,0.914993,12.6176,28.3772,34.7158,17.206,6.8575,18.6558,27.7565,22.7889,29.4553,44.0851,64.4536,112.756,159.836,195.594,146.423,82.3075,78.7499,40.5631,27.1645,21.4346,14.2821,23.5758,22.1772,66.7315,125.675,123.708,27.6207,8.65156,60.5267,85.2151,89.6881,62.482,35.1197,49.6437,7.45971,19.8595,47.5503,58.9108,25.3059
136.719092971,0.737598,34.3373,28.6655,19.5664,22.241,26.7348,16.3349,17.6486,24.0082,10.9906,61.9022,39.4193,62.7634,30.256,5.9562,12.5427,42.1762,54.0565,28.416,43.5186,39.7557,91.9925,52.5417,77.3777,94.8923,24.5219,24.9447,28.4042,64.3457,68.9446,29.4625,42.2261,66.4848,170.296,102.596,52.9653,68.533,58.8986,50.5355,60.7658,50.4129,42.6616,91.3984,115.368,256.272,362.425,213.599,150.353,39.4561,60.8297,30.3717,18.2398,25.5046,4.90673,27.5508,25.7149,54.0183,3.51284,2.94142,51.5917,88.6127,49.7126,48.6866,20.745,15.9131,125.844,52.0998,11.1647,60.5473,40.1265,86.6029,22.5381,44.7511,3.37809,3.85142,59.7087,71.7456,151.338,149.11,150.156,22.6097,37.5139,26.8541,10.0603,13.9016,22.9528,106.777,62.3373,23.372,12.5577,14.1422,18.0602,9.60847,10.1484,47.7659,21.9558,74.5173,40.781,240.601,630.799,1148.95,452.303,83.5039,7.98871,12.6922,0.865948,1.48709,10.0999,1.10638,20.9306,10.3078,5.99629,22.8601,63.1198,79.3242,8.35916,8.56811,1.56342,24.68,35.4276,23.7794,111.779,73.9918,92.4237,15.7733,6.57094,102.886,119.146,152.46,89.0135,101.515,27.5202,42.2806,46.6552,118.44,185.891,2.50588,22.1333,26.8616,26.1767,20.9922,11.1509,8.58099,35.1702,47.8168,8.72329,6.84616,20.0849,15.2675,29.3209,19.5786,39.752,43.4021,104.969,151.09,230.368,179.477,80.6388,75.5009,26.4975,22.7063,9.92077,8.22881,21.9254,9.53575,65.2018,88.5086,123.541,13.8396,2.69184,73.6844,57.2382,79.7096,37.5387,31.3382,34.5807,24.8099,29.9875,30.7497,72.0129,12.8083
138.205170068,14.6359,48.5899,10.801,27.042,30.3191,22.6941,15.9289,5.9486,25.0993,2.73896,74.9969,17.9198,67.34,29.9414,4.70164,25.0443,32.2887,43.3968,23.9905,50.9077,13.6816,111.218,30.4285,108.847,192.205,22.4871,40.4958,6.97619,59.8499,50.61,26.6901,46.6895,25.3442,153.815,48.3894,32.0131,48.1939,41.5182,36.1672,39.9566,34.0156,17.4293,93.5906,95.0152,262.855,396.819,135.015,142.23,7.7371,59.5204,12.9047,18.2942,33.5889,11.4113,49.1063,4.62524,84.7093,17.1052,14.4233,81.1114,113.823,52.8939,56.5213,33.9402,1.07762,212.933,68.9921,21.0552,111.135,5.0547,128.577,3.40952,64.2526,10.5672,7.87318,71.8189,27.1841,143.058,77.4751,163.068,11.0078,28.4975,26.2251,1.46908,16.4258,19.7594,101.919,32.6817,36.3873,21.1247,4.02873,23.0702,9.734,8.36031,61.3966,8.94823,96.1017,1.93684,252.862,482.866,1289.19,377.808,87.3365,21.8363,27.6523,4.37045,7.6771,24.4587,7.14501,39.0138,7.85747,12.6053,45.0517,41.2648,71.7456,19.8524,15.3603,4.2516,18.8086,24.7238,4.18656,109.47,36.3739,92.3872,22.4326,2.82394,108.403,84.5532,132.88,47.5311,128.521,17.0701,81.8508,67.7823,90.8673,292.597,14.3248,41.2864,47.096,27.3692,40.332,51.483,13.8174,62.9062,74.0164,5.15923,14.6667,34.9625,7.40985,40.5364,8.91703,40.0918,16.9323,96.8132,109.868,245.826,199.24,59.2578,69.1979,13.0652,17.2475,2.03731,6.40763,19.2448,4.84024,74.0673,37.2673,132.392,9.76608,1.4358,98.4425,41.5377,89.8558,14.9869,38.6918,16.6873,69.4419,51.6065,13.8304,97.2216,0.922744
139.691247166,49.0291,79.9414,8.31515,53.5642,46.8108,22.8604,16.9966,4.05334,36.4477,11.3243,79.7792,5.73509,68.3395,36.8045,6.21975,47.8421,30.1522,40.6701,37.699,72.2081,17.9349,155.324,29.4277,168.349,334.741,63.0614,77.8468,21.4821,78.1683,63.0753,57.9529,57.4299,8.35238,133.348,9.89606,26.9456,42.4707,29.8852,26.1574,27.5363,21.9076,4.18491,98.1792,59.508,251.374,409.926,50.2523,137.254,1.53294,59.153,8.78906,37.5471,59.3737,49.4384,92.0956,6.97664,129.409,69.3561,54.5385,168.493,197.872,113.759,110.876,76.8481,37.1486,349.453,146.926,71.1716,199.656,10.0897,188.349,19.678,99.9038,49.2558,46.4094,102.614,14.2516,138.31,42.071,192.317,31.7055,41.4182,41.8266,6.19352,17.5012,22.1349,104.694,6.36182,53.9021,23.9235,0.216557,34.234,34.1872,35.5544,99.5916,15.7235,106.654,20.2095,324.617,220.096,1512.45,280.387,96.1655,54.3209,58.2771,35.8863,43.228,63.8795,28.1767,57.0865,18.8946,28.7738,89.0537,13.4965,70.187,36.3032,27.3737,20.9945,15.5507,24.3773,1.06165,97.9735,19.5896,98.3214,49.7111,2.80381,126.163,82.5164,137.997,61.2504,186.238,63.6828,168.899,111.762,100.063,454.493,112.664,114.045,123.504,74.1191,98.2816,137.182,49.8124,123.847,131.224,25.6008,47.3963,71.0169,16.4133,57.5264,7.26356,43.0043,1.84889,86.0843,58.4438,237.076,210.487,27.3128,61.7139,5.36524,9.89722,1.29086,10.835,26.7893,18.0021,90.6704,6.00378,141.228,35.1051,15.3014,152.733,68.1054,127.54,27.3949,57.9163,19.0616,150.491,97.3359,26.1668,134.423,4.99307
141.177324263,99.1942,163.333,63.57,116.804,51.5067,23.9107,32.841,30.3628,70.7572,44.2291,65.971,6.30004,74.2971,58.6419,16.6323,72.2919,36.6154,50.2011,74.6747,116.252,70.7263,225.473,83.9969,270.099,505.441,159.097,136.191,89.779,136.934,124.325,129.395,71.1032,19.8833,112.048,0.777342,37.8937,54.8989,27.8851,19.472,24.6428,20.6207,10.8637,107.3,29.7857,232.152,406.833,2.51589,138.201,21.1191,57.7242,22.851,74.8547,117.172,137.74,159.254,44.9935,176.915,161.218,141.509,336.234,362.493,251.067,219.238,155.224,149.053,535.894,308.899,189.339,320.853,83.1462,264.754,86.0996,148.469,112.348,118.954,160.044,63.2973,150.537,55.5038,207.468,96.8211,107.402,95.8351,38.0585,16.4141,17.3927,130.277,7.22004,96.9093,10.9487,3.99319,57.2961,128.591,152.6,189.895,30.3254,79.1658,119.016,524.425,70.9351,1917.7,220.924,100.825,69.8216,122.843,149.84,163.882,153.562,54.4858,50.8566,55.6234,83.8387,180.314,4.53874,70.9788,39.0225,56.9672,71.81,27.0003,34.1912,9.98635,78.6339,35.0444,122.528,98.9723,13.6095,150.803,118.396,182.541,155.782,291.601,199.656,312.322,199.59,184.672,644.768,314.28,266.444,286.386,204.108,214.14,259.637,124.066,217.965,225.749,90.1267,119.445,130.869,48.1108,74.7775,20.7791,49.977,4.2671,72.9208,19.5968,207.707,219.541,4.25781,56.5916,1.54768,4.68256,10.8924,24.4605,55.7454,60.2208,107.852,5.59334,144.138,101.197,61.6155,251.486,153.153,184.908,83.8074,93.226,64.2567,267.484,174.838,84.9499,182.028,32.4407
142.663401361,164.633,315.125,224.113,241.789,45.9816,28.0377,83.4519,103.326,134.837,96.9782,41.8938,15.3256,93.5829,97.4376,37.3534,88.9157,49.8691,67.4159,125.573,192.17,169.352,295.453,199.898,430.45,662.22,279.558,216.765,208.403,232.318,230.854,233.687,87.7706,41.8579,96.8024,20.2648,58.0925,80.9274,35.4339,14.1421,27.4854,31.3956,36.9419,122.036,20.6739,210.583,396.328,17.604,141.314,51.4358,57.528,47.8546,120.31,213.516,273.667,242.353,113.242,215.64,263.223,284.748,579.072,578.399,438.48,378.878,260.698,301.946,754.37,561.16,360.19,437.518,228.465,358.694,179.354,198.828,186.308,209.122,239.507,173.933,190.652,97.9811,196.275,195.079,234.874,213.245,120.724,29.4434,8.51918,191.97,79.0654,167.317,5.69422,20.5755,118.78,352.585,439.211,350.728,51.0637,52.3408,298.713,871.714,365.992,2559.55,311.781,96.3507,67.801,237.692,380.188,426.863,330.11,86.4339,29.387,126.96,210.97,333.823,57.5242,80.7565,28.1207,120.063,163.386,70.9381,53.5993,19.9945,59.3369,82.1663,171.315,155.777,38.5642,177.57,173.168,251.626,324.965,465.97,400.169,470.494,349.802,363.067,806.596,560.966,502.581,545.722,417.946,377.084,388.253,223.727,332.73,342.426,194.379,227.864,215.31,96.4752,83.0797,47.0071,62.298,21.6353,57.9632,2.82334,171.794,228.248,8.08036,55.3692,0.242219,4.90397,28.3823,53.252,113.875,128.16,119.82,26.4433,141.35,193.748,162.513,394.411,269.083,249.031,175.311,139.271,146.143,411.802,288.479,170.559,231.632,87.4649
144.149478458,196.239,539.204,566.359,446.189,40.9625,43.6911,148.194,228.335,257.703,149.221,19.9784,24.2008,113.599,165.249,73.5949,73.6903,79.685,86.6852,146.39,314.182,322.601,302.312,337.862,704.779,736.798,348.294,358.735,342.092,303.236,378.637,370.665,94.8543,52.8031,96.9154,43.1307,78.4818,124.288,43.7945,9.62338,32.5711,44.8542,74.1179,142.236,33.4246,190.795,373.958,88.9368,152.382,65.9727,62.8944,69.6643,148.632,350.93,448.444,300.187,183.76,262.091,307.931,451.519,912.406,777.649,559.06,609.701,398.517,366.724,999.536,936.784,481.743,500.86,472.587,438.179,231.667,276.554,235.412,264.781,367.185,313.753,226.639,152.984,157.246,280.511,450.419,413.273,226.227,66.5681,12.0041,315.627,284.679,265.384,17.1639,40.9686,203.969,739.699,1044.92,646.768,56.1432,76.9865,450.822,1279.07,1365.19,3671.94,570.722,63.525,79.5874,321.173,712.669,944.66,644.148,110.013,30.4726,200.827,379.901,589.088,227.125,110.342,35.994,199.9,267.489,169.131,93.277,17.3195,54.8127,129.443,243.9,216.482,61.9635,190.23,247.206,291.426,508.982,747.7,599.362,546.56,577.982,642.098,831.434,781.091,830.145,818.158,646.975,587.206,477.452,301.711,456.691,450.058,299.685,352.054,318.866,144.937,77.0735,78.4928,78.3225,41.6954,43.2804,6.02046,145.268,223.379,45.0094,68.843,0.618248,10.2755,37.3334,99.4757,222.743,209.309,102.709,65.2613,141.927,243.529,345.742,616.932,324.566,295.107,329.167,170.965,196.175,622.602,447.95,196.966,296.438,187.367
145.635555556,157.112,818.41,1178.21,753.655,50.8678,54.3757,190.659,432.843,453.35,171.365,8.38207,25.4221,136.849,242.721,131.328,34.3038,128.702,106.835,121.533,497.744,505.667,239.785,452.898,1057.6,771.867,298.594,597.269,467.468,276.049,595.597,525.002,79.0789,64.9892,89.7306,58.1602,102.47,152.728,66.8583,4.25281,58.0494,32.0124,123.541,194.192,29.4832,215.161,304.18,170.379,221.577,31.8758,103.033,63.0127,166.597,533.782,579.595,337.215,219.078,295.102,293.618,567.584,1298.77,949.329,511.111,916.132,578.367,277.612,1300.5,1394.08,495.039,497.041,792.029,500.185,202.889,393.048,239.4,271.921,543.621,422.511,241.112,195.146,112.847,305.815,750.959,732.006,305.877,93.8275,43.6636,539.85,715.697,417.328,28.2695,36.3328,330.114,1376.96,1931.83,1086.07,120.872,169.657,539.473,1503.52,3169.26,5647.46,993.812,21.2332,68.4541,366.883,1173.55,1616.88,1113.97,188.343,78.6932,250.075,506.086,960.747,586.818,200.008,90.8347,235.749,362.903,348.927,159.138,6.09149,53.3567,154.903,331.052,273.136,73.615,179.325,341.165,255.063,664.005,1128.02,717.674,526.377,822.002,959.766,726.603,872.079,1259.79,982.55,780.568,866.801,467.57,336.72,583.287,472.863,396.642,457.457,387.767,206.764,44.8307,122.976,103.348,36.0148,49.0181,6.63593,152.987,187.526,87.3843,133.976,20.08,23.9355,22.1969,195.641,394.012,263.246,74.6294,103.239,143.472,225.067,593.646,932.594,304.438,311.483,576.476,185.525,191.429,935.589,646.062,143.884,376.194,339.535
147.121632653,91.2945,1116,1989.94,1221.17,119.249,52.3515,200.701,764.767,696.858,150.081,5.22201,27.2094,142.316,309.055,216.239,2.98858,193.741,142.54,77.2534,749.322,699.586,124.588,551.193,1335.79,844.116,154.604,959.483,607.853,162.75,899.134,683.816,44.9983,79.5597,72.1527,61.2711,116.592,171.08,79.9631,9.33528,118.27,21.0143,185.768,415.301,6.11479,423.527,208.267,294.505,457.293,2.61805,220.904,26.2754,220.802,657.848,663.73,321.863,214.801,294.326,237.699,591.159,1648.52,1105.58,311.693,1293.59,831.625,112.526,1657.95,1784,443.303,420.307,1149.32,555.304,125.254,530.114,219.835,242.479,759.912,457.644,223.548,211.486,71.051,260.906,1086.79,1191.34,344.759,90.0013,139.271,923.531,1357.44,649.933,49.691,16.9767,495.005,2260.23,3108.39,1479.33,234.644,317.195,700.414,1231.4,5728.33,9255.51,1669.3,35.3429,13.7197,530.993,1507.74,2233.19,1811.51,374.851,179.959,241.96,576.873,1370.11,1117.66,424.9,220.504,196.729,436.457,648.407,249.957,1.79126,36.3794,175.649,374.927,328.713,68.9797,162.809,431.336,162.62,765.285,1579.05,706.604,444.828,1004.74,1180.86,589.196,782.343,1791.72,969.835,774.943,1203.56,367.652,350.457,656.006,412.398,445.561,507.457,414.564,234.23,27.0984,158.775,216.732,1.80934,139.499,9.74576,297.042,163.994,148.785,371.847,134.802,58.9168,35.554,350.238,559.061,303.73,35.8339,137.268,136.568,165.725,860.902,1288.05,275.316,319.093,927.745,232.8,197.48,1345.54,837.16,62.869,452.199,536.826
148.607709751,41.9216,1432.95,2811.29,1774.4,306.792,66.5675,213.844,1240.39,988.503,87.6462,15.7872,48.5385,100.235,375.15,338.07,11.6855,249.719,192.875,61.1555,1056.76,927.029,18.8187,627.725,1375.83,1015.05,70.4158,1454.38,767.913,78.9357,1219.42,860.934,18.1134,98.8768,43.2879,61.5083,103.372,183.694,81.764,20.7627,185.095,93.5936,326.216,1024.9,242.626,1128.07,394.184,749.303,1049.39,162.473,392.214,9.54603,247.998,723.394,672.683,253.376,179.336,250.394,170.025,526.15,1902.84,1199.82,107.661,1664.67,1227.55,47.8053,2063.93,1914.54,392.378,298.953,1530.34,625.426,83.1943,619.755,213.068,199.462,1006.5,431.75,181.332,210.648,36.8727,158.709,1431.95,1770.37,357.836,79.3044,330.383,1428.21,2096.68,979.003,100.09,12.4036,733.01,3151.5,4370.09,1864.91,274.638,473.902,1044.99,602.99,9043.82,15117.8,3142.97,292.27,67.8045,823.8,1462.35,2773.15,2581.3,676.252,312.235,200.026,556.618,1767.46,1703.3,758.66,422.842,139.068,478.517,1107.14,399.229,13.6978,9.65667,209.481,321.923,397.38,57.6138,181.822,455.986,83.1489,782.354,2072.1,616.308,373.942,1047.74,1209.89,501.189,634.102,2344,823.221,684.977,1510.99,275.684,360.317,668.952,280.973,443.855,467.474,403.544,212.361,32.5534,178.43,478.003,88.4691,466.064,221.605,836.764,404.929,456.955,993.995,459.133,149.071,109.923,473.632,713.255,325.446,8.68731,147.559,128.934,95.9286,1097.55,1630.96,283.831,355.163,1310.27,420.924,339.907,1812.99,933.664,13.5214,508.814,779.313
150.093786848,66.1043,1772.99,3353.18,2268.19,644.231,135.535,321.551,1747.53,1320.31,47.8402,58.8277,122.405,30.8605,492.474,488.344,57.926,269.382,270.895,133.037,1313.58,1204.89,25.0586,702.179,1098.49,1337.35,272.162,1962.13,934.097,100.425,1554.06,1018.77,26.3523,105.155,24.5885,64.28,62.2427,200.771,78.0499,24.3886,285.375,304.178,706.238,2094.92,1179.61,2658.75,1468.41,2026.47,2270.13,673.607,557.449,26.8652,250.283,708.98,601.42,155.822,141.026,158.915,133.066,438.499,2003.72,1182.98,23.0216,2041.89,1715.16,255.997,2390.53,1802.9,327.51,197.57,1939.11,766.579,129.083,583.051,257.369,230.425,1199.68,399.487,127.24,236.685,15.0785,51.2164,1798.5,2431.73,359.98,86.9513,550.167,2009.59,2785.85,1270.27,212.598,59.4951,1080.73,3768.97,5279.13,2349.68,185.294,675.039,1650.94,251.256,13082,22721.2,6273.33,1147.06,504.295,1202.86,1023.21,3222.31,3109.31,1054.63,486.356,118.654,512.619,1961.65,2268.37,1116.85,606.34,137.88,518.442,1765.39,651.592,48.7972,8.68429,221.748,225.81,426.894,95.0469,251.321,404.53,44.9993,734.141,2580.62,556.183,369.553,917.804,1054.18,496.835,579.366,2847.5,651.037,610.409,1662.17,295.817,422.22,618.097,154.49,352.794,395.645,315.077,184.174,36.2887,194.18,895.562,549.191,1285,1038.09,2052.73,1251.09,1303.52,2158.33,1119.82,356.591,229.338,497.739,848.373,327.992,1.03935,130.367,129.33,70.3248,1197.64,1930.81,370.105,424.605,1581.85,842.77,771.089,2229.54,882.512,22.6503,587.269,988.762
151.579863946,208.861,2104.03,3383.25,2560.34,1067.77,296.855,564.999,2168.89,1586.62,116.091,162.993,301.424,27.5886,717.233,656.523,107.876,255.504,368.782,297.645,1434.76,1463.73,249.317,778.824,649.511,1786.19,873.305,2330.95,1058.82,266.094,1847.76,1160.44,57.0696,94.0388,30.8924,84.0503,17.5304,228.117,92.5252,23.2532,438.475,699.251,1403.07,3471.08,2989.44,5142.67,3888.61,4470.13,4253.09,1599.82,710.073,48.6583,245.658,609.317,477.129,68.8227,117.264,68.386,130.918,421.133,1929.42,1023.75,130.787,2411.32,2237.73,701.853,2511.16,1561.33,233.282,200.778,2343.85,1050.97,244.855,427.164,355.666,394.636,1262.6,388.177,101.724,311.29,41.9293,22.1739,2167.3,3093.79,411.94,117.407,690.963,2582.02,3273.49,1372.01,384.221,209.158,1509.15,3852.65,5529,2932.72,67.5384,1021.05,2530.67,820.32,17321.4,30601.8,11241.6,2884.8,1556.8,1630.64,453.32,3501.32,3194.44,1380.31,681.985,53.368,466.827,1864.38,2687.65,1406.81,672.145,220.79,673.76,2550.78,1045.25,122.192,48.1704,202.737,128.894,391.66,210.693,387.219,301.055,40.777,725.96,3011.57,657.52,423.916,661.772,786.086,544.894,725.264,3230.98,601.137,598.063,1593.28,458.311,568.315,555.759,68.804,216.702,316.948,173.967,175.918,21.5227,224.881,1496.11,1585,2731.89,2715.89,4009.9,2857.62,2789.73,3775.8,2150.9,741.425,360.415,407.136,941.616,339.501,4.35175,96.9509,153.189,103.302,1109.92,2136.96,565.659,467.124,1669.8,1485.99,1523.49,2491.06,696.72,96.4762,693.34,1100.18
153.065941043,480.062,2377.28,2822.19,2612.12,1414.17,520.511,933.693,2413.74,1650.51,324.436,369.211,629.057,210.559,1057.52,819.491,131.856,226.103,447.374,515.289,1386.83,1584.9,713.027,877.153,298.933,2292.24,1735.23,2443.27,1112.08,513.812,2012.98,1320.08,82.3828,73.0338,80.8763,138.684,8.16619,261.708,128.164,30.982,635.747,1281.08,2348.67,4752.27,5330.47,8361.13,7613.24,7846.4,6677.8,2863.35,905.991,43.6622,262.333,461.878,339.064,46.139,115.712,32.2925,156.414,490.578,1713.35,759.774,376.537,2745.32,2718.21,1165.02,2383.67,1315.88,124.122,380.564,2650.78,1454.95,400.797,218.37,487.063,686.339,1172.93,380.246,143.429,448.647,147.442,136.972,2461.33,3601.63,604.509,162.254,669.72,3087.93,3409.44,1232.52,579.568,472.035,1887.67,3368.41,5027.89,3496.76,113.724,1587.38,3591.17,2466.82,20755.9,36905.6,17062.9,5369.02,3210.06,2110.38,124.946,3517.32,2815.54,1522.98,851.902,59.3386,415.278,1526.59,2818.97,1578.94,569.297,384.254,1052.44,3284.9,1523.81,253.821,130.985,157.564,58.0545,306.729,384.552,575.597,216.203,50.0039,867.83,3260.97,923.98,505.065,376.92,508.797,584.338,1035.69,3439.47,780.401,621.236,1319.97,733.271,773.052,510.402,45.0554,106.458,242.877,49.6582,200.988,0.840003,324.58,2297.26,3139.12,4575.57,5073.06,6499.15,5044.73,4615.86,5445.28,3444.13,1310.03,457.155,263.719,958.694,372.335,13.2804,65.9425,210.153,183.34,852.972,2223.83,843.995,423.529,1593.33,2200.83,2430.13,2558.14,445.145,208.366,811.757,1073.06
154.552018141,850.223,2460.87,1928.87,2363.04,1596.57,700.803,1343.03,2464.35,1414.4,666.056,723.486,1034.09,592.391,1494,982.24,100.468,202.105,453.373,754.469,1123.26,1566.04,1285.64,984.009,256.062,2813.14,2512.53,2273.8,1062.14,705.799,2055.29,1429.75,110.337,56.3227,192.707,250.749,64.1288,268.271,181.405,74.3729,876.507,1868.79,3320.94,5581.3,7355.79,11723.4,11956.5,11169.3,8954.54,4252.66,1119.97,27.5537,300.745,354.76,219.563,142.665,143.981,62.5324,184.75,623.925,1388.39,492.841,612.883,2987.19,3074.33,1367.13,2095.68,1113.18,34.9625,703.062,2850.73,1775.88,570.76,45.1874,663.816,1024.57,927.223,374.862,228.841,621.579,371.578,423.382,2513.8,3844.14,976.637,194.936,548.848,3381.06,3213.14,879.033,755.186,784.995,2067.29,2493.54,3975.67,3853.85,442.168,2283.45,4742.48,4692.63,22148.1,40208.2,21790.3,7959.44,5221.69,2612.88,267.708,3228.3,2124.77,1420.63,960.404,136.528,359.414,1050.59,2657.15,1566.3,367.589,566.475,1641.41,3826.97,1887.92,449.569,265.356,90.2866,24.3081,230.972,554.332,731.414,236.356,77.0438,1228.28,3194.04,1254.49,587.935,154.059,269.601,597.805,1330.44,3461.14,1172.24,591.052,972.829,977.217,987.874,490.44,72.2911,59.3274,193.047,17.9756,277.041,24.9458,558.741,3112.82,4904.35,6393.01,7375.99,8985.65,7342.44,6106.83,6699.2,4739.81,1907.22,522.849,127.341,934.78,383.6,27.9969,51.8153,311.384,274.659,542.876,2154.41,1122.9,299.836,1419.81,2772.52,3157.2,2491.22,208.395,321.887,865.6,960.938
156.038095238,1236.23,2273.04,1036.67,1876.77,1572.58,756.633,1653.01,2363.1,928.562,1081.84,1210.32,1384.5,1048.27,1954.57,1168.84,33.3673,184.311,373.458,976.784,704.632,1451.93,1728.55,1070.53,577.45,3312.93,2833.94,1894.03,916.519,740.966,1984.24,1404.29,158.468,64.6367,371.647,438.064,184.971,231.527,231.634,182.84,1103.5,2255.21,3999.36,5739.71,8204.84,14418.9,15731.2,13217.5,10396.2,5428.66,1318.19,22.4821,337.92,337.308,182.299,383.263,219.968,118.776,186.364,771.307,1034.24,277.358,681.762,3102.14,3251.57,1162.87,1743.78,944.405,14.3284,1057.76,2930.16,1820.8,712.214,9.45196,903.7,1277.08,603.093,367.634,285.429,784.849,737.025,833.98,2201.28,3797.5,1462.75,212.527,432.929,3360.15,2775.13,451.042,870.048,1049.27,1938.17,1545.32,2729.43,3890.63,974.215,2909.45,5797.12,6582.23,20835.2,39789.5,23565.8,9808.23,7097.3,3108.88,768.868,2715.15,1364.92,1121.06,986.525,227.026,303.138,583.084,2280.01,1367.58,168.135,693.095,2300.07,4088.38,1942.33,676.104,441.962,45.9697,16.5773,207.922,660.668,780.381,383.522,176.08,1737.6,2798.25,1466.04,649.927,34.5004,102.392,592.376,1366.94,3352.69,1638.09,464.916,655.347,1046.28,1149.39,510.162,98.5504,63.553,205.374,138.908,416.277,144.732,896.071,3710.44,6359.56,7692.6,8702.7,10815.7,9093.97,6622.81,7171.89,5666.21,2347.83,550.028,68.1854,898.804,340.933,48.2469,69.7089,464.62,340.649,319.185,1933.78,1270.97,154.474,1255.96,3013.39,3378.75,2373.98,68.7647,400.387,804.186,812.276
157.524172336,1480.83,1858.27,373.04,1390.28,1280.93,712.147,1680.44,2240.51,371.766,1515.79,1689.05,1539.56,1464.51,2258.72,1368.77,6.14238,195.733,255.863,1153.18,292.101,1246.73,1875.25,1121.25,1068.99,3750.71,2574.83,1434.61,709.256,657.23,1734.57,1267.65,214.487,100.76,569.865,739.004,350.509,142.309,288.273,333.888,1202.3,2392.64,4003.69,5327.8,7377.44,15862.2,17651.7,13143.3,10635,5901.81,1529.17,48.424,328.993,403.672,300.882,764.18,344.296,140.419,183.455,793.329,796.704,104.635,539.361,3063.21,3270.78,659.103,1355.88,797.501,105.3,1276.18,2844.05,1579.53,755.678,187.654,1284.11,1271.15,346.45,308.307,295.429,854.117,1215.89,1303.69,1512.43,3602.57,1840.76,231.922,370.101,3136.45,2118.54,140.129,917.624,1172.83,1521.06,788.833,1757.91,3437.64,1566.95,3285.31,6367.24,7462.12,16869.8,36219.7,21344.3,10454.6,8080.35,3595.33,1353.96,2032.25,799.426,756.839,935.625,260.588,249.803,273.831,1734.77,1112.56,34.1853,722.298,2780.36,4094.32,1592.33,908.393,614.182,58.792,24.8995,237.561,705.307,656.105,644.991,459.089,2141.56,2228.01,1379.41,689.829,13.9474,18.7678,615.336,1002.07,3278.59,1903.2,307.489,375.3,962.334,1122.21,599.823,75.6425,95.858,342.635,426.004,581.457,339.205,1254.33,3974.36,6838.73,8265.12,8327.27,11576.5,9714.02,5898.25,6799.64,5789.84,2602.75,489.294,93.193,917.161,230.917,87.5517,157.664,637.466,357.786,221.32,1700.4,1127.79,88.2652,1213.57,2818.86,3010,2253.19,65.4549,392.149,665.753,630.106
159.010249433,1536.73,1280.03,101.354,1102.56,769.101,593.195,1483.4,2107.09,57.2116,1733.15,2157.07,1337.29,1783.12,2259.81,1481.66,141.788,268.87,225.006,1273.54,36.4892,976.452,1715.86,1106.07,1377.44,4243.52,1818.21,1023.02,538.77,470.29,1445.01,977.647,322.718,117.967,707.963,1250.08,514.073,56.2975,315.235,462.915,1169.31,2193.55,3361.32,4447.3,5213.36,15803,17018.2,11012.4,9527.02,5540.59,1683.39,112.129,287.468,474.453,555.319,1295.13,564.763,76.7342,232.899,573.413,782.376,37.1265,235.915,2925.41,3083.84,140.352,1108.77,545.605,388.324,1205.62,2611.7,1191.09,701.488,631.663,1812.01,1002.55,199.93,204.321,228.944,874.125,1711.35,1602.4,766.956,3303,2038.98,207.972,395.572,2893.31,1307.91,62.7703,1008.24,1004.8,1106.31,336.237,1059.46,2873.67,1732.15,3625.44,5742.35,7540.78,10645,31956.9,15000.5,10246.6,7292.83,4357.32,1454.46,1553.98,399.208,400.141,958.624,162.243,247.287,184.224,1076.73,959.535,9.54609,567.056,3080.31,3723.34,1085.23,972.935,807.312,132.049,40.0627,264.025,746.785,375.039,997.385,990.826,2225.75,1579.76,1050.88,673.839,98.5178,20.5224,739.575,436.516,3226.41,1852.18,146.209,199.625,772.009,871.469,730.983,36.9546,191.971,674.486,780.231,718.276,565.575,1511.15,3817.91,6139.4,7962.91,6375.24,11126.6,9029.6,4286.85,5592.22,5166.67,2521.3,414.871,177.123,916.706,181.738,163.848,401.136,765.705,312.712,271.12,1533.7,755.713,168.327,1251.98,2347.42,2068.17,2315.12,131.105,263.788,541.052,423.968
160.496326531,1257.05,710.778,239.322,1136.6,169.519,625.3,1319.26,2148.75,30.9893,1476.61,2883.27,684.964,2242.22,1701.75,1631.33,575.056,363.526,310.21,1299.72,70.8359,804.617,1282.82,1178.27,1245.05,5150.83,840.049,718.332,412.162,344.962,1310.2,644.213,611.66,60.8196,892.747,2030.71,619.175,23.2385,291.456,530.982,999.963,1702.61,2382.45,3219.19,2735.05,14316.7,14254.8,7631.84,7401.87,4478.62,1758.41,163.952,238.577,521.547,796.952,1900.78,1038.44,2.0674,419.353,243.149,1135.43,177.659,63.0324,2633.84,2600,50.5041,1188.81,282.002,1027.14,745.046,2493.92,788.339,660.273,1162.37,2354,757.814,157.566,69.719,197.762,903.264,2325.67,1347.36,317.042,3050.55,2255.68,128.974,746.513,2546.03,701.92,181.09,932.07,876.643,723.844,316.91,585.407,2576.63,1074.56,4379.87,3817.66,7633.56,3687.38,30535.3,6230.27,9841.53,5105.59,5678.14,772.621,1415.12,170.512,320.511,997.718,86.8323,198.383,194.401,642.74,781.742,197.69,260.237,3439.88,3066.29,726.008,614.6,1204.75,349.888,47.8549,238.462,978.372,110.751,1504.9,1420.24,2110.3,838.369,838.796,420.077,385.343,246.459,1176.3,204.036,2903,1610.59,35.7195,110.195,685.462,428.246,970.331,141.459,488.284,1121.89,1042.2,828.774,704.404,1619.06,3180.16,4684.83,6698.24,3806.56,9583.18,7501.85,2445.44,3879.38,4049.09,2144.39,333.108,273.615,824.259,301.704,302.38,951.697,897.787,190.94,635.846,1530.58,396.677,510.593,1097.45,1902.79,854.318,2729.65,237.248,161.009,479.192,331.594
161.982403628,704.798,330.506,481.118,1615.93,63.6544,1028.67,1763.98,2709.34,117.843,1087.98,3914.33,93.764,2823.92,924.66,1787.22,1330.61,549.489,436.077,1169.81,513.267,829.508,878.892,1622.57,1064.19,6557.22,330.847,506.734,326.295,644.742,1452.6,531.05,1272.25,58.1955,1344.68,3071.9,669.021,27.4826,234.202,514.81,727.388,1094.79,1417.21,1898.34,898.767,11984.9,10515,4312.23,4817.95,3156.36,1664.62,195.485,167.164,571.374,882.144,2367.53,1959.33,211.255,870.235,271.056,1898.23,624.074,369.859,2269.7,1780.39,788.51,1831.18,469.805,2209.27,178.162,2590.57,599.799,582.192,1649.63,2746.42,744.764,174.14,72.4329,338.687,1155.32,3184.07,632.863,267.031,3277.37,2912.76,164.595,1764.71,2293.15,362.949,395.048,685.31,926.811,639.93,939.325,245.677,2541.35,422.65,5729.89,2144.24,8303.27,785.595,33335.1,338.165,9945.76,3410.1,7591.24,116.291,1622.59,60.1024,799.061,1185.83,112.691,128.433,220.941,480.445,583.748,826.69,82.9135,4152.63,2686.62,602.063,117.884,1935.29,890.218,135.369,357.101,1410.45,207.693,2114.93,1574.9,1751.7,387.404,785.071,76.8148,1050.51,1149.37,2164.44,816.888,2220.76,1302.27,172.977,117.287,769.625,156.783,1323.19,664.62,1133.71,1544.83,1061.81,936.779,640.076,1609.78,2175.5,3100.48,4724.58,1648.27,7580.87,5769.51,1098.4,2141.91,2785,1637.48,233.347,314.402,697.61,493.17,546.232,1905.04,1250.23,147.333,1578.07,1790.2,346.832,1125.91,778.482,1484.67,90.6748,3497.86,574.136,363.307,613.695,448.12
163.468480726,211.198,210.081,738.53,2602.56,976.397,1985.81,3263.87,4066.43,338.041,1167.55,5157.2,182.922,3460.69,406.908,1979.42,2251.06,847.138,500.996,944.723,1244.26,1097.76,979.546,2642.53,1637.15,8522.03,774.977,469.253,347.456,1385.33,1925.23,937.877,2424,390.399,2319.93,4151.12,744.868,40.2508,167.244,426.53,419.407,580.578,672.713,834.049,79.1341,9635.01,7188.63,2030.95,2553.51,1897.52,1436.28,183.716,107.551,577.042,784.529,2556.6,3277.81,1101.49,1795.03,1104.64,3097.53,1332.86,1104.68,1980.84,887.37,2358.08,3314.52,1811.41,3956.92,108.473,2838.11,657.201,494.6,1943.73,2853.03,955.222,283.791,358.341,753.677,1945.88,4237.77,53.0538,709.538,4383.75,4279.03,624.203,3450.26,2505.2,341.07,711.661,374.732,1293.77,1146.71,2117.34,154.139,2927.66,781.595,7677.88,2563.48,10540.4,6589.8,40533.8,2729.04,11830.5,3962.89,10019,406.712,2311.78,250.201,1889.06,1731.86,332.326,94.954,313.494,557.772,610.878,1912.67,423.471,5383.13,3180.3,862.045,74.8769,3007,1886.49,444.467,795.825,2058.07,828.737,2693.75,1410.48,1281.95,394.423,885.582,72.5382,2213.65,3221.04,4051.82,2349.95,1427.65,1026.96,568.542,263.793,1045.04,338.118,1908.57,1790,2127.61,1820.52,847.19,1003.56,423.296,1470.93,1167.16,1787.5,2666.72,500.493,5816.66,4520.51,518.746,865.879,1644.48,1198.03,118.3,278.124,553.382,657.667,909.29,3102.2,2104.75,509.975,3237.19,2468.85,731.187,1769.33,465.228,1148.6,233.678,4641.27,1465.61,1090.38,1101.43,791.807
164.954557823,70.7523,382.112,1122.61,3962.21,2886.68,3634.12,5839.4,6063.54,902.553,2043.92,6473.15,1285.53,4022.53,481.522,2222.37,3069.13,1214.95,449.739,708.517,1983.43,1660.85,1852.01,4145.71,3624.94,10901.5,2255.94,721.812,550.784,2241.21,2637.09,2040.69,3925.54,1326.5,3784.03,5035.09,880.288,45.6919,112.752,300.178,169.17,243.901,250.928,221.301,80.3712,7841.95,5258.41,1055.27,1128.96,967.268,1095.45,143.017,67.104,539.925,542.001,2478.2,4712,2834.55,3285.97,2855.54,4623.52,2159.61,1911.79,1862.86,364.166,4389.96,5755.05,4643.05,6044.18,976.313,3178.16,822.059,432.317,1935.7,2640.58,1244.46,520.696,914.347,1468.96,3388.14,5380.08,190.289,1701.53,6280.8,6325.95,1787.29,5428.49,3269.38,767.758,1134.53,203.983,2006.84,2360.48,3567.39,585.126,3749.18,2401.01,10129,6263.66,15191.1,21763.5,51480.5,14854.4,16256.6,7788.76,12750.6,1964.47,3398.02,987.678,3405.75,2771.32,820.615,165.235,544.297,877.923,1021.97,3214.36,1526.5,7105.9,4689.73,1635.77,889.769,4312.22,3281.48,1058.33,1588.34,2854.8,1826.47,3100.12,1046.27,858.481,782.703,1199.97,708.632,3830.16,6538.08,6992.85,4445.68,914.526,857.29,1037.05,541.267,1506.66,1039.34,2787.47,3416.92,3287.13,1906.51,505.114,1013.49,172.847,1252.33,449.615,929.432,1116.55,352.109,4712.16,4089.56,544.016,234.475,847.896,874.054,27.9888,179.554,415.483,718.191,1331.37,4230.69,3508.8,1616.41,5391.88,3660.44,1438.74,2144.78,304.798,1023.95,1304.86,6068.45,3107.29,2296.66,1985.63,1330.36
166.440634921,333.342,791.344,1794.32,5414.01,5197.31,5858.21,8787.54,8188.8,2023.92,3606.75,7582.09,3202.91,4369.24,1105.29,2522.88,3521.46,1525.1,330.231,521.648,2454.89,2464.93,3314.8,5845.54,6937.68,13294.1,4371.47,1278.03,969.17,2778.88,3413.71,3635.25,5408.81,2884.63,5380.24,5525.31,1052.44,39.1369,80.5222,176.687,36.0939,87.8079,87.3065,12.8234,450.06,6686.04,4775.17,1090.75,564.498,446.051,708.704,104.814,41.5749,476.886,268.369,2228,5871.3,5107.42,5218.27,5131.9,6118.63,2950.77,2383.72,1938.03,485.681,6332.23,8894.33,8502.32,8091.88,2745.89,3508.42,925.523,389.353,1659.94,2155.26,1433.11,878.754,1554.49,2385.51,5213.74,6438.62,1222.97,3188.16,8457.24,8468.57,3682.56,6997.2,4431.69,1707.31,1590.5,352.137,2981.92,4074.69,4848.65,1650.07,4804.21,4813.27,12649.7,12831.4,22047.8,41780.8,64761.5,32936.9,22634.2,14380.3,15148.7,4404.91,4663.93,2293.43,4919.34,4177.33,1595.3,391.367,882.616,1429.41,1810.93,4335.47,3333.34,8828.5,6797.29,2974.07,2487.25,5598.15,4773.55,1912.92,2531.3,3664.01,2841.9,3173.2,724.809,580.989,1316.7,1729.19,1927.56,5715.29,10522.4,10596,6505.46,918.474,844.44,1327.29,904.43,2050.08,2052.82,3873.41,5124.05,4331.69,1814.85,203.558,949.777,27.8098,1010.82,170.895,476.986,289.052,761.499,4286.54,4246.48,816.739,97.5477,436.343,636.845,6.805,72.8755,300.206,642.233,1681.15,4974.47,5176.43,3513.81,7512.72,5154.98,2241.97,2090.08,405.499,1138.66,2861.05,7600.67,5289.42,3697.8,3104.75,1945.52
167.926712018,934.941,1337.14,2695.11,6528.46,7181.1,8082,11049.3,9847.33,3594.38,5249.96,8328.3,5109.36,4460.51,1929.03,2743.1,3543.06,1621.24,231.64,389.863,2596.99,3243.91,4774.41,7496.93,10458,15053.8,6553.43,1978.37,1468.11,2821.82,3987.96,5111.45,6557.42,4690.26,6496.8,5589.17,1168.43,30.7299,63.988,86.6688,11.3179,61.8263,53.1066,14.5996,800.983,5858.33,4979.84,1573.72,503.299,267.104,369.959,83.9087,27.3912,401.797,89.6198,1885.53,6536.1,7122.28,7133.4,7343.37,7052.59,3487.87,2377.31,2059,1204.12,7852.78,11906.4,12086.5,9864.09,4777.85,3667.18,925.321,307.507,1286.44,1506.48,1415.92,1224.24,2086.48,3321.52,6700.24,7320,2814.41,4785.66,10252.1,9908.11,5780.15,7728.48,5497.48,2915.14,2090.45,902.112,3986.45,5657.02,5770.05,3085.56,5497.17,7355.15,14518.3,19657.5,30188.1,59437,76831.3,50109.7,29719.6,21077.6,16469.2,7059.13,5521.22,3845.91,6136.42,5450.63,2518.95,809.74,1299.07,2034.58,2717.03,5021.19,5306.23,9901.35,8740.56,4616.71,4305.91,6645.17,5798.16,2825.41,3349.01,4175.34,3527.05,2861.2,604.944,468.265,1773.05,2317.85,3300.74,7650.52,13915.8,13916.5,8080.64,1346.13,935.292,1341.17,1260.94,2453.27,3049.16,4913.14,6299.77,4995.93,1613.9,54.3821,822.72,67.201,775.498,268.78,276.939,33.5993,1184,4227.93,4373.66,1074.27,144.369,292.399,466.243,61.7728,11.4303,190.966,495.851,1758.74,5260.07,6475.24,5735.72,9168.29,6393.33,2824.64,1727.42,687.852,1413.32,4397.83,8808.45,7311.05,5054.51,4046.71,2421.95
169.412789116,1713.53,1921.35,3473.05,6957.15,8218.21,9440.42,11921.3,10411.7,5171.47,6369.35,8455.79,6138.96,4265.73,2509.48,2793.83,3111.57,1477.77,190.324,339.899,2394.19,3745.47,5634.03,8616.65,12790.7,15550.8,8130.92,2636.68,1807.96,2445.49,4074.77,5926.84,7075.89,6015.63,6846.64,5105.89,1210.54,26.8818,45.5149,55.2603,27.5072,80.136,71.392,50.4995,994.196,5010.38,5017.48,1969.83,580.845,244.901,164.001,66.2809,38.4858,294.586,49.2604,1639.99,6412.48,8250.9,8362.25,8725.04,7208.41,3492.81,1961.82,2081.65,2221.49,8643.28,13789.4,14137.3,10883.4,6225.29,3611.85,817.195,192.1,919.279,879.854,1162.18,1443.15,2330.38,3996.03,7273.02,7720.53,4357.47,6035.53,10901.6,10243.2,7176.66,7478.34,6016.84,3896.44,2611.43,1747.21,4624.06,6645.52,6005.73,4323.17,5719.37,8780.51,15269.2,23698.9,37313.2,68539,83277.2,60039.1,35383.6,24689.2,16454.3,8671.82,5806.03,5084.48,6599.46,6265.28,3251.85,1343.96,1723.16,2447.4,3377.28,5173.97,6587,9991.79,9683.63,6055.34,5677.85,7124.53,5972.96,3505.54,3715.48,4229.19,3586.53,2291.28,639.554,507.88,1948.65,2786.74,4312.83,9082.81,15640.7,15800.5,8826.97,1942.08,1026.43,1133.69,1452.35,2574.39,3721.18,5431.25,6648.76,4984.64,1430.9,82.0142,628.703,258.445,615.283,464.774,225.997,42.4034,1322.84,4076.51,4089.66,1195.12,182.517,224.755,367.767,130.23,2.76826,121.127,300.608,1590.21,4923.65,7028.25,7485.75,9846.02,6990.56,2909.9,1242.52,951.053,1770.86,5387.79,9253.88,8419.23,5967.5,4461.56,2601.24
170.898866213,2354.82,2331.24,3857.11,6466.32,8024.2,9362.53,11132.6,9627.67,6146.9,6605.83,7742.11,5945.41,3742.61,2566.06,2569.46,2377.34,1158.48,191.802,352.896,1969.39,3714.27,5621.9,8704.17,13046.6,14509.2,8520.59,3098.02,1778.74,1847.93,3572.37,5841.34,6724.44,6368.97,6261.56,4240.99,1096.83,49.4507,32.196,40.6701,45.2689,82.7701,111.434,87.9769,1060.8,4022.38,4485.43,2047.15,631.266,195.523,76.7357,47.1777,37.8284,224.254,116.146,1456.33,5610.08,8021.84,8536.44,8700.87,6600.16,2913.41,1332.03,1915.15,3097.79,8522.89,13804.7,14021.5,10685.5,6558.23,3309.73,644.788,93.8334,600.679,406.97,785.006,1424.99,2251.11,4093.2,6810.9,7319.72,5270.94,6576.69,10018.4,9407.84,7185.41,6427.65,5666.23,4329.54,2957.97,2520.67,4807.38,6501.58,5689,4646.27,5482.49,8441.42,14395.3,23798.2,40012.7,67369.2,79841.5,60411,36883.7,23972.1,14904.8,8468.83,5590.6,5292.5,6381.62,6153.31,3631.98,1803.8,1955.99,2582.4,3457.23,4805.8,6602.83,9018.54,9204.73,6752.08,6170.72,6722.68,5327.59,3637.42,3508.35,3788.41,2997.61,1650.23,670.607,617.519,1810.84,2910.91,4680.18,9385.34,15239.1,15505.8,8568.17,2428.94,1001.66,829.206,1345.93,2431.93,3769,5246.29,6032.66,4335.73,1257.66,212.582,484.52,407.718,541.467,526.831,239.313,126.063,1251.02,3534.8,3431.09,1166.15,182.452,138.589,312.325,151.763,16.4242,91.582,144.975,1206.9,4107.61,6602.46,8101.73,9315.43,6706.76,2495.02,777.037,1025.34,2079.87,5504.53,8689.6,8224.55,6063.58,4230.95,2407.7
172.384943311,2630.87,2430.3,3620.31,5272.84,6622.39,7941.18,8873.3,7829.95,6001.17,5931.58,6229.41,4759.48,2925.5,2131.43,2018.31,1607.49,756.446,215.652,352.916,1502.66,3073.54,4822.1,7601.14,11241.3,12047.9,7641.73,3162.34,1421.59,1168.34,2719.63,4830.98,5665.04,5552.73,4983.9,3128.03,902.556,78.546,19.0425,28.7498,50.5463,85.698,124.324,144.184,1003.26,2972.62,3437.94,1843.14,592.257,123.448,35.2499,31.0503,19.3596,167.734,212.303,1335.14,4301.43,6627.01,7491.57,7382.36,5326.73,2032.97,686.882,1600.53,3385.14,7598.09,11800.5,11956.4,9137.39,5784.78,2743.47,494.39,69.4447,335.117,135.975,449.648,1124.89,1938.25,3501.07,5555.37,6083.9,5258.58,6152.86,7951.31,7555.3,5866.7,4835.99,4574.09,4013.79,3011.75,2893.75,4405.68,5403.91,4748.99,4070.98,4602.35,6821.54,11656.2,20630.3,36353.1,57489.4,66231,52258.8,32788.7,19875.8,11754.3,6866.11,4698.29,4558.53,5377.05,5254.44,3471.03,2015.95,1922.77,2346.27,2963.25,3947.19,5449.01,7134.41,7541.02,6351.59,5718.95,5430.7,4177.32,3072.13,2886.77,2897.52,2079.24,1057.94,603.74,671.613,1481.02,2570.57,4360.99,8307.45,12970.6,13034.8,7461.83,2520.86,860.952,505.52,1010.61,2037.2,3212.29,4367.39,4713.68,3234.77,1123.3,316.037,379.467,424.273,477.459,469.21,250.32,204.101,1098.99,2641.18,2577.26,1009.63,142.276,78.195,239.19,147.519,36.5526,65.2218,56.1976,804.351,2964.15,5430.75,7243.42,7835.73,5511.24,1846.43,394.441,894.236,2153.71,4824.88,7133.67,6898.89,5207.6,3515.17,1861.48
173.871020408,2441.39,2184.71,2839.31,3701.31,4610.76,5576.52,6015.1,5504.07,4777.76,4566.75,4295.24,3164.31,1944.11,1443.43,1304.24,930.549,431.297,205.265,330.445,1024.59,2124.89,3502.96,5637.32,8179.01,8683.62,5931.98,2698.85,952.21,578.146,1743.91,3380.34,4094.83,4005.5,3357.2,2036.77,673.92,91.1926,10.9365,16.3539,44.4273,82.0442,112.277,189.611,831.222,1950.98,2271.27,1406.76,475.898,71.3055,11.3544,16.2662,10.0437,117.355,275.339,1125.42,2916.57,4599.67,5515.23,5359.61,3672.52,1197.43,238.046,1173.96,3019.14,5976.15,8596.04,8642.39,6689.13,4296.32,1993.72,415.717,99.5007,161.926,20.3971,216.512,723.848,1414.73,2530.77,3843.62,4388.73,4352.23,4837.82,5469.48,5094.74,3910.18,3079.83,3101.43,3125.76,2679.81,2724.52,3507.58,3830.3,3357.09,2951.74,3257.17,4597.32,7957.31,15279.5,27821,41964,47103.4,38382.8,24542.9,14006.1,7816.21,4628.41,3305.23,3270.15,3853.38,3859.86,2854.35,1872.75,1632.38,1800.28,2134.17,2758.7,3721.39,4782.07,5297.05,4999.22,4465.56,3753.34,2768.04,2119.3,2000.59,1853.79,1191.61,575.664,448.081,597.051,1078.05,1909.45,3430.64,6302.98,9438.34,9398.39,5713.93,2186.36,632.651,240.279,625.832,1445.42,2326.42,3056.03,3095.28,2112.88,906.717,339.503,282.178,338.576,380.673,357.429,227.084,249.231,852.226,1716.44,1693.06,754.671,93.118,40.2296,164.357,126.563,53.6984,38.7462,18.4104,487.76,1860.4,3784.91,5398.47,5709.32,3881.57,1190.35,132.559,667.104,1875.03,3667.66,5016.65,4895.8,3765.81,2480.93,1222.21
175.357097506,1880.04,1657.49,1830.46,2167.26,2614.68,3126.88,3372.63,3230.99,3046.57,2895.81,2483.9,1715.7,1024.13,760.618,668.483,448.396,213.37,144.718,260.526,617.321,1207.16,2084.22,3440.02,4927.47,5307.37,3911.64,1890.51,524.238,199.355,921.779,1965.72,2444.56,2320.87,1862.85,1150.25,440.773,81.4537,6.61525,7.49309,32.2516,66.8345,89.5503,198.066,583.411,1109.1,1276.66,878.194,328.887,41.9514,1.88792,7.97563,11.6746,80.1827,271.664,820.543,1716.63,2627.35,3294.49,3235.68,2124.25,620.764,31.9324,738.081,2213.86,4011.36,5260.02,5159.91,4057.82,2639.39,1258.49,367.53,120.48,72.3889,1.19687,97.355,378.912,832.795,1494.24,2218.35,2679.42,2905.54,3120.72,3173.66,2780.34,2047.25,1562.77,1716.99,2010.77,2029.22,2117.66,2353.71,2282.05,1929.87,1719.56,1852.18,2482.49,4468.04,9406.63,17530.6,25524.9,28096.2,23295.7,15036.8,8170.97,4244.31,2486.68,1850.1,1896.6,2278.63,2394.03,1976.62,1438.39,1174.53,1137.87,1259.93,1568.07,2036.05,2621.29,3109.34,3208,2853.21,2173.52,1489.38,1145.83,1102.14,963.014,557.77,245.766,255.95,420.249,683.775,1178.25,2212.55,4005.54,5738.19,5721.26,3746.77,1572.34,390.46,75.9807,317.844,844.139,1388.24,1729.08,1672.39,1187.54,611.884,281.96,191.792,213.857,255.455,234.563,177.651,242.615,559.607,955.815,953.636,473.774,60.2246,19.2503,102.747,95.8666,57.9548,18.2773,16.0464,277.386,1006.97,2172.13,3280.3,3492.76,2323.91,686.677,14.3146,427.835,1350.96,2359.62,2958.73,2853.79,2223.28,1439.52,679.362
176.843174603,1157.11,1008.53,952.749,983.828,1112.07,1329.66,1477.51,1480.82,1473.31,1414.64,1155.33,729.706,377.675,270.133,257.373,178.6,84.58,66.7314,150.263,318.601,557.888,949.801,1613.23,2370.92,2658.16,2101.35,1055.77,229.883,35.4336,411.61,914.413,1113.49,1022.23,819.261,540.49,242.163,56.3224,3.81875,4.40105,19.4908,41.111,70.3549,156.588,334.611,528.575,589.765,435.797,186.276,31.0509,0.692754,6.44689,13.6023,58.1975,204.125,491.975,841.175,1190.6,1509.18,1521.09,1022.25,316.189,6.96223,403.218,1296.7,2192.03,2620.27,2438.66,1904.32,1292.6,699.355,283.967,103.869,35.9189,11.7823,54.3259,164.531,362.002,673.219,1039.23,1313.94,1481.59,1561.89,1463.58,1168.21,777.637,551.717,719.196,1048.31,1245.42,1319.49,1284.01,1093.79,855.213,730.128,763.018,1007.84,1969.06,4563.53,8678.93,12385.4,13436.8,11142.7,7147,3724,1787.17,987.847,733.347,812.368,1068.46,1207.84,1106.73,882.218,686.726,574.392,566.002,661.73,836.777,1117.09,1436.22,1586.43,1417,1005.55,610.7,433.882,433.53,388.295,210.592,70.1924,98.1435,217.663,358.535,593.07,1114.21,2007.24,2823.98,2857.32,2009.97,912.939,203.22,8.7024,138.802,391.451,626.316,749.461,720.136,543.571,324.247,176.223,113.298,109.803,130.095,129.568,124.03,173.126,303.183,445.2,442.581,246.724,47.5752,11.6857,56.7452,66.7673,41.4844,9.85091,22.5672,149.976,462.474,991.784,1546.57,1699.35,1171.56,377.717,8.48305,237.003,777.281,1232.48,1406.72,1300.2,997.412,651.963,327.649
178.329251701,527.824,447.749,358.283,305.432,313.109,382.172,443.373,457.081,480.532,482.345,385.249,215.829,81.9988,51.9369,64.9689,51.5638,21.1523,15.3932,57.9249,123.755,189.119,302.759,533.66,839.478,1013.81,860.542,453.724,97.0479,10.5984,155.263,318.67,352.958,307.126,257.386,194.701,106.905,31.9302,2.09918,1.99237,9.93738,22.0147,46.7904,91.9161,148.609,196.665,209.526,166.155,87.7066,24.5009,1.99542,4.71416,12.4084,41.0766,118.533,226.52,310.994,387.192,486.946,519.829,393.718,168.844,51.7236,211.753,582.589,902.112,978.074,837.326,639.013,475.846,315.616,166.773,67.7972,21.9967,16.8386,31.2909,58.3488,112.914,215.308,353.913,463.701,526.655,541.738,471.222,336.483,185.555,103.277,196.496,404.88,570.99,615.145,535.465,384.908,250.972,188.328,189.104,253.938,601.801,1611.08,3137.29,4404.02,4707.68,3861.98,2426.14,1194.16,504.023,239.649,164.895,215.758,353.315,459.085,469.679,401.359,297.74,205.91,166.902,179.033,224.766,325.05,463.769,550.908,498.653,326.624,160.163,93.3374,106.156,108.78,58.1609,8.43089,20.9841,77.1268,135.88,216.943,405.55,737.37,1048.39,1099.03,830.159,412.462,97.8823,2.28931,52.6156,135.098,196.547,225.103,223.109,184.21,124.454,76.3468,48.4993,42.6431,50.9137,58.2893,65.7731,86.8733,125.595,162.517,162.068,108.509,40.9689,14.441,27.3061,35.5481,22.157,9.33686,22.6945,71.3078,171.142,338.867,528.325,616.533,477.702,201.673,46.8877,128.953,339.677,480.138,491.685,420.247,310.761,215.919,130.497
179.815328798,148.375,114.103,72.9076,47.1656,42.6682,57.008,68.4753,67.8917,77.1911,88.1179,75.5147,41.5031,9.98088,2.12281,7.7939,7.99226,2.02003,1.06424,12.9029,26.3472,34.0085,55.31,111.543,194.548,255.013,238.03,150.088,62.3745,32.2386,52.0713,73.2985,67.4688,52.8839,47.6838,44.766,32.647,14.3175,2.60123,0.506934,3.98746,11.625,22.8593,34.8126,44.4141,51.4187,53.8671,46.7221,30.9872,14.5598,4.13815,2.29317,9.29163,26.1805,50.2544,67.8177,69.0332,73.9021,97.8356,118.02,111.888,85.8059,76.2663,117.367,192.212,241.38,231.672,181.772,135.211,113.538,93.3322,63.0987,34.997,17.3873,11.6763,10.9671,13.9286,24.1047,46.1119,74.9413,92.1489,99.745,101.091,83.8243,54.6323,22.4751,2.56924,29.3913,98.6324,162.939,181.824,145.877,83.8889,36.0359,16.147,13.1219,23.4412,112.317,370.176,723.109,983.267,1030.43,833.666,509.599,232.433,76.7577,21.2375,6.98916,21.4111,66.7695,111.906,129.636,113.691,75.0705,37.8109,21.5327,21.2679,28.1395,49.7394,83.6097,108.135,99.8548,60.6216,21.0319,5.30502,11.1275,18.1427,12.3464,2.41715,4.90398,16.9476,26.7212,41.4807,89.0817,178.75,264.641,289.298,237.088,139.047,53.8217,18.1262,19.0873,29.2904,36.8824,40.6045,42.3337,37.8036,26.8095,16.936,10.4372,10.3152,15.9089,19.4331,20.1364,24.3911,33.6745,43.1806,46.2607,38.7673,25.2365,15.6489,13.0742,12.0156,9.94251,10.2227,14.791,23.8346,43.522,78.7084,122.258,154.702,144.582,97.8405,66.0485,76.9674,107.645,116.831,103.665,82.8044,59.4339,45.796,35.4843