TIME,A,Bb,B,C,C#,D,Eb,E,F,F#,G,Ab
0.000000000,0.600609,1.31829,0.384918,0.398443,0.511988,0.705968,0.672132,1.26598,0.490194,1.12037,0.0229829,0.163424
0.046439909,0.661123,1.32019,0.410951,0.409704,0.42292,0.643686,0.675968,1.38423,0.433803,1.15517,0.0239197,0.418135
0.092879819,0.673224,1.30103,0.374488,0.441358,0.289259,0.539264,0.611651,1.81028,0.33461,1.11844,0.0272614,0.447597
0.139319728,0.475639,0.949274,0.714752,0.457415,0.0908858,0.419532,0.512462,2.27163,0.388353,0.725664,0.0344136,0.434187
0.185759637,0.495787,0.801187,0.501919,0.40937,0.162582,0.153382,0.268265,3.31022,0.128809,0.66338,0.0491261,0.10877
0.232199546,0.0863434,0.117628,1.24371,0.0444317,0.46977,0.213657,0.0973118,2.84788,0.0861037,1.89151,0.030094,0.0377533
0.278639456,0,0.0303189,1.42921,0.0362623,0.422275,0.248311,0.108785,2.24188,0.0869853,2.2413,0.0424398,0.13406
0.325079365,0.0627796,0,1.28709,0.0383437,0.348375,0.243194,0.328232,1.93097,0.0392849,2.41752,0.132606,0.118646
0.371519274,0,0,1.21931,0.0963021,0.338804,0.12026,0.474521,2.32649,0.0329051,2.32547,0.102927,0.451248
0.417959184,0.0144608,0.229414,1.24052,0.0288586,0.32138,0.099421,0.679344,2.59574,0.0793242,2.16328,0.0289214,0.708425
0.464399093,0.0762793,0.202009,1.0804,0.0612971,0.0487614,1.46022,0.818695,2.33987,0.12782,1.51975,0.000943962,0.935712
0.510839002,0.319346,0.302077,1.11205,0.0739708,0.0174136,2.57093,0.665903,1.68939,0.0975109,0.406755,0.0011247,0.850302
0.557278912,0.51572,0.212768,1.16069,0.0409096,0.0106304,3.2219,0.25619,1.2387,0.0245173,0.0942968,0,0.584787
0.603718821,0.39908,0.112855,1.4307,0.0342201,0.0142021,3.03002,0.108931,1.69658,0.101313,0,0.015157,0.711032
0.650158730,0.0242453,0.0940378,1.48101,0.116518,0.105658,2.08728,0.300804,2.76387,0.0522445,0,0.0737048,0.784729
0.696598639,0.000483644,0.121123,1.4996,0.203456,0.062581,1.09329,0.505258,3.27844,0.020897,0,0.197034,0.505677
0.743038549,0.0459691,0.245688,1.55242,0.321513,0.0665968,0.160984,0.576036,3.38949,0.013055,0.0104257,0.254382,0.274364
0.789478458,0.0499208,0.127372,1.67155,0.253529,0.112408,0.141532,0.534671,3.2787,0.0367328,0.0621226,0.320808,0.199245
0.835918367,0.0254667,0.187833,1.93462,0.131251,0.182415,0.197137,0.0553517,3.45295,0.506597,0.0460104,0.178474,0.233305
0.882358277,0.0872813,0.559974,1.19291,0.0671614,0.207599,0.234784,0.0721295,3.50222,0.658258,0.0130861,0.188406,0.283847
0.928798186,0.0777805,0.72907,0.666634,0.272857,0.075482,0.243723,0.0774731,3.43924,0.299324,0.273368,0.885856,0.102021
0.975238095,0.184913,0.748937,0.427767,0.353087,0.0842484,0.104653,0.0751229,3.26215,0.34197,0.178733,1.20353,0.0603189
1.021678005,0.294927,0.535336,0.228772,0.372591,0.0996333,0.120689,0.0847711,2.95554,0.439296,0.0252256,1.21674,0.0751232
1.068117914,0.407187,0.411994,0.560255,0.139864,0.0129972,0.120908,0.155351,2.9927,0.493744,0.00827317,1.15742,0.102074
1.114557823,0.315352,0.369392,0.792119,0.293287,0.0393392,0.0153149,0.276806,3.39588,0.307361,0.0851732,1.0177,0
1.160997732,0.147027,0.377769,1.07307,0.251301,0.0312244,0.133568,0.0875107,3.50979,0.392643,0.59493,0.236476,0.0932736
1.207437642,0.108009,0.285984,1.23808,0.283578,0.00561589,0.277198,0.075007,3.25285,0.420634,1.39458,0.0411133,0.291851
1.253877551,0.201432,0.17846,1.2293,0.237254,0,0.349384,0.0678855,2.72214,0.439133,1.88576,0.0115316,0.431625
1.300317460,0.210297,0.0130366,1.02596,0.136151,0.00951123,0.54056,0.043034,3.05889,0.519878,1.64155,0.187023,0.382663
1.346757370,0.3307,0,0.634726,0.0286159,0.389471,0.864786,0.00515189,3.34607,0.747153,1.20135,0.280863,0.614327
1.393197279,0.691366,0.037127,0.376295,0.0354532,0.425376,1.63842,0,3.26829,0.833072,0.417459,0.246798,0.75978
1.439637188,0.773815,0.202626,0.503631,0.072458,0.332698,2.11676,0.251687,2.84136,0.783579,0.0024962,0.182757,0.423632
1.486077098,0.870915,0.289348,0.837031,0.0519983,0.404941,2.19824,0.38447,2.1488,0.401251,0.124698,0.150419,0.112867
1.532517007,0.534907,0.114133,1.8939,0.0136714,0.110325,2.36922,0.232917,2.11396,0.518999,0.00140724,0.10176,0.307188
1.578956916,0.189467,0.0990742,2.02754,0.00900745,0.193342,2.13504,0.0783539,2.56379,0.61656,0.000439521,0.0500451,0.26552
1.625396825,0.164182,0.300305,1.86424,0.025942,0.193138,1.57188,0.060418,2.9463,0.69083,0.000426805,0.0806607,0.150784
1.671836735,0.0713631,0.444459,1.62456,0.112379,0.147599,0.568555,0.0623447,3.20605,0.457083,0.0559558,0.223149,0.3144
1.718276644,0.182112,0.447921,1.5141,0.341072,0.138864,0.247671,0.174059,3.32481,0.356746,0.0692942,0.447276,0.914843
1.764716553,0.174451,0.511372,1.46168,0.197189,0.111135,0.336547,0.0603002,3.45678,0.302305,0.0851851,0.437159,1.17825
1.811156463,0.107752,0.613872,1.47472,0.0407053,0.221404,0.277755,0.0110085,3.66175,0.209497,0.000903636,0.78747,1.00521
1.857596372,0.0723004,0.520081,1.2927,0.0221568,0.199181,0.145856,0.0659123,3.74878,0.0885178,0.145055,1.68043,0.869347
1.904036281,0.0324476,0.436991,1.29998,0.00539631,0.145132,0.228003,0.324062,3.40394,0.0563325,0.186072,2.2136,0.615353
1.950476190,0.0307531,0.133779,1.69009,0.0725357,0.0747081,0.556096,0.245726,2.86459,0.0657859,0,2.71685,0.33154
1.996916100,0.000578715,0.000429089,2.49012,0.148098,0.0397158,0.924988,0.277842,1.8251,0.197842,0,2.70044,0.270861
2.043356009,0.0721451,0,2.93635,0.188166,0.07791,0.805012,0.400621,1.48734,0.26871,0.0466596,2.33064,0.308875
2.089795918,0.0991839,0,3.0907,0.369157,0.104971,0.780286,0.492194,1.63166,0.15303,1.0172,1.08347,0.326058
2.136235828,0.128968,0,2.92785,0.218735,0.223914,0.646782,0.599761,1.58544,0.0497659,2.09805,0.0748695,0.287454
2.182675737,0.147577,0.00121706,2.88491,0.501314,0.166754,0.682369,0.556847,1.21622,0.0275818,2.39363,0.108598,0.315267
2.229115646,0.0915869,0.00194518,3.02649,0.708032,0.0734601,0.481195,0.374195,1.00444,0.0126451,2.28731,0.109531,0.338011
2.275555556,1.64011e-05,0.00180419,3.26182,0.870145,0.0640335,0.52123,0.277537,0.876782,0.0455465,1.88335,0.0924277,0.340486
2.321995465,0.000127551,0.00214244,3.21533,0.761138,0.176136,1.37371,0.0866809,0.910707,0.0934307,1.51628,0.106104,0.312636
2.368435374,0.000165241,0.00276341,3.19581,0.30837,0.0575616,2.41611,0.0556113,0.766977,0.0945478,1.10316,0.246999,0.49163
2.414875283,0.0827779,0.00325183,2.8257,0.109514,0.0689944,2.94219,0.0264606,0.790583,0.12359,0.734628,0.667041,0.21805
2.461315193,0.171904,0.149958,2.06945,0.0358339,0.0611721,2.78466,0.0448912,1.08963,0.281457,0.613601,0.973127,0.105146
2.507755102,0.000352924,0.0510348,2.37831,0.204938,0.0714769,2.13535,0.0712861,1.35582,0.214232,0.934678,0.676417,0.114063
2.554195011,0.000420014,0.0148054,2.6412,0.146547,0.208232,1.04104,0.298675,2.27816,0.229231,0.972079,0.157471,0.0642809
2.600634921,0.00050933,0.00322364,2.74596,0.032869,0.0676078,0.598884,0.539499,2.82409,0.160926,0.930566,0.160184,0.181127
2.647074830,0.00049383,0.00285382,2.84547,0.0339307,0.0159207,0.777975,0.585296,2.96862,0.0181407,0.718664,0.246337,0.127457
2.693514739,0.00049142,0.00220638,2.86886,0.158879,0.0366112,0.641478,0.308201,2.83545,0.0234969,0.348181,0.641542,0.0210385
2.739954649,0.17533,0.00187494,2.97556,0.265635,0.0452295,0.615836,0.0652556,2.74635,0.264465,0.314667,0.277792,0.0406521
2.786394558,0.170498,0.0375317,2.698,0.254735,0.187123,0.52149,0.0870594,2.29912,0.298166,0.289427,1.49981,0.0684697
2.832834467,0.0606815,0.0430071,2.51884,0.351656,0.268667,0.296656,0.0908448,1.24066,0.272181,0.0405741,2.44392,0.184735
2.879274376,0.0387334,0.0389167,2.24592,0.200296,0.172337,0.486151,0.0822299,1.02891,0.288692,0.11698,2.72152,0.185506
2.925714286,0.0724152,0.0220336,2.37953,0.144705,0.132601,0.95898,0.0896334,0.921981,0.459911,0.266665,2.64876,0.176547
2.972154195,0.173829,0.00139924,2.7365,0.0689459,0.0564846,0.830139,0.19856,0.83115,0.550958,0.515621,2.61398,0.224348
3.018594104,0.0854989,0.0734319,2.92281,0.137488,0.243731,0.79915,0.33861,1.04216,0.431145,1.43783,1.7471,0.221835
3.065034014,0.00122497,0.101369,3.03902,0.314079,0.178466,0.638353,0.0816261,1.28662,0.453281,2.09704,0.598227,0.216053
3.111473923,0.011516,0.104738,2.75531,0.403212,0,0.556019,0.0682337,1.34219,0.74872,2.05411,0.318094,0.198454
3.157913832,0,0.342104,2.62367,0.326357,0,0.613266,0.143292,1.34427,0.611796,2.18681,0.295402,0.189023
3.204353741,0,0.501967,2.66169,0.0211743,0.0605415,0.458112,0.513385,0.967726,0.595941,2.10573,0.226972,0.244043
3.250793651,0.0387174,0.53714,2.61906,0.0235102,0.453293,1.63743,0.539118,0.694605,0.662593,1.67414,0.0778243,0.280877
3.297233560,0.299035,0.179363,2.52138,0.0717671,0.548538,3.23306,0.0744552,0.399779,0.680032,1.39376,0,0.261973
3.343673469,0.437069,0.146244,2.06563,0.348373,0.177653,3.45464,0.064686,0.466715,0.371487,0.934314,0.297896,0.157256
3.390113379,0.371502,0.0618232,1.78888,0.530771,0.0246403,3.25711,0.0618769,0.577971,0.302202,0.911542,0.473563,0.140048
3.436553288,0.0217197,0.000662101,2.52448,0.51448,0.0220591,2.99307,0.242547,0.728395,0.312835,0.712891,0.332504,0.174324
3.482993197,0.000733748,0.0230129,2.91471,0.300122,0.0213506,2.2227,0.619686,1.6334,0.196886,0.443663,0.17994,0.296216
3.529433107,0.000556519,0.0162304,2.61112,0.116284,0.0219231,0.470643,0.687462,3.29383,0.0361287,0.206322,0.202052,0.351946
3.575873016,0.252891,0.0229065,2.62237,0.120328,0.0797398,0.0307363,0.447275,3.45826,0.0240497,0.018263,0.182917,0.307924
3.622312925,0.330637,0.00436244,2.90229,0.124121,0.158776,0.22795,0.122412,3.21463,0.460962,0.118187,0.134271,0.269469
3.668752834,0.124748,0.00457457,3.01191,0.0914115,0.257407,0.514715,0.226574,3.07404,0.580629,0.156797,0.493804,0.600554
3.715192744,0.160748,0.00509921,3.02941,0.0782631,0.31118,0.863378,0.492586,2.1843,0.446053,0.143883,2.0922,0.599719
3.761632653,0.313178,0.00554504,2.80165,0.097097,0.3206,1.36578,0.40608,0.793631,0.0891932,0.0981761,2.9108,0.34055
3.808072562,0.509248,0.00496902,2.22263,0.138327,0.312672,1.82384,0.119594,0.42132,0,0.0281974,3.57215,0.0401696
3.854512472,0.541174,0.00310891,1.69093,0.124869,0.168186,1.97806,0.0397151,0.0924402,0,0,3.97529,0.106615
3.900952381,0.565298,0.00151187,1.28246,0.171662,0.0773191,2.03656,0.0252673,0.000458069,0,0,4.03362,0.125769
3.947392290,0.539493,0.00104545,1.17887,0.172245,0.152401,1.65072,0.0336656,0.0276486,0,0.394457,3.79275,0.109369
3.993832200,0.530419,0.00151306,0.816835,0.242479,0.612874,1.522,0.045684,0.156663,0.00691703,2.5759,2.16063,0.127983
4.040272109,0.230773,0.00221578,0.526702,0.394225,0.968969,1.09703,0.0816473,0.100015,0.0175838,3.12338,1.47829,0.199095
4.086712018,0.23297,0.00193399,0.688127,0.602299,0.801484,0.818064,0.121774,0,0.149283,2.95196,1.31141,0.22576
4.133151927,0.246053,0,0.987887,0.778795,0.60378,0.976966,0.261524,0.0121249,0.338374,2.38665,1.84294,0.170557
4.179591837,0.242671,0,1.10269,0.459972,0.220892,2.05688,0.233512,0.110466,0.117312,1.5151,2.82309,0.165273
4.226031746,0.434965,0,0.895581,0.163973,0.0932963,2.65429,0.0924101,0.105343,0.113749,0.524282,3.39183,0.186656
4.272471655,0.842613,0.0927219,0.54483,0.253783,0.0853351,2.89423,0.0420618,0,0.153025,0.820308,3.0044,0.154156
4.318911565,0.895502,0.0146625,0.38292,0.47953,0.0832863,3.0313,0.026888,0,0.11089,0.807558,2.51562,0.167744
4.365351474,0.751088,0.287306,0.645918,0.702543,0.0743985,2.84777,0.00591507,0,0.146446,0.402215,2.75008,0.145348
4.411791383,0.235401,0.329385,0.659464,0.737385,0.0695781,2.42711,0.0358999,0.977452,0.100764,0.155481,3.0934,0.143007
4.458231293,0.118083,0.00170297,0.549432,0.775201,0.104468,1.19892,0.0137224,2.85699,0.112566,0.0139078,2.802,0.193551
4.504671202,0.0440948,0.0659745,0.822124,0.700662,0.0759398,1.05459,0.0160425,3.52726,0.113573,0.00242235,2.14992,0.202994
4.551111111,0.0380952,0.00373485,1.06698,0.666925,0.157729,0.696008,0.0228132,3.59404,0.182975,0.0139007,1.84649,0.176033
4.597551020,0.0554027,0.00337204,0.974261,0.298207,0.180603,0.311818,0.0854812,3.17574,0.265145,0,2.66958,0.18256
4.643990930,0.136607,0.0186937,0.734301,0.0447432,0.126724,0.586996,0.215766,2.32908,0.353181,0,3.26923,0.0440215
4.690430839,0.0786372,0.0333368,0.619494,0,0.129634,1.11234,0.367103,1.4781,0.513162,0,3.41762,0.0103341
4.736870748,0.0127811,0.033892,0.331641,0.68831,0.0271896,1.5252,0.306154,1.11033,0.2937,0,3.17867,0.0776955
4.783310658,0.0118597,0.155684,0.442479,0.858295,0.0240287,2.02706,0.221441,0.72259,0.316229,0,3.0232,0.422193
4.829750567,0.00726599,0.337989,0.682373,0.65449,0,2.21407,0.0993264,0.338347,0.220591,0,3.36878,0.245208
4.876190476,0,0.245648,1.14401,0.446427,0.173839,1.9982,0.0669169,0.214893,0.198896,0.797343,3.26882,0.242664
4.922630385,0,0.0151507,1.1338,0.326579,0.417983,1.55563,0.0356013,0.340377,0.268067,2.44858,2.12136,0.208891
4.969070295,0.00534172,0.0303271,0.981576,0.447418,0.456755,1.27089,0.0195059,0.38231,0.120491,2.88822,1.71466,0.207466
5.015510204,0.0111925,0.000934236,1.48934,0.70586,0.366279,0.948451,0.0108519,0.260527,0.137818,2.94315,1.65302,0.226926
5.061950113,0.0970027,0.00104562,1.74732,0.554039,0.366188,1.30668,0.005677,0.177266,0.106843,2.65472,1.9638,0.241334
5.108390023,0.167892,0.00249532,1.6748,0.529549,0.32834,2.17924,0.0230692,0.134606,0.0479088,2.08436,2.39137,0.242064
5.154829932,0.438581,0.00291395,1.51903,0.392127,0.00535232,3.14138,0.130947,0.0548937,0.0346895,1.35764,2.45884,0.338272
5.201269841,0.90658,0.00284567,0.930278,0.239819,0,3.36205,0.00674098,0.273491,0.000838921,1.04276,2.04537,0.165082
5.247709751,0.961724,0.00135027,0.523993,0.134144,0,3.2384,0.00932323,0.273533,0,0.831522,2.12797,0.123012
5.294149660,0.795404,0.00288387,0.708188,0.201464,0,3.03672,0.00935445,0.306593,0.0297984,0.454688,3.07742,0.0998757
5.340589569,0.398565,0.00356022,1.44174,0.138779,0.00422505,2.84062,0.0121857,0.165147,0.133975,0.165715,3.39575,0.144048
5.387029478,0.0490908,0.183944,1.24152,0.166503,0,1.92807,0.010959,2.2203,0.0800511,0.0452648,3.28453,0.158793
5.433469388,0.0186739,0.302468,0.686267,0.37433,0.034207,0.797002,0.00908265,3.16342,0.0410324,0.00316591,2.85001,0.316956
5.479909297,0.0647655,0.271278,0.692535,0.547328,0.0274932,0.827267,0.0172083,3.18769,0.00906422,0.00486389,2.61675,0.351604
5.526349206,0.108976,0.100142,0.870333,0.715538,0,1.13897,0.0362664,2.85959,0.00381669,0.156442,2.90097,0.147015
5.572789116,0.0882064,0.116558,0.874333,0.72202,0,1.82591,0.046034,2.26731,0.02901,0.0242396,3.28172,0.000246818
5.619229025,0.0964082,0.0538978,0.601858,0.816892,0.00717798,1.78102,0.0388474,1.54944,0.0223292,0.00455048,3.77392,0.000129674
5.665668934,0.0986667,0.183771,0.442761,0.790235,0.0871857,1.84516,0.0271691,0.993801,0.199246,0.0601483,3.83489,0.082858
5.712108844,0.000178792,0.00337929,0.686457,1.76427,0.0526812,1.57844,0.00670195,0.736313,0.290661,0.0279923,3.23454,0.107729
5.758548753,0.0396429,0.0596185,0.431913,2.15362,0.283532,1.53994,0.0166132,0.199988,0.351042,0.0430457,2.56669,0.128068
5.804988662,0.0668321,0.154962,0.281508,2.5283,0.265366,1.47357,0.0898351,0.0884341,0.399466,0.443391,1.74539,0.121888
5.851428571,0.0829615,0.207392,0.701399,2.75526,0.355762,1.34681,0.0880459,0.0704603,0.287679,2.21424,0.853949,0.10753
5.897868481,0.121779,0.243176,0.969293,2.46138,0.664885,1.20929,0.0778961,0.0300024,0.0366838,3.287,0.128021,0.111858
5.944308390,0.0505862,0.211151,0.921249,2.2681,0.939805,0.963243,0.0904316,0.385085,0,3.11875,0,0.174798
5.990748299,0,0.111733,0.293769,2.76137,1.03093,0.655918,0.159698,1.01844,0,3.08713,0.148094,0.109868
6.037188209,0.330523,0.0303446,0.111583,2.74049,0.67279,0.620797,0.13607,1.26413,0.00241708,2.71511,0.451682,0.233662
6.083628118,0.796032,0.00847448,0.0734487,2.79928,0.177975,1.69996,0.119887,1.33789,0.0254107,1.58278,1.12954,0
6.130068027,0.949985,0.00400073,0.00220108,2.30261,0.0115057,2.90469,0.16388,0.998527,0,0.270556,1.53971,0.00258505
6.176507937,0.935209,0.00153985,0.264312,1.45634,0.00208873,3.33775,0.0529207,0.424313,0.0189824,0.323214,1.88166,6.96175e-05
6.222947846,0.783691,0.00523379,0.096202,2.18853,0.0108467,3.21529,0.0526502,0.499077,0.0166276,0.341295,2.15969,3.71336e-05
6.269387755,0.446224,0.00819492,0.237337,3.11602,0.0243789,2.89117,0.0372639,1.05184,0.0204025,0.224713,2.17344,0.234051
6.315827664,0,0.0031118,0.867063,3.1895,0.0184204,1.86294,0.0156978,2.16042,0.0358799,0.152867,1.89328,0.252756
6.362267574,0,0.00516454,0.877187,2.88339,0.0360221,0.761643,0.00526553,3.09284,0,0.219105,1.47349,0.314186
6.408707483,0,0.00327112,0.890986,2.38441,0.212812,0.19227,0.0161581,3.39662,0,0.194263,1.19654,0.215583
6.455147392,0,0.0537743,0.820042,2.89323,0.251097,0.0492501,0.0478019,3.34504,0,0.135308,1.38743,0.205546
6.501587302,0,0.134668,1.50339,3.11018,0.159531,0.0292237,0.0900043,2.85896,0,0.0825461,1.87858,0.0424322
6.548027211,0,0.142963,1.62155,2.55772,0,0.312606,0.0945894,1.57,0.185612,0.0691691,2.3522,0.0906666
6.594467120,0,0.103931,1.3087,2.11383,0.0047827,0.290031,0.097869,1.16145,0.152492,0.0540423,2.83466,0.0653621
6.640907029,0,0.0914432,1.56448,1.85075,0.142156,0.288676,0.10382,0.779927,0.128572,0.0470263,3.02792,0.0514157
6.687346939,0.0379705,0.0706724,1.59986,1.92723,0.220085,0.475985,0.101916,0.433435,0.118413,0.040826,2.98501,0.0111342
6.733786848,0.258684,0.125007,1.43757,2.31873,0.0883941,0.852966,0.0891055,0.544253,0.0548429,0.134025,2.43952,0.0289993
6.780226757,0.24775,0.0639564,1.23858,2.39143,0.0939418,1.25709,0.0240374,0.872699,0.0544811,2.36613,0.677579,0.118963
6.826666667,0.266102,0.189805,1.0308,2.28385,0.109761,1.04162,0,1.01094,0.0527404,2.99265,0.0107016,0.162159
6.873106576,0.4481,0.264549,0.770921,1.9748,0.290185,0.698561,0.00169251,0.794038,0.0827776,3.42748,0.0727432,0.169507
6.919546485,0.627774,0.257249,0.929169,2.15733,0.290656,0.513117,0.0079998,0.696114,0,3.20348,0.290324,0.061964
6.965986395,0.7129,0.212911,1.06285,2.64981,0.140396,0.499542,0,0.703572,0.0185048,2.50962,0.580382,0.0696675
7.012426304,0.290389,0.191965,1.22909,2.45724,0.0955871,1.2339,0.00246625,1.17209,0.044232,1.25416,1.67366,0.0815374
7.058866213,0,0.163793,1.25211,1.96426,0.0315085,1.78975,0.00250587,1.32896,0,0.450447,2.2452,0.0592563
7.105306122,0.0563686,0.130695,1.38543,1.52394,0.0151277,2.45522,0.0299794,1.14509,0,0.611149,2.1805,0.00935727
7.151746032,0.175097,0.140912,1.32401,1.28525,0.0688543,2.9602,0.046003,0.825356,0,0.317254,2.09901,0.00542494
7.198185941,0,0.314138,1.26105,1.60534,0.0761743,2.5084,0.0525076,1.17073,0,0.101888,2.26331,0.0159676
7.244625850,0,0.293154,1.23992,1.87699,0.0555558,1.59247,0.032788,2.34053,0.0222197,0.0479558,1.97576,0.0745082
7.291065760,0,0.144675,1.5893,1.6829,0.0931077,0.664013,0.00339201,3.11573,0.0513278,0.0244465,1.42779,0.138379
7.337505669,0.0250018,0.083402,1.8899,1.31508,0.255711,0.44317,0.0278455,3.45602,0.0603374,0.0115994,0.970612,0.284958
7.383945578,0.0422457,0.126997,1.80024,1.31088,0.281371,0.259492,0.094719,3.46519,0.0287127,0.00767945,1.06005,0.257031
7.430385488,0.0187504,0.165576,1.47353,1.94961,0.00731997,0.520328,0.301948,2.95952,0.0552621,0.191025,1.42862,0.141042
7.476825397,0.0470254,0.105317,1.04838,2.10307,0.0408776,0.823785,0.356405,2.26209,0.0809933,0.662428,1.76858,0.12664
7.523265306,0,0.0229716,1.19611,2.06591,0.166159,0.914548,0.34253,1.16463,0.0412372,0.751445,2.16051,0.16865
7.569705215,0,0.00892412,1.69205,1.39175,0.237454,0.957608,0.303496,1.21316,0.140756,0.645722,2.42906,0.15707
7.616145125,0.186225,0.00236482,1.15741,0.442334,0.489582,1.17303,0.199386,2.58763,0.0131949,0.254801,2.64313,0
7.662585034,0.11635,0.249265,1.09029,0.00920127,0.591714,1.39636,0.0762482,3.13337,0.0199685,0.343703,1.89548,0
7.709024943,0.315022,0.54177,1.2416,0.0420373,0.561636,1.26474,0.0101276,2.9566,0.0179171,1.33098,0.793335,0.230145
7.755464853,0.531946,0.339341,1.16781,0.0153404,0.984972,1.09608,0.00211133,2.45445,0.0148888,2.52741,0.000873436,0.213033
7.801904762,0.644032,0.5226,1.15546,0.0904557,0.950756,0.983079,0,2.19292,0.00397843,2.72615,0.116706,0.00236625
7.848344671,0.497101,0.457598,1.44376,0.107095,0.697823,0.78227,0,2.35487,0.000166278,2.49562,0.042669,0.000185451
7.894784580,0.440115,0.20029,1.58167,0.0430516,0.464107,0.40778,0,2.81453,0.0213395,2.16086,0.015268,0
7.941224490,0.326896,0.178653,1.08961,0,0.0208151,1.88758,0.00693092,2.94799,0.0401138,1.67187,0.000898457,0
7.987664399,0.35475,0.481549,1.00159,0.038713,0,2.85169,0.0396659,2.67157,0.0320486,0.656651,0.000843968,0.0402763
8.034104308,0.257057,0.427471,0.984452,0.164623,0.0190816,3.27424,0.258813,2.04716,0.0492166,0.507499,0.000127631,0.0189531
8.080544218,0.555158,0.421414,0.967165,0.190751,0.110062,3.32454,0.207329,1.5741,0.0718984,0.454359,0,0
8.126984127,0.49818,0.476075,1.30972,0.0724051,0.016368,3.05223,0.000468618,2.15223,0.110004,0.379767,0,0.292815
8.173424036,0.124993,0.35131,1.52982,0.0997061,0.019753,2.21328,0.00457976,3.04236,0.225136,0.352287,0.000308018,0.796321
8.219863946,0.083153,0.450497,1.68884,0.23313,0.029899,0.668011,0.0286085,3.59999,0.207073,0.283885,0.000435823,1.11928
8.266303855,0.582897,0.322542,1.44528,0.292217,0.272343,0.211091,0.0522733,3.96474,0.00701446,0.16869,7.30394e-06,0.800323
8.312743764,0.531043,0.0331165,1.60804,0.0257383,0.405221,0.265279,0.0508318,3.63066,0.100136,0.137105,0.107614,0.594208
8.359183673,0.321513,0.0718247,1.45971,0.0710722,0.149459,0.726439,0.0466933,3.5794,0.163133,0.239826,0.00129788,0.935161
8.405623583,0.103669,0.488282,1.41141,0.0553153,0.0148337,1.33635,0.0945309,3.0259,0.201199,0.247454,0.971503,0.725566
8.452063492,0.0868202,0.844008,1.07975,0.044903,0.00326091,1.18148,0.178569,3.00178,0.205949,0.224659,2.38044,0.0512394
8.498503401,0.0315433,0.95689,0.734881,0.0193076,0.0397619,1.12341,0.0637934,2.95369,0.172268,0.101808,2.99698,0.0180151
8.544943311,0,0.834452,0.690055,0.015085,0.270798,1.23513,0.0663702,2.65853,0.162109,0,3.17074,0.111209
8.591383220,0,0.458198,1.04744,0.0326387,0.137133,1.20815,0.243203,2.7145,0.207299,0.0824069,2.99825,3.69957e-05
8.637823129,0.000174093,0.289433,0.908653,0.239447,0.0695982,0.884489,0.246862,2.8891,0.160197,0.739962,2.06146,0.631499
8.684263039,0.000135786,0.413552,0.868552,0.24724,0.141861,1.01203,0.0580379,2.85891,0.126137,2.40718,0.0480237,0.730147
8.730702948,0.00996232,0.481307,0.819755,0.122049,0.24074,0.914823,0.0274203,2.4077,0.118763,2.82235,0.0656128,0.440735
8.777142857,0.0297713,0.488395,0.959584,0.342026,0.374452,0.548175,0.0338985,2.46841,0.071554,2.82031,0.0107011,0.298747
8.823582766,0.0961803,0.319067,1.01143,0.312604,0.166029,0.783238,0.0328663,2.83294,0.0950306,2.42303,0.0244361,0.552927
8.870022676,0.0303521,0.0758522,1.13849,0.199541,0.140481,1.90865,0.196918,2.88758,0.05755,1.48232,0.112658,0.915408
8.916462585,0.277798,0.256055,1.19954,0.185432,0.0219553,2.72915,0.0620651,2.60371,0.0305888,0.456739,0.0696849,0.955875
8.962902494,0.866184,0.386982,1.14748,0.0732438,0.0163463,2.96662,0.0137934,2.22777,0.0341143,0.379708,0.0306812,0.465095
9.009342404,1.1588,0.204638,0.943937,0.0689489,0.0073526,3.24091,0.0324581,2.35868,0.220478,0.279539,0.0393487,0.255336
9.055782313,0.886361,0.0699858,1.24194,0.0722431,0.0272025,2.99189,0.0389852,3.1131,0.0429496,0.103489,0.0498916,0.434017
9.102222222,0.345644,0.133955,1.6106,0.0598591,0.00420505,2.11418,0.0489965,3.8898,0.0444606,0.0620375,0.0995005,0.54139
9.148662132,0.403807,0.131053,1.88875,0.0519175,0,0.902521,0.0591238,4.1542,0.0263976,0.171371,0.0983207,0.258394
9.195102041,0.466384,0.00128784,1.95116,0.0858651,0.176218,0.645907,0.0620232,4.28508,0.00691849,0.239457,0.127193,0.251157
9.241541950,0.357579,0.00196371,2.00774,0.0829827,0.123721,0.480153,0.0419462,4.094,0.0982788,0.42461,0.113228,0.314771
9.287981859,0.112292,0.0240085,2.08202,0.299221,0.0345449,0.288478,0.0200983,3.84763,0.0521133,0.488675,0.153814,0.584721
9.334421769,0.0719314,0.0420618,2.11042,0.269107,0.170127,0.313555,0.0417235,3.63468,0.0150793,0.402774,0.968528,0.673889
9.380861678,0.000304045,0.16414,1.88931,0.174704,0.103562,1.05576,0.053324,3.31231,0.0286168,0.15128,2.21181,0.439888
9.427301587,0.233671,0.185238,1.283,1.04645,0.070247,1.51463,0.136968,2.71035,0.105626,0.104255,2.41708,0
9.473741497,0.27656,0.123889,1.53542,0.660426,0.0561864,1.56662,0.188225,2.15438,0.218918,0.19551,2.5062,0
9.520181406,0.151361,0.101312,2.81426,0.222424,0.141545,1.20218,0.521755,1.41492,0.050819,0.227613,1.99816,0
9.566621315,0.168555,0.0131469,2.93896,0.232531,0.526043,0.539911,0.60358,1.59012,0.0686016,0.938893,1.30497,0.00469781
9.613061224,0.297623,0.152925,2.97071,0.33106,0.695255,0.497909,0.39325,1.10532,0.316267,2.41793,0.0384655,0.115157
9.659501134,0.0905691,0.209212,2.52714,0.48627,0.82019,0.699446,0.188375,0.717771,0.386087,2.73404,0.000326412,0.167582
9.705941043,0.0741287,0.197254,1.87611,0.35401,0.844682,0.718851,0.0301187,1.00442,0.432907,2.89014,1.35693e-05,0.182302
9.752380952,0.0525636,0.063715,2.75196,0.21634,0.858786,0.533245,0.0795385,0.938648,0.439472,2.64156,0.0159161,0.0894723
9.798820862,0.0376729,0.00168962,3.12638,0.466442,0.714162,1.19487,0.392054,1.03429,0.0720118,2.49266,0.000220327,0
9.845260771,0.312004,0.000803481,3.15913,0.507641,0.2433,2.31502,0.334992,0.996676,0.0495667,2.07137,0.000481057,0
9.891700680,0.630205,0.00193075,2.55711,0.524584,0.00874305,3.18221,0.149218,0.98089,0.0326238,1.85392,0.000533962,0.0342403
9.938140590,0.755494,0.00210786,2.20094,0.218314,0,3.164,0.276385,1.1455,0.0195303,1.21127,0.424427,0.0285535
9.984580499,0.581842,0.00458953,2.87115,0.14177,0.0368198,2.92083,0.867028,0.716439,0.00143687,0.890986,0.798566,0.0463912
10.031020408,0.36291,0.221447,3.29826,0.0383176,0.184816,2.18174,1.24348,0.893755,0.0493527,0.877544,0.651642,0
10.077460317,0.099919,0.16124,3.42054,0.0142929,0.197416,1.3217,0.914311,2.11112,0.0603855,0.810461,0.219007,0.0381565
10.123900227,0.000382449,0.0101619,3.17181,0,0.0888751,1.09029,0.207295,3.20317,0.0755946,0.666792,0.340697,0.421821
10.170340136,0.000530103,0.0501191,3.05108,0,0.042953,0.841718,0.0129977,3.58704,0.050399,0.228252,0.249125,0.537968
10.216780045,0.000418197,0.00409939,3.29421,0,0.0300698,0.697637,0.0226297,3.50172,0.00129521,0.333784,0.100431,0.447726
10.263219955,0.00506062,0.00430899,3.34845,0,0,0.488657,0.0633286,2.93409,0.338238,0.629268,1.21337,0.00691669
10.309659864,0.242221,0.0442026,3.50339,0,0.177993,0.715362,0.0768047,1.53729,0.603933,0.572536,2.34229,0
10.356099773,0.154608,0.0775856,3.2495,0.207701,0.0341708,0.842943,0.0472774,1.35373,0.523971,0.198697,2.84068,0.0788939
10.402539683,0.133167,0.0576213,2.90101,0.150647,0.0306897,1.13463,0.0381326,1.71638,0.255784,0.0679023,3.05557,0.0530422
10.448979592,0.114111,0.0141783,3.06386,0.0796234,0.0399579,0.878161,0.238654,1.66813,0.185333,0.0978283,3.05016,0.0279958
10.495419501,0.0121439,0.00247308,3.51691,0.0999837,0.0736322,0.721782,0.45646,1.67579,0.154524,0.310365,2.39738,0
10.541859410,0.0710736,0.00326521,3.4748,0.0665616,0.502505,0.674921,0.488843,1.68873,0.162769,2.03858,0.556905,0.000289305
10.588299320,0,0.0885674,3.02297,0.147957,0.7805,0.926034,0.297373,1.25245,0.566421,2.58288,0.000186669,0.000530349
10.634739229,0.0238821,0.152572,2.65416,0.0730923,0.625674,1.17101,0.317418,0.856329,0.800987,2.84572,0,0.000453981
10.681179138,0,0.105293,3.14929,0.341218,0.355086,1.17474,0.582326,0.59169,0.671612,2.80421,0,0.000254149
10.727619048,0.0300581,0.00467626,3.68793,0.354343,0.112252,1.4399,0.724071,0.255325,0.381863,2.35342,0.000303142,6.29505e-06
10.774058957,0.697605,0.0226922,3.4838,0.198929,0.0488506,2.3283,0.742395,0.237839,0.194459,1.81576,0.0176057,0
10.820498866,0.863042,0,2.6402,0.465777,0.0561173,3.21573,0.532063,0.508716,0.139511,1.83044,0.0771424,0
10.866938776,0.871806,0.000968836,2.03878,0.270046,0.0602083,3.61075,0.0868074,0.821148,0.125809,1.31928,0.0332078,0
10.913378685,0.822923,0,2.53726,0.0236614,0.0981107,3.37478,0.274905,0.805547,0.218016,0.939677,0.182667,0
10.959818594,0.594907,0,3.2326,0.371698,0.124455,2.63247,0.499999,0.979594,0.439251,0.657621,0.10376,0.0282752
11.006258503,0.230998,0,2.82911,0.509244,0.125306,1.52607,0.555903,2.95831,0.26156,0.480256,0.000239738,0.1143
11.052698413,0.36252,0.00156357,2.53266,0.416525,0.108567,0.496183,0.177859,3.89651,0,0.200857,0.159481,0.290815
11.099138322,0.230144,0.00157586,2.42511,0.274341,0.0750519,0.461107,0.0396396,4.15955,0.000294712,0.182144,0.150539,0.354489
11.145578231,0.104316,0.000947878,2.64892,0.217583,0.0891654,0.484212,0.211703,4.1696,0.00157756,0.181822,0.140361,0.255122
11.192018141,0.000160832,0.00118422,3.17644,0.488566,0.116213,0.855508,0.233075,3.48184,0.00991441,0.297775,0.142338,0.0884304
11.238458050,0.00019859,0.0309671,3.15687,0.504318,0.0968166,1.31323,0.0109328,2.60985,0.0493354,0.485227,2.00714,0.169932
11.284897959,0.120623,0.0731537,3.47929,0.0178724,0.199901,1.6948,0.0840774,0.895575,0.177996,0.117381,3.32461,0.141649
11.331337868,0.0657278,0.0430731,2.79748,0.0145334,0.144289,1.83555,0.0391598,0.637312,0.18604,0,4.10932,0.0707354
11.377777778,3.56652e-06,0.00177558,2.16626,0.0125822,0.188649,2.10404,0.024357,0.408117,0.343507,0.0127091,4.28135,0.00852267
11.424217687,0.00255301,0.00264094,1.89259,0.107038,0.0969729,1.966,0.0837504,0.264135,0.293904,0.11151,4.13545,0.000119607
11.470657596,0.195089,0.00302193,2.0233,0.0822796,0.181028,1.2766,0.274108,0.0291824,0.243133,2.03151,2.81037,9.64409e-05
11.517097506,0.0489701,0.379899,1.77133,0.103358,0.599324,1.06431,0.16628,0.00866786,0.0825385,3.03735,1.66139,0.0306859
11.563537415,0.0777776,0.319142,1.75875,0.143057,0.417128,0.915056,0.0185321,0.0097977,0.0862501,3.24502,1.26931,0.284113
11.609977324,0.222509,0.00244121,1.66697,0.278865,0.391532,0.894253,0.0168901,0.0926973,0.102428,3.1706,1.88626,0.118701
11.656417234,0.178223,0.0504335,1.64496,0.280286,0.288511,1.63568,0.0122391,0.525364,0.14628,2.31832,3.01264,0.000194314
11.702857143,0.200194,0.0839612,1.76948,0.315868,0.254041,1.91241,0.0105136,0.810607,0.145573,0.517787,3.67245,0.000105624
11.749297052,0.21303,0.107415,1.65771,0.296206,0.0376963,2.28225,0.005238,0.844153,0.146561,0.112883,3.64462,0.0582767
11.795736961,0.211981,0.364311,1.20014,0.273432,0.0262474,2.55119,0.00569134,0.683393,0.0640562,0.570438,3.1461,0.123327
11.842176871,0.186621,0.406309,0.882733,0.144402,0.0323696,2.46453,0.030715,0.63243,0.131853,0.672774,3.18024,0.108412
11.888616780,0.119115,0.546305,0.885107,0.0211541,0.410144,2.22271,0.0421539,0.944691,0.152502,0.218031,3.59495,0.072809
11.935056689,0.129788,0.35448,0.69562,0.0179368,0.644678,1.65786,0.0462823,2.54033,0.176755,0.00777724,3.50781,0
11.981496599,0.501297,0.0337558,0.681581,0.487343,0.367983,0.317829,0.0590028,3.20834,0.149666,0.0115435,2.71072,0.105865
12.027936508,0.598591,0.00202327,0.877003,0.513579,0.138908,0.22097,0.0576514,3.50127,0.0722972,0.0546868,1.71681,0.455433
12.074376417,0.682246,0.00271998,1.24893,0.341021,0.110294,0.39602,0.0128957,3.36523,0.100131,0.181054,2.01285,0.463194
12.120816327,0.615956,0.00310497,1.38042,0.0326652,0.0445783,0.872891,0.000456731,2.91527,0.172205,0.0815663,3.05714,0.270755
12.167256236,0.542141,0.00317759,1.37352,0,0.0344662,1.7031,0.0339917,2.03901,0.225803,0.0774056,3.64567,0.0903365
12.213696145,0.228582,0.00851292,1.55128,0,0.0770129,2.35398,0.0780846,0.447033,0.307939,0.105409,3.87599,0.218416
12.260136054,0.0385666,0.00444165,1.01565,0,0.355738,2.31673,0.130984,0.423396,0.289778,0.0995567,4.05009,0
12.306575964,0.0418651,0.0454398,1.20087,0,0.427205,2.2797,0.120975,0.475427,0.243048,0.105167,4.16384,0
12.353015873,0.0680501,0.00362701,1.82282,0.0749767,0.285094,2.21672,0.0946931,0.286559,0.132873,0.089711,4.14532,7.06444e-05
12.399455782,0.100743,0.0996462,2.14901,0.337786,0.131774,2.13736,0.0740225,0.0265652,0.116493,1.37782,3.33835,0.000422568
12.445895692,0.0443743,0.185714,2.21589,0.0848415,0.147275,2.14522,0.0614569,0.0321319,0.128416,2.47223,2.21773,0.0977586
12.492335601,0.0502383,0.231047,2.05736,0.0319904,0.314376,1.83898,0.0879937,0.0286135,0.183416,2.99902,1.5303,0.162517
12.538775510,0.0379368,0.184978,1.7106,0.100479,0.460883,1.64306,0.110312,0.0221163,0.222235,3.11866,1.69891,0.0945548
12.585215420,0.0625939,0.0853098,1.41794,0.0418618,0.728955,1.44278,0.274429,0.0299444,0.240492,2.9478,2.35485,0.00890181
12.631655329,0.0816006,0,1.2953,0.0293249,0.366445,2.34885,0.211054,0.0828165,0.278057,2.15922,2.65966,0.0474528
12.678095238,0.32161,0,1.25704,0.0398344,0.261581,2.91165,0.213558,0.0998561,0.233184,1.14294,2.67472,0.0725324
12.724535147,0.527567,0.0380572,1.42077,0.0795492,0.025421,3.30557,0,0.149567,0.128616,0.728994,2.18129,0.101097
12.770975057,0.650272,0.0559383,1.47445,0.174016,0.0227931,3.47734,0.0010291,0.139483,0.0840366,0.56104,1.7285,0.10278
12.817414966,0.682777,0.211935,1.43409,0.0603735,0.01778,2.99474,0.00894186,0.33476,0.122715,0.309426,2.87984,0.000389124
12.863854875,0.313268,0.157331,0.988694,0.0184203,0.0201381,2.60298,0.0358875,1.88978,0.202031,0.00322606,3.09976,0.000613336
12.910294785,0.219488,0.160317,0.705943,0.317495,0.347004,1.57281,0.0157573,3.29137,0.221042,0.00591272,2.32413,0.000661389
12.956734694,0.355968,0.00255576,0.952895,0.410888,0.291602,0.882658,0.0329553,3.66392,0.00600625,0.0157617,1.40593,0.490526
13.003174603,0.204839,0.00256566,1.39271,0.297477,0,0.498442,0.0422548,3.49627,0.0606554,0.0622881,1.44185,0.460157
13.049614512,0.0143767,0.00313917,1.44313,0.339573,0.0364118,0.87566,0.0610735,3.05085,0.109208,0.100801,2.45459,0.208363
13.096054422,0.000270511,0.00306285,1.32683,0.390255,0.0662331,1.56282,0.0214957,1.90221,0.138794,0.0871558,3.27689,0.216674
13.142494331,0.000225543,0.00317203,1.00863,0.529826,0.124681,1.86186,0.214214,0.882856,0.141063,0.0794167,4.01142,0.074511
13.188934240,0.000155801,0.00387721,1.05158,1.27975,0.178202,1.48285,0.439175,0.472305,0.136756,0.0468384,3.77105,0.0557575
13.235374150,8.06679e-05,0.00340934,0.534578,2.91292,0.265614,1.02052,0.421632,0.412247,0.0932029,0.0413492,3.08995,0
13.281814059,0.0187654,0.0395927,0.159178,3.69282,0.249731,0.773768,0.406313,0.456469,0.0065578,0.17155,2.80474,0
13.328253968,0,0.0722544,0.100347,3.6664,0.219796,0.67068,0.223162,0.229181,0.00786447,1.99581,2.30176,0
13.374693878,0,0.117867,0.0526282,3.3519,0.435087,0.872363,0.00637358,0.0745358,0.0182671,3.29832,0.729721,0
13.421133787,0.00026449,0.231198,0.0339791,2.62816,0.522081,0.862948,0,0.0286004,0.0616798,3.65319,0.308259,0.00722478
13.467573696,0.0436181,0.31683,0.183709,2.00894,0.522152,0.684285,0,0.0564951,0.0178709,3.7486,0.294564,0.0200322
13.514013605,0.0756991,0.268539,0.0521007,2.12025,0.402865,1.41457,0.0221529,0.10212,0.028089,3.63674,0.0519382,0.190574
13.560453515,0.0713886,0.110918,0.0885489,2.13157,0.187761,2.32043,0.0396877,0.203898,0.0897025,2.8717,0.451818,0.74021
13.606893424,0.0645233,0.0815416,0.046079,1.94901,0,3.04882,0.0457725,0.220549,0.0792405,1.98093,1.16158,0.612509
13.653333333,0.131477,0.0248759,0.00023616,1.22868,0.00982524,3.61511,0.0218992,0.211613,0.148086,1.77688,1.34573,0.258601
13.699773243,0.159038,0.0833932,0.155421,1.0305,0.0137732,3.73536,0.00047915,0.310125,0.0729931,1.48998,1.01561,0.124655
13.746213152,0.0403304,0.163268,0.000503101,1.98163,0.0164574,3.26445,0.0257684,0.854632,0.0424368,1.25738,0.765226,0.0567122
13.792653061,0.0113862,0.276391,0.000184398,2.73886,0.0659259,1.63757,0.143376,2.32918,0.0382331,0.395165,0.98899,0.132404
13.839092971,0.0996233,0.235947,0.174664,2.91968,0.0783087,0.456484,0.0466856,3.15262,0.0672226,0.0941989,0.79367,0.361902
13.885532880,0.269336,0.149811,0.497851,2.37709,0.0434545,0.187987,0.00921698,3.41602,0.0785535,0.0828861,0.375507,0.427696
13.931972789,0.397903,0.126523,0.618248,2.25797,0.0856561,0.253459,0,3.3123,0.0384686,0.210553,0.255109,0.159976
13.978412698,0.314597,0.170634,0.391768,2.89446,0.0217963,0.475745,0.0439897,2.86268,0,0.255654,0.469353,0.0560769
14.024852608,0.180832,0.240583,0.123605,3.24446,0.00481645,0.828923,0.101334,2.41928,0.00281127,0.412752,1.18326,0.25885
14.071292517,0.116911,0.133007,0.0803868,3.20967,0.01117,1.18491,0.433681,1.22144,0.00401072,0.484744,1.77935,0.279815
14.117732426,0.000261416,0,0.174598,2.90628,0.0167331,1.53432,0.657,0.528918,0.00632108,0.362695,2.1139,0.177788
14.164172336,0.000271788,0.00278017,0.364692,2.65439,0.294224,1.15574,0.6478,0.593787,0.00822806,0.313119,2.50821,0
14.210612245,0.148084,0.0199601,0.107916,3.29704,0.03201,0.823333,0.401612,0.994354,0.00618001,0.364278,2.15537,0.0405063
14.257052154,0.246266,0.106356,0.00195515,3.61599,0.0447927,0.483032,0.352052,1.30975,0.00564515,1.45403,1.28631,0.0159326
14.303492063,0.267962,0.136165,0.00233261,3.48658,0.161254,0.343827,0.320453,1.13206,0.00432697,3.11648,0.0157334,0.0907357
14.349931973,0.372896,0.196458,0.00240631,3.05484,0.377859,0.204961,0.167746,0.61985,0.0101727,3.58074,0.0790801,0.295076
14.396371882,0.510684,0.252464,0.159189,2.91675,0.585104,0.218178,0.15619,0.350575,0,3.58925,0.00599967,0.0662775
14.442811791,0.292013,0.239459,0.400143,3.04855,0.633158,0.288681,0.220695,0.584398,0.00646345,3.23522,0.0842131,0.000274729
14.489251701,0,0.422858,0.190569,3.21284,0.260814,1.3174,0.227366,0.951709,0,2.68737,0.136953,0.0320774
14.535691610,0.054862,0.348862,0.00413063,2.94277,0.280059,2.29487,0.590783,0.893151,0.00110736,1.49639,0.255477,6.86375e-05
14.582131519,0.143709,0.204015,0.0477135,2.39164,0.24802,2.88007,0.877709,0.436357,0.00204619,1.04014,0.391904,0.000126553
14.628571429,0.244444,0.0653235,0.117233,1.33559,0.0786919,3.08417,1.00354,0.375953,0.0147813,0.767172,0.894461,0.0837454
14.675011338,0.20688,0.074264,0.0350303,2.22926,0.180685,2.66457,0.905845,0.750851,0.0227041,0.587033,0.864741,0.0537612
14.721451247,0.137095,0.11793,0.0410662,2.98448,0.252682,1.67213,0.536121,1.4551,0.0398163,0.374393,0.600182,0.0191211
14.767891156,0.247178,0.136783,0.00512714,2.90309,0.0689378,0.48871,0.21361,2.63035,0.0505375,0.409929,0.26368,0.0545548
14.814331066,0.401239,0.104272,0.018195,2.39824,0.0943928,0.230119,0.110559,3.24685,0,0.411721,0.169538,0.122603
14.860770975,0.66979,0.172751,0.240323,2.14175,0.11027,0.0442473,0.505104,3.12326,0.00111467,0.25347,0.200545,0.284712
14.907210884,0.665941,0.619773,0.299888,2.45885,0.163411,0,1.13208,2.33058,0.0882356,0.092263,0.360813,0.336723
14.953650794,0.471076,1.09336,0,1.83832,0.445907,0.0469368,1.08247,1.70285,0.414161,0.0833476,0.672615,0.552613
15.000090703,0.26222,1.20291,0.0167008,1.17775,0.80688,0.11004,0.803765,1.08699,0.86272,0.221134,0.50405,0.730633
15.046530612,0.571882,0.757298,0.279528,0.849862,0.744711,0.217778,0.674257,2.09826,0.621474,0.193623,0.19933,1.19375
15.092970522,0.762028,0.0797739,1.73588,0.430534,0.745688,0.150513,0.0364246,3.06106,0.31461,0.00191481,0.162232,1.48897
15.139410431,0.832333,0.11279,2.04264,0.191147,0.380055,0.157727,0.0107044,3.41456,0.401096,0.00478171,0.128458,1.08721
15.185850340,0.760252,0.209163,1.85308,0.143336,0.0214346,0.160367,0.0204681,3.49678,0.200132,0.00506016,0.188586,0.702581
15.232290249,0.386645,0.105461,1.74795,0.169165,0.815448,0.152729,0.0233717,3.31671,0.23806,0.649226,0.266368,0.391047
15.278730159,0.200707,0.152157,1.92489,0.178143,1.05513,0.130021,0.0259586,3.1738,0.195023,1.62625,0.251214,0.446251
15.325170068,0.0820808,0.209914,1.97254,0.18984,0.96744,0.0856795,0.0362527,3.3849,0.0649781,2.05144,0.203204,0.572572
15.371609977,0.0287725,0.191605,2.15818,0.140497,0.617949,0.0175539,0.0691644,3.35722,0,1.99371,0.231902,0.692359
15.418049887,0,0.143463,2.44539,0.0140857,0.170501,0.15837,0.0411625,3.4643,0,1.40545,0.262054,0.895469
15.464489796,0,0.0501178,2.53964,0.0150512,0.0399566,0.848878,0.0352924,3.50914,0.000148759,0.466929,0.204308,1.17069
15.510929705,0.252037,0.0164869,2.21786,0.0238167,0.0989332,1.94775,0.038768,3.28258,0.0182608,0.221613,0.12989,1.31856
15.557369615,0.605465,0.0103668,2.01213,0.0237243,0.111929,2.36621,0.0318296,3.06908,0.127632,0.354422,0.0592625,1.21255
15.603809524,0.640132,0.0201818,2.24583,0.024834,0.14105,2.2656,0.0204415,3.08561,0.478248,0.509935,0.00794591,0.877757
15.650249433,0.313621,0.0379749,2.46757,0.00304068,0.121333,1.59044,0.0272725,3.7073,0.504983,0.50543,0.0248683,0.742618
15.696689342,0.00244742,0.049295,2.56758,0.00469283,0.0208405,0.616231,0.0118985,4.16146,0.278543,0.440518,0.00736967,1.07239
15.743129252,0.0253453,0.167828,2.27807,0,0.0112402,0.235764,0.017068,4.37378,0.0660992,0.201546,0.127595,1.28495
15.789569161,0,0.162267,2.14184,0,0.0196546,0.248539,0.0380044,4.49354,0.0433396,0.120804,0.160364,1.37791
15.836009070,0,0.0970988,2.15953,0.0128367,0.0298586,0.343096,0.208563,4.46668,0.0933982,0.0514375,0.173197,1.49195
15.882448980,0,0.187092,2.03548,0.0523091,0.0200633,0.481393,0.219656,4.07541,0.116509,0.0704283,0.187922,1.36568
15.928888889,0,0.300709,1.84077,0.171934,0.0110599,0.666794,0.0638488,3.4876,0.15468,0.0876527,1.1986,0.684807
15.975328798,0,0.29944,1.88373,0.0395302,0,0.711076,0.0978354,3.34145,0.217492,0,1.83239,0.350354
16.021768707,0.0974339,0.134787,1.81261,0.0683369,0,0.551236,0.0932477,2.99795,0.266955,0,2.00761,0.495372
16.068208617,0.101269,0.145526,1.65619,0.0344576,0.0045871,0.498024,0.0721058,3.42141,0.163068,0,1.95124,0.636225
16.114648526,0.505579,0.259996,1.94436,0.44199,0.0721693,0.172051,0.0110553,3.93576,0.161806,0.00617287,1.45244,0.472933
16.161088435,0.740578,0.35521,2.28144,0.321566,0.192866,0.0242412,0.002501,3.88816,0.0916778,0.365328,0.400762,0.0833904
16.207528345,0.893483,0.30125,2.41683,0.0384383,0.17059,0.0875114,0.101559,3.34885,0.032636,1.28927,0.00259284,0.0267156
16.253968254,0.681236,0.78544,2.26802,0.000558732,0.154269,0.122974,0.302913,2.89751,0.000202188,1.71689,0.00659896,0.0316502
16.300408163,0.130611,1.17745,2.08656,0,0.171751,0.0441711,0.329825,3.17158,0,1.34314,0.0315808,0.254102
16.346848073,0.000245398,1.16355,1.97757,0,0.198935,0.00446106,0.301097,3.66272,0.0129619,0.466282,0.125886,0.426257
16.393287982,0.000126478,0.852525,1.82801,0.0121334,0.106913,0.52358,0.208338,3.94107,0.0537163,0.104236,0.122428,0.65429
16.439727891,0.0387421,0.330052,1.80463,0.0136101,0.0874391,1.23446,0,4.10937,0.0370807,0.111152,0.0100782,0.831656
16.486167800,0.191776,0.181307,2.13512,0.014433,0.0639948,1.55753,0,4.10018,0,0.10262,0.0793545,0.63831
16.532607710,0.000202582,0.0470536,2.60791,0.0162357,0.0308072,1.69253,0,3.69431,0,0.00930666,0.103193,0.537594
16.579047619,0.000362629,0.014052,2.90106,0.0138008,0.031391,1.32125,0,3.17456,0,0,0.0672132,0.608144
16.625487528,0.000331843,0.026075,2.83424,0.0105292,0.036345,0.717024,0.0221001,3.77371,0.00577001,0,0.063354,0.735603
16.671927438,0.000155693,0.0297323,2.68502,0,0.0435088,0.0654506,0.0220726,4.36131,0.025883,0.0156178,0.1144,0.827763
16.718367347,0.0159099,0.0177848,2.54897,0,0.0310382,0.0472617,0.00849952,4.54828,0,0.107266,0.0216309,1.04491
16.764807256,0,0.0655122,2.33773,0,0.0207647,0.0445292,0.0112291,4.64249,0,0.0845838,0.123976,1.53582
16.811247166,0.0226413,0.00765467,2.25807,0.0139676,0.0155953,0.0183439,0.00364375,4.35614,0.0164667,0,0.110502,1.78149
16.857687075,0.454923,0.117833,2.01499,0.143697,0.237336,0.022526,0,3.65858,0.0245008,0,1.2812,1.26487
16.904126984,1.23514,0.359663,1.27896,0.194584,0.931177,0.0385451,0.0783247,2.61285,0.00305235,0.00180143,1.96475,0.371537
16.950566893,1.75288,0.307978,0.928137,0.0292695,1.21573,0.0664072,0.474392,1.84698,0.0210633,0.00342832,2.17984,0.0202697
16.997006803,1.9077,0.245482,1.33094,0,0.921599,0.0487796,0.709002,1.62322,0.065166,0.00244594,1.84926,0.0255203
17.043446712,2.25162,0.140726,1.73542,0.00713761,0.604173,0.0383785,0.481105,1.20576,0.0209536,0.00666532,1.54763,0.040128
17.089886621,2.48046,0.0733624,1.58163,0.0530657,0.329293,0.11198,0.219119,1.50145,0.099872,0.433142,0.778302,0.0202751
17.136326531,2.54822,0.185326,1.18552,0.0476005,0.499926,0.106241,0.113787,1.63981,0.12172,1.12483,0.687707,0.000300555
17.182766440,2.65651,0.247823,1.11417,0.00994241,0.909656,0.203808,0.00595882,1.90641,0.0370827,1.54026,0.453456,0.0840792
17.229206349,2.3211,0.11589,1.90253,0.147331,0.840441,0.0770617,0.0013865,1.90044,0.0148283,1.86473,0.293998,0.194934
17.275646259,1.74724,0.000876977,2.51752,0.14877,0.5541,0.123783,0.109308,1.89266,0.147802,2.06731,0.0190276,0.134208
17.322086168,1.4763,0.000862441,2.70832,0.108372,0.482236,0.351326,0.226338,1.8047,0.465108,1.81066,0.0238119,5.48753e-05
17.368526077,1.54924,0.40052,2.37782,0.131043,0.206812,1.61561,0.248021,1.50561,0.509869,1.23758,0.0441102,0
17.414965986,1.98938,0.380721,1.91257,0.186818,0.0169729,2.70218,0.154077,1.12546,0.345668,1.00991,0.409454,0
17.461405896,2.17966,0.149229,1.8835,0.0594924,0.00323736,3.09219,0,1.14318,0.113122,0.989727,0.839399,0.0699556
17.507845805,1.84511,0.38332,2.50259,0.0954031,0.0357657,2.60193,0.0348861,1.33687,0.00180332,0.852993,0.900818,0.123745
17.554285714,2.11478,0.252811,2.61245,0.0197709,0.0505252,0.803719,0.353014,2.03902,0.0192731,0.850529,0.589783,0.0742316
17.600725624,2.48932,0.0316274,2.54575,0.00481799,0.065594,0.177624,0.370576,2.07669,0.00715697,0.776854,0.191805,0.0769026
17.647165533,2.55672,0.0232334,2.1195,0.034204,0.19709,0.245327,0.243907,2.02644,0.0094593,0.538756,0.456842,0.28317
17.693605442,2.29138,0.153744,1.97866,0.0969942,0.0863979,0.2652,0.452659,1.88613,0.00787075,0.585816,0.378513,0.366157
17.740045351,1.94391,0.104168,2.61842,0.145079,0.025871,0.0966102,0.887428,1.73322,0,0.791872,0,0.217934
17.786485261,1.7837,0,2.87541,0.0245638,0.0279343,0.18598,0.961337,1.47851,0.00279839,0.652072,1.02115,1.99157e-05
17.832925170,1.4847,0,2.72391,0.0141622,0.0528093,0.38701,0.848226,0.453639,0.558775,0.18891,2.26712,1.15222e-05
17.879365079,1.08469,0,1.80933,0.175478,0.104108,0.539696,0.886768,0.702684,0.468386,0.023146,2.75208,0.00294476
17.925804989,0.965346,0,1.57594,0.158639,0.153222,0.6982,1.05677,0.873887,0.355676,0,2.53136,0.0299009
17.972244898,1.20491,0.0406614,2.38092,0.174102,0.104658,0.470068,0.950977,0.735047,0.263503,0.0270984,2.23241,0.0269098
18.018684807,1.33335,0.210137,2.53065,0,0.0160746,0.21455,0.693474,1.20732,0.214755,1.32608,1.48862,0
18.065124717,1.4498,0.241225,2.44798,0.048595,0.0674668,0.734469,0.600284,1.44721,0.0597559,2.37296,0.131851,0.276882
18.111564626,1.48907,0.279555,2.04405,0,0.132237,1.26389,0.898337,1.23802,0.00820623,2.60262,0.00126913,0.0133238
18.158004535,1.34004,0.465768,1.67601,0.0402388,0.0987392,1.30395,1.05897,0.980488,0.0010647,2.58802,4.15821e-05,0.000204807
18.204444444,1.15207,0.345139,1.91002,0.032348,0.170856,0.91982,1.28459,1.06853,0.0144591,2.18478,0,0.00469271
18.250884354,1.23613,0.0850526,2.06642,0,0.199252,1.33633,1.08109,1.44829,0.0179544,1.64086,0,0.0040239
18.297324263,1.68669,0.135462,1.94894,0,0.109241,2.47995,0.137836,1.47645,0.10511,1.01758,0.000355333,4.11138e-05
18.343764172,2.08209,0.0926642,1.81924,0.0032067,0.00299127,3.06153,0.0139151,1.31216,0.263248,0.602902,0.0126637,0.00651852
18.390204082,1.90926,0.00540472,2.0067,0.00762648,0,3.19813,0.0205281,1.44933,0.416245,0.590207,0.0694303,0.0161204
18.436643991,1.50251,0.00118324,2.67532,0.00750869,0,2.92465,0.0166335,1.55875,0.348953,0.619225,0.0681077,0.0430804
18.483083900,1.53489,0.00221858,2.88528,0,0,1.88566,0.00675588,1.94739,0.146556,0.717434,0.000348194,0.243209
18.529523810,1.72158,0.00611039,2.66949,0,0.019205,0.259994,0,2.77224,0,0.613596,0.000368763,0.317212
18.575963719,1.72496,0.00106551,2.2385,0,0.0299462,0.0514141,0,3.2192,0,0.530078,0.014121,0.34859
18.622403628,1.58008,0.000584594,2.10264,0,0.0860499,0.0522538,0.0129727,3.35645,0,0.263121,0.019901,0.3074
18.668843537,1.28046,0.00062747,2.68697,0,0.0938027,0.078531,0.21445,3.17827,0.00294987,0.0404117,0.0365075,0.184414
18.715283447,0.681246,0.000424037,3.0539,0.0244031,0.0868286,0.403859,0.381864,2.41741,0.0422088,0.0413094,1.45854,0.0730624
18.761723356,0.430522,0.175744,2.51729,0.060039,0.0285572,0.438777,0.399303,1.54275,0.0997686,0.140589,2.04122,0.0937325
18.808163265,0.308886,0.619227,1.01483,0.785881,0.0395911,0.364778,0.391681,1.17137,0.0642118,0.362557,2.3672,0.181872
18.854603175,0.250878,0.596494,0.234703,1.74668,0.079322,0.254261,0.337054,1.08895,0.0440738,0.12175,2.87036,0.300664
18.901043084,0.201285,0.114231,0.146064,2.53656,0.112665,0.451299,0.441442,1.27399,0.110932,0.0936748,2.5309,0.34646
18.947482993,0.232229,0.171358,0.206281,2.893,0.256205,0.497587,0.213271,0.951818,0.128591,0.0917443,2.21908,0.334885
18.993922902,0.3537,0.278087,0.137274,3.08337,0.332243,0.333254,0.291302,0.434653,0.114751,1.21634,1.64498,0.275256
19.040362812,0.282042,0.348852,0.352894,3.10775,0.371953,0.226501,0.0812859,0.522155,0.0989491,1.86202,1.50945,0.416812
19.086802721,0.0608415,0.274963,0.404102,3.07739,0.302352,0.441969,0.0642378,0.826154,0.0778701,2.11698,1.39447,0.254676
19.133242630,0.000400508,0.102204,0.646272,2.99783,0.172473,0.975703,0.105657,0.802753,0.0618023,2.01636,0.908044,0.510584
19.179682540,0.00206169,0.189218,0.588624,2.83454,0.0780444,1.4475,0.151675,0.738458,0.078085,1.29337,1.19969,0.453801
19.226122449,0.31936,0.25358,0.147447,2.50803,0.00547817,2.13257,0.245216,0.45611,0.0966074,0.695486,1.60376,0.151328
19.272562358,0.692358,0.205147,0.320476,2.11396,0.00349919,2.35081,0.113685,0.168808,0.136893,0.80147,1.81556,0.156689
19.319002268,0.768554,0.0741967,0.357397,1.97308,0.12365,2.66171,0.0501567,0.0242503,0.221824,0.56489,1.97238,0.228193
19.365442177,0.572872,0.0585055,0.424741,1.97861,0.336505,2.40935,0.0708235,0.185651,0.192426,0.396751,2.31741,0.299639
19.411882086,0.275339,0.0120996,0.705162,2.1926,0.14307,1.76852,0.0169022,0.956336,0.194981,0.404255,2.41595,0.302382
19.458321995,0.12863,0.0618397,0.727004,2.57371,0.00408765,1.01679,0.0182506,2.08677,0.18807,0.222981,1.91392,0.327352
19.504761905,0.0782261,0.096058,0.699113,2.70323,0.00926633,0.643811,0.158407,2.71118,0.133495,0.0239687,1.56824,0.305396
19.551201814,0.0142596,0.16203,0.691059,2.58461,0.0227627,0.385292,0.244077,2.92205,0.0779679,0.0463278,1.8894,0.310757
19.597641723,0.000133367,0.149192,0.628107,2.28752,0.153794,0.849795,0.27194,2.54575,0.0883893,0.0291999,2.41487,0.237488
19.644081633,0.130113,0.0832024,0.521743,2.119,0.169516,1.16807,0.244938,1.63229,0.0672589,0.0524649,2.72672,0.103604
19.690521542,0.107172,0.0224366,0.421779,2.17392,0.0390613,1.3399,0.249381,0.836839,0.190764,0.0586034,2.78315,0.136742
19.736961451,0,0.0318533,0.329696,2.22617,0.030772,1.38165,0.214082,0.635534,0.281835,0.0112076,3.02498,0.0252474
19.783401361,0,0.076346,0.248368,2.11007,0.0223808,1.40836,0.212324,0.918902,0.31662,0.0354636,3.14623,0.00459718
19.829841270,0,0.113571,0.164776,2.26489,0.411518,1.21456,0.10035,0.893073,0.230246,0.0230689,2.91939,0.0533381
19.876281179,0,0.0826129,0.203424,2.02779,0.475789,0.97564,0.371965,0.492195,0.0969559,0.777452,2.32289,0.226053
19.922721088,0,0.151544,0.14475,1.87932,0.148777,1.41167,0.916551,0.050171,0.0645093,2.44284,1.1473,0.200075
19.969160998,0,0.312165,0.04773,1.95017,0.0218981,1.55219,1.21753,0.0950199,0.0282236,2.74649,0.635108,0.275463
20.015600907,0,0.359463,0.0592576,1.92919,0.0564187,1.02573,0.975636,0.122067,0.0330795,2.73506,0.763134,0.32159
20.062040816,0,0.269601,0.673208,1.82361,0.0646843,0.344392,0.859018,0.651477,0.0536415,2.48213,1.08175,0.336584
20.108480726,0.058289,0.179045,0.758094,2.03909,0.0536671,0.272248,0.61379,1.23331,0.0797566,1.83092,1.67515,0.392484
20.154920635,0.0964029,0.205124,0.630894,2.12888,0.0231739,1.09404,0.182487,1.45429,0.128844,0.724548,2.00715,0.435566
20.201360544,0.112798,0.233126,0.689648,1.72725,0.0118442,1.938,0.0144089,1.3143,0.190681,0.0181392,2.05659,0.549225
20.247800454,0.119413,0.121953,0.794028,1.5339,0.00835845,2.26251,0.00109074,0.912657,0.187416,0.04991,2.07287,0.565
20.294240363,0.121646,0.00202898,0.913997,1.76772,0.00666267,2.09562,0.0975447,0.737867,0.158844,0.171093,2.29005,0.267292
20.340680272,0.0597829,0.119589,1.10208,2.19278,0.012439,1.71905,0.299609,0.929974,0.0104087,0.148033,2.16592,0.183899
20.387120181,0.0533694,0.260385,0.695909,2.21192,0.0667037,0.515151,0.324013,2.20275,0.0606645,0.217517,1.88941,0.1462
20.433560091,0.165567,0.347873,0.636666,2.09079,0.0944553,0.0124986,0.430273,2.60376,0,0.328289,1.39224,0.150798
20.480000000,0.0855867,0.503676,0.754093,2.16129,0.0582405,0.0251784,0.366014,2.90399,0,0.157326,1.25491,0.274328
20.526439909,0.133336,0.345892,0.756326,2.64859,0.0107693,0.128448,0.139677,2.76376,0,0.101362,1.66027,0.197162
20.572879819,0.542123,0.149325,0.724428,2.80464,0.00858887,0.577266,0.0439828,2.12195,0.000458236,0.0455873,1.30964,0.114221
20.619319728,1.56691,0.119891,0.954847,2.55365,0.00883111,1.36837,0.045895,0.732825,0.0024051,0.589515,1.13231,0.0203275
20.665759637,1.73669,0.0730884,0.910947,1.82804,0.0174577,2.1732,0.102567,0.419475,0.0403123,0.901694,0.874241,0.0478439
20.712199546,1.88673,0.20455,0.917059,0.596718,0.0101576,2.70922,0.275605,0.418699,0.0112136,0.691327,0.771421,0.179114
20.758639456,1.87003,0.165171,0.794545,1.01975,0.0196043,2.67394,0.306351,0.42504,0.00308653,0.756587,0.39517,0.11902
20.805079365,1.98578,0.125464,0.555221,1.31091,0.021722,2.5874,0.293013,0.496613,0.0107145,0.817923,0.0313351,0.0933935
20.851519274,1.7331,0.149811,0.431281,1.18357,0.00310005,2.53581,0.0573842,0.755544,0.0615564,0.809913,0.0486413,0.0869462
20.897959184,1.55631,0.0469007,0.313846,0.87303,0.253372,2.60137,0.0087062,0.802501,0.060538,1.16016,0.0572889,0.0888429
20.944399093,1.88919,0.120696,0.308023,0.46094,0.452,2.95044,0.015536,0.467689,0.0421024,1.51542,0.0377846,0.0857234
20.990839002,2.03913,0.257617,0.239155,0.809313,0.48702,2.92337,0.00483006,0.323151,0.0988277,1.58727,0.012125,0.109788
21.037278912,2.11953,0.138367,0.310865,1.18997,0.35279,2.98151,0.0640885,0.205391,0.12722,1.10148,0.504359,0.0800623
21.083718821,1.44354,0.972091,0.203405,0.804223,0.140629,3.01527,0.0600412,0.341425,0.0899709,0.812614,0.932925,0.0236855
21.130158730,1.57101,0.975503,0.16597,0.336532,0.153086,2.98713,0.064419,0.360465,0.0292024,0.835292,0.735568,0.0115986
21.176598639,1.64225,0.979104,0.121005,0.165115,0.109046,3.61758,0.0878621,0.231917,0.00880668,0.752675,0.52264,0.0596539
21.223038549,1.81498,0.484891,0.141835,0.840057,0.00210081,3.52829,0.105436,0.271985,0,0.531299,1.12432,0.063305
21.269478458,1.74401,0.182269,0.2625,1.98713,0.0204234,2.83166,0.113646,0.447611,0.0142035,0.604498,0.954921,0.137936
21.315918367,1.74244,0.119446,0.829498,2.25698,0.0542359,1.77119,0.246329,1.26792,0.0360982,0.531246,0.627615,0.121016
21.362358277,1.67754,0.158824,0.836071,1.72325,0.104904,1.12783,0.353552,2.01004,0.029047,0.682175,0.315739,0.161317
21.408798186,1.48855,0.2226,1.01717,0.781185,0.0226974,1.23036,0.167833,2.38124,0,0.739212,0.234746,0.2584
21.455238095,1.54693,0.186446,1.04598,1.18626,0.0119705,1.07954,0.129087,2.40621,0.000718631,0.638396,0.418348,0.371599
21.501678005,1.5807,0.141414,0.735368,2.15111,0,1.04954,0.141158,1.85247,0.00134553,0.484163,1.36913,0.394025
21.548117914,1.35013,0.211389,0.169477,2.46811,0,1.56217,0.128895,1.37374,0.000231558,0.0815088,2.06718,0.377902
21.594557823,1.05553,0.160649,0.0332342,1.74963,0,2.45969,0.0924837,1.16912,0.0653679,0.0391475,2.63213,0.282611
21.640997732,0.61671,0.216632,0.140133,0.885822,0.0182873,2.66772,0.0941657,1.09696,0.219056,0.0882454,3.08008,0.290099
21.687437642,0.467128,0.461902,0.197535,1.05861,0.0194881,2.40096,0.306928,0.938546,0.258724,0.0831673,3.0468,0.16197
21.733877551,0.57804,0.662922,0.0828879,1.85289,0,1.99132,0.489069,0.871188,0.208965,0.4883,2.458,0.130279
21.780317460,0.950751,0.353792,0.0509625,2.14332,0.0614179,2.20454,0.157127,0.619031,0.1257,1.76662,1.12608,0.051014
21.826757370,1.49613,0.00137429,0.0632275,1.90464,0.306355,2.36158,0.29916,0.109167,0.129663,2.37501,0.0248537,0.205317
21.873197279,1.46569,0.0882124,0.0768137,0.970432,0.123562,2.83709,0.601565,0.020393,0.0325249,2.57927,0,0.288046
21.919637188,1.11859,0.772079,0.214885,0.293908,0.128055,2.91838,0.861214,0.0358196,0.0441222,2.19729,0.219755,0.182578
21.966077098,0.820474,0.936623,0.313431,1.36526,0.125331,2.33182,1.02301,0.250822,0.0919205,1.71797,0.291742,0.154628
22.012517007,0.48279,0.61477,0.279118,1.95511,0.0529177,1.89443,1.25816,0.492658,0.144116,0.674821,0.690161,0.243821
22.058956916,0.500697,0.226447,0.307477,1.8689,0.00234149,2.37313,0.580045,0.627964,0.245893,0.00277361,0.305515,0.420815
22.105396825,0.687661,0.150048,0.504532,1.19121,0.000315863,2.78843,0.0739948,0.629465,0.126761,0.175263,0.129338,0.770709
22.151836735,0.906993,0.0306798,0.669609,0.844746,0.0700713,2.82288,0.0331643,0.557825,0.00386869,0.823179,0.223556,0.832924
22.198276644,1.07997,0.022429,0.695341,1.39483,0.041458,2.2536,0.0243563,0.306726,0.0263611,0.795456,0.334753,0.595357
22.244716553,1.17477,0.0345991,0.567003,1.40071,0.103388,1.63788,0.0325586,1.0933,0.0412413,0.28636,0.969456,0.396097
22.291156463,0.982107,0.0139084,0.529301,1.1315,0.048049,1.51649,0.0526905,1.8744,0.0789036,0,1.3712,0.51601
22.337596372,0.893413,0.0108308,0.5596,0.831436,0.0127662,1.75405,0.0639512,2.12726,0.0559625,0.0205139,1.13132,0.82327
22.384036281,1.03284,0.00776804,0.760118,0.722314,0.132539,1.75313,0.166497,2.09567,0.0109557,0.0430805,0.95182,0.862498
22.430476190,1.08471,0.0065676,0.916239,0.756962,0.0254819,1.6423,0.394014,1.98088,0.0102439,0.071188,1.45517,0.601401
22.476916100,1.04257,0.563536,1.45354,0.30836,0.202603,1.73396,0.590072,1.34561,0,0.156892,1.85387,0.529718
22.523356009,1.09114,0.390242,1.82006,0.293519,0.0593285,1.51316,0.53761,1.53133,0.0634305,0.178969,1.58873,0.546855
22.569795918,1.03866,0.277737,1.59202,0.202397,0.0746625,0.929234,0.435611,2.40736,0.0399202,0,1.37091,0.535805
22.616235828,0.632737,0.358319,1.69634,0.198727,0.105353,0.562625,0.0292653,3.18537,0.134727,0,1.27856,0.991939
22.662675737,0.210828,0.326257,1.896,0.160012,0.135109,0.563189,0.0167217,3.49796,0.261087,0.0197089,0.80973,1.08537
22.709115646,0.127688,0.232138,1.85805,0.134091,0.00564221,0.444285,0.0360536,3.64059,0.288696,0.184525,0.158351,0.963879
22.755555556,0.0949713,0.216556,1.99517,0.138606,0.0658368,0.391157,0.0397713,3.62065,0.257878,0.334465,0.0403223,0.709739
22.801995465,0.0369856,0.138324,2.16101,0.0791135,0.215235,0.343952,0.1469,3.7088,0.132084,1.20958,0.127318,0.630474
22.848435374,0.0205225,0.114746,2.31096,0,0.219406,0.166025,0.149125,3.56491,0.0737086,1.57703,0.134532,0.695771
22.894875283,2.01711e-05,0.169673,2.1837,0,0.0238008,0.102783,0.0960044,3.58934,0.0521961,1.55383,0.126899,0.567577
22.941315193,0,0.179982,2.26891,0.00975676,0,0.743016,0.00379061,3.55041,0.0260845,0.887787,0.1086,0.479686
22.987755102,0.0345365,0.203107,2.16211,0.0149868,0,1.92082,0,3.37205,0.0415915,0.596475,0.0968434,0.555974
23.034195011,0.107219,0.153118,2.05193,0.013385,0.00944398,2.66992,0,3.04972,0.0659798,0.585177,0.176371,0.606142
23.080634921,0.106151,0.0995647,2.19224,0.0455341,0.0200242,2.77937,0,2.9297,0.274205,0.425595,0.248895,0.399079
23.127074830,0.20125,0.0573478,2.44836,0.0564733,0,2.31791,0.0216249,3.30183,0.325166,0.323223,0.2349,0.301939
23.173514739,0.137817,0.0264799,2.58802,0.0412256,0.0833585,1.15277,0.0149975,3.9624,0.230412,0.227705,0.120677,0.302967
23.219954649,0.0597863,0.00954149,2.5002,0.0116197,0.45873,0.370464,0.011874,4.22708,0.106248,0.0735131,0.123672,0.634896
23.266394558,0.0685164,0.0133634,2.09107,0.0103211,0.390185,0.308932,0.148362,4.04332,0.109304,0.0632214,0.0958031,1.25446
23.312834467,0.13002,0.0434359,2.22057,0.00817998,0.14711,0.725273,0.171728,3.73365,0.135249,0.0204758,0.0171631,1.7441
23.359274376,0.309939,0.0898079,2.53182,0,0.0135291,1.2988,0.187863,3.53275,0.113735,0.0286318,0.0208884,1.71427
23.405714286,0.111133,0.0816281,2.49723,0.0666871,0,1.65837,0.175191,3.24114,0.0973622,0,1.00237,0.997721
23.452154195,0.000939557,0.177631,2.39264,0.107138,0,1.38837,0.100128,2.76928,0.122391,0,2.48961,0.208217
23.498594104,0.0825697,0.285574,2.09474,0.0978856,0.0131248,0.852692,0.0708028,2.4224,0.12978,0,2.9701,0
23.545034014,0.00993,0.37421,1.81925,0.0975884,0.0231206,0.321479,0.0717618,2.51816,0.0537194,0.0407634,3.02829,0
23.591473923,0,0.306853,1.88046,0.104962,0.0628402,0.343568,0.0916017,2.83533,0.0864402,0.0689751,2.60579,0.0324805
23.637913832,0.23937,0.184085,1.94894,0.338066,0.0213028,0.209785,0.0446748,3.22491,0.0653995,0.709321,1.16449,0.260358
23.684353741,0.54666,0.14063,2.00522,0.255421,0.0423595,0.457359,0.00199878,3.25945,0.0417409,1.28472,0.00144172,0.15701
23.730793651,0.597759,0.504274,1.892,0.0520726,0.0533652,0.539254,0.243582,2.71261,0.0178746,1.51501,0.000695125,0.000492002
23.777233560,0.351719,1.2093,1.83722,0.105267,0.0711648,0.106132,0.487243,2.6207,0.0343081,1.50928,0.0145539,0.000219969
23.823673469,0.0452694,1.41514,1.89531,0.169036,0.104069,0.00951585,0.501025,3.14237,0.321168,1.15628,0.0388607,0.000139789
23.870113379,0.000410925,1.07802,1.96945,0.0726209,0.132308,0,0.345134,3.41484,0.363304,0.494789,0.113601,0.103164
23.916553288,0.106543,0.543592,2.07729,0.00696526,0.132728,0.257059,0.186134,3.61424,0.0606941,0.440375,0.0714682,0.18401
23.962993197,0.185674,0.251235,2.16299,0.00875604,0.08817,1.21523,0.0432322,3.63728,0.000563003,0.823208,0.0544363,0.0517101
24.009433107,0.166572,0.107875,2.15365,0.0125885,0.0334528,1.69497,0,3.6859,0,0.937781,0.139386,0.0372349
24.055873016,0.105144,0.0371908,2.3701,0.0245675,0.00696237,1.27988,0,4.15132,0,0.444837,0.501718,0.0924921
24.102312925,0,0.0160291,2.46671,0.0338919,0.023409,0.523483,0.018212,4.28149,0,0.000149075,1.02726,0.14828
24.148752834,0.000211225,0.000738776,2.4115,0.0188069,0.0247533,0.158483,0.0124501,4.28701,0.0117068,0.00824299,1.27969,0.122283
24.195192744,8.17618e-05,0.010411,2.53015,0,0.0241885,0.000867155,0,4.51446,0.0408818,0.116765,1.01725,0.286886
24.241632653,0,0.00871656,2.47889,0,0.0179142,0.0230041,0,4.63358,0.0246329,0.120936,0.306633,0.925161
24.288072562,0.000213587,0.00329489,2.3421,0,0.011389,0.0334945,0.00444725,4.50622,0.000313833,0.132616,0.0309807,1.23847
24.334512472,0.000542259,0.00364877,2.12552,0.140673,0.00901491,0.0245823,0.0152996,4.38401,0,0.0334773,0.349097,0.658571
24.380952381,0.898084,0.00339535,1.78083,0.470351,0.289333,0,0.101171,3.68447,0.00520515,0,1.42618,0
24.427392290,1.33391,0.312378,1.59968,0.221227,0.573919,0.00556917,0.378454,2.69566,0.0292955,0,2.07331,0
24.473832200,1.36707,0.475753,1.09647,0.129147,0.788475,0.159181,0.481496,1.68019,0.0675466,0,2.02312,0
24.520272109,1.59589,0.518161,0.983921,0.0869131,0.843281,0.231735,0.38947,1.23585,0.0780456,0,1.70623,0
24.566712018,2.16529,0.459206,0.712062,0.091612,0.648293,0.101681,0.137695,1.20527,0,0.0949421,1.40792,0
24.613151927,2.56118,0.517508,0.585193,0.0992093,0.353929,0.140127,0.0742761,1.43811,0.158005,1.68406,0.348744,0
24.659591837,2.58857,0.303976,0.80603,0.054275,0.992347,0.145367,0.0239809,1.67285,0.0279366,2.23488,0.258673,0.00669218
24.706031746,2.45816,0.151367,1.01295,0.0331361,1.39158,0.0950876,0.0693667,1.91963,0,2.47689,0.086163,0.0203213
24.752471655,2.28893,0.0279609,1.28638,0.138355,1.34989,0.0196807,0.295397,1.82435,0,2.336,0,0.0364014
24.798911565,2.08281,0.00231415,1.09511,0.355797,1.07449,0.262073,0.486123,1.60413,0.037074,1.97072,0.0448832,0
24.845351474,1.76742,0,0.836994,0.798783,0.721546,1.1901,0.236813,1.26137,0.277033,1.26384,0.359125,0
24.891791383,1.52116,0.499092,0.580389,0.888175,0.420518,1.83626,0.149338,1.31985,0.253755,0.438754,0.695173,0.0365258
24.938231293,1.80975,0.542531,0.401749,0.45868,0.199384,2.09643,0.0899583,1.17922,0.19553,0.121333,0.531455,0.012814
24.984671202,2.1084,0.796579,0.285918,0.0577416,0.261125,1.9547,0.211968,1.35615,0,1.00027,0.364388,0.00456825
25.031111111,2.5929,0.55361,0.439085,0.0458147,0.667121,1.36739,0.362502,1.40214,0.0920765,1.38634,0.384499,0.00017837
25.077551020,2.92104,0.204956,0.666708,0.00670745,1.01404,0.256531,0.510057,1.77672,0.0704215,1.49805,0.0871222,0.0527187
25.123990930,2.70953,0,1.14177,0.00240869,1.27019,0.83591,0.231365,2.08856,0.0007857,1.23647,0.133855,0.126401
25.170430839,2.33498,0.0295509,1.39981,0.0198949,1.00939,1.02712,0.12213,2.22008,1.26223e-05,0.605408,0.405848,0.285366
25.216870748,1.8988,0.0455058,2.26526,0.0265116,0.0499369,1.06704,0.252183,2.07299,0.00179115,0.615756,0.307447,0.306314
25.263310658,1.70433,0.002408,2.58089,0.033915,0,0.742331,0.470158,2.11094,0.00311124,0.878056,0.904307,0
25.309750567,1.51895,0.0864639,2.53974,0.0110844,0.0207005,0.346067,0.884088,2.12787,0.00360035,0.787574,1.8727,0
25.356190476,1.29536,0.279188,2.13377,0.00624636,0.0486407,0.373018,0.886512,1.95964,0.141392,0.0718087,2.68352,0
25.402630385,1.41377,0.217977,1.61973,0.015336,0.125988,0.114718,0.667037,1.7122,0.15502,0,2.79432,0.00814607
25.449070295,1.46306,0.0378026,2.11432,0.024295,0.0888399,0.163359,0.366178,2.10703,0.124928,0,2.43013,0.0137651
25.495510204,1.55567,0.00476241,2.51898,0.0853991,0.0486742,0.15638,0.103156,2.51486,0.0456434,0.191629,1.38872,0.00839092
25.541950113,1.755,0.00989637,2.27118,0.0132737,0.588983,0.166035,0.037454,1.98526,0.101574,1.01284,0.504438,0.0722087
25.588390023,1.56007,0.144156,1.72744,0,0.817149,0.19741,0.410005,1.52611,0.252183,2.23014,0,0.00902913
25.634829932,1.51763,0.321598,0.998221,0.0289175,0.900204,0.598088,1.0229,1.28622,0.432947,2.5691,0,0.000300586
25.681269841,1.58808,0.421751,1.24731,0.0518525,0.549275,0.565092,1.08339,1.20785,0.172018,2.35186,0,3.67829e-06
25.727709751,1.68131,0.309839,1.71457,0.00779821,0.099139,0.841076,0.828238,1.36995,0.0312187,2.06494,0,0
25.774149660,1.91327,0.213864,1.91112,0.00594151,0.0904086,2.02257,0.337139,1.6288,0,1.6737,0.000455662,0
25.820589569,2.02989,0.126119,1.68125,0.0110146,0.0839792,2.54142,0.214991,1.97589,0,1.01385,0.0559304,0
25.867029478,2.16457,0.0387087,1.1899,0.00129994,0.08653,2.72958,0.00180101,2.20322,0.00154729,0.196978,0.494739,0
25.913469388,2.04865,0.028509,1.47133,0.00112523,0.0553728,2.59407,0.000553895,2.22385,0.00164301,0.00371017,0.972509,0
25.959909297,1.70578,0.00127062,2.13283,0,0.0415308,1.96765,0.0094754,2.46411,0.00287529,0.00625928,0.96892,0.0167193
26.006349206,1.5547,0.00327299,2.31126,0,0.0305519,0.829609,0.057522,3.06115,0,0.00602867,0.518742,0.181441
26.052789116,1.46334,0.00302844,2.12831,0,0.0716555,0.105538,0.0181811,3.18948,0,0.00556155,0.210796,0.698624
26.099229025,1.58304,0.00275986,1.79212,3.41218e-05,0.108147,0.0477202,0.0107088,3.20788,0,0.00720548,0.0292199,0.697709
26.145668934,1.93102,0.00283522,1.99835,0.0748254,0.104711,0.0555452,0.00453411,3.0224,0,0.00717139,0.000213519,0.261585
26.192108844,2.1222,0.00299741,2.32536,0.262557,0.259549,0.0882346,0.0825872,2.87242,0.0170173,0.00499741,0.000453267,0.0523319
26.238548753,2.10732,0.249724,1.98543,0.818434,0.350753,0.32242,0.0770609,2.34419,0.00718319,0.244532,0.0394936,0.0692325
26.284988662,1.41932,0.446007,0.944024,1.5922,0.318232,0.201885,0.0959784,1.81009,0.00780865,0.228003,1.15543,0.177845
26.331428571,0.578998,0.524217,0.222535,2.59907,0.136272,0.297317,0.132798,1.77612,0.0193897,0.178818,1.79568,0.187417
26.377868481,0.189969,0.24415,0.0952834,2.88627,0.066188,0.349369,0.0932314,1.80486,0.110085,0.113438,2.00499,0.145749
26.424308390,0.274927,0.285768,0.0390277,3.04697,0.158641,0.1655,0.0454347,1.75487,0.130114,0.202569,2.01759,0.227807
26.470748299,0.151756,0.307346,0.179208,3.14638,0.276182,0.0040049,0.151581,1.72583,0.0941241,0.755544,1.84848,0.371652
26.517188209,0.0233018,0.286237,0.490091,3.15928,0.330785,0.148181,0.261236,1.54702,0.0882526,1.44186,1.47239,0.473341
26.563628118,0.0293897,0.245305,0.531994,3.08926,0.381396,0.177381,0.322373,1.6557,0.0702205,1.8534,1.72795,0.438693
26.610068027,0.0421433,0.0920785,0.343527,3.19082,0.417651,0.027618,0.399055,1.79315,0,1.78997,1.76731,0.431838
26.656507937,0.132046,0.04776,0.155155,3.0852,0.612688,0.167255,0.302797,1.96085,0,1.15686,2.17414,0.329194
26.702947846,0.216044,0.104803,0.189463,2.913,0.47316,0.854876,0.254317,1.68172,0.000712872,0.302602,2.50782,0.27606
26.749387755,0.253813,0.223293,0.3178,2.28923,0.226181,1.44879,0.174014,1.24843,0.00187346,0.285253,2.47232,0.366772
26.795827664,0.13661,0.262775,0.334473,2.08399,0.237476,1.85273,0.227759,1.25597,0.0249814,0.252391,2.01515,0.532541
26.842267574,0.0224072,0.204146,0.479084,2.18893,0.324951,1.91268,0.29531,1.26548,0.195836,0.250315,1.88121,0.587574
26.888707483,0,0.252341,0.471707,2.31698,0.193894,1.77009,0.289531,1.5627,0.185635,0.109015,2.13165,0.581693
26.935147392,0,0.341341,0.255046,2.47101,0.0252623,1.41146,0.0112516,2.12858,0.125727,0.00762382,2.15967,0.591626
26.981587302,0,0.127095,0.255379,2.65593,0.00614525,1.19042,0.00820042,2.38544,0.108115,0.0090355,1.63727,0.700673
27.028027211,0.0706161,0.00791702,0.511786,2.74729,0,0.798053,0.137709,2.76598,0.025932,0.0515711,0.984906,0.708083
27.074467120,0.0937886,0.00154473,0.651555,2.77121,0,0.303696,0.29793,3.00734,0.000872488,0.177425,0.858168,0.570436
27.120907029,0.186881,0.041291,0.487048,2.81506,0,0.0983649,0.376544,3.00936,0.00222379,0.166432,1.40936,0.451797
27.167346939,0.213257,0.0329675,0.169618,2.94377,0.00525732,0.251052,0.285814,2.8827,0.00283517,0.11259,1.92727,0.401352
27.213786848,0.19136,0.0270093,0.128001,2.78793,0.00654837,0.298542,0.261649,2.75348,0.00289179,0.0551283,2.23283,0.304388
27.260226757,0.116579,0,0.414071,2.39076,0.0455175,0.331077,0.257505,2.69038,0.00338633,0.00750037,2.33269,0.128431
27.306666667,0.119799,0,0.434332,2.37943,0.176528,0.410651,0.0101424,2.6287,0.00467742,0.0666064,2.50944,0.0220681
27.353106576,0.213353,0,0.526182,2.57606,0.192393,0.59349,0,2.34984,0.016218,0.0565448,2.44392,0
27.399546485,0.220275,0.0324556,0.424499,2.5744,0.155774,0.677197,0.0192063,2.08522,0.0608167,1.15207,2.20301,0.0352349
27.445986395,0.0722414,0.150292,0.2299,2.41608,0.0821986,0.770312,0.240261,1.80488,0.034797,2.39213,1.60607,0.0463192
27.492426304,0.157478,0.33952,0.197844,2.21811,0.108784,0.650786,0.497069,1.66745,0.0174398,3.00678,1.06265,0.0303934
27.538866213,0,0.445881,0.118489,2.40998,0.117316,0.49721,0.506501,1.60166,0.0117784,2.91744,1.19092,0.0430658
27.585306122,0,0.5487,0.000369694,2.45176,0.0731027,0.520998,0.313853,1.7342,0.0455457,2.40837,1.67204,0
27.631746032,0,0.533381,0.0837582,2.40701,0.0411974,0.624487,0.0896988,1.85684,0.0342622,1.32994,2.15429,0.00393353
27.678185941,0,0.381979,0.247822,2.19234,0.0439855,1.25277,0.0427464,1.79385,0,0.548713,2.22488,0.125242
27.724625850,0,0.304458,0.386596,1.9999,0.0373076,1.72328,0.167875,1.76022,0,0.270212,2.09289,0.204808
27.771065760,0.00877202,0.29542,0.365038,1.94287,0.0420536,1.99008,0.38513,1.76259,0,0.131502,1.79245,0.240753
27.817505669,0.0047096,0.242592,0.332432,1.96504,0.0515377,1.7939,0.555938,1.938,0,0.0414373,1.65756,0.223175
27.863945578,0.075591,0.262966,0.385093,2.21799,0.0538033,1.13059,0.675521,2.10002,0,0.044912,1.40984,0.215643
27.910385488,0.338417,0.279497,0.248481,2.42175,0.0416854,0.527777,0.485313,2.95939,0,0.139302,1.11415,0.0704957
27.956825397,0.557706,0.170396,0.272313,2.49996,0.0380587,0.191473,0.253069,3.18937,0,0.204834,1.12601,0.0165251
28.003265306,0.585805,0.039402,0.321699,2.59118,0.0289336,0.10628,0.524739,2.97518,0,0.218016,1.15008,0.11468
28.049705215,0.347918,0.184574,0.0748546,2.33673,0.0176847,0.270587,0.869202,2.4484,0.00663305,0.135259,1.36775,0.43062
28.096145125,0.156972,0.624031,0.101327,1.95713,0.0160965,0.725871,0.938376,1.63708,0.0767858,0.162402,1.23477,0.888235
28.142585034,0.0726887,0.97691,0.106068,0.872962,0.0354719,0.97236,0.788242,1.15018,0.0103358,0.61662,0.724288,1.36996
28.189024943,0.230711,0.902226,0.172168,0.760618,0.151331,0.909391,0.644273,1.04297,0.0135675,0.964148,0.141611,1.72705
28.235464853,0.690245,0.63835,0.328664,0.631781,0.201066,0.713523,0.559353,1.01102,0.0421361,0.910466,0.133881,1.68976
28.281904762,1.6515,0.194904,0.780359,0.331267,0.639681,0.595669,1.03654,1.01001,0.0949862,0.245675,0.164537,0.531751
28.328344671,2.05744,0.195992,0.436053,0.0992637,1.1501,0.0426466,0.568782,1.19377,0.0594186,0.0633072,0.869047,0.260265
28.374784580,1.69519,0.20085,0.146738,0.434123,0.983503,0.031107,0.324282,1.78018,0.317227,0.163504,1.12434,0.391354
28.421224490,0.275865,1.20283,0.256013,0.891292,0.41623,0.655033,0.108843,2.1227,0.174941,0.391347,0.38004,0.495618
28.467664399,1.05081,1.38133,0.389866,1.2515,0.359597,0.833206,0.225427,1.97709,0.0213541,0.178053,0.239304,0.971737
28.514104308,1.52714,0.863865,0.469697,0.709246,0.190098,0.784239,0.654764,1.7511,0.00901093,0.00364057,0.596166,0.901877
28.560544218,1.5421,0.249862,0.644416,0.479647,0.199196,0.523203,0.848224,1.50599,0.493813,0.000977472,0.796622,0.635694
28.606984127,1.22664,0.662536,0.779145,0,0.250455,0.347942,0.927704,1.11875,0.494196,0.112249,0.887141,0.634396
28.653424036,0.857057,0.821484,0.649721,0,0.320565,0.387591,0.799059,1.12081,0.573225,0.203112,0.566713,0.778427
28.699863946,0.479975,0.953406,0.871644,0.00120556,0.482453,0.393536,0.316805,0.837304,0.845631,0.252238,0.515373,0.69463
28.746303855,0.731072,0.849174,1.70769,0.0134272,0.513328,0.224219,0.155528,0.406176,0.813108,0.327793,0.72146,0.526588
28.792743764,0.871078,0.587278,2.27664,0.029248,0.137778,0.587964,0.0588733,0.308756,0.91575,0.506753,0.203715,0.33114
28.839183673,0.67034,0.525193,2.07169,0.150715,0.222072,0.861644,0.00751647,0.330379,0.918483,0.695551,0.000343832,0.54117
28.885623583,0.312606,0.579371,1.62249,0.237835,0.497941,0.880894,0.0486013,0.500198,0.617067,0.890352,0.120525,0.732465
28.932063492,0.363979,0.572478,1.66433,0.130737,0.846068,0.331083,0.0528952,0.938747,0.471045,0.882123,0.101552,0.778403
28.978503401,0.00233433,0.774534,1.17599,0.647648,0.862493,0.414191,0.424819,1.48469,0.00447333,0.871897,0.16131,0.481044
29.024943311,0.0225316,0.458119,0.999092,1.15467,0.568042,0.533591,0.326189,1.936,0.019184,0.718345,0.189665,0.754753
29.071383220,0.133798,0.594832,0.769516,1.13164,0.461274,0.658677,0.109239,1.7298,0.0353798,0.766149,0.194646,0.754749
29.117823129,0.00255533,0.688764,1.03853,0.723012,0.418427,0.670178,0.0177393,1.52455,0.190081,0.713482,0.506702,0.651275
29.164263039,0.0233881,0.651968,1.91993,0.374114,0.468263,0.656804,0.0189338,0.806024,1.01394,0.643635,0.476974,0.664763
29.210702948,0.0355903,0.41053,2.18789,0.290057,0.611632,0.458197,0.17095,0.496508,1.36344,0.411089,0.43708,0.606829
29.257142857,0.868491,0.112466,1.90378,0.576726,0.255263,0.144069,1.05977,0.0828743,1.2055,0.237202,0.374484,0.918491
29.303582766,1.04902,0.0121783,1.38485,0.492522,0.160449,0.0530684,1.16243,0.0830594,0.322496,0.0837403,0.338738,1.88663
29.350022676,0.578008,0.0764051,1.06334,0.652335,0.0388432,0.132971,0.790996,0.0732499,0.345066,0.0895436,0.260575,2.586
29.396462585,0.28683,0.107916,0.858966,0.276578,0.00036338,0.175438,0.540517,0.634322,0.430295,0.0786103,0.185594,2.47415
29.442902494,0.905421,0.373511,0.667938,0.158358,0,0.0691302,0.0437534,0.926971,0.51769,0.103429,0.193289,1.9586
29.489342404,1.46995,0.4032,0.49863,0.177833,0.0248862,0.0457239,0.0374505,0.623758,0.0612234,0.264558,0.632059,1.76529
29.535782313,1.6667,0.0810672,0.438262,0.252038,0.17729,0.104652,0.0609915,0.626126,0.053203,0.319335,1.08951,1.75562
29.582222222,1.62815,0.0579207,0.363767,0.268094,0.349064,0.0857962,0.110922,0.736659,0.0644044,0.321814,1.10476,1.54096
29.628662132,1.53224,0.180267,0.511555,0.0724224,0.453669,0.0463616,0.121369,0.733171,0.049901,0.315627,0.937431,1.69968
29.675102041,1.00683,0.555831,0.608174,0.0251675,0.532539,0.178246,0.135411,0.706276,0.197831,0.334436,1.37616,1.35753
29.721541950,0.306316,0.520044,0.513354,0.0174368,0.493382,0.407953,0.562538,1.12871,0.189605,0.449025,1.54445,0.676934
29.767981859,0.383871,0.535923,0.378582,0.0142938,0.539099,0.43223,0.873198,0.758273,0.183763,0.483295,1.53793,0.136016
29.814421769,0.307198,0.628412,0.328243,0.0163419,0.503073,0.292786,0.601507,1.05934,0.125854,0.246099,1.69156,0
29.860861678,0.237856,0.970141,0.163619,0.0976005,0.690319,0.116344,0.467764,0.926889,0.210264,0.301836,1.71684,0
29.907301587,0.466981,1.0603,0.184098,0.24731,0.130734,0.0554771,0.674981,0.691512,0.0661037,0.401394,1.68672,0.397708
29.953741497,0.139341,0.697466,0.30274,0.527675,0.0716174,0.957423,0.990737,0.208692,0.157573,0.597749,1.2862,0.685618
30.000181406,0.0398193,0.892367,0.530544,0.73449,0.319702,1.41784,1.33892,0.0522227,0.140586,0.497366,1.13554,0.665152
30.046621315,0.0491323,0.803415,0.567891,0.704231,0.386183,1.48336,1.50646,0.063269,0.0985122,0.17983,1.03401,0.585087
30.093061224,0.104938,0.562533,0.587809,0.520045,0.249877,1.61872,1.19053,0.129135,0.0897067,0.0144549,0.899556,0.857391
30.139501134,0.0945395,0.973518,0.581004,0.281748,0.0644145,1.36372,0.31428,1.61537,0.0561124,0.0590164,0.40982,1.80818
30.185941043,0.0780564,0.384314,0.818823,0.155877,0.0756988,0.742162,0.0335426,2.35745,0.359356,0.360463,0.132777,2.24365
30.232380952,0.039634,0.436469,1.08289,0.0362608,0.136636,0.662925,0.0467305,2.47119,0.273045,0.58935,0.196182,2.23612
30.278820862,0,0.328037,1.2658,0.0337917,0.121296,0.79217,0.356543,2.44716,0.275624,0.729408,0.194633,2.25041
30.325260771,0,0.24362,1.66022,0,0.0926843,0.914744,0.519939,2.22085,0.27462,0.604004,0.221093,2.40156
30.371700680,0,0.145405,1.73956,0,0.0696213,0.90186,0.51767,2.41744,0.256548,0.376234,0.243014,2.48437
30.418140590,0,0.186464,1.7653,0.0119732,0.0304427,0.843914,0.318538,2.67285,0.124507,0.0682699,0.242998,2.28121
30.464580499,0,0.153363,1.82492,0.066779,0.00539315,1.08117,0.117189,2.35767,0.176657,0,0.129046,2.20039
30.511020408,0.0349489,0.0946501,1.76832,0.0222199,0.0275129,1.33763,0.0475437,2.10541,0.232766,0,0.107533,2.17075
30.557460317,0.0471391,0.144987,1.70519,0.0507287,0.0397899,1.48444,0.152079,2.2964,0.10273,0.14531,0.121653,1.71515
30.603900227,0.0589686,0.187,1.89594,0.157917,0.0517958,0.96402,0.371554,2.32113,0.0915169,0.446865,0.174329,1.61518
30.650340136,0.00440688,0.215215,1.84114,0.0990249,0.123331,1.08132,0.388758,2.22745,0.208935,0.458976,0.0724662,1.54872
30.696780045,0.24597,0.322445,1.76924,0.0138954,0.652668,0.777479,0.124442,2.29796,0.198628,0.252444,0.176055,0.82459
30.743219955,0.537395,0.471585,1.61934,0.0153787,0.815182,0.36604,0.0374081,2.14252,0.31143,0.136973,0.437223,0.620685
30.789659864,0.444248,0.72452,1.23458,0.010765,0.641166,0.294421,0.260249,2.06628,0.286059,0.00388571,0.763168,0.484411
30.836099773,0.348304,0.612519,1.05655,0.0690701,0.389161,0.397418,0.7132,1.68477,0.221782,0.0197212,0.951722,0.331425
30.882539683,0.301742,0.390547,1.01237,0.292221,0.107494,0.634982,0.871043,1.38794,0.0247696,0.054192,1.15469,0.0925193
30.928979592,0.329957,0.373724,1.09429,0.374289,0.0661714,1.25707,0.713249,0.991718,0.022298,0.168747,0.745688,0.376609
30.975419501,0.570277,0.406487,1.5464,0.394048,0.54187,1.33989,0.571594,0.83532,0.0515937,0.214191,0.29428,0.736924
31.021859410,0.231241,0.694159,1.79312,0.382659,0.773409,1.2418,0.549575,1.02146,0.065415,0.372863,0.192152,0.657108
31.068299320,0.539031,0.745601,1.4438,0.698465,0.81287,0.765468,0.725381,1.22363,0.0559485,0.422349,0.12865,0.375251
31.114739229,0.764551,0.346199,1.06325,1.29062,0.798744,0.208698,0.108927,1.11121,0.0445437,0.254891,0.183873,0.511705
31.161179138,1.3077,0.145239,0.899339,1.34788,1.05978,1.04958,0.209424,0.83637,0.0159331,0.000715057,0.493153,0.307365
31.207619048,1.63844,0.231277,0.845638,0.525707,0.507536,1.70044,0.520234,0.293794,0.0464587,0.0131461,0.553516,0.193244
31.254058957,1.4595,1.02165,0.561921,0.196927,0.101664,1.76393,1.32159,0.0203548,0.0495427,0.0263708,0.276603,0.216113
31.300498866,1.01765,1.58441,0.00387053,0.0668797,0.0671087,1.13866,2.27635,0.0460481,0.00675599,0.0473666,0.0770626,0.238341
31.346938776,0.0127503,1.58496,0.390974,0.103156,0.140303,0.378397,2.84225,0.288059,0,0,0.162072,0.214867
31.393378685,0.000170116,1.45235,0.845253,0.141276,0.148776,0.0457046,3.00665,0.87803,0,0.0756916,0.126993,0.0218426
31.439818594,0.0762079,1.22536,0.9473,0.137679,0.155904,0.180888,1.78423,2.08057,0,0.143918,0.064446,0.0426945
31.486258503,0.0450416,0.797027,0.993991,0.0112865,0.181642,0.298103,0.611209,2.89039,0.000680244,0.138979,0.0828523,0.1321
31.532698413,0,0.471787,1.06331,0,0.100075,0.338597,0.073231,3.07076,0.123783,0.117321,0.111828,0.203948
31.579138322,2.21343e-05,0.308373,1.18701,0,0.0701313,0.338946,0.0616533,3.10336,0.0724753,0.0984405,0.123302,0.116784
31.625578231,0,0.293201,1.35384,0.019117,0.0797307,0.0668671,0.22015,3.15368,0.30077,0.170332,0.309706,0.0293739
31.672018141,0,0.270391,1.5275,0.0370426,0.0713674,0.0529596,0.129083,3.06516,0.274047,0.0722821,0.448034,0.772301
31.718458050,0.327044,0.232598,1.41019,0.0999892,0.0360268,0.0762299,0.0432756,2.77387,0.0116177,0.0168515,0.338795,1.75298
31.764897959,0.1273,0.332194,1.25388,0.051414,0.0572857,0.0789255,0.0875343,3.22622,0.0281921,0.13593,0.138097,1.56053
31.811337868,0.39264,0.687918,1.5414,0.0975936,0.362064,0.0793992,0.125962,3.13264,0.0509523,0.107921,0.277824,1.04771
31.857777778,0.201846,0.801907,1.29652,0.351935,0.243288,0.376838,0.0793458,2.75786,0.0188813,0.095243,0.672945,0.800416
31.904217687,0,0.788085,1.0946,0.318027,0.325264,0.711782,0.167527,2.37478,0.0810288,0.0118156,0.911943,0.911322
31.950657596,0,0.711151,1.24614,0.12344,0.421456,0.873626,0.223954,2.20374,0.228359,0,0.969722,0.964278
31.997097506,0,0.726549,1.56539,0.0216297,0.362168,0.569506,0.223736,2.34181,0.318817,0,0.43784,1.38884
32.043537415,0.0908258,0.604455,1.61191,0,0.046406,0.223229,0.150006,2.84112,0.223135,0.0025815,0,1.73105
32.089977324,0.114389,0.143792,1.68311,0,0.0130488,0.138934,0.127751,3.01591,0.112028,0.0460424,0,1.84095
32.136417234,0.0549739,0.122002,1.66379,0,0,0.0162946,0.165603,3.10773,0.0526231,0.434624,0,1.97168
32.182857143,0.0279916,0.153633,1.66253,0,0.137492,0.0727116,0.110055,3.24534,0.0523535,0.623574,0,2.00859
32.229297052,0.00161674,0.146337,1.95009,0,0.452008,0.111167,0.0426996,3.18224,0.0505825,0.952586,0,1.77502
32.275736961,0.175043,0,1.91368,0,0.5765,0.0940293,0.0860535,2.72498,0.0593213,0.774245,0.114624,1.63464
32.322176871,0.521609,0.0504654,1.32751,0.204552,0.514287,0.327223,0.290844,2.04861,0.103923,0.627545,0.165593,1.15427
32.368616780,0.413351,0.200792,0.175325,0.486959,0.61327,0.495207,0.383774,1.08035,0.106217,0.625215,0.1594,0.999769
32.415056689,0.200672,0.678317,0.128809,0.193966,0.607883,0.578413,0.597327,0.565129,0.0335511,0.687132,0.762876,0.698956
32.461496599,0.312267,1.19459,0.108869,0.00998985,0.414255,0.650207,0.735815,0.237261,0.0367685,0.508369,1.41288,0.23339
32.507936508,0.35614,1.28211,0.184342,0,0.281596,0.754408,1.03419,0.0442221,0.0058265,0.336978,1.22692,0.379598
32.554376417,0.217268,1.29383,0.455189,0.0150804,0.2009,1.00014,1.09221,0.0594758,0.00500074,0.23302,0.532535,0.277911
32.600816327,0.526843,0.859169,0.799728,0.138653,0.040827,1.21633,1.0532,0.0861442,0.00789909,0.384956,0.113828,0.122414
32.647256236,0.571774,0.788788,0.718695,0.233129,0.0106722,1.15781,1.10172,0.0563301,0.0457701,0.447229,0,0.156099
32.693696145,0.492264,1.11888,0.454644,0.180015,0.0629392,1.07716,1.40104,0.0785636,0.0813622,0.553861,0,0.143493
32.740136054,0.290996,1.1425,0.396849,0.148189,0.0887818,1.4548,1.71724,0.0684895,0.113675,0.52085,0,0.0445127
32.786575964,0.178414,1.05653,0.39815,0.0220633,0.0549411,1.78168,1.51145,0.118077,0.672112,0.700806,0,1.48045e-05
32.833015873,0.306563,1.53715,0.231178,0.0977047,0.00109714,1.74685,1.03532,0.293682,0.849411,0.560941,0.0565719,0.135064
32.879455782,0.244211,2.28983,0.207644,0.114806,0.0176117,1.51118,0.249672,0.826239,0.573155,0.552497,0.554,0.0328338
32.925895692,0.609175,1.81906,0.191014,0.0612459,0,1.44122,0.0699843,1.1275,0.705488,0.475238,0.907438,0.313255
32.972335601,0.862585,1.69484,0.174194,0.552985,0.0205426,1.16468,0.0678837,1.08289,0.901286,0.220593,0.845648,0.283453
33.018775510,0.796075,1.4226,0.166292,0.973847,0.2507,1.15615,0.0597005,0.536349,0.299813,0.0337885,0.730851,0.46033
33.065215420,0.66604,0.751153,0.363884,0.77006,0.169856,2.18433,0.0765333,0.0556703,0.00774846,0.169039,0.472177,1.24637
33.111655329,0.618848,0.36683,0.31676,0.366411,0.0875635,2.51596,1.36104,0.0170407,0.0137819,0.310609,0.186057,1.0145
33.158095238,0.220567,0.797472,0.206256,0.0889983,0.0803415,2.03578,2.01841,0.0587699,0.0575304,0.413857,0.127149,0.155798
33.204535147,0.0339706,1.10501,0.293238,0.0539455,0.0892886,1.08042,2.44588,0.323295,0.0688392,0.248061,0.732551,0.167823
33.250975057,0.150464,0.719435,0.79511,0,0.158522,0.535915,2.42856,1.19112,0.0493266,0.0571351,0.833303,0.123783
33.297414966,0.280886,0.677845,1.29502,0.0193821,0.206013,0.404395,1.70337,1.87737,0.00313513,0.097532,0.437958,0.010199
33.343854875,0.271989,0.388215,1.35043,0.019061,0.215394,0.251668,1.24691,2.33398,0.109749,0.0805513,0.190634,0.0162222
33.390294785,0.223836,0.017876,1.14332,0.238896,0.0389929,0.567216,0.693803,2.73402,0,0.0884223,0.122946,0.320085
33.436734694,0.0974665,0.00238693,1.33176,0.221352,0.0242958,0.860245,0.520588,2.64346,0,0.0850563,0.137076,0.79529
33.483174603,0.115698,0.00219954,1.57743,0.185104,0.00174136,0.583761,0.454635,2.43771,0,0.0693841,0.149998,0.840995
33.529614512,0.246118,0.00811811,1.72995,0.0119205,0.0119552,0.169252,0.356829,2.83009,0,0.0181591,0.136208,0.667495
33.576054422,0.275132,0.0151907,1.69861,0.0141566,0.0153454,0.21156,0.0758005,3.08161,0.091581,0.00266022,0.115172,0.626133
33.622494331,0.0608299,0.0860114,1.79724,0.0584348,0.130196,0.155658,0.00765269,3.30646,0.16643,0.0343767,0.126679,0.384107
33.668934240,0,0.539787,1.65025,0.487022,0.322249,0.359639,0.0448165,2.90028,0,0.0772435,0.137845,0.237801
33.715374150,0.07573,0.524375,1.56111,0.530726,0.390494,0.703963,0.342054,2.21043,0.00638484,0.142258,0.523153,0.578548
33.761814059,0.210779,0.601582,1.66661,0.250647,0.547397,0.949752,0.436253,1.636,0.0107664,0.187207,0.802741,0.766589
33.808253968,0.338428,0.661109,1.64642,0.247175,0.675556,1.23587,0.525359,1.20489,0.00318445,0.0643634,0.813636,0.695446
33.854693878,0.0961578,0.774905,1.81459,0.192352,0.450564,1.64192,0.483008,1.34772,0.0381526,0.0080298,0.491028,1.7575
33.901133787,0.0680289,0.855801,1.45768,0.112279,0.054898,1.63489,0.0816973,1.80984,0.129206,0.667683,0.232068,2.06281
33.947573696,0.0576405,0.333167,1.66177,0.0424578,0,1.53606,0.00984253,2.85802,0.184423,0.47002,0.0923875,2.15337
33.994013605,0.025094,0.317897,1.62099,0.0116824,0,1.34939,0.0058629,3.33792,0.150702,0.449406,0.106813,2.004
34.040453515,0.0180894,0.233055,1.73172,0.0138784,0.00580108,1.03892,0.0220947,3.38565,0.0912257,0.337169,0.0979072,2.01524
34.086893424,0.0199975,0.121529,1.89465,0.00429169,0,0.960733,0.104389,3.35897,0.107824,0.19994,0.103305,1.91626
34.133333333,0.0809456,0,2.0461,0,0.00309357,0.945762,0.055842,3.30693,0.274573,0.00416792,0.115149,1.89716
34.179773243,0,0,2.21006,0,0.0259286,1.32312,0.150179,3.1891,0.156907,0.06254,0.140594,1.81923
34.226213152,0,0.0189982,2.28645,0,0.00146128,1.62491,0.0771038,3.02754,0.0633823,0.165224,0.130649,1.6839
34.272653061,0,0.0119097,2.31508,0.0135779,0.0148376,1.82907,0.0206638,2.77203,0.07552,0.172397,0.153098,1.3084
34.319092971,0,0.00947885,2.31435,0.0253807,0.0420572,1.97895,0.0201528,2.36105,0.0830758,0.0462892,0.232801,0.83777
34.365532880,0.0279668,0.114188,1.57984,0.0885167,0.0336837,1.7598,0.0188173,2.24388,0.0585671,0.105815,0.259169,1.08038
34.411972789,0.0721016,0.331739,1.08188,0.00112458,0.0263591,1.67133,0.0201194,2.09072,0.0477522,0.0414644,0.289166,0.852122
34.458412698,0.101666,0.974582,0.891179,0.00078096,0.544731,1.31054,0.0212756,2.14339,0.0522132,0.00703435,0.950135,0.508361
34.504852608,0.23213,0.9342,0.6831,0.105789,1.07542,1.37708,0.11288,1.99835,0.0743081,0.00912215,1.04992,0.462893
34.551292517,0.210086,0.969428,0.426018,0.130849,0.948753,1.33063,0.475332,1.99392,0.0928132,0.00522251,1.089,0.465511
34.597732426,0.375555,1.14178,0.446317,0.137457,0.722517,1.04602,0.351936,1.7786,0.108888,0.0758119,1.40837,0.411807
34.644172336,1.37859,1.088,0.371945,0.0800814,0.776153,0.988053,0.267298,1.56145,0.178089,0.13012,1.34033,0.300107
34.690612245,1.37179,0.89619,0.707679,0.0528478,1.0488,1.13096,0.324822,1.24394,0.203331,0.166567,0.465274,0.680934
34.737052154,0.821701,0.71174,0.725148,0.194481,1.15467,0.845361,0.349738,1.07917,0.118607,0.251336,0.188223,1.15989
34.783492063,0.652319,0,0.519684,0.510909,1.09793,0.376767,0.396296,1.12042,0.0825799,0.279736,0.1853,1.65857
34.829931973,0.847522,0.0141454,0.3069,0.969056,1.27835,0.392916,0.462886,1.57582,0.0659314,0.0529053,0.0688275,1.4404
34.876371882,1.51796,0.0290196,0.409187,1.29859,1.26319,0.67362,0.190777,1.084,0.0558011,0.0309521,0.073512,0.864159
34.922811791,1.45067,0.201155,0.642336,1.04117,0.541458,1.87788,0.616614,0.03657,0.0915354,0.123168,0.0139338,0.390861
34.969251701,1.12151,1.11132,0.66658,0.361035,0.159633,2.25163,1.0812,0.00544477,0.104117,0.138461,0.00429198,0.162022
35.015691610,0.531986,1.41395,0.4758,0.0553319,0.0717864,1.80705,1.99267,0.0123964,0.118725,0.153355,0,0.405686
35.062131519,0.0650183,1.24807,0.565631,0.107578,0.146496,0.825131,2.80205,0.302548,0.110967,0.00171296,0.126242,0.280236
35.108571429,0.0722772,1.13834,0.510132,0.19542,0.13587,0.256954,2.76344,1.08475,0.215511,0.0032019,0.115783,0.119711
35.155011338,0.0955817,0.692029,0.639697,0.105176,0.0986635,0.0381931,2.07969,1.77901,0.241381,0.0546818,0.12736,0.0585358
35.201451247,0.0117226,0.483245,1.13201,0.028427,0.0573114,0.0937122,1.19937,2.44547,0,0.152132,0.158048,0.24096
35.247891156,9.87876e-05,0.279946,1.68419,0.0718184,0.0380714,0.193233,0.771823,2.81108,0,0.17313,0.208395,0.479899
35.294331066,0.000661258,0.0712278,2.0161,0,0.0466014,0.105265,0.665915,2.90734,0,0.169197,0.189974,0.452038
35.340770975,0.0521427,0.0469346,2.05099,0.00340825,0.0374219,0.120462,0.728664,2.84878,0,0.0672512,0.173343,0.1779
35.387210884,0.140668,0.174815,2.05778,0.0440077,0.0245388,0.107844,0.526314,2.73594,0.00314865,0.133849,0.480087,0.14825
35.433650794,0.164685,0.0162587,1.95347,0.0756992,0.149395,0.0679859,0.357722,2.5845,0.0115726,0.122861,0.51405,0.294446
35.480090703,0,0.0413097,1.49731,0,0.142304,0.223442,0.136015,2.70671,0.00866288,0.10501,0.493645,0.409153
35.526530612,0.324152,0.150315,2.02473,0.382296,0.100691,0.490215,0.036118,2.57857,0.00404652,0.00222312,0.084346,0.5504
35.572970522,0.0645568,0.268043,1.43844,0.520471,0.337861,0.657813,0.261982,2.43732,0.0898146,0.0458018,0.333353,0.924375
35.619410431,4.10848e-05,0.449316,1.01306,0.405764,0.272585,0.9468,0.797953,1.89884,0.0274981,0.058403,0.767834,0.984107
35.665850340,0,0.614446,1.07156,0.331373,0.431237,1.26388,0.832249,1.3251,0.107771,0.00566834,0.959434,0.94804
35.712290249,0,0.643829,1.16229,0.0905615,0.454352,1.45146,0.4775,1.51716,0.330617,0.00449451,0.771017,1.55416
35.758730159,0,0.789659,1.74277,0.0027218,0.210768,1.24968,0.202743,2.08418,0.441633,0.00197963,0.254091,1.85102
35.805170068,0.0596712,0.464393,1.83653,0,0.0112341,0.961831,0.205793,2.27696,0.279418,0.00396076,0.00343174,2.20811
35.851609977,0.0412554,0.17757,1.84631,0,0.00307331,0.818506,0.182973,2.49806,0.0725631,0.170478,0.00268249,2.27671
35.898049887,0,0.0962932,1.53123,0,0,1.01858,0.155129,2.94328,0.0526098,0.414526,0.00377462,2.11065
35.944489796,0.0374866,0.134234,1.58969,0,0,1.56093,0.0470601,2.96119,0.0513889,0.398982,0.00377398,1.90343
35.990929705,0.0672888,0.135121,1.81761,0,0,1.97534,0.0233512,3.03749,0.0619249,0.407647,0.0233499,1.44986
36.037369615,0.317355,0,2.0224,0.000620368,0,2.1678,0.0250637,2.47466,0.0627397,0.539145,0.0652212,1.45581
36.083809524,0.47975,0.0254016,1.8693,0,0.0271312,1.94016,0.128459,1.51508,0.084394,0.69637,0.408496,1.28705
36.130249433,0.141331,0.132224,1.68341,0,0.169738,1.75609,0.307151,1.13449,0.121845,0.261221,0.694379,1.29484
36.176689342,0.309019,0.339711,1.29882,0.0265721,0.222352,1.97067,0.726231,0.373463,0.0997977,0.207313,1.11742,0.946753
36.223129252,0.459026,0.34153,0.869814,0.0297092,0.485607,1.77908,1.18314,0.0846719,0.263898,0.239275,1.43331,0.146564
36.269569161,1.00547,1.02874,0.531582,0.0206184,0.384479,1.61842,1.54285,0.0741067,0.394924,0.00350202,1.47649,0.0464315
36.316009070,1.39429,1.32168,0.153561,0.0232473,0.39158,1.36186,1.82838,0.0587563,0.257488,0.00650165,1.4391,0.18778
36.362448980,1.51434,0.960431,0.26657,0,0.680274,1.1293,1.86395,0.0461271,0.00199978,0.117048,1.31982,0.16211
36.408888889,1.36015,0.982301,0.253978,0.0204017,0.708474,1.087,1.9205,0,0.00401294,0.138935,1.35569,0.0894553
36.455328798,1.0805,1.00124,0.154223,0.132911,0.345345,1.05512,1.4931,0,0.00320449,0.0719264,1.37176,0.00905339
36.501768707,0.730557,1.07999,0.0637576,0.211692,0.00204508,1.33927,1.1193,0.00826813,0.00214471,0.0985468,1.55678,0.169234
36.548208617,0.353207,1.32295,0.188813,0.421637,0,1.55566,0.942754,0.0433267,0.0113853,0.13149,1.29947,0.43434
36.594648526,0.167551,1.92316,0.510137,0.351583,0,1.77103,0.672907,0.0621802,0,0.112555,1.29732,0.554692
36.641088435,0.232575,2.07763,0.767157,0.229581,0.0575988,2.02926,0.0749601,0.5188,0.032846,0.0829596,1.18344,0.529062
36.687528345,0.194377,1.46839,0.708904,0.282987,0.118706,1.80037,0.27893,1.0832,0.325754,0.404675,1.086,0.59136
36.733968254,0.1962,1.01369,0.794501,1.05337,0.0844225,1.3826,0.61002,0.835021,0.421967,0.839327,0.786372,0.803586
36.780408163,0.177626,0.00542317,1.09932,1.66092,0.31447,1.15961,0.314669,0.0832726,0.628447,0.896379,0.572296,1.03117
36.826848073,0.399838,0.0578155,0.586017,1.65588,0.587714,1.86527,0.402881,0.0307984,0.552933,0.606661,0.250807,0.708194
36.873287982,0.473644,0.896483,0.221636,1.3376,0.35547,1.82644,0.896288,0.255217,0.286982,0.151864,0.302343,0.649593
36.919727891,0.129841,1.71608,0.362724,0.435356,0.0207759,1.59947,2.10198,0.073388,0.0182106,0.0842012,0.667855,0.497189
36.966167800,0.102906,1.48526,0.512715,0.101306,0.0508743,0.747807,3.11229,0.087229,0.0627676,0,0.605958,0.690803
37.012607710,0.183653,1.41031,0.488973,0.117515,0.0642527,0.313208,3.1733,0.322841,0.0169481,0.000423986,0.526025,0.760867
37.059047619,0.155177,1.12123,0.329272,0.253529,0.0313986,0.394225,2.52565,0.570382,0.0846914,0.0159506,0.569882,0.836703
37.105487528,0.0798172,0.577235,0.252596,0.322117,0.00964368,0.78018,1.5031,0.965115,0,0.0850311,0.573241,0.74162
37.151927438,0.0187793,0.459656,0.335135,0.381968,0.00128313,1.04123,0.790164,1.35008,0.0131205,0.0122887,0.282649,0.906821
37.198367347,0.000428717,0.485268,0.936743,0.379407,0,1.0505,0.265762,1.3311,0.117418,0.0859553,0.25021,1.02197
37.244807256,0.000551389,0.0111371,1.0287,0.320896,0,1.1236,0.399527,1.89838,0.0676769,0.134611,0.0851055,1.09008
37.291247166,0.151365,0.107708,0.985603,0.318322,0,1.20081,0.229629,2.12408,0.00050668,0.191884,0.145883,1.08843
37.337687075,0.122026,0.214834,0.858902,0.267853,0,1.29798,0.215417,2.22172,0.000735554,0.166952,0.252524,1.1172
37.384126984,0.110781,0.170335,1.10554,0.245396,0.0338145,1.10515,0.0282564,2.33889,0.0162928,0.122681,0.234334,1.08321
37.430566893,0,0.409405,1.84728,0.633918,0.386034,1.06407,0.0277604,2.19859,0.027365,0.170686,0.0602348,0.867342
37.477006803,0,0.510906,1.98992,0.617482,0.457912,1.21483,0.00104519,1.97572,0.0813297,0.19316,0.426751,0.681458
37.523446712,0.0128397,0.635127,1.81216,0.387474,0.410435,1.56542,0.101183,2.06103,0.0555491,0.132783,0.819532,0.714486
37.569886621,0.0298846,0.80673,1.59913,0.265802,0.390518,1.6608,0.0849193,2.24209,0.113519,0.0178519,1.06722,0.788078
37.616326531,0,0.93326,1.6131,0.00565963,0.173906,1.36501,0.109497,2.83567,0.368632,0.0136219,0.90644,0.86318
37.662766440,0.0634739,0.334175,1.96749,0,0.0209668,1.4272,0.0497162,3.19776,0.443976,0.0108053,1.0757,1.7523
37.709206349,0.10993,0.526825,1.48702,0.0996664,0.0155414,1.24366,0.0431147,3.03447,0.152823,0.105356,1.61593,1.97094
37.755646259,0.0296725,1.13287,0.731948,0.184314,0.00843991,1.02856,0.114341,2.87444,0.0745675,0.206799,1.51421,1.97319
37.802086168,0.000398042,1.31615,0.720207,0.00396515,0.0204808,0.821597,0.384752,2.65942,0.0841391,0.215137,1.38341,1.88863
37.848526077,0.0250161,1.24502,0.896951,0,0.0123873,0.908135,0.182178,2.76156,0.0700076,0.239524,1.06105,1.56384
37.894965986,0,0.584276,1.13385,0,0.0458448,1.11756,0.0249126,2.95804,0.0758988,0.305169,0.738953,1.07402
37.941405896,0.000569335,0.382867,0.948604,0.342292,0.0325701,1.27587,0.0315873,3.13737,0.0762304,0.479576,0.697168,0.870733
37.987845805,0,0.546537,0.824737,0.557938,0.0454646,1.21709,0.07622,2.9343,0.107182,0.432257,0.747142,1.10127
38.034285714,0.353466,0.449996,0.999944,0.653089,0,1.23664,0.242666,2.58294,0.239863,0.299091,0.975795,1.25167
38.080725624,0.465157,0.158771,1.27147,0.397833,0,1.63142,0.36401,2.28265,0.303188,0.0273706,1.15713,1.27805
38.127165533,0.355541,0.0781634,1.11632,0.0388461,0.279608,1.72176,0.171346,2.41404,0.110339,0,1.11576,1.2238
38.173605442,0.0955463,0.0873861,1.30911,0.0442734,0.412495,1.27564,0.0158309,2.98208,0.208691,0.00198137,1.20035,1.1543
38.220045351,0.162724,0.31762,0.895991,0.0342597,0.223403,1.1637,0.00662402,3.39785,0.0999264,0.0918779,0.965411,0.840175
38.266485261,0.163361,0.377246,0.630132,0.0854803,0.0161837,1.06756,0.343938,3.48914,0.0985779,0.0734515,0.710529,1.22026
38.312925170,0.00785237,0.341088,0.717806,0,0.0160937,1.34749,0.367077,3.47033,0.0778559,0.00702396,0.670203,1.65293
38.359365079,0,0.210917,1.06784,0.0015246,0.217184,1.43582,0.372997,3.0011,0.0569121,0.264658,0.666093,1.81039
38.405804989,0.0927916,0.450185,1.31138,0.0255155,0.222427,1.27966,0.446434,2.2514,0.0677327,0.503407,0.703336,1.62554
38.452244898,0.142667,0.49588,1.05944,0.248972,0.00412523,1.08083,0.426488,1.82187,0.122786,0.811684,0.561375,1.45355
38.498684807,0.20145,0.668983,0.621634,0.275618,0.0300793,1.32132,0.320863,1.60021,0.140885,0.954294,0.217294,1.18164
38.545124717,0.164435,0.633262,0.515595,0.239703,0.117402,1.17805,0.287096,1.42706,0.145025,1.02109,0.262894,0.942075
38.591564626,0.21774,0.456739,0.912186,0.13407,0.10924,0.570238,0.23176,2.07402,0.0658444,0.463484,0.81756,0.917482
38.638004535,0.152309,0.861455,0.989095,0.229073,0.0867779,0.132906,0.0796895,2.58193,0.0648333,0.0768376,1.17515,0.986672
38.684444444,0.088964,1.06391,0.4092,0.0109893,0.187386,0.530748,0.388956,2.59189,0.107063,0.109486,0.96859,0.997195
38.730884354,0.0576242,1.19776,0.408939,0.0437085,0.108123,0.79613,1.02107,1.8155,0.171791,0.159209,0.130462,1.64557
38.777324263,0.0666503,1.01151,0.797232,0.158179,0.16904,0.862189,1.36476,0.895575,0.370198,0.328233,0,1.97591
38.823764172,0.0318153,0.511356,1.1037,0.265876,0.39935,1.00623,1.62697,0.611701,0.325046,0.317011,0.070293,1.76678
38.870204082,0,0.391718,1.03914,0.56171,0.325855,1.08652,1.6558,0.85332,0.0775661,0.741972,0.00288748,1.44206
38.916643991,0,0.832062,0.561612,0.849981,0.120057,1.02096,0.713987,1.48401,0.0547459,1.01792,0.146932,1.17133
38.963083900,0,0.754827,0.617915,0.706371,0.232505,0.91774,0.402914,2.06968,0.0750027,0.752236,0.426694,0.712709
39.009523810,0,0.566945,0.760255,0.422125,0.0368359,0.913988,0.0191513,2.60167,0.107912,0.31458,0.677068,1.30339
39.055963719,0.194923,0.431561,1.08965,0.224991,0.0301169,1.02019,0,2.28694,0.106338,0.106546,1.13891,1.55478
39.102403628,0.2539,0.219617,1.68466,0.109134,0.0155688,1.13185,0,1.84154,0.411407,0.110511,0.994894,1.76145
39.148843537,0.65999,0.111299,1.76104,0.129436,0.0150027,0.832792,0.0305339,2.08635,0.227474,0.0260641,0.909353,1.71497
39.195283447,0.742581,0.297998,1.67476,0.0214061,0.0228325,0.712932,0.0110969,2.42925,0.0480264,0.00960203,0.540558,1.67823
39.241723356,0.801536,0.285982,1.24048,0.0165152,0.0294453,0.653533,0.154806,2.88637,0.0194599,0.0945588,0.237151,1.76974
39.288163265,0.517093,0.240765,1.64901,0.147124,0.125978,0.530993,0.104503,3.14402,0.0433607,0.129702,0.20826,1.52366
39.334603175,0.0952806,0.480999,1.37724,0.512906,0.29335,0.649563,0.115261,2.87639,0.0625006,0.126299,0.396047,0.894404
39.381043084,0.205143,0.770223,1.04191,0.511013,0.248518,0.531777,0.0540974,1.37486,0.202009,0.0941692,0.588774,1.46631
39.427482993,0.0251052,0.936493,0.889971,0.370329,0.5165,0.719291,0.0958094,0.816009,0.497933,0.0844375,0.611193,1.55402
39.473922902,0,1.06605,0.95622,0.0720476,0.367132,0.78073,0.100236,1.08498,0.714152,0.117443,0.733766,1.38583
39.520362812,0.0067097,0.729826,1.40876,0,0.0164891,0.31388,0.1288,2.06167,0.533289,0.00904567,0.231861,1.24583
39.566802721,0.143624,0.551395,1.18982,0.189622,0.00932876,0.00384479,0.136731,2.31206,0.328763,0.007533,0.263557,1.45497
39.613242630,0.0566662,1.12979,1.08912,0.271529,0.00819588,0.112661,0.0402891,2.29291,0.0735856,0,0.510096,1.15843
39.659682540,0,1.39269,1.26539,0.010706,0.030474,0.500408,0.250295,1.5375,0.0806374,0.147837,0.510576,1.5139
39.706122449,0,1.29082,1.5032,0.0536346,0,0.78787,0.285378,1.2412,0.0769579,0.587205,0.352359,1.61567
39.752562358,0,0.897134,1.63976,0,0.185452,0.89872,0.0351713,1.53054,0.0839833,0.864606,0.252316,1.47928
39.799002268,0.0279077,0.183014,1.59947,0,0.747818,1.16827,0.0312377,1.35049,0.0944554,0.967471,0.101581,1.62434
39.845442177,0,0.29466,1.29285,0.288696,0.852906,1.09102,0.106521,0.982882,0.23849,0.585283,0.016924,2.4702
39.891882086,0,0.307433,1.11286,0.409694,0.724995,0.594246,0.249514,0.734297,0.72367,0.457454,0.0171388,2.67982
39.938321995,0.0661335,0.289815,0.994174,0.00784147,0.460001,0.387933,0.374492,0.0665112,0.751285,0.360795,0.199666,3.00726
39.984761905,0.0260682,0.71461,0.821344,0.00190774,0.461323,0.46193,0.399824,0.089154,0.40363,0.0296761,0.27576,3.18612
40.031201814,0.0921043,0.797547,0.732868,0.0378475,0.645306,0.439063,0.400209,0.11514,0.0436865,0.00841815,0.183029,2.9742
40.077641723,0.393118,0.513514,0.73968,0.0386931,0.736537,1.15833,0.345958,0.108349,0.114744,0.148064,0.00304338,2.10315
40.124081633,0.631831,0.267623,0.230885,0.00943026,0.0323894,1.91364,0.33386,0.0809052,0.307737,0.903848,0.000826191,1.6814
40.170521542,0.628276,0.380124,0.440089,0.0182041,0.027111,2.11684,0.320145,0.291535,0.210759,0.730554,8.6292e-05,1.36797
40.216961451,0.649002,0.750815,0.634632,0.0342142,0.108007,2.06729,0.458133,0.104457,0.0819722,0.254702,0.129927,1.39388
40.263401361,0.279455,0.846707,0.569889,0.259976,0.137317,1.70236,0.724738,0.198109,0.19126,0.528927,0.0833619,1.87343
40.309841270,0.00266564,0.620363,0.686062,0.374212,0,1.50293,0.752585,0.841491,0.106858,0.623888,0.379467,1.67826
40.356281179,0.751263,0.428507,0.610168,0.0679178,0.0902354,1.67064,0.688889,0.916939,0.221207,0.663081,0.590875,1.0775
40.402721088,1.24865,0.375801,0.224753,0.493163,0.264406,1.33721,0.149918,1.26678,0.325393,0.748797,0.136842,0.73138
40.449160998,1.83045,0.306891,0.0482008,0.749297,0.315927,0.689272,0,1.48412,0.299263,0.675836,0.00777908,0.664539
40.495600907,1.93812,0.267646,0.0518914,1.20315,0.631336,0.342872,0.0456589,1.53561,0.158561,0.199423,0,1.39433
40.542040816,0.387111,1.27407,0.352332,0.503725,0.554445,0.512853,0.476317,0.364225,0.488029,0.213078,0,1.99356
40.588480726,0.0777092,1.00406,0.495946,0.254131,0.377388,1.14962,1.04642,0.445484,0.974151,0.202873,0,2.03646
40.634920635,0.45767,1.02425,0.816058,0.462001,0.155417,1.57707,1.03496,0.178296,1.0551,0.468425,0,1.2102
40.681360544,0.800868,0.508817,0.915005,0.501426,0.0358261,1.3736,1.38435,0.0564294,0.914863,0.705008,0,0.535547
40.727800454,1.15379,0.273586,1.01975,0.453409,0.0489843,0.970344,1.66547,0.198445,0.259424,0.862945,0,0.602401
40.774240363,1.31628,0.958824,1.25819,0.826492,0.0333888,0.604894,0.906338,0.64302,0.0657364,0.565614,0.008481,0.990039
40.820680272,1.22086,0.978511,1.22101,0.782098,0.10075,0.106554,0.255127,1.01754,0.0296707,0.324205,0.214071,0.76774
40.867120181,1.4303,0.782019,1.03826,0.636157,0.120737,0.232479,0.225965,1.47703,0.193533,0.201019,0.303873,0.292677
40.913560091,1.06318,0.360466,0.960215,0.549467,0.145449,0.0723004,0.0231255,1.92604,0.144656,0.0956256,0.367834,1.04186
40.960000000,0.437395,0,1.15509,0.512692,0.0804186,0.0252114,0.0231701,2.08465,0.149757,0.0559618,0.480133,1.78474
41.006439909,0.474432,0,1.21614,0.538591,0.0115923,0.00232349,0.115278,1.75092,0.139621,0.0863861,0.488593,1.93533
41.052879819,1.01422,0.0216559,1.29118,0.340168,0.0153643,0,0.216313,1.6856,0.117705,0.124113,0.627264,1.61284
41.099319728,1.44301,0.0314062,1.10656,0.566654,0.0209179,0.0124259,0.391312,1.89275,0.124809,0.121154,0.483461,1.05131
41.145759637,1.91668,0.0772419,1.08635,0.894692,0.0466106,0.0503728,0.452611,2.01125,0.153672,0.0857205,0.28983,0.780919
41.192199546,1.94457,0,1.03764,0.816934,0.147461,0.593541,0.364091,1.84059,0.174254,0.0666783,0.0238105,0.607724
41.238639456,1.79557,0.238096,0.904912,0.438498,0.350909,1.15379,0.174697,1.33795,0.167117,0.0710607,0,0.545437
41.285079365,1.52301,0.61738,1.09281,0.255736,0.327054,1.26734,0.13394,1.07646,0.15765,0.0975239,0.13852,0.750251
41.331519274,1.19715,0.986454,1.40994,0.0430122,0.655029,1.20366,0.248415,1.39825,0.148924,0.021512,0.180578,0.987578
41.377959184,0.405724,0.781278,1.90489,0.00970794,0.440908,0.918672,0.235367,2.54139,0.323239,0.0980197,0.0905499,1.22331
41.424399093,0.245097,0.236125,2.33205,0,0,0.972867,0.0404903,2.98898,0.353237,0.187773,0,1.7375
41.470839002,0.26,0.228154,2.2732,0,0,0.637458,0.0818834,2.38187,0.0714995,0.64139,0.0806691,1.98202
41.517278912,0.112158,0.816724,1.92689,0,0,0.390992,0.383437,1.48404,0.0698417,0.757846,0.0701305,2.25214
41.563718821,0,1.03175,1.48107,0,0.0297932,0.477712,0.164121,2.04281,0.0921543,0.704613,0.15481,2.23015
41.610158730,0.00923885,0.880173,1.72023,0,0,0.662784,0.04275,2.8356,0.12582,0.471017,0.149521,1.92573
41.656598639,0.295968,0.290824,2.17685,0,0,0.733934,0.0252823,3.3656,0.0729105,0.359988,0.119976,1.63675
41.703038549,0.641543,0.195657,2.08447,0.317888,0,0.538381,0.0324951,3.37797,0.0813076,0.619977,0.0170504,1.47167
41.749478458,0.70839,0.336929,2.02532,0.340825,0,0.384835,0.116519,3.1064,0.326683,0.504134,0.0148081,1.37399
41.795918367,0.894974,0.333699,1.68082,0.30954,0,0.324849,0.327641,2.53869,0.858483,0.287038,0.164725,1.34066
41.842358277,0.697068,0.147203,1.43836,0.141756,0,0.301154,0.415723,2.47362,0.568661,0.00432991,0.301411,1.56174
41.888798186,0.407696,0.053606,1.55811,0.251678,0.0100846,0.350346,0.250835,2.85148,0.117251,0.00620884,0.259073,1.75042
41.935238095,0.386975,0.0400729,1.54331,0.121049,0.227523,0.449061,0.153376,3.19069,0.0637231,0.0550143,0.0938356,1.73495
41.981678005,0.504539,0.0835767,1.1982,0.0596654,0.129323,0.61285,0.14791,3.28959,0.077003,0.325951,0.000538278,1.42681
42.028117914,0.451419,0.182976,1.16851,0.0558831,0.0517339,0.466791,0.26246,3.23152,0.087213,0.394122,4.89989e-05,1.57075
42.074557823,0.281215,0.368816,1.34065,0.140028,0,0.391622,0.409434,3.27172,0.0890127,0.328471,0.0209214,1.27624
42.120997732,0.332508,0.427564,1.48223,0.0948942,0.0162536,0.416461,0.415272,3.25568,0.0897578,0.339268,0.11373,1.16968
42.167437642,0.495135,0.334447,0.970384,0.0433909,0.00971001,0.630383,0.302858,3.13356,0.107494,0.510678,0.335339,0.892287
42.213877551,0.77207,0.287838,0.427605,0.266451,0.0108054,1.01269,0.258408,2.60392,0.119563,0.616311,0.392855,1.1446
42.260317460,0.833816,0.287601,0.418047,0.213278,0.194226,1.24777,0.275498,1.65387,0.104917,0.711689,0.291192,1.22355
42.306757370,0.617111,0.309996,0.570089,0.165909,0.15664,1.3723,0.108057,1.46864,0.057362,0.658769,0.303915,1.12084
42.353197279,0.297521,0.237771,0.862167,0.0184344,0.956853,1.14317,0.0225022,1.77604,0.218802,0.576904,0.330985,1.09985
42.399637188,0.241699,0.755132,0.657398,0.109012,1.18603,1.30452,0.0664833,2.02498,0.12392,0.301374,0.0218082,1.13506
42.446077098,0.141949,1.0099,0.671589,0.0386422,0.601672,1.68996,0.598852,1.79764,0.178691,0.234705,0.0379861,1.07035
42.492517007,0.066156,1.13982,0.788549,0.180206,0.00893476,1.65485,0.84252,1.08064,0.435252,0.944009,0.0579056,1.10226
42.538956916,0.01107,0.757931,0.880668,0.261815,0.0815151,1.12049,0.871005,0.992206,0.753822,0.768242,0.0241841,1.1414
42.585396825,0,0.681901,0.69548,0.300241,0.0981827,0.671553,1.05422,1.32555,0.340932,0.674298,0,1.11597
42.631836735,0.0350368,0.541168,0.555803,0.707467,0.0617159,0.171603,1.08884,1.41058,0.0547616,0.680524,0,1.06304
42.678276644,0.0120478,0.496585,1.01739,0.948192,0.191995,0.031931,0.98629,1.40547,0.0591421,0.452194,0.00108792,0.814078
42.724716553,0.460312,0.379588,1.34524,0.978365,0.211621,0.0644761,0.906036,1.39603,0.0780821,0.265194,0.0773601,0.575472
42.771156463,0.753208,0.250663,0.924942,0.99471,0.00430209,0.0575303,0.385183,1.89246,0.079472,0.131946,0.342703,1.5158
42.817596372,0.729102,0.269437,0.974393,0.847764,0.0250724,0.0375993,0.0305937,2.28189,0.17053,0.0104504,0.245998,1.84969
42.864036281,0.721711,0.080203,1.29688,0.46719,0.0409185,0.116007,0.176218,2.34396,0.19958,0.0152721,0.107194,1.67335
42.910476190,0.953454,0.250836,1.26665,0.265161,0.0358367,0.00242429,0.442633,1.94833,0.0154091,0.206748,0.118918,1.42324
42.956916100,1.04561,0.270359,1.52876,0.181337,0.027483,0.00268966,0.568041,1.98455,0.0261262,0.157829,0.306137,1.24829
43.003356009,1.20317,0.0440119,1.56876,0.143265,0.0236133,0.0070044,0.891725,2.04371,0.0319859,0.11735,0.378596,1.29122
43.049795918,0.478988,0.334769,1.23364,0.421739,0.0378936,0.203785,1.30912,2.40226,0.0583898,0.0186959,0.00621312,0.669609
43.096235828,0.374006,0.593912,0.797808,0.664274,0.162433,0.948819,1.06343,2.00166,0.0263123,0.123362,0.0483789,0.584786
43.142675737,0.372984,0.405257,0.396077,0.584349,0.110982,1.15236,1.04132,1.92653,0,0.373613,0.0932115,0.487048
43.189115646,0.428492,0.429008,0.393077,0.378408,0.127896,1.02744,0.923602,1.9654,0,0.492501,0.126862,0.628568
43.235555556,0.807279,0.432483,0.429225,0.139389,0.195864,0.921293,0.564308,1.76981,0.0374769,0.473059,0.141909,0.728926
43.281995465,1.45145,0.486026,0.457186,0.0534772,0.266977,0.608573,0.546564,1.398,0.163653,0.284351,0.607866,0.133695
43.328435374,1.87148,0.56367,0.267569,0.124926,0.967878,0.0451913,0.408568,1.24656,0.093901,0.0640449,1.18278,0.0312512
43.374875283,1.58514,0.501146,0.133533,0.519023,0.608332,0.0331208,0.300507,2.00399,0.407928,0.429505,1.05743,0.0297623
43.421315193,0.270306,0.537048,0.448637,1.31256,0.141585,0.566951,0.0706952,2.33411,0.188129,0.416827,0.465781,0.57992
43.467755102,1.12823,0.951492,0.520697,1.51006,0.0213518,0.641337,0.26467,1.9225,0.038277,0.347813,0.485393,1.07858
43.514195011,1.54029,0.56681,0.687501,0.661662,0.080522,0.579824,0.740067,1.52584,0.04928,0.103656,0.900829,0.953232
43.560634921,1.62713,0.222993,0.833389,0.423745,0.106963,0.169141,1.05283,1.25361,0.490809,0.00161388,1.22454,0.435653
43.607074830,1.16851,0.82059,0.833803,0.0205621,0.0776252,0.163852,1.11022,1.04072,0.640019,0.0676288,0.92698,0.379812
43.653514739,1.04605,0.88736,0.602351,0.0204235,0.249497,0.253008,1.05186,0.939907,0.646844,0.296806,0.562157,0.560366
43.699954649,0.695101,0.977192,0.759724,0.0293427,0.639307,0.243358,0.450064,0.736332,0.76768,0.372676,0.524301,0.496191
43.746394558,0.674707,0.870891,1.65905,0.038967,0.687827,0.199869,0.155391,0.4821,0.806356,0.431208,0.716938,0.339458
43.792834467,0.82456,0.562061,2.16606,0.0674835,0.262195,0.529671,0.0793925,0.335363,1.05463,0.672215,0.181122,0.215667
43.839274376,0.717855,0.540288,1.98137,0.136389,0.422672,0.742146,0.0328202,0.346262,1.01245,0.764578,0.00947187,0.558316
43.885714286,0.204967,0.709023,1.59797,0.279621,0.513698,0.817046,0.0379614,0.578707,0.503271,0.875546,0.0112034,0.699902
43.932154195,0.270259,0.686957,1.65969,0.291886,1.0305,0.41931,0.085514,1.1657,0.31763,0.864948,0.00838964,0.752742
43.978594104,0.000454417,0.659867,1.38608,0.650065,0.871256,0.573946,0.561606,1.40194,0.128557,0.766422,0.00370145,0.486972
44.025034014,0.000586895,0.377741,1.31747,1.14783,0.631062,0.810274,0.33154,1.88444,0,0.663869,0.00263592,0.775057
44.071473923,0.201853,0.413026,1.10837,1.20365,0.349061,0.93413,0.0888667,1.73784,0.00543763,0.678894,0.0313804,0.823092
44.117913832,0.231874,0.481812,1.1281,0.577838,0.26792,0.894943,0,1.64709,0.48837,0.642294,0.447463,0.728766
44.164353741,0.0592999,0.571391,1.70989,0.43495,0.280538,0.747734,0,1.13923,1.13743,0.659811,0.46534,0.434416
44.210793651,0.193774,0.550788,2.04939,0.589123,0.253174,0.509308,0.178118,0.638583,1.39642,0.525165,0.378995,0.357596
44.257233560,0.933043,0.127031,1.76332,0.736162,0.2764,0.169627,1.03422,0.304488,1.17346,0.194311,0.392331,0.792084
44.303673469,1.12384,0.094962,1.41174,0.491893,0.176175,0.0178932,1.07286,0.0660976,0.230611,0,0.341871,1.8296
44.350113379,0.604622,0.114191,0.939567,0.468837,0.0653313,0.0794237,0.812037,0.0693345,0.228931,0.0393072,0.352406,2.44336
44.396553288,0.256581,0.29592,0.738771,0.248685,0.0200656,0.113448,0.576423,0.649188,0.425986,0.0380625,0.220074,2.28472
44.442993197,0.922767,0.475567,0.696775,0.0635167,0.0216537,0.130525,0.182311,0.944627,0.519692,0.055961,0.239182,1.79379
44.489433107,1.46552,0.41368,0.507433,0.0271694,0.00161862,0.0196147,0.038167,0.683152,0.148954,0.194708,0.601909,1.90705
44.535873016,1.68806,0.0967626,0.44787,0.14788,0.297692,0.0289995,0.102302,0.652834,0.0358637,0.219988,1.04709,1.81358
44.582312925,1.69755,0.0921063,0.377398,0.383082,0.506786,0.0288914,0.131778,0.728534,0.016818,0.250371,1.13054,1.49316
44.628752834,1.50132,0.202501,0.503722,0.0868706,0.647716,0.0137659,0.138702,0.784048,0.00971139,0.25426,0.977337,1.59381
44.675192744,0.762353,0.600421,0.621472,0.0227289,0.72596,0.308754,0.0447113,0.694937,0.224538,0.311161,1.04025,1.56232
44.721632653,0.387736,0.574803,0.551504,0.0190792,0.632787,0.488104,0.504811,1.07852,0.154666,0.451021,1.536,0.751181
44.768072562,0.349499,0.541639,0.39329,0.016606,0.639579,0.489377,0.881331,0.71639,0.153439,0.502413,1.58037,0.125326
44.814512472,0.294249,0.652691,0.308874,0.0313058,0.608317,0.281762,0.582932,1.11687,0.104737,0.26608,1.71669,0
44.860952381,0.297174,0.853714,0.13671,0.107377,0.686975,0.110505,0.46891,0.928409,0.202389,0.302714,1.67093,0
44.907392290,0.533021,0.916764,0.236801,0.359442,0.0572704,0.0784437,0.646966,0.608204,0.0070751,0.371454,1.67541,0.11562
44.953832200,0.164689,0.916743,0.602184,0.460939,0.0341742,0.796394,1.09575,0.0857722,0.171519,0.762247,1.30685,0.174611
45.000272109,0.122153,0.918457,0.78788,0.653982,0.0839614,1.07256,1.11226,0.0848984,0.133318,0.753146,1.04595,0.562297
45.046712018,0.0918575,0.921418,0.542899,0.574003,0.28095,1.02591,1.17636,0.444617,0.0638774,0.797704,0.917633,0.63248
45.093151927,0.0136101,0.546203,1.08568,0.406415,0.450936,0.994421,0.950581,1.0193,0.161667,0.39278,1.13107,0.37621
45.139591837,0.064116,0.506124,1.23578,0.168425,0.361497,0.842307,0.270958,1.24647,0.132701,0.248583,1.23547,0.26591
45.186031746,0.0560742,0.54246,1.29147,0.412577,0.186126,1.06634,0.250686,1.0394,0.122096,0.270685,1.50382,0.227471
45.232471655,0.416135,0.347391,1.22269,0.703164,0.285627,0.719244,0.158887,1.44429,0.142448,0.401407,1.44931,0.397241
45.278911565,0.656776,0.417619,0.624192,0.999321,0.345431,0.473439,4.66843e-05,2.35622,0.123809,0.341191,1.34075,0.708591
45.325351474,0.490151,0.414661,0.193683,0.918008,0.0335265,0.643634,0.132178,2.67183,0.0319269,0.374734,1.46298,0.69793
45.371791383,0.00704745,0.243965,0.812449,0.913736,0.00381062,0.710542,0.336432,2.36767,0.231701,0.620834,1.67376,0.324338
45.418231293,0,0.0833754,1.63815,0.507191,0.104465,0.253868,0.446289,1.91653,0.379184,0.591104,2.03604,0.372583
45.464671202,0,0.167132,1.63576,0.465814,0.107413,0.163234,0.76448,2.12684,0.334262,0.371211,2.19521,0.564525
45.511111111,0.000271292,0.826487,1.25816,0.627256,0.00560228,0.0360035,0.68412,2.04288,0.346909,0.127074,2.12587,0.982604
45.557551020,0.000388806,0.888467,1.09206,0.668564,0.00216892,0.251261,0.768073,1.98937,0.11163,0.502338,1.71501,0.670452
45.603990930,0.000651572,0.682464,1.37771,0.928311,0,0.286005,0.667314,1.82611,0.0135888,0.818752,1.7951,0.0778921
45.650430839,0.00408544,0.311771,1.63847,1.16447,0,0.0663764,0.753103,1.80694,0.0277959,0.99778,1.64909,0.0913873
45.696870748,0.214495,0.236671,1.55141,0.671177,0.289123,0.0677658,0.689759,1.90159,0.00242201,0.860398,1.48946,0.164535
45.743310658,0.577735,0.152412,1.09318,0.669551,0.62532,0.121571,0.50475,1.86201,0.00304507,0.793506,0.916361,0.354328
45.789750567,0.470802,0.0793495,1.21633,0.769305,0.486667,0.424755,0.258884,1.72491,0.16326,0.556596,0.643404,0.572268
45.836190476,0.53287,0.0422989,1.45933,0.586083,0,0.251283,0,2.02107,0.19837,0.403983,0.938035,0.495419
45.882630385,0.603939,0.113702,1.58464,0.370933,0.180832,0.220244,0,2.16212,0.236622,0.215756,0.965817,0.401002
45.929070295,0.444578,0.2953,1.2838,0.356719,0.231022,0.0287301,0.173725,2.31798,0.356507,0.129765,0.86211,0.515806
45.975510204,0.140404,0.330675,0.920845,0.550368,0.0498917,0.0267425,0.436002,2.23609,0.456088,0,0.543054,1.238
46.021950113,0.139405,0.180747,0.872432,0.536143,0.123386,0.10312,0.458592,1.83977,0.465373,0.00362591,0.573225,1.8246
46.068390023,0.0241836,0.0704352,0.837042,0.845899,0.455422,0.145826,0.586567,1.74484,0.503149,0.156778,0.347482,1.40666
46.114829932,0.0312867,0.197434,1.09796,0.643141,0.439684,0.146381,0.568492,2.46838,0.332372,0.0591144,0.315583,1.32876
46.161269841,0.0475132,0.0605733,1.18515,0.729176,0.230758,0.0581421,0.594035,2.96353,0.056241,0,0.437475,1.93417
46.207709751,0.136044,0.0382077,0.998934,0.804812,0.0985608,0.108526,0.416123,2.86976,0.0435766,0.00203987,0.481528,2.46916
46.254149660,0.130569,0.0256388,0.843431,0.851879,0.0949711,0.140336,0.241177,2.40629,0.031438,0.42924,0.255981,2.27301
46.300589569,0.128863,0.0151619,0.802335,1.05494,0.343562,0.156099,0.0964676,2.11885,0.0496383,0.779216,0.0985002,1.63323
46.347029478,0.0186541,0.0215189,0.656817,1.34113,0.739517,0.406241,0.0855464,1.7838,0.0312021,0.940132,0.158892,1.38277
46.393469388,0.0347777,0,0.637441,1.14614,0.702289,0.69225,0.151385,1.88414,0.311511,0.809329,0.219245,1.64332
46.439909297,0.0388003,0.0327051,0.552363,0.945936,0.775575,0.668066,0.147368,1.72184,0.464083,0.482327,0.463338,2.06388
46.486349206,0.0204087,0.00982625,0.593376,0.825241,0.547083,0.579067,0.12107,1.16472,0.491468,0.34461,0.794253,2.13389
46.532789116,0.0633855,0,0.584225,0.539926,0.130446,0.326711,0.22475,0.587918,0.525771,0.111674,0.86733,2.40623
46.579229025,0.0744352,0.253106,0.422876,0.530842,0.0682406,0.0283069,0.504503,0.415785,0.286128,0.189165,0.958217,2.5741
46.625668934,0.0912424,0.198826,0.259315,0.592434,0.258534,0.0319327,0.429839,0.316395,0.470658,0.184805,0.884059,2.63758
46.672108844,0.12434,0.0844525,0.29267,0.678735,0.529944,0.0461339,0.434537,0.302094,1.11473,0.0964732,0.741006,2.59519
46.718548753,0.27969,0.216835,0.433403,0.804849,0.633245,0.042978,0.243064,0.133235,1.81662,0.109057,0.969833,1.85208
46.764988662,0.250678,0.16094,0.69022,0.986179,0.550834,0.0382359,0.13521,0.0267122,2.43437,0.010348,0.816333,1.67096
46.811428571,0.261331,0.137186,0.690775,1.66177,0.110411,0.0379765,0.0316768,0,2.34776,0.00113603,0.60397,2.1721
46.857868481,0.437538,0,0.684512,1.63529,0.500179,0.126867,0.0285155,0,1.96658,0.000925992,0.519625,1.82218
46.904308390,0.576135,0,0.470152,1.06546,0.838861,0.0369709,0.270622,0.594731,1.53849,0.000291066,1.04517,1.29566
46.950748299,0.646336,0,0.467312,1.02957,0.74723,0.0302066,0.463044,0.941753,1.89901,0.148545,1.34952,0.771654
46.997188209,0.471764,0,0.770234,1.23757,0.332977,0.0335628,0.854252,0.882616,2.0639,0.392335,1.37027,0.346216
47.043628118,0.158469,0.0610301,0.93629,1.47696,0.43347,0.620818,0.521503,0.707365,1.98838,0.454506,0.687163,0.891645
47.090068027,0.717687,0.252102,1.18309,0.872095,0.407921,0.873369,0.228585,0.875585,1.84223,0.439281,0.267693,1.26701
47.136507937,1.15452,0.090083,1.23714,0.861885,0.231498,0.767283,0.472881,0.711693,1.97617,0.23409,0.144591,1.25957
47.182947846,1.30876,0.0377817,0.68518,1.04824,0.156235,0.363842,0.438396,0.815681,2.28184,0.248514,0.148206,0.899016
47.229387755,1.65855,0.0399391,0.174022,1.28461,0.187044,0.201901,0.357355,0.468664,2.26377,0.579407,0.249374,0.347249
47.275827664,1.79354,0.0834164,0.0275725,1.34819,0.121972,0.0671166,0.48948,0.360322,1.65398,0.616269,0.53423,0.0635879
47.322267574,1.93324,0.014888,0.00190906,0.986779,0.370937,0.0949118,0.610627,0.52286,1.14563,0.435911,0.885154,0.0195387
47.368707483,1.90206,0.00686672,0.068655,0.838445,0.357287,0.359309,0.751611,0.286189,1.21555,0.299085,1.20705,0.0627008
47.415147392,1.97701,0,0,1.03755,0.050882,0.636897,1.26311,0.24986,1.09625,0.391126,1.00029,0.126723
47.461587302,1.89704,0.0672011,0,1.14071,0.0136599,0.739082,1.32015,0.23315,0.617801,0.425438,0.556956,0.182623
47.508027211,2.0805,0.283938,0,1.24957,0,0.0992295,0.971166,0.15591,0.12707,0.961875,0.467268,0.208261
47.554467120,2.18348,0.136567,0.189953,0.938098,0.109493,0.0335835,0.874607,0.130538,0.208583,1.29938,0.283037,0.220733
47.600907029,2.12199,0.0750942,0.134012,0.755461,0.154402,0.03656,0.825121,0.178499,0.481885,1.05895,0.469413,0.363835
47.647346939,1.786,0.0985087,0.622131,0.685266,0.0425924,0.0723256,0.618412,0.0213332,0.47237,0.901975,0.740405,0.381586
47.693786848,1.9811,0.11518,0.758663,0.665182,0.509621,0.23473,0.325763,0.0107999,0.516204,0.92551,0.570595,0.246408
47.740226757,2.37883,0.161008,0.66465,0.770035,1.06802,0.387215,0.268338,0.184781,0.525965,1.19939,0.0487389,0.190477
47.786666667,2.23561,0.0925243,0.463622,0.781371,0.951532,0.573763,0.301927,0.379103,0.421894,1.22154,0.0259575,0.595814
47.833106576,1.76337,0.0968924,0.485379,0.894328,0.634524,0.547603,0.758728,0.258357,0.171651,1.38469,0.273264,0.563032
47.879546485,0.883347,0.143867,0.364224,0.981238,0.354446,0.450681,1.18688,0.394404,0.184025,1.7283,0.63918,0.382452
47.925986395,0.446316,0.177654,0.311733,1.17957,0.57102,0.372225,1.22214,0.54175,0.21218,1.78037,0.213319,0.51422
47.972426304,0.722059,0.199338,0.593874,1.12499,0.864335,0.399524,0.889164,0.5955,0.185417,1.6233,0,0.503265
48.018866213,0.641712,0.198964,0.703822,0.514015,0.895078,0.499648,0.754587,0.584482,0.171265,1.67358,0,0.840667
48.065306122,0.498509,0.39686,0.533426,0.313769,0.578747,0.259174,0.578485,1.00059,0.00492314,2.23327,0.121609,0.991673
48.111746032,0.331745,1.06876,0.496787,0.447805,0.46646,0.406187,0.601687,1.06141,0.0224273,2.30528,0.19312,0.818708
48.158185941,0.322472,1.13424,0.522035,0.62263,0.679515,0.494056,0.626762,0.907924,0.0395829,2.14365,0.267935,0.537338
48.204625850,0.270818,1.23891,0.131731,0.645175,0.499325,0.290477,0.692351,0.747815,0.0754872,2.12398,0.306678,0.307074
48.251065760,0.347377,1.53477,0.171235,0.375556,0.563356,0.334208,0.637323,0.0946078,0.095568,1.73507,0.237813,0.335986
48.297505669,0.207324,1.77839,0.30543,0.369866,0.687748,0.598603,0.871167,0.236767,0.0885488,1.74925,0.138669,0.455194
48.343945578,0.0918165,1.7619,0.139225,0.427417,0.719784,0.532904,0.937516,0.317457,0.0880185,1.47513,0.304732,0.878936
48.390385488,0.0209395,1.54085,0.00153924,0.461054,0.81185,0.460654,0.499309,0.400393,0.086864,1.36011,0.928037,0.274416
48.436825397,0.0534603,1.26036,0,0.483346,0.810693,0.192269,0.463393,0.35985,0.105589,1.23677,1.06966,0.0944618
48.483265306,0.225596,1.45487,0.135465,0.194972,0.870831,0.0860515,0.657018,0.519209,0.176514,1.01301,0.937238,0.0241749
48.529705215,0.222861,1.67093,0.4193,0.0035493,1.15567,0.269417,0.83412,0.796084,0.129579,0.676504,0.56604,0.111788
48.576145125,0.248693,1.65387,0.463806,0.289946,1.10852,0.293122,0.806124,1.1378,0.110364,0.531611,0.83225,0.144448
48.622585034,0.229251,1.65008,0.45017,0.475599,0.599316,0.128662,0.890495,1.75341,0.0896718,0.50616,1.03983,0.0162754
48.669024943,0.0458316,2.06923,0.526745,0.515779,0.0826565,0.146819,0.800857,1.52657,0.0839476,0.397993,1.09348,0.119307
48.715464853,0.0304278,2.27247,0.539955,0.573409,0.056112,0.472504,0.631009,0.381626,0.230573,0.3748,1.11338,0.419386
48.761904762,0.0209315,1.7733,0.542551,0.215142,0.1658,0.519044,0.985948,0.161196,0.635742,0.353379,1.5592,0.803174
48.808344671,0.110391,0.957425,0.318154,0.123125,0.439584,0.31038,1.29503,0.62838,0.663246,0.628834,1.90462,0.545201
48.854784580,0.15543,1.21046,0.355974,0.387341,0.574986,0.639651,0.837353,1.12638,0.01907,1.01,2.07374,0.0402945
48.901224490,0.0744981,1.72374,0.360386,0.344164,0.608931,1.65907,0.422493,0.93183,0.00744062,0.936912,1.92055,0.0431154
48.947664399,0.0448197,1.84409,0.264714,0.336646,0.169564,1.8986,0.226195,0.885053,0.016212,0.471483,2.11248,0.119907
48.994104308,0.337217,1.41734,0.234369,0.922803,0.241051,1.57198,0.167696,0.540088,0.0334808,0.590256,2.07031,0.348643
49.040544218,1.19334,0.871864,0.384164,1.08533,0.265068,0.968178,0.191864,0.087906,0.236338,0.650409,1.8114,0.451339
49.086984127,1.51441,0.587724,0.375106,0.83024,0.164263,0.66263,0.630775,0.12818,0.370185,0.0590192,1.87054,0.473668
49.133424036,1.0412,0.578705,0.343202,0.705141,0.163142,0.698029,0.702659,0.321756,0.446338,0,1.98167,0.425272
49.179863946,0.906172,0.609884,0.382722,0.657528,0.1433,0.71941,0.549601,0.369763,0.521497,0.110957,1.67838,0.263536
49.226303855,0.428258,0.464238,0.941953,0.766576,0.134981,0.55879,0.207254,0.281947,0.601413,0.169106,1.16313,1.09138
49.272743764,0.11254,0.165828,1.57964,0.921653,0.104333,0.0919215,0.354534,0,0.612171,0.00361991,1.23329,1.40068
49.319183673,0.130968,0.115143,1.50037,0.830389,0.147816,0.108997,0.580072,0,0.330781,0.100057,1.2244,0.826918
49.365623583,0.037717,0.0775461,1.37263,0.721342,0.210422,0.26761,0.724249,0,0.135748,0.337965,1.21519,0.414434
49.412063492,0,0.0751267,1.5534,0.489967,0.110041,0.213717,1.10816,0.0424754,0.290721,0.660452,1.18326,0.598867
49.458503401,0,0.287839,1.80107,0.53381,0.0876122,0.101034,0.937427,0.0633386,0.420958,0.646043,0.773708,1.07088
49.504943311,0,0.297115,2.21377,0.569688,0.306089,0.056742,0.817763,0.080122,0.374482,0.000643146,0.68575,1.19709
49.551383220,0.114267,0.505789,2.2019,0.463352,0.499675,0.0392429,0.465927,0.133371,0.130769,0.115889,0.63464,1.16903
49.597823129,0.13834,0.699381,1.84322,0.546732,0.437867,0.391484,0.387868,0.139355,0.0029454,0.400803,0.16583,0.826135
49.644263039,0.161416,0.747497,2.17898,0.343277,0.26237,0.708324,0.300623,0.183617,0.700569,0.278993,0.11739,0.843971
49.690702948,0.184181,0.663357,2.71011,0.38202,0.338217,0.570108,0.174827,0.157098,0.687955,0.233518,0.402732,0.966334
49.737142857,0.390101,0.207005,2.66813,0.624066,0.115592,0.252098,0.335861,0.114106,0.587877,0.171318,0.500691,1.36983
49.783582766,0.782982,0.098119,2.21367,0.712641,0.0324005,0.120711,0.741059,0.654815,0.344699,0.00567719,0.618807,1.5409
49.830022676,0.85021,0.0792445,2.14659,0.540962,0.0803257,0.154399,1.1505,0.958194,0.303972,0.00200086,0.428789,1.65519
49.876462585,0.795483,0.0147122,1.97584,0.358862,0.419112,0.112835,1.49107,1.06437,0.115014,0.0794974,0.314465,1.54358
49.922902494,0.514944,0.00113857,1.80241,0.655413,0.00852517,0.0414442,1.23827,1.08948,0.117223,0.000648345,0.477626,1.86279
49.969342404,0.328152,0.103054,1.89052,1.11582,0.0528617,0.153703,0.869582,0.621289,0.0732193,0.16363,0.692653,1.85541
50.015782313,0.12669,0.446609,2.27963,0.978702,0.0186008,0.323864,0.429711,0.825626,0.145424,0.787675,0.888537,1.7805
50.062222222,0.046423,0.405091,2.7674,0.591746,0,0.523637,0.860705,0.354984,0.387347,0.814722,0.950577,1.87728
50.108662132,0.205079,0.361391,2.3898,0.539296,0,0.871296,0.743786,0.617547,0.371618,0.467299,0.702442,1.86714
50.155102041,0.0895697,0.16045,1.65384,0.576203,0.335084,1.00352,0.71553,0.944143,0.283602,0.166012,0.757881,1.70547
50.201541950,0.033969,0.0745209,1.03483,0.823602,0.14109,0.929884,0.35139,1.0453,0.376874,0.00450427,0.838467,1.6407
50.247981859,0,0,0.932738,0.775221,0.00855624,0.847363,0.533729,1.03595,0.443517,0.0306824,0.631663,1.39578
50.294421769,0,0.0961949,1.50219,0.402996,0.00205056,0.577683,0.813218,0.824711,0.425162,0.0299372,0.715363,1.30911
50.340861678,0,0.201575,1.67454,0.278175,0.0226183,0.139424,1.57273,0.144063,0.297625,0.0165855,1.03001,1.24322
50.387301587,0.222483,0.244459,1.1847,0.811519,0.0251808,0.433395,1.62406,0.0717979,0.192148,0.0111938,0.475836,1.37296
50.433741497,0.396305,0.289598,0.740957,1.18678,0.211964,0.719369,1.70973,0.0924202,0.289699,0.0385133,0.114718,1.10602
50.480181406,0.21623,0.128657,0.571175,1.55987,0.141956,0.675372,1.80354,0.0964723,0.345072,0.0349314,0,1.36734
50.526621315,0.0729018,0.0729237,0.755352,1.791,0.0308408,0.382585,1.35334,0.0960309,0.233855,0.126637,0,1.87701
50.573061224,0.176187,0.0684417,0.751627,1.91063,0.17938,0.400152,0.642195,0.404271,0.271964,0.00602176,0.0155581,2.09638
50.619501134,0.264355,0.0921525,0.627748,2.02531,0.455987,0.544615,0.609156,0.811815,0.239289,0.0446133,0.556957,1.77762
50.665941043,0.516327,0.0155452,0.490027,2.31753,0.408943,0.385609,0.762734,1.13858,0.386667,0.133122,0.573015,1.22017
50.712380952,0.758967,0,0.408636,2.30824,0.182136,0.410546,0.781277,1.32144,0.18044,0.155028,0.715742,0.478666
50.758820862,0.829947,0,0.322626,2.2874,0.124103,0.877955,0.556253,1.32863,0.0667848,0.429676,0.410118,0.422303
50.805260771,0.787143,0,0.328311,2.26323,0.185182,1.06255,0.523852,1.10898,0.108779,0.515853,0.363443,0.63072
50.851700680,0.76826,0.240152,0.340261,2.16731,0.148451,0.91449,0.742581,1.00483,0.463844,0.198257,0.0688044,1.33179
50.898140590,1.20019,0.241222,0.112991,1.96675,0.387934,0.534201,0.564205,0.901246,0.517863,0.126867,0.143265,1.64803
50.944580499,1.68253,0,0.0868952,2.05228,0.509573,0.347845,0.331914,1.22612,0.428851,0.0345043,0.152574,1.12258
50.991020408,2.54121,0,0.0972824,2.30994,0.803445,0.0382369,0.231336,1.19416,0.759448,0.0273886,0.788144,7.21799e-05
51.037460317,2.81434,0,0.092485,2.12019,1.04669,0.0376568,0.192396,1.14461,0.974047,0.074836,1.10013,0
51.083900227,2.92832,0,0.0786296,1.62799,1.34583,0.034704,0.284132,0.951502,0.82036,0.0443668,0.994258,0.276579
51.130340136,2.71781,0,0.142684,1.29068,1.21736,0.0305472,0.200432,0.311137,0.421108,0.0460476,1.01264,0.704634
51.176780045,2.19804,0.000398985,0.258313,1.11325,1.03864,0,0.173772,0.363706,0.0403332,0.233418,0.986862,0.68726
51.223219955,1.99771,0.0018466,0.26888,1.75637,0.776337,0.416506,0.112494,0.832276,0.00653749,0.432792,0.470806,0.385466
51.269659864,1.92022,0.00255391,0.287915,1.79978,0.576006,0.501268,0.109683,0.771687,0.0477117,0.408719,0.448276,0.0597923
51.316099773,1.69094,0.049104,0.424698,0.94889,0.67521,0.633042,0.071344,0.75593,0.672521,0.24996,0.476925,0.525168
51.362539683,0.967904,0.206682,0.418995,0.391985,1.38223,0.929624,0.0677684,0.828678,0.679811,0.0441811,0.521313,0.946435
51.408979592,0.165241,0.390613,0.251069,0.318619,1.60736,1.18186,0.044496,0.795462,0.727038,0.0623688,0.708731,0.768857
51.455419501,0.117924,0.663047,0.149579,0.364447,1.35374,1.0761,0.0433299,0.567841,0.434136,0.0915005,0.774313,0.155047
51.501859410,0.417106,0.81656,0.0437156,0.503376,1.25654,0.896739,0.0560191,0.799715,0.105971,0.0793606,0.301827,0
51.548299320,0.24808,1.11549,0.156243,0.47572,1.51955,0.576123,0.060477,0.502177,0.288701,0,0.445332,0
51.594739229,0.210265,1.49943,0.327477,0.574063,1.80786,0.229359,0.496364,0.477059,0.463749,0,0.499548,0.288243
51.641179138,0.126451,1.62601,0.279689,0.507957,2.09803,0.0459156,0.933,0.709094,0.896663,0.0861024,0.521521,0.50562
51.687619048,0.147325,1.50279,0.190818,0.420841,1.87755,0.110102,1.10754,0.667183,1.40016,0.284455,0.457921,0.529511
51.734058957,0,1.41915,0.142587,0.545097,1.6242,0.474205,1.16941,0.733289,1.5529,0.246379,0.41749,0.242615
51.780498866,0,2.21757,0.236217,0.346971,1.97519,0.528204,0.953799,0.870041,1.25701,0.0411018,0.161234,0.120281
51.826938776,0,2.71114,0.247206,0.40734,2.23534,0.596116,0.559857,0.97125,0.683179,0.102238,0.137594,0.0946039
51.873378685,0.0325808,3.31501,0.205894,0.601487,2.1636,0.659405,0.00639623,1.25494,0.273134,0.0506271,0.262599,0.183391
51.919818594,0.0290597,3.21212,0.148826,0.695629,2.30239,0.532396,0.00164765,1.05557,0.487974,0.000190298,0.257008,0.301648
51.966258503,0.0545279,2.68063,0.00211683,0.697952,2.40232,0.286532,0,0.864706,0.973634,0.083285,0.247548,0.260225
52.012698413,0.334903,2.13618,0.000413378,0.664784,2.43196,0.344846,0.223088,0.316503,1.10908,0.118655,0.121362,0.268426
52.059138322,0.000450603,1.52493,0,0.654323,2.23759,0.546627,0.760019,0.400837,0.80106,0.175864,0.116924,0.531407
52.105578231,0.000682268,1.24843,0,0.70232,1.5653,0.590294,1.09323,0.32635,0.259724,0.218316,0.426825,0.769064
52.152018141,0.000765412,1.1934,0.00966008,0.693048,1.78639,0.412628,1.18362,0.244128,0.0461679,0.244623,0.545418,0.746438
52.198458050,0.000798564,1.17361,0.252521,0.713366,1.87806,0.46556,1.09883,0.0857315,0.0734615,0.186602,0.113897,0.737352
52.244897959,0.000680452,1.35085,0.499452,0.48418,1.42304,0.585152,0.594696,0.0264134,0.55442,0.470939,0.0620173,0.875041
52.291337868,0.000319132,1.16119,0.80365,0.557642,0.989602,0.900868,0.293668,0.503406,0.954467,0.657443,0.0735278,1.11244
52.337777778,0,0.779392,1.19288,0.733397,0.533446,1.31015,0.317612,0.597111,1.23511,0.516611,0.162627,0.895595
52.384217687,0,0.962358,1.41038,0.615277,0.494693,1.29173,0.203365,0.260354,1.40116,0.455397,0.130782,0.237175
52.430657596,0.0151349,1.22568,1.16078,0.546482,0.473196,0.907146,0.225729,0.356271,0.844994,0.63356,0.0678752,0.0878056
52.477097506,0.0550812,0.836096,1.31805,0.312659,0.350266,0.900114,0.319631,0.803787,0.633284,0.707232,0.0286386,0.428324
52.523537415,0.0901111,0.316542,1.71604,0.0184039,0.301421,1.13789,0.453024,1.08759,0.448279,0.886245,0.066463,0.543212
52.569977324,0.132782,0.0677748,1.73755,0.097298,0.362888,1.28566,0.469411,1.3687,0.110509,1.14974,0.1434,0.49236
52.616417234,0.274206,0.0202677,1.46992,0.53911,0.281299,1.39457,0.33913,1.44162,0.104452,1.3153,0.144562,0.317544
52.662857143,0.484305,0.0328203,1.0501,0.649067,0.204723,1.32594,0.100228,1.07958,0.502642,1.25833,0.139431,0.168521
52.709297052,0.588203,0.0333544,1.02493,0.435637,0.080406,1.18886,0.616842,0.87633,0.915873,1.20684,0.156652,0.357659
52.755736961,0.507405,0.0288246,1.42198,0.066172,0.0750875,1.18661,0.916864,0.355802,0.868094,0.792159,0.267446,0.704118
52.802176871,0.312032,0.143205,1.58004,0.26132,0.036418,1.45251,0.593212,0.0291522,0.797701,0.478915,0.343117,0.883322
52.848616780,0.268243,0.313614,1.46411,0.423256,0.0245709,1.81024,0.444083,0.0202336,0.519189,0.489799,0.393269,0.841675
52.895056689,0.331143,0.519712,1.71981,0.563653,0.0366198,1.87344,0.208548,0.0118128,0.0438978,0.724399,0.583933,0.689448
52.941496599,0.563536,0.368272,1.6544,0.555324,0.0144881,1.79801,0.157259,0.27421,0.021334,0.595101,0.958123,0.608529
52.987936508,0.549493,0.0483919,1.37806,0.760924,0,1.66776,0.537749,0.755925,0.0289478,0.396623,1.22227,0.764442
53.034376417,0.449477,0,1.48917,0.949058,0,1.43092,0.908863,0.793485,0.05623,0.0186727,1.26004,0.841532
53.080816327,0.283564,0,1.86262,1.37844,0.0109592,1.78992,1.05253,0.741438,0.0248715,0.0629787,1.0962,0.906899
53.127256236,0.522121,0.00228226,1.78269,1.41023,0.0353217,1.9582,0.57243,0.545494,0.16435,0.103477,1.10256,0.410511
53.173696145,0.911532,0.0439971,1.17199,1.23057,0.0585429,1.57769,0.234545,1.01535,0.517551,0.137176,1.51056,0.0164434
53.220136054,0.972992,0.143914,0.667574,2.09191,0.0673103,0.855439,0.257038,1.35123,0.554568,0.204277,1.36147,0.0623591
53.266575964,0.910117,0.248555,0.23694,2.19244,0.115865,0.547974,0.23904,1.58994,0.552106,0.197775,1.2023,0.170877
53.313015873,0.461344,0.317698,0.362124,2.18133,0.167832,0.908598,0.204271,1.2898,0.454866,0.301345,0.790613,0.420488
53.359455782,0.0307801,0.297083,0.369241,1.95774,0.2548,1.22978,0.205316,0.938552,0.25014,0.594917,0.608621,0.999566
53.405895692,0.0523756,0.189961,0.590962,1.38841,0.234099,1.08957,0.593743,0.696477,0.0888197,0.812483,0.578586,1.37812
53.452335601,0.190441,0.078317,0.793819,1.08133,0.0737766,0.310336,0.987582,0.747489,0.155993,0.524067,0.649302,1.24376
53.498775510,0.162031,0.0040381,0.746671,1.25253,0.126277,0.561406,0.798145,1.03025,0.245977,0.00675455,0.701406,1.18233
53.545215420,0.167085,0.0409616,0.638742,1.35731,0.276802,0.839595,0.362626,1.03966,0.128272,0.0278069,0.774738,0.846405
53.591655329,0.238716,0.0951328,0.257021,1.39104,0.389392,0.972343,0.255831,0.903247,0.0281192,0.0820502,1.13473,0.43608
53.638095238,0.996501,0.147974,0.212377,1.62133,0.392698,0.805351,0.168723,0.547255,0.193029,0.184809,0.571874,0.315569
53.684535147,1.47009,0.383262,0.116304,1.32137,0.351585,0.354907,0.701393,0.543012,0.497969,0.0420125,0.249434,0.176158
53.730975057,1.3671,0.340774,0.0658913,1.30974,0.390575,0.441536,1.40065,0.428401,0.526752,0.0599543,0.275209,0.165876
53.777414966,0.959103,0.29691,0,1.41994,0.641866,0.186648,1.35,0.590722,0.572254,0.070839,0.323796,0.235289
53.823854875,0.248658,0.106289,0.0496116,1.44635,0.819421,0.0854547,1.4571,1.19772,0.712255,0.00197606,0.342709,0.362193
53.870294785,0.616832,0.123878,0.022632,1.27425,0.823836,0.0943378,1.70135,0.718109,0.451798,0.013416,0.609498,0.694763
53.916734694,0.77473,0.0903378,0.0459479,1.35478,0.715409,0.0360934,2.06484,0.707494,0.166244,0.198275,0.78619,0.891266
53.963174603,0.745979,0.0203987,0.0272996,1.4354,1.01194,0.0323819,2.32173,0.626418,0.052137,0.207423,0.770362,0.988522
54.009614512,0.443009,0,0.0152216,1.46425,1.40237,0.0895725,2.17927,0.640896,0.0969541,0.171512,0.694236,1.00354
54.056054422,0.405149,0.0136127,0.0117113,1.55432,1.50784,0.171359,2.07213,0.79143,0.356028,0.20289,0.516219,0.971505
54.102494331,0.256239,0.0289788,0.0796398,1.38782,1.2431,0.351425,2.10455,0.549002,0.724847,0.138691,0.414583,1.21489
54.148934240,0.702491,0.140308,0.172153,1.06167,1.25932,0.182375,1.91895,0.0742989,1.11482,0.059437,0.491167,1.24351
54.195374150,0.583493,0.10294,0.170279,0.610738,1.56531,0.685659,1.75214,0.0594071,1.38984,0.0219561,0.430646,1.15012
54.241814059,1.10469,0.00313133,0.0285895,0.572176,1.97145,0.89982,1.5863,0.0671341,1.15419,0.0722223,0.608273,1.03935
54.288253968,1.04536,0.00239657,0.0639529,0.90014,2.27621,0.661918,1.90845,0.118417,0.77089,0.000893757,0.746103,0.877208
54.334693878,0.575431,0.00172633,0.154997,0.851724,2.15074,0.439018,1.66561,0.206274,0.68861,0.104217,0.968872,1.17987
54.381133787,0.0916357,0.145274,0.420327,1.06597,2.06701,0.234643,1.07605,0.194342,0.518001,0.398004,0.744866,1.08539
54.427573696,0.0144007,0.129681,0.368004,1.00266,1.83065,0.691795,0.646433,0.632427,0.511838,0.536724,0.445912,0.5963
54.474013605,0.0448586,0.0379894,0.227731,0.28018,1.22651,0.82611,0.361181,0.859234,0.478115,0.49363,0.698241,0.632278
54.520453515,0.062555,0.0291858,0.351324,0.00996301,1.13582,0.964944,0.408328,0.497496,0.502787,0.222124,0.495703,0.882678
54.566893424,0.019755,0.425491,0.602189,0.00320917,1.69242,1.09606,0.302884,0.368719,0.492144,0.265832,0.33208,1.00463
54.613333333,0.304263,0.913919,0.40298,0.00225277,2.30432,0.831092,0.35959,0.696277,0.3963,0.144257,0.130022,0.911925
54.659773243,0.454641,0.990801,0.0974659,0.0416718,2.42919,0.448987,0.415344,1.29929,0.153271,0.082581,0.0117367,0.685676
54.706213152,0.408267,0.875074,0.0491378,0.242162,2.09883,0.765709,0.236261,1.27978,0.0710161,0.125586,0.0454495,0.368987
54.752653061,0.2935,0.792128,0.0537777,0.235589,1.68678,0.866476,0.384863,1.02429,0.0991557,0.132846,0.0881539,0.336619
54.799092971,0.959862,0.387611,0.079491,0.291971,1.40647,0.677792,0.473434,0.612135,0.228462,0.142009,0.264334,0.650415
54.845532880,1.19976,0,0.0801044,0.256175,1.54766,0.295935,0.86683,0.697675,0.352059,0.148535,0.361553,0.354705
54.891972789,1.15832,0,0.162031,0.246032,1.51901,0.490209,1.07762,0.880805,0.23996,0.244349,0.353231,0.019773
54.938412698,1.43234,0,0.473097,0.255935,1.48992,0.823324,1.19398,0.94109,0.122405,0.252574,0.131169,0
54.984852608,1.19276,0,0.639902,0.131213,1.22791,0.753714,1.00643,1.27564,0.0803678,0.167864,0.274856,0.589488
55.031292517,1.30568,0,0.296763,0.128836,1.3635,0.790197,0.845827,1.68958,0.0387588,0.100886,0.244457,0.884308
55.077732426,1.6255,0.149367,0.0789353,0.219088,1.55228,0.958872,0.781813,1.6786,0.0408967,0.207529,0.0961304,0.442871
55.124172336,1.6372,0.175107,0.0854736,0.339518,1.41649,1.10326,1.01274,1.54523,0.0770874,0.347806,0.168624,0.270141
55.170612245,1.72204,0.184382,0.0704627,0.665882,1.20177,1.39541,1.32093,1.50477,0.0430645,0.441971,0.0476223,0.248499
55.217052154,1.39696,0.187143,0.0552262,0.540072,0.850354,2.2146,0.917057,1.91707,0.179995,0.483453,0.00118445,0.306668
55.263492063,1.05312,0.248258,0.0968088,0.282282,0.363759,2.20087,0.655665,2.16738,0.13864,0.358324,0.00135253,1.24565
55.309931973,1.38385,0.420985,0.149989,0.0593384,0.416704,1.96208,0.627769,1.56076,0.0332426,0.376468,0.00117961,1.21096
55.356371882,1.69196,0.450103,0.387978,0.0424458,0.579463,1.7134,0.750374,0.887701,0.0780602,0.656787,0.164979,0.836043
55.402811791,1.68681,0.485271,0.819353,0.0323262,0.459854,1.78383,0.866444,0.742535,0.209663,0.418176,0.399504,0.602985
55.449251701,1.29149,0.304981,1.06518,0.107775,0.683077,1.86318,0.366217,1.0553,0.243138,0.392719,0.561761,0.212255
55.495691610,1.19803,0.308711,0.886337,0.14354,0.879834,2.06146,0.128761,1.05675,0.262891,0.444905,0.332554,0.510305
55.542131519,1.2593,0.284842,0.451567,0.15957,0.948041,1.98781,0.0836616,1.17428,0.148635,0.459861,0.0819417,0.585943
55.588571429,1.49077,0.483414,0.0461703,0.314048,0.804556,2.0979,0.0271579,0.794492,0.291782,0.4571,0.0194579,0.393173
55.635011338,1.42415,0.282455,0.00280798,0.478604,0.344794,2.31636,0.036009,0.290525,0.610312,0.418541,0.0827476,0.279287
55.681451247,1.26762,0.00404981,0.279564,0.656259,0,2.26089,0.0692974,0.144256,0.740136,0.358912,0.227144,0.625524
55.727891156,1.30111,0.00321981,0.536775,0.538292,0.0550243,1.71276,0.0607124,0.153553,0.869443,0.342004,0.402911,0.648808
55.774331066,1.3246,0.0104993,0.316586,0.470761,0.162571,1.1968,0.223868,0.146923,0.78724,0.378461,0.292156,0.370956
55.820770975,1.28648,0.0761489,0.258248,0.388146,0.0825794,1.37534,0.226837,0.0978681,1.02987,0.312878,0.186307,0.397508
55.867210884,1.15412,0.263166,0.356646,0.446014,0.0374834,1.64792,0.228339,0.121665,1.1001,0.226273,1.47936e-05,0.503214
55.913650794,0.756474,0.204871,0.821869,0.280533,0.0314648,1.91009,0.202899,0.117534,1.16518,0.2098,0.000273841,0.499861
55.960090703,0.0217152,0.352215,0.898647,0.337171,0.0275038,2.08845,0.416638,0.0638998,1.27356,0.309452,0.000482095,0.292273
56.006530612,0.000528296,0.725315,0.519482,0.230669,0.0201076,1.68509,0.560262,0.0655264,1.50286,0.288563,0.166661,0.00548186
56.052970522,0.000353749,0.800456,0.526031,0.257245,0.0538828,1.2748,0.485181,0.0319894,1.80499,0.45981,0.170664,0.000771381
56.099410431,0.192317,0.63059,0.357715,0.316266,0,1.14251,0.803625,0.00753355,1.96323,0.371212,0.162028,0.122578
56.145850340,0.422818,0.526829,0.205989,0.446762,0.0932537,0.998814,1.10452,0.0240017,1.69753,0.325254,0.110078,0.255002
56.192290249,0.760498,0.659034,0.171562,0.364937,0.0649379,0.652449,1.34279,0.00770421,1.91556,0.69892,0.110677,0.144452
56.238730159,0.769945,1.00862,0.117918,0.151749,0.150445,0.194893,1.70309,0.247357,2.08587,0.946634,0.447367,0.000224
56.285170068,1.04207,1.148,0.0684524,0.134927,0.221306,0.249281,2.11911,0.214483,1.77105,1.01393,0.603178,0.000213352
56.331609977,0.94262,1.02352,0.00307786,0.0961315,0.292163,0.408047,2.41427,0.114741,1.18666,0.869645,0.559945,0.0119282
56.378049887,0.849482,0.677288,0.055074,0.0181219,0.374286,0.490868,2.49517,0.0824049,1.16289,0.594307,0.623878,0.466322
56.424489796,0.337303,0.895773,0.388035,0.0117551,0.519572,0.759856,2.3544,0.0843565,1.26182,0.336279,0.776327,0.343602
56.470929705,8.27897e-05,1.31361,0.387402,0.0270314,0.544463,0.885279,2.30129,0.109171,1.01542,0.634067,0.704487,0.138867
56.517369615,0.000266268,1.52349,0.181328,0.0979335,0.400131,0.659652,2.884,0.0772289,0.689089,1.14647,0.437341,0.0031262
56.563809524,0.628314,1.4486,0.0343169,0.255331,0.281014,0.0434174,2.93374,0.0736781,0.628786,1.50605,0.328244,0.0623199
56.610249433,0.797693,1.14491,0.00141271,0.510245,0.151606,0.321331,2.61967,0.023122,1.14725,1.31715,0.328536,0.118952
56.656689342,0.0996258,0.798555,0.586626,0.599076,0.0587198,0.661486,2.38809,0.142546,1.54292,1.02708,0.389416,0.128449
56.703129252,0.649014,0.591243,0.824176,0.584896,0.0731242,0.468862,2.33553,0.184483,1.40356,0.834676,0.300465,0.725735
56.749569161,0.868324,0.684553,1.02804,0.421797,0.0900595,0.229369,2.09507,0.0744728,0.928634,0.749735,0.29028,1.16871
56.796009070,0.802559,0.843301,1.04454,0.261834,0.0916944,0.0911234,2.03774,0.0631387,0.696186,0.916609,0.373994,1.28404
56.842448980,0.352257,0.567285,0.898771,0.233075,0.116961,0.0210765,1.92158,0.462567,0.810924,1.16324,0.416372,1.35062
56.888888889,0.333745,0.523472,0.425168,0.16585,0.234595,0.0336535,1.69478,0.758614,0.832387,1.35726,0.524302,1.16425
56.935328798,0.322749,0.663534,0.407672,0.210627,0.194319,0.0335105,1.52631,0.72543,0.598372,1.39968,0.498873,1.16085
56.981768707,0.204739,0.691559,0.302686,0.0758788,0.0544964,0.658863,1.4314,0.693191,0.334363,1.79624,0.36995,1.11396
57.028208617,0.469651,0.641038,0.170946,0.0244979,0.324442,0.808409,1.43064,0.471678,0.370854,1.88406,0.369084,0.751495
57.074648526,0.915687,0.676026,0.120364,0.021306,0.227327,0.662126,1.42851,0.163669,0.486186,1.73035,0.321076,0.674438
57.121088435,0.568204,1.02491,0.246632,0.317713,0.193729,0.900549,1.41446,0.221221,0.571009,1.66329,0.310785,0.388934
57.167528345,0.107303,0.991491,0.461395,0.501601,0.110333,0.736562,1.62678,0.0254588,0.472662,2.12404,0.347939,0.101652
57.213968254,0.430222,0.678666,0.622731,1.15509,0.0557603,0.435473,1.76279,0,0.155355,2.53096,0.284366,0
57.260408163,0.482155,0.610822,0.911172,1.16139,0.0650138,0.0695408,1.21055,0.0325994,0.040201,2.44353,0.366353,0.171125
57.306848073,0.314186,0.257137,0.98839,1.26088,0.218899,0.016112,0.885058,0.341176,0.000838289,2.34273,0.265677,0.48733
57.353287982,0.116847,0.288617,0.615041,1.17177,0.618132,0.00460011,0.521041,1.10824,0.0829699,2.44436,0.263614,0.335169
57.399727891,0.0422887,0.307415,0.481663,0.99898,0.30028,0.0924936,0.23352,1.27744,0.102794,2.49458,0.170684,0.318613
57.446167800,0.066684,0.367303,0.247653,0.559929,0.31333,0.150455,0.198191,1.11767,0.0582022,2.13787,0.460048,0.599071
57.492607710,0.0209346,0.398345,0.109337,0.67542,0.347304,0.155956,0.179449,1.04764,0.0591061,1.75859,0.690076,0.968495
57.539047619,0.0302276,0.383598,0.0642748,0.915527,0.530683,0.19697,0.043965,1.07753,0.094503,1.72376,0.79295,1.05173
57.585487528,0.0299969,0.408236,0.083984,0.625938,1.1558,0.144383,0.045488,1.1493,0.0588218,1.8385,0.89974,0.787262
57.631927438,0.000356854,0.852875,0.0581671,0.0470002,0.968904,0.102562,0.158178,1.17177,0.0620725,1.6223,1.15115,0.239864
57.678367347,0.0687352,0.845185,0.00910834,0,0.709311,0.0698347,0.502558,1.35337,0.0721442,1.10976,1.64335,0.10653
57.724807256,0.331615,0.359278,0.0865514,0.116076,0.433729,0.0932241,0.637903,1.43957,0.0295391,0.734178,1.93119,0.0215284
57.771247166,0.656923,0.158576,0.393228,0.386546,0.264077,0,0.598516,1.55903,0.0103964,0.558639,1.49177,0.224307
57.817687075,0.910242,0.170895,0.685424,0.548984,0.144257,0.223519,0.655935,1.70646,0.129066,0.449334,0.870224,0.711469
57.864126984,0.924382,0.0228255,0.559544,0.364908,0.176707,0.222775,0.461994,2.29026,0.133392,0.398506,0.714626,0.812207
57.910566893,1.14682,0.591341,0.579822,0.228763,0.159552,0.0396508,0.0879524,2.66488,0.119215,0.207205,0.781153,0.716096
57.957006803,1.22335,0.656841,0.804857,0.0633667,0.247499,0.0342501,0.181768,2.70781,0.137616,0.112081,1.19473,0.148121
58.003446712,0.971579,0.159836,0.957488,0.11316,0.122957,0.0672829,0.333415,2.84751,0.254797,0.15736,1.31908,0.112604
58.049886621,0.891921,0.521732,1.34203,0.0876885,0.111541,0.0360679,0.111848,3.23997,0.1685,0.110453,1.28268,0.119039
58.096326531,0.89518,0.783618,1.68468,0.113641,0.201314,0.0407083,0.10269,3.33921,0.00743722,0.246585,1.12867,0.134639
58.142766440,0.571843,0.924171,1.73384,0.132653,0.212846,0.0396323,0.14448,3.11864,0.00571706,0.423529,1.20796,0.219673
58.189206349,0.251472,0.964511,1.27603,0.151527,0.380726,0.0358971,0.0435859,2.81068,0.0038285,0.52339,1.28812,0.289004
58.235646259,0.792394,0.795238,0.871085,0.122134,0.617864,0.0347491,0.037623,1.94176,0.0610367,0.623283,1.05418,0.369937
58.282086168,1.35114,1.31175,0.607049,0.251435,0.290774,0.0211596,0.0298282,1.74722,0.118039,0.644905,0.535451,0.589483
58.328526077,0.922378,1.47495,0.823277,0.020423,0.153294,0.000560805,0.759469,2.01873,0.180942,0.26057,0.881714,0.744115
58.374965986,0.749781,1.54742,0.964419,0.0149649,0.0335483,0.105122,1.16102,0.69913,0.505364,0.0637114,0.592896,1.25562
58.421405896,0.507212,1.61587,0.825572,0.0397856,0.0330907,0.420243,0.990342,0.690693,0.637734,0.468099,0.130796,1.2736
58.467845805,0.39632,1.58159,0.924509,0.18556,0.0356746,0.534979,0.82198,0.77451,0.662293,0.782419,0.0276695,1.02205
58.514285714,0.14277,1.62341,1.32258,0.289551,0.091531,0.656652,0.547328,0.789503,0.378459,1.00557,0.0570214,0.709569
58.560725624,0.0336047,0.837466,1.92963,0.923774,0.122443,1.19229,0.366001,0.614253,0.291047,1.09922,0.00104636,0.342445
58.607165533,0.0354068,0.355664,2.05118,0.701196,0.038993,1.34755,0.450593,0.415459,0.213334,1.11607,0.00435837,0.364752
58.653605442,0.11311,0.778599,1.2962,0.582221,0.285167,0.46838,0.207208,1.23245,0.43035,0.54887,0.161118,0.944714
58.700045351,0.118341,0.748001,1.24597,0.430913,0.10654,0.223355,0.549217,0.754338,0.46937,0.499801,0.323467,1.56898
58.746485261,0.312113,0.237302,1.25242,0.352372,0.0795463,0.0785947,1.00162,0.251719,0.296698,0.0396194,0.295541,2.44889
58.792925170,1.11333,0.0463826,1.05182,0.404163,0.0325952,0.133598,0.723709,0.511453,0.145363,0.0656398,0.250171,2.36801
58.839365079,1.92544,0.0296081,0.909426,0.266885,0.166465,0.375435,0.759847,0.629761,0.0471314,0.151479,0.0992653,0.90754
58.885804989,2.11119,0.039133,0.910117,0.120941,0.499749,0.100921,1.12768,0.746033,0,0.219742,0.313162,0.32054
58.932244898,1.50376,0.0725471,0.690204,0.00752784,0.537887,0.41374,1.08011,1.0855,0.0110543,0.178841,1.13824,0.0486287
58.978684807,0.863378,0.218843,0.606542,0.154558,0.38081,0.501575,0.715167,1.24175,0.0821133,0.071009,1.47782,0.131602
59.025124717,0.427184,0.385699,0.513876,0.288016,0.133133,0.49438,0.368833,1.03149,0.133849,0.135802,1.51236,0.145601
59.071564626,0.066736,0.442634,0.506996,0.252723,0.0355238,0.666029,0.241419,0.660263,0.355976,0.273465,1.63124,0.0440954
59.118004535,0.24115,1.77953,0.3326,0.117185,0.0350111,0.491065,0.126318,0.26425,0.487043,0.340766,1.55919,0.396386
59.164444444,0.193399,1.89038,0.275293,0.173989,0.108534,0.0164843,0.00974572,0.362172,0.974541,0.0440094,1.05238,0.610954
59.210884354,0.0797613,1.88628,0.803714,0.186779,0.0418041,0.419296,0.0598184,0.445333,0.802191,0,0.332284,0.329207
59.257324263,0.670078,1.17012,1.21689,0.233186,0.162186,0.667339,0.470577,0.546064,0.0799187,0.353222,0.411751,0.370501
59.303764172,1.20177,0.825086,1.11703,0.413209,0.137541,0.568393,0.4542,0.612718,0.0246179,0.405975,0.436342,0.859549
59.350204082,1.23623,0.626116,0.549303,0.409598,0.0907402,0.320715,0.457467,0.453973,0.248158,0.554348,0.206728,0.8925
59.396643991,0.93492,0,0.875093,0.312533,0.0235537,0.463021,0.713725,0.6246,0.384327,0.396684,0.23754,0.49373
59.443083900,0.713607,0,1.1464,0.317055,0.0169738,0.918205,0.804994,0.61741,0.440437,0.268291,0.185493,0.213399
59.489523810,0.435684,0.066113,1.02951,0.531244,0.00376096,0.884879,0.700211,0.484205,0.345472,0.548299,0.227486,0.368997
59.535963719,0.106456,0.213117,0.772375,1.16565,0.569366,0.745471,1.04021,0.215217,0.195342,0.656381,0.636769,0.291991
59.582403628,0.170508,0.455172,0.264075,1.14901,0.327744,0.835684,1.31166,0.0909203,0.0205527,0.771061,0.782983,0.148316
59.628843537,0.653261,1.07039,0.078723,1.21399,0.263712,0.641274,1.10596,0.0653092,0.00762729,0.485115,0.573088,0.644631
59.675283447,0.652218,1.36088,0.00077283,0.316923,0.366686,0.430987,0.946568,0.0680956,0.00219051,0.0149859,0.829834,1.33661
59.721723356,0.156753,1.0357,0.00270266,0.286199,0.845564,0.384983,0.25858,0.273047,0.0452619,0.704212,0.868788,1.34099
59.768163265,0.122892,1.00466,0.00254255,0.081201,1.00123,0.862986,0.0588177,0.268681,0.590662,1.12951,0.559893,0.981567
59.814603175,0.150643,0.938938,0,0.206998,0.922935,1.41792,0.0493252,0.299101,0.871871,1.34848,0.140755,0.689532
59.861043084,0,0.772399,0.199339,0.57365,0.386311,1.74655,0.0586137,0.552539,1.31971,1.40532,0.0675462,0.773682
59.907482993,0.00023505,0.929376,0.890793,0.499793,0.458295,1.86481,0.0383029,0.201713,0.944562,0.749247,0.314455,0.685501
59.953922902,0.237368,1.1603,0.941213,0,0.712394,1.5591,0.0178996,0.0604658,0.701612,0,0.514865,0.790444
60.000362812,0.269767,1.19283,0.726959,0.0380181,1.05721,0.83691,0.348847,0.760909,0.589417,0.00173975,0.587485,0.600801
60.046802721,0.188088,0.993675,0.51912,0.149528,0.811964,0.780064,0.107291,2.23977,0.613215,0.00955129,1.28075,0.327029
60.093242630,0.134516,0.667878,1.37664,0.033347,0.378888,0.504608,0.0298947,3.045,0.591674,0.00234905,2.24844,0.164608
60.139682540,0.0590478,0.714858,1.86938,0.00717705,0.19474,0.141651,0.0319087,3.1618,0.303208,0.124441,2.78597,0.104917
60.186122449,0.0697794,0.879756,1.81702,0,0.116346,0.0594869,0.0321481,3.55813,0.00468108,0.101516,2.89684,0.0851985
60.232562358,0,0.900985,2.00145,0,0,0.0524965,0.0314545,3.79062,0.0114927,0.00587417,2.90725,0.0588748
60.279002268,0,0.332238,2.72073,0,0,0.0480765,0.028886,3.89087,0.0240809,0.00749796,2.90008,0.0365572
60.325442177,0,0,2.93168,0,0,0.0385248,0.0253723,3.81827,0.0336817,0.00899811,2.84142,0.0111195
60.371882086,0,0,2.97013,0,0.103372,0.0641709,0.0304433,3.79718,0.216255,0.00978421,2.88885,0
60.418321995,0.0330918,0,2.87653,0,0,0.0839932,0.254002,3.34277,0.360661,0.136761,2.97905,0.0590963
60.464761905,0.13266,0,2.97272,0,0,0.347996,0.147934,2.60949,0.641917,0.199002,2.81622,0.140835
60.511201814,0.100847,0.229647,2.50933,0,0.0226908,0.299558,0.111706,1.95688,1.08794,0.670746,2.03204,0.21108
60.557641723,0.16434,0.330105,2.28638,0.00338575,0.0558434,0.316264,0.1211,1.11649,1.37475,0.902479,0.569305,0.168018
60.604081633,0.211939,0.479302,1.83457,0.183212,0.0348337,0.431715,0.132084,0.0817295,1.66257,0.810486,0.194872,0.132411
60.650521542,0.170756,0.0701484,1.48039,0.606852,0.168241,0.369171,0.13698,0.0940491,1.66735,0.828764,0.127107,0.178169
60.696961451,0.408191,0.561837,1.5273,0.497648,0.372409,0.449961,0.276435,0.294447,1.62131,0.58281,0.21007,0.156664
60.743401361,0.614018,0.974633,1.00037,0.465905,0.284909,0.320266,0.176836,0.00517962,1.53582,0.785832,0.0834515,0.173752
60.789841270,0.351538,0.975058,0.986609,0.357127,0.29253,0.201915,0.146671,0.0266823,1.57651,0.843334,0.0953457,0.208243
60.836281179,0.380654,0.533059,1.16179,0.258558,0.1421,0.220258,0.173903,0.103282,1.41554,0.964317,0.330686,0.122726
60.882721088,0.444853,0,1.66553,0.332595,0.0304922,0.217408,0.163826,0.20216,1.50209,0.904562,0.617947,0.365342
60.929160998,0.0708091,0.36417,2.07016,0,0.0357072,0.323749,0.20765,0.267826,1.95375,0.286936,1.05943,0.517517
60.975600907,0.0663249,0.724358,1.71583,0.106136,0.035484,0.178148,0.867872,0.179574,1.75906,0.251423,1.70378,0.0802211
61.022040816,0.157961,0.537218,1.4857,0.00466599,0.0331238,0.0958913,0.582231,0.212359,1.87069,0.585744,1.40443,0.0506555
61.068480726,0.296914,0.459033,1.23376,0.25049,0.135616,0.0735813,0.276711,0.133178,1.84589,1.02145,1.23553,0
61.114920635,0.266769,0.628763,0.802043,0.170599,0.0282653,0,0.302157,0.128046,1.90247,1.32148,1.20007,0
61.161360544,0.514459,0.867164,0.960268,0.147493,0.399277,0.371963,0.176241,0.105144,1.64562,1.11429,0.659537,0.111032
61.207800454,0.435865,1.01495,0.407533,0.103968,0.650853,0.326851,0.213101,0.098569,1.58236,1.36994,0.307971,0.149336
61.254240363,0.258962,1.01008,0.556951,0.123385,0.743896,0.312891,0.209894,0.113551,1.43869,1.24425,0.272193,0.152995
61.300680272,0.0800385,0.952464,0.745669,0,0.497374,0.376139,0.581216,0.1337,1.87572,0.67816,0.21673,0.150383
61.347120181,0.138198,0.554255,0.925764,0.643815,0.684142,0.290822,0.597611,0.112817,1.66525,0.396814,0.253918,0.281079
61.393560091,0.244763,0.502494,1.1307,0.48997,1.25196,0.340555,0.355843,0.0211372,1.62095,0.292476,0.575818,0.186444
61.440000000,0.300267,0.872948,0.938097,0.472856,1.44482,0.377551,0.269689,0.0345369,1.38827,0.807137,0.563907,0.175552
61.486439909,0.244739,0.960056,0.988174,0.299713,1.5326,0.478678,0.19618,0.019902,1.33518,1.09997,0.394452,0.211961
61.532879819,0.180782,0.828994,0.969598,0.229126,1.38145,0.389487,0.177148,0.0730674,1.23096,1.11791,0.349768,0.111843
61.579319728,0.158475,0.371032,0.840472,0.292056,0.688533,0.350746,0.178674,0.113936,1.46439,1.14951,0.247536,0.385458
61.625759637,0.102079,0.5056,0.901494,0.123155,0.0743154,0.252368,0.163908,0.136126,1.87768,0.78945,0.192415,0.589551
61.672199546,0.168162,0.724932,0.725999,0.173291,0.0848296,0.0814324,0.621567,0.193093,1.60125,0.64417,0.495781,0.567138
61.718639456,0.276749,0.479747,0.651906,0.255201,0.0291581,0.0539933,0.711481,0.182996,1.7736,0.75768,1.16494,0.063059
61.765079365,0.311385,0.383664,0.859838,0.218329,0.0957511,0.0637171,0.370469,0.118722,1.92278,1.04279,1.081,0
61.811519274,0.219191,0.194155,1.01165,0.2928,0.0420553,0.058917,0.20483,0.127147,2.01547,1.20818,1.02116,0
61.857959184,0.472849,0.366092,1.14051,0.338578,0.0772448,0.301451,0.185739,0.112195,1.81759,1.15098,0.587773,0.107947
61.904399093,0.474712,0.555246,0.760345,0.189675,0.0314063,0.334928,0.213295,0.182656,1.98649,1.18879,0.188156,0.151271
61.950839002,0.480958,0.478097,0.662083,0.199901,0.0307467,0.320717,0.3901,0.173032,1.95908,0.950801,0.204234,0.162122
61.997278912,0.484114,0.25069,1.09059,0.238798,0.0271444,0.199202,0.157963,0.115622,1.93009,1.04217,0.193535,0.14296
62.043718821,0.442398,0.0854777,1.00016,0.215848,0.0273784,0.286268,0.154811,0.131482,1.89579,1.13899,0.235006,0.257147
62.090158730,0.377272,0.104664,1.03098,0.159149,0.0359313,0.457734,0.152323,0.124409,1.94572,1.00654,0.226003,0.420497
62.136598639,0.359306,0.115694,1.18848,0.102781,0.143605,0.277457,0.136635,0.101272,2.13422,1.02971,0.110068,0.491974
62.183038549,0.27814,0.0735381,1.30691,0.256433,0.128699,0.198574,0.17393,0.107448,1.97309,0.894515,0.111769,0.289978
62.229478458,0.4634,0.0836859,1.36727,0.146341,0.104465,0.417217,0.257053,0.0966627,2.00725,0.725578,0.321816,0.0630858
62.275918367,0.483878,0.0474896,1.29293,0.0689468,0.175689,0.277058,0.327414,0.0842872,1.95623,0.820898,0.39207,0.214498
62.322358277,0.368463,0.363767,1.08189,0.30598,0.153956,0.156633,0.46464,0.0589554,1.786,0.971135,0.317137,0.23534
62.368798186,0.244875,0.587231,0.641245,0.457636,0.154224,0.189808,0.563721,0.0497188,1.60088,1.20902,0.158857,0.28894
62.415238095,0.234075,0.796402,0.813917,0.339435,0.168862,0.315352,0.344958,0.0569246,1.54172,1.11927,0.151216,0.204021
62.461678005,0.231349,0.823983,1.08946,0.225418,0.109726,0.447318,0.153517,0.0803347,1.52657,0.860416,0.150159,0.137315
62.508117914,0.279639,0.410865,1.10471,0.444804,0.186341,0.40798,0.155766,0.0895825,1.68818,0.880589,0.12042,0.137133
62.554557823,0.331611,0.624792,1.1314,0.542985,0.409672,0.333603,0.254873,0.0559963,1.74629,0.741746,0.0811437,0.179978
62.600997732,0.421754,0.948098,1.09384,0.492649,0.396445,0.288697,0.379482,0.00546932,1.67111,0.711761,0.0978865,0.150058
62.647437642,0.380648,1.21971,0.944214,0.417672,0.33853,0.196784,0.129002,0.0074977,1.55226,0.841052,0.0702973,0.227097
62.693877551,0.350659,0.861061,1.08733,0.337604,0.230975,0.223003,0.178922,0.0714168,1.37458,0.907639,0.150645,0.143641
62.740317460,0.523159,0.433954,1.06774,0.308953,0.0318016,0.213447,0.19049,0.111675,1.49242,0.929491,0.165501,0.137828
62.786757370,0.507231,0.627563,1.31626,0.123305,0.0326043,0.224424,0.172057,0.113282,1.96068,0.598248,0.185086,0.481976
62.833197279,0.272454,0.915097,1.40791,0.216461,0.0381576,0.0860585,0.804096,0.126143,1.80179,0.207212,0.750987,0.089124
62.879637188,0.283203,0.691974,1.22304,0.186431,0.0332853,0.0775808,0.678983,0.181575,1.89858,0.432771,0.978757,0.0665897
62.926077098,0.417034,0.363629,0.930663,0.172733,0.0874303,0.10096,0.410086,0.13626,2.01633,0.877439,1.07548,0.000556535
62.972517007,0.24021,0.56016,0.940445,0.248817,0.160408,0,0.173268,0.113115,1.82517,1.19093,1.08068,0
63.018956916,0.502952,0.795158,0.991348,0.187315,0.236747,0.327072,0.213216,0.115909,1.71032,1.22608,0.758849,0.0278357
63.065396825,0.470769,1.04137,0.872565,0.108836,0.696784,0.413029,0.21265,0.0849285,1.65621,1.08648,0.302585,0.125372
63.111836735,0.363099,1.04171,0.512258,0.0921076,0.822673,0.336546,0.22781,0.0996076,1.56666,1.25862,0.2154,0.154285
63.158276644,0.119115,1.06365,0.91523,0.00730537,0.645922,0.338089,0.365404,0.112155,1.86635,0.775966,0.202858,0.148499
63.204716553,0.0979938,0.642916,0.825342,0.594097,0.366425,0.335345,0.683084,0.141639,1.69706,0.44643,0.12812,0.27289
63.251156463,0.265867,0.467824,0.898013,0.567816,1.01036,0.352221,0.473327,0.0784451,1.65766,0.309835,0.511767,0.193584
63.297596372,0.32247,0.660793,0.992476,0.541491,1.35119,0.340696,0.295414,0.0156343,1.4875,0.58889,0.636351,0.163357
63.344036281,0.270402,0.88559,0.71921,0.437169,1.48515,0.486043,0.20077,0.167577,1.32359,1.1185,0.47664,0.214573
63.390476190,0.273298,0.87191,0.871652,0.276226,1.47225,0.45537,0.167137,0.0728213,1.20581,1.1573,0.23219,0.138451
63.436916100,0.15734,0.0949197,1.1684,0.573371,0.0804089,0.44974,0.17575,0.108489,1.54906,1.02761,0.187682,0.133873
63.483356009,0.106826,0.783082,1.29078,0.579108,0.05981,0.366272,0.26914,0.115308,1.58988,0.706553,0.154497,0.322306
63.529795918,0.0330798,0.69696,1.44332,0.509011,0.129686,0.443642,0.932311,0.387374,1.61839,0.320452,0.0801494,0.486882
63.576235828,0.105745,0.776452,1.55041,0.452767,0.121831,0.353191,0.949779,0.291337,1.28194,0.372559,0.417376,0.406367
63.622675737,0.171095,0.705192,1.42847,0.229639,0.0835858,0.235991,0.751315,0.203635,1.50584,0.549385,0.759731,0.247128
63.669115646,0.226133,0.473365,1.1787,0.264682,0.182593,0.0837203,0.5598,0.106873,1.7449,0.992016,0.729657,0
63.715555556,0.330076,0.569564,1.23392,0.354903,0.0986471,0.275763,0.346641,0.114,1.56135,1.10707,0.730307,0.0178465
63.761995465,0.736806,0.291538,1.48574,0.222773,0.0639412,0.617179,0.209973,0.0831152,1.73877,1.18232,0.268788,0.129147
63.808435374,0.799305,0.163856,2.02001,0.0707922,0.064345,0.707243,0.148142,0.532251,1.51687,1.34386,0.786067,0.222418
63.854875283,0.289991,0.209292,2.33171,0.008321,0.00108095,0.710026,0.196969,1.84646,0.936019,0.646999,1.8592,0.183152
63.901315193,0.123018,0.887191,2.07574,0,0.151999,0.46372,0.0335054,2.82945,0.256835,0.190204,2.47727,0.131232
63.947755102,0,1.01464,2.0437,0,0.0851213,0.274452,0.0325499,3.60783,0.00375653,0.148594,2.81223,0.204772
63.994195011,0.414489,0.886181,2.08217,0,0.274908,0.0835765,0.0268779,3.85512,0.0219344,0.0110525,2.8536,0.0790857
64.040634921,1.00104,0.22472,2.12386,0.00365673,0.150902,0.0894594,0.024767,3.84244,0.0507702,0.00998646,2.80734,0.0373863
64.087074830,0.88462,0,2.14584,0.118174,0,0.0533373,0.0217061,3.87575,0.0613121,0.00937468,2.76993,0.0109619
64.133514739,0.249728,0.0902491,2.19765,0.0587279,0,0.392491,0.0192114,4.03365,0.105308,0.00916297,2.74736,0
64.179954649,0.108333,0.255353,2.41147,0,0,0.306144,0.0275957,3.99848,0.276527,0.00880315,2.69945,0.036489
64.226394558,0.0996071,0.0930242,2.66127,0,0.000891177,0.258589,0.0516239,3.75482,0.603701,0.075279,2.11057,0.269306
64.272834467,0.170031,0.210264,2.49206,0,0.0205282,0.156587,0.109676,2.66094,0.985606,0.763822,0.931768,0.185681
64.319274376,0.216626,0.180376,2.6978,0,0.0358983,0.170527,0.11032,1.06913,1.44475,0.88018,0.463133,0.140596
64.365714286,0.304,0.153131,2.20732,0.195775,0.126142,0.451189,0.133996,0.0838042,1.79786,0.707115,0.216461,0.128413
64.412154195,0.222042,0,2.33288,0.40524,0.32916,0.338707,0.130295,0.125667,1.59957,0.645725,0.161404,0.175017
64.458594104,0.311863,0.235531,2.37447,0.411295,0.405677,0.0292894,0.275095,0.444407,1.66762,0.584151,0.359303,0.140323
64.505034014,0.427772,0.809023,1.55402,0.40325,0.267117,0.0780601,0.141316,0.255359,1.57351,0.815402,0.117308,0.191656
64.551473923,0.411818,0.783056,1.3791,0.344647,0.22727,0.125218,0.18485,0.199893,1.43856,0.831304,0.13741,0.175991
64.597913832,0.488368,0.323748,1.58113,0.315451,0.0510503,0.201714,0.184765,0.138173,1.48008,0.966857,0.221151,0.114928
64.644353741,0.335895,0.170688,2.28188,0.244819,0.0409321,0.17975,0.176677,0.251632,1.73666,0.795345,0.569271,0.340241
64.690793651,0.04403,1.20877,2.40815,0.114036,0.0366911,0.219135,0.605955,0.306736,1.6327,0.166552,1.21283,0.0957536
64.737233560,0.53168,0.980073,1.97106,0.235288,0.0321564,0,0.820087,0.213367,1.70927,0.261993,1.30281,0.0730734
64.783673469,0.620287,0.517896,1.54566,0.326399,0.0311088,0.116764,0.51404,0.152109,1.72581,0.635154,1.19893,0.0306305
64.830113379,0.190341,0.746372,1.36804,0.247055,0.288671,0.039193,0.178938,0.14332,1.69551,1.02384,1.07529,0
64.876553288,0.270607,0.806009,0.919856,0.195505,0.0967456,0.072657,0.346372,0.12364,1.82455,1.26161,1.04765,0
64.922993197,0.460738,1.04271,1.0753,0.145155,0.571491,0.363104,0.186111,0.0873279,1.64248,0.979861,0.663349,0.117249
64.969433107,0.377908,1.11549,0.427258,0.0983593,0.757614,0.304868,0.213031,0.0855814,1.65909,1.27925,0.365648,0.157571
65.015873016,0.177632,1.0299,0.807186,0.0529016,0.733087,0.336204,0.204616,0.106595,1.77057,0.920895,0.220297,0.150941
65.062312925,0.082278,0.748964,0.799505,0.231501,0.318041,0.401553,0.648837,0.151151,1.7617,0.572363,0.158485,0.151825
65.108752834,0.203664,0.43958,0.904497,0.607371,0.830167,0.307728,0.593326,0.112992,1.6581,0.370279,0.378695,0.207323
65.155192744,0.285003,0.465574,1.13527,0.51643,1.34734,0.294196,0.396365,0.0114001,1.58652,0.347793,0.696432,0.172622
65.201632653,0.326891,0.836706,0.834737,0.481806,1.51632,0.32168,0.282777,0.0626901,1.36255,0.966166,0.601372,0.192633
65.248072562,0.290004,0.792679,0.955576,0.294528,1.60888,0.401079,0.214198,0.0328447,1.27345,1.13457,0.330983,0.185287
65.294512472,0.171242,0.611201,1.03144,0.256645,1.30824,0.344834,0.179201,0.0857203,1.31107,1.06811,0.275431,0.11021
65.340952381,0.126397,0.161564,1.50313,0.26664,0.611084,0.315546,0.179619,0.111914,1.48105,0.981561,0.270285,0.327636
65.387392290,0.0789181,0.44163,1.43506,0.0392652,0.0555976,0.351043,0.271444,0.148441,1.87336,0.52772,0.149598,0.516867
65.433832200,0.191715,0.444388,0.85186,0.149637,0.0830239,0.0690721,0.631196,0.179491,1.76759,0.614692,0.628646,0.641664
65.480272109,0.284763,0.430031,0.652493,0.140371,0.0350747,0.0519158,0.540751,0.177822,2.0081,0.808365,0.956446,0.35588
65.526712018,0.314012,0.340383,0.790511,0.200809,0.15423,0.0972019,0.188554,0.128716,1.90757,1.14323,0.88062,0.285317
65.573151927,0.23381,0.222305,0.917056,0.291308,0.0565146,0.10409,0.283261,0.139027,2.03234,1.31766,0.87989,0
65.619591837,0.450985,0.398753,1.16139,0.313307,0.0730703,0.373607,0.168159,0.0997837,1.82165,1.14251,0.49467,0.125713
65.666031746,0.433012,0.553341,0.534657,0.170713,0.0293107,0.326641,0.310367,0.183161,2.00287,1.22062,0.203553,0.164419
65.712471655,0.451293,0.397829,0.766185,0.206004,0.0303435,0.311042,0.341569,0.1047,1.9492,1.0027,0.204765,0.157473
65.758911565,0.421521,0.14526,1.08172,0.238977,0.0275608,0.244078,0.153001,0.114326,1.93989,1.0771,0.19794,0.140574
65.805351474,0.434853,0.0617207,0.938114,0.196189,0.024872,0.354721,0.148603,0.131159,1.89716,1.12871,0.220665,0.432109
65.851791383,0.352021,0.0360411,1.02694,0.116075,0.0361791,0.569466,0.1351,0.118316,1.98865,0.960963,0.17139,0.54383
65.898231293,0.22141,0.13155,1.2354,0.150231,0.164111,0.274354,0.138449,0.113124,2.08329,0.986282,0.0731284,0.397532
65.944671202,0.328583,0.176658,1.28379,0.262646,0.101657,0.231311,0.13329,0.11995,1.95012,0.85455,0.095687,0.283601
65.991111111,0.429783,0.0941717,1.30917,0.124148,0.146237,0.418576,0.256746,0.118961,1.95175,0.733545,0.366138,0.120961
66.037551020,0.470148,0.148986,1.15281,0.100097,0.162355,0.224892,0.341567,0.0979339,1.9076,0.902876,0.395027,0.215654
66.083990930,0.320803,0.431842,1.00962,0.380612,0.155732,0.1546,0.45762,0.057456,1.73018,1.02025,0.282056,0.266265
66.130430839,0.245436,0.653647,0.657585,0.432596,0.165887,0.237805,0.507433,0.0490388,1.56199,1.20512,0.152609,0.269415
66.176870748,0.23956,0.826676,0.982986,0.352955,0.204735,0.300253,0.283793,0.0613943,1.38183,1.03177,0.152518,0.154942
66.223310658,0.231031,0.797893,1.1001,0.213199,0.119989,0.502006,0.146993,0.0828879,1.60086,0.863026,0.150179,0.138413
66.269750567,0.216383,0.357773,1.05951,0.556972,0.309806,0.372872,0.150251,0.0945834,1.59607,0.886376,0.0863898,0.140394
66.316190476,0.312265,0.679118,1.23032,0.507971,0.52779,0.330185,0.311914,0.0148184,1.78396,0.637575,0.147613,0.16241
66.362630385,0.402879,1.0701,1.00505,0.476494,0.414873,0.283203,0.292116,0.00193862,1.62348,0.758684,0.0727253,0.160938
66.409070295,0.354462,1.19413,1.0255,0.359923,0.406375,0.16517,0.135607,0.0125262,1.57018,0.813781,0.0943844,0.220541
66.455510204,0.367851,0.675032,1.04229,0.29851,0.256222,0.24496,0.178974,0.0928841,1.43111,0.949704,0.158421,0.127368
66.501950113,0.574483,0.380844,1.07824,0.303198,0.0310566,0.193448,0.185329,0.124125,1.51477,0.927111,0.165142,0.266922
66.548390023,0.393622,0.734795,1.34847,0.124085,0.0331574,0.264107,0.163684,0.101843,2.07604,0.402925,0.170829,0.522221
66.594829932,0.225514,0.83256,1.41389,0.228265,0.0439817,0.101606,0.848286,0.129954,1.84719,0.251906,0.873913,0.0832333
66.641269841,0.228513,0.58756,1.11134,0.181749,0.0314356,0.0789585,0.618199,0.165846,1.95936,0.575753,1.0062,0.0583738
66.687709751,0.386829,0.480405,0.788517,0.281632,0.127588,0.0779197,0.352076,0.123525,1.84544,1.05784,1.09153,0
66.734149660,0.337877,0.658309,0.697522,0.718667,0.0576517,0.245693,0.281104,0.127628,1.71401,1.3342,0.904687,0
66.780589569,0.339855,0.549689,0.720293,0.758945,0.0373549,0.826856,0.210944,0.238265,1.46395,1.40219,0.849629,0.135274
66.827029478,0.107127,0.514108,0.431738,0.703798,0.177515,0.988469,0.279164,0.495661,1.36146,1.58445,0.778895,0.253209
66.873469388,0,0.380399,0.603273,0.620958,0.319455,0.989125,0.362067,0.370823,1.49709,1.60116,0.782599,0.24981
66.919909297,0,0.113406,0.75139,0.174568,0.671182,0.698855,0.477834,0.883341,1.60088,0.533253,0.745811,0.150078
66.966349206,0,0.376332,0.783901,0,0.416336,0.437661,0.815653,0.940602,1.64627,0.427908,0.308367,0.144013
67.012789116,0.843973,0.34553,0.853082,0,0.0378706,0.112733,0.731991,0.496616,1.972,0.14351,0.245453,0.141054
67.059229025,0.805785,0.340556,0.976539,0,0.28163,0.279979,0.411361,0.504327,1.80752,0.55075,0.125764,0.102401
67.105668934,0.584799,0.383564,0.937296,0.0355651,0.217251,0.497393,0.601922,0.371375,1.47082,1.01363,0.295317,0.0601544
67.152108844,0.557169,0.358205,0.745292,0,0.202933,0.469522,0.760317,0.311273,1.38842,1.32742,0.230868,0.00683981
67.198548753,0.117002,0.317809,0.86458,0,0.480118,0.469941,0.57584,0.41173,1.60069,1.14632,0.065753,0.365783
67.244988662,0,0.17555,1.19268,0,0.54236,0.245969,0.345767,0.434655,1.72088,0.874248,0.203734,0.552328
67.291428571,0.115022,0.194592,1.31827,0.0592924,0.289374,0.121116,0.198163,0.67531,1.44964,0.625309,0.418706,0.542323
67.337868481,0.201311,0.0915689,1.24994,0.108165,0.629295,0.192661,0.371761,0.902419,1.37198,0.767728,0.185277,0.25195
67.384308390,0.250186,0.10233,0.837527,0.0392882,0.83537,0.253189,0.506179,0.529338,1.6995,0.992194,0.15441,0.0579553
67.430748299,0.211113,0.291327,0.74772,0,0.822375,0.270939,0.480621,0.479277,1.81242,1.24906,0.523007,0
67.477188209,0.302338,0.370206,0.852287,0.0497256,0.0818789,0.504799,0.932115,0.578926,1.42508,1.27866,0.483848,0.0363451
67.523628118,0.128673,0.432961,0.708119,0.00248098,0.337657,0.494401,1.41249,0.486715,1.10644,1.18479,0.56745,0.0957778
67.570068027,0,0.45893,0.32217,0,0.0900076,0.667114,1.16485,0.409834,0.929006,1.24597,0.501754,0.268064
67.616507937,0.00826577,0.481593,0.250234,0.156211,0.104035,0.867746,1.03308,0.275838,0.971942,1.07736,0.234965,0.521975
67.662947846,0.0188738,0.416016,0.711744,0.147786,0.162896,1.01173,0.53152,0.0664576,0.830461,1.32725,0.316563,1.51228
67.709387755,0.186358,0.204769,1.17022,0.117199,0.269663,1.10026,0.46016,0.426198,0.720908,1.66312,0.555066,1.38998
67.755827664,0.233239,0,1.50167,0.0869,0.123484,0.949877,0.206856,0.617613,0.978376,1.82197,0.696402,1.33209
67.802267574,0.244218,0.0556513,1.46502,0.116433,0,0.586926,0.127714,0.673972,1.08585,1.68773,0.940399,0.922285
67.848707483,0.226986,0.0806295,1.91574,0.176019,0,0.311538,0.520776,0.322012,0.848482,1.4545,0.97833,0.734808
67.895147392,0.18352,0.0013666,2.04061,0.120817,0.111982,0.29333,1.03472,0.151407,0.747303,1.01679,1.17378,0.601493
67.941587302,0.144451,0,1.51345,0.0785133,0.109086,0.328142,1.32773,0.286723,0.537949,1.02493,1.24099,0.410831
67.988027211,0.111253,0.0325195,0.535489,0.0839686,0.0365256,0.684846,1.08996,1.07324,0.885102,0.522141,0.783132,0.329776
68.034467120,0.0715732,0.0904938,0.109036,0,0.000906112,0.830879,0.967476,1.27692,1.23801,0.588913,0.622305,0.238011
68.080907029,0.01274,0.0297862,0.13094,0,0,0.774744,1.07407,1.04091,1.15315,0.643458,0.55531,0.00878734
68.127346939,0.0747223,0.0291129,0.296797,0,0,0.865646,0.962223,0.303974,1.19268,0.730621,0.670894,0.0341409
68.173786848,0.236084,0.0206888,0.738082,0,0.0330883,0.963735,0.947754,0.328527,0.954983,0.421893,0.37498,0.136269
68.220226757,0.308942,0.306729,0.667051,0,0.190201,0.853821,0.889406,0.738449,1.10826,0.239708,0.375679,0.0979316
68.266666667,0.274654,0.274184,0.587123,0,0.0296503,0.332881,0.861286,0.87094,0.754934,0.52118,0.724627,0.0632524
68.313106576,0.278497,0.335795,0.877028,0.0765481,0.281194,0,0.582534,0.82937,1.05637,0.0132212,0.923565,0.849088
68.359546485,0.2407,0.469092,0.103393,0.00762293,0.073339,0.233728,0.91866,1.01234,1.38803,0.304454,0.800287,0.434683
68.405986395,0.177471,0.303198,0.095921,0.00149015,0.00998932,0.749291,0.986992,1.03267,1.41816,0.369349,0.871893,0.528578
68.452426304,0.115028,0.276601,0.0913034,0,0.0206999,0.609662,0.849376,1.12485,1.31467,0.391825,0.857568,0.631438
68.498866213,0.0673334,0.245757,0.092931,0,0.00491863,0.515518,0.870697,1.17773,1.14572,0.345072,0.832967,0.582228
68.545306122,0.0133312,0.114588,0.0945408,0,0,0.512195,1.0395,1.13297,1.07972,0.419803,0.776602,0.332995
68.591746032,0.0902283,0.00256454,0.0961392,0.0833252,0,0.622899,1.13239,0.719634,1.03157,0.554213,0.729913,0.120543
68.638185941,0.571996,0.030628,0.126661,0,0.271149,1.1321,1.0522,0.263058,0.962061,0.410763,0.43243,0.231485
68.684625850,0.573713,0.342611,0.870772,0.00253237,0.305206,1.18583,0.69407,0.548432,0.857898,0.142261,0.617544,0.644628
68.731065760,0.328276,0.359458,0.535066,0.00521798,0.0609877,1.09539,0.662055,0.49565,1.12173,0.00725628,0.462485,0.673312
68.777505669,0.187725,0.483939,0.304818,0.00369061,0.119998,0.776587,1.06471,0.491565,1.51626,0,0.588984,0.46316
68.823945578,0.101931,0.546598,0.217011,0.132565,0.293387,0.539381,1.2302,0.688537,1.44628,0,0.6427,0.160393
68.870385488,0.0130384,0.567276,0.240317,0.117653,0.430669,0.287367,1.38922,0.842733,1.20545,0.0128948,0.758432,0.0881209
68.916825397,0.0393726,0.521265,0.325454,0.0634809,0.465967,0.324479,1.38833,0.766122,1.18695,0.107763,0.750001,0.500724
68.963265306,0.12448,0.513003,0.531195,0.00351388,0.191187,0.699327,1.06185,0.0731084,0.992398,0.1116,0.643438,0.864713
69.009705215,0.364053,0.204336,0.283768,0,0.193706,0.686248,1.00422,0.198646,0.938266,0.0177301,0.660486,0.24941
69.056145125,0.355975,0.265261,0.225079,0.0916639,0.184426,0.231033,1.04875,0.841904,0.939989,0.0585767,0.532494,0.163276
69.102585034,0.254273,0.447246,0.197563,0.073035,0.0541159,0.682889,1.11205,0.729491,1.05526,0,0.414605,0.0944318
69.149024943,0.0389506,0.691832,0.30437,0.113828,0.0829764,0.663356,0.907981,0.717085,1.14897,0.00098317,0.612534,0.262745
69.195464853,0.00754454,0.750668,0.266275,0.231277,0.263368,0.553052,0.833453,0.571114,1.27208,0.000860977,0.566803,0.218721
69.241904762,0,0.474773,0.269268,0.109416,0.200077,0.441868,0.908267,0.446436,1.38067,0.0104042,0.62941,0.105065
69.288344671,0.198513,0.356218,0.371233,0.104779,0.594388,0.366475,0.873242,0.479875,1.08296,0.0546916,0.407695,0.243049
69.334784580,0.19399,0,0.0972979,0.0772315,0.611125,0.181053,1.43183,0.0506189,1.28006,0.0936733,1.09536,0.0790372
69.381224490,0.194662,0,0.0968328,0,0.733307,0.51041,1.56675,0.268599,1.34115,0.112714,1.36359,0.0579524
69.427664399,0.171288,0,0.129212,0,0.720556,0.921118,1.67084,0.342231,1.18608,0.119651,1.3903,0.0417895
69.474104308,0.0984455,0.0432328,0.164599,0,0.50017,0.827248,1.99191,0.415357,1.41223,0.197333,1.15111,0.031072
69.520544218,0.0463263,0.0283483,0.194722,0,0.278438,0.629417,1.83987,0.489389,1.51586,0.420346,0.747899,0.131309
69.566984127,0.213663,0.0311309,0.276878,0,0,0.747642,1.09813,0.403379,1.43765,0.454588,0.294811,0.662979
69.613424036,0.297368,0.445091,0.485981,0,0.20164,0.646579,1.15767,0.545527,1.40954,0.0272078,0.2121,0.956572
69.659863946,0.297654,0.489872,0.457987,0,0.304206,0.385386,1.20735,0.650179,1.27123,0.131537,0.313726,0.755146
69.706303855,0.367441,0.316995,0.52106,0.00473076,0.434565,0,1.09924,0.518991,0.936813,0.440073,0.67321,0.309843
69.752743764,0.247039,0.00135718,0.162234,0.0120214,0.0378019,0.00201906,1.24705,0.820171,1.04406,0.473747,0.760847,0.0307697
69.799183673,0.198888,0.0051126,0.211885,0.00200816,0,0.65771,1.66806,0.586123,1.51968,0.419004,0.946625,0.0151051
69.845623583,0.122354,0.0937386,0.282325,0,0.139621,0.718165,1.82414,0.487872,1.51977,0.428162,1.12959,0.0359829
69.892063492,0.0680883,0.077264,0.26765,0,0.369948,0.718377,1.82764,0.504039,1.36392,0.333579,1.21424,0.051822
69.938503401,0.00979565,0.0940104,0.29749,0,0.186888,0.57107,1.93143,0.5199,1.69712,0.313329,0.971784,0.0840491
69.984943311,0.0239472,0.0203635,0.246574,0,0.0800267,0.583831,1.80319,0.519416,1.74937,0.415644,0.694022,0.100958
70.031383220,0.200065,0.000607686,0.181216,0.00139641,0.00375338,0.737987,1.13806,0.408593,1.36114,0.442865,0.33162,0.432104
70.077823129,0.293145,0.443907,0.321645,0.000812822,0.177425,0.709857,1.18778,0.462401,1.36018,0.002047,0.235237,0.803665
70.124263039,0.326957,0.418285,0.399826,0,0.13914,0.475729,1.35173,0.583731,1.16148,0.0477045,0.237317,0.613102
70.170702948,0.330878,0.424882,0.587153,0,0.247494,0,1.20216,0.57957,0.904796,0.327521,0.448666,0.331266
70.217142857,0.242368,0.0227046,0.351854,0.0120245,0,0,1.10237,0.704742,1.0795,1.15907,0.406864,0.42329
70.263582766,0.215906,0.218796,0.286635,0.214691,0,0.641373,1.39623,0.582649,0.943233,0.969372,0.627485,0.52757
70.310022676,0.149693,0.264209,0.562552,0.525792,0,0.771365,1.38059,0.452881,0.567869,1.04103,0.631773,0.646805
70.356462585,0.105528,0.466398,0.456646,0.499716,0.117383,0.674295,0.988221,0.433276,0.583029,0.849982,0.562649,0.663056
70.402902494,0.0373209,0.596519,0.0988634,0.25193,0.208669,1.04832,0.674028,0.407005,1.3627,0.509417,0.42691,0.609134
70.449342404,0.0298485,0.565285,0.119473,0.212285,0.392577,1.11675,0.46411,0.411207,1.31639,0.495407,0.457431,0.51983
70.495782313,0.151488,0.578388,0.136668,0.301132,0.389376,1.36995,0.21385,0.310131,1.27744,0.478687,0.409511,0.775445
70.542222222,0.244151,0.96309,0.203836,0.132111,0.347617,1.64943,0.28892,0.214354,1.20824,0.352862,0.254762,1.00577
70.588662132,0.62725,0.164881,0.519848,0.0097062,0.151491,1.22929,0.923021,0.21378,1.42055,0.659766,0.398841,0.792031
70.635102041,0.267079,0.02418,0.750678,0.203859,0.0213526,1.43887,1.24147,0.0904468,1.45774,0.666908,0.118293,0.688291
70.681541950,0.017287,0.157765,0.855596,0.15773,0.0104213,1.46086,1.18853,0.12151,1.34183,0.674231,0.048518,0.654282
70.727981859,0,0.170942,0.805339,0.22565,0.00980798,1.35998,1.15737,0.145477,1.33433,0.761595,0.260429,0.460045
70.774421769,0,0.157603,0.442106,0.295708,0.0716575,1.22967,0.918929,0.14898,1.38997,0.946649,0.399636,0.221093
70.820861678,0.0594718,0.403343,0.360303,0.330191,0.0680533,1.4505,0.324784,0.158195,1.30619,1.32433,0.401489,0.166529
70.867301587,0.166093,0.608869,0.277648,0.209534,0.0586328,1.58806,0.594096,0.446675,1.22162,1.27975,0.253626,0.187033
70.913741497,0.251163,0.46642,0.471843,0,0.080807,1.33245,0.96753,1.05373,1.17294,0.347956,0.117271,0.288265
70.960181406,0.247485,0.293568,0.591743,0.00942933,0.141453,1.34535,1.06511,0.987616,1.16808,0.179562,0.0535805,0.234624
71.006621315,0.144712,0.638985,0.545781,0.00784656,0.209382,1.36064,1.12794,0.306355,1.06679,0.110596,0.174912,0.295432
71.053061224,0.111717,0.522365,0.44274,0.00348896,0.679804,1.12715,1.04941,0.101364,1.29073,0,0.242205,0.241332
71.099501134,0.182171,0.297272,0.30486,0.0458781,0.813269,0.781033,1.00771,0.259529,1.34556,0.00128943,0.777539,0.078934
71.145941043,0.218726,0.253945,0.190668,0,0.712056,1.17865,0.666501,0.82351,1.06894,0.0366118,0.947348,0.0947227
71.192380952,0.185845,0.177586,0.42459,0.135443,0.514737,1.05718,0.317448,0.889101,1.1605,0.0404565,1.00765,0.0846526
71.238820862,0.260202,0.143991,0.297502,0.476392,0.240895,0.970781,0.398727,1.47253,1.64857,0.274425,0.612996,0.127649
71.285260771,0.0887864,0.103808,0.290138,0.536035,0.0454534,0.986501,0.687957,1.54226,1.29294,1.44732,0.2239,0.169151
71.331700680,0.148483,0.023747,0.303455,0.41954,0.0335573,0.675934,0.844732,0.982163,1.30399,1.39392,0.107532,0.249706
71.378140590,0.0882273,0,0.481256,0.139607,0.398366,0.475093,0.666066,0.578167,1.60858,1.5724,0.367001,0.646629
71.424580499,0,0.0745284,0.637729,0.209448,0.414937,0.439509,0.531852,0.168801,1.62275,2.04737,0.616797,0.709557
71.471020408,0,0.123457,0.918134,0.120503,0.795985,0.424302,0.535068,0.0856156,1.1264,2.15022,0.701924,0.480003
71.517460317,0,0.170327,1.09154,0.284026,0.918568,0.561699,0.449817,0.083466,0.556438,2.07065,0.65851,0.54818
71.563900227,0,0.377769,1.40948,0.463763,0.922704,0.674875,0.347392,0.0849597,0.215339,1.73532,0.759522,0.420244
71.610340136,0,0.472172,1.66533,0.595198,0.51444,1.37607,0.385064,0.202078,0.298208,1.17779,0.360622,0.436435
71.656780045,0.00677285,0.417857,1.41749,0.848389,0.273028,1.94857,0.424111,0.277691,0.197041,0.811004,0.0296527,0.415421
71.703219955,0.211269,0.297873,0.708375,0.684927,0.373094,1.67551,0.397413,0.395123,0.550511,1.06641,0.326005,0.481659
71.749659864,0.703743,0.412238,0.363387,0.323181,0.543999,1.25655,0.303894,0.448208,0.689063,0.862439,0.426585,0.678689
71.796099773,0.667028,0.586001,0.467957,0.226441,0.54232,0.909508,0.271361,0.508332,0.732563,0.189695,0.597171,1.09109
71.842539683,0.401342,0.95308,0.57788,0.435917,0.616682,1.19337,0.16106,0.254203,0.644528,0.285606,0.57639,0.849326
71.888979592,0.346626,1.22041,0.0992148,0.393031,0.79559,0.990051,0.127052,0.471131,0.370615,0.139512,0.87136,0.827581
71.935419501,0.328221,1.37275,0.0300677,0.0948065,0.274872,0.924635,0.111378,1.09261,0.335261,0.0760585,1.23745,0.943511
71.981859410,0.374539,0.723764,0.0955935,0.0637411,0.310991,0.654957,0.106967,1.74049,0.29369,0.138693,1.05692,0.85951
72.028299320,0.70172,0.535182,0.296855,0.0594315,0.210525,0.534284,0.310619,1.54307,0.443763,0.270467,0.984974,0.513808
72.074739229,0.703082,1.1354,0.544981,0,0.0658056,0.489754,0.693898,0.765576,0.713797,0.437575,0.857647,0.668772
72.121179138,0.334082,1.34982,0.800166,0.0433778,0.0234917,0.337137,1.29034,0.125917,1.07437,0.399648,0.492398,0.48826
72.167619048,0.34403,1.14302,1.08626,0.535517,0.295658,0.0777622,1.02627,0.0104517,0.949242,0.305233,0.5589,0.532061
72.214058957,0.498075,0.827354,1.09022,1.31629,0.385333,0.0170614,0.640835,0.0010475,0.592515,0.0886275,0.66244,0.718547
72.260498866,0.173931,0.661011,1.06896,1.70768,0.627355,0.0988181,0.586572,0.0459212,0.392664,0.0992046,0.663125,0.668424
72.306938776,0.000748214,0.0664943,0.42166,1.98668,1.14415,0.305061,0.284889,0.0739395,0.368558,0.493487,0.658832,0.663548
72.353378685,0.000650731,0.0523906,0.164948,1.85454,1.33592,0.442514,0.0800446,0.175299,0.813287,1.01258,0.411946,0.209225
72.399818594,0.223681,0.147504,0.189973,1.41291,0.864301,0.189741,0.193077,0.532636,0.915184,1.12273,0.358943,0.390359
72.446258503,0.615982,0.58612,0.145862,0.809859,0.605079,0.459183,0.10535,0.835877,0.856374,0.213048,0.6386,0.32383
72.492698413,0.556327,0.602044,0,0.789446,0.511942,0.534699,0.172394,0.79053,0.883852,0.20384,0.896178,0.110049
72.539138322,0.126132,0.658243,0,0.642546,0.944081,0.492931,0.127014,0.523989,0.828396,0.266189,1.03191,0.33628
72.585578231,0.000231617,0.867484,0.185013,0.0155207,1.81949,0.240896,0.284024,0.178218,0.581975,0.572634,1.26854,0.692509
72.632018141,0.000312072,0.687961,0.0268535,0.19419,1.87056,0.205017,0.466263,0.103371,0.612041,0.526647,1.64572,0.669421
72.678458050,0.0568573,0.246086,0.0915578,0.584558,1.57037,0.156017,0.597361,0.103601,0.534682,0.446034,1.819,0.34151
72.724897959,0.106101,0.171777,0.227419,0.527245,0.92107,0.61099,0.702698,0.0542363,0.451173,0.288459,1.4643,0.371118
72.771337868,0.192015,0.391252,0.366635,0.560865,0.708582,0.769301,0.471583,0.777719,0.441481,0.262316,1.52392,0.101381
72.817777778,0.0181353,0.23893,0.49894,0.586493,0.340754,1.2728,0.425399,0.873738,0.880907,0.511802,0.565024,0.901479
72.864217687,0.0320745,0.284118,0.369789,0.17554,0.266185,1.19567,0.324659,0.916001,0.439093,0.330778,0.95446,1.31566
72.910657596,0.182897,0.202023,0.326988,0.175034,0.263467,0.79911,0.461965,0.780078,0.318156,0.104865,0.613812,1.51008
72.957097506,0.242344,0.223304,0.370581,0.580271,0.159041,0.463859,0.707231,0.63981,0.431158,0.189607,0.569206,1.2969
73.003537415,0.183311,0.0769501,0.409497,0.932985,0.105117,0.617747,0.514762,1.11222,0.463853,0.384222,0.207075,1.06996
73.049977324,0.29216,0.301384,0.437237,0.325435,0.0329308,0.581073,0.330093,1.54815,0.755743,0.392628,0.496288,0.670825
73.096417234,0.411544,0.376272,0.841287,0.0710996,0.00568058,0.387121,0.143597,1.91534,0.768651,0.415229,0.825117,0.485539
73.142857143,0.56995,0.837643,0.761285,0.455349,0.00664112,0.305704,0.0424285,1.48782,0.311488,1.23081,0.470853,0.986885
73.189297052,0.89345,0.772535,0.279437,0.53447,0.0161586,0.0491635,0.0599071,1.2258,0.148415,1.67692,0.485995,0.993792
73.235736961,1.12075,0.735791,0.0983048,0.395652,0.113154,0.0427062,0.351886,1.22848,0.286887,1.70151,0.460166,1.01274
73.282176871,1.37186,0.561608,0.131936,0.37691,0.27098,0.121275,0.599169,1.34695,0.141741,1.51506,0.265397,0.75391
73.328616780,0.931684,1.11885,0.379274,0.227955,0.00649757,0,1.6473,0.872959,0.648474,0.237515,0.185349,0.864674
73.375056689,0.816215,1.10504,0.340351,0.42124,0.0161741,0.236714,1.67852,0.457495,1.11046,0.17534,0.121139,1.09713
73.421496599,0.707924,1.00055,0.437478,0.646006,0.0216457,0.489962,1.11496,0.384836,1.28038,0.475425,0.116564,1.25239
73.467936508,0.431796,0.831899,1.08459,0.318404,0.0183163,0.702992,0.574805,0.454856,1.26146,0.530151,0.198239,1.28109
73.514376417,0.240982,0.750047,1.58497,0.0231478,0.0329648,0.757836,0.420116,0.517448,0.892565,0.614101,0.166258,1.08026
73.560816327,0.218267,0.106331,1.75636,0.944437,0.00561376,1.07347,0.148851,0.448536,0.449782,0.765788,0.0987456,0.766893
73.607256236,0.00058945,0.205556,1.93205,0.820283,0,1.19779,0.310875,0.00427967,0.121368,1.03254,0.228707,0.900644
73.653696145,0.0515576,0.412428,0.975332,1.18867,0.193469,0.665566,0.26352,0.467,0.0131171,0.535221,0.301992,1.44791
73.700136054,0.119643,0.523507,0.879909,0.786121,0.0222346,0.740131,0.123321,0.264225,0.118411,0.258051,0.345614,1.84763
73.746575964,0.588403,0.354633,0.958395,0.0584931,0.0337815,0.935052,0.570962,0.0176219,0.148435,0.0736439,0.348433,2.44958
73.793015873,0.469995,0.153328,0.627457,0.0413102,0.402521,1.12896,0.853481,0.21077,0.196582,0.0227491,0.26164,2.36132
73.839455782,1.47183,0.00968925,0.43817,0.364621,0.657467,0.662344,1.07531,0.573629,0.0830255,0.146322,0.018799,0.842769
73.885895692,1.62833,0.0229772,0.366636,0.873185,0.4984,0.396988,1.34315,0.624507,0.0310051,0.15561,0.00200196,0.309828
73.932335601,1.74999,0.017593,0,0.624738,0.275651,0.723079,1.41852,0.910708,0.0515888,0.139158,0.728398,0.178683
73.978775510,1.27969,0.0306454,0.381793,0.45739,0.0864553,1.02911,0.855829,1.01282,0.175165,0.0611982,1.22944,0.562312
74.025215420,0.537927,0.0664462,0.510573,0.660526,0.159205,1.11274,0.676816,0.874113,0.214489,0.0450119,1.22606,0.265453
74.071655329,0.0860536,0.191996,0.300037,0.692926,0.185625,0.848445,0.478987,0.8297,0.283509,0.0874099,1.14843,0.0665967
74.118095238,0.136836,1.63551,0.0486998,0.633441,0.133288,0.468281,0.564947,0.81088,0.317774,0.0538917,1.23013,0.342806
74.164535147,0.157401,1.97391,0.207202,0.396715,0.142968,0.257346,0.39946,0.466631,1.02709,0.0429135,0.799415,0.66198
74.210975057,0.143539,1.95859,0.609346,0.175157,0.184561,0.343417,0.553026,0.499144,0.610927,0.0165285,0.192137,0.312848
74.257414966,0.55784,1.11109,1.00698,0.0916383,0.530542,0.432328,0.866062,0.560915,0.206856,0.312233,0.29671,0.195897
74.303854875,1.01367,0.626722,0.958291,0.180752,0.682214,0.410262,0.646947,0.718805,0.274645,0.387427,0.563666,0.574051
74.350294785,1.1198,0.257347,0.513697,0.270259,0.567523,0.393455,0.695926,0.488624,0.347785,0.518207,0.606736,0.506737
74.396734694,0.832241,0.0386307,0.822802,0.191185,0.0425579,0.4145,0.579786,0.579884,0.401129,0.356798,0.773198,0.291924
74.443174603,0.590476,0,1.03557,0.193877,0.192936,0.510571,0.507982,0.909233,0.469264,0.210912,0.301819,0.351167
74.489614512,0.506273,0.00673234,1.02232,0.524708,0.106919,0.729574,0.343471,0.949615,0.547568,0.374804,0.169432,0.305041
74.536054422,0.371669,0.20784,0.977454,0.691088,0.141019,0.956313,0.538753,0.645029,0.427565,0.823754,0.399538,0.289357
74.582494331,0.988396,0.605196,0.46779,1.07473,0.26116,1.02867,0.772717,0.292422,0.574671,0.78246,0.092748,0.161604
74.628934240,1.57716,0.543529,0.392033,0.986921,0.424154,0.719516,1.0274,0.0592047,0.609131,0.362156,0.191421,0.272291
74.675374150,1.55016,0.591749,0.382695,0.371791,0.489338,0.887379,1.0404,0.153922,0.726448,0.115716,0.468466,0.519958
74.721814059,1.15427,0.38778,0.18334,0.339519,0.462417,1.03462,0.937503,0.155446,0.738249,0.484632,0.320695,0.884097
74.768253968,0.348018,0.482703,0.126913,0.338412,0.412417,1.27746,0.625627,0.107971,0.734344,1.25409,0.442205,0.912873
74.814693878,0.169146,0.550523,0.154845,0.378408,0.721126,1.20539,0.375005,0.463746,0.455354,1.65551,0.306767,0.617445
74.861133787,0.0654109,0.280504,0.214898,0.439695,0.71656,1.13285,0.39692,0.619914,0.3431,1.62804,0.0295747,0.301199
74.907573696,0.145856,0.552423,0.4846,0.333273,0.682279,1.12673,0.400431,0.433169,0.281473,1.04908,0.30208,0.186794
74.954013605,0.234491,0.878946,0.859407,0.451081,0.584345,0.843273,0.318699,0.262384,0.918932,0.625457,0.695411,0.0532578
75.000453515,0.158538,1.18227,0.918675,0.201967,0.137004,0.537297,0.759185,0.183433,1.1206,0.482991,0.563301,0.138696
75.046893424,0.085725,1.01157,1.32414,0.00548101,0.000568348,0.495421,0.800843,0.214683,1.25711,0.956736,0.493088,0.230183
75.093333333,0.0011141,0.819008,2.12476,0,0,0.38464,0.729494,0.643705,1.19359,0.681207,0.571805,0.195689
75.139773243,0,0,2.46505,0,0,0.278312,0.674484,0.848469,1.0916,0.593744,0.762885,0.267254
75.186213152,0,0,2.27535,0,0.0108113,0.26545,0.45582,1.45208,0.902427,0.689896,1.24364,0.732138
75.232653061,0,0,1.97809,0.130267,0.0742339,0.149093,0.0276719,2.29134,0.192008,0.949549,1.96203,0.100439
75.279092971,0,0,2.13913,0.177396,0.0515219,0.0563435,0.0291628,2.3745,0.0250543,1.32628,2.32896,0.0541872
75.325532880,0,0,2.32689,0.177195,0.086577,0.163841,0.0286874,2.19907,0.0354553,1.48679,2.26509,0.00170411
75.371972789,0.00537451,0.0488584,2.32088,0.113333,0.215147,0.191108,0.0236939,2.31225,0.167829,1.49551,2.44729,0
75.418412698,0.0274806,0.0448657,2.22081,0.0615155,0.121582,0.170767,0.246076,2.69499,0.446408,1.09889,2.73823,0
75.464852608,0.110311,0.000229056,2.01961,0.0459526,0,0.0962116,0.117937,2.80981,0.559126,0.706732,2.96161,0.140652
75.511292517,0.15401,0.34803,1.58782,0.106674,0.0128759,0.136911,0.111928,2.04587,0.810899,1.23966,2.18695,0.153327
75.557732426,0.236874,0.481757,1.6471,0.0492405,0.0311631,0.196645,0.113413,0.767947,1.35085,1.26532,0.940774,0.152025
75.604172336,0.30047,0.26259,1.51075,0.118716,0.0319846,0.210897,0.122906,0.106358,1.58855,1.11715,0.416397,0.13571
75.650612245,0.381234,0.153821,2.12554,0.109922,0.0426634,0.00414636,0.21872,0.12888,1.42528,1.29175,0.77722,0.327098
75.697052154,0.335314,0.00540454,2.30632,0.27365,0.0447058,0.0608324,0.313242,0.485075,1.43827,1.356,0.760771,0.530666
75.743492063,0.419389,0.0346458,2.36335,0.334308,0.0452692,0.015691,0.320703,0.243696,1.51632,1.42904,0.867712,0.433325
75.789931973,0.44857,0.0784683,2.30415,0.308868,0.0452876,0,0.2567,0.147202,1.67909,1.39729,0.892708,0.240576
75.836371882,0.390527,0.150872,2.11851,0.111186,0.0390576,0.214682,0.168969,0.146579,1.62897,1.36002,1.00997,0.0177423
75.882811791,0.224379,0.507747,1.94323,0.228907,0.0262598,0.0956209,0.120108,0.245465,1.7394,1.14674,1.04012,0
75.929251701,0.153922,0.514844,1.97269,0.259957,0.0202539,0.343296,0.245117,0.193345,1.9813,0.955418,0.839633,0.15142
75.975691610,0.315115,0.687625,1.40826,0.304389,0.0200396,0.401617,0.598737,0.0817548,1.91673,0.756909,0.670662,0.166257
76.022131519,0.466854,0.503867,1.05168,0.186536,0.0271813,0.273936,0.371766,0.0910041,1.96802,0.854864,0.475238,0.159465
76.068571429,0.382231,0.164942,1.25004,0.155056,0.0282767,0.161422,0.125828,0.0973741,1.97059,0.913234,0.383469,0.140973
76.115011338,0.410502,0,1.41488,0.17172,0.0364792,0.130339,0.143921,0.104957,1.87417,1.35005,0.751838,0.117922
76.161451247,0.386583,0.00634721,1.63893,0.157371,0.0516855,0.236549,0.160329,0.108003,1.65144,1.32255,0.671418,0.323731
76.207891156,0.323599,0,1.69221,0.229359,0.0545692,0.260375,0.313845,0.12619,1.53089,1.33436,0.622092,0.430424
76.254331066,0.242548,0,1.64314,0.237096,0.0567192,0.214657,0.30499,0.113212,1.7798,1.35641,0.617712,0.371447
76.300770975,0.136907,0.254878,1.2341,0.011083,0.0506226,0.211562,0.524497,0.171296,1.78847,1.11489,0.789728,0.0855831
76.347210884,0.16956,0.407145,0.798645,0.100334,0.214394,0.0597091,0.739373,0.187247,1.86727,0.62872,0.929755,0
76.393650794,0.220434,0.787674,0.948802,0.0573204,0.579966,0.266736,0.409967,0.144177,1.74765,0.407932,0.961265,0.151303
76.440090703,0.161473,0.942087,0.687714,0.0723064,0.623236,0.382602,0.265127,0.134344,1.6132,0.918748,0.703317,0.14962
76.486530612,0.17642,0.963435,0.866966,0.0444789,0.75084,0.506036,0.232499,0.112026,1.56919,1.22385,0.349797,0.139821
76.532970522,0.203369,0.842099,1.25682,0.0774479,0.707481,0.355325,0.157097,0.114372,1.48487,1.17645,0.283751,0.115278
76.579410431,0.211586,0.00843255,1.6942,0.204234,0.0445064,0.0805883,0.18049,0.149627,1.509,1.34275,0.737337,0.247026
76.625850340,0.205491,0.0112615,1.66621,0.203608,0.0498149,0.161122,0.54923,0.320876,1.59585,1.18229,0.782936,0.40277
76.672290249,0.176246,0.100405,1.39499,0.263894,0.049854,0.0301484,1.06143,0.316528,1.65577,1.07636,0.745319,0.486715
76.718730159,0.175378,0.118685,1.14182,0.247079,0.0470096,0.00701984,0.974156,0.167893,1.70694,1.26403,0.691647,0.253733
76.765170068,0.199476,0.0814384,0.776893,0.109469,0.0392185,0.0838692,0.469617,0.17127,1.91511,1.55682,0.853587,0
76.811609977,0.218471,0.196592,1.01547,0.229048,0.0304604,0.000416656,0.150512,0.156391,1.93546,1.34225,0.895528,0
76.858049887,0.348799,0.345327,1.17937,0.277753,0.033313,0.219949,0.173734,0.118881,1.76463,1.22418,0.742524,0.118869
76.904489796,0.332911,0.516655,0.985789,0.208095,0.0315242,0.310816,0.195124,0.143541,1.99772,1.11958,0.263653,0.152072
76.950929705,0.388429,0.522702,0.697139,0.205644,0.0313707,0.304901,0.403937,0.159073,1.89195,0.958458,0.193224,0.162259
76.997369615,0.436018,0.295864,1.09633,0.237478,0.0973632,0.207683,0.172444,0.111049,1.92017,0.973307,0.185136,0.143975
77.043809524,0.445401,0.121979,1.03183,0.216023,0.128248,0.29172,0.165219,0.126374,1.88804,1.06553,0.162897,0.175919
77.090249433,0.392113,0.0918845,1.00065,0.154637,0.0834999,0.44342,0.152797,0.127028,1.9741,1.0275,0.129652,0.323508
77.136689342,0.37477,0.0262272,0.890333,0.255918,0.0969363,0.114748,0.151045,0.111755,2.06892,1.36616,0.636055,0.120393
77.183129252,0.228134,0.26951,0.884119,0.337759,0.1343,0.191807,0.151787,0.108269,2.0664,1.41576,0.722712,0.0583322
77.229569161,0.296235,0.536882,0.867623,0.192813,0.234743,0.0340423,0.179877,0.101459,1.86504,1.39161,0.788906,0.129694
77.276009070,0.244665,0.694022,0.916752,0.143131,0.223802,0.0385872,0.319243,0.11101,1.63001,1.39473,0.70789,0.133793
77.322448980,0.324311,0.831769,1.16695,0.114008,0.0441574,0.0201184,0.275386,0.108359,1.83634,1.26496,0.621724,0.230624
77.368888889,0.203656,0.785153,1.16311,0.248304,0.0359938,0.0375177,0.384705,0.121256,1.78431,1.2595,0.362879,0.39675
77.415328798,0.196377,0.836916,0.838587,0.224229,0.0353675,0.170564,0.334473,0.145795,1.77072,1.32293,0.188207,0.185967
77.461768707,0.256841,0.729405,1.0245,0.237811,0.0364166,0.216806,0.159797,0.115396,1.52623,1.05221,0.179954,0.136445
77.508208617,0.486794,0.338606,0.914483,0.232013,0.0398112,0.106619,0.223004,0.119546,1.47824,1.18854,0.607478,0.249792
77.554648526,0.58148,0.12299,1.36903,0.280496,0.0473395,0.0538704,0.431143,0.122712,1.66653,1.3684,0.699625,0.589463
77.601088435,0.655783,0.144594,1.41,0.355294,0.04444,0,0.478786,0.119403,1.56147,1.44368,0.669375,0.658033
77.647528345,0.593036,0.150618,1.28949,0.373926,0.0452838,0.00851635,0.343416,0.106096,1.73252,1.43435,0.711052,0.423527
77.693968254,0.526467,0.170187,0.920704,0.40352,0.0428744,0.14586,0.19666,0.14255,1.63845,1.45733,0.840373,0.151151
77.740408163,0.430679,0.434629,1.07758,0.252294,0.0372432,0.0145144,0.149624,0.149735,1.63309,1.0708,0.910072,0
77.786848073,0.521937,0.787026,1.45428,0.136865,0.036553,0.174773,0.265777,0.118646,1.9981,0.878177,0.713712,0.0595485
77.833287982,0.379519,1.03035,1.25636,0.165516,0.0311093,0.388198,0.730384,0.120267,2.01251,0.407434,0.404685,0.159175
77.879727891,0.558691,0.811157,0.622064,0.13517,0.0327695,0.335498,0.64549,0.178722,1.88544,0.726601,0.205303,0.172868
77.926167800,0.382581,0.189142,0.802207,0.167971,0.0769515,0.352957,0.357836,0.1278,1.89802,1.29554,0.139623,0.220211
77.972607710,0.285223,0.00229789,0.965479,0.125098,0.0707323,0.214398,0.230397,0.134847,1.94509,1.73546,0.148543,0.378928
78.019047619,0.390439,0,1.15763,0.126655,0.0416388,0.320725,0.224921,0.150906,1.8954,1.70433,0.142918,0.397156
78.065487528,0.372374,0.302837,1.2246,0.0890385,0.0494085,0.496742,0.277497,0.180705,1.76835,1.53226,0.0869889,0.411249
78.111927438,0.288202,0.376805,1.27175,0.11789,0.0528088,0.528379,0.334943,0.168667,1.6419,1.46557,0.160154,0.353398
78.158367347,0.278791,0.0848535,1.40428,0.130319,0.0794758,0.170063,0.575875,0.142639,1.62999,0.91942,0.515454,0.207713
78.204807256,0.300765,0.101756,1.42447,0,0.252811,0.0500617,1.09857,0.108939,1.63563,0.691979,0.698469,0.205009
78.251247166,0.301533,0.567216,0.654089,0.160349,0.301191,0.296231,0.913553,0.12533,1.83399,1.00589,0.763463,0.285057
78.297687075,0.17146,0.862589,0.73716,0.570498,0.540283,0.55682,0.471056,0.0805301,1.71339,1.02922,0.675158,0.243555
78.344126984,0.0791988,1.01914,0.550707,0.728398,0.234783,0.577513,0.139894,0.0861801,1.64995,1.66593,0.485143,0.163934
78.390566893,0.0766167,0.944869,0.926293,0.471557,0.228095,0.890145,0.114273,0.148306,1.51931,1.67512,0.20883,0.135496
78.437006803,0.265602,0.403338,0.85506,0.966501,0,0.695593,0.187319,0.103928,1.77993,1.57432,0.448563,0.119237
78.483446712,0.479154,0.0122643,0.74924,1.1108,0.018058,0.625796,0.495824,0.109165,1.45961,1.55222,0.675597,0.130807
78.529886621,0.530787,0.0696748,0.633884,0.927725,0.152688,0.3813,0.499995,0.106046,1.49827,1.0869,0.706449,0.152834
78.576326531,0.366318,0.205822,0.568454,0.575879,0.181846,0.419184,0.417631,0.113871,1.56896,1.16759,0.775646,0.133969
78.622766440,0.283247,0.615338,0.660202,0.426111,0.161749,0.674371,0.323438,0.138946,1.62299,1.44033,0.64239,0.0127127
78.669206349,0.342065,0.973295,0.727557,0.29491,0.360373,0.561971,0.375015,0.144632,1.75887,1.37545,0.548294,0
78.715646259,0.344844,1.24895,0.752656,0.426078,0.143396,0.685189,0.258563,0.14572,1.58978,1.31727,0.0482346,0
78.762086168,0.2834,0.735609,1.55984,0.790888,0.111507,0.413597,0.232873,0.137169,1.64595,1.16474,0.0968675,0.150234
78.808526077,0.182908,0.443927,1.73524,0.209774,0.0998308,0.352115,0.124522,1.37033,1.37323,1.02386,0.990462,0.182411
78.854965986,0.0284633,0.305644,1.85649,0.126735,0.393048,0.423623,0.401219,2.27305,0.471798,0.219631,2.18857,0.168036
78.901405896,0.00690428,0.12427,1.96028,0.118633,0.394693,0.216428,0.471602,2.64742,0.286859,0.272665,2.47142,0.217708
78.947845805,0.0652174,0.00782471,2.02183,0.120684,0.300136,0.0131539,0.325131,2.97799,0.206536,0.165391,2.6861,0.475099
78.994285714,0.115974,0,2.18811,0.0889933,0.173379,0.0423358,0.223174,3.27695,0.090102,0.14337,2.67264,0.396941
79.040725624,0.0561987,0.000478254,2.52099,0.0989273,0.059074,0.034993,0.126844,3.60658,0.0203721,0.0984974,2.55885,0.0797217
79.087165533,0.0217943,0,2.77835,0.110644,0.000627445,0.00647875,0.0352262,3.63676,0.0489505,0.366364,2.2163,0.0753387
79.133605442,0.0688238,0.0714084,3.16196,0.0503068,0.00839984,0.00338931,0.139093,3.28352,0.305322,0.319806,1.91678,0.0763919
79.180045351,0.151632,0.10201,3.32576,0.0372878,0.010736,0.00850667,0.237945,3.02138,0.454505,0.464634,1.87212,0
79.226485261,0.147736,0,3.2486,0.0612215,0.00403284,0.0136007,0.146364,2.8179,0.684099,0.804595,1.63277,0.125277
79.272925170,0.168486,0.249518,2.61961,0.0685016,0.0297053,0.106759,0.104439,1.69399,1.20289,1.20102,0.893673,0.147998
79.319365079,0.209422,0.225958,2.40895,0.00717497,0.0396545,0.176149,0.122613,0.377637,1.59881,1.24561,0.565138,0.142576
79.365804989,0.218111,0.273895,2.24001,0.0777949,0.0414901,0.258583,0.151409,0.110601,1.5848,0.999768,0.239938,0.144322
79.412244898,0.533144,0.0470411,1.96908,0.285058,0.0402211,0.115798,0.461477,0.141903,1.371,1.30557,0.760749,0.461336
79.458684807,0.610932,0.0130202,1.73655,0.35179,0.0362819,0.120775,0.448708,0.277678,1.42494,1.28391,0.702936,0.706112
79.505124717,0.601943,0.17905,1.64191,0.428694,0.0387534,0.0823311,0.413422,0.122205,1.59504,1.33319,0.664804,0.5189
79.551564626,0.54199,0.131441,1.56447,0.474692,0.039077,0.216412,0.319304,0.114544,1.5951,1.35808,0.641952,0.225035
79.598004535,0.546647,0.171434,1.50892,0.221241,0.035268,0.224215,0.164438,0.232325,1.62348,1.15386,0.919636,0
79.644444444,0.338774,0.686701,1.55675,0.198036,0.0279174,0,0.197321,0.348798,1.58392,1.04678,1.1009,0
79.690884354,0.453756,0.887625,1.81751,0.054671,0.0276647,0.304396,0.555386,0.278369,1.92032,0.516069,0.755575,0.147307
79.737324263,0.646224,0.88763,0.825882,0.110754,0.0309336,0.333439,0.705587,0.176482,1.8622,0.582604,0.318735,0.164466
79.783764172,0.575064,0.527875,0.932207,0.185889,0.0309851,0.257764,0.31439,0.104365,1.87414,0.85051,0.183295,0.152586
79.830204082,0.372265,0.128326,1.14698,0.18079,0.0294221,0.230319,0.150417,0.112852,1.94797,1.11861,0.247619,0.135103
79.876643991,0.367008,0.00698363,1.31049,0.122145,0.0947279,0.104787,0.203954,0.123393,1.86327,1.57654,0.792655,0.115056
79.923083900,0.263468,0.147342,1.42402,0.125376,0.0505394,0.130932,0.315849,0.149971,1.65231,1.54708,0.766985,0.281692
79.969523810,0.244576,0.329252,1.4842,0.199298,0.0503953,0.262785,0.377818,0.142553,1.51933,1.33348,0.741326,0.345889
80.015963719,0.2463,0.397168,1.50773,0.162257,0.0484324,0.0477417,0.410392,0.124815,1.64195,1.06094,0.820789,0.2105
80.062403628,0.247277,0.0136926,1.59107,0,0.259719,0.0691635,0.968553,0.101729,1.59871,0.680078,0.818547,0.144858
80.108843537,0.235972,0.129418,0.82329,0.154353,0.15442,0.0225472,1.02044,0.113049,1.79744,1.00855,0.800895,0.260739
80.155283447,0.267986,0.377891,0.993769,0.0313116,0.585714,0.211198,0.601238,0.0918329,1.95614,1.05997,0.745027,0.197124
80.201723356,0.165559,0.718635,0.684996,0.0382648,0.762118,0.415842,0.398257,0.156826,1.79752,1.49054,0.659778,0.155432
80.248163265,0.153375,0.779918,0.908215,0.0053067,0.987974,0.550321,0.283543,0.111521,1.58246,1.32816,0.360372,0.133828
80.294603175,0.201227,0.516598,0.963308,0.15049,0.751012,0.414676,0.168099,0.117602,1.62768,1.25258,0.276773,0.134885
80.341043084,0.218439,0.141725,1.49537,0.153166,0.047121,0.0888961,0.31111,0.17423,1.48424,1.41587,0.668343,0.260186
80.387482993,0.216098,0.332732,1.49218,0.184566,0.0503935,0.0839306,0.690469,0.36628,1.6115,1.16228,0.603163,0.405235
80.433922902,0.185216,0.362441,1.31684,0.203868,0.0490886,0.0351828,1.09047,0.331964,1.66302,1.10947,0.622946,0.440714
80.480362812,0.309083,0.249176,1.01842,0.256417,0.0435858,0.00372502,0.874101,0.11565,1.73003,1.32298,0.597994,0.181847
80.526802721,0.328836,0.151179,0.65372,0.160518,0.035916,0.0966356,0.37224,0.158335,1.92969,1.54758,0.831139,0
80.573242630,0.225528,0.280698,0.961708,0.27772,0.0519565,0.0686878,0.170013,0.146071,1.9544,1.28901,0.817917,0
80.619682540,0.420386,0.406965,1.1637,0.318762,0.0559471,0.258196,0.18584,0.106329,1.75833,1.14519,0.476732,0.136982
80.666122449,0.369315,0.605625,0.758336,0.177858,0.0315496,0.301093,0.241583,0.164778,1.99122,1.07104,0.191038,0.160741
80.712562358,0.406879,0.444906,0.799085,0.206646,0.0321421,0.291277,0.347804,0.125803,1.9502,0.870766,0.195782,0.157528
80.759002268,0.338321,0.242545,1.09246,0.235523,0.0308655,0.245654,0.160805,0.112713,1.90651,0.865951,0.164144,0.142927
80.805442177,0.25465,0.331245,0.999607,0.257122,0.0302178,0.818199,0.146821,0.12426,1.80955,0.869465,0.154365,0.53056
80.851882086,0.229813,0.366891,1.09761,0.297751,0.0650289,1.0305,0.12207,0.111699,1.71815,0.72051,0.0989195,0.676009
80.898321995,0.234207,0.251708,0.84243,0.45033,0.0554128,0.480745,0.181671,0.102597,1.70414,1.27018,0.828265,0.0754539
80.944761905,0.460875,0.237091,0.883906,0.182638,0.104982,0.350496,0.308424,0.10933,1.57549,1.34493,0.784128,0.253359
80.991201814,0.36217,0.0677358,1.03812,0.181463,0.251257,0.288773,0.418427,0.1003,1.4166,1.32779,0.866982,0.383907
81.037641723,0.125574,0.306208,1.15359,0.188777,0.0773535,0.224837,0.508952,0.157006,1.37679,1.24732,0.785639,0.536437
81.084081633,0.168417,0.70726,1.4656,0.291386,0.00776121,0.0391976,0.576707,0.10201,1.54106,1.2187,0.557828,0.797694
81.130521542,0.154257,0.846567,1.04281,0.301706,0.0268878,0.0880325,0.476116,0.2178,1.66053,1.3813,0.305002,0.453971
81.176961451,0.196675,0.856124,0.928883,0.212794,0.0323845,0.192541,0.307521,0.150145,1.73357,1.21725,0.189705,0.165243
81.223401361,0.283808,0.660205,1.04085,0.201752,0.0358664,0.271938,0.161052,0.117886,1.53002,1.04853,0.18289,0.132019
81.269841270,0.495539,0.362837,1.00119,0.211045,0.0415953,0.0131457,0.333325,0.116587,1.47456,1.32547,0.695102,0.311808
81.316281179,0.635922,0.338884,1.34293,0.357221,0.043516,0.129762,0.504131,0.121983,1.6094,1.33775,0.597832,0.603011
81.362721088,0.662836,0.25117,1.39913,0.367498,0.0422719,0.00433421,0.508266,0.110163,1.61578,1.4429,0.640063,0.588049
81.409160998,0.63062,0.223377,1.281,0.394867,0.0429414,0.0223215,0.385662,0.105919,1.78414,1.41529,0.686344,0.363141
81.455600907,0.525124,0.215486,0.869133,0.226807,0.057092,0.178005,0.215571,0.135391,1.69347,1.37524,0.855788,0.107251
81.502040816,0.644247,0.817305,1.10934,0.210116,0.0355864,0.198693,0.215727,0.113203,1.56696,0.988474,0.555447,0.00896388
81.548480726,0.979265,1.0296,1.17209,0.0218016,0.0289507,0.336389,0.556894,0.0785923,1.8065,1.17859,0.189951,0.189013
81.594920635,0.749148,1.12936,0.762266,0.00252655,0.0341245,0.406482,1.1654,0.0526145,1.439,0.794663,0.320984,0.197118
81.641360544,0.368517,0.985839,0.614342,0,0.040545,0.393493,0.731336,0.0686828,1.77336,1.04025,0.247863,0.172962
81.687800454,0.155661,0.333146,0.823506,0.0746431,0.0418332,0.345158,0.259654,0.0850644,1.9956,1.39217,0.17743,0.320536
81.734240363,0.272163,0,0.815703,0.033308,0.0503381,1.00736,0.338035,0.10186,1.95686,1.71796,0.134014,0.287312
81.780680272,0.336519,0.00469245,0.979801,0.0648114,0.312446,1.42584,0.591724,0.123021,1.69617,1.58316,0.1344,0.181404
81.827120181,0.431136,0.0350448,1.23592,0.106443,0.40768,1.43132,0.537052,0.140774,1.72714,1.51174,0.17526,0.293659
81.873560091,0.351768,0.00445026,1.23261,0,0.472783,1.31826,0.463907,0.141134,1.92919,1.15362,0.585472,0.319724
81.920000000,0,0,1.15478,0,0.697613,0.516229,0.616823,0.824201,1.7936,0.5445,1.21604,0.123366
81.966439909,0.0835247,0,1.20249,0,0.402055,0.0744139,1.01711,0.910297,1.39399,0.434512,1.16298,0.0107065
82.012879819,0.0440281,0,1.03663,0.0897199,0.0475495,0.1583,1.01939,0.452755,1.79237,0.826085,0.97847,0.0177323
82.059319728,0.326824,0.141269,0.805069,0.107433,0.0614704,0.763639,0.695273,0.218818,1.61942,1.22071,0.654435,0.100095
82.105759637,0.361207,0.346047,0.555347,0.17934,0.242487,1.00197,0.436453,0.671855,1.81203,1.38489,0.0734029,0.0495306
82.152199546,0.16831,0.118571,0.572978,0.14512,0.352708,1.03993,0.430003,1.05543,1.94269,1.2026,0.198707,0.0292964
82.198639456,0.0793588,0.0866065,0.630373,0.0131214,0.187766,1.17508,0.395747,1.19118,1.75694,1.02622,0.52292,0.636469
82.245079365,0.0473875,0.108292,0.298676,0.0301065,0.194452,0.968905,0.490696,0.966338,1.91508,1.00277,0.907522,0.612281
82.291519274,0.0711162,0.00630026,0.829551,0.00326702,0.113188,0.699378,0.544309,0.135991,1.54825,1.17533,1.20403,0.765034
82.337959184,0.204898,0,0.689135,0.145874,0.389953,0.0582929,0.534831,0.233196,1.30834,1.44516,1.08395,0.297233
82.384399093,0.197926,0.0711679,0.548764,0.00859483,0.713002,0.0239808,0.625774,0.563788,1.69657,1.15056,0.884794,0.118242
82.430839002,0.417282,0.148242,0.581539,0.0271378,0.778122,0.116267,0.548917,0.685826,1.80582,1.14345,0.40483,0.0196985
82.477278912,0.449347,0.683816,0.884527,0.2085,0.465853,0.558887,0.507412,0.401404,1.50869,1.51025,0.0728732,0.084659
82.523718821,0.305589,0.565839,1.50149,0.0587017,0.509561,1.07911,0.286751,0.418792,1.64354,1.43911,0.156225,0.24624
82.570158730,0.483544,0.344099,1.77234,0.125307,0.314917,1.09128,0.30952,0.30734,1.19058,1.44261,0.438096,0.416196
82.616598639,0.69493,0.260927,1.93062,0.228025,0.642614,0.932089,0.344437,0.477053,0.0319741,0.937261,0.638597,0.889003
82.663038549,0.856267,0.313166,2.11347,0.237481,0.883735,0.726158,0.0428872,1.32041,0.0273272,0.34914,0.456895,0.934209
82.709478458,0.673301,0.504927,1.9645,0.246276,0.753503,0.496619,0.0269995,2.33277,0.053863,0.186019,0.499507,0.964612
82.755918367,0.816551,0.371755,1.82626,0.259536,0.813992,0.464255,0,2.54992,0.126448,0.132079,0.487141,0.821695
82.802358277,1.00942,0.229945,1.4317,0.253749,0.670148,0.480097,0.160068,2.54752,0.187013,0.0017301,0.247746,0.728485
82.848798186,0.848391,0.0201779,1.1449,0.675282,0.632247,0.0147969,0.484707,2.62376,0.220407,0.00538072,0.20611,0.509048
82.895238095,0.239196,0,1.56943,0.332218,0.444932,0.69718,0.480002,2.24256,0.568387,0.316887,0.49313,0.563219
82.941678005,0.0502869,0.106221,1.99879,0.21145,0.271326,0.686552,0.438723,1.98968,0.516242,0.485045,0.852531,0.612543
82.988117914,0,0.124326,2.23931,0.150882,0.0182481,0.502811,0.526859,1.56431,0.761118,0.274815,1.06505,0.395381
83.034557823,0.0197301,0.169008,1.40796,0,0,0.197764,0.635935,0.920826,1.35775,0.291289,1.34112,0.181598
83.080997732,0.014887,0.0497366,1.25258,0,0,0.295799,0.873299,0.287042,1.59296,0.52607,1.28214,0.092963
83.127437642,0.104753,0,0.648101,0,0,0.611424,0.872191,0.69975,1.25328,0.551396,0.828546,0.709796
83.173877551,0.272303,0.150136,0.65671,0,0.318349,0.864801,0.942208,1.28467,0.893815,0.313534,0.248747,0.12514
83.220317460,0.317022,0.354904,0.704252,0,0.507187,0.785506,0.845256,1.48691,1.16687,0.181746,0.118383,0.101479
83.266757370,0.339252,0.419516,0.682412,0.0435387,0.362255,0.28256,0.883632,1.55753,0.864629,0.197859,0.197935,0.026464
83.313197279,0.395485,0.169833,0.892979,0.346479,0.0549355,0,1.26328,1.33183,0.982041,0.127192,0.30303,0.066464
83.359637188,0.253792,0.156255,0.532212,0.0317936,0.0140461,0.246618,0.98332,1.0454,1.53804,0.306468,0.645924,0.241521
83.406077098,0.182794,0.122639,0.299563,0.000487169,0,0.692656,0.909673,1.06796,1.79133,0.362363,0.827863,0.411662
83.452517007,0.116159,0.229098,0.296774,0.00995646,0,0.577722,0.796681,1.07375,1.74995,0.348585,0.844427,0.507684
83.498956916,0.0645444,0.336217,0.28996,0,0,0.468442,0.840088,1.06181,1.53908,0.266648,0.827445,0.375235
83.545396825,0.00919865,0.203941,0.189881,0,0,0.453238,1.02992,0.984119,1.37557,0.323748,0.74667,0.121063
83.591836735,0.0920733,0,0.0977219,0,0.019063,0.586962,1.06789,0.669272,1.16479,0.447268,0.636213,0.108322
83.638276644,0.555955,0.074726,0.259153,0,0.110796,1.17715,1.21615,0.228046,1.06248,0.316397,0.352977,0.115263
83.684716553,0.677112,0.200187,0.463475,0.0035344,0.110691,1.1856,0.883603,0.612368,0.961955,0.13816,0.55786,0.515143
83.731156463,0.482441,0.115377,0.400466,0.00592784,0.297181,1.08696,0.816372,0.511641,1.02178,0.00657179,0.434254,0.252678
83.777596372,0.399622,0.197546,0.237118,0.00359427,0.417407,0.676511,1.13895,0.553781,1.37222,0,0.659692,0.164056
83.824036281,0.326631,0.238268,0.185272,0.0515504,0.612076,0.430226,1.2204,0.683807,1.28979,0,0.625112,0.163376
83.870476190,0.138845,0.133205,0.237053,0.169501,0.778066,0.286098,1.30855,0.849225,1.21177,0,0.604908,0.101219
83.916916100,0.119615,0.0238085,0.353229,0.062572,0.837953,0.396027,1.40006,0.74364,1.22887,0.0535495,0.663897,0.497789
83.963356009,0.226731,0.144688,0.825074,0.00398494,0.399829,0.753083,1.11012,0.0614678,1.10581,0.0683903,0.661205,0.713497
84.009795918,0.373598,0.0039433,0.973745,0,0.201095,0.733594,1.08378,0.225119,1.01056,0.00447867,0.492782,0.144823
84.056235828,0.330015,0.00214711,0.91591,0,0.178948,0.171448,1.02134,1.15136,0.964626,0.0204327,0.591857,0.127418
84.102675737,0.246552,0.159358,0.774954,0.0537553,0.0917747,0.583667,1.0245,1.26064,0.869554,0,0.813103,0.114936
84.149115646,0.0352693,0.31999,0.667477,0.000277235,0.0806721,0.580807,0.827579,1.23091,0.917614,0,1.08101,0.386912
84.195555556,0.00479208,0.31115,0.462234,0.115516,0.127214,0.49395,0.713369,1.08321,1.01169,0.0063701,1.0098,0.459855
84.241995465,0,0.0885222,0.321837,0.0968166,0.180345,0.39556,0.869754,0.991902,1.12922,0.0205426,0.983914,0.288404
84.288435374,0.195773,0.206522,0.673151,0.117937,0.551172,0.34974,0.903266,0.775712,1.00104,0.0540716,0.592042,0.245653
84.334875283,0.19248,0,0.487492,0.0832166,0.647559,0.173684,1.47252,0.055228,1.30952,0.0907036,1.15349,0.0775079
84.381315193,0.190185,0,0.464212,0,0.774082,0.492083,1.56101,0.279247,1.34146,0.109317,1.42475,0.0576729
84.427755102,0.167871,0,0.426675,0,0.752423,0.875118,1.66598,0.353657,1.17993,0.121469,1.44835,0.0420582
84.474195011,0.0962037,0.0425107,0.25516,0,0.527394,0.800019,1.99465,0.418914,1.39971,0.198887,1.16551,0.0294533
84.520634921,0.0463066,0.0260908,0.150549,0,0.317694,0.60375,1.85641,0.47182,1.49107,0.38219,0.754739,0.0853408
84.567074830,0.213155,0.0148061,0.39507,0.000509375,0,0.738527,1.12165,0.407569,1.40925,0.409039,0.291705,0.518618
84.613514739,0.297193,0.29114,0.462896,0,0.0991744,0.654966,1.14302,0.534816,1.4369,0.156537,0.206524,0.920329
84.659954649,0.333353,0.369158,0.513361,0,0.0755488,0.405641,1.18738,0.624236,1.20147,0.46716,0.207774,0.772992
84.706394558,0.345688,0.23316,0.643655,0.00795907,0.468734,0.0217571,1.03379,0.53543,1.0219,0.525037,0.441834,0.333671
84.752834467,0.258444,0.00108625,0.382082,0.0137212,0.0270214,0,1.10065,0.774947,1.18504,0.43597,0.692249,0.168194
84.799274376,0.200111,0.0517868,0.308505,0.00139832,0,0.633917,1.5914,0.567078,1.57932,0.355626,0.876612,0.0155321
84.845714286,0.119846,0.0105823,0.27158,0,0.17104,0.70021,1.82111,0.480974,1.60847,0.364241,1.06594,0.0319904
84.892154195,0.0689104,0.0759835,0.206389,0,0.416339,0.713027,1.83203,0.505045,1.40875,0.287337,1.17422,0.0483447
84.938594104,0.010263,0.0946421,0.263702,0,0.194796,0.572109,1.92898,0.521293,1.69929,0.273224,0.93537,0.0898046
84.985034014,0.0257955,0.022217,0.234179,0,0.0289625,0.591017,1.78341,0.502558,1.71434,0.376901,0.661379,0.104404
85.031473923,0.202368,0.0202567,0.152467,0.00137951,0.0166552,0.730839,1.152,0.403126,1.35314,0.399231,0.328904,0.365165
85.077913832,0.296829,0.249758,0.159956,0,0.12278,0.670668,1.24742,0.472032,1.38362,0.128481,0.245277,0.709414
85.124353741,0.325164,0.386756,0.404859,0.00292897,0,0.427843,1.28739,0.557184,1.07792,0.411596,0.255858,0.552394
85.170793651,0.36948,0.408873,0.605502,0.0210497,0.226152,0.0244585,1.13208,0.56615,0.797099,0.57411,0.416167,0.240598
85.217233560,0.290835,0.000650204,0.848794,0.0105945,0,0,0.898309,0.640929,1.19,1.08608,0.466508,0.544539
85.263673469,0.248506,0.00856856,0.862549,0.124187,0,0.652512,1.06404,0.364794,1.12404,0.883465,0.472747,0.746516
85.310113379,0.201094,0.389522,0.964778,0.546217,0.00164239,0.794217,1.15677,0.0463278,0.704279,0.84279,0.33169,1.01434
85.356553288,0.145669,0.647225,0.837345,0.547724,0.192141,0.676815,0.719637,0.121718,0.682286,0.573478,0.201723,1.12095
85.402993197,0.0751911,0.726716,0.301146,0.316265,0.408485,0.992948,0.513222,0.185727,1.497,0.1905,0.183113,1.08338
85.449433107,0.0590407,0.734924,0.123929,0.191097,0.629125,1.07583,0.385755,0.25524,1.52999,0.13456,0.228172,0.99565
85.495873016,0.158732,0.722462,0.152838,0.236095,0.52387,1.35844,0.263429,0.248141,1.42867,0.278292,0.211494,0.95794
85.542312925,0.299345,0.836853,0.363482,0.0469804,0.132099,1.53714,0.277807,0.158832,1.34321,0.590691,0.240134,1.09743
85.588752834,0.707249,0.225725,0.879052,0,0.132599,1.19047,0.816506,0.0581555,1.43819,0.515582,0.605758,0.730152
85.635192744,0.278068,0.4234,0.771307,0,0.169913,1.28899,1.35611,0.104063,1.41288,0.406145,0.690323,0.574615
85.681632653,0,1.17793,0.611691,0.0451782,0.135653,1.02041,1.5892,0.137951,1.0925,0.417156,0.597933,0.272134
85.728072562,0,1.53041,0.700877,0.136844,0.0479461,0.954213,1.4669,0.137745,1.15864,0.494182,0.331624,0.159325
85.774512472,0,1.44118,0.612943,0.293233,0.0591421,1.0255,0.956682,0.062391,1.51644,0.658925,0.258032,0.0351039
85.820952381,0.0708192,0.650456,0.589845,0.125933,0.0756911,1.31412,0.668973,0.0937489,1.75622,1.2872,0.253656,0.0524455
85.867392290,0.160582,0.39945,0.520447,0.0167792,0.0585963,1.34039,0.74533,0.434762,1.90293,1.22864,0.185872,0.178295
85.913832200,0.235367,0.461556,1.22576,0,0.118729,0.919157,0.838439,1.01325,1.4998,0.190074,0.617138,0.172406
85.960272109,0.257609,0.32142,1.48058,0,0.151458,1.02049,0.921195,1.07196,1.39502,0.00833389,0.570684,0.122164
86.006712018,0.147951,0.16367,1.3258,0,0.271493,1.4345,0.968221,0.546527,1.36362,0.00352437,0.329712,0.251167
86.053151927,0.0122257,0.516741,1.10086,0.115823,0.692496,1.63169,0.682595,0.486075,1.07912,0.0473837,0.743076,0.202983
86.099591837,0,0.718686,1.03388,0.216352,0.744108,0.850314,0.543702,0.48214,0.761575,0.696877,0.732004,0.492393
86.146031746,0.0102017,0.653042,1.02755,0.247911,0.76934,0.558195,0.900505,0.403142,0.857235,0.807367,0.634725,0.413076
86.192471655,0.0963005,0.364434,0.913002,0.289616,0.572894,0.109276,1.18114,0.417331,0.955852,1.23597,0.837601,0.13819
86.238911565,0.201368,0.0456833,1.5616,0.445338,0.0315063,0.116896,0.993934,0.543051,1.09611,1.19325,0.728547,0.0972102
86.285351474,0.204535,0.0645171,1.13856,0.417,0.0209846,0.285314,0.852033,0.630078,1.30516,1.21625,0.353283,0.154188
86.331791383,0.189493,0.095477,0.566086,0.276375,0,0.589392,0.697574,0.630506,1.41276,1.18711,0.172007,0.278622
86.378231293,0.0792044,0.0863648,0.48632,0.16291,0,0.456205,0.666807,0.559744,1.53889,1.19482,0.515033,0.462516
86.424671202,0.00340086,0.20409,0.723933,0.166227,0.209422,0.510773,0.435144,0.273297,1.59283,1.45708,0.819934,0.652604
86.471111111,0.163571,0.220909,1.00302,0.193639,0.77935,0.643532,0.4757,0.0411091,1.1079,1.75273,0.547308,0.416303
86.517551020,0.17021,0.100616,1.01968,0.242458,0.950884,0.531507,0.35621,0.0801056,0.666249,1.94305,0.444353,0.361456
86.563990930,0.170648,0.11694,1.24164,0.262646,0.915161,0.682474,0.407556,0.0895033,0.443507,1.84158,0.491277,0.375261
86.610430839,0.180696,0.144441,1.457,0.202567,0.570201,1.47252,0.316678,0.0598418,0.420239,1.26107,0.251973,0.729054
86.656870748,0.180021,0.00106068,1.35742,0.210312,0.256354,1.57229,0.162838,0.0612312,0.326098,0.978781,0.425613,0.88792
86.703310658,0.752093,0.00949536,0.851159,0.49811,0.106287,0.883735,0.317663,0.245557,0.626763,0.884323,0.302448,1.15936
86.749750567,1.12067,0.202594,0.0362464,1.0585,0.0492709,0.425295,0.378045,0.96906,0.864236,0.697596,0.088765,1.13917
86.796190476,0.719045,0.641057,0.000842101,0.975742,0.061607,0.175802,0.481143,1.05358,0.911243,0.534698,0.309838,1.19365
86.842630385,0.634285,0.952222,0.00243123,0.471625,0.125122,0.246536,0.944244,0.887678,0.752927,0.422054,0.498828,0.909741
86.889070295,0.830327,1.03804,0.093584,0.147973,0.169387,0.288936,0.744701,0.185047,0.560308,0.372496,0.796655,0.868467
86.935510204,0.661248,1.16199,0.125694,0.0331459,0.402122,0.87832,0.368663,0.274046,0.566562,0.069533,0.990214,0.764351
86.981950113,0.645717,0.606235,0.297201,0.075098,0.18895,1.40042,0.224825,0.622136,0.491447,0.0948055,0.838778,0.582624
87.028390023,0.831382,0.384131,0.57811,0.0719855,0.128667,1.40667,0.341766,0.406276,0.64023,0.442696,0.578601,0.455642
87.074829932,0.83807,1.16024,0.732284,0.0376981,0.0147439,1.22943,0.843367,0.0242996,0.838514,0.592025,0.670258,0.373392
87.121269841,0.201468,1.75045,0.588103,0.0817316,0.00895934,1.03817,1.10366,0.213543,1.24926,0.347361,0.680041,0.0741958
87.167709751,0.163716,1.28681,0.361908,0.336189,0.298765,0.680949,1.04593,0.74314,1.22676,0.258874,0.606331,0.456528
87.214149660,0.11932,1.07987,0.228179,0.790515,0.433381,0.318005,0.740917,1.21543,1.1295,0.163099,0.54893,0.685794
87.260589569,0.075724,0.766022,0.13449,0.904712,0.646255,0.145711,0.333135,1.34028,0.90726,0.345769,0.461617,0.763739
87.307029478,0.0529765,0.256677,0.0674216,1.3605,0.875656,0.298044,0.194189,1.04851,0.472178,0.810003,0.187969,0.919993
87.353469388,0.284171,0.0004175,0.171847,1.48048,0.960643,0.496865,0.195933,0.802731,0.775904,1.75734,0.192161,0.190247
87.399909297,0.913439,0.428581,0.243509,1.07728,0.872862,0.219619,0.232266,0.663431,0.948933,1.17195,0.377543,0.135036
87.446349206,1.11187,0.982053,0.207696,0.574798,0.556938,0.425704,0.0895788,0.147914,1.24147,0.690739,0.765855,0.106289
87.492789116,0.993367,0.91246,0.0226727,0.709541,0.302622,0.467359,0.0760814,0.0109594,1.51362,0.680427,0.564525,0.22657
87.539229025,0.515614,0.715279,0.00166665,0.800855,0.644856,0.486416,0,0.0843127,1.40993,0.604785,0.216671,1.1196
87.585668934,0.192098,0.742023,0.133818,0.726862,1.21322,0.331226,0.00939716,0.0927668,1.02914,0.619466,0.302621,1.4541
87.632108844,0.0496631,0.898217,0.200998,0.762761,1.23104,0.13996,0.0948096,0.0147739,0.74786,0.589606,0.635387,1.16919
87.678548753,0.201694,0.686112,0.0361136,0.832151,0.872136,0.052518,0.709386,0.00779837,0.303826,0.54817,1.42626,0.49638
87.724988662,0.322384,0.174389,0.268388,0.123633,0.723837,0.388607,0.919256,0.0616281,0.404769,0.290983,1.81632,0.56493
87.771428571,0.18308,0.0623941,0.739193,0,0.662562,0.783393,0.578845,0.711083,0.836922,0.237164,1.47941,0.940128
87.817868481,0.128635,0.196613,0.748475,0.0168784,0.575512,0.870941,0.708473,0.803832,0.945216,0.124621,0.674475,1.09005
87.864308390,0.219584,0.7436,0.561588,0.270135,0.877087,0.816549,1.00412,0.77119,0.303067,0.0609966,0.613695,1.05392
87.910748299,0.756374,0.727563,0.416774,0.423344,1.09907,0.414895,1.05095,0.970446,0.307312,0.022401,0.509416,0.76396
87.957188209,0.764092,0.544602,0.607233,0.464594,0.919481,0.156318,0.840798,0.820833,0.582795,0.167541,0.579484,0.954612
88.003628118,0.59179,0.219886,1.01179,0.917315,0.743978,0.193042,0.645306,1.05391,0.468617,0.234473,0.507978,0.711691
88.050068027,0.908356,0.280343,0.921558,0.941787,0.361096,0.301455,0.40429,1.73514,0.551448,0.345029,0.416526,0.0117923
88.096507937,1.02373,0.551141,0.516564,1.1359,0.279065,0.230133,0.298777,1.85917,0.426949,0.540593,0.0564048,0.0784748
88.142947846,0.653468,0.834239,0.368836,1.05881,0.321221,0.225379,0.376073,1.60247,0.234695,0.850437,0.0682719,0.223195
88.189387755,0.530506,0.873586,0.425878,0.98553,0.332473,0.290479,0.563011,1.25527,0.138929,0.989852,0.0480044,0.225859
88.235827664,0.913052,0.727608,0.220146,0.887363,0.367647,0.201964,0.434664,1.13592,0.181154,1.014,0.266634,0.199364
88.282267574,0.948848,0.123252,0.078392,1.06356,0.637044,0.757103,0.341973,0.854328,0.428532,0.611664,1.04065,0.156995
88.328707483,0.611701,1.10236,0.328526,0,0.469477,1.23191,0.971675,0.865069,0.484329,0.299924,0.720384,0.526028
88.375147392,0.526782,1.31666,0.262314,0,0.0335069,1.37317,1.12278,0.666308,0.886743,0.20292,0.330986,0.870901
88.421587302,0.34759,1.5305,0.263341,0,0.115248,1.42567,0.860488,0.666183,0.916416,0.586591,0.193156,0.750235
88.468027211,0.251599,1.50176,0.39775,0,0.0738283,1.50047,0.589725,0.658705,0.80764,0.738004,0.176071,0.55072
88.514467120,0.112083,0.828253,1.18815,0.0598009,0.0227514,1.72407,1.02641,0.128147,0.81939,0.666037,0.202166,0.46771
88.560907029,0.11539,0.252281,1.41047,0.850316,0.634466,1.24679,0.3978,0.0456869,0.191812,0.991414,0.130471,0.348984
88.607346939,0.0787148,0.307825,1.36384,0.922186,0.591508,1.08783,0.341604,0.106801,0,1.36428,0.198975,0.244561
88.653786848,0.203072,0.701218,1.0192,0.957054,0.679603,0.428392,0.513448,0.126345,0.00472127,1.60003,0.230613,0.108685
88.700226757,0.14748,0.814816,0.701701,0.792975,0.67219,0.275281,0.881324,0.028062,0.0231317,1.52854,0.338384,0.609608
88.746666667,0.223777,0.438304,0.998952,0.343798,0.318244,0.411472,0.697993,0.640081,0.000854986,0.492997,0.373412,2.13699
88.793106576,1.02289,0.150821,0.669949,0.111743,0.350716,0.363422,0.851621,0.744127,0.0279742,0.128396,0.390416,2.00309
88.839546485,1.58311,0.165761,0.64911,0.136491,0.0705213,0.600169,1.14001,0.65824,0.0349819,0.294725,0.176052,0.780808
88.885986395,1.64002,0.213437,0.457719,0.0936198,0.0252382,0.832566,1.17818,0.826464,0.0511203,0.327723,0.331398,0.446042
88.932426304,1.22801,0.11271,0.0324719,0.11025,0.0584743,1.03662,1.04222,1.11045,0.0441784,0.332812,1.09199,0.139568
88.978866213,0.735595,0.101591,0.000204826,0.0963993,0.122763,1.31644,0.812345,0.923792,0.0856354,0.171575,1.01466,0.194775
89.025306122,0.345052,0.086392,0.00138947,0.125238,0.802216,1.26443,0.466401,0.73843,0.11933,0.686707,0.926826,0.236578
89.071746032,0.513056,0.27933,0.0238631,0.0348908,0.782322,0.608461,0.100125,0.636641,0.282788,0.947185,1.18704,0.214779
89.118185941,0.630798,0.816547,0.103758,0.0258467,0.447863,0.155863,0.36184,0.481296,0.740482,0.557149,1.25326,0.0362334
89.164625850,0.289959,1.23414,0.30171,0,0.333046,0.205502,0.189065,0.374449,1.27126,0.072117,0.790318,0.462977
89.211065760,0.143077,1.34486,0.875511,0.00323238,0.382642,0.19866,0.169617,0.45719,0.895954,0,0.330073,0.31522
89.257505669,0.704633,0.815904,0.986632,0.127231,0.35804,0.0986515,0.428832,0.743244,0.00430486,0.40237,0.585152,0.375531
89.303945578,1.10638,0.208219,0.84719,0.382494,0.0121999,0.321592,0.426282,1.04255,0.0436329,0.449089,0.583732,1.18385
89.350385488,1.11389,0.142591,0.413176,0.383637,0.0150495,0.546671,0.704188,0.911544,0.305361,0.619298,0.397789,1.04707
89.396825397,0.92271,0.125055,0.799641,0.354532,0.0241552,0.453295,0.71585,0.636611,0.296539,0.552167,0.505871,0.607577
89.443265306,0.725944,0.0016622,1.28851,0.230543,0.00250481,0.298379,0.952925,0.347329,0.575222,0.45306,0.292922,0.343934
89.489705215,0.380065,0.274609,1.32562,0.32381,0.0929101,0.271629,0.950639,0.239703,0.252147,0.779086,0.838135,0.356042
89.536145125,0.0453579,0.607617,1.22263,1.23949,0.0931175,0.273859,1.14771,0.108812,0,0.935634,0.840076,0.285599
89.582585034,0.211248,0.743254,0.661806,1.38697,0.0418988,0.602458,0.897271,0.017238,0.31273,0.849503,0.460031,0.330285
89.629024943,0.588304,1.03671,0.0837922,1.38993,0.0420217,0.865344,0.53378,0.0748798,0.974611,0.589551,0.0203926,0.616329
89.675464853,0.631563,1.24458,0.0982881,0.480866,0.431579,0.724897,0.327778,0.187332,0.92437,0.173029,0.636855,0.972585
89.721904762,0.00152505,1.09637,0.084378,0.469392,0.867341,0.633101,0.231139,0.425201,0.771341,0.0851094,0.640475,0.727868
89.768344671,0.000264728,0.946874,0.0958533,0.423087,0.908548,0.877683,0.195477,0.387401,0.420627,0.938755,0.531255,0.575382
89.814784580,0.000249929,0.681451,0.0626514,0.429893,0.868151,1.16385,0.237375,0.489101,0.262898,1.3473,0.494664,0.363493
89.861224490,0.0002739,0.491054,0.194256,0.459104,0.442198,1.74775,0.266326,0.607806,0.266758,1.23666,0.130477,0.164128
89.907664399,0.0108378,0.468107,0.286502,0.605561,0.0239477,1.93365,0.309538,0.466001,0.545904,0.760737,0.109546,0.214664
89.954104308,0.0233002,0.394739,0.959531,1.34567,0.0497053,1.74443,0.087859,0.2247,1.1137,0.379919,0.359607,0.598124
90.000544218,0.00010238,0.140632,1.3019,1.31967,0.171666,1.18434,0.739961,0.658501,1.44273,0.109454,0.53954,0.59073
90.046984127,0,0.100592,1.86518,0.8933,0.169422,0.750674,0.842019,1.1532,1.15593,0.425593,0.611227,0.214367
90.093424036,0,0.00212757,1.82101,0.380485,0.0158959,0.566753,0.928419,1.53677,0.97267,0.660983,1.04144,0.283568
90.139863946,0,0.21547,1.66331,0.0152878,0.041863,0.398055,0.934255,1.96682,0.832322,0.806685,1.4751,0.323034
90.186303855,0.0655845,0.480619,1.75409,0.0144538,0.173899,0.453859,0.78385,2.11138,0.611587,0.815753,1.62963,0.64269
90.232743764,0.59116,0.636557,1.87511,0.0294229,0.151279,0.180973,0.364374,2.35381,0.236641,1.12303,1.72428,0.438054
90.279183673,0.249865,0.17395,2.07362,0.0391815,0.251763,0.188658,0.034664,2.92901,0.137535,1.12574,1.71701,0.132476
90.325623583,0.157026,0,2.09602,0.10379,0.377582,0.391071,0.152071,3.06081,0.116374,1.01664,1.74998,0.0150492
90.372063492,0.00383127,0.0393506,2.40365,0.162039,0.311992,0.700833,0.226146,3.13534,0,0.816852,1.92753,0.00703961
90.418503401,0.000313625,0.215058,2.5877,0.277274,0.0594563,0.437793,0.0755903,3.5947,0,0.469884,2.10932,0.114875
90.464943311,0,0.509435,2.32142,0.575977,0.0917806,0.165307,0.0288837,3.89414,0,0.0068902,2.26214,0.146276
90.511383220,0.146612,0.203164,2.03916,0.765247,0.0265363,0.113127,0.033497,3.68923,0,0.00746226,2.42922,0.114116
90.557823129,0.295546,0.111442,1.94878,0.437704,0.0750484,0.0558014,0.0207361,3.4462,0.0266989,0.00647017,2.41958,0.0488107
90.604263039,0.596556,0.0751276,1.91274,0.104437,0.0222725,0.240595,0,3.50233,0.256203,0.00477675,2.14088,0.00925897
90.650702948,0.664974,0.0110033,2.25616,0.0111773,0.0227334,0.596966,0,3.18522,0.150776,0.0795113,1.98161,0.0897084
90.697142857,0.463484,0,2.29176,0.080716,0.0211401,0.554179,0,3.34539,0,0.305409,2.04183,0.124455
90.743582766,0.0714752,0,2.29521,0.157113,0.0166726,0.526546,0,3.66456,0.00729993,0.285219,2.00073,0.271548
90.790022676,0,0,2.24928,0.21873,0.00102067,0.607029,0,3.70318,0.143498,0.195288,1.91033,0.403745
90.836462585,0,0,2.28683,0.273363,0.0090708,0.381854,0,3.64322,0.110743,0.110257,2.30448,0.263107
90.882902494,0.152917,0.094929,2.34901,0.331778,0.0130588,0.139801,0.00206228,3.59905,0.10583,0.0110103,2.70694,0.278876
90.929342404,0.191648,0.0597197,2.24485,0.215609,0.0934829,0.0801365,0.00622464,3.50531,0.0770967,0.0115334,3.06067,0.341506
90.975782313,0.239297,0,1.93514,0.223938,0.163514,0.109462,0.0373573,3.40902,0.0465756,0.0122623,3.23723,0.389721
91.022222222,0.234548,0.148119,1.6318,0.0572755,0.221552,0.130411,0.0877433,3.65245,0.010838,0.0176919,3.13961,0.542342
91.068662132,0.203029,0.254938,1.74769,0.120276,0.09816,0.100918,0.175995,3.79174,0,0.11441,2.8842,0.525684
91.115102041,0.289722,0.0927049,1.88133,0.767798,0.00102997,0.133493,0.211153,3.63758,0.00565918,0.151562,2.40163,0.0857818
91.161541950,0.312211,0.0326386,1.91634,0.972822,0,0.226411,0.246516,3.60697,0,0.0183008,1.92685,0.0145418
91.207981859,0.552724,0,1.93585,0.896261,0,0.138874,0.200834,3.3804,0,0.500918,1.7172,0.0230229
91.254421769,0.527254,0.0181464,2.08485,0.62737,0,0.0493363,0.136212,3.14414,0,0.789106,1.79596,0.180784
91.300861678,0.301142,0.117445,2.08814,0.246679,0,0.13624,0.105864,3.31736,0,0.781587,1.85376,0.417338
91.347301587,0.19495,0.044547,1.84785,0.207993,0,0.186907,0.100558,3.7944,0,0.525587,1.99787,0.500774
91.393741497,0.170318,0.11404,1.59783,0.129605,0,0.434175,0.078793,3.85209,0,0.0783151,2.36131,0.369634
91.440181406,0.227186,0.140309,1.69609,0.0692134,0,0.981074,0.0556869,3.34605,0,0.00274427,2.42891,0.154936
91.486621315,0.291336,0.03408,1.94393,0.0726799,0,1.33931,0.0692579,2.99428,0,1.78581e-05,2.07932,0.32601
91.533061224,0.202522,0,2.05918,0.301864,0,1.31916,0.0703128,3.23542,0,0.161106,1.9074,0.406674
91.579501134,0.177532,0.00415786,1.96895,0.560396,0,1.31236,0.0517024,3.42336,0,0.308531,1.77746,0.177856
91.625941043,0.604516,0.0242067,1.92221,0.624576,0.00647376,0.984864,0.0478872,3.30756,0,0.179583,1.70282,0.122875
91.672380952,0.431566,0.498321,1.63753,0.455371,0.00989643,0.222083,0.0574249,3.5493,0,0.00460697,1.77802,0.0319417
91.718820862,0.261027,0.499416,1.85602,0.677868,0.00962617,0.151725,0.280193,3.66555,0.0556605,0.0058907,1.69528,0.0648784
91.765260771,0.21753,0.432945,2.20934,0.944767,0.01003,0.0607866,0.0447276,3.79109,0,0.0114206,1.70732,0.125542
91.811700680,0.213564,0.137235,2.23898,1.07511,0.00961463,0.0600744,0.0392203,3.7981,0,0.0458405,1.89545,0.0858658
91.858140590,0.195586,0,2.37675,1.08744,0.0121384,0.105784,0.041666,3.68557,0,0.123686,2.22627,6.37232e-05
91.904580499,0.157728,0.0571843,2.32931,0.81461,0.0176968,0.190784,0.0399768,3.38604,0,0.00111773,2.74231,0.0168258
91.951020408,0.112916,0.112196,2.23558,0.574063,0.0168182,0.321518,0.040485,3.31116,0,0.00161335,3.03111,0.113252
91.997460317,0.184605,0,2.69255,0.410906,0.00889099,0.562734,0.0403438,2.95896,0,0.00439671,3.01703,0.152703
92.043900227,0.215057,0.00952377,2.77873,0.138511,0.169921,0.576169,0.0499581,2.99052,0,0.00649623,3.03418,0.361977
92.090340136,0.19379,0.0324403,2.91293,0.0341909,0.304126,0.597046,0.0603055,3.0321,0,0.404455,2.35592,0.346645
92.136780045,0.212937,0.047781,3.0854,0.0346559,0,0.499595,0.0678538,2.73094,0,0.648319,1.98906,0.319201
92.183219955,0.219936,0.0883958,2.85296,0,0,0.484496,0.068547,2.61177,0.129271,0.875536,1.96699,0.180791
92.229659864,0.0374694,0.150585,2.87259,0.0129124,0.25281,0.431463,0.0488093,2.90285,0.0257434,0.855941,2.1226,0.136115
92.276099773,1.40764e-05,0.107562,2.89886,0.143897,0.402659,0.297904,0.0412951,3.00182,0,0.871445,2.34815,0.0722106
92.322539683,0.0867503,0.152292,2.94982,0.342954,0.283824,0.603874,0.0378694,2.87186,0,0.55869,2.58045,0.155148
92.368979592,0.168345,0.124055,2.96922,0.320666,0.0427729,1.18809,0.0545158,2.68492,0,0.0472179,2.80054,0.252814
92.415419501,0.174601,0.164182,2.75296,0.3118,0.0232181,1.4883,0.0314344,2.65156,0,0,2.84076,0.180687
92.461859410,0.0439544,0.0869253,2.53299,0.0145032,0.00448862,1.36386,0,2.77587,0.0263217,0,3.14639,0.14762
92.508299320,0.0319209,0.00114461,2.78446,0.00809598,0.0176276,1.02146,0.0061472,2.93758,0.0118799,0,3.13607,0.134743
92.554739229,0.0520083,0.000351277,2.70135,0,0.311154,0.556148,0.0450318,3.60578,0,0.000206199,2.79344,0.108631
92.601179138,0.147765,0,2.81102,0.00364068,0.455123,0.429872,0.0721914,3.6994,0.0199287,0.110492,2.24016,0.0783325
92.647619048,0.243089,0.0638096,2.73035,0.0025771,0.28232,0.673331,0.0563171,3.6534,0.120764,0.224887,1.9062,0.0233328
92.694058957,0.227385,0.137603,2.57547,0,0.0165989,0.650737,0.0221331,3.7863,0.00562157,0.21377,1.94487,0
92.740498866,0.146433,0.0523169,2.4807,0.0070299,0.0274256,0.408935,0.000686272,3.86915,0.00904237,0.0908323,2.28705,0.0104956
92.786938776,0.130605,0.0842244,2.33409,0.0147444,0.0478013,0.0608941,0,3.83174,0.0423597,0.0100476,2.99252,0.045168
92.833378685,0.219414,0.097504,2.62518,0.0114156,0.0463662,0.0587722,0,3.34913,0.0370753,0.00641389,3.04757,0.0555188
92.879818594,0.232523,0.0852172,2.73866,0.0124918,0.0402578,0.0677332,0,3.08761,0.0432174,0.00483943,2.96522,0.0472098
92.926258503,0.226534,0.124832,2.74414,0.0286554,0.0139891,0.0936422,0.00589374,3.10127,0.053999,0.00419152,2.91636,0.0773742
92.972698413,0.155318,0.0645995,2.78819,0.192411,0,0.105725,0.00213462,3.30369,0.0711685,0.00522428,2.84276,0.162529
93.019138322,0.607498,0.0015878,2.89895,0.139897,0.00831393,0.0491514,0,3.22457,0.053178,0.249359,2.35038,0.159315
93.065578231,0.373823,0.000289933,2.93207,0.0154166,0.111195,0.0500607,0.0028051,3.00067,0.0487222,0.772881,1.98358,0.129661
93.112018141,0.203062,0.0150265,3.01733,0.018678,0.153632,0.182014,0.0479876,2.89279,0.0453811,0.924448,1.97799,0.0524583
93.158458050,0.0746651,0.0623976,3.07523,0.0123034,0.106392,0.617352,0.00377715,3.00368,0.0722721,1.11537,1.83133,0.0160434
93.204897959,0.000306996,0.185773,3.10659,0.00019964,0.0785528,0.718872,0.00295454,3.15582,0.116759,1.2566,1.74064,0
93.251337868,0.000671122,0.216427,3.1458,0.0170989,0.0361905,0.971445,0,3.04113,0.119088,1.12603,1.77931,0
93.297777778,0.000563819,0.0501539,3.14156,0.08045,0.0322097,1.83515,0,2.68328,0.123998,0.307528,2.38317,0
93.344217687,0.209306,0.0323129,2.5608,0.428764,0.0311891,2.06186,0,2.41665,0.0637697,0,2.92637,0
93.390657596,0.237088,0.0309435,2.15534,0.460208,0.0250807,2.14976,0,2.38887,0.0370781,0,2.93807,0
93.437097506,0.237196,0.00225072,2.58056,0.531464,0,1.8751,0.000620194,2.54044,0.000404295,0,2.76217,0.00160219
93.483537415,0.211705,0.00298397,2.84956,0.438544,0,1.29552,0.0256533,3.21046,0,0,2.40529,0
93.529977324,0.196316,0.00274034,2.75613,0.436704,0,0.273257,0.0248605,3.78765,0,0.00275761,2.16778,0
93.576417234,0.176073,0.00205016,2.63152,0.127301,0.00927959,0.0902404,0.258043,3.95156,0,0.0513099,2.1625,0
93.622857143,0.250338,0.00168985,2.6914,0.172883,0.00779422,0.223481,0.159004,3.91447,0,0.124466,1.82116,0.0167977
93.669297052,0.348247,0.000868292,2.74891,0.121,0.0196611,0.471175,0,3.74085,0.140589,0.211345,1.79586,0.0447682
93.715736961,0.368645,0.00105763,2.76001,0.0389256,0.0195873,0.88083,0,3.07948,0.223867,0.16235,2.86884,0.0259902
93.762176871,0.431967,0.0014746,2.81132,0.102695,0.0369133,1.17893,0.104505,1.96856,0.161592,0.00847038,3.17661,0.00418507
93.808616780,0.568613,0.034448,2.54102,0.498197,0.0427876,1.46589,0.224033,1.40127,0,0.00721829,3.41067,0
93.855056689,0.503099,0.00236495,2.26004,0.613441,0.0302204,1.60573,0.0452463,1.18574,0,0.0328703,3.61038,0
93.901496599,0.376115,0,2.07197,0.566559,0.0248627,1.49083,0.0232032,1.19434,0.00937183,0.0111872,3.58278,0
93.947936508,0.213206,0,2.0612,0.506506,0.0219239,1.00392,0.0102484,1.06425,0.0338159,0.245272,3.56276,0.0266295
93.994376417,0.0767965,0,1.68039,0.638138,0.0108777,1.02373,0.014337,1.0217,0.0159023,1.46248,2.90095,0.119518
94.040816327,0.0614957,0,1.51101,0.830029,0.40234,0.813582,0.0432927,1.01965,0.0657943,1.83883,2.60182,0.132688
94.087256236,0.00802795,0,1.71664,0.894067,0.232511,0.598796,0.0814775,1.35397,0.0590634,1.65765,2.54049,0.169515
94.133696145,0.156533,0,2.05829,1.0188,0.0825992,0.487321,0.0196759,1.63074,0.0714575,1.33545,2.37221,0.129096
94.180136054,0.0635189,0.0269804,2.36758,0.175413,0.168011,1.22177,0,1.95211,0.0763829,0.771908,3.11582,0.0990221
94.226575964,0.132676,0.00200055,2.29449,0.017084,0.220708,1.85522,0,1.86109,0.0877963,0.11632,3.56336,0.102613
94.273015873,0.534788,0.00121446,1.62926,0.171906,0.0975342,2.35128,0,1.12398,0.105941,0.50016,3.32511,0.10394
94.319455782,0.636019,0.111869,1.48948,0.68631,0.0250963,2.3506,0,1.10148,0.0828751,0.379,2.86789,0.191455
94.365895692,0.336419,0.185509,1.53806,1.04969,0.00379207,2.25418,0.00500871,1.29853,0.040107,0.394757,2.95491,0.101174
94.412335601,0.000105863,0.0960137,1.43857,1.2597,0.00577624,1.9784,0,1.77101,0.027663,0.171655,3.23938,0.103165
94.458775510,0.0382074,0.000877349,1.20243,1.34974,0.00550982,1.03929,0,2.8218,0.0638287,0.0025881,3.18376,0.00779047
94.505215420,0.0551787,0.00293297,1.12779,1.47686,0,0.772714,0,3.17457,0.055122,0.0650948,2.6608,0
94.551655329,0.103918,0.00322261,1.07661,1.3156,0.000463404,0.536311,0,3.24212,0.08495,0.0366301,2.38991,0.0124525
94.598095238,0.0960506,0.00255034,1.0038,1.04351,0.00184137,0.420179,0.0215106,2.99442,0.192471,0.00130979,2.62001,0.111746
94.644535147,0.0833381,0.00197281,0.887818,1.14294,0.00445317,0.669571,0.0402884,2.46637,0.403116,0.00154589,2.82292,0.14385
94.690975057,0.0576668,0.0023173,0.975966,1.45792,0.0246385,1.20908,0.038847,1.73863,0.323308,0.000924353,2.88934,0.0336888
94.737414966,0.0251006,0.00216484,1.16474,2.19177,0.00160685,1.38412,0.0438127,1.0226,0,0,2.84842,0.24128
94.783854875,6.31702e-05,0.00141062,1.1621,2.15104,0.0380538,1.4873,0.0387342,1.05565,0.000364859,0.000420779,2.89283,0.153657
94.830294785,0.00023691,0.000813501,1.20949,1.84133,0.00453165,1.59457,0.0289343,0.985394,0.00119214,0.00300706,2.92215,0.175692
94.876734694,0,9.29548e-06,1.26216,1.57801,0.00110511,1.35417,0.0198453,0.969274,0.114115,0.552933,2.82912,0.161541
94.923174603,0,0,1.34197,1.57595,0,1.41631,0.015718,0.875437,0.0164433,2.40828,1.72698,0.115159
94.969614512,0,0.000410025,1.30414,1.5775,0.0289664,1.30442,0.0191818,1.08992,0.00112372,3.04267,1.28641,0.113564
95.016054422,0,0.000526936,1.67587,1.37576,0.0676075,1.09018,0.0187214,1.3432,0.00165654,2.96934,1.30534,0.201764
95.062494331,0.037758,0.00109493,1.75404,0.87248,0.0812569,1.52698,0.0133417,1.24923,0.051072,2.67696,1.76694,0.264693
95.108934240,0.0875027,0.00239019,1.77136,0.688648,0.0422174,2.23711,0,0.935365,0.0555277,1.89488,2.39097,0.274373
95.155374150,0.101119,0.00274714,1.79047,0.705637,0,2.81782,0.00318995,0.773913,0.0482621,0.90948,2.40925,0.179167
95.201814059,0.186361,0.00257728,1.6195,0.771169,0,3.12807,0.00359882,0.860803,0.00385723,0.621877,2.2325,0.146643
95.248253968,0.335246,0.00161908,1.24106,0.749039,0,3.04696,0,0.899017,0.00469413,0.368285,2.73434,0.26736
95.294693878,0.221895,0.00328796,1.02042,0.813069,0.00019176,2.8755,0.00746529,0.892126,0.0162327,0.140876,3.36581,0.295329
95.341133787,0.000234826,0.00275719,1.14368,0.79948,0,2.72971,0.0145046,0.942469,0.0575049,0.0919646,3.41212,0.128634
95.387573696,0.000310302,0.00197894,0.969854,0.895372,0,1.89375,0.0083434,2.2826,0.0595566,0.107452,3.07026,0.0518624
95.434013605,0.000422866,0.00173404,1.04642,1.1172,0.0110145,1.01339,0.00758477,2.75886,0.0332703,0.0637706,2.58401,0.105042
95.480453515,0.000467407,0.00153067,1.13782,1.2544,0.0156468,1.00638,0.00692408,2.67344,0.0461674,0.167404,2.43704,0.110599
95.526893424,0.0147188,0.0022013,1.13052,1.3749,0.013406,1.38081,0.00288185,2.37933,0.0285155,0.235182,2.37116,0.0759727
95.573333333,0.0354911,0.00318681,1.02995,1.42166,0.0104315,1.90389,0.02909,2.16887,0.0220739,0.0321015,2.61645,0.000161229
95.619773243,0.0411348,0.00336727,0.969321,1.32736,0.0336115,1.90832,0.0332581,1.73658,0.0044939,0.00624504,3.21027,0.0673803
95.666213152,0.0080171,0.00461847,0.935588,1.04988,0.0133862,2.0815,0.0157862,1.00714,0.00639099,0.074646,3.70805,0.145576
95.712653061,0.000226503,0.00341575,0.817982,1.81956,0.00572766,1.85194,0.00681264,1.0392,0.0290345,0.0395729,3.40988,0.129308
95.759092971,0.00158611,0.015419,0.611995,2.224,0,1.83674,0.0147143,0.998625,0.0915069,0.265416,2.56084,0.112094
95.805532880,0.0608999,0.0802146,0.779751,2.40342,0,2.16715,0.0532502,0.829432,0.27083,0.884613,1.57131,0.107608
95.851972789,0.594809,0.12315,1.24527,2.54744,0,2.12143,0.044741,0.345421,0.13626,2.14302,0.590245,0.107855
95.898412698,0.8293,0.158637,1.42539,2.34294,0.366833,1.91025,0.0406601,0.166814,0,2.61048,0.273525,0.121627
95.944852608,0.556166,0.143788,1.46633,2.01345,0.644125,2.04883,0.0161523,0.251276,0,2.38897,0.308275,0.167726
95.991292517,0.258434,0.0380693,0.932537,2.71547,0.729713,1.40194,0.0144046,0.638632,0.00166538,2.43385,0.523893,0.179229
96.037732426,0.470148,0.000154322,0.323232,2.73988,0.652445,1.00583,0.000527192,0.899824,0.00333007,2.03641,1.27241,0.129456
96.084172336,1.00446,0.0257317,0.261178,2.66766,0.178652,1.93984,0.00675836,1.0952,0.00177963,0.910813,1.79052,0.0293704
96.130612245,1.26113,0.000190743,0.354783,2.20276,0.0110702,3.25764,0.0142165,0.871013,0.000165668,0.141617,1.9139,2.75527e-05
96.177052154,1.28067,0.00461976,0.659455,1.25785,0,3.73096,0.0429015,0.526573,0,0.177457,2.18736,6.31992e-05
96.223492063,1.26776,0.0130056,0.55047,1.90161,0,3.55491,0.0407689,0.281854,0.000411324,0.102151,2.40784,4.9928e-05
96.269931973,1.08741,0.0454578,0.658476,2.85533,0.00164894,3.13712,0.0254559,0.65198,0.00197432,0.0659635,2.27486,0
96.316371882,0.884111,0.0894999,0.98556,2.92785,0.00830067,2.1944,0.0117643,1.88486,0.00689043,0.0926757,2.1039,0
96.362811791,0.915828,0.060109,1.03776,2.55003,0,1.07583,0.00376095,2.7226,0.000238602,0.126908,1.72081,0.000817105
96.409251701,0.818127,0.0164486,0.945264,1.94479,0,0.916004,0.00260914,3.07879,0,0.140252,1.22979,0.115381
96.455691610,0.738564,0.146178,0.803483,2.59385,0,0.77409,0.0283079,3.03402,0.000890501,0.132828,1.19861,0.196356
96.502131519,0.801519,0.170192,1.34558,3.03433,0,0.674454,0.0459422,2.50747,0.000193702,0.102578,1.71124,0.0338287
96.548571429,0.807669,0.203421,1.48679,2.54205,0,0.961859,0.0372207,1.32385,0.00153646,0.0723144,2.47291,0.00443159
96.595011338,0.75611,0.183562,1.44881,1.81729,0,1.48539,0.0275918,0.879776,0.00296186,0.0511268,2.85558,0
96.641451247,0.644123,0.0923239,1.84187,1.00681,0,1.83868,0.0327379,0.481155,0.00450617,0.0488612,3.20318,0
96.687891156,0.673143,0.0955127,1.88161,1.15225,0,1.75381,0.0413731,0.16951,0.00469587,0.0522915,3.11798,0
96.734331066,0.843621,0.134725,1.71987,1.98208,0,1.58957,0.0504774,0.153685,0.00778103,0.0862265,2.49506,0.0137679
96.780770975,0.776849,0.0600577,1.51002,2.27185,0.0313326,1.76233,0.00958094,0.345584,0.0532092,2.10664,0.586294,0.111133
96.827210884,0.862082,0.0441833,1.46233,2.05684,0.0521476,1.70969,0.0201369,0.33718,0.0507354,2.67208,0.0333855,0.143269
96.873650794,1.00968,0.0143884,1.23741,1.46754,0.295516,1.56324,0.03262,0.278099,0.0115961,3.05511,0.118622,0.107171
96.920090703,1.12693,0.00461718,1.21846,1.61447,0.254234,1.48456,0.0442895,0.285108,0,2.99509,0.250087,0.0622108
96.966530612,1.23554,0.0660034,1.26724,2.3279,0.030983,1.28108,0.0442804,0.313755,0,2.42674,0.394909,0.202838
97.012970522,1.09129,0.200616,1.23894,2.3052,0.0226281,1.4314,0.0252975,0.783593,0.00138407,0.630919,1.52961,0.317932
97.059410431,0.977307,0.207408,1.14654,1.91889,0.00832381,2.07291,0.00819086,0.755196,0.00147733,0.00899704,1.58991,0.373688
97.105850340,0.91694,0.14286,1.23722,1.54542,0.00399587,2.83155,0.034189,0.327741,0.0187129,0.0238131,1.03555,0.520038
97.152290249,0.809185,0.158051,1.08348,1.31784,0.00180275,3.07099,0.0396986,0.0186633,0.274387,0.130626,1.20439,0.711761
97.198730159,0.876984,0.226453,0.844235,1.62401,0.00561596,2.52864,0.0412876,0.20772,0.343181,0.0766662,1.64804,0.56594
97.245170068,0.990595,0.240402,0.934473,1.85468,0.0228145,1.41806,0.0359732,1.494,0.255369,0.0325408,1.55375,0.475482
97.291609977,1.02363,0.131699,1.33915,1.62516,0.030285,0.827908,0.0475594,2.4082,0.207932,0.00418229,1.25532,0.573947
97.338049887,0.909989,0.107631,1.72028,1.1877,0,0.851928,0.0535022,2.7603,0.089513,0.00136125,0.956298,0.736203
97.384489796,0.790045,0.218405,1.69107,1.06373,0.00519545,0.94234,0.0649903,2.80491,0.0750289,0,0.941637,0.680174
97.430929705,0.938083,0.303259,1.46835,1.6518,0,0.837375,0.0736384,2.5442,0.0927151,0,1.14818,0.35409
97.477369615,1.05104,0.216213,0.972352,1.74735,0.00111199,0.908985,0.118195,2.11369,0.121811,0.19537,1.93613,0.115961
97.523809524,1.08782,0.0267149,0.930265,1.80077,0.113637,1.16062,0.239006,1.25526,0.0756139,0.52941,2.28548,0
97.570249433,0.730801,0.00270996,0.888093,1.31255,0.204758,1.19587,0.24387,1.80941,0.0978263,0.423993,2.50945,0
97.616689342,0.162877,0.00183311,1.3135,0.310488,0.379629,1.21927,0.192144,2.77619,0.00968812,0.13811,2.66808,0
97.663129252,0.0776046,0.0041642,1.71911,0.0228168,0.582537,1.26421,0.0112435,3.36653,0.0166287,0.343577,1.75295,0
97.709569161,0.211402,0.0770014,2.05068,0.0342504,0.509798,0.937994,0.0108371,3.31273,0.0133222,0.741763,0.687886,0.254695
97.756009070,0.244706,0.311028,1.89188,0.0541195,0.875359,0.800599,0.00128092,3.11055,0.00538848,1.91767,0.0337336,0.193153
97.802448980,0.396964,0.485729,1.57259,0.115806,0.958498,0.565489,0,2.89171,0,2.34335,0.124563,0.000326177
97.848888889,0.274189,0.345938,1.95558,0.116597,0.689513,0.472017,0,2.74925,0,2.25455,0.0486006,0.000173473
97.895328798,0.386413,0.225621,2.15797,0.0919319,0.403276,0.408091,0,2.87992,0.00260298,1.93603,0.0423319,0.00290232
97.941768707,0.305659,0.152662,2.06307,0,0.0434571,1.61283,0,3.10574,0.0441197,1.10024,0.0251613,0
97.988208617,0.210784,0.210632,1.59477,0.0714278,0,2.71149,0.00786434,2.98326,0.0279851,0.605043,0.000555525,0
98.034648526,0.169547,0.0993856,1.69742,0.190676,0,3.16267,0.0905831,2.57066,0.0454825,0.529358,0,0
98.081088435,0.250124,0.0711526,1.87514,0.192352,0.0113815,3.27377,0.0213162,2.23569,0.0664732,0.517253,0,0.0375437
98.127528345,0.180914,0.0738095,2.4216,0.0904544,0.00742623,2.94371,0,2.36907,0.127309,0.491614,0.00795979,0.315619
98.173968254,0.0594064,0.0954457,2.66305,0.114818,0.0150202,1.86612,0.00198927,3.14548,0.0903227,0.298305,0.0279369,0.72372
98.220408163,0.0666157,0.0871421,2.7758,0.193553,0.0127266,0.453637,0.0286513,3.58424,0.0388977,0.180937,0.0209075,1.05592
98.266848073,0.426509,0.00913157,2.64042,0.269652,0.115612,0.18684,0.0458541,3.72567,0.00875218,0.0616717,0,0.922291
98.313287982,0.456833,0.00145642,2.39876,0.0200715,0.164833,0.0437938,0.0469656,4.02482,0.0787149,0.0521774,0.0532136,0.629478
98.359727891,0.185282,0.00169755,2.45789,0.0492473,0.03192,0.602033,0.0353798,3.80987,0.113084,0.0933876,0.00562461,0.898253
98.406167800,0.0815642,0.0336412,2.43336,0.0498398,0.0164884,1.26882,0.00387839,3.22839,0.104359,0.0114762,1.33141,0.798029
98.452607710,0.0117707,0.0685503,2.17725,0.0418526,0.00597955,1.00675,0.00383788,3.20663,0.0402656,0.000361827,2.7858,0.0974855
98.499047619,0,0.133397,1.67687,0.0263792,0,0.697602,0.0232882,3.13986,0.0335496,0,3.24916,0
98.545487528,0,0.0625385,1.80904,0.013299,0.12411,0.736715,0.0310092,3.11301,0.0268204,0.00306034,3.31122,0
98.591927438,0,0.029363,1.88478,0.0373829,0.107151,0.718094,0.0301648,3.16774,0.0772946,0.0942377,3.08951,0.274112
98.638367347,0.00017068,0.0845975,1.85931,0.25781,0.141201,0.53667,0.0202657,3.344,0.0597885,0.49178,1.84292,0.938986
98.684807256,0.000130492,0.263436,1.89131,0.302547,0.300168,0.337496,0.00031998,3.57822,0.0180661,1.05949,0.000126575,1.00105
98.731247166,0,0.257929,1.91141,0.178304,0.562537,0.115226,0.0164183,3.41158,0.00272095,1.61913,0,0.544603
98.777687075,7.14121e-05,0.255412,2.18347,0.290869,0.646149,0.129207,0.0267095,3.31894,0.000133694,1.56746,0.000336625,0.42417
98.824126984,0.0122976,0.187759,2.37948,0.311684,0.323766,0.326226,0.0245396,3.24661,0.0136175,1.12814,0.000798094,0.661977
98.870566893,9.01089e-05,0.0705293,2.37551,0.197635,0.123344,1.1917,0.041721,3.28721,0.0462482,0.578651,0.00014757,0.834387
98.917006803,0.306132,0.0113224,2.20899,0.192082,0.0215709,2.24907,0.0268861,3.02869,0.0262084,0.436428,0,0.83804
98.963446712,0.900228,0,1.97741,0.108324,0.0144491,2.67906,0.0088294,2.70572,0,0.383546,0.00203401,0.527571
99.009886621,1.2203,0,1.61719,0.0676274,0.00300898,2.81762,0.0183211,2.9955,0.00349034,0.325904,0.0592298,0.327161
99.056326531,0.877089,0.0692035,2.00858,0.0695022,0,2.43105,0.0295956,3.66132,0.0145782,0.196491,0.0577953,0.509816
99.102766440,0.341145,0.121163,2.37111,0.0581761,0.00119404,1.50474,0.0394705,4.14024,0.0378894,0.171005,0.0934367,0.673885
99.149206349,0.347069,0.0768454,2.52425,0.0528742,0,0.598876,0.0571049,4.30054,0.0163352,0.292502,0.116572,0.404909
99.195646259,0.353875,0.00385949,2.47069,0.0151466,0,0.346175,0.0648207,4.51193,0.00823149,0.356491,0.147407,0.26941
99.242086168,0.21873,0.00715363,2.6061,0.0921309,0,0.224831,0.0207415,4.38819,0.00473252,0.475324,0.0967803,0.331119
99.288526077,0,0.0276149,2.74421,0.255495,0.00542538,0.153817,0.0181653,4.07065,0.00830765,0.50368,0.0632127,0.539401
99.334965986,0.000162028,0.0815589,2.73902,0.285701,0.107148,0.137412,0.0190608,3.81441,0.0131804,0.391973,0.882466,0.504301
99.381405896,0.528842,0.291422,2.38092,0.296355,0.344129,0.490555,0.0652262,3.06392,0.0536068,0.34899,2.11404,0.0093487
99.427845805,1.19127,0.457912,1.79696,0.483429,0.254405,0.88908,0.0521161,2.12218,0.203552,0.318835,2.56786,0.0272832
99.474285714,1.36343,0.415405,1.26145,0.463162,0.31686,1.15033,0,1.52275,0.304378,0.183722,2.51704,0.0580482
99.520725624,1.39568,0.21428,2.07411,0.0960859,0.365728,1.0895,0,1.40398,0.361788,0.00228664,2.13144,0.028967
99.567165533,1.70052,0.107397,2.33705,0.0213995,0.538676,0.546485,0.0434812,1.84254,0.319706,0.587268,1.35171,0.00541554
99.613605442,1.93584,0.260211,2.20176,0.0172499,0.504014,0.403778,0.0491059,1.63594,0.204338,2.32414,0.0286037,0.0201689
99.660045351,1.84512,0.270727,1.79765,0.0184772,0.764883,0.277961,0.0283692,0.991633,0.103666,2.84646,2.02822e-05,0.0407509
99.706485261,1.91764,0.185102,1.24436,0.0180892,1.10298,0.195718,0.010398,1.03815,0.0857374,3.01297,0,0.0174842
99.752925170,1.81764,0.068354,2.19072,0.0180133,1.05018,0.0950895,0.085961,1.07466,0.100198,2.62859,0,0.00127457
99.799365079,1.58865,0.00180016,2.7596,0.00275267,0.743316,0.854477,0.342887,1.15433,0.0358076,2.30929,0.000160221,2.30918e-05
99.845804989,1.67919,0.00159853,2.65589,0.00688547,0.301967,2.1158,0.295277,1.13779,0.00809797,1.93918,0.000457131,0
99.892244898,2.05354,0.00246201,1.93695,0.0409677,5.41212e-06,2.98785,0.129227,0.973375,0.00028565,1.69917,0.184108,0.0200887
99.938684807,2.31101,0.00250886,1.43246,0.0409113,0,3.24054,0.260827,0.771799,0,1.1482,0.32465,0.0162269
99.985124717,2.09267,0.00122034,2.09102,0.0387284,0.0338858,3.01058,0.563985,0.736046,0.000199214,0.955049,0.0107248,0.00974252
100.031564626,1.78661,0.00476405,2.73556,0.0341228,0.129603,2.27586,0.685043,0.795897,0.00169622,1.02669,0.000466259,0.000169429
100.078004535,1.67532,0.00122545,3.09356,0.0217541,0.120158,1.15822,0.453775,1.65181,0.0100031,0.788449,0.000296615,6.09379e-06
100.124444444,1.6174,0.00271049,2.8197,0,0.0699851,0.882069,0.137728,2.496,0.00178005,0.584859,0,0.345572
100.170884354,1.69085,0.00242212,2.40642,0,0.00867676,0.620451,0.000287495,2.90816,0.000533293,0.360878,0,0.393817
100.217324263,1.4063,0.0024403,2.89285,0,0,0.562233,0.0194277,2.93925,0.00117477,0.264425,0.0150125,0.0966913
100.263764172,1.18957,0.00282631,3.11281,0,0.0105119,0.608578,0.031779,2.5232,0.00283423,0.496957,0.93493,0.00353939
100.310204082,1.17783,0.00288341,3.1501,0,0.0410695,0.932341,0.0207448,1.57959,0.00515902,0.520275,2.24415,0.0054154
100.356643991,1.33662,0.00145072,2.89704,0.00978987,0.0408409,1.01397,0,1.19465,0.00909657,0.205397,2.96034,0.0119107
100.403083900,1.44332,0.00107709,2.54879,0.0140752,0.0507011,1.14432,0,1.40354,0.0106567,0.0973776,3.17307,0.0128974
100.449523810,1.30636,0.00123607,2.74566,0.0128366,0.0933726,0.985099,0.152295,1.69699,0.00722587,0.0255031,3.00782,0.01352
100.495963719,1.13844,0.00190394,2.98605,0.00719643,0.153833,0.791784,0.343105,1.90881,0.0136183,0.359609,2.19203,0.00897499
100.542403628,1.14064,0.00211471,2.8426,0.00585747,0.440191,0.802412,0.40645,1.6319,0.0537971,2.37727,0.609373,0.01084
100.588843537,1.21826,0.072736,2.42015,0,0.529947,0.962821,0.237738,1.14899,0.00243009,2.97726,0.000284632,0.00807695
100.635283447,1.27917,0.176289,2.04627,0,0.498609,1.17313,0.179012,0.694701,0.000255425,3.16535,0,0.00466994
100.681723356,1.09362,0.218758,2.64735,0,0.300036,1.1873,0.485038,0.604093,0,3.00126,0,0.00565818
100.728163265,1.09477,0.0932836,3.14904,0.00710288,0.0489354,1.4637,0.691829,0.52375,0.0263661,2.48626,0.000311293,0.0158599
100.774603175,1.62074,0.0146207,3.05793,0.018816,0.037265,2.46509,0.671291,0.363691,0.0427834,1.84063,0.000810166,0.0164778
100.821043084,1.93546,0.00366032,2.19484,0.0274002,0.058712,3.31001,0.443751,0.593592,0.00923054,1.63993,0.000957676,0
100.867482993,1.98779,0.00150118,1.49323,0.0657467,0.0580382,3.58161,0.122455,0.653783,0,1.13076,0.0961051,0.00256534
100.913922902,1.92616,0.0103265,2.15759,0.0177785,0.0942619,3.33571,0.257312,0.608525,0,0.775863,0.30125,0
100.960362812,1.71739,0.00925677,2.95321,0.00869591,0.119127,2.70745,0.459244,0.692965,0.00517643,0.507734,0.261158,0
101.006802721,1.5273,0.010597,2.71485,0.001272,0.124147,1.46871,0.561195,2.45513,0.00239289,0.315476,0.000237726,0.132199
101.053242630,1.65892,0.00185847,2.38068,0.0137622,0.0924829,0.4751,0.166608,3.3941,0,0.0112963,0.00820023,0.266696
101.099682540,1.65757,0.0017673,2.14042,0.115393,0.0609224,0.445312,0.0604597,3.55455,0,0.0112968,0,0.308535
101.146122449,1.55212,0.00234587,2.48379,0.0394608,0.0593912,0.496973,0.241266,3.52918,0.00125448,0.0723833,0.000437632,0.22396
101.192562358,1.36054,0.0108557,2.87335,0.0308819,0.0872167,0.711325,0.0558873,3.25222,0.00385778,0.221484,0.411535,0.00268067
101.239002268,1.1464,0.00949121,2.99375,0.683147,0.143745,1.3425,0.0293139,1.9743,0.0762331,0.308206,1.8841,0.00723491
101.285442177,0.992639,0.0211829,2.94943,1.06348,0.126488,1.47137,0.032229,0.268986,0.102584,0.111467,2.56422,0.540809
101.331882086,0.381376,0.00498626,1.76408,1.87178,0,1.43273,0.0346588,0.214709,0.119952,0.0556542,3.0056,0.658507
101.378321995,0.000270375,0.0022738,0.95976,2.54929,0.00392958,1.12042,0.0294999,0.655155,0.155546,0.0299974,2.8777,0.577126
101.424761905,0.086284,0.00169903,0.794487,2.68577,0.0212248,0.648668,0.0105584,0.89483,0.188068,0.150961,2.7554,0.465907
101.471201814,0.0930247,0.00179538,0.73181,2.84756,0.243998,0.255948,0.0137238,0.765302,0.227845,1.25723,2.12085,0.370962
101.517641723,0.0761662,0.00254983,0.665329,2.77165,0.388525,0.0247698,0.0888564,0.34018,0.215315,2.55624,1.70326,0.392885
101.564081633,0.0354759,0.00232617,0.698523,2.70476,0.479866,0.194143,0.0110294,0.272185,0.131214,3.05289,1.48339,0.391045
101.610521542,0.0399544,0.0144232,0.903509,2.42953,0.381472,0.584956,0.0155206,0.468387,0.0737886,3.01834,1.41712,0.350098
101.656961451,0.115732,0.0602714,0.904035,1.9798,0.225564,1.51648,0.0156704,0.62869,0.0486379,2.07015,2.27494,0.198289
101.703401361,0.154834,0.105088,0.895317,1.62869,0.15172,1.9768,0.0170757,0.632644,0.0672339,0.670946,3.01237,0.299222
101.749841270,0.179084,0.167901,0.770114,1.80987,0.0210055,2.06576,0.0116672,0.616718,0.0871893,0.404866,3.02882,0.284471
101.796281179,0.165808,0.180022,0.675062,2.3585,0.0274265,2.08501,0.0250959,0.653835,0.0166695,0.478085,2.29837,0.255658
101.842721088,0.102609,0.121323,0.60311,2.58404,0.0272397,2.02083,0.0277781,0.497208,0.0833641,0.455884,2.04215,0.294961
101.889160998,0.00918301,0.107579,0.492038,2.91021,0.0419253,1.81498,0.0169763,0.699567,0.14547,0.286898,2.34475,0.210299
101.935600907,0.171202,0.0362467,0.183392,2.6471,0.0162691,0.897813,0.0191923,2.05452,0.213479,0.117792,2.51679,0.397211
101.982040816,0.616123,0.0335118,0.195497,2.59781,0.00617787,0.329579,0.0222727,2.69357,0.089496,0.0171049,1.95653,0.497873
102.028480726,0.915334,0.0406746,0.223707,2.4005,0,0.328196,0.0374849,2.92137,0.0423268,0.0368551,1.16654,0.677189
102.074920635,0.818283,0.0217805,0.511191,2.2192,0.011074,0.45162,0.011427,2.78971,0.0581941,0.0711502,1.19558,0.679404
102.121360544,0.591296,0.0062999,0.481026,2.32132,0.0324749,0.912626,0.00280722,2.3729,0.0884237,0.223202,1.6909,0.481615
102.167800454,0.407743,0.0139851,0.406239,2.43312,0.0258685,1.24692,0.0927978,1.32748,0.110428,0.317626,2.25861,0.410352
102.214240363,0.275033,0.00266604,0.613026,2.53402,0,1.56502,0.343795,0,0.0884947,0.289713,2.60579,0.548975
102.260680272,0.239394,0.00263377,0.611686,2.57601,0,1.60564,0.428362,0,0.0319689,0.244473,2.81776,0.520661
102.307120181,0.225127,0.00232911,0.615294,2.55987,0,1.51549,0.40396,0.00888886,0.0343457,0.193139,2.91831,0.500476
102.353560091,0.138915,0.00240566,0.832002,2.44019,0.00658964,1.47798,0.206527,0.0298255,0.0777112,0.178674,2.93001,0.467424
102.400000000,0.129553,0.0568923,0.869473,2.35037,0,1.36041,0.121549,0.000789488,0.0815461,1.78707,2.383,0.421139
102.446439909,0.00245608,0.117902,0.996586,2.18414,0.00819614,1.27507,0.135162,0.00579188,0.0632071,3.09557,1.4447,0.378901
102.492879819,0,0.214312,1.03578,1.83966,0.220906,0.937503,0.0653457,0.0776888,0.0336849,3.56755,0.875481,0.293836
102.539319728,2.60097e-05,0.316088,0.643666,1.92252,0.447802,0.796525,0.0177661,0.173942,0.0182907,3.63144,0.889886,0.236636
102.585759637,0,0.248977,0.338865,2.01128,0.304779,0.843219,0.00141612,0.281018,0.0626142,3.34834,1.32646,0.212837
102.632199546,0.0388646,0.261132,0.367562,1.8968,0.0173008,1.46727,0.0182025,0.313952,0.0894901,2.47912,1.76932,0.107253
102.678639456,0.271614,0.255125,0.28093,1.82349,0.0225446,2.58355,0.145722,0.126025,0.0969134,1.62933,1.54347,0.111282
102.725079365,0.385436,0.242885,0.190258,1.6882,0.0238041,3.09871,0.268766,0.045888,0.113557,1.2825,1.31517,0.138821
102.771519274,0.454989,0.15273,0.330787,1.64771,0.0228056,3.11854,0.435484,0.0317444,0.102824,0.807075,1.20392,0.158635
102.817959184,0.440386,0.053037,0.380956,1.63698,0.0150218,2.82421,0.552169,0.0433093,0.13081,0.351274,1.68266,0.230088
102.864399093,0.316168,0.0416564,0.113038,1.70541,0.0116885,2.22165,0.356751,1.54401,0.186876,0.385401,1.73441,0.301354
102.910839002,0.494051,0.118847,0.0176432,1.80115,0.0453035,1.07999,0.165634,2.42775,0.0955596,0.501695,1.3119,0.287467
102.957278912,0.762054,0.0216117,0.131684,1.90593,0.0332975,0.38961,0.46104,2.56019,0,0.471698,0.660272,0.340212
103.003718821,1.01992,0.0797075,0.162307,1.73,0.0135051,0.0125043,0.85959,2.1589,0.110557,0.292675,0.970952,0.217433
103.050158730,0.974428,0.604994,0,1.97638,0.0272669,0.00183558,1.15276,1.72932,0.104646,0.141939,0.929694,0.118894
103.096598639,1.29658,0.908477,0.00175015,1.42211,0.262978,0.000723024,1.4307,1.10565,0.382428,0.447199,0.484497,0.287964
103.143038549,1.23417,0.75766,0.0631376,0.849394,0.358071,0.232429,1.19206,0.838521,0.899527,0.826438,0.146655,0.39364
103.189478458,1.42457,0.399051,0.284003,0.569171,0.328289,0.669567,0.868252,0.817508,1.05827,0.751341,0.468284,0.351796
103.235918367,1.49963,0.230755,0.427939,0.50382,0.20396,1.51739,0.513782,0.639537,0.567638,0.64351,1.03633,0.337396
103.282358277,1.59596,0.15042,0.311466,0.566759,0.0118761,2.43529,0.204673,0.564872,0.11181,0.581533,1.45481,0.206173
103.328798186,1.90028,0.0883949,0.170702,0.715709,0.0954216,2.83513,0.0408506,0.562306,0.0942168,0.921297,1.26353,0.120678
103.375238095,1.98931,0.0637944,0.219257,0.788692,0.270797,3.20363,0.00159644,0.191223,0.0165745,2.22463,0.535144,0.124238
103.421678005,2.19237,0.16346,0.217723,0.593737,0.520581,2.9642,0.0426623,0.0816465,0.0163145,2.76188,0.294631,0.00507552
103.468117914,2.3645,0.194163,0.206771,0.525711,0.472671,2.50511,0.0467823,0.146942,0.0384533,2.80502,0.119764,0.0725318
103.514557823,2.09044,0.408658,0.272603,0.45914,0.21993,2.20428,0.055729,0.437632,0.0818897,2.32025,0.192297,0.169681
103.560997732,0.664169,1.2929,0.379537,0.565479,0.160395,2.08832,0.0789559,0.578792,0.212568,0.835703,0.372568,0.539815
103.607437642,0.170902,1.27356,1.07777,0.447323,0.30158,2.29067,0.087988,0.598935,0.755212,0.316291,0.301649,0.566242
103.653877551,0.501476,1.44725,1.18773,0.207559,0.38813,2.34026,0.0596274,0.253864,0.647275,0.251941,0.181629,0.640283
103.700317460,0.711687,1.40219,1.33864,0.0577714,0.334327,2.12029,0.340584,0.375954,0.780415,0.153038,0.205238,0.729383
103.746757370,0.629799,0.990134,1.62179,0.0247851,0.115128,1.97892,0.41872,0.550803,0.618551,0.235545,0.0170071,0.544771
103.793197279,0.528061,0.337829,1.8267,0.0947028,0.0722332,1.93437,0.0467041,0.620945,0.560809,0.386944,0,0.421858
103.839637188,0.602446,0.0417966,1.67523,0.314217,0.136745,1.91998,0.00830295,1.34775,0.250624,0.40076,0.00262772,0.2679
103.886077098,0.867127,0.0265471,1.74114,0.205733,0.113959,1.70253,0.0369225,2.10617,0.0355528,0.426133,0.167311,0.220464
103.932517007,1.10565,0.0160269,1.75063,0.192143,0.300358,2.17258,0.0319531,2.33457,0,0.245261,0.157549,0.280281
103.978956916,1.56711,0.33359,1.07048,1.25678,0.0267454,2.80416,0.0068181,1.71354,0,0.581273,0.227691,0.159774
104.025396825,1.34549,0.659658,0.448657,1.90262,0.0225526,2.92018,0.01052,1.08389,0,0.878687,0.596662,0.392905
104.071836735,1.10429,0.671656,0.232183,1.50463,0,2.84911,0.0349294,0.740926,0,0.729826,1.11709,0.661883
104.118276644,1.06993,0.590494,0.601519,0.655952,0,2.68981,0.0300881,0.396912,0.0111361,0.687407,1.58771,0.359996
104.164716553,1.13392,0.506388,0.971761,0.318356,0,2.30263,0.0214965,0.401311,0.0855586,0.644643,1.86193,0.0229713
104.211156463,1.28804,0.354447,0.91091,1.24829,0.0158451,2.22616,0.00492294,0.382666,0.10808,0.357285,1.92206,0.00392333
104.257596372,1.49378,0.157346,0.511702,2.04249,0.0519525,2.35042,0.157221,0.624772,0.110959,0.228731,1.49232,0.0748481
104.304036281,1.58947,0.0668306,0.307366,2.15016,0.210826,2.32989,0.420386,0.450767,0.0445636,1.57568,0.699681,0.247647
104.350476190,1.42613,0.0570817,0.282573,1.72672,0.167233,2.40182,0.428897,0.310023,0.00169837,2.06686,0.256788,0.481896
104.396916100,1.02873,0.000334847,0.247492,1.11997,0.163906,2.59733,0.118842,0.339852,0,2.3001,0.0947406,0.858419
104.443356009,0.806086,0.0658257,0.182916,1.16619,0.214423,2.48953,0.0316711,0.49389,0.060399,2.28813,0.432052,0.733242
104.489795918,1.02913,0.169795,0.290272,1.36821,0.264911,2.46426,0.0350999,0.313939,0,1.58179,0.749389,0.705961
104.536235828,1.33813,0.288003,0.396272,1.44181,0.197898,2.43668,0.0417678,0.372449,0,0.333182,0.791754,0.519317
104.582675737,1.45866,0.0475641,0.445544,1.05888,0.235379,1.91081,1.29539,0.649771,0.0471485,0.238501,0.49667,0.0257182
104.629115646,1.69601,0.0616415,0.264606,0.455474,0.202646,0.925699,1.18357,0.828354,0.077908,0.23448,0.239789,0.710156
104.675555556,1.09931,0.199144,0.309352,0.10733,0.204633,0.285008,1.01935,0.912425,0.0378787,0.478573,0.106973,1.05499
104.721995465,0.302321,0.38529,0.684148,0.27891,0.141674,0.582283,1.16671,1.06869,0.0960336,0.300747,0.331418,0.899521
104.768435374,0.361282,0.512457,0.374556,0.376179,0.0146932,0.59637,1.05688,0.998782,0.0974627,0.377647,0.976969,0.805128
104.814875283,0.474878,0.93489,0.211419,0.35785,0.032684,0.0881244,1.00079,1.06218,0.0167428,0.347925,1.31198,0.243211
104.861315193,0.551991,1.21688,0.197422,0.363074,0.080506,0.0521996,0.801291,0.990997,0.0560101,0.303371,1.10757,0.0487705
104.907755102,0.288233,1.2539,0.219184,0.709697,0.254676,0.238581,0.850485,0.882498,0.117408,0.0478074,0.90454,0
104.954195011,0.217564,0.899927,0.157917,1.07896,0.43457,0.346243,1.31732,0.740752,0.0467403,0.330267,1.3084,0.0534526
105.000634921,0.194628,0.825334,0.11724,1.01811,0.511482,0.19773,1.45541,0.982322,0.261678,0.509185,1.33262,0.1589
105.047074830,0.296277,0.607262,1.39295,0.878349,0.294493,0.137839,0.915684,1.80428,0.472338,0.141097,1.16123,0.401788
105.093514739,0.332163,0.0124181,1.78719,1.09861,0.0934992,0.097002,0.409708,2.91849,0.334461,0.00158167,0.560208,0.521371
105.139954649,0.232108,0,1.88282,0.986572,0.0388689,0.0755096,0.0400632,3.70682,0.0168539,0.00416435,0.094832,0.697311
105.186394558,0.151713,0.0602274,1.68608,0.664118,0.0206412,0.0728578,0.0728663,3.80038,0.136635,0.00528817,0.181703,0.648166
105.232834467,0.243611,0.176458,1.62999,0.169001,0.45837,0,0.0959591,3.63259,0.217167,0.000673375,0.220654,0.290502
105.279274376,0.0407271,0.394778,1.74451,0.0416716,0.986125,0.507918,0.291,3.42043,0.289952,0,0.233647,0.214482
105.325714286,0,0.518236,1.79217,0,0.940464,0.77287,0.281849,3.08219,0.326712,0.122497,0.149613,0.624287
105.372154195,0,0.393441,1.63663,0,0.706747,0.792399,0.0372432,2.98715,0.304779,0.610455,0.103874,1.11382
105.418594104,0,0.141992,1.91054,0,0.653566,0.878841,0.0391223,3.08157,0.0193444,0.477182,0.0890929,1.35341
105.465034014,0.0986556,0.0675228,2.30929,0,0.302731,0.828745,0.0462401,3.19002,0.0208215,0.241547,0.0651224,1.29445
105.511473923,0.255366,0.0551239,2.24562,0,0.240797,0.82681,0.0489993,2.92966,0.00638342,0.26111,0.189714,1.13907
105.557913832,0.588062,0.0688519,1.9547,0,0.236315,0.913273,0.042421,2.75081,0.00899854,0.417756,0.310297,1.02895
105.604353741,0.591029,0.110054,2.03045,0.0247384,0.255114,1.0383,0.0227594,2.79258,0.0195027,0.472196,0.37135,1.08031
105.650793651,0.16992,0.106908,2.0781,0.0418145,0.202512,0.91569,0.00344258,3.27493,0.0428031,0.385013,0.361104,1.18947
105.697233560,0.348727,0.0238168,2.24206,0.0479797,0.149513,0.687626,0.00142554,3.51652,0.0461398,0.22214,0.244496,1.20511
105.743673469,0.297618,0,2.38621,0.0145507,0.112605,0.633674,0.0303438,3.823,0.0952728,0.0229487,0.118627,1.34268
105.790113379,0.0863391,0.025607,2.39531,0,0.00140414,0.754214,0.0489372,3.81465,0,0.183484,0.126006,1.34746
105.836553288,0.0159254,0.0745605,2.42533,0.0208347,0.0236656,0.749755,0.17632,3.51137,0.0377981,0.181943,0.118655,0.956123
105.882993197,0,0.229275,2.3358,0.0555272,0.0135945,0.58172,0.212925,3.2084,0.0672289,0.245481,0.179769,0.768051
105.929433107,0.0147115,0.268551,2.22363,0.0851932,0,0.400252,0.0584593,2.87992,0.0620317,0.430644,0.337184,0.600004
105.975873016,0.113691,0.377759,2.0182,0.0471439,0,0.240965,0.0126361,2.26203,0.0365411,0.497045,0.83325,0.599121
106.022312925,0.287469,0.258705,1.9311,0.0434014,0,0.181841,0.0217309,2.13308,0.0582381,0.51198,1.17787,0.462342
106.068752834,0.194935,0.210386,1.95022,0.0303698,0.00798593,0.159903,0.0242736,2.57147,0.10085,0.459584,1.30302,0.27239
106.115192744,0.185219,0.474208,1.67973,0.119426,0.025849,0.17551,0.0379288,3.39067,0.103827,0.212073,1.10242,0.393908
106.161632653,0.341939,1.25531,1.40223,0.0351118,0.115098,0.34008,0.0639155,3.57773,0.0100349,0.225063,0.0932646,0.49026
106.208072562,0.215312,1.23903,1.54908,0.0783228,0.101454,0.494245,0.0546326,3.11347,0.0184695,1.15172,0.111531,0.713601
106.254512472,0.0130067,1.17237,1.7702,0.144351,0.066745,0.668639,0.174203,2.37278,0.0255689,1.57291,0.0158538,0.760485
106.300952381,0.0609868,1.01644,1.77501,0.17446,0.049481,0.700478,0.200131,2.12579,0.0304559,1.43831,0.0195415,0.494317
106.347392290,0.105499,0.526186,1.84739,0.0228133,0.125936,0.763524,0.145074,2.58067,0.027592,0.911941,0.142273,0.305621
106.393832200,0.0913432,0.249316,2.05614,0.0213093,0.302752,0.69949,0,3.36618,0.00758797,0.642614,0.16524,0.585302
106.440272109,0.145638,0.186163,2.05406,0.0182049,0.567695,0.666203,0,3.5836,0.0139364,0.224198,0.140812,0.841893
106.486712018,0.174232,0.0628202,2.0818,0.0176654,0.635562,1.09808,0,3.30649,0.052227,0.103658,0.259435,0.918177
106.533151927,0.183424,0.0387001,1.9452,0.0174947,0.479916,1.1561,0,3.24565,0.11157,0.109015,0.429072,0.890909
106.579591837,0.0760048,0.0164951,2.09806,0.0717586,0.188994,0.757611,0,3.48939,0.120249,0.0963964,0.41397,1.07153
106.626031746,0.240318,0.00106719,2.29939,0.0712796,0.0331421,0.270582,0,3.84576,0.0705077,0.067262,0.203752,1.33718
106.672471655,0.241094,0.00969378,2.16729,0.196803,0.0435971,0.00594706,0,3.98262,0.0584759,0.00666537,0.107511,1.48252
106.718911565,0.0504622,0.0189313,2.15941,0.395301,0.0344109,0.0265232,0,4.12295,0.0532846,0.0047126,0.118184,1.42654
106.765351474,6.50083e-05,0.0462782,1.813,0.518587,0.0238628,0.0194849,0,4.37294,0.0266587,0.00418759,0.177436,1.44294
106.811791383,0.010887,0.0065362,1.69048,0.545013,0.0103204,0.0190075,0.00163529,4.2389,0.0122535,0.00317609,0.181038,1.5941
106.858231293,0.377768,0.149448,1.45274,0.465607,0.0323843,0.00763955,0,3.7412,0.0210225,0.00270365,0.993514,1.09901
106.904671202,1.03771,0.336841,1.18054,0.518037,0.051677,0.00591169,0.103858,2.53076,0.13221,0.0049723,1.57291,0.482368
106.951111111,1.78562,0.205932,0.960254,0.287739,0.430802,0.0413234,0.313865,1.65382,0.171106,0.00298284,1.98459,0.113561
106.997551020,2.13338,0.121572,0.934611,0.00141901,0.628562,0.0244805,0.165644,1.39969,0.0792693,0.0636879,1.87232,0.118435
107.043990930,2.48705,0.0293809,1.23455,0.0800467,0.402795,0.0394089,0.132068,1.48597,0.0528818,0.210454,1.51178,0.03792
107.090430839,2.29901,0.313893,1.08723,0.0617091,0.138369,0.12346,0.0709876,1.76759,0.220253,0.478862,0.69148,0.0155079
107.136870748,1.71207,0.832308,0.861007,0.0290631,0.0837809,0.0384208,0.263078,1.82251,0.123009,1.02639,0.729298,0.0658076
107.183310658,1.77655,0.82127,0.524592,0,0.0734712,0.249242,0.442258,1.85053,0.016512,1.94102,0.427115,0
107.229750567,1.86191,0.413549,0.844906,0.0156001,0.043339,0.392467,0.379772,1.68862,0.0218976,2.23543,0,0.00308191
107.276190476,1.84862,0.103482,1.55795,0.0148017,0.107944,0.509673,0.143407,1.59411,0.0149962,2.12755,0,0.00980552
107.322630385,1.84539,0.324346,2.18253,0.0264773,0.188758,0.451997,0.122716,1.31694,0.17095,1.51272,0.0879232,0.0161485
107.369070295,1.68085,0.415251,2.26123,0.389561,0.202981,1.07671,0.429212,1.15751,0.135252,0.282621,0.105921,0
107.415510204,1.83515,0.173527,1.70328,0.538297,0,1.87555,0.48812,1.13727,0,0.048381,0.170627,0.184602
107.461950113,1.88019,0.155593,1.55502,0.187246,0.0113283,2.18486,0.474991,1.13494,0,0.138452,0.776091,0.449944
107.508390023,1.86771,0.0455696,1.69174,0.0473724,0.0176647,1.80798,0.507604,0.880041,0.000483892,0.314896,1.15574,0.515149
107.554829932,2.09636,0.0146931,1.64961,0.0530773,0,0.629729,0.614015,1.21659,0,0.456555,0.994444,0.676563
107.601269841,2.2983,0,1.88765,0.0519731,0,0.0555153,0.333603,1.90101,0.0109999,0.434561,0.754918,0.49263
107.647709751,2.48461,0,1.86342,0.0322154,0.123797,0.0951338,0.228425,1.90047,0.0872483,0.211008,0.475607,0.178295
107.694149660,2.16995,0.108596,1.486,0.123712,0.0510311,0.205157,0.380254,1.98261,0.0790676,0.244118,0.045226,0.102359
107.740589569,1.8741,0.0500252,1.79568,0.181185,0.0254582,0.122122,0.61272,1.79875,0.112609,0.41079,0,0.107498
107.787029478,1.64974,0,1.68515,0.069888,0.0175593,0.350048,0.30103,1.40374,0.243046,0.457433,0.463181,0.446595
107.833469388,1.41187,0,0.931834,0.194135,0.102471,0.47784,0.20209,1.38038,0.299068,0.5007,1.18999,0.151
107.879909297,1.38971,0.0421674,0.241785,0.226608,0.640921,0.578856,0.039959,1.38178,0.157521,0.572639,1.29911,0.0166515
107.926349206,1.64282,0.0368985,0.13247,0.140705,0.718811,0.581105,0.0286159,1.24717,0.184667,0.537824,1.45978,0.0378526
107.972789116,1.81631,0.276583,1.13961,0.119473,0.115251,0.427298,0.0263591,1.42327,0.21517,0.319256,1.49892,0.0316433
108.019229025,1.33061,0.911112,1.30208,0.00350272,0.0328149,0.326981,1.00964,1.05637,0.458717,0.284162,1.08863,0
108.065668934,1.23819,0.961252,1.11206,0.00325494,0.0265953,0.352841,1.47837,0.713388,0.673657,0.841816,0.670884,0.183098
108.112108844,1.09019,0.92346,0.991148,0.00196858,0,0.574551,1.80903,0.574474,0.678556,1.69153,0.0916209,0.291347
108.158548753,1.14191,0.806491,0.947325,0,0,0.915748,1.51041,0.615403,0.695995,1.96209,0,0.0253049
108.204988662,1.21779,0.294257,1.17327,0,0,0.825932,1.50318,0.853426,0.590797,1.78768,0,0.0357821
108.251428571,1.16811,0.00809454,1.46536,0.274711,0.113613,0.969433,0.887914,1.13649,0.0160165,1.40618,0,0.0259251
108.297868481,1.17116,0.0443213,1.4716,0.483765,0.115575,1.80234,0.348062,1.19892,0.158182,1.00099,0.0505211,0.0811352
108.344308390,1.13727,0.0386305,1.31265,0.302801,0.00929213,2.19985,0.102126,1.12039,0.292923,0.930958,0.148366,0.156776
108.390748299,0.795386,0.0207865,1.32504,0.00753753,0,2.46162,0.0251519,1.33197,0.420385,0.7754,0.539367,0.781372
108.437188209,0.616174,0.0170964,2.05393,0.0348875,0,2.24736,0.0216034,1.41624,0.38842,0.206093,0.691507,1.43069
108.483628118,0.647406,0.00623055,2.49718,0,0,1.2947,0.212337,1.44427,0.795711,0.0647703,0.723463,1.70657
108.530068027,1.10997,0.0033379,2.22564,0,0.0194519,0.0647499,0.0217605,2.34431,0.901962,0.146617,0.288442,1.53733
108.576507937,1.49684,0.00412914,1.90166,0,0.0155134,0.0614102,0,2.87502,0.811229,0.279809,0.0689451,0.777882
108.622947846,1.43645,0.000688925,1.84235,0,0.0676043,0.072635,0.0191961,2.87124,0.933512,0.194257,0.086122,0.30838
108.669387755,1.38946,0.00134277,2.30274,0,0.0893145,0.0680033,0.00336906,2.37086,0.911343,0.0139253,0.0968477,0.218268
108.715827664,1.19098,0.0255384,2.56882,0,0.0348136,0.0793042,0.023773,1.87191,1.06914,0.0367933,1.53315,0.017311
108.762267574,1.1292,0.0392916,2.39165,0.294699,0,0.0899499,0,1.20244,1.10263,0.215546,2.23087,0.0685218
108.808707483,0.768326,0.0333528,1.50506,1.66981,0.0398409,0.104863,0,0.352706,1.16412,0.318704,2.31011,0.188029
108.855147392,0.0899983,0.0980888,0.124788,2.43082,0.0579897,0.21079,0.00430188,0.721512,1.04496,0.306141,2.06604,0.118896
108.901587302,0.000702275,0.222555,0.00893709,2.51895,0.153145,0.488862,0.00559614,0.89453,0.503981,0.258188,2.00071,0.108873
108.948027211,0.0434877,0.252701,0.000270134,2.14443,0.212356,0.442232,0.063524,1.02121,0.150035,0.0665129,2.14557,0.266379
108.994467120,0.0650938,0.744663,0.000278864,1.94254,0.0830638,0.189753,0.119635,0.887531,0.16545,0.781062,1.90818,0.513878
109.040907029,0.0767053,1.05145,0.253643,1.90604,0.02573,0,0.77192,0.35027,0.157965,1.41778,1.53104,0.584498
109.087346939,0.0831016,0.927512,0.482846,2.30234,0.0118546,0,0.699409,0.164849,0.104994,1.64086,1.50335,0.387591
109.133786848,0.0510858,0.397144,0.628717,2.61183,0.0304339,0.256256,0.264626,0.289353,0.0821535,1.58047,1.61119,0.244304
109.180226757,0.000424737,0.0423466,0.735008,2.79624,0.192137,0.338895,0.00454741,0.286556,0.125953,0.741958,1.83799,0.275376
109.226666667,0.00735502,0.0324401,0.411321,2.60683,0.310892,0.341862,0.00530308,0.128941,0.198364,0.64853,1.6247,0.287954
109.273106576,0.543451,0.150025,0.227405,2.12578,0.445422,0.250749,0.000202033,0.0910837,0.111135,1.19672,1.50222,0.162063
109.319546485,0.366793,0.265344,0.278677,1.98453,0.43744,1.10173,0,0.0171821,0.0691657,1.5102,1.16294,0.678588
109.365986395,0.183717,0.338732,0.0930286,1.9121,0.413703,1.25568,0.00062711,0.04074,0.0703328,0.69485,1.8965,1.0938
109.412426304,0.0801051,0.166046,0.229479,2.07191,0.246854,0.760534,0.00834208,0.396896,0.22144,0.19984,2.23904,1.22711
109.458866213,0.0851941,0,0.359965,2.33153,0.109214,0.360282,0.0107446,1.60158,0.394461,0.135811,1.94655,1.03282
109.505306122,0.0835673,0,0.552561,2.63422,0.0688027,0.293814,0.126983,2.11551,0.363159,0.145829,1.56451,0.640476
109.551746032,0,0.0392368,0.502993,2.83334,0.0193434,0.241185,0.23077,2.26551,0.247465,0.181738,1.91957,0.367624
109.598185941,0,0.063298,0.33076,2.76303,0.0483179,0.797862,0.229943,1.86674,0.0486841,0.295041,2.30297,0.25432
109.644625850,0,0,0.058533,2.61882,0.0423022,1.19606,0.165972,1.00394,0.0132827,0.674055,2.09812,0.193797
109.691065760,0,0.0747119,0.0307707,2.37911,0.0389608,1.39062,0.0250129,0.73832,0.0781048,0.876557,1.75894,0.190525
109.737505669,0,0.151574,0.0364766,2.19129,0.0300269,1.55329,0.0451954,0.872882,0.236898,0.980511,1.60693,0.0110719
109.783945578,0.00121566,0.154526,0.0329521,1.88993,0.017592,1.67618,0.0378001,1.00225,0.328137,0.921462,1.68829,0
109.830385488,0.0902996,0.130839,0.0518615,1.89317,0.0105843,1.76903,0.0287842,0.912374,0.0396225,0.952428,1.63089,0.263895
109.876825397,0.0605031,0.579979,0.191359,1.73032,0.00932627,1.71363,0.549202,0.931544,0.0718187,0.978343,1.42316,0.773373
109.923265306,0.073147,0.558144,0.544399,1.47499,0.00468941,1.56465,0.744549,0.0380878,0.075194,2.04884,0.475509,0.997662
109.969705215,0.00480109,0.446256,0.580906,1.37249,0,0.907716,1.17266,0.1026,0.250849,2.13343,0.410307,0.883007
110.016145125,0,0.478787,0.641712,1.37006,0,0.654458,1.10321,0.135264,0.546102,2.00854,0.531635,0.686261
110.062585034,0.00021434,0.398196,0.864746,1.57964,0,0.579285,0.566409,0.2048,0.544468,1.71122,0.752101,0.536275
110.109024943,0.000168233,0.075817,1.08128,1.7231,0.00715627,0.734813,0.0163567,0.536528,0.0837495,1.31894,1.26509,0.387178
110.155464853,0,0.0939011,1.31422,1.62561,0,1.10134,0.0042387,0.58709,0.122661,1.0074,1.29292,0.645294
110.201904762,0,0.0561364,1.02825,1.49717,0,1.71505,0,0.707165,0.263045,0.427308,1.23154,0.698983
110.248344671,0,0.0799308,0.954528,1.62928,0.00195952,2.01863,0.0970915,0.653129,0.350691,0.226645,1.6409,0.651018
110.294784580,0,0.0100949,0.868659,1.79615,0.0382173,1.90934,0.187096,0.34569,0.161244,0.134654,2.28817,0.972675
110.341224490,0,0.00340895,0.918291,2.08672,0.00108339,1.37699,0.220346,0.177246,0.108317,0.520906,2.40282,1.06482
110.387664399,0.0903252,0.00260116,0.549574,2.34985,0,0.287098,0.0906356,1.65326,0.0602711,0.759992,2.02986,0.906374
110.434104308,0.193572,0.00149797,0.572347,2.63362,0.0180976,0.115338,0.0898356,2.34232,0,0.74093,1.38716,0.523173
110.480544218,0.00726352,0.00108523,0.656174,2.70567,0.0838351,0.00106139,0.0999254,2.55576,0,0.284077,1.12161,0.339137
110.526984127,0.0558006,0.000643343,0.701208,2.81863,0.00199775,0.203802,0.137277,2.39606,0,0.226881,1.20966,0.262853
110.573424036,0.340993,0,0.614043,2.73277,0.00832807,0.504802,0.177052,1.85366,0.0478868,0.24705,1.32114,0.139622
110.619863946,1.44727,0.000507828,0.724611,2.46022,0.0249751,1.05631,0.179774,0.640953,0.161171,0.529531,0.879094,0.130342
110.666303855,1.86343,0.00161584,0.670899,1.8774,0.00679344,1.4436,0.310909,0.343736,0.0344301,0.813661,0.780871,0.203577
110.712743764,1.90588,0.0534471,0.636745,0.840047,0.0221117,2.19191,0.437857,0.30173,0.0232115,0.626385,0.705587,0.221779
110.759183673,2.01712,0.036907,0.7849,0.930761,0.0235836,2.30998,0.45619,0.277659,0.0291606,0.733481,0.371213,0.210178
110.805623583,2.20157,0.10773,0.748429,0.965785,0.0173953,2.27592,0.501515,0.212955,0.0377546,0.80163,0.174234,0.105846
110.852063492,2.02227,0.339057,0.716299,0.620802,0.00191993,2.00216,0.193423,0.172009,0.108077,0.603481,0.247241,0.115879
110.898503401,1.65205,0.317738,0.641089,0.286064,0,1.85011,0.577571,0.13235,0.34468,0.994099,0.146209,0.159404
110.944943311,1.50051,0.456062,0.747294,0.0608418,0,2.33483,0.568859,0.0988698,0.240957,1.22914,0.0292511,0.0903783
110.991383220,1.42975,0.60533,1.00117,0.282455,0,2.4201,0.366884,0.0744538,0.160496,1.35637,0,0.0636917
111.037823129,1.13653,0.376505,1.11319,0.789734,0,2.55948,0.136275,0.162192,0.12206,1.32621,0.0155933,0.0832804
111.084263039,0.865833,0.309213,1.22482,1.0288,0.00776422,2.59123,0.116397,0.021697,0.0967134,0.788937,0.701778,0.0849709
111.130702948,1.13726,0.289753,0.708877,1.04655,0,2.58824,0.257481,0,0.0607518,0.659967,0.459596,0.118737
111.177142857,1.38927,0.0626716,0.614336,0.782202,0,2.62683,0.340468,0,0.0657901,0.466511,0.536308,0.201116
111.223582766,1.3183,0.0405871,0.525566,0.591788,0.0128965,2.28803,0.737797,0.201731,0.0134468,0.425006,1.1302,0.580864
111.270022676,0.972539,0.0289433,0.399953,1.62133,0.00450409,1.92106,0.712099,0.22858,0,0.720143,0.92357,0.993008
111.316462585,0.86236,0.016713,0.545317,2.25561,0.000510046,1.67008,0.547006,0.79946,0,0.96701,0.465044,1.15591
111.362902494,1.28645,0.0235031,0.826778,1.85783,0.0175232,1.48045,0.497992,1.29809,0.0125225,1.50686,0.196069,0.654842
111.409342404,1.24832,0.164578,1.08498,0.755423,0.0904173,1.62895,0.230524,1.60118,0.0310021,1.73061,0.239836,0.176106
111.455782313,1.2811,0.148518,1.14984,0.991684,0.00398482,1.45667,0.258829,1.52598,0,1.47304,0.73118,0.234039
111.502222222,1.31344,0.0440741,0.596909,1.85583,0,1.48136,0.246858,0.956865,0.00161572,1.14618,1.51074,0.117367
111.548662132,1.14535,0.100589,0.00189194,1.68975,0,1.28472,0.193101,1.33592,0.000510696,0.793297,1.68159,0.31536
111.595102041,0.876572,0.135524,0,1.00148,0,1.46025,0.141264,1.55644,0.00760391,0.853586,1.89994,0.424694
111.641541950,0.632576,0.0404493,0.083484,0.775001,0.0101725,1.69984,0.0643149,1.1961,0.0304811,1.01582,2.29343,0.187473
111.687981859,0.699031,0.282024,0.0150795,0.777974,0.0162251,2.02993,0.100782,0.840376,0.0499674,1.23024,2.3024,0.036483
111.734421769,0.756339,0.66056,0.0853841,1.30805,0.0164269,2.00629,0.28674,0.678043,0.0044766,1.12813,1.91065,0.321179
111.780861678,0.671716,0.900661,0.318134,0.633439,0.0187989,2.24422,0.349876,0.111022,0.129588,0.784521,0.752431,0.753608
111.827301587,0.666321,0.968212,0.736403,0.336716,0.0743388,2.25625,0.223039,0.0380284,0.0556106,1.65037,0.247276,0.654716
111.873741497,0.611405,1.02469,0.747838,0.00681036,0.103167,2.23736,0.757994,0.0223113,0.069261,1.98023,0.161419,0.486805
111.920181406,0.627139,0.872149,0.873785,0,0.116906,2.30801,0.882724,0.0331643,0.0318243,2.01909,0.101512,0.143171
111.966621315,0.701739,0.379904,0.957835,0.341047,0.121711,2.47837,0.663303,0.256951,0.0739834,2.10457,0.151837,0
112.013061224,1.11618,0.201388,1.0314,0.535219,0.359425,2.52323,0.383783,0.407341,0.0851533,1.69099,0.692678,0
112.059501134,1.29923,0.216699,0.195687,0.604663,0.303862,2.70272,0.164673,0.386293,0.127691,0.747338,0.796946,0
112.105941043,1.54473,0.108668,0.308821,0.431352,0.0565318,2.72044,0.0754261,0.24199,0.079895,0.516446,0.455854,0
112.152380952,1.56537,0.0502439,0.316652,0.671351,0.0201563,2.81419,0.0304714,0.0780971,0,0.383942,0.503739,0.222076
112.198820862,1.31003,0.0369215,0.202067,1.38595,0.0181102,2.55488,0,0.162395,0,0.36098,0.712661,0.434146
112.245260771,1.09525,0.0176647,0.303493,1.48005,0.00541277,1.99239,0,0.588792,0.0910916,0.0780658,1.22941,0.53857
112.291700680,0.998774,0.00257835,0.450931,1.3654,0.0188572,1.69049,0,1.5261,0.10389,0.0373674,1.38974,0.350237
112.338140590,1.27946,0.00287869,0.698936,0.858609,0.0311137,1.77823,0.00135523,1.7177,0.0721041,0.0442747,1.1138,0.191864
112.384580499,1.52595,0.00353369,0.887989,0.653823,0.22503,1.68594,0.191479,1.59425,0.000320521,0.00527977,0.827109,0.240809
112.431020408,1.28488,0.0206743,0.814416,1.17278,0.00780879,1.72,0.286824,1.41528,0.000195624,0,1.24743,0.70016
112.477460317,0.952976,0.0525571,1.14664,1.26279,0,1.60637,0.330015,1.13317,0,0.189599,1.83374,0.846308
112.523900227,1.22774,0.0698576,1.26152,0.912368,0.0105824,1.27457,0.174923,2.0097,0.0010958,0.261741,1.98346,0.578856
112.570340136,1.27256,0.0103423,1.32822,0.609151,0.0303225,0.626856,0.0345565,2.70216,0.0226816,0.121762,1.86634,0.109745
112.616780045,0.981946,0.0132414,2.07568,0.0495478,0.0904264,0.441358,0.0244327,3.17463,0.023016,0.104125,1.83688,0.121594
112.663219955,0.424983,0.0413918,2.15468,0.0731077,0.0750775,0.304717,0.0177911,3.47477,0.163634,0.0958711,1.32897,0.681835
112.709659864,0.229229,0.255248,1.88507,0.0538376,0,0.211038,0.0796794,3.49324,0.322199,0.0727144,1.15842,1.11415
112.756099773,0.0267801,0.708433,1.9051,0.088091,0.041223,0.423521,0.257154,3.09371,0.495686,0.00884642,1.07687,0.979771
112.802539683,0.000540374,0.8218,2.06014,0.11749,0.103873,0.62827,0.406244,2.79668,0.455569,0.262247,0.645436,0.743669
112.848979592,0.000339292,0.762114,1.86769,0.13982,0.0522691,0.692235,0.411746,2.8069,0.16735,0.706213,0.106223,1.06351
112.895419501,0.019911,0.458735,1.79086,0.133791,0.0583049,0.844382,0.087853,3.16714,0.0858506,0.613349,0.108774,1.20567
112.941859410,0.0129566,0.344189,2.15429,0.0171692,0.00405966,1.11906,0,3.43621,0.00525352,0.171134,0.125204,0.921971
112.988299320,0.0477633,0.222563,2.2133,0.0295246,0.00404075,1.54939,0,3.21851,0.0161422,0.0796631,0.604004,0.734961
113.034739229,0.170637,0.0986953,2.01648,0.129598,0.0123512,2.20009,0,2.61179,0.0570503,0.293435,0.840281,0.868017
113.081179138,0.0532445,0.243968,1.8436,0.0154925,0.0205439,2.50219,0,2.35615,0.0430543,0.372803,0.906955,1.13997
113.127619048,0.0980841,0.206917,1.91326,0.0385639,0.048427,2.18264,0.0264156,2.75723,0,0.128024,0.992757,1.32331
113.174058957,0.288626,0.1757,1.92388,0.0482065,0.0699511,1.21315,0.0284226,3.44675,0.0185948,0.00246109,0.964735,1.27965
113.220498866,0.447991,0.143251,1.77555,0.0539718,0.0570292,0.441114,0.0136568,3.82297,0.00793005,0.00605819,0.681635,1.23242
113.266938776,0.292937,0.144047,1.81028,0.0107703,0,0.294811,0.0922936,4.03393,0.0113991,0.00677674,0.479726,1.8873
113.313378685,0.0686423,0.0831269,1.92026,0.00919586,0.0681089,0.621143,0.162682,4.00406,0.00634578,0.00577801,0.461275,2.05763
113.359818594,0.0830063,0.00312719,2.16898,0,0,1.17707,0.130815,3.53763,0.0372843,0.205556,0.78249,1.50158
113.406258503,0.000480579,0.0551493,2.10763,0.0273094,0,1.52182,0.0627482,3.01286,0.0336028,0.42316,1.12692,0.814345
113.452698413,0.111512,0.339581,1.78859,0.0368039,0.0276211,1.20914,0.041045,2.47288,0.025222,0.488518,1.42832,0.173249
113.499138322,0.201466,0.45776,1.34755,0.061208,0.0291793,1.03946,0.00358444,2.14656,0.00178385,0.533867,1.70625,0
113.545578231,0.126907,0.421697,1.38229,0.035631,0.0932917,0.592754,0.00204722,2.52882,0.000320073,0.50572,1.86678,0
113.592018141,0.0750866,0.183608,1.7869,0.0154938,0.0984638,0.372325,0.0113235,3.10074,0.0117565,0.300443,1.98348,0.0484663
113.638458050,0.0586503,0.737689,1.69619,0,0.0290206,0.0067673,0.0443288,3.64956,0.046773,0.0433029,1.63022,0.263941
113.684897959,0.000109385,0.987187,1.63146,0.0211813,0.0212102,0.427536,0.106574,3.03003,0.0504361,0.552202,0.393286,0.669052
113.731337868,0.0300933,1.0826,1.51284,0.0229041,0,0.668312,0.594055,2.41533,0.0343666,0.816754,0.0729801,0.880389
113.777777778,0.0151646,0.960775,1.53013,0.115576,0,0.616461,0.697859,2.33184,0.0597026,0.875285,0.0222657,0.685309
113.824217687,0.000248032,0.645803,1.53841,0.0391179,0.0497793,0.686821,0.555077,2.33837,0.103786,0.791276,0.0480955,0.527099
113.870657596,0.000512022,0.384482,1.88186,0.0184809,0.109094,0.793919,0.280288,2.55878,0.0780656,0.552575,0.0766879,0.546709
113.917097506,0.000575551,0.289123,2.27951,0.0154116,0.0954327,0.917081,0.0627677,2.67597,0.00710857,0.325652,0.110178,0.484161
113.963537415,0.000477738,0.159595,2.42279,0.0137018,0.0573955,1.1344,0,2.53218,0,0.311616,0.151482,0.449588
114.009977324,0.0759182,0.0884632,2.21493,0.103234,0.0386338,1.67575,0,2.65558,0.102141,0.19919,0.295439,0.840747
114.056417234,0.115426,0.0613574,2.14708,0.142692,0.034614,1.15769,0,3.22596,0.639226,0.000937016,0.580736,0.984015
114.102857143,0.0966475,0.0395838,2.17506,0.0732033,0.0306365,0.520066,0,3.62466,0.945887,0.00367368,0.620444,1.06593
114.149297052,0.0612999,0,2.28205,0.0135558,0.0282543,0.138931,0,3.86427,0.9771,0.00910244,0.429643,1.03691
114.195736961,0.0845803,0.0109088,2.32159,0.00828074,0.0404931,0.0132688,0,4.22872,0.716491,0.0136011,0.234591,0.889914
114.242176871,0.000188125,0.0036628,2.38551,0,0.0326298,0.0124617,0,4.57774,0.260645,0.0323691,0.203393,0.732162
114.288616780,0.000218002,0.00710878,2.1545,0,0.011683,0.0171602,0,4.625,0,0.071778,0.213216,0.743551
114.335056689,0.000462916,0.113491,1.64244,0.337176,0.00538686,0.0130514,0.0183932,4.20123,0,0.00823807,0.566002,0.382627
114.381496599,0.561163,0.231332,1.33073,0.587104,0.0116842,0.032004,0.072655,3.25406,0,0.00171299,1.34522,0.506493
114.427936508,0.944073,0.230604,1.2904,0.341861,0.0725379,0.0511495,0.390914,2.43994,0.00270922,0,1.93108,0.333143
114.474376417,1.35891,0.240495,0.857844,0.194703,0.56671,0.176782,0.499082,1.74117,0.00405669,0,1.93549,0.0852187
114.520816327,1.63074,0.139339,0.848391,0.0715469,0.642477,0.222684,0.400385,1.40121,0.00361069,0.00115947,1.68638,0.0246488
114.567256236,2.21837,0.385302,0.466375,0.481251,0.364403,0.0231464,0.166986,1.19353,0.00327395,0.064558,1.49976,0.0194717
114.613696145,1.88471,0.869566,0.441319,0.401989,0.021057,0.114879,0.213526,1.61488,0.146646,1.11373,0.527712,0.0132872
114.660136054,1.50404,1.0157,0.380404,0.0234843,0.0381445,0.482093,0.49288,1.85106,0.260677,1.91502,0.408286,0.00135735
114.706575964,1.48018,0.870114,0.502187,0.00477968,0.076783,0.631292,0.441867,1.78453,0.249036,2.15126,0.109541,0.00698552
114.753015873,1.8215,0.367194,0.481106,8.57928e-05,0.172231,0.635054,0.304537,1.59399,0.0520589,2.10866,0,0.0322102
114.799455782,2.15133,0.0340205,0.531646,0.220666,0.656684,0.850058,0.232613,1.25311,0.0272167,2.24334,0,0.244522
114.845895692,2.04333,0.0598974,0.552248,0.473062,0.835979,1.26607,0.4769,0.963124,0.0947906,1.72379,0.0475853,0.647914
114.892335601,1.73079,0.131716,0.400317,0.749452,0.543293,1.5645,0.43603,0.734005,0.00536165,0.938405,0.191347,0.918298
114.938775510,1.46077,0.0763683,0.265819,0.627899,0.0650362,1.88825,0.406048,0.583623,0.114687,0.454904,0.315093,1.48216
114.985215420,1.22928,0.0613002,0.219719,0.397567,0.0949563,1.72198,0.43475,0.798709,9.02749e-06,0.290517,0.40225,2.18234
115.031655329,0.984946,0.0451622,0.800501,0.149356,0.111015,0.955649,0.468775,1.0711,0.00562437,0.249741,0.36275,2.5961
115.078095238,1.72388,0.0509762,1.06071,0.0389526,0.654584,0.380808,0.488585,1.31509,0,0.255247,0.210101,2.06006
115.124535147,2.16204,0.0429806,0.784202,0.0258962,1.04545,0.855335,0.36477,1.68972,0,0.366159,0.00066367,1.11834
115.170975057,2.08689,0.176821,1.0759,0.00648303,0.824945,1.28563,0.15087,1.89083,0,0.159814,0.157751,0.444228
115.217414966,2.0164,0.245101,1.82656,0.000988116,0.0210464,1.35475,0.252822,1.86618,0,0.286275,0.342302,0.478605
115.263854875,1.73621,0.022371,1.74679,0.130544,0,0.962901,0.321001,2.11924,0.191078,0.515149,0.915474,0.601622
115.310294785,1.48159,0.00999692,1.37713,0.17968,0,0.726845,0.323903,2.10535,0.0903113,0.46251,1.17322,0.908107
115.356734694,1.11651,0.23929,1.05193,0.0584168,0,0.742035,0.239122,1.7702,0.0132066,0.52428,1.42347,0.879965
115.403174603,1.07617,0.652512,0.799665,0.0584422,0.0196717,0.566927,0.142153,1.65574,0.0490368,0.702534,1.71418,0.473725
115.449614512,1.53225,0.853028,1.09539,0.0512848,0.0430538,0.28783,0.0145442,2.35929,0.0044517,0.719714,1.67737,0.381558
115.496054422,1.50709,0.705923,1.29382,0.0214977,0.0464719,0.179035,0.0115092,2.81603,0.00504166,0.308796,1.62869,0.730088
115.542494331,1.53147,1.13328,1.17619,0.00284327,0.0401265,0.158171,0.713162,1.41493,0.178044,0.22852,0.997788,0.940758
115.588934240,1.38529,1.18793,0.797634,0,0.0112158,0.337991,1.04501,0.772093,0.873095,0.888632,0.390006,0.871626
115.635374150,1.28798,0.960261,0.598597,0,0.00784229,0.945469,0.947426,0.850809,1.16563,1.444,0.0259068,0.397731
115.681814059,1.21091,0.681867,0.854719,0,0.00838222,1.12996,0.904752,1.09063,0.903098,1.37041,0,0.0299395
115.728253968,1.48195,0.15059,1.10022,0,0.0033148,0.940285,0.718116,1.17496,0.174279,1.55499,0,0.0208508
115.774693878,1.46589,0.0868331,1.01067,0.166668,0.0134373,1.53257,0.260003,1.00628,0.0899609,1.47696,0,0.069907
115.821133787,1.40396,0.082481,0.618164,0.288611,0.0309538,1.88633,0.1097,0.981686,0.174114,0.780115,0.0760239,0.14628
115.867573696,1.28559,0.0509019,0.462533,0.2385,0.044214,2.27977,0.0435332,1.07846,0.37069,0.193364,0.23159,0.23274
115.914013605,1.19317,0.041914,0.814068,0.125934,0.0233529,2.46849,0.0481599,1.06268,0.222125,0.0897916,0.365474,0.941182
115.960453515,1.23613,0.0209557,1.64732,0.0583911,0.0209092,2.17355,0.120555,1.06619,0.00583908,0,0.36179,1.63522
116.006893424,1.25509,0.00260573,2.02187,0.028145,0.0162303,0.98982,0.362802,2.3099,0,0.00191768,0.23539,1.84687
116.053333333,1.46234,0.00239618,2.01509,0.00350126,0,0.19489,0.00967402,3.0343,0,0.00681635,0.000704389,1.85924
116.099773243,1.60142,0.00841086,1.68521,0,0,0.0948274,0.0372428,3.26066,0,0.00876699,0,1.11844
116.146213152,2.41784,0.00842006,1.80374,0.00214054,0.00814388,0.066421,0.0596073,3.06109,0.0233386,0.0077793,4.59124e-05,0.289453
116.192653061,3.46594,0.0332492,1.76091,0.0119031,0.0195924,0.10056,0.0859727,2.81269,6.47744e-05,0.00859115,0.000199496,0.0785339
116.239092971,2.863,0.202428,1.35623,0.938281,0.0896249,0.175361,0.304321,1.77486,0.00707462,0.00692332,0.529798,0.153899
116.285532880,1.78774,0.193943,1.16541,1.81729,0.32879,0.155729,0.264151,0.508966,0.0073875,0.0221582,1.41041,0.239021
116.331972789,0.734403,0.129007,0.336346,2.48182,0.174413,0.43973,0.225712,0.913439,0.0306519,0.196979,1.51737,0.263642
116.378412698,0.399621,0.114676,0.00946011,2.46363,0.0299936,0.613622,0.204005,1.17473,0.12135,0.156332,1.36554,0.258126
116.424852608,0.409629,0.171948,0.0164873,2.44408,0.11059,0.341036,0.219303,1.09859,0.118632,0.0983343,1.6079,0.309207
116.471292517,0.299025,0.335524,0.0279629,2.30771,0.150611,0.0242918,0.244556,1.04724,0.0965768,0.423649,1.59886,0.158803
116.517732426,0.225094,0.481356,0.255023,1.99609,0.201999,0.0247803,0.562167,0.881696,0.232665,1.02539,1.27076,0.182308
116.564172336,0.222327,0.592292,0.505615,2.10613,0.107623,0.0220957,0.840679,0.532489,0.138284,1.68655,1.34843,0.316083
116.610612245,0.317547,0.411436,0.559498,2.38482,0.21675,0.0139482,0.681363,0.168259,0.212621,1.67696,1.58162,0.228419
116.657052154,0.460426,0.131459,0.567907,2.72355,0.267672,0.128681,0.217378,0.200612,0.0759922,1.32608,1.99921,0.229329
116.703492063,0.438777,0.150188,0.763076,2.61751,0.215303,0.974772,0.145695,0.112826,0.0497859,0.412224,2.31268,0.247087
116.749931973,0.516643,0.285256,0.911229,1.88339,0.00915909,1.50858,0.127812,0.178282,0.0513257,0.33131,2.20375,0.319286
116.796371882,0.565584,0.471273,0.606983,1.64247,0.0245829,1.85466,0.172994,0.313723,0.162865,0.286729,1.69081,0.435362
116.842811791,0.129512,0.42465,0.473595,1.76374,0.122366,2.18356,0.147127,0.178302,0.0668923,0.0323862,1.49433,0.965213
116.889251701,0.0569415,0.434756,0.303217,1.93424,0.113335,1.82325,0.0877166,0.0445235,0.124246,0.00352386,1.6482,1.75675
116.935691610,0.153821,0.20891,0.0468962,2.14931,0.0905959,1.31714,0.115856,1.0766,0.191495,0.00611215,1.57684,1.75407
116.982131519,0.528547,0,0.0254653,2.39975,0.0671533,0.859559,0.184383,1.79065,0.157512,0.00995788,0.954873,1.15159
117.028571429,0.766443,0.190247,0.100607,2.72898,0,0.714128,0.267406,2.00954,0.0349074,0.149692,0.485655,0.64113
117.075011338,0.556773,0.215239,0.0682322,2.8195,0,0.272255,0.333388,2.1677,0.0272087,0.21744,0.776956,0.366126
117.121451247,0.406882,0.131582,0,2.8902,0.00226305,0.574052,0.425268,1.81969,0.00135752,0.541349,1.18697,0.169872
117.167891156,0.350202,0.027421,0.000825761,2.41434,0,1.17381,0.368628,0.743831,0.675047,0.774016,1.50594,0.28312
117.214331066,0.507023,0.0482349,0.0159317,1.87838,0.367018,0.963557,0.215601,0.714844,0.854081,0.646474,1.71001,0.387459
117.260770975,0.68205,0.16162,0.0271079,1.54144,0.583103,0.895929,0.0457656,0.70188,0.836762,0.696423,1.94348,0.434354
117.307210884,0.536494,0.00026707,0.0521404,1.52597,0.491017,1.01926,0.00130152,0.745583,0.794273,0.671551,2.16532,0.431462
117.353650794,0.342335,0.0491238,0.0789439,2.2548,0.0576399,1.09796,0,1.07441,0.141895,0.544763,2.25685,0.350827
117.400090703,0.429953,0.928647,0.103617,2.02146,0.0308413,0.744969,0.00536635,0.113698,0.0454792,1.67417,1.90993,0.34388
117.446530612,0.389278,1.09073,0.36812,1.70599,0.0151451,0.236693,0.711172,0,0.0909153,2.59502,0.637805,0.402017
117.492970522,0.247585,1.02468,0.462913,1.62999,0.0360069,0.285945,0.891001,0.0250935,0.16844,2.80294,0.189839,0.523843
117.539410431,0.00184306,0.829007,0.768858,1.65844,0.0145731,0.354711,0.890526,0.16197,0.289998,2.70919,0.384587,0.166247
117.585850340,0,0.467191,0.802447,1.77772,0,0.483232,0.550686,0.233045,0.394327,2.61614,0.505951,0.241927
117.632290249,1.24722e-05,0.477176,0.670134,1.94269,0,0.781368,0.194303,0.393763,0.211708,2.06876,1.22422,0.298608
117.678730159,0.000161171,0.506145,0.127826,2.0219,0,1.09086,0.13009,0.490754,0.148136,1.0063,1.92038,0.384598
117.725170068,0.124511,0.240767,0.211067,2.04608,0,1.63546,0.312083,0.535111,0.270062,0.760905,1.3733,0.518439
117.771609977,0.328954,0.159307,0.18988,2.14001,0.0205406,2.36888,0.102193,0.493833,0.0913915,0.276889,0.442219,1.52202
117.818049887,0.222829,0.219984,0.0798254,1.98482,0.0253326,2.42025,0.11787,0.515753,0.142249,0.00545982,0.329788,2.00548
117.864489796,0.410544,0.0591504,0,1.89896,0.041243,1.69056,0.117376,1.60219,0.138616,0.0912726,0.173804,1.74706
117.910929705,0.858013,0.064937,0,1.97833,0.0591663,0.619725,0.0436536,2.57218,0.0315207,0.108377,0.129112,1.53042
117.957369615,0.893081,0.0454313,0.253383,1.85978,0.00878274,0.132705,0.0574195,2.98713,0.0233899,0.178672,0.268985,1.20695
118.003809524,0.372703,0.0281108,0.457866,1.7476,0.0186587,0.0542453,0.118303,3.064,0.0922524,0.142008,0.446969,1.16648
118.050249433,0.330908,0.257107,0.235456,1.78993,0.0136467,0.0659339,0.586813,2.59216,0.130044,0.185449,0.406655,1.08312
118.096689342,0.437754,0.933428,0.0241508,1.54841,0.0704695,0.20157,0.690126,1.8672,0.338071,0.842711,0.511463,0.923156
118.143129252,0.343158,1.39769,0.375933,0.71206,0.230423,0.260506,0.70846,1.86827,0.443125,1.05559,0.255662,0.298649
118.189569161,0.689633,1.26611,0.468259,0.49394,0.296419,0.0515397,0.496883,2.06711,0.402593,1.06883,0.0612258,0
118.236009070,1.39479,0.972345,0.482698,0.340771,0.435351,0.234239,0.15253,1.89626,0.346917,0.775726,0.264036,0
118.282448980,2.06775,0.504583,0.311389,0.318446,0.540068,0.360789,0.095561,1.54237,0.157125,0.505012,0.777382,0.000915268
118.328888889,2.29932,0.432143,0.208798,0.616009,0.635732,0.361531,0.099693,1.26573,0.0721911,0.420995,0.90189,0
118.375328798,1.9508,0.332998,0.360907,1.2639,0.426692,0.0357746,0.164552,1.18614,0.150502,0.0831336,0.668242,0.199641
118.421768707,1.03761,0.151858,0.474355,1.15163,0.641993,0.145531,0.844482,1.35201,0.642156,0.347201,0.043973,0.850517
118.468208617,0.645557,0.481299,0.364708,1.22777,0.71008,0.0248788,1.19625,1.32502,0.176746,0.382678,0,1.69173
118.514648526,0.836589,0.566974,0.471189,0.853848,0.426273,0.213771,1.27156,1.23766,0.0396075,0.0752897,0.201102,1.19256
118.561088435,1.20955,0.470621,0.7744,0.107196,0.265659,0.176109,0.947192,0.910174,0.724159,0.0278148,0.685984,0.372292
118.607528345,1.07666,0.393706,1.09595,0.0250168,0.0399436,0.00957292,0.767621,0.820334,1.18503,0.0163103,0.852564,0.306903
118.653968254,0.944462,0.577784,1.13272,0.219206,0.0287719,0.0681856,0.674335,0.737521,1.0874,0.237245,0.681517,0.328386
118.700408163,0.775633,0.640594,1.46125,0.401677,0.0336005,0.254771,0.750212,0.420493,1.01304,0.50873,0.600999,0.33101
118.746848073,0.351188,0.975156,2.15416,0.310587,0.267172,0.523122,0.650431,0.293339,0.922278,0.28638,0.694068,0.247718
118.793287982,0.288171,0.648288,2.39337,0.104141,0.315679,1.15168,0.502169,0.334655,0.78083,0.267948,0.206081,0.184543
118.839727891,0.314497,0.922308,1.99993,0.023971,0.0375042,1.30564,0.272343,0.404503,0.793687,0.480856,0.0812431,0.925371
118.886167800,0.0867302,1.06444,1.62227,0.00847485,0.0560901,1.27972,0.132265,0.458067,0.732036,0.566736,0.00834206,1.17642
118.932607710,0,0.906041,1.732,0.00718742,0.0521385,1.27312,0.0534995,0.5974,0.700737,0.371631,0.0124153,1.41955
118.979047619,0,0.358358,1.81839,0.0186871,1.77626,0.468769,0.384742,1.52934,0.4156,0.489684,0.0184721,0.457214
119.025487528,0.22569,0.360082,1.96977,0.0432642,1.42511,0.746435,0.407779,0.992492,0.18843,0.731064,0.645061,0.121492
119.071927438,0.243442,0.688367,1.98088,0.0196614,1.23922,0.735598,0.395936,0.867708,0.507316,0.618253,0.938265,0.0791557
119.118367347,0.218374,0.899904,1.73874,0.464132,0.940028,0.680393,0.364384,0.95685,0.571337,0.437528,0.831889,0.104679
119.164807256,0.0548275,0.9795,1.60803,0.716101,0.588266,0.464793,0.114288,1.10737,0.579062,0.372899,0.590785,0.262982
119.211247166,0.493957,1.15844,1.4516,0.916836,0.191666,0.208239,0,0.551809,0.126111,0.58218,0.411317,1.11724
119.257687075,0.755206,0.787982,0.936369,0.861918,0.339602,0.00111259,0.772283,0.197286,0,0.502697,0.381802,1.66085
119.304126984,0.548306,0.651999,0.714326,0.784107,0.250299,0.187094,1.02286,0.226678,0,0.192935,0.330628,2.56554
119.350566893,0.318545,0.364216,0.657497,0.951135,0.270666,0.1978,0.934653,0.429468,0,0.127153,0.250296,2.77876
119.397006803,0.153659,0.0265545,0.643016,0.8401,0.48251,0,0.657349,0.935522,0.0189803,0.00793395,0.204788,2.3647
119.443446712,0.303957,0.0168668,0.558479,0.188542,0.437294,0,0.821308,0.906992,0.187696,0.0128907,0.399574,1.68799
119.489886621,0.758027,0.05424,0.508418,0.338857,0.375786,0.112833,0.886636,0.803048,0.00112386,0.144648,0.31562,1.65858
119.536326531,1.1258,0.0639569,0.467682,0.236599,0.243024,0.544883,0.299005,1.12981,0,0.153998,0.691368,1.5528
119.582766440,1.4905,0.0397749,0.48698,0.059279,0.3647,0.561526,0.634838,1.19829,0,0.151782,0.73902,1.14721
119.629206349,1.66748,0.185214,0.517159,0.0778868,0.708868,0.197592,0.940761,0.968436,0,0.299121,0.77015,0.614473
119.675646259,1.43413,0.258848,0.531466,0.217416,0.386474,0.607602,0.976776,0.452456,0,0.40867,0.626857,0.689557
119.722086168,1.12178,0.409309,0.667957,0.208963,0.35367,1.0262,0.456994,0.208572,0.0172174,0.594994,0.795523,0.94579
119.768526077,1.01009,0.788421,0.433259,0.0647117,0.466779,1.03126,0.429,0.668307,0.0559374,0.501872,1.22583,0.507372
119.814965986,1.02896,1.11423,0.0644851,0.0146365,0.576203,0.935795,0.366361,1.09973,0,0.0982871,1.37881,0
119.861405896,0.492342,1.2092,0.224997,0.287443,0.350271,0.468908,0.303985,1.0476,0,0.107468,1.51179,0
119.907845805,0.0691799,1.08061,0.298267,0.422517,0.207441,0.899423,0.515317,0.904745,0,0.168149,1.73883,0
119.954285714,0.0960378,0.87779,0.0370912,0.429214,0.141273,1.4342,0.976233,0.727677,0.030712,0.26645,1.84456,0.100755
120.000725624,0.0824709,0.736533,0.212441,0.542067,0.194662,1.50644,0.989325,1.34046,0.118073,0.172841,1.88453,0.197533
120.047165533,0.105383,0.408883,0.333431,1.12331,0.25764,1.15916,0.463528,1.79487,0.163316,0.128979,1.66875,0.364834
120.093605442,0.476252,0.583994,1.18223,1.46555,0.00520834,0.0342202,0.0921394,2.41641,0.234351,0.013859,1.41561,0.227045
120.140045351,0.273818,0.104165,1.29822,1.04615,0.0354936,0.0625231,0.0318008,3.61679,0.433746,0.00551274,0.14158,1.07628
120.186485261,0.246014,0.131248,1.7366,0.528513,0.00126034,0.0882125,0.023025,3.69543,0.25065,0.199213,0.23551,1.53313
120.232925170,0.124345,0.209358,1.8899,0.104079,0,0.163387,0.0213786,3.53849,0.128864,0.642605,0.268024,1.73523
120.279365079,0.0743623,0.116361,1.92554,0.0298537,0.279146,0.355918,0.0246868,3.23968,0.102937,1.01294,0.134177,1.81282
120.325804989,0.0385533,0.121715,1.95384,0.10144,0.479668,0.730015,0.0224457,3.07881,0.128832,0.938466,0.056438,1.70452
120.372244898,0.033137,0.130621,1.76461,0.0865058,0.492633,0.859178,0.0213529,3.15211,0.165055,0.914452,0.031103,1.56483
120.418684807,0.162125,0.126942,1.68529,0.0715429,0.451597,0.803635,0.0209279,2.88284,0.373718,0.81599,0,1.44312
120.465124717,0.519225,0.451582,1.42724,0.112812,0.111934,0.867924,0.0389075,2.17998,0.68199,0.423962,0.321808,0.874302
120.511564626,0.15687,1.09385,1.36538,0.142836,0.0248249,0.959447,0.0287976,1.80547,0.524866,0.412651,0.487069,0.566194
120.558004535,0.0069156,1.44538,1.43578,0.184683,0.0110972,0.786869,0.198794,0.925761,0.312695,0.21372,0.0442059,1.5398
120.604444444,0.024488,1.24616,1.46313,0.159249,0,0.753791,0.443831,0.81051,0.29004,0.481663,0.0456132,1.64214
120.650884354,0,0.561745,1.68402,0.144108,0,1.0734,0.543726,0.590984,1.07649,0.392572,0.0248463,1.46499
120.697324263,0,0.102111,1.75637,0.183254,0.181761,1.15659,0.255337,0.979259,1.16249,0.510627,0,0.944811
120.743764172,0,0.124554,1.47382,0.0978451,0.107975,1.34983,0.0612842,1.68198,1.01089,0.823304,0.100951,0.867919
120.790204082,0,0.777837,1.11493,0.0173662,0.0650998,1.45295,0.242614,2.42738,0.698428,0.577412,0.290848,1.03864
120.836643991,0.0264861,0.825796,1.06706,0.0244415,0.308975,0.81644,0.288604,2.586,0.602327,0.10583,0.363186,0.961555
120.883083900,0.2689,0.77811,1.04163,0.0927231,0.2122,0.85064,0.216993,2.28596,0.333229,0.0291957,0.253441,0.939901
120.929523810,0.256738,1.31186,0.654415,0.115108,0.0875217,0.911521,0.0777361,1.6255,0.139853,0.155362,0.125386,0.837941
120.975963719,0.0953589,1.77372,0.664006,0,0.423416,0.671191,0.0669055,1.21895,0.220865,0.512805,0.0873963,0.0868304
121.022403628,0,1.47787,1.09713,0.0943445,0.515347,0.538258,0.241376,1.00871,0.40241,0.519792,0.21781,0
121.068843537,0,1.00957,1.39366,0.0112472,0.469845,0.633097,0.163787,0.89399,0.93817,0.274563,0.443721,0.138832
121.115283447,0,0.515663,1.45053,0.256312,0.0735938,0.566589,0.0250229,1.46474,0.869595,0.12787,0.53675,1.31052
121.161723356,0.609941,0.334999,0.892936,0.246677,0.816604,0.713387,0.0173035,1.33844,0.0664658,0.392884,0.715031,1.86456
121.208163265,0.957648,0.499407,0.625718,0.262305,0.69634,1.18173,0.645452,0.567028,0,0.382873,0.326298,1.9745
121.254603175,0.99359,0.837513,0.636814,0.258269,0.16365,1.06787,1.27832,0.456843,0,0.192337,0.0588361,1.67461
121.301043084,0.344536,1.31919,0.743908,0.21806,0.392333,0.689287,1.44216,0.605096,0.00664303,0.00714638,0.00126173,1.24279
121.347482993,0.504776,1.39865,0.757712,0.235017,0.437726,0.354402,1.56841,0.940539,0.0364515,0.0100972,0.0637645,0.637003
121.393922902,0.599126,1.90274,0.715098,0.318655,0.543147,0.224339,0.74177,1.57412,0.124618,0.0114555,0.189552,0.435686
121.440362812,0.5107,1.77556,0.853646,0.221741,0.738988,0.182471,0.131519,1.8999,0.527629,0.0099132,0.170925,0.519702
121.486802721,0.533521,1.36928,0.974542,0.0983017,0.480379,0.301018,0.0776425,1.34293,0.965945,0.0866398,0.120562,0.889877
121.533242630,0.31388,0.74632,0.877948,0.0246716,0.467603,0.16777,0.807582,1.07937,0.503642,0.552518,0.260606,0.0324168
121.579682540,4.18474e-05,0.513494,1.27733,0.242141,0.423754,0.520818,0.727771,1.13397,0,0.34207,0.175041,0.0911581
121.626122449,0.010991,0.405014,1.53684,0.226542,0.40206,0.723475,0.862771,1.04242,0,0.30494,0.237944,0.735559
121.672562358,0.0245597,0.445939,1.20637,0.343047,0.517922,0.243572,1.05468,1.02627,0,0.275035,0.121681,1.80949
121.719002268,0.0650731,0.906826,1.00438,0.378921,0.315625,0.109617,1.56816,1.05721,0.000551178,0.0499388,0,2.10614
121.765442177,0.606476,1.21887,1.15664,0.166322,0.0447585,0.0086846,1.84269,1.03586,0.00880768,0.0799869,0,1.41626
121.811882086,0.808825,0.918239,0.607893,0.299027,0.127713,0.0331558,1.65215,1.08577,0.246502,0.0255427,0.15492,1.00949
121.858321995,0.410886,1.01666,0.107646,0.279201,0.200892,0.231407,1.16367,1.75472,0.395685,0.242157,0.119316,0.603401
121.904761905,0.201679,0.7525,0.607886,0.256766,0.366419,0.282499,0.556878,2.55888,0.349464,0.138258,0,0.517638
121.951201814,0.135247,0.183589,1.23831,0.155863,0.0913108,0.173529,0.0627511,3.41579,0.332212,0.00914785,0,1.16485
121.997641723,0.0622976,0.107218,1.94872,0.290737,0.00599766,0.0847521,0.0364113,3.39693,0.248104,0.00764913,0.02196,1.60814
122.044081633,0.0522009,0.119771,1.87239,0.739562,0.0128828,0,0.0251292,3.08602,0.097477,0.00639285,0.0849993,1.78237
122.090521542,0.0312825,0.173249,1.91985,1.29311,0.0152136,0,0.0153389,2.56396,0.0341305,0.0646629,0.0899272,1.8606
122.136961451,0.0708761,0.184982,1.51469,1.34024,0.395104,0,0.0145456,2.40688,0.0422903,0.177732,0.124948,1.76115
122.183401361,0.109235,0.0555369,0.98331,0.718467,1.53952,0.00625147,0.0186652,2.47064,0.0457711,0.390522,0.132463,1.64883
122.229841270,0.357781,0.109956,0.903817,0.541425,1.77507,0.00547843,0.0638643,2.02133,0.0974105,0.0698271,0.071434,1.3425
122.276281179,0.335438,0.709585,0.686692,0.240508,1.22933,0.169362,0.0821545,1.59611,0.818699,0.0751551,0.393001,0.982529
122.322721088,0.0638404,0.756585,0.955542,0.01198,0.770142,0.319465,0.283698,1.06152,1.44942,0.0583562,0.582467,0.609988
122.369160998,0,0.621715,1.1747,0,0.254813,0.716709,0.401124,0.957716,1.34656,0.310028,0.436402,0.756105
122.415600907,0,0.636918,1.21312,0,0.0522651,1.50519,0.485176,0.951407,1.16183,0.447932,0.0128057,0.925446
122.462040816,0.103341,0.301585,1.89514,0,0,1.92247,0.595913,0.28056,0.924562,0.345063,0,0.882858
122.508480726,0.194224,0,2.11078,0.0241088,0,2.25559,0.603332,0.361692,0.625487,0.297799,0,0.994722
122.554920635,0.222624,0.122885,1.7114,0.00417058,0,2.43841,0.486703,0.371608,0.293073,0.497876,0.0116367,1.21414
122.601360544,0.323977,0.754089,1.29777,0,0.0291019,2.68749,0.339786,0.592519,0.0763706,0.328462,0.0438375,0.921507
122.647800454,0.335066,0.721833,0.895067,0.0554195,0.0619205,2.75225,0.3231,0.841078,0.0641084,0.0731829,0.0958225,0.754212
122.694240363,0.323518,0.430584,0.709319,0.739812,0.0242756,2.6793,0.36631,0.734077,0.0695578,0.103756,0.0496779,1.29175
122.740680272,0.154182,0.440784,0.373943,0.694954,0.266892,2.39881,0.351886,0.376817,0.0754671,0.219457,0.792227,1.28817
122.787120181,0,0.45651,0.368469,0.399431,0.476669,2.07292,0.531812,0.169824,0.105145,0.271474,1.06434,0.879214
122.833560091,0,0.537489,0.241292,0.131157,0.469915,1.82855,0.343992,0.31283,0.134034,0.301506,1.22182,0.350021
122.880000000,0.00012922,0.560969,0.314052,0.196305,0.62772,1.93815,0.0446724,0.360419,0.473146,0.121412,1.08161,0.198485
122.926439909,0.150999,0.271476,0.384923,0.776517,0.309712,1.8338,0.0718947,0.260375,0.435936,0.00562905,0.572497,1.08498
122.972879819,0.325082,0.0169214,0.273032,0.963361,0.110599,2.15222,0.50399,0.0592622,0.000324559,0.00179009,1.02673,1.9969
123.019319728,0.23243,0.0643228,0.135161,0.711077,0.0595006,2.17576,1.04921,0.033667,0.0525216,0.00367025,0.958242,2.13062
123.065759637,0.410255,0.315765,0.00200655,0.159227,0.0711716,1.8216,1.71455,0.10744,0.0926898,0.00597676,0.676587,1.68948
123.112199546,0.386644,0.552079,0.0575013,0.235537,0.382565,1.32271,1.79653,0.273896,0.0966584,0.116859,0.247788,1.23363
123.158639456,0.398654,0.297773,0.365707,0.341137,0.545446,1.42508,1.51265,0.322557,0.0749436,0.55692,0.121306,0.730058
123.205079365,0.421487,0.0736212,0.621139,0.45201,0.601164,1.35599,1.148,0.878883,0.0650318,0.930507,0.171827,0.286156
123.251519274,0.455031,0.0024157,0.68624,0.422775,0.458394,1.33887,0.456593,1.37429,0.392582,0.857264,0.00162419,0.409039
123.297959184,0.443417,0.00810504,0.777988,0.809786,0,1.42872,0.00462762,1.32898,0.610051,0.584726,0.0175975,0.846387
123.344399093,0.0937929,0.0841596,0.865323,0.951931,0.0130543,1.29767,0.0318188,1.13324,0.684407,0.36767,0.000123545,0.446418
123.390839002,0.147518,0.116029,0.843833,0.845166,0.201707,1.0465,0.0904564,1.18143,0.947694,0.448314,0.000102604,0.721555
123.437278912,0.101894,0.0274467,0.831314,0.645538,0.213743,1.06388,0.388411,1.3618,0.99923,0.496997,4.97721e-05,0.882093
123.483718821,0.0115212,0.602256,0.931503,0.42414,0.0354288,0.811301,0.375574,1.26183,0.979353,0.573585,0.566464,0.990705
123.530158730,0.162306,1.0447,0.972133,0.463332,0.562044,0.790667,0.12266,1.04415,0.39707,0.323169,0.886684,0.733806
123.576598639,0.164875,1.18427,0.86729,0.505978,0.667064,1.03491,0.0625428,0.948579,0.272539,0.407218,0.585447,0.795445
123.623038549,0.163973,0.925798,1.19389,0.532396,0.466882,1.20958,0.353468,0.892447,0.235971,0.330234,0.0899041,0.856411
123.669478458,0.158469,0.621506,1.64979,0.149596,0.0294089,1.1852,0.453035,1.13944,0.187504,0.257121,0.0321956,1.34029
123.715918367,0.149574,0.0723043,2.02079,0.00467313,0.0364919,1.43684,0.268217,1.71186,0.207655,0.408986,0.0443399,1.68911
123.762358277,0.124202,0.054561,2.14962,0.030971,0.0868886,1.34425,0.054616,1.90496,0.406202,0.435104,0.0692587,1.9465
123.808798186,0.0613471,0.038134,2.18127,0.124878,0.037292,1.4406,0.0265373,2.01939,0.192245,0.372318,0.000210551,1.90675
123.855238095,0.000109439,0.0541467,2.13799,0.237447,0.0066656,1.54503,0.0223546,2.4861,0.15814,0.276935,0.0541692,1.80926
123.901678005,0.0230452,0.142512,2.06785,0.299566,0.0311093,1.64967,0.0182024,2.30683,0.174328,0.383034,0.00120142,1.70681
123.948117914,0.241549,0.0429563,1.82988,0.249742,0,1.69369,0.0202521,2.04717,0.207599,0.530556,0.000318343,1.67969
123.994557823,1.02032,0.0907607,1.24071,0.809176,0.0258275,1.41656,0.029342,1.73212,0.138748,0.352801,0.481141,1.05323
124.040997732,0.899754,0.57206,0.875937,0.945585,0.235664,1.31532,0.0664416,1.56592,0.398967,0.264196,0.641197,0.307569
124.087437642,0.573693,0.798747,1.1826,0.788058,0.319054,0.998522,0.149454,0.703222,0.547172,0.0850822,0.415546,0.426079
124.133877551,0.238702,0.957781,1.25162,0.0934713,0.118288,0.838945,0.141306,0.755188,0.759058,0.226976,0.0299917,0.678861
124.180317460,0.181816,0.622814,1.85879,0,0.162153,1.16519,0.25132,1.13561,0.611064,0.305728,0.00350417,0.797097
124.226757370,0.289463,0.0303062,1.79349,0,0.168112,1.66225,0.303581,1.66561,0.24592,0.420035,0.0543459,0.970765
124.273197279,0.151709,0,1.24898,0,0.300578,2.0278,0.239289,1.97712,0.055705,0.599807,0.0018031,1.18184
124.319637188,0.0104453,0,1.11191,0,0.459082,2.14748,0.226629,1.97582,0.0502897,0.28697,0.203113,1.40984
124.366077098,0.0214892,0.0883239,1.16528,0,0,2.30744,0.200114,2.06682,0.0548276,0.00706933,0.754216,1.39779
124.412517007,0.0930291,0.0672349,0.904408,0.513148,0,2.3058,0.152377,1.9243,0.0656924,0.237329,0.698099,1.1408
124.458956916,0.360434,0.108859,1.02903,0.499882,0.0321259,2.06963,0.117146,1.2316,0.0938333,0.453511,0.784187,0.314247
124.505396825,0.411663,0.191246,0.82637,0.371655,0.244099,2.0611,0.0702919,0.695467,0.586422,0.616455,0.813712,0
124.551836735,0.465423,0.120235,0.832959,0.268172,0.341833,2.23649,0.0754531,0.0483743,1.02185,0.582385,0.538451,0
124.598276644,0.869248,0.0451416,0.840098,0.144386,0.286461,1.96674,0.190898,0,1.02192,0.292832,0.559188,0.664119
124.644716553,0.598874,0.303802,0.990164,0.332,0.254848,1.64588,0.441328,0.417299,0.654907,0.00536842,0.314549,1.30054
124.691156463,1.30025e-05,0.559192,0.896275,0.407001,0.187359,1.62106,1.05119,0.297227,0,0.00472731,0.298533,1.55108
124.737596372,0.000145843,0.698169,0.843637,0.211341,0.024478,1.4923,1.5052,0.134508,0,0.00544808,0.200549,1.37616
124.784036281,0.0181001,0.715905,0.833437,0.339168,0.0707749,1.13164,1.42742,0.370368,0,0.00692133,0.0311986,0.951058
124.830476190,0.102464,0.61343,0.777552,0.274941,0.22417,0.980332,0.924113,0.611908,0.0351381,0.0086423,0.000377573,0.738748
124.876916100,0.101186,0.269535,0.836304,0.17571,0.230517,1.06217,0.589172,1.0968,0.11605,0.00936832,0.0212672,0.731084
124.923356009,0.160336,0.0369792,0.998948,0.174713,0.136068,1.1831,0.206252,1.37964,0.197008,0.00769529,0.0426489,0.839823
124.969795918,0.0665486,0.00216733,0.838853,0.141248,0.0836567,1.30471,0.0457809,1.4233,0.238438,0.045038,0.0360631,0.962023
125.016235828,0.0299232,0.291433,0.755574,0.0223628,0.0155342,1.70493,0.666259,1.31623,0.338397,0.703245,0.00657358,0.122136
125.062675737,0.240122,0.693564,0.670133,0.144453,0.234362,1.70742,0.605586,1.71883,0.162788,0.984733,0,0
125.109115646,0.783164,0.593611,0.871546,0.553811,0.0288618,1.33207,0.629829,1.4631,0.309099,1.01677,3.94745e-05,0.281158
125.155555556,1.35417,0.555724,1.01245,0.671945,0.0945186,1.52647,0.577733,0.833064,0.774401,0.623499,0.00408358,0.331705
125.201995465,1.4862,0.580107,0.91765,0.716378,0.0932283,1.6385,0.366296,0.921578,1.17801,0.342518,0.0622509,0.23647
125.248435374,1.55345,0.291252,0.541517,1.00404,0.0268969,1.28902,0.103841,1.15784,1.13709,0.221842,0.114627,0.122272
125.294875283,1.13,0.325025,0.26001,1.18834,0.0264637,0.998188,0.182946,1.42289,0.438632,0.277622,0.320102,0.202098
125.341315193,0.702685,0.115609,0.221812,0.95331,0.112346,0.993054,0.362115,1.4566,0.213047,0.36304,0.558802,0.220231
125.387755102,0.158018,0.0189107,1.64845,0.217505,0.167539,0.890542,0.336023,1.27689,0.161122,0.153201,0.470218,1.0038
125.434195011,0.143286,0.00237146,2.16512,0.0537649,0.109746,1.12992,0.162338,1.5883,0.160991,0.00775921,0.213075,1.69592
125.480634921,0.13565,0.0169176,2.3164,0.0568543,0,1.27639,0.0371744,1.99946,0.393342,0.00856332,0.243518,1.86197
125.527074830,0.135554,0.0117848,2.21918,0.138813,0,1.67147,0.0258498,2.16338,0.160796,0.0128794,0.162001,1.91425
125.573514739,0.258646,0,1.80447,0.153537,0.0330879,2.04655,0.0224945,2.20666,0.0814762,0.0914614,0.0549327,1.73751
125.619954649,0.290395,0.0110454,1.54826,0.0246985,0.122332,2.25871,0.0207777,2.29238,0.0402244,0.120109,0.018069,1.56217
125.666394558,0.286987,0.0218771,1.44689,0.0141324,0,2.11798,0.02385,2.07014,0.0447792,0.11147,0.0289372,1.74666
125.712834467,0.457143,0.449033,0.939084,0.408385,0.125459,1.81193,0.0320872,1.47395,0.0656084,0,0.699117,0.945686
125.759274376,0.366971,0.671175,1.0551,0.524157,7.80318e-05,1.72761,0.162331,0.7171,0.211593,0,0.673188,0.552392
125.805714286,0.266673,0.617016,1.47735,0.387643,0,1.69184,0.404042,0.532766,0.361046,0,0.475596,0.475903
125.852154195,0.363608,0.610563,1.71624,0,0,1.62125,0.771298,0.312844,0.651617,0.123343,0.00173894,0.595067
125.898594104,0.39846,0.36153,2.07292,0,0,1.61618,1.23666,0.196684,0.732741,0.0516728,0.0438163,0.788723
125.945034014,0.492948,0.0868433,1.86128,0,0,1.88126,1.28928,0.324222,0.552793,0.050123,0.104928,0.913812
125.991473923,0.584364,0.20003,1.19894,0,0,2.22043,1.32937,0.254783,0.126395,0.193074,0.0554016,1.03891
126.037913832,0.529357,0.492428,0.834038,0,0,2.15521,1.16162,0.495497,0.127902,0.0656759,0.774467,0.903693
126.084353741,0.539382,0.404807,0.570904,0.00250883,0,2.06412,0.45902,0.943361,0.241145,0.133825,1.02162,0.846609
126.130793651,0.281104,0.40623,0.352619,0.695655,0,2.24484,0.320717,1.14093,0.0557437,0.385545,0.785716,0.907016
126.177233560,0.109907,0.412208,0.425824,0.675487,0,2.04753,0.322732,0.940877,0.0730934,0.455536,0.775056,0.340021
126.223673469,0.0748001,0.325075,0.51745,0.685252,0,2.10866,0.178841,0.478438,0.194909,0.47286,0.773471,0
126.270113379,0,0.55041,0.430411,0.916422,0.00765123,2.24457,0.521305,0.433138,0.771699,0.479672,0.675002,0
126.316553288,0,0.897961,0.525282,0.400883,0.0338479,2.25098,0.644479,0.272149,0.755782,0.253624,0.751785,0.448426
126.362993197,0.319843,0.733565,0.414683,0.149557,0.0251907,2.5689,0.719886,0.0833542,0.630177,0.0190775,0.612712,1.31839
126.409433107,0.372452,0.538265,0.315945,0.130306,0.00692753,3.18283,0.271576,0.0746464,0.0919716,0.00179338,0.298087,1.92475
126.455873016,0.530721,0.269236,0.15477,0.257161,0,2.9987,0.48589,0.236857,0,0.00252652,0.226054,2.02837
126.502312925,0.354513,0.888045,0.12761,0.287899,0.154057,2.48284,1.09177,0.338889,0.0227483,0.071185,0.0609643,1.70388
126.548752834,0.0425323,1.05934,0.167368,0.0852737,0.366948,1.88491,1.27293,0.206637,0.210563,0.115629,0.000941613,1.61916
126.595192744,0.122221,1.44786,0.365705,0.0746013,0.307751,1.66771,1.19345,0.568877,0.126892,0.153125,0.597629,0.775429
126.641632653,0.162529,1.10273,0.395745,0.0274762,0.0880068,1.68404,1.14957,1.16829,0.162868,0.115582,1.20122,0.50748
126.688072562,0.233116,0.834344,0.359344,0.313006,0.0443646,1.91407,1.02314,1.42628,0.158778,0.426322,1.16822,0.563445
126.734512472,0.200442,0.728253,0.552281,0.519504,0.0093248,2.23604,1.05229,1.32868,0.0919366,0.783516,0.926422,0.256199
126.780952381,0.125451,0.898908,0.771893,0.589985,0.0126731,2.11284,1.14333,1.18273,0.0804127,0.64178,1.23457,0.0135547
126.827392290,0.044447,0.712231,0.615445,0.739355,0.0182816,2.09816,1.12397,1.22386,0.0734557,0.194336,1.60657,0.0443034
126.873832200,0.0471814,0.716183,0.581805,0.728276,0.0120488,2.1608,1.06186,1.19331,0.0158525,0.155573,1.28221,0.248091
126.920272109,0.00537788,0.543139,0.942143,0.0292957,0.197452,1.97164,0.794623,1.13131,0.250693,0.0279867,1.44307,1.09302
126.966712018,0.12504,0.402809,1.46016,0.0151853,0.227865,1.98205,0.783484,0.70228,0.0994187,0.126952,1.36409,0.86409
127.013151927,0.207997,0.476192,1.59744,0.292248,0.170179,2.09866,0.577074,0.734311,0.0905404,0.2657,0.847691,0.785241
127.059591837,0.324633,0.446961,1.67293,0.50543,0.0832889,2.37102,0.575333,0.888606,0.0865086,0.388657,0.227293,0.53761
127.106031746,0.205871,0.306146,1.50497,0.565892,0.00934362,2.33648,0.535419,1.32957,0.0712448,0.162798,0.000221486,1.45989
127.152471655,0.197412,0.000628243,1.90226,0.107069,0.125182,1.90019,0.185996,2.20639,0.29304,0.132002,0.0136539,2.21116
127.198911565,0.176299,0.0552399,2.00068,0.00552524,0,1.78754,0.038017,2.78249,0.397076,0.18223,0.0425928,2.22126
127.245351474,0.105113,0.122819,2.05791,0.0868081,0.00374395,2.2815,0.0247129,2.70452,0.175161,0.111155,0.0195637,2.13513
127.291791383,0.0525378,0.0854773,1.87562,0.139613,0.0463261,2.4422,0.022342,2.46503,0.119366,0.00738324,0.175919,1.93445
127.338231293,0.129013,0.101843,1.41868,0.113267,0.0309288,2.46242,0.0215099,2.43385,0.0584493,0.00870291,0.271124,1.75189
127.384671202,0.14783,0.154018,0.977783,0.0562452,0.0490414,2.42417,0.0399607,2.42082,0.0495792,0.0148461,0.0705315,1.78346
127.431111111,0.589641,0.465222,0.512632,0.712253,0.0327735,2.13834,0.0989357,1.98693,0.0927286,0.109254,0.287607,1.38465
127.477551020,0.642091,0.688311,0.349222,1.14111,0.020108,2.01193,0.336615,0.885596,0.331523,0.03532,0.515949,0.81064
127.523990930,0.503216,0.69764,0.793388,0.948309,0,2.01126,0.400709,0.268592,0.838057,0,0.228727,0.596897
127.570430839,0.45719,0.645089,1.27209,0.204768,0,1.9525,0.105035,0.2154,1.29099,0.0363348,0,0.678862
127.616870748,0.566053,0.226698,1.55121,0.161449,0.12366,2.27108,0.0273772,0.932597,1.09617,0,0,0.651829
127.663310658,0.600366,0.0129233,1.24922,0.0171415,0.0865491,2.59028,0.10169,1.55824,0.462431,0.163941,0,0.822146
127.709750567,0.392721,0,1.01104,0,0,2.71746,0.261119,1.8395,0.0893708,0.311082,0.0245232,1.04628
127.756190476,0.177523,0,0.86582,0,0.0106031,2.66966,0.268338,2.0159,0.11483,0.332376,0.110777,1.35708
127.802630385,0.162017,0.128032,0.45528,0,0.0152853,2.6143,0.176115,1.98972,0.122352,0.227291,0.426282,1.36305
127.849070295,0.116947,0,0.4399,0.477467,0,2.78544,0.041851,1.84398,0.361503,0.216576,0.451746,1.28738
127.895510204,0.0807467,0.0558785,0.446157,0.463998,0.186138,2.53812,0.0655108,1.52657,0.551683,0.278878,0.645598,0.552177
127.941950113,0.111411,0.482233,0.311639,0.397084,0.249279,2.25203,0.270614,0.249805,0.529872,0.770731,0.844811,0.509279
127.988390023,0.104229,0.365202,0.180833,0.472407,0.0379861,2.18762,0.517643,0.221084,1.0714,0.8829,0.929614,0.312376
128.034829932,0.35152,0.192113,0.492324,0.506875,0.0484345,2.01939,0.0592152,0.230577,1.62676,0.21417,0.67183,0.992348
128.081269841,0.926642,0.0724549,0.611775,0.0563514,0.0669496,2.11885,0.178193,0.499735,1.03014,0.140309,0.242847,1.8365
128.127709751,0.748758,0.0638375,0.746931,0.0431625,0.00152056,2.52827,0.377302,0.30503,0.0322805,0.245104,0.213158,2.01288
128.174149660,0.539071,0.783274,0.411492,0.23251,0.0209886,2.4545,0.983248,0.0260179,0,0.324867,0.0708458,1.93105
128.220589569,0.265237,0.678892,0.312005,0.285973,0.0883796,1.78771,1.10138,0.0935214,0.0958295,0.401535,0.157663,1.88797
128.267029478,0.221996,0.485147,0.563179,0.207924,0.153904,1.53486,0.788025,0.298632,0.111634,0.422009,0.449413,1.83245
128.313469388,0.298438,0.23303,0.747229,0.155833,0.1153,1.7719,0.312722,0.519046,0.000647615,0.746755,0.4352,1.56504
128.359909297,0.258145,0.141663,0.784705,0.0386462,0.0736629,2.0659,0.283734,1.0559,0,0.828719,0.204995,1.16407
128.406349206,0.331328,0.0747907,0.979216,0.0541407,0.0312432,2.21425,0.133342,1.36358,0.0133457,0.625176,0.124505,0.862946
128.452789116,0.131937,0.869093,0.725955,0.0935049,0.0531721,2.0832,0.613843,1.93123,0.087128,0.290168,0.733483,0.011556
128.499229025,0.131629,1.00634,0.807431,0.293462,0.289937,2.03585,0.94995,1.85525,0.161406,0.15133,0.723665,0.0630962
128.545668934,0.129033,0.743892,1.14603,0.371549,0.0517561,1.79661,1.43275,1.28093,0.274593,0.125694,0.594413,0.271543
128.592108844,0.168274,0.772671,1.13352,0.309798,0.0263083,1.62163,1.41716,1.11471,0.233198,0.227838,0.702297,0.309334
128.638548753,0.125433,0.920513,0.909415,0.328784,0.0430384,1.49593,1.15412,1.41098,0,0.342538,1.01591,0.144244
128.684988662,0.398116,1.43655,0.596363,0.811514,0.0485026,1.34215,0.543531,1.51065,0.00142311,0.278936,1.16654,0.122251
128.731428571,0.418365,1.61745,0.531079,0.967325,0.0266239,1.57584,0.241011,1.44512,0.215648,0.318507,0.85778,0.113655
128.777868481,0.215513,0.95903,0.551514,1.04449,0.100723,1.85645,0.332233,1.16977,0.189623,0.444997,0.641398,0.138088
128.824308390,0.212936,0.0205462,1.67195,0.368151,0.0454869,2.07215,0.34035,1.50846,0.151112,0.253748,0.32886,1.05014
128.870748299,0.270235,0.00158215,2.07107,0.0805962,0.064028,2.04905,0.210988,2.32355,0.158417,0.203544,0,1.52364
128.917188209,0.240288,0.0473733,1.94829,0.115793,0.0446762,2.01038,0.0346059,2.58521,0.308945,0.438431,0.00518786,1.70079
128.963628118,0.175885,0.0652604,1.50141,0.365596,0,2.22015,0.0244363,2.44561,0.101585,0.652985,0.161612,1.72612
129.010068027,0.14388,0.0423793,1.17064,0.155834,0.0918617,2.37647,0.0226834,2.38033,0.0650439,0.853016,0.271572,1.78036
129.056507937,0.279908,0.0247889,1.09874,0.172484,0.201384,2.30352,0.0208585,2.11133,0.0354606,1.0548,0.120139,1.52733
129.102947846,0.452915,0.000109563,1.06529,0.325555,0.549677,2.10764,0.0198213,1.5956,0.0387453,0.869831,0.339753,1.55678
129.149387755,0.785913,0.293064,0.768237,0.759818,0.545234,1.89964,0.0396867,1.06541,0.0890385,0.404581,1.03198,1.28908
129.195827664,0.467611,0.496607,0.892251,0.804568,0.450754,1.94604,0.329052,0.805699,0.195164,0.26257,1.15074,0.671973
129.242267574,0.392376,0.62096,1.50789,0.642465,0.0135184,1.65109,0.431744,0.577244,0.225562,0.76755,0.477616,0.105628
129.288707483,0.432188,0.676553,2.16234,0.0818997,0,1.43241,0.476347,0.33878,0.454781,0.630461,0.0472161,0.231959
129.335147392,0.452993,0.412953,2.45479,0.00156914,0,1.37808,0.553021,0.271355,0.616046,0.497963,0,0.74616
129.381587302,0.385389,0,1.9688,0,0,1.80567,0.655811,0.22742,0.522673,0.554878,0.0229473,0.989578
129.428027211,0.111781,0,1.35314,0,0,2.29349,0.599933,0.284002,0.308473,0.360897,0.544033,1.15654
129.474467120,0.125472,0.594256,0.76397,0,0,2.24092,0.312089,0.667424,0.060935,0.17306,1.0753,0.984915
129.520907029,0.0716504,1.0797,0.555848,0.111831,0,2.33237,0.320947,0.973749,0.0542348,0.192337,0.988865,0.449516
129.567346939,0,0.48278,0.506006,0.789069,0,2.44409,0.588348,1.04265,0.0733864,0.272789,1.34624,0.21257
129.613786848,0,0.170191,0.613229,0.623398,0.140928,2.32401,0.560253,0.714731,0.122055,0.293347,1.63825,0.0821231
129.660226757,0,0.243606,0.838271,0.605458,0.345471,2.41868,0.411252,0.289703,0.238079,0.317609,1.86171,0.00217598
129.706666667,0.14927,0.382845,0.776263,0.437247,0.375311,2.42841,0.150274,0.0741164,0.612524,0.369919,2.11094,0
129.753106576,0.755759,0.556863,0.776993,0.0450792,0.390184,1.98161,0.0811532,0.230254,0.692112,0.123765,2.19693,0.525666
129.799546485,0.73777,0.104352,0.429391,0.029507,0,2.4049,0.269096,0.0804825,0.560563,0.00505164,1.72527,1.46691
129.845986395,0.0113259,0.0262972,0.151114,0.179099,0.0424177,3.16983,0.441672,0.104751,0,0.00374281,1.40084,1.90237
129.892426304,0.0341995,0.161222,0.0039188,0.253468,0.0410409,3.07717,0.585993,0.0842348,0.0533558,0.0053133,1.28128,1.96656
129.938866213,0.104125,0.644915,0.0431235,0.233432,0.0611789,2.54068,0.998101,0.0653669,0.089507,0.00658157,0.943408,1.67203
129.985306122,0.137772,0.272065,0.0899945,0.364797,0.0820503,2.12102,1.13178,0.107322,0.0919644,0.0861079,1.24328,1.70127
130.031746032,0.32497,0.0447867,0.199103,0.439572,0.0570787,2.19082,1.05257,0.2732,0.0258114,0.156815,1.13472,1.29541
130.078185941,0.336642,0.0887869,0.512549,0.702669,0.041439,2.25341,0.4391,0.664289,0,0.0771235,1.08181,0.950008
130.124625850,0.315064,0.0275084,0.653035,0.799471,0.0298583,2.20333,0.268304,1.18726,0,0.0344828,1.07973,0.852063
130.171065760,0.383199,0.246451,0.612855,1.03883,0.0140191,2.07151,0.216598,1.2112,0.265898,0.00396314,0.846677,0.994257
130.217505669,0.291004,0.401514,0.641308,1.13357,0.00719404,1.86172,0.118793,1.08225,0.335445,0.133267,0.444222,1.31363
130.263945578,0.168588,0.321794,0.677465,1.17399,0.00562121,1.98127,0.128693,1.20962,0.325397,0.197706,0.0135167,1.36494
130.310385488,0.341357,0.191016,0.661471,0.915714,0.0558761,2.08211,0.335482,1.08199,0.328935,0.163556,0,1.3129
130.356825397,0.220421,0.317842,0.898656,0.230311,0.340421,1.78813,0.563207,1.16287,0.402239,0.118665,0.688038,1.20282
130.403265306,0.431397,0.446391,1.093,0.102951,0.0671435,1.56007,0.581636,1.20155,0.0887376,0.102012,1.03998,0.869847
130.449705215,0.421704,0.409191,1.25906,0.1869,0.156727,1.64735,0.51177,1.01373,0.106783,0.166591,0.932296,0.772075
130.496145125,0.320314,0.312914,1.45928,0.407508,0.146738,1.78578,0.55816,0.576391,0.236916,0.468919,0.416449,0.67141
130.542585034,0.175619,0.10831,1.85059,0.330991,0.187753,1.73578,0.520811,0.906919,0.36216,0.438001,0.0016079,0.716496
130.589024943,0.291119,0.0158064,2.49976,0.110979,0.369574,1.28659,0.243713,1.27205,0.254119,0.0377535,0.0809554,1.69527
130.635464853,0.210578,0.0242557,2.52406,0.0651397,0.673726,0.932082,0.061586,1.7405,0.368109,0.00274938,0.00259333,2.2194
130.681904762,0.0595636,0.169056,2.26623,0.140151,0.720966,0.726576,0.0326321,2.12746,0.143025,0.00656288,0.000404512,2.37397
130.728344671,0.00858988,0.294365,1.94477,0.118009,0.999284,0.618739,0.0511773,2.19129,0.0694521,0.00764309,0.00517422,2.37897
130.774784580,0,0.275156,1.66155,0.102038,1.00506,0.434543,0.0682988,2.5113,0.0498291,0.00528772,0,2.17139
130.821224490,0.101642,0.129798,1.35586,0.0928158,0.679204,0.13729,0.0853389,2.79225,0.0419449,0.00247172,0.179027,2.02148
130.867664399,0.382555,0.248277,0.598953,0.716567,0.246761,0,0.227441,2.35306,0.0751735,0.0427802,0.870829,1.57569
130.914104308,0.382517,0.383629,0.37895,1.04499,0.0171197,0,0.47795,1.44045,0.321473,0.365727,0.732524,1.17047
130.960544218,0.380306,0.53893,0.539975,0.955906,0.0223722,0,0.394014,1.08113,0.353141,0.363425,0.321786,1.06601
131.006984127,0.572194,0.436456,0.993078,0.645097,0.0248554,0.0297827,0.451228,1.28445,0.625426,0.719026,0.0388907,0.982405
131.053424036,0.714946,0.123478,1.38128,0.892289,0.212855,0.310409,0.300964,1.78794,0.357216,0.640617,0.105231,1.2959
131.099863946,0.413935,0.0390548,1.05102,1.5695,0.0442767,0.505169,0.33043,2.01765,0.0613672,0.570415,0.144746,1.56328
131.146303855,0.0930851,0.0427196,0.756298,1.64842,0.188597,0.529173,0.386785,2.42292,0.0608082,0.498912,0.0579526,1.48647
131.192743764,0.0877638,0.0247358,0.817742,1.34633,0.147874,0.203861,0.462539,2.56242,0.0483371,0.282028,0.587315,1.32643
131.239183673,0.351908,0.01841,0.676315,0.946935,0,0.252297,0.425616,2.35913,0.0535962,0.353751,0.643023,0.970419
131.285623583,0.84481,0.0502556,0.52637,0.933112,0.00273455,0.399557,0.17018,2.41351,0.0538068,0.448363,0.335692,0.39554
131.332063492,0.852765,0.176387,0.970437,0.690857,0.130026,0.354553,0.106835,2.16016,0.0946139,0.511319,0.551587,0.19168
131.378503401,0.500674,0.238868,1.69788,0.926275,0.194503,0.265959,0.0476714,1.41627,0.44062,0.483146,0.398723,0.482354
131.424943311,0.237141,0.280197,2.17349,1.02143,0.00560919,0.105766,0.197792,0.975994,1.02607,0.428007,0.0486509,0.621443
131.471383220,0.614853,0.133895,2.42677,0.537132,0.141417,0.0320266,0.203241,1.03041,1.14592,0.166204,0.309963,0.915159
131.517823129,0.550628,0.0635204,2.26802,0.16444,0.0414803,0.641597,0.917429,0.900304,0.693524,0.0239185,0.348932,1.22037
131.564263039,0.0983557,0.0315247,1.79721,0.247467,0.048801,0.819579,1.52501,1.01335,0.0591074,0.00303479,0.258725,1.28144
131.610702948,0.148506,0.0719553,1.48705,0.432776,0.0085841,0.43346,2.41574,0.611966,0.00481838,0.00365111,0.0478212,1.30394
131.657142857,0.0139815,0.212229,1.61602,0.365103,0.105467,0.0569643,2.46181,0.490537,0,0.00877148,0.0331478,1.3599
131.703582766,0.0792849,0.30685,1.41065,0.288697,0.0914729,0.0315866,2.11102,0.681046,5.29347e-05,0.0629144,0.158105,1.152
131.750022676,0.184325,0.405583,0.858535,0.0897802,0.0812905,0.0470251,1.37938,1.59134,0.0304745,0.0736363,0.15891,0.899047
131.796462585,0.333722,0.885965,0.154369,0.0600688,0.126163,0.0674919,0.872657,2.16506,0.018336,0.0708873,0.105202,0.774459
131.842902494,0.348552,1.38619,0.113487,0.493129,0.0822781,0.0787747,0.709666,2.05135,0.150257,0.0168627,0.0886482,1.02461
131.889342404,0.126486,1.73882,0.24751,0.596171,0.00629735,0.0724548,0.77228,1.77359,0.875801,0.0142833,0.0947934,0.640318
131.935782313,0.17491,1.66141,0.35014,0.982109,0.0142317,0.0360935,0.604613,1.46921,0.872796,0.188432,0.0965887,0.277124
131.982222222,0.0854887,1.4844,0.156382,1.22644,0.0194363,0.0112332,0.331115,1.17317,0.658154,0.385984,0,0.297855
132.028662132,0.0940267,1.22654,0.0941297,0.855795,0.0665408,0.0154366,0.764041,0.861644,0.558074,0.513938,0,0.174525
132.075102041,0.0699619,0.765998,0.518098,0.508898,0.239844,0.0380759,1.45881,1.07255,0.552084,0.159353,0.620305,0.401371
132.121541950,0.0967439,0.435214,0.801626,0.420191,0.0252624,0.0648815,1.24966,1.82148,0.372376,0.130778,0.572532,0.91238
132.167981859,0.302378,0.679948,0.532862,0.510544,0.137852,0.0887588,0.831407,1.71524,0.0992406,0.492011,0.469508,0.691385
132.214421769,0.40734,0.939653,0.514347,0.477863,0.286275,0.18915,0.698579,1.33285,0.00212,0.611372,0.236456,0.476734
132.260861678,0.457809,1.13525,0.503594,0.137086,0.481671,0.366367,0.243129,0.85934,0.103563,0.603905,0.435926,0.756361
132.307301587,0.421184,0.995014,0.565687,0.0896959,0.731212,0.403466,0.0599423,0.982,0.20394,0.532046,0.813262,0.985418
132.353741497,0.781738,0.602737,0.40045,0.493542,0.94211,0.20289,0.112988,1.46113,0.113655,0.323482,1.21976,0.827212
132.400181406,0.872414,0.428755,0.197515,0.95459,0.50138,0.0292306,0.0725775,2.02769,0.157096,0.246681,1.23032,0.475645
132.446621315,0.48615,0.642537,0.586344,1.04908,0.204926,0.16559,0.0282673,2.04697,0.196728,0.257957,0.389134,1.43816
132.493061224,0.345538,0.873152,0.785259,1.12304,0.373132,0.134736,0.0459748,2.18291,0.159506,0.182071,0.549476,1.51747
132.539501134,0.388516,1.23406,0.840113,0.422356,0.672531,0.19574,0.0944884,2.3174,0.0526695,0.0903123,1.01778,1.10162
132.585941043,0.239757,1.091,1.24124,0.14596,0.59515,0.213097,0.0932006,1.84826,0.949879,0.0163306,0.689699,1.06573
132.632380952,0.177317,1.57905,1.57825,0.22723,0.29584,0.252991,0.365399,1.10012,0.960382,0.223144,0.324878,1.40858
132.678820862,0.105257,1.66004,1.76641,0.171126,0.0329918,0.478709,0.622962,0.6823,1.06672,0.792309,0,1.6173
132.725260771,0.14484,1.08339,2.62049,0.0830541,0.0273705,0.848971,0.777519,0.065202,1.26207,1.11624,0,1.50676
132.771700680,0.102576,0.353767,3.10458,0.0337969,0.0159822,1.03888,1.24392,0.162388,1.20602,1.26433,0.137397,0.494712
132.818140590,0.666004,0.738736,3.03346,0.0726447,0.0196406,0.874977,0.870071,0.317079,0.51732,1.29442,0.413452,0.236101
132.864580499,1.1007,0.714378,2.88852,0.029526,0.173735,0.764079,0.592947,0.536914,0.292885,0.983427,0.562447,0.341496
132.911020408,0.996879,0.669247,2.00683,0.420626,0.433295,1.20935,0.0387799,0.615126,0.553939,0.85321,0.394764,0.893003
132.957460317,0.000100122,0.405111,1.21725,0.977733,1.14311,0.845724,0.117174,1.51394,0.521357,0.605648,0.0465785,0.0796032
133.003900227,0.000200474,0.759799,1.10343,1.25832,0.732253,0.5764,0.177966,1.49983,0.342306,0.759901,0.0565097,0.351194
133.050340136,0.148924,0.893084,0.772231,1.31058,0.35201,0.431489,0.343207,1.15685,0.187575,1.14029,0.157896,0.648492
133.096780045,0.208991,0.901206,0.535463,1.00362,0.0693494,0.295359,0.460302,0.813077,0.800618,1.35854,0.127928,0.603255
133.143219955,0.250983,0.792533,0.722265,0.615367,0.0666754,0.105544,0.474298,0.193153,1.31636,1.24551,0.267177,0.468315
133.189659864,0.914821,0.432118,0.959809,0.296871,0.286508,0.00779354,0.404549,0.00625185,1.29027,0.405468,0.344449,1.22105
133.236099773,1.17161,0.585618,0.885396,0.419106,0.290243,0.254597,0.677346,0.0210283,0.0668649,0.0255855,0.319059,1.99122
133.282539683,0.689695,0.228023,0.676927,0.608627,0.149428,0.607946,0.979617,0.398088,0.0693334,0.00261665,0.200929,1.97245
133.328979592,0.457511,0.0698099,0.755901,0.501978,0.218625,0.234114,0.866531,0.94292,0.011619,0.177583,0.619121,1.56545
133.375419501,1.14022,0.0918269,0.684435,0.54833,0.280267,0.0233884,0.494211,1.0436,0.0900604,0.099886,0.467671,1.15438
133.421859410,1.78626,0.0939757,0.299682,0.564421,0.209889,0.0675635,0.126194,0.810513,0.00862455,0.153482,0.737635,1.15403
133.468299320,1.99502,0.077427,0.33846,0.438008,0.775945,0.259101,0.380743,0.509416,0,0.18552,0.764427,0.865967
133.514739229,2.0454,0.0667791,0.531095,0.31941,0.76544,0.327179,0.366304,0.127662,0,0.253581,0.559019,0.695317
133.561179138,1.76453,0.0867769,0.872764,0.368291,0.627997,0.301251,0.282202,0,0,0.266742,0.835641,0.738862
133.607619048,1.14878,0.139292,1.10467,0.378858,0.0546365,0.221237,0.243087,0,0,0.432553,1.39126,0.967651
133.654058957,0.424229,0.220177,0.964913,0.190852,0.0396982,0.307279,0.0923378,0.317635,0.204225,0.481348,1.80143,0.750348
133.700498866,0.223311,0.31415,0.588248,0.257409,0.0321814,0.306745,0.105473,0.665743,0.210806,0.103505,1.91342,0.469352
133.746938776,0.217424,0.958076,0.385178,0.674246,0.0472421,0.297515,0.066507,0.397658,0.0281687,0.0664669,1.32018,0.152887
133.793378685,0.0510309,1.20978,0.253459,0.954258,0.165307,0.406922,0.22401,0.333976,0,0.267328,1.20337,0.0620711
133.839818594,0.0630806,1.24551,0.376936,1.03233,0.450206,0.541608,0.579875,0.625336,0,0.826198,1.30061,0.0852268
133.886258503,0.148869,1.04256,0.477823,1.21465,0.504627,0.820133,0.836619,1.30636,0.077158,1.10419,0.549286,0.360781
133.932698413,0.206239,0.398866,0.779986,0.882091,0.357998,0.693416,0.620934,1.83624,0.210663,0.97335,0.580944,0.492634
133.979138322,0.22705,0.124528,1.14678,0.595072,0.121448,0.76629,0.267546,2.22413,0.326115,0.343553,0.50142,1.02241
134.025578231,0.156574,0.064242,2.05456,0.262895,0.0334488,0.525336,0.581591,2.28905,0.349583,0.121435,1.17148,0.842004
134.072018141,0.0183502,0.0984749,2.26249,0.455402,0.0652715,0.632762,0.932198,1.97495,0.273225,0.307205,1.42523,1.03756
134.118458050,0.0053018,0.172475,2.11152,0.680588,0.0846178,0.92158,0.656795,1.48075,0.213501,0.253249,1.45987,1.19851
134.164897959,0.000745869,0.283621,1.63705,0.83524,0.0715398,1.22309,0.389034,0.997686,0.0168013,0.367064,1.72704,0.881273
134.211337868,0.00078594,0.362893,1.66275,0.886713,0.0388503,1.27268,0.104361,0.44117,0.0202296,0.612784,1.7917,0.576695
134.257777778,0.000767942,0.198728,1.79418,1.00557,0,0.825364,0.307717,0.585455,0.00870232,0.603319,1.68881,0.515164
134.304217687,0.109577,0.0873256,1.49258,1.06025,0.00901004,0.0826491,0.360264,1.14036,0.0171478,0.640323,1.60176,0.554204
134.350657596,0.0733591,0.0529086,1.08404,0.998292,0,0.172373,0.469659,1.8953,0.124728,0.456217,1.60037,0.620253
134.397097506,0.0655503,0.116852,0.851877,0.849625,0.00236564,0.526998,0.335482,2.32401,0.227376,0.414224,1.59675,0.628781
134.443537415,0.0685654,0.346087,0.850266,0.796097,0.00789515,1.08811,0.226964,2.35289,0.222317,0.385582,1.69854,0.632849
134.489977324,0.0560727,0.459915,1.42429,0.320253,0.0309459,0.632605,0.46398,1.79194,0.243532,0.415074,1.69343,0.688643
134.536417234,0.000281535,0.297168,1.21868,0.512451,0.00950959,0.13202,0.74628,1.45114,0.314118,0.681802,1.16553,0.824313
134.582857143,0.000763828,0.242206,1.09923,0.743747,0.0228237,0.475799,0.912601,1.39535,0.331052,0.904643,0.450584,0.824351
134.629297052,0.000939286,0.248678,1.29301,0.825234,0,0.780501,0.693047,1.27758,0.265272,0.990871,0.676646,0.622146
134.675736961,0.0292297,0.177629,1.84658,1.00038,0.00256999,0.877784,1.07015,1.03568,0.191603,0.836902,0.760049,0.29257
134.722176871,0.0740485,0.0303522,1.48428,0.894098,0.174247,0.376137,1.22611,1.43129,0.344937,0.762637,0.627334,0.351418
134.768616780,0.0310596,0.0221207,1.19881,0.713963,0.26743,0.445756,0.987607,1.88128,0.70754,0.395334,0.327339,0.904934
134.815056689,0.00975793,0.0283675,1.50078,0.724043,0.240803,0.420823,0.709138,2.21019,0.74981,0.0738277,0.00472368,1.28289
134.861496599,0.0415202,0.0144736,1.47953,0.902521,0.251302,0.170363,0.457922,2.37765,0.558389,0.0911479,0.0292439,1.38763
134.907936508,0.0523691,0.00474002,1.92629,0.886337,0.106767,0.339447,0.228213,1.88595,0.400724,0.0433025,0.0980721,1.76889
134.954376417,0.0781054,0.244699,2.0791,0.579851,0.135208,0.398378,0.318008,1.80226,0.305729,0.318821,0.292423,1.93087
135.000816327,0.140058,0.405257,1.88322,0.484696,0.12411,0.352279,0.525824,1.8868,0.138496,0.640464,0.377384,1.97252
135.047256236,0,0.333232,1.5952,0.527175,0.0827892,0.303894,0.529601,2.31457,0.0828579,0.762301,0.0652477,1.6916
135.093696145,0.0979872,0.136383,1.10098,0.789399,0.0124593,0.135173,0.417014,2.35844,0.0509913,0.712821,0.0608991,1.75207
135.140136054,0.0957305,0.00345723,0.533976,0.93289,0.0406829,0.206987,0.43525,2.30974,0.066178,0.272762,0.0797581,2.12526
135.186575964,0.324089,0.0797996,0.522348,0.550157,0.0925474,0.202289,0.341751,2.58978,0.206314,0.00201215,0.118629,2.07331
135.233015873,0.27764,0.104002,0.742301,0.553608,0.143067,0.298196,0.287107,2.95987,0.0560388,0.00772485,0.127252,2.16135
135.279455782,0.0669409,0.0515902,0.936093,0.712284,0.0772827,0.298465,0.471133,3.10662,0.05124,0.030123,0.0990941,2.5312
135.325895692,0.024103,0,1.45152,0.862865,0.0449946,0.28234,0.863158,2.13511,0.0339279,0.0755292,0.181242,2.96436
135.372335601,0.0405727,0.019782,1.56372,0.774178,0.0637153,0.207076,0.392932,1.37069,0.3662,0.143733,0.507105,2.88727
135.418775510,0.0921082,0.0135083,1.34041,0.552976,0.0939229,0.288221,0.249701,1.17321,0.595551,0.387511,0.422645,2.39408
135.465215420,0.309256,0.0874133,0.929276,0.720585,0.0792164,0.432363,0.253133,0.813731,0.59082,0.709581,0.416057,1.58677
135.511655329,0.297932,0.00151088,0.759372,1.44454,0.0677159,0.376234,0.825041,1.13402,0.302655,0.661837,0.331237,1.76052
135.558095238,0.189638,0,0.738395,1.71113,0.290817,0.350688,0.829924,1.31352,0.454052,0.228877,0.302877,1.60332
135.604535147,0.346114,0.0147848,0.486072,1.58052,0.333806,0.198235,0.593801,1.92302,0.688211,0.055106,0.208765,0.813672
135.650975057,0.481742,0.144365,0.363033,0.641279,0.354769,0.628014,0.365015,2.55176,0.532399,0.0725364,0.222448,0.492963
135.697414966,0.227142,0.203707,0.489116,0.636565,0.373403,0.573505,0.398425,2.77437,0.295714,0.234557,0.26323,0.648633
135.743854875,0.442801,0.172209,0.818125,1.0847,0.54702,0.470421,0.398294,1.95305,0.359067,0.477007,0.125915,1.15379
135.790294785,0.774459,0.132262,1.21636,1.37359,0.250153,0.111516,0.232537,1.63643,0.582555,0.467217,0,1.40253
135.836734694,0.979876,0.0340738,0.9848,1.40299,0.0644147,0.172831,0.233239,1.70331,0.945984,0.651049,0,1.25117
135.883174603,1.24828,0,0.79465,1.37282,0.0592078,0.170398,0.364921,1.55427,0.956798,0.689036,0,0.69515
135.929614512,1.12265,0.00505781,0.499712,1.1833,0.286433,0.180745,0.257,1.63922,0.942745,0.60998,0.0409,0.209085
135.976054422,1.37166,0.00228342,0.578591,1.22082,0.410746,0.0750758,0.373896,1.49491,1.29952,0.304695,0.138157,0.188007
136.022494331,1.72719,0.0123327,0.837673,0.989948,0.510594,0.234213,0.391952,1.1038,1.47994,0.144337,0.0959822,0.209335
136.068934240,1.99195,0.0203652,0.598578,0.865316,0.395874,0.310492,0.34797,1.62065,1.13972,0.446827,0.00109471,0.217592
136.115374150,2.13579,0.0849891,0.301899,1.03638,0,0.168907,0.239921,2.34992,0.709278,0.509647,0.000808587,0.495766
136.161814059,2.2013,0.0970435,0.564435,1.23369,0.0351328,0.100286,0.290974,2.32729,0.395175,0.237067,0,0.791389
136.208253968,2.38621,0.072533,1.0376,1.24189,0.169938,0.0500551,0.675505,1.47255,0.0571983,0.297,0,1.1311
136.254693878,2.37705,0,1.1481,1.20076,0.203065,0.197018,0.640523,0.956255,0.17891,0.576189,0,1.06575
136.301133787,2.11761,0.00891268,0.494699,1.17784,0.163961,0.398125,0.576297,1.1813,0.168521,0.976935,0,0.839008
136.347573696,2.35304,0.0754227,0.267857,1.06408,0.267262,0.293645,0.465719,1.44533,0.064477,1.09579,0.000113943,0.533731
136.394013605,2.41866,0.0132944,0.227844,0.990559,0.453719,0.0856433,0.714921,1.81274,0.117216,0.835856,0.000887238,0.359556
136.440453515,2.08881,0.0683729,0.378665,1.02618,0.589694,0.0998607,0.650867,1.52479,0.377688,0.356918,0.0209919,0.369386
136.486893424,1.47815,0.161116,0.337147,1.10991,0.325282,0.180269,0.513594,1.10981,0.592197,0.219417,0.0482662,0.50951
136.533333333,1.05361,0.253821,0.508623,1.15011,0.343279,0.409138,0.297319,1.18789,0.609852,0.235325,0.0260632,0.831319
136.579773243,1.38345,0.1871,0.895884,1.0269,0.647318,0.396164,0.301434,1.09941,0.495403,0.0496677,0.0371866,1.10976
136.626213152,1.54038,0.223352,1.15013,0.879696,0.8544,0.0715564,0.332171,1.02722,0.589914,0.339685,0.19931,1.0317
136.672653061,1.03933,0.224603,1.39733,0.64438,0.840645,0.0469957,0.433988,0.785491,0.740711,0.807101,0.19288,1.09726
136.719092971,0.607273,0.719626,1.1318,0.544907,0.859199,0.360489,0.520312,0.616976,0.521191,1.23894,0.168973,0.877561
136.765532880,0.349662,0.85929,0.681124,0.438817,0.897879,0.478017,0.358993,0.805389,0.124759,1.46614,0.261551,0.568242
136.811972789,0.51526,0.773045,0.155402,0.565603,0.793695,0.158307,0.249452,1.12308,0.154119,1.14545,0.22773,0.346563
136.858412698,0.502913,0.984819,0.206653,0.717394,0.83057,0.0190867,0.263398,1.3875,0.628979,0.589489,0.226964,0.211288
136.904852608,0.383177,1.27022,0.407001,1.0394,0.24227,0.0221171,0.346788,1.60567,0.873944,0.46915,0.144422,0.261222
136.951292517,0.120529,1.42369,0.30339,1.15268,0.0666568,0.0276977,0.36068,1.94427,0.992617,0.544007,0.0776057,0.311585
136.997732426,0.109342,1.12767,0.133433,0.967274,0.125191,0.38888,0.409348,2.0302,0.78845,0.820219,0.127069,0.390272
137.044172336,0.108534,1.06828,0.407244,0.617022,0.346884,0.508654,1.03446,1.15859,0.293528,1.00522,0.168037,0.667697
137.090612245,0.094395,1.56784,0.733765,0.256466,0.373546,0.736009,1.05989,0.879696,0.239905,0.973209,0.144811,0.641331
137.137052154,0.0558451,1.77423,0.761813,0.00120237,0.231088,1.02169,0.958645,0.834766,0.723852,0.961924,0.216507,0.347435
137.183492063,0.0368694,2.14626,0.850024,0,0.20154,1.06408,0.412624,0.725182,0.762937,0.976502,0.413567,0.118987
137.229931973,0.00096519,2.25529,0.648522,0.0402153,0.153147,1.47199,0.234205,1.11424,0.995735,0.993016,0.483221,0.000219077
137.276371882,0,2.17105,0.540447,0.201705,0.0810652,1.71038,0.626499,1.08536,0.48533,0.829172,0.206534,0.0115668
137.322811791,0,1.81129,0.302388,0.305242,0.0542979,1.29232,0.779951,1.50276,0.0041666,1.02702,0.228699,0
137.369251701,0.0976313,1.614,0.290764,0.569733,0.105539,0.723537,0.771067,1.84402,0.00511509,0.896853,0.237088,0.0190436
137.415691610,0.252421,1.66202,0.290948,0.605774,0.17873,0.720784,0.705711,1.88897,0.660786,0.676165,0.0897239,0.41429
137.462131519,0.195269,2.04825,0.231398,0.502949,0.195261,0.863222,0.192305,1.62085,0.757799,0.357401,0.699663,0.792532
137.508571429,0.112192,1.77751,0.484533,0.474652,0.195013,1.11268,0,0.791401,0.0622811,0.725952,1.16092,1.13646
137.555011338,0.11514,0.977561,0.790312,0.644914,0.174969,1.0383,0.002638,0.367263,0.172904,0.91985,1.27329,1.18686
137.601451247,0.193035,0.743031,0.771781,0.622739,0.227082,0.881004,0.00767736,0.165469,0.200705,1.01434,1.29706,0.937072
137.647891156,0.371924,1.00548,0.697867,0.516574,0.089402,1.01642,0.0723686,0.162235,0.0168619,0.971191,1.41334,0.863832
137.694331066,0.358493,0.734645,0.688907,0.551171,0.147884,1.22106,0.294429,0.396863,0.0333255,0.98354,0.783157,0.881127
137.740770975,0.213408,0.161058,0.683585,0.828579,0.342328,0.944251,0.536192,0.981619,0.0101439,1.03398,1.04134,0.889727
137.787210884,0.0301915,0.12938,0.878758,0.900979,0.344825,0.858307,0.290159,1.76863,0.0110943,0.927882,0.422725,1.03201
137.833650794,0,0.166651,0.734944,0.795723,0.357148,0.799143,0.26244,2.04677,0.194113,0.639365,0.0234824,1.34863
137.880090703,0,0.147198,1.0229,0.678278,0.114304,0.889686,0.32502,1.69753,0.176123,0.452222,0.0927008,1.82252
137.926530612,0,0.104393,1.95262,0.708359,0.148265,1.18882,0.211031,0.914171,0.0428894,0.429999,0.085054,1.638
137.972970522,0.0876509,0.0215052,2.51241,0.831678,0.127295,1.19619,0.165839,0.448631,0.34489,0.658442,0.0298013,1.38436
138.019410431,0.129726,0,2.42861,0.797957,0.106828,1.14953,0.136012,0.408641,0.462749,0.996647,0.106328,1.03249
138.065850340,0.171545,0,2.34467,0.577641,0.00910179,0.900603,0.110047,0.517974,0.215402,1.21128,0.0674257,0.740889
138.112290249,0.388342,0.0045951,2.29853,0.651236,0,0.313527,0.536913,0.999964,0.0762005,0.983216,0.0483438,0.537923
138.158730159,0.397977,0.18911,2.16836,0.697708,0,0.344594,0.610356,1.19525,0.00322809,0.773818,0.123289,0.448949
138.205170068,0.500524,0.259463,2.03461,0.695575,0,0.404548,0.323971,1.7213,0.0460151,0.589083,0.13705,0.624
138.251609977,0.588766,0.226383,2.01527,0.781988,0,0.372239,0.336256,1.91792,0.12798,0.700116,0.122834,0.78492
138.298049887,0.569279,0.199135,2.24561,0.729069,0.000943872,0.279104,0.628145,2.03086,0.0442198,0.783632,0.0808796,0.909748
138.344489796,0.146018,0.270803,2.69668,0.594874,0.0305979,0.248587,0.895656,1.41916,0.0663638,0.745585,0.0195099,1.04188
138.390929705,0.00586193,0.369716,2.63189,0.666745,0.0788343,0.310334,0.78409,0.851832,0.092124,0.76515,0,0.890875
138.437369615,0.1255,0.498666,2.4453,0.781821,0.094013,0.210638,0.410272,0.516394,0.0586103,0.806729,0.079732,0.793326
138.483809524,0.140316,0.566794,2.43364,0.746725,0.0629006,0.127314,0.69361,0.74691,0.0261343,0.936643,0.140508,0.660475
138.530249433,0.189779,0.440668,2.37479,0.901902,0,0.331586,0.954618,0.610758,0.0171081,1.02134,0.194551,0.823164
138.576689342,0.469327,0.293074,1.94971,1.04369,0.0116945,0.295672,0.883067,0.995267,0.183549,0.50346,0.532426,0.798301
138.623129252,0.712573,0.277158,1.15281,1.12188,0.0023772,0.335378,0.806284,1.6697,0.197372,0.529816,0.547068,0.41304
138.669569161,0.429586,0.318339,0.665272,1.31394,0,0.238809,0.595825,2.34929,0.178081,0.432691,0.369925,0.422042
138.716009070,0.248186,0.365315,1.32559,0.941244,0.005616,0.159326,0.572876,2.57646,0.145721,0.266935,0.0620784,0.574839
138.762448980,0.160931,0.409066,1.76411,0.409823,0.0310966,0.0608732,0.992387,1.54877,0.117905,0.00714953,0.476093,0.870966
138.808888889,0,0.343112,1.85635,0.68627,0.0798182,0.0482791,1.0249,0.543396,0.174436,0.101512,0.966733,1.06245
138.855328798,0.131921,0.120139,1.35167,1.419,0.0773539,0.165133,0.810749,0.0257485,0.19741,0.380531,1.07453,1.12025
138.901768707,0.114019,0.0691561,0.954112,1.67518,0.03879,0.233093,0.600866,0.197374,0.170077,0.678972,0.935049,1.2526
138.948208617,0.277584,0.0604053,0.814382,1.7557,0.0262304,0.123419,0.512216,0.344059,0.256083,0.38397,1.07153,1.1505
138.994648526,0.611407,0.0467104,0.670248,1.59614,0.0151845,0.195842,0.592341,0.596013,0.55423,0.0160926,0.958314,0.523833
139.041088435,0.906505,0.00665579,0.720594,1.95735,0.0176276,0.250734,0.529687,0.931288,0.608582,0.00628219,0.48638,0.679554
139.087528345,0.893623,0,0.673247,2.29406,0.00847108,0.198862,0.358651,1.24244,0.569578,0.147213,0.264684,0.405674
139.133968254,0.435177,0.00918344,0.398399,2.40446,0.0320254,0.202877,0.159366,1.53736,0.449383,0.420597,0.369541,0.786673
139.180408163,0.196326,0.00633952,0.389822,2.74917,0.0585767,0.143374,0.785959,1.61579,0.299352,0.207889,0.0716932,1.10278
139.226848073,0.49968,0.00790326,0.760829,3.11403,0.0653424,0.037267,1.12509,1.19162,0.395229,0.210275,0.128401,0.691755
139.273287982,0.826989,5.1426e-05,0.597129,2.92146,0.111739,0.0330435,1.02802,0.993936,0.251812,0.634908,0.253355,0.646795
139.319727891,0.692963,0.000853007,0.667631,2.75208,0.175866,0.0242037,0.868713,1.19318,0.150409,0.712224,0.351694,0.223514
139.366167800,0.20537,0.0275889,0.646981,2.57121,0.132833,0.00507954,0.469329,1.32517,0.464579,0.609521,0.387943,0.842315
139.412607710,0.359769,0.0403312,0.698223,2.30131,0.341671,0.0143415,0.404061,1.02803,1.12578,0.287299,0.327965,1.18969
139.459047619,0.541483,0.138499,0.543099,2.07296,0.296654,0,0.38188,1.03698,1.19181,0,0.0823445,1.21467
139.505487528,0.780846,0.178613,0.612571,1.66678,0.154931,0.125115,0.375971,1.06195,1.07203,0,0.0127817,0.734816
139.551927438,0.780833,0.24208,0.641023,1.43191,0.237173,0.314324,0.344674,1.24157,0.736295,0,0.0256409,0.648088
139.598367347,0.92837,0.37325,0.827344,1.17391,0.15658,0.473397,0.333758,1.54972,0.390388,0,0.0584358,0.966758
139.644807256,0.880351,0.425272,0.999219,0.692712,0.24038,0.779082,0.581803,1.52237,0.267114,0,0.0262295,1.54412
139.691247166,0.701153,0.392824,0.857935,0.240469,0.861925,0.901774,0.595754,0.84126,0.133605,0.0626574,0.0193082,1.96981
139.737687075,0.502928,0.417453,0.694995,0.128795,1.06442,1.13839,0.585548,0.706446,0.145319,0.3662,0,1.86711
139.784126984,0.331558,0.517538,0.661643,0.272494,0.72531,1.01948,0.612909,0.856586,0.093315,0.524153,0.0112334,1.40947
139.830566893,0.356208,0.357672,0.510512,0.689222,0.782948,0.54255,0.554815,0.345178,0.0274784,0.385788,0.214306,1.16452
139.877006803,0.569947,0.11179,0.39492,0.626557,1.14648,0.61479,0.651779,0.17379,0.279502,0.159252,0.186254,1.12487
139.923446712,0.537498,0.119275,0.313428,0.734086,1.60335,0.763691,0.213395,0.251822,0.39815,0.172986,0.153026,1.0309
139.969886621,0.344809,0.162367,0.314247,0.744817,1.64276,0.684578,0.40069,0.539578,0.391177,0,0.17478,1.30658
140.016326531,0.269409,0.182312,0.557204,0.715522,1.50274,0.259139,0.765747,1.13714,0.298476,0,0.0669514,1.65464
140.062766440,0.234758,0.168178,0.925061,0.451242,1.79223,0.130583,0.993098,1.09866,0.132725,0,0,1.63699
140.109206349,0.16639,0.112495,0.955811,0.590153,2.27094,0.0325678,1.00227,0.788851,0.163825,0.0988499,0,1.24245
140.155646259,0.0824714,0.140428,0.493908,0.719419,2.54751,0.0315867,0.766908,0.879963,0.277474,0.314029,7.94534e-05,1.43393
140.202086168,0.0869556,0.126203,0.190496,0.553091,2.44226,0.0591883,0.278756,0.941626,0.357563,0.426612,0.000842957,1.86162
140.248526077,0.457758,0.0539159,0.144903,0.489565,2.58187,0.111801,0.0121565,0.790765,0.870714,0.241297,0.00478058,1.49954
140.294965986,1.16639,0.125639,0.458651,0.898096,2.69307,0.0197112,0.0916262,0.942802,1.0503,0,0.0842464,0.593812
140.341405896,1.51821,0.225347,0.462335,1.0472,2.34801,0.135736,0.146821,1.27845,0.622755,0,0.0879486,0.10856
140.387845805,1.23948,0.226026,0.295721,1.09642,2.06629,0.362994,0.00557646,1.72932,0.419097,0,0.0194152,0.510991
140.434285714,0.538451,0.211642,0.438796,1.11562,2.22409,0.398791,0.0040116,1.94644,0.420382,0,0.022072,1.11022
140.480725624,0.10142,0.268226,1.05731,0.972702,2.09122,0.255463,0.0050482,0.876327,0.825242,0,0.080832,1.15792
140.527165533,0.182663,0.343328,1.38748,0.721062,1.39248,0.432681,0.00828183,0.240638,0.992764,0,0.125416,1.22524
140.573605442,0.319303,0.443737,1.22621,0.655818,0.660694,0.611694,0.0128074,0.135818,1.12741,0.144773,0.160858,0.897948
140.620045351,0.413556,0.590304,1.00344,0.601685,0.399758,0.494802,0.00679201,0.380521,1.1563,0.339127,0.0472854,0.476053
140.666485261,0.425701,0.390873,0.954438,0.389308,0.499054,0.361708,0.129408,0.987985,0.73921,0.12073,0,0.495558
140.712925170,0.528808,0.487335,0.798249,0.284537,0.500924,0.464183,0.372168,1.21948,0.353114,0.0647699,0,0.1742
140.759365079,0.421628,0.890393,0.540207,0.576133,0.255581,1.00232,0.465313,1.36454,0.334145,0.243008,5.82923e-05,0.281165
140.805804989,0.197536,0.831653,0.573273,0.545937,0.14081,1.38552,0.379485,1.19994,0.39319,0.249461,0.0102069,0.790533
140.852244898,0.020891,0.742585,1.01238,0.356223,0.0238207,1.6141,0.0876203,0.953512,0.330872,0.666816,0.027246,1.17275
140.898684807,0.000325097,0.529998,1.58631,0.262523,0.0406903,1.83764,0.0200397,0.74713,0.447162,1.01457,0.060644,1.43425
140.945124717,0.117113,0.475392,1.6398,0.283943,0.0302516,2.13968,0.0209055,0.582053,0.461307,1.18383,0.148687,1.07363
140.991564626,0.56054,0.550442,1.38998,0.33485,0.00928006,2.27903,0.0193457,0.863723,0.422204,0.864343,0.0955793,0.622672
141.038004535,0.593711,0.587972,1.43909,0.32392,0.0206381,2.12431,0.0267471,0.941302,0.387756,0.182247,0.0247058,0.668732
141.084444444,0.220655,0.606186,1.3358,0.252121,0.0493812,2.14479,0.0229646,1.04815,0.403345,0.142303,0.233958,0.734269
141.130884354,0.000262879,0.51443,1.20574,0.3979,0.0506874,2.63117,0.0778995,1.13012,0.135967,0.396907,0.257654,0.472776
141.177324263,0.000248666,0.481861,0.954314,0.738597,0.0314671,2.78648,0.114443,0.940006,0.0386285,0.606767,0.0433144,0.477746
141.223764172,0.0397691,0.482896,1.03575,0.586454,0.0301744,2.54025,0.121567,0.596332,0.144839,0.561564,0,1.02633
141.270204082,0.124738,0.434455,1.35869,0.36669,0.0328301,2.53461,0.134463,0.306747,0.330472,0.459366,0.000828509,1.30373
141.316643991,0.0533792,0.275794,1.89171,0.314093,0.129154,2.60216,0.123147,0.311468,0.93205,0.539404,0,1.31493
141.363083900,0.000557538,0.359642,1.85729,0.328085,0.208672,2.44731,0.0421537,0.353552,0.652666,0.887996,1.70757e-05,0.864009
141.409523810,0.000581768,0.551324,1.24461,0.472276,0.202018,1.66914,0.0287201,0.749954,0.352107,0.939124,0.0541703,0.772013
141.455963719,0.446652,0.518256,1.17545,0.361735,0.135702,0.747898,0.0240451,1.01248,0.204421,0.932346,0.169701,0.947717
141.502403628,0.552167,0.503795,1.78139,0.299063,0.116033,1.06559,0.0187987,1.09323,0.0552049,1.03488,0.151784,1.31867
141.548843537,0.566396,0.22427,2.45128,0.275964,0.0799955,1.2382,0.0233723,0.31818,0.235264,1.30785,0.000203834,1.62639
141.595283447,0.651954,0.536774,2.36526,0.25791,0.161631,0.99055,0.25146,0.120689,0.479971,1.01797,0.000215249,1.48194
141.641723356,0.7213,0.948483,1.69863,0.264649,0.338704,0.655014,0.61112,0.105681,0.573111,0.631547,0.000452858,1.45135
141.688163265,0.727436,0.407977,1.6075,0.323993,0.283691,0.743497,0.443333,0.267801,0.545517,0.546649,0.00228603,1.35519
141.734603175,0.713035,0.000901431,1.86266,0.372224,0.0463642,1.01407,0.240705,0.372969,0.635406,0.507863,0.00360554,1.27567
141.781043084,0.757237,0.00896589,2.03921,0.357017,0.0173007,0.899297,0.722819,0.102348,0.881056,0.52561,0.106205,0.662598
141.827482993,0.747891,0.439971,1.52099,0.339427,0.0769418,0.768875,1.11619,0.0954714,0.603748,0.42477,0.240828,0.387914
141.873922902,0.610022,0.380962,1.08203,0.398991,0.121633,0.630826,1.28429,0.113367,0.42619,0.356537,0.152916,0.699995
141.920362812,0.136538,0.0233738,1.25225,0.574031,0.0357782,0.73756,1.09512,0.337075,0.422101,0.330545,0.0376253,0.829858
141.966802721,0.013814,0.00175419,1.67626,0.622415,0.0343794,1.07377,0.962297,0.466738,0.379899,0.427619,0.0698782,1.07473
142.013242630,0.000488485,0.0270995,1.92163,0.442142,0.0317194,1.22782,1.55572,0.260917,0.249406,0.388328,0.149506,0.685285
142.059682540,0.105545,0.803189,1.20377,0.410681,0.0212035,1.18555,1.83449,0.155437,0.0633897,0.367301,0.0266915,1.041
142.106122449,0.122083,0.833316,0.986717,0.353309,0.0219736,1.0266,1.72491,0.320261,0.10494,0.22665,0.0131398,1.35444
142.152562358,0.0282391,0.449178,1.32286,0.322369,0.0289272,0.628312,1.36603,0.676894,0.14619,0.14356,0.212718,1.97873
142.199002268,0.0487332,0.00204297,2.03387,0.354668,0.0528205,0.650774,1.91479,0.411956,0.0381315,0.176626,0.298506,1.30605
142.245442177,0.0322744,0.00191857,2.03062,0.423261,0.120459,0.871301,2.16748,0.169965,0.0133544,0.235451,0.401885,0.948815
142.291882086,0.0498322,0.0022038,1.53916,0.382555,0.11358,0.852715,1.93678,0.16414,0.0679576,0.360437,0.428407,1.0928
142.338321995,0.0639853,0.0511869,1.5919,0.532317,0.0725959,0.742651,2.14989,0.256274,0.0897685,0.265526,0.328556,1.20447
142.384761905,0.0574632,0.0469366,1.50563,0.71455,0.127966,0.701758,2.31603,0.624885,0,0.379852,0.280907,1.17652
142.431201814,0.0683662,0.10015,1.5799,0.800581,0.0962552,0.743308,1.66805,0.561204,0.0165545,0.46,0.185771,1.02154
142.477641723,0.416459,0.00180932,1.59708,0.982553,0.0349469,0.663279,0.961935,0.375354,0.0707428,0.389175,0.216016,1.4086
142.524081633,0.675498,0.00173692,1.52984,0.998518,0.0370977,0.427898,0.74156,0.358125,0.152452,0.34996,0.248151,1.73685
142.570521542,0.743074,0.0862724,1.66926,0.765789,0.0463412,0.308129,1.28603,0.481929,0.074482,0.20656,0.400781,1.46492
142.616961451,0.336166,0.00250323,1.78093,0.293915,0.0491689,0.384424,1.47745,0.560111,0.00509051,0.468486,0.542264,1.41842
142.663401361,0.0289253,0.109903,1.95448,0.323788,0.0175981,0.663132,1.05871,0.740212,0.0552119,0.390506,0.340597,1.37376
142.709841270,0.04068,0.644592,1.85336,0.330419,0.1057,0.451025,0.545805,1.22017,0.0907779,0.295532,0.24888,1.4125
142.756281179,0.0492292,0.877928,1.54228,0.359829,0.0919793,0.112285,0.498841,1.51431,0.19121,0.225874,0.0937128,1.20149
142.802721088,0.0459678,0.571564,1.17872,0.667065,0.0815481,0.144261,0.60253,1.56621,0.105302,0.243758,0.0998159,1.0694
142.849160998,0.0316709,0.240095,1.3803,0.554667,0.0729657,0.480646,1.04443,1.54473,0.00104686,0.188045,0.504574,0.888736
142.895600907,0.00822917,0.029563,1.47307,0.413225,0.0249514,0.441669,0.879312,1.84845,0.0448525,0.13117,0.510251,1.18834
142.942040816,0.113138,0.00177967,1.61568,0.475006,0.33357,0.155705,0.824946,2.09985,0.223901,0.135869,0.337918,1.01821
142.988480726,0.157234,0.00164077,1.65358,0.44777,0.535842,0.140294,0.690971,2.031,0.290633,0.12809,0.0950331,0.723282
143.034920635,0.340188,0.0100458,1.80093,0.376401,0.252119,0.171067,0.736283,2.33242,0.344421,0.130092,0.00193262,0.513969
143.081360544,0.502692,0.0285448,1.39397,0.279955,0.29461,0.246132,0.925352,2.63312,0.367515,0.125407,0.21461,0.0837121
143.127800454,0.412471,0.0485235,0.855847,0.278206,0.569595,0.651395,0.782724,2.54754,0.410428,0.13003,0.010155,0.275062
143.174240363,0.096921,0.00228468,0.808677,0.858905,0.57036,0.561959,0.348156,3.01588,0.203263,0.128514,0.0154987,1.01355
143.220680272,0.055515,0.0435407,0.6558,1.0906,0.397069,0.199803,0.173904,3.403,0.0588039,0.114538,0.135342,1.38258
143.267120181,0.0610081,0.0451062,0.695462,0.872566,0.428516,0.154125,0.289702,3.51591,0.0166249,0.125633,0.224039,1.10964
143.313560091,0.138414,0.0834528,0.780599,0.328084,1.09183,0.384434,0.223778,3.16715,0.0122893,0.124988,0.28129,0.691158
143.360000000,0.104747,0.080036,0.915328,0.409755,1.05535,0.448572,0.0438942,2.30215,0.145806,0.133508,0.243371,1.10791
143.406439909,0.0743639,0.0770185,1.17805,0.370939,0.82924,0.401266,0.0995583,2.08014,0.513939,0.201184,0.294223,0.98991
143.452879819,0.0925996,0.052441,1.18491,0.344162,0.928839,0.569972,0.124026,2.46856,0.590054,0.170203,0.294656,0.575371
143.499319728,0.10028,0.0614862,1.31222,0.307293,1.22382,0.691413,0.154239,2.0428,0.363801,0.214242,0.327444,0.327699
143.545759637,0.0811975,0.107934,0.703112,0.386606,1.24108,0.57816,0.185051,1.55046,0.337449,0.265861,0.271364,0.358896
143.592199546,0.0495305,0.17441,0.640183,0.421594,1.08275,0.673139,0.09394,0.919563,0.656769,0.175868,0.118946,0.830445
143.638639456,0.0222202,0.159671,1.03751,0.325204,0.990237,0.771103,0.104354,0.906073,0.737936,0.140707,0.0943673,1.01196
143.685079365,0.0357032,0.0718303,1.25296,0.277275,0.373901,1.12558,0.0880775,0.731454,1.18772,0.129769,0.0345356,1.12556
143.731519274,0.0251046,0.0596458,1.42107,0.260942,0.113822,1.47184,0.0518638,0.551557,1.48842,0.124053,0.0539864,0.982753
143.777959184,0.0337411,0.0225813,0.904577,0.297071,0.136403,1.36574,0.0161201,0.326639,1.86232,0.129837,0.0773015,1.18963
143.824399093,0.000467382,0.0119218,1.00891,0.3705,0.0172933,1.36793,0.0222887,0.355101,1.74841,0.13779,0.0832391,1.49428
143.870839002,0.000427412,0.00235794,1.38436,0.312661,0,1.48526,0.022621,0.448881,1.40681,0.170356,0.0676844,1.46046
143.917278912,0.0546715,0.0578738,1.38922,0.327091,0,0.979311,0.0218243,0.542993,2.00373,0.142785,0.0333428,1.14518
143.963718821,0.219761,0.331309,0.963524,0.330332,0.00407998,0.518696,0.0248253,0.255779,2.60356,0.132315,0.0538162,0.735156
144.010158730,0.210248,0.538612,0.612094,0.44422,0,0.42973,0.0258914,0.192113,2.7075,0.134627,0.0704335,0.812474
144.056598639,0.175812,0.662659,1.02898,0.472426,0,0.349249,0.0891037,0.371479,2.17104,0.133301,0.0627218,0.830553
144.103038549,0.424384,0.542922,1.31191,0.615997,0.00536974,0.451411,0.021044,0.322404,1.99402,0.673401,0.00570714,0.74478
144.149478458,0.651399,0.000636253,1.06968,0.766393,0.00930815,0.523158,0.0656332,0.596684,2.43425,1.12444,0,0.470261
144.195918367,0.567566,0.194528,0.734909,0.880331,0.0169474,0.336218,0.247287,0.814821,2.32081,1.2329,0.00179814,0.37448
144.242358277,0.276815,0.247067,0.44476,1.13514,0.0125995,0.319918,0.234679,0.923484,2.17341,0.874414,0.0483988,0.385193
144.288798186,0.262712,0.143471,0.375404,1.22882,0.0586653,0.17981,0.164689,0.867577,2.23647,0.644381,0.193988,0.232538
144.335238095,0.788284,0.0347839,0.37084,1.01032,0.240848,0.124489,0.0703867,0.973701,2.17781,0.646572,0.299361,0.154652
144.381678005,0.794993,0,0.351196,0.530733,1.12258,0.281081,0.0853125,0.816186,2.03243,0.706288,0.127647,0.311291
144.428117914,0.492339,3.19745e-05,0.368725,0.402013,1.46451,0.417042,0.127729,0.304242,1.80059,0.891823,0,0.4803
144.474557823,0.148561,0.001887,0.477926,0.326015,1.3151,0.617324,0.0395073,0.11872,1.92343,0.832655,0.025289,0.542796
144.520997732,0.36426,0.00478311,0.817812,0.288026,0.828206,0.728438,0.0185612,0.0602323,2.11257,0.968054,0.0536494,0.443955
144.567437642,0.704259,0.0233085,0.964663,0.214392,0.821556,0.591444,0.117447,0.0531668,1.91868,1.15981,0.033333,0.229861
144.613877551,0.908245,0.0287804,1.11355,0.107386,0.589361,0.309457,0.35226,0.0392826,1.21826,1.3676,0.080221,0.191582
144.660317460,0.972962,0.168143,1.07774,0.256053,0.40583,0.339449,0.537314,0.0223514,0.806302,1.42656,0,0.315677
144.706757370,0.952763,0.467808,0.74016,0.555876,0.217064,0.394084,0.537889,0.0385734,0.657409,1.18913,0,0.463737
144.753197279,0.82764,0.764995,0.893863,0.701748,0.112356,0.469283,0.30783,0.0624782,0.509027,0.979154,0,0.475249
144.799637188,0.440067,0.599207,1.12207,0.722797,0.0744611,0.404209,0.186458,0.494424,0.284968,1.19482,0.000964053,0.405719
144.846077098,0.343868,0.730071,1.21576,0.696343,0.0691573,0.329316,0.1124,0.563917,0.179613,1.64797,0.00141886,0.157718
144.892517007,0.277526,0.705045,1.26001,0.661852,0.281742,0.309647,0.140608,0.463308,0.294788,1.87734,0,0.00108543
144.938956916,0.340928,0.663234,1.32917,0.793971,0.157772,0.292387,0.172249,0.212902,0.545876,1.45846,0,0.179716
144.985396825,0.528864,0.579745,1.43559,0.915487,0.170821,0.326234,0.115907,0.0167742,0.527635,1.61519,0.279977,0.0436196
145.031836735,0.712021,0.355633,1.58536,1.34565,0.244552,0.319662,0.136592,0.0677057,0.431308,1.89206,0.300237,0.157336
145.078276644,0.54043,0.167845,1.60852,1.61073,0.574904,0.271297,0.138643,0.150354,0.125141,2.0515,0.327658,0.140915
145.124716553,0.438357,0.130555,1.35794,1.31802,1.35779,0.203424,0.0333311,0.133479,0.0122897,2.14921,0.463079,0
145.171156463,0.436272,0.0648076,1.23852,0.961537,1.46936,0.202954,0.0398195,0.234564,0.0524488,2.0716,0.346053,0.00040816
145.217596372,0.359602,0.159525,1.07286,0.878944,0.90439,0.484296,0.0497337,0.133051,0.0759114,2.2982,0.193064,0.537736
145.264036281,0.280838,0.135958,0.8,1.14515,0.117355,0.513878,0.0510687,0.262064,0.131162,2.09526,0.340591,0.971029
145.310476190,0.256069,0.0658891,0.606577,1.43043,0.272782,0.400789,0.0421252,0.393442,0.142311,1.92649,0.322453,1.1824
145.356916100,0.254897,0.0887813,1.10811,1.2377,0.624628,0.43896,0.0599508,0.236845,0.118694,1.83668,0.171149,1.34869
145.403356009,0.247055,0.123404,1.35716,1.0386,0.825928,0.61029,0.0911371,0.00449375,0.038759,1.598,0.0173897,1.35932
145.449795918,0.330425,0.169554,1.09962,0.872378,0.498298,1.20551,0.577666,0.0703105,0.0213238,1.22128,0.0270399,1.27776
145.496235828,0.522845,0.105399,0.692035,0.833939,0.0413893,1.57417,0.815652,0.335698,0.0123278,0.826153,0.129702,0.990841
145.542675737,0.375071,0.0827561,0.245775,0.835846,0.243974,1.64502,0.608289,0.841053,0.0164105,0.821111,0.164077,0.651353
145.589115646,0.360968,0.211937,0.138967,0.891897,0.302532,1.25647,0.783427,1.11211,0.0155503,1.07536,0.0338855,0.528236
145.635555556,0.324567,0.203952,0.00739501,0.952691,0.128163,1.29885,1.07434,1.06754,0.105717,0.940261,0.00931098,0.307322
145.681995465,0.494958,0.202449,0.00451669,1.06492,0.118392,1.24751,1.44797,0.765503,0.191641,0.537813,0.153744,0.100365
145.728435374,0.562766,0.752312,0.157293,1.05109,0.0351028,0.900576,1.55099,0.433971,0.240903,0.436571,0.689835,0.0612211
145.774875283,0.503976,1.49075,0.55633,0.927547,0,0.744288,0.901117,0.339104,0.14764,0.421608,0.731813,0.0496476
145.821315193,0.667341,1.42288,0.575346,0.809421,0,0.568038,0.284884,0.568498,0.262317,0.483314,0.375079,0.0313934
145.867755102,0.641918,1.15903,0.671859,0.80702,0.0298123,0.598435,0.427523,0.912869,0.160964,0.530796,0.376351,0.0651873
145.914195011,0.562846,0.534175,0.943375,0.792499,0.0287608,0.290197,0.43185,1.58469,0.508781,0.498815,0.476731,0.131755
145.960634921,0.199446,0.100092,1.59259,0.640289,0.0255648,0.083358,0.820122,1.74498,0.891204,0.473884,0.711357,0.0699169
146.007074830,0.036187,1.09119,1.62148,0.287471,0.0411669,0.250333,1.36993,1.14572,0.906431,0.407188,0.265102,0.0436875
146.053514739,0,1.07405,1.22728,0.0744392,0.0739004,0.239342,2.04643,1.06333,0.688274,0.326613,0.259204,0.0790028
146.099954649,0,0.299394,1.33874,0.0095188,0.0289962,0.206688,2.19079,0.46706,0.334296,0.708206,0.321091,0.0880433
146.146394558,0.0369852,0.612924,1.03033,0.0078856,0.0259678,0.122792,2.23037,0.36652,0.460953,0.775992,0.339254,0.120919
146.192834467,0.833798,1.0777,1.03086,0.0501964,0.316046,0.284709,2.00172,0.240121,0.279428,0.740642,0.474131,0.117619
146.239274376,0.276912,1.23426,1.28065,0.0381042,0.633768,0.342738,1.1613,0.566896,0.15813,0.788094,0.517992,0.0335733
146.285714286,0,1.1468,0.868555,0.55512,0.683319,0.222969,0,1.51226,0.315976,0.912911,0.403211,0.0696024
146.332154195,0.361881,0.692532,1.0278,0.429617,0.0276999,0.281538,0.426096,1.64844,0.429132,1.01805,0.381269,0.100109
146.378594104,0.610037,1.20407,1.04663,0.368903,0.0298163,0.151152,0.793155,1.43251,0.296737,0.957225,0.698476,0
146.425034014,0.848879,1.39553,0.81786,0.207114,0.0462862,0.11082,0.97587,1.02406,0.463472,0.692115,1.32956,0.388782
146.471473923,0.509304,1.06699,0.599202,0.298434,0.366841,0.401571,0.625833,0.480367,0.31144,0.498632,1.49495,0.716167
146.517913832,0.594109,0.473062,1.12134,0.721435,0.776907,0.732242,0.439646,0.579536,0.0224029,0.19423,1.4334,0.912037
146.564353741,0.526145,0.469758,1.74337,0.646267,0.895239,0.979756,0.665216,0.439982,0.0705622,0.261073,0.950274,0.660088
146.610793651,0.471068,0.221282,2.00536,0.519117,0.851296,1.03736,0.752772,0.301744,0.103141,0.263684,0.467835,0.715537
146.657233560,0.283926,0.0790159,1.63672,0.514268,0.618968,0.602602,0.405284,0.408391,0.0510468,1.21632,0.778508,0.55068
146.703673469,0.0144301,0.000830476,0.495377,0.964433,0.715096,0.0436122,0.329747,0.432656,0,1.86061,1.58887,0.0169764
146.750113379,0.00517262,0.00401053,0.272536,1.5694,0.749682,0.0540795,0.271165,0.193424,0.500272,1.90715,1.71316,0.115729
146.796553288,0.108372,0.0289242,0.0669126,1.74437,0.126407,0.0433703,0.338337,0.0617435,0.905477,1.82024,1.61083,0.521489
146.842993197,0.335739,0.864704,0.0260601,1.5652,0.0296133,0.618859,0.384659,0.03961,0.840877,1.47013,1.30767,0.487517
146.889433107,0.407621,1.11136,0.188049,1.13828,0.00141279,0.609848,1.06214,0.00842295,0.667201,1.25206,0.831779,0.000142734
146.935873016,0.396322,1.12566,1.33944,0.699176,0,0.75685,1.13838,0.00488473,0.842543,0.500714,0.378276,0.105876
146.982312925,0,0.899088,1.81381,0.231291,0.260373,1.46743,1.35985,0.109275,0.38227,0.0377517,0.000846992,0.513995
147.028752834,0.00445081,1.03862,0.969548,0.414681,0.389771,1.71403,0.581053,0.177856,0.464001,0.0509238,0.135497,0.861149
147.075192744,0.000599686,1.30818,0.700166,0.335621,1.142,2.35903,0.0171426,0.226061,0.182347,0.0796574,0.864887,0.499529
147.121632653,0.000326077,0.4879,0.00467861,0.308645,1.34167,1.86042,0.0164882,0.802606,0.0398935,0.668005,0.755561,0.972331
147.168072562,0.000403356,0.313565,0.00381793,0.111151,1.22627,1.31885,0.285374,0.594921,0,0.751429,0.608759,1.28169
147.214512472,0.213326,0.691049,0.177408,0.061135,0.875101,0.603749,0.698666,0.01319,0,1.12683,0.507767,1.26796
147.260952381,0.000371413,1.34637,0.327817,0,0.556557,0.888841,0.527381,0,0.0334064,1.11638,0.436097,1.18903
147.307392290,0.00246158,1.34146,0.16674,0,0.754358,0.741468,0.70869,0.322964,0.459307,1.03234,0.392147,0.890815
147.353832200,0.000141232,1.18113,0.133283,0.104701,1.30169,0.847902,0.289848,0.344986,0.859665,0.735771,0.293414,0.901628
147.400272109,0.0187777,1.38011,0.167533,0.117495,1.57955,0.752017,0.214596,0.573089,0.97875,0.105881,0.365189,0.506941
147.446712018,0.00414881,0.825963,0.633585,0.00386664,1.62283,0.94528,0.238758,1.14984,0.826994,0.109776,0.666569,0.197332
147.493151927,0.165063,0.490784,1.10091,0.136596,0.829844,1.61983,0.151448,0.690303,1.04764,0.0521196,0.285092,0.277334
147.539591837,0.484042,0.787271,0.966866,0.0054897,0.198659,1.24149,0.0871641,0.466408,1.24732,0.0453765,0.322612,0.66025
147.586031746,1.04732,0.732934,1.00276,0,0.449878,0.823594,0.0992202,0.857868,0.975083,0.229169,0.312057,0.562472
147.632471655,0.94777,0.488661,1.00859,0.0180117,0.531058,0.619498,0.0326113,2.505,0.278024,0.219464,1.76457,0.442813
147.678911565,0.577778,0.101462,1.69054,0.00247853,0.00394233,0.402811,0.0359991,3.33998,0,0.0543509,2.82082,0.137853
147.725351474,0.164769,0.00248553,2.19618,0,0,0.0515234,0.0296995,3.733,0.0139708,0.0209831,3.03177,0.10959
147.771791383,0.000779251,0,2.49881,0,0,0.0676557,0.0271088,3.89618,0.00719714,0.0192187,2.96487,0.247711
147.818231293,0,0,2.52496,0,0,0.0636971,0.0221603,4.12312,0,0.0133424,2.70576,0.164375
147.864671202,0,0,2.70829,0,0,0.0603207,0.0225983,4.20546,0.00019706,0.0128392,2.68888,0.109746
147.911111111,0,0,2.9927,0,0.0115415,0.0859637,0.0214658,4.16624,0.0238358,0.0124967,2.60724,0.101954
147.957551020,0.0603588,0,3.23396,0.134731,0,0.0616116,0.221528,3.5443,0.0609697,0.013616,2.33408,0
148.003990930,0.0427855,0,3.12186,0.0162685,0,0.0745259,0.505458,3.21596,0.107164,0.0122763,1.9492,0.0371892
148.050430839,0.0270719,0.477974,3.06353,0.0354876,0.0156837,0.0648036,0.287513,1.49205,0.739421,0.416847,0.989234,0.400949
148.096870748,0.230322,0.393857,2.0525,0.111092,0.0323774,0.0901865,0.316308,0.135517,1.54399,1.05713,0.399619,0.265805
148.143310658,0.295759,0.221062,0.91793,0.185705,0.0529379,0.36636,0.14939,0.0595373,1.85386,1.26485,0.304473,0.109743
148.189750567,0.205155,0.123406,1.1512,0.199547,0.0962221,0.499333,0.154788,0.0826594,1.7676,1.09092,0.363881,0.0670397
148.236190476,0.190734,0.0928624,0.972603,0.277305,0.101519,0.326772,0.129722,0.141104,1.55871,1.07692,0.4765,0.637552
148.282630385,0.0391071,0.097722,0.78586,0.283408,0.0754405,0.277161,0.141281,0.221899,1.57223,1.0746,0.311594,0.809122
148.329070295,0,0.55484,0.791462,0.207705,0.148713,0.264324,0.177336,0.239773,1.56711,0.832232,0.188209,0.76351
148.375510204,0.0355269,0.869723,0.94257,0.400998,0.151639,0.455656,0.451756,0.164823,1.2597,0.598088,0.19005,3.33128e-05
148.421950113,0.25113,0.43147,0.981924,0.438207,0.0929738,0.631824,1.1536,0.0818309,1.41139,0.473929,0.28047,0.160774
148.468390023,0.423935,0.358154,0.78414,0.675617,0.0482322,0.502103,1.26197,0,1.62601,0.91697,0.303452,0.159724
148.514829932,0.645058,0.521571,0.555449,0.78411,0.03848,0.348568,0.625712,0,1.70317,1.27108,0.163339,0.148166
148.561269841,0.34362,0.200334,0.840957,0.465883,0.0429623,0.40556,0.168665,0.0362398,1.89994,1.27262,0.169992,0.121089
148.607709751,0.200711,0.205465,1.13814,0.227732,0.0931249,0.521499,0.139086,0.0766964,1.72203,1.11309,0.210644,0.0771099
148.654149660,0.18089,0.168382,1.13994,0.27882,0.102467,0.298209,0.133068,0.102163,1.59645,0.978055,0.754332,0.525346
148.700589569,0.0644336,0.224932,0.821819,0.299593,0.0715446,0.308158,0.12968,0.156346,1.53105,1.16342,0.227233,0.885341
148.747029478,0,0.582463,0.796933,0.22121,0.0889379,0.217347,0.164728,0.152045,1.59485,0.907156,0.130131,0.971828
148.793469388,0.00269304,1.05621,0.965548,0.341683,0.151882,0.437926,0.377356,0.100886,1.30819,0.580161,0.0749131,0.0155805
148.839909297,0.484953,0.761167,0.983514,0.376325,0.102371,0.554533,0.945034,0.068537,1.35427,0.437377,0.0432635,0.12525
148.886349206,0.673041,0.305437,0.896732,0.414172,0.0546836,0.538353,1.34974,0.0103994,1.54713,0.86609,0.0364781,0.110887
148.932789116,0.916155,0.571432,0.558882,0.569867,0.0357023,0.326525,0.776918,0,1.69806,1.24975,0.151009,0.157083
148.979229025,0.535795,0.221884,0.83652,0.479859,0.0395017,0.410729,0.272534,0.0209491,1.92399,1.22064,0.168088,0.121228
149.025668934,0.222548,0.273935,1.00083,0.176838,0.0780128,0.488838,0.131964,0.0708161,1.74668,1.18863,0.30118,0.0834049
149.072108844,0.21429,0.119111,1.18534,0.238317,0.119686,0.311821,0.137841,0.0973858,1.675,0.943353,0.862416,0.423537
149.118548753,0.103766,0.107269,0.844048,0.269527,0.132121,0.365148,0.128802,0.156193,1.57529,1.15486,0.201648,0.863173
149.164988662,0.000224745,0.413619,0.6837,0.232838,0.0866594,0.243123,0.164971,0.16633,1.64546,0.995899,0.158004,0.959213
149.211428571,0,1.04513,0.85424,0.284475,0.149604,0.393564,0.236166,0.128047,1.43177,0.664648,0.0981233,0.0868164
149.257868481,0.237724,0.760791,0.947994,0.397675,0.108771,0.606925,0.726325,0.0872049,1.47608,0.455315,0.0717914,0.0986742
149.304308390,0.367984,0.245861,0.927809,0.705666,0.0701098,0.712733,1.247,0.0119229,1.67341,0.673778,0.0269761,0.147679
149.350748299,0.675684,0.573897,0.598306,0.836219,0.042936,0.429766,0.744322,0,1.80724,1.1932,0.14873,0.167003
149.397188209,0.444903,0.291257,0.772965,0.807667,0.0439223,0.417724,0.251017,0,1.90984,1.24024,0.171956,0.133802
149.443628118,0.329146,0.247964,0.811327,0.256163,0.0519535,0.409907,0.128264,0.0674297,1.82703,1.31612,0.239928,0.0950901
149.490068027,0.229332,0.136184,1.18872,0.258562,0.129081,0.367863,0.152074,0.091815,1.65719,0.959554,0.713214,0.179764
149.536507937,0.155456,0.0998891,0.86322,0.267507,0.091195,0.387735,0.122872,0.157732,1.56894,1.08474,0.227463,0.834243
149.582947846,0.0281035,0.14707,0.684829,0.305112,0.0923032,0.288577,0.157305,0.173811,1.57156,1.05715,0.166402,0.924867
149.629387755,0,1.0099,0.788535,0.218652,0.140935,0.317663,0.213103,0.143675,1.52066,0.75974,0.095548,0.399297
149.675827664,0.19553,0.954537,0.947596,0.511037,0.0849319,0.900178,0.43385,0.0861381,1.15045,0.478739,0.0886648,0.00361409
149.722267574,0.450229,0.525277,1.04508,0.529745,0.0102383,1.34911,0.882656,0.0610707,1.00453,0.211514,0.0205349,0.149512
149.768707483,0.7368,0.580341,0.748398,0.508301,0,0.858514,1.44017,0.0403964,0.764987,0.120708,0.111687,0.188105
149.815147392,0.69511,0.483063,0.676341,0.549302,0,0.55989,1.38195,0.0502046,0.757844,0,0.190788,0.218041
149.861587302,0.211698,0.00732925,1.45972,0.439959,0.0308929,0.51776,1.1728,0.102561,0.981492,0.728773,0.202713,0.379512
149.908027211,0,0,1.78571,0.0614092,0.487956,0.0676708,1.42629,0.22247,0.89777,0.74985,0.333775,0.530828
149.954467120,0.236151,0,1.59978,0,0.425635,0.182801,1.03739,0.229427,0.836711,0.951026,0.288996,0.861556
150.000907029,0.564335,0.15113,1.38634,0,0,0.0764788,0.591802,0.161303,0.872635,0.928761,0.334632,0.837838
150.047346939,0.63642,0.470176,1.13008,0,0,0.591295,0.739363,0.149769,0.882718,0.786067,0.361159,0.400033
150.093786848,0.924629,0.260504,0.743974,0,0.134153,0.635618,1.00234,0.320785,1.3924,0.00402937,0.274207,0.00011574
150.140226757,0.645386,0.0832813,0.933527,0,0,0.76363,1.16284,0.376624,1.57929,0.259512,0.240899,0.159639
150.186666667,0.486933,0.570638,0.546861,0.00659226,0,0.81067,0.562457,0.359633,0.94899,0.539318,0.259346,0.340223
150.233106576,0.258919,0.623911,0.48696,0.00883934,0,0.612006,0.544989,0.353177,0.989197,0.254934,0.317144,0.295296
150.279546485,0.074097,0.0290826,0.875592,0.287666,0.0261003,0.524305,0.520711,0.210432,1.27782,0.000548759,0.210803,0.104153
150.325986395,0,0.0446338,1.05236,0.15996,0.150641,0.373883,0.408896,0.283644,1.35191,0.00148285,0.548056,0.507197
150.372426304,0.0332367,0.0264324,0.662495,0.852154,0.230732,0.79741,0.388147,0.30387,1.6179,0.11589,0.438079,0.262293
150.418866213,0.176309,0.20422,0.58929,1.08748,0.19912,1.00486,0.221511,0.336607,1.06982,0.142485,0.491835,0.140145
150.465306122,0.45087,0.500127,0.726733,0.88985,0.219837,0.920444,0.174383,0.326653,0.780402,0.0336958,0.755467,0.213582
150.511746032,0.312053,0.533726,0.740523,0.920467,0.204627,1.30803,0.364455,0.392198,0.519963,0.0452061,0.650442,0.515473
150.558185941,0.269897,0.496502,0.719228,1.0217,0.510402,1.39645,1.29994,0.244599,0.325491,0.0983554,0.206094,0.753354
150.604625850,0.582801,0.665488,0.407641,1.04047,0.932054,0.88873,1.27703,0.581601,0.211303,0.201753,0.354465,0.62651
150.651065760,0.302979,0.736897,0.267327,0.50714,0.846529,0.906735,0.913549,0.437958,0.767878,0.415742,0.799092,0.40073
150.697505669,0.0252902,0.979017,0.114923,0.0841607,0.62424,1.13333,0.509652,0.256101,1.25454,0.692129,0.932655,0.271077
150.743945578,0,0.707596,0.237502,0,0.490726,1.20766,0.246379,0.410628,1.46381,0.778004,0.938996,0.75217
150.790385488,6.91335e-05,0.632297,0.131502,0,0.513135,1.30456,0.0668599,1.04015,1.2013,0.651573,1.00517,0.869444
150.836825397,0.0221059,0.9319,0,0.0107762,1.01467,1.00575,0.187275,1.19744,1.04672,0.68195,1.41683,0.804035
150.883265306,0.0350724,0.949417,0.0394661,0,1.08996,1.04275,0.407926,1.21881,0.796139,0.368617,1.67984,0.739434
150.929705215,0.607667,0.569011,0.484384,0.181181,0.450401,1.54118,0.333015,0.911444,0.914244,0.0478652,0.40805,0.978984
150.976145125,0.596448,0.152468,1.0211,0.0746221,0.359261,1.0275,0.239511,1.35177,1.06961,0.183429,0.613861,1.14983
151.022585034,0.589752,0.292965,1.43835,0.179918,0.378613,0.794823,0.223651,1.73547,1.00682,0.327477,0.594922,0.962823
151.069024943,0.659925,0.209311,1.4073,0.283386,0.166281,0.602283,0.0644527,2.99751,0.607401,0.324098,0.827707,0.55097
151.115464853,0.673919,0.000286915,1.70318,0.00853456,0,0.106584,0.0378572,3.72825,0.18946,0.0749196,1.97474,0.22936
151.161904762,0.260294,0,2.12847,0.000269165,0,0.100386,0.0295821,3.94835,0.118968,0.0140745,2.58002,0.0758888
151.208344671,0.640255,0,2.56357,0,0,0.164607,0.0281492,3.74339,0.0444911,0.0127565,2.84587,0.0603547
151.254784580,1.05612,0.0759558,2.55241,0.110427,0.150292,0.0508603,0.0231896,3.49186,0,0.00676214,2.862,0.0692426
151.301224490,0.992838,0,2.50608,0,0.118511,0.0511953,0.0226324,3.43717,0.0166198,0.006135,2.83789,0.0903676
151.347664399,0.314394,0,2.81458,0,0,0.392694,0.0217219,3.53334,0.0524937,0.00695174,2.93195,0.0449787
151.394104308,0.0457731,0,3.15795,0,0,0.22684,0.296339,3.08864,0.091083,0.00795333,3.13253,0
151.440544218,0.0510502,0,3.39237,0.0259842,0.00141808,0.279832,0.518177,2.19137,0.234483,0.152064,2.82661,0.0331474
151.486984127,0.0793897,0.424176,2.66776,0.0267119,0.014809,0.293542,0.433065,1.79079,0.835089,0.699526,1.88615,0.173781
151.533424036,0.154679,0.373413,1.86863,0.225068,0.0338989,0.318947,0.377379,0.895385,1.47176,0.955514,0.705733,0.169743
151.579863946,0.15578,0.20574,1.2738,0.370596,0.117155,0.309007,0.257969,0.0465396,1.65724,0.952698,0.260151,0.104711
151.626303855,0.76171,0.336491,1.36493,0.18974,0.143156,0.359984,0.309117,0.0741101,1.4202,0.878497,0.245812,0.0483794
151.672743764,0.698394,0,1.39481,0.265042,0.0332593,0.411546,0.322985,0.0781111,1.48432,0.847788,0.264629,0.302982
151.719183673,0.352252,0,1.1585,0.275029,0.0340372,0.346837,0.207377,0.0948677,1.54281,1.00033,0.303764,0.445464
151.765623583,0.520847,0,0.872492,0.142723,0.039691,0.675886,0.206169,0.136751,1.89813,1.05056,0.227063,0.155252
151.812063492,0.651823,0.0638872,1.00708,0.524648,0.123774,0.666868,0.436325,0.0961,1.6294,0.868044,0.221144,0
151.858503401,0.582288,0.224088,1.27128,0.709424,0.0388233,0.54027,0.808161,0.205274,1.3838,0.755449,0.401931,0.11893
151.904943311,0.563449,0.611539,0.789698,0.650546,0.0333232,0.334139,0.630933,0.361627,1.45999,0.763149,0.331814,0.322851
151.951383220,0.464817,0.550929,0.65322,0.670013,0.0279569,0.112295,0.244031,0,1.8436,1.09559,0.206541,0.191886
151.997823129,0.456479,0.182489,0.832704,0.265187,0.0228088,0.235913,0.147096,0.0389955,1.97118,1.16572,0.222843,0.127176
152.044263039,0.458318,0.116575,1.21972,0.277081,0.0704424,0.436804,0.122335,0.0886263,1.60374,0.976152,0.248269,0.646083
152.090702948,0.37124,0,0.853596,0.250213,0.035057,0.598229,0.247491,0.106842,1.53735,1.13144,0.275705,1.16049
152.137142857,0.320127,0.0642957,0.877204,0.444106,0.0375216,0.667062,0.293463,0.11831,1.6939,1.09428,0.163453,0.288622
152.183582766,0.355152,0.0933674,0.858614,0.540877,0.0388303,0.501675,0.389347,0.223319,1.61581,1.08215,0.115775,0.137867
152.230022676,0.30653,0.2754,0.65753,0.617994,0.0347931,0.401239,0.399846,0.278964,1.59195,1.14244,0.0983368,0.189402
152.276462585,0.336843,0.374094,0.240276,0.497977,0.0310001,0.183154,0.575109,0.113139,1.61475,1.27954,0.137713,0.188071
152.322902494,0.408729,0.322585,0.774223,0.274182,0.031737,0.107594,0.291748,0.0712037,1.89988,1.19489,0.178072,0.132528
152.369342404,0.380467,0.246309,1.14541,0.196362,0.0343684,0.327956,0.147767,0.0797891,1.9232,1.01932,0.196634,0.0793327
152.415782313,0.499685,0.418596,0.935496,0.275867,0.0384506,0.484741,0.180665,0.101487,1.48167,1.2439,0.15561,0.0865646
152.462222222,0.663206,0.532298,0.730952,0.176389,0.0585813,0.423682,0.241948,0.128626,1.6659,1.28757,0.131393,0.119325
152.508662132,0.569037,0.544634,0.697758,0.438938,0.0676924,0.25243,0.392236,0.1257,1.67546,1.21266,0.0827871,0.133239
152.555102041,0.416406,0.757764,0.458168,0.452708,0.0549135,0.209255,0.44194,0.110746,1.67844,1.09227,0.0825078,0.187841
152.601541950,0.341023,0.73233,0.170073,0.451043,0.0417988,0.0966971,0.642827,0.0903,1.6736,1.3872,0.133543,0.178899
152.647981859,0.300521,0.469426,0.656925,0.558568,0.0945468,0.275085,0.28814,0.0949812,1.81766,1.37705,0.157209,0.144268
152.694421769,0.230658,0.145076,0.766601,0.653404,0.0813475,0.756478,0.161124,0.105325,1.80079,1.1748,0.293004,0.163404
152.740861678,0.227743,0.0725672,0.933282,0.747383,0.0508136,0.926806,0.429747,0.0397291,1.88453,1.01801,0.180776,0.16223
152.787301587,0.326985,0.0978437,0.352112,0.722381,0.0398327,0.645751,0.382073,0.0362874,1.97138,1.14973,0.228498,0.21188
152.833741497,0.353506,0.0924485,0.229744,0.531267,0.0271649,0.400743,0.343499,0.060437,2.10679,1.23837,0.17378,0.179958
152.880181406,0.399986,0.109177,0.989648,0.118212,0.0557877,0.405859,0.150016,0.0769563,2.09207,1.04778,0.280052,0.126233
152.926621315,0.423894,0.104316,1.16484,0.0947881,0.0887875,0.577681,0.123296,0.104354,1.65714,0.931487,0.269301,0.862098
152.973061224,0.439144,0.222957,0.895586,0.16483,0.0885289,0.498886,0.105982,0.163846,1.53322,1.09632,0.196617,0.860997
153.019501134,0.227483,0.338839,0.817495,0.28574,0.0817017,0.506491,0.170535,0.167599,1.54038,1.15543,0.139921,0.337078
153.065941043,0.0513538,0.688194,0.810656,0.133962,0.110312,0.540845,0.210202,0.135063,1.78589,0.858812,0.188226,0.0427481
153.112380952,0.266801,0.664486,0.928978,0.339472,0.164618,0.896919,0.462635,0.139786,1.28504,0.603476,0.0651455,0
153.158820862,0.323879,0.384888,1.09954,0.635321,0,0.884393,0.918408,0.0904982,1.11541,0.375828,0,0.15655
153.205260771,0.542115,0.622774,0.754355,0.741336,0.00596375,0.227631,1.317,0.0629665,0.765673,0.321336,0.125719,0.267958
153.251700680,0.415838,0.339999,0.971932,0.709513,0,0.0321604,1.20139,0.0603434,0.753046,0.352044,0.163257,0.401556
153.298140590,0.0262661,0.221525,1.55286,0.408458,0,0.249273,1.06579,0.179129,0.858227,0.672682,0.558205,0.396407
153.344580499,0,0.150807,1.83307,0,0.0816034,0.3536,1.09898,0.24382,0.933833,0.315431,0.899225,0.596505
153.391020408,0.0383528,0.200404,1.60492,0,0,0.285763,0.760648,0.166379,0.801567,0.480869,0.490126,0.829684
153.437460317,0.591426,0.493704,1.32937,0,0,0.131821,0.538695,0.182612,0.676555,0.618335,0.208429,0.965481
153.483900227,0.652809,0.262829,1.01674,0,0.0539995,0.191369,0.788208,0.166996,0.765887,0.519605,0.299432,0.922415
153.530340136,0.0861916,0,0.961083,0.21561,0.03996,0.364442,1.08783,0.181183,0.866348,0.233907,0.183279,0.211363
153.576780045,0.0854346,0,0.980504,0,0,0.691498,1.01084,0.205465,0.908975,0.185396,0.370017,0.538056
153.623219955,0.140694,0.392951,0.75088,0,0,0.739316,0.713555,0.149732,0.792347,0.284038,0.473235,0.603727
153.669659864,0.080924,0.348731,0.782562,0.0477093,0,0.61689,0.57477,0.167087,0.855325,0.269011,0.491764,0.54677
153.716099773,0,0.0611288,1.27552,0.0118925,0.0018969,0.603723,0.365408,0.0951139,1.10109,0.120133,0.528074,0.408206
153.762539683,0,0.0499564,1.4416,0,0.119841,0.313263,0.11232,0.100429,1.40768,0.0102175,0.664717,0.514596
153.808979592,0,0.0367273,1.11239,0,0.194549,0.760517,0.0889725,0.137172,1.34373,0.00044246,1.10243,0.401633
153.855419501,0,0.0255369,1.19643,0.00397405,0,0.879728,0.187203,0.17376,0.921561,0.324323,1.00683,0.172306
153.901859410,0.0665907,0.0394695,1.3216,0.236391,0,0.764729,0.194842,0.169876,0.78033,0.100433,0.983619,0.16366
153.948299320,0.218857,0.128849,1.34732,0.948878,0,0.446755,0.396283,0.329938,0.625202,0.0817377,1.10525,0.0369462
153.994739229,0.24197,0.240051,1.40719,1.08243,0,0.458456,0.538521,0.475684,0.645137,0.108303,1.19959,0.113632
154.041179138,0.0400501,0.360655,0.947688,0.962625,0.312973,1.31925,0.391422,0.805655,1.39589,0.13674,0.768916,0.0524791
154.087619048,0.074374,0.466766,0.526142,0.30139,0.733654,1.68975,0.154102,0.90095,1.68034,0.12803,0.590799,0.179298
154.134058957,0.139395,0.579013,0.590608,0.551627,0.96638,1.87834,0.0790789,0.722053,1.85487,0.207433,0.294384,0.0898098
154.180498866,0.628188,0.303399,0.704259,0.865145,1.02746,1.63211,0,0.309539,2.12133,0.0630796,0.353807,0.353578
154.226938776,0.692343,0.00190063,0.985625,0.650375,0.482064,1.39567,0.109431,0.0643715,1.64179,0.0600897,0.945557,0.735774
154.273378685,0.528376,0.142982,0.811327,0.711928,0.485366,1.27812,0.18191,0.343358,1.83085,0.0605503,1.06986,0.562261
154.319818594,0.247683,0.414834,0.795366,0.846234,0.74435,0.898552,0.262271,0.473158,2.09375,0.0931706,0.385814,0.199507
154.366258503,0.12349,0.456684,0.836425,0.836189,0.638694,0.221002,0.392288,0.785921,2.29728,0.321453,0.0672246,0.179569
154.412698413,0.126921,0.662668,0.971613,0.895923,0.308863,0.629437,0.803643,0.782917,1.17111,0.446353,0.188928,0.275728
154.459138322,0,0.380703,1.02177,0.905858,0.00377874,0.623475,0.954146,0.43481,0.898834,1.15794,0.309352,0.444122
154.505578231,0,0.397752,0.889957,0.579265,0.121391,0.549726,0.667054,0.933717,0.914102,1.25671,0.230543,0.406936
154.552018141,0.0882614,0.404655,0.830425,0.143387,0.00156928,0.356929,0.39886,1.35112,0.601041,1.30951,0.503068,0.423333
154.598458050,0.112836,0.528875,1.02144,0.129922,0.00523904,0.361729,0.056651,2.22784,0.236677,1.19998,1.26891,0.70799
154.644897959,0.000731894,0.290613,1.15972,0.610759,0.00354635,0.331199,0,2.9298,0,1.09441,1.67037,0.856221
154.691337868,0.00995378,0.289337,1.28061,0.518212,0.00231699,0.293801,0,3.30124,0.0577503,1.24569,1.80939,0.649069
154.737777778,0.306016,0.466918,1.77055,0.324027,0.00233097,0.389682,0,3.19738,0.049866,0.966791,1.97624,0.239279
154.784217687,0.356841,0.420018,2.21539,0.0211494,0,0.351157,0,3.24263,0.15323,0.643906,2.52592,0.105832
154.830657596,0.243666,0.338958,2.24833,0.1368,0.00715039,0.495926,0,3.17896,0.11681,0.548076,2.46719,0.0948922
154.877097506,0.548627,0.353024,2.38724,0.454455,0.0257316,0.485881,0.00893869,1.79621,0.132442,0.302152,1.89951,0.0826423
154.923537415,0.940702,0.375377,1.52995,0.917235,0.0183677,0.492261,0.0306432,1.29624,0.243364,0.704222,1.08336,0.140099
154.969977324,0.603315,0.671746,0.605808,1.16318,0.0160191,0.613827,0.0509344,1.41688,0.281499,0.94673,1.03794,0.193287
155.016417234,0.196245,1.08277,0.239329,0.730924,0.0532974,0.701348,0.0288346,1.65424,0.95249,0.604304,1.08698,0.298279
155.062857143,0.389145,0.853449,0.0709278,0,0.195322,0.773695,0.373629,1.64689,1.3768,0.0858559,0.663829,0.427957
155.109297052,0.971343,0.631224,0.701143,0,0.265662,0.594474,0.516519,1.44112,1.4848,0.324388,0.132465,0.168025
155.155736961,1.10783,0.375581,1.09122,0.05417,0.314005,0.38463,0.419261,1.59342,1.0352,0.503716,0.115155,0.221444
155.202176871,0.797895,0.521874,1.12766,0.463143,0.387968,0.470495,0.242198,1.33788,0.57391,0.236052,0.168179,0.812733
155.248616780,0.381876,0.0924472,0.95508,0.586609,0.233529,0.556726,0.090952,1.13757,0.659753,0.0519612,0.640585,1.08527
155.295056689,0.513455,0.269159,0.884623,0.967183,0.107751,0.588922,0.828081,0.256286,0.605926,0.241734,1.1876,0.789228
155.341496599,0.882836,0.287063,0.361108,0.957298,0.127781,0.449491,1.12098,0.510761,0.760571,0.412348,1.30005,0.612296
155.387936508,0.743071,0.236277,0.104873,0.740875,0.0950818,0.505367,1.39267,1.21993,0.736483,0.49097,1.1769,0.375408
155.434376417,0.408436,0.273984,0.163027,0.361017,0.0634242,0.995663,1.05059,1.26971,0.700431,0.516639,1.23379,0.411134
155.480816327,0.290333,0.519818,0.294461,0.215767,0.0714611,1.7956,0.0314066,1.05695,0.353864,0.253952,1.04021,1.11405
155.527256236,0.301053,0.879486,0.299597,0.660388,0.0311115,1.16304,0.0770105,0.944184,0.017301,0.737017,0.968963,0.861416
155.573696145,0.298705,0.338341,0.300937,1.09755,0.016421,0.554778,0.105562,1.08624,0.037607,0.972547,0.641669,0.563762
155.620136054,0.412846,0.113376,0.299496,1.18689,0.265082,0.273122,0.325377,1.17844,0.0994015,0.959897,0.625141,0.572921
155.666575964,0.709809,0.213982,0.298327,1.26971,0.540261,0.239027,0.508544,1.22771,0.0848438,0.975396,0.651656,0.618117
155.713015873,0.973231,0.14317,0.481124,1.27988,0.489194,0.393897,0.801375,1.10355,0.105247,1.74758,0.45908,0.373214
155.759455782,0.857195,0.920073,0.423671,0.4449,1.03877,0.407143,0.615112,1.04336,0.00170602,1.39452,0.741566,0.444065
155.805895692,0.724698,1.17586,0.447106,0.197952,1.12807,0.772535,0.428093,1.09591,0.0152221,0.801062,0.371422,0.745057
155.852335601,0.578762,1.52415,0.173933,0.0319641,1.45547,0.523608,0.479172,1.10094,0.166288,0.977927,0.306865,0.421714
155.898775510,0.385527,1.60903,0.0581832,0.218634,1.57881,0,0.558179,1.16595,0.562375,0.828478,0.455667,0.313065
155.945215420,0.255935,1.11965,0.855359,0.440282,0.975096,0.430832,0.359439,0.99064,0.732098,0.286573,0.565781,0.426864
155.991655329,0.282374,0.885979,0.735642,0.444824,0.400796,0.692445,0.255153,0.888505,0.672851,0.254789,0.558271,0.915637
156.038095238,0.481144,0.602262,0.422721,0.264231,0.305261,0.775635,0.211841,1.14974,0.659282,0.202112,0.328191,1.15119
156.084535147,0.635425,0.612998,0.366671,0.188358,0.231238,0.940853,0.379285,1.36572,0.659912,0.110529,0.230989,0.882527
156.130975057,0.759106,0.484396,0.895461,0.504435,0.077775,0.965464,0.643258,0.830774,0.514814,0.0490419,0.44764,0.775716
156.177414966,0.80895,0.339712,0.447361,1.58069,0.146657,0.414053,0.757487,0.686655,0.263662,0.475994,0.880007,0.681607
156.223854875,0.916776,0.383675,0.267283,1.5985,0.103749,0.334591,0.739213,0.924622,0.0318341,0.556521,0.847264,0.599966
156.270294785,0.690271,0.879304,0.236398,1.19022,0.0362653,0.509876,0.44563,1.23005,0.00729298,0.591447,1.26641,0.488824
156.316734694,0.72794,0.796603,0.530576,0.533257,0.105099,0.775747,0.471771,1.72851,0.031119,0.493655,1.60644,0.18466
156.363174603,1.14777,0.256592,1.10774,0.161305,0.347401,0.192895,0.848301,1.41243,0.589681,0.58204,0.821445,0.320371
156.409614512,0.689914,0.29921,1.16502,0.0945005,0.619922,0.127843,0.921345,1.98755,0.964261,0.225508,0.153543,0.590451
156.456054422,0.548041,0.173378,1.208,0.105423,0.760426,0.192491,0.740052,1.90032,0.877333,0.14093,0.206274,0.775228
156.502494331,0.427301,0.439997,0.860099,0.0995174,0.619322,0.0887587,0.673145,1.68094,0.649112,0.206627,0.518354,1.16125
156.548934240,0.270648,1.02254,1.2046,0.203171,0.204669,0.102029,0.85241,0.902802,0.470056,0.214621,0.938827,1.49674
156.595374150,0.216202,0.832372,1.40871,0.148611,0.663594,0.355609,1.2288,0.366533,0.329936,0.124832,0.648552,1.93205
156.641814059,0.0893402,0.740615,0.377984,0.221352,1.09439,0.435205,0.727807,1.03986,0.280849,0.334311,0.284787,1.6723
156.688253968,0.18607,0.552349,0.231475,0.129069,1.04794,0.42727,0.811171,1.31234,0.354898,0.570643,0.283287,1.1246
156.734693878,0.271995,0.419314,0.368176,0.0995059,0.583594,0.746062,0.686824,1.18826,0.226256,0.900242,0.360943,0.816143
156.781133787,0.246308,0.770772,0.608635,0.0716673,0.0561959,1.19072,0.0964397,1.39934,0.668014,0.704642,0.802075,0.605509
156.827573696,0.29338,0.749309,0.466273,0.507768,0.265633,1.04296,0.07403,1.56699,0.277808,0.424362,0.947579,0.374035
156.874013605,0.580899,0.365242,0.279769,1.00884,0.400436,0.287769,0.109245,1.99146,0.3626,0.467007,0.419084,0.368949
156.920453515,0.602543,0.380542,0.264511,0.880622,0.704219,0.237921,0.0933855,1.93342,0.636021,0.672581,0.191328,0.287062
156.966893424,0.829284,0.403091,0.29426,0.896281,0.015279,0.769143,0.326018,1.15187,0.248865,1.0039,0.728481,0.36267
157.013333333,0.845747,0.411807,0.197012,0.567233,0.0384367,0.741217,1.28536,0.0646869,0.179465,1.22377,0.918334,0.437155
157.059773243,0.953489,0.695618,0.120927,0.304504,0.629887,0.731042,0.638606,0.268079,0.0219249,0.479752,0.705656,0.459047
157.106213152,1.02894,0.874083,0.10506,0.199991,1.26326,0.512105,0.285735,1.07165,0.0229924,0.533291,0.429212,0.312544
157.152653061,0.988121,1.10496,0.159913,0.130143,1.65879,0.209971,0.415508,0.987465,0.253424,0.45616,0.284019,0.219607
157.199092971,0.730336,1.15979,0.347824,0.421374,1.90514,0,0.914917,0.978657,0.444024,0.321421,0.16767,0.111824
157.245532880,0.792082,0.283303,1.16405,0.102522,0.88236,0.649191,0.789699,1.00753,0.789942,0.192884,0.357278,0.521359
157.291972789,0.874293,0.0506456,0.83401,0.364044,0.548583,0.710002,0.0216873,0.949453,0.8408,0.19179,0.389559,0.597617
157.338412698,0.667536,0.170503,0.673176,0.618256,0.329052,0.798683,0.0171355,0.979638,0.847262,0.171807,0.446925,0.718987
157.384852608,0.442212,0.269854,0.718721,0.608429,0.261154,0.938975,0.209926,1.04065,0.791188,0.178304,0.531782,0.85958
157.431292517,0.203322,0.191691,0.872013,0.51841,0.186455,0.650036,0.181477,1.24311,0.581092,0.0642153,0.780204,1.38262
157.477732426,0.522358,0.0414928,0.955169,0.488387,0.34206,0.480224,0.7746,1.2862,0.34361,0.0807002,0.919748,1.36569
157.524172336,0.963177,0.198069,0.811481,0.555803,0.981962,0.493059,0.678077,0.97226,0.459836,0.0420477,0.988654,0.813342
157.570612245,0.936815,0.289449,0.523803,0.182051,0.490076,0.52211,0.683333,1.32053,0.421705,0.0582449,1.15663,0.992625
157.617052154,0.571099,0.599434,0.306704,0.17023,0.429793,0.653625,0.739324,1.59544,0.480639,0.104167,0.842029,0.988969
157.663492063,0.480056,0.841772,0.123128,0.287038,0.426495,0.593679,0.781231,1.57006,0.594307,0.143032,0.724111,0.993364
157.709931973,0.544365,1.04461,0.153754,0.34392,0.45773,0.492622,0.530032,1.81777,0.612931,0.149772,0.500861,0.878545
157.756371882,0.467265,0.841265,0.388611,0.2042,0.617909,0.0950293,0.662517,2.21284,0.61416,0.105796,0.55343,0.966208
157.802811791,0.158809,0.557932,0.533699,0.0142109,0.60288,0,0.755513,2.23953,0.597494,0.0568199,0.65247,1.28631
157.849251701,0.234921,0.264486,0.89315,0.406904,0.0983778,0.411097,1.18822,1.46556,0.269757,0.574595,0.524988,1.02473
157.895691610,0.489346,0.273512,0.507894,0.477443,0.0104462,1.03535,1.12673,0.914684,0.317465,1.09449,0.0131396,0.899249
157.942131519,0.525019,0.364243,0.572877,0.460515,0.00164018,1.12154,0.760714,0.649436,0.461858,1.37636,0.0686009,0.514556
157.988571429,0.414508,0.511428,0.593963,0.696894,0.0196724,0.341551,0.914386,0.437636,0.338297,1.48054,1.00317,0.153099
158.035011338,0.360384,0.793582,0.604847,0.979614,0.038718,0.442712,0.637222,0.099939,0.164028,1.13815,1.51588,0.125265
158.081451247,0.0252029,0.697099,0.429698,0.925142,0.210153,0.967135,0.25917,0.930557,0.0185291,0.771754,1.43618,0.117423
158.127891156,0,0,0.526903,0.995388,0.429132,1.28955,0.111646,0.876547,0.163097,1.00401,1.037,0.198177
158.174331066,0.112787,0,0.582465,0.8241,0.362972,1.3901,0.110102,1.05667,0.0850193,1.22506,0.863447,0.337337
158.220770975,0.0244832,0,0.719194,0.630671,0.442384,2.04276,0.114378,1.10843,0.0440515,0.963713,0.729804,0.446121
158.267210884,0.121299,0.440639,0.598266,0.689795,0.506122,2.12739,0.239466,0.98239,0.200956,0.413774,0.814892,0.434131
158.313650794,0.724953,0.228568,0.208776,0.892895,0.609336,0.896199,0.752995,1.52186,0.288805,0.139407,1.13622,0.695975
158.360090703,1.33528,0.147405,0.00294608,0.980361,0.539149,0.233461,0.754344,1.4869,0.268133,0.269954,1.0066,0.860025
158.406530612,1.02889,0.480985,0.285653,0.848865,0.559738,0.0488964,1.07601,1.21931,0.417225,0.195893,0.653711,0.748752
158.452970522,0.292641,0.887627,0.593846,0.0288823,0.497368,0.181873,1.29314,0.440914,0.564164,0.0746172,1.07828,0.788976
158.499410431,0.0864395,0.988411,0.671774,0.0228898,0.527008,0.52173,0.813367,1.17198,0.743559,0.00356681,1.34189,0.710642
158.545850340,0.668948,1.19326,1.04804,0.041361,0.60722,0.665959,0.0402334,1.507,0.416309,0.0048654,1.09834,0.452686
158.592290249,0.725808,1.40787,1.03189,0.0249543,0.835602,0.968291,0.0718468,1.45981,0.440032,0.00742979,0.463903,0.362343
158.638730159,0.0754531,1.53316,0.951949,0.0180901,0.715743,0.577981,0.175213,0.983765,0.542173,0.00833018,0.657695,0.299631
158.685170068,0.120437,1.36013,1.47401,0.145549,0.726158,0.096665,0.552156,0.564306,0.55345,0.00958537,1.04582,0.188834
158.731609977,0.000256759,0.989766,1.5979,0.517588,0.801127,0.203169,0.907255,0.994165,0.317463,0.068341,1.10397,0.223606
158.778049887,6.25774e-05,0.409729,1.60035,0.630244,0.568325,0.106202,0.976645,1.29579,0.187428,0.105174,1.14661,0.360834
158.824489796,0.108321,0.00217502,1.15367,0.835702,0.620997,0,0.511915,1.52805,0.198177,0.434768,0.82214,0.659999
158.870929705,0.0163807,0.0328333,1.02979,0.55797,1.0181,0.107566,0.259758,1.41228,0.374557,0.60772,0.861714,0.820862
158.917369615,0.00527094,0.118284,1.0902,0.343184,0.980835,0.36251,0.00823299,1.46661,0.376823,0.470904,1.44375,0.91688
158.963809524,0.0266421,0.125572,1.16027,0.418307,0.808119,0.657838,0,1.83954,0.433836,0.00810719,1.73424,0.925781
159.010249433,0.0783379,0.0455232,1.02714,0.857296,0.912255,0.755912,0.00182146,1.56151,0.426921,0.00762853,1.31707,0.541047
159.056689342,0.0783004,0,0.999873,0.738521,0.95501,0.82072,0.0128092,0.912356,0.376026,0.00665268,0.970722,0.834283
159.103129252,0.0223761,0,1.2581,0.382871,1.6226,0.930587,0.135399,0.402369,0.347655,0.00436707,0.225711,1.35933
159.149569161,0.0086341,0.0141318,1.17153,0.36992,1.4922,1.04637,0.89051,0.109026,0.680474,0,0.158938,1.5495
159.196009070,0.0836234,0.108246,0.358497,0.538822,0.706856,1.2827,1.5454,0.1518,0.985013,0.156586,0.217683,1.39747
159.242448980,0.101976,0.245847,0.159684,0.566386,0.579539,1.25258,1.37442,0.580449,0.824597,0.553493,0.0864391,1.1524
159.288888889,0.0636318,0.296082,0.204124,0.453519,0.403678,1.08179,1.20018,0.967404,0.494383,0.685202,0.0426929,1.01748
159.335328798,0.0559937,0.414962,0.30556,0.118857,0.424968,0.77325,0.862647,0.97849,0.0328507,0.70479,1.37018,0.47109
159.381768707,0.0287839,0.5593,0.293923,0.13246,0.433771,0.773654,0.944517,0.737607,0.0339772,1.19645,1.40007,0.4387
159.428208617,0.0748251,0.693004,0.358474,0.495472,0.355538,0.740771,1.16545,0.719868,0.120652,1.26248,0.733647,0.336862
159.474648526,0.0266183,0.865482,0.378138,0.752813,0.104408,0.924246,1.05314,0.863649,0.186417,1.04876,0.654456,0.348538
159.521088435,0,0.776681,0.344849,1.02934,0.141227,0.862385,0.527596,1.51011,0.185336,0.98662,0.523152,0.071768
159.567528345,0.1904,0.495968,0.294304,1.41986,0.370577,0.759336,0.525483,1.37318,0.52017,1.36673,0.186095,0
159.613968254,0.300132,0.183864,0.218429,1.51943,0.313361,0.376983,0.648832,0.941935,1.16789,1.21911,0.569355,0.524282
159.660408163,0.367344,0.303368,0.0734262,0.959369,0.150524,0.340955,0.601668,0.770351,1.25293,0.778992,0.804641,0.598053
159.706848073,0.402135,0.664459,0.0669029,0.291202,0.270396,0.188918,0.518839,0.85316,1.05589,0.723524,0.791637,0.416375
159.753287982,0.827489,1.08023,0.589451,0.00136876,0.687739,0.320774,0.57911,0.802832,1.07947,0.91353,0.419451,0.170761
159.799727891,0.999012,0.807088,1.01916,0,0.545306,0.312475,1.05903,0.266574,0.663281,0.341894,0.218765,0.355608
159.846167800,1.10004,0.791766,1.23988,0.023592,0.10666,0.560851,0.999902,0.360349,0.890234,0.464715,0.0736631,0.139732
159.892607710,0.883042,0.680652,1.62426,0.0566648,0,0.63955,0.909826,0.0904131,0.872728,0.825585,0.100475,0.066491
159.939047619,0.342431,0.572387,2.23105,0.0362987,0,0.838629,0.607002,0.145115,0.734078,1.49469,0.318311,0.127922
159.985487528,0.224511,0.146565,2.38028,0.220721,0,1.19979,0.369714,0.646834,0.25546,1.57253,0.558648,0.0231119
160.031927438,0.095596,0.178669,1.83628,0.615083,0,1.49126,0.428493,0.624922,0,1.04797,0.60096,0.130046
160.078367347,0.000122096,0.592458,0.944958,0.898515,0.622801,0.665495,0.241917,0.46326,0.348549,0.815851,1.15677,0.803372
160.124807256,0.036154,0.474989,0.711248,0.910654,0.342303,0.64788,0.428024,0.232657,0.488212,0.907492,0.606707,1.5452
160.171247166,0.157898,0.029032,0.399354,0.687486,0.0799633,0.605315,0.641635,0.0843588,0.398016,0.802676,0.0953477,2.86998
160.217687075,1.32855,0.00292495,0.241503,0.572165,0,0.403641,0.746306,0.559611,0.0805382,0.682102,0.000118406,2.2452
160.264126984,1.55178,0.25856,0.0348314,0.191537,0.450704,0.369667,0.747098,0.862923,0.0917627,0.307101,0.165726,1.08592
160.310566893,1.01281,0.213683,0.0719623,0.126051,0.482605,0.44992,0.809734,0.479424,0.440278,0.323867,0.801291,0.314911
160.357006803,0.730095,0.236099,0.153522,0.18538,0.128922,0.358112,0.75226,0.153629,0.541689,0.211139,1.41045,0.296138
160.403446712,0.165116,1.09996,0,0.0899067,0.13702,0.31028,0.760459,0.214614,0.34576,0.143763,1.73688,0.086724
160.449886621,0.0715319,1.28392,5.53209e-05,0.0507222,0.103598,0.361904,0.531194,0.10587,0.418917,0.158521,1.84493,0.0242216
160.496326531,0.10259,2.13637,0,0.0144456,0.0319525,0.422575,0.0654505,0.220773,0.677133,0.143643,1.72557,0.374684
160.542766440,0.143993,2.12626,0.193461,0.0175184,0.204618,0.403153,0.138395,0.434741,0.747038,0.0274026,1.24386,0.644683
160.589206349,0.155602,1.56622,0.746473,0.0809052,0.260579,0.506626,0.434523,0.556369,0.337769,0.510066,0.316544,0.114757
160.635646259,0.235858,0.750919,0.950189,0.236031,0.305636,0.356827,0.844083,0.690779,0.0452046,0.93023,0.296997,0.0654442
160.682086168,0.564099,0.751031,0.724997,0.272673,0.226879,0.36875,0.926726,0.76777,0.0371699,1.02207,0.28037,0.143456
160.728526077,0.508846,0.420646,0.741324,0.332894,0.0310801,0.396676,1.04069,0.515942,0.123062,0.965722,0.232876,0.233577
160.774965986,0.366421,0.101298,0.954229,0.563693,0.038711,0.674847,0.718451,0.631848,0.217567,0.363778,0.2526,0.172928
160.821405896,0.240035,0.291681,1.21941,0.600747,0.0455576,0.798832,0.111422,0.590825,0.791082,0.0800783,0.288838,0.437092
160.867845805,0.00504864,0.634079,1.15136,0.884546,0.0464008,0.782731,0.351219,0.0965759,1.17036,0.352288,0.586408,0.512658
160.914285714,0.0458338,0.751877,0.82557,0.933403,0.23384,0.895959,0.57857,0.00408294,1.09492,0.732234,0.361117,0.463532
160.960725624,0.131596,0.678835,0.382585,0.60502,0.328144,0.748632,0.751464,0.0330418,1.26426,1.07109,0.201118,0.455382
161.007165533,0.199265,0.921463,0.060068,0.108,0.324294,0.4217,1.16804,0.138684,1.42591,0.822311,0.15207,0.997881
161.053605442,0.077077,0.994095,0.00284492,0.307046,0.365073,0.515478,1.00275,0.310348,1.67924,0.198203,0.438689,1.12878
161.100045351,0.0970885,0.927796,0.00344643,0.332415,0.45182,0.963588,0.37422,0.371419,1.58737,0.419298,0.587965,0.793036
161.146485261,0.0383121,0.628127,0.0303479,0.33861,0.738623,0.827943,0.248715,0.415659,1.79927,0.621279,0.734488,0.584478
161.192925170,0.126297,0.478446,0.18432,0.158134,0.786067,1.12032,0.268768,0.442814,2.08251,0.202702,0.536239,0.396394
161.239365079,0.209162,0.379078,1.05406,0.0122184,0.554197,1.415,0.223789,0.39124,1.95124,0.00305141,0.098151,0.827763
161.285804989,0.200758,0.0371349,1.40131,0.01563,0.161887,1.72487,0.885395,0.0342354,1.48442,0.35455,0.670537,0.977579
161.332244898,0.0401377,0,1.66009,0.00960712,0.0503872,1.18231,0.696704,0.0291128,1.46887,0.93072,0.579406,1.08681
161.378684807,0,0,1.9526,0,0.00404515,0.764482,0.560478,0.220341,1.51818,0.688314,0.838798,1.18963
161.425124717,0,0.150371,2.37326,0,0.0893859,0.206641,0.560351,0.597189,1.45395,0.660721,1.57578,1.04053
161.471564626,0,0.0825543,2.81837,0,0,0.0499956,0.489338,1.15659,1.27572,0.57437,2.06214,0.858134
161.518004535,7.54501e-06,0,2.67689,0.0804646,0,0.205868,0.0361967,2.08153,0.448114,0.772618,2.05669,0.555743
161.564444444,0,0,2.54171,0.0512957,0,0.122993,0.107217,2.6123,0.00395521,0.865631,2.2012,0.485414
161.610884354,0,0,2.47692,0.0382528,0,0.163797,0.285119,2.90029,0.0348346,0.732491,2.15288,0.475551
161.657324263,0,0,2.42913,0.0862104,0,0.155612,0.37743,3.01673,0.0354314,0.424944,2.06717,0.371468
161.703764172,0,0,2.44444,0.201764,0.0129511,0.142752,0.419874,3.21956,0.136718,0.0101287,2.13576,0.0123756
161.750204082,0,0,2.46566,0.210771,0,0.131774,0.330033,3.42537,0.100738,0.0103774,1.71936,0
161.796643991,1.02154,1.06373,1.44229,0.166448,0,0.381211,0.060189,2.85825,0.1069,0.119916,1.07736,0
161.843083900,1.29519,1.49728,0.808601,0.146923,0.144615,0.917532,0.0828201,1.57494,0.299278,0.216036,0.705401,0
161.889523810,0.774854,1.60797,0.558075,0.245181,0.350063,0.898754,0.0750355,0.774336,0.0572826,0.479929,1.09294,0.181175
161.935963719,0.548094,1.66257,0.52998,0.292396,0.502468,0.705879,0.155795,0.577779,0.104798,1.29815,1.01396,0.0121887
161.982403628,0.141315,1.26538,0.761446,0.414909,0.715002,0.582245,0.104802,0.647011,0.0654799,1.54493,1.01348,0.12023
162.028843537,0.00644006,0.830335,0.916663,0.430801,0.784953,0.463705,0.097276,1.02183,0,1.3367,0.819445,0.404434
162.075283447,0.333213,1.2551,0.621616,0.398897,0.365046,0.283196,0.283529,1.68418,0.115248,1.12089,0.523343,0.711196
162.121723356,1.23635,1.19728,0.395227,0.121653,0.235606,0.255256,0.287939,1.58013,0.222869,0.463031,0.329243,0.408581
162.168163265,1.01221,0.700113,0.583537,0.16452,0.590968,0.605349,1.11992,1.46505,0.479375,0.166284,0.182598,0.134955
162.214603175,0.773693,0.548258,0.72209,0.281558,0.648378,0.521326,1.74533,1.24905,0.526807,0.123856,0.245007,0.0550822
162.261043084,0.310183,0.532068,0.635342,0.630697,0.517536,0.368713,1.77719,1.03424,0.420466,0.573526,0.615323,0.112188
162.307482993,0.286203,0.944936,0.591308,0.876768,0.465731,0.490084,1.52804,0.459084,0.234958,0.955711,0.29652,0.117031
162.353922902,0.996793,0.808215,0.982983,0.743511,0.114988,0.628794,0.633591,0.0813869,0.306184,1.07466,0.200809,0.524999
162.400362812,1.16926,0.548855,0.829297,0.215206,0.0191334,0.683543,0.582378,0.171036,0.948842,0.887121,0.22027,0.699955
162.446802721,0.936165,0.371257,0.923934,0.302544,0.146204,0.94754,0.670344,0.198856,1.05483,0.922009,0.216312,0.631605
162.493242630,1.24053,0.322511,1.19395,0.435492,0.0105833,0.511913,0.865661,0.0147063,0.522507,0.796723,0.431259,0.425419
162.539682540,1.04051,0.290685,1.02847,0.283052,0,0.706743,1.03143,0.0053125,0.606597,0.495297,0.655783,0.668344
162.586122449,1.03499,0.664515,0.539977,0.458518,0,0.667645,0.846571,0.00138884,0.560501,0.596231,1.09306,0.274922
162.632562358,1.19074,0.507033,0.232987,0.359856,0.0607778,0.3354,0.927672,0.264342,0.512057,0.771247,1.22745,0.274272
162.679002268,1.15537,0.000220708,0.267339,0.36004,0.130843,0.1699,0.72549,0.460718,0.582539,0.519309,1.03756,0.64228
162.725442177,0.905443,0.0428324,1.03512,1.02025,0.213202,0.553216,0.405643,0.277768,0.644664,0.197064,0.533576,0.597705
162.771882086,0.394748,0.336364,1.1898,1.36271,0.18565,0.645568,0.254899,0.0732484,0.513124,1.03072,0.231002,0.426059
162.818321995,0.416761,0.509098,1.18288,1.52439,0.149775,0.666324,0.241619,0.158037,0.511852,1.46304,0.261634,0.112923
162.864761905,0.347287,0.668176,1.1729,1.4402,0.109006,0.424287,0.194871,0.161369,0.848522,1.60787,0.369454,0.0705787
162.911201814,0.353134,0.775475,1.20733,1.25947,0.0636182,0,0.0914348,0.169923,1.22205,1.677,0.378537,0.0841983
162.957641723,0.191902,0.843191,1.1595,1.05702,0.0518051,0.265011,0.180656,0.159682,1.26063,1.36296,0.250743,0.245422
163.004081633,0.329297,0.609438,1.21853,0.888117,0.082062,0.522552,0.449321,0.106534,1.26292,1.06672,0.00117411,0
163.050521542,0.534849,0.523933,1.11039,0.650197,0.113371,0.601198,0.449898,0.156123,1.26201,1.02876,0.000455036,0
163.096961451,0.628705,0.412563,1.15052,0.501791,0.38867,0.627849,0.515225,0.138447,1.23223,1.01235,0.0162247,0
163.143401361,0.335375,0.5674,0.914989,0.562108,0.510738,0.406029,0.530378,0.416559,1.09268,0.345699,0.104106,0
163.189841270,0.522938,0.572617,0.876405,0.861412,0.480659,0.0550401,0.473636,0.281349,1.59741,0.477093,0.097554,0
163.236281179,0.623494,0.480887,1.0113,0.876539,0.3178,0.227331,0.330889,0.106699,1.97994,0.850268,0.142534,0.0680603
163.282721088,0.825946,0.522623,1.10321,0.971577,0.0719912,0.331057,0.274956,0.0901739,1.76268,1.19497,0.0895533,0.183295
163.329160998,1.06614,0.697298,0.818131,0.728569,0.0486023,0.43277,0.338814,0.123334,1.71894,0.821343,0.0583009,0.217906
163.375600907,0.976963,1.01844,0.587144,0.698121,0.213574,0.432278,0.230289,0.129826,1.5861,0.390336,0.105543,0.147072
163.422040816,0.759353,0.42587,0.460397,0.52354,0.0947366,0.751854,0.192168,0.15031,2.04618,0.32267,0.111651,0.176098
163.468480726,0.907251,0.163608,0.43363,0.521962,0.0601406,0.923662,0.141006,0.138553,2.13703,0.356732,0.098651,0.238896
163.514920635,1.15402,0.237836,0.196257,0.463335,0.0490677,0.825192,0.164028,0.0864077,1.78843,0.553753,0.289747,0.691237
163.561360544,1.31031,0.105212,0.634604,0.260102,0.0366557,1.16418,0.308896,0.0507868,1.92681,0.305877,0.164576,0.869712
163.607800454,0.841888,0.252961,0.737443,0,0.238166,1.0382,0.204442,0.0618207,1.71956,0.592354,0.721822,0.964312
163.654240363,0.790926,0.413395,0.780674,0.230375,0.0595771,1.10181,0.0975673,0.0940204,1.49209,1.43253,0.743534,0.658006
163.700680272,0.524394,0.597223,0.615041,0.346618,0.0704079,0.843263,0.109399,0.156488,1.58363,1.64204,0.588769,0.143185
163.747120181,0.273249,0.908988,1.2547,0.379545,0.124868,0.527659,0.096419,0.142988,1.7312,1.22741,0.439195,0.123988
163.793560091,0.726765,1.31741,1.06464,0.363654,0.0280637,0.286811,0.492171,0.138058,1.77174,0.928633,0.0649294,0.00862681
163.840000000,1.11259,1.06047,0.396004,0.5221,0.0681303,0.357767,1.00242,0.730453,1.63619,0.665042,0,0.0636413
163.886439909,0.954041,0.965283,0.556279,0.621299,0.0514558,0.240424,1.07157,0.788756,0.928319,0.442162,0,0.34755
163.932879819,0.757245,0.915741,0.654207,0.579285,0.0333984,0.0660138,0.975346,0.648291,1.44194,0.266896,0,0.301747
163.979319728,0.248357,1.09519,0.903018,0.360249,0.105148,0.0362796,0.658456,0.559532,1.45418,0.279244,0.0569128,0.341249
164.025759637,0.0218046,1.67457,0.715885,0.136293,0.0977683,0.0188549,0.616794,0.346389,1.43067,0.66299,0.0521509,0.112496
164.072199546,0.105549,1.40265,0.772247,0.0819497,0.194142,0.0476709,0.854286,0.13025,1.67657,1.28089,0.0516758,0.0927385
164.118639456,0.358234,0.406863,1.28331,0,0.291711,0.0578865,1.04632,0.174069,1.87896,1.61727,0.0300328,0.32793
164.165079365,0.311914,0.251532,1.55321,0.00152838,0.565572,0.195381,0.627056,0.308874,1.80559,1.61607,0.0490503,0.563769
164.211519274,0.14447,0.241948,1.61487,0.351226,0.647589,0.422978,0.0562947,0.37832,1.97501,1.35856,0.0986357,0.791979
164.257959184,0.0480486,0.315511,1.66502,0.522266,0.359667,0.889271,0.015716,0.410223,1.91461,1.09925,0.15627,0.773208
164.304399093,0.0155665,0.421841,1.54376,0.423014,0.173141,0.951402,0.00920509,0.973395,1.50639,0.577834,0.725746,0.636018
164.350839002,0.187378,0.536686,1.63043,0.139217,0.486914,1.00475,0.0121385,1.15143,0.699805,0.442689,0.82731,0.573571
164.397278912,0.468133,0.512305,1.78534,0.202098,0.976937,1.07757,0.0141811,0.589759,0.59124,0.225251,0.445745,0.793148
164.443718821,0.336567,0.175935,1.58169,0.570703,0.878657,1.24378,0.0832438,0.228822,0.71434,0.00926482,0.556182,1.1985
164.490158730,0.139733,0.0364312,1.08325,0.811182,0.611773,1.04579,0.416233,0.946657,0.358812,0.277677,0.887013,1.36284
164.536598639,0.101232,0.348162,0.74192,1.02126,0.47622,0.56204,0.485281,1.4908,0.54693,0.232569,0.700645,1.6068
164.583038549,0.51484,0.283697,0.486102,0.891864,0.655654,0.00518577,0.847729,1.59835,0.562731,0.104039,0.741875,1.23404
164.629478458,0.839808,0.215892,0.633754,0.905454,0.808088,0.0187888,1.09087,1.12801,0.620315,0.130846,0.8351,0.834896
164.675918367,1.57544,0.14015,0.806031,1.06098,0.362833,0.263429,1.23685,0.16288,0.636368,0.297403,0.418772,0.600501
164.722358277,2.24209,0.465558,0.831308,1.01803,0.477685,0.864192,0.557041,0.0202369,0.568087,0.178375,0.339988,0.231685
164.768798186,2.06589,0.627044,1.41699,0.816402,0.68601,0.924868,0.239731,0.0379252,0.857721,0.351167,0.229428,0.328162
164.815238095,1.2718,0.643889,1.36303,0.63956,0.579934,0.69436,0.393205,0.353202,0.848565,0.429524,0.429272,0.849674
164.861678005,0.383976,0.577208,1.92006,0.417373,0.590244,0.609971,0.343223,0.476137,0.835996,0.63463,0.777931,0.870808
164.908117914,0,0.339436,2.20145,0.144187,0.764647,0.523918,0.0392169,1.22386,1.2293,0.547194,0.960567,0.725644
164.954557823,0,0.259589,2.12962,0,0.732168,0.616355,0.0217587,1.16119,1.16534,0.407631,0.984506,0.509857
165.000997732,0.168188,0,1.99469,0.219238,0.414324,0.48463,0.0184126,0.505794,1.20558,0.094258,0.74453,0.864459
165.047437642,0.119319,0,1.66221,0.182625,0.208983,0.304534,0.0821503,0.84524,1.57901,0.159183,0.525857,1.16608
165.093877551,0.209954,0.269384,1.33689,0.294592,0.0494069,0.107025,0.421746,1.07718,1.53979,0.317708,0.256375,1.35633
165.140317460,0.206244,0.942538,1.32889,0.186178,0.0836385,0.0166779,0.762694,1.11299,1.06485,0.372823,0.576858,1.14244
165.186757370,0.143116,0.88246,1.58462,0.0431091,0.153911,0.0408607,0.984414,0.986887,0.449831,0.168464,1.44416,0.708114
165.233197279,0.705852,0.12279,1.40066,0.0121013,0.232363,0.369775,1.17024,0.381371,0.368189,0.141841,1.23149,0.920223
165.279637188,0.647108,0.0174264,0.869974,0.262643,0.310399,0.746964,0.595324,0.10409,0.613361,0.38063,1.08037,0.808529
165.326077098,0.583471,0.144587,0.783953,0.57289,0.147841,0.737098,0.550632,0.107618,0.670806,0.79061,0.95632,0.896707
165.372517007,0.391139,0.559021,0.77816,0.684076,0.0776791,0.799378,0.373174,0.261218,0.861667,0.611168,0.712134,0.799743
165.418956916,0.469143,0.585091,0.649481,0.883947,0.0748785,0.853516,0.224864,0.242085,1.2987,0.52873,0.24261,0.404556
165.465396825,0.567657,0.402155,0.406076,0.536957,0.0550595,0.577204,0.159963,0.138826,1.64514,0.531917,0.203911,0.401218
165.511836735,1.0698,0.646184,0.578042,0,0.0879652,0.380251,0.202047,0.553718,1.14772,0.396235,0.20816,0.429751
165.558276644,1.2632,0.496306,0.662384,0,0.0996113,0.431002,0.444865,1.06842,0.866788,0.165287,0.275295,0.710855
165.604716553,0.992492,0.343952,0.70779,0,0.0342797,0.218455,0.801886,1.12305,1.1024,0.128192,0.190094,0.533539
165.651156463,0.639761,0.57029,0.781744,0,0.0219047,0.105893,0.920493,1.02531,1.79694,0.0396168,0.146945,0.19465
165.697596372,0.217002,1.00337,0.841249,0,0.0559488,0,0.77891,0.708546,1.6595,0.0840525,0.700605,0.0954644
165.744036281,0.0750706,1.7122,0.852347,0.158986,0.057308,0,0.763004,0.244206,1.39492,0.451455,0.885947,0
165.790476190,0.0373925,1.40943,0.856815,0.253671,0.0389403,0,0.730773,0.253704,1.35952,0.622275,0.897519,0.0845244
165.836916100,0.0056378,1.12458,1.15022,0.528104,0.0304785,0.00643294,0.873771,0.525801,0.925576,0.375439,0.858104,0.108332
165.883356009,0.031831,1.2736,1.57175,0.684589,0.0371369,0.00469208,0.866368,0.288629,0.765633,0.333687,0.723674,0.113498
165.929795918,0.295489,0.645126,1.93932,0.661827,0.0966194,0.0812248,0.593785,0.0923044,1.40861,0.685188,0.154135,0.000165673
165.976235828,0.602487,0.331841,1.90322,0.299816,0.0794708,0.290964,0.564733,0.0904102,1.62591,0.996191,0.211366,0
166.022675737,0.703259,0.221379,1.22635,0.20147,0.0823264,0.562998,0.448701,0.044638,1.79594,1.0172,0.154287,0.184465
166.069115646,0.686702,0.447331,0.63924,0.622018,0.096298,0.566809,0.538787,0.0284173,1.54157,0.773192,0.212374,0.451799
166.115555556,0.854611,0.420831,0.406053,0.913567,0.0773631,0.458608,0.733038,0.0182599,1.50787,0.831654,0.190376,0.601705
166.161995465,0.517733,0.277165,1.00958,0.982006,0.0710597,0.318663,0.495773,0.0433361,1.74497,0.876798,0.192145,0.480678
166.208435374,0.454694,0.486744,0.969889,1.10758,0.0533569,0.500377,0.438888,0.0720633,1.77665,1.34357,0.755849,0.260653
166.254875283,0.39097,0.508441,0.71881,1.31467,0.0376445,0.5117,0.26444,0.149044,1.71557,1.55737,0.648372,0.262734
166.301315193,0.361238,0.653626,0.647053,1.41045,0.0337441,0.400787,0.181784,0.165192,1.59708,1.66436,0.487697,0.278498
166.347755102,0.339292,0.775964,0.621357,1.44155,0.0300351,0.0691323,0.155,0.170569,1.70788,1.6605,0.27989,0.0829397
166.394195011,0.218252,0.609996,0.653557,0.954205,0.0342689,0.217497,0.119372,0.172965,1.9542,1.22575,0.00237817,0
166.440634921,1.11595,0.090436,0.569838,0.590031,0.05717,0.144173,0.245461,0.164715,2.26501,1.01754,0.0362311,0.00398711
166.487074830,1.05258,0.0064327,0.440362,0.450479,0.1294,0.207793,0.331428,0.13195,1.95774,0.90704,0,0.010264
166.533514739,0.872834,0,0.57847,0.325228,0.121614,0.20624,0.446192,0.184218,1.7385,1.11315,0.296038,0
166.579954649,0.736673,0,0.693301,0.250851,0.195446,0.252687,0.444698,0.607869,1.62155,1.34086,0.493177,0
166.626394558,0.895301,0,0.702197,0.316383,0.624685,0.233124,0.360143,0.739857,1.44683,1.45014,0.247845,0
166.672834467,1.01932,0.188972,0.792151,0.405467,1.15965,0.122324,0.168879,0.840929,1.3832,1.16231,0.0708252,0
166.719274376,0.600087,0.66369,0.492618,0.689384,1.06223,0.108458,0.252782,0.908118,1.23768,1.38798,0.186538,0.0837867
166.765714286,0.833514,1.2233,0.615138,0.842575,1.07473,0.27799,0.299991,0.724946,0.98752,0.860691,0,0
166.812154195,0.894767,1.03595,0.570607,0.904924,0.877151,0.249218,0.303182,0.624336,0.816275,0.860296,0.0709369,0
166.858594104,0.624169,0.604762,0.517131,1.07928,0.558036,0.137715,0.274059,0.443391,0.860912,0.637219,0.0482718,0.144331
166.905034014,0.927674,0.597235,0.344501,1.063,0.468256,0.00185238,0.273618,0.145408,0.716639,0.446648,0.102175,0.552439
166.951473923,1.18916,0.563093,0.17903,0.814808,0.362174,0,0.487,0.0854389,0.606508,0.39381,0.141686,0.740504
166.997913832,1.16103,0.346704,0.619086,0.216911,0.666636,0.271784,0.512126,0.063359,0.941368,0.337922,0.184923,0.79597
167.044353741,0.526497,0.199138,0.765162,0.135787,0.66273,0.677844,0.440844,0.139461,0.954582,0.216876,0.634745,0.717734
167.090793651,0.256922,0.332712,0.518063,0.351579,0.496986,0.988725,0.39361,0.251179,0.758932,0.296719,0.694948,0.558843
167.137233560,0.116644,0.598746,0.309839,0.474725,0.35294,0.839396,0.43199,0.293498,0.636794,0.479925,0.852785,0.272269
167.183673469,0.124274,0.91109,0.118163,0.376718,0.294937,0.270939,0.591695,0.26158,0.723662,0.619537,0.862814,0.114522
167.230113379,0.272459,0.980729,0.0578981,0.140285,0.161616,0,0.659456,0.169449,0.839176,0.595037,0.660263,0.257029
167.276553288,0.914057,0.229903,0,0.159001,0.198794,0.177691,0.87388,0.76991,1.29283,0.214719,0.104058,0.431973
167.322993197,0.697503,0.380119,0.023704,0.309699,0.227325,0.31183,0.819255,0.794778,1.31771,0.272868,0.0169929,0.317295
167.369433107,0.362917,0.646147,0.0204905,0.338459,0.179804,0.439149,0.764207,0.850471,1.74731,0.234497,0.219038,0.018823
167.415873016,0.0243314,0.97666,0.0208429,0.0849695,0.458376,0.300612,0.735597,0.599934,1.44726,0.526937,0.645809,0
167.462312925,0.0104767,0.720215,0.0209566,0.28307,0.495355,0.223812,0.848957,0.262748,1.58582,1.02002,1.05465,0.0158175
167.508752834,0.149268,0.350937,0.0636807,0.427042,0.355109,0.375409,0.695353,0.222354,1.78515,1.34452,0.964513,0.129712
167.555192744,0.19696,0.28196,0.269083,0.233999,0.328563,0.821481,0.470787,0.0141382,1.61974,1.48116,0.732033,0.348694
167.601632653,0.23927,0.177333,0.0174185,0.00477383,0.249898,1.07163,0.224529,0.279193,1.59228,1.72497,0.691807,0.30609
167.648072562,0.327591,0.0821318,0.0179132,0.0732654,0.0377122,1.13377,0.54439,0.162519,1.77494,1.76611,0.666953,0.307642
167.694512472,0.414055,0.636809,0.148673,0,0.417919,1.04211,0.857828,0.245748,1.70651,1.37436,0.611521,0.245005
167.740952381,0.224549,1.17396,0.437951,0,0.598937,1.02228,0.837591,0.42929,1.3187,1.02789,0.61029,0.304914
167.787392290,0.0970062,1.00767,0.63309,0,0.461788,1.31808,0.695362,0.591252,1.2175,1.10869,0.580269,0.423762
167.833832200,0.000507038,0.468469,0.446169,0.0684389,0.348748,1.75808,0.211097,0.696023,1.1587,0.834469,0.597752,0.649468
167.880272109,0.000431702,0.588698,0.195838,0.321439,0.191115,2.27767,0.103319,0.455436,1.06551,0.624437,0.0987191,1.08956
167.926712018,0.000315509,0.843559,0.167712,0.228148,0.289745,2.18427,0.101688,0.382841,1.10257,0.495091,0.111689,1.1753
167.973151927,0.000158969,0.803931,0.117012,0.682358,0.837247,1.90635,0.132841,0.445887,1.15849,0.358413,0.285025,0.893793
168.019591837,0,0.495606,0.123685,0.70177,0.935437,1.64426,0.120173,0.674595,1.50933,0.469877,0.21906,1.08399
168.066031746,0.0634087,0.629726,0.304258,0.261332,0.756594,1.68128,0.175398,0.513882,1.44396,0.683096,0.12299,0.658762
168.112471655,0.0802763,0.749917,0.667441,0.058957,0.352705,1.11785,0.126618,0.781725,1.24463,1.06779,0.499969,0.0891551
168.158911565,0.0869089,0.329693,1.22826,0.773571,0,0.919611,0.0712598,1.17084,1.02533,1.36786,0.694795,0.263556
168.205351474,0.0848934,0.265135,1.26707,1.2449,0.0072297,0.634215,0.260392,1.84639,0.475372,0.87139,0.765049,0.0907381
168.251791383,0.177827,0.0757625,1.36389,1.03512,0.0842487,0.239975,0.319745,2.59368,0.187488,0.55093,1.57256,0.118491
168.298231293,0.34574,0.0157493,1.82335,0.505697,0.0555728,0.250955,0.127144,2.98643,0.00224407,0.0766465,2.36736,0.0672828
168.344671202,0.167333,0.00112242,1.87679,0.0659089,0.550749,0.326535,0,3.31985,0,0.0091581,2.59663,0.0897132
168.391111111,0.0840737,0.128643,1.77116,0.0925935,0.810678,0.248603,0,3.73855,0,0,2.54767,0.108873
168.437551020,0.317737,0.290092,1.71188,0.137726,0.57727,0.0457932,0.0029073,3.70859,0.00080073,0,2.45156,0.0389667
168.483990930,0.628634,0.363768,1.69855,0.420569,0.0626357,0.0347455,0.02611,3.55995,0.0301904,0.00120545,2.29473,0.0253679
168.530430839,0.702233,0.019328,1.72957,0.59817,0,0.0262758,0.0123428,3.48633,0.0626129,0.00636717,2.14263,0.0272221
168.576870748,0.540891,0,1.99914,0.435312,0.00540742,0.0566555,0.00695616,3.57247,0.359986,0.00722014,1.73323,0.0110811
168.623310658,0.446782,0,2.07688,0.52128,0.00269678,0.0698729,0.050222,3.02674,0.472903,0.42658,1.05325,0.0102688
168.669750567,0.313476,0,1.39549,0.611691,0.000490289,0,0.0647226,2.66593,0.36801,0.962572,0.929002,0.683006
168.716190476,0.400877,0.721762,1.31061,0.67004,0.00711685,0.0676742,0.167391,1.92388,0.235375,0.836512,0.960189,0.599242
168.762630385,0.671106,0.999775,1.48054,1.1993,0.137291,0,0.398949,0.840816,0.658384,0.286761,0.56963,0.431132
168.809070295,0.628401,0.903908,1.28005,1.19004,0.177089,0,0.0708849,0.719385,1.018,0,0.374174,0.494621
168.855510204,0.414776,0.65905,1.30753,0.925447,0.178211,0,0.0369891,0.909692,1.15996,0,0.346064,0.625008
168.901950113,0.259954,0.237171,1.85647,0.678689,0.322597,0.405681,0.138966,1.00481,1.23247,0,0.231145,0.816047
168.948390023,0.346664,0.0420918,1.61931,0.272917,0.489522,0.850407,0.382425,1.4985,0.940384,0.00161294,0.520427,0.665153
168.994829932,0.493888,0,1.56524,0.217702,0.442921,0.637628,0.810185,1.19797,0.66625,0,0.761705,0.639117
169.041269841,0.831958,0.102163,1.1972,0.214616,0.410893,0.128017,0.828253,0.946976,0.824961,0,1.32686,0.452751
169.087709751,0.564855,0.560522,1.06591,0.157038,0.327906,0,0.715341,0.976101,0.762775,0,1.51544,0.569983
169.134149660,0.403843,1.265,0.806386,0.327767,0.288713,0,0.566333,0.905313,0.321994,0.00438354,1.56295,0.629837
169.180589569,0.393108,1.60098,0.613667,0.0819248,0.674399,0.323475,0.0626317,1.0309,0.217506,0.00258741,1.66218,0.442422
169.227029478,0.342259,1.2613,0.387158,0.592369,0.554069,0.608249,0.107104,1.17256,0.0339075,0.738486,1.01658,0.16371
169.273469388,0.378318,0.26825,0.815614,0.665478,0.402254,0.497397,0.253423,1.12,0.0189833,1.15912,0.483885,0.222652
169.319909297,0.3307,0.267139,1.25086,0.566,0.409202,0.204854,0.382658,1.13198,0.083247,0.99886,0.293894,0.229849
169.366349206,0.314613,0.116196,1.20239,0.941033,0.00262009,0.0433015,0.153717,1.28732,0.512354,0.908988,0.149058,0.220961
169.412789116,0.375648,0.0794953,1.16997,0.92222,0.0614031,0.198865,0.0983795,0.610645,0.30287,1.17575,0.498782,0.138425
169.459229025,0.617287,0.0867833,0.199127,1.23901,0.41791,0.118662,0.5196,0.147563,0.618392,1.18801,0.581301,0.413133
169.505668934,0.663708,0.663608,0.147112,0.931454,0.824046,0.0198652,0.386402,0.169554,0.258476,0.847599,0.378705,0.942208
169.552108844,0.72454,0.95697,0.147081,0.54884,1.65645,0.024586,0.708807,0.339157,0.104709,0.783831,0.282474,0.600145
169.598548753,0.715015,1.33564,0.0533993,0.196377,1.87399,0.0272219,0.545408,0.61579,0.228051,0.834975,0.356534,0.353418
169.644988662,0.723159,0.582376,0.890673,0.419757,1.5694,0.0582264,0.455325,0.845192,0.644178,0.400934,0.411484,0.145796
169.691428571,0.657797,0.000831738,1.04154,0.331037,0.702375,0.721624,0.612706,0.817927,0.762164,0.266866,0.120553,0.439224
169.737868481,0.517096,0.0298886,0.878602,0.151796,0.949088,0.811569,0.448403,1.02194,0.708483,0.155081,0.114835,0.621574
169.784308390,0.551392,0.422107,0.709179,0.250724,0.909847,0.824429,0.295917,1.10829,0.660996,0.0893477,0.0713146,0.610578
169.830748299,0.73804,0.329789,0.994319,0.431336,0.530665,0.892838,0.386407,1.225,0.65218,0.279429,0.0477417,0.640027
169.877188209,0.9759,0.216526,0.980218,0.55723,0.24579,0.343858,0.330749,1.4164,0.498318,0.676722,0.233068,0.545279
169.923628118,1.43525,0.193877,0.556172,1.02482,0.154883,0.218798,0.354436,1.16707,0.24308,0.924255,0.289649,0.263749
169.970068027,0.998267,0.208969,0.448538,0.960576,0.214762,0.0881344,0.323372,1.26879,0.189286,0.682508,0.882181,0.0908234
170.016507937,0.343972,0.535278,0.378048,0.787399,0.168697,0.00131154,0.378947,1.33734,0.456608,0.24175,1.3215,0.0677662
170.062947846,0.400842,1.09588,0.781613,0.988072,0.221184,0,0.759408,1.10678,1.16685,0.509593,0.215793,0.182863
170.109387755,0.46268,0.95526,0.9832,0.911203,0.372673,0.0123866,0.539957,0.785029,1.11173,0.457597,0.0874631,0.69024
170.155827664,0.412966,0.596323,1.0108,0.836857,0.653306,0.0029878,0.226785,0.892261,0.866927,0.248245,0.124835,0.869982
170.202267574,0.215745,0.237768,1.02931,0.841592,0.722126,0.334043,0.499001,0.806415,0.832699,0.146127,0.140737,0.944923
170.248707483,0.167158,0.17817,1.13,0.295938,0.43577,0.582251,0.369086,0.893837,0.749517,0.188233,0.674527,1.00622
170.295147392,0.177033,0.255019,1.19251,0.415855,0.147495,0.567643,0.631026,0.774103,0.200144,0.667759,0.898794,1.74898
170.341587302,0.143794,0.317342,0.995773,0.563425,0.203812,0.472301,0.772884,0.696846,0.0775274,0.842303,0.850282,1.97997
170.388027211,0.0732589,0.187703,0.531661,0.670696,0.204738,0.44451,0.920772,0.700023,0.0878532,0.681688,0.766928,1.99727
170.434467120,0.112816,0.244473,0.136557,0.618962,0.720399,0.426661,0.623056,0.697504,0.00989722,0.480769,0.656948,1.41872
170.480907029,0.283005,0.312788,0.49725,0.304002,0.248138,0.920579,0.313345,1.11535,0.380156,0.312287,0.923241,0.58961
170.527346939,0.297855,0.510592,0.723629,0.669491,0.487038,0.732328,0.0586925,1.40863,0.250543,0.217933,1.63022,0.0912081
170.573786848,0.283782,0.285139,0.688298,0.670229,0.695579,0.25173,0.0961343,1.95066,0.118396,0.530933,1.53102,0.0351086
170.620226757,0.473862,0.141968,0.671052,0.60549,0.804218,0.25144,0.108469,2.00931,0.122118,0.566387,0.810088,0.163548
170.666666667,1.18397,0.13553,0.774242,0.686938,0.227231,0.280144,0.0707586,1.66333,0.683882,0.676285,0.324284,0.510278
170.713106576,1.24804,0.62986,0.600479,1.21474,0.0957985,0.385468,0.0463773,0.330782,0.422568,1.08324,0.479235,0.376727
170.759546485,0.800563,0.91178,0.548972,1.12005,0.751546,0.243589,0.112575,0.473717,0.114391,0.978169,0.371867,0.316687
170.805986395,0.676834,1.27175,0.331485,0.819984,2.00926,0.0308982,0.0521035,0.529878,0.0167371,0.807861,0.228404,0.409198
170.852426304,0.710771,1.51189,0.0416716,0.475924,2.36781,0,0.0331364,0.691634,0.0740166,0.589839,0.229218,0.43279
170.898866213,0.951689,1.52398,0.0627555,0.24699,2.32715,0.159559,0.170213,0.775734,0.282815,0.389986,0.303408,0.147236
170.945306122,0.567958,0.914769,0.805215,0.290255,1.59758,0.846601,0.723995,0.781757,0.64755,0.195181,0.201336,0.194569
170.991746032,0.494059,0.000493496,0.87133,0.123504,1.13757,0.920589,0.607487,0.924465,0.793667,0.147822,0,0.644359
171.038185941,0.646472,0.0929452,0.618417,0.157239,1.02085,0.915692,0.334317,1.07568,0.679517,0.0729599,0.171766,0.729873
171.084625850,1.02573,0.146385,0.579729,0.0763684,0.415572,0.866592,0.00491732,1.19083,0.739552,0.0638687,0.39851,1.04374
171.131065760,1.03621,0.206377,1.09692,0.574047,0.130901,0.668503,0.00163849,0.69001,0.656364,0.112132,0.538028,1.4684
171.177505669,0.858486,0.296511,1.28277,0.82437,0.0325404,0.262173,0.569906,0.51396,0.765748,0.0695173,0.424411,1.75991
171.223945578,0.838974,0.265169,0.899421,0.914666,0.130108,0.241656,0.777946,0.206298,0.743259,0.223623,0.385409,1.86445
171.270385488,0.907449,0.154557,0.58223,0.812579,0.737402,0.0134005,1.07927,0.186424,0.688161,0.167615,0.745108,1.10564
171.316825397,0.980594,0.24211,0.848777,0.581501,0.822225,0.956707,0.866364,1.01276,0.259993,0.0874944,0.69734,0.946053
171.363265306,0.393434,0.355899,0.942988,0.514856,1.01567,1.00659,1.13442,1.62918,0.438938,0.0436422,0.619989,0.7627
171.409705215,0.318602,0.485465,0.835168,0.49413,0.929614,0.737794,1.30153,1.73132,0.507602,0.0139966,0.47575,0.725939
171.456145125,0.470437,0.623316,0.760492,0,0.959453,0.153396,0.820695,1.71197,0.576104,0.0220695,0.624307,0.718206
171.502585034,0.451578,0.70364,0.724227,0.184272,0.720222,0.0372419,0.374781,1.75244,0.605149,0.0735343,0.677759,1.22821
171.549024943,0.408486,0.434412,0.842415,1.33777,0.18747,0.257297,0.308716,1.18663,0.57096,0.137108,1.79222,0.888837
171.595464853,0.241613,0.252591,0.228299,1.65777,0.0636737,0.157654,0.127341,0.778466,0.13722,0.912138,1.96611,0.671536
171.641904762,0.157998,0.3325,0.249728,1.99005,0.174031,0.0292178,0.0921102,0.656852,0.132777,1.29334,1.39545,0.480575
171.688344671,0.164148,0.250045,0.280618,2.20133,0.319655,0.0286089,0.120691,0.402217,0.126356,1.4403,0.807441,0.40887
171.734784580,0.139516,0.177952,0.763316,1.26705,0.180117,0.241182,0.193341,0.683301,0.374324,1.56657,1.01178,0.31508
171.781224490,0.192699,0.0760544,0.576122,0.766777,0.687733,0.201234,0.727922,0.939955,0.206828,1.55428,1.16877,0.51916
171.827664399,0.254244,0.0872447,0.69969,0.244157,1.69835,0.166585,1.04717,0.859862,0.0331655,1.56369,0.272448,0.440958
171.874104308,0.281121,0.00204836,0.612446,0.225655,1.96389,0.0737411,0.992044,1.23568,0.194992,1.58977,0.729396,0.0737037
171.920544218,0.288084,0.0019009,0.610584,0.38423,1.40735,0.241911,0.756528,1.32927,0.353583,0.826582,1.92643,0.100439
171.966984127,0.650328,0.0711147,0.466534,0.637794,1.27549,0.245434,0.376434,1.03013,0.35523,0.130024,2.4858,0.0489809
172.013424036,1.66202,0.00642243,0.272845,1.1613,1.15044,0.266991,0.179388,0.598069,0.252729,0.295536,2.02879,0.167688
172.059863946,1.88836,0.0145825,0.0535702,1.06339,0.763715,0.0983368,0.26364,0.537601,0.116746,1.24812,1.42548,0.414485
172.106303855,1.29147,0.84139,0.0444573,0.909326,0.405513,0.0258148,0.323606,0.542578,0.0869246,1.39509,1.0272,0.847491
172.152743764,0.508901,1.68895,0,0.730547,0.0136939,0.0867292,0.657344,0.864776,0.0267988,0.961818,0.636705,0.890811
172.199183673,0.655017,1.81725,0.0494666,1.00394,0.118803,0,0.647277,0.883886,0.195892,0.433104,0.250099,0.661693
172.245623583,0.603423,1.19112,0.188147,1.07492,0.614277,0,0.261376,1.15017,0.864063,0.181041,0.209062,0.235219
172.292063492,0.603123,1.01442,0.806861,0.612567,0.92608,0.0521467,0.0378757,1.1914,1.01453,0.00156878,0.252556,0.273276
172.338503401,0.338646,1.01257,1.44958,0.00250323,0.907703,0.286779,0.0840384,1.02815,0.958339,0.0268452,0.342899,0.543839
172.384943311,0.201398,0.913924,1.55998,0.053371,0.848731,0.413545,0.481049,0.864784,0.945495,0.0209871,0.309469,0.410234
172.431383220,0.349567,0.869067,1.68054,0.269448,0.162874,0,0.857444,0.387223,1.17624,0.0268878,0.325348,0.213996
172.477823129,0.459965,0.846067,1.72745,0.52692,0.160426,0,0.866091,0.610146,1.12929,0.171281,0.364935,0.490907
172.524263039,0.289706,0.740953,1.31073,0.357996,0.585223,0,0.839633,0.823399,0.863718,0.141429,0.509181,0.680067
172.570702948,0.26424,1.07163,0.724908,0.0293853,1.0536,0.0540804,0.449858,0.944433,0.640387,0.125446,0.861065,0.540509
172.617142857,0.321938,1.09785,0.83028,0.502926,0.963294,0.247286,0.0981802,0.482548,0.643899,0.247018,1.06394,0.498459
172.663582766,0.232774,0.692686,1.12396,1.26686,0.37753,0.475264,0.0711871,0.563769,0.594177,0.885893,0.72561,0.283586
172.710022676,0.221727,0.121501,0.882702,1.59325,0.0536168,0.318435,0.110094,0.820039,0.825663,1.20151,0.783944,0.125173
172.756462585,0.236045,0.0547592,0.884251,1.44259,0.0221732,0.256113,0.127439,1.00417,0.645034,1.07662,0.681956,0.204865
172.802902494,0.284835,0.0815777,0.849217,1.10545,0.0452368,0.55439,0.122457,0.494149,0.287002,1.35041,0.178398,0.386331
172.849342404,0.224733,0.140151,0.489628,0.24058,0.158987,0.705905,0.0804614,0.102103,0.45588,1.50285,0.761096,0.543516
172.895782313,0.32035,0.199536,0.0879802,0.0178324,0.372756,0.822932,0.439261,0.163531,1.14854,0.803479,1.38079,1.23183
172.942222222,0.46792,0.884959,0.0373437,0.0197815,0.89834,0.859398,0.59751,0.505857,0.439402,0.458095,0.951953,1.26312
172.988662132,0.37943,1.05537,0.0331695,0.139136,1.22144,0.860743,0.441261,1.08421,0.0840568,0.745974,0.67193,1.26919
173.035102041,0.226352,1.30731,0,0.117851,0.988184,0.594489,0.649105,0.993482,0.375443,0.775587,0.393496,1.21748
173.081541950,0.285075,0.0913081,0.906977,0.839668,0.7436,0.641621,1.09186,0.25984,0.85108,0.413846,0.0393913,0.787842
173.127981859,0.506525,0.106651,0.749831,0.570249,0.284503,1.07932,1.20433,0.549612,0.818726,0.208133,0.0004725,0.604034
173.174421769,0.500511,0.635217,0.586917,0.287135,0.407113,0.830343,1.30217,0.809232,0.772713,0.0980687,0.28125,0.589957
173.220861678,0.394269,1.11575,0.506643,0.00160831,0.381684,0.616298,0.997193,1.37991,0.577184,0.0800798,0.543696,0.564498
173.267301587,0.268657,1.35451,0.686123,0,0.472545,0.9836,0.309588,1.54231,0.300312,0.108548,0.573401,0.434819
173.313741497,0.197249,1.01902,0.758163,0.379085,0.500298,0.846288,0.267032,1.48519,0.573936,0.46871,0.374641,0.411943
173.360181406,0.171819,0.563198,0.123342,0.470047,0.408078,0.673104,0.0993575,1.35598,0.691199,1.016,0.815686,0.478554
173.406621315,0.416529,0.467953,0.020911,0.246998,0.317671,0.570629,0.120455,1.41937,0.590843,0.909128,0.873619,0.492244
173.453061224,1.42108,0.864192,0.511106,0.0198321,0.433123,1.05912,0.126495,1.36528,0.561389,0.63531,0.154752,0.399603
173.499501134,0.936191,0.645809,1.29473,0.0966648,0.265515,1.15624,0.622273,1.09148,0.242021,0.1185,0.0359178,0.299123
173.545941043,1.19261,0.480643,1.32595,0.0280273,0.114633,0.557424,1.02516,0.484438,0.706286,0.463295,0.0747154,0.0787205
173.592380952,0.958178,0.544356,1.25432,0.0225898,0.132338,0.788006,0.926695,0.456876,0.843953,0.773296,0.233288,0.00943105
173.638820862,0.952729,0.623125,1.86388,0.0194923,0.0511177,1.16284,0.443751,0.233567,0.846314,1.00441,0.0270905,0.233982
173.685260771,0.497564,0,2.48605,0.157846,0.0129809,1.08081,0.762629,0.230215,0.272875,1.2502,0.0151032,0.889847
173.731700680,0.777758,0.00118158,2.32668,0.838134,0.39672,0.507298,0.889501,0.445361,0.230058,0.357528,0.0908306,0.708059
173.778140590,0.742288,0.0085026,1.90892,0.974253,0.548457,0.217963,0.913594,0.446375,0.270317,0.396113,0.42098,0.437877
173.824580499,0.775553,0.00452566,1.80773,0.790598,0.475369,0.186693,0.741182,0.109059,0.500766,0.351074,0.557943,0.928626
173.871020408,0.848334,0,1.54092,0.27991,0.629022,0.241045,1.46485,0.0584788,0.514242,0.144683,0.246694,1.3307
173.917460317,1.27336,0.137446,0.522858,0.177297,0.770256,0.0963663,1.33301,0.340963,0.15984,0.173425,0.123909,1.67436
173.963900227,1.53344,0.14705,0.311861,0.303362,0.510774,0.277394,1.33082,0.237104,0.119242,0.311357,0.11262,0.992149
174.010340136,1.13814,0.1633,0.226967,0.0628486,0.351162,0.428898,1.46052,0.140379,0.179507,0.360459,0.619244,0.522554
174.056780045,0.623614,0.0360548,0.10894,0.0488681,0.27672,0.499348,1.41975,0.100579,0.23044,0.313699,0.977711,0.312877
174.103219955,0.470667,0.0971714,0.84213,0.385956,0.121401,0.369517,1.51032,0.185889,0.31902,0.0568896,1.26181,0.0831138
174.149659864,0.44918,0.0779237,1.01621,0.603416,0.0727647,0.304999,1.29039,0.190104,0.449116,0.15495,1.54385,0.0444964
174.196099773,0.758107,0.0719117,0.837644,0.651172,0.183374,0.318334,1.04173,0.149955,0.777048,0.295951,1.0908,0.0422751
174.242539683,0.494259,1.13517,0.38207,0.298206,0.191698,0.281221,0.781528,0.371206,0.720684,0.317603,0.849383,0.182077
174.288979592,0.144689,1.5369,0.246144,0.114865,0.363242,0.48851,0.368657,0.5239,0.610421,0.102942,0.390786,0.298812
174.335419501,0.2568,0.743371,0.718451,0.110159,0.25616,0.32236,0.266499,0.64175,0.342183,0.859856,0.41556,0.360473
174.381859410,0.475264,0.321743,0.584298,0.222248,0.0876634,0.296728,0.317727,0.720365,0.155085,0.985423,0.487722,0.855308
174.428299320,0.481483,0.157727,0.69067,0.235384,0.00993895,0.26053,0.369924,0.493791,0.415418,0.810883,0.597683,0.85654
174.474739229,0.433883,0.00201922,1.02693,0.292021,0.031733,0.332171,0.470588,0.371737,0.575148,0.463869,0.719947,0.533113
174.521179138,0.302917,0.000898618,1.0659,0.266362,0.0183638,0.394131,0.772397,0.406215,0.932664,0.319191,0.257908,0.494279
174.567619048,0,0.100709,0.781899,0.46481,0.00162158,0.0433651,1.39824,0.293617,1.30639,0.809259,0.519461,0.509775
174.614058957,0,0.14056,0.499052,0.529009,0.0347246,0.0373065,1.8774,0.0745179,1.34509,1.09404,0.336357,0.321928
174.660498866,0,0.494437,0.211525,0.386283,0.162791,0.0915362,1.47926,0.0945738,1.67948,0.980064,0.217937,0.283391
174.706938776,0.00748823,1.12314,0.220241,0.148555,0.703403,0.35114,0.804183,0.09928,2.08307,0.0254204,0.0704772,0.648715
174.753378685,0.0704715,1.02624,0.0863875,0.0220889,0.994561,0.167652,0.823588,0.226695,1.92741,0.00366488,0.477876,0.846754
174.799818594,0.0285082,1.11146,0.0311575,0,0.960595,0.529508,0.498403,0.37028,2.05341,0.0528343,0.818767,1.12768
174.846258503,0.00679886,0.801555,0.0259178,0.28603,0.75993,1.04815,0.299174,0.460495,1.69421,0.389257,0.896902,0.62727
174.892698413,0,0.438163,0.0599445,0.466011,0.49101,1.60075,0.192265,0.541826,1.3724,0.334825,0.695776,0.241107
174.939138322,0.312258,0.880468,0.375471,0.572272,0.213569,1.96788,0.167701,0.477156,1.15218,0.0846469,0.323216,0.28021
174.985578231,0.887599,0.677592,0.400665,0.225369,0.03131,1.63351,0.837313,0.0828211,1.0588,0.892936,0.043324,0.499749
175.032018141,0.802262,0.224044,0.923603,0.176848,0.0305319,0.955825,1.37007,0.0636752,1.16935,1.02978,0.234656,0.46385
175.078458050,0.638189,0.0422169,1.58511,0.178944,0.0157891,0.499137,1.27903,0.231419,1.2774,0.844234,0.451311,0.496664
175.124897959,0.445039,0,1.95263,0.0315914,0.00675686,0.262186,1.12981,0.529598,1.32169,0.743185,1.01309,0.642622
175.171337868,0.34025,0,2.13644,0,0.00711211,0.341855,0.688306,1.00184,1.00394,0.801841,1.33111,1.26748
175.217777778,0,0,2.5567,0,0.0123832,0.493784,0.209115,2.12105,0.357892,0.80336,1.73281,1.16464
175.264217687,0,0,2.43292,0,0.1923,0.43555,0.0266792,2.79014,0,0.761097,2.09514,0.633016
175.310657596,0,0,2.45443,0,0.085314,0.40273,0.0200336,3.086,0.0300268,0.668801,2.50897,0.560024
175.357097506,0,0,2.69157,0,0.00444392,0.360887,0.0192452,3.29738,0.0362662,0.233134,2.68464,0.357805
175.403537415,0.0190178,0,2.87116,0,0.00230324,0.277424,0.0239833,3.35514,0.11242,0.00928586,2.75835,0.290068
175.449977324,0.117424,0.0086733,2.95702,0,0,0.0734935,0.0302781,3.4273,0.331696,0.00781334,2.66453,0.187765
175.496417234,0.412147,0,2.70759,0,0.0670436,0.0731181,0.0571443,3.42451,0.0854221,0.00689293,2.20509,0.0592207
175.542857143,0.467892,0,2.36906,0,0.180838,0.0549154,0.0779174,3.51145,0.0644307,0.00898147,1.98589,0.00342812
175.589297052,0.190761,0,2.27678,0,0.279539,0.0898196,0.0271043,3.70039,0.0561221,0.00894961,2.09899,0
175.635736961,0,0,2.3438,0,0.349319,0.140651,0.0233825,3.57306,0.0619567,0.0107473,2.31358,0
175.682176871,0,0,2.38114,0,0.359857,0.113072,0.0440766,3.47019,0.0668883,0.0121743,2.49856,0.238246
175.728616780,0,0,2.34171,0,0.180487,0.0546481,0.0775588,3.659,0.0767545,0.0130119,2.73513,0.528703
175.775056689,0,0,2.47004,0,0.125318,0.04827,0.0355068,3.79263,0.0818337,0.0588214,2.98454,0.456183
175.821496599,0,0,2.3788,0,0.0400679,0.0547333,0.0282431,3.89161,0.0784589,0.0865627,2.99864,0.250808
175.867936508,0.0856837,0,2.29212,0.00244494,0.109006,0.0483419,0,3.91905,0.0578885,0.0794974,3.10187,0.0485646
175.914376417,0.0957847,0.00240577,2.16461,0.0135138,0.19797,0.0504104,0,4.07937,0.000974566,0.0875606,3.13977,0.0343198
175.960816327,0.000279377,0.000616683,2.26337,0.0462293,0.130667,0.099855,0.0351142,4.15765,0,0.0111123,2.98843,0
176.007256236,0.000441693,0,2.40502,0.0404664,0.00420874,0.12441,0.0411842,4.16171,0,0.0338057,2.9458,0.0606475
176.053696145,0.000267961,0.0779867,2.4168,0.105708,0.0198516,0.0908138,0.00957953,4.05424,0,0.0813396,3.00069,0.0913011
176.100136054,0.000181919,0.0263896,2.42272,0.0650578,0.0208433,0.0337133,0,3.8069,0,0.0924945,3.04006,0.109781
176.146575964,0.000447111,0.000775137,2.54064,0.0150104,0,0.00139748,0,3.66848,0.00281963,0.0760169,2.9193,0.108237
176.193015873,0.228547,0.00257173,2.41599,0.00542393,0.00341143,0.00265516,0.00610001,3.886,0,0.000979217,2.76972,0.0120536
176.239455782,0.233776,0.00273941,2.3082,0.0276979,0,0.0267493,0.0103214,4.07156,0,0.00267319,2.63691,0.0302125
176.285895692,0.138681,0.00279767,2.20004,0.0189641,0,0.0373676,0,4.17367,0,0.00248834,2.5345,0.0739159
176.332335601,0.0200623,0.00230023,2.24717,0,0,0.110464,0,4.07177,0.0182412,0.0493449,2.34582,0.0206952
176.378775510,0.000556046,0.000975126,2.30439,0.00350356,0,0.113314,0,4.13382,0.0472304,0.0746095,2.12563,0
176.425215420,0.000109053,0.0738033,2.18149,0.0296102,0,0.138668,0,4.28483,0.0908433,0.0109859,1.98039,0
176.471655329,0.00031757,0.284848,2.07854,0.0318464,0,0.0770035,0.00433627,4.23893,0.0681987,0.00767174,2.12521,0
176.518095238,0.000677573,0.386588,2.30833,0.00942661,0,0.0307876,0,4.09314,0.095309,0.0131263,2.29951,0
176.564535147,0.000682963,0.281935,2.3863,0.0039201,0,0.0379376,0,3.9475,0.0340705,0.0481124,2.56332,0
176.610975057,0.000541472,0.00156063,2.40059,0.00286312,0,0.0372427,0.00473818,3.91585,0,0.00433579,2.66118,0
176.657414966,0.000276398,0.00204089,2.34722,0.00307764,0,0.0349327,0.00869554,4.05957,0,0.00379367,2.71887,0
176.703854875,2.31142e-06,0.00165515,2.42734,0.00916231,0,0.0337659,0,3.9752,0.0316664,0.0835431,2.79026,0
176.750294785,0,0.000873197,2.45784,0.0109392,0.00154089,0.0297649,0.000165219,3.6335,0.0644281,0.0829583,2.85085,5.2387e-07
176.796734694,0,0.00128364,2.37122,0,0.0129606,0.0243961,0.0096413,3.84814,0.0835079,0.0458732,2.8566,9.42876e-06
176.843174603,0,0.00208748,2.44694,0,0.0123285,0.0320706,0.0196475,3.77572,0.0950436,0.0249288,2.88543,0
176.889614512,0.00041745,0.00160571,2.57845,0,0,0.0638114,0.0352921,3.69592,0.0850478,0.00849832,2.78229,0
176.936054422,0.000677891,0.0240813,2.61462,0,0,0.0769754,0.017268,3.72135,0,0.0077935,2.8017,0.0571453
176.982494331,0.000687565,0.0968304,2.47013,0.0114478,0.00605499,0.0744553,0.0127072,3.84757,0,0.00585325,2.97328,0.109551
177.028934240,0.237311,0.170848,2.33827,0.0211141,0.0247776,0.064838,0.00344766,3.79727,0.0275257,0.00427418,3.00071,0
177.075374150,0.268015,0.10629,2.54643,0.0326186,0.012287,0.064087,0,3.59692,0.0537095,0.0612581,2.99018,0
177.121814059,0.356687,0.101958,2.67609,0.0258731,0.00616181,0.0470639,0,3.41398,0.0531103,0.0978094,2.99102,0
177.168253968,0.228811,0.101396,2.62974,0.0178858,0.00260366,0.0332828,0,3.4886,0.051956,0.108767,2.98582,0
177.214693878,0.031321,0.0563045,2.30071,0.0137661,0.0041752,0.0339962,0,3.7938,0.142581,0.0666129,2.98628,0
177.261133787,0.0101204,0.0911737,2.36903,0.0153511,0.00832347,0.0398759,0,3.84964,0.122949,0.00161137,2.88722,0.0606471
177.307573696,0.000399042,0.00406635,2.5371,0,0.017307,0.0530339,0,3.76271,0.075068,0.00184616,2.8765,0.0575706
177.354013605,0.000615073,0.00345299,2.56365,0,0.0138938,0.0633076,0,3.73323,0.217671,0.00146277,2.81645,0
177.400453515,0.00054429,0.00289284,2.41711,0,0.00229511,0.0676126,0,3.81891,0.0639051,0.0621741,2.72866,0
177.446893424,0.0291898,0.0022777,2.23834,0,0,0.0719282,0.00328506,4.02203,0.0334156,0.0940978,2.59022,0
177.493333333,0.128863,0.00243541,2.25645,0,0,0.0912534,0.00226759,3.91367,0.0219429,0.10329,2.54963,0
177.539773243,0.253799,0.00227813,2.21922,0.0173495,0,0.122374,0.0230253,3.71724,0,0.0925764,2.65898,0
177.586213152,0.27225,0.00161996,2.12315,0.0354459,0,0.0691987,0.0346549,3.77532,0,0.00787279,2.71319,0
177.632653061,0.0891637,0.00071935,2.44042,0.0166727,0,0.0748959,0.0349888,3.59446,0.381326,0.00641563,2.66813,0.0901646
177.679092971,0.129771,0.120865,2.6844,0.0144253,0.0185008,0.0713137,0,3.56635,0.461974,0.00678908,2.53819,0.0746728
177.725532880,0.000492127,0.0340099,2.76071,0,0.0204621,0.0618103,0,3.78678,0.293445,0.0466163,2.50093,0.0944329
177.771972789,0.000687332,0.00157838,2.6295,0,0,0.0490811,0,3.86386,0.310961,0.128495,2.65726,0.0301016
177.818412698,0.000539716,0.00273173,2.47672,0,0,0.0347607,0.0127537,3.99245,0.0928785,0.0317664,2.83318,0
177.864852608,0.000379146,0.00307587,2.42974,0,0,0.0238129,0.0180533,3.97951,0,0.00309986,2.94545,0
177.911292517,0.000241696,0.00316672,2.39744,0,0,0.0369767,0.0192831,4.05513,0,0.00912135,2.97185,0
177.957732426,0.0014109,0.00310678,2.35318,0,0,0.0559121,0.024731,4.1906,0,0.0247892,2.93154,0
178.004172336,0,0.00311978,2.35949,0.0239437,0,0.0509091,0.0270536,4.15352,0,0.0173272,2.90917,0
178.050612245,0.000261133,0.0033155,2.43225,0.0523035,0,0.0439824,0.0214742,3.93876,0,0.000233547,2.87844,0
178.097052154,0.00053096,0.00280359,2.37633,0.0700321,0,0.0411841,0.0228775,3.81337,0,0,2.8345,0
178.143492063,0.000584469,0.00174802,2.26145,0.0471339,0,0.0445458,0.0338203,3.80717,0,0,2.79856,0.136399
178.189931973,0.000564735,0.000999301,2.18951,0.00264129,0,0.0509681,0.0473927,3.93745,0,0.000853697,2.69466,0.0983839
178.236371882,0.000567252,0.000589351,2.22531,0.00609451,0,0.0466507,0.0583379,4.02015,0,0.00276291,2.57657,0.085
178.282811791,0.000348442,0.15483,2.2621,0.00959594,0.00600972,0.0482046,0.0495824,4.02979,0.129342,0.00580596,2.44706,0.028881
178.329251701,0.000148718,0.355536,2.24462,0.0121765,0.0212162,0.0416474,0.0137383,4.1201,0.0199537,0.00864803,2.31996,0
178.375691610,0.0166523,0.391648,2.27812,0,0.0239541,0.069912,0.010615,4.23875,0.0396204,0.00908105,2.24734,0
178.422131519,0.000204169,0.342613,2.18976,0,0.0267317,0.0709151,0,4.30601,0.0529474,0.0104266,2.60525,0.0675765
178.468571429,9.96084e-05,0.0818485,2.16995,0.00179089,0.0267597,0.0771046,0,4.16813,0.0451299,0.0105314,2.7857,0.0623213
178.515011338,0.243662,0,2.31573,0.00409978,0.0249098,0.0768669,0,3.85234,0.02253,0.0083008,2.63655,0.100085
178.561451247,0.292086,0.0267258,2.47585,0.0116311,0.0240966,0.0791301,0,3.51646,0,0.00665274,2.47889,0.105688
178.607891156,0.0893874,0.0680431,2.54911,0.0105476,0.0197066,0.0771947,0,3.41485,0,0.00603112,2.53164,0.114608
178.654331066,0.0189508,0.169628,2.65655,0.0137493,0.0177241,0.072074,0,3.30332,0,0.00413383,2.57725,0.113745
178.700770975,0,0.0839883,2.71031,0.0127782,0,0.0773203,0.0450864,3.21961,0,0.00257975,2.52714,0.0823058
178.747210884,0,0.0196356,2.63178,0.0217435,0,0.061084,0.0483681,3.40971,0.00604384,0.00118726,2.47841,0.0676239
178.793650794,3.09661e-05,0.0150059,2.45228,0.00418987,0,0.0559236,0.0433774,3.81565,0.0315325,0.00541467,2.48943,0.0181396
178.840090703,0,0,2.48023,0,0,0.0714798,0.053315,4.00773,0.0216564,0.03311,2.51581,0
178.886530612,0,0.0412405,2.53202,0.00633101,0.0211945,0.0786645,0.0159937,4.05521,0,0.0471386,2.53535,0
178.932970522,0.0615695,0.0740726,2.51393,0.0169175,0.00407166,0.0690717,0.00307019,3.9623,0,0.00106457,2.58354,0.0702491
178.979410431,0.122824,0.101784,2.42562,0.0169756,0.00700406,0.0527358,0.00859152,4.02107,0,0,2.67816,0
179.025850340,0.0821425,0.129602,2.33338,0.0728718,0.0299653,0.0547151,0.00570137,4.06622,0,0,2.82678,0
179.072290249,0.000209904,0.13795,2.43072,0.0689291,0.0233408,0.0581783,0.00649327,3.72355,0,0.0384223,3.00894,0
179.118730159,0.0258821,0.132775,2.39642,0.0699943,0.0250755,0.0560644,0.00901657,3.57829,0.0279104,0.0334087,3.09774,0
179.165170068,0.232103,0,2.48071,0,0.0171389,0.0700408,0.0229517,3.27829,0.0406175,0.018289,3.05054,0
179.211609977,0.217139,0.000280122,2.51484,0.0533333,0.00410919,0.0765908,0.0308889,3.17273,0.0730604,0.0337745,2.94469,0.00899816
179.258049887,0.210178,0.00148919,2.4786,0,0.00469412,0.0780601,0.0317552,3.09084,0.254531,0.0358664,2.85593,0
179.304489796,0.203392,0.00168327,2.57589,0,0.00915685,0.0816394,0.0264671,3.10898,0.381002,0.0492227,2.73413,0
179.350929705,0.121788,0.00355283,2.55446,0.034353,0.0127541,0.0919444,0.0235729,3.34553,0.0802553,0.0489812,2.70135,0.117759
179.397369615,0.0802703,0.0024052,2.52064,0.0109949,0.00404697,0.0952308,0.0298325,3.60157,0,0.0824762,2.7246,0.27323
179.443809524,0.0410633,0.00267812,2.39732,0.00859675,0,0.0801942,0.0344934,3.86286,0,0.00751849,2.79041,0.303299
179.490249433,0.0455664,0.000825447,2.2919,0.00158309,0,0.0649969,0.0244331,3.97431,0.0810975,0.00807866,2.73316,0.185706
179.536689342,0.103429,0.0584698,2.16992,0.00522407,0,0.0729789,0.0253342,3.99842,0.291334,0.0774645,2.65781,0.00147882
179.583129252,0.000310927,0.0864622,2.30677,0,0.00906402,0.0806861,0.0249564,4.03236,0.36556,0.0838111,2.62772,0
179.629569161,0.000609834,0.00179957,2.5744,0,0.0147604,0.0752314,0.00596887,3.83299,0.402277,0.0657334,2.58725,0
179.676009070,0.000625353,0.00261903,2.65717,0,0.015955,0.0778925,0,3.73941,0.323294,0.126833,2.49313,0
179.722448980,0.0005759,0.00254237,2.71337,0.0751314,0.0180167,0.0626503,0.229198,3.68502,0,0.19421,2.36812,0
179.768888889,0.000619629,0.0323943,2.65757,0.0661535,0.0166375,0.0551736,0.207393,3.81862,0,0.118816,2.41105,0
179.815328798,0.000716256,0.214486,2.51413,0,0.0156454,0.0513026,0.0928205,3.89163,0,0.0525586,2.60452,0
179.861768707,0.000855092,0.169351,2.57003,0,0,0.0544414,0.0404143,3.86886,0,0.0679757,2.69432,0.00170311
179.908208617,0.000869851,0.189556,2.53044,0,0,0.0470121,0.0554722,3.91935,0.000125982,0.0932678,2.77635,0
179.954648526,0.000553226,0.177599,2.37455,0.00987576,0,0.0553663,0.0513655,4.19302,0.0278572,0.0858548,2.8268,0
180.001088435,0.140884,0.125669,2.3627,0.00306015,0,0.0695368,0.0289221,4.15222,0.0806211,0.0442659,2.8003,7.46055e-05
180.047528345,0.147448,0.106851,2.35509,0.00243822,0.0129188,0.0611988,0.013192,4.05085,0.0613064,0,2.79869,0
180.093968254,0,0.150944,2.16278,0,0.0243402,0.0635738,0.0140005,4.17253,0.0670283,0,2.81934,0
180.140408163,0.000149494,0.199221,2.06047,0,0.0259035,0.0525275,0.0342369,4.04631,0.106892,0.0271143,2.79183,0
180.186848073,0.000452305,0.24428,2.18962,0,0.0144813,0.0519002,0,3.88798,0.0991469,0.0549868,2.78911,0
180.233287982,0.000463937,0.297869,2.32199,0,0,0.0457115,0,3.79859,0.101364,0.0645002,2.75216,0
180.279727891,0.000195744,0.0631605,2.37057,0,0,0.0395424,0.0237726,3.77263,0.0525445,0.00816975,2.67624,0
180.326167800,0.0685739,0.00307719,2.4972,0.026788,0,0.0443345,0.0273449,3.75645,0,0.0104535,2.45903,0.0777343
180.372607710,0.000392389,0.00318021,2.57171,0.0608379,0,0.0540859,0.0169828,3.66689,0,0.010938,2.42946,0.109575
180.419047619,0.000663737,0.030715,2.5982,0.0148802,0,0.0617571,0,3.5006,0.045924,0.0094971,2.56747,0.087599
180.465487528,0.000571913,0.00764874,2.42195,0.0131546,0,0.0613424,0.000577567,3.82558,0.00784327,0.00875178,2.6154,0.0503274
180.511927438,0.000547991,0.000112353,2.35889,0.0154208,0,0.0650081,0.0302805,3.85488,0,0.00864787,2.59624,0
180.558367347,0.022743,0.00192544,2.36184,0.0123452,0,0.0708477,0.0204221,3.61669,0.00751056,0.0102832,2.55318,0
180.604807256,0.134136,0.00231234,2.60287,0.0148952,0,0.0732015,0,3.42217,0.0325658,0.00972859,2.65204,0
180.651247166,0.212923,0.00247824,2.69601,0,0,0.0756142,0.0012606,3.11521,0.0285455,0.00531501,2.74711,0
180.697687075,0,0,0,0,0,0,0,0,0,0,0,0
180.744126984,0,0,0,0,0,0,0,0,0,0,0,0
180.790566893,0,0,0,0,0,0,0,0,0,0,0,0
180.837006803,0,0,0,0,0,0,0,0,0,0,0,0
180.883446712,0,0,0,0,0,0,0,0,0,0,0,0
180.929886621,0,0,0,0,0,0,0,0,0,0,0,0
180.976326531,0,0,0,0,0,0,0,0,0,0,0,0
181.022766440,0,0,0,0,0,0,0,0,0,0,0,0
181.069206349,0,0,0,0,0,0,0,0,0,0,0,0
181.115646259,0,0,0,0,0,0,0,0,0,0,0,0