"year","Track URI","Track Name","Album Name","Artist Name(s)","Release Date","Duration (ms)","Popularity","Explicit","Added By","Added At","Genres","Record Label","Danceability","Energy","Key","Loudness","Mode","Speechiness","Acousticness","Instrumentalness","Liveness","Valence","Tempo","Time Signature","Track Name Unique"
"2018","spotify:track:5uMheiXWd6KBFpkO8tvgfw","My City","My City","AFROJACK;DISTO","2018-05-18",180964,10,TRUE,NA,2018-12-24 13:20:15,"edm,big room","Wall Recordings",0.35,0.9,4,-4.113,0,0.12,0.00398,0.0594,0.264,0.279,127.891,4,"My City"
"2018","spotify:track:5ZR2E5XDiAPVOHTSsHmiXQ","DNA._2018","DAMN. COLLECTORS EDITION.","Kendrick Lamar","2017-12-08",185946,0,TRUE,NA,2018-12-24 13:20:15,"hip hop,west coast hip hop","Aftermath III JV",0.638,0.523,1,-6.664,1,0.357,0.00454,0,0.0842,0.422,139.913,4,"DNA._2018"
"2018","spotify:track:2dlEdDEmuQsrcXaAL3Znzi","You Make My Dreams (Come True)","The Essential Daryl Hall & John Oates","Daryl Hall & John Oates","2005-04-25",190706,57,FALSE,NA,2018-12-24 13:20:15,"yacht rock,soft rock","Legacy Recordings",0.737,0.569,5,-6.702,1,0.0552,0.261,0.308,0.046,0.912,167.202,4,"You Make My Dreams (Come True)"
"2018","spotify:track:5t2km0Knhxaq78R26FaiV9","Light It Up","Light It Up","Hardwell;Suyano;Richie Loop","2018-09-14",163593,0,FALSE,NA,2018-12-24 13:20:15,"big room,edm,progressive house,electronica,moombahton,dancehall,psytrance","Revealed Recordings",0.667,0.952,11,-3.412,0,0.0538,0.0182,0,0.0746,0.365,128.064,4,"Light It Up"
"2018","spotify:track:0Dp88Y1J8uqC8DwpknXCu5","Ain't No Mountain High Enough","Diamond Diana: The Legacy Collection","Diana Ross","2017-11-17",215200,0,FALSE,NA,2018-12-24 13:20:15,"motown,disco","Universal Music Group",0.389,0.775,0,-5.077,0,0.0433,0.189,0.00117,0.35,0.392,98.817,4,"Ain't No Mountain High Enough"
"2018","spotify:track:4ut5G4rgB1ClpMTMfjoIuy","High On Life (feat. Bonn)","High On Life (feat. Bonn)","Martin Garrix;Bonn","2018-07-29",230761,70,FALSE,NA,2018-12-24 13:20:15,"edm,progressive house,electronica","Epic Amsterdam",0.414,0.486,6,-6.431,0,0.0311,0.0129,0,0.111,0.368,128.038,4,"High On Life (feat. Bonn)"
"2018","spotify:track:5T8EDUDqKcs6OSOwEsfqG7","Don't Stop Me Now - Remastered 2011","Jazz (2011 Remaster)","Queen","1978-11-10",209413,84,FALSE,NA,2018-12-24 13:20:15,"classic rock,rock,glam rock","EMI",0.559,0.868,5,-5.276,1,0.17,0.0475,0.000176,0.776,0.609,156.295,4,"Don't Stop Me Now - Remastered 2011"
"2018","spotify:track:3T6R0ppqCnUW6iJhtUYhO3","The Logical Song - Remastered 2010_2018","Breakfast In America (Deluxe Edition)","Supertramp","1979-03-29",251253,0,FALSE,NA,2018-12-24 13:20:15,"progressive rock,classic rock","Universal Music Group",0.625,0.758,5,-6.213,0,0.0463,0.512,0.00022,0.153,0.695,119.719,4,"The Logical Song - Remastered 2010_2018"
"2018","spotify:track:2nvC4i2aMo4CzRjRflysah","In My Place_2018","A Rush of Blood to the Head","Coldplay","2002-08-27",226680,76,FALSE,NA,2018-12-24 13:20:15,NA,"Parlophone Records Limited",0.424,0.588,9,-5.455,1,0.0278,0.0553,4.95e-06,0.298,0.193,144.636,4,"In My Place_2018"
"2018","spotify:track:1E1uGhNdBe6Dddbgs2KqtZ","Jumpsuit_2018","Trench","Twenty One Pilots","2018-10-05",238560,68,FALSE,NA,2018-12-24 13:20:15,NA,"Fueled By Ramen",0.62,0.61,11,-8.329,0,0.0373,0.00849,0.162,0.205,0.235,127.052,4,"Jumpsuit_2018"
"2018","spotify:track:0ipLnUeK5PODrTKyT3wVGT","Shoop","Very Necessary","Salt-N-Pepa","1993-10-12",248573,0,FALSE,NA,2018-12-24 13:20:15,"old school hip hop","Universal Music Group",0.939,0.68,0,-7.29,1,0.219,0.0881,0,0.0554,0.81,96.916,4,"Shoop"
"2018","spotify:track:2T43UrvAg60ubJVo5KQ3t7","Come and Get Your Love (Rerecorded)_2018","The Best of Redbone","Redbone","2010-03-05",208306,62,FALSE,NA,2018-12-24 13:20:15,"native american music","K-Tel",0.793,0.481,2,-14.246,1,0.0279,0.227,0.00127,0.06,0.97,107.744,4,"Come and Get Your Love (Rerecorded)_2018"
"2018","spotify:track:4ZgGzEmSTRjJ2dqxHhibP0","Save Yourself","Sick Boy...Save Yourself","The Chainsmokers;NGHTMRE","2018-08-24",210626,0,FALSE,NA,2018-12-24 13:20:15,"dubstep,edm,edm trap,future bass","Disruptor Records/Columbia",0.617,0.856,4,-5.222,0,0.0353,0.00101,0.00645,0.0893,0.103,146.021,4,"Save Yourself"
"2018","spotify:track:5v4o42r2nTxqiLCEghAVap","Get Loose","Get Loose","Showtek;Noisecontrollers","2013",334299,34,FALSE,NA,2018-12-24 13:20:15,"hardstyle,big room,electronica,edm,frenchcore,hardcore","OWSLA",0.413,0.953,1,-3.609,1,0.132,0.00021,0.667,0.217,0.166,136.341,4,"Get Loose"
"2018","spotify:track:2PS19zZcoFrMCZFqtcvIXz","Trumpets","Trumpets","Timmy Trumpet;Lady Bee","2018-08-10",150857,0,FALSE,NA,2018-12-24 13:20:15,"melbourne bounce,big room,moombahton,future house","Hussle Recordings",0.742,0.906,0,-5.722,1,0.0939,0.00726,0.00343,0.0757,0.603,105.025,4,"Trumpets"
"2018","spotify:track:7yYLIIScUpH76gDKUyFahn","Uluwatu","Uluwatu","Dropgun;Jesse Wilde","2018-06-01",157447,27,FALSE,NA,2018-12-24 13:20:15,"future house,big room,melbourne bounce","Dharma",0.307,0.946,6,-1.826,0,0.07,0.00159,0.608,0.0842,0.0943,139.877,4,"Uluwatu"
"2018","spotify:track:5Zpe48RJ5Vs1YuFRodYdeS","Game Over","Game Over","Martin Garrix;LOOPERS","2018-04-20",155644,44,FALSE,NA,2018-12-24 13:20:15,"edm,progressive house,electronica,bass house,future house,big room","Epic Amsterdam",0.606,0.941,1,-3.203,1,0.0895,0.00401,0.136,0.398,0.396,128.018,4,"Game Over"
"2018","spotify:track:0zSikR336ROg778SbJ8XtH","HUMBLE._2018","DAMN. COLLECTORS EDITION.","Kendrick Lamar","2017-12-08",177000,0,TRUE,NA,2018-12-24 13:20:15,"hip hop,west coast hip hop","Aftermath III JV",0.908,0.621,1,-6.638,0,0.102,0.000282,5.39e-05,0.0958,0.421,150.011,4,"HUMBLE._2018"
"2018","spotify:track:5o0RoCEFMDrQg0xy0i6t20","Groeien - Radio Edit","Groeien (Radio Edit)","Paul Elstak;Dr Phunk;Joel Beukers","2018-08-10",158844,37,FALSE,NA,2018-12-24 13:20:15,"happy hardcore,gabber,hardcore,hardstyle,hardcore techno,frenchcore,big room,hard techno","Foolish",0.617,0.876,7,-4.165,1,0.136,0.163,0,0.807,0.226,154.931,4,"Groeien - Radio Edit"
"2018","spotify:track:5Qw6359qWB9JdwIXYS0lxj","Project T - Martin Garrix Remix","Project T (Martin Garrix Remix)","Dimitri Vegas & Like Mike;Sander van Doorn;Martin Garrix","2013-10-14",312197,0,FALSE,NA,2018-12-24 13:20:15,"big room,electronica,edm,progressive house","Spinnin' Records",0.561,0.725,9,-7.212,0,0.042,0.00358,0.857,0.0872,0.117,127.993,4,"Project T - Martin Garrix Remix"
"2018","spotify:track:75iGW6GTfBU7j6ldQNAvu4","Anthem (feat. Kris Kiss)","Anthem (feat. Kris Kiss)","Hardwell;Steve Aoki;Kris Kiss","2018-04-13",163125,0,FALSE,NA,2018-12-24 13:20:15,"big room,edm,progressive house,electronica,electro house,future house","Dim Mak",0.652,0.969,10,-4.051,1,0.105,0.00464,3.12e-05,0.297,0.185,128.012,4,"Anthem (feat. Kris Kiss)"
"2018","spotify:track:1CnN9udhDokm7lARZjMji2","Killer Queen - Remastered 2011","Sheer Heart Attack (2011 Remaster)","Queen","1974-11-08",179600,0,FALSE,NA,2018-12-24 13:20:15,"classic rock,rock,glam rock","Universal Music Group",0.535,0.651,10,-6.326,1,0.0544,0.391,0,0.133,0.612,117.218,4,"Killer Queen - Remastered 2011"
"2018","spotify:track:0aLv63homTj05lpyh2kvyC","Lessons In Love - Headhunterz Remix","Lessons In Love (Headhunterz Remix)","Kaskade;Neon Trees;Headhunterz","2012",408000,0,FALSE,NA,2018-12-24 13:20:15,"edm,hardstyle,frenchcore,melbourne bounce,big room,hardcore","541",0.48,0.858,7,-4.096,1,0.0548,0.0546,0.0171,0.655,0.411,150.003,4,"Lessons In Love - Headhunterz Remix"
"2018","spotify:track:52ma4xbdvmhQ5Vw81V8fc5","Touch (feat. BISHØP)","Touch (feat. BISHØP)","Raven & Kreyn;BISHØP","2018-08-03",155624,16,FALSE,NA,2018-12-24 13:20:15,"future house,bass house,big room","SPRS",0.631,0.949,1,-4.134,0,0.0977,0.000801,0.00318,0.291,0.297,127.98,4,"Touch (feat. BISHØP)"
"2018","spotify:track:7ouMYWpwJ422jRcDASZB7P","Knights of Cydonia","Black Holes and Revelations","Muse","2006-06-28",366213,71,FALSE,NA,2018-12-24 13:20:15,"alternative rock,rock","Warner Records",0.366,0.963,11,-5.301,0,0.142,0.000273,0.0122,0.115,0.211,137.114,4,"Knights of Cydonia"
"2018","spotify:track:3qrEG6rQ9Qm72MNWeUKKiU","Wham Bam Shang-A-Lang","Silver","Silver","1976",212840,71,FALSE,NA,2018-12-24 13:20:15,NA,"Arista/Legacy",0.65,0.759,1,-4.932,1,0.0355,0.353,0,0.155,0.943,121.454,4,"Wham Bam Shang-A-Lang"
"2018","spotify:track:3iua7Qv6SauKb6AIRErIDE","Terror Squad","Reanimated EP","Zomboy","2013-09-09",257142,38,FALSE,NA,2018-12-24 13:20:15,"dubstep,riddim,dub,deathstep,drumstep,bass music,edm","Never Say Die Records",0.633,0.98,1,-3.384,1,0.0959,0.00296,0.0358,0.844,0.567,140.045,4,"Terror Squad"
"2018","spotify:track:389MC596K4IN35zaHAyuYz","Scared To Be Lonely - Brooks Remix","Scared To Be Lonely Remixes Vol. 1","Martin Garrix;Dua Lipa;Brooks","2017-03-17",200624,45,FALSE,NA,2018-12-24 13:20:15,"edm,progressive house,electronica,pop,future house","Epic Amsterdam",0.604,0.796,1,-2.416,0,0.0597,0.0126,0,0.106,0.225,127.991,4,"Scared To Be Lonely - Brooks Remix"
"2018","spotify:track:4s2rzq6ZpCfg5ODq0z79QG","Don't Let Me Down - W&W Remix","Don't Let Me Down (Remixes)","The Chainsmokers;Daya;W&W","2016-05-27",195093,50,FALSE,NA,2018-12-24 13:20:15,"big room,edm","Disruptor Records/Columbia",0.431,0.877,8,-5.677,0,0.121,0.041,0.00128,0.126,0.484,159.897,4,"Don't Let Me Down - W&W Remix"
"2018","spotify:track:5Z9wQWhRhNs50E4aAlmRRw","Krishna","Krishna","Dropgun","2018-02-02",160176,25,FALSE,NA,2018-12-24 13:20:15,"future house,big room","Dharma",0.408,0.902,1,-2.024,1,0.0489,0.0254,0.556,0.136,0.101,108.844,3,"Krishna"
"2018","spotify:track:2BY7ALEWdloFHgQZG6VMLA","Brandy (You're a Fine Girl)","Looking Glass","Looking Glass","1972",189044,75,FALSE,NA,2018-12-24 13:20:15,"yacht rock","Epic/Legacy",0.716,0.625,1,-11.369,0,0.0601,0.396,1.97e-05,0.134,0.826,125.276,4,"Brandy (You're a Fine Girl)"
"2018","spotify:track:6oh9UTCsoT7kxbiK9Fz9bq","Sleepwalker (Virtu Remix)","Ashes (Remixes)","ILLENIUM;Joni Fatora;VIRTU","2016-12-16",235500,0,FALSE,NA,2018-12-24 13:20:15,"melodic bass,future bass,edm","Seeking Blue",0.498,0.75,10,-7.556,1,0.0989,0.0622,7.63e-06,0.117,0.216,159.986,4,"Sleepwalker (Virtu Remix)"
"2018","spotify:track:2HChtLDbJnnaeyS1gCjOWV","Switch","Switch","Tommy Jayden;Revealed Recordings","2018-06-08",175312,0,FALSE,NA,2018-12-24 13:20:15,"future house,bass house,big room,progressive house,edm","Revealed Recordings",0.737,0.778,5,-3.681,0,0.0677,0.0203,0.559,0.304,0.283,127.992,4,"Switch"
"2018","spotify:track:6YyheKQwKEkGtZPHC49JxM","Lessons In Love - Headhunterz Remix Radio Edit","Lessons In Love (Headhunterz Remix)","Kaskade;Neon Trees;Headhunterz","2012",182577,0,FALSE,NA,2018-12-24 13:20:15,"edm,hardstyle,frenchcore,melbourne bounce,big room,hardcore","541",0.47,0.893,11,-3.855,0,0.0435,0.073,0.00297,0.333,0.6,149.898,4,"Lessons In Love - Headhunterz Remix Radio Edit"
"2018","spotify:track:7b64ZTgp6AOEKm8tFc8qq6","Descarado - Radio edit","Descarado","Kriss-One","2018-06-22",170624,17,FALSE,NA,2018-12-24 13:20:15,"latin house","E-traxx records",0.527,0.963,7,-4.037,1,0.113,0.0211,0.00672,0.747,0.519,128.044,4,"Descarado - Radio edit"
"2018","spotify:track:1Vbi3VW07BwaMruQiUIQpL","I'm Heavy_2018","I'm Heavy","LOOPERS","2018-09-21",178173,18,FALSE,NA,2018-12-24 13:20:15,"bass house,future house,big room","STMPD RCRDS",0.728,0.858,5,-4.523,1,0.107,0.00149,0.143,0.0759,0.553,129.996,4,"I'm Heavy_2018"
"2018","spotify:track:2TmoOuYeG3A6gXVfV9I8la","Voltage","Voltage","NWYR","2017-06-12",183181,28,FALSE,NA,2018-12-24 13:20:15,"big room,trance","NWYR Music",0.302,0.893,7,-4.226,0,0.103,0.000915,0.461,0.512,0.191,131.941,4,"Voltage"
"2018","spotify:track:5v3mBaerfr6GTB2inKxq7M","Eternal Flame - Single Version","Atomic Kitten","Atomic Kitten","2003-04-22",193520,39,FALSE,NA,2018-12-24 13:20:15,NA,"Innocent",0.579,0.609,3,-6.391,1,0.0297,0.0362,0.003,0.0695,0.495,83.923,4,"Eternal Flame - Single Version"
"2018","spotify:track:3KuUYvIPhTfjFV9KSfXru7","Long Way Down","Long Way Down","W&W;Darren Styles;Giin","2018-05-07",203001,44,FALSE,NA,2018-12-24 13:20:15,"big room,edm,happy hardcore,hardstyle,hardcore techno","Mainstage Music",0.443,0.918,1,-3.464,0,0.0528,0.00321,0.00753,0.132,0.277,160.043,4,"Long Way Down"
"2018","spotify:track:5FM2zyvBsSQtx9HXZ8dFsc","I Will Survive - Extended Version","Disco Nights","Gloria Gaynor","2001-01-01",194840,33,FALSE,NA,2018-12-24 13:20:15,"disco","Universal Music Group International",0.77,0.692,0,-10.944,1,0.0533,0.0132,0.0192,0.34,0.649,115.953,4,"I Will Survive - Extended Version"
"2018","spotify:track:0fgLB3x4AqMd3Pgdm0j6vD","Bring It Down","Bring It Down","Dyro","2018-06-01",184761,18,FALSE,NA,2018-12-24 13:20:15,"electro house,big room,edm","STMPD RCRDS",0.579,0.955,1,-2.974,1,0.0439,0.00314,0.577,0.387,0.524,125.914,4,"Bring It Down"
"2018","spotify:track:1X82c14ZLMF7FMSHsoZ7F5","Propaganda - TJR & Nom De Strip Remix","Propaganda","DJ Snake","2016-02-19",229480,33,FALSE,NA,2018-12-24 13:20:15,NA,"DJ Snake Def Jam",0.589,0.968,5,-3.188,1,0.0454,0.00011,0.911,0.637,0.377,129.998,4,"Propaganda - TJR & Nom De Strip Remix"
"2018","spotify:track:2RlgNHKcydI9sayD2Df2xp","Mr. Blue Sky_2018","Out of the Blue","Electric Light Orchestra","1977",303820,82,FALSE,NA,2018-12-24 13:20:15,"art rock,soft rock","Epic/Legacy",0.388,0.338,10,-10.054,1,0.0329,0.652,3.73e-06,0.248,0.478,177.765,4,"Mr. Blue Sky_2018"
"2018","spotify:track:4DGSugyqDWeRFJv4WpVXm9","MacArthur Park - Single Version","Walk Away - Collector's Edition The Best Of 1977-1980","Donna Summer","1980-01-01",235333,0,FALSE,NA,2018-12-24 13:20:15,"disco,hi-nrg","Universal Music Group",0.565,0.683,4,-10.607,0,0.0464,0.0683,0.000167,0.025,0.438,131.676,4,"MacArthur Park - Single Version"
"2018","spotify:track:6qpt8RfvSz67i1UzPusvFt","9 to 5","Deadpool 2 (Original Motion Picture Soundtrack)","Dolly Parton","2018-05-18",165426,42,FALSE,NA,2018-12-24 13:20:15,"country,classic country","Columbia",0.506,0.856,6,-4.201,1,0.044,0.465,0,0.495,0.773,104.103,4,"9 to 5"
"2018","spotify:track:0s3nnoMeVWz3989MkNQiRf","Lucid Dreams","Goodbye & Good Riddance","Juice WRLD","2018-05-23",239835,1,TRUE,NA,2018-12-24 13:20:15,"melodic rap,emo rap","Juice WRLD Mixtape / ISR P&D",0.511,0.566,6,-7.23,0,0.2,0.349,0,0.34,0.218,83.903,4,"Lucid Dreams"
"2018","spotify:track:7kv7zBjMtVf0eIJle2VZxn","Southern Nights","Southern Nights","Glen Campbell","1977-01-01",180026,76,FALSE,NA,2018-12-24 13:20:15,"classic country","Capitol Records",0.697,0.813,11,-8.89,0,0.0315,0.0989,0.0232,0.583,0.85,95.301,4,"Southern Nights"
"2018","spotify:track:5HeKOKc4phmLn8e4I7EkzD","My Blood","Trench","Twenty One Pilots","2018-10-05",229120,70,FALSE,NA,2018-12-24 13:20:15,NA,"Fueled By Ramen",0.749,0.723,1,-6.609,1,0.0432,0.0563,0.022,0.0977,0.674,108.999,4,"My Blood"
"2018","spotify:track:3cx6mhzKNKpRtZ1X0SX8lT","Weird","Weird","TV Noise","2018-06-29",164761,12,FALSE,NA,2018-12-24 13:20:15,"bass house","STMPD RCRDS",0.907,0.917,1,-4.5,1,0.119,0.000716,0.175,0.0448,0.445,126.039,4,"Weird"
"2018","spotify:track:1pydK9Ku0PfTwLyJOGFFQB","We Control The Sound - Original Mix","We Control The Sound","W&W;Headhunterz","2014-11-11",329342,24,FALSE,NA,2018-12-24 13:20:15,"big room,edm,hardstyle,frenchcore,melbourne bounce,hardcore","Mainstage Music",0.456,0.93,2,-4.332,1,0.179,0.00156,0.688,0.109,0.248,130.882,4,"We Control The Sound - Original Mix"
"2018","spotify:track:7lQ8MOhq6IN2w8EYcFNSUk","Without Me","The Eminem Show","Eminem","2002-05-26",290320,89,TRUE,NA,2018-12-24 13:20:15,"rap,hip hop","Eminem Catalog PS",0.908,0.669,7,-2.827,1,0.0738,0.00286,0,0.237,0.662,112.238,4,"Without Me"
"2018","spotify:track:2HIxJkX0LdWzuvVIQ2VecS","Police (You Ain't Ready)","Police (You Ain't Ready)","Hardwell;Kura;Anthony B","2017-07-26",153428,0,FALSE,NA,2018-12-24 13:20:15,"big room,edm,progressive house,electronica,reggae,roots reggae,ragga,dancehall,riddim","Revealed Recordings",0.644,0.985,1,-3.098,1,0.255,0.00989,0,0.582,0.38,140.053,4,"Police (You Ain't Ready)"
"2018","spotify:track:3AJwUDP919kvQ9QcozQPxg","Yellow","Parachutes","Coldplay","2000-07-10",266773,91,FALSE,NA,2018-12-24 13:20:15,NA,"Parlophone UK",0.429,0.661,11,-7.227,1,0.0281,0.00239,0.000121,0.234,0.285,173.372,4,"Yellow"
"2018","spotify:track:2TSd55BFGI75LVW00mm3c2","Magic - 2003 Remaster","A's, B's And Rarities","Pilot","2004-12-06",186733,46,FALSE,NA,2018-12-24 13:20:15,"glam rock","Parlophone UK",0.395,0.566,9,-7.379,0,0.0387,0.23,0,0.2,0.757,203.337,4,"Magic - 2003 Remaster"
"2018","spotify:track:07TeYiDPE8nUM5rHinBddZ","Yes / No Goodbye","The Mystifying Oracle","Ghastly","2018-05-04",128400,0,FALSE,NA,2018-12-24 13:20:15,"bass house,dubstep,riddim,edm","Ghastly",0.558,0.732,2,-6.497,1,0.0401,0.0557,0.0146,0.45,0.0467,99.975,4,"Yes / No Goodbye"
"2018","spotify:track:4Ium8ruFwyhmFNR5i18pBr","Coming Home","Coming Home","Tiësto;Mesto","2018-03-28",136874,0,FALSE,NA,2018-12-24 13:20:15,"edm,trance,big room,house,future house","Musical Freedom",0.803,0.947,0,-2.961,0,0.0583,0.0228,0.528,0.195,0.549,128.01,4,"Coming Home"
"2018","spotify:track:0a5JptQEIM5ViM5HlV5eRk","WOLV","WOLV","Dyro","2014-08-25",245548,32,FALSE,NA,2018-12-24 13:20:15,"electro house,big room,edm","WOLV",0.541,0.887,7,-3.714,0,0.0683,4.32e-05,0.249,0.322,0.244,130.03,4,"WOLV"
"2018","spotify:track:1hQFF33xi8ruavZNyovtUN","December, 1963 (Oh What a Night!)","Who Loves You","The Four Seasons","1975",197146,75,FALSE,NA,2018-12-24 13:20:15,NA,"Rhino",0.737,0.495,1,-13.489,1,0.027,0.0588,9.12e-06,0.0542,0.967,104.409,4,"December, 1963 (Oh What a Night!)"
"2018","spotify:track:1eLSF6HfrRA0AsNmTkUlKx","King's Dead (with Kendrick Lamar, Future & James Blake)","Black Panther The Album Music From And Inspired By","Jay Rock;Kendrick Lamar;Future;James Blake","2018-02-09",225266,58,TRUE,NA,2018-12-24 13:20:15,"hip hop,west coast hip hop,rap","Black Panther (TDE/DMG) PS",0.566,0.724,1,-4.573,1,0.323,0.00104,0,0.158,0.408,81.772,4,"King's Dead (with Kendrick Lamar, Future & James Blake)"
"2018","spotify:track:799ZJmqIOCy589IzlTZ0Wy","Dusk Till Dawn (feat. Sia) - Brooks Remix","Dusk Till Dawn (The Remixes) (feat. Sia)","ZAYN;Sia;Brooks","2017-09-29",202500,47,FALSE,NA,2018-12-24 13:20:15,"future house,edm","RCA Records Label",0.409,0.772,11,-3.234,0,0.0851,0.0384,0,0.0539,0.392,126.146,4,"Dusk Till Dawn (feat. Sia) - Brooks Remix"
"2018","spotify:track:3nc420PXjTdBV5TN0gCFkS","Ocean (feat. Khalid)","Ocean (feat. Khalid)","Martin Garrix;Khalid","2018-06-15",216419,66,FALSE,NA,2018-12-24 13:20:15,"edm,progressive house,electronica","Epic Amsterdam",0.506,0.693,0,-7.265,0,0.0412,0.584,9.58e-05,0.0891,0.221,139.912,4,"Ocean (feat. Khalid)"
"2018","spotify:track:5INKIG4QNuD4xq7qZcfPzp","Bandito","Trench","Twenty One Pilots","2018-10-05",330986,63,FALSE,NA,2018-12-24 13:20:15,NA,"Fueled By Ramen",0.661,0.52,11,-8.367,0,0.028,0.256,0.0246,0.105,0.427,127.089,4,"Bandito"
"2018","spotify:track:4xhcyUmVCNu0T9xB3eyed1","Make The World Ours","Victory Forever EP","Hardwell","2017-06-30",248000,0,FALSE,NA,2018-12-24 13:20:15,"big room,edm,progressive house,electronica","Q-dance Records",0.522,0.969,5,-3.468,0,0.307,0.00945,0.0766,0.433,0.199,149.973,4,"Make The World Ours"
"2018","spotify:track:57bgtoPSgt236HzfBOd8kj","Thunderstruck","The Razors Edge","AC/DC","1990-09-24",292333,88,FALSE,NA,2018-12-24 13:20:15,"rock,hard rock,classic rock,rock and roll","Columbia",0.502,0.89,4,-5.175,1,0.0364,0.000147,0.0117,0.217,0.259,133.52,4,"Thunderstruck"
"2018","spotify:track:44nDouUXDEd1eno4rrhedW","Slow Down (Anthem Emporium 2013) - Radio Edit","Slow Down (Anthem Emporium 2013)","Showtek","2013-04-05",207021,23,FALSE,NA,2018-12-24 13:20:15,"hardstyle,big room,electronica,edm","Spinnin' Records",0.581,0.956,11,-3.349,0,0.041,0.00611,0.824,0.0978,0.301,129.967,4,"Slow Down (Anthem Emporium 2013) - Radio Edit"
"2018","spotify:track:2xLMifQCjDGFmkHkpNLD9h","SICKO MODE_2018","ASTROWORLD","Travis Scott","2018-08-03",312820,83,TRUE,NA,2018-12-24 13:20:15,"rap","Cactus Jack / Epic",0.834,0.73,8,-3.714,1,0.222,0.00513,0,0.124,0.446,155.008,4,"SICKO MODE_2018"
"2018","spotify:track:3fpVWegR6YOS1Yk5HSMYIq","Paranoid","beerbongs & bentleys","Post Malone","2018-04-27",221786,63,FALSE,NA,2018-12-24 13:20:15,NA,"Republic Records",0.62,0.535,0,-5.428,1,0.0775,0.038,2.46e-05,0.167,0.25,159.872,4,"Paranoid"
"2018","spotify:track:0QnjeIN25VdTuwykISJIlJ","The Things We Do For Love","Deceptive Bends (Remastered version)","10cc","1977",209266,0,FALSE,NA,2018-12-24 13:20:15,"yacht rock,art rock,glam rock","Universal Music Group",0.514,0.542,1,-9.854,1,0.0585,0.146,0,0.0375,0.737,105.252,4,"The Things We Do For Love"
"2018","spotify:track:2jt2WxXMCD4zjACthkJQVE","The Ringer","Kamikaze","Eminem","2018-08-31",337941,63,TRUE,NA,2018-12-24 13:20:15,"rap,hip hop","Eminem Catalog PS",0.939,0.551,1,-9.126,1,0.291,0.0311,0,0.192,0.42,118.552,4,"The Ringer"
"2018","spotify:track:4oLMf4gez3Yx9oy2BOIoTW","Phobia","Phobia","Radiology","2018-04-13",169697,18,FALSE,NA,2018-12-24 13:20:15,"progressive house,big room","Dharma",0.61,0.945,7,-3.222,1,0.0467,0.0836,0.0101,0.0971,0.268,128.035,4,"Phobia"
"2018","spotify:track:78WVLOP9pN0G3gRLFy1rAa","Piano Man","Piano Man","Billy Joel","1973-11-09",339290,61,FALSE,NA,2018-12-24 13:20:15,"soft rock","Columbia",0.334,0.477,0,-8.806,1,0.0276,0.618,4.17e-06,0.312,0.405,179.239,3,"Piano Man"
"2018","spotify:track:5vdp5UmvTsnMEMESIF2Ym7","Another One Bites The Dust - Remastered 2011","The Game (2011 Remaster)","Queen","1980-06-27",214653,83,FALSE,NA,2018-12-24 13:20:15,"classic rock,rock,glam rock","EMI",0.933,0.528,5,-6.472,0,0.161,0.112,0.312,0.163,0.754,109.967,4,"Another One Bites The Dust - Remastered 2011"
"2018","spotify:track:55GxhCTq6SY3tFTVh7z1nR","Dancing In The Moonlight","Dancing In The Moonlight","King Harvest","1973-01-01",178045,58,FALSE,NA,2018-12-24 13:20:15,NA,"Universal Music Division Mercury Records",0.653,0.719,10,-5.262,1,0.0363,0.684,0,0.408,0.682,136.153,4,"Dancing In The Moonlight"
"2018","spotify:track:18cCBvygH6yEFDY0cYN3wT","Divinity","Worlds","Porter Robinson;Amy Millan","2014-08-08",368373,52,FALSE,NA,2018-12-24 13:20:15,"edm,electronic","Astralwerks (ASW)",0.496,0.55,2,-5.418,1,0.034,0.00755,0.0122,0.0814,0.144,90.036,4,"Divinity"
"2018","spotify:track:08mG3Y1vljYA6bvDt4Wqkj","Back In Black","Back In Black","AC/DC","1980-07-25",256000,86,FALSE,NA,2018-12-24 13:20:15,"rock,hard rock,classic rock,rock and roll","Columbia",0.31,0.7,9,-5.678,1,0.047,0.011,0.00965,0.0828,0.763,188.386,4,"Back In Black"
"2018","spotify:track:4yQpMgnJSWXdjrZr8B8XZz","Countdown - Original Mix","Countdown","Hardwell;MAKJ","2013-10-21",278437,0,FALSE,NA,2018-12-24 13:20:15,"big room,edm,progressive house,electronica,melbourne bounce","Revealed Recordings",0.769,0.977,7,-2.703,1,0.0969,0.0688,0.89,0.0778,0.207,128.005,4,"Countdown - Original Mix"
"2018","spotify:track:1DnSZ9M8uvX0UebR3dmBNI","Easy","Commodores","Commodores","1977-01-01",256426,0,FALSE,NA,2018-12-24 13:20:15,"motown,classic soul","Universal Music Group",0.589,0.384,10,-15.075,0,0.0332,0.112,2.8e-05,0.0596,0.354,132.909,4,"Easy"
"2018","spotify:track:0cjjmKf9zEHDdVMjrlaHZX","You & I","You & I","Mike Williams;Dastic","2017-11-27",179413,34,FALSE,NA,2018-12-24 13:20:15,"future house,big room,edm","Spinnin' Records",0.636,0.723,6,-3.693,0,0.0385,0.181,0.00142,0.0844,0.476,123.948,4,"You & I"
"2018","spotify:track:2pYZbplpa2gdrfkogJwXyt","90s By Nature (feat. MC Ambush) - Radio Mix","90s By Nature (feat. MC Ambush) [Radio Mix]","Showtek;MC Ambush","2015-01-12",169430,0,FALSE,NA,2018-12-24 13:20:15,"hardstyle,big room,electronica,edm","SKINK",0.689,0.864,9,-5.413,1,0.0353,0.228,0.00513,0.199,0.454,128.01,4,"90s By Nature (feat. MC Ambush) - Radio Mix"
"2018","spotify:track:7w9bgPAmPTtrkt2v16QWvQ","Lose Yourself - From ""8 Mile"" Soundtrack","Curtain Call (Deluxe)","Eminem","2005-12-06",326466,13,TRUE,NA,2018-12-24 13:20:15,"rap,hip hop","Universal Music Group",0.701,0.728,2,-4.554,1,0.255,0.00971,0.00115,0.361,0.0591,171.388,4,"Lose Yourself - From ""8 Mile"" Soundtrack"
"2018","spotify:track:3Fcfwhm8oRrBvBZ8KGhtea","Viva La Vida_2018","Viva La Vida or Death and All His Friends","Coldplay","2008-06-19",242373,74,FALSE,NA,2018-12-24 13:20:15,NA,"Parlophone UK",0.486,0.617,5,-7.115,0,0.0287,0.0954,3.23e-06,0.109,0.417,138.015,4,"Viva La Vida_2018"
"2018","spotify:track:45yEy5WJywhJ3sDI28ajTm","Here Comes The Sun - Remastered","Abbey Road (Remastered)","The Beatles","1969-09-26",185733,2,FALSE,NA,2018-12-24 13:20:15,"classic rock,psychedelic rock","EMI Catalogue",0.557,0.54,9,-10.484,1,0.0347,0.0339,0.00248,0.179,0.394,129.171,4,"Here Comes The Sun - Remastered"
"2018","spotify:track:1PYsy4cGp3egbeaQDjIGIa","Yottabyte","BYLAW EP","Martin Garrix","2018-10-19",210004,39,FALSE,NA,2018-12-24 13:20:15,"edm,progressive house,electronica","Epic Amsterdam",0.634,0.632,5,-4.52,0,0.0313,0.0129,0.000453,0.116,0.449,128.075,4,"Yottabyte"
"2018","spotify:track:0bGvZuukKkV5u6tJtTcjli","Funnel Of Love","Let's Have A Party (The Very Best Of Wanda Jackson)","Wanda Jackson","2011-05-03",131039,0,FALSE,NA,2018-12-24 13:20:15,"rockabilly,psychobilly,rock and roll","Varese Sarabande",0.598,0.675,0,-8.566,1,0.0398,0.541,0,0.286,0.928,135.102,4,"Funnel Of Love"
"2018","spotify:track:53GO7SC0UJhG8Rcuvf5Zub","Welcome to the Party (with Lil Pump, Juicy J, Famous Dex, & French Montana) - Remix","Welcome to the Party (with Lil Pump, Juicy J, Famous Dex, & French Montana) [Remix]","Diplo;Juicy J;Famous Dex;Lil Pump;French Montana","2018-07-27",182826,45,TRUE,NA,2018-12-24 13:20:15,"moombahton,crunk","Columbia",0.693,0.893,2,-0.257,1,0.15,0.0829,0,0.0921,0.515,171.971,4,"Welcome to the Party (with Lil Pump, Juicy J, Famous Dex, & French Montana) - Remix"
"2018","spotify:track:68OpE5s8lsKLldbYLu5Vek","Zoutelande_2018","Aan","BLØF","2017-05-19",219546,0,FALSE,NA,2018-12-24 13:20:15,"nederpop,hollands","BLØF",0.664,0.697,6,-6.427,0,0.027,0.0879,7.02e-05,0.148,0.913,128.96,4,"Zoutelande_2018"
"2018","spotify:track:77UjLW8j5UAGAGVGhR5oUK","Pray For Me (with Kendrick Lamar)","Black Panther The Album Music From And Inspired By","The Weeknd;Kendrick Lamar","2018-02-09",211440,68,TRUE,NA,2018-12-24 13:20:15,"hip hop,west coast hip hop","Black Panther (TDE/DMG) PS",0.735,0.677,2,-4.979,1,0.0932,0.0756,2.17e-05,0.111,0.187,100.563,4,"Pray For Me (with Kendrick Lamar)"
"2018","spotify:track:0qRR9d89hIS0MHRkQ0ejxX","Rich Girl","Bigger Than Both Of Us","Daryl Hall & John Oates","1976-08-01",142786,77,FALSE,NA,2018-12-24 13:20:15,"yacht rock,soft rock","RCA Records Label",0.573,0.683,5,-6.644,1,0.176,0.461,0,0.0935,0.817,169.519,4,"Rich Girl"
"2018","spotify:track:2QsXx7k1no8naCHWPx1DGi","Scream","Scream","TV Noise","2018-08-17",162656,13,FALSE,NA,2018-12-24 13:20:15,"bass house","STMPD RCRDS",0.649,0.924,1,-3.422,1,0.0557,0.000648,0.299,0.101,0.691,128.02,4,"Scream"
"2018","spotify:track:3yJS9oU5yl72mI20sZ8cLe","This Time (feat. Noctilucent)","Synapse EP","Murtagh;Noctilucent","2017-01-23",280923,0,FALSE,NA,2018-12-24 13:20:15,"progressive house,chillstep","Tasty",0.37,0.68,7,-6.414,1,0.0391,0.416,0.00362,0.13,0.0355,131.894,4,"This Time (feat. Noctilucent)"
"2018","spotify:track:28FGV3ORH14MYORd7s5dlU","Not Alike (feat. Royce Da 5'9)","Kamikaze","Eminem;Royce Da 5'9""","2018-08-31",288086,61,TRUE,NA,2018-12-24 13:20:15,"rap,hip hop","Eminem Catalog PS",0.904,0.756,10,-3.746,1,0.32,0.0692,0,0.339,0.342,140.005,4,"Not Alike (feat. Royce Da 5'9)"
"2018","spotify:track:1ml3DHDWKMYaAjWy1NI5n2","Shine A Light","Shine A Light","Hardwell;Wildstylez;KiFi","2018-06-22",196216,0,FALSE,NA,2018-12-24 13:20:15,"big room,edm,progressive house,electronica,hardstyle,frenchcore,hardcore","Revealed Recordings",0.538,0.758,9,-2.773,0,0.0378,0.223,0,0.251,0.25,147.804,4,"Shine A Light"
"2018","spotify:track:4H0vmW05nwiAMO5k1tBeTE","Dancing in the Moonlight 2","Old Friends","King Harvest","2013",184666,0,FALSE,NA,2018-12-24 13:20:15,NA,"MondoTunes",0.734,0.578,0,-11.577,0,0.0374,0.295,0.0104,0.0763,0.929,131.04,4,"Dancing in the Moonlight 2"
"2018","spotify:track:7qf4uiDib5QRSFto3wHBS0","On The Move","On The Move","CALVO","2018-06-22",155624,45,FALSE,NA,2018-12-24 13:20:15,"future house","Armada Music",0.61,0.956,10,-3.926,0,0.0511,0.00526,0.642,0.0727,0.357,127.995,4,"On The Move"
"2018","spotify:track:7dsOFVXYce81r76fUMzVUx","Dessert - Remix","Dessert","Dawin;Silentó","2015-09-25",211240,0,FALSE,NA,2018-12-24 13:20:15,NA,"Universal Music Group",0.865,0.802,6,-3.802,1,0.0479,0.0637,1.76e-06,0.0669,0.701,97.004,4,"Dessert - Remix"
"2018","spotify:track:3iLzyDMXB7QXX2RjtmJFOn","Proxy","Proxy","Martin Garrix","2014-03-07",279384,52,FALSE,NA,2018-12-24 13:20:15,"edm,progressive house,electronica","Spinnin' Records",0.682,0.698,0,-5.679,1,0.0335,0.0087,0.834,0.237,0.257,128.059,4,"Proxy"
"2018","spotify:track:5Y7ztPw93VbAle55brM0jo","M.M.I.X.","Mylo Xyloto","Coldplay","2011-10-24",48466,42,FALSE,NA,2018-12-24 13:20:15,NA,"Parlophone UK",0.174,0.0613,2,-29.286,1,0.0538,0.939,0.867,0.095,0.154,126.857,3,"M.M.I.X."
"2018","spotify:track:7wBJfHzpfI3032CSD7CE2m","STARGAZING_2018","ASTROWORLD","Travis Scott","2018-08-03",270714,74,TRUE,NA,2018-12-24 13:20:15,"rap","Cactus Jack / Epic",0.487,0.789,8,-3.69,1,0.044,0.00947,4.05e-06,0.189,0.0564,150.007,4,"STARGAZING_2018"
"2018","spotify:track:08hm0V6cTsWDX62hW42sEv","Sick Boy_2018","Sick Boy","The Chainsmokers","2018-04-20",193893,0,FALSE,NA,2018-12-24 13:20:15,NA,"Disruptor Records/Columbia",0.548,0.58,11,-7.524,0,0.121,0.104,0,0.127,0.462,180.066,4,"Sick Boy_2018"
"2018","spotify:track:707GEWZec9HHkbz7bycP65","Blow Your Mind - Original Mix","Blow Your Mind","Tiësto;MOTi","2015-02-09",354933,0,FALSE,NA,2018-12-24 13:20:15,"edm,trance,big room,house,future house","Musical Freedom",0.534,0.803,7,-2.16,1,0.0489,0.00362,0.825,0.102,0.0641,127.939,4,"Blow Your Mind - Original Mix"
"2019","spotify:track:3bH4HzoZZFq8UpZmI2AMgV","New Light_2019","New Light","John Mayer","2018-05-10",216014,2,FALSE,NA,2019-12-12 22:26:39,"singer-songwriter","Snack Money",0.828,0.689,7,-7.878,1,0.0326,0.325,0.0384,0.0808,0.853,123.931,4,"New Light_2019"
"2019","spotify:track:4VqTRBvYg0z8C4nsl4Hupy","Sunflower - Spider-Man: Into the Spider-Verse_2019","Hollywood's Bleeding","Post Malone;Swae Lee","2019-09-06",157560,0,FALSE,NA,2019-12-12 22:26:39,NA,"Republic Records",0.755,0.522,2,-4.368,1,0.0575,0.533,0,0.0685,0.925,89.96,4,"Sunflower - Spider-Man: Into the Spider-Verse_2019"
"2019","spotify:track:0t3ZvGKlmYmVsDzBJAXK8C","Goodbyes (feat. Young Thug)_2019","Hollywood's Bleeding","Post Malone;Young Thug","2019-09-06",174853,77,TRUE,NA,2019-12-12 22:26:39,"rap,melodic rap,trap","Republic Records",0.547,0.653,5,-3.875,1,0.081,0.456,0,0.103,0.163,150.097,4,"Goodbyes (feat. Young Thug)_2019"
"2019","spotify:track:6u7jPi22kF8CTQ3rb9DHE7","Old Town Road (feat. Billy Ray Cyrus) - Remix","Old Town Road","Lil Nas X;Billy Ray Cyrus","2019-04-05",157066,3,FALSE,NA,2019-12-12 22:26:39,NA,"Columbia",0.878,0.619,6,-5.56,1,0.102,0.0533,0,0.113,0.639,136.041,4,"Old Town Road (feat. Billy Ray Cyrus) - Remix"
"2019","spotify:track:3QpkbrYXtlU3LRJu3sTK6V","Joy","Joy","Bastille","2019-05-02",192522,0,FALSE,NA,2019-12-12 22:26:39,NA,"Virgin Records Ltd",0.559,0.915,9,-4.811,1,0.132,0.222,0,0.113,0.361,117.914,4,"Joy"
"2019","spotify:track:51Fjme0JiitpyXKuyQiCDo","Lalala","Lalala","Y2K;bbno$","2019-06-28",160626,72,TRUE,NA,2019-12-12 22:26:39,NA,"Columbia",0.843,0.39,2,-7.899,1,0.0846,0.178,0,0.137,0.495,129.972,4,"Lalala"
"2019","spotify:track:3HVDrXFKGC2kfo4JfZmG1M","Mijn Club","Mijn Club","Kees Prins;Vincent van Warmerdam","2015-08-17",366946,0,FALSE,NA,2019-12-12 22:26:39,"hollands","WilmarMusic",0.306,0.691,2,-4.886,1,0.0578,0.246,0,0.384,0.234,197.251,3,"Mijn Club"
"2019","spotify:track:5XeIQO9gGkGo54naYVVeJP","Mr. Fear","BOUNCE INTO THE MUSIC","SIAMES","2016-08-02",246508,57,FALSE,NA,2019-12-12 22:26:39,NA,"SIAMÉS",0.638,0.659,11,-7.023,0,0.0277,0.0478,0.000195,0.459,0.665,107.991,4,"Mr. Fear"
"2019","spotify:track:2leIuE4fdcJoNMSKu5Yr7a","Staring At The Sun (feat. SZA)","Hollywood's Bleeding","Post Malone;SZA","2019-09-06",168280,0,TRUE,NA,2019-12-12 22:26:39,"r&b","Republic Records",0.724,0.772,6,-4.389,0,0.184,0.248,0,0.308,0.347,95.074,4,"Staring At The Sun (feat. SZA)"
"2019","spotify:track:6b2RcmUt1g9N9mQ3CbjX2Y","How Do You Sleep?","How Do You Sleep?","Sam Smith","2019-07-19",202204,67,FALSE,NA,2019-12-12 22:26:39,"soft pop","PLG - Capitol",0.561,0.682,1,-4.931,0,0.0856,0.153,0,0.0763,0.359,165.944,4,"How Do You Sleep?"
"2019","spotify:track:2nLgWMdYPO35GGpwX2xo23","Monophobia","mau5ville: Level 1","deadmau5;Rob Swire","2018-07-13",214670,0,FALSE,NA,2019-12-12 22:26:39,"edm,progressive house,dubstep,drum and bass","mau5trap Recordings Limited",0.545,0.747,6,-4.877,0,0.0429,0.00153,0.00397,0.135,0.224,128.045,4,"Monophobia"
"2019","spotify:track:75YepABRsjjwo7YLU5QA0X","OEFF","Yung Pokro","Yung Felix;Poke","2019-03-29",134083,46,TRUE,NA,2019-12-12 22:26:39,"moombahton","Noah's Ark BV",0.734,0.686,1,-5.227,0,0.24,0.0201,0.000362,0.127,0.655,120.328,4,"OEFF"
"2019","spotify:track:6MWtB6iiXyIwun0YzU6DFP","Wow.","Wow.","Post Malone","2018-12-24",149520,3,TRUE,NA,2019-12-12 22:26:39,NA,"Republic Records",0.833,0.539,11,-7.399,0,0.178,0.163,2.1e-06,0.101,0.385,99.947,4,"Wow."
"2019","spotify:track:58kZ9spgxmlEznXGu6FPdQ","Sick Boy_2019","Sick Boy","The Chainsmokers","2018-12-14",193200,64,FALSE,NA,2019-12-12 22:26:39,NA,"Disruptor Records/Columbia",0.663,0.577,11,-7.518,0,0.0531,0.109,0,0.12,0.454,89.996,4,"Sick Boy_2019"
"2019","spotify:track:4ua0IepBEISCWwF8dTJvcU","Ghosts 'n' Stuff","For Lack Of A Better Name","deadmau5;Rob Swire","2009-01-01",328253,59,FALSE,NA,2019-12-12 22:26:39,"edm,progressive house,dubstep,drum and bass","Mau5trap/Virgin",0.617,0.617,8,-6.941,1,0.122,3.97e-05,0.0598,0.253,0.517,127.996,4,"Ghosts 'n' Stuff"
"2019","spotify:track:2NRE8AQXIVxzNmwnBKOLBe","Loca","Loca","Alvaro Soler","2019-01-25",191129,31,FALSE,NA,2019-12-12 22:26:39,NA,"Sony Music Entertainment",0.794,0.579,5,-8.064,0,0.0432,0.0347,0,0.125,0.519,113.034,4,"Loca"
"2019","spotify:track:51MMC5DogGZAnHil5HQAXg","Circles","Hollywood's Bleeding","Post Malone","2019-09-06",215280,0,FALSE,NA,2019-12-12 22:26:39,NA,"Republic Records",0.695,0.762,0,-3.497,1,0.0395,0.192,0.00244,0.0863,0.553,120.042,4,"Circles"
"2019","spotify:track:2MMVw3XbLBGA3s4BV1Yjep","さよならごっこ","Play Goodbye","amazarashi","2019-02-13",270880,0,FALSE,NA,2019-12-12 22:26:39,"anime,j-rock,j-pop","NITRON concepts",0.62,0.716,6,-5.07,0,0.079,0.381,0,0.176,0.599,146.979,4,"さよならごっこ"
"2019","spotify:track:6fTt0CH2t0mdeB2N9XFG5r","Panini","7","Lil Nas X","2019-06-21",114893,65,FALSE,NA,2019-12-12 22:26:39,NA,"Columbia",0.703,0.594,5,-6.146,0,0.0752,0.342,0,0.123,0.475,153.848,4,"Panini"
"2019","spotify:track:4n7jnSxVLd8QioibtTDBDq","On My Way","On My Way","Alan Walker;Sabrina Carpenter;Farruko","2019-03-21",193797,73,TRUE,NA,2019-12-12 22:26:39,"pop,reggaeton,trap latino","Kreatell Music",0.509,0.689,1,-4.929,0,0.102,0.0209,0,0.301,0.297,170.087,4,"On My Way"
"2019","spotify:track:12k0NUMsOO9SK7CnY5ABkU","Ik Sta Jou Beter","Ik Sta Jou Beter","Kris Kross Amsterdam;Nielson","2019-07-26",176524,43,FALSE,NA,2019-12-12 22:26:39,"hollands,nederpop","Spinnin' Records",0.705,0.728,4,-5.299,0,0.0774,0.0915,0,0.282,0.376,100.924,4,"Ik Sta Jou Beter"
"2019","spotify:track:77Y7tccX9Hx5iClDr39uy9","Hollywood's Bleeding","Hollywood's Bleeding","Post Malone","2019-09-06",156266,0,FALSE,NA,2019-12-12 22:26:39,NA,"Republic Records",0.405,0.646,4,-3.206,0,0.0476,0.331,0,0.103,0.17,130.218,4,"Hollywood's Bleeding"
"2019","spotify:track:4SDgTLDYrJ2UrHbkRkg7MD","Panini - DaBaby Remix","Panini","Lil Nas X;DaBaby","2019-09-13",151040,58,FALSE,NA,2019-12-12 22:26:39,NA,"Columbia",0.717,0.598,5,-5.613,0,0.0809,0.22,0,0.122,0.496,153.905,4,"Panini - DaBaby Remix"
"2019","spotify:track:3xaugmCyXrVkrDTXbFkMW3","Sanctuary","Sanctuary","Joji","2019-06-14",180018,1,FALSE,NA,2019-12-12 22:26:39,NA,"88rising Music/Warner Records",0.552,0.65,1,-7.199,1,0.128,0.422,0.000275,0.372,0.316,167.788,4,"Sanctuary"
"2019","spotify:track:0pzzHVScTeyjERAvxH1pyS","Avond","De Avonden","Boudewijn de Groot","2005-01-01",273920,33,FALSE,NA,2019-12-12 22:26:39,"nederpop,hollands","Universal Music, a division of Universal International Music BV",0.487,0.377,0,-14.908,1,0.0411,0.613,0.000766,0.137,0.168,99.208,4,"Avond"
"2019","spotify:track:2Fxmhks0bxGSBdJ92vM42m","bad guy_2019","WHEN WE ALL FALL ASLEEP, WHERE DO WE GO?","Billie Eilish","2019-03-29",194087,82,FALSE,NA,2019-12-12 22:26:39,NA,"Darkroom/Interscope Records",0.701,0.425,7,-10.965,1,0.375,0.328,0.13,0.1,0.562,135.128,4,"bad guy_2019"
"2019","spotify:track:6bJ9c5VIx8jbf5U34qHAFm","Big Man","Big Man","Sevn Alias;Mula B;Trobi","2019-02-08",163125,46,TRUE,NA,2019-12-12 22:26:39,NA,"1OAK Entertainment",0.769,0.737,11,-6.458,0,0.17,0.000491,0.00802,0.471,0.631,96.041,4,"Big Man"
"2019","spotify:track:4heFQCyiW0RUEX1Q1lb008","Different World (feat. CORSAK)","Different World","Alan Walker;K-391;Sofia Carson;CORSAK","2018-12-14",202906,58,FALSE,NA,2019-12-12 22:26:39,"chinese r&b","Kreatell Music",0.602,0.752,7,-4.931,0,0.0361,0.0638,0,0.13,0.331,130.037,4,"Different World (feat. CORSAK)"
"2019","spotify:track:4BV8ZyGLSNpt12q3OiZlOX","4 Life","4 Life","Jonna Fraser;Lil Kleine;$hirak","2019-07-11",195511,43,TRUE,NA,2019-12-12 22:26:39,NA,"Noah's Ark BV",0.933,0.47,5,-8.263,0,0.222,0.0824,0.000375,0.078,0.136,105.041,4,"4 Life"
"2019","spotify:track:0taBVXnPJpCucnlj8Xi9V6","Geef Mij Je Angst","Voor Jou","Andre Hazes","1983-01-01",259026,55,FALSE,NA,2019-12-12 22:26:39,"hollands,nederpop","Universal Music, a division of Universal International Music BV",0.439,0.478,7,-9.168,0,0.0278,0.136,0,0.2,0.321,139.638,4,"Geef Mij Je Angst"
"2019","spotify:track:2t8yVaLvJ0RenpXUIAC52d","a lot","i am > i was","21 Savage","2018-12-21",288624,80,TRUE,NA,2019-12-12 22:26:39,NA,"Slaughter Gang, LLC/Epic Records",0.837,0.636,1,-7.643,1,0.086,0.0395,0.00125,0.342,0.274,145.972,4,"a lot"
"2019","spotify:track:6alIH9pO3MTVW56AzSuDGj","DomDoen_2019","DomDoen","Henkie T;Jonna Fraser","2019-06-28",156081,43,TRUE,NA,2019-12-12 22:26:39,NA,"Quatro Vision",0.806,0.69,3,-7.74,0,0.123,0.0939,0,0.0768,0.83,100.111,4,"DomDoen_2019"
"2019","spotify:track:3spdoTYpuCpmq19tuD0bOe","My Way_2019","My Way (Expanded Edition)","Frank Sinatra","1969-03",276800,78,FALSE,NA,2019-12-12 22:26:39,"christmas,big band,adult standards,swing music,jazz,vocal jazz","FRANK SINATRA DIGITAL REPRISE",0.401,0.381,2,-7.458,1,0.0274,0.7,0,0.122,0.229,75.454,4,"My Way_2019"
"2019","spotify:track:5KawlOMHjWeUjQtnuRs22c","Boy With Luv (feat. Halsey)","MAP OF THE SOUL : PERSONA","BTS;Halsey","2019-04-12",229773,3,FALSE,NA,2019-12-12 22:26:39,"k-pop","BIGHIT MUSIC / HYBE",0.645,0.862,11,-4.757,0,0.0965,0.0923,0,0.192,0.798,119.991,4,"Boy With Luv (feat. Halsey)"
"2019","spotify:track:5pIlTStzsYk3h5Nnf7BWPw","ハグルマ","Haguruma","KANA-BOON","2019-03-06",218573,0,FALSE,NA,2019-12-12 22:26:39,"anime,j-rock,j-pop","Sony Music Labels Inc.",0.301,0.927,4,-3.79,0,0.0506,3.43e-05,0,0.211,0.594,82.469,4,"ハグルマ"
"2019","spotify:track:0rKtyWc8bvkriBthvHKY8d","SLOW DANCING IN THE DARK","BALLADS 1","Joji","2018-10-26",209273,4,TRUE,NA,2019-12-12 22:26:39,NA,"88rising Music/Warner Records",0.515,0.479,3,-7.458,1,0.0261,0.544,0.00598,0.191,0.284,88.964,4,"SLOW DANCING IN THE DARK"
"2019","spotify:track:2OKo7g3KfmCt3kyLvUAL0g","The Search","The Search","NF","2019-05-30",248040,69,FALSE,NA,2019-12-12 22:26:39,"christian hip hop","NF Real Music",0.789,0.786,2,-4.788,1,0.297,0.596,0,0.0997,0.39,119.957,4,"The Search"
"2019","spotify:track:6UFEJuDXQMWhL5UH5f9fUR","Enemies (feat. DaBaby)","Hollywood's Bleeding","Post Malone;DaBaby","2019-09-06",196760,1,TRUE,NA,2019-12-12 22:26:39,NA,"Republic Records",0.542,0.674,6,-4.169,1,0.21,0.0588,0,0.0955,0.667,76.388,4,"Enemies (feat. DaBaby)"
"2019","spotify:track:4Tvw0lweq9l2JPQKFbpbBQ","Better When You're Gone","Better When You're Gone","David Guetta;Brooks;Loote","2019-02-08",192402,57,FALSE,NA,2019-12-12 22:26:39,"edm,future house","Parlophone (France)",0.647,0.795,1,-3.548,0,0.0372,0.0635,0,0.188,0.409,127.992,4,"Better When You're Gone"
"2019","spotify:track:7nHeBk3OsoBCLlQNpSxEgn","Face My Fears (Japanese Version)","Face My Fears","Hikaru Utada;Skrillex","2019-01-18",222017,41,FALSE,NA,2019-12-12 22:26:39,"j-pop,j-r&b,anime,dubstep,edm,electro,electronic","NITRON concepts",0.626,0.729,1,-6.785,0,0.102,0.0135,0,0.133,0.441,159.762,3,"Face My Fears (Japanese Version)"
"2019","spotify:track:1ZreCbCSHpRcvqYpXlxnYC","The Wolf","BOUNCE INTO THE MUSIC","SIAMES","2016-08-02",186945,65,FALSE,NA,2019-12-12 22:26:39,NA,"SIAMÉS",0.544,0.742,8,-5.117,1,0.0283,0.000633,0.000392,0.207,0.659,96.012,4,"The Wolf"
"2019","spotify:track:5519RhpzObr9Mn3iqoeodJ","Come and Get Your Love","The Essential Redbone","Redbone","2003-01-01",300200,59,FALSE,NA,2019-12-12 22:26:39,"native american music","Epic/Legacy",0.674,0.785,11,-6.126,0,0.0535,0.127,7.9e-05,0.0764,0.853,105.543,4,"Come and Get Your Love"
"2019","spotify:track:2LkaNhCrNVmcYgXJeLVmsw","The Sound of Silence","The Graduate","Simon & Garfunkel","1968-01-21",185440,0,FALSE,NA,2019-12-12 22:26:39,"folk rock,folk","Columbia",0.435,0.456,6,-10.305,1,0.0279,0.136,1.62e-06,0.124,0.529,107.529,4,"The Sound of Silence"
"2019","spotify:track:0ZDkMMdWTw9ykmmIGUVnrS","Zo Kan Het Dus Ook","Zo Kan Het Dus Ook","Maan","2019-07-12",154436,5,FALSE,NA,2019-12-12 22:26:39,"nederpop,hollands","8ball Music",0.579,0.671,6,-5.901,1,0.119,0.57,0,0.217,0.842,91.764,4,"Zo Kan Het Dus Ook"
"2019","spotify:track:1E1uGhNdBe6Dddbgs2KqtZ","Jumpsuit_2019","Trench","Twenty One Pilots","2018-10-05",238560,68,FALSE,NA,2019-12-12 22:26:39,NA,"Fueled By Ramen",0.62,0.61,11,-8.329,0,0.0373,0.00849,0.162,0.205,0.235,127.052,4,"Jumpsuit_2019"
"2019","spotify:track:1UH4viviUjZnS9aWgPGrk0","La vie en rose - Single Version","The Best Of The Decca Years Volume One: The Singer","Louis Armstrong","1989-01-01",204400,57,FALSE,NA,2019-12-12 22:26:39,"jazz,swing music,vocal jazz,big band","Geffen*",0.579,0.0766,0,-12.544,1,0.0582,0.866,0.00411,0.091,0.271,70.354,4,"La vie en rose - Single Version"
"2019","spotify:track:5ftdTvmQjjsL23t7jxADfI","Brazil","Brazil","Declan McKenna","2015-12-04",254305,57,FALSE,NA,2019-12-12 22:26:39,NA,"High Quality Popular Music",0.689,0.617,4,-5.196,1,0.029,0.0918,2.08e-05,0.0816,0.682,121.062,4,"Brazil"
"2019","spotify:track:6Zc5f20q7sOe1IC1c1jQvZ","Without Me (with Juice WRLD)","Without Me (with Juice WRLD)","Halsey;Juice WRLD","2019-01-09",228816,1,TRUE,NA,2019-12-12 22:26:39,"melodic rap,emo rap","Capitol Records",0.744,0.514,6,-6.103,1,0.0746,0.355,0,0.184,0.449,136.013,4,"Without Me (with Juice WRLD)"
"2019","spotify:track:5w9c2J52mkdntKOmRLeM2m","Con Calma","Con Calma","Daddy Yankee;Snow","2019-01-24",193226,81,FALSE,NA,2019-12-12 22:26:39,"reggaeton,latin","Craft Latino",0.737,0.86,8,-2.652,0,0.0593,0.11,1.94e-06,0.0574,0.656,93.989,4,"Con Calma"
"2019","spotify:track:6iRXOuVt9bOdGr3nohzddj","RUNAWAY","RUNAWAY","half•alive","2019-06-13",161759,0,FALSE,NA,2019-12-12 22:26:39,NA,"half·alive/RCA Records",0.752,0.598,0,-5.617,0,0.0482,0.00368,0.00165,0.0651,0.592,131.967,4,"RUNAWAY"
"2019","spotify:track:7uH27oIt4a6cIFCA8ZPcyG","Baila Baila Baila","Baila Baila Baila","Ozuna","2019-01-05",158400,2,FALSE,NA,2019-12-12 22:26:39,"reggaeton,trap latino,latin,urbano latino","VP Records Corp/Dimelo Vi",0.816,0.754,11,-2.75,0,0.111,0.0361,0,0.217,0.533,99.966,4,"Baila Baila Baila"
"2019","spotify:track:6ho0GyrWZN3mhi9zVRW7xi","Losing It_2019","Losing It","FISHER","2018-07-13",248035,74,FALSE,NA,2019-12-12 22:26:39,"tech house,house","Fisher - Follow the FISH, LLC",0.76,0.964,2,-5.844,1,0.0577,0.00181,0.703,0.0975,0.643,125.003,4,"Losing It_2019"
"2019","spotify:track:3Gypwxzrov1uVkswB7sSSy","The Veldt - 8 Minute Edit","5 years of mau5","deadmau5;Chris James","2014-11-21",521916,30,FALSE,NA,2019-12-12 22:26:39,"edm,progressive house,dubstep","Virgin Records Ltd",0.742,0.625,9,-9.177,1,0.0322,0.159,0.443,0.0686,0.337,128.025,4,"The Veldt - 8 Minute Edit"
"2019","spotify:track:1Xi84slp6FryDSCbzq4UCD","Arcade","Arcade","Duncan Laurence","2019-03-07",183624,76,FALSE,NA,2019-12-12 22:26:39,NA,"Universal Music, a division of Universal International Music BV",0.459,0.331,9,-12.603,0,0.0421,0.817,0.00104,0.135,0.271,72.023,3,"Arcade"
"2019","spotify:track:3XVBdLihbNbxUwZosxcGuJ","If I Ain't Got You","The Diary Of Alicia Keys","Alicia Keys","2003-12-02",228706,84,FALSE,NA,2019-12-12 22:26:39,"r&b,neo soul","J Records",0.609,0.444,7,-9.129,1,0.106,0.603,6.86e-06,0.104,0.166,118.402,3,"If I Ain't Got You"
"2019","spotify:track:6gzIcEUuswJQGfJNPYMjjv","Hard Work Pays Off","Future & Juice WRLD Present... WRLD ON DRUGS","Future;Juice WRLD","2018-10-19",224506,62,TRUE,NA,2019-12-12 22:26:39,"rap,melodic rap,emo rap","Epic/Freebandz/Grade A/Interscope",0.736,0.482,4,-8.242,1,0.196,0.327,0,0.229,0.608,140.064,4,"Hard Work Pays Off"
"2019","spotify:track:411fSfMfrNGxVsIGK3drHT","Herres","Herres","Sevn Alias","2019-05-02",173641,44,FALSE,NA,2019-12-12 22:26:39,NA,"1OAK Entertainment",0.851,0.865,1,-4.339,1,0.235,0.0109,0.00352,0.346,0.866,130.015,4,"Herres"
"2019","spotify:track:7C39RtGhnEw7cyf0Pyw7PV","Saint-Tropez","Hollywood's Bleeding","Post Malone","2019-09-06",150866,0,TRUE,NA,2019-12-12 22:26:39,NA,"Republic Records",0.617,0.684,0,-3.618,1,0.0439,0.0545,0,0.104,0.295,132.113,4,"Saint-Tropez"
"2019","spotify:track:6X8HX33uK8ZVRXjdlQ4wCV","TikTok (feat. Boef)","Forever Lit (Deluxe)","Dopebwoy;SRNO;Boef","2019-06-27",178939,0,TRUE,NA,2019-12-12 22:26:39,NA,"Avalon Music",0.818,0.49,6,-7.459,1,0.274,0.094,0.00499,0.129,0.61,158.027,4,"TikTok (feat. Boef)"
"2019","spotify:track:1qfYG2JrchEyJiqKnkE7YQ","What You Know_2019","Tourist History","Two Door Cinema Club","2010-02-07",189693,3,FALSE,NA,2019-12-12 22:26:39,"indie,indie rock","Kitsune",0.55,0.753,6,-4.003,0,0.0407,0.000665,7.74e-06,0.0921,0.841,139.048,4,"What You Know_2019"
"2019","spotify:track:1Pz3QmQFBFuI60rxCQBeW6","Kills You Slowly","World War Joy...Kills You Slowly","The Chainsmokers","2019-03-29",213333,0,TRUE,NA,2019-12-12 22:26:39,NA,"Disruptor Records/Columbia",0.696,0.429,1,-8.736,0,0.0554,0.0518,0,0.128,0.242,149.967,4,"Kills You Slowly"
"2019","spotify:track:7evUPABneVddplechlReII","im closing my eyes (Feat. shiloh)","im closing my eyes","potsu;Shiloh","2017-05-17",118302,0,FALSE,NA,2019-12-12 22:26:39,"lo-fi,progressive house","Repost Network",0.895,0.109,0,-13.853,0,0.0996,0.534,0.549,0.106,0.546,134.067,4,"im closing my eyes (Feat. shiloh)"
"2019","spotify:track:3yNZ5r3LKfdmjoS3gkhUCT","bad guy (with Justin Bieber)","bad guy (with Justin Bieber)","Billie Eilish;Justin Bieber","2019-07-11",194839,63,FALSE,NA,2019-12-12 22:26:39,NA,"Darkroom/Interscope Records",0.67,0.453,0,-11.265,1,0.295,0.252,0.33,0.117,0.68,135.055,4,"bad guy (with Justin Bieber)"
"2019","spotify:track:1rCcsYnmqbMYdkG7kS9GC5","Speechless (feat. Erika Sirola)","Speechless (feat. Erika Sirola)","Robin Schulz;Erika Sirola","2018-11-16",214941,59,FALSE,NA,2019-12-12 22:26:39,"tropical house","WM Germany",0.574,0.728,1,-4.777,1,0.062,0.0161,1.42e-06,0.0851,0.266,125.047,4,"Speechless (feat. Erika Sirola)"
"2019","spotify:track:6yujzkpUNY3jRh8kLWHAPs","Heroes","Heroes","SUPERSPECIAL","2019-03-15",173333,0,FALSE,NA,2019-12-12 22:26:39,"future house","Desirmont",0.665,0.886,5,-3.093,1,0.0399,0.029,1.36e-05,0.118,0.512,126.032,4,"Heroes"
"2019","spotify:track:5wojyanOP6dtCtOMjcxI1i","Pump","Pump","Valentino Khan","2017-05-26",183750,48,FALSE,NA,2019-12-12 22:26:39,"bass house,moombahton,g-house","Ministry of Sound Recordings",0.806,0.945,6,-2.378,1,0.0482,0.00188,0.811,0.0662,0.696,127.984,4,"Pump"
"2019","spotify:track:3MckdkpumOZiX2efM3B266","EDM O' CLOCK","EDM O' CLOCK","TV Noise;Dillon Francis","2019-02-27",148571,26,TRUE,NA,2019-12-12 22:26:39,"bass house,moombahton,edm","STMPD RCRDS",0.805,0.895,1,-3.527,1,0.109,0.00159,0.124,0.44,0.196,126.042,4,"EDM O' CLOCK"
"2019","spotify:track:2GPKo5nrX2uwB8eSCebIIk","sincerely, yours","osho","Nohidea","2017-02-05",139684,0,FALSE,NA,2019-12-12 22:26:39,"lo-fi,lo-fi hip hop,lo-fi beats","alaya",0.605,0.396,5,-11.301,0,0.0509,0.8,0.872,0.141,0.622,80.957,4,"sincerely, yours"
"2019","spotify:track:1mC2UjWt25Oixtqu7C6suL","Don't Leave Me Alone (feat. Anne-Marie) - EDX's Indian Summer Remix","Don't Leave Me Alone (feat. Anne-Marie) [EDX's Indian Summer Remix]","David Guetta;Anne-Marie;EDX","2019-05-08",210967,41,FALSE,NA,2019-12-12 22:26:39,"edm,future house,house,progressive house,deep house","Parlophone (France)",0.684,0.818,4,-4.477,0,0.128,0.0469,3.39e-06,0.119,0.336,123.938,4,"Don't Leave Me Alone (feat. Anne-Marie) - EDX's Indian Summer Remix"
"2019","spotify:track:2FkQbpFk34QN97I3OHmfaA","Happier - Stripped","Happier (Stripped)","Marshmello;Bastille","2018-11-09",250506,0,FALSE,NA,2019-12-12 22:26:39,"edm","Astralwerks",0.629,0.308,5,-10.382,1,0.0339,0.744,0.000821,0.198,0.153,94.147,4,"Happier - Stripped"
"2019","spotify:track:6TodWdTSDfzwgYynTZSvJn","Midsummer Madness","Head In The Clouds","88rising;Joji;Rich Brian","2018-07-20",280841,1,TRUE,NA,2019-12-12 22:26:39,"indonesian hip hop","88rising Music/Warner Records",0.409,0.678,9,-7.731,1,0.0878,0.359,4.76e-06,0.167,0.168,89.968,4,"Midsummer Madness"
"2019","spotify:track:2XWjPtKdi5sucFYtVav07d","365","365","Zedd;Katy Perry","2019-02-14",181899,63,FALSE,NA,2019-12-12 22:26:39,"edm,pop","Interscope Records",0.745,0.693,2,-5.479,0,0.034,0.339,0,0.123,0.248,98.039,4,"365"
"2019","spotify:track:2T43UrvAg60ubJVo5KQ3t7","Come and Get Your Love (Rerecorded)_2019","The Best of Redbone","Redbone","2010-03-05",208306,62,FALSE,NA,2019-12-12 22:26:39,"native american music","K-Tel",0.793,0.481,2,-14.246,1,0.0279,0.227,0.00127,0.06,0.97,107.744,4,"Come and Get Your Love (Rerecorded)_2019"
"2019","spotify:track:0Lw6aQcBFWTQ9m4MSwwwes","Homicide","Homicide","Logic;Eminem","2019-05-03",245413,55,TRUE,NA,2019-12-12 22:26:39,"rap,hip hop","Def Jam Recordings",0.722,0.764,10,-5.656,0,0.398,0.145,0,0.171,0.796,139.831,4,"Homicide"
"2019","spotify:track:38kcwx5znepLWCIBID0Bwm","Kyouran Hey Kids!!","FIXION","THE ORAL CIGARETTES","2016-01-05",250973,41,FALSE,NA,2019-12-12 22:26:39,"j-rock,anime,j-pop","antwork",0.526,0.981,8,-1.82,1,0.111,0.00318,0.00161,0.187,0.781,142.016,4,"Kyouran Hey Kids!!"
"2019","spotify:track:4Yq3XUNfWrAPWuB94qkC09","Take What You Want (feat. Ozzy Osbourne & Travis Scott)","Hollywood's Bleeding","Post Malone;Ozzy Osbourne;Travis Scott","2019-09-06",229573,0,FALSE,NA,2019-12-12 22:26:39,"metal,glam metal,heavy metal,hard rock,rap","Republic Records",0.499,0.8,1,-2.665,0,0.0502,0.0906,0,0.147,0.272,139.919,4,"Take What You Want (feat. Ozzy Osbourne & Travis Scott)"
"2019","spotify:track:0uUNN1nSoUx1A4fkDCWDQ7","So Am I","So Am I","Ava Max","2019-03-07",183026,1,FALSE,NA,2019-12-12 22:26:39,NA,"Atlantic Records",0.682,0.656,6,-4.67,1,0.0435,0.0737,0,0.353,0.607,130.089,4,"So Am I"
"2019","spotify:track:2edcAWwKM7SQajsFGP0edC","I Remember","I Remember","deadmau5;Kaskade","2009-01-01",593600,53,FALSE,NA,2019-12-12 22:26:39,"edm,progressive house,dubstep","Mau5trap/Virgin",0.848,0.497,11,-7.124,0,0.0529,0.0201,0.297,0.217,0.615,128.013,4,"I Remember"
"2019","spotify:track:3GCdLUSnKSMJhs4Tj6CV3s","All The Stars (with SZA) - From ""Black Panther: The Album""","Black Panther The Album Music From And Inspired By","Kendrick Lamar;SZA","2018-02-09",232186,90,TRUE,NA,2019-12-12 22:26:39,"hip hop,west coast hip hop,r&b","Black Panther (TDE/DMG) PS",0.695,0.633,8,-4.946,1,0.0599,0.0612,0.000195,0.0926,0.557,96.782,4,"All The Stars (with SZA) - From ""Black Panther: The Album"""
"2019","spotify:track:745sIEEZGS6pqgItEHVlMh","Fine Day","Fine Day","Keanu Silva","2018-07-27",194967,34,FALSE,NA,2019-12-12 22:26:39,"future house","HEXAGON",0.739,0.865,1,-4.67,0,0.046,0.0262,0.00237,0.126,0.46,124.977,4,"Fine Day"
"2019","spotify:track:2AUHVjR5lhg6GcztbGvRkc","Lick It","Lick It","Valentino Khan","2018-03-16",215040,42,FALSE,NA,2019-12-12 22:26:39,"bass house,moombahton,g-house","Spinnin' Records",0.798,0.837,4,-2.531,1,0.0582,0.00737,0.121,0.0942,0.662,124.994,4,"Lick It"
"2019","spotify:track:2v5JTeM6hSmi5wWy7jiwrI","I've Been Waiting (w/ ILoveMakonnen & Fall Out Boy)","I've Been Waiting (w/ ILoveMakonnen & Fall Out Boy)","Lil Peep;ILOVEMAKONNEN;Fall Out Boy","2019-01-31",233613,60,TRUE,NA,2019-12-12 22:26:39,"emo rap,cloud rap,emo,pop punk","Columbia",0.741,0.845,5,-3.568,0,0.0381,0.15,0,0.174,0.926,129.939,4,"I've Been Waiting (w/ ILoveMakonnen & Fall Out Boy)"
"2019","spotify:track:2S1LebN6AXXQqJolBxlWgO","Earth","Earth","Lil Dicky","2019-04-18",281500,0,TRUE,NA,2019-12-12 22:26:39,NA,"Commission/BMG",0.694,0.664,2,-4.649,1,0.05,0.639,0,0.0929,0.676,95.941,4,"Earth"
"2019","spotify:track:1LIPyl9jbqlf7vBfTOFeoB","Splash","Splash","Ty James;unheard","2019-02-01",150447,0,TRUE,NA,2019-12-12 22:26:39,NA,"Loyalty Records / Human Re Sources",0.6,0.678,1,-5.363,1,0.0331,0.015,0,0.0707,0.459,134.077,4,"Splash"
"2019","spotify:track:4LIbjDbLweGCrHVw8QbMSb","Allergic","Hollywood's Bleeding","Post Malone","2019-09-06",156893,0,TRUE,NA,2019-12-12 22:26:39,NA,"Republic Records",0.665,0.741,0,-3.694,1,0.0787,0.154,3.02e-05,0.345,0.57,144.968,4,"Allergic"
"2019","spotify:track:1031dCHtkJhbtcxXCwKipv","Kings","Delirium Sonata","Tribe Society","2015-03-10",217746,45,FALSE,NA,2019-12-12 22:26:39,NA,"Island Records",0.419,0.745,1,-6.679,0,0.0466,0.1,0,0.9,0.285,71.976,4,"Kings"
"2019","spotify:track:0dc6CJ6BsiKxyPvW4yABLo","Free - Mood II Swing Radio Edit","Free","Ultra Naté;Mood II Swing","1997",233293,2,FALSE,NA,2019-12-12 22:26:39,"ballroom vogue,chicago house","Strictly Rhythm Records",0.755,0.914,8,-6.096,1,0.0371,0.00389,0.000161,0.0371,0.736,124.97,4,"Free - Mood II Swing Radio Edit"
"2019","spotify:track:2uZVfvOK7MTjBTRICYmpso","Birds (feat. Elisa)","Birds","Imagine Dragons;Elisa","2019-06-20",219434,57,FALSE,NA,2019-12-12 22:26:39,"italian singer-songwriter","Kid Ina Korner / Interscope",0.627,0.527,1,-7.012,0,0.0294,0.0219,0,0.16,0.293,119.995,4,"Birds (feat. Elisa)"
"2019","spotify:track:6Yp1Fdb1a9gwCYBFVb8Jxf","Overthinking","Akemi","goosetaf;Jaeden Camstra","2018-07-14",117439,0,FALSE,NA,2019-12-12 22:26:39,"lo-fi hip hop,lo-fi,lo-fi beats","United Common Records",0.637,0.353,11,-9.609,0,0.209,0.893,0.643,0.0992,0.679,76.16,4,"Overthinking"
"2019","spotify:track:65TEwHlI7fv7G6ndDNN6jR","Andante spianato et Grande polonaise brillante, Op. 22: Grande Polonaise in E-flat Major. Molto allegro","The Pianist (Original Motion Picture Soundtrack)","Frédéric Chopin;Janusz Olejniczak;Tadeusz Strugala;The Warsaw Philharmonic National Orchestra of Poland","2002-07-17",561573,35,FALSE,NA,2019-12-12 22:26:39,"classical piano,classical","Sony Classical",0.347,0.153,3,-21.856,1,0.0322,0.984,0.895,0.149,0.15,108.513,3,"Andante spianato et Grande polonaise brillante, Op. 22: Grande Polonaise in E-flat Major. Molto allegro"
"2019","spotify:track:7g6hAuTCUIyC60CDVqIcY2","A Kind Of Magic - Remastered 2011_2019","Greatest Hits II (Remastered)","Queen","1991-10-28",262253,41,FALSE,NA,2019-12-12 22:26:39,"classic rock,rock,glam rock","EMI",0.672,0.773,9,-6,1,0.036,0.016,0.00101,0.171,0.692,130.116,4,"A Kind Of Magic - Remastered 2011_2019"
"2019","spotify:track:0BD9XqvXSSxlHsdBlLKhqA","Feblu","EXPEDITion Vol. 7: Moonloops","Flughand","2016-02-26",93635,1,FALSE,NA,2019-12-12 22:26:39,"lo-fi beats,lo-fi,lo-fi hip hop,jazz beats","VinDig",0.769,0.277,10,-8.375,1,0.095,0.897,0.862,0.118,0.641,80.951,4,"Feblu"
"2019","spotify:track:04LCCxG3pbOYeENiyUc7Xb","Black Rover","ウララ","VK Blanka","2018-04-18",208299,57,FALSE,NA,2019-12-12 22:26:39,"anime,j-pop,j-rock","avex trax",0.599,0.932,11,-5.621,1,0.0407,0.00218,0,0.143,0.539,102.071,4,"Black Rover"
"2019","spotify:track:2JvzF1RMd7lE3KmFlsyZD8","MIDDLE CHILD","MIDDLE CHILD","J. Cole","2019-01-23",213593,79,TRUE,NA,2019-12-12 22:26:39,"rap","Dreamville, Inc., Under exclusive license to Roc Nation Records",0.837,0.364,8,-11.713,1,0.276,0.149,0,0.271,0.463,123.984,4,"MIDDLE CHILD"
"2019","spotify:track:7GArzm7xDTLNRZy7hChlqC","November","November","Dontcry;Nokiaa;No Sugar No Calories","2018-11-15",73846,17,FALSE,NA,2019-12-12 22:26:39,"lo-fi,lo-fi hip hop,lo-fi beats","Joeri Ritzen Records",0.746,0.278,0,-12.878,1,0.238,0.891,0.904,0.0817,0.613,78.04,4,"November"
"2019","spotify:track:2RycgtfFQZOPgEGrzBGE0j","Getsomerest/sleepwell","Quickly Quickly, Vol. 1","quickly, quickly","2017-04-16",332173,46,FALSE,NA,2019-12-12 22:26:39,"lo-fi,lo-fi beats,lo-fi hip hop","669446 Records DK",0.637,0.394,7,-13.536,1,0.286,0.605,0.305,0.0968,0.361,132.015,4,"Getsomerest/sleepwell"
"2019","spotify:track:3ZQgFtjJtmvUZZ8K5OBqIN","Chlorine - Alternative Mix","Chlorine (Alternative Mix)","Twenty One Pilots","2019-02-08",191140,46,FALSE,NA,2019-12-12 22:26:39,NA,"Fueled By Ramen",0.747,0.743,10,-5.814,0,0.0443,0.0587,0.0164,0.364,0.672,90.035,4,"Chlorine - Alternative Mix"
"2019","spotify:track:5x6UGX0Rial4wHGq66yw1M","Lekker He","Lekker He","Poke","2018-08-03",145681,44,TRUE,NA,2019-12-12 22:26:39,"moombahton","Top Notch Music BV",0.805,0.714,1,-4.924,1,0.226,0.0421,3.79e-05,0.399,0.444,100.176,4,"Lekker He"
"2019","spotify:track:4j3GWI86JvSaF0BLdmgcfF","Summertime Magic","Summer Pack","Childish Gambino","2018-07-11",213600,59,FALSE,NA,2019-12-12 22:26:39,NA,"Wolf+Rothstein/RCA Records",0.76,0.579,0,-7.374,1,0.0567,0.0127,0.00344,0.106,0.129,100.011,4,"Summertime Magic"
"2019","spotify:track:2xLMifQCjDGFmkHkpNLD9h","SICKO MODE_2019","ASTROWORLD","Travis Scott","2018-08-03",312820,83,TRUE,NA,2019-12-12 22:26:39,"rap","Cactus Jack / Epic",0.834,0.73,8,-3.714,1,0.222,0.00513,0,0.124,0.446,155.008,4,"SICKO MODE_2019"
"2020","spotify:track:0sf12qNH5qcw8qpgymFOqD","Blinding Lights_2020","Blinding Lights","The Weeknd","2019-11-29",201573,23,FALSE,NA,2020-11-27 12:41:37,NA,"Republic Records",0.512,0.796,1,-4.075,1,0.0645,0.00147,0.000209,0.0938,0.344,171.014,4,"Blinding Lights_2020"
"2020","spotify:track:7FIWs0pqAYbP91WWM0vlTQ","Godzilla (feat. Juice WRLD)","Music To Be Murdered By","Eminem;Juice WRLD","2020-01-17",210800,82,TRUE,NA,2020-11-27 12:41:37,"rap,hip hop,melodic rap,emo rap","Shady/Aftermath/Interscope Records",0.808,0.745,10,-5.26,0,0.342,0.145,0,0.292,0.829,165.995,4,"Godzilla (feat. Juice WRLD)"
"2020","spotify:track:3bH4HzoZZFq8UpZmI2AMgV","New Light_2020","New Light","John Mayer","2018-05-10",216014,2,FALSE,NA,2020-11-27 12:41:37,"singer-songwriter","Snack Money",0.828,0.689,7,-7.878,1,0.0326,0.325,0.0384,0.0808,0.853,123.931,4,"New Light_2020"
"2020","spotify:track:6ho0GyrWZN3mhi9zVRW7xi","Losing It_2020","Losing It","FISHER","2018-07-13",248035,74,FALSE,NA,2020-11-27 12:41:37,"tech house,house","Fisher - Follow the FISH, LLC",0.76,0.964,2,-5.844,1,0.0577,0.00181,0.703,0.0975,0.643,125.003,4,"Losing It_2020"
"2020","spotify:track:7aAWrDRy3T52A95bDNfdlO","Voices (feat. TZAR)","Voices (feat. TZAR)","Brooks;KSHMR;Tzar","2020-05-22",192197,39,FALSE,NA,2020-11-27 12:41:37,"future house,edm,big room,slap house,electronica","Dharma",0.668,0.726,9,-4.922,0,0.0537,0.0357,1.55e-06,0.232,0.684,127.97,4,"Voices (feat. TZAR)"
"2020","spotify:track:63ANvDI7YAyD6BzCpMGkOH","Nooit Thuis","Nooit Thuis","Boef;Ashafar","2020-06-12",160960,37,TRUE,NA,2020-11-27 12:41:37,NA,"BOEFMUSIC",0.778,0.743,9,-6.099,0,0.141,0.392,0,0.0631,0.555,121.036,4,"Nooit Thuis"
"2020","spotify:track:5bM3l7YqVvZznboV2EovtQ","Trumpets - KEVU Remix","Trumpets (Remixes, Pt. 2)","Timmy Trumpet;Lady Bee;Kevu","2018-10-19",200298,0,FALSE,NA,2020-11-27 12:41:37,"melbourne bounce,big room,moombahton,future house,hard techno,techno","Hussle Recordings",0.549,0.985,5,-2.932,1,0.284,0.00598,0.00246,0.275,0.24,150.028,4,"Trumpets - KEVU Remix"
"2020","spotify:track:3yOlyBJuViE2YSGn3nVE1K","My Oh My (feat. DaBaby)","Romance","Camila Cabello;DaBaby","2019-12-06",171375,75,FALSE,NA,2020-11-27 12:41:37,NA,"Syco Music/Epic",0.724,0.491,8,-6.024,1,0.0296,0.018,1.29e-05,0.0887,0.383,105.046,4,"My Oh My (feat. DaBaby)"
"2020","spotify:track:7jnaow1bGpKO2VkgtYE8Vv","Tigers","Tigers","Bilal Wahib","2020-06-18",130714,42,FALSE,NA,2020-11-27 12:41:37,NA,"Top Notch Music BV",0.841,0.485,4,-12.808,0,0.1,0.124,1.34e-06,0.166,0.725,111.943,4,"Tigers"
"2020","spotify:track:4TnjEaWOeW0eKTKIEvJyCa","Falling","Falling","Trevor Daniel","2018-10-05",159381,3,FALSE,NA,2020-11-27 12:41:37,NA,"Alamo Records",0.785,0.431,10,-8.756,0,0.0364,0.123,0,0.0887,0.236,127.085,4,"Falling"
"2020","spotify:track:6WrI0LAC5M1Rw2MnX2ZvEg","Don't Start Now","Don't Start Now","Dua Lipa","2019-10-31",183290,74,FALSE,NA,2020-11-27 12:41:37,"pop","Warner Records",0.794,0.793,11,-4.521,0,0.0842,0.0125,0,0.0952,0.677,123.941,4,"Don't Start Now"
"2020","spotify:track:7yHf12Fxf8I1Q8Lhq6XqpZ","Treinstation","Allemaal Een Droom","Boef","2020-07-10",169879,42,TRUE,NA,2020-11-27 12:41:37,NA,"BOEFMUSIC",0.776,0.8,7,-5.178,1,0.181,0.221,0,0.405,0.509,97.949,4,"Treinstation"
"2020","spotify:track:2Fxmhks0bxGSBdJ92vM42m","bad guy_2020","WHEN WE ALL FALL ASLEEP, WHERE DO WE GO?","Billie Eilish","2019-03-29",194087,82,FALSE,NA,2020-11-27 12:41:37,NA,"Darkroom/Interscope Records",0.701,0.425,7,-10.965,1,0.375,0.328,0.13,0.1,0.562,135.128,4,"bad guy_2020"
"2020","spotify:track:1e9oZCCiX42nJl0AcqriVo","Watermelon Sugar","Watermelon Sugar","Harry Styles","2019-11-17",174000,0,FALSE,NA,2020-11-27 12:41:37,NA,"Columbia",0.548,0.816,0,-4.209,1,0.0465,0.122,0,0.335,0.557,95.39,4,"Watermelon Sugar"
"2020","spotify:track:7xbWAw3LMgRMn4omR5yVn3","Lose Somebody","Lose Somebody","Kygo;OneRepublic","2020-05-15",199549,60,FALSE,NA,2020-11-27 12:41:37,"tropical house,soft pop","Kygo",0.58,0.586,1,-6.883,1,0.0357,0.344,0,0.0755,0.507,147.988,4,"Lose Somebody"
"2020","spotify:track:6Ozh9Ok6h4Oi1wUSLtBseN","BOP","KIRK","DaBaby","2019-09-27",159714,74,TRUE,NA,2020-11-27 12:41:37,NA,"South Coast Music Group/Interscope Records",0.769,0.787,11,-3.909,1,0.367,0.189,0,0.129,0.836,126.77,4,"BOP"
"2020","spotify:track:6LcauUZjF1eXQrgqMUecHX","Ayy Macarena","Ayy Macarena","Tyga","2019-11-13",131606,65,TRUE,NA,2020-11-27 12:41:37,NA,"Columbia/Last Kings Records",0.816,0.629,2,-5.568,1,0.226,0.133,0,0.0692,0.714,96.493,4,"Ayy Macarena"
"2020","spotify:track:6aG68QSwv0hgNTq90I2GOE","Everglow - Edit","Everglow","Coldplay","2016-11-10",227506,60,FALSE,NA,2020-11-27 12:41:37,NA,"Parlophone UK",0.425,0.257,4,-8.467,1,0.0321,0.968,0.0181,0.115,0.341,144.479,4,"Everglow - Edit"
"2020","spotify:track:1M4qEo4HE3PRaCOM7EXNJq","Adore You","Adore You","Harry Styles","2019-12-06",207133,1,FALSE,NA,2020-11-27 12:41:37,NA,"Columbia",0.676,0.771,8,-3.675,1,0.0483,0.0237,7e-06,0.102,0.569,99.048,4,"Adore You"
"2020","spotify:track:57vxBYXtHMk6H1aD29V7PU","Heartless","Heartless","The Weeknd","2019-11-27",200080,1,TRUE,NA,2020-11-27 12:41:37,NA,"Republic Records",0.531,0.75,10,-5.831,0,0.111,0.00632,7.6e-05,0.117,0.198,169.954,4,"Heartless"
"2020","spotify:track:7hpJ9tATWb2vztlq99hERP","Maniac","Maniac","Conan Gray","2019-10-25",185786,27,FALSE,NA,2020-11-27 12:41:37,NA,"Republic Records",0.623,0.647,8,-5.438,1,0.04,0.00122,0,0.354,0.522,107.987,4,"Maniac"
"2020","spotify:track:0nbXyq5TXYPCO7pr3N8S4I","The Box","Please Excuse Me for Being Antisocial","Roddy Ricch","2019-12-06",196652,84,TRUE,NA,2020-11-27 12:41:37,"melodic rap","Atlantic Records",0.896,0.586,10,-6.687,0,0.0559,0.104,0,0.79,0.642,116.971,4,"The Box"
"2020","spotify:track:41L3O37CECZt3N7ziG2z7l","Yummy","Yummy","Justin Bieber","2020-01-03",210426,66,FALSE,NA,2020-11-27 12:41:37,NA,"RBMG/Def Jam",0.688,0.514,9,-6.612,0,0.0903,0.366,0,0.116,0.494,145.919,4,"Yummy"
"2020","spotify:track:0RiRZpuVRbi7oqRdSMwhQY","Sunflower - Spider-Man: Into the Spider-Verse_2020","Hollywood's Bleeding","Post Malone;Swae Lee","2019-09-06",157560,83,FALSE,NA,2020-11-27 12:41:37,NA,"Republic Records",0.755,0.522,2,-4.368,1,0.0575,0.533,0,0.0685,0.925,89.96,4,"Sunflower - Spider-Man: Into the Spider-Verse_2020"
"2020","spotify:track:2rzZ0IGxgrGUAPwrWn80z7","Duurt Te Lang","Duurt Te Lang (Beste Zangers Seizoen 2018)","Davina Michelle;Beste Zangers","2018-10-06",153527,57,FALSE,NA,2020-11-27 12:41:37,"hollands,nederpop","Cornelis Music",0.638,0.444,7,-14.221,1,0.196,0.127,0,0.0905,0.151,173.707,4,"Duurt Te Lang"
"2020","spotify:track:1HjZDqiaUrq46GHhHXE4vG","Get Your Wish","Get Your Wish","Porter Robinson","2020-01-29",217879,5,FALSE,NA,2020-11-27 12:41:37,"edm,electronic","Mom+Pop",0.542,0.684,11,-5.844,1,0.0508,0.0997,0,0.125,0.442,95.004,4,"Get Your Wish"
"2020","spotify:track:7CHi4DtfK4heMlQaudCuHK","Lose Control","Lose Control","MEDUZA;Becky Hill;Goodboys","2019-10-11",168387,70,FALSE,NA,2020-11-27 12:41:37,NA,"Intercord",0.598,0.527,10,-8.659,0,0.0415,0.129,0,0.14,0.53,123.943,4,"Lose Control"
"2020","spotify:track:3dPtXHP0oXQ4HCWHsOA9js","夜に駆ける_2020","夜に駆ける","YOASOBI","2019-12-15",261013,70,FALSE,NA,2020-11-27 12:41:37,"j-pop,anime","YOASOBI",0.67,0.874,8,-5.221,1,0.0305,0.00231,1.72e-05,0.3,0.789,130.041,4,"夜に駆ける_2020"
"2020","spotify:track:0t3ZvGKlmYmVsDzBJAXK8C","Goodbyes (feat. Young Thug)_2020","Hollywood's Bleeding","Post Malone;Young Thug","2019-09-06",174853,77,TRUE,NA,2020-11-27 12:41:37,"rap,melodic rap,trap","Republic Records",0.547,0.653,5,-3.875,1,0.081,0.456,0,0.103,0.163,150.097,4,"Goodbyes (feat. Young Thug)_2020"
"2020","spotify:track:0x9kd7OoPseiRFC1lR5I2W","This Is Special","This is Special","Da Tweekaz;Sephyx","2018-04-05",214600,21,FALSE,NA,2020-11-27 12:41:37,"hardstyle,frenchcore,happy hardcore,hardcore","Dirty Workz",0.423,0.906,1,-4.584,0,0.0606,0.0182,0.000513,0.351,0.177,149.85,4,"This Is Special"
"2020","spotify:track:4QEPyEkLKDiqlhiLaeCUFI","Volare","Innamorato","Andre Hazes","1986-01-01",220093,43,FALSE,NA,2020-11-27 12:41:37,"hollands,nederpop","Universal Music, a division of Universal International Music BV",0.529,0.929,2,-5.604,1,0.0591,0.367,9.95e-05,0.296,0.469,123.941,4,"Volare"
"2020","spotify:track:7oAS6XiQ8y8wpkRWxQ9MD7","Who Ever Said","Gigaton","Pearl Jam","2020-03-27",311586,36,FALSE,NA,2020-11-27 12:41:37,"grunge,rock,post-grunge","Republic Records",0.477,0.907,9,-5.661,1,0.0516,0.0013,6.75e-06,0.167,0.527,149.149,4,"Who Ever Said"
"2020","spotify:track:0BVUmUU6HGQU6PHm2fEQg6","Jongen van de Buurt","Allemaal Een Droom","Boef;Dopebwoy","2020-07-10",147186,35,TRUE,NA,2020-11-27 12:41:37,NA,"BOEFMUSIC",0.823,0.786,10,-7.104,1,0.155,0.553,0.0074,0.103,0.794,95.128,4,"Jongen van de Buurt"
"2020","spotify:track:127QTOFJsJQp5LbJbu3A1y","Toosie Slide","Toosie Slide","Drake","2020-04-03",247058,71,TRUE,NA,2020-11-27 12:41:37,"rap","OVO",0.834,0.454,1,-9.75,0,0.201,0.321,6.15e-06,0.114,0.837,81.618,4,"Toosie Slide"
"2020","spotify:track:62aP9fBQKYKxi7PDXwcUAS","ily (i love you baby) (feat. Emilee)","ily (i love you baby) (feat. Emilee)","Surf Mesa;Emilee","2019-11-26",176546,75,FALSE,NA,2020-11-27 12:41:37,NA,"Astralwerks",0.674,0.774,11,-7.567,0,0.0892,0.0686,0.00188,0.393,0.33,112.05,4,"ily (i love you baby) (feat. Emilee)"
"2020","spotify:track:5Vnx5i9VJSZ6ayfK6jncf8","一翦梅","天之大","Fei Yu-ching","2010-04-30",234866,59,FALSE,NA,2020-11-27 12:41:37,"mandopop,c-pop,taiwanese pop","Columbia",0.29,0.482,6,-8.207,0,0.035,0.145,0.000171,0.12,0.247,141.459,4,"一翦梅"
"2020","spotify:track:3QFVJxsqDK6ThOX5CLSBOM","Power Of Perception (Reverze Anthem 2020)","Power Of Perception (Reverze Anthem 2020)","Coone;Da Tweekaz;Hard Driver;The Elite","2020-01-27",281453,33,FALSE,NA,2020-11-27 12:41:37,"hardstyle,frenchcore,hardcore,happy hardcore","Dirty Workz",0.414,0.91,1,-5.117,0,0.146,0.00758,0.000791,0.078,0.138,149.743,4,"Power Of Perception (Reverze Anthem 2020)"
"2020","spotify:track:3Z8FwOEN59mRMxDCtb8N0A","Be Kind (with Halsey)","Be Kind (with Halsey)","Marshmello;Halsey","2020-05-01",172761,73,FALSE,NA,2020-11-27 12:41:37,"edm","Astralwerks",0.63,0.633,4,-7.088,1,0.0457,0.00776,0,0.0541,0.452,93.992,4,"Be Kind (with Halsey)"
"2020","spotify:track:0wXuerDYiBnERgIpbb3JBR","Redbone","""Awaken, My Love!""","Childish Gambino","2016-12-02",326933,4,TRUE,NA,2020-11-27 12:41:37,NA,"Glassnote Entertainment Group LLC",0.743,0.344,1,-11.174,1,0.118,0.169,0.00879,0.103,0.577,160.15,4,"Redbone"
"2020","spotify:track:6qLkMLUIkdtX34gHF9sPFL","After Hours_2020","After Hours","M-22;Kiara Nelson","2019-06-14",164975,45,FALSE,NA,2020-11-27 12:41:37,NA,"3Beat",0.748,0.84,11,-4.537,0,0.054,0.0225,5.41e-06,0.139,0.68,123.974,4,"After Hours_2020"
"2020","spotify:track:52IxlQalwlcxvtgrKCWATx","San Frandisco","San Frandisco","Dom Dolla","2019-09-20",185000,0,FALSE,NA,2020-11-27 12:41:37,"house,tech house","Spinnin' Records",0.779,0.939,9,-6.269,0,0.0487,0.0415,0.0967,0.0914,0.504,125.024,4,"San Frandisco"
"2020","spotify:track:7y7w4tl4MaRC2UMEj1mPtr","Come & Go (with Marshmello)","Legends Never Die","Juice WRLD;Marshmello","2020-07-10",205484,1,TRUE,NA,2020-11-27 12:41:37,"melodic rap,emo rap,edm","Grade A Productions/Interscope Records",0.625,0.814,0,-5.181,1,0.0657,0.0172,0,0.158,0.535,144.991,4,"Come & Go (with Marshmello)"
"2020","spotify:track:4OENnoidV0h8gJV6bhrw7r","Only You Freestyle","Only You Freestyle","Headie One;Drake","2020-07-20",248936,57,TRUE,NA,2020-11-27 12:41:37,"uk drill,grime,drill,uk grime,rap","Relentless Records",0.68,0.826,5,-2.561,1,0.27,0.562,0,0.254,0.804,146.95,4,"Only You Freestyle"
"2020","spotify:track:4JHg4nNYUJQ5HULcCmI18R","What You Know_2020","Tourist History","Two Door Cinema Club","2010-03-01",189693,76,FALSE,NA,2020-11-27 12:41:37,"indie,indie rock","Kitsune",0.549,0.758,6,-3.991,0,0.0406,0.000673,6.79e-06,0.0926,0.822,139.052,4,"What You Know_2020"
"2020","spotify:track:4Wto3a1dkkDRvk6xNpWQoe","Diamonds","Diamonds","Timmy Trumpet","2020-04-17",227200,40,FALSE,NA,2020-11-27 12:41:37,"melbourne bounce,big room","Spinnin' Records",0.507,0.865,11,-5.282,1,0.0881,0.0956,1.17e-05,0.187,0.21,149.889,4,"Diamonds"
"2020","spotify:track:24Yi9hE78yPEbZ4kxyoXAI","Roses - Imanbek Remix","Roses (Imanbek Remix)","SAINt JHN;Imanbek","2019-10-09",176840,75,TRUE,NA,2020-11-27 12:41:37,"slap house","Columbia/B1 Recordings",0.77,0.724,8,-5.484,1,0.0495,0.0167,0.0107,0.353,0.898,121.975,4,"Roses - Imanbek Remix"
"2020","spotify:track:4h5N4KyWZMtpeH9vhXSXjd","Life's A Mess (feat. Halsey)","Legends Never Die","Juice WRLD;Halsey","2020-07-10",202193,0,TRUE,NA,2020-11-27 12:41:37,"melodic rap,emo rap","Grade A Productions/Interscope Records",0.63,0.446,1,-8.9,1,0.0351,0.337,0,0.166,0.177,143.078,4,"Life's A Mess (feat. Halsey)"
"2020","spotify:track:3sUwkR1obXF2ENRXImOdaX","Alleen","Alleen","Lil Kleine","2017-06-23",198235,61,TRUE,NA,2020-11-27 12:41:37,NA,"Top Notch Music BV",0.828,0.828,9,-5.422,0,0.241,0.177,0,0.0832,0.371,120.092,4,"Alleen"
"2020","spotify:track:1tA3foex0E78CzVzNkDhdf","Tout Est Bon","Allemaal Een Droom","Boef;Numidia","2020-07-10",155433,53,FALSE,NA,2020-11-27 12:41:37,NA,"BOEFMUSIC",0.791,0.861,8,-5.311,0,0.12,0.211,0,0.0833,0.962,95.216,3,"Tout Est Bon"
"2020","spotify:track:4VqPOruhp5EdPBeR92t6lQ","Uprising","The Resistance","Muse","2009-09-10",304840,79,FALSE,NA,2020-11-27 12:41:37,"alternative rock,rock","Warner Records",0.602,0.905,2,-4.046,1,0.0775,0.000202,0.064,0.117,0.411,128.019,4,"Uprising"
"2020","spotify:track:3KR76sjFdoeU9YSpZvNzwV","Caliente (Na Na Na)","Caliente (Na Na Na)","Matroda;RICCI","2018-07-06",165483,0,FALSE,NA,2020-11-27 12:41:37,"bass house,tech house,g-house,house,electro house,brazilian bass","Dim Mak Records",0.546,0.897,7,-6.166,1,0.237,0.0251,0.409,0.226,0.457,119.796,4,"Caliente (Na Na Na)"
"2020","spotify:track:19Az4r4Tb5VKSnajMPg8hb","Holding On","Caracal (Deluxe)","Disclosure;Gregory Porter","2015-09-25",315000,50,FALSE,NA,2020-11-27 12:41:37,"house,vocal jazz,jazz pop,jazz","Universal-Island Records Ltd.",0.707,0.804,5,-5.207,1,0.344,0.14,0.000218,0.241,0.841,123.803,4,"Holding On"
"2020","spotify:track:2RlgNHKcydI9sayD2Df2xp","Mr. Blue Sky_2020","Out of the Blue","Electric Light Orchestra","1977",303820,82,FALSE,NA,2020-11-27 12:41:37,"art rock,soft rock","Epic/Legacy",0.388,0.338,10,-10.054,1,0.0329,0.652,3.73e-06,0.248,0.478,177.765,4,"Mr. Blue Sky_2020"
"2020","spotify:track:3OeUlriM0EZHdWleJtjoVr","Got My Mind Set on You","Cloud Nine","George Harrison","1987-11-02",234653,44,FALSE,NA,2020-11-27 12:41:37,NA,"Parlophone",0.767,0.854,4,-6.947,1,0.0426,0.465,2.03e-06,0.485,0.963,149.206,4,"Got My Mind Set on You"
"2020","spotify:track:2nvC4i2aMo4CzRjRflysah","In My Place_2020","A Rush of Blood to the Head","Coldplay","2002-08-27",226680,76,FALSE,NA,2020-11-27 12:41:37,NA,"Parlophone Records Limited",0.424,0.588,9,-5.455,1,0.0278,0.0553,4.95e-06,0.298,0.193,144.636,4,"In My Place_2020"
"2020","spotify:track:1qo1dnwguBAbiqRNd3oTEi","Body Work","Body Work","Pickle","2019-04-08",196190,42,FALSE,NA,2020-11-27 12:41:37,"tech house,bass house","SPRS",0.772,0.974,0,-4.444,1,0.0677,0.0214,0.873,0.0901,0.961,126.005,4,"Body Work"
"2020","spotify:track:7ytR5pFWmSjzHJIeQkgog4","ROCKSTAR (feat. Roddy Ricch)","BLAME IT ON BABY","DaBaby;Roddy Ricch","2020-04-17",181733,75,TRUE,NA,2020-11-27 12:41:37,"melodic rap","South Coast Music Group/Interscope Records",0.746,0.69,11,-7.956,1,0.164,0.247,0,0.101,0.497,89.977,4,"ROCKSTAR (feat. Roddy Ricch)"
"2020","spotify:track:3ppJijBGMSBnz45elmwh5V","Primal Energy (Defqon.1 2020 Anthem)","Primal Energy (Defqon.1 2020 Anthem)","D-Block & S-te-Fan","2020-02-28",316800,0,FALSE,NA,2020-11-27 12:41:37,"hardstyle,frenchcore,hardcore","Q-dance Records",0.297,0.935,11,-2.188,0,0.0758,0.0251,1.04e-05,0.157,0.147,112.603,3,"Primal Energy (Defqon.1 2020 Anthem)"
"2020","spotify:track:3SC6AMW3CjBOlx5GLvWNbt","The Prayer (feat. Zafrir)","The Prayer (feat. Zafrir)","Timmy Trumpet;KSHMR;Zafrir","2020-06-12",165000,49,FALSE,NA,2020-11-27 12:41:37,"melbourne bounce,big room,edm,slap house,electronica,melodic techno,psytrance","SINPHONY",0.5,0.904,3,-3.142,0,0.0541,0.00294,0.0928,0.518,0.13,160.046,4,"The Prayer (feat. Zafrir)"
"2020","spotify:track:3jbT1Y5MoPwEIpZndDDwVq","Adicto (with Anuel AA & Ozuna)","Adicto (with Anuel AA & Ozuna)","Tainy;Anuel AA;Ozuna","2019-08-22",270740,79,FALSE,NA,2020-11-27 12:41:37,"reggaeton,trap latino,urbano latino,latin","NEON16/Interscope Records",0.734,0.836,10,-4.803,0,0.0735,0.017,1.64e-05,0.179,0.623,80.002,4,"Adicto (with Anuel AA & Ozuna)"
"2020","spotify:track:2sE0IOF0pCl7hd4pi5QpgI","Vakantie (with Jonna Fraser)","Vakantie","Dopebwoy;Jonna Fraser","2020-06-18",165077,56,FALSE,NA,2020-11-27 12:41:37,NA,"Noah's Ark BV",0.819,0.554,4,-5.121,0,0.233,0.361,0.013,0.355,0.732,96.047,4,"Vakantie (with Jonna Fraser)"
"2020","spotify:track:7ikRId3U9AXd6tfF2fbItC","Rodeo - feat. Nas","Rodeo (feat. Nas)","Lil Nas X;Nas","2020-01-27",145222,55,TRUE,NA,2020-11-27 12:41:37,"old school hip hop,east coast hip hop,hip hop","Columbia",0.65,0.637,9,-6.195,1,0.0369,0.0814,0.000607,0.51,0.575,140.115,4,"Rodeo - feat. Nas"
"2020","spotify:track:5hVghJ4KaYES3BFUATCYn0","EARFQUAKE","IGOR","Tyler, The Creator","2019-05-17",190072,79,TRUE,NA,2020-11-27 12:41:37,NA,"Columbia",0.554,0.498,9,-8.866,1,0.0685,0.23,5.98e-06,0.795,0.413,79.635,4,"EARFQUAKE"
"2020","spotify:track:5MMnwYs0hIxkENRsbkWJ2G","Smoke On The Water - Remastered 2012","Machine Head (Remastered)","Deep Purple","1972-03-25",340742,74,FALSE,NA,2020-11-27 12:41:37,"hard rock,classic rock,rock","Universal Music",0.598,0.676,0,-9.211,1,0.0279,0.13,0.225,0.112,0.805,114.169,4,"Smoke On The Water - Remastered 2012"
"2020","spotify:track:6r6YWwpkU3Z22Gr0vbDEKK","Flex (feat. Poke)","Forever Lit (Deluxe)","Dopebwoy;Poke","2019-06-27",147590,0,FALSE,NA,2020-11-27 12:41:37,"moombahton","Avalon Music",0.933,0.454,11,-7.624,0,0.284,0.505,0.00345,0.111,0.502,100.002,4,"Flex (feat. Poke)"
"2020","spotify:track:6aAJY5FYW0TMLsUe2T7x4p","Zoutelande_2020","Aan","BLØF","2017-05-19",219546,54,FALSE,NA,2020-11-27 12:41:37,"nederpop,hollands","BLØF",0.665,0.682,6,-6.953,0,0.0271,0.0872,0.000105,0.157,0.907,128.955,4,"Zoutelande_2020"
"2020","spotify:track:364dI1bYnvamSnBJ8JcNzN","Intentions","Intentions","Justin Bieber;Quavo","2020-02-07",212868,70,FALSE,NA,2020-11-27 12:41:37,NA,"RBMG/Def Jam",0.811,0.553,9,-6.644,1,0.0552,0.317,0,0.105,0.86,148.014,4,"Intentions"
"2020","spotify:track:3cphb8kdsjElYR7r5icK3H","Nice To Meet Ya","Nice To Meet Ya","Niall Horan","2019-10-04",158805,57,FALSE,NA,2020-11-27 12:41:37,NA,"Capitol Records",0.591,0.841,4,-4.351,0,0.0304,0.0119,0,0.395,0.392,109.031,4,"Nice To Meet Ya"
"2020","spotify:track:7CLsVSQAa4BPp1dUt2YLXY","I Wanna Do","I Wanna Do","Chemical Surf;Dubdisko","2019-01-07",184354,56,FALSE,NA,2020-11-27 12:41:37,"brazilian bass,electronic,electro,g-house","SPRS",0.819,0.802,5,-7.214,0,0.121,0.00414,0.897,0.125,0.131,124.028,4,"I Wanna Do"
"2020","spotify:track:29GJzOuxFqzlyvf6NxoZGH","Carnival - Dimitri Vegas & Like Mike Edit","Carnival (Dimitri Vegas & Like Mike Edit)","Timmy Trumpet;MATTN;Wolfpack;X-TOF;Dimitri Vegas & Like Mike","2019-11-22",178615,47,FALSE,NA,2020-11-27 12:41:37,"melbourne bounce,big room,electronica,edm","Smash The House",0.388,0.724,8,-6.599,1,0.0766,0.0015,0.287,0.085,0.128,131.758,4,"Carnival - Dimitri Vegas & Like Mike Edit"
"2020","spotify:track:6iZVQLI9gs9kFRnmbQLzHO","Something Comforting","Something Comforting","Porter Robinson","2020-03-10",281716,6,FALSE,NA,2020-11-27 12:41:37,"edm,electronic","Mom+Pop",0.47,0.56,8,-9.707,1,0.0298,0.0449,3.83e-06,0.0774,0.29,143.987,4,"Something Comforting"
"2020","spotify:track:3B7udSGy2PfgoCniMSb523","I See Fire - From ""The Hobbit - The Desolation Of Smaug""","The Hobbit - The Desolation Of Smaug (Original Motion Picture Soundtrack / Special Edition)","Ed Sheeran","2013-01-01",300840,3,FALSE,NA,2020-11-27 12:41:37,"soft pop","Decca (UMO)",0.581,0.0549,10,-20.514,0,0.0397,0.559,0,0.0718,0.234,152.037,4,"I See Fire - From ""The Hobbit - The Desolation Of Smaug"""
"2020","spotify:track:0jaehfKrOQzs0XRbJZH8XT","Stil In Mij (Verspijkerd)","Stil In Mij (Verspijkerd)","Josylvio;Do","2019-12-12",186667,38,FALSE,NA,2020-11-27 12:41:37,"hardstyle,nederpop,hollands","Hella Cash",0.78,0.653,6,-7.644,1,0.0695,0.0499,0.000205,0.141,0.465,110.01,4,"Stil In Mij (Verspijkerd)"
"2020","spotify:track:383QXk8nb2YrARMUwDdjQS","Psycho","Drones","Muse","2015-06-04",316717,69,TRUE,NA,2020-11-27 12:41:37,"alternative rock,rock","Warner Records",0.555,0.883,2,-3.426,1,0.0341,0.00114,0.041,0.868,0.507,125.02,4,"Psycho"
"2020","spotify:track:4RVtBlHFKj51Ipvpfv5ER4","Drown (feat. Clinton Kane)","Drown (feat. Clinton Kane)","Martin Garrix;Clinton Kane","2020-02-27",174062,60,FALSE,NA,2020-11-27 12:41:37,"edm,progressive house,electronica","Epic Amsterdam",0.573,0.739,9,-5.455,1,0.0581,0.212,0,0.175,0.363,120.077,4,"Drown (feat. Clinton Kane)"
"2020","spotify:track:5i0Okd7ctP2yCq2fHERUMw","Kali - Outsiders Remix","Kali (Outsiders Remix)","Outsiders;Django Wagner","2019-11-29",249000,11,FALSE,NA,2020-11-27 12:41:37,"hardstyle,hardcore,hardcore techno,frenchcore,hollands","ROQ 'N Rolla Music",0.32,0.857,5,-3.348,0,0.0612,0.214,0,0.349,0.316,160.008,4,"Kali - Outsiders Remix"
"2020","spotify:track:6alIH9pO3MTVW56AzSuDGj","DomDoen_2020","DomDoen","Henkie T;Jonna Fraser","2019-06-28",156081,43,TRUE,NA,2020-11-27 12:41:37,NA,"Quatro Vision",0.806,0.69,3,-7.74,0,0.123,0.0939,0,0.0768,0.83,100.111,4,"DomDoen_2020"
"2020","spotify:track:3wSrPtJpnGaUC2hOmJy0BV","Beast (All as One)","Beast (All as One)","Dimitri Vegas & Like Mike;Ummet Ozcan;Brennan Heart;Dimitri Vegas","2019-11-15",189826,54,FALSE,NA,2020-11-27 12:41:37,"big room,electronica,edm,hardstyle,frenchcore,hardcore","Smash The House",0.333,0.985,5,-2.843,0,0.0563,0.0326,0.769,0.226,0.393,135.24,4,"Beast (All as One)"
"2020","spotify:track:40vCMTDaDwwpf7DyBlmgEj","Menage A Trois","Menage A Trois","LIZOT;Holy Molly","2019-12-13",168508,46,TRUE,NA,2020-11-27 12:41:37,"slap house,hypertechno","NITRON music",0.672,0.896,10,-5.278,1,0.0657,0.122,0.00418,0.0608,0.483,123.941,4,"Menage A Trois"
"2020","spotify:track:5b7OgznPJJr1vHNYGyvxau","Fly Me To The Moon (In Other Words)_2020","Sinatra/Basie: The Complete Reprise Studio Recordings","Frank Sinatra;Count Basie","1962-12-10",147000,73,FALSE,NA,2020-11-27 12:41:37,"christmas,big band,adult standards,swing music,jazz,vocal jazz","FRANK SINATRA DIGITAL REPRISE",0.668,0.26,7,-14.256,1,0.0523,0.453,0,0.0621,0.368,119.416,4,"Fly Me To The Moon (In Other Words)_2020"
"2020","spotify:track:1buASziRLNHXcTVYFWZ8EK","Harder Dan Ik Hebben Kan","Boven","BLØF","1999-01-01",253893,58,FALSE,NA,2020-11-27 12:41:37,"nederpop,hollands","Universal Music, a division of Universal International Music BV",0.615,0.395,7,-9.737,1,0.0247,0.0919,0.000132,0.146,0.345,90.007,4,"Harder Dan Ik Hebben Kan"
"2020","spotify:track:1dGF5ymTyBB2ZmOypkeU1F","veil","porte","須田景凪","2019-08-21",209636,59,FALSE,NA,2020-11-27 12:41:37,"anime,j-pop,j-rock","WM Japan",0.559,0.873,0,-4.401,0,0.0543,0.0281,0,0.185,0.797,150.055,4,"veil"
"2020","spotify:track:7EyvmcYx7WzeBi2cY9RmIi","Blijf Bij Mij","Blijf Bij Mij","Ronnie Flex;Maan","2017-12-08",179676,52,TRUE,NA,2020-11-27 12:41:37,"nederpop,hollands","Top Notch Music BV",0.851,0.555,3,-6.784,1,0.154,0.295,1.05e-06,0.127,0.48,98.052,4,"Blijf Bij Mij"
"2020","spotify:track:6OTClxme7EYRZGO6An3SMc","Griztronics","Bangers[2].Zip","GRiZ;Subtronics","2019-08-14",198400,58,TRUE,NA,2020-11-27 12:41:37,"dubstep,edm,riddim,deathstep,bass music,dub","Deadbeats",0.607,0.941,11,-3.807,0,0.481,0.037,0.0137,0.321,0.521,75.401,4,"Griztronics"
"2020","spotify:track:3lWzVNe1yFZlkeBBzUuZYu","Bella Ciao - Música Original de la Serie la Casa de Papel/ Money Heist","Bella Ciao (Música Original de la Serie la Casa de Papel/ Money Heist)","Manu Pilas","2018-04-20",139844,26,FALSE,NA,2020-11-27 12:41:37,NA,"Atresmúsica distributed by Altafonte",0.46,0.564,9,-10.329,0,0.0343,0.538,0,0.191,0.962,135.178,5,"Bella Ciao - Música Original de la Serie la Casa de Papel/ Money Heist"
"2020","spotify:track:7k3sRSyfdH3prC3RF0JFab","everything matters (when it comes to you) - Aiobahn Remix","album1: a lot of remixes","San Holo;Aiobahn","2020-01-10",238401,0,FALSE,NA,2020-11-27 12:41:37,"future bass,edm,melodic bass","bitbird",0.597,0.962,5,-2.869,1,0.0472,0.0259,0.00218,0.28,0.406,127.984,4,"everything matters (when it comes to you) - Aiobahn Remix"
"2020","spotify:track:614OkajfRPH8V0ugNQnduP","Upside Down_2020","Upside Down","JVKE","2020-08-18",114500,0,FALSE,NA,2020-11-27 12:41:37,NA,"JVKE",0.88,0.501,2,-6.774,1,0.062,0.0494,0.0695,0.436,0.459,120.038,4,"Upside Down_2020"
"2020","spotify:track:1Vbi3VW07BwaMruQiUIQpL","I'm Heavy_2020","I'm Heavy","LOOPERS","2018-09-21",178173,18,FALSE,NA,2020-11-27 12:41:37,"bass house,future house,big room","STMPD RCRDS",0.728,0.858,5,-4.523,1,0.107,0.00149,0.143,0.0759,0.553,129.996,4,"I'm Heavy_2020"
"2020","spotify:track:0TlLq3lA83rQOYtrqBqSct","Nonstop","Scorpion","Drake","2018-06-29",238614,78,TRUE,NA,2020-11-27 12:41:37,"rap","Cash Money/Drake LP6",0.912,0.412,7,-8.074,1,0.123,0.0165,0.0126,0.104,0.423,154.983,4,"Nonstop"
"2020","spotify:track:2y7f8qkrgIqY5KsfPNcuix","Black Catcher","Devil","VK Blanka","2020-03-04",196946,64,FALSE,NA,2020-11-27 12:41:37,"anime,j-pop,j-rock","avex trax",0.592,0.893,11,-4.71,0,0.0428,0.00355,6.78e-06,0.0716,0.636,100.052,4,"Black Catcher"
"2020","spotify:track:2nA2F3JwEj3FoR9Pxgnkln","Lalala - Oliver Heldens Remix","Lalala (Oliver Heldens Remix)","Y2K;bbno$;Oliver Heldens","2019-10-28",249546,46,TRUE,NA,2020-11-27 12:41:37,"future house,house","Columbia",0.751,0.8,2,-6.398,1,0.0375,0.000461,0.000521,0.132,0.48,126.007,4,"Lalala - Oliver Heldens Remix"
"2020","spotify:track:04YutdH0j1INpsva3gOipt","MAMACITA","TRANSLATION","Black Eyed Peas;Ozuna;J. Rey Soul","2020-11-02",251428,59,TRUE,NA,2020-11-27 12:41:37,"reggaeton,trap latino,latin,urbano latino","Epic",0.878,0.626,2,-6.945,1,0.0476,0.19,0.000731,0.0939,0.427,105.046,4,"MAMACITA"
"2020","spotify:track:0qprlw0jfsW4H9cG0FFE0Z","Cold Little Heart","Love & Hate","Michael Kiwanuka","2016-07-15",597600,66,FALSE,NA,2020-11-27 12:41:37,"soul","Polydor Records",0.489,0.404,8,-7.815,1,0.0261,0.487,0.0485,0.14,0.153,108.01,4,"Cold Little Heart"
"2020","spotify:track:3tjFYV6RSFtuktYl3ZtYcq","Mood (feat. iann dior)","Mood (feat. iann dior)","24kGoldn;iann dior","2020-07-24",140525,5,TRUE,NA,2020-11-27 12:41:37,"melodic rap","Records/Columbia",0.7,0.722,7,-3.558,0,0.0369,0.221,0,0.272,0.756,90.989,4,"Mood (feat. iann dior)"
"2020","spotify:track:4nGPkwJneWvC3ckbQvgEdJ","One Tribe (Defqon.1 2019 Anthem)_2020","One Tribe (Defqon.1 2019 Anthem)","Sefa","2019-05-17",273414,0,FALSE,NA,2020-11-27 12:41:37,"frenchcore,hardstyle,hardcore,gabber,hardcore techno,speedcore","Q-dance Records",0.252,0.965,0,-3.599,1,0.438,0.299,0.0529,0.371,0.0424,189.081,4,"One Tribe (Defqon.1 2019 Anthem)_2020"
"2020","spotify:track:7gQm8pZsxA5eXCZMBGV7CA","Superblood Wolfmoon","Gigaton","Pearl Jam","2020-03-27",229466,39,TRUE,NA,2020-11-27 12:41:37,"grunge,rock,post-grunge","Republic Records",0.511,0.93,9,-5.174,1,0.0521,0.00556,0,0.395,0.884,153.39,4,"Superblood Wolfmoon"
"2020","spotify:track:1TJR3NSNGRQqzVrUs0GmyK","Rijk Zijn","Allemaal Een Droom","Boef","2020-07-10",177505,34,TRUE,NA,2020-11-27 12:41:37,NA,"BOEFMUSIC",0.815,0.803,7,-5.693,0,0.274,0.27,0,0.133,0.609,100.123,4,"Rijk Zijn"
"2020","spotify:track:7iGbCV07PTIWpEBXUoIZG3","Renegades","Renegades","Frequencerz;Bass Chaserz","2017-02-15",292105,13,FALSE,NA,2020-11-27 12:41:37,"hardstyle,frenchcore,hardcore","Roughstate",0.491,0.995,6,-1.417,1,0.201,0.0914,0.000115,0.256,0.311,152.089,4,"Renegades"
"2020","spotify:track:62vpWI1CHwFy7tMIcSStl8","No Role Modelz","2014 Forest Hills Drive","J. Cole","2014-12-09",292986,8,TRUE,NA,2020-11-27 12:41:37,"rap","Roc Nation/Columbia",0.692,0.521,10,-8.465,0,0.33,0.301,0,0.0565,0.463,100.45,4,"No Role Modelz"
"2020","spotify:track:6mHOcVtsHLMuesJkswc0GZ","The Logical Song - Remastered 2010_2020","Breakfast In America (Deluxe Edition)","Supertramp","1979-03-29",251253,77,FALSE,NA,2020-11-27 12:41:37,"progressive rock,classic rock","A&M",0.625,0.758,5,-6.213,0,0.0463,0.512,0.00022,0.153,0.695,119.719,4,"The Logical Song - Remastered 2010_2020"
"2021","spotify:track:3GFoDacN5fI2FplYzqmr4R","Dolla Dolla Bill","Dolla Dolla Bill","Josylvio","2020-10-08",142778,41,TRUE,NA,1970-01-01,NA,"Hella Cash",0.799,0.581,11,-8.114,0,0.167,0.509,1.23e-06,0.137,0.291,103.08,4,"Dolla Dolla Bill"
"2021","spotify:track:5ddFjrPG8NgQQ6xlOQIVd2","Tú Me Dejaste De Querer_2021","El Madrileño","C. Tangana;Niño de Elche;La Húngara","2021-02-26",198493,74,FALSE,NA,1970-01-01,"flamenco,flamenco pop,flamenco urbano","Sony Music Entertainment",0.823,0.723,4,-4.778,0,0.229,0.311,0.00315,0.0998,0.505,83.97,4,"Tú Me Dejaste De Querer_2021"
"2021","spotify:track:3USxtqRwSYz57Ewm6wWRMp","Heat Waves_2021","Dreamland","Glass Animals","2020-08-07",238805,87,FALSE,NA,1970-01-01,NA,"Polydor Records",0.761,0.525,11,-6.9,1,0.0944,0.44,6.7e-06,0.0921,0.531,80.87,4,"Heat Waves_2021"
"2021","spotify:track:4CEGyF5A5u5BjweVvkgCsn","Crown","Heavy Is The Head","Stormzy","2019-12-13",213463,57,FALSE,NA,1970-01-01,"grime,uk grime,uk drill","Atlantic Records UK",0.542,0.581,9,-5.687,1,0.159,0.701,1.02e-06,0.0741,0.0857,108.909,4,"Crown"
"2021","spotify:track:4nZ8G4Wug5skiiCicDSdVt","Ballieman","Bogey 4 the Win","Sevn Alias","2020-10-02",159143,0,TRUE,NA,1970-01-01,NA,"1OAK Entertainment",0.741,0.717,11,-8.867,0,0.334,0.067,0.00186,0.124,0.711,92.926,4,"Ballieman"
"2021","spotify:track:0goOUCNL6MYrqSVvGhvsxw","A92 x Fumez The Engineer - Plugged In Freestyle","A92 x Fumez The Engineer - Plugged In Freestyle","Fumez The Engineer;A92;Offica","2020-10-08",240000,1,TRUE,NA,1970-01-01,"uk drill,drill,grime,uk grime","Fumez The Engineer",0.856,0.427,2,-13.297,1,0.365,0.0958,0,0.1,0.774,144.118,4,"A92 x Fumez The Engineer - Plugged In Freestyle"
"2021","spotify:track:2rCbl9naJYhaxjLsfx88uM","Pareja Del Año","Pareja Del Año","Sebastian Yatra;Myke Towers","2021-04-16",195053,71,FALSE,NA,1970-01-01,"colombian pop,reggaeton,trap latino,urbano latino","UMLE - Latino",0.715,0.622,4,-5.102,0,0.046,0.163,0,0.0948,0.808,80.015,4,"Pareja Del Año"
"2021","spotify:track:65OVbaJR5O1RmwOQx0875b","Wants and Needs (feat. Lil Baby)","Scary Hours 2","Drake;Lil Baby","2021-03-05",192956,78,TRUE,NA,1970-01-01,"rap","OVO",0.578,0.449,1,-6.349,1,0.286,0.0618,2.17e-06,0.119,0.1,136.006,4,"Wants and Needs (feat. Lil Baby)"
"2021","spotify:track:0PjtIvwCFQMkWoFTVWsCsi","One and Only (feat. Ella Mai)","Big Conspiracy","J Hus;Ella Mai","2020-01-24",206840,43,TRUE,NA,1970-01-01,"afroswing,grime,uk grime,afrobeats,r&b","Black Butter",0.566,0.66,1,-6.068,0,0.139,0.173,1.35e-06,0.172,0.844,93.507,4,"One and Only (feat. Ella Mai)"
"2021","spotify:track:1ZgBI28HHFtHDf0l0fchoQ","Saxsex_2021","Saxsex","LouiVos","2020-12-29",156000,32,FALSE,NA,1970-01-01,NA,"Dirty Drip Entertainment",0.884,0.396,4,-10.198,0,0.142,0.07,0.00823,0.0991,0.437,94.014,4,"Saxsex_2021"
"2021","spotify:track:1YnCInissFkmQTfZv3k2mT","Paper Zien - Remix","Paper Zien (Remix)","Yssi SB;D-Double;Henkie T;Jack;Sevn Alias;Josylvio","2020-06-25",248823,44,TRUE,NA,1970-01-01,NA,"Quatro Vision",0.814,0.578,1,-9.539,1,0.379,0.154,0,0.104,0.713,140.056,4,"Paper Zien - Remix"
"2021","spotify:track:3SK45LddxlEkzI8OWO9Eyo","Ingobernable","El Madrileño","C. Tangana;Gipsy Kings;Nicolás Reyes;Tonino Baliardo","2021-02-26",187053,70,FALSE,NA,1970-01-01,"flamenco,flamenco pop,flamenco urbano","Sony Music Entertainment",0.705,0.757,6,-5.608,0,0.0656,0.195,0.000228,0.0524,0.737,104.973,4,"Ingobernable"
"2021","spotify:track:2vZwuxoRNuhZ93PWhcVbnN","Gordelweg","Gordelweg","Kevin","2020-05-21",155897,41,TRUE,NA,1970-01-01,NA,"Animal Stories / Noah’s Ark BV",0.711,0.659,1,-6.872,1,0.331,0.157,0,0.132,0.411,89.998,4,"Gordelweg"
"2021","spotify:track:2xLMifQCjDGFmkHkpNLD9h","SICKO MODE_2021","ASTROWORLD","Travis Scott","2018-08-03",312820,83,TRUE,NA,1970-01-01,"rap","Cactus Jack / Epic",0.834,0.73,8,-3.714,1,0.222,0.00513,0,0.124,0.446,155.008,4,"SICKO MODE_2021"
"2021","spotify:track:5jOQ0W7YhM9FCtwCd1bNp8","Het Leven Is Een Trip","Het Leven Is Een Trip","Josylvio;Lijpe","2020-11-12",188187,42,TRUE,NA,1970-01-01,NA,"Top Notch Music BV",0.855,0.53,6,-7.751,0,0.317,0.155,0.000143,0.0988,0.388,108.04,4,"Het Leven Is Een Trip"
"2021","spotify:track:2r6OAV3WsYtXuXjvJ1lIDi","Hello (feat. A Boogie Wit da Hoodie)","Shoot For The Stars Aim For The Moon (Deluxe)","Pop Smoke;A Boogie Wit da Hoodie","2020-07-20",190534,61,TRUE,NA,1970-01-01,"brooklyn drill,new york drill,drill,melodic rap","Victor Victor Worldwide",0.905,0.647,10,-5.065,0,0.107,0.0187,0,0.282,0.367,130.97,4,"Hello (feat. A Boogie Wit da Hoodie)"
"2021","spotify:track:7Bk0uXKk1uPT0XuQbpFzvs","Fiel","Los Legendarios 001","Los Legendarios;Wisin;JHAYCO","2021-02-04",261665,66,FALSE,NA,1970-01-01,"reggaeton,latin,trap latino,urbano latino","La Base Music Group/ WK Records",0.849,0.701,6,-4.407,0,0.06,0.407,0,0.112,0.505,98.005,4,"Fiel"
"2021","spotify:track:3dPtXHP0oXQ4HCWHsOA9js","夜に駆ける_2021","夜に駆ける","YOASOBI","2019-12-15",261013,70,FALSE,NA,1970-01-01,"j-pop,anime","YOASOBI",0.67,0.874,8,-5.221,1,0.0305,0.00231,1.72e-05,0.3,0.789,130.041,4,"夜に駆ける_2021"
"2021","spotify:track:5ykyiyN3DwPgMjwdFvT7zW","MANSORY","MANSORY","Lijpe;Frenna","2021-01-07",245114,50,TRUE,NA,1970-01-01,NA,"Top Notch Music BV",0.907,0.649,8,-6.479,1,0.234,0.0982,0,0.0786,0.561,94.99,4,"MANSORY"
"2021","spotify:track:0kxZ2XTmyIklhqUxohMOAO","Leugens","Abu Omar","Josylvio;Sam J'taime","2021-01-21",182964,31,TRUE,NA,1970-01-01,NA,"Hella Cash",0.808,0.68,8,-9.52,0,0.379,0.0977,2.03e-05,0.104,0.79,95.933,4,"Leugens"
"2021","spotify:track:1tD8J13a74q8fBqXwAP50j","Sunkissed","Now and Then","khai dreams","2019-10-11",126464,1,FALSE,NA,1970-01-01,NA,"Khai Dreams",0.766,0.354,6,-9.486,1,0.0543,0.595,0,0.381,0.792,153.902,4,"Sunkissed"
"2021","spotify:track:4wVOKKEHUJxHCFFNUWDn0B","Chicago Freestyle (feat. Giveon)","Dark Lane Demo Tapes","Drake;GIVĒON","2020-05-01",220487,79,TRUE,NA,1970-01-01,"rap,r&b","OVO",0.735,0.449,10,-7.507,1,0.347,0.629,0,0.113,0.0397,122.947,4,"Chicago Freestyle (feat. Giveon)"
"2021","spotify:track:0zom9ECHHRTZ0INqpgHrfS","Vuur","Vuur / We Moeten Door / Buss It (Remix)","Broederliefde","2021-01-28",200260,41,TRUE,NA,1970-01-01,NA,"Top Notch Music BV",0.879,0.484,10,-8.735,1,0.201,0.0189,4.62e-05,0.298,0.719,101.97,4,"Vuur"
"2021","spotify:track:5eizH1H4dDeABK3oUXqSFP","Afstand","Abu Omar","Josylvio;KA","2021-01-21",163020,32,TRUE,NA,1970-01-01,NA,"Hella Cash",0.842,0.614,6,-6.952,1,0.231,0.0702,0,0.0949,0.643,119.997,5,"Afstand"
"2021","spotify:track:0Alv1UVSZnoATu2povnes6","8am (Freestyle)","Throwback","Sevn Alias","2021-02-12",141405,0,TRUE,NA,1970-01-01,NA,"1OAK Entertainment",0.626,0.682,1,-8.011,1,0.724,0.122,1.83e-06,0.108,0.571,141.838,3,"8am (Freestyle)"
"2021","spotify:track:7dEfa89dZfo6CQPdsgGCF6","Nandemonaiya - movie ver.","Your Name.","RADWIMPS","2016-08-24",344053,63,FALSE,NA,1970-01-01,"anime,j-pop,j-rock","EMI Records",0.496,0.462,6,-6.189,1,0.0307,0.245,0,0.282,0.514,167.936,4,"Nandemonaiya - movie ver."
"2021","spotify:track:2QKkuGUmGIWZ4XlChBZJGU","In Die Life","Nooit Gedacht","Yssi SB","2020-12-11",159059,46,TRUE,NA,1970-01-01,NA,"Quatro Vision",0.702,0.522,5,-8.089,0,0.497,0.33,3.47e-06,0.109,0.858,169.59,4,"In Die Life"
"2021","spotify:track:3tukJ5j2obLaXqtlsUM7Om","Gold Chain","Hella Cash","Josylvio;Yade Lauren;Kevin","2018-05-11",230146,51,TRUE,NA,1970-01-01,NA,"Hella Cash",0.779,0.562,9,-8.662,0,0.272,0.503,0,0.094,0.442,102.056,4,"Gold Chain"
"2021","spotify:track:7wBJfHzpfI3032CSD7CE2m","STARGAZING_2021","ASTROWORLD","Travis Scott","2018-08-03",270714,74,TRUE,NA,1970-01-01,"rap","Cactus Jack / Epic",0.487,0.789,8,-3.69,1,0.044,0.00947,4.05e-06,0.189,0.0564,150.007,4,"STARGAZING_2021"
"2021","spotify:track:3qIxnOusGoTpHvNVMLHscw","Tropical","Tropical","SL","2017-12-26",180062,2,TRUE,NA,1970-01-01,"uk drill,drill,grime,uk grime","Independent",0.847,0.434,10,-12.466,0,0.275,0.76,8.89e-06,0.156,0.44,140.005,4,"Tropical"
"2021","spotify:track:0PvFJmanyNQMseIFrU708S","For The Night (feat. Lil Baby & DaBaby)","Shoot For The Stars Aim For The Moon","Pop Smoke;Lil Baby;DaBaby","2020-07-03",190476,64,TRUE,NA,1970-01-01,"brooklyn drill,new york drill,drill","Victor Victor Worldwide",0.823,0.586,6,-6.606,0,0.2,0.114,0,0.193,0.347,125.971,4,"For The Night (feat. Lil Baby & DaBaby)"
"2021","spotify:track:5bgwqaRSS3M8WHWruHgSL5","8TEEN","American Teen","Khalid","2017-04-27",228593,72,FALSE,NA,1970-01-01,NA,"Right Hand Music Group, LLC/RCA Records",0.83,0.585,1,-5.802,1,0.0366,0.225,0.00209,0.0576,0.642,105.03,4,"8TEEN"
"2021","spotify:track:1ckS9uBJHEGOrqR9Go86jH","Heartbroken","Bogey 4 the Win","Sevn Alias;Jonna Fraser","2020-10-02",182432,0,TRUE,NA,1970-01-01,NA,"1OAK Entertainment",0.72,0.846,11,-6.466,0,0.263,0.0758,0.000559,0.136,0.532,147.935,4,"Heartbroken"
"2021","spotify:track:4D0GT8zWuA7Z2em6dpajAn","Loading","Loading","Central Cee","2020-10-22",173333,54,TRUE,NA,1970-01-01,"uk drill,drill,uk grime","Central Cee",0.85,0.68,3,-6.18,0,0.338,0.732,0,0.0964,0.694,144.006,1,"Loading"
"2021","spotify:track:0E7DKlnvXKjvw7xIPJHMXd","On The Gang","Phonak","sor","2019-10-09",226041,26,TRUE,NA,1970-01-01,NA,"Noah's Ark BV",0.484,0.61,1,-7.878,0,0.358,0.204,1.03e-06,0.117,0.66,81.807,4,"On The Gang"
"2021","spotify:track:20MuVazoNMv6xjKPnRFOxG","WAKE UP","ASTROWORLD","Travis Scott","2018-08-03",231963,65,TRUE,NA,1970-01-01,"rap","Cactus Jack / Epic",0.741,0.645,11,-5.116,0,0.0963,0.192,0,0.163,0.488,149.07,4,"WAKE UP"
"2021","spotify:track:59lXgff02zcRqUyvioPUBo","Hosselaar","Hosselaar","Josylvio;Sevn Alias;Kevin","2020-12-10",219383,41,TRUE,NA,1970-01-01,NA,"Top Notch Music BV",0.75,0.691,10,-6.353,0,0.262,0.134,0,0.105,0.901,92.992,4,"Hosselaar"
"2021","spotify:track:488HG8lR11JswT2YgcWGRB","Blue Notes 2 (feat. Lil Uzi Vert)","Blue Notes 2 (feat. Lil Uzi Vert)","Meek Mill;Lil Uzi Vert","2021-09-01",230400,46,TRUE,NA,1970-01-01,"rap,melodic rap,rage rap","MMG/Atlantic",0.748,0.591,2,-6.234,0,0.331,0.152,0,0.64,0.192,74.958,4,"Blue Notes 2 (feat. Lil Uzi Vert)"
"2021","spotify:track:7JBaSB0vSjTUSoWFgkmDiV","Problemas","Problemas","Paris Boy","2020-10-11",157946,54,FALSE,NA,1970-01-01,"flamenco urbano","Sony Music Entertainment",0.753,0.204,1,-14.341,0,0.0851,0.665,0,0.0991,0.299,98.031,4,"Problemas"
"2021","spotify:track:2wGSgTmgSF3xjRrHkTc25R","Hate It Or Love It","The Documentary","The Game;50 Cent","2005",206400,84,TRUE,NA,1970-01-01,"west coast hip hop,old school hip hop,hip hop,east coast hip hop","Geffen",0.802,0.785,9,-4.781,1,0.207,0.14,0,0.123,0.435,99.998,4,"Hate It Or Love It"
"2021","spotify:track:0vQ1FnsdQCTymqifNR55kr","Outro 2 Gezichten","2 Gezichten","Josylvio;Ali B","2017-04-28",204409,0,FALSE,NA,1970-01-01,"nederpop,hollands","Cloud 9 Music",0.647,0.725,3,-5.532,0,0.137,0.396,0.0183,0.0739,0.712,174.068,4,"Outro 2 Gezichten"
"2021","spotify:track:1HNs07uZxZniPNmniw2GTa","Apparently","2014 Forest Hills Drive","J. Cole","2014-12-09",293040,1,TRUE,NA,1970-01-01,"rap","Roc Nation/Columbia",0.8,0.543,5,-9.236,1,0.0911,0.564,0,0.116,0.534,133.98,4,"Apparently"
"2021","spotify:track:4F1fsoL15lFihNVHAoPkW4","Niet Alleen","Lente","Kevin;Emms","2018-03-30",200334,0,FALSE,NA,1970-01-01,NA,"Rotterdam Airlines",0.532,0.581,0,-6.334,0,0.27,0.0128,0,0.136,0.683,203.25,4,"Niet Alleen"
"2021","spotify:track:0VjIjW4GlUZAMYd2vXMi3b","Blinding Lights_2021","After Hours","The Weeknd","2020-03-20",200040,90,FALSE,NA,1970-01-01,NA,"Republic Records",0.513,0.73,1,-5.94,1,0.0598,0.00143,9.54e-05,0.0897,0.334,171.001,4,"Blinding Lights_2021"
"2021","spotify:track:5BviN9XWqCYE88AOJg6nEK","100","The Documentary 2","The Game;Drake","2015-10-09",334360,0,TRUE,NA,1970-01-01,"west coast hip hop,old school hip hop,hip hop,rap","Ca$h Machine Records",0.801,0.521,4,-9.871,0,0.28,0.0136,0,0.179,0.412,108.025,4,"100"
"2021","spotify:track:4wNxcizGKSTfKm1emmO4yk","Un Veneno - G-Mix","El Madrileño","C. Tangana;José Feliciano;Niño de Elche","2021-02-26",193693,54,FALSE,NA,1970-01-01,"christmas,bolero,villancicos,flamenco","Sony Music Entertainment",0.521,0.45,2,-7.339,1,0.0913,0.773,0.000348,0.115,0.58,81.376,4,"Un Veneno - G-Mix"
"2021","spotify:track:6eimz6jvlZaPwtflDWCTa0","Tell Me a Bedtime Story","Fat Albert Rotunda","Herbie Hancock","1969-12-08",301866,52,FALSE,NA,1970-01-01,"jazz,jazz fusion,jazz funk,hard bop,cool jazz","Rhino/Warner Records",0.398,0.527,4,-16.591,0,0.0297,0.713,0.934,0.119,0.353,118.504,4,"Tell Me a Bedtime Story"
"2021","spotify:track:3eekarcy7kvN4yt5ZFzltW","HIGHEST IN THE ROOM","HIGHEST IN THE ROOM","Travis Scott","2019-10-04",175720,84,TRUE,NA,1970-01-01,"rap","Cactus Jack/Epic",0.598,0.427,7,-8.764,0,0.0317,0.0546,5.83e-06,0.21,0.0605,76.469,4,"HIGHEST IN THE ROOM"
"2021","spotify:track:5RwV8BvLfX5injfqYodke9","Todo De Ti","VICE VERSA","Rauw Alejandro","2021-06-25",199604,0,TRUE,NA,1970-01-01,"reggaeton,trap latino,urbano latino,latin","Sony Music Latin/Duars Entertainment",0.78,0.719,3,-3.613,0,0.0506,0.302,0.000196,0.0931,0.336,127.962,4,"Todo De Ti"
"2021","spotify:track:740uwCK09xVPNPr4hFpcWW","Muriendo De Envidia","El Madrileño","C. Tangana;Eliades Ochoa","2021-02-26",182640,58,FALSE,NA,1970-01-01,"son cubano,afro-cuban jazz,bolero","Sony Music Entertainment",0.845,0.717,0,-6.773,1,0.359,0.428,0.0023,0.0822,0.255,93.997,4,"Muriendo De Envidia"
"2021","spotify:track:5YYW3yRktprLRr47WK219Y","Ella No Es Tuya - Remix","Ella No Es Tuya (Remix)","Rochy RD;Myke Towers;Nicki Nicole","2021-02-03",218000,66,FALSE,NA,1970-01-01,"dembow,reggaeton,trap latino,urbano latino,argentine trap","Sony Music Latin",0.585,0.611,6,-4.132,1,0.288,0.39,0,0.649,0.962,97.041,4,"Ella No Es Tuya - Remix"
"2021","spotify:track:5PjdY0CKGZdEuoNab3yDmX","STAY (with Justin Bieber)","F*CK LOVE 3: OVER YOU","The Kid LAROI;Justin Bieber","2021-07-23",141805,8,TRUE,NA,1970-01-01,NA,"Columbia",0.591,0.764,1,-5.484,1,0.0483,0.0383,0,0.103,0.478,169.928,4,"STAY (with Justin Bieber)"
"2021","spotify:track:74tLlkN3rgVzRqQJgPfink","Money Trees_2021","good kid, m.A.A.d city","Kendrick Lamar;Jay Rock","2012",386906,81,TRUE,NA,1970-01-01,"hip hop,west coast hip hop","Aftermath",0.716,0.531,7,-7.355,1,0.157,0.0709,0,0.22,0.335,71.972,4,"Money Trees_2021"
"2021","spotify:track:4KW1lqgSr8TKrvBII0Brf8","Father Stretch My Hands Pt. 1","The Life Of Pablo","Kanye West","2016-06-10",135920,81,TRUE,NA,1970-01-01,"rap","Rock The World/IDJ/Kanye LP7",0.724,0.573,7,-4.113,1,0.0549,0.118,0,0.538,0.438,113.088,4,"Father Stretch My Hands Pt. 1"
"2021","spotify:track:38mQZ5tZ6IylQaJCCF90ox","The Top","El Dorado","24kGoldn","2021-03-26",196373,42,TRUE,NA,1970-01-01,NA,"Records/Columbia",0.754,0.711,6,-3.842,0,0.072,0.336,0,0.128,0.27,138.031,4,"The Top"
"2021","spotify:track:3wKpoOfaQaxdnalXMqSPpO","Peaches (feat. Daniel Caesar & Giveon)","Justice (Triple Chucks Deluxe)","Justin Bieber;Daniel Caesar;GIVĒON","2021-03-26",198081,48,TRUE,NA,1970-01-01,"r&b","RBMG/Def Jam",0.677,0.696,0,-6.181,1,0.119,0.321,0,0.42,0.464,90.03,4,"Peaches (feat. Daniel Caesar & Giveon)"
"2021","spotify:track:6mSzsSdu0CWIV70jEjWMhI","Oliver Twist","Oliver Twist","ArrDee","2021-06-03",174857,55,TRUE,NA,1970-01-01,"uk drill,drill,grime,uk grime","Universal-Island Records Ltd.",0.725,0.807,11,-4.332,1,0.315,0.352,0,0.462,0.848,140.045,4,"Oliver Twist"
"2021","spotify:track:6PQ88X9TkUIAUIZJHW2upE","Bad Habits","Bad Habits","Ed Sheeran","2021-06-25",231041,9,FALSE,NA,1970-01-01,"soft pop","Atlantic Records UK",0.808,0.897,11,-3.712,0,0.0348,0.0469,3.14e-05,0.364,0.591,126.026,4,"Bad Habits"
"2021","spotify:track:0RbW8kWozrVSIGb4V13o0o","Hurricane","Donda","Kanye West","2021-08-29",243187,2,FALSE,NA,1970-01-01,"rap","Rock The World/IDJ/Kanye LP7",0.587,0.561,0,-6.569,1,0.146,0.0466,0,0.109,0.351,80.009,4,"Hurricane"
"2021","spotify:track:1bG6qffAzpyiqwZz4zytTt","Wawawa","Wawawa","Y2K;bbno$","2020-12-11",180111,38,TRUE,NA,1970-01-01,NA,"Columbia",0.856,0.553,1,-8.668,0,0.0816,0.034,4.03e-06,0.0778,0.591,145.069,4,"Wawawa"
"2021","spotify:track:6uvMKqNlrSvcC4NaKnrwjZ","Body (Remix) [feat. ArrDee, E1 (3x3), ZT (3x3), Bugzy Malone, Buni, Fivio Foreign & Darkoo]","Body (Remix) [feat. ArrDee, E1 (3x3), ZT (3x3), Bugzy Malone, Buni, Fivio Foreign & Darkoo]","Tion Wayne;Russ Millions;ArrDee;E1 (3x3);ZT (3x3);Bugzy Malone;Buni;Fivio Foreign;Darkoo","2021-04-22",278085,61,TRUE,NA,1970-01-01,"uk drill,drill,grime,uk grime,afroswing,brooklyn drill,new york drill,afrobeats,afrobeat","Atlantic Records UK",0.883,0.674,11,-8.043,0,0.357,0.21,0,0.0678,0.73,141.02,4,"Body (Remix) [feat. ArrDee, E1 (3x3), ZT (3x3), Bugzy Malone, Buni, Fivio Foreign & Darkoo]"
"2021","spotify:track:4FRW5Nza1Ym91BGV4nFWXI","Lemon Pepper Freestyle (feat. Rick Ross)","Scary Hours 2","Drake;Rick Ross","2021-03-05",383036,66,TRUE,NA,1970-01-01,"rap,southern hip hop","OVO",0.77,0.637,1,-5.53,1,0.345,0.103,0,0.171,0.431,94.966,4,"Lemon Pepper Freestyle (feat. Rick Ross)"
"2021","spotify:track:7MAibcTli4IisCtbHKrGMh","Leave The Door Open","Leave The Door Open","Bruno Mars;Anderson .Paak;Silk Sonic","2021-03-05",242096,3,FALSE,NA,1970-01-01,NA,"Aftermath Entertainment/Atlantic",0.586,0.616,5,-7.964,1,0.0324,0.182,0,0.0927,0.719,148.088,4,"Leave The Door Open"
"2021","spotify:track:5CPXjf2eutbnFIQYWFMx1m","Koude Winter","Nachtvlinder","Bokoesam","2018-10-19",129570,21,TRUE,NA,1970-01-01,NA,"Top Notch Music BV",0.804,0.586,11,-6.15,1,0.37,0.0188,8.55e-05,0.11,0.747,82.91,4,"Koude Winter"
"2021","spotify:track:11kDth1aKUEUMq9r1pqyds","5% TINT","ASTROWORLD","Travis Scott","2018-08-03",196138,74,TRUE,NA,1970-01-01,"rap","Cactus Jack / Epic",0.712,0.481,4,-5.415,0,0.0487,0.173,0,0.241,0.062,140,4,"5% TINT"
"2021","spotify:track:3BZEcbdtXQSo7OrvKRJ6mb","MONTERO (Call Me By Your Name)","MONTERO (Call Me By Your Name)","Lil Nas X","2021-03-26",137875,3,TRUE,NA,1970-01-01,NA,"Columbia",0.61,0.508,8,-6.682,0,0.152,0.297,0,0.384,0.758,178.818,4,"MONTERO (Call Me By Your Name)"
"2021","spotify:track:7yrR9EmykPCA1IQsbyOVTE","Throwback","Throwback","Sevn Alias","2021-02-12",173343,0,TRUE,NA,1970-01-01,NA,"1OAK Entertainment",0.549,0.804,9,-6.037,0,0.402,0.11,4.43e-05,0.311,0.734,159.888,4,"Throwback"
"2021","spotify:track:2HaDRCCOxdgPixWp6cC2V9","Jongetjes Uit Zuid","Jongetjes Uit Zuid","Qlas & Blacka;Yssi SB","2020-11-26",146201,0,TRUE,NA,1970-01-01,NA,"#24",0.865,0.832,8,-4.425,0,0.137,0.0986,1.81e-06,0.175,0.854,120.057,4,"Jongetjes Uit Zuid"
"2021","spotify:track:6gBFPUFcJLzWGx4lenP6h2","goosebumps","Birds In The Trap Sing McKnight","Travis Scott","2016-09-16",243836,84,TRUE,NA,1970-01-01,"rap","Cactus Jack / Epic",0.841,0.728,7,-3.37,1,0.0484,0.0847,0,0.149,0.43,130.049,4,"goosebumps"
"2021","spotify:track:1UGD3lW3tDmgZfAVDh6w7r","Devil In A New Dress_2021","My Beautiful Dark Twisted Fantasy","Kanye West;Rick Ross","2010-11-22",351946,79,TRUE,NA,1970-01-01,"rap,southern hip hop","Roc-A-Fella",0.435,0.76,8,-4.935,0,0.0721,0.0175,0,0.158,0.206,80.082,4,"Devil In A New Dress_2021"
"2021","spotify:track:2QjOHCTQ1Jl3zawyYOpxh6","Sweater Weather","I Love You.","The Neighbourhood","2013-04-22",240400,92,FALSE,NA,1970-01-01,NA,"Columbia",0.612,0.807,10,-2.81,1,0.0336,0.0495,0.0177,0.101,0.398,124.053,4,"Sweater Weather"
"2021","spotify:track:4MzXwWMhyBbmu6hOcLVD49","DÁKITI","EL ÚLTIMO TOUR DEL MUNDO","Bad Bunny;JHAYCO","2020-11-27",205090,82,TRUE,NA,1970-01-01,"reggaeton,trap latino,latin,urbano latino","Rimas Entertainment LLC",0.731,0.573,4,-10.059,0,0.0544,0.401,5.22e-05,0.113,0.145,109.928,4,"DÁKITI"
"2021","spotify:track:4VUNXVIiZmR3qyuPqe6NZ8","Santo Domingo (feat. Yxng Bane)","Forever Lit","Dopebwoy;Yxng Bane","2019-05-03",148879,0,FALSE,NA,1970-01-01,"afroswing,grime,uk grime,uk r&b","Avalon Music",0.514,0.625,5,-8.945,0,0.272,0.256,2.1e-05,0.0896,0.787,132.415,5,"Santo Domingo (feat. Yxng Bane)"
"2021","spotify:track:3vlX5kFfQHDloPDV1cGENX","Close Your Eyes","Just Coolin'","Art Blakey & The Jazz Messengers","2020-07-17",386700,28,FALSE,NA,1970-01-01,"hard bop,jazz,bebop,cool jazz","Blue Note Records",0.565,0.222,5,-19.933,0,0.0646,0.799,0.000213,0.0934,0.689,99.201,4,"Close Your Eyes"
"2021","spotify:track:7AHF3V7qRPhZV7gzJLZ3CL","These Foolish Things - Remastered 1995","The Complete Aladdin Recordings Of Lester Young","Lester Young","1995-01-01",190933,54,FALSE,NA,1970-01-01,"jazz,cool jazz,bebop,jazz ballads","Blue Note Records",0.593,0.103,10,-14.961,1,0.081,0.986,0.6,0.12,0.443,66.283,4,"These Foolish Things - Remastered 1995"
"2021","spotify:track:7dHSTG6Uy730Xqr30MJuNv","Leef Mijn Eigen Leven","Leef Mijn Eigen Leven","Sam J'taime","2018-04-24",176390,30,TRUE,NA,1970-01-01,NA,"Bonne Chance Music",0.754,0.47,6,-8.219,1,0.291,0.0111,1.05e-05,0.222,0.876,94.073,4,"Leef Mijn Eigen Leven"
"2021","spotify:track:4NexTaCZZ7Ehnf03A6SVjt","Dandelion","Dandelion","Galantis;JVKE","2021-01-08",140011,52,FALSE,NA,1970-01-01,NA,"Big Beat Records",0.8,0.66,0,-4.903,1,0.158,0.158,0.02,0.14,0.634,117.923,4,"Dandelion"
"2021","spotify:track:3Wrjm47oTz2sjIgck11l5e","Beggin'","Chosen","Måneskin","2017-12-08",211560,86,FALSE,NA,1970-01-01,NA,"RCA Records Label",0.714,0.8,11,-4.808,0,0.0504,0.127,0,0.359,0.589,134.002,4,"Beggin'"
"2021","spotify:track:5InOp6q2vvx0fShv3bzFLZ","Know Yourself","If You're Reading This It's Too Late","Drake","2015-02-12",275840,68,TRUE,NA,1970-01-01,"rap","Cash Money Records/Young Money Ent./Universal Rec.",0.72,0.412,11,-8.687,0,0.223,0.196,0,0.342,0.179,114.408,4,"Know Yourself"
"2021","spotify:track:3J4VKkUpLvomXJbn9ZAypO","Sharing Locations (feat. Lil Baby & Lil Durk)","Sharing Locations (feat. Lil Baby & Lil Durk)","Meek Mill;Lil Durk;Lil Baby","2021-08-27",161052,56,TRUE,NA,1970-01-01,"rap,chicago drill,drill","MMG/Atlantic",0.681,0.63,1,-5.585,1,0.0385,0.00383,0,0.139,0.183,151.951,4,"Sharing Locations (feat. Lil Baby & Lil Durk)"
"2021","spotify:track:3BQHpFgAp4l80e1XslIjNI","Yesterday - Remastered 2009","Help! (Remastered)","The Beatles","1965-08-06",125666,77,FALSE,NA,1970-01-01,"classic rock,psychedelic rock","EMI Catalogue",0.332,0.179,5,-11.83,1,0.0326,0.879,0,0.0886,0.315,96.524,4,"Yesterday - Remastered 2009"
"2021","spotify:track:4gzsuuZypVbxs0Af1LSZyB","Lo Siento BB:/ (with Bad Bunny & Julieta Venegas)","Lo Siento BB:/ (with Bad Bunny & Julieta Venegas)","Tainy;Bad Bunny;Julieta Venegas","2021-10-05",207301,75,FALSE,NA,1970-01-01,"reggaeton,trap latino,latin,urbano latino,latin pop,latin rock","Neon16",0.639,0.703,4,-6.33,0,0.0794,0.0889,1.78e-06,0.0865,0.138,169.888,4,"Lo Siento BB:/ (with Bad Bunny & Julieta Venegas)"
"2021","spotify:track:49X0LAl6faAusYq02PRAY6","Lady - Hear Me Tonight_2021","Modjo (Remastered)","Modjo","2001",307153,84,FALSE,NA,1970-01-01,"french house,disco house","Modjo Music",0.72,0.808,6,-5.627,1,0.0379,0.00793,0.0293,0.0634,0.869,126.041,4,"Lady - Hear Me Tonight_2021"
"2021","spotify:track:6Ao5d7TMQ92h87jQqSHGyw","Kyle (i found you)","Actual Life (April 14 - December 17 2020)","Fred again..","2021-04-15",196071,64,FALSE,NA,1970-01-01,"stutter house,house,edm","Atlantic Records UK",0.76,0.669,5,-9.105,0,0.285,0.0757,0.0215,0.77,0.215,112.023,4,"Kyle (i found you)"
"2021","spotify:track:2Iq6HhIquO7JKr0KfTNLzU","My Type","My Type EP","Saint Motel","2014-08-16",204811,70,FALSE,NA,1970-01-01,NA,"Parlophone UK",0.595,0.896,10,-2.951,1,0.047,0.0641,5.82e-05,0.0748,0.567,118.001,4,"My Type"
"2021","spotify:track:41rKpFSomq5r4fd3tmFW22","Nelly","Kiezromantik","BHZ;Big Pat;Monk;Dead Dawg;Longus Mongus;Ion Miles","2020-05-29",238720,0,TRUE,NA,1970-01-01,"german hip hop,german indie","Sony Music/BHZ",0.839,0.547,6,-5.534,0,0.439,0.0622,2.14e-06,0.108,0.559,165.023,5,"Nelly"
"2021","spotify:track:4v7SAP4KD96BFLWiCd1vF0","Madonna","If You're Reading This It's Too Late","Drake","2015-02-12",177840,59,TRUE,NA,1970-01-01,"rap","Cash Money Records/Young Money Ent./Universal Rec.",0.905,0.492,2,-8.598,1,0.0595,0.0149,3.77e-05,0.371,0.142,110.017,4,"Madonna"
"2021","spotify:track:4nGPkwJneWvC3ckbQvgEdJ","One Tribe (Defqon.1 2019 Anthem)_2021","One Tribe (Defqon.1 2019 Anthem)","Sefa","2019-05-17",273414,0,FALSE,NA,1970-01-01,"frenchcore,hardstyle,hardcore,gabber,hardcore techno,speedcore","Q-dance Records",0.252,0.965,0,-3.599,1,0.438,0.299,0.0529,0.371,0.0424,189.081,4,"One Tribe (Defqon.1 2019 Anthem)_2021"
"2021","spotify:track:0d28khcov6AiegSCpG5TuT","Feel Good Inc._2021","Demon Days","Gorillaz;De La Soul","2005-05-23",222640,91,FALSE,NA,1970-01-01,"jazz rap,east coast hip hop","Parlophone UK",0.818,0.705,6,-6.679,1,0.177,0.00836,0.00233,0.613,0.772,138.559,4,"Feel Good Inc._2021"
"2021","spotify:track:3Ofmpyhv5UAQ70mENzB277","Astronaut In The Ocean","Astronaut In The Ocean","Masked Wolf","2021-01-06",132780,71,TRUE,NA,1970-01-01,NA,"Elektra (NEK)",0.778,0.695,4,-6.865,0,0.0913,0.175,0,0.15,0.472,149.996,4,"Astronaut In The Ocean"
"2021","spotify:track:58TaFP5j5i9swOf584yon2","HOUSTONFORNICATION","ASTROWORLD","Travis Scott","2018-08-03",217828,68,TRUE,NA,1970-01-01,"rap","Cactus Jack / Epic",0.689,0.723,0,-4.052,0,0.0836,0.0985,0,0.158,0.288,160.042,4,"HOUSTONFORNICATION"
"2021","spotify:track:7qwNSHctECC8wPqFwUZsGo","Ik Leef M'n Eigen Leven","Met Heel Mijn Hart","Andre Hazes","1993-01-01",290666,53,FALSE,NA,1970-01-01,"hollands,nederpop","Universal Music, a division of Universal International Music BV",0.481,0.281,0,-17.171,0,0.0279,0.466,1.65e-06,0.116,0.247,93.773,4,"Ik Leef M'n Eigen Leven"
"2021","spotify:track:3yHt2DUM0AhAs1olpPcm7s","Hyperventilatie","De Nacht Is Van Ons","Antoon","2020-07-17",138653,10,FALSE,NA,1970-01-01,"nederpop,hollands","Dreamteam",0.738,0.692,5,-7.934,1,0.0502,0.546,0.00715,0.231,0.593,112.979,4,"Hyperventilatie"
"2021","spotify:track:4uoR6qeWeuL4Qeu2qJzkuG","Hawái","Hawái","Maluma","2020-07-29",200197,68,FALSE,NA,1970-01-01,"reggaeton,latin,urbano latino","Sony Music Latin",0.787,0.728,6,-3.455,0,0.389,0.189,2.29e-05,0.0629,0.545,180.066,4,"Hawái"
"2021","spotify:track:4AD2dterIUjNt1LFNI9Bvi","He's a Pirate","Pirates Of The Caribbean Original Soundtrack","Klaus Badelt","2003-01-01",90426,63,FALSE,NA,1970-01-01,"soundtrack","EMI Marketing",0.453,0.695,10,-10.953,1,0.0554,0.0223,0.962,0.117,0.126,70.425,4,"He's a Pirate"
"2021","spotify:track:27NovPIUIRrOZoCHxABJwK","INDUSTRY BABY (feat. Jack Harlow)","INDUSTRY BABY (feat. Jack Harlow)","Lil Nas X;Jack Harlow","2021-07-23",212000,74,TRUE,NA,1970-01-01,NA,"Columbia",0.736,0.704,3,-7.409,0,0.0615,0.0203,0,0.0501,0.894,149.995,4,"INDUSTRY BABY (feat. Jack Harlow)"
"2021","spotify:track:0VWLId2RwPCno9s1cJm2Vy","Travesuras - Remix","Travesuras (Remix)","Nio Garcia;Casper Magico;Ozuna;Wisin & Yandel;Myke Towers;Flow La Movie","2021-03-11",324426,62,TRUE,NA,1970-01-01,"reggaeton,trap latino,urbano latino,latin","Flow La Movie, Inc",0.739,0.788,1,-5.198,1,0.0731,0.0513,0,0.282,0.473,175.996,4,"Travesuras - Remix"
"2021","spotify:track:5J6CXHvsfRGyyCnQZmVPoE","Poetic Justice","good kid, m.A.A.d city","Kendrick Lamar;Drake","2012",300160,66,TRUE,NA,1970-01-01,"hip hop,west coast hip hop,rap","Aftermath",0.778,0.569,6,-9.985,0,0.378,0.158,0,0.246,0.642,135.958,4,"Poetic Justice"
"2021","spotify:track:3Sj4lCOlYVeHpkvuc9W5Vn","Tokyo Drifting","Dreamland (+ Bonus Levels)","Glass Animals;Denzel Curry","2020-08-06",216821,0,TRUE,NA,1970-01-01,NA,"Polydor Records",0.715,0.438,8,-9.874,0,0.0575,0.12,0.000139,0.107,0.418,128.905,4,"Tokyo Drifting"
"2021","spotify:track:0w0ZsbRUjoAONcoO85rPHt","10 Keer","10 Keer","Jonna Fraser;Boef","2021-03-25",224140,30,TRUE,NA,1970-01-01,NA,"Noah's Ark BV",0.602,0.755,2,-5.297,1,0.247,0.00758,0,0.1,0.549,131.054,5,"10 Keer"
"2022","spotify:track:3k3NWokhRRkEPhCzPmV8TW","Ojitos Lindos_2022","Un Verano Sin Ti","Bad Bunny;Bomba Estéreo","2022-05-06",258298,87,FALSE,NA,1970-01-01,"reggaeton,trap latino,latin,urbano latino,latin alternative,electrocumbia","Rimas Entertainment LLC",0.647,0.686,3,-5.745,0,0.0413,0.08,1.34e-06,0.528,0.268,79.928,4,"Ojitos Lindos_2022"
"2022","spotify:track:6Xom58OOXk2SoU711L2IXO","Moscow Mule_2022","Un Verano Sin Ti","Bad Bunny","2022-05-06",245939,87,TRUE,NA,1970-01-01,"reggaeton,trap latino,latin,urbano latino","Rimas Entertainment LLC",0.804,0.674,5,-5.453,0,0.0333,0.294,1.18e-06,0.115,0.292,99.968,4,"Moscow Mule_2022"
"2022","spotify:track:2JPLbjOn0wPCngEot2STUS","Yonaguni","Yonaguni","Bad Bunny","2021-06-04",206710,82,TRUE,NA,1970-01-01,"reggaeton,trap latino,latin,urbano latino","Rimas Entertainment LLC",0.644,0.648,1,-4.601,1,0.118,0.276,0,0.135,0.44,179.951,4,"Yonaguni"
"2022","spotify:track:5RubKOuDoPn5Kj5TLVxSxY","TE MUDASTE","EL ÚLTIMO TOUR DEL MUNDO","Bad Bunny","2020-11-27",130013,76,TRUE,NA,1970-01-01,"reggaeton,trap latino,latin,urbano latino","Rimas Entertainment LLC",0.811,0.637,10,-4.835,0,0.0591,0.234,0.000572,0.118,0.471,92.025,4,"TE MUDASTE"
"2022","spotify:track:6Sq7ltF9Qa7SNFBsV5Cogx","Me Porto Bonito_2022","Un Verano Sin Ti","Bad Bunny;Chencho Corleone","2022-05-06",178567,86,TRUE,NA,1970-01-01,"reggaeton,trap latino,latin,urbano latino","Rimas Entertainment LLC",0.911,0.712,1,-5.105,0,0.0817,0.0901,2.68e-05,0.0933,0.425,92.005,4,"Me Porto Bonito_2022"
"2022","spotify:track:1nH2PkJL1XoUq8oE6tBZoU","Sacrifice","Dawn FM","The Weeknd","2022-01-06",188918,71,TRUE,NA,1970-01-01,NA,"XO / Republic Records",0.735,0.795,11,-6.523,0,0.113,0.0296,3.18e-05,0.0678,0.905,122,4,"Sacrifice"
"2022","spotify:track:4Dvkj6JhhA12EX05fT7y2e","As It Was","Harry's House","Harry Styles","2022-05-20",167303,91,FALSE,NA,1970-01-01,NA,"Columbia",0.52,0.731,6,-5.338,0,0.0557,0.342,0.00101,0.311,0.662,173.93,4,"As It Was"
"2022","spotify:track:3iM9wFGlyR28IBZrXYZK9j","Cold as Ice - 2008 Remaster","No End in Sight: The Very Best of Foreigner","Foreigner","2008-07-08",200026,54,FALSE,NA,1970-01-01,"aor,classic rock","Rhino",0.554,0.708,3,-5.318,0,0.0271,0.0594,2.68e-06,0.143,0.512,131.159,4,"Cold as Ice - 2008 Remaster"
"2022","spotify:track:0fea68AdmYNygeTGI4RC18","LA CANCIÓN_2022","OASIS","J Balvin;Bad Bunny","2019-06-28",242573,92,FALSE,NA,1970-01-01,"reggaeton,latin,trap latino,urbano latino","Universal Music Latino / Rimas",0.756,0.646,7,-5.795,1,0.319,0.152,1.81e-05,0.108,0.429,176.088,4,"LA CANCIÓN_2022"
"2022","spotify:track:39shmbIHICJ2Wxnk1fPSdz","Should I Stay or Should I Go - Remastered_2022","Combat Rock (Remastered)","The Clash","1982",188987,84,FALSE,NA,1970-01-01,"punk","Sony Music UK",0.743,0.836,2,-6.465,1,0.116,0.0804,0,0.384,0.82,113.375,4,"Should I Stay or Should I Go - Remastered_2022"
"2022","spotify:track:0K0JJ3QZEHYhBwkE21L2HZ","skeletons","life's a beach","hard life","2021-05-28",178713,53,FALSE,NA,1970-01-01,NA,"Universal-Island Records Ltd.",0.779,0.733,9,-8.137,0,0.0734,0.0177,0.0011,0.591,0.515,115.009,4,"skeletons"
"2022","spotify:track:1Is8hGpkGMiePASAxBluxM","16_2022","The Melodic Blue","Baby Keem","2021-09-10",156040,76,TRUE,NA,1970-01-01,NA,"Columbia",0.701,0.782,1,-4.987,1,0.138,0.0918,2.31e-06,0.124,0.57,94.03,4,"16_2022"
"2022","spotify:track:4tYFy8ALRjIZvnvSLw5lxN","Party","Un Verano Sin Ti","Bad Bunny;Rauw Alejandro","2022-05-06",227628,84,TRUE,NA,1970-01-01,"reggaeton,trap latino,latin,urbano latino","Rimas Entertainment LLC",0.829,0.799,9,-5.389,1,0.0897,0.0151,0.000543,0.242,0.471,97.013,4,"Party"
"2022","spotify:track:4h9wh7iOZ0GGn8QVp4RAOB","I Ain't Worried","I Ain’t Worried (Music From The Motion Picture ""Top Gun: Maverick"")","OneRepublic","2022-05-13",148485,82,FALSE,NA,1970-01-01,"soft pop","Interscope Records",0.704,0.797,0,-5.927,1,0.0475,0.0826,0.000745,0.0546,0.825,139.994,4,"I Ain't Worried"
"2022","spotify:track:7vSqIX6kwfYDyr5p3PKtEU","Jungle Fury","Jungle Fury","RIOT","2019-01-10",309517,30,FALSE,NA,1970-01-01,"dubstep,deathstep,riddim","Monstercat",0.5,0.968,1,-0.471,1,0.0702,0.00218,0.812,0.676,0.176,145.017,4,"Jungle Fury"
"2022","spotify:track:37Tmv4NnfQeb0ZgUC4fOJj","Sultans Of Swing_2022","Dire Straits","Dire Straits","1978-10-07",348400,85,FALSE,NA,1970-01-01,"classic rock","EMI",0.733,0.794,5,-10.023,1,0.0307,0.0614,0.0367,0.33,0.931,148.174,4,"Sultans Of Swing_2022"
"2022","spotify:track:71wFwRo8xGc4lrcyKwsvba","Callaita","Un Verano Sin Ti","Bad Bunny;Tainy","2022-05-06",250533,82,TRUE,NA,1970-01-01,"reggaeton,trap latino,latin,urbano latino","Rimas Entertainment LLC",0.608,0.626,2,-4.773,1,0.301,0.597,2.16e-06,0.25,0.246,176.086,4,"Callaita"
"2022","spotify:track:1JSTJqkT5qHq8MDJnJbRE1","Every Breath You Take","Synchronicity (Remastered 2003)","The Police","1983-06-17",253920,93,FALSE,NA,1970-01-01,NA,"Polydor Records",0.82,0.452,1,-9.796,1,0.0348,0.543,0.00294,0.0714,0.74,117.401,4,"Every Breath You Take"
"2022","spotify:track:48Jf12YHPBCAfAzi255Rvr","Redlight","Paradise Again","Swedish House Mafia;Sting","2022-04-15",242880,63,FALSE,NA,1970-01-01,"edm,soft rock","Republic Records",0.71,0.63,2,-7.003,1,0.0413,0.00879,0.147,0.058,0.216,125,4,"Redlight"
"2022","spotify:track:0oUBuOO4g9P4lREqfqR5nq","A Man Without Love_2022","A Man Without Love","Engelbert Humperdinck","1968-08-03",203133,70,FALSE,NA,1970-01-01,NA,"Decca (UMO)",0.538,0.467,2,-9.589,1,0.0327,0.637,0,0.115,0.507,111.766,4,"A Man Without Love_2022"
"2022","spotify:track:5CzixCxDkRXX9mScCmah8O","Un Ratito","Un Verano Sin Ti","Bad Bunny","2022-05-06",176936,79,TRUE,NA,1970-01-01,"reggaeton,trap latino,latin,urbano latino","Rimas Entertainment LLC",0.787,0.546,0,-7.094,0,0.0532,0.305,4.55e-05,0.122,0.222,93.05,4,"Un Ratito"
"2022","spotify:track:1YR7VB3xx85Iad2n3soyMb","Amsterdam","Amsterdam","Cristian D;$hirak;Brysa;Ashafar","2022-01-13",173534,55,TRUE,NA,1970-01-01,NA,"Maison $hirak",0.908,0.52,0,-7.688,0,0.0782,0.0457,0,0.109,0.81,134.046,4,"Amsterdam"
"2022","spotify:track:7KA4W4McWYRpgf0fWsJZWB","See You Again (feat. Kali Uchis)_2022","Flower Boy","Tyler, The Creator;Kali Uchis","2017-07-21",180386,89,TRUE,NA,1970-01-01,NA,"Columbia",0.558,0.559,6,-9.222,1,0.0959,0.371,7.49e-06,0.109,0.62,78.558,4,"See You Again (feat. Kali Uchis)_2022"
"2022","spotify:track:622sVNQCspoVUqFWzOYYcj","A Man Without Love_2022_1","Live In Concert / All of Me","Engelbert Humperdinck","1968",205640,52,FALSE,NA,1970-01-01,NA,"Epic/Legacy",0.386,0.473,2,-12.416,1,0.0345,0.729,0,0.271,0.498,110.322,4,"A Man Without Love_2022"
"2022","spotify:track:0HqZX76SFLDz2aW8aiqi7G","Bones","Bones","Imagine Dragons","2022-03-11",165264,76,FALSE,NA,1970-01-01,NA,"KIDinaKORNER/Interscope Records",0.773,0.742,5,-3.678,0,0.046,0.0206,0,0.0754,0.571,114.071,4,"Bones"
"2022","spotify:track:2IV6ArKIuTpNxqXCCHd0mG","Vluchtstrook","Vluchtstrook","Kris Kross Amsterdam;Antoon;Sigourney K","2021-11-26",148467,58,FALSE,NA,1970-01-01,"hollands,nederpop","KKA/Dreamteam/Cloud 9/Ownit",0.73,0.771,6,-6.973,0,0.0534,0.0321,0,0.127,0.689,159.979,4,"Vluchtstrook"
"2022","spotify:track:2beS6dD5rovBxSA1zYoSHR","No Me Conoce - Remix","Famouz","JHAYCO;J Balvin;Bad Bunny","2019-05-24",309120,85,FALSE,NA,1970-01-01,"reggaeton,trap latino,urbano latino,latin","N&E Entertainment LLC",0.804,0.787,10,-3.824,0,0.0746,0.14,0,0.0927,0.562,91.974,4,"No Me Conoce - Remix"
"2022","spotify:track:59NB4aFUAVG4lM6p7jsEas","Battlefield 3 Main Theme","Battlefield 3 (Original Soundtrack)","Johan Skugge;Jukka Rintamäki","2011",115986,45,FALSE,NA,1970-01-01,"soundtrack","EA Music",0.481,0.749,7,-12.657,1,0.0544,0.335,0.9,0.102,0.394,169.975,3,"Battlefield 3 Main Theme"
"2022","spotify:track:5VzNsUnLmYcRfRfxpQsusa","La Nota_2022","Dopamina","Manuel Turizo;Rauw Alejandro;Myke Towers","2021-04-09",216107,65,FALSE,NA,1970-01-01,"reggaeton,pop urbano,colombian pop,latin,trap latino,urbano latino","Sony Music Latin/La Industria",0.736,0.632,11,-4.939,0,0.0648,0.18,0,0.349,0.503,92.03,4,"La Nota_2022"
"2022","spotify:track:3USxtqRwSYz57Ewm6wWRMp","Heat Waves_2022","Dreamland","Glass Animals","2020-08-07",238805,87,FALSE,NA,1970-01-01,NA,"Polydor Records",0.761,0.525,11,-6.9,1,0.0944,0.44,6.7e-06,0.0921,0.531,80.87,4,"Heat Waves_2022"
"2022","spotify:track:1RijmOnza5p9CzaFKr8W1Y","Soy Peor - Remix","Soy Peor Remix","Bad Bunny;J Balvin;Ozuna;Arcángel","2017-06-22",315846,68,TRUE,NA,1970-01-01,"reggaeton,trap latino,latin,urbano latino","Rimas Entertainment LLC",0.823,0.457,0,-7.036,0,0.119,0.214,0,0.352,0.268,115.991,4,"Soy Peor - Remix"
"2022","spotify:track:4qv2m0hQwaVF5ss13PXrQK","Followers_2022","Greatest Hits Vol. 1","AREA21;Martin Garrix;Maejor","2021-11-12",177186,44,FALSE,NA,1970-01-01,"edm,progressive house,electronica","Hollywood Records",0.561,0.811,11,-4.167,1,0.0403,0.194,6.13e-05,0.309,0.34,145.04,4,"Followers_2022"
"2022","spotify:track:78FHUZRbFDCG6VkRAQdFLm","Broken Wings","Welcome To The Real World","Mr. Mister","1985-11-27",343933,71,FALSE,NA,1970-01-01,NA,"RCA Records Label",0.286,0.5,1,-14.281,0,0.0357,0.134,4.57e-05,0.108,0.443,99.162,4,"Broken Wings"
"2022","spotify:track:7cyGxmLnHWlwt41cr2RZzG","Do It To It","Do It To It","ACRAZE;Cherish","2021-08-20",157890,75,FALSE,NA,1970-01-01,"tech house","Thrive Music",0.854,0.806,11,-8.262,0,0.0886,0.0209,0.0542,0.0703,0.637,124.927,4,"Do It To It"
"2022","spotify:track:5Eax0qFko2dh7Rl2lYs3bx","Efecto","Un Verano Sin Ti","Bad Bunny","2022-05-06",213061,84,TRUE,NA,1970-01-01,"reggaeton,trap latino,latin,urbano latino","Rimas Entertainment LLC",0.801,0.475,7,-8.797,0,0.0516,0.141,1.73e-05,0.0639,0.234,98.047,4,"Efecto"
"2022","spotify:track:6gkN5lGMV6Dt5Ac8zuErDR","Battlefield 2042_2022","Battlefield 2042 (Official Soundtrack)","Hildur Guðnadóttir;Sam Slater","2021-09-09",152413,30,FALSE,NA,1970-01-01,"neoclassical,drone,score,contemporary classical","EA Music",0.472,0.414,10,-11.447,0,0.0269,0.000292,0.901,0.257,0.0579,89.034,3,"Battlefield 2042_2022"
"2022","spotify:track:5lWSa1rmuSL6OBPOnkAqoa","Rasputin","Daddy Cool","Boney M.","1994-03-14",220666,72,FALSE,NA,1970-01-01,"disco","Ariola Express",0.69,0.752,6,-11.47,0,0.0455,0.463,0.00102,0.595,0.97,126.005,4,"Rasputin"
"2022","spotify:track:1jEBSDN5vYViJQr78W7jr2","Light Switch","CHARLIE","Charlie Puth","2022-10-06",187703,74,FALSE,NA,1970-01-01,"soft pop","Atlantic Records",0.689,0.627,6,-5.692,1,0.308,0.105,0.000321,0.0905,0.905,184.008,4,"Light Switch"
"2022","spotify:track:7kjEqI6eZ7YlFrGhxixnlN","ANTES QUE SE ACABE","EL ÚLTIMO TOUR DEL MUNDO","Bad Bunny","2020-11-27",221186,73,FALSE,NA,1970-01-01,"reggaeton,trap latino,latin,urbano latino","Rimas Entertainment LLC",0.693,0.549,2,-6.098,1,0.0577,0.505,4.73e-05,0.324,0.473,139.988,4,"ANTES QUE SE ACABE"
"2022","spotify:track:6qyS9qBy0mEk3qYaH8mPss","Murder In My Mind","Murder In My Mind","Kordhell","2022-01-21",145000,76,TRUE,NA,1970-01-01,"phonk,drift phonk","Kordhell",0.712,0.972,10,-0.514,1,0.112,0.00547,7.06e-05,0.128,0.568,119.966,4,"Murder In My Mind"
"2022","spotify:track:1PtQJZVZIdWIYdARpZRDFO","Running Up That Hill (A Deal With God)","Hounds Of Love","Kate Bush","1985-09-16",298933,88,FALSE,NA,1970-01-01,"art pop,baroque pop,art rock","Fish People",0.629,0.545,10,-13.123,0,0.0546,0.719,0.00308,0.0604,0.194,108.376,4,"Running Up That Hill (A Deal With God)"
"2022","spotify:track:732E6ibFkQR5lNIPEeiEnx","Choker","Scaled And Icy","Twenty One Pilots","2021-05-21",223065,64,FALSE,NA,1970-01-01,NA,"Fueled By Ramen",0.7,0.664,7,-8.211,1,0.0394,0.306,1.89e-05,0.249,0.585,142.009,4,"Choker"
"2022","spotify:track:1IHWl5LamUGEuP4ozKQSXZ","Tití Me Preguntó_2022","Un Verano Sin Ti","Bad Bunny","2022-05-06",243716,95,TRUE,NA,1970-01-01,"reggaeton,trap latino,latin,urbano latino","Rimas Entertainment LLC",0.65,0.715,5,-5.198,0,0.253,0.0993,0.000291,0.126,0.187,106.672,4,"Tití Me Preguntó_2022"
"2022","spotify:track:6LNoArVBBVZzUTUiAX2aKO","Off The Grid","Donda","Kanye West","2021-08-29",339249,67,FALSE,NA,1970-01-01,"rap","Rock The World/IDJ/Kanye LP7",0.546,0.64,8,-5.582,1,0.37,0.0438,0,0.137,0.63,137.728,4,"Off The Grid"
"2022","spotify:track:6nqdgUTiWt4JbABDurkxMI","Sahara","Sahara","Hensonn","2021-11-16",171384,65,TRUE,NA,1970-01-01,"phonk,drift phonk","Hensonn",0.615,0.521,2,-9.488,1,0.0318,0.146,0.772,0.11,0.045,115.016,4,"Sahara"
"2022","spotify:track:5CM4UuQ9Gnd6K2YyKGPMoK","Bad Habit","Bad Habit","Steve Lacy","2022-06-29",232114,73,TRUE,NA,1970-01-01,NA,"L-M Records/RCA Records",0.686,0.507,1,-7.097,1,0.0357,0.626,7.51e-05,0.383,0.69,168.955,4,"Bad Habit"
"2022","spotify:track:48AJSd42lXpicsGqcgopof","X ÚLTIMA VEZ","LEGENDADDY","Daddy Yankee;Bad Bunny","2022-03-25",192477,69,TRUE,NA,1970-01-01,"reggaeton,latin,trap latino,urbano latino","Republic Records",0.812,0.855,7,-3.725,1,0.0554,0.0789,0.000167,0.108,0.573,90.04,4,"X ÚLTIMA VEZ"
"2022","spotify:track:3IcZbuv0ydGXMfdJeo6iqr","Demasiadas Mujeres","El Madrileño (La Sobremesa)","C. Tangana","2022-02-18",153960,44,FALSE,NA,1970-01-01,NA,"Sony Music Entertainment",0.667,0.43,9,-8.824,0,0.397,0.127,0.000262,0.0853,0.377,126.027,4,"Demasiadas Mujeres"
"2022","spotify:track:7afBX5p6Qw5RPfpedhEMWS","4am","4am","JBEE","2021-10-01",193714,63,TRUE,NA,1970-01-01,"uk drill,drill","10K Projects",0.863,0.482,1,-9.132,1,0.439,0.621,0,0.148,0.618,140.021,4,"4am"
"2022","spotify:track:1PCvKFPWnTXAe2oaReVUcr","We Are One (Ole Ola) [The Official 2014 FIFA World Cup Song] (feat. Jennifer Lopez & Claudia Leitte)","Globalization","Pitbull;Jennifer Lopez;Claudia Leitte","2014-11-24",222559,76,FALSE,NA,1970-01-01,"axé,brazilian pop","Mr.305/Polo Grounds Music/RCA Records",0.592,0.935,6,-4.317,0,0.0581,0.00879,0.0154,0.132,0.567,125.013,4,"We Are One (Ole Ola) [The Official 2014 FIFA World Cup Song] (feat. Jennifer Lopez & Claudia Leitte)"
"2022","spotify:track:1797zYiX4cKosMH836X9Gt","La Corriente","Un Verano Sin Ti","Bad Bunny;Tony Dize","2022-05-06",198367,78,TRUE,NA,1970-01-01,"reggaeton,trap latino,latin,urbano latino","Rimas Entertainment LLC",0.663,0.786,11,-3.51,0,0.195,0.229,0,0.219,0.579,196.12,4,"La Corriente"
"2022","spotify:track:05IbhAKODbXn8og9uaUgpc","Permanence","Permanence","David Guetta;MORTEN","2022-01-07",231290,48,FALSE,NA,1970-01-01,"edm","Musical Freedom",0.32,0.799,2,-10.464,1,0.389,0.0564,0.584,0.31,0.032,165.492,3,"Permanence"
"2022","spotify:track:6fCNwdojdA3mmZvNXdNb5L","Jackpot (The Jackpot Playlist Anthem)","Jackpot (The Jackpot Playlist Anthem)","The Straikerz","2022-02-18",143437,49,FALSE,NA,1970-01-01,"hardstyle,hardcore,frenchcore","Gearbox Digital",0.415,0.854,4,-0.287,0,0.52,0.137,1.95e-06,0.395,0.311,195.635,5,"Jackpot (The Jackpot Playlist Anthem)"
"2022","spotify:track:0V0FJBR8xhhMuirhRY15we","PACMAN","PACMAN","Hardwell","2022-06-10",232500,35,FALSE,NA,1970-01-01,"big room,edm,progressive house,electronica","Revealed Recordings",0.588,0.872,7,-7.133,1,0.0892,0.000591,0.649,0.12,0.119,127.996,4,"PACMAN"
"2022","spotify:track:2vmfvSoZBFAt9hhRoEByLi","Volví","Volví","Aventura;Bad Bunny","2021-08-03",230125,76,TRUE,NA,1970-01-01,"bachata,reggaeton,trap latino,latin,urbano latino","Rimas Entertainment LLC",0.725,0.86,1,-3.726,1,0.182,0.422,0.000284,0.0674,0.791,175.896,4,"Volví"
"2022","spotify:track:1r9xUipOqoNwggBpENDsvJ","Enemy (with JID) - from the series Arcane League of Legends","Enemy (with JID) [from the series Arcane League of Legends]","Imagine Dragons;JID;Arcane;League of Legends","2021-10-28",173381,75,FALSE,NA,1970-01-01,"score","KIDinaKORNER/Interscope Records",0.728,0.783,11,-4.424,0,0.266,0.237,0,0.434,0.555,77.011,4,"Enemy (with JID) - from the series Arcane League of Legends"
"2022","spotify:track:5YtjgewpB55VaDbGw45uqB","INDUSTRY BABY","INDUSTRY BABY 2.0","Lil Nas X;Jack Harlow","2021-10-09",212000,55,TRUE,NA,1970-01-01,NA,"Columbia",0.736,0.704,3,-7.409,0,0.0615,0.0203,0,0.0501,0.894,149.995,4,"INDUSTRY BABY"
"2022","spotify:track:1Dr5JexwA15wmKe7Y7maA9","Past Lives","Dopamine","BØRNS","2015-10-16",274320,69,FALSE,NA,1970-01-01,NA,"UMGRI Interscope",0.743,0.685,4,-6.863,1,0.0975,0.0664,6.75e-05,0.0884,0.443,109.988,4,"Past Lives"
"2022","spotify:track:2tFwfmceQa1Y6nRPhYbEtC","CÓMO SE SIENTE - Remix","CÓMO SE SIENTE (Remix)","JHAYCO;Bad Bunny","2020-05-09",227520,80,TRUE,NA,1970-01-01,"reggaeton,trap latino,urbano latino,latin","N&E Entertainment LLC",0.807,0.606,3,-8.871,0,0.088,0.0946,0,0.119,0.304,92.988,4,"CÓMO SE SIENTE - Remix"
"2022","spotify:track:3JgyLoPdA0TLXsiDbx9jiH","Finish the Fight","Halo 3 (Original Soundtrack)","Halo;Martin O'Donnell;Michael Salvatori","2007-11-20",147786,48,FALSE,NA,1970-01-01,"soundtrack","Halo Studios",0.208,0.256,9,-13.38,1,0.0401,0.641,0.959,0.0893,0.0903,125.681,4,"Finish the Fight"
"2022","spotify:track:1MHYAqWWdDRePmnqORynrq","Kathleen","The Balcony","Catfish and the Bottlemen","2014-09-15",160886,65,FALSE,NA,1970-01-01,"indie,indie rock","Universal-Island Records Ltd.",0.489,0.892,11,-4.757,0,0.0786,0.000369,0.00293,0.411,0.598,137.93,4,"Kathleen"
"2022","spotify:track:0iUrxveyNUBfj0cqjYEijt","NEON BLADE","NEON BLADE","MoonDeity","2022-06-01",265263,66,TRUE,NA,1970-01-01,"phonk,drift phonk","MoonDeity",0.548,0.996,7,-2.169,1,0.112,0.0284,0.92,0.595,0.893,94.999,4,"NEON BLADE"
"2022","spotify:track:3V8UKqhEK5zBkBb6d6ub8i","Te Boté - Remix","Te Boté (Remix)","Nio Garcia;Casper Magico;Bad Bunny;Darell;Ozuna;Nicky Jam","2018-04-13",417920,77,TRUE,NA,1970-01-01,"reggaeton,trap latino,urbano latino,latin,dembow","Flow La Movie, Inc.",0.903,0.675,11,-3.445,0,0.214,0.542,1.28e-05,0.0595,0.442,96.507,4,"Te Boté - Remix"
"2022","spotify:track:751srcHf5tUqcEa9pRCQwP","Tek It_2022","Running","Cafuné","2021-07-20",191823,82,FALSE,NA,1970-01-01,NA,"Elektra (NEK)",0.423,0.913,8,-5.354,1,0.0655,6.53e-05,0,0.269,0.596,146.995,4,"Tek It_2022"
"2022","spotify:track:5Xd9NVSspCkmCxa9gSAWu8","It's Been a Long, Long Time","You Want HARRY JAMES & HIS ORCHESTRA Well, Here It Is!","Harry James;Kitty Kallan","1913",203773,44,FALSE,NA,1970-01-01,"big band,swing music,jazz","Horgi Music Digital Productions",0.328,0.221,0,-9.7,1,0.0299,0.94,0.00135,0.301,0.369,77.147,4,"It's Been a Long, Long Time"
"2022","spotify:track:27rZYxE4l21wTaovX4WTnI","Television / So Far So Good","Apricot Princess","Rex Orange County","2017-04-26",262600,77,TRUE,NA,1970-01-01,"bedroom pop","Rex Orange County",0.403,0.505,5,-7.75,1,0.0463,0.592,0,0.121,0.32,164.902,4,"Television / So Far So Good"
"2022","spotify:track:1dm6z1fWB0cErMszU25dy2","Después de la Playa","Un Verano Sin Ti","Bad Bunny","2022-05-06",230400,79,FALSE,NA,1970-01-01,"reggaeton,trap latino,latin,urbano latino","Rimas Entertainment LLC",0.564,0.903,5,-3.221,1,0.307,0.356,0,0.175,0.607,78.293,4,"Después de la Playa"
"2022","spotify:track:5hnyJvgoWiQUYZttV4wXy6","Chasing Cars","Eyes Open","Snow Patrol","2006-01-01",267960,84,FALSE,NA,1970-01-01,NA,"Polydor Records",0.561,0.595,9,-4.53,1,0.0274,0.199,6.47e-05,0.132,0.144,104.006,4,"Chasing Cars"
"2022","spotify:track:78kygHp1dvW1kncYjBgbe1","Mujeriego","Mujeriego","Ryan Castro","2021-12-17",142500,69,FALSE,NA,1970-01-01,"reggaeton","Sony Music Entertainment",0.758,0.621,9,-8.033,1,0.125,0.0628,0,0.0809,0.92,79.949,4,"Mujeriego"
"2022","spotify:track:5pSSEkT0963muzzIjsVkrs","Fool's Overture","Even In The Quietest Moments","Supertramp","1977-01-01",652560,54,FALSE,NA,1970-01-01,"progressive rock,classic rock","A&M",0.406,0.306,3,-10.482,1,0.0372,0.313,0.0079,0.0727,0.073,135.272,4,"Fool's Overture"
"2022","spotify:track:0E0DRHf5PfMeor0ZCwB3oT","Otro Atardecer","Un Verano Sin Ti","Bad Bunny;The Marías","2022-05-06",244444,83,FALSE,NA,1970-01-01,"reggaeton,trap latino,latin,urbano latino,bedroom pop","Rimas Entertainment LLC",0.777,0.595,2,-6.79,1,0.0375,0.59,0.00139,0.0669,0.546,108.02,4,"Otro Atardecer"
"2022","spotify:track:18asYwWugKjjsihZ0YvRxO","The Motto","The Motto","Tiësto;Ava Max","2021-11-04",164818,73,FALSE,NA,1970-01-01,"edm,trance,big room,house","Atlantic Records",0.754,0.763,7,-4.627,0,0.0435,0.0301,2.23e-05,0.0901,0.464,117.953,4,"The Motto"
"2022","spotify:track:44EkzAU92xwm30YpD4p31i","It's On Again (feat. Kendrick Lamar) - From The Amazing Spider-Man 2 Soundtrack","It's On Again (feat. Kendrick Lamar) [From The Amazing Spider-Man 2 Soundtrack]","Alicia Keys;Kendrick Lamar","2014-04-25",229827,61,FALSE,NA,1970-01-01,"r&b,neo soul,hip hop,west coast hip hop","RCA Records Label",0.647,0.687,7,-5.274,0,0.121,0.06,0,0.495,0.494,110.14,4,"It's On Again (feat. Kendrick Lamar) - From The Amazing Spider-Man 2 Soundtrack"
"2022","spotify:track:0VjIjW4GlUZAMYd2vXMi3b","Blinding Lights_2022","After Hours","The Weeknd","2020-03-20",200040,90,FALSE,NA,1970-01-01,NA,"Republic Records",0.513,0.73,1,-5.94,1,0.0598,0.00143,9.54e-05,0.0897,0.334,171.001,4,"Blinding Lights_2022"
"2022","spotify:track:31i56LZnwE6uSu3exoHjtB","Neverita","Un Verano Sin Ti","Bad Bunny","2022-05-06",173119,83,FALSE,NA,1970-01-01,"reggaeton,trap latino,latin,urbano latino","Rimas Entertainment LLC",0.876,0.498,10,-7.511,1,0.0478,0.0706,0,0.143,0.428,122.016,4,"Neverita"
"2022","spotify:track:2RuBAvgCePBw6YuTOfvLMZ","I Remember - J Majik & Wickaman Remix","I Remember","deadmau5;Kaskade;J Majik;Wickaman","2009-01-01",374360,35,FALSE,NA,1970-01-01,"edm,progressive house,dubstep,jungle,drum and bass,liquid funk,breakbeat","Mau5trap/Virgin",0.559,0.94,7,-3.675,1,0.0391,0.000281,0.0652,0.0618,0.502,88.501,4,"I Remember - J Majik & Wickaman Remix"
"2022","spotify:track:2sIbHjfJ3nbMXNz4w03fWv","Eye In The Sky","Eye In The Sky","The Alan Parsons Project","1982-06-01",284826,76,FALSE,NA,1970-01-01,"progressive rock,classic rock","Arista/Legacy",0.823,0.417,2,-12.643,1,0.032,0.562,0.00098,0.0765,0.522,111.928,4,"Eye In The Sky"
"2022","spotify:track:5b7OgznPJJr1vHNYGyvxau","Fly Me To The Moon (In Other Words)_2022","Sinatra/Basie: The Complete Reprise Studio Recordings","Frank Sinatra;Count Basie","1962-12-10",147000,73,FALSE,NA,1970-01-01,"christmas,big band,adult standards,swing music,jazz,vocal jazz","FRANK SINATRA DIGITAL REPRISE",0.668,0.26,7,-14.256,1,0.0523,0.453,0,0.0621,0.368,119.416,4,"Fly Me To The Moon (In Other Words)_2022"
"2022","spotify:track:5DxXgozhkPLgrbKFY91w0c","Vete","Vete","Bad Bunny","2019-11-21",192024,74,TRUE,NA,1970-01-01,"reggaeton,trap latino,latin,urbano latino","Rimas Entertainment LLC",0.886,0.672,1,-4.394,1,0.188,0.0363,8.78e-06,0.101,0.526,91.976,4,"Vete"
"2022","spotify:track:2hwOoMtWPtTSSn6WHV7Vp5","Blue World","Circles","Mac Miller","2020-01-17",209440,73,TRUE,NA,1970-01-01,NA,"Warner Records",0.742,0.553,8,-8.98,1,0.419,0.389,0,0.0694,0.508,84.931,4,"Blue World"
"2022","spotify:track:4SqWKzw0CbA05TGszDgMlc","I Love You So","I Love You So","The Walters","2014-11-28",160239,87,FALSE,NA,1970-01-01,NA,"Warner Records",0.575,0.648,10,-4.891,1,0.0358,0.583,0,0.115,0.466,75.977,4,"I Love You So"
"2022","spotify:track:5ddFjrPG8NgQQ6xlOQIVd2","Tú Me Dejaste De Querer_2022","El Madrileño","C. Tangana;Niño de Elche;La Húngara","2021-02-26",198493,74,FALSE,NA,1970-01-01,"flamenco,flamenco pop,flamenco urbano","Sony Music Entertainment",0.823,0.723,4,-4.778,0,0.229,0.311,0.00315,0.0998,0.505,83.97,4,"Tú Me Dejaste De Querer_2022"
"2022","spotify:track:35wvL50xvKpCHEJPxLOLPI","Si Estuviésemos Juntos","X 100PRE","Bad Bunny","2018-12-23",169247,82,TRUE,NA,1970-01-01,"reggaeton,trap latino,latin,urbano latino","Rimas Entertainment LLC",0.672,0.595,1,-6.828,0,0.079,0.0625,4.66e-05,0.157,0.159,171.863,4,"Si Estuviésemos Juntos"
"2022","spotify:track:3F5CgOj3wFlRv51JsHbxhe","Jimmy Cooks (feat. 21 Savage)","Honestly, Nevermind","Drake;21 Savage","2022-06-17",218364,82,TRUE,NA,1970-01-01,"rap","OVO",0.529,0.673,0,-4.711,1,0.175,0.000307,2.41e-06,0.093,0.366,165.921,4,"Jimmy Cooks (feat. 21 Savage)"
"2022","spotify:track:6gdDu39yYqPcaTgCwYEW8i","Turn On The Lights again.. (feat. Future)","Turn On The Lights again.. (feat. Future)","Fred again..;Swedish House Mafia;Future","2022-07-29",267946,65,FALSE,NA,1970-01-01,"stutter house,house,edm,rap","Atlantic Records UK",0.683,0.887,6,-4.944,0,0.0497,0.0125,0.446,0.318,0.551,132.007,4,"Turn On The Lights again.. (feat. Future)"
"2022","spotify:track:3DK6m7It6Pw857FcQftMds","Runaway_2022","My Beautiful Dark Twisted Fantasy","Kanye West;Pusha T","2010-11-22",547733,85,TRUE,NA,1970-01-01,"rap","Roc-A-Fella",0.374,0.568,1,-3.825,0,0.109,0.219,0.00219,0.513,0.111,84.733,4,"Runaway_2022"
"2022","spotify:track:5kVZxyMY1gfdCLiChsfjn1","Yo No Soy Celoso","Un Verano Sin Ti","Bad Bunny","2022-05-06",230704,79,TRUE,NA,1970-01-01,"reggaeton,trap latino,latin,urbano latino","Rimas Entertainment LLC",0.872,0.588,0,-6.276,1,0.0492,0.275,0,0.17,0.93,142.004,4,"Yo No Soy Celoso"
"2022","spotify:track:4Nld1UyJdPQUCZTkzlgyL7","Simple String","Simple String","Ben Gerrans;Dominik Dale","2022-06-03",326929,5,FALSE,NA,1970-01-01,NA,"Zealous Label",0.496,0.676,10,-8.847,0,0.0496,0.00225,0.0301,0.314,0.0699,126.953,4,"Simple String"
"2022","spotify:track:71rR2uGHwWvDfU9HZXUyQy","Hera","Hypnos","HI-LO;Oliver Heldens","2021-11-05",335586,29,FALSE,NA,1970-01-01,"techno,future house,house,acid techno","Drumcode",0.397,0.817,1,-7.177,1,0.0611,0.0355,0.808,0.201,0.106,129.903,4,"Hera"
"2022","spotify:track:54nYH7tIpCv8g3PDuYOunA","Formula 1 Theme - Hardstyle Version","Formula 1 Theme (Hardstyle Version)","TCM","2022-03-18",175304,39,FALSE,NA,1970-01-01,"hardstyle","For The Crown",0.384,0.818,1,-5.757,0,0.0444,0.0371,0.000553,0.121,0.23,149.875,4,"Formula 1 Theme - Hardstyle Version"
"2022","spotify:track:41oY4WCTj5kccfesTVFnvN","Tarot","Un Verano Sin Ti","Bad Bunny;JHAYCO","2022-05-06",237894,81,TRUE,NA,1970-01-01,"reggaeton,trap latino,latin,urbano latino","Rimas Entertainment LLC",0.795,0.684,11,-3.971,0,0.0419,0.0225,0,0.658,0.419,114.011,4,"Tarot"
"2022","spotify:track:2r9ShGMVZNZ4yzIkku3Awk","Let You Go","ALWAYS STRIVE AND PROSPER","A$AP Ferg","2016-06-22",196000,53,TRUE,NA,1970-01-01,"rap","A$AP Worldwide/Polo Grounds Music/RCA Records",0.738,0.769,1,-5.504,1,0.194,0.549,3.84e-06,0.169,0.599,98.942,4,"Let You Go"
"2022","spotify:track:6Uj1ctrBOjOas8xZXGqKk4","Woman","Planet Her","Doja Cat","2021-06-25",172626,85,TRUE,NA,1970-01-01,NA,"Kemosabe Records/RCA Records",0.824,0.764,5,-4.175,0,0.0854,0.0888,0.00294,0.117,0.881,107.998,4,"Woman"
"2022","spotify:track:7N31Y7XEzOvDzKuFkCgDon","Wonder Woman's Wrath","Wonder Woman (Original Motion Picture Soundtrack)","Rupert Gregson-Williams","2017-06-02",246480,48,FALSE,NA,1970-01-01,"score,soundtrack","WaterTower Music",0.171,0.632,9,-12.915,1,0.0568,0.0864,0.785,0.123,0.0379,158.297,1,"Wonder Woman's Wrath"
"2022","spotify:track:0wihfILRNOwE2156Shezc8","Agosto","Un Verano Sin Ti","Bad Bunny","2022-05-06",139041,77,TRUE,NA,1970-01-01,"reggaeton,trap latino,latin,urbano latino","Rimas Entertainment LLC",0.849,0.584,1,-8.195,0,0.115,0.0929,6.18e-06,0.492,0.724,115.018,4,"Agosto"
"2022","spotify:track:1ZgBI28HHFtHDf0l0fchoQ","Saxsex_2022","Saxsex","LouiVos","2020-12-29",156000,32,FALSE,NA,1970-01-01,NA,"Dirty Drip Entertainment",0.884,0.396,4,-10.198,0,0.142,0.07,0.00823,0.0991,0.437,94.014,4,"Saxsex_2022"
"2022","spotify:track:3DarAbFujv6eYNliUTyqtz","Kiss Me More (feat. SZA)","Planet Her","Doja Cat;SZA","2021-06-25",208666,85,TRUE,NA,1970-01-01,"r&b","Kemosabe Records/RCA Records",0.764,0.705,8,-3.463,1,0.0284,0.259,8.92e-05,0.12,0.781,110.97,4,"Kiss Me More (feat. SZA)"
"2022","spotify:track:2P7Vn6uJ9hRKTJVYMmjppN","Alive Again","Alive Again","David Guetta;MORTEN;Roland Clark","2021-12-03",212160,39,FALSE,NA,1970-01-01,"edm","Musical Freedom",0.585,0.806,5,-5.565,1,0.193,0.219,0.0451,0.344,0.0876,124.922,4,"Alive Again"
"2022","spotify:track:1mRSA7bk3iEvAyKLXHL7bi","Enta","Arab Trap - EP.1","DJ KABOO","2020-05-17",188665,40,FALSE,NA,1970-01-01,NA,"DJ KABOO",0.658,0.786,2,-6.414,1,0.0939,0.00367,0.104,0.0912,0.649,170.026,4,"Enta"
"2022","spotify:track:3I6BkHyFTFuSFkuItDJstN","Halo Theme Gungnir Mix","Halo 2 Anniversary (Original Soundtrack)","Paul Lipson;Lennie Moore;Tom Salta;Brian Trifon;Brian Lee White;Steve Vai","2014-11-11",255893,45,FALSE,NA,1970-01-01,"soundtrack","Halo Studios",0.195,0.846,4,-9.812,0,0.121,0.00185,0.845,0.123,0.0647,187.401,3,"Halo Theme Gungnir Mix"
"2022","spotify:track:4SArfYG88J75TwixvfACPF","Let A Little Light In - RobbieG Remix","Let A Little Light In (RobbieG Remix)","Everyone You Know;RobbieG","2020-11-27",215721,35,FALSE,NA,1970-01-01,NA,"RCA Records Label",0.661,0.789,3,-4.962,0,0.0731,0.32,0.000184,0.125,0.544,120.952,4,"Let A Little Light In - RobbieG Remix"
"2023","spotify:track:1odExI7RdWc4BT515LTAwj","Daylight","Daylight","David Kushner","2023-04-14",212953,13,FALSE,NA,1970-01-01,NA,"Miserable Music Group, LLC",0.508,0.43,2,-9.475,0,0.0335,0.83,0.000441,0.093,0.324,130.09,4,"Daylight"
"2023","spotify:track:7MiLmLbwNoyf47xQ4TCVYp","Papa Was A Rollin' Stone - Single Version","20th Century Masters: The Millennium Collection: Best Of The Temptations, Vol. 2 - The '70s, '80s, '90s","The Temptations","2000-01-11",419640,65,FALSE,NA,1970-01-01,"motown,classic soul,soul","UNI/MOTOWN",0.817,0.405,10,-13.513,0,0.0811,0.451,0.0507,0.0468,0.898,121.467,4,"Papa Was A Rollin' Stone - Single Version"
"2023","spotify:track:4s6LhHAV5SEsOV0lC2tjvJ","California Dreamin' - Single Version","If You Can Believe Your Eyes & Ears","The Mamas & The Papas","1966-03",162373,81,FALSE,NA,1970-01-01,"folk rock","Geffen*",0.552,0.608,1,-9.786,0,0.0345,0.352,0,0.0533,0.637,112.367,4,"California Dreamin' - Single Version"
"2023","spotify:track:44fNhBfmBUhaByY0651VIc","Irgendwie, irgendwo, irgendwann (Special 12"" Dance Mix)","Feuer und Flamme","Nena","1985-06-24",437160,56,FALSE,NA,1970-01-01,"neue deutsche welle,schlager,german pop","BMG Rights Management GmbH",0.352,0.604,4,-12.634,0,0.04,0.00326,0.00213,0.208,0.465,202.932,4,"Irgendwie, irgendwo, irgendwann (Special 12"" Dance Mix)"
"2023","spotify:track:3qQbCzHBycnDpGskqOWY0E","Ella Baila Sola","DESVELADO","Eslabon Armado;Peso Pluma","2023-04-28",165671,75,FALSE,NA,1970-01-01,"corridos tumbados,sad sierreño,corrido,sierreño,música mexicana,corridos bélicos,banda","DEL Records",0.668,0.758,5,-5.176,0,0.0332,0.483,1.89e-05,0.0837,0.834,147.989,3,"Ella Baila Sola"
"2023","spotify:track:2ksyzVfU0WJoBpu8otr4pz","METAMORPHOSIS","METAMORPHOSIS","INTERWORLD","2021-11-25",142839,77,TRUE,NA,1970-01-01,"phonk,drift phonk,brazilian phonk","INTERWORLD",0.593,0.641,7,-12.727,0,0.0992,0.426,0.901,0.122,0.147,175.014,4,"METAMORPHOSIS"
"2023","spotify:track:0K2WjMLZYr09LKwurGRYRE","Theme From New York, New York - 2008 Remastered","Nothing But The Best (2008 Remastered)","Frank Sinatra","2008-05-13",204906,69,FALSE,NA,1970-01-01,"christmas,big band,adult standards,swing music,jazz,vocal jazz","FRANK SINATRA DIGITAL REPRISE",0.356,0.496,7,-6.95,1,0.0317,0.587,0,0.246,0.549,108.297,4,"Theme From New York, New York - 2008 Remastered"
"2023","spotify:track:6D2Ef8A1jNtavX68JX3bTO","a-okay","no sleep in LA","blackwave.;Abhi The Nomad","2022-09-09",219319,46,TRUE,NA,1970-01-01,"jazz rap","black.wav",0.831,0.593,11,-6.931,0,0.132,0.202,0.000715,0.119,0.589,111.974,4,"a-okay"
"2023","spotify:track:5RYLa5P4qweEAKq5U1gdcK","A Kind Of Magic - Remastered 2011_2023","A Kind Of Magic (2011 Remaster)","Queen","1986-06-02",264253,73,FALSE,NA,1970-01-01,"classic rock,rock,glam rock","EMI",0.67,0.776,9,-5.874,1,0.0356,0.0184,0.00294,0.128,0.703,130.128,4,"A Kind Of Magic - Remastered 2011_2023"
"2023","spotify:track:0vjeOZ3Ft5jvAi9SBFJm1j","Superhero (Heroes & Villains) [with Future & Chris Brown]","HEROES & VILLAINS","Metro Boomin;Future;Chris Brown","2022-12-02",182666,79,TRUE,NA,1970-01-01,"rap,r&b","Republic Records",0.709,0.583,5,-5.298,0,0.204,0.138,2.97e-06,0.195,0.533,116.624,4,"Superhero (Heroes & Villains) [with Future & Chris Brown]"
"2023","spotify:track:5dUMh0ugelpKfoFp3qChuK","Hit the Road Jack","True Genius","Ray Charles","2021-09-10",119880,75,FALSE,NA,1970-01-01,"soul,soul blues,blues,classic soul,vocal jazz","Tangerine Records",0.598,0.571,8,-12.616,0,0.139,0.704,0,0.513,0.962,173.141,4,"Hit the Road Jack"
"2023","spotify:track:37Tmv4NnfQeb0ZgUC4fOJj","Sultans Of Swing_2023","Dire Straits","Dire Straits","1978-10-07",348400,85,FALSE,NA,1970-01-01,"classic rock","EMI",0.733,0.794,5,-10.023,1,0.0307,0.0614,0.0367,0.33,0.931,148.174,4,"Sultans Of Swing_2023"
"2023","spotify:track:2sTDlCxmuZCTDKKk9f1qus","WHERE SHE GOES","nadie sabe lo que va a pasar mañana","Bad Bunny","2023-10-13",231704,77,TRUE,NA,1970-01-01,"reggaeton,trap latino,latin,urbano latino","Rimas Entertainment LLC",0.651,0.799,9,-4.02,0,0.0611,0.143,0.634,0.112,0.223,143.992,4,"WHERE SHE GOES"
"2023","spotify:track:1UGD3lW3tDmgZfAVDh6w7r","Devil In A New Dress_2023","My Beautiful Dark Twisted Fantasy","Kanye West;Rick Ross","2010-11-22",351946,79,TRUE,NA,1970-01-01,"rap,southern hip hop","Roc-A-Fella",0.435,0.76,8,-4.935,0,0.0721,0.0175,0,0.158,0.206,80.082,4,"Devil In A New Dress_2023"
"2023","spotify:track:7zXW8qC4ZFmA542eEHppke","Trip To Mars (Astronauts)","Renaissance Of Rave","Sub Zero Project","2022-07-01",182168,48,FALSE,NA,1970-01-01,"hardstyle,frenchcore,hardcore","Dirty Workz",0.434,0.868,2,-6.067,1,0.131,0.000653,0.000137,0.441,0.258,150.106,4,"Trip To Mars (Astronauts)"
"2023","spotify:track:0YFqKxV9uNu6LUeYkLOKRS","On Time (with John Legend)","HEROES & VILLAINS","Metro Boomin;John Legend","2022-12-02",168920,63,TRUE,NA,1970-01-01,"soft pop,neo soul","Republic Records",0.358,0.601,5,-6.7,0,0.048,0.749,0.000407,0.313,0.497,82.513,3,"On Time (with John Legend)"
"2023","spotify:track:4eMKD8MRroxCqugpsxCCNb","MOJABI GHOST","DATA","Tainy;Bad Bunny","2023-06-29",232131,6,TRUE,NA,1970-01-01,"reggaeton,trap latino,latin,urbano latino","NEON16, LLC",0.782,0.787,9,-2.533,1,0.0334,0.0125,5.97e-05,0.112,0.533,122.021,4,"MOJABI GHOST"
"2023","spotify:track:5AqiaZwhmC6dIbgWrD5SzV","Peso Pluma: Bzrp Music Sessions, Vol. 55/66","Peso Pluma: Bzrp Music Sessions, Vol. 55/66","Bizarrap;Peso Pluma","2023-06-01",188361,69,TRUE,NA,1970-01-01,"argentine trap,trap latino,urbano latino,corrido,corridos tumbados,corridos bélicos,música mexicana,sierreño,sad sierreño,banda","DALE PLAY Records",0.785,0.726,5,-6.422,0,0.0372,0.146,0,0.0952,0.622,133.118,4,"Peso Pluma: Bzrp Music Sessions, Vol. 55/66"
"2023","spotify:track:7rbECVPkY5UODxoOUVKZnA","I Wonder_2023","Graduation","Kanye West","2007-09-11",243440,84,TRUE,NA,1970-01-01,"rap","Roc-A-Fella",0.542,0.466,0,-8.668,1,0.0824,0.141,0.000444,0.125,0.127,191.386,4,"I Wonder_2023"
"2023","spotify:track:1Is8hGpkGMiePASAxBluxM","16_2023","The Melodic Blue","Baby Keem","2021-09-10",156040,76,TRUE,NA,1970-01-01,NA,"Columbia",0.701,0.782,1,-4.987,1,0.138,0.0918,2.31e-06,0.124,0.57,94.03,4,"16_2023"
"2023","spotify:track:3spdoTYpuCpmq19tuD0bOe","My Way_2023","My Way (Expanded Edition)","Frank Sinatra","1969-03",276800,78,FALSE,NA,1970-01-01,"christmas,big band,adult standards,swing music,jazz,vocal jazz","FRANK SINATRA DIGITAL REPRISE",0.401,0.381,2,-7.458,1,0.0274,0.7,0,0.122,0.229,75.454,4,"My Way_2023"
"2023","spotify:track:3k3NWokhRRkEPhCzPmV8TW","Ojitos Lindos_2023","Un Verano Sin Ti","Bad Bunny;Bomba Estéreo","2022-05-06",258298,87,FALSE,NA,1970-01-01,"reggaeton,trap latino,latin,urbano latino,latin alternative,electrocumbia","Rimas Entertainment LLC",0.647,0.686,3,-5.745,0,0.0413,0.08,1.34e-06,0.528,0.268,79.928,4,"Ojitos Lindos_2023"
"2023","spotify:track:5VzNsUnLmYcRfRfxpQsusa","La Nota_2023","Dopamina","Manuel Turizo;Rauw Alejandro;Myke Towers","2021-04-09",216107,65,FALSE,NA,1970-01-01,"reggaeton,pop urbano,colombian pop,latin,trap latino,urbano latino","Sony Music Latin/La Industria",0.736,0.632,11,-4.939,0,0.0648,0.18,0,0.349,0.503,92.03,4,"La Nota_2023"
"2023","spotify:track:1mea3bSkSGXuIRvnydlB5b","Viva La Vida_2023","Viva La Vida or Death and All His Friends","Coldplay","2008-06-06",242373,88,FALSE,NA,1970-01-01,NA,"Parlophone UK",0.486,0.617,5,-7.115,0,0.0287,0.0954,3.23e-06,0.109,0.417,138.015,4,"Viva La Vida_2023"
"2023","spotify:track:5LYJ631w9ps5h9tdvac7yP","Easy Lover","Chinese Wall (Expanded Edition)","Philip Bailey;Phil Collins","1984-10-01",305866,76,FALSE,NA,1970-01-01,"yacht rock,soft rock","Columbia/Legacy",0.74,0.923,1,-5.082,1,0.0369,0.105,0.000163,0.0825,0.93,128.871,4,"Easy Lover"
"2023","spotify:track:6Sq7ltF9Qa7SNFBsV5Cogx","Me Porto Bonito_2023","Un Verano Sin Ti","Bad Bunny;Chencho Corleone","2022-05-06",178567,86,TRUE,NA,1970-01-01,"reggaeton,trap latino,latin,urbano latino","Rimas Entertainment LLC",0.911,0.712,1,-5.105,0,0.0817,0.0901,2.68e-05,0.0933,0.425,92.005,4,"Me Porto Bonito_2023"
"2023","spotify:track:739WUU1tPFLO4x4HJq561K","Cupid - Twin Ver.","The Beginning","FIFTY FIFTY","2023-09-22",174253,0,FALSE,NA,1970-01-01,"k-pop","WM Korea",0.783,0.592,11,-8.332,0,0.0331,0.435,4.15e-06,0.347,0.726,120.018,4,"Cupid - Twin Ver."
"2023","spotify:track:0fv2KH6hac06J86hBUTcSf","NEW MAGIC WAND","IGOR","Tyler, The Creator","2019-05-17",195327,78,TRUE,NA,1970-01-01,NA,"Columbia",0.621,0.73,5,-5.414,0,0.107,0.0967,0.000131,0.673,0.464,139.566,4,"NEW MAGIC WAND"
"2023","spotify:track:4rfaoyaZvNa60cj3OKSQV9","Migraine","Vessel","Twenty One Pilots","2013-01-08",239014,68,FALSE,NA,1970-01-01,NA,"Fueled By Ramen",0.69,0.678,0,-6.52,1,0.154,0.11,0,0.246,0.409,173.995,4,"Migraine"
"2023","spotify:track:6yVjjQA31SLM1kc4j5jPwF","BRAZILIAN DANÇA PHONK_2023","BRAZILIAN DANÇA PHONK","6YNTHMANE;RXDXVIL","2023-05-12",118194,66,TRUE,NA,1970-01-01,"phonk,brazilian phonk","6YNTHMANE X RXDXVIL",0.748,0.99,1,-2.39,1,0.151,0.303,0.132,0.267,0.386,126.015,4,"BRAZILIAN DANÇA PHONK_2023"
"2023","spotify:track:6Xom58OOXk2SoU711L2IXO","Moscow Mule_2023","Un Verano Sin Ti","Bad Bunny","2022-05-06",245939,87,TRUE,NA,1970-01-01,"reggaeton,trap latino,latin,urbano latino","Rimas Entertainment LLC",0.804,0.674,5,-5.453,0,0.0333,0.294,1.18e-06,0.115,0.292,99.968,4,"Moscow Mule_2023"
"2023","spotify:track:3DK6m7It6Pw857FcQftMds","Runaway_2023","My Beautiful Dark Twisted Fantasy","Kanye West;Pusha T","2010-11-22",547733,85,TRUE,NA,1970-01-01,"rap","Roc-A-Fella",0.374,0.568,1,-3.825,0,0.109,0.219,0.00219,0.513,0.111,84.733,4,"Runaway_2023"
"2023","spotify:track:05uGBKRCuePsf43Hfm0JwX","Brain Damage","The Dark Side of the Moon","Pink Floyd","1973-03-01",230493,72,FALSE,NA,1970-01-01,"progressive rock,psychedelic rock,classic rock,art rock,rock","Pink Floyd Records",0.324,0.265,2,-13.398,1,0.0302,0.0732,0.341,0.366,0.208,133.568,4,"Brain Damage"
"2023","spotify:track:6dBUzqjtbnIa1TwYbyw5CM","Lovers Rock_2023","French Exit","TV Girl","2014-06-05",213920,88,FALSE,NA,1970-01-01,NA,"TV Girl",0.559,0.871,5,-5.338,0,0.0397,7.53e-06,0.00545,0.096,0.572,104.97,4,"Lovers Rock_2023"
"2023","spotify:track:5M4yti0QxgqJieUYaEXcpw","Eventually_2023","Currents","Tame Impala","2015-07-17",318591,79,FALSE,NA,1970-01-01,"neo-psychedelic,indie","Universal Music Australia Pty. Ltd.",0.424,0.615,9,-6.217,0,0.0325,0.0158,0.000389,0.0844,0.155,77.935,4,"Eventually_2023"
"2023","spotify:track:0EgLxY52mpGsXETyEsgVlP","HOPE","HOPE","NF","2023-04-07",264473,71,FALSE,NA,1970-01-01,"christian hip hop","NF Real Music II",0.546,0.787,0,-4.023,0,0.212,0.396,0,0.0619,0.497,100.559,3,"HOPE"
"2023","spotify:track:3xeaR6dAHQHU6rtUPRK9tX","Rave Culture 2022","Rave Culture 2022","Sub Zero Project","2021-12-10",184000,47,FALSE,NA,1970-01-01,"hardstyle,frenchcore,hardcore","Rave Culture",0.292,0.947,1,-4.449,1,0.0906,0.00171,0.593,0.191,0.0859,150.101,4,"Rave Culture 2022"
"2023","spotify:track:2SKbfpLllFnng15pAWAUS7","The Only Thing They Fear Is You","The Only Thing They Fear Is You","verxn","2023-07-09",404063,0,FALSE,NA,1970-01-01,NA,"verxn",0.326,0.729,1,-14.779,0,0.0853,0.000345,0.0553,0.186,0.141,104.687,4,"The Only Thing They Fear Is You"
"2023","spotify:track:2ctvdKmETyOzPb2GiJJT53","Breathe (In the Air)","The Dark Side of the Moon","Pink Floyd","1973-03-01",169560,81,FALSE,NA,1970-01-01,"progressive rock,psychedelic rock,classic rock,art rock,rock","Pink Floyd Records",0.431,0.373,11,-15.142,0,0.0346,0.389,0.728,0.143,0.253,128.153,4,"Breathe (In the Air)"
"2023","spotify:track:6gkN5lGMV6Dt5Ac8zuErDR","Battlefield 2042_2023","Battlefield 2042 (Official Soundtrack)","Hildur Guðnadóttir;Sam Slater","2021-09-09",152413,30,FALSE,NA,1970-01-01,"neoclassical,drone,score,contemporary classical","EA Music",0.472,0.414,10,-11.447,0,0.0269,0.000292,0.901,0.257,0.0579,89.034,3,"Battlefield 2042_2023"
"2023","spotify:track:2UW7JaomAMuX9pZrjVpHAU","La Bebe - Remix","La Bebe (Remix)","Yng Lvcas;Peso Pluma","2023-03-17",234352,80,TRUE,NA,1970-01-01,"reggaeton mexa,reggaeton,electro corridos,dembow belico,corrido,corridos tumbados,corridos bélicos,música mexicana,sierreño,sad sierreño,banda","WM Mexico",0.812,0.479,2,-5.678,0,0.333,0.213,1.21e-06,0.0756,0.559,169.922,4,"La Bebe - Remix"
"2023","spotify:track:5w40ZYhbBMAlHYNDaVJIUu","Chemical","Chemical","Post Malone","2023-04-14",184013,75,TRUE,NA,1970-01-01,NA,"Mercury Records/Republic Records",0.49,0.88,2,-4.856,1,0.0435,0.00154,0,0.103,0.392,169.949,4,"Chemical"
"2023","spotify:track:1vKhN4uPpLXW91qQ1Gu0z8","Clouds (feat. The Wombats)","Fantasy","Whethan;The Wombats","2020-10-16",168062,41,FALSE,NA,1970-01-01,"indie","Big Beat Records",0.572,0.711,9,-6.19,0,0.173,0.000644,4.79e-05,0.258,0.434,160.119,4,"Clouds (feat. The Wombats)"
"2023","spotify:track:54ELExv56KCAB4UP9cOCzC","Gato de Noche","Gato de Noche","Ñengo Flow;Bad Bunny","2022-12-22",227013,70,TRUE,NA,1970-01-01,"reggaeton,trap latino,latin,urbano latino","Rimas Entertainment LLC.",0.892,0.662,8,-3.894,1,0.162,0.169,1.24e-06,0.363,0.607,93.976,4,"Gato de Noche"
"2023","spotify:track:1s7oOCT8vauUh01PbJD6ps","Calm Down (with Selena Gomez)","Rave & Roses Ultra","Rema;Selena Gomez","2023-04-27",239317,75,FALSE,NA,1970-01-01,"afrobeats,afrobeat,afropop,afropiano","Mavin Records / Jonzing World",0.801,0.806,11,-5.206,1,0.0381,0.382,0.000669,0.114,0.802,106.999,4,"Calm Down (with Selena Gomez)"
"2023","spotify:track:2xar08Fq5xra2KKZs5Bw9j","I've Got a Woman","Ray Charles (aka: Hallelujah, I Love Her So)","Ray Charles","1957-01-01",171466,70,FALSE,NA,1970-01-01,"soul,soul blues,blues,classic soul,vocal jazz","Rhino Atlantic",0.556,0.61,9,-4.729,1,0.213,0.833,2.22e-06,0.258,0.665,199.373,4,"I've Got a Woman"
"2023","spotify:track:5tz69p7tJuGPeMGwNTxYuV","1-800-273-8255","Everybody","Logic;Alessia Cara;Khalid","2017-05-05",250173,77,TRUE,NA,1970-01-01,NA,"Def Jam Recordings",0.62,0.574,5,-7.788,0,0.0479,0.569,0,0.19,0.357,100.023,4,"1-800-273-8255"
"2023","spotify:track:1IHWl5LamUGEuP4ozKQSXZ","Tití Me Preguntó_2023","Un Verano Sin Ti","Bad Bunny","2022-05-06",243716,95,TRUE,NA,1970-01-01,"reggaeton,trap latino,latin,urbano latino","Rimas Entertainment LLC",0.65,0.715,5,-5.198,0,0.253,0.0993,0.000291,0.126,0.187,106.672,4,"Tití Me Preguntó_2023"
"2023","spotify:track:58k32my5lKofeZRtIvBDg9","HONEST","DIE FOR MY BITCH","Baby Keem","2019-07-19",172672,76,TRUE,NA,1970-01-01,NA,"Baby Keem LLC",0.676,0.536,2,-8.79,1,0.0432,0.403,3.37e-05,0.105,0.373,79.037,4,"HONEST"
"2023","spotify:track:3tt9i3Hhzq84dPS8H7iSiJ","La Bachata","2000","Manuel Turizo","2023-03-17",162637,81,FALSE,NA,1970-01-01,"reggaeton,pop urbano,colombian pop,latin","Sony Music Latin/La Industria",0.835,0.679,7,-5.329,0,0.0364,0.583,1.98e-06,0.218,0.85,124.98,4,"La Bachata"
"2023","spotify:track:3LBzYSJzJVCyff1bLBOzcr","Battlefield V Legacy Theme","Battlefield V (Original Soundtrack)","Johan Söderqvist;Patrik Andrén","2018-11-16",215866,42,FALSE,NA,1970-01-01,"soundtrack","EA Music",0.545,0.623,8,-13.835,1,0.0465,0.377,0.852,0.13,0.198,171.95,3,"Battlefield V Legacy Theme"
"2023","spotify:track:2iuGGtnIs24yvQcVeTO6Fq","Aruarian Dance - you have no enemies","Aruarian Dance (you have no enemies)","DXRYL","2004",227828,0,FALSE,NA,1970-01-01,NA,"DXRYL",0.673,0.499,8,-11.697,1,0.0287,0.9,0.931,0.164,0.81,107.038,4,"Aruarian Dance - you have no enemies"
"2023","spotify:track:5Pkn31exSVgFbfDAH961QC","In the Woods Somewhere","Hozier (Expanded Edition)","Hozier","2014-09-19",331400,54,FALSE,NA,1970-01-01,NA,"Columbia",0.354,0.426,6,-8.704,0,0.0295,0.782,0.11,0.115,0.185,98.062,3,"In the Woods Somewhere"
"2023","spotify:track:0VffaI2jwQknRrxpECYHsF","Greyhound","Until Now","Swedish House Mafia","2012-01-01",410096,64,FALSE,NA,1970-01-01,"edm","Virgin Records",0.723,0.806,0,-4.989,1,0.0521,0.00666,0.876,0.276,0.539,124.976,4,"Greyhound"
"2023","spotify:track:7jtQIBanIiJOMS6RyCx6jZ","Another Love_2023","Long Way Down","Tom Odell","2013-06-17",244360,65,TRUE,NA,1970-01-01,NA,"ITNO/Columbia",0.442,0.538,4,-8.55,0,0.0451,0.717,2.95e-05,0.09,0.139,122.758,4,"Another Love_2023"
"2023","spotify:track:7BlBVFwvbWvcwNcUarQmjk","Yo x Ti, Tu x Mi","Yo x Ti, Tu x Mi","ROSALÍA;Ozuna","2019-08-15",201040,75,FALSE,NA,1970-01-01,"latin,reggaeton,trap latino,urbano latino","Columbia",0.78,0.759,1,-3.292,1,0.225,0.462,0.000868,0.143,0.579,91.952,4,"Yo x Ti, Tu x Mi"
"2023","spotify:track:49X0LAl6faAusYq02PRAY6","Lady - Hear Me Tonight_2023","Modjo (Remastered)","Modjo","2001",307153,84,FALSE,NA,1970-01-01,"french house,disco house","Modjo Music",0.72,0.808,6,-5.627,1,0.0379,0.00793,0.0293,0.0634,0.869,126.041,4,"Lady - Hear Me Tonight_2023"
"2023","spotify:track:4MjDJD8cW7iVeWInc2Bdyj","MONACO","nadie sabe lo que va a pasar mañana","Bad Bunny","2023-10-13",267194,88,TRUE,NA,1970-01-01,"reggaeton,trap latino,latin,urbano latino","Rimas Entertainment LLC",0.787,0.621,4,-5.009,0,0.068,0.15,0.000402,0.58,0.13,139.056,4,"MONACO"
"2023","spotify:track:4l8xoLKkJXhqqfbWdXcs93","destroyer of worlds","destroyer of worlds","Aaron Hibell","2023-09-08",246000,60,FALSE,NA,1970-01-01,"stutter house","FFRR",0.209,0.786,4,-7.884,0,0.0666,0.00419,0.842,0.158,0.0372,134.958,4,"destroyer of worlds"
"2023","spotify:track:0EqczV3o6fwksegAavIHpX","LOVELY BASTARDS_2023","LOVELY BASTARDS","ZWE1HVNDXR;yatashigang","2023-08-25",116104,69,TRUE,NA,1970-01-01,"phonk,brazilian phonk,drift phonk","ZWE1HVNDXR",0.613,0.81,1,-6.16,1,0.488,0.832,0.899,0.137,0.686,150.251,4,"LOVELY BASTARDS_2023"
"2023","spotify:track:3c28vYkrzU9nVqvJfbaSiu","Amalia","Amalia","Wesly Bronkhorst","2022-06-02",157485,60,FALSE,NA,1970-01-01,"hollands","NRGY Music",0.705,0.942,7,-2.179,0,0.0957,0.284,1.27e-06,0.334,0.879,106.043,4,"Amalia"
"2023","spotify:track:4vYVhz4SqtofR08nmQB84N","Trepidation","Trepidation","Stan Christ","2020-08-07",262400,58,FALSE,NA,1970-01-01,"hard techno,acid techno,techno,tekno,hardcore techno","Revised Records",0.673,0.962,0,-10.187,0,0.0637,0.0622,0.893,0.0843,0.124,149.987,4,"Trepidation"
"2023","spotify:track:7lzfMZak2HjNPXXSxksjPB","Camarão Que Dorme a Onda Leva","Sambabook Zeca Pagodinho, Vol. 2","Zeca Pagodinho;Dudu Nobre;Mumuzinho;Djavan;Sombrinha;Arlindo Cruz;Maria Rita;Péricles;Alcione;Emicida;Diogo Nogueira;Frejat;Monarco;VELHA GUARDA DA PORTELA;Almir Guineto;Rildo Hora;Roberta Sá;Lenine;Beth Carvalho;Marcelo D2","2014-03-20",168948,0,FALSE,NA,1970-01-01,"samba,pagode,mpb,new mpb,bossa nova,brazilian hip hop,brazilian rock,brazilian pop","Musickeria",0.723,0.694,0,-6.694,1,0.0802,0.313,0,0.052,0.739,106.359,4,"Camarão Que Dorme a Onda Leva"
"2023","spotify:track:4RvWPyQ5RL0ao9LPZeSouE","Everybody Wants To Rule The World","Songs From The Big Chair (Super Deluxe Edition)","Tears For Fears","1985-02-25",251488,87,FALSE,NA,1970-01-01,"new wave,synthpop","UMC (Universal Music Catalogue)",0.645,0.795,7,-12.095,1,0.0527,0.347,0.00389,0.104,0.535,112.067,4,"Everybody Wants To Rule The World"
"2023","spotify:track:22L7bfCiAkJo5xGSQgmiIO","All Of The Lights","My Beautiful Dark Twisted Fantasy","Kanye West","2010-11-22",299613,82,TRUE,NA,1970-01-01,"rap","Roc-A-Fella",0.531,0.803,1,-3.284,1,0.0717,0.0796,1.71e-05,0.176,0.221,142.113,4,"All Of The Lights"
"2023","spotify:track:0juMU08O9byWiRBtKM1j5E","Circle of Life/Nants' Ingonyama","The Lion King (Original Motion Picture Soundtrack)","Lindiwe Mkhize;Lebo M.","2019-07-10",241800,58,FALSE,NA,1970-01-01,NA,"Walt Disney Records",0.297,0.518,10,-8.152,1,0.0378,0.412,1.1e-05,0.298,0.496,81.425,4,"Circle of Life/Nants' Ingonyama"
"2023","spotify:track:63dLm0BUpepXeFIfZ0OKEL","BELEZA PULA","BRASILIAN SKIES","Masayoshi Takanaka","1978",473013,64,FALSE,NA,1970-01-01,"jazz fusion,city pop,jazz funk","Universal Music LLC",0.57,0.717,11,-12.323,0,0.0465,0.426,0.69,0.429,0.931,134.943,4,"BELEZA PULA"
"2023","spotify:track:7wCmS9TTVUcIhRalDYFgPy","Where Is My Mind? - 2007 Remaster","Surfer Rosa (2007 Remaster)","Pixies","1988-03-21",234973,80,FALSE,NA,1970-01-01,"alternative rock","4AD",0.519,0.441,4,-14.178,1,0.0353,0.0204,0.000453,0.076,0.25,81.334,4,"Where Is My Mind? - 2007 Remaster"
"2023","spotify:track:3sNVsP50132BTNlImLx70i","Bound 2","Yeezus","Kanye West","2013-06-18",229146,84,TRUE,NA,1970-01-01,"rap","Rock The World/IDJ/Kanye/LP6",0.367,0.665,1,-2.821,1,0.0465,0.145,0,0.113,0.31,148.913,4,"Bound 2"
"2023","spotify:track:2yzshFeBIwH8tWIqHEFLeD","un x100to","El Comienzo","Grupo Frontera;Bad Bunny","2023-08-25",194563,30,FALSE,NA,1970-01-01,"cumbia norteña,banda,norteño,música mexicana,corrido,corridos tumbados,grupera,tejano,ranchera,reggaeton,trap latino,latin,urbano latino","Grupo Frontera",0.571,0.72,9,-4.089,1,0.0458,0.213,0,0.271,0.542,83.827,4,"un x100to"
"2023","spotify:track:4vpeKl0vMGdAXpZiQB2Dtd","White Rabbit","Surrealistic Pillow","Jefferson Airplane","1967",150640,71,FALSE,NA,1970-01-01,"psychedelic rock,acid rock","RCA/BMG Heritage",0.551,0.293,2,-12.503,1,0.0272,0.486,0.000273,0.0864,0.322,106.798,4,"White Rabbit"
"2023","spotify:track:4IRHwIZHzlHT1FQpRa5RdE","Goodbye Yellow Brick Road - Remastered 2014_2023","Goodbye Yellow Brick Road (Remastered)","Elton John","1973-10-05",192826,77,FALSE,NA,1970-01-01,NA,"UMC (Universal Music Catalogue)",0.559,0.473,5,-7.712,1,0.0279,0.446,0.00141,0.154,0.397,121.227,4,"Goodbye Yellow Brick Road - Remastered 2014_2023"
"2023","spotify:track:6XUHsYE38CEbYunT983O9G","Give A Little Bit","Even In The Quietest Moments","Supertramp","1977-01-01",248173,75,FALSE,NA,1970-01-01,"progressive rock,classic rock","A&M",0.531,0.818,2,-5.358,1,0.0452,0.0694,0.0096,0.263,0.471,90.767,4,"Give A Little Bit"
"2023","spotify:track:0fea68AdmYNygeTGI4RC18","LA CANCIÓN_2023","OASIS","J Balvin;Bad Bunny","2019-06-28",242573,92,FALSE,NA,1970-01-01,"reggaeton,latin,trap latino,urbano latino","Universal Music Latino / Rimas",0.756,0.646,7,-5.795,1,0.319,0.152,1.81e-05,0.108,0.429,176.088,4,"LA CANCIÓN_2023"
"2023","spotify:track:1BqnZOkYJbvYLOhN0qPJDm","Ma Baker","Love For Sale","Boney M.","1977",276080,69,FALSE,NA,1970-01-01,"disco","MCI",0.746,0.76,2,-6.009,0,0.105,0.0342,2.18e-05,0.31,0.902,128.976,4,"Ma Baker"
"2023","spotify:track:7xy9K0gpqzgUGGuxG5ZfuN","The Chant","The Chant","Duke Dumont","2023-05-05",190104,41,FALSE,NA,1970-01-01,"house","Club Blasé / EMI",0.638,0.905,10,-5.939,0,0.0478,0.186,0.98,0.148,0.518,125.038,4,"The Chant"
"2023","spotify:track:1xK59OXxi2TAAAbmZK0kBL","Romantic Homicide","Romantic Homicide","d4vd","2022-07-20",132630,84,FALSE,NA,1970-01-01,NA,"Darkroom/Interscope Records",0.571,0.544,6,-10.613,1,0.0299,0.453,0.00805,0.322,0.216,132.052,4,"Romantic Homicide"
"2023","spotify:track:3gpAKcMVk1Z7txxyQGrbcx","INDIGO","INDIGO","HOEHENANGST","2023-09-08",326842,35,TRUE,NA,1970-01-01,"hard techno,techno,acid techno","Revised Records",0.563,0.999,5,-6.544,0,0.101,0.0111,0.783,0.109,0.0327,152.018,4,"INDIGO"
"2023","spotify:track:46M2hXnaQpueG7vSvgVtVH","GTG","GTG","Freddie Dredd","2018-08-10",93893,62,TRUE,NA,1970-01-01,"phonk","Doomshop Records/RCA Records",0.88,0.777,7,-6.875,0,0.125,0.164,0.0171,0.0957,0.974,154.955,4,"GTG"
"2023","spotify:track:65OR4ywy8Cgs3FDHK82Idl","Higher Power","Music Of The Spheres","Coldplay","2021-10-15",206681,67,FALSE,NA,1970-01-01,NA,"Parlophone UK",0.507,0.832,10,-5.931,1,0.0425,0.00643,1.6e-05,0.229,0.485,177.894,4,"Higher Power"
"2023","spotify:track:7ABLbnD53cQK00mhcaOUVG","LALA","LA VIDA ES UNA","Myke Towers","2023-03-23",197920,81,TRUE,NA,1970-01-01,"reggaeton,trap latino,urbano latino","WEA Latina",0.708,0.737,1,-4.045,1,0.0436,0.0739,0.00162,0.0955,0.607,91.986,4,"LALA"
"2023","spotify:track:7c9OHViTralZa26DFOSTs2","Main Theme ～The Fullmetal Alchemist～","鋼の錬金術師 FULLMETAL ALCHEMIST Original Soundtrack 1","Akira Senju","2009-10-14",222520,47,FALSE,NA,1970-01-01,"anime","Aniplex Inc.",0.209,0.385,7,-12.25,0,0.0366,0.965,0.828,0.107,0.0918,130.508,3,"Main Theme ～The Fullmetal Alchemist～"
"2023","spotify:track:7wtU7N6R49UAbzQcLjRy5q","if god didnt want us to snort worms he wouldn't have made them cylindrical!","effective. Power","MIMIDEATH","2020-03-05",58363,60,FALSE,NA,1970-01-01,"breakcore,hyperpop,plunderphonics,speedcore","MIMIDEATH",0.703,0.743,5,-10.624,0,0.0299,0.0694,0.639,0.116,0.349,123.549,4,"if god didnt want us to snort worms he wouldn't have made them cylindrical!"
"2023","spotify:track:0x5CxIxVZUxwOQbwiVLS6J","Charlie Brown","Mylo Xyloto","Coldplay","2011-10-19",285159,33,FALSE,NA,1970-01-01,NA,"Parlophone UK",0.43,0.74,10,-7.072,1,0.0375,0.0212,0.00165,0.33,0.0948,137.978,4,"Charlie Brown"
"2023","spotify:track:2VzCjpKvPB1l1tqLndtAQa","Por las Noches","Por las Noches","Peso Pluma","2021-06-11",239845,4,FALSE,NA,1970-01-01,"corrido,corridos tumbados,corridos bélicos,música mexicana,sierreño,sad sierreño,banda","El Cártel de Los Ángeles",0.807,0.595,0,-7.19,1,0.0325,0.31,2.44e-05,0.0735,0.392,92.491,4,"Por las Noches"
"2023","spotify:track:7E4qUlNYocWix5FKBdw5CN","OH! TENGO SUERTE","SEYCHELLES","Masayoshi Takanaka","1976",252666,67,FALSE,NA,1970-01-01,"jazz fusion,city pop,jazz funk","Universal Music LLC",0.519,0.744,2,-9.487,1,0.0432,0.68,0.0526,0.123,0.408,93.555,4,"OH! TENGO SUERTE"
"2023","spotify:track:0d28khcov6AiegSCpG5TuT","Feel Good Inc._2023","Demon Days","Gorillaz;De La Soul","2005-05-23",222640,91,FALSE,NA,1970-01-01,"jazz rap,east coast hip hop","Parlophone UK",0.818,0.705,6,-6.679,1,0.177,0.00836,0.00233,0.613,0.772,138.559,4,"Feel Good Inc._2023"
"2023","spotify:track:5OnLWxxMNmTmXFaT8uRm3m","HALO","Renaissance Of Rave","Sub Zero Project","2022-07-01",188991,50,FALSE,NA,1970-01-01,"hardstyle,frenchcore,hardcore","Dirty Workz",0.496,0.753,8,-6.253,0,0.0663,0.00158,0.00327,0.407,0.141,150.351,4,"HALO"
"2023","spotify:track:0FxtC8uFapbpDBliAU3sd6","AMG","Nata Montana","Natanael Cano;Peso Pluma;Gabito Ballesteros","2023-06-30",174942,72,TRUE,NA,1970-01-01,"corridos tumbados,corrido,corridos bélicos,sierreño,sad sierreño,electro corridos,música mexicana,banda","WEA Latina",0.772,0.73,11,-6.657,0,0.0972,0.152,0.000107,0.274,0.786,136.175,3,"AMG"
"2023","spotify:track:1Hv1VTm8zeOeybub15mA2R","Smooth Operator - Single Version","The Best of Sade","Sade","1994-10-31",258693,83,FALSE,NA,1970-01-01,NA,"Epic",0.734,0.58,9,-6.619,0,0.0321,0.238,6e-04,0.0298,0.962,119.336,4,"Smooth Operator - Single Version"
"2023","spotify:track:39shmbIHICJ2Wxnk1fPSdz","Should I Stay or Should I Go - Remastered_2023","Combat Rock (Remastered)","The Clash","1982",188987,84,FALSE,NA,1970-01-01,"punk","Sony Music UK",0.743,0.836,2,-6.465,1,0.116,0.0804,0,0.384,0.82,113.375,4,"Should I Stay or Should I Go - Remastered_2023"
"2023","spotify:track:4qv2m0hQwaVF5ss13PXrQK","Followers_2023","Greatest Hits Vol. 1","AREA21;Martin Garrix;Maejor","2021-11-12",177186,44,FALSE,NA,1970-01-01,"edm,progressive house,electronica","Hollywood Records",0.561,0.811,11,-4.167,1,0.0403,0.194,6.13e-05,0.309,0.34,145.04,4,"Followers_2023"
"2023","spotify:track:6xEg0lNce24BEPjCjqy5JB","Somebody Else's Guy","Somebody Else's Guy","Jocelyn Brown","1984-01-01",386026,61,FALSE,NA,1970-01-01,NA,"UNIDISC MUSIC INC.",0.745,0.728,6,-9.843,1,0.0574,0.00353,0.0011,0.099,0.623,103.015,4,"Somebody Else's Guy"
"2023","spotify:track:2TjdnqlpwOjhijHCwHCP2d","The Great Gig in the Sky","The Dark Side of the Moon","Pink Floyd","1973-03-01",284413,77,FALSE,NA,1970-01-01,"progressive rock,psychedelic rock,classic rock,art rock,rock","Pink Floyd Records",0.274,0.217,5,-13.814,1,0.0345,0.767,0.896,0.0832,0.181,116.334,4,"The Great Gig in the Sky"
"2023","spotify:track:0BNyKP5Or3d9XG65zTn7VB","Hello","Smash (Deluxe)","Martin Solveig;Dragonette","2011",281429,53,FALSE,NA,1970-01-01,"french house","Big Beat Records/Atlantic",0.665,0.93,3,-4.201,1,0.0314,0.0257,0.012,0.054,0.461,127.979,4,"Hello"
"2023","spotify:track:2p8IUWQDrpjuFltbdgLOag","After Hours_2023","After Hours","The Weeknd","2020-03-20",361026,82,FALSE,NA,1970-01-01,NA,"Republic Records",0.658,0.572,5,-6.099,0,0.0308,0.0811,0.0061,0.121,0.144,108.968,4,"After Hours_2023"
"2023","spotify:track:3OrqExOwr13y6UCI1LGhA4","I Will Always Think of You","BoJack Horseman (Music from the Netflix Original Series)","Jane Krakowski;Colman Domingo","2017-09-08",82146,51,FALSE,NA,1970-01-01,NA,"Lakeshore Records",0.519,0.181,5,-9.982,1,0.0795,0.944,0,0.0887,0.488,165.316,3,"I Will Always Think of You"
"2023","spotify:track:3s7MCdXyWmwjdcWh7GWXas","Violent Crimes","ye","Kanye West","2018-06-01",215320,81,TRUE,NA,1970-01-01,"rap","Getting Out Our Dreams, Inc./Def Jam Recordings",0.669,0.419,1,-6.724,0,0.522,0.376,0,0.187,0.0397,109.813,4,"Violent Crimes"
"2023","spotify:track:3h8tI65xdfpQyTAy7Grqwa","Potion (with Dua Lipa & Young Thug)_2023","Funk Wav Bounces Vol. 2","Calvin Harris;Dua Lipa;Young Thug","2022-08-05",215215,52,TRUE,NA,1970-01-01,"edm,pop,rap,melodic rap,trap","Columbia",0.824,0.697,11,-4.869,0,0.0473,0.158,4.11e-05,0.0751,0.757,99.987,4,"Potion (with Dua Lipa & Young Thug)_2023"
"2023","spotify:track:6WSFHH1ReDQoeT7bUsufBo","Zing - Vecht - Huil - Bid - Lach - Werk en Bewonder","De Top 10 Van","Ramses Shaffy","2011-12-02",281146,40,FALSE,NA,1970-01-01,"nederpop,hollands","CNR Music",0.512,0.338,2,-16.852,1,0.0922,0.559,0,0.96,0.511,130.292,4,"Zing - Vecht - Huil - Bid - Lach - Werk en Bewonder"
"2024","spotify:track:5QO79kh1waicV47BqGRL3g","Save Your Tears","After Hours","The Weeknd","2020-03-20",215626,87,TRUE,NA,1970-01-01,NA,"Republic Records",0.679,0.825,0,-5.487,1,0.0309,0.0212,1.21e-05,0.543,0.644,118.049,4,"Save Your Tears"
"2024","spotify:track:3SAga35lAPYdjj3qyfEsCF","Feel It (From “Invincible”)_2024","Feel It (From “Invincible”)","d4vd","2024-03-28",157974,78,FALSE,NA,1970-01-01,NA,"Darkroom/Interscope Records",0.565,0.593,8,-5.864,1,0.0883,0.0288,0,0.215,0.429,120.509,4,"Feel It (From “Invincible”)_2024"
"2024","spotify:track:2X485T9Z5Ly0xyaghN73ed","Let It Happen_2024","Currents","Tame Impala","2015-07-17",467586,85,FALSE,NA,1970-01-01,"neo-psychedelic,indie","Universal Music Australia Pty. Ltd.",0.602,0.881,1,-5.875,0,0.0443,0.00462,0.0266,0.111,0.577,125.012,4,"Let It Happen_2024"
"2024","spotify:track:0uHrMbMv3c78398pIANDqR","Europapa","Europapa","Joost","2024-02-29",160218,66,FALSE,NA,1970-01-01,"gabber,europop","Joost Klein",0.706,0.94,11,-4.969,0,0.168,0.173,0.000349,0.228,0.479,160.068,4,"Europapa"
"2024","spotify:track:0wEGo9LsSrSUz9HOtraWAO","Overcompensate","Overcompensate","Twenty One Pilots","2024-02-29",236000,64,FALSE,NA,1970-01-01,NA,"Fueled By Ramen",0.363,0.891,5,-5.563,0,0.0978,0.00992,0.00183,0.134,0.331,95.089,4,"Overcompensate"
"2024","spotify:track:4kjI1gwQZRKNDkw1nI475M","MY EYES","UTOPIA","Travis Scott","2023-07-28",251249,80,TRUE,NA,1970-01-01,"rap","Cactus Jack/Epic",0.455,0.621,0,-7.694,0,0.0517,0.651,2.59e-06,0.123,0.28,119.043,4,"MY EYES"
"2024","spotify:track:52eIcoLUM25zbQupAZYoFh","redrum","american dream","21 Savage","2024-01-12",270697,80,TRUE,NA,1970-01-01,NA,"Slaughter Gang, LLC/Epic Records",0.625,0.733,2,-8.757,1,0.0488,0.00598,0.000983,0.375,0.244,172.09,4,"redrum"
"2024","spotify:track:024pThriWXJRFgGQuixYs7","Luchtballon","Luchtballon","Joost","2024-06-04",136363,54,FALSE,NA,1970-01-01,"gabber,europop","Joost Klein",0.613,0.915,6,-6.212,1,0.0843,0.171,0.000101,0.143,0.43,176.083,4,"Luchtballon"
"2024","spotify:track:2ygMBIctKIAfbEBcT9065L","Pump It","Monkey Business","Black Eyed Peas","2005-01-01",213066,84,TRUE,NA,1970-01-01,NA,"Interscope",0.648,0.931,1,-3.15,0,0.181,0.00937,0,0.752,0.744,153.649,4,"Pump It"
"2024","spotify:track:7vtGOauV0Zz8Px5EJYm7d7","Life in Rio","Life in Rio","Slowboy;NUEKI;Crazy Mano;TOLCHONOV","2023-03-17",94418,61,TRUE,NA,1970-01-01,"phonk,brazilian phonk,rally house,drift phonk","Void of Phonk / Aurorian Records / Black 17 Media",0.726,0.971,2,-2.126,1,0.0408,0.00393,0.275,0.446,0.7,129.081,4,"Life in Rio"
"2024","spotify:track:1ulgMAx95xb3N33SMklfG3","Stiekem","Stiekem ft. Goldband","Maan;Goldband","2022-11-04",203437,14,FALSE,NA,1970-01-01,"nederpop,hollands","8ball Music",0.747,0.577,1,-8.047,0,0.0323,0.0151,1.15e-05,0.194,0.642,127.965,4,"Stiekem"
"2024","spotify:track:0aJrYfARfCKzv6gXjhs4SZ","Upside Down_2024","Upside Down","Jack Johnson","2006-02-24",209546,77,FALSE,NA,1970-01-01,"surf rock","Brushfire Records/Universal",0.792,0.647,4,-8.314,1,0.045,0.255,0.000223,0.132,0.694,102.477,4,"Upside Down_2024"
"2024","spotify:track:7qiUjLVo6zLj8WmxPMqoXD","Einmal um die Welt","Raop","CRO","2012-07-06",142462,3,FALSE,NA,1970-01-01,"german hip hop,german pop,german indie,german indie pop","BMG Rights Management",0.726,0.9,9,-4.134,1,0.0401,0.133,0,0.145,0.973,160.139,4,"Einmal um die Welt"
"2024","spotify:track:6fUDNcmsnnUVyOtEnA9xdC","Orange Colored Sky - As Heard on “Fallout” (Series)","The Nat King Cole Story","Nat King Cole","1961-09-25",153866,61,FALSE,NA,1970-01-01,"christmas,adult standards,vocal jazz","Capitol Records",0.536,0.24,10,-15.198,1,0.0813,0.92,0,0.111,0.489,128.897,4,"Orange Colored Sky - As Heard on “Fallout” (Series)"
"2024","spotify:track:7KA4W4McWYRpgf0fWsJZWB","See You Again (feat. Kali Uchis)_2024","Flower Boy","Tyler, The Creator;Kali Uchis","2017-07-21",180386,89,TRUE,NA,1970-01-01,NA,"Columbia",0.558,0.559,6,-9.222,1,0.0959,0.371,7.49e-06,0.109,0.62,78.558,4,"See You Again (feat. Kali Uchis)_2024"
"2024","spotify:track:0AQquaENerGps8BQmbPw14","Big Iron","Gunfighter Ballads And Trail Songs","Marty Robbins","1959",235733,74,FALSE,NA,1970-01-01,"classic country,outlaw country","Columbia/Legacy",0.726,0.474,1,-7.834,0,0.0491,0.803,0,0.258,0.57,116.027,4,"Big Iron"
"2024","spotify:track:0w9pPu36xDpQwAK2li6s4d","Seventh Heaven","ALOHA INOHA","INOHA","2024-05-03",234499,0,FALSE,NA,1970-01-01,NA,"INOHA Publishing",0.431,0.902,7,-6.721,1,0.07,0.00115,2.81e-06,0.343,0.48,162.995,4,"Seventh Heaven"
"2024","spotify:track:4PCD9jZRM2VswisaTBhc25","Next Semester","Next Semester","Twenty One Pilots","2024-03-27",234400,0,FALSE,NA,1970-01-01,NA,"Fueled By Ramen",0.234,0.823,4,-5.042,1,0.135,0.0225,1.7e-05,0.11,0.127,174.916,4,"Next Semester"
"2024","spotify:track:3qhlB30KknSejmIvZZLjOD","End of Beginning_2024","DECIDE","Djo","2022-09-16",159245,98,FALSE,NA,1970-01-01,NA,"Djo",0.689,0.454,2,-7.643,1,0.0584,0.0351,0.00259,0.0707,0.912,159.982,4,"End of Beginning_2024"
"2024","spotify:track:561pBFcFL2Pwb9HPO9tU8J","places to be","places to be","Fred again..;Anderson .Paak;CHIKA","2024-05-31",226677,63,TRUE,NA,1970-01-01,"stutter house,house,edm,alternative r&b","Atlantic Records UK",0.548,0.878,10,-5.154,1,0.0598,0.0253,0.000934,0.0909,0.826,174.043,4,"places to be"
"2024","spotify:track:1nTzXNZCnZ0T7S8BqkL98r","how deep?","HDTV","Tai Verdes","2022-09-16",154506,55,FALSE,NA,1970-01-01,NA,"Arista Records",0.801,0.683,1,-6.971,0,0.047,0.0982,2.53e-06,0.269,0.445,97.011,4,"how deep?"
"2024","spotify:track:2ihCaVdNZmnHZWt0fvAM7B","Little Talks","My Head Is An Animal","Of Monsters and Men","2012-01-01",266600,82,FALSE,NA,1970-01-01,"folk pop","Universal Records",0.457,0.757,1,-5.177,1,0.032,0.0206,0,0.146,0.417,102.961,4,"Little Talks"
"2024","spotify:track:3h8tI65xdfpQyTAy7Grqwa","Potion (with Dua Lipa & Young Thug)_2024","Funk Wav Bounces Vol. 2","Calvin Harris;Dua Lipa;Young Thug","2022-08-05",215215,52,TRUE,NA,1970-01-01,"edm,pop,rap,melodic rap,trap","Columbia",0.824,0.697,11,-4.869,0,0.0473,0.158,4.11e-05,0.0751,0.757,99.987,4,"Potion (with Dua Lipa & Young Thug)_2024"
"2024","spotify:track:6AI3ezQ4o3HUoP6Dhudph3","Not Like Us_2024","Not Like Us","Kendrick Lamar","2024-05-04",274192,88,TRUE,NA,1970-01-01,"hip hop,west coast hip hop","Kendrick Lamar, under exclusive license to Interscope Records",0.898,0.472,1,-7.001,1,0.0776,0.0107,0,0.141,0.214,101.061,4,"Not Like Us_2024"
"2024","spotify:track:7ubd6wvhN4TKMwQUy6hR69","Ladyfingers","Whipped Cream & Other Delights","Herb Alpert & The Tijuana Brass","1965-04-01",164546,66,FALSE,NA,1970-01-01,"adult standards,exotica","Herb Alpert Presents",0.347,0.299,3,-14.462,1,0.0401,0.979,0.93,0.178,0.556,86.15,4,"Ladyfingers"
"2024","spotify:track:0kdqcbwei4MDWFEX5f33yG","Bling-Bang-Bang-Born","Bling-Bang-Bang-Born","Creepy Nuts","2024-01-07",168135,75,FALSE,NA,1970-01-01,"anime,j-pop,j-rap","Sony Music Labels Inc.",0.853,0.822,6,-6.836,0,0.246,0.0841,0.00985,0.166,0.746,157.013,4,"Bling-Bang-Bang-Born"
"2024","spotify:track:3rki2mgXaUSL8av1syOWTB","あーーっす！","あーーっす！","Hiroshi Kitadani","2024-01-08",197802,57,FALSE,NA,1970-01-01,"anime","avex pictures",0.421,0.926,2,-9.03,1,0.129,0.00556,2.55e-05,0.171,0.512,182.242,4,"あーーっす！"
"2024","spotify:track:3gOms1iSIFmVPh2qIsaXFD","wash my sins away","jazz is for ordinary people","berlioz","2023-06-23",232500,0,FALSE,NA,1970-01-01,"jazz house,jazz","berlioz",0.773,0.598,10,-10.4,0,0.0332,0.672,0.826,0.0781,0.237,121.007,4,"wash my sins away"
"2024","spotify:track:3JvKfv6T31zO0ini8iNItO","Another Love_2024","Long Way Down (Deluxe)","Tom Odell","2013-06-24",244360,88,TRUE,NA,1970-01-01,NA,"ITNO/Columbia",0.445,0.537,4,-8.532,0,0.04,0.695,1.65e-05,0.0944,0.131,122.769,4,"Another Love_2024"
"2024","spotify:track:3FYDqY5BRtx3IVSaiQZSze","悲しみがとまらない　I CAN'T STOP THE LONELINESS","Timely!!","Anri","1983-12-05",263706,70,FALSE,NA,1970-01-01,"city pop,j-pop,kayokyoku","FOR LIFE MUSIC ENTERTAINMENT,INC.",0.684,0.843,9,-4.256,1,0.0296,0.183,1.67e-05,0.0635,0.885,132.027,4,"悲しみがとまらない　I CAN'T STOP THE LONELINESS"
"2024","spotify:track:751srcHf5tUqcEa9pRCQwP","Tek It_2024","Running","Cafuné","2021-07-20",191823,82,FALSE,NA,1970-01-01,NA,"Elektra (NEK)",0.423,0.913,8,-5.354,1,0.0655,6.53e-05,0,0.269,0.596,146.995,4,"Tek It_2024"
"2024","spotify:track:7GVQS66ukm48XZVymA3ZUg","Midwest Indigo","Clancy","Twenty One Pilots","2024-05-24",196266,68,FALSE,NA,1970-01-01,NA,"Fueled By Ramen",0.611,0.802,8,-4.92,0,0.0591,0.176,1.45e-06,0.314,0.577,116.062,4,"Midwest Indigo"
"2024","spotify:track:2LsbizbOeNa4x6qsi2jAMb","La flaca","La Flaca","Jarabe De Palo","1996",261200,79,FALSE,NA,1970-01-01,"rock en español,latin rock,latin alternative","Parlophone Spain",0.871,0.481,7,-9.068,1,0.0383,0.52,5.54e-05,0.0809,0.664,103.063,4,"La flaca"
"2024","spotify:track:15WLsibdUCBTyN6a9YUajB","ワノ国 幕開け、幕引きのテーマ","ONE PIECE オリジナルサウンドトラック""WANOKUNI""","Kohei Tanaka","2022-03-16",219300,44,FALSE,NA,1970-01-01,"anime","avex pictures",0.741,0.936,9,-5.966,0,0.0296,0.131,0.853,0.2,0.956,127.999,4,"ワノ国 幕開け、幕引きのテーマ"
"2024","spotify:track:777zXDJpBufzttU4AJ2dGO","I Don't Want To Set The World On Fire","The Anthology","The Ink Spots","1998-06-16",181066,67,FALSE,NA,1970-01-01,"adult standards","Geffen",0.445,0.146,5,-16.064,1,0.0333,0.962,1.05e-05,0.249,0.332,86.637,4,"I Don't Want To Set The World On Fire"
"2024","spotify:track:2tudvzsrR56uom6smgOcSf","Like That_2024","WE DON'T TRUST YOU","Future;Metro Boomin;Kendrick Lamar","2024-03-22",267706,84,TRUE,NA,1970-01-01,"rap,hip hop,west coast hip hop","Wilburn Holding Co./Boominati/Epic/Republic",0.814,0.676,11,-4.67,0,0.231,0.00709,1.28e-05,0.119,0.312,162.012,4,"Like That_2024"
"2024","spotify:track:0oUBuOO4g9P4lREqfqR5nq","A Man Without Love_2024","A Man Without Love","Engelbert Humperdinck","1968-08-03",203133,70,FALSE,NA,1970-01-01,NA,"Decca (UMO)",0.538,0.467,2,-9.589,1,0.0327,0.637,0,0.115,0.507,111.766,4,"A Man Without Love_2024"
"2024","spotify:track:3pswsd1cgi2U5ninhgo31W","ルフィ復活","ONE PIECE Original Soundtrack""GEAR5""","Kohei Tanaka","2024-01-26",116233,45,FALSE,NA,1970-01-01,"anime","avex pictures",0.635,0.836,1,-9.39,1,0.053,0.0156,0.869,0.0816,0.246,116.005,4,"ルフィ復活"
"2024","spotify:track:42VsgItocQwOQC3XWZ8JNA","FE!N (feat. Playboi Carti)","UTOPIA","Travis Scott;Playboi Carti","2023-07-28",191700,85,TRUE,NA,1970-01-01,"rap,rage rap","Cactus Jack/Epic",0.569,0.882,3,-2.777,0,0.06,0.0316,0,0.142,0.201,148.038,4,"FE!N (feat. Playboi Carti)"
"2024","spotify:track:6yVjjQA31SLM1kc4j5jPwF","BRAZILIAN DANÇA PHONK_2024","BRAZILIAN DANÇA PHONK","6YNTHMANE;RXDXVIL","2023-05-12",118194,66,TRUE,NA,1970-01-01,"phonk,brazilian phonk","6YNTHMANE X RXDXVIL",0.748,0.99,1,-2.39,1,0.151,0.303,0.132,0.267,0.386,126.015,4,"BRAZILIAN DANÇA PHONK_2024"
"2024","spotify:track:47N81NMkB488fuOwOC3Oip","Nobody - from Kaiju No. 8","Nobody (from Kaiju No. 8)","OneRepublic","2024-04-12",153626,67,FALSE,NA,1970-01-01,"soft pop","Mosley Music/Interscope Records",0.693,0.811,5,-5.765,1,0.0313,0.395,0,0.106,0.944,139.959,4,"Nobody - from Kaiju No. 8"
"2024","spotify:track:2bfGNzdiRa1jXZRdfssSzR","Dirty Harry (feat. Bootie Brown)","Demon Days","Gorillaz;Bootie Brown","2005-05-23",230426,77,FALSE,NA,1970-01-01,NA,"Parlophone UK",0.625,0.877,10,-7.176,0,0.162,0.0315,0.0811,0.672,0.865,192.296,4,"Dirty Harry (feat. Bootie Brown)"
"2024","spotify:track:7b8Z1GU2plJy3aASZTiolF","Friesenjung","denk mal drüber nach...","Ski Aggu;Joost;Otto Waalkes","2023-10-12",146086,66,TRUE,NA,1970-01-01,"german indie,german hip hop,german indie pop,gabber,europop","jungeratze",0.786,0.98,11,-4.677,0,0.116,0.0161,0.000228,0.204,0.899,161.017,4,"Friesenjung"
"2024","spotify:track:77DRzu7ERs0TX3roZcre7Q","euphoria","euphoria","Kendrick Lamar","2024-04-30",383639,75,TRUE,NA,1970-01-01,"hip hop,west coast hip hop","Kendrick Lamar, under exclusive license to Interscope Records",0.831,0.643,1,-5.002,1,0.11,0.046,0,0.084,0.142,139.948,4,"euphoria"
"2024","spotify:track:4IRHwIZHzlHT1FQpRa5RdE","Goodbye Yellow Brick Road - Remastered 2014_2024","Goodbye Yellow Brick Road (Remastered)","Elton John","1973-10-05",192826,77,FALSE,NA,1970-01-01,NA,"UMC (Universal Music Catalogue)",0.559,0.473,5,-7.712,1,0.0279,0.446,0.00141,0.154,0.397,121.227,4,"Goodbye Yellow Brick Road - Remastered 2014_2024"
"2024","spotify:track:12BaQt9aYdTlEtKreqB5V4","jazz is for ordinary people","jazz is for ordinary people","berlioz","2023-04-07",164000,3,FALSE,NA,1970-01-01,"jazz house,jazz","berlioz",0.502,0.474,5,-11.424,0,0.0543,0.711,0.787,0.112,0.312,118.079,4,"jazz is for ordinary people"
"2024","spotify:track:4Hff1IjRbLGeLgFgxvHflk","DARE (feat. Shaun Ryder & Roses Gabor)","Demon Days","Gorillaz;Shaun Ryder;Roses Gabor","2005-05-23",244999,83,FALSE,NA,1970-01-01,NA,"Parlophone UK",0.76,0.891,11,-5.852,0,0.0372,0.0229,0.0869,0.298,0.966,120.264,4,"DARE (feat. Shaun Ryder & Roses Gabor)"
"2024","spotify:track:37uMiu52DbSIx3SJ3sGDow","Weak","Promised Land","Vintage Culture;Maverick Sabre;Tom Breu","2024-05-24",202560,67,FALSE,NA,1970-01-01,"brazilian bass,electronic,electro","Vintage Culture",0.838,0.684,10,-8.192,0,0.0705,0.0506,0.0123,0.0892,0.447,123.007,4,"Weak"
"2024","spotify:track:4sYRVm3d1ThbzDUmU9jio3","One Last Adventure","Frieren: Beyond Journey's End - Original Series Soundtrack EP","Evan Call","2023-12-22",148036,28,FALSE,NA,1970-01-01,"anime","Milan",0.203,0.0247,9,-18.92,1,0.0443,0.968,0.0105,0.125,0.0762,131.332,3,"One Last Adventure"
"2024","spotify:track:3yAZRpEbliOJUnZH3478xG","Da Feeling","Da Feeling","Jengi;GFDM","2024-03-28",201904,47,FALSE,NA,1970-01-01,"future house","Three Six Zero Recordings",0.67,0.919,0,-5.752,0,0.0387,0.00852,0.031,0.228,0.635,126.011,4,"Da Feeling"
"2024","spotify:track:6KYOlIwDHbrbeBbJEtQ0Fj","オトノケ - Otonoke_2024","オトノケ - Otonoke","Creepy Nuts","2024-10-04",185626,75,FALSE,NA,1970-01-01,"anime,j-pop,j-rap","Sony Music Labels Inc.",0.517,0.842,1,-6.905,1,0.348,0.062,0.0575,0.158,0.643,169.745,4,"オトノケ - Otonoke_2024"
"2024","spotify:track:5lE64uyiHhhSwS01VI4pV6","Buurman Uit Berlijn","Buurman Uit Berlijn","MCR-T;Joost","2024-02-02",285176,54,TRUE,NA,1970-01-01,"miami bass,gabber,europop","Live From Earth",0.784,0.963,7,-4.867,1,0.222,0.0487,0.0128,0.08,0.664,170.023,4,"Buurman Uit Berlijn"
"2024","spotify:track:092zEazukBeXkjDumz7dHh","The End of One Journey","Frieren: Beyond Journey's End (Original Soundtrack)","Evan Call","2024-04-17",103080,50,FALSE,NA,1970-01-01,"anime","Milan",0.267,0.14,2,-22.975,1,0.0333,0.894,0.374,0.0919,0.272,137.808,4,"The End of One Journey"
"2024","spotify:track:5w4EuviPUa4vSH52EYNqJ5","It's a Man","The Best of the RCA Years","Betty Hutton","1996-09-01",144386,50,FALSE,NA,1970-01-01,NA,"RCA/Legacy",0.624,0.289,2,-10.218,1,0.0957,0.934,0,0.471,0.93,146.084,4,"It's a Man"
"2024","spotify:track:3J2WUEn6oFN8eDPZov7w9I","deep in it","deep in it","berlioz;Ted Jasper","2023-03-10",154862,1,FALSE,NA,1970-01-01,"jazz house,jazz","berlioz",0.567,0.415,3,-11.901,0,0.0499,0.972,0.885,0.0999,0.273,118.967,4,"deep in it"
"2024","spotify:track:6WzRpISELf3YglGAh7TXcG","Popular (with Playboi Carti & Madonna) - From The Idol Vol. 1 (Music from the HBO Original Series)","Popular (Music from the HBO Original Series)","The Weeknd;Playboi Carti;Madonna","2023-06-02",215466,83,TRUE,NA,1970-01-01,"rage rap","XO / Republic Records",0.854,0.674,1,-6.23,1,0.184,0.0517,8.53e-05,0.509,0.848,99.022,4,"Popular (with Playboi Carti & Madonna) - From The Idol Vol. 1 (Music from the HBO Original Series)"
"2024","spotify:track:1i6N76fftMZhijOzFQ5ZtL","Psycho Killer - 2005 Remaster","Talking Heads '77 (Deluxe Version)","Talking Heads","1977-09-16",261413,11,FALSE,NA,1970-01-01,"new wave,post-punk","Rhino/Warner Records",0.721,0.521,2,-8.123,1,0.0613,0.0708,0.00545,0.127,0.942,123.118,4,"Psycho Killer - 2005 Remaster"
"2024","spotify:track:4CfcXnwLf2MUfnjCnqUMvj","Go Back (feat. Julia Church)","Comfort In Chaos","John Summit;Sub Focus;Julia Church","2024-07-12",220538,71,FALSE,NA,1970-01-01,"house,tech house,drum and bass,liquid funk","Experts Only/Darkroom Records",0.393,0.923,7,-1.726,0,0.0611,0.162,0.000214,0.108,0.0606,136.079,4,"Go Back (feat. Julia Church)"
"2024","spotify:track:7jrMFjEq0t09f7m3HnnWXl","Tell Me Why - MEDUZA Remix","Tell Me Why (MEDUZA Remix)","Supermode;MEDUZA","2022-09-02",171428,70,FALSE,NA,1970-01-01,"hypertechno","Axtone Records",0.561,0.928,6,-5.812,0,0.0371,0.087,0.894,0.332,0.182,125.988,4,"Tell Me Why - MEDUZA Remix"
"2024","spotify:track:6Xom58OOXk2SoU711L2IXO","Moscow Mule_2024","Un Verano Sin Ti","Bad Bunny","2022-05-06",245939,87,TRUE,NA,1970-01-01,"reggaeton,trap latino,latin,urbano latino","Rimas Entertainment LLC",0.804,0.674,5,-5.453,0,0.0333,0.294,1.18e-06,0.115,0.292,99.968,4,"Moscow Mule_2024"
"2024","spotify:track:51EpFns3CG9taCMQz6XDom","INVISIBLE","FUTURE PAST","Duran Duran","2021-10-22",191459,74,FALSE,NA,1970-01-01,"new wave,synthpop","BMG Rights Management (US) LLC",0.645,0.867,7,-2.326,1,0.182,0.119,1.98e-05,0.413,0.337,113.988,4,"INVISIBLE"
"2024","spotify:track:5AVUsyKKPhYJItIVeEqw2E","Ending Song - The Promise of the World - Merry-Go-Round of Life","Howl's Moving Castle Soundtrack","Chieko Baisho","2004-11-19",410466,56,FALSE,NA,1970-01-01,"anime,enka","Joe Hisaishi",0.229,0.145,2,-15.292,0,0.0345,0.958,0.00155,0.144,0.115,177.59,3,"Ending Song - The Promise of the World - Merry-Go-Round of Life"
"2024","spotify:track:2HYFX63wP3otVIvopRS99Z","Houdini","Houdini","Eminem","2024-05-31",227239,76,TRUE,NA,1970-01-01,"rap,hip hop","Shady/Aftermath/Interscope Records",0.936,0.887,9,-2.76,0,0.0683,0.0292,1.88e-06,0.0582,0.889,127.003,4,"Houdini"
"2024","spotify:track:3K5KXm1uZjiyQk0J7op1xf","9mm","Memphis Cult Vol. 6","Memphis Cult;Groove Dealers;SPLYXER","2023-02-23",86709,59,TRUE,NA,1970-01-01,"phonk,drift phonk","Memphis Cult",0.737,0.915,0,-2.749,1,0.0412,0.00322,2.58e-05,0.084,0.304,154.964,4,"9mm"
"2024","spotify:track:4yMXKeuRDOIzrh3fBiJYds","Vent","Vent","NOIT","2024-03-01",176898,61,TRUE,NA,1970-01-01,"rally house,house","Aurorian Records",0.897,0.583,3,-9.584,0,0.376,0.0295,0.00117,0.162,0.954,126.183,4,"Vent"
"2024","spotify:track:4JfpJrrGNXRj2yXm1fYV23","Lithonia","Lithonia","Childish Gambino","2024-07-02",179320,64,TRUE,NA,1970-01-01,NA,"Wolf+Rothstein/RCA Records",0.415,0.383,1,-7.629,1,0.0287,0.0948,0,0.118,0.172,140.102,4,"Lithonia"
"2024","spotify:track:4UZIVayCDOLdaf1P8gGMsQ","Rapp Snitch Knishes - Live Instrumental","Bread 'n' Butter","OMA","2024-01-05",175500,19,FALSE,NA,1970-01-01,NA,"OMA",0.565,0.552,10,-10.546,0,0.0837,6.26e-05,0.894,0.336,0.802,95.046,4,"Rapp Snitch Knishes - Live Instrumental"
"2024","spotify:track:6dOtVTDdiauQNBQEDOtlAB","BIRDS OF A FEATHER","HIT ME HARD AND SOFT","Billie Eilish","2024-05-17",210373,94,FALSE,NA,1970-01-01,NA,"Darkroom/Interscope Records",0.747,0.507,2,-10.171,1,0.0358,0.2,0.0608,0.117,0.438,104.978,4,"BIRDS OF A FEATHER"
"2024","spotify:track:0ctgmKdlPY8xx41wY339Da","Stumblin' In","Licorice Pizza (Original Motion Picture Soundtrack)","Chris Norman;Suzi Quatro","2021-11-26",238853,60,FALSE,NA,1970-01-01,"glam rock","Republic Records",0.754,0.768,7,-7.687,1,0.0366,0.0111,3.05e-05,0.224,0.852,129.305,4,"Stumblin' In"
"2024","spotify:track:0vrKBjEBQAVn3sdhIXmpHE","Terug In De Tijd","Terug In De Tijd","Yves Berendse","2023-06-02",187357,24,FALSE,NA,1970-01-01,"hollands,nederpop","Dino Music",0.65,0.767,8,-7.688,1,0.0458,0.108,0,0.0879,0.536,122.749,4,"Terug In De Tijd"
"2024","spotify:track:1di1C0QI6Y92yZPYn6XYAZ","シルエット","TIME","KANA-BOON","2015-01-21",240133,77,FALSE,NA,1970-01-01,"anime,j-rock,j-pop","Sony Music Labels Inc.",0.436,0.934,2,-2.685,1,0.0507,1.03e-05,0.14,0.321,0.384,91.481,4,"シルエット"
"2024","spotify:track:5iyuwVaMliMdloOzSBxohv","Cheerleader","SMILE! :D","Porter Robinson","2024-07-26",237567,18,FALSE,NA,1970-01-01,"edm,electronic","Mom+Pop",0.464,0.701,0,-2.591,0,0.0395,0.000199,0,0.0484,0.277,147.944,4,"Cheerleader"
"2024","spotify:track:1FhWuo97KqSWbe4UYpKAei","Journey of a Lifetime ~ Frieren Main Theme","Frieren: Beyond Journey's End (Original Soundtrack)","Evan Call","2024-04-17",204240,52,FALSE,NA,1970-01-01,"anime","Milan",0.228,0.615,2,-10.819,1,0.0534,0.0145,0.854,0.333,0.113,121.395,4,"Journey of a Lifetime ~ Frieren Main Theme"
"2024","spotify:track:1LIvdWNdKmHvU0FJvw2diN","Big City Life","Big City Life","Luude;Mattafix","2022-06-16",146711,69,FALSE,NA,1970-01-01,"drum and bass","Warner Records",0.615,0.902,3,-4.316,1,0.0859,0.0176,3.91e-05,0.103,0.298,87.03,4,"Big City Life"
"2024","spotify:track:4K0odcECsBvgzv9Lr9z4kd","Aria Math","Minecraft - Volume Beta","C418","2013-11-09",310000,51,FALSE,NA,1970-01-01,NA,"C418",0.523,0.456,4,-13.393,0,0.0623,0.754,0.915,0.0966,0.542,167.999,4,"Aria Math"
"2024","spotify:track:1IHWl5LamUGEuP4ozKQSXZ","Tití Me Preguntó_2024","Un Verano Sin Ti","Bad Bunny","2022-05-06",243716,95,TRUE,NA,1970-01-01,"reggaeton,trap latino,latin,urbano latino","Rimas Entertainment LLC",0.65,0.715,5,-5.198,0,0.253,0.0993,0.000291,0.126,0.187,106.672,4,"Tití Me Preguntó_2024"
"2024","spotify:track:7rbECVPkY5UODxoOUVKZnA","I Wonder_2024","Graduation","Kanye West","2007-09-11",243440,84,TRUE,NA,1970-01-01,"rap","Roc-A-Fella",0.542,0.466,0,-8.668,1,0.0824,0.141,0.000444,0.125,0.127,191.386,4,"I Wonder_2024"
"2024","spotify:track:4gRA0i5sxx3jAhHaVjPnUN","Use Me","Still Bill","Bill Withers","1972-05-01",228326,73,FALSE,NA,1970-01-01,"soul","Columbia/Legacy",0.758,0.586,11,-13.461,0,0.056,0.033,0.0028,0.0743,0.947,154.629,4,"Use Me"
"2024","spotify:track:7wdzLe2Gsx1RGqbvYZHASz","i","i","Kendrick Lamar","2014-09-23",231933,69,TRUE,NA,1970-01-01,"hip hop,west coast hip hop","Aftermath",0.755,0.884,10,-5.296,0,0.0638,0.0208,2.97e-06,0.248,0.897,121.927,4,"i"
"2024","spotify:track:3CIOopLwvyMvXk97ZEksKO","Ace of Spades","Ace of Spades (Expanded Edition)","Motörhead","1980-11-08",168320,74,FALSE,NA,1970-01-01,"heavy metal,metal,speed metal,hard rock,rock","Sanctuary Records",0.322,0.991,6,-4.453,1,0.213,0.00313,0.0035,0.0708,0.198,140.221,4,"Ace of Spades"
"2024","spotify:track:3DK6m7It6Pw857FcQftMds","Runaway_2024","My Beautiful Dark Twisted Fantasy","Kanye West;Pusha T","2010-11-22",547733,85,TRUE,NA,1970-01-01,"rap","Roc-A-Fella",0.374,0.568,1,-3.825,0,0.109,0.219,0.00219,0.513,0.111,84.733,4,"Runaway_2024"
"2024","spotify:track:3HBaCz1gBfnDZMxwEZGPvz","Time Flows Ever Onward","Frieren: Beyond Journey's End - Original Series Soundtrack EP","Evan Call","2023-12-22",140075,33,FALSE,NA,1970-01-01,"anime","Milan",0.373,0.0718,7,-19.334,1,0.0392,0.895,0.736,0.108,0.139,115.673,3,"Time Flows Ever Onward"
"2024","spotify:track:66TDFKCZpMRfLcgJpa15xq","Hier encore","Que c'est triste Venise","Charles Aznavour","1964-01-01",143466,69,FALSE,NA,1970-01-01,"chanson,variété française,french jazz","Universal Music Division Barclay",0.388,0.406,2,-9.445,0,0.0367,0.779,0,0.3,0.44,91.667,3,"Hier encore"
"2024","spotify:track:2cwTVrrgHxl4gcHY4IHr18","Don't Let The Stars Get In Your Eyes","Pure Gold","Perry Como","1975-09-30",160773,51,FALSE,NA,1970-01-01,"christmas,adult standards","Legacy Recordings",0.808,0.421,8,-12.533,1,0.042,0.809,0,0.0724,0.963,122.752,4,"Don't Let The Stars Get In Your Eyes"
"2024","spotify:track:5RLzsVW6UNiV2YrOlKwzNN","Blue Moon - 1999 Remastered","Sinatra's Swingin' Session!!! And More (Remastered / Expanded Edition)","Frank Sinatra","1961",171426,62,FALSE,NA,1970-01-01,"christmas,big band,adult standards,swing music,jazz,vocal jazz","Capitol Records",0.644,0.156,1,-16.529,1,0.0329,0.532,0,0.105,0.744,113.96,4,"Blue Moon - 1999 Remastered"
"2024","spotify:track:3k3NWokhRRkEPhCzPmV8TW","Ojitos Lindos_2024","Un Verano Sin Ti","Bad Bunny;Bomba Estéreo","2022-05-06",258298,87,FALSE,NA,1970-01-01,"reggaeton,trap latino,latin,urbano latino,latin alternative,electrocumbia","Rimas Entertainment LLC",0.647,0.686,3,-5.745,0,0.0413,0.08,1.34e-06,0.528,0.268,79.928,4,"Ojitos Lindos_2024"
"2024","spotify:track:3zJRvtQkHQRTNEXSY8jQPR","Breathe (In The Air) - 2011 Remastered Version","The Dark Side Of The Moon (2011 Remastered Version)","Pink Floyd","1973-03-01",169560,1,FALSE,NA,1970-01-01,"progressive rock,psychedelic rock,classic rock,art rock,rock","Pink Floyd Records",0.429,0.343,11,-16.637,0,0.0339,0.265,0.184,0.157,0.313,128.455,4,"Breathe (In The Air) - 2011 Remastered Version"
"2024","spotify:track:1YdtGoSYDvVQKoUqSDXX41","Noid","CHROMAKOPIA","Tyler, The Creator","2024-10-28",284363,67,TRUE,NA,1970-01-01,NA,"Columbia",0.38,0.784,1,-6.004,1,0.299,0.523,0.000139,0.494,0.418,82.318,4,"Noid"
"2024","spotify:track:1YIxmHt4EKS0gMs3L0mxQV","Miss Alissa","Peace Love Death Metal","Eagles Of Death Metal","2004-03-23",158600,63,FALSE,NA,1970-01-01,"stoner rock,garage rock","Ipecac Recordings",0.548,0.992,1,-3.713,1,0.116,0.797,0,0.199,0.879,172.357,4,"Miss Alissa"
"2024","spotify:track:2ffGZTdlRN0lNxA4LOYyTs","How Long Do I Have to Wait for You?","Naturally","Sharon Jones & The Dap-Kings","2005-01-25",243760,69,FALSE,NA,1970-01-01,"retro soul,soul,funk","Daptone Records",0.673,0.909,10,-3.369,0,0.0464,0.471,0.013,0.105,0.969,103.941,4,"How Long Do I Have to Wait for You?"
"2024","spotify:track:4R5GN0mBvb6jkRj3Zvyhkl","Will I See You Again?","Will I See You Again?","Thee Sacred Souls","2020-12-01",240653,78,FALSE,NA,1970-01-01,"retro soul","Penrose Records",0.515,0.451,9,-8.047,0,0.0309,0.405,1.12e-06,0.111,0.661,169.931,4,"Will I See You Again?"
"2024","spotify:track:75zMKn5euxQdlkZgu4P42J","Sympathy For The Devil","The Rolling Stones Singles Collection: The London Years","The Rolling Stones","1989-08-15",376800,64,FALSE,NA,1970-01-01,"classic rock,rock","ABKCO",0.727,0.681,9,-10.943,1,0.221,0.61,0,0.0559,0.578,115.938,4,"Sympathy For The Devil"
"2024","spotify:track:0EqczV3o6fwksegAavIHpX","LOVELY BASTARDS_2024","LOVELY BASTARDS","ZWE1HVNDXR;yatashigang","2023-08-25",116104,69,TRUE,NA,1970-01-01,"phonk,brazilian phonk,drift phonk","ZWE1HVNDXR",0.613,0.81,1,-6.16,1,0.488,0.832,0.899,0.137,0.686,150.251,4,"LOVELY BASTARDS_2024"
"2024","spotify:track:6Sq7ltF9Qa7SNFBsV5Cogx","Me Porto Bonito_2024","Un Verano Sin Ti","Bad Bunny;Chencho Corleone","2022-05-06",178567,86,TRUE,NA,1970-01-01,"reggaeton,trap latino,latin,urbano latino","Rimas Entertainment LLC",0.911,0.712,1,-5.105,0,0.0817,0.0901,2.68e-05,0.0933,0.425,92.005,4,"Me Porto Bonito_2024"
"2024","spotify:track:1aXV8GrmQLvgoFtBPERP7E","Jealous","Jealous","Eyedress","2019-12-06",122338,57,FALSE,NA,1970-01-01,NA,"Lex Records",0.474,0.921,9,-10.431,0,0.0457,0.00491,0.85,0.476,0.696,93.01,4,"Jealous"
"2024","spotify:track:5ZK62nSchTamBy8F6HIZov","Sea Gets Hotter","American Love Call","Durand Jones & The Indications;Durand Jones;Aaron Frazer","2019-03-01",197226,73,FALSE,NA,1970-01-01,"retro soul","Dead Oceans",0.793,0.537,0,-7.123,0,0.0338,0.834,0.00256,0.326,0.778,120.012,4,"Sea Gets Hotter"
"2024","spotify:track:0xoYZ45fgTfyQYREZPN7Sa","You & Me - Rivo Remix","You & Me (Rivo Remix)","Disclosure;Rivo;Eliza Doolittle","2023-12-22",208524,80,FALSE,NA,1970-01-01,"house,afro house","UMC (Universal Music Catalogue)",0.702,0.797,10,-6.635,0,0.0557,0.583,0.495,0.179,0.0356,122.011,4,"You & Me - Rivo Remix"
"2024","spotify:track:4bO6DljpuAeQh6HS20i0I5","Money For Nothing","Brothers In Arms - 20th Anniversary Edition","Dire Straits","1985-05-13",504333,7,FALSE,NA,1970-01-01,"classic rock","Mercury Records Limited",0.642,0.766,2,-6.82,0,0.0401,0.0407,0.000103,0.0593,0.593,134.185,4,"Money For Nothing"
"2024","spotify:track:6Wy3X4jSszfisnRscJCHdq","I Like It Like That","I Like It Like That","Pete Rodriguez","1966-12-31",265080,64,FALSE,NA,1970-01-01,"cha cha cha,salsa,latin jazz,son cubano","Fania",0.596,0.7,5,-4.911,0,0.0323,0.68,0.000277,0.623,0.926,133.45,4,"I Like It Like That"
"2024","spotify:track:0pUVeEgZuNyFzIMKp67RbS","Eyes Without A Face","Rebel Yell","Billy Idol","1983-11-01",299240,85,FALSE,NA,1970-01-01,NA,"CAPITOL CATALOG MKT (C92)",0.54,0.816,9,-6.197,1,0.0421,0.0177,0.00226,0.276,0.658,85.563,4,"Eyes Without A Face"
"2025","spotify:track:5TFD2bmFKGhoCRbX61nXY5","NUEVAYoL","DeBÍ TiRAR MáS FOToS","Bad Bunny","2025-01-05",183685,97,FALSE,NA,1970-01-01,"reggaeton,trap latino,latin,urbano latino","Rimas Entertainment LLC.",0.142,0.195,6,-20.024,1,0.139,0.265,0.995,0.204,0.12,137.922,4,"NUEVAYoL"
"2025","spotify:track:2X485T9Z5Ly0xyaghN73ed","Let It Happen_2025","Currents","Tame Impala","2015-07-17",467586,85,FALSE,NA,1970-01-01,"neo-psychedelic,indie","Universal Music Australia Pty. Ltd.",0.602,0.881,1,-5.875,0,0.0443,0.00462,0.0266,0.111,0.577,125.012,4,"Let It Happen_2025"
"2025","spotify:track:3SAga35lAPYdjj3qyfEsCF","Feel It (From “Invincible”)_2025","Feel It (From “Invincible”)","d4vd","2024-03-28",157974,78,FALSE,NA,1970-01-01,NA,"Darkroom/Interscope Records",0.565,0.593,8,-5.864,1,0.0883,0.0288,0,0.215,0.429,120.509,4,"Feel It (From “Invincible”)_2025"
"2025","spotify:track:0y9uTzK9cNKSAEHnpeRG8C","DUCKWORTH.","DAMN.","Kendrick Lamar","2017-04-14",248613,71,TRUE,NA,1970-01-01,"hip hop,west coast hip hop","Aftermath",0.552,0.731,7,-6.873,1,0.615,0.0536,0,0.258,0.632,174.516,4,"DUCKWORTH."
"2025","spotify:track:4J2HQow52pFt9olOHnYTbk","Your Man","Nectar","Joji","2020-09-24",163758,63,FALSE,NA,1970-01-01,NA,"88rising Music",0.785,0.82,7,-8.73,1,0.0993,0.624,0.165,0.182,0.0525,117.961,4,"Your Man"
"2025","spotify:track:4sUTagdmyuyAxd7RvbygpQ","aruarian dance","samurai champloo music record departure","Nujabes","2004-06-23",250433,67,FALSE,NA,1970-01-01,"jazz rap","Victor",0.585,0.652,6,-8.357,1,0.0358,0.78,0.907,0.0653,0.877,198.448,4,"aruarian dance"
"2025","spotify:track:4QzZVJc6qPTtTkPem7qZRo","The Lamp Is Low","Classical Current","Laurindo Almeida","1969-09-15",170790,66,FALSE,NA,1970-01-01,"brazilian jazz,bossa nova","Warner Records, Inc.",0.486,0.313,7,-14.323,1,0.0252,0.894,0.948,0.167,0.199,102.605,4,"The Lamp Is Low"
"2025","spotify:track:709ZIqPHyFOpx2QdjmeWAM","Dracula","Dracula","Tame Impala","2025-09-26",205308,83,TRUE,NA,1970-01-01,"neo-psychedelic,indie","Columbia",0.415,0.731,3,-3.507,0,0.0586,0.0267,4.58e-05,0.317,0.612,114.837,4,"Dracula"
"2025","spotify:track:0aB0v4027ukVziUGwVGYpG","tv off (feat. lefty gunplay)","GNX","Kendrick Lamar;Lefty Gunplay","2024-11-22",220690,85,TRUE,NA,1970-01-01,"hip hop,west coast hip hop,mexican hip hop","pgLang, under exclusive license to Interscope Records",0.855,0.529,6,-6.679,0,0.263,0.0837,0,0.423,0.548,100.036,4,"tv off (feat. lefty gunplay)"
"2025","spotify:track:5Gt9bxniM1SxN61yRzRhXL","United In Grief","Mr. Morale & The Big Steppers","Kendrick Lamar","2022-05-13",255377,75,TRUE,NA,1970-01-01,"hip hop,west coast hip hop","pgLang/Top Dawg Entertainment/Aftermath/Interscope Records",0.529,0.845,8,-8.142,1,0.404,0.244,0,0.143,0.331,85.63,3,"United In Grief"
"2025","spotify:track:3iqjJd50UO2KEXg99JOx41","F L Y (1991 MIX)","GOLDEN BEST SPECTRUM","Spectrum","2008-12-17",306506,62,FALSE,NA,1970-01-01,"city pop","Victor",0.532,0.634,4,-7.039,0,0.0454,0.3,3.94e-06,0.432,0.266,92.186,4,"F L Y (1991 MIX)"
"2025","spotify:track:0iKo4pNNjHHdKUcFARlfCa","EL CLúB","DeBÍ TiRAR MáS FOToS","Bad Bunny","2025-01-05",222568,83,TRUE,NA,1970-01-01,"reggaeton,trap latino,latin,urbano latino","Rimas Entertainment LLC.",0.516,0.611,10,-5.486,0,0.0555,0.458,5.34e-05,0.113,0.261,110.744,4,"EL CLúB"
"2025","spotify:track:3qhlB30KknSejmIvZZLjOD","End of Beginning_2025","DECIDE","Djo","2022-09-16",159245,98,FALSE,NA,1970-01-01,NA,"Djo",0.689,0.454,2,-7.643,1,0.0584,0.0351,0.00259,0.0707,0.912,159.982,4,"End of Beginning_2025"
"2025","spotify:track:3LbZIhU0smEU5SUnxod4j4","Breathe Deeper","The Slow Rush","Tame Impala","2020-02-14",372866,72,FALSE,NA,1970-01-01,"neo-psychedelic,indie","Universal Music Australia Pty. Ltd.",0.664,0.848,11,-4.51,0,0.0322,0.0245,0.000127,0.172,0.502,104.998,4,"Breathe Deeper"
"2025","spotify:track:2lTm559tuIvatlT1u0JYG2","BAILE INoLVIDABLE","DeBÍ TiRAR MáS FOToS","Bad Bunny","2025-01-05",367725,98,TRUE,NA,1970-01-01,"reggaeton,trap latino,latin,urbano latino","Rimas Entertainment LLC.",0.168,0.00332,10,-46.113,1,0.0615,0.192,0.79,0.112,0.219,119.387,3,"BAILE INoLVIDABLE"
"2025","spotify:track:6iycYUk3oB0NPMdaDUrN1w","EVIL J0RDAN","MUSIC","Playboi Carti","2025-03-14",183928,78,TRUE,NA,1970-01-01,"rage rap","AWGE/Interscope Records",0.689,0.36,1,-7.029,1,0.0564,0.00665,6.11e-05,0.119,0.0599,154.009,4,"EVIL J0RDAN"
"2025","spotify:track:2VyvDGdcVY04cNYou9MFVX","Dirty Cash (Money Talks)","Dirty Cash (Money Talks)","PAWSA;The Adventures Of Stevie V","2024-11-15",221448,77,FALSE,NA,1970-01-01,"tech house,house","Altra Moda Music",0.783,0.473,0,-6.493,1,0.167,0.0693,3.4e-05,0.149,0.539,131.89,4,"Dirty Cash (Money Talks)"
"2025","spotify:track:2fuYa3Lx06QQJAm0MjztKr","Let Down","OK Computer","Radiohead","1997-05-28",299560,89,FALSE,NA,1970-01-01,"art rock,alternative rock","XL Recordings",0.351,0.676,9,-9.017,1,0.0313,0.000121,0.113,0.18,0.143,102.46,4,"Let Down"
"2025","spotify:track:4c2Pc0NrfkesPR0jff6q3F","KETU TeCRÉ","DeBÍ TiRAR MáS FOToS","Bad Bunny","2025-01-05",250789,84,TRUE,NA,1970-01-01,"reggaeton,trap latino,latin,urbano latino","Rimas Entertainment LLC.",0.27,0.277,8,-32.187,1,0.0477,0.0177,0.485,0.111,0.082,111.353,3,"KETU TeCRÉ"
"2025","spotify:track:3sK8wGT43QFpWrvNQsrQya","DtMF","DeBÍ TiRAR MáS FOToS","Bad Bunny","2025-01-05",237117,100,TRUE,NA,1970-01-01,"reggaeton,trap latino,latin,urbano latino","Rimas Entertainment LLC.",0.625,0.131,7,-27.405,0,0.0717,0.177,0.218,0.0807,0.032,136.02,4,"DtMF"
"2025","spotify:track:5hM5arv9KDbCHS0k9uqwjr","Borderline","The Slow Rush","Tame Impala","2020-02-14",237800,86,FALSE,NA,1970-01-01,"neo-psychedelic,indie","Universal Music Australia Pty. Ltd.",0.621,0.873,5,-3.067,0,0.0369,0.0406,9.1e-06,0.0824,0.873,97.96,4,"Borderline"
"2025","spotify:track:31CsSZ9KlQmEu0JvWSkM3j","Deslocado","Deslocado","NAPA","2025-03-10",179996,75,FALSE,NA,1970-01-01,NA,"NAPA",0.568,0.455,6,-7.931,1,0.0275,0.15,0.00027,0.152,0.412,75.504,4,"Deslocado"
"2025","spotify:track:3EG9FJ0ToLfgnc1IG2Z1wz","SWEET / I THOUGHT YOU WANTED TO DANCE (feat. Brent Faiyaz & Fana Hues)","CALL ME IF YOU GET LOST","Tyler, The Creator;Brent Faiyaz;Fana Hues","2021-06-25",588139,73,TRUE,NA,1970-01-01,"r&b,alternative r&b","Columbia",0.468,0.652,0,-4.912,1,0.0722,0.333,0.000318,0.55,0.39,140.223,4,"SWEET / I THOUGHT YOU WANTED TO DANCE (feat. Brent Faiyaz & Fana Hues)"
"2025","spotify:track:0fX4oNGBWO3dSGUZcVdVV2","N95","Mr. Morale & The Big Steppers","Kendrick Lamar","2022-05-13",195950,73,TRUE,NA,1970-01-01,"hip hop,west coast hip hop","pgLang/Top Dawg Entertainment/Aftermath/Interscope Records",0.79,0.67,1,-5.527,1,0.105,0.377,2.32e-06,0.119,0.408,139.956,4,"N95"
"2025","spotify:track:59D4DOkspUbWyMmbAPQkxZ","VOY A LLeVARTE PA PR","DeBÍ TiRAR MáS FOToS","Bad Bunny","2025-01-05",156364,93,TRUE,NA,1970-01-01,"reggaeton,trap latino,latin,urbano latino","Rimas Entertainment LLC.",0.148,0.604,7,-35.032,1,0.0588,0.921,0.453,0.405,1e-05,106.295,3,"VOY A LLeVARTE PA PR"
"2025","spotify:track:4MUrUT38U98olfnyzMBCzm","KLOuFRENS","DeBÍ TiRAR MáS FOToS","Bad Bunny","2025-01-05",199114,90,TRUE,NA,1970-01-01,"reggaeton,trap latino,latin,urbano latino","Rimas Entertainment LLC.",0.326,0.125,1,-32.45,1,0.148,0.703,0.706,0.18,0.306,106.974,4,"KLOuFRENS"
"2025","spotify:track:6BU1RZexmvJcBjgagVVt3M","Count Me Out","Mr. Morale & The Big Steppers","Kendrick Lamar","2022-05-13",283642,77,TRUE,NA,1970-01-01,"hip hop,west coast hip hop","pgLang/Top Dawg Entertainment/Aftermath/Interscope Records",0.776,0.431,4,-7.544,0,0.091,0.671,0,0.153,0.495,133.999,4,"Count Me Out"
"2025","spotify:track:2gNfxysfBRfl9Lvi9T3v6R","Disciples","Currents","Tame Impala","2015-07-17",108546,65,FALSE,NA,1970-01-01,"neo-psychedelic,indie","Universal Music Australia Pty. Ltd.",0.661,0.869,5,-5.477,1,0.0334,0.078,0.924,0.398,0.8,126.971,4,"Disciples"
"2025","spotify:track:1Iw5iLfAwDvS6frI82gMoV","End Of Summer","End Of Summer","Tame Impala","2025-07-25",432566,61,FALSE,NA,1970-01-01,"neo-psychedelic,indie","Columbia",0.682,0.926,1,-5.606,0,0.0695,0.00211,0.574,0.113,0.431,121.009,4,"End Of Summer"
"2025","spotify:track:1QoyuMHNBe7lg3YW4Qtll4","St. Chroma (feat. Daniel Caesar)","CHROMAKOPIA","Tyler, The Creator;Daniel Caesar","2024-10-28",197019,77,TRUE,NA,1970-01-01,NA,"Columbia",0.576,0.884,0,-5.058,1,0.555,0.357,0,0.368,0.373,150.45,4,"St. Chroma (feat. Daniel Caesar)"
"2025","spotify:track:5WEF0icHWmAZBBMglBd599","WELTiTA","DeBÍ TiRAR MáS FOToS","Bad Bunny;Chuwi","2025-01-05",187507,88,FALSE,NA,1970-01-01,"reggaeton,trap latino,latin,urbano latino","Rimas Entertainment LLC.",0.458,0.297,4,-32.354,0,0.6,0.866,0.329,0.346,0.357,96.14,3,"WELTiTA"
"2025","spotify:track:1Q9Efnm5csdCMFynISxL2x","PERFuMITO NUEVO","DeBÍ TiRAR MáS FOToS","Bad Bunny;RaiNao","2025-01-05",200680,86,TRUE,NA,1970-01-01,"reggaeton,trap latino,latin,urbano latino","Rimas Entertainment LLC.",0.513,0.0302,0,-33.8,1,0.0701,0.996,0.977,0.15,0.557,120.026,1,"PERFuMITO NUEVO"
"2025","spotify:track:3aSWXU6owkZeVhh94XxEWO","30 For 30 (with Kendrick Lamar)","SOS Deluxe: LANA","SZA;Kendrick Lamar","2024-12-20",278277,76,TRUE,NA,1970-01-01,"r&b,hip hop,west coast hip hop","Top Dawg Entertainment/RCA Records",0.714,0.415,1,-10.338,0,0.0634,0.758,0.000112,0.133,0.506,140.059,4,"30 For 30 (with Kendrick Lamar)"
"2025","spotify:track:6jbYpRPTEFl1HFKHk1IC0m","Like Him (feat. Lola Young)","CHROMAKOPIA","Tyler, The Creator;Lola Young","2024-10-28",278014,84,TRUE,NA,1970-01-01,NA,"Columbia",0.392,0.555,4,-6.707,0,0.039,0.287,0.000253,0.13,0.191,96.063,3,"Like Him (feat. Lola Young)"
"2025","spotify:track:0RgjEkSbeuStKfT2Pa4Zai","reincarnated","GNX","Kendrick Lamar","2024-11-22",275740,70,TRUE,NA,1970-01-01,"hip hop,west coast hip hop","pgLang, under exclusive license to Interscope Records",0.846,0.779,7,-5.363,1,0.254,0.0534,0,0.299,0.748,91.118,4,"reincarnated"
"2025","spotify:track:3aMIgXaB04SzL68n4lMWLL","Tom Tom","Congrats","Holy Fuck","2016-05-27",227720,66,FALSE,NA,1970-01-01,NA,"Round Hill Records",0.615,0.564,1,-7.871,0,0.0406,0.000345,0.927,0.113,0.243,137.077,4,"Tom Tom"
"2025","spotify:track:0nayjV7O5JtsHkwyWxm8Nf","Een Eigen Huis (Alles Kan Een Mens Gelukkig maken)","Iedereen Is Anders","Het Goede Doel;Rene Froger","1988-12-03",245466,50,FALSE,NA,1970-01-01,"nederpop,hollands","Universal Music, a division of Universal International Music BV",0.6,0.561,0,-14.368,0,0.0393,0.55,1.73e-05,0.227,0.613,84.478,4,"Een Eigen Huis (Alles Kan Een Mens Gelukkig maken)"
"2025","spotify:track:49X0LAl6faAusYq02PRAY6","Lady - Hear Me Tonight_2025","Modjo (Remastered)","Modjo","2001",307153,84,FALSE,NA,1970-01-01,"french house,disco house","Modjo Music",0.72,0.808,6,-5.627,1,0.0379,0.00793,0.0293,0.0634,0.869,126.041,4,"Lady - Hear Me Tonight_2025"
"2025","spotify:track:6NMtzpDQBTOfJwMzgMX0zl","SKELETONS","ASTROWORLD","Travis Scott","2018-08-03",145588,75,TRUE,NA,1970-01-01,"rap","Cactus Jack / Epic",0.46,0.686,0,-5.948,0,0.0367,0.00146,0,0.375,0.252,148.054,4,"SKELETONS"
"2025","spotify:track:39glDGcpBhLVMSsQhvtqHR","I Only Smoke When I Drink","I Only Smoke When I Drink","nimino","2024-08-22",198425,76,FALSE,NA,1970-01-01,"stutter house,melodic house","Counter Records",0.88,0.729,11,-6.378,0,0.176,0.334,0.0113,0.185,0.246,127.028,4,"I Only Smoke When I Drink"
"2025","spotify:track:5ChkMS8OtdzJeqyybCc9R5","Billie Jean","Thriller 25 Super Deluxe Edition","Michael Jackson","2008-02-08",293826,79,FALSE,NA,1970-01-01,NA,"Epic/Legacy",0.92,0.654,11,-3.051,0,0.0401,0.0236,0.0153,0.036,0.847,117.046,4,"Billie Jean"
"2025","spotify:track:2llFlNkPX4hW1M3HLdEMBm","ブリーズ","ファンキー・スタッフ","Jiro Inagaki and His Soul Media","1975-01-25",277160,56,FALSE,NA,1970-01-01,"jazz fusion,jazz funk,jazz,city pop","Nippon Columbia Co., Ltd./NIPPONOPHONE",0.605,0.45,0,-12.706,0,0.0402,0.336,0.833,0.0667,0.763,88.17,4,"ブリーズ"
"2025","spotify:track:7d6yK8v8J484SWH5prIQiE","VeLDÁ","DeBÍ TiRAR MáS FOToS","Bad Bunny;Omar Courtz;Dei V","2025-01-05",235336,91,TRUE,NA,1970-01-01,"reggaeton,trap latino,latin,urbano latino","Rimas Entertainment LLC.",0.613,0.981,1,-18.638,1,0.149,0.29,0.0023,0.437,0.0337,101.852,3,"VeLDÁ"
"2025","spotify:track:1nQRg9q9uwALGzouOX5OyQ","Radio Ga Ga - Remastered 2011","The Works (2011 Remaster)","Queen","1984-02-27",348226,77,FALSE,NA,1970-01-01,"classic rock,rock,glam rock","EMI",0.744,0.502,5,-7.719,1,0.0359,0.183,0.000228,0.189,0.66,112.344,4,"Radio Ga Ga - Remastered 2011"
"2025","spotify:track:0zDO5avDZSXRwWzfuguIRb","Llorarás","Dimensión Latina '75","La Dimensión Latina;Oscar D'León","1974",228554,73,FALSE,NA,1970-01-01,"salsa,merengue","Musart-Balboa",0.704,0.884,8,-6.275,1,0.0527,0.549,0.000364,0.0492,0.964,93.058,4,"Llorarás"
"2025","spotify:track:0FVuyC9RP5MACjp4lgU3qZ","I'm God","Instrumental Relics","Clams Casino;Imogen Heap","2020-04-24",277710,77,FALSE,NA,1970-01-01,"cloud rap","Clams Casino Productions LLC",0.529,0.641,2,-6.78,1,0.0336,0.0711,0.76,0.102,0.089,141.931,4,"I'm God"
"2025","spotify:track:0nj9Bq5sHDiTxSHunhgkFb","squabble up","GNX","Kendrick Lamar","2024-11-22",157992,80,TRUE,NA,1970-01-01,"hip hop,west coast hip hop","pgLang, under exclusive license to Interscope Records",0.874,0.672,0,-5.568,1,0.198,0.0206,0,0.0783,0.711,103.921,4,"squabble up"
"2025","spotify:track:4CoSCPlKNrWli7E5kFtbcl","Little Lies - 2017 Remaster","Tango In the Night (Deluxe Edition)","Fleetwood Mac","1987-04-13",221053,80,FALSE,NA,1970-01-01,"yacht rock,classic rock,soft rock","Rhino/Warner Records",0.64,0.649,2,-10.345,1,0.0264,0.216,8.3e-05,0.0551,0.865,124.825,4,"Little Lies - 2017 Remaster"
"2025","spotify:track:6KYOlIwDHbrbeBbJEtQ0Fj","オトノケ - Otonoke_2025","オトノケ - Otonoke","Creepy Nuts","2024-10-04",185626,75,FALSE,NA,1970-01-01,"anime,j-pop,j-rap","Sony Music Labels Inc.",0.517,0.842,1,-6.905,1,0.348,0.062,0.0575,0.158,0.643,169.745,4,"オトノケ - Otonoke_2025"
"2025","spotify:track:2CGNAOSuO1MEFCbBRgUzjd","luther (with sza)","GNX","Kendrick Lamar;SZA","2024-11-21",177598,86,FALSE,NA,1970-01-01,"hip hop,west coast hip hop,r&b","pgLang, under exclusive license to Interscope Records",0.707,0.575,2,-7.546,1,0.125,0.251,0,0.248,0.576,138.008,4,"luther (with sza)"
"2025","spotify:track:0FIDCNYYjNvPVimz5icugS","Timeless (feat Playboi Carti)","Hurry Up Tomorrow","The Weeknd;Playboi Carti","2025-01-31",256000,90,TRUE,NA,1970-01-01,"rage rap","XO / Republic Records",0.768,0.775,11,-5.06,0,0.0466,0.069,2.96e-06,0.138,0.6,119.999,4,"Timeless (feat Playboi Carti)"
"2025","spotify:track:7xQYVjs4wZNdCwO0EeAWMC","Born Slippy (Nuxx)","1992 - 2012","Underworld","2014-01-01",456480,74,FALSE,NA,1970-01-01,"big beat,electronica","Smith Hyde Productions",0.576,0.953,10,-8.968,1,0.0362,0.00106,0.49,0.474,0.303,140.042,4,"Born Slippy (Nuxx)"
"2025","spotify:track:1Rv0Xew7tgajMBfd2XpsHJ","Playground","Playground","Bru-C","2022-05-26",232215,41,FALSE,NA,1970-01-01,"drum and bass,bassline","0207 Def Jam",0.683,0.84,5,-4.544,1,0.102,0.0155,0.00031,0.134,0.45,169.998,4,"Playground"
"2025","spotify:track:289NOT3DzIaOL5usnMEU4V","Lotje","ANNO ONS","Lustrum U.V.S.V./N.V.V.S.U.;Jopke;Roeland Beelen","2024-07-18",167804,58,TRUE,NA,1970-01-01,"hollands","Universal Music Distributed Labels, a division of Universal Int. Music BV",0.784,0.698,9,-7.786,0,0.0511,0.248,1.44e-06,0.146,0.819,122.998,4,"Lotje"
"2025","spotify:track:3TO7bbrUKrOSPGRTB5MeCz","Time","The Dark Side of the Moon","Pink Floyd","1973-03-01",422853,78,FALSE,NA,1970-01-01,"progressive rock,psychedelic rock,classic rock,art rock,rock","Pink Floyd Records",0.359,0.48,9,-11.79,1,0.0841,0.521,0.0043,0.178,0.355,120.285,4,"Time"
"2025","spotify:track:74tLlkN3rgVzRqQJgPfink","Money Trees_2025","good kid, m.A.A.d city","Kendrick Lamar;Jay Rock","2012",386906,81,TRUE,NA,1970-01-01,"hip hop,west coast hip hop","Aftermath",0.716,0.531,7,-7.355,1,0.157,0.0709,0,0.22,0.335,71.972,4,"Money Trees_2025"
"2025","spotify:track:5ddFjrPG8NgQQ6xlOQIVd2","Tú Me Dejaste De Querer_2025","El Madrileño","C. Tangana;Niño de Elche;La Húngara","2021-02-26",198493,74,FALSE,NA,1970-01-01,"flamenco,flamenco pop,flamenco urbano","Sony Music Entertainment",0.823,0.723,4,-4.778,0,0.229,0.311,0.00315,0.0998,0.505,83.97,4,"Tú Me Dejaste De Querer_2025"
"2025","spotify:track:1FvDJ9KGxcqwv1utyPL3JZ","This Charming Man - 2011 Remaster","The Smiths","The Smiths","1984-02-20",162920,80,FALSE,NA,1970-01-01,"new wave,madchester,jangle pop","WM UK",0.611,0.846,11,-5.9,1,0.0436,0.00509,0,0.0784,0.751,103.912,4,"This Charming Man - 2011 Remaster"
"2025","spotify:track:6IZvVAP7VPPnsGX6bvgkqg","PRIDE.","DAMN.","Kendrick Lamar","2017-04-14",275253,82,TRUE,NA,1970-01-01,"hip hop,west coast hip hop","Aftermath",0.665,0.535,4,-7.056,0,0.0572,0.0786,1.68e-05,0.154,0.37,138.842,4,"PRIDE."
"2025","spotify:track:00TFDHSe7s8cWm5CzDY8UP","Extreme Ways","18","Moby","2002-05-13",237640,68,FALSE,NA,1970-01-01,"downtempo,trip hop","Mute, a BMG Company",0.504,0.777,9,-7.916,0,0.0583,0.00106,0.00109,0.12,0.549,100.006,4,"Extreme Ways"
"2025","spotify:track:6n4iuOHAOIu5LtbXBKrD0f","Take My Hand","Witchazel","Matt Berry","2011-03-07",190586,63,FALSE,NA,1970-01-01,"acid jazz","Acid Jazz UK",0.569,0.598,0,-6.352,1,0.0309,0.413,8.09e-05,0.129,0.315,120.088,4,"Take My Hand"
"2025","spotify:track:1f4NJhdLUzvAo13K7XTsh6","Indecisive - Is It A Crime","Indecisive (Is It A Crime)","Kidwild","2024-10-08",142968,62,TRUE,NA,1970-01-01,"uk drill","Kidwild",0.627,0.482,6,-10.728,0,0.539,0.205,1.41e-05,0.104,0.233,75.082,4,"Indecisive - Is It A Crime"
"2025","spotify:track:3HcIbVeDYLg8u2DiqM4zuT","Blikkendag","Blikkendag","Sven Versteeg;Likke Pêhp","2024-09-22",209090,22,FALSE,NA,1970-01-01,"hollands","Dino Music",0.712,0.936,10,-3.876,1,0.0301,0.00612,0,0.0663,0.814,132.058,4,"Blikkendag"
"2025","spotify:track:3ZaEs1O8BG581qYPHpQ8d6","I Smoked Away My Brain (I'm God x Demons Mashup) (feat. Imogen Heap & Clams Casino)","I Smoked Away My Brain (I'm God x Demons Mashup) (feat. Imogen Heap & Clams Casino)","A$AP Rocky;Imogen Heap;Clams Casino","2023-08-18",190285,82,TRUE,NA,1970-01-01,"rap,cloud rap","A$AP Worldwide/RCA Records",0.47,0.652,2,-9.629,1,0.0561,0.0831,4.08e-05,0.175,0.104,141.981,4,"I Smoked Away My Brain (I'm God x Demons Mashup) (feat. Imogen Heap & Clams Casino)"
"2025","spotify:track:62oaDoBveZxvZb94ziiMXi","Somebody That I Used to Know","Making Mirrors","Gotye;Kimbra","2011-08-19",245755,62,FALSE,NA,1970-01-01,NA,"Samples 'n' Seconds Records",0.865,0.511,0,-6.983,1,0.0362,0.544,9.38e-05,0.102,0.774,129.059,4,"Somebody That I Used to Know"
"2025","spotify:track:5M4yti0QxgqJieUYaEXcpw","Eventually_2025","Currents","Tame Impala","2015-07-17",318591,79,FALSE,NA,1970-01-01,"neo-psychedelic,indie","Universal Music Australia Pty. Ltd.",0.424,0.615,9,-6.217,0,0.0325,0.0158,0.000389,0.0844,0.155,77.935,4,"Eventually_2025"
"2025","spotify:track:0NMvLLGLKKJmSMqQSR38Sx","Kleine Jongen","Kleine Jongen","Andre Hazes","1990-01-01",223133,60,FALSE,NA,1970-01-01,"hollands,nederpop","Universal Music, a division of Universal International Music BV",0.56,0.741,9,-4.755,1,0.031,0.0244,0,0.111,0.503,91.202,4,"Kleine Jongen"
"2025","spotify:track:6PGoSes0D9eUDeeAafB2As","LOVE. FEAT. ZACARI.","DAMN.","Kendrick Lamar;Zacari","2017-04-14",213400,84,FALSE,NA,1970-01-01,"hip hop,west coast hip hop","Aftermath",0.8,0.585,10,-7.343,1,0.0924,0.264,0,0.153,0.779,126.058,4,"LOVE. FEAT. ZACARI."
"2025","spotify:track:3QFInJAm9eyaho5vBzxInN","family ties (with Kendrick Lamar)","The Melodic Blue","Baby Keem;Kendrick Lamar","2021-09-10",252262,81,TRUE,NA,1970-01-01,"hip hop,west coast hip hop","Columbia",0.711,0.611,1,-5.453,1,0.33,0.00588,0,0.23,0.144,134.093,4,"family ties (with Kendrick Lamar)"
"2025","spotify:track:2a1iMaoWQ5MnvLFBDv4qkf","High and Dry","The Bends","Radiohead","1995-03-13",257480,79,FALSE,NA,1970-01-01,"art rock,alternative rock","XL Recordings",0.419,0.383,4,-11.782,1,0.0256,0.0724,0.0176,0.0896,0.35,87.568,4,"High and Dry"
"2025","spotify:track:2tudvzsrR56uom6smgOcSf","Like That_2025","WE DON'T TRUST YOU","Future;Metro Boomin;Kendrick Lamar","2024-03-22",267706,84,TRUE,NA,1970-01-01,"rap,hip hop,west coast hip hop","Wilburn Holding Co./Boominati/Epic/Republic",0.814,0.676,11,-4.67,0,0.231,0.00709,1.28e-05,0.119,0.312,162.012,4,"Like That_2025"
"2025","spotify:track:0KZmI8YWSwWX5BsttVKR6l","Pressure FM (is your boss being a prick at work?)","hat-trick","JACK MARLOW;Phantom Records","2024-11-08",218359,56,FALSE,NA,1970-01-01,"rally house,house,uk garage","Phantom Records",0.839,0.77,1,-6.419,0,0.0415,0.0032,0.0784,0.298,0.961,133.006,4,"Pressure FM (is your boss being a prick at work?)"
"2025","spotify:track:70LcF31zb1H0PyJoS1Sx1r","Creep","Pablo Honey","Radiohead","1993-02-22",238640,92,TRUE,NA,1970-01-01,"art rock,alternative rock","XL Recordings",0.515,0.43,7,-9.935,1,0.0372,0.0097,0.000133,0.129,0.104,91.844,4,"Creep"
"2025","spotify:track:6ADGPL0l00u9jjljylhBem","Cancion Del Mariachi","Cancion Del Mariachi","Antonio Banderas","1994-06-14",127222,45,TRUE,NA,1970-01-01,"mariachi","Antonio Banderas",0.586,0.733,4,-7.18,0,0.107,0.526,0,0.188,0.759,62.499,4,"Cancion Del Mariachi"
"2025","spotify:track:1Z2FvDFZSDQ23s4BDqpWqZ","Sing About Me, I'm Dying Of Thirst","good kid, m.A.A.d city (Deluxe)","Kendrick Lamar","2012-10-22",723573,60,TRUE,NA,1970-01-01,"hip hop,west coast hip hop","Aftermath",0.654,0.753,8,-7.556,0,0.398,0.303,8.25e-05,0.13,0.371,110.699,5,"Sing About Me, I'm Dying Of Thirst"
"2025","spotify:track:3MFa9idQuY4iJLWsZl3tIQ","Young Hearts Run Free","Young Hearts Run Free (US Internet Release)","Candi Staton","1976",248360,75,FALSE,NA,1970-01-01,NA,"Rhino/Warner Records",0.654,0.652,7,-9.304,0,0.0426,0.13,1.49e-05,0.202,0.846,115.389,4,"Young Hearts Run Free"
"2025","spotify:track:7EQvdUJqZ2i7SWvSB2VqGA","Doomsday","Operation: Doomsday (Complete)","MF DOOM;Pebbles The Invisible Girl","1999-10-19",298053,74,TRUE,NA,1970-01-01,"experimental hip hop,east coast hip hop,jazz rap,alternative hip hop","Metalface Records",0.856,0.84,6,-7.736,0,0.334,0.0973,0,0.0773,0.792,95.416,4,"Doomsday"
"2025","spotify:track:52ojopYMUzeNcudsoz7O9D","New Person, Same Old Mistakes","Currents","Tame Impala","2015-07-17",363240,83,FALSE,NA,1970-01-01,"neo-psychedelic,indie","Universal Music Australia Pty. Ltd.",0.47,0.809,8,-6.74,1,0.0495,0.272,0.00671,0.0491,0.49,151.836,4,"New Person, Same Old Mistakes"
"2025","spotify:track:1UYj8qTWjneZJDVjUMwMub","The Moment","Currents","Tame Impala","2015-07-17",255413,72,FALSE,NA,1970-01-01,"neo-psychedelic,indie","Universal Music Australia Pty. Ltd.",0.547,0.827,7,-6.036,1,0.0468,0.000296,0.101,0.0858,0.451,119.089,4,"The Moment"
"2025","spotify:track:0aJrYfARfCKzv6gXjhs4SZ","Upside Down_2025","Upside Down","Jack Johnson","2006-02-24",209546,77,FALSE,NA,1970-01-01,"surf rock","Brushfire Records/Universal",0.792,0.647,4,-8.314,1,0.045,0.255,0.000223,0.132,0.694,102.477,4,"Upside Down_2025"
"2025","spotify:track:57508shL0obX0KUOUL8CJk","Make Me - Franky Rizardo Remix","Make Me (Franky Rizardo Remix)","Borai & Denham Audio;Franky Rizardo","2023-12-15",195692,66,FALSE,NA,1970-01-01,"house,tech house","Room Two Recordings",0.686,0.727,6,-8.071,1,0.0417,0.00026,0.00659,0.0622,0.606,129.973,4,"Make Me - Franky Rizardo Remix"
"2025","spotify:track:6AI3ezQ4o3HUoP6Dhudph3","Not Like Us_2025","Not Like Us","Kendrick Lamar","2024-05-04",274192,88,TRUE,NA,1970-01-01,"hip hop,west coast hip hop","Kendrick Lamar, under exclusive license to Interscope Records",0.898,0.472,1,-7.001,1,0.0776,0.0107,0,0.141,0.214,101.061,4,"Not Like Us_2025"
"2025","spotify:track:4rrrn8OLrttq7r9RgNXalU","Piano Concerto No. 2 in C Minor, Op. 18: 2. Adagio sostenuto","Rachmaninov: Piano Concerto No.2","Sergei Rachmaninoff;Valentina Lisitsa;London Symphony Orchestra;Michael Francis","2012-01-01",644272,63,FALSE,NA,1970-01-01,"classical,classical piano,concerto,minimalism,orchestral,ballet,opera","Decca Music Group Ltd.",0.194,0.0545,4,-24.877,1,0.0366,0.983,0.945,0.0551,0.0385,140.966,4,"Piano Concerto No. 2 in C Minor, Op. 18: 2. Adagio sostenuto"
"2025","spotify:track:3JfkNCiXjHEVkbFfCQ417E","Erase / Rewind","Gran Turismo (Remastered)","The Cardigans","1998-01-01",218504,69,FALSE,NA,1970-01-01,"swedish pop","Universal Music AB",0.743,0.697,11,-6.079,0,0.0276,0.000504,0.0127,0.106,0.585,103.64,4,"Erase / Rewind"
"2025","spotify:track:3uzW4N02hsgU24FIn3u5Zh","Litoral","Outro Lugar","Toco","2007-06-19",230814,51,FALSE,NA,1970-01-01,"bossa nova,brazilian jazz","Schema Records",0.66,0.721,11,-9.239,0,0.034,0.333,0.546,0.0788,0.809,168.023,4,"Litoral"
"2025","spotify:track:7tCuCjhxzjX2XCz4JiiAsp","TURiSTA","DeBÍ TiRAR MáS FOToS","Bad Bunny","2025-01-05",190028,85,FALSE,NA,1970-01-01,"reggaeton,trap latino,latin,urbano latino","Rimas Entertainment LLC.",0.358,0.12,8,-30.487,1,0.523,0.456,0.0653,0.146,0.318,90.929,3,"TURiSTA"
"2025","spotify:track:6HZILIRieu8S0iqY8kIKhj","DNA._2025","DAMN.","Kendrick Lamar","2017-04-14",185946,80,TRUE,NA,1970-01-01,"hip hop,west coast hip hop","Aftermath",0.638,0.523,1,-6.664,1,0.357,0.00454,0,0.0842,0.422,139.913,4,"DNA._2025"
"2025","spotify:track:7KXjTSCq5nL1LoYtL7XAwS","HUMBLE._2025","DAMN.","Kendrick Lamar","2017-04-14",177000,85,TRUE,NA,1970-01-01,"hip hop,west coast hip hop","Aftermath",0.908,0.621,1,-6.638,0,0.102,0.000282,5.39e-05,0.0958,0.421,150.011,4,"HUMBLE._2025"
"2025","spotify:track:79x7xtoCLpf6l32Zz6mWo4","BOKeTE","DeBÍ TiRAR MáS FOToS","Bad Bunny","2025-01-05",215983,84,TRUE,NA,1970-01-01,"reggaeton,trap latino,latin,urbano latino","Rimas Entertainment LLC.",0.4,0.07,1,-32.756,1,0.0456,0.194,0.956,0.116,0.0344,124.927,4,"BOKeTE"
"2025","spotify:track:63Pi2NAx5yCgeLhCTOrEou","Headlock","Speak for Yourself (Deluxe Version)","Imogen Heap","2005",215338,84,FALSE,NA,1970-01-01,NA,"Megaphonic",0.808,0.372,7,-10.759,0,0.0364,0.792,0,0.119,0.787,119.982,4,"Headlock"
"2025","spotify:track:5CaUUACiQFEf4zR5WoeIrp","If U Need It","If U Need It","Sammy Virji","2023-11-03",179999,72,FALSE,NA,1970-01-01,"uk garage,bassline,bass house,house","Capitol Records UK",0.842,0.705,10,-5.713,0,0.26,0.113,0.000324,0.0891,0.233,132.155,4,"If U Need It"
"2025","spotify:track:4uytiW8D73yWQHkg1PzYlB","The Winner Takes It All - From ""Mamma Mia!""","Mamma Mia! The Movie Soundtrack","Meryl Streep","2008-01-01",297933,71,FALSE,NA,1970-01-01,"musicals","Polydor Records",0.427,0.377,5,-8.136,1,0.0334,0.682,0,0.105,0.245,125.081,4,"The Winner Takes It All - From ""Mamma Mia!"""
"2025","spotify:track:6bUNEbXT7HovLW6BgPCBsb","Roses","Speakerboxxx/The Love Below","Outkast","2003",369573,74,TRUE,NA,1970-01-01,"southern hip hop,hip hop","Arista",0.751,0.708,0,-5.653,1,0.0545,0.0482,1.85e-05,0.107,0.509,108.97,4,"Roses"
"2025","spotify:track:6dBUzqjtbnIa1TwYbyw5CM","Lovers Rock_2025","French Exit","TV Girl","2014-06-05",213920,88,FALSE,NA,1970-01-01,NA,"TV Girl",0.559,0.871,5,-5.338,0,0.0397,7.53e-06,0.00545,0.096,0.572,104.97,4,"Lovers Rock_2025"
"2025","spotify:track:08wnOyN1wyMaNrup3m353f","My Tears Are Becoming a Sea","Hurry up, We're Dreaming","M83","2011-10-17",151826,68,FALSE,NA,1970-01-01,NA,"M83 Recording Inc",0.162,0.353,8,-11.286,0,0.0509,0.0993,0.274,0.575,0.0551,110.76,1,"My Tears Are Becoming a Sea"
"2025","spotify:track:1aDLUzCyYpRXgrjwUWzV2X","Lazy Eye","Carnavas","Silversun Pickups","2006-07-25",354360,48,FALSE,NA,1970-01-01,NA,"Dangerbird Records",0.633,0.831,4,-5.053,1,0.0461,0.0401,0.693,0.117,0.243,127.397,4,"Lazy Eye"
"2025","spotify:track:1GVkrFVc94CTjm9bdSmGjp","Feet Don't Fail Me Now","Feet Don't Fail Me Now","Joy Crookes","2021-06-16",198800,71,FALSE,NA,1970-01-01,"alternative r&b","Speakerbox Recordings",0.662,0.84,6,-3.112,1,0.0509,0.17,0.000226,0.155,0.568,112.914,4,"Feet Don't Fail Me Now"
"2025","spotify:track:1KOqY0QTSadQFRgbNw1sLh","Never Catch Me","You're Dead!","Flying Lotus;Kendrick Lamar","2014-10-06",234486,61,FALSE,NA,1970-01-01,"idm,experimental hip hop,nu jazz,glitch,hip hop,west coast hip hop","Warp Records",0.526,0.936,8,-4.576,1,0.262,0.316,0.000417,0.261,0.283,81.305,4,"Never Catch Me"
"2025","spotify:track:70VTTe96UJ9QUyFYbsnW5V","No One's Watching Me (feat. Olivia Dean)","Dance, No One's Watching","Ezra Collective;Olivia Dean","2024-09-27",262306,76,FALSE,NA,1970-01-01,"jazz rap,indie soul,nu jazz,pop soul","Partisan Records",0.811,0.536,8,-9.408,1,0.22,0.0582,0.874,0.102,0.248,103.14,4,"No One's Watching Me (feat. Olivia Dean)"
"2025","spotify:track:5cZqsjVs6MevCnAkasbEOX","Break Stuff","Significant Other","Limp Bizkit","1999",166706,86,TRUE,NA,1970-01-01,"nu metal,rap metal,alternative metal,rap rock","Interscope",0.432,0.884,8,-6.657,1,0.128,0.0128,0.000457,0.166,0.619,108.835,4,"Break Stuff"
