TIME,A,Bb,B,C,C#,D,Eb,E,F,F#,G,Ab
0.000000000,0,0,0,0,0,0,0,0,0,0,0,0
0.046439909,0,0,0,0,0,0,0,0,0,0,0,0
0.092879819,0,0,0,0,0,0,0,0,0,0,0,0
0.139319728,0.324271,1.72287,1.11908,0.600452,0.200189,0.164122,1.13793,0.639804,0,0.475977,1.27452,0.0328985
0.185759637,0.12658,1.61511,1.02403,0.197837,0.775334,0.228609,0.965995,0.217902,0.599481,0.457242,0.884157,0.254009
0.232199546,0.15328,1.4918,1.11397,0.297428,0.773562,0.538482,0.580332,0.0868049,0.916165,0.202625,0.887628,0.526865
0.278639456,0.422844,1.35087,0.984639,0.390316,0.441966,0.671329,0.206208,0.0358633,1.02057,0.483409,0.872473,0.906564
0.325079365,0.618976,1.24176,0.567707,0.719684,0.404438,1.04053,0.0180685,0.0816246,0.99049,1.25571,0.944057,0.821914
0.371519274,0.796424,0.926022,0.262809,0.888701,0.468513,1.416,0.0128919,0.428041,1.01715,1.72717,0.723767,0.672424
0.417959184,0.81029,0.816413,0.347952,0.996684,0.378852,1.51974,0.106056,0.675663,0.979774,1.65657,0.544713,0.558002
0.464399093,1.10354,0.643864,0.818695,0.670633,0.545397,1.2115,0.220681,0.813139,0.639904,1.19376,0.578966,0.623184
0.510839002,1.00301,0.431495,0.748438,0.507358,0.764212,0.682927,0.459407,1.17938,0.172265,1.13408,0.346693,1.03228
0.557278912,0.456693,0.699152,0.858201,0.332,1.18812,0.444332,0.622669,1.25193,0.0127708,1.08875,0.538455,1.22994
0.603718821,0.69088,0.582733,0.877437,0.591204,0.944909,0.0942092,1.21216,0.933025,0.246082,0.544095,0.768528,0.982515
0.650158730,0.749048,0.215974,0.912083,0.648951,0.505858,0.131722,1.50285,0.645599,0.797168,0,0.672363,0.759892
0.696598639,0.825684,0.436055,0.603724,0.595103,0.451349,0.329169,1.40757,0.386646,1.13278,0.0015671,0.166015,0.618912
0.743038549,0.699926,0.939212,0.334178,0.45517,0.553778,0.97951,1.08724,0.615629,1.02392,0.0755121,0.0852057,0.566386
0.789478458,0.620291,0.991441,0.334445,0.824799,0.254864,1.41452,0.596785,0.75678,0.894565,0.099332,0.119204,0.635496
0.835918367,0.464323,0.478055,0.333155,1.23729,0.0333919,1.68943,0.378928,0.642136,1.19074,0.0702676,0.004538,0.483419
0.882358277,0.585969,0.457353,0.558116,1.14617,0.0328518,1.3656,0.390888,0.448511,1.70281,0.0687805,0.366032,0.494964
0.928798186,0.640925,0.392249,0.5611,1.02123,0.028008,0.8535,0.603134,0.201462,1.81982,0.0477926,0.794121,0.518167
0.975238095,0.432443,0.427273,0.667609,0.88792,0.134184,0.995183,0.694612,0.221561,1.4578,0.00347198,1.12203,0.571295
1.021678005,0.516903,0.48488,0.705711,0.71871,0.297887,1.30569,0.871331,0.249905,0.928481,0.17452,1.00213,0.576878
1.068117914,0.575023,0.530653,0.384806,0.41983,0.504197,1.69101,0.456964,0.454335,0.908814,0.166258,0.139577,0.940236
1.114557823,0.646447,0.717346,0.361015,0.317055,0.368081,1.53228,0.376423,0.67483,1.15094,0.348916,0.172618,0.675154
1.160997732,0.743374,0.716688,0.344014,0.321555,0.0228516,1.18478,0.665358,0.695777,1.14195,0.575802,0.159137,0.636234
1.207437642,0.79094,0.39772,0.818263,0.202585,0.109703,1.33372,0.737797,0.581455,1.01569,0.753793,0.119642,0.758601
1.253877551,0.811897,0.25479,1.08718,0.234588,0.187615,1.33504,0.455288,0.523522,0.625086,1.23244,0.0774475,0.803228
1.300317460,0.751939,0.639935,1.18424,0.5407,0.333958,0.959749,0.313424,0.369735,0.327467,1.19987,0.0152855,0.789386
1.346757370,0.572363,0.766913,0.528503,1.03597,0.251956,0.772946,0.556919,0.507876,0.501561,1.40073,0.0398651,0.625977
1.393197279,0.601909,0.524443,0.330083,1.36381,0.560592,0.463062,0.623277,0.391306,0.658097,1.2982,0.00092926,0.731056
1.439637188,0.391555,0.326913,0.978746,0.77329,1.20208,0.570269,0.573228,0.37925,0.830992,1.08047,0.10639,0.750171
1.486077098,0.228895,0.592095,0.948173,0.627935,1.12652,0.6895,0.313653,0.570117,0.736983,0.580817,0.49441,0.609371
1.532517007,0.175586,1.16831,0.753652,0.332309,0.68572,0.84295,0.405854,0.798256,0.895857,0,1.14708,0.61566
1.578956916,0.342068,1.45398,0.554257,0.475919,0.248175,0.580779,0.671519,0.69054,0.679205,0.0491048,1.45988,0.607929
1.625396825,0.40774,1.35355,0.549866,0.797234,0.0286184,0.620109,0.750045,0.161953,0.633624,0.627251,0.87432,0.563991
1.671836735,0.458694,1.17816,0.359269,1.17715,0.354476,0.535943,0.860011,0.174848,0.85288,0.499561,0.776221,0.51932
1.718276644,0.496695,0.535353,0,1.18866,0.522355,1.05454,0.597827,0.603271,0.515957,0.218998,0.37531,0.692699
1.764716553,0.609722,1.03181,0,0.649449,1.80204,0.719087,0.922165,0.0538264,0.215522,0.290287,0.286214,0.66117
1.811156463,0.259987,0.946394,0.0455575,0.919617,2.28975,0.179981,1.26467,0.125785,0.0939187,0.567567,0.401162,0.818975
1.857596372,0.269974,0.801921,0.000200345,1.17299,2.01645,0.300131,1.20113,0.0383726,0.603082,0.698219,0.314888,0.715905
1.904036281,0.195953,0.732258,0.0707758,0.661687,1.80809,0.79988,0.846531,0.0515773,0.735758,0.803421,0.447299,0.433657
1.950476190,0.299266,0.41398,0.000952082,0.619372,1.1725,0.944738,0.751658,0.244923,0.743299,0.914034,0.368843,0.676956
1.996916100,2.67741,0.195553,0.00586531,0.00720239,0.604184,1.29971,0.991876,0.424093,0.901118,0.55048,0.131845,0.246784
2.043356009,3.06041,0.2039,0.0542254,0.877795,0.25069,0.598305,0.857952,0.374402,1.8227,0,0.0887251,0.158976
2.089795918,3.32507,0.205152,0.094529,1.11471,0.127598,0.0457241,0.854075,0.219376,2.21699,0.0145455,0.286494,0.111619
2.136235828,3.25143,0.251466,0.0948356,1.10812,0.142337,0.0647661,0.817172,0.116966,2.3471,0.0446443,0.451784,0
2.182675737,3.2678,0.172209,0.0783331,1.1002,0.116063,0.123201,0.629755,0.0651274,2.53568,0.0190285,0.541051,0.0514759
2.229115646,3.24677,0.135902,0.0620275,1.16068,0.0978936,0.135174,0.586551,0,2.69738,0.000473982,0.654058,0.0651434
2.275555556,3.19641,0.23814,0,1.05995,0.0346455,0.133503,0.580712,0.0490962,2.72394,0.000782626,0.741251,0.0762511
2.321995465,3.21738,0.0942603,0,1.14096,0,0.127487,0.616866,0.0548299,2.86642,1.83602e-05,0.824104,0.0646456
2.368435374,3.06857,0.0608591,0,1.4655,0,0.120371,0.641616,0.155867,2.75791,0.00010378,0.926167,0.127004
2.414875283,3.0889,0.0847166,0.00562705,1.61094,0.00626162,0.113358,0.558337,0.397818,2.45021,0.0635086,0.980225,0.175285
2.461315193,3.25014,0.0794576,0.00211023,1.5592,0.06607,0.103619,0.456077,0.501295,2.29474,0.0486584,0.977754,0.182084
2.507755102,3.39601,0.133202,0.00137389,1.45668,0.123999,0.109186,0.438362,0.519624,2.25415,0.050362,0.884819,0.190239
2.554195011,3.39365,0.0576372,0.000717547,1.45236,0.160911,0.109094,0.464531,0.46273,2.42356,0.0563043,0.832642,0.20761
2.600634921,3.27265,0,0,1.42019,0.190996,0.106694,0.493973,0.342621,2.76039,0.0353717,0.824112,0.233476
2.647074830,3.18138,2.75221e-05,0,1.35366,0.22702,0.10711,0.499933,0.268686,2.86726,0.00551291,0.734016,0.25201
2.693514739,3.2371,0.000751949,0.0529594,1.2306,0.257004,0.100496,0.56015,0.122283,2.92425,0.00230629,0.616951,0.262738
2.739954649,3.26718,0.00011816,0.00879609,1.26186,0.283385,0.105846,0.596856,0.0793485,3.04377,0.0151322,0.37928,0.206402
2.786394558,3.22265,0.00402436,0.0399683,1.4045,0.281789,0.106401,0.630258,0.0483368,3.11066,0.000249524,0.343232,0.202117
2.832834467,3.24563,0.189489,0,1.58329,0.300493,0.087496,0.546065,0.120979,3.03118,0.000335695,0.333243,0.277021
2.879274376,3.33362,0.189029,0,1.71166,0.265652,0.0746386,0.53542,0.0892462,3.05892,0.0458169,0.28937,0.33784
2.925714286,3.4345,0.0758332,0,1.71761,0.251212,0.0711663,0.591922,0.0247088,3.15027,0.0690184,0.282813,0.292633
2.972154195,3.48142,0.00294661,0,1.72763,0.25506,0.0845321,0.613154,0.0025506,3.26355,0.000425398,0.28125,0.203835
3.018594104,3.43144,0.0800204,0,1.67072,0.298223,0.125371,0.527916,0.0479656,3.2762,0,0.226269,0.0975097
3.065034014,3.30182,0.191885,0.104067,1.59248,0.322331,0.122213,0.386003,0.197383,3.10586,0,0.292643,0
3.111473923,3.17495,0.226553,0.0126775,1.77744,0.314304,0.0987428,0.342822,0.231089,2.9054,0.000349704,0.436555,0
3.157913832,3.11566,0.208653,0.00382094,1.85161,0.274625,0.0763834,0.388072,0.156521,2.79078,0.000834747,0.514174,0.122386
3.204353741,2.89646,0.210213,0.00173459,2.08602,0.253288,0.0591629,0.460225,0.115198,2.66148,0.000788952,0.569493,0.102518
3.250793651,2.85219,0.203564,0,2.28622,0.238283,0.0478309,0.498618,0.0756621,2.5115,0.000329354,0.608709,0.0397096
3.297233560,2.90872,0.200773,0.000592826,2.36562,0.213692,0.0414942,0.501063,0.077436,2.35134,0.000663923,0.71019,0.0184436
3.343673469,2.98762,0.204783,0,2.35805,0.21555,0.0420708,0.506636,0.0464542,2.22641,0.000661153,0.777804,0.00687639
3.390113379,3.02571,0.246713,0,2.26226,0.183182,0.051448,0.524476,0.069537,2.21442,0.000987351,0.755561,0.000107102
3.436553288,3.1428,0.284888,0.00209992,2.10304,0.176688,0.0646684,0.560742,0.143394,2.25028,0.00120782,0.672372,3.13661e-05
3.482993197,3.2833,0.232008,0.000394137,1.93272,0.150322,0.0788625,0.555434,0.186546,2.39243,0.0278286,0.55346,0
3.529433107,3.28465,0.0831885,0,1.80449,0.156912,0.0827843,0.609235,0.218777,2.55103,0.00568271,0.539702,0
3.575873016,3.21301,0.0124684,0.0561828,1.73062,0.152934,0.0807031,0.599994,0.225177,2.56953,0.00510083,0.560324,0
3.622312925,3.17587,0.0556816,0.114983,1.71295,0.142453,0.0774991,0.551915,0.277045,2.41443,0.00176318,0.511633,0.0402163
3.668752834,3.08129,0.151941,0.0784258,1.72452,0.136984,0.0748694,0.516118,0.485983,2.29021,0.00141907,0.416392,0.0745804
3.715192744,2.93645,0.256685,0.0392795,1.74602,0.15263,0.0704321,0.576019,0.5227,2.21919,0.00144136,0.295194,0.131655
3.761632653,3.03803,0.224903,0,1.74622,0.189967,0.021978,0.643301,0.245564,2.35439,0.00414138,0.336546,0.141458
3.808072562,3.13568,0.0478094,0,1.69873,0.253134,0,0.720134,0.249561,2.4296,0.0281938,0.436195,0.0682758
3.854512472,2.59896,0.00233947,0.0867425,1.47067,0.420698,0.023959,0.547065,0.713663,2.30314,0.0369082,0.817671,0.110217
3.900952381,2.55469,0.00925606,0.0336845,1.06656,0.376677,0.157741,0.39198,1.3182,2.14115,0.0843527,0.513413,0.176937
3.947392290,3.07042,0,0.0439813,0.791329,0.285699,0.466762,0.351853,1.2747,1.99306,0.0489077,0.483707,0.308116
3.993832200,2.91929,0,0.0349658,0.6073,0.199252,1.31795,0.345161,1.12258,1.92225,0.06015,0.419061,0.273436
4.040272109,2.93508,0,0.039177,0.839427,0.118207,1.74331,0.430444,0.916007,1.87359,0.110773,0.418703,0.2197
4.086712018,2.90309,0,0.0706959,0.933573,0.0101573,1.93944,0.531044,0.815744,1.84764,0.323273,0.440581,0.307701
4.133151927,2.81261,0.00191091,0.117254,0.84162,0.00703114,2.08042,0.646075,0.642207,1.95963,0.47118,0.300971,0.479216
4.179591837,2.88197,0.00311303,0.0843905,0.713839,0,2.07798,0.639694,0.479253,1.96153,0.638299,0.265191,0.655568
4.226031746,2.85869,0.00343795,0.0156945,0.585531,0.0356654,2.1045,0.462197,0.678764,1.6429,0.834409,0.309491,0.596622
4.272471655,2.88061,0.00344117,0.000238136,0.544188,0.1121,1.89768,0.233505,0.649806,1.4339,0.913779,0.464802,0.447421
4.318911565,2.96252,0.00403319,0.0012212,0.605732,0.0416461,1.79971,0.246213,0.591397,1.48717,0.958433,0.508548,0.204783
4.365351474,2.96467,0.00462255,0.0017768,0.614415,0.0427659,1.81922,0.24501,0.619974,1.56802,0.885574,0.470825,0.230382
4.411791383,2.94391,0.0158403,0.000276159,0.591003,0.23474,1.79471,0.233648,0.670039,1.58679,0.749487,0.399569,0.395543
4.458231293,2.89176,0.0313637,0,0.505984,0.0231905,1.78863,0.215702,0.703285,1.80461,0.689268,0.355139,0.379104
4.504671202,2.79787,0.0381596,0.00766181,0.436821,0.00279847,1.81067,0.216588,0.651714,2.05323,0.6846,0.318028,0.482719
4.551111111,2.7651,0.0856881,0.0025311,0.569954,0,1.84463,0.278627,0.689442,2.04679,0.640149,0.229402,0.578156
4.597551020,2.5908,0.0251527,0.00415728,0.707385,0,2.01292,0.35876,0.799166,2.03828,0.669459,0.155371,0.620038
4.643990930,2.53532,0.000177546,0.00395718,0.821196,0,1.95783,0.383172,0.736173,2.00326,0.777245,0.259127,0.394537
4.690430839,2.61509,0,0.00363712,0.841501,0.0365108,1.83643,0.381148,0.56224,1.94404,0.953961,0.261161,0.29892
4.736870748,2.81991,0,0.00320696,0.73875,0.0903257,1.71675,0.39109,0.354419,2.08903,1.03252,0.368746,0.215918
4.783310658,2.88248,0,0.0444569,0.621562,0.223202,1.6305,0.371457,0.367045,2.27513,0.894798,0.465753,0.221274
4.829750567,2.85595,0.00113784,0.128772,0.563616,0.389137,1.72812,0.392529,0.464731,2.33837,0.646281,0.369019,0.399976
4.876190476,2.83063,0.0413545,0.190868,0.529596,0.465425,1.89877,0.400863,0.482185,2.31093,0.525976,0.199387,0.575694
4.922630385,2.80135,0.0979118,0.16923,0.58296,0.392803,1.81897,0.452977,0.373229,2.22231,0.570608,0.230175,0.439943
4.969070295,2.72452,0.115234,0.080051,0.839122,0.285507,1.62801,0.502732,0.299516,2.16365,0.670843,0.667065,0
5.015510204,2.80387,0.0906982,0.0236675,1.04416,0.166295,1.55216,0.543793,0.222327,2.18195,0.688428,0.719453,0
5.061950113,2.99465,0.0951451,0,1.06101,0.0630407,1.20977,0.469366,0.130796,2.31432,0.577154,0.572905,0.0428084
5.108390023,3.01459,0.104342,0.00145012,0.930018,0.0202724,1.1362,0.406551,0.0696355,2.49208,0.435837,0.652505,0.128576
5.154829932,2.96228,0.00067741,0.00128703,0.886809,0,1.2625,0.428491,0.0685855,2.64265,0.369338,0.758605,0.16828
5.201269841,2.95731,0.000597846,0,0.98678,0.00151885,1.35831,0.432329,0.0677481,2.64076,0.345764,0.71759,0.207248
5.247709751,3.0024,0,0,1.03589,0.00512299,1.36221,0.421337,0.0672103,2.6018,0.373831,0.437032,0.337632
5.294149660,3.1828,0.197173,0,1.19449,0.0252566,0.997342,0.342437,0.12538,2.20477,0.564725,0.375439,0.213727
5.340589569,3.12055,0.23169,0.00259742,1.18765,0.059237,0.935663,0.172267,0.288831,2.06599,0.720545,0.429963,0.122042
5.387029478,2.87088,0.209023,0.00539515,1.12044,0.0893704,1.21101,0.0331485,0.616723,1.94469,0.66337,0.64179,0.134476
5.433469388,2.67573,0.142089,0.00627136,1.12588,0.000184098,1.29502,0.0317015,0.845117,1.91253,0.519144,0.617957,0
5.479909297,2.52022,0.0946357,0.00349648,1.13766,0.000705532,1.39577,0.0306198,0.892097,2.01654,0.490757,0.538725,0.0415049
5.526349206,2.41356,0.0908273,5.09201e-05,1.05602,0.00458265,1.47245,0.0123064,0.75114,2.14677,0.574093,0.554185,0.128012
5.572789116,2.37883,0.157429,0,1.02518,0.07394,1.43555,0,0.471673,2.11908,0.613346,0.7295,0.171447
5.619229025,2.28601,0.117094,0.00126099,0.966454,0.0662103,1.32245,0.00374301,0.421594,2.16975,0.590207,0.750411,0.0966786
5.665668934,2.3259,0.119607,0.0032162,1.04997,0.0669872,1.20832,0.0338539,0.40193,1.78416,0.76656,0.488405,0.245296
5.712108844,2.15887,0.349124,0.413093,0.632687,0.13663,1.19691,0.027472,1.26965,1.75118,0.745753,0.259605,0.668015
5.758548753,1.70264,0.257249,1.05585,0.163108,0.679473,1.3869,0.0252821,2.04789,0.746366,0.592995,0.645571,0.695858
5.804988662,1.43708,0.205035,1.38304,0.507747,0.800643,0.97902,0.0184705,2.08563,0.289407,0.543725,0.570733,0.51188
5.851428571,1.54347,0.105916,1.5203,0.69008,0.759387,0.698446,0.0520002,2.09613,0.0846483,0.481292,0.54635,0.384835
5.897868481,1.68998,0.0134513,1.51241,0.90469,0.656866,0.566486,0.0539019,2.12068,0.0709927,0.490067,0.491529,0.397339
5.944308390,1.93444,0.025095,1.39435,1.22888,0.581958,0.528936,0.0502116,2.33122,0.015554,0.250005,0.376842,0.434107
5.990748299,2.05138,0.0238254,1.29745,1.38908,0.349048,0.516721,0.0520832,2.49102,0,0,0.314713,0.504723
6.037188209,2.09105,0.0279877,1.23536,1.39464,0.402922,0.464981,0.0205498,2.58714,0,0,0.326243,0.551009
6.083628118,2.20231,0.0550547,1.25108,1.33713,0.520575,0.441257,0,2.61607,0,0,0.385195,0.521191
6.130068027,2.31789,0.0462144,1.16378,1.24637,0.621097,0.431888,0,2.68074,0,0,0.59801,0.438251
6.176507937,2.34161,0.0430724,1.02379,1.25594,0.661399,0.40416,0.0406903,2.70573,0,0,0.717656,0.375069
6.222947846,2.32017,0.00958642,0.982696,1.3613,0.51942,0.361634,0.298264,2.57511,0,0.0671879,0.591437,0.321494
6.269387755,2.33027,0.000150668,0.876301,1.46973,0.604005,0.294605,0.40271,2.51907,0.00838986,0.059476,0.608222,0.259428
6.315827664,2.19707,0.000602577,0.684928,1.57422,0.718903,0.458496,0.272865,2.55294,0.00161083,0,0.809204,0.254086
6.362267574,2.24755,0.0666425,0.484265,1.60714,0.829179,0.47954,0.0322384,2.61864,0,0,0.942839,0.256462
6.408707483,2.47537,0.189029,0.421665,1.60755,0.824143,0.350088,0.0156292,2.52026,0,0,0.917309,0.203345
6.455147392,2.39362,0.223407,0.345516,1.51677,0.81752,0.470827,0,2.5178,0,0,0.867226,0.15633
6.501587302,2.3745,0.0147553,0.191911,1.46713,0.902909,0.517228,0.0709226,2.4376,0,0,0.715663,0.055358
6.548027211,2.40832,0.114781,0.0662255,1.34472,1.01049,0.526105,0,2.38232,0,0,0.722297,0.169744
6.594467120,2.47891,0.231891,0.00113079,1.28142,1.03522,0.577982,0,2.25382,0,0.0188102,0.728633,0.250938
6.640907029,2.50467,0.207617,0.00278135,1.29714,1.04339,0.598781,0,2.2571,0,0.0350471,0.723348,0.271609
6.687346939,2.50963,0.117506,0.111566,1.25438,1.04373,0.511516,0.0117169,2.33323,0,0.0474327,0.722593,0.211813
6.733786848,2.48372,0.0689503,0.223646,1.15931,1.02677,0.507851,0.0100132,2.3572,0,0.0627515,0.724032,0.156495
6.780226757,2.45844,0.0535363,0.315731,1.2654,1.05084,0.539401,0,2.3394,0,0.0837357,0.609851,0.12019
6.826666667,2.40566,0.0390558,0.415081,1.34929,0.940695,0.543374,0.000925289,2.31408,0,0.07037,0.506787,0.112162
6.873106576,2.48077,0.185001,0.607907,1.48113,0.885371,0.53081,0.00204152,2.22975,0,0.0336696,0.510027,7.42051e-05
6.919546485,2.57505,0.252624,0.630786,1.45129,0.908512,0.510917,0.00749743,2.3242,0,0.068142,0.50867,0.000194872
6.965986395,2.62143,0.26371,0.62359,1.33748,0.884075,0.479514,0.036669,2.36438,0,0.0722941,0.530453,0.000217844
7.012426304,2.55849,0.20199,0.655021,1.12313,0.903884,0.45447,0.088187,2.27698,0,0.033712,0.534407,0.000176637
7.058866213,2.51744,0.138065,0.660133,1.08444,0.992473,0.409436,0.105004,2.20136,0,0.0422124,0.527386,0.0699478
7.105306122,2.4381,0.147385,0.634663,1.11325,1.02252,0.456735,0.0969447,2.12773,0,0.0819714,0.482687,0.105075
7.151746032,2.36364,0.100813,0.54112,1.12626,0.95039,0.560702,0.081152,2.1794,0,0.104038,0.393272,0.133327
7.198185941,2.27854,0.135248,0.433402,1.1599,0.988484,0.732143,0.056319,2.2901,0,0.0726033,0.357201,0.145067
7.244625850,2.40599,0.234955,0.415634,1.17018,0.980772,0.723739,0.0511671,2.19961,0,0.0178708,0.334171,0.12516
7.291065760,2.41642,0.238319,0.383472,1.09446,0.930296,0.681521,0.0808568,2.14966,0.00990291,0,0.407495,0.0979755
7.337505669,2.46254,0.13998,0.376311,1.08684,0.865654,0.626541,0.0560945,2.14723,0,0,0.484572,0.0942231
7.383945578,2.45727,0.0464541,0.352463,1.06847,0.892271,0.644746,0.0175143,2.19916,0.0171316,0,0.527862,0.102343
7.430385488,2.46012,0.116973,0.3729,1.20732,0.935983,0.669135,0.0216426,2.24111,0.0120396,0,0.43372,0.135204
7.476825397,2.45132,0.262512,0.426446,1.36427,0.937687,0.721054,0.0343809,2.28978,0,0,0.33544,0.161575
7.523265306,2.30826,0.282078,0.453716,1.40568,0.926173,0.776702,0.0141876,2.33917,0,0,0.302998,0.15386
7.569705215,2.11712,0.150726,0.478131,1.39757,0.944291,0.933532,0.0134446,2.29695,0,0,0.266918,0.0157981
7.616145125,2.06214,0.0875652,0.519065,1.29991,0.935552,0.978156,0.0251297,2.26052,0,0,0.280518,0.0260227
7.662585034,2.02097,0.0485948,0.552757,1.20535,0.926218,0.927856,0.0141496,2.36377,0.0271084,0.0093086,0.201143,0.0989665
7.709024943,2.13905,0.0111742,0.612754,1.25208,0.912567,0.871478,0.027133,2.44736,0,0,0.0657654,0.197072
7.755464853,2.24862,0,0.606911,1.32412,1.12122,0.749719,0.0270618,2.4907,0,0,0.00107185,0.249417
7.801904762,2.31052,0,0.606542,1.44856,0.940255,0.559931,0.0200974,2.49237,0.0306888,0.0248517,0.000431388,0.249105
7.848344671,2.2819,0.0335474,0.591939,1.72811,0.920775,0.673887,0.00659181,2.49633,0.0502822,0.0468392,0.00117373,0.264952
7.894784580,2.02701,0.0648832,0.565886,1.922,0.909059,0.94912,0,2.5383,0,0.0249143,0.0701679,0.240519
7.941224490,2.02003,0.117844,0.504208,1.97653,0.904417,0.753058,0.00234126,2.58856,0,0.0221817,0.0156016,0.299174
7.987664399,2.13006,0.283294,0.43901,1.99587,0.79043,0.602734,0.141622,2.48461,0.00234595,0,0.00186581,0.393229
8.034104308,1.74943,0.270133,0.360137,2.00258,1.36818,0.591191,0.0834881,2.51,0,0,0.197622,0.277343
8.080544218,1.47766,0.190328,0.277859,1.86796,1.6239,0.379843,0.0829518,2.21996,0,0.167305,0.368204,0.457031
8.126984127,1.38227,0.150166,0.2724,1.72693,1.73493,0.286128,0.0829375,2.08254,0.0573473,0.180686,0.392702,0.598107
8.173424036,1.42556,0.118803,0.316915,1.74665,1.73482,0.339003,0.0767694,2.21681,0.00522108,0.127604,0.323556,0.657324
8.219863946,1.75626,0,0.377315,1.86289,1.59035,0.385504,0.0868447,2.36621,0.119958,0.0190604,0.0896703,0.354482
8.266303855,1.74205,0,0.267023,2.03819,1.71185,0.234166,0.127145,2.06093,0.597464,0.0861652,0.30619,0.133879
8.312743764,1.95915,0.0598523,0.267878,1.79282,1.72245,0.157923,0.130046,1.71388,1.12344,0.094668,0.429737,0.168659
8.359183673,2.11595,0.0388009,0.2444,1.70304,1.58221,0.0420706,0.240928,1.45056,1.37406,0.135959,0.401915,0.168435
8.405623583,2.20976,0,0.188905,1.63857,1.39582,0.0103878,0.302337,1.49358,1.72437,0.159536,0.0762476,0.108602
8.452063492,2.19897,0,0.270264,1.43274,1.15223,0.0344532,0.334011,1.94941,1.32198,0,0,0.517962
8.498503401,2.37623,0,0.478491,1.13865,0.934512,0.0760195,0.270809,2.15595,0.160681,0.0357092,0.000398989,0.685446
8.544943311,2.3915,0.0187826,0.530243,1.26415,0.636921,0.271936,0.157802,2.23251,0.0101997,0.12449,0.000251544,0.619773
8.591383220,2.30484,0.0161985,0.701561,1.27366,0.620331,0.237396,0.0916946,2.3991,0.0220619,0.134946,0,0.596262
8.637823129,2.04773,0.0273424,0.560759,1.26954,0.664419,0.228944,0.0721809,2.47687,0.0272738,0.130381,0,0.487882
8.684263039,1.49576,0.0388163,0.682817,1.33656,0.731348,0.522999,0.0640721,2.59591,0.0270456,0.112722,0.0610642,0.398271
8.730702948,1.28016,0.0369538,1.08568,1.25804,0.783654,0.59215,0.0665603,2.73317,0.0205862,0.10447,0.141954,0.343753
8.777142857,1.26991,0.0419593,1.28539,1.17454,0.774792,0.620672,0.0493918,2.83081,0.0208262,0.066067,0.168207,0.372378
8.823582766,1.31745,0.053275,1.11354,1.211,0.751856,0.51296,0.0524182,2.9399,0.0210912,0.00962633,0.136423,0.363049
8.870022676,1.39291,0.00673608,0.898656,1.29618,0.720225,0.280898,0.0946362,2.93394,0.0190873,0,0.125135,0.369167
8.916462585,1.02953,0.0493384,0.870076,1.20134,0.830242,0.239002,0.0880784,3.01462,0,0,0.131078,0.524194
8.962902494,1.01039,0.088356,0.710661,1.04709,1.0198,0.26441,0.0585964,2.98012,0,0,0.154494,0.761348
9.009342404,1.164,0.116405,0.513774,1.04515,1.07196,0.27467,0.0399027,2.73404,0,0,0.137372,0.810559
9.055782313,1.25562,0.154226,0.509839,1.23056,1.08587,0.306264,0.0828659,2.56935,0.010636,0,0.235371,0.627876
9.102222222,1.46383,0.233828,0.573159,1.38718,1.02631,0.334648,0.0962255,2.6616,0,0.0172155,0.553964,0.192216
9.148662132,1.53494,0.260022,0.616402,1.49817,0.911269,0.346901,0.0140718,2.76842,0.000942958,0.0541982,0.763445,0.0572425
9.195102041,1.48837,0.365436,0.938475,1.79692,0.781983,0.333299,0.0153297,2.65161,0.0309868,0.048312,0.76281,0.0211249
9.241541950,1.53176,0.354829,1.13348,2.01092,0.628648,0.337971,0,2.66784,0.0255931,0.0183276,0.652354,0.0225191
9.287981859,1.14008,0.144054,1.02552,1.68825,0.712345,0.706648,0.00344684,2.68938,0.0336484,0.0156163,0.609836,0.56857
9.334421769,1.41146,0.126193,0.248793,1.50387,0.664203,0.757568,0.0455965,1.92888,0.973373,0.171452,0.0713636,1.03066
9.380861678,2.42355,0.083741,0.105896,1.64669,0.0814385,0.511292,0.595573,0.186574,2.0867,0.244183,0.0300592,0.673794
9.427301587,2.65188,0.0432928,0.0146185,1.77767,0.0363088,0.107988,1.06945,0.00671829,2.32902,0.557486,0.0323636,0.453642
9.473741497,2.90462,0.000810655,0.0588176,2.01366,0.0218493,0.110588,1.28435,0.030973,2.43318,0.53226,0.00075426,0.129927
9.520181406,3.13961,0.0304074,0.0724341,2.08483,0.0849857,0.113033,1.19075,0.0472116,2.49667,0.392217,0.00271959,0.170772
9.566621315,2.9956,0,0.0430685,2.06898,0.105866,0.118211,1.20005,0.0608453,2.55836,0.00204859,0.423219,0.129247
9.613061224,2.75229,0,0.118747,2.04924,0.0710481,0.078918,0.958434,0.0875985,2.69312,0.0763413,0.865992,0.0796422
9.659501134,2.62263,0,0.160179,1.9821,0.010114,0.0530185,0.54374,0.238786,2.86035,0.0971984,1.11755,0.0504125
9.705941043,2.80397,0.137017,0.0782227,2.0343,0.0128343,0.0280595,0.467137,0.339651,2.74346,0.0921814,1.06416,0.125527
9.752380952,2.85635,0.055781,0.0770382,1.96087,0.0997976,0.0259854,0.419315,0.476812,2.67531,0.0156185,0.99663,0.135473
9.798820862,2.75663,0.000848156,0.0870192,2.05847,0.177311,0.0148274,0.391797,0.22935,2.67795,0.000238164,1.05278,0.156121
9.845260771,2.65676,0.00242815,0.00771763,2.09475,0.232793,0.0152459,0.461073,0.213396,2.4359,0.00135665,1.13443,0.153417
9.891700680,2.64944,0.00277862,0.00301859,2.25286,0.233849,0.0314612,0.501129,0.239314,2.11304,0.000747185,1.22405,0.152023
9.938140590,2.71746,0.00303948,0.00141233,2.32452,0.207279,0.0500382,0.443424,0.285859,2.09294,0.000320483,1.20707,0.162718
9.984580499,2.79001,0.00238803,0.0115833,2.21155,0.192398,0.0616602,0.384977,0.216732,2.31252,0.000405677,1.15882,0.195899
10.031020408,2.83303,0.0025933,0,2.12963,0.19236,0.0620779,0.420127,0.122182,2.41176,0.00050765,1.18881,0.215087
10.077460317,2.94579,0.00139808,0,1.964,0.196972,0.0642927,0.451276,0.0744678,2.50863,0.000188104,1.15635,0.201308
10.123900227,2.91538,7.76838e-05,0.0037779,1.92308,0.219963,0.0780031,0.441205,0.06081,2.70039,0,0.998396,0.201321
10.170340136,2.92695,0,0.00465919,1.9598,0.252131,0.0995579,0.427174,0.0803548,2.89364,0,0.70021,0.207433
10.216780045,3.04316,0,0.00344692,1.88172,0.273014,0.122246,0.426521,0.069343,3.11673,0,0.377773,0.203979
10.263219955,2.99526,0,0.00229748,1.8154,0.306892,0.123506,0.436175,0.0665183,3.31429,0,0.20999,0.199392
10.309659864,2.89265,0,0.00187412,1.77415,0.337445,0.118828,0.422251,0.0231344,3.42513,0,0.328382,0.221387
10.356099773,2.90038,0,0.00260704,1.68351,0.357736,0.116308,0.403172,0.0444907,3.4225,0,0.328537,0.239699
10.402539683,2.92526,0,0.00570152,1.62767,0.403043,0.0974443,0.344926,0.107018,3.41705,0.0040331,0.288486,0.215596
10.448979592,2.95039,0,0.00473707,1.72219,0.447277,0.0744962,0.200819,0.214855,3.45552,0.0481774,0.302743,0.0742314
10.495419501,2.99464,0.118504,0.0035555,1.84773,0.406321,0.0752335,0.173373,0.248448,3.32689,0,0.386588,0.049913
10.541859410,2.81922,0.15434,0.00345885,2.02361,0.305233,0.0789505,0.241668,0.240466,3.14691,0,0.601772,0.176827
10.588299320,2.79914,0.0926719,0.00435534,2.06696,0.223963,0.0803164,0.340281,0.172307,3.0675,0,0.680528,0.240171
10.634739229,2.83477,0,0.00423188,2.07329,0.191001,0.0778542,0.429956,0.059028,3.02326,0,0.705329,0.242871
10.681179138,2.84482,0,0.0037173,2.05652,0.149682,0.0813403,0.491187,0.0349823,2.93427,0,0.718996,0.233019
10.727619048,2.83291,0,0.00447452,2.17439,0.0996884,0.0469458,0.680345,0.143563,2.77649,0,0.714043,0.193694
10.774058957,2.92389,0.0322963,0.00261116,2.42198,0.0428061,0,0.714507,0.236684,2.39439,0.0460118,0.667397,0.170664
10.820498866,3.00486,0.0462,0,2.60928,0.00833802,0,0.556861,0.392827,2.08961,0.240747,0.568107,0.136932
10.866938776,3.01683,0.0174027,0,2.62616,0.0093668,0,0.383705,0.486775,2.06826,0.115644,0.564636,0.113174
10.913378685,2.92075,0,0,2.59898,0,0.0259861,0.261694,0.573085,2.05942,7.64536e-05,0.620221,0.147827
10.959818594,2.93222,0,0.0415718,2.60787,0,0.0683052,0.157139,0.582651,2.02424,0.00146162,0.600699,0.18345
11.006258503,2.90911,0,0.0133214,2.63413,0,0.0741518,0.173083,0.570912,1.9303,0.00352123,0.622338,0.153708
11.052698413,2.89949,0.0301868,0,2.67217,0,0.0683547,0.24595,0.492628,1.87858,0.00423678,0.705284,0.101337
11.099138322,3.03282,0.0984601,0.00296566,2.64549,0,0.0712111,0.276182,0.423218,1.8683,0.00203959,0.607533,0.072491
11.145578231,3.18961,0.183909,0.00245585,2.61882,0,0.0763659,0.328831,0.368615,1.84874,0,0.518287,0.100235
11.192018141,3.21867,0.220388,0.00213233,2.59794,0,0.0468583,0.442453,0.210863,1.92951,0.00626735,0.530702,0.0699652
11.238458050,3.06544,0.0540407,0.0692716,2.34369,0.330222,0.041616,0.355882,0.255132,2.10459,0.00937991,0.52278,0.0805371
11.284897959,2.70608,0,0.0597239,1.71473,0.720827,1.00507,0.270513,0.0423627,2.50476,0.00993726,0.422004,0.173052
11.331337868,2.74232,0,0.0767417,1.03899,0.748308,1.66118,0.12791,0,2.64459,0.00967811,0.217453,0.191757
11.377777778,2.64135,0,0.0722329,0.343357,0.707963,1.97544,0.137049,0.200236,2.66666,0.0196858,0.13765,0.351645
11.424217687,2.72167,0.00149555,0.0739187,0.16307,0.646924,2.03871,0.238875,0.313886,2.61037,0.0221969,0.0865358,0.41241
11.470657596,2.89416,0.00107552,0.0798984,0.371981,0.497638,2.06036,0.340205,0.263013,2.59138,0.016486,0.0870283,0.395635
11.517097506,2.94908,0,0.116678,0.515163,0.219208,2.12624,0.337325,0.294736,2.61619,0.0224872,0.101065,0.351985
11.563537415,2.85064,0.156652,0.0809925,0.580344,0.23762,2.12276,0.418441,0.09528,2.33509,0.0793232,0.15928,0.468364
11.609977324,2.73404,0.0999694,0.0533279,0.54453,0.269672,2.27457,0.389632,0.111166,2.21892,0.213693,0.147456,0.659029
11.656417234,2.73059,0.0491981,0,0.501215,0.350712,2.3104,0.182756,0.31657,2.00787,0.292461,0.203257,0.653669
11.702857143,2.81962,0.0825823,0,0.518818,0.375383,2.23157,0.154317,0.459033,1.80199,0.308415,0.277132,0.59995
11.749297052,2.84853,0.140304,0,0.602669,0.380399,2.11423,0.0334285,0.54855,1.60251,0.299274,0.378127,0.34755
11.795736961,2.90702,0.289078,0,0.619265,0.348001,1.88524,0,0.672439,1.4104,0.388743,0.505328,0.150247
11.842176871,2.94698,0.158088,0.00185961,0.421096,0.488801,1.77949,0.0110527,0.65246,1.53472,0.388452,0.668767,0.160163
11.888616780,2.99315,0.116338,0.00159888,0.318945,0.451272,1.62875,0.230655,0.548955,1.69885,0.335038,0.890631,0.0356515
11.935056689,2.98873,0.176258,0,0.199933,0.430354,1.82376,0.21231,0.494914,1.80421,0.277074,0.438239,0.362974
11.981496599,2.98337,0.177786,0,0.26385,0.480651,1.95221,0.160997,0.567556,1.74313,0.234297,0.357137,0.251358
12.027936508,2.93569,0.0169028,0.000778485,0.259734,0.478544,1.94354,0.0974712,0.584595,1.91477,0.241911,0.483942,0.215338
12.074376417,2.94409,0,0.00236474,0.304138,0.448526,1.89885,0.0805051,0.557118,1.95987,0.36228,0.499307,0.260025
12.120816327,2.94322,0.06105,0.00191953,0.450494,0.470292,1.84529,0.0694473,0.562248,1.92025,0.542608,0.460941,0.237643
12.167256236,2.96787,0.170758,0.00234554,0.593048,0.405313,1.80337,0.0771703,0.456227,1.8672,0.697529,0.530302,0.213917
12.213696145,3.01829,0.154883,0.0051038,0.685173,0.367587,1.76768,0.0777241,0.461008,1.91565,0.789339,0.510439,0.119204
12.260136054,2.98996,0.136881,0.0037324,0.823831,0.316164,1.88733,0.0608282,0.624988,1.83363,0.750059,0.383493,0.161007
12.306575964,2.85662,0.126312,0.00123436,0.98212,0.0642602,1.87887,0.0577445,0.687883,1.86952,0.659889,0.496041,0.1316
12.353015873,2.93025,0.0878357,0.00239993,1.1214,0,1.82227,0.0258369,0.519452,1.83729,0.571799,0.568021,0.199849
12.399455782,2.89581,0.00395245,0.00484707,1.04497,0,1.89373,0.017769,0.22857,1.93394,0.601003,0.55707,0.213784
12.445895692,2.45358,0.0936471,0.00548763,0.937509,0,2.16004,0.0883126,0.246385,1.99787,0.462694,0.142512,0.485887
12.492335601,2.24343,0.120224,0.00608367,0.848406,0,1.97589,0.26749,0.360956,1.97325,0.370595,0.23494,0.605419
12.538775510,2.56896,0.0831411,0.0043161,0.753498,0.087444,1.88764,0.330615,0.250898,1.98543,0.404172,0.327227,0.487837
12.585215420,2.81552,0,0.0108586,0.786862,0.193331,1.86099,0.341929,0.195484,2.03357,0.372594,0.251187,0.351705
12.631655329,2.92862,0.0265649,0.0157852,0.9116,0.263521,1.7896,0.330505,0.21654,2.02244,0.30454,0.290392,0.168962
12.678095238,2.92381,0,0.0228103,0.929135,0.299216,1.66067,0.315866,0.128943,2.14893,0.316376,0.698518,0.194622
12.724535147,2.88126,0.0142229,0.00608569,0.902913,0.325062,1.66328,0.27732,0.141205,2.18091,0.390779,0.720024,0.225908
12.770975057,2.85744,0.0138271,0.00435114,0.782692,0.353619,1.66548,0.217633,0.460823,2.13114,0.398453,0.568614,0.478344
12.817414966,2.89496,0,0.00419412,0.659993,0.370696,1.73036,0.127023,0.677917,2.08092,0.375845,0.4024,0.551206
12.863854875,2.79432,0,0.000678283,0.651958,0.380007,1.77791,0.017053,0.735822,1.94933,0.477574,0.212646,0.341025
12.910294785,2.68311,0.0877142,0.0499868,0.645738,0.362749,1.69866,0,0.77029,1.80179,0.645139,0.129478,0.315251
12.956734694,2.72746,0.115279,0.0736058,0.672625,0.344837,1.64861,0,0.706483,1.64343,0.71359,0.114265,0.29698
13.003174603,2.77345,0,0,0.70678,0.316739,1.53464,0,0.558808,1.60503,0.614892,0.603894,0.19869
13.049614512,2.77125,0,0,0.671462,0.294222,1.60387,0,0.601534,1.6895,0.604124,0.550372,0.327818
13.096054422,1.89096,0.00423584,0.609622,0.75361,0.238693,1.2211,0.00334095,1.11991,1.33988,0.171942,1.88312,0.143567
13.142494331,0.000654458,0.00326568,0.69272,1.25225,0.388139,1.19756,0,1.99442,0.0338378,0.380078,2.90166,0.0647591
13.188934240,0.00063143,0.00266693,0.851938,1.56518,0.214193,1.14074,0.0337772,2.0143,0.0505541,0.277131,2.80547,0.052954
13.235374150,0.000432861,0.00228071,1.15014,1.63445,0.115103,1.00033,0.0985036,2.02948,0.237746,0.222986,2.83151,0.0182434
13.281814059,0.000222561,0.054731,1.31396,1.69993,0.143722,0.838741,0.0851828,2.31531,0.320119,0.0242553,2.90863,0.0172791
13.328253968,0,0.0859692,1.27126,1.78387,0.00735368,0.725364,0.016048,2.6111,0.339232,0.00527138,2.91175,0.151873
13.374693878,0.0623944,0.0895464,1.25256,1.88993,0,0.780162,0.0214787,2.58703,0.36188,0,2.72005,0.173921
13.421133787,0,0.0291016,1.26958,1.8897,0,0.766255,0.000277488,2.72012,0.396024,0,2.63486,0.1723
13.467573696,0,0.0230017,1.22639,1.82694,0.0109103,0.725956,0,2.81934,0.568184,0,2.52978,0.226333
13.514013605,0,0.0361184,1.0858,1.81194,0.0372832,0.733227,0,2.88273,0.587853,0,2.37611,0.233797
13.560453515,0.145762,0.0106661,1.1166,1.8467,0.0685864,0.658704,0,2.78462,0.595,0,2.30976,0.18023
13.606893424,0.217187,0.0034816,1.1579,1.92013,0.0790262,0.599189,0,2.80886,0.604724,0,2.21862,0.112174
13.653333333,0.119742,0.00808121,1.09433,1.92103,0.0553709,0.569786,0,2.99758,0.598231,0,2.16449,0.162536
13.699773243,0,0.0310492,1.05015,1.814,0.0174392,0.599737,0,3.14519,0.584559,0,2.1731,0.262205
13.746213152,0.0121835,0.00272151,1.00559,1.84907,0.00578968,0.66094,0,3.06823,0.556288,0,2.2009,0.380913
13.792653061,0.171316,0.00734987,0.907396,1.98996,0.00933619,0.761436,0.00129562,2.78464,0.528937,0,2.36957,0.358461
13.839092971,0.227381,0.0143076,0.581398,2.15001,0.0143198,0.730832,0.00754024,2.67047,0.517822,0,2.45013,0.249249
13.885532880,0.236239,0.0189094,0.499206,2.21443,0.0208427,0.684548,0.0106391,2.70198,0.542987,0,2.47523,0.156658
13.931972789,0.192156,0.0212048,0.719519,2.16719,0.0200473,0.652506,0.00463168,2.83423,0.576593,0,2.46791,0.123405
13.978412698,0,0.121105,0.769166,2.07939,0,0.606149,0.00265248,3.13851,0.580129,0,2.50461,0.207089
14.024852608,0,0.160136,0.810781,2.09062,0,0.616259,0.00434277,3.13878,0.576775,0,2.5856,0.204509
14.071292517,0.164734,0.100509,0.915295,2.1996,0.00980697,0.665824,0.00227072,2.77851,0.473804,0,2.62239,0.200366
14.117732426,0.250077,0.0132916,1.00946,2.28944,0.0210255,0.690927,0.000205564,2.42471,0.387387,0,2.59741,0.157127
14.164172336,0.227589,0.0800577,0.970754,2.32203,0.0123375,0.727781,0,2.18949,0.363807,0,2.6219,0.113661
14.210612245,0.146935,0.0786991,0.758144,2.28739,0.0256429,0.830164,3.69276e-05,2.18314,0.308201,0,3.05071,0.155305
14.257052154,0.0145339,0.0172217,0.530046,2.23564,0.022304,0.995609,0,2.47705,0.207695,0,3.20624,0.181715
14.303492063,0,0,0.654062,2.12436,0.0241202,0.968691,0,2.58779,0.158885,0,3.24324,0.185531
14.349931973,0.13344,0,0.842109,2.02081,0.0203489,0.939492,0,2.4332,0.152481,0,3.1708,0.15857
14.396371882,0.204395,0,0.943065,1.97789,0.007234,0.93153,0,2.26676,0.144479,0,3.19962,0.139357
14.442811791,0.199552,0,0.995183,1.93617,0,0.92294,0,2.12873,0.0721966,0,3.2867,0.147649
14.489251701,0.0157637,0.0702121,0.902817,1.8554,0,0.919402,0,2.43829,0.0307516,0,3.34342,0.199954
14.535691610,0.00568639,0.0588837,0.847203,1.88596,0,0.994804,0,2.52332,0.0313565,0,3.28134,0.189665
14.582131519,0.175542,0.0379023,0.790458,2.03295,0,1.0176,0,2.44465,0.0555238,0,3.16144,0.106951
14.628571429,0.238153,0.0675677,0.822428,2.05898,0.00483396,1.0014,0,2.43834,0.111711,0,3.14853,0.0733692
14.675011338,0.23126,0.153217,0.883276,2.06995,0.0190437,0.976752,0,2.38207,0.260788,0,3.12112,0.0770979
14.721451247,0.194169,0.242785,0.879484,2.08796,0.0241885,0.968043,0,2.27375,0.368979,0,3.0154,0.111941
14.767891156,0.0925985,0.236117,0.819246,2.13367,0.0209122,0.970062,0.0054676,2.44027,0.407225,0,2.9952,0.153109
14.814331066,0.0134614,0.182417,0.694236,2.27858,0.0101895,0.96693,0.0179925,2.72496,0.40389,0,2.87719,0.188171
14.860770975,0.0223927,0.0387066,0.432017,2.48453,0,0.960204,0.0264621,2.96773,0.317505,0,2.70756,0.193283
14.907210884,0.195751,0.114645,0.503804,2.51159,0,1.10275,0.0194382,2.6888,0.262916,0,2.69556,0.104721
14.953650794,0.229031,0.297218,0.70211,1.85308,0,1.24007,0,1.86854,0.323218,0,2.93184,0.0690279
15.000090703,0.181504,0.267481,0.877011,1.11507,0,1.11364,0.00629028,1.65952,0.390831,0,3.12233,0.0641534
15.046530612,0,0.184632,0.876749,0.961936,0.0104688,1.03482,0.00849251,1.92068,0.453578,0,3.16967,0.0930621
15.092970522,0.000108656,0.0676072,0.96237,1.07913,0.0149073,1.04937,0.0072151,2.03449,0.476433,0,3.05926,0.0864516
15.139410431,0.0534766,0.00673444,1.15078,1.15545,0.0167057,1.17505,0.0046669,2.09339,0.491275,0,2.99711,0.0385589
15.185850340,0.199952,0.00141426,1.2975,1.19539,0.00811511,1.30083,0.00179325,2.00852,0.476121,0,2.89498,0.0152921
15.232290249,0.241811,0.0639608,1.21827,1.13849,0,1.34508,0.0330342,2.00503,0.443015,0,2.86635,0.0479972
15.278730159,0.1685,0.136514,1.19108,1.09646,0,1.20847,0.0436371,2.01037,0.408506,0,2.83656,0.113365
15.325170068,0.000214301,0.276788,1.15812,1.21058,0,0.962203,0.0239724,2.14236,0.341619,0,2.82693,0.191671
15.371609977,0.0155792,0.30423,1.1879,1.31506,0,0.875407,0.0409738,2.20706,0.345562,0,2.80777,0.185374
15.418049887,0.129668,0.264689,1.17022,1.36931,0,0.863083,0.0358799,2.18562,0.345773,0,2.79659,0.14407
15.464489796,0.159994,0.208767,1.07599,1.30941,0.00377735,0.857767,0.0207198,2.31461,0.344444,0,2.87289,0.102431
15.510929705,0.196914,0.179271,1.00928,1.33616,0.037197,0.905043,0.00561511,2.32728,0.40713,0,2.90598,0.0649157
15.557369615,0.167714,0.132825,0.831051,1.43557,0.0794169,0.855017,0,2.42153,0.495316,0,2.9352,0.0794317
15.603809524,0.0693671,0.108741,0.81867,1.48533,0.110308,0.847873,0,2.55969,0.483728,0,2.96967,0.136364
15.650249433,0.0209434,0.0512447,0.946645,1.63648,0.0973955,0.86728,0,2.57286,0.49828,0,2.88379,0.171932
15.696689342,0.0499824,0,0.903807,1.83124,0.0592285,0.935564,0.0119607,2.43785,0.522078,0,2.83189,0.183961
15.743129252,0.183077,0,0.921868,1.93329,0.0256177,1.0062,0.00671325,2.25201,0.500432,0,2.85594,0.136751
15.789569161,0.223247,0,0.847502,1.84738,0.00734249,1.11412,0.00516328,2.13488,0.517618,0,2.91339,0.125539
15.836009070,0.146466,0,0.837584,1.37734,0.00841212,1.34682,0,2.15147,0.456534,0,2.84907,0.175402
15.882448980,0.48118,0.0213576,1.01898,1.05537,0.0168546,1.51542,0,2.10428,0.345939,0,2.36164,0.205786
15.928888889,0.503467,0.020925,1.22635,0.993683,0.0209268,1.52717,0.154728,1.99667,0.287988,0,2.20146,0.256367
15.975328798,0.474295,0.00955336,1.36637,1.14834,0.101416,1.51705,0.218723,1.91343,0.268022,0,2.01156,0.369775
16.021768707,0.392359,0.00615614,1.54738,1.23567,0.104759,1.49181,0.0842744,1.92881,0.260373,0,1.83043,0.644907
16.068208617,0.331828,0,1.69323,1.41035,0.0178933,1.48627,0.0170014,2.04038,0.222445,0.00478237,1.54413,1.04936
16.114648526,0.584514,0,1.78387,1.57173,0.0204133,1.50625,0.011561,1.79216,0.196931,0.0461068,1.32993,1.15447
16.161088435,0.764602,0,1.76295,1.37438,0.0181041,1.45994,0.00465495,1.71646,0.240171,0,1.36372,1.04663
16.207528345,0.601543,0,1.62506,1.18337,0.00646829,1.31417,0,2.01049,0.29316,0,1.45801,1.07255
16.253968254,0.491288,0,1.4842,1.13621,0.00788615,1.1891,0,2.31852,0.312362,0,1.49144,1.21592
16.300408163,0.461099,0.000115145,1.4326,1.18538,0.0219983,1.12341,0,2.28239,0.5547,0,1.16918,1.19966
16.346848073,0.0800623,0.00169641,1.44651,1.23113,0.046048,0.809835,0.0134717,1.91063,0.933095,0,1.61722,0.888092
16.393287982,0.0553129,0.000944425,1.48362,1.18644,0.0305792,0.599725,0.0138035,1.67805,1.15203,0.0357568,2.02021,0.465857
16.439727891,0,0.0039723,1.32827,1.11128,0.0180191,0.543682,0.0105055,1.79542,1.22443,0,2.18879,0.318618
16.486167800,0.0358248,0.00317562,1.34682,1.29736,0.0169073,0.576776,0.0173123,1.68398,1.21221,0,2.09779,0.253004
16.532607710,0.0898393,0.00410255,1.43268,1.52938,0.0195671,0.614075,0.00234096,1.6435,1.20061,0,2.02156,0.246347
16.579047619,0.0369874,0.00716288,1.3216,1.57999,0.044173,0.597471,0,1.8431,1.21633,0,2.06278,0.253264
16.625487528,0.00190501,0.00491792,1.33288,1.5751,0.0511777,0.476013,0,1.9396,1.25881,0,2.15272,0.262691
16.671927438,0,0,1.26339,1.62446,0.0867501,0.416203,0,1.9744,1.24746,0,2.27558,0.284439
16.718367347,0.25321,0.00135563,1.30915,1.68557,0.134237,0.38154,0,1.82551,1.15236,0.0253744,2.1986,0.23042
16.764807256,0.955568,0,1.00464,1.67375,0.125228,0.496203,0.161044,1.53671,1.16242,0.0276364,1.91924,0.207247
16.811247166,2.60831,0.0306172,0.227188,1.75125,0.0993875,0.263507,0.261665,0.703054,1.66417,0,1.15647,0.245721
16.857687075,3.02687,0.0461892,0.12953,1.36959,0.184437,0.231086,0.304228,0.0652314,2.51646,0.0210765,0.853424,0.17584
16.904126984,3.17034,0.104367,0.149608,1.237,0.289442,0.225455,0.308052,0.064548,2.65539,0.0384486,0.772436,0.115961
16.950566893,3.25429,0.138574,0.158582,1.16824,0.250921,0.206765,0.242925,0.103231,2.79574,0.0483526,0.590643,0.0847433
16.997006803,3.26688,0.161335,0.15519,1.20113,0.0499576,0.158844,0.133857,0.133509,3.01282,0.0402804,0.554261,0.135161
17.043446712,3.24166,0.211799,0.127636,1.13841,0,0.200337,0.0673796,0.153985,3.19393,0.0789735,0.534152,0.10295
17.089886621,3.25706,0.215726,0.0780059,1.12333,0,0.22595,0.0210415,0.136679,3.1493,0.0365559,0.463363,0.14245
17.136326531,3.28179,0.175489,0,1.21796,0,0.1882,0.0544307,0.140671,3.22232,0,0.404909,0.154632
17.182766440,3.31369,0.237521,0,1.42991,0,0.145267,0.0700795,0.158697,3.15196,0.00182078,0.477518,0.302807
17.229206349,3.43375,0.230375,0,1.54085,0.00420727,0.119546,0.104366,0.131075,2.97526,0.0321244,0.459114,0.385993
17.275646259,3.50738,0.203339,0.0206947,1.57525,0.00714241,0.104932,0.099733,0.254128,2.8096,0.0693651,0.23472,0.390796
17.322086168,3.52647,0.128826,0,1.48063,0.0102129,0.0811368,0.0580882,0.26804,3.00902,0.030673,0.177938,0.424055
17.368526077,3.48094,0,0,1.41946,0.00864396,0.0631239,0.0680474,0.249898,3.28656,0.000369561,0.137701,0.43274
17.414965986,3.32514,0,0,1.45562,0.00241635,0.0497435,0.052292,0.276339,3.34133,0.00038595,0.0877122,0.359006
17.461405896,3.04128,0,0,1.47282,0.00470645,0.0447408,0.0433039,0.294399,3.35277,0.000391839,0.0448195,0.29406
17.507845805,2.93928,0.00153191,0.00122632,1.5128,0.0208035,0.0542064,0.0443877,0.230244,3.25115,0.000256575,0.0181121,0.27778
17.554285714,3.08457,0,0.00157828,1.6106,0.0615324,0.0138096,0.135708,0.099717,3.153,0,0.0611938,0.364638
17.600725624,3.02601,0,0,1.53842,0.0148191,0.16964,0.159666,0.0206834,3.19926,0,0.172554,0.4965
17.647165533,2.37354,0.364388,0,1.53473,0,0.378513,0.209815,0.0099137,2.81978,0.167507,0.0334946,0.70342
17.693605442,1.91126,0.298001,0.20602,1.6532,0.0108905,0.433946,0.493214,0.0539458,2.4561,0.29838,0.00656654,0.418556
17.740045351,2.23838,0.120931,0.238955,1.68269,0.100768,0.370068,0.53509,0.151745,2.35704,0.49194,0.025361,0.025791
17.786485261,2.28281,0.215121,0.36006,1.50192,0.0761676,0.292191,0.433282,0.259997,2.47515,0.416369,0.435429,0
17.832925170,1.92502,0.232372,0.334264,1.32334,0.0457056,0.448151,0.339162,0.315817,2.56974,0.235455,1.11088,0.0206724
17.879365079,1.78975,0.154707,0.286561,1.47023,0.0248515,0.455202,0.0515802,0.251991,2.32054,0.0488391,1.49415,0.126439
17.925804989,1.91277,0.0563642,0.259582,1.53019,0.257879,0.423245,0.0178236,0.271594,1.83839,0,1.38884,0.175573
17.972244898,2.67751,0.00183361,0,1.43412,0.589368,0.674683,0.0476966,0.550934,1.63375,0.0175578,0.736909,0.220266
18.018684807,3.23395,0.00239477,0,1.30716,0.962389,0.394928,0.0568842,0.961045,1.39761,0.0291526,0.372536,0.000728674
18.065124717,3.35136,0.00117533,0,1.17221,0.976952,0,0.0607825,1.27241,1.20871,0.0325296,0.472904,0.000726312
18.111564626,3.21495,0.146685,0,1.44286,0.870423,0,0.0755137,1.40476,0.866011,0.0186855,0.458552,0.000701648
18.158004535,3.24768,0.109721,0.00028592,1.28418,0.772153,0.0283477,0.0784198,1.38179,0.808369,0.0508946,0.0129316,0.000643104
18.204444444,3.07301,0.0544634,0.00075416,1.15742,0.679484,0.0660761,0.0596839,1.55635,1.02198,0.0873475,0.0172632,0.137196
18.250884354,2.89641,0.114102,0.0399077,1.25913,0.816592,0.049292,0.0276293,1.66555,1.1622,0.157113,0.0628878,0.176337
18.297324263,2.91474,0.151958,0.138553,1.2595,1.05547,0.000943338,0.0113507,1.68289,1.26359,0.110118,0.205598,0.215556
18.343764172,3.03884,0.123896,0.168313,1.15864,1.24159,0,0.0430831,1.59836,1.26728,0.0249385,0.461576,0.213511
18.390204082,3.10324,0.0269633,0.206891,1.11413,1.37214,0,0.0946611,1.3111,1.32641,0.0105998,0.727811,0.153161
18.436643991,3.22115,0.0375022,0.115856,1.21235,1.29885,0,0.166474,0.891002,1.52932,0.026607,0.851478,0.124196
18.483083900,3.26949,0.00121442,0,1.42313,1.0718,0,0.223117,0.480759,1.8826,0.0282614,0.87423,0.0899195
18.529523810,3.21163,0.0075773,0.00815275,1.59402,0.801884,0,0.23707,0.337366,2.30393,0.000151469,0.820169,0.115574
18.575963719,3.17051,0.000914838,0,1.72089,0.570494,0.00561028,0.243445,0.412682,2.35167,0.000607804,1.03769,0.0006936
18.622403628,2.82561,0,0,1.39104,0.142365,0.0493969,0.391406,0.79047,2.18337,0.303034,1.11245,0.000734264
18.668843537,2.38923,0,0,0.995085,0.0523893,1.38682,0.462692,0.510248,1.77327,0.493346,1.01686,0.0886159
18.715283447,2.35105,0,0.15016,0.254198,0.154886,1.80086,0.439382,0.298868,1.16041,0.264392,1.04025,0.224554
18.761723356,1.99795,0.00457723,0.613584,0.037859,0.342748,1.68807,0.334628,0.311243,0.927679,0,0.811083,0.645483
18.808163265,1.37313,0.164424,0.601514,0.00475784,0.429735,1.56529,0.393669,0.408774,0.881451,0,0.605701,1.44603
18.854603175,1.13242,0.193315,0.536778,0.00627818,0.407551,1.50172,0.573157,0.567647,1.01688,0,0.220389,1.50218
18.901043084,1.38833,0.0878386,0.333418,0.218534,0.417112,1.82533,0.436439,0.723537,1.18348,0.341825,0.127464,0.999952
18.947482993,2.35356,0,0.264,0.210967,0.329848,2.06668,0.268212,0.809771,1.27644,0.707647,0.185897,0.398514
18.993922902,2.71775,0.0526395,0.25177,0.157782,0.385523,2.06403,0.392291,0.848783,1.25392,0.99742,0.150372,0.014231
19.040362812,2.57465,0.0962986,0.0924574,0.222924,0.54808,2.05511,0.402891,0.75581,1.24925,1.17058,0.173282,0.038106
19.086802721,2.51079,0,0.00433608,0.598033,0.530686,2.03371,0.532197,0.557659,1.14411,1.532,0.232206,0.176201
19.133242630,2.31459,0,0.00156737,0.922608,0.296564,1.94397,0.810575,0.248443,0.594653,1.60567,0.234919,0.327411
19.179682540,2.26797,0.0012412,0.00246168,0.706742,0.990139,1.85381,0.564424,0.464972,0.0129445,1.09244,0.122661,0.283899
19.226122449,2.01829,0.000954049,0.00167212,0.287007,1.47033,1.83478,0.225654,0.918106,0.000540245,0.614237,0.230101,0.600375
19.272562358,2.00282,0.10862,0.00102692,0.0778994,1.66445,1.84838,0.0908051,1.30201,0.0019394,0.340612,0.334789,0.648842
19.319002268,1.79121,0.0703677,0.00138777,0.119435,1.75084,1.69262,0.234313,1.24271,0.0146261,0.209842,0.444628,1.16504
19.365442177,1.38299,0.0286496,0.000852694,0.14479,1.667,1.45295,0.223695,0.830046,0.283514,0.275985,1.15612,1.40292
19.411882086,1.16899,0.00270639,0.277557,0.138421,1.23367,1.01789,0.302297,0.334569,0.629644,0.432625,1.70285,0.9941
19.458321995,1.11375,0.00294665,0.502299,0.74196,0.583628,0.962427,0.299899,0.232845,0.777371,0.648178,2.24276,0.324616
19.504761905,1.40082,0.00246444,0.0942172,1.20498,0.47777,1.09346,0.326601,0.183944,0.925304,0.977022,2.37701,0.252535
19.551201814,2.32841,0.025965,0.17047,1.12027,0.762662,1.23323,0.478896,0,0.979788,0.435194,1.54214,0.343162
19.597641723,2.48344,0.184372,0.164522,0.629647,1.20018,1.59133,0.300093,0.0923511,1.40954,0.00312417,0.267519,0.110149
19.644081633,2.39257,0.150301,0.135227,0.506012,1.22342,1.4398,0.168153,0.0178544,1.43838,0.0101843,0.409791,0.13367
19.690521542,2.34935,0.156969,0.108663,0.319629,1.11447,1.44038,0.0303992,0,1.4875,0.00128838,0.467457,0.172287
19.736961451,2.53842,0.0552786,0.0698198,0.633977,0.811163,1.44894,0.326388,0.0354128,1.65877,0.0279927,0.349044,0.317825
19.783401361,2.56777,0.00744058,0.0138879,1.16216,0.20392,1.47273,0.716609,0.235024,1.81256,0.0735977,0.114202,0.462459
19.829841270,2.29446,0.123692,0.0193066,1.05604,0.15258,1.55274,0.569128,0.614091,1.58815,0.0757725,0.19551,0.352166
19.876281179,2.31805,0.1475,0.0871846,0.482367,0.15157,1.32452,0.945875,0.58754,1.43376,0.0596823,0.337838,0.643192
19.922721088,2.07594,0.062858,0.0628135,0.175046,0.148465,1.19594,1.03476,0.550886,1.33888,0.0639965,0.277578,1.29202
19.969160998,1.6202,0.0583407,0.0351892,0.316041,0.128848,1.29386,0.872416,0.609814,1.26187,0.277949,0.0224419,1.54444
20.015600907,1.33945,0,0.16955,0.319037,0.297582,1.25967,0.594633,0.863525,1.39434,0.507755,0.0524966,1.38516
20.062040816,1.60248,0.0293408,0.010455,0.184462,0.500522,1.15341,0.0990801,0.814962,1.78614,1.03493,0.0214258,0.860168
20.108480726,1.67179,0.497019,0.481228,0.0326607,0.467303,0.804444,0.0054132,0.408949,1.60177,0.724079,0.0812568,0.655095
20.154920635,1.4216,0.472696,0.943619,0.0202638,0.284544,1.18524,0,0.0281316,1.59598,0.179566,0.112605,0.523365
20.201360544,1.32026,0.617382,0.796733,0.00638044,0.231498,2.03211,0,0.0372923,1.15835,0.224709,0.17175,0.257511
20.247800454,1.37105,0.431388,0.218072,0.00493396,0.147993,2.41272,0.290375,0.0339102,0.749213,0.343203,0.203064,0.209469
20.294240363,1.27222,0.849208,0.221309,0.0004558,0.0774076,1.65968,1.63672,0.027442,0.550595,0.379213,0.247002,0.140499
20.340680272,1.37058,0.625863,0.815041,0.0279124,0.0671208,0.608664,1.94955,1.51347,0.421207,0.12167,0.48952,0.182731
20.387120181,1.49502,0.463754,0.725182,0.0540363,0.0330993,0.353445,1.05109,2.9578,0.165637,0,0.43374,0.463316
20.433560091,1.64697,0.248675,0.710425,0.0532592,0.0331759,0.472227,0.096256,3.48944,0.0825857,0.0037633,0.33534,0.700942
20.480000000,1.74543,0.0530244,0.824116,0.0308324,0.0244438,1.09129,0,3.39893,0.208409,0.0384945,0.398389,0.923309
20.526439909,1.39521,0,0.748822,0.195113,0.00193655,1.17948,0.420434,2.82172,0.328189,0.079719,2.25602,0.711765
20.572879819,0.348633,0,0.900658,0.647425,0.071285,1.41386,0.951405,1.84076,0.285927,0.0989515,2.82384,0.544506
20.619319728,0,0.000984329,0.944554,0.927124,0.125528,1.19332,0.709641,1.6903,0.570291,0.030677,2.9216,0.206278
20.665759637,0.000145376,0.0172227,1.0032,1.06725,0.0321915,1.00099,0.0716871,2.15792,0.508983,0,3.04502,0.132871
20.712199546,0.0106188,0.0014167,0.939369,1.47795,0.0211187,0.914062,0,2.41627,0.386753,0,2.85839,0.124355
20.758639456,0.0674949,0.0697166,0.914004,1.97289,0.0212013,0.890257,0,2.53146,0.231401,0.0670761,2.66444,0.00699744
20.805079365,0.146613,0.0688011,0.839405,2.09084,0.0311958,0.899046,0,2.75315,0.157735,0.0858463,2.58861,0
20.851519274,0.287647,0.101017,0.813879,2.14164,0.0375924,0.842089,0,2.95989,0.164258,0.0832557,2.44671,0
20.897959184,0.0798114,0.18921,0.823106,1.94366,0.0384679,0.822711,0,3.122,0.160858,0.0658323,2.43912,4.72186e-05
20.944399093,0.0347317,0.223626,0.875523,1.61718,0.0319674,0.832083,0,2.99749,0.123591,0.00102775,2.45489,0.0503596
20.990839002,0.0353018,0.203279,0.933935,1.34155,0.0180496,1.022,0.00326983,2.64551,0.0873056,0,2.46868,0.000533959
21.037278912,0.110943,0.182882,1.02064,1.36898,0.0155264,0.952188,0.0218085,2.39667,0.0777985,0,2.41064,0.01157
21.083718821,0.289423,0.107544,1.0553,1.46325,0.00221981,0.90864,0.0564611,2.37921,0.059638,0.0291266,2.22051,0.0084125
21.130158730,0.35574,0.0595956,1.13159,1.6119,0.0173967,0.890007,0.0602667,2.43337,0.0436697,0.0432124,2.04027,0.000776388
21.176598639,0.16577,0.0731768,1.03096,1.74536,0.0265687,0.928595,0.03746,2.71938,0.0294909,0.0241325,1.93753,0.000779349
21.223038549,0,0.11057,0.801554,1.96783,0.0273073,0.945319,0.014902,2.94136,0.0702531,0.0461651,1.97747,0.000627756
21.269478458,0,0.145697,0.595011,2.27452,0.0252305,0.904875,0,2.937,0.0751299,0.147129,2.06882,0
21.315918367,0.297832,0.102139,0.377942,2.74549,0.0324695,0.448903,0,2.66428,0.0870565,0.133973,2.38049,0
21.362358277,0.375625,0.282316,0.227006,2.1116,1.00392,0.136069,0.0155513,1.70934,0.237817,0.000922319,1.85299,0.00355219
21.408798186,0.435256,0.326282,0.248124,1.61834,0.699082,0.135928,0.0597892,1.10426,0.460273,0.301903,1.21469,0.683175
21.455238095,0.289415,0.464355,0.32612,2.25406,0.0257637,0.137452,0.0140156,1.45052,0.151568,0.355878,1.15176,0.772497
21.501678005,0.111926,0.737143,0.142436,2.31417,0.0264116,0.135637,0,1.7724,0.0206591,0.180783,1.31769,0.367494
21.548117914,0.108922,0.764525,0.0033382,2.22685,0.0306259,0.158437,0,1.94015,0.021426,0.228432,1.52115,0.0954717
21.594557823,0.160694,0.794181,0.00191784,2.30519,0.0473523,0.265751,0.00172183,1.92805,0.0426679,0.276935,1.58433,0.00102948
21.640997732,0.164719,0.724364,0.000647531,2.38268,0.0475547,0.404499,0.00664888,1.66179,0.007301,0.268857,1.60215,0.0103454
21.687437642,1.09606,0.378444,0.106015,1.98941,0.212573,1.089,0.0441009,1.16624,0.0424119,0.203455,1.27149,0.292224
21.733877551,1.24045,0.091026,0.302484,1.08281,0.487534,1.55097,0.0929296,0.768891,0.153081,0.126242,0.789303,0.560829
21.780317460,1.15948,0.00408019,0.316533,0.519218,1.1066,1.32579,0.259211,0.405528,0.471734,0.0259853,0.534383,0.624451
21.826757370,1.04948,0.0039414,0.000399713,1.01303,1.60105,0.659993,0.0738256,0.631507,0.39018,0.0652382,0.605512,0.614284
21.873197279,1.06345,0.184247,0,1.50416,0.617074,1.55658,0.236472,0.684148,0.00700353,0.47389,0.646192,0.233064
21.919637188,1.01337,0.223129,0,1.37356,0.0158752,2.78399,0.302558,0.361395,0,0.721705,0.678764,0.0475811
21.966077098,1.06303,0.271467,0,1.0573,0.00116153,3.29134,0,0.285471,0.0104345,0.627377,0.772375,0.123641
22.012517007,1.32654,0.221404,0.00630373,0.773872,0,3.34084,0,0.347315,0.205695,0.373854,0.443999,0.250075
22.058956916,1.48559,0.0138756,0.207408,0.645309,0.0510235,2.63249,0,0.701946,0.705922,0.0901862,0.270145,0.208461
22.105396825,1.42931,0.0359,0.51921,0.687093,0.0225211,1.04882,0.0895538,1.15638,1.02599,0,0.453725,0.38281
22.151836735,1.16922,0.0344154,0.628054,0.639099,0,0.256726,0.508564,1.30796,0.83234,0.297528,0.581663,0.184205
22.198276644,1.09533,0.123601,0.573533,0.909089,0,0.453087,0.671525,1.36639,0.337543,0.563719,0.651546,0.0233595
22.244716553,1.24816,0.254205,0.39426,1.3479,0.0769275,0.715742,0.626964,1.32414,0.188747,0.669071,0.759038,0.0485553
22.291156463,1.35555,0.389859,0.752069,1.53703,0.0857357,0.955182,0.541471,1.37724,0.224268,0.0284446,1.24121,0.000464035
22.337596372,0.853716,0.878074,0.428832,1.42313,1.20733,0.265735,0.285916,1.76487,0.0862228,0,1.21057,0.128338
22.384036281,0.471984,0.805499,0.0248709,0.752398,0.924439,1.68413,0.150969,1.30203,0.027842,0.0187022,1.79172,0.254999
22.430476190,0.467251,0.633324,0.273149,0.673315,0.53529,2.11878,0.123707,1.13808,0.0392949,0.063818,1.90826,0.307879
22.476916100,0.461729,0.119442,0.411817,0.647083,0.364289,1.96817,0.0170613,1.24453,0.208176,0.0500257,1.60513,0.330592
22.523356009,0.460461,0.000358744,0.615004,0.710019,0.66828,1.34035,0.0411716,1.31598,0.394132,0.0854418,1.07976,0.629125
22.569795918,0.350088,0.016409,0.706563,0.643197,0.8776,1.10847,0.0633329,1.1617,0.657033,0.0951657,0.979154,0.787549
22.616235828,0.586768,0.0254882,0.634051,0.718092,0.777088,1.37857,0.217939,0.5794,0.520378,0.0677441,0.827348,0.652354
22.662675737,0.399356,0.294312,0.139256,0.753976,0.746786,1.5369,0.317883,0.392557,0.0381358,0.238115,0.906778,0.763827
22.709115646,0.105972,0.272655,0.0826082,0.705436,0.706218,1.54521,0.218714,0.49572,0.0842783,0.366731,1.06114,1.21866
22.755555556,0.000287268,0.0520498,0.484999,0.6797,0.434093,1.92889,0.167853,0.638713,0.219027,0.192464,1.12761,1.54893
22.801995465,0.235248,0.00119632,0.734127,0.585873,0.128877,2.48954,0.241683,0.811037,0.203038,0.142321,1.69047,0.923248
22.848435374,0.211522,0.0940368,0.448465,0.601713,0.0511017,2.67604,0.130417,0.627719,0.0700052,0.274722,1.81686,0.614826
22.894875283,0.23171,0.237903,0.0389898,0.811105,0.0963347,2.24822,0.142696,0.50709,0,0.835825,1.34249,0.429435
22.941315193,0.516457,0.219559,0.0896803,0.955298,0.115919,1.83117,0.0797095,0.45674,0,1.23042,1.08333,0.23914
22.987755102,0.67601,0.157656,0.00386304,0.831454,0.113183,2.17548,0.116752,0.440727,0,1.2513,1.15351,0.163987
23.034195011,0.677385,0.24073,0.00648151,0.840402,0.20274,2.0058,0.686365,1.56618,0,0.603494,1.06385,0.135753
23.080634921,0.399208,0.589099,0.690231,1.09996,0.206859,0.812583,0.66634,3.12752,0,0.273395,0.682634,0.28547
23.127074830,0.0765204,0.375758,0.910445,1.39958,0.0285123,0.443131,0.190456,3.72306,0,0,0.508747,0.30437
23.173514739,0.12931,0.12843,0.939246,1.29515,0.0296497,0.48824,0,3.80041,0.002801,0,0.511774,0.391221
23.219954649,0.350004,0.0487427,1.05226,0.782641,0.0272753,0.45623,0.234121,3.54805,0.0174384,0.0253044,0.952985,0.19208
23.266394558,0.177059,0.011951,1.11306,0.506315,0.0335573,1.20781,0.604002,2.65105,0.0512486,0.16571,1.74452,0.104378
23.312834467,0.213613,0.0541532,0.569237,0.667631,0.0481607,1.47007,0.49205,1.95183,0.0500095,0.170476,1.95771,0.0149461
23.359274376,0.264005,0.134037,0.505925,1.04439,0.033198,1.5149,0.304549,1.68554,0.00702127,0.140873,2.18661,0.000629695
23.405714286,0.498957,0.190325,0.535392,1.28518,0.0292619,1.475,0.180139,1.37874,0.00285145,0.184117,2.39544,0.000575686
23.452154195,0.470683,0.200606,0.74286,1.22553,0.473751,1.21265,0.11034,1.41026,0.0229137,0.0921,2.5182,0.000398853
23.498594104,0.540971,0.140418,1.27175,1.37459,0.384543,0.373905,0.0100221,1.80965,0.0443076,0.00492847,2.27338,0.000233033
23.545034014,0.66944,0.0285968,1.38406,1.70828,0.0317774,0.130754,0.0610294,2.38507,0.00212806,0.00533581,1.8501,0.000159648
23.591473923,0.907086,0.0490954,1.29516,1.93687,0.0356457,0.202997,0.060506,2.72675,0,0.0295692,1.78851,0.00013833
23.637913832,1.26838,0.0398407,1.05841,2.33312,0.00466498,0.266337,0.122243,2.63637,0,0.113718,1.65952,0.00537169
23.684353741,1.01281,0.00351756,0.771555,2.38974,0.0102431,0.187766,0.105782,2.80257,0.122941,0.247328,1.74338,0.0137811
23.730793651,1.09355,0.0244067,1.06438,1.76991,0.0162897,0.234619,0.0918898,2.68411,0.25836,0.161187,1.57143,0.0965133
23.777233560,1.12755,0.149675,1.47743,1.43377,0.0289646,0.641037,0.112587,2.49171,0.577319,0.00608081,1.47672,0.110191
23.823673469,0.730016,0.124191,1.52624,1.4264,0.0184675,0.499164,0.0805582,2.63901,0.648645,0,1.65736,0.122492
23.870113379,0.368545,0.0828651,1.20882,2.12811,0.012808,0.355356,0.0425633,2.41524,0.319709,0,1.603,0.129204
23.916553288,0,0.165429,0.659945,2.74828,0.00535894,0.398251,0.0491909,2.36562,0.24869,0,1.76868,0.181119
23.962993197,0,0.143386,0.339721,2.92695,0.0126264,0.326997,0.0720703,2.38102,0.215611,0.0196287,1.86425,0.156226
24.009433107,0.0294159,0.129494,0.715473,2.50428,0.0218657,0.132225,0.0851828,2.44126,0.202643,0.0141058,1.90615,0.131188
24.055873016,0.161839,0.388865,1.37327,1.34563,0.0288355,0.29933,0.10793,2.48326,0.153068,0.0470728,2.0543,0.0633373
24.102312925,0.176241,1.09028,1.5244,0.565731,0.0169723,0.644846,0.123286,2.50056,0.1563,0.0326495,2.36432,0.0675631
24.148752834,0.6831,1.34396,0.797949,0.792094,0,0.599573,0.218971,2.24819,0.158155,0,2.25556,0.115324
24.195192744,2.13666,0.207926,0.417574,1.39158,0,0.811792,0.739776,1.23149,1.73532,0,0.855726,0.110951
24.241632653,3.02963,0.109836,0.204044,1.21167,0,0.308403,0.971075,0.20206,2.5516,0,0.499311,0.0739218
24.288072562,3.00028,0.0164299,0.132856,1.2371,0,0.131922,0.99508,0.0558877,2.85994,0.00412786,0.500637,0.0142286
24.334512472,2.8233,0.00867091,0.124149,1.2873,0,0.110363,1.00946,0.0577357,3.02933,0.00299601,0.66675,0
24.380952381,2.72424,0,0.095255,1.46682,0,0.267122,0.934389,0.030635,3.10017,0.00332421,0.505991,0.20297
24.427392290,2.80695,0,0.05736,1.5379,0.00143879,0.200041,0.84582,0,3.05377,0.0100065,0.44751,0.142948
24.473832200,2.70725,0.00142784,0.0116563,1.58457,0,0.184415,0.828306,0,2.95551,0.0111215,0.51481,0.0396145
24.520272109,2.50615,0.00315995,0.00976533,1.58525,0,0.229216,0.901448,0.0234353,2.85047,0.00542773,0.789277,0.0538173
24.566712018,2.56091,0.00522139,0.0253395,1.47392,0,0.141917,0.918882,0.0546847,2.72796,2.04759e-05,1.00719,0.251605
24.613151927,2.62165,0.021427,0.0225751,1.41709,0,0.116484,1.02688,0.11348,2.57477,6.42983e-05,1.08452,0.403574
24.659591837,2.70651,0.0057208,0.00777836,1.41882,0,0.0918409,1.12999,0.0637214,2.4996,0,0.934413,0.446129
24.706031746,2.71382,0.00587306,4.80055e-05,1.51576,0,0.0812063,1.10601,0.0139874,2.5077,0,0.918886,0.453862
24.752471655,2.6495,0.00558952,0.0154741,1.60845,0,0.0753157,1.00881,0.0133213,2.49323,0,0.94646,0.468593
24.798911565,2.5871,0.231492,0.0187066,1.53803,0.000486062,0.0853225,0.887909,0.0475351,2.40694,0,0.974125,0.472469
24.845351474,2.49561,0.208516,0.0116258,1.51718,1.8522e-05,0.100393,0.863821,0.142509,2.53717,0,0.87303,0.399836
24.891791383,2.59206,0.107743,0.00660292,1.66386,0,0.0471987,1.00278,0.152936,2.74069,0.00535215,0.752664,0.308707
24.938231293,2.58003,0,0.00435477,1.77831,0,0.0117394,0.994602,0.0798501,3.0155,0.00936083,0.69315,0.254653
24.984671202,2.26369,0,0.089744,1.85301,0.00327182,0.0510485,0.968226,0,2.9731,0.0392458,0.716301,0.259239
25.031111111,2.14657,0.157419,0.0321565,1.6688,0.0359704,0.0738938,0.639043,0,2.78421,0.040398,0.570091,0.438331
25.077551020,2.11785,0.19749,0.19482,0.630637,0.337869,0.318563,0.497654,0.0271136,2.64418,0.0123264,0.648176,0.152972
25.123990930,2.19137,0.0674006,0.307562,0.462025,0.334602,0.192453,0.5511,0.0364813,2.5976,0.0661075,0.711328,0.226155
25.170430839,1.93152,0.000434946,0.376611,0.836158,0.241472,0.249244,0.504575,0.139543,2.1994,0.0704051,0.62347,0.437579
25.216870748,1.5156,0,0.452596,0.969309,0.096956,0.335324,0.488245,0.232475,1.77817,0.0758315,0.559619,0.598793
25.263310658,1.20031,0.006012,0.648718,1.19988,0.0299714,0.437699,0.400885,0.237806,1.53312,0.0732481,0.673227,0.596795
25.309750567,1.05579,0.0694996,0.925476,1.27362,0.017058,0.624484,0.29338,0.244616,1.5011,0.0459774,0.815904,0.403685
25.356190476,1.48239,0.00162546,1.04055,1.1276,0.110334,0.841742,0.26254,0.55719,1.39319,0.0166361,0.897582,0.199023
25.402630385,2.53614,0.0018567,0.471769,0.91646,0.450706,0.345841,0.149034,0.70049,1.27686,0.00453157,0.75836,0.221134
25.449070295,2.94899,0.001772,0.222509,0.783791,0.797355,0.108082,0.110341,0.801775,1.15185,0.00149528,0.34016,0.0962961
25.495510204,3.40268,0.119068,0.179787,0.825521,0.959191,0.0652025,0.12958,0.811697,0.734152,0.000480378,0.734803,0.00505555
25.541950113,3.7007,0.323342,0.18036,1.08294,0.944737,0.0539163,0.224087,1.22794,0.14244,0.0149907,0.71602,0
25.588390023,3.77507,0.24447,0.246768,1.31121,0.850542,0.0400573,0.289581,1.49892,0.104398,0,0.398566,0
25.634829932,3.63988,0.167418,0.216047,1.47511,0.935759,0.00786753,0.263155,1.57523,0.251876,0,0.205831,1.41787e-05
25.681269841,3.51721,0.00384026,0.207563,1.5338,1.02228,0,0.274197,1.45614,0.65404,0,0.114696,0.000195192
25.727709751,3.4738,0.00295098,0.141117,1.63841,0.902303,0,0.406267,1.34867,0.831945,0.0244353,0.0752798,0.00100866
25.774149660,3.30053,0.00167998,0.00352509,1.91314,0.424544,0.0152203,0.4402,1.14193,1.06217,0.0398712,0.00172617,0.174003
25.820589569,2.89157,0.0279084,0.00169926,2.22438,0.15872,0.377877,0.553153,0.321324,1.68231,0.160234,0.130261,0.190569
25.867029478,2.09101,0.0960492,0.00990458,2.31509,0.236896,0.538341,0.780582,0,1.7931,0.334103,1.17182,0.134386
25.913469388,1.70441,0.150296,0.0378751,2.10218,0.320136,0.372827,0.819309,0,1.55493,0.145112,1.69584,0.161155
25.959909297,1.73677,0.157013,0.0293428,1.85396,0.515791,0.266873,0.662357,0,1.40428,0.0380056,1.7256,0.173792
26.006349206,2.09104,0.00193357,0.194048,1.62941,0.84982,0.139214,0.472212,0,1.24115,0.0280456,1.54817,0.14922
26.052789116,2.87673,0.0464425,0.26531,0.91869,0.722255,0.520314,0.222869,0.674584,1.01427,0.623918,1.07122,0.165952
26.099229025,3.05705,0.0244693,0.0308739,0.206349,0.364116,1.15788,0.0400952,0.694718,1.64416,1.07201,0.230578,0.124978
26.145668934,2.6082,0.0348722,0.00167989,0.0524133,0.208267,1.34648,0.0525042,0.715242,1.80986,1.09329,0.0393261,0.91363
26.192108844,2.52426,0.0582134,0.00151436,0,0.0579268,1.34353,0.046929,1.3107,1.50671,0.751651,0.00170134,0.997065
26.238548753,2.74236,0.0396507,0.00128098,0,0.233451,1.24421,0.0203366,1.60193,1.33144,0.289309,0.0551679,0.820239
26.284988662,2.85427,0.153491,0.00481433,0.00265389,0.338361,1.19385,0.0178879,1.68182,1.33917,0.278215,0.112117,0.929631
26.331428571,2.9788,0.16194,0.00339102,0.0592445,0.410147,1.32639,0.129858,1.67446,1.13386,0.310611,0.0707741,1.16406
26.377868481,2.67358,0.220571,0,0.416572,0.306583,1.28911,0.33562,1.70978,0.440038,0.431746,0.0185933,0.99245
26.424308390,2.60977,0.33631,0.00215557,0.519638,0.100227,1.21026,0.732593,1.48213,0.230656,0.40772,0.00320945,0.631188
26.470748299,2.4167,0.346985,0.0196583,0.459808,0.0193255,1.1738,0.861465,1.35095,0.156523,0.32012,0.00410646,0.939902
26.517188209,2.61054,0.165396,0.108114,0.106771,0.236954,1.09058,0.509592,1.41395,0.469255,0.261711,0.00506701,0.922278
26.563628118,3.32905,0.203846,0.0701116,0.0298649,0.395793,1.2541,0.490595,1.36254,0.450079,0.227581,0.0284644,0.228085
26.610068027,3.5427,0.228881,0.00880614,0.0959069,0.63867,1.33585,0.0386041,1.3993,0.430465,0.0160194,0.153975,0.16239
26.656507937,3.53308,0.170006,0.0378451,0.11122,0.848333,1.31532,0.0389574,1.37349,0.472555,0,0.172745,0.153774
26.702947846,3.45149,0.0840642,0.0958696,0.0524867,1.04089,1.29994,0.0405613,1.23067,0.402564,0,0.178253,0.103682
26.749387755,3.26742,0.0812812,0.0882333,0.118087,1.20371,1.41299,0.0534172,0.96255,0.410982,0,0.489557,0
26.795827664,2.85481,0.192297,0.0022657,0.476206,1.06446,1.57497,0.164623,0.487819,0.374958,8.38932e-05,1.5256,0.0344808
26.842267574,1.83627,0.142932,0,0.676835,0.666546,1.34867,0.366846,0.121121,0.47736,0.181419,2.21451,0.0888694
26.888707483,1.13361,0.146503,0,0.667884,0.326229,1.47504,0.349876,0.460915,0.90916,0.094479,2.23521,0.131531
26.935147392,1.91355,0.17316,0.0126126,0.740972,0.356435,1.39494,0.424836,0.305203,1.67294,0.141133,1.59942,0.133554
26.981587302,2.57799,0.126614,0.0737129,0.866284,0.57936,1.26862,0.129029,0.340305,1.94897,0.276465,1.04405,0.112913
27.028027211,2.26561,0,0.0172422,0.869305,0.573292,1.83518,0.00876547,0.295147,1.99869,0.178403,0.750705,0.34958
27.074467120,1.8152,0,0.00360406,0.604664,0.536283,1.9577,0.0206539,0.0462506,1.97825,0.0347982,0.643428,1.09184
27.120907029,1.80191,0,0.000873375,0.00953392,0.810476,1.74257,0.0654382,0.0170765,1.98988,0.0150264,0.508682,1.31026
27.167346939,2.11679,0.000707471,0,0.0336626,1.19804,1.47908,0.224943,0.0167703,1.90411,0.051177,0.32571,0.970356
27.213786848,2.55826,0.00212677,0,0.100136,1.18105,1.22838,0.109416,0.343052,1.70244,0.0160195,0.259783,0.469061
27.260226757,2.7744,0.0589135,0,0.175695,0.917662,1.25262,0.0656777,0.482515,1.70947,0.0161684,0.262832,0.329581
27.306666667,2.36898,0,0.000712159,0.428563,0.722791,1.30991,0.119926,0.537408,2.09306,0.0502775,0.550972,0.619697
27.353106576,2.41315,0.0129566,0.0117793,0.710188,0.578782,1.14271,0.0402462,1.09624,2.45235,0.0168911,0.446659,0.736953
27.399546485,2.37586,0.000840226,0.0018801,0.865139,0.67619,1.21212,0.00742891,1.54035,1.99083,0.0427176,0.201702,0.805538
27.445986395,2.45808,0.00266254,0.00206461,0.644718,0.671399,1.48374,0.0133429,1.36654,1.99345,0.278859,0.155052,0.911863
27.492426304,2.5227,0.00367758,0.0895267,0.200681,0.469905,1.60662,0,1.44605,1.71478,0.595294,0.331143,0.484152
27.538866213,2.43055,0.00398573,0.264367,0.146916,0.251525,1.72158,0,1.62419,1.26411,0.806495,0.232972,0.451009
27.585306122,2.45074,0.00406142,0.392707,0.118023,0.150975,1.7101,0,1.67253,0.916792,0.979474,0.112723,0.61715
27.631746032,2.68916,0.00284379,0.41003,0.158928,0.0896275,1.68091,0.171749,1.49355,0.472596,1.28461,0.0774281,0.270012
27.678185941,2.72814,0.222299,0.107276,0.197805,0.156962,1.88147,0.401326,0.99592,0.00245215,1.52101,0.137147,8.29657e-05
27.724625850,2.53898,0.169963,0.00616283,0.460983,0.235674,2.1173,0.345083,0.922231,0.346729,1.68132,0.190997,0.00102795
27.771065760,2.41045,0,0.0244452,0.26968,0.27324,2.40921,0.168183,0.758737,1.06646,1.82275,0.265066,0.00104811
27.817505669,2.07947,0,0.212811,0.940694,0.341101,2.58392,0.175206,0.377413,1.14698,1.25845,0.81099,0.000932987
27.863945578,1.30161,0.160682,0.0671868,1.36824,0.425331,1.753,0.16046,0.660786,0.358899,0.852372,1.78337,0.0801707
27.910385488,0.734903,0.21285,0.0046382,1.78229,0.331167,1.08183,0.111429,0.781427,0,0.808888,2.15109,0.108562
27.956825397,0.414554,0.219252,0.00147218,1.82516,0.189166,1.13345,0.0972863,1.12374,0.129891,0.637982,2.44438,0.0560342
28.003265306,0.918799,0.0948221,0,1.55025,0.0313603,1.20796,0.0210201,1.41551,0.815405,0.160519,2.25167,0.0109886
28.049705215,1.0806,0.0151932,0.00021275,1.39986,0.0268794,1.11365,0.0138685,1.35549,1.38207,0.0933579,1.73721,0
28.096145125,1.20016,0.0774224,0,1.52216,0.0225444,0.853542,0.0253749,1.36954,1.49023,0.189034,1.46636,0
28.142585034,1.20243,0.119239,2.11046e-05,1.64035,0.0547192,0.723941,0.0317338,1.37461,1.08198,0.661015,1.00086,0
28.189024943,1.0757,0.0463957,0.00195942,1.96539,0.221639,0.716877,0.0313391,1.36302,0.21595,1.61582,0.811017,0
28.235464853,0.59772,0.230454,0.0043232,1.93815,0.481935,0.903984,0.00930312,1.17738,0.0902204,1.85132,0.745333,0
28.281904762,0.350283,0.402779,0.00690968,1.95575,0.590527,1.02561,0.00580613,1.1467,0.0633087,1.62444,0.839968,0
28.328344671,0.369609,0.384317,0.00559123,2.02812,0.358864,1.26516,0.0263419,1.57563,0.0270304,0.982591,1.21883,0
28.374784580,0.548145,0.608383,0.012123,1.96094,0.0186256,1.17186,0.0692667,1.89581,0,0.384333,1.72343,0
28.421224490,0.442945,0.532385,0.100467,1.87036,0.012825,1.04632,0.113023,2.05067,0.00267408,0.162376,1.82095,0.000129328
28.467664399,0.458657,0.456268,0.0793634,1.87862,0.00760359,0.964266,0.122157,2.19087,0.00637834,0.0550919,1.7847,0.000237269
28.514104308,0.64674,0.281623,0.0643761,1.9749,0.00183359,1.00544,0.133849,2.18682,0.00836739,0.0523237,1.59186,0.000196877
28.560544218,0.849665,0.184872,0.0927212,2.1542,0,0.950504,0.147876,2.09847,0.00993004,0.053109,1.48192,0.0177754
28.606984127,0.834962,0.16652,0.0930165,2.36246,0,0.878585,0.146216,1.9802,0.0103743,0.0465766,1.5109,0.0590759
28.653424036,0.702531,0.169558,0.145688,2.57136,0,0.707548,0.131299,2.18218,0.00618321,0.0490736,1.40318,0.0197601
28.699863946,0.38313,0.114777,0.293689,2.44026,0,0.721553,0.0967562,2.46092,0,0.03396,1.39969,4.24449e-06
28.746303855,0.267525,0.0164456,0.644794,2.09036,0.00360957,0.633651,0.0854004,2.63844,0.00334797,0.00869103,1.67221,4.43174e-05
28.792743764,0.575089,0.00739359,0.900592,1.97645,0,0.565338,0.0793376,2.57292,0.00487272,0.068623,1.75507,0.123059
28.839183673,0.530967,0.00352406,1.12484,1.98251,0,0.572153,0.0876036,2.47043,0.015261,0.107544,1.59843,0.32649
28.885623583,0.424008,0.00331205,1.17907,2.10772,0,0.497484,0.0580309,2.6298,0.0335405,0.0565194,1.62053,0.258043
28.932063492,0.497313,0.0127674,1.26357,2.17629,0,0.497781,0.0434502,2.45645,0.082727,0.0597993,1.8,0.126824
28.978503401,0.38997,0.0266118,1.26244,2.07788,0,0.522556,0.0188197,2.27333,0.167413,0.0272606,1.94106,0.0331191
29.024943311,0.354416,0.0441191,1.14103,2.13316,0,0.442217,0.0219549,2.39468,0.157685,0,1.9893,0
29.071383220,0.521404,0.0542831,1.03129,2.17347,0.000329751,0.210807,0.0448605,2.49024,0.144944,0,1.97633,9.88829e-06
29.117823129,0.683082,0.0617749,1.01921,2.00123,0.00915202,0.0307634,0.0315988,2.53584,0.124851,0,2.04517,1.98901e-05
29.164263039,0.819788,0.0629312,1.03107,1.88429,0.00784944,0.211994,0.0384993,2.47075,0.151432,0,1.99219,0
29.210702948,0.75714,0.0832405,1.02683,1.83301,0.00655586,0.515921,0.057764,2.44865,0.181252,0,1.86737,0.0180257
29.257142857,0.47006,0.119489,1.01021,1.79552,0,0.888061,0.0778523,2.36581,0.19496,0,1.83142,0.0461648
29.303582766,0.464703,0.118885,1.02983,1.80781,0,1.19172,0.0909048,2.09207,0.167554,0,1.78971,0.052982
29.350022676,0.530011,0.107782,1.08237,1.80203,0.0272872,1.38633,0.0956551,1.9036,0.149557,0.00562907,1.67879,0.0446947
29.396462585,0.548333,0.113051,1.09221,1.78159,0.0290048,1.51121,0.100725,1.95988,0.146803,0,1.44513,0.0295343
29.442902494,0.400775,0.140627,1.02599,1.78213,0.0278754,1.50501,0.104399,2.21809,0.123641,0,1.44244,0.0082354
29.489342404,0.0402192,0.142856,1.03825,1.76435,0.018398,1.43046,0.0934537,2.42394,0.0884519,0,1.61454,0.0434002
29.535782313,0.0813345,0.144088,1.10438,1.84062,0.0163019,1.38351,0.0623318,2.41873,0.0627584,0,1.67876,0
29.582222222,0.0378273,0.117692,1.13895,1.9122,0.0192718,1.32431,0.0309812,2.38274,0.0570294,0.0128911,1.77073,3.88465e-06
29.628662132,0.0679403,0.0637945,1.11973,1.95385,0.0205941,1.2841,0.0221974,2.36988,0.0894236,0.0118296,1.79037,0
29.675102041,0.492042,0.0557311,1.24852,1.94714,0.0208681,1.22488,0.00826485,2.29266,0.107771,0.00596384,1.59354,0
29.721541950,0.680971,0.0502106,1.34091,1.95831,0,0.781691,0,2.50327,0.0812976,0.0704964,1.69174,0
29.767981859,0.697041,0.0493322,1.49132,1.92974,0,0.519586,0.0103319,2.50968,0.0583732,0.0551226,1.6591,0
29.814421769,0.592476,0.0502672,1.56588,1.93863,0.0230776,0.515573,0.0162522,2.53506,0.0357192,0.0453093,1.50946,0
29.860861678,0.52282,0.0518395,1.48561,1.9136,0.00762625,0.677246,0,2.63097,0.0748394,0,1.40676,0
29.907301587,0.691888,0.0508776,1.40968,1.90534,0,0.842517,0,2.55645,0.0942576,0,1.3087,0
29.953741497,0.690792,0.0475219,1.39802,1.96689,0.000664044,0.960195,0.00253302,2.42004,0.090206,0.000901064,1.20863,0
30.000181406,0.519297,0.0518908,1.39464,2.05473,0.0151418,1.01633,0.0297984,2.2879,0.0907212,0.0123314,1.19845,0
30.046621315,0.319597,0.0548012,1.37307,2.01362,0.0210701,1.01441,0.0506346,2.18594,0.0954093,0,1.26144,0
30.093061224,0.362686,0.0552833,1.34032,1.94696,0.0348375,0.8975,0.0498104,2.23955,0.114238,0,1.27162,1.74563e-06
30.139501134,0.347535,0.0590419,1.26477,1.92787,0.0375643,0.825473,0.0318045,2.50395,0.139434,0,1.26833,1.15989e-05
30.185941043,0.424655,0.0676301,1.13897,2.01307,0.0477682,0.769083,0.00776024,2.78545,0.0960315,0,1.13399,0
30.232380952,0.642325,0.0684337,1.08041,1.98558,0.0420018,0.660924,0.021617,2.89972,0.106624,0,0.970165,0
30.278820862,0.7575,0.0645975,1.0969,1.89654,0.0105585,0.605753,0.0275038,2.96814,0.14581,0,0.81064,0
30.325260771,0.774026,0.063693,1.08387,1.89947,0.0139459,0.731641,0.0381894,2.90742,0.132825,0,0.728786,0.0711158
30.371700680,0.597797,0.0569582,1.03118,1.97554,0.021789,0.963549,0.0714334,2.82531,0.0681335,0,0.740533,0.156496
30.418140590,0.161161,0.037827,1.00746,1.97086,0.0526016,1.10009,0.0776325,2.87123,0.0619237,0,0.765198,0.191293
30.464580499,0.269546,0.0286963,0.946912,1.96617,0.0697435,1.0608,0.113059,2.72982,0.0438351,0,0.827847,0.265254
30.511020408,0.303165,0.0403143,0.931675,2.05422,0.0742551,0.979017,0.109839,2.64392,0.0309199,0,1.14732,0.16602
30.557460317,0.124445,0.0122218,0.934575,1.75893,0.0432195,0.61824,0.230306,2.54759,0.0647301,0.115096,1.99912,0.467031
30.603900227,0,0.0510065,1.14771,1.35049,0,0.254513,0.45143,2.23772,0.0861926,0.141604,2.34927,0.631971
30.650340136,0.000127132,0.00250689,1.33769,1.48478,0.0481008,0.314784,0.639913,2.20759,0.077697,0.143931,2.35625,0.506271
30.696780045,0.02652,0.00187049,1.55305,1.75347,0.0117528,0.406658,0.543718,2.15713,0.0372817,0.101886,2.19588,0.415176
30.743219955,0.0686905,0.00164515,1.6877,1.86134,0.0158942,0.5303,0.24557,2.21463,0.0532709,0.0537522,2.16407,0.318225
30.789659864,0.115881,0,1.6504,1.93456,0.0251486,0.683146,0.0648883,2.35478,0.0713603,0,2.17486,0.358068
30.836099773,0.00763066,0,1.62074,1.86068,0.0207163,0.845245,0.0566593,2.3947,0.0912043,0,2.16513,0.42174
30.882539683,0.00600528,0,1.54492,1.80781,0.0156767,0.857273,0.058332,2.50011,0.127375,0,2.17321,0.160269
30.928979592,0.0701759,0,1.49247,1.7395,0.00494534,0.779996,0.0662419,2.57624,0.147829,0,2.07388,0.243749
30.975419501,0.122965,0,1.55571,1.65136,0.00888233,0.63532,0.0662181,2.65782,0.169338,0,2.00852,0.484199
31.021859410,0.012064,0,1.47299,1.75334,0.0681927,0.370037,0.0632623,3.09927,0.206459,0,2.08133,0.470608
31.068299320,0,0.00101938,1.34954,1.72796,0.00945745,0.0111315,0.0616738,2.99635,0.154494,0.0162246,2.26547,0.150404
31.114739229,0,0.127283,1.29782,1.57197,0.118685,0,0.0243941,2.7863,0.457258,0.0237697,2.44115,0.0200934
31.161179138,0.105275,0.124543,1.26542,1.40587,0.171921,0.0993033,0.0190216,2.44137,0.61831,0,2.37443,0.0407392
31.207619048,0.233837,0,1.34269,1.42781,0.182009,0.158434,0.0620535,2.11626,0.710745,0,2.30799,0.103666
31.254058957,0.202124,0,1.50014,1.50683,0.151405,0.110674,0.0133021,1.94569,0.786703,0,2.18711,0.238719
31.300498866,0.180104,0.000518083,1.47474,1.73988,0.160594,0.0867998,0.0320248,1.88752,0.769451,0,2.08486,0.238654
31.346938776,0.146088,0.00121537,1.43104,1.80975,0.173556,0.153058,0.0287519,1.92738,0.733412,0,2.25655,0.208146
31.393378685,0.083922,0.000339897,1.41022,1.79518,0.173695,0.199529,0.0350946,1.93306,0.687748,0,2.44953,0.190384
31.439818594,0.00276775,0,1.3772,1.79164,0.167493,0.286617,0.0770003,1.87419,0.632774,0,2.45991,0.199066
31.486258503,0.119486,0,1.23708,1.79792,0.137324,0.399085,0.194388,1.75468,0.621276,0,2.29124,0.073218
31.532698413,1.10584,0.0587937,0.667368,1.25746,0.0260957,0.361168,0.568824,1.27507,1.05789,1.91811e-05,2.08136,0.0408747
31.579138322,2.4219,0.0240901,0.417179,0.785181,0.013369,0.0560436,0.754588,0.23885,2.03032,0.0157942,1.4256,0.116408
31.625578231,2.60398,0.0250817,0.241675,0.781086,0.0414547,0.0366616,0.924593,0.0640484,2.53802,0.0179293,0.969219,0.139681
31.672018141,2.71715,0.017288,0.175224,1.0396,0,0.0421825,1.06533,0.0635012,2.58255,0.00577868,0.853378,0.13435
31.718458050,2.79875,0.00579276,0.139232,1.24812,0,0.0485267,0.978772,0.0558847,2.62766,0,0.757635,0.296939
31.764897959,2.68036,0.00190215,0.091211,1.34752,0,0.0505554,0.824415,0.055558,3.08327,0,0.724775,0.289155
31.811337868,2.41823,0.00392918,0.0297463,1.54061,0,0.0457439,0.836387,0.0330344,3.12609,0,0.949488,0.083581
31.857777778,2.43096,0.0055205,0.0181299,1.79125,0,0.058183,0.763767,0,2.94357,0,1.15551,0.0404671
31.904217687,2.59357,0.00685345,0.0419259,1.95041,0,0.0611205,0.648299,0,2.74786,0.00224251,1.16583,0.0848161
31.950657596,2.64311,0.0860268,0.0197257,2.03117,0,0.0454971,0.681884,0.0394458,2.51782,0.0197851,1.24935,0.0688315
31.997097506,2.73695,0.227052,0,2.07055,0,0.019726,1.00787,0.0589746,2.0758,0.00989649,1.31339,0
32.043537415,2.71462,0,0.000423998,1.97054,0.192598,0,1.20148,0.0636633,1.67101,0.615321,1.26653,0.0273839
32.089977324,2.61216,0.000612529,0.00276997,1.58302,0.277947,0,0.7788,0.0603658,1.30068,0.880706,1.51398,0.470318
32.136417234,2.30496,0.00130157,0.00461586,1.20688,0.162399,0,0.598684,0.788892,0.583059,0.501665,1.61503,0.927629
32.182857143,2.68732,0.205203,0.00279493,0.757001,0.404165,0,0.439097,0.538039,0.736725,0.239176,1.46637,0.718023
32.229297052,2.70379,0.239278,0,0.830785,0.66359,0,0.375088,0.333745,0.854823,0.131735,1.07119,0.264544
32.275736961,2.81425,0.26908,0,1.12361,0.662327,0.0104671,0.385084,0.350547,0.855978,0.092323,0.952016,0.154036
32.322176871,2.95981,0.299775,0,1.64758,0.289068,0.0118846,0.445715,0.24567,1.16466,0.575764,0.809724,0.22631
32.368616780,2.91146,0.257551,0.000681616,2.30461,0.163437,0.0462111,0.511227,0.162557,1.69585,0.942929,0.379333,0.222988
32.415056689,3.16926,0,0.00182934,1.76558,0.284689,0.0902914,0.41205,0.173693,2.55689,0.150043,0.308464,0.594312
32.461496599,3.00949,0,0.00332638,1.41453,0.318829,0.158761,0.311802,0.460691,2.67159,0.321648,0.170765,0.326304
32.507936508,2.73045,0,0.613572,1.12541,0.541233,0.0679244,0.34511,0.555277,2.37063,0.333446,0.428745,0.0296242
32.554376417,1.95431,0.000893599,0.963354,1.04639,0.568748,0.0199077,0.304848,0.33068,2.32174,0.150507,0.939717,0
32.600816327,1.50427,0.000899423,1.03498,1.39703,0.642778,0.106214,0.185635,0.107081,2.31599,0.0173617,1.27064,0.00526426
32.647256236,1.23756,9.42989e-05,0.913213,1.4154,0.649871,0.0969755,0.0627653,0.212825,2.38922,0,1.32769,0.0452426
32.693696145,1.56125,0.00516314,0.719414,1.41026,0.621157,0,0.0301851,0.430857,2.09525,0,1.0845,0.462971
32.740136054,2.6451,0.00042004,0.452834,1.41258,0.552062,0,0.043098,0.312598,1.91976,0,0.751569,0.529375
32.786575964,3.19082,0,0.0660339,1.31601,0.87793,0.109967,0.0669218,0.539192,1.64889,0.0277852,0.600049,0.0920671
32.833015873,3.26047,0.0571537,0.00221089,1.02935,0.863394,0.0412394,0.118787,0.786321,1.26664,0.0882305,0.703135,0.00614071
32.879455782,3.1907,0.0488422,0.00839881,1.3487,0.776675,0.0334932,0.177345,0.786493,1.09499,0.158417,0.685295,0.103678
32.925895692,2.9487,0.0913295,0.00324018,1.76142,0.426825,0.0364452,0.565885,0.870883,1.69481,0.128727,0.523694,0.376229
32.972335601,2.72137,0.234295,0.00367217,1.43625,0.301812,0.0467897,0.876146,0.396096,2.05208,0.0789187,0.628572,0.768728
33.018775510,2.77278,0.140277,0.00102952,1.12954,0.285295,0.0503946,1.11696,0.522541,1.64729,0.0450233,0.605129,0.539486
33.065215420,3.02512,0.106426,0.00371373,1.05855,0.254512,0.0381692,1.05724,0.528325,1.26458,0.00736155,0.709399,0.335687
33.111655329,3.02858,0,0.0059065,1.0644,0.175714,0.0431538,0.838895,0.651204,1.30081,0.0147777,0.931138,0.262708
33.158095238,2.96498,0.008029,0.00737416,1.42529,0.147475,0.0380267,0.815486,0.712185,1.03976,0.0186235,1.04361,0.248709
33.204535147,2.41091,0.0627859,0.00177029,1.75819,0.117175,0.0189529,0.954352,0.432199,1.16576,0.0266001,1.69826,0.256188
33.250975057,1.21879,0.083565,0.00360359,1.8653,0.0541903,0.0362912,1.02331,0,1.53673,0.0381271,2.13843,0.0608154
33.297414966,1.06286,0.00169184,0.0968995,2.05824,0.0207086,0.0421582,0.837554,0,1.6838,0.0421124,2.21302,0.126681
33.343854875,1.51487,0.0017054,0.0486219,2.04211,0.0248317,0.309905,0.680336,0,1.78489,0.0349721,2.08607,0.212868
33.390294785,2.18989,0,0.00583758,1.48644,0.0141992,1.00701,0.517809,0,2.59336,0.151228,1.16298,0.234178
33.436734694,2.38559,0,0.0053792,0.818216,0.0160625,2.00507,0.364177,0.0780632,2.41021,0.753354,0.0579408,0.187496
33.483174603,2.59328,0.0174356,0.0360784,0.229073,0.254479,2.07881,0.533795,0.465448,1.41799,0.676132,0.0874406,0.0779397
33.529614512,2.61691,0.199192,0.00107302,0.217919,0.402254,1.7785,0.650331,0.661709,0.623968,0.300408,0.354414,0.033574
33.576054422,2.57873,0.441352,0,0.177481,0.625337,1.74877,0.755886,0.72991,0.230969,0.0410998,0.576783,0.000638344
33.622494331,2.56189,0.556532,0,0.0860035,0.8333,1.84433,0.688032,0.766881,0.341351,0.0479811,0.620771,0.000638016
33.668934240,2.55973,0.551305,0,0.000147899,0.986138,1.85489,0.362499,0.740497,0.646586,0.12267,0.511278,0.647299
33.715374150,2.43421,0.513419,0.0640335,0,1.14819,1.51273,0.0637922,0.435673,1.10844,0.418719,0.876253,0.920823
33.761814059,2.58042,0.408663,0.0327327,0,0.850902,1.21207,0.153845,0.22618,1.18482,0.834771,1.06686,0.455439
33.808253968,2.52334,0.138599,8.19405e-05,0.261613,0.844702,1.13994,0.399996,0.319724,1.05465,0.899665,1.23922,0.0290435
33.854693878,2.49077,0.117765,0,0.36525,0.747492,1.21134,0.137932,0.475935,1.16687,0.744447,1.21489,0.0324865
33.901133787,2.32601,0.0879643,0,0.268259,0.928421,1.38915,0.0104903,0.514423,1.2107,0.879708,1.08812,0.0881915
33.947573696,2.19831,0.0451575,0.0144149,0.213326,1.13617,1.38533,0.051634,0.884303,1.07573,0.623809,0.912616,0.378025
33.994013605,2.66789,0.103919,0.0716176,0.27548,1.10154,1.48387,0.146784,1.10575,0.83124,0.21951,0.46664,0.552762
34.040453515,3.12546,0.2252,0.081685,0.206544,1.06223,1.32421,0.18107,1.40477,0.450799,0.114842,0.161385,0.206244
34.086893424,3.00777,0.244521,0.0744149,0.27649,1.10299,1.23295,0.101439,1.37552,0.279131,0.0571746,0.192702,0.139964
34.133333333,2.50838,0.0401295,0.0209474,0.402858,1.00054,1.81184,0.114591,1.24061,0.304735,0.0401446,0.921955,0.232435
34.179773243,1.93797,0.0336635,0,0.531459,0.841944,1.59935,0.172545,0.979329,0.695104,0.0423124,1.86619,0.154163
34.226213152,1.538,0.0485521,0.00126548,0.574384,0.889154,1.62757,0.108616,0.665006,1.46797,0.00168068,2.12611,0.179186
34.272653061,1.62491,0.00162562,0.00534858,0.399607,0.939842,1.62809,0.0871639,0.548928,1.76661,0.00219572,1.99392,0.194165
34.319092971,1.94289,0,0.00556724,0.593893,0.638964,1.59281,0.343122,0.679419,2.20571,0.265634,1.15188,0.150181
34.365532880,2.31576,0,0.00444034,0.605867,0.666413,1.43396,0.400242,0.291651,2.13599,0.531376,0.370361,0.961172
34.411972789,2.28934,0.0185238,0.00362035,0.302823,0.996375,1.29649,0.508976,0.143063,1.8192,0.207125,0.580827,1.15102
34.458412698,2.29073,0.135103,0.110618,0.145465,1.03812,1.32975,0.53718,0.0389299,1.40589,0.040639,0.89182,0.72454
34.504852608,2.18259,0.16153,0.362092,0.106635,1.00205,1.37518,0.35902,0.0405001,1.3202,0.00326063,0.951792,0.199154
34.551292517,2.00975,0,0.563197,0.0785495,0.818359,1.63768,0.503159,0.0449004,1.44613,0.00428521,0.981433,0.457756
34.597732426,1.82115,0,0.567589,0.147389,0.700203,1.5554,0.904647,0.23843,1.39824,0.113657,0.894982,0.786149
34.644172336,1.55959,0.578465,0.119666,0.275139,0.771076,1.48395,1.11374,0.538389,1.30423,0.105287,0.715721,0.782546
34.690612245,2.12151,0.534102,0.00189291,0.210288,0.694583,1.32915,0.511509,0.580042,1.37014,0.00285749,0.94316,0.560669
34.737052154,2.61928,0.308543,7.71365e-05,0.344873,0.665728,1.49541,0.217836,0.381442,1.5288,0.0951958,0.944518,0.118685
34.783492063,2.50773,0.217145,0,0.225562,0.705337,1.83817,0.0951692,0.247471,1.57349,0.174234,0.834779,0.273477
34.829931973,2.45472,0.00240397,0.0837572,0.339826,0.652465,1.88039,0.112285,0.0264333,1.52614,0.522953,0.536934,0.33716
34.876371882,2.46152,0.270997,0.631338,0.347447,0.625425,1.65543,0.256027,0.0354305,0.808366,0.354133,0.935427,0.127567
34.922811791,2.18161,0.233597,0.840687,0.342641,1.25216,1.51991,0.369286,0.198461,0.353714,0.315322,0.975516,0.032763
34.969251701,1.74635,0.0245485,0.487541,0.524191,1.82585,1.29088,0.408925,0.330134,0.364501,0.28509,0.773261,0.179744
35.015691610,1.26233,0,0.0194106,0.0381572,1.87758,1.26182,0.260585,0.425122,0.501441,0.216827,0.606658,0.349028
35.062131519,1.20076,0.00186615,0.0604,0.0210097,0.844021,2.40901,0.0997669,0.553019,0.415756,0.324157,0,0.384713
35.108571429,1.15277,0.171276,0.0353685,0.104486,0.0145114,3.15336,0.122479,0.532794,0.106648,0.815235,0,0.426665
35.155011338,1.07215,0.752564,0.584544,0.0539029,0.0141432,2.66773,0.639293,0.490809,0.0184459,0.629741,0.162264,0.364675
35.201451247,0.933536,0.246706,0.993764,0.0664231,0.040461,1.22261,1.58245,1.92639,0.0636474,0.224478,0.494729,0.239246
35.247891156,1.05775,0.0115464,1.0452,0.099714,0.0432447,0.456054,0.744362,3.03288,0.0182701,0.189867,1.10253,0.362799
35.294331066,0.876352,0.0332963,0.98179,0.69465,0.0478499,0.337528,0.0255047,3.33381,0.0120699,0.152453,1.52865,0.384115
35.340770975,0.275854,0.0573734,0.91616,1.21338,0.0583414,0.528146,0.0465115,3.31593,0.00432956,0.173297,1.70896,0.463183
35.387210884,0,0.243651,0.937483,1.35049,0.0825872,0.612625,0.00232268,3.00709,0,0.113912,1.92084,0.532604
35.433650794,0.0998283,0.214874,0.897434,1.39796,0.161904,0.633734,0.020723,2.6093,0.0207864,0,2.30772,0.278002
35.480090703,0.114567,0.183969,1.24444,1.46172,0.019843,0.745301,0.0410176,2.53383,0.10455,0,2.56938,9.81377e-05
35.526530612,0.102257,0.166976,1.27744,1.37806,0,0.784808,0.0670319,2.47153,0.193536,0.0352106,2.63577,0.000170574
35.572970522,0.0853097,0.186432,1.14572,1.34182,0.000472782,0.922615,0,2.60372,0.198914,0.0487636,2.56988,0.000143911
35.619410431,0.0327324,0.236351,0.988208,1.15757,0.00630354,0.930353,0,2.68906,0.136844,0.0361825,2.67089,6.2279e-05
35.665850340,0.0140981,0.0990878,0.960535,0.779591,0.0149083,0.886429,0.00528267,2.65915,0.0297464,0,2.87865,0
35.712290249,0.000299933,0.0285771,0.899061,0.576373,0.0481237,0.944125,0.0260501,2.42464,0.0848714,0.00724679,2.91229,0
35.758730159,0.000557403,0.26684,1.0103,0.51931,0.0400578,0.953751,0.118948,1.91654,0.366839,0.0495394,2.84433,0.0519035
35.805170068,0.0007717,0.973799,1.06607,0,0.0160508,0.821356,0.167888,1.8285,0.896364,0.0435166,2.53936,0.0528419
35.851609977,0.000622447,1.7189,1.32246,0.0309204,0.0403885,0.65364,0.174516,1.51239,0.970368,0.0181005,2.12106,0
35.898049887,0.122896,1.62629,1.34027,0.92509,0.0686019,0.569192,0.160646,0.967564,0.944469,0.0616742,1.50662,0
35.944489796,0.222153,0.926706,0.921228,1.98176,0.154872,0.380349,0.117672,0.990573,0.708191,0.52309,1.05201,0
35.990929705,0.248783,0.163391,0.58695,1.88291,1.12762,0,0.151638,0.925237,0.575542,0.787489,1.01525,0.154904
36.037369615,0.266483,0.140082,0.354148,1.31836,1.8619,0,0.229812,0.686871,0.410433,0.525404,1.48999,0.782188
36.083809524,0.20299,0.178918,0.400514,0.746949,2.23949,0.0323801,0.287873,0.408011,0.393291,0.0541926,2.50597,0.793854
36.130249433,0.206167,0.0988549,0.528828,0.220631,2.20643,0.224233,0.237081,0.701081,0.38635,0.000122331,3.40046,0.504898
36.176689342,0.366335,0.0259215,0.792943,1.14291,1.41563,0.680887,0.108293,1.55137,0.373401,0.0249202,3.09767,0.520743
36.223129252,0.204503,0.1784,1.28725,1.50807,0.853675,0.87367,0.11113,1.35951,0.197414,0.00236672,2.63562,0.341875
36.269569161,0.275043,0.0558104,1.26307,1.37648,1.24367,0.660199,0.241565,0.923105,0.226944,0.0332606,2.23585,1.05953
36.316009070,0.414939,0,1.05048,0.931473,1.7127,0.64085,0.255503,0.564626,0.305015,0.0130125,2.19561,1.08714
36.362448980,0.672474,0,0.908318,0.438671,1.68954,1.03719,0.293672,0.404769,0.299147,0.00259994,2.38718,0.700326
36.408888889,0.829123,0.00984213,0.799479,0.218011,1.22566,1.46151,0.185429,0.322188,0.133358,0.0423413,2.53532,0.319056
36.455328798,1.06678,0.0162417,0.873146,0.384786,1.39362,1.16554,0.0975202,0.329747,0,0.162489,2.73468,0.109833
36.501768707,0.811614,0.00298991,0.783956,1.17302,1.54126,0.533229,0.106412,0.712063,0,0.323314,2.83588,0.127238
36.548208617,0.140094,0.00292964,0.823569,2.1049,1.11893,0.443849,0.0964087,1.31911,0,0.195328,2.76012,0.0651215
36.594648526,0.000664902,0.00318633,0.922378,2.16735,0.401027,0.615281,0.0749477,1.87901,0.04161,0.03291,2.64547,0.139155
36.641088435,0.0525903,0.133459,0.953538,2.04794,0.00560483,0.48892,0.0473458,2.29628,0.156101,0,2.79652,0.111153
36.687528345,0.339576,0.242859,0.736954,1.36164,0.421632,0.612897,0.0629895,1.8994,0.414778,0,2.80168,0.155693
36.733968254,1.18393,0.126637,0.612428,0.591957,0.262521,1.74922,0.0930813,0.757685,0.378545,0.119644,2.42028,0.0676363
36.780408163,1.58731,0,0.368782,0.59873,0,2.51682,0.117312,0.102128,0.0134146,0.573793,2.00869,0.0656986
36.826848073,1.65844,0,0.149957,0.518575,0,2.7357,0.123984,0.0754765,0,0.609369,1.90694,0.0891254
36.873287982,1.75078,0.00183908,0.115706,0.522863,0.345604,2.50094,0.127583,0.121556,0.00729796,0.555932,1.89608,0.119163
36.919727891,1.72728,0.00367348,0.141045,1.16451,0.93017,1.50327,0.113127,0.582371,0.0208945,0.31151,2.05298,0.0534421
36.966167800,1.24584,0.0893428,0.0779957,2.45745,1.01835,0.355189,0.0881867,1.29158,0.0660618,0.162073,2.15622,0
37.012607710,0.521062,0.227558,0.0496166,3.28212,0.554676,0.189663,0.108296,1.71367,0.0632948,0.0874391,2.17585,2.40103e-05
37.059047619,0.222847,0.145493,0.232984,2.94154,0.156726,0.42229,0.11265,1.91225,0.0775654,0.0369308,2.40253,0.275075
37.105487528,0.193398,0.0824478,0.461602,1.51215,0.257875,0.671389,0.118645,2.39201,0.119798,0.0619731,2.63815,0.46291
37.151927438,0.450764,0.211505,0.475438,1.79389,0.201865,0.546256,0.412844,2.5775,0.150138,0.00672195,2.04633,0.544619
37.198367347,0.797611,0.197204,0.272008,2.01766,0.696791,0.216786,0.25743,2.36245,0.061307,0,1.81325,0.582934
37.244807256,0.714526,0.493752,0.240685,2.80863,0.674372,0.0125439,0.0218103,1.96558,0,0.0119999,1.67917,0.216218
37.291247166,0.319698,0.578498,0.0545155,3.15104,0.497949,0,0,1.87499,0,0.0147515,1.55598,0.00112626
37.337687075,0.27566,0.622219,0.00560579,3.14176,0.303859,0,0,1.84255,0.051792,0,1.59562,0.00124355
37.384126984,0.236715,0.705412,0.00448118,2.75175,0.164459,0.0318033,0.00214009,1.7022,0.182484,0,1.63359,0.00122004
37.430566893,0.156003,0.609629,0.00448771,2.22816,0.253679,0.610029,0.0107202,1.00778,0.340235,0.0262277,1.72419,0.000658266
37.477006803,0.00804847,0.517628,0.00542576,1.83197,0.443863,1.74384,0.0176472,0.585529,0.393423,0.0916495,1.76007,0.0947894
37.523446712,0.200312,0.164563,0.00957696,1.20546,0.305742,2.13707,0.0274026,0.424183,0.332719,0.527941,2.08288,0.170412
37.569886621,0.551986,0,0.0608208,1.14553,0.0412493,2.39645,0.0375807,0.283191,0.357059,0.775074,2.10287,0.163918
37.616326531,0.4001,0,0.00841763,1.26319,0.0728397,2.89403,0.013901,0.566109,0.130689,0.744439,1.81413,0.13625
37.662766440,0.420842,0.0067813,0.000656278,1.44219,0.0673985,2.85702,0.0178341,0.589269,0.00827145,0.678308,1.63873,0.144741
37.709206349,0.434973,0.0825709,0,1.4332,0.112014,2.57388,0.042087,0.152451,0,0.681881,1.50849,0.267384
37.755646259,0.552835,0.123664,0,1.32575,0.0703387,2.31852,0.0339911,0,0,0.766983,1.44164,0.325668
37.802086168,0.798474,0.111835,0,1.33682,0.0722446,2.08859,0.136929,0.0880792,0,0.816989,1.37383,0.249571
37.848526077,0.985155,0.0546238,0.132958,1.49901,0.0471345,1.53817,0.758931,0.751867,0,0.856353,1.12351,0.0417831
37.894965986,0.449285,0.124783,0.440556,1.40239,0.204117,0.76545,0.944634,1.88,0,0.32343,1.08492,0.0135424
37.941405896,0.248614,0.328692,0.327663,1.13319,0.258084,0.236904,0.659597,2.74579,0,0.288715,1.1585,0
37.987845805,0.359669,0.186118,0.62355,1.27388,0.075789,0.13526,0.195124,3.27418,0,0.287632,1.45614,0.0214789
38.034285714,0.11832,0.185614,0.922948,1.62413,0.0159796,0.0346278,0.100706,3.29907,0,0.2399,1.58651,0.0922775
38.080725624,0.155634,0.234404,0.752479,1.7856,0.0132625,0.4603,0.491776,2.61683,0.0154905,0.181381,1.83172,0.0907857
38.127165533,0.64789,0.224367,0.301627,1.72318,0.021375,1.32534,0.689809,1.43423,0.231644,0.031419,1.98524,0.056304
38.173605442,0.90101,0.261578,0.00102078,1.4689,0.0290552,2.26705,0.412433,0.955935,0.316756,0.186475,2.07693,0.0245652
38.220045351,1.30858,0.260581,0.00353952,1.31362,0.045543,2.68498,0.0452813,0.97897,0.153809,0.292708,2.11519,0.000549398
38.266485261,1.6203,0.221293,0.00584363,1.32018,0.233996,2.48096,0.0246789,1.27927,0.00797941,0.53294,2.08323,0.000404632
38.312925170,1.38745,0.21612,0.00493635,1.63643,0.268103,1.86451,0.00126083,1.70837,0.014821,0.502086,2.17581,0
38.359365079,1.17525,0.293005,0.371906,1.93536,0.145415,1.05022,0.00178722,1.92123,0.00745992,0.259719,2.32473,0
38.405804989,1.01415,0.346405,0.559877,2.09172,0.11922,0.801012,0.00615588,2.02238,0,0.178039,2.3485,0
38.452244898,1.05347,0.0743041,0.350287,2.28765,0.211787,0.707982,0.0316694,2.39215,0,0.0925826,2.03051,0.132521
38.498684807,1.89814,0.00304701,0.044385,2.56949,0.175515,0.639202,0.039596,1.97619,0.0756781,0.355306,1.19748,0.190764
38.545124717,2.27048,0.106964,0.292017,2.19865,0.0464281,0.816266,0.108656,1.47809,0.388364,0.271158,0.767417,0.125212
38.591564626,1.82943,0.0365131,1.45801,1.26482,0.0332196,0.384188,0.793083,1.38698,0.469742,0.0489893,0.962395,0.119331
38.638004535,1.10665,0.0015587,1.99859,0.677079,0.00261998,0.0108308,1.02219,1.76187,0.488732,0,0.947301,0.134462
38.684444444,0.794482,0.00161169,2.17913,0.442065,0,0.030698,1.04305,1.84017,0.429469,0.156498,0.9815,0.165413
38.730884354,0.684824,0.00145483,2.55123,0.398644,0.0505601,0.0349192,1.00399,1.76095,0.326841,0.654819,1.02246,0.15078
38.777324263,0.528939,0.00123161,2.86143,0.428366,0.221411,0.0266777,0.799908,1.75126,0.127797,0.959202,0.91133,0.0812653
38.823764172,0.378347,0.0716133,2.58802,0.467532,0.265901,0.0117304,0.565091,1.95702,0.156071,0.788763,0.715261,0.0295018
38.870204082,0.710555,0.676847,1.71249,0.774245,0.187114,0,0.88607,1.74717,0.562047,0.323348,0.592046,0.0005992
38.916643991,2.50166,0.362403,0.00437799,1.45599,0.400414,0.00900974,1.00391,1.23362,1.74138,0,0.506266,0.0467587
38.963083900,2.84923,0.0127875,0.0315558,1.64164,0.70234,0.00109658,0.932729,0.314914,2.43001,0,0.493858,0.0910338
39.009523810,2.8759,0,0.183798,1.61377,0.729074,0,0.833231,0.063212,2.60817,0.0872096,0.384425,0.13998
39.055963719,2.85341,0.0227202,0.180262,1.61187,0.464737,0,0.816333,0.0653209,2.87623,0.241758,0.139633,0.134205
39.102403628,2.77553,0.0796051,0.21079,1.68006,0.284505,0.00279612,0.801361,0.0192653,3.09075,0.195251,0.229092,0.298888
39.148843537,2.50211,0.155175,0.271377,1.40496,0.152486,0.00351786,0.902403,0.157197,3.16377,0.103145,0.656178,0.192758
39.195283447,2.43921,0.161026,0.22886,1.24121,0.126806,0,0.903432,0.224032,2.92312,0.0880717,0.822586,0.160044
39.241723356,2.41433,0.182212,0.109026,1.20466,0,0.10036,0.776186,0.309998,2.84774,0.0723223,0.976102,0.208844
39.288163265,2.40284,0.183568,0.120036,1.27401,0,0.11678,0.811606,0.293344,2.89147,0.028284,0.999729,0.263696
39.334603175,2.38844,0.158601,0.0875041,1.56047,0,0.0665382,0.8331,0.322937,2.88567,0.000304447,1.02799,0.306688
39.381043084,2.55338,0.0227973,0.0231041,1.88894,0.00289919,0.00914499,0.942588,0.333686,2.64235,0.000324066,1.04817,0.257402
39.427482993,2.27977,0.00198656,0.297299,1.98058,0.0678836,0,0.770165,0.612961,2.70355,0.0104761,0.941451,0.113595
39.473922902,1.51659,0.00772349,0.745653,1.64087,0.559496,0,0.607987,0.481233,2.77482,0.0873295,1.07314,0.306888
39.520362812,0.81004,0.151129,0.646935,1.46513,0.620031,0,0.425433,0.618195,2.16438,0.195395,1.85962,0.233445
39.566802721,0.593393,0.109367,0.409677,1.41392,0.572146,0.0288697,0.428897,0.595878,1.2961,0.0824136,1.9734,0.24133
39.613242630,0.359205,0.0320441,0.358691,1.08329,0.625658,0.0591432,0.574265,0.62099,0.78792,0.000166061,1.70572,0.473566
39.659682540,0.829998,0.161923,0.350229,0.998613,0.687835,0.0789432,0.619023,0.507608,0.722512,0,1.06689,0.743632
39.706122449,1.70477,0.215801,0.0862947,1.12994,0.783338,0.141555,0.585593,0.890793,0.906062,0.0205317,0.393408,0.894215
39.752562358,2.71341,0.0951443,0.00911427,1.45035,0.819757,0.0315545,0.411928,1.0356,1.23662,0,0.489551,0.346136
39.799002268,3.01749,0.0557354,0.0277653,1.63322,0.372515,0.0412742,0.221784,0.707649,2.28661,0.00272233,0.545052,0.374739
39.845442177,3.10187,0.0785432,0.123872,1.70358,0.177676,0,0.634256,0.434115,2.4831,0.0724219,0.36407,0.517564
39.891882086,2.94946,0.118616,0.117517,1.91867,0.0051002,0,0.652921,0.288788,2.74457,0.240497,0.00277031,0.000751694
39.938321995,2.80657,0.16407,0.0185771,1.97981,0.164371,0,0.484753,0.205777,2.66807,0.478558,0.0149908,0.000587544
39.984761905,3.00333,0.176705,0,1.73817,0.572269,0,0.25847,0.0677429,2.278,0.673508,0.135507,0.000434272
40.031201814,3.1241,0.161408,0,1.38811,0.761546,0.000800467,0.170585,0.0870735,2.06816,0.222342,0.274329,0.000345468
40.077641723,3.1719,0.143102,0.0126072,1.23277,0.747496,0.00458928,0.0530282,0.225342,1.96001,0.0848194,0.220723,0.000321295
40.124081633,3.15332,0.076124,0.00472058,1.13495,0.629524,0.00773043,0.0519339,0.301727,2.0906,0.120224,0.127773,0.000385884
40.170521542,2.89611,0.119445,0.008876,1.01271,0.439071,0.011472,0.0638574,0.283046,2.17329,0.0972226,0.329225,0.0431896
40.216961451,2.49086,0.0989538,0.0544804,0.90477,0.25759,0.0265835,0.0903842,0.21596,2.31972,0.0780045,0.429834,0.137883
40.263401361,2.40336,0.0310514,0,1.01548,0.024126,0.137848,0.075555,0.104471,2.3147,0.14591,0.229237,0.268523
40.309841270,2.36585,0,0,1.186,0.00122639,0.15667,0.0442794,0.190939,2.44692,0.130192,0.0911353,0.157013
40.356281179,2.74018,0,0.00305541,1.43134,0.00843694,0.143826,0.291088,0.610768,2.6594,0.0939094,0.0480031,0.0398364
40.402721088,3.08824,0.191463,0.00335806,1.64016,0.0116155,0.0229911,0.580055,0.729342,2.29361,0.0757528,0.0886591,0.0447496
40.449160998,3.36628,0.326123,0.0026134,1.8461,0.0299891,0,0.487108,0.658261,1.85593,0.00283344,0,0.182957
40.495600907,3.23597,0.329285,0.00281868,2.04866,0.0139396,0,0.343705,0.541051,1.71295,0,0,0.102389
40.542040816,2.75966,0.134878,0.00460014,2.16738,0,0.348491,0.364686,0.304795,1.96573,0.0715909,0.130211,0.138076
40.588480726,2.3859,0,0.00602123,2.19381,0,0.30094,0.51833,0.0754981,2.35202,0.28205,0.800394,0.380153
40.634920635,2.18527,0,0.0144213,2.3231,0,0.306963,0.534693,0.000545625,2.49442,0.329415,1.06881,0.318828
40.681360544,2.15444,0,0.0402042,2.48333,0.0220057,0.197146,0.407286,0.0744522,2.50754,0.276048,1.11855,0.217759
40.727800454,2.49438,0,0,2.37565,0.0305017,0.0614776,0.210137,0.24837,2.73626,0.0757117,1.02283,0.261043
40.774240363,2.42238,0,0.031083,1.9868,0.139629,1.03097,0.100631,0.270482,2.62183,0.0187058,0.194651,0.209503
40.820680272,2.40574,0,0.0143777,1.28135,0.715368,1.49304,0.072008,0.167862,2.29031,0.0273412,0.309341,0.113194
40.867120181,2.36315,0.00130717,0,0.603374,0.811376,1.43173,0.186247,0.149161,2.03644,0.0233089,0.80989,0.236359
40.913560091,2.01577,0.0010681,0,0.390793,0.850027,1.30803,0.230086,0.232572,1.71975,0.0585933,0.806892,0.50161
40.960000000,1.3462,0.00116011,0.160936,0.328099,0.991507,1.35762,0.214403,0.312297,1.46687,0.0667876,0.584864,0.64033
41.006439909,1.01926,0.0492004,0.324994,0.132912,0.773775,1.50594,0.217119,0.338051,1.45979,0.12252,0.552354,0.721195
41.052879819,1.04588,0.00149861,0.3154,0.222086,0.608145,1.69981,0.246979,0.662749,1.34206,0.0376909,0.336365,0.841415
41.099319728,1.77791,0.00118821,0.256741,0.348532,0.797586,1.73605,0.266625,0.884715,1.00579,0,0.407844,0.579531
41.145759637,2.39101,0.00212803,0.258523,0.643005,1.08116,1.56361,0.302116,1.11754,0.622528,0,0.76942,0.0355689
41.192199546,2.539,0.00260465,0.251461,0.665129,1.22754,1.60412,0.221208,1.10881,0.532373,0.0824462,0.957591,0.0205414
41.238639456,2.72703,0.0921569,0.148188,0.741473,0.931788,1.50266,0.222501,0.934421,0.70072,0.175325,0.793489,0.0200315
41.285079365,2.72456,0.150958,0.0724046,0.565992,1.22152,1.51671,0.265358,0.903575,0.422479,0.290117,0.859639,0.000274539
41.331519274,2.66151,0.186671,0.0724384,0.342412,1.32044,1.41189,0.330142,0.817812,0,0.347644,0.990012,0.000180018
41.377959184,2.62946,0.194352,0.0498018,0.180081,1.32962,1.20705,0.355094,0.915155,0,0.352548,0.98312,0.000156464
41.424399093,2.66725,0.13781,0.0407769,0.0982559,1.27794,0.997837,0.330117,1.26907,0,0.293941,0.880386,0.000142576
41.470839002,2.64161,0,0.0685238,0.0150844,1.08447,1.12636,0.736547,1.28859,0,0.207407,0.661044,0.151025
41.517278912,2.21583,0,0.452438,0.0104375,0.646368,1.14005,0.566297,0.701691,0.177497,0.157687,0.360896,0.488437
41.563718821,1.47534,0,0.697172,0.0463427,0.422017,1.28258,0.231614,0.357916,0.593383,0.00978486,0.589041,0.488839
41.610158730,1.6879,0.0172407,0.596976,0.20161,0.614124,1.4489,0.0970106,0.338182,1.21532,0,0.855407,0.193078
41.656598639,2.61868,0,0.0512436,0.2496,0.616773,1.52162,0.121284,0.524227,2.11734,0.0161252,0.835476,0.1248
41.703038549,2.46904,0,0.169591,0.239739,0.279848,1.79147,0.620289,0.659806,2.22186,0.0134132,0.421689,0.506094
41.749478458,2.38453,0.00213609,0.147759,0.0403073,0.984524,1.89827,0.462167,0.953837,2.20675,0.0369714,0.210427,0.446903
41.795918367,2.45042,0.00197729,0.17315,0.113799,1.28126,1.77461,0.283938,1.04732,2.0177,0.00755734,0.599715,0.180194
41.842358277,2.35433,0,0.218162,0.17551,1.20541,1.96078,0.244419,0.993652,1.84742,0.0355242,0.617755,0.14765
41.888798186,2.32685,0.0863712,0.173064,0.195931,1.10431,1.97202,0.267425,0.848532,1.58667,0,0.601865,0.000508041
41.935238095,2.27545,0.1285,0.157874,0.194234,0.856554,1.94694,0.344457,0.705793,1.53932,0.120564,0.502856,0.00036582
41.981678005,2.27048,0.0880098,0.0800719,0.163819,0.590243,1.94678,0.48313,0.434435,1.70979,0.491213,0.314222,0.0465786
42.028117914,2.28236,0.0329856,0,0.510696,0.791022,1.9569,0.634016,0.412497,2.08156,0.344308,0.309785,0.244131
42.074557823,2.26678,0.0864713,0,0.900661,0.73039,1.80821,0.975281,0.488442,2.22823,0.0318303,0.811885,0.218612
42.120997732,2.62039,0,0,0.688115,0.517547,1.79556,1.04221,0.222591,2.33723,0,0.89883,0.145728
42.167437642,2.7439,0,0.185432,0.534084,0.503964,1.97265,0.88618,0.0830125,2.20499,0.258638,0.457655,0.086133
42.213877551,2.76207,0.000133327,0.277786,0.720106,0.486555,1.87004,0.7522,0.180682,1.80917,0.518026,0.254386,0.0666921
42.260317460,2.57697,0.00142369,0.12011,0.639777,0.446907,1.94993,0.634315,0.447132,1.481,0.551178,0.146674,0.160188
42.306757370,2.69341,0.00180854,0.182484,0.688367,0.338564,1.78311,0.567173,0.570926,1.29549,0.441935,0.0972148,0.134882
42.353197279,2.74763,0.00178825,0.240152,0.758118,0.415905,1.59252,0.464694,0.703918,1.34967,0.429638,0.118641,0.274744
42.399637188,2.73755,0.00165541,0.152929,0.733504,0.326821,1.75258,0.483999,0.55102,1.73187,0.838719,0.0898878,0.201954
42.446077098,2.62947,0,0.00148142,0.958907,0.279664,1.96613,0.461237,0.454446,2.11628,0.956539,0.102873,0.000547798
42.492517007,2.55517,0,0.083207,1.02253,0.247043,1.97096,0.419778,0.258946,2.2004,1.0111,0.0920361,0
42.538956916,2.42803,0,0.234819,1.20427,0.220362,1.98928,0.251056,0.478231,1.84437,1.0679,0.136977,0.0279524
42.585396825,1.52602,0.000294317,0.42674,1.89754,0.367536,1.78362,0.328161,0.960007,0.775478,0.297649,1.22382,0.0783219
42.631836735,0.474589,0,0.589247,2.27576,0.291166,1.48659,0.296955,0.87702,0.611329,0.199029,0.965748,0.28387
42.678276644,0.300998,0.0546806,0.84434,1.71295,0.381622,0.98519,0.182812,0.680285,1.20842,0.129998,1.24713,0.326896
42.724716553,0.341479,0.0758117,0.941762,1.45306,0.301603,0.954833,0.0742137,0.611878,1.48913,0.0509704,1.49818,0.27315
42.771156463,0.324135,0.057282,1.09794,1.58498,0.368311,1.12443,0.0997721,0.643408,1.55108,0.0907673,1.61817,0.176034
42.817596372,0.285308,0.0306286,0.879984,1.535,0.652271,1.07364,0.205747,0.905995,1.15536,0.253382,2.01698,0.0734719
42.864036281,0.112269,0.0543887,0.82301,1.73333,0.771497,1.07015,0.11873,1.245,0.188248,0.194666,2.17569,0
42.910476190,0.058958,0.0776623,0.854008,1.88174,0.558704,1.11091,0.0297338,1.50902,0.0676386,0.068119,2.18049,0.0345993
42.956916100,0.0999553,0.135642,0.973914,2.05883,0.509781,1.11872,0.0654356,1.71791,0.151777,0.0449616,2.14309,0.113665
43.003356009,0.161881,0.0577523,0.974334,2.17826,0.254679,1.01365,0.11032,2.00676,0.128376,0,2.11557,0.0607759
43.049795918,0.147274,0.0454831,0.822023,2.30998,0.0273859,0.996386,0.131695,2.09145,0.0824075,0,1.96654,0.116966
43.096235828,0.163429,0.114955,0.579773,2.22101,0.0486056,1.13464,0.0773015,2.08424,0.013217,0.0296282,1.76878,0.0827622
43.142675737,0.126596,0.121899,0.380972,1.99256,0.0381369,1.09861,0.0665095,2.33418,0.0249993,0.111371,1.79029,0.0331438
43.189115646,0.088065,0.0964303,0.47203,1.79304,0.00298418,1.01293,0.119028,2.52739,0.0483521,0.0241378,1.74597,0.0494629
43.235555556,0.0566911,0.0608283,0.621527,1.79408,0.00770433,0.852823,0.113625,2.60173,0.133143,0,1.83895,0.0567518
43.281995465,0.0768075,0.0474655,0.594539,1.97724,0.0267094,0.75316,0.112642,2.56737,0.2355,0,1.96993,0.0249077
43.328435374,0.0701267,0.0774999,0.504383,2.1718,0.0374823,0.728455,0.111663,2.41993,0.255958,0.0165148,1.98689,0.00917537
43.374875283,0.0584058,0.151703,0.330943,2.21391,0.0235201,0.813047,0.103109,2.33005,0.222475,0.0306587,2.02748,0.0891649
43.421315193,0.0926901,0.140533,0.468365,2.1335,0.00924306,0.941507,0.10255,2.37126,0.176593,0,2.0419,0.140481
43.467755102,0.0191046,0.0151636,1.01253,1.66371,0.00723199,0.81508,0.102759,2.4785,0.116038,0,2.43366,0.157385
43.514195011,0,6.56123e-05,1.11532,1.42851,0.0209108,0.76602,0.073936,2.67921,0.063192,0,2.73423,0.165488
43.560634921,0,0.000777486,1.22523,1.57049,0.0178282,0.787132,0.0592029,2.66137,0.0443861,0,2.68907,0.161936
43.607074830,0.00979399,0.000492098,1.27408,1.76509,0.0187796,0.709757,0.0796536,2.68871,0.0663194,0,2.61338,0.163419
43.653514739,0.181032,0,1.2773,1.95722,0.0598914,0.689275,0.0961343,2.57648,0.158897,0,2.35838,0.0858304
43.699954649,0.184284,0.00542926,1.2512,2.05,0.0785857,0.721592,0.0934381,2.57883,0.288797,0.020681,2.01715,0.0443044
43.746394558,0.211174,0.0263279,1.23039,2.00866,0.0165273,0.66299,0.0795554,2.50039,0.322137,0.0180743,1.96759,0.0733032
43.792834467,0.148306,0.0651068,1.15442,1.87188,0.0142918,0.605862,0.09042,2.66805,0.338491,0,1.93645,0.133034
43.839274376,0.0616368,0.0446463,1.20365,1.65185,0.0135569,0.484893,0.0873869,2.86197,0.33557,0,2.07971,0.185762
43.885714286,0.0784192,0.0272784,1.24227,1.45915,0.00690576,0.318791,0.071128,3.09076,0.236696,0,2.39648,0.212685
43.932154195,0.139336,0.0884536,1.22863,1.65185,0.00681688,0.32556,0.0431271,3.18066,0.208325,0.0356345,2.29236,0.162348
43.978594104,0.0356155,0.0279369,1.10757,1.78665,0.0162091,0.405783,0.03058,3.19879,0.23176,0,2.29632,0.209341
44.025034014,0.0837577,0.0205789,1.14443,1.80841,0.00827277,0.559632,0.02988,2.96141,0.255946,0,2.29162,0.221019
44.071473923,0.117912,0.0509505,1.19426,1.83831,0.00252457,0.778584,0.0369436,2.74122,0.19975,0,2.17781,0.236674
44.117913832,0.13744,0.0722912,1.24692,1.89736,0.00351056,0.94922,0.043298,2.52025,0.114181,0,2.13145,0.211825
44.164353741,0.0647679,0.0842056,1.2972,1.91113,0.0119548,1.01838,0.0180479,2.48292,0.027721,0,2.15173,0.183433
44.210793651,0.000236233,0.0846573,1.28699,1.95039,0.030925,1.03041,0.0129749,2.67254,0,0,2.15827,0.135981
44.257233560,0,0.0913867,1.23254,1.92345,0.0340158,1.00899,0.00370511,2.8111,0.0415772,0.0444499,2.24639,0.0891784
44.303673469,0,0.0841863,1.24586,2.03761,0.034228,0.990935,0.000305731,2.8812,0.0158876,0.0842701,2.24368,0.0393188
44.350113379,6.53899e-05,0.071271,1.26948,2.12893,0.0350291,0.996282,0,2.79477,0,0.0554282,2.26444,0.0150358
44.396553288,0.126109,0.0081583,1.27295,2.03979,0.0225928,0.97588,0,2.26941,0.0210779,0,2.59561,0.0473224
44.442993197,0.117133,0,1.13656,1.91491,0.0204817,1.02689,0.0252339,1.93213,0.155991,0,2.62316,0.0904235
44.489433107,0,0,1.10996,1.83823,0.0351461,1.06317,0.027952,2.04565,0.244035,0,2.53108,0.123626
44.535873016,0,0.0853918,1.17072,1.83701,0.0482366,0.983191,0.00673135,2.1686,0.261542,0,2.61473,0.159696
44.582312925,0.124466,0.0933301,1.41377,1.88738,0.0491782,0.956779,0.0309413,2.01772,0.170606,0,2.60213,0.123926
44.628752834,0.185073,0.0638391,1.55165,1.90069,0.0273937,0.950527,0.0584839,2.0377,0.141146,0,2.63741,0.187874
44.675192744,0.181022,0.0115926,1.54911,1.8899,0.0237585,0.953025,0.0619034,2.08577,0.139256,0,2.64665,0.257286
44.721632653,0.0400981,0,1.43126,1.83745,0.0902794,0.91888,0.0464969,2.23965,0.156461,0.0283055,2.71253,0.265212
44.768072562,0,0.0015522,1.34738,1.69837,0.125418,0.889491,0.0207068,2.29312,0.171019,0,2.86009,0.304244
44.814512472,0.0701447,0.00188775,1.39998,1.64348,0.1616,0.909466,0.00225988,2.21596,0.185273,0,2.84392,0.264523
44.860952381,0.0998564,0.00593112,1.44127,1.69567,0.161874,0.894057,0.000576465,2.15738,0.215981,0.000670559,2.77254,0.256861
44.907392290,0.0810143,0.0111138,1.45821,1.80759,0.0395561,0.855577,0.00312209,2.10724,0.191586,0.00160247,2.75805,0.250363
44.953832200,0.00018182,0.0204018,1.38462,1.92253,0.0354498,0.840849,0.00594519,2.20911,0.155153,0,2.79252,0.273928
45.000272109,0.000490187,0.0282627,1.29324,2.04174,0.0247137,0.916126,0.005152,2.17391,0.14519,0,2.69646,0.372262
45.046712018,0.000188296,0.0432864,1.24376,2.0649,0.103807,0.928242,0.00375878,2.17022,0.134851,0,2.63001,0.394894
45.093151927,0.0714257,0.0463316,1.31352,2.03066,0.156848,0.901181,0.00353532,2.08897,0.146157,0,2.66099,0.339058
45.139591837,0.170656,0.084287,1.24857,2.03138,0.0327415,0.980167,0.00420417,2.14903,0.107982,0,2.62821,0.28853
45.186031746,0.269805,0.0520252,1.04452,2.08792,0.00129456,0.903669,0.0353364,2.19528,0.217804,0,2.65031,0.275358
45.232471655,0.293584,0,1.02505,2.14487,0.0103669,0.878402,0.0473422,2.04922,0.382422,0,2.5938,0.206136
45.278911565,0.246324,0.00893338,1.03396,2.24689,0.0171512,0.88232,0.0494616,1.90603,0.436824,0,2.51173,0.160796
45.325351474,0.127669,0,0.935483,2.24241,0.0119052,0.971834,0.0496681,1.94149,0.384001,0.0159999,2.60296,0.228977
45.371791383,0.0540243,0,1.20436,1.82107,0.00279597,1.1948,0.0226402,2.21433,0.237449,0,2.60721,0.238372
45.418231293,0.0588009,0,1.1663,1.67656,0.00295896,1.45625,0.0119224,2.39191,0.238229,0,2.23025,0.259561
45.464671202,0.100325,0.00108619,1.04687,1.80102,0.01237,1.57774,0.0152534,2.4579,0.252933,0.118646,1.89494,0.282066
45.511111111,0.000677885,0.00122258,0.923789,1.9631,0,1.62421,0.0383691,2.59038,0.262802,0.0618706,1.88148,0.264849
45.557551020,0.0679514,0.00191998,1.01315,2.00051,0,1.67744,0.0471865,2.55083,0.279961,0,1.77262,0.265734
45.603990930,0.190242,0.0139194,1.09625,2.01194,0.0119095,1.66171,0.0354014,2.41778,0.341409,0,1.72257,0.335856
45.650430839,0.187514,0.0103602,1.11821,1.94755,0.0632728,1.56154,0,2.45387,0.381084,0,1.74909,0.390662
45.696870748,0.220557,0.0424641,1.17149,1.93609,0.0202393,1.42555,0.00355895,2.41415,0.396047,0,1.76451,0.339491
45.743310658,0.194984,0.0839548,1.22291,1.91707,0.0170063,1.36867,0.0062265,2.37847,0.438928,0,1.77642,0.302326
45.789750567,0.0238024,0.142247,1.13938,1.888,0.00403885,1.30725,0.00659595,2.54258,0.525828,0,1.80617,0.402388
45.836190476,0.000309911,0.233057,1.17356,1.87645,0.0108532,1.06052,0.00888129,2.63968,0.574117,0,1.83382,0.535742
45.882630385,7.95663e-05,0.318472,1.24487,1.9156,0.0160874,0.830306,0.00627529,2.50303,0.535373,0,2.08969,0.197481
45.929070295,0.0874191,0.385809,1.11627,1.95111,0.0232568,0.713607,0.00447879,2.22485,0.483663,0,2.09655,0.172428
45.975510204,0.209567,0.421735,0.9529,2.0338,0.0215625,0.696435,0.0163862,2.023,0.487581,0,2.07865,0.047108
46.021950113,0.187807,0.480219,0.931512,2.1102,0.0320362,0.744809,0.0139741,2.06175,0.419553,0,1.9342,0
46.068390023,0,0.597395,0.842201,2.05683,0.0337151,0.832148,0.00895853,2.31062,0.386709,0.033598,2.05138,0
46.114829932,0,0.617138,0.772546,2.04772,0.0241172,0.890557,0.00325546,2.32301,0.418605,0.050741,2.14795,0
46.161269841,0.00714629,0.590448,0.770196,2.02935,0.0219931,0.853436,0,2.36126,0.404279,0.0529093,2.2203,0
46.207709751,0,0.537826,0.752328,1.99352,0.0248577,0.81853,0.000740062,2.42884,0.33895,0.0781246,2.35464,0.0513572
46.254149660,0,0.42249,0.629828,2.29379,0.022939,0.657817,0,2.38761,0.24269,0.112709,2.39812,0.0534155
46.300589569,0.650826,0.179023,0.683996,2.58084,0.0258366,0.354173,0.0224274,2.0399,0.117964,0.0302627,1.73326,0
46.347029478,1.51592,0.00127719,0.682795,2.43249,0.0267655,0.241223,0.0383399,1.91549,0.0815487,0.294514,1.12277,0.117352
46.393469388,1.79248,0.00173831,0.570076,2.37556,0.0281484,0.230983,0,2.19006,0.363634,0.171119,0.752788,0.461696
46.439909297,1.91824,0.00220251,0.523679,2.28154,0.0188908,0.244255,0.00507435,2.40374,0.67771,0.0242208,0.3996,0.565256
46.486349206,2.27502,0.00264587,0.577374,2.23875,0.0220793,0.502754,0.0244686,2.20256,0.759218,0,0.286641,0.540202
46.532789116,2.63841,0.00248233,0.652599,2.18482,0.022887,0.899126,0.0357928,1.73899,0.92272,0,0.0857907,0.444362
46.579229025,2.88763,0.00235847,0.609642,2.17675,0.0089933,1.04422,0.0406871,1.61251,1.0011,0,0,0.25425
46.625668934,2.68997,0.0934592,0.5763,2.11739,0.0114696,1.01814,0.0534476,1.28714,1.00007,0,0.41618,0
46.672108844,2.75042,0.123582,0.466294,1.9573,0.0711604,0.940893,0.0670711,1.1268,0.911681,0,0.68693,0
46.718548753,2.92088,0,0.396001,1.89044,0.225399,0.958916,0.1026,1.16204,0.721424,0,0.748813,0
46.764988662,3.01057,0.0214327,0.394021,1.59206,0.33674,1.01588,0.0497491,1.44106,0.531759,0,0.819553,0.0934075
46.811428571,2.8665,0.0359323,0.602478,1.29015,0.499145,0.884715,0,1.64494,0.317561,0,0.993363,0.139211
46.857868481,2.46648,0.0325127,0.764643,1.18065,0.485043,0.569445,0,1.89763,0.201808,0,0.985291,0.136684
46.904308390,2.10755,0.0702268,0.757816,1.17665,0.402981,0.534594,0,1.8615,0.248452,0,0.951584,0.131912
46.950748299,2.31158,0.125899,0.670948,0.944973,0.505131,0.568081,0.0159637,1.80129,0.233045,0,0.952116,0.164886
46.997188209,2.83541,0.138905,0.629028,0.831588,0.779575,0.465788,0.0110077,1.71654,0.126698,0,0.940008,0.177878
47.043628118,3.04028,0.12512,0.580834,0.84707,0.595358,0.384031,0.00116446,1.8817,0.033894,0,0.973258,0.113767
47.090068027,2.91857,0.103477,0.5858,0.977409,0.393654,0.462997,0.0518919,2.04435,0,0.00189759,0.977455,0
47.136507937,2.6647,0.0949527,0.573953,0.889596,0.31387,0.489691,0,2.34221,0,0,1.11782,0.0741475
47.182947846,2.55044,0.07428,0.665723,0.880654,0.212261,0.530639,0,2.50463,0,0,1.22582,0.162913
47.229387755,2.50789,0.0674408,0.748484,1.03018,0.189611,0.511044,0,2.34116,0,0,1.38809,0.124495
47.275827664,2.40713,0.149325,0.696004,1.18531,0.249787,0.473478,0.00733707,2.04341,0.00299859,0,1.43078,0.0352064
47.322267574,2.36242,0.188178,0.660714,1.27386,0.261054,0.381347,0.0133211,1.93323,0.00359581,0,1.3961,0
47.368707483,2.52922,0.142093,0.541829,1.28881,0.326051,0.19863,0.00923764,2.08813,0.0015286,0,1.32138,0
47.415147392,2.95046,0.16289,0.431692,1.21724,0.346237,0.147407,0,2.19383,0.00972177,0,1.27739,0
47.461587302,3.29064,0.179424,0.477799,1.05441,0.344596,0.24733,0,2.18774,1.55503e-05,0,1.17756,0
47.508027211,3.48218,0.128861,0.539734,0.83365,0.302359,0.296714,0.0314985,2.17517,0,0,1.17447,0
47.554467120,3.24883,0.0719436,0.586989,0.585137,0.29385,0.274513,0.0397665,2.31023,0,0,1.2812,0
47.600907029,2.93333,0.0159258,0.711051,0.613555,0.314267,0.157944,0.0214854,2.33588,0.0267964,0,1.31794,0
47.647346939,2.61791,0.00120532,0.701717,0.750926,0.390685,0.16876,0.0175262,2.4432,0.00184219,0,1.32499,0.013735
47.693786848,2.51414,0.00200891,0.646346,0.874378,0.497666,0.206894,0.00951924,2.43422,0,0,1.34475,0.0881573
47.740226757,2.39741,0.00255122,0.624105,1.12829,0.695789,0.253366,0.0116242,2.36114,0,0,1.40971,0.0174762
47.786666667,2.60612,0,0.553969,1.24757,0.814831,0.297916,0.0155601,2.08636,0,0,1.39625,0.147059
47.833106576,2.71357,0.00781233,0.420773,1.3058,0.70505,0.372877,0.00299233,1.97739,0,0,1.32512,0.206778
47.879546485,2.46506,0.064944,0.269027,1.16331,0.69792,0.517408,0.0241376,2.20275,0,0,1.28069,0.200508
47.925986395,2.06361,0.0218966,0.752721,0,0.902466,0.840021,0.0925408,2.33144,0,0,1.80382,0.237616
47.972426304,1.92319,0.0115575,0.893266,0,0.946661,0.853824,0.111696,2.2693,0,0,1.855,0.402024
48.018866213,2.03651,0.00970183,0.983928,0.00209809,0.91473,0.839946,0.136046,2.08317,0,0.025586,1.82207,0.274579
48.065306122,2.18953,0.0011513,1.02032,0.314031,0.899003,0.710852,0.0997765,2.17234,0,0.00557968,1.79667,0.229611
48.111746032,2.23091,0.0905839,0.886676,0.816162,0.774477,0.459707,0.105696,2.65947,0.220646,0,1.86004,0.152999
48.158185941,2.03573,0.325666,0.261508,0.868951,0.420579,0.435793,0.0690564,2.81319,0.153407,0,1.95268,0.442036
48.204625850,1.72781,0.285332,0.068463,0.690642,0.470882,0.340471,0.194155,2.3663,0.16277,0.0276232,2.23335,0.387302
48.251065760,1.52219,0.364482,0.1614,1.06498,0.717614,0.287682,1.25512,1.12251,0.260869,0.108271,1.99687,0.18985
48.297505669,1.00033,0.307494,0.3509,1.11674,0.862723,0.559604,1.29718,0.723379,0.333418,0.0605706,1.96547,0
48.343945578,0.862322,0.079074,0.485994,0.804996,1.28616,0.682162,1.63643,0.330988,0.230264,0.003968,2.10592,0
48.390385488,0.516811,0.0269205,0.532173,0.472511,1.69275,0.861828,1.89219,0.267361,0.124342,0.00038984,2.62319,3.65126e-05
48.436825397,0.343769,0.0778664,0.56166,0.299944,1.68794,1.08536,1.72251,0.359966,0.0420966,0.000857705,2.83666,0.0432815
48.483265306,0.630864,0.240859,0.347862,0.010938,1.17114,0.786503,1.55328,1.31051,0.0938614,0,2.57568,0.436101
48.529705215,0.85373,0.287677,0.333366,0.00646164,0.544902,0.668869,1.11347,2.27387,0.481316,0.00352978,2.22761,0.548528
48.576145125,0.897379,0.167163,0.497289,0.00776683,0.494276,0.690035,0.928985,2.50002,0.811256,0,2.09972,0.586348
48.622585034,0.87302,0.207692,0.631237,0.084191,0.476505,0.647489,0.686512,2.45059,0.934396,0.00421232,2.00951,0.618761
48.669024943,0.780803,0.0608939,0.711084,0.254365,0.539316,1.2575,0.593912,2.05344,0.935957,0,1.98594,0.535571
48.715464853,0.731495,0.125894,0.48249,0.143999,0.635502,1.54477,0.561978,1.35325,0.839749,0,2.11424,0.427919
48.761904762,0.781415,0.200383,0.316147,0.0344433,0.468611,1.65516,0.525365,1.03235,0.858144,0,1.89422,0.459266
48.808344671,0.940337,0.240669,0.161305,0.306996,0,1.70316,0.392423,0.897292,1.05447,0.0234112,1.34934,0.522447
48.854784580,1.0434,0.293028,0.0894461,0.64862,0,1.30523,0.268024,0.721456,0.883408,0.0219184,1.49005,0.478888
48.901224490,1.06632,0.161028,0.0331395,1.98539,0,0.929509,0.238665,0.511854,1.33629,0,1.50755,0.457913
48.947664399,0.955677,0,0.0261856,2.8356,0.00131947,0.882543,0.230353,0.628685,1.3725,0,1.38839,0.279839
48.994104308,0.9266,0.000501594,0.159639,2.88021,0.0201762,0.451554,0.215894,0.855536,1.49813,0,1.57851,0.192685
49.040544218,0.975524,0.00174626,0.395016,2.37574,0.0174924,0.470907,0.122149,1.26437,1.84049,0,1.70841,0.190859
49.086984127,1.24273,0.0518936,0.74242,1.27953,0.118001,1.34066,0.0951577,1.18578,2.03104,0,1.48277,0.116809
49.133424036,1.27431,0.165632,0.804653,0.881187,0.123916,1.45833,0.0825657,0.755746,1.74697,0,1.40255,0.104207
49.179863946,1.43344,0.0287697,0.643913,0.846978,0.211539,1.29979,0.0914564,0.466984,1.68927,0,1.26981,0.153508
49.226303855,1.6406,0.00127112,0.649735,0.65315,0.364636,1.16542,0.0939373,0.627697,1.85227,0,1.16494,0.21604
49.272743764,2.08043,0,0.621035,0.531147,0.437263,0.983149,0.107772,1.36935,1.33594,0,0.99595,0.304415
49.319183673,2.48702,0,0.628645,0.119814,0.590422,0.868251,0.111792,1.80733,0.766119,0,1.21663,0.451203
49.365623583,2.27807,0.000138496,0.751211,0.00681224,0.0772176,0.726015,0.104581,2.10683,0.469014,0,1.48271,0.465263
49.412063492,1.98214,0,0.926576,0.165973,0.015193,0.676867,0.0959659,2.26872,0.229652,0,1.53498,0.492323
49.458503401,1.15622,0.130222,0.43198,0.12794,0.0187666,0.949648,0.0745966,2.43549,0.162026,0,1.18197,1.48604
49.504943311,0.412187,0.255781,0.478444,0.104189,0.0576833,0.770144,0.0585867,2.18332,0.175618,0,1.0194,1.69611
49.551383220,0.100074,0.15476,0.497291,0.112116,0.00871175,0.81747,0.0301588,1.82986,0.402768,0.0800339,1.22837,1.96717
49.597823129,0.0627891,0.0124778,0.401399,0.200865,0.0571402,0.913239,0.0217179,1.90769,0.531349,0.0763231,1.47792,2.17777
49.644263039,0.524386,0.000361126,0.251891,0.370016,0.0205429,1.0126,0.00880213,2.03053,0.297583,0.086572,1.56739,2.29032
49.690702948,1.50798,0,0,0.748943,0,1.34835,0.0428529,2.44113,0.0511046,0.0866789,1.38436,1.84701
49.737142857,1.78926,0.115526,0.0248655,0.89342,0.03599,1.6763,0.0630542,2.65788,0.0495772,0.134906,0.731115,1.16063
49.783582766,1.43035,0.129821,0.473336,0.800258,0.155267,1.77024,0.0699061,2.23256,0.0540233,0.154884,0.413142,1.18827
49.830022676,0.375594,0.113606,1.01464,0.46283,0.200835,1.69307,0.217676,1.97765,0.268374,0.077962,0.500638,1.37715
49.876462585,0.550413,0.351813,1.19373,0.00766046,0.204533,1.7647,0.0684651,1.82579,0.594854,0,0.63747,1.27527
49.922902494,1.17692,0.437725,0.897094,0.0373096,0.0151851,1.70941,0.0918143,2.10725,0.708384,0,0.715541,1.06888
49.969342404,1.63987,0.529232,0.397519,0.936184,0.0185829,1.39167,0.249427,1.91902,0.650034,0,0.947909,0.931111
50.015782313,1.90433,0.507318,0.388028,1.24361,0.0248854,1.06941,0.489477,0.916198,1.62011,0.0381623,0.892266,0.64669
50.062222222,2.10955,0.5545,0.559852,1.19455,0.0301829,0.850041,0.688585,0.363243,2.32011,0.0480815,1.0211,0.296624
50.108662132,2.30738,0.617141,0.738022,1.27583,0.027172,0.660634,0.792434,0.158437,2.55257,0,1.11161,0.409536
50.155102041,2.08058,0.481512,0.708106,1.4624,0.00172912,0.665318,0.808298,0.0479612,2.79377,0,1.04835,0.743697
50.201541950,1.73853,0.388764,0.536783,1.90423,0,0.313788,0.779416,0.0576646,2.26123,0,1.14809,0.870491
50.247981859,1.49754,0.407834,0.382567,2.15778,0,0.0718608,0.727915,0.230371,1.63729,0,1.33751,0.820944
50.294421769,1.37784,0.362534,0.236893,2.43777,0.00214788,0.0625838,0.590904,0.487036,1.43021,0.0186678,1.43886,0.696412
50.340861678,1.39179,0.159292,0.388307,2.28921,0.00458649,0.0739409,0.423367,0.359022,1.71431,0.0616483,1.42144,0.769386
50.387301587,1.69472,0.00234034,0.631865,1.95372,0.0062067,0.190339,0.287341,0.379053,2.28829,0.0470597,1.18109,0.779242
50.433741497,2.30741,0.211454,0.699147,1.47603,0,0.431213,0.260954,0.380194,2.69004,0.0453954,0.797386,0.570707
50.480181406,2.32654,0.792612,0.678945,1.30657,0,0.652305,0.372675,0.355427,2.58438,0.0576953,0.742742,0.233079
50.526621315,2.41324,0.939744,0.639383,1.13303,0.103404,0.714655,0.501073,0.276301,2.60998,0,0.770752,0.162284
50.573061224,2.51142,0.748457,0.691873,1.35396,0.0212971,0.443193,0.631144,0.260771,2.74438,0,0.565298,0.156165
50.619501134,2.67751,0.398129,0.644965,1.69331,0.00789421,0.271191,0.562141,0.242834,2.81472,0,0.630789,0.203816
50.665941043,2.5368,0,0.750601,1.79134,0.00181672,0.308281,0.549692,0.209697,3.02305,0,0.684849,0.262723
50.712380952,2.43361,0.0101738,0.826191,1.96632,0.00124539,0.277365,0.557735,0.142192,3.0099,0,0.722648,0.186599
50.758820862,2.39293,0.0017589,0.874078,1.72166,0.0040222,0.388296,0.643689,0.0468673,3.23414,0,0.584105,0.285556
50.805260771,2.29103,0,0.926297,1.48136,0.0172548,0.804592,0.717852,0.028797,3.29048,0,0.432346,0.378171
50.851700680,2.09278,0,1.0189,1.19245,0.0288559,1.0298,0.665455,0.010318,3.29967,0,0.448738,0.452423
50.898140590,2.0638,0.0774604,0.940088,1.15944,0.0323566,0.573277,0.583027,0.0101839,3.32288,0,0.636324,0.454436
50.944580499,2.19833,0.238322,0.80091,1.21807,0.0240767,0.0308952,0.3923,0.0238053,3.4937,0.00419567,0.690009,0.290658
50.991020408,2.2472,0.245222,0.747977,1.3507,0.0184631,0.0424609,0.250226,0.0402532,3.63949,0,0.553145,0.174441
51.037460317,2.36066,0.267794,0.741077,1.51822,0.0204338,0.146717,0.13416,0.0582748,3.37405,0,0.493894,0.18078
51.083900227,2.56202,0.0397191,0.764076,1.53337,0.0186641,0.452862,0.124442,0.218037,3.04384,0,0.618496,0.254175
51.130340136,2.62467,0.00543817,0.754104,1.58096,0.0122823,0.72914,0.154161,0.427248,2.61047,0,0.679217,0.289026
51.176780045,2.55021,0.00562325,0.729581,1.55824,0.0027298,0.799397,0.250112,0.507386,2.37246,0,0.782128,0.263348
51.223219955,2.5945,0.00555897,0.726604,1.61508,0.00174381,0.476266,0.419435,0.322449,2.59805,0.00341646,0.731549,0.229169
51.269659864,2.57099,0.197156,0.723126,1.55979,0.00208949,0.198037,0.509412,0.00394156,2.80808,0,0.781523,0.28296
51.316099773,1.82454,0.764082,0.779264,1.39834,0.00224235,0.0422001,0.457293,0.186643,2.94675,0.142287,0.68259,0.180591
51.362539683,0.307903,1.49655,0.779877,0.868338,0.268738,0.405576,0.151731,0.221502,2.19497,1.2675,0.260378,0
51.408979592,0.392936,1.3912,0.491292,0.60426,0.379442,0.673236,0.0691445,0.27755,0.97466,2.06208,0.330527,0
51.455419501,0.244454,1.23233,0.402563,0.735609,0.314958,1.15285,0.0598995,0.279767,0.325269,1.77012,1.2644,0
51.501859410,0.124618,1.12145,0.780964,1.02324,0.193864,1.13039,0.043298,0.0500281,0.142396,1.02892,2.17967,0
51.548299320,0.0626809,0.801173,1.17364,1.19397,0.104858,1.08775,0.0369715,0.0261259,0.262418,0.19575,2.77169,0.020843
51.594739229,1.06906,0.244785,1.09647,1.29142,0.0614121,0.956036,0.0240325,0.923801,0.135612,0.231645,2.53387,0.11385
51.641179138,2.65295,0.000149974,0.337965,1.00081,0.563757,0.81028,0,1.77967,0.00786412,0.397913,1.7281,0.1314
51.687619048,2.86916,0.00862521,0.192502,0.724047,0.79528,0.386564,0,1.91983,0.0217934,0.237938,1.23077,0.219508
51.734058957,2.69367,0.062994,0.183778,0.575895,1.10768,0.271354,0.0027791,1.88191,0.0218539,0.112792,0.779959,0.205985
51.780498866,2.67868,0.115689,0.156311,0.501173,1.13875,0.0861056,0,1.65924,0.0144751,0.0687511,0.452299,0.314921
51.826938776,2.55802,0.223947,0.0420703,0.252575,0.494195,0.327044,0.317997,0.93741,0.246783,0.0791446,0.574652,0.707993
51.873378685,2.34418,0.253607,0.0455607,0.0223726,0.0403329,1.16778,0.767598,0.716932,1.164,0.00196254,0.256314,0.878143
51.919818594,2.27404,0.384372,0.283449,0.00195758,0.0319,1.48301,0.682019,0.00837885,2.03129,0,0.151835,1.0434
51.966258503,2.41804,0.361726,0.485344,0.0058493,0.31603,1.48411,0.901527,0.0046437,2.13223,0.0390826,0.1022,0.801057
52.012698413,2.42086,0.573325,0.201272,0.00823363,0.735425,1.0877,1.38094,0.0479664,1.95176,0.351599,0.0852514,0.652512
52.059138322,2.05083,0.76878,0.304768,0.00405075,1.08529,0.599746,2.02388,0.0401966,1.87422,0.454401,0.429313,0.421771
52.105578231,1.78875,0.294705,0.892353,0.00730066,1.0728,0.798149,2.25053,0.0156694,1.57569,0.300334,0.394842,0.5569
52.152018141,1.57518,0.0419284,1.1315,0,1.05275,0.723231,0.900001,2.38067,0.495256,0.0252096,0.590068,0.772796
52.198458050,1.23189,0.0557459,1.02887,0.00243092,0.919398,0.77135,0.132407,2.92659,0.0667543,0.0459536,0.822557,0.988769
52.244897959,1.21259,0.0543108,1.28329,0.00561506,0.542869,0.781789,0.43433,2.57517,0.0490385,0.0594846,0.575424,0.958346
52.291337868,1.51181,0.0397756,0.928238,0.0869398,0,0.57949,1.13741,1.89515,0.166679,0.423178,0.394814,0.659026
52.337777778,1.23565,0.000894475,0.4139,0.0397294,0.00104367,0.829905,1.34272,1.88744,0.471098,0.638018,0.208144,0.72751
52.384217687,1.1146,0,0.655263,0.00804281,0.11221,1.31008,1.24183,0.900799,1.08367,0.459105,0.222427,0.713922
52.430657596,1.42843,0.0242314,0.451475,0.17345,0.17132,2.06407,0.675395,0.307259,1.30058,0.35647,0.163749,0.439537
52.477097506,1.45803,0.00602798,0.232362,0.292411,0.172877,2.4768,0.280063,0.197472,1.12712,0.320501,0.601057,0.239366
52.523537415,0.934761,0.00258635,0.112708,0.771008,0.15063,2.25196,0.142687,0.0505803,0.778539,0.465247,1.39881,0.222515
52.569977324,0.66618,0,0.197515,1.87432,0.134623,1.75471,0.208219,0,0.639306,0.860935,1.35214,0.21382
52.616417234,0.469777,0,0.27508,2.40931,0.104644,1.44607,0.347806,0.449806,0.455836,0.999666,1.26644,0.189405
52.662857143,0.422214,0,0.228472,2.59243,0.0648962,1.43964,0.477747,0.607503,0.306331,1.01529,1.32684,0.113813
52.709297052,0.911039,0.00242428,0.27281,2.119,0.0114491,1.61374,0.517595,0.199045,0.373479,0.897459,1.37992,0.123027
52.755736961,1.5829,0.468333,0.641606,0.708439,0.0662213,1.85595,0.743148,0.0431998,1.07624,0.602647,0.965324,0.707716
52.802176871,1.90816,0.568204,0.682608,0.0655606,0.342937,1.57588,1.53316,0.0338645,1.17174,0.251858,0.0432925,0.828256
52.848616780,1.99601,0.508676,0.468005,0.0678895,0.389272,1.6656,1.64403,0.202632,1.31011,0.0627799,0.000988976,0.603457
52.895056689,1.88445,0.875931,0.192444,0.0513448,0.336739,1.84146,1.10537,0.0432986,1.71403,0.169583,0.00140223,0.627249
52.941496599,1.7488,1.01016,0.110417,0.0135445,0.337434,1.78536,0.905556,0,1.70372,0.51127,0.284016,0.697039
52.987936508,1.62393,1.11733,0.00707028,0.0546367,0.439518,1.21847,1.20384,0.180869,1.57455,0.772601,0.73267,0.426099
53.034376417,1.69787,1.27353,0.0641847,0.356935,0.468808,0.955279,1.32144,0.0395485,1.50327,0.788983,0.574646,0.323266
53.080816327,1.80769,1.14334,0.450903,0.57841,0.278361,1.31309,0.474512,0.24435,1.75117,0.806761,0.244598,0.807288
53.127256236,1.77459,0.0213195,0.740025,0.338256,0.468171,1.78359,0.0539438,0.527303,1.19501,1.05756,0.413644,0.706587
53.173696145,2.07301,0.000884092,0.928126,0.428775,1.01483,1.70965,0.0613963,0.208857,0.842989,1.0103,0.388845,0.21651
53.220136054,2.33094,0.00307428,0.691963,0.805906,0.82262,1.98106,0.063788,0.218737,0.944471,0.982593,0.222334,0.0561119
53.266575964,2.2939,0.0038079,0.0606442,1.09608,0.170461,2.14178,0.0945497,0.14523,0.950677,1.11644,0.289484,0.0942365
53.313015873,1.73228,0.328371,0.0286159,1.18921,0.107587,2.27949,0.137357,0.0922556,0.485409,1.00528,0.467496,0.103491
53.359455782,1.20372,0.855676,0.0282869,0.502141,0.188063,2.49118,0.294688,0.0506499,0.0949445,0.461283,0.783249,0.312325
53.405895692,0.858823,1.09723,0.415391,0.0732728,0.383726,2.23588,0.261716,0.342438,0.015508,0,0.865407,0.565503
53.452335601,0.833579,0.575976,1.1112,0.0839231,0.356675,1.77621,0.112998,1.76431,0.0194741,0.0109436,0.348396,1.03558
53.498775510,0.99751,0.156611,1.32241,0.257744,0.196611,1.54474,0.0537023,2.6526,0.0135247,0.114544,0.0569763,1.24976
53.545215420,0.948191,0.175237,1.31268,0.378222,0.00620287,1.40859,0.0502364,3.09413,0.00509409,0.133686,0.0476864,1.22421
53.591655329,0.782355,0.183148,1.45677,0.593283,0.00725443,1.27551,0.0427037,3.29423,0.000397278,0.159385,0.149889,1.22604
53.638095238,0.681365,0.125939,1.37028,0.501868,0.0495031,1.02898,0.0261378,3.29794,0.00149362,0.181835,0.368208,1.23873
53.684535147,0.815163,0.0348949,1.29166,0.363965,0.0304043,0.902787,0.115991,2.83368,0.00253526,0.475737,0.440163,1.14839
53.730975057,1.10818,0.0358672,1.35305,0.659658,0.0519184,1.02536,0.0899759,2.33136,0.00216521,0.497846,0.265906,0.867914
53.777414966,1.43284,0.087653,1.24112,0.805766,0.0584433,1.37251,0.541233,1.74955,0,0.192329,0.749584,0.413323
53.823854875,1.62684,0,0.820344,1.11697,0.0312475,2.18596,0.565964,1.00157,0,0.453694,1.2419,0.0727108
53.870294785,1.66726,0,0.138786,1.48871,0.0530664,2.46363,0.397035,0.463346,0.0512618,0.43873,1.23924,0.186998
53.916734694,1.3629,0,0.137475,1.61754,0.0609709,2.73895,0.295891,0.0980179,0.0962366,0.510487,1.19393,0.287406
53.963174603,1.1978,0.0338673,0.257965,1.57619,0.099168,2.89909,0.166379,0.0572446,0.144417,0,1.29015,0.332249
54.009614512,1.56521,0.166984,0.357158,0.676906,0.0860053,2.50044,0.072909,0.829699,0.414558,0,1.46452,0.257045
54.056054422,1.99604,0.139846,0.484496,0.0561543,0.0316074,2.15629,0.403166,1.10519,0.555079,0,1.45109,0.0943806
54.102494331,2.16197,0.187686,0.576147,0.00308059,0.0200745,2.24369,0.25757,1.2596,0.448266,0,1.53451,0.120452
54.148934240,2.09889,0.286208,0.61561,0.00843196,0.128692,1.84213,0.0860093,1.79717,0.162563,0,1.68218,0.164786
54.195374150,1.957,0.217142,0.577479,0.0239702,0.478707,1.58986,0.420845,1.76779,0.135421,0,1.7958,0.170864
54.241814059,2.41325,0.208717,0.424122,0.0433789,0.611819,1.10867,0.567163,1.65524,0.281257,0,1.62715,0.167374
54.288253968,2.82876,0.190729,0.309778,0.879328,1.00696,0.786772,0.487898,1.61639,0.228843,0,0.990896,0.164125
54.334693878,2.95403,0.0955625,0.383873,1.23521,1.06756,1.0643,0.380415,1.70417,0.157831,0,0.781353,0.128417
54.381133787,2.98834,0.00693432,0.437106,1.35914,0.698349,1.06013,0.564135,1.83304,0.0853869,0,0.868743,0
54.427573696,3.10063,0,0.42627,1.19379,0.286817,0.985596,0.756725,1.89379,0.0671,0.028053,0.907366,0
54.474013605,3.26949,0,0.33024,1.26399,0.118944,0.831324,0.723701,1.86814,0.0423728,0,0.82248,0.0463773
54.520453515,3.24831,0.127583,0.298509,1.43096,0.156919,0.942584,0.626773,1.817,0.0156469,0,0.687399,0.0335988
54.566893424,3.15207,0.218465,0.362497,1.43181,0.183686,1.2224,0.151225,2.14744,0,0,0.644171,0
54.613333333,3.3323,0.265441,0.303061,1.33907,0.378764,0.844411,0.181374,2.17803,0,0,0.563898,0.229809
54.659773243,3.44323,0.193578,0.29728,1.25392,0.201034,0.859762,0.172626,2.11775,0,0.019577,0.62062,0.24837
54.706213152,3.48569,0.0669951,0.450552,1.20498,0.110451,0.895891,0.166841,1.86725,0,0.0208306,0.81543,0.141143
54.752653061,3.33682,0.0172547,0.598243,1.15675,0.13287,0.691032,0.172278,1.65363,0,0.00052721,1.10818,0.134064
54.799092971,3.26615,0.036755,0.570966,1.03112,0.210911,0.547939,0.104044,1.53884,0,0,1.24453,0.147245
54.845532880,3.26988,0.0405495,0.598452,1.02661,0.184327,0.553577,0.0674824,1.57613,0.0102895,0,1.07952,0.0438163
54.891972789,3.35556,0,0.599623,1.0396,0.0828978,0.475009,0.0215324,1.72784,0,0,1.07913,0
54.938412698,3.54077,0.00170122,0.572484,0.993872,0.059858,0.404699,0.0109058,1.85369,0,0,1.16956,0.00573566
54.984852608,3.62354,0.00175433,0.42188,0.777071,0.304639,0.249823,0.0488251,2.01098,0.13273,0,0.997945,0.0480975
55.031292517,3.29125,0.000277968,0.0116255,0.323451,0.933057,0.0312816,0.0396123,1.61005,0.316443,0.681213,1.02753,0.0139788
55.077732426,2.39768,0.00118524,0.11662,0.232122,1.20639,0.117289,0.0449044,0.753881,0.0994367,1.0873,1.21692,0.0280979
55.124172336,1.43829,0.00137888,0.000298354,0.135645,1.06768,0.631599,0.0455613,0.760258,0.0344067,1.11579,1.61579,0.0576628
55.170612245,1.19177,0.000586066,0,0.406893,0.729464,0.93296,0.0507312,0.846745,0.0329823,0.611122,2.14972,0.0793328
55.217052154,1.02335,0,0.110093,0.688594,0.156486,1.15184,0.0552236,1.09677,0.269608,0.163303,2.22701,0.131347
55.263492063,1.1518,0,0.355743,0.884797,0.280224,1.04611,0.0434894,1.18064,0.411923,0.0850806,1.85705,0.131334
55.309931973,2.16288,0.021003,0.141442,0.784479,0.556275,0.68267,0.0214633,1.56439,0.362378,0.0970349,1.11117,0.455807
55.356371882,3.12148,0.0883103,0.111081,0.384039,0.495432,0.680854,0.62505,1.6222,0.311213,0.0313265,0.436253,0.0640003
55.402811791,3.4701,0.146842,0.119292,0.156806,0.737586,0.472735,0.788077,1.7826,0.108038,0.091459,0.213403,0.029344
55.449251701,3.46171,0.158563,0.0719365,0.0320179,0.930235,0.624548,0.595899,1.69079,0.0560897,0.0110246,0.644424,0.0181286
55.495691610,2.92179,0.0788412,0.207525,0.135388,0.262942,0.487155,0.58445,1.3321,0.307785,0.00524838,1.60803,0
55.542131519,2.27579,0.0182272,0.281859,0.774692,0.480197,0.244658,0.578684,0.876329,0.243863,0.0124375,2.11066,0.307164
55.588571429,1.29454,0.382077,0.00141954,1.39325,0.517811,0.330204,0.489427,1.09761,0.194677,0.0220865,2.33874,0.411355
55.635011338,1.01195,0.77119,0.00326473,1.61605,0.817276,0.333868,0.163264,0.549751,0.650475,0.0046481,2.21694,0.15772
55.681451247,0.780397,0.780262,0.00285646,1.52943,1.12572,0.903767,0.0535122,0.522619,0.978664,0.00272986,1.63254,0
55.727891156,0.663653,0.827896,0.00218246,1.3858,0.415311,1.29334,0.0122004,0.7343,0.686053,0.0493053,1.23805,0.000349904
55.774331066,0.820851,0.642438,0.00315271,0.855222,0.0445605,1.33778,0.120757,1.76537,0.148611,0.0545482,1.11705,0.289114
55.820770975,0.810229,0.271906,0.211424,0.732893,0.153475,1.40507,0.131072,2.79659,0.0486749,0.0297831,1.00499,0.52327
55.867210884,0.940415,0.104083,0.199634,0.960114,0.315619,1.12885,0.0935439,2.91921,0.00870974,0,1.08774,0.382311
55.913650794,1.08526,0.205337,0.0822092,1.25251,0.354256,0.346025,0.042825,2.81885,0,0,1.48974,0.198377
55.960090703,0.564552,0.203975,0.00620744,1.23946,0.414839,0.235834,0.0735466,3.13806,0.0210919,0,1.83049,0.245892
56.006530612,0.658329,0.296323,0.00723423,0.595089,0.443955,0.903623,0.261706,3.07454,0.0300458,0,1.84395,0.272081
56.052970522,0.812705,0.378703,0.00568606,0.124469,0.162923,1.59808,0.182894,2.67842,0,0,1.66982,0.13871
56.099410431,0.844705,0.231352,0.226848,0.163498,0.0115956,2.26392,0.0811113,2.01641,0,0.186256,1.48018,0.0843568
56.145850340,1.02432,0.0465471,0.475283,0.205055,0.00467541,2.77256,0.132332,1.09007,0,0.63717,1.16573,0.13064
56.192290249,1.14517,0.0441161,0.558043,0.0879592,0,2.89393,0.12844,0.624086,0.103681,0.610258,1.27912,0.121105
56.238730159,1.14513,0.134272,0.567904,0.119509,0.183676,2.58826,0.0322277,0.758137,0.124387,0.297273,1.71627,0.000114119
56.285170068,0.582968,0.00271065,0.576166,0.639735,0.30833,2.32676,0,0.830726,0.218114,0.244074,2.00552,0.000261652
56.331609977,0.225188,0.024558,0.484605,1.37349,0.38961,1.73026,0.00505541,0.895251,0.288772,0.315605,1.9641,0.0741041
56.378049887,0.216462,0.0623804,0.300617,1.99361,0.38814,0.899598,0.0121026,1.18888,0.468843,0.153177,2.19429,0.0470185
56.424489796,0.305528,0.104378,0.290392,2.21655,0.302224,0.821377,0.0244865,1.4922,0.50923,0.226104,2.53807,0.0253363
56.470929705,0.827895,0.123971,0.700649,1.84865,0.78459,0.874223,0.0660215,1.2364,0.539697,0.202442,2.67041,0.0501085
56.517369615,0.680526,0.0353883,0.762963,0.985182,0.925621,1.36549,0.110909,0.66631,0.614048,0.0959452,2.71195,0.091825
56.563809524,0.836176,0.0080705,0.677314,0.206801,0.772998,1.44282,0.141209,0.196624,0.706891,0.0248698,2.40246,0.154546
56.610249433,0.960813,0.00937454,0.671076,0.149835,0.630753,1.44305,0.143058,0.436572,0.545995,0.0135295,2.10897,0.152688
56.656689342,1.11463,0.0710834,0.775648,0.0899616,0.57416,1.48199,0.12901,0.717254,0.567442,0.0166177,1.85897,0.0336127
56.703129252,1.32271,0.0666468,0.879781,0.446088,0.58062,1.8098,0.0776707,1.07573,0.726316,0.0442754,1.67207,0.000539654
56.749569161,1.21634,0.00560284,0.894701,0.968349,0,1.7583,0.52178,1.29529,0.464491,0.0816637,1.77374,0.697927
56.796009070,0.8079,0.00128725,0.782356,0.875873,0,1.42572,0.900839,1.13462,0.0995198,0.0736888,1.30039,1.33274
56.842448980,0.291228,0.000290354,0.792183,0.298299,0.0231256,1.54498,0.767173,0.964178,0.120801,0.0168351,0.620331,2.1385
56.888888889,0.491708,0,0.840652,0.239156,0.0645857,1.44341,0.528687,0.975214,0.0311721,0,0.23984,2.48786
56.935328798,0.640037,0,0.688631,0.299268,0.0538014,1.26684,0.334346,1.18323,0,0,0.194097,2.45476
56.981768707,0.972116,0.172764,0.707603,0.34851,0.021816,1.20019,0.475765,0.912251,0.0496608,0.00857547,0.453734,2.02532
57.028208617,1.32694,0.264353,0.774029,0.27821,0.0272682,1.09699,0.3327,0.779068,0.0303723,0.049284,0.572815,1.71889
57.074648526,1.08234,0.505183,0.897963,0.117106,0.025595,0.70607,0.0371084,1.3531,0.173996,0.0965474,0.910321,1.39115
57.121088435,0.708668,0.619409,0.876656,0.0039585,0.120286,0.324451,0.0456716,1.66031,0.32944,0.208555,1.22788,1.16616
57.167528345,0.696524,0.949419,0.670433,0.00395303,0.0961433,0.305218,0.221621,1.87074,0.182925,0.257927,1.13209,0.958094
57.213968254,1.05881,1.53517,0.602043,0.0241616,0.0543786,0.460054,0.225927,1.97452,0.123886,0.0121629,1.06863,0.335559
57.260408163,1.8772,1.50603,0.702775,0.00671591,0.0519319,0.918882,0.0125336,1.79336,0.389815,0.00477855,1.16483,0.189378
57.306848073,2.40181,1.2662,0.599279,0.00430909,0.038986,1.16119,0.0489452,1.73603,0.576835,0,1.08636,0.19808
57.353287982,2.53671,0.127095,0.410107,0.00765099,0.190539,1.37241,0.283888,1.37027,1.45233,0.0321879,0.686095,0.524681
57.399727891,2.75661,0.00147728,0.285027,0.810612,0.406866,1.15517,0.417825,0.712571,1.70889,0.0474319,0.0745505,0.897921
57.446167800,2.87487,0.00158435,0.263019,1.09019,0.418811,0.554429,0.563391,0.216588,2.27127,0.00163462,0.0591222,1.08684
57.492607710,3.02487,0.106419,0.926802,0.859691,0.252725,0.305405,0.633541,0.0955199,2.58983,0,0.0911885,1.01417
57.539047619,2.7785,0.307475,1.2078,0.587724,0.134541,0.268605,0.959308,0.0144871,2.6288,0.272418,0.0439229,0.355187
57.585487528,2.17264,0.532996,1.26683,0.418069,0.0248583,0.286186,0.767095,0.0294564,2.25286,0.453734,0.13303,0.205443
57.631927438,1.65328,0.781507,1.24952,0.444019,0.115385,0.195181,0.358405,0.0636404,2.12938,0.23659,0.161185,0.322303
57.678367347,1.25248,0.530025,0.997773,1.20723,0.0159381,0.100555,0.301387,0.154132,2.28876,0.220721,0.137501,0.402612
57.724807256,1.50372,0.296396,1.07178,1.63734,0,0.0757897,0.125717,0.348285,2.53906,0.0440001,0.410573,0.342372
57.771247166,1.87981,0.0563616,1.05478,1.85058,0.0980433,0.0473079,0.0605183,0.413288,2.52059,0,0.626436,0.156875
57.817687075,1.85524,0.0346876,0.766457,2.31704,0.0860739,0.0629429,0.0880796,0.416191,2.17688,0.000600915,0.491757,0.0334285
57.864126984,1.62963,0.0430702,0.507664,2.25718,0.288262,0.294178,0.0855312,0.40504,1.76909,0.00675598,0.512699,0.0217325
57.910566893,1.67516,0.0511742,0.385192,1.72446,0.844626,0.408365,0.0115469,0.440444,1.62499,0.00308434,0.501185,0.116082
57.957006803,1.86201,0.0364005,0.413661,1.44686,1.03884,0.325671,0.00842781,0.482955,1.56255,0,0.343266,0.149975
58.003446712,1.70003,0.00858879,0.445275,1.86599,0.742547,0.145428,0,0.481038,1.66716,0.162133,0.293282,0.0593102
58.049886621,1.32673,0.0043069,0.537568,1.77557,1.32812,0.0647308,0,0.371205,1.65597,0.298717,0.60914,0.0564289
58.096326531,1.19267,0.158125,0.549051,1.37933,2.06708,0.100237,0,0.240515,1.48247,0.107307,1.19101,0.180028
58.142766440,1.21466,0.148368,0.555003,1.3153,2.28183,0.113597,0.00425914,0.159465,1.55219,0.0821408,1.71584,0.162659
58.189206349,0.885984,0.0265904,0.61675,2.14084,1.21826,0.135237,0,0.261798,1.67227,0.0669563,2.01611,0.159388
58.235646259,0.855102,0.0240572,0.329738,2.31418,0.166855,0.137505,0,0.845725,1.38982,0.0317526,1.97211,0.279464
58.282086168,1.83621,0.0183569,0.0534349,2.20383,0.174443,0.135484,0,1.11868,1.39453,0,0.939675,0.109878
58.328526077,2.44929,0.195148,0.0102478,1.91011,0.319439,0.133192,0.0104259,1.06979,1.58325,0,0.500656,0.0647625
58.374965986,2.91403,0.658928,0.00964697,1.38668,0.671018,0.134339,0.0912495,0.934501,1.77647,0,0.393241,0.0512288
58.421405896,2.35357,0.730532,0.00863143,1.00216,1.85138,0.108468,0.124536,1.00894,1.75771,0,0.339288,0.059831
58.467845805,2.16197,0.310187,0.0495455,1.0172,2.08114,0.0760514,0.0824183,0.968511,1.85558,0,0.194822,0.177138
58.514285714,2.06712,0.137031,0,0.794296,2.23637,0.148204,0.0173041,1.02212,1.69369,0,0.148305,0.417444
58.560725624,2.13338,0.122951,0.000591028,0.655269,2.47322,0.0887556,0.0121779,0.913046,1.51071,0.0800755,0.169357,0.603741
58.607165533,2.27085,0.0914619,0.0638169,0.745162,2.33401,0.146441,0.704597,1.0064,0.78644,0,0.238685,0.609435
58.653605442,2.24151,0.0989024,0.0248255,0.645801,1.31722,0.900001,1.56072,1.09375,0.24222,0.0104635,0.00254769,0.668873
58.700045351,2.53039,0.227989,0.0027109,0.333916,0,1.79866,1.7282,0.610432,0.217214,0.316399,0.0116529,0.247175
58.746485261,1.8488,0.154176,0.249543,0.0260456,0.0136957,2.70708,1.30331,0.422457,0.291333,0.350675,0.497217,0.31304
58.792925170,1.48961,0.553961,0.257218,0,0.00842545,2.54086,1.02465,0.391549,0.339823,0.208465,1.12919,0.369663
58.839365079,1.60184,0.695783,0.176826,0.422562,0.00256275,2.01034,1.17101,0.282023,0.464492,0.283546,1.01502,0.416387
58.885804989,1.94817,0.704575,0.0614763,0.411026,0.0043402,2.16635,0.953183,0.079651,0.552025,0.297608,0.824245,0.3491
58.932244898,2.07817,0.667064,0.0318897,0.297857,0.00733301,2.60421,0.67438,0.0918844,0.603005,0.291519,0.499382,0.151161
58.978684807,2.1531,0.754291,0.0448767,0.205723,0,2.38973,0.858714,0.208825,0.391277,0.248118,0.323088,0.102687
59.025124717,2.45533,0.783583,0.0380605,0.103755,0,2.38456,1.03814,0.251421,0.23687,0.262695,0.28699,0.1624
59.071564626,2.41198,0.569845,0.00282414,0.0153197,0,3.01809,0.617788,0.22672,0.160363,0.379818,0.345842,0.139119
59.118004535,2.30172,0.161452,0.00509438,0.0517366,0,3.36229,0.24726,0.14581,0.166289,0.879251,0.168361,0.0668668
59.164444444,2.11088,0.251599,0,0.175272,0.0199545,3.20308,0.227469,0.161592,0.183994,0.774176,0.0445145,0.112575
59.210884354,2.03357,0.190417,0,0.150255,0.0253188,2.91308,0.130275,0.123816,0.341118,0.818363,0.479326,0.178097
59.257324263,2.34429,0.0598026,0.000443426,0.0492142,0.0179839,3.06477,0.0506659,0.0751434,1.09159,1.02319,0.638833,0.215522
59.303764172,2.35306,0,0.311075,0.0120612,0.016101,2.98516,0.0951438,0.038443,1.5766,0.898983,0.677855,0.25496
59.350204082,1.90142,0.418953,0.389273,0,0.0382586,2.36442,0.343008,0.104505,1.27121,0.785839,0.739094,0.238246
59.396643991,1.50503,0.589383,0.206019,0.148558,0,1.78609,0.888473,0.167309,1.2634,0.940175,0.511318,0.160717
59.443083900,1.55296,0.544285,0.0149165,0.327114,0,1.36614,1.11458,0,1.18426,0.974468,0.182725,0.186072
59.489523810,1.88191,0.469787,0.0025189,0.346907,0.0168006,0.977163,1.01617,0,1.43377,0.79311,0.302458,0.228391
59.535963719,2.18184,0.550936,0.0193203,0.40859,0.0383831,0.990477,0.997807,0,1.82496,0.430177,0.124648,0.374614
59.582403628,2.18092,0.654583,0.296732,0.372635,0.0136345,1.16663,0.207894,0.405963,2.15738,0.0311144,0.000703089,0.692427
59.628843537,1.95385,0.247605,0.452532,0.225144,0.00667707,1.11107,0.0373969,1.90696,2.00039,0,0.133906,0.719714
59.675283447,1.7475,0.266713,0.567349,0,0.0113053,0.664368,0.0366852,3.03393,1.3425,0.0459189,0.340087,0.842533
59.721723356,1.64708,0.437441,0.544871,0,0.00841913,0.465171,0.0384946,2.88991,1.12173,0.0520569,0.444623,1.02212
59.768163265,1.7563,0.503856,0.412394,0.000491434,0.0132935,0.418264,0.0242588,2.03387,1.6226,0.088888,0.256637,1.29252
59.814603175,1.7689,0.339607,0.633258,0.0532748,0.038742,0.285978,0.00829137,1.82057,1.60486,0.0834905,0.163882,1.09778
59.861043084,1.56796,0.308768,0.7507,0.00682431,0.0319486,0.240298,0.00706463,2.6101,0.928493,0.10696,0.488636,0.899196
59.907482993,1.42441,0.463344,0.577937,0.0192769,0.0299,0.391769,0,2.88384,0.383251,0.115724,0.560375,0.755489
59.953922902,1.42056,0.557886,0.459594,0.0687892,0.0650521,0.481889,0,2.39409,0.387004,0.100752,0.50943,0.850731
60.000362812,1.70087,0.422224,0.439513,0.104443,0.0861885,0.607193,0,1.83531,0.422367,0.0449212,0.47403,0.816844
60.046802721,1.89815,0.319406,0.541702,0.098681,0.0728742,0.702076,0,1.90778,0.178805,0,0.427468,0.810442
60.093242630,1.91643,0.263473,0.542236,0.0196008,0.0367415,0.713679,0,2.45438,0.0518903,0,0.433763,0.951882
60.139682540,2.38299,0.162112,0.557805,0.0111466,0.0174875,0.6318,0,2.87253,0.0403823,0,0.525145,0.794033
60.186122449,2.88539,0.0656196,0.596482,0.0147825,0.0143015,0.491064,0.0152007,3.09363,0.0622635,0.0493711,0.533639,0.496518
60.232562358,3.06649,0.216566,0.548555,0.177955,0.00742517,0.399681,0.428848,2.72061,0.0475229,0.044942,0.591009,0.438259
60.279002268,2.89879,0.198548,0.258061,0.298038,0,0.603635,1.14647,1.77366,0.40191,0.0761212,0.679118,0.451227
60.325442177,2.71797,0.00234878,0.0759736,0.213874,0,1.44207,0.965953,0.368792,0.956829,0.172196,0.471088,0.410879
60.371882086,2.4663,0.00362419,0.0474979,0.04793,0,1.86338,0.0916627,0.317381,1.33644,0.227133,0.271231,0.813867
60.418321995,2.16973,0.00466326,0.338915,0,0.00105193,2.0662,0.0751289,0.351761,1.70652,0.124474,0.158341,0.985937
60.464761905,2.02543,0.0440119,0.348376,0.256814,0,2.25661,0.177009,0.293894,2.04301,0.143967,0.0891907,1.05283
60.511201814,2.08812,0.285808,0.071273,0.411819,0,2.29904,0.35807,0.264331,2.12847,0.235368,0.109893,0.990038
60.557641723,2.02332,0.1426,0.0676229,0.772438,0.0143099,2.24947,0.475748,0.41003,1.77179,0.240683,0.47397,0.541871
60.604081633,2.12127,0.127847,0.0468005,1.03994,0.0213075,2.46601,0.50911,0.208698,1.19258,0.10102,0.597657,0.114644
60.650521542,2.35438,0.13116,0.0203764,0.892775,0.0206121,2.76835,0.480158,0.39484,1.06557,0.001209,0.272582,0.151973
60.696961451,2.48846,0,0.0180949,0.604309,0.031731,2.94193,0.499172,0.44216,1.2067,0,0.377143,0.249343
60.743401361,2.41036,0,0.0647043,0.5913,0.0348675,2.82851,0.559185,0.238481,1.24426,0.215217,0.705604,0.211789
60.789841270,2.35513,0.0609813,0.10991,0.891362,0.013392,2.76137,0.617677,0.150887,1.23917,0.442393,0.734589,0.166901
60.836281179,2.33579,0.0542644,0.120342,1.17597,0.022348,2.77643,0.57251,0.115397,1.2505,0.466375,0.723606,0.137989
60.882721088,2.53855,0.0842484,0.0983404,1.24705,0.0191733,2.71483,0.508338,0.108554,1.20782,0.43567,0.793481,0.127915
60.929160998,2.63486,0.0536271,0.078355,1.24429,0,2.64541,0.328956,0.192451,1.07381,0.604167,0.909646,0.174725
60.975600907,2.35149,0.000793282,0.14349,0.960912,0.000564811,3.16496,0.179669,0.296422,1.49076,0.406779,0.2354,0.390062
61.022040816,1.81681,0.123109,0.577816,0.755809,0.0118958,2.78867,0.240711,0.332554,2.32395,0.234278,0.246956,0.573493
61.068480726,0.921664,0.23997,0.757152,0.972424,0.0355281,1.51661,0.393625,0.346625,2.67698,0.129508,0.466051,0.435176
61.114920635,1.72317,0.167434,0.764071,1.0432,0.056997,0.174822,0.491483,0.316463,3.0694,0.0959438,0.594944,0.264248
61.161360544,2.12631,0.00490487,0.409505,1.406,0.0788097,0.000431446,0.583024,0.207083,3.24021,0.0400751,0.541294,0.236218
61.207800454,2.51479,0.00437744,0.137532,1.71227,0.0804698,0.02505,0.703377,0.126487,3.20009,0.00462367,0.596142,0.218513
61.254240363,2.76498,0,0.125124,1.90475,0.0456308,0,0.772059,0.0263979,3.04495,0.00476358,0.657742,0.173492
61.300680272,2.9048,0.103266,0.114007,2.17749,0.038467,0,0.763844,0.0308153,2.62662,0.00923729,0.677807,0.0805508
61.347120181,2.7822,0.0483025,0.0736568,2.11541,0.0418543,0,0.728389,0,2.54908,0.35073,0.816542,0.19284
61.393560091,1.86773,0.116059,0,2.15627,0.00379126,0.179537,0.485903,0,2.67233,0.794059,0.583546,0.585173
61.440000000,1.53765,0.0638423,0,2.18606,0.172958,0.455242,0.109367,0.0279978,2.82256,1.32079,0.0980229,0.636395
61.486439909,1.55075,0.163998,0.0614263,1.62141,0.372344,0.282246,0,0.0512676,2.29629,1.67055,0.115272,0.608408
61.532879819,1.393,0.207491,0.307514,0.878226,0.623233,0.0575425,0,0.052239,1.18691,1.39735,0.970999,0.477599
61.579319728,1.12621,0.419377,0.503861,0.472159,0.539605,0.244546,0.185516,0.0517634,0.587887,0.650462,1.6155,0.453468
61.625759637,0.899467,0.395739,0.533726,0.893538,0.390667,0.373831,0.0966698,0.0552206,0.91884,0.338969,1.41272,0.45951
61.672199546,1.1461,0.002575,0.383657,1.64969,0.256652,0.177628,0.0365013,0.254271,1.8937,0.664897,0.780779,0.410062
61.718639456,1.3216,0.0594752,0.941577,1.78257,0.23432,0.0370181,0.04435,0.998299,2.18242,0.785676,0.295312,0.0666358
61.765079365,1.29133,0.158225,0.933136,1.72772,0.0435493,0.0722616,0.016971,2.19451,1.71148,0.850159,0.103881,0.22741
61.811519274,1.05533,0.205892,1.08434,1.77953,0.0134918,0.1008,0.232639,3.15391,0.908753,0.348071,0.0309332,0.232907
61.857959184,1.23703,0.308471,1.33354,1.40582,0.0282575,0.0739565,0.42032,2.88587,0.668584,0.0126743,0.00051919,0.279653
61.904399093,1.44206,0.568032,1.03696,1.19734,0.0262355,0.0687483,0.356449,3.31404,0.293973,0.00337776,0.000181651,0.417017
61.950839002,1.31882,0.461944,1.06786,1.16351,0.0148776,0.0618415,0.240494,3.65265,0.346196,0.014979,0.0586655,0.452072
61.997278912,1.40977,0.213419,1.09344,1.28424,0.0193208,0.0450774,0.00466286,3.33506,0.435468,0.0763776,0.081151,0.374003
62.043718821,1.42674,0.301283,1.02773,1.2937,0.0289118,0.0344986,0.0015289,2.86965,0.581572,0.100215,0.068592,0.227483
62.090158730,1.39204,0.3423,0.941318,1.29592,0.0431273,0.0280399,0.00694809,2.70978,0.668609,0.0959316,0.0502312,0.0857152
62.136598639,1.4755,0.386155,0.805129,1.35713,0.0320747,0.0295287,0.00478884,2.70887,0.890588,0.0906696,0.019895,0.0890352
62.183038549,1.80564,0.317865,0.870147,1.35623,0.0852922,0.0387142,0.0364669,2.51419,1.36808,0.0645602,0.00290523,0.255635
62.229478458,2.45468,0.23925,0.655977,1.35798,0.232329,0.300502,0.0278067,1.83182,1.70535,0.177363,0.00043143,0.194059
62.275918367,2.66399,0.295659,0.349541,1.2448,0.230653,1.49023,0.0064217,0.631074,1.97226,0.327942,0.000561524,0.122288
62.322358277,2.49232,0.234386,0.176277,1.01465,0.0933962,2.83531,0,0.305395,1.95778,0.320842,0.000770371,0.0712893
62.368798186,2.48039,0.0357962,0.217194,0.813699,0.0380852,3.20128,0,0.258233,1.84841,0.247305,0.00335852,0.0406674
62.415238095,2.64495,0.00354613,0.249765,0.813601,0.0590917,3.07041,0,0.268826,1.76202,0.270406,0.0248596,0.0422437
62.461678005,2.80812,0.00355366,0.219054,1.09505,0.0969023,2.82082,0.186492,0.542586,1.51327,0.447579,0,0.149759
62.508117914,2.66042,0.0262153,0.147487,1.39037,0.0955925,2.62077,0.327025,0.649136,1.49874,0.320789,0.174074,0.0967862
62.554557823,2.55182,0.0575171,0.137071,1.40788,0.0614247,2.65601,0.357692,0.489406,1.54697,0.332056,0.186073,0.075533
62.600997732,2.67959,0.093414,0.215455,1.29642,0.46216,2.23157,0.295767,0.502067,1.42362,0.263116,0.26175,5.28925e-05
62.647437642,2.49098,0.0259555,0.0435059,1.42242,1.24683,1.11166,0.07419,0.719953,1.44547,0.00168291,0.633277,0.0373393
62.693877551,2.20394,0.0330458,0.0197146,2.20513,1.21213,0.0909606,0.0692267,0.494691,1.25206,0,0.968118,0.125415
62.740317460,1.54963,0.00566006,0.000852687,2.77135,0.629078,0.0681396,0.132143,0.564676,1.28947,0.0246525,1.31852,0.0982824
62.786757370,1.16219,0.00562319,0,3.1394,0,0.0882182,0.129929,0.70315,1.19752,0.102061,1.29502,0.0376113
62.833197279,1.13011,0.00618454,0.00044415,3.25935,0,0.078111,0.00196569,0.754213,1.21409,0.0498873,0.978377,0.0649818
62.879637188,0.772079,0.0251865,0.091012,2.98125,0.0953972,0.416409,0.000894994,0.723224,1.68566,0.0371464,0.758898,0.566165
62.926077098,0.526384,0.0119731,0.583237,1.99085,0.568982,1.46852,0,0.551957,1.7858,0.0256536,1.09251,0.491268
62.972517007,1.18823,0.00287079,0.677989,0.44858,0.783964,2.16912,0,0.392362,1.67792,0.0421204,1.39276,0.631887
63.018956916,1.81398,0.0111143,0.20009,0.362865,0.937055,2.65124,0,0.194067,1.55479,0.00668847,1.0328,1.03229
63.065396825,2.1525,0.000138486,0.290586,0.330569,0.715299,2.96641,0,0.0930406,1.44418,0.00215353,0.703933,0.882679
63.111836735,2.25371,0.033559,0.296622,0.339751,0.343804,3.26858,0,0.109789,1.3462,0.00465371,0.427685,0.587251
63.158276644,2.30998,0.0682378,0.116117,0.334736,0.285407,2.97112,0.156304,0.306035,1.49607,0.0063885,0.399473,0.387784
63.204716553,1.57869,0.412778,0.0321639,1.02903,0.492435,2.46475,0.180626,0.734792,1.47889,0.00525982,0.638896,0.302899
63.251156463,1.39559,0.571888,0.00151359,1.54266,0.209413,1.95557,0.0617486,0.768586,1.2109,0.00135361,0.906321,0.379762
63.297596372,1.06824,0.67958,0.00409616,1.51196,0.404925,1.73854,0.0349036,0.776584,1.05734,0,1.31312,0.557008
63.344036281,0.838428,0.70593,0.00515162,0.790022,1.22925,2.01595,0.0492085,0.512143,0.989312,0.000593154,1.3516,0.688484
63.390476190,1.49903,0.431627,0.00367709,0.24623,1.31703,2.61589,0.0679002,0.216564,1.04982,0.0806194,0.849404,0.841955
63.436916100,1.94016,0.122685,0.00240192,0.121212,1.15169,3.0855,0.0672301,0.0120136,1.00589,0.224816,0.609184,0.588835
63.483356009,2.07773,0.146825,0.00270213,0.151562,0.749445,3.48251,0.0183628,0.0279559,0.94553,0.460842,0.419372,0.445899
63.529795918,2.00673,0.208064,0.00517347,0.606616,0.697843,3.58686,0,0.0524467,1.03541,0.585816,0.236829,0.52441
63.576235828,2.01574,0.108001,0.00603154,1.67112,0.386054,2.66176,0.0511624,0.00814709,1.53641,0.481361,0.262824,0.484569
63.622675737,1.55798,0,0.00555172,2.00349,1.26889,1.57674,0.111303,0.132405,1.81393,0.0975959,0.501088,0.44736
63.669115646,1.08538,0,0.219624,2.01015,1.3652,1.13024,0.105111,0.408595,1.49453,0.00706152,0.941258,0.390265
63.715555556,1.04775,0,0.708569,2.18671,0.790221,1.05825,0.0994361,0.716519,1.35781,0,1.22708,0.446608
63.761995465,1.77256,0,0.882516,2.46717,0.237703,1.43272,0.148706,0.547395,1.06692,0,0.238814,0.59306
63.808435374,2.57323,0.0560509,0.390922,0.920514,0.123724,1.73917,0.647098,0.148048,1.10797,0.0389305,0.329288,0.600088
63.854875283,2.56351,0.151349,0.191116,0.505727,0.210194,1.85458,0.717337,0.0111561,1.26395,0.152313,0.225306,0.419644
63.901315193,2.36027,0.242786,0.119427,0.405144,0.258655,2.18394,0.636131,0.0227141,1.29728,0.306863,0.130516,0.219807
63.947755102,2.05406,0.192674,0.197387,0.465048,0.761591,2.53405,0.505979,0.0459824,1.27309,0.417254,0.124191,0.0509808
63.994195011,1.69205,0.0763347,0.35834,0.848717,1.11739,2.60315,0.289154,0.200113,1.32479,0.120892,0.257093,0.043925
64.040634921,1.07667,0.799458,0.461854,1.30193,1.12462,2.45823,0.260925,0.257885,1.31942,0.0023189,0.0973259,0.197759
64.087074830,0.681321,0.805806,0.303133,1.68556,0.893994,2.27114,0.282222,0.29577,1.43914,0.000754607,0.105314,0.497354
64.133514739,1.25006,0.343176,0.0415976,1.66795,0.505156,2.17798,0.312319,0.558198,1.46287,0.0299796,0.0424953,0.520532
64.179954649,1.96924,0.0233767,0.00570143,1.44262,0.509477,2.15246,0.179556,0.914747,1.39841,0.221504,0,0.363495
64.226394558,2.31348,0.000348684,0.0247055,1.32387,0.303585,2.17819,0.100962,0.876176,1.43154,0.310959,0,0.306912
64.272834467,2.5935,0.000298855,0.122779,1.23499,0.234351,1.94004,0.190576,0.987025,1.15203,0.238617,0,0.299822
64.319274376,2.48003,0.000481675,0.216654,1.05763,0.59292,1.69011,0.122796,0.987164,0.821683,0.580796,0.0932288,0.291233
64.365714286,2.31485,0.0245851,0.27196,0.316613,1.08029,1.77104,0.0989121,0.907893,0.683379,0.816164,0.220332,0.349808
64.412154195,2.10008,0.0654102,0.273212,0.140793,1.14275,1.82613,0.0876057,0.855461,0.513865,1.05633,0.237691,0.44949
64.458594104,1.92177,4.08202e-05,0.13907,0.180094,0.958576,1.89724,0.0706119,0.805857,0.602882,1.22798,0.163416,0.71036
64.505034014,1.67054,9.68371e-05,0.00146767,0.412299,0.898607,2.00355,0.00965801,0.985276,0.442833,1.31652,0.0828211,0.540284
64.551473923,1.53182,0.000853546,0.00225667,0.483272,1.04814,2.05371,0.00239818,1.11592,0.310847,1.2473,0.102654,0.303
64.597913832,1.39735,0,0.00379986,0.644733,0.774356,2.11598,0.0249738,1.22651,0.37122,1.09493,0.0848744,0.654881
64.644353741,1.34126,0,0.00647645,0.893025,0.51595,2.09364,0.0960221,1.21025,0.419447,1.05769,0.00306497,0.755067
64.690793651,1.4571,0,0.00602434,0.968532,0.6212,2.00653,0.00959822,1.31693,0.383752,1.03475,0.00479708,0.701136
64.737233560,1.75444,0,0.719819,0.671259,0.681311,1.67711,0,1.75623,0,0.939738,0.0523801,0.73113
64.783673469,1.99447,0,0.856622,0.200656,0.63566,1.28142,0.0231237,2.67457,0,0.677038,0.146453,0.809262
64.830113379,2.10863,0.00489245,0.914272,0.719471,0.10804,0.830089,0.0115189,2.85307,0,0.500737,0.169914,0.852917
64.876553288,1.98423,0.0207271,0.90199,1.20709,0.027805,0.514998,0.0244893,2.99158,0,0.110455,0.268805,0.589343
64.922993197,2.43719,0.0130164,0.884566,1.59955,0.0422433,0.0495963,0.0175101,2.76317,0.000236749,0.0865235,0.332536,0.428147
64.969433107,2.88525,0.03197,0.63265,1.72379,0.234578,0.00394366,0.0465957,2.58679,0.000386576,0.12513,0.285836,0.341597
65.015873016,2.9993,0.0676639,0.160077,1.69827,0.90327,0.0378791,0.0355735,2.58932,0,0.237068,0.191388,0.176874
65.062312925,2.97523,0.0625629,0.0542174,1.66686,1.23742,0.0455479,0.0736691,2.54905,0,0.277902,0.119374,0.0382132
65.108752834,2.93399,0.039029,0.110897,1.3927,1.21971,0.156308,0.0841904,2.48005,0.307298,0.359747,0.0320867,0
65.155192744,2.83558,0.0189621,0.174583,1.09075,0.808381,0.0188503,0.0719681,2.55903,0.354636,0.367867,0.744312,0
65.201632653,2.35802,0.053932,0.250354,0.872924,0.520662,0.0327759,0.014361,2.75192,0.139628,0.645901,1.37047,0
65.248072562,1.86499,0.0691588,0.231609,0.753565,0.527111,0.195522,0.00412532,2.74847,0.141498,0.717327,1.58658,0
65.294512472,1.48438,0.0991863,0.305136,0.723207,1.01047,0.281952,0.0192528,2.5144,0.125832,0.955225,1.46941,0
65.340952381,1.22479,0.0830159,0.221298,0.911035,1.32924,0.285652,0.134864,2.37141,0.0714403,1.08821,1.25818,0
65.387392290,1.79121,0.0344783,0.206874,1.05873,1.13705,0.438464,0.08994,1.95577,0.06543,0.794829,1.08495,0.0483379
65.433832200,2.53704,0.0184433,0.130098,0.959642,0.811987,0.338234,0.0911199,1.66258,0.0867689,0.332524,1.27125,0.308638
65.480272109,2.88986,0.0322941,0.0267165,0.845743,0.813868,0.120642,0.163697,1.64842,0.0905871,0.0186579,1.23457,0.352008
65.526712018,3.06025,0.103073,0.00693523,0.798235,0.903729,0.04108,0.367516,1.72418,0.0826939,0.0164749,0.373372,0.0403835
65.573151927,2.79247,0.314817,0.00419937,0.811362,0.900366,0.0352144,0.025659,1.91214,0.0562263,0.0958587,0.270635,0.0202128
65.619591837,1.93977,0.813008,0.0696131,1.31529,0.588002,0.220927,0.269091,1.85489,0.189398,0.00649531,0.470133,0
65.666031746,1.46141,0.532599,0.715965,1.60942,0.0738541,0.295283,0.522669,1.74718,0.401611,0.178906,0.912815,0.011643
65.712471655,1.5637,0.23637,0.838307,1.85356,0.0634024,0.188898,0.554749,1.77583,0.0588878,0.193334,0.837149,0.00417297
65.758911565,1.46596,0.033032,0.883662,2.04564,0.0848396,0.162435,0.469439,1.92537,0.0252297,0.0891985,0.772135,0.00043946
65.805351474,1.19475,0.00371613,0.671571,2.255,0.0994099,0.143459,0.365802,2.2562,0.0357253,0.0204436,0.859948,0.0310046
65.851791383,0.928614,0.0326715,0.0421003,3.24831,0.108153,0.10959,0.26554,2.49945,0.0331709,0.0989178,1.02547,0.0711746
65.898231293,0.719728,0.0955693,0.0181954,3.64882,0.107917,0.111136,0.0824913,2.47432,0.0243568,0.0031716,1.25094,0.185769
65.944671202,0.619399,0.193549,0,3.86817,0.0735235,0.102453,0.0301283,2.38034,0.0118786,0.00831043,1.27632,0.24674
65.991111111,0.661516,0.269973,0.0152674,3.83415,0.0280147,0.117087,0.0286427,2.40691,0.000579452,0.0435572,1.16839,0.41881
66.037551020,0.749286,0.213495,0.0168358,3.61283,0.0219224,0.114319,0.00721967,2.47364,0.0128944,0.0830932,1.13181,0.512206
66.083990930,0.970835,0.146785,0.00087904,3.23498,0.0146264,0.118021,0.0480678,2.43069,0.0937622,0.0798114,1.46434,0.258692
66.130430839,1.3835,0.0587422,0.000124234,2.72515,0.0155843,0.116017,0.0830699,2.17863,0.172863,0.0578786,1.7226,0
66.176870748,1.3819,0.002972,0.141838,2.68888,0.0245375,0.104535,0.0883308,1.90454,0.363802,0.210619,1.71883,0
66.223310658,1.26385,0,0.348228,2.47861,0.0205796,0.0963259,0.0877885,1.9686,0.333123,0.266707,1.87484,0
66.269750567,1.08187,0,0.330443,2.01832,0.187591,0.07882,0.15795,2.27027,0.281433,0.146326,2.33017,0
66.316190476,1.73754,0.0435342,0.00774235,1.84133,0.64968,0.0618519,0.173724,2.49787,0.0749792,0.0370744,2.37927,0.0224084
66.362630385,2.04316,0.617395,0,1.71625,0.815463,0.0458871,0.269871,2.48133,0.00532702,0.0822416,1.85612,0.000627596
66.409070295,2.3663,0.724366,0,1.45033,0.776559,0.0219511,0.379242,2.27388,0.167741,0.119791,1.28205,0.00054585
66.455510204,2.08914,0.8318,0.130742,1.67505,0.60881,0.00948044,0.330825,2.19957,0.0915396,0.15241,1.06728,0.000357861
66.501950113,1.66143,0.628605,0.436562,2.13179,0.231526,0.0560346,0.349793,2.30829,0,0.120757,1.08416,7.83717e-05
66.548390023,1.38104,0.01545,1.14289,2.36478,0.127133,0.219385,0.388954,2.1471,0.00472979,0.141238,0.950996,0
66.594829932,0.723985,0.113473,0.907886,2.9835,0.132894,0.472494,0.346652,2.08795,0.0317876,0.0798613,0.749624,0
66.641269841,0.498315,0.158137,0.221909,3.48198,0.0574669,0.454526,0.282995,2.16287,0.0377449,0.00949163,1.02698,0
66.687709751,0.324497,0.117016,0,3.68627,0.0195082,0.378268,0.243339,2.28797,0.0146617,0.000575619,1.27846,0
66.734149660,0.30225,0.0463248,0,3.68383,0.0176024,0.255279,0.171845,2.40306,0,0.000570468,1.48122,7.8091e-05
66.780589569,0.457114,0.0047803,0.246439,3.25597,0.00443557,0.311759,0.223852,2.53316,0.0691005,0,1.602,0.0125747
66.827029478,1.51576,0.00181379,0.0648924,3.2563,0.00071012,0.195297,0.0397445,2.62624,0.0598376,0.00377828,1.65814,0.130802
66.873469388,2.12345,0.0014889,0.0897258,3.03589,0.0423913,0.0403049,0.0854611,2.46183,0.0340324,0,1.57102,0.126085
66.919909297,2.2053,0.00147626,0.000616504,2.63875,0.052973,0.211468,0.0756461,2.38632,0.139171,0.00026421,1.41266,0.141287
66.966349206,2.24308,0,0.00051874,2.63248,0.102557,0.205774,0.071442,2.3342,0.131554,0.000884258,1.17436,0.297742
67.012789116,2.2504,0,0.0358184,2.73963,0.0533234,0.573062,0.0503885,2.35799,0.000725821,0.052732,0.883993,0.491483
67.059229025,1.78375,0.0386458,0.523735,2.55324,0.027128,1.74599,0.0037226,2.09976,0,0.0966272,1.13307,0.157287
67.105668934,1.20781,0.428503,0.928255,1.74738,0.024832,2.01356,0,1.85245,0,0.212422,1.79011,5.77113e-05
67.152108844,0.798552,0.641317,1.01873,1.71365,0.0255528,2.05936,0,1.67212,0,0.440022,1.86318,2.67057e-05
67.198548753,0.417672,0.596898,1.13052,1.94754,0.00913545,1.9749,0.06294,1.74967,0,0.586473,2.05171,8.09021e-05
67.244988662,0.0133778,0.826631,0.805284,1.83282,0.0089977,1.41688,0.104845,2.07229,0.0683979,0.375295,2.2119,0.150788
67.291428571,0.110354,2.06684,0.318135,1.26548,0.0203147,0.578854,0.128982,2.31188,0.46264,0.00908834,2.1007,0.147907
67.337868481,0.172588,2.94022,0,1.2451,0.125087,0.410636,0.123076,1.91095,0.654615,0,1.33408,0.411309
67.384308390,0.227827,2.88961,0,1.3287,0.152767,0.241772,0.0895584,2.08797,0.555094,0,0.794319,0.337234
67.430748299,0.863526,1.52053,0.32529,1.49916,0.0839531,0.37504,0.0210229,2.71658,0.288328,0,0.557804,0.546771
67.477188209,0.985907,0.328314,1.20246,1.63021,0.0436985,0.414844,1.30804,2.25949,0.0256082,0.136154,0.000116982,0.717127
67.523628118,0.77675,0.571705,1.04387,1.37792,0.0378023,0.838937,1.54587,2.02401,0.0964305,0.0656519,0.0500752,0.726634
67.570068027,1.13431,0.477681,0.573763,1.17361,0.0183956,1.40582,1.77677,1.79111,0.108804,0.0576822,0.0485985,0.589025
67.616507937,1.26026,0.402319,0.00495123,0.994774,0.00906688,1.87461,1.60521,1.64059,0.0983918,0.0831049,0.0233604,0.562789
67.662947846,1.5035,0.342669,0.0691241,1.22321,0,2.06554,1.31773,1.52651,0.0778723,0.0494644,0.0117947,0.671118
67.709387755,1.18529,0.312494,0.0308871,2.05209,0,1.52224,0.398947,1.88251,0,0.0178652,0.000265291,0.999173
67.755827664,0.545189,0.287175,0.0117623,2.40193,0.0573405,0.438846,0.0159441,2.63352,0,0.0394286,0.321805,1.1013
67.802267574,0.318179,0.299628,0.20688,2.48606,0.109132,0.00286905,0.0127121,2.92824,0,0.037111,0.480783,0.769076
67.848707483,0.27649,0.334319,0.657336,2.20391,0.126636,0,0,2.86982,0.000125089,0,0.507125,0.93718
67.895147392,0.271916,0.354282,0.989726,1.96936,0.063737,0.135058,0.369559,2.75189,0,0,0.613013,1.14442
67.941587302,0.798481,0.344637,1.62733,1.7003,0.0445733,0.103093,0.778179,2.05279,0.0225337,0.131788,0.714099,0.343688
67.988027211,0.770171,0.331447,1.43092,1.41247,0.0900259,0.305522,0.820375,1.49795,0.0420832,0.0396549,1.00491,0.0270456
68.034467120,0.832953,0.239844,1.20907,0.913536,0.098644,0.19464,1.03255,1.79517,0.105487,0.00329654,1.39242,0.088263
68.080907029,0.934391,0.0753935,1.08901,1.00385,0.0789396,0.0656041,1.17365,1.86986,0.125032,0,1.36445,0.0380318
68.127346939,1.25434,0.0217416,0.797428,1.22338,0.0592042,0.0787926,1.35933,1.63854,0.100662,0.00045033,1.27069,0.000462023
68.173786848,1.20742,0.0673166,0.611568,1.38358,0.049672,0.172304,1.35987,1.65974,0.0754821,0.00121348,1.29111,0.000353708
68.220226757,1.29308,0.112142,0.39867,1.79851,0.039261,0.213341,1.05048,1.64344,0.0397136,0.0013933,1.37871,0.000224906
68.266666667,1.47673,0.120552,0.246165,2.25649,0.0366341,0.141586,0.749804,1.74176,0.0304432,0.000961802,1.34606,0.000188918
68.313106576,1.63809,0.191925,0.269209,2.51799,0.00747349,0.0461635,0.610817,1.61434,0.0362445,0.00110596,1.1919,0.000167447
68.359546485,1.42491,0.266583,0.117392,2.78496,0.00306148,0.0461633,0.662916,1.40541,0.125465,0.0331166,1.00564,0.210953
68.405986395,1.07859,0.32786,0.0378406,2.78793,0,0.0618517,0.755351,1.17739,0.643018,0.0945951,1.06282,0.408122
68.452426304,1.41526,0.269315,0.505857,2.3544,0,0.0519842,0.307537,0.522395,1.64489,0.117523,1.48022,0.296616
68.498866213,1.89344,0.280102,0.309026,2.13449,0.00805567,0.0770393,0.343249,0.111961,2.38082,0.00361926,1.58228,0.163464
68.545306122,1.99062,0.259012,0.442585,1.84984,0.0156324,0.0701642,0.44025,0.235709,2.55972,0.000723586,1.75661,0.115006
68.591746032,1.98674,0.223554,0.552267,1.97854,0.0247362,0.0697356,0.301815,0.276056,2.37077,0,1.909,0.0828641
68.638185941,1.90505,0.201823,0.377885,2.23117,0.0233852,0.102581,0.248635,0.248943,2.3014,0.0515628,1.7919,0.162999
68.684625850,1.62682,0.171595,0.131321,2.17362,0.01979,0.10623,0.13919,0.525634,2.23628,0.0978189,1.74636,0.301072
68.731065760,1.56272,0.162499,0.113528,1.98642,0.0158679,0.092549,0.307962,0.537228,2.0911,0.0618594,1.7609,0.221891
68.777505669,1.82136,0.17136,0.109273,2.00584,0.0101554,0.0901557,0.523931,0.37411,2.17503,0.0215087,1.60302,0.106052
68.823945578,1.759,0.0654717,0.0849227,1.62124,0.0434681,0.147181,0.494183,0.0508898,1.99284,0.0719999,1.69829,0.0979394
68.870385488,1.4896,0.127348,0.29245,1.33646,0.356015,0.200932,0.608428,0.0192697,1.55768,0.0586125,1.83668,0.191174
68.916825397,1.10255,0.0382814,0.814096,1.49792,0.176005,0.567104,0.736644,0.0222033,0.573562,0.812201,1.035,0.203183
68.963265306,0.83723,0.00456791,1.16955,1.37639,0.0156355,0.694594,0.773026,0.0533195,0.19807,1.34663,0.928779,0.0681007
69.009705215,0.71778,0.0322103,1.05649,1.06829,0.0324302,0.864228,0.64201,0.0905386,0.159337,1.29996,1.21382,0
69.056145125,0.728295,0.0797147,0.752791,1.0181,0.118679,0.856283,0.195165,0.0915516,0.187468,1.16381,1.33519,0
69.102585034,0.652048,0.056495,0.226255,1.2671,0.181544,0.569859,0.0235753,0.121301,0.7817,1.1814,1.30219,0
69.149024943,0.620004,0.00443244,0.0921804,1.86749,0.00481169,0.175852,0,1.04002,1.22178,0.96466,1.24664,0.0243518
69.195464853,1.01582,0.0049265,0.329786,1.97136,0.00606897,0.129055,0,2.33721,0.814319,0.0215375,0.723575,0.166257
69.241904762,1.13614,0.00425321,0.679845,1.71452,0.0250606,0.219121,0.0846769,2.83605,0.217997,0.010744,0.0876689,0.1882
69.288344671,1.1798,0.00427118,1.1384,1.07129,0.0332798,0.167535,0.156091,2.82197,0.203499,0.0302887,0.20491,0.192054
69.334784580,1.37251,0.00450709,1.17131,0.940981,0.035978,0.092699,0.0973348,2.66287,0.297309,0.0661727,0.276218,0.250994
69.381224490,1.6982,0.0173575,1.23299,1.4248,0.0141574,0.0961294,0.178373,2.32784,0.836645,0.0870886,0.103811,0.125513
69.427664399,1.88162,0.164594,1.13922,1.66028,0.00774073,0.0593942,0.0892173,2.47638,1.17498,0.0234119,0.220057,0.178701
69.474104308,1.79462,0.19233,1.22639,1.63478,0.0396914,0.0526414,0.063568,2.70688,1.36763,0.0129625,0.323143,0.259585
69.520544218,1.56175,0.230221,1.18074,1.33332,0.0798098,0.0453871,0.0610278,3.18363,1.11931,0.00957866,0.607357,0.211746
69.566984127,1.64169,0.218464,1.01858,1.07033,0.247171,0.0526959,0.00724362,3.27867,0.907387,0.00814332,0.723671,0.00994372
69.613424036,1.8565,0.291783,0.618827,0.727818,0.668259,0.913501,0,2.62503,1.05905,0.0168409,0.700082,3.61066e-05
69.659863946,2.20122,0.209581,0.133789,0.607392,0.229676,2.45292,0,1.22262,1.04293,0.010887,0.684793,0.154109
69.706303855,2.19879,0.391027,0,0.476933,0.0239242,3.03765,0,0.989261,1.05154,0.0280199,0.672072,0.0286348
69.752743764,2.30393,0.386045,0,0.336942,0.0343831,3.11417,0,0.857978,0.991362,0.0506479,0.729114,0.03869
69.799183673,2.20852,0.269025,0.00362095,0.292316,0.272726,2.82062,0.144058,0.827032,0.987686,0.00510155,0.942964,0.258704
69.845623583,2.01949,0.178525,0.00167553,0.567346,0.215702,2.64981,0.345999,0.653146,0.820323,0.0197254,1.13518,0.396824
69.892063492,2.01646,0.264424,0.0537269,1.08721,0.0169302,2.69058,0.381262,0.52313,0.523191,0.0839547,1.04812,0.404413
69.938503401,1.83081,0.26457,0.00522036,1.2067,0.0140339,2.99905,0.269527,0.430375,0.493389,0.0908275,1.00009,0.244067
69.984943311,1.66012,0.260388,0.00569388,1.12208,0.0717521,3.09501,0.129015,0.379858,0.701377,0.00248654,1.01353,0.265436
70.031383220,1.3666,0.308258,0.0144238,1.60085,0.602104,2.29248,0.0894026,0.304853,0.897642,0.000927482,1.07281,0.356061
70.077823129,1.27023,0.0638948,0.504515,2.31449,0.49281,0.627764,0.0793998,0.352892,1.08799,0.011692,1.05006,0.470291
70.124263039,1.08474,0.0796679,0.540404,2.66158,0.0480183,0.0683395,0.0818448,0.742235,1.38548,0.0856405,1.19248,0.472293
70.170702948,0.776802,0.0462502,0.310889,3.09728,0,0.143228,0.0299079,0.985601,1.49736,0.106194,1.26082,0.231142
70.217142857,1.22048,0.00518143,0.136616,3.1666,0,0.125568,0.143303,0.851931,1.63473,0.102558,0.893554,0.373197
70.263582766,2.23378,0.00315272,0.00506959,2.36666,0.063748,0.901768,0.326178,0.429299,1.62184,0.059243,0.374111,0.220591
70.310022676,2.34533,0.000816727,0,0.696821,0.190916,2.6882,0.410955,0.0589099,1.60893,0.0769764,0.64086,0.233259
70.356462585,2.40521,0.00338591,0,0.0839364,0.0740633,2.91487,0.261658,0.107251,1.68552,0.0933445,0.602023,0.577079
70.402902494,2.40389,0.0371653,0.00720623,0.0443319,0.0399116,3.50018,0.0457707,0.113,1.61381,0.107085,0.571223,0.69853
70.449342404,2.22261,0.0515618,0.0365079,0.0304626,0.0993399,3.6492,0.0464461,0.259316,1.52549,0.118604,0.657218,0.609025
70.495782313,2.14154,0.0478137,0.144285,0.126024,0.14507,3.27353,0.0452237,0.295365,1.56168,0.0767234,0.619181,0.467042
70.542222222,1.66158,0.0550714,0.177427,1.52317,0.149963,2.21899,0.237567,0.394297,1.63922,0.000106064,0.937838,0.224268
70.588662132,1.17338,0.208117,0.117228,2.49198,0.128229,1.32709,0.101291,0.555594,1.5207,0.019041,1.29732,0.221296
70.635102041,1.06079,0.288879,0.000543281,3.26679,0.0649647,0.892262,0.0479022,0.569812,1.07688,0,1.72354,0.164711
70.681541950,1.24326,0.195962,0.000817738,3.26046,0.174508,1.46763,0.0421664,0.505268,0.876794,0,1.62216,0.030821
70.727981859,2.01063,0.01091,0.00153744,2.14816,0.309001,2.56976,0.0864431,0.138267,0.76642,0.0418972,1.55872,0.228851
70.774421769,2.43872,0.0038147,0.000573807,0.795984,0.169659,3.02424,0.0846303,0,0.704454,0.133973,1.28297,0.213183
70.820861678,2.49913,0.0318178,0.0179103,0,0.278199,3.15707,0.0326949,0.0133436,0.752816,0.413748,0.364633,0.0992221
70.867301587,2.31399,0.0734894,0.017114,0,0.235268,3.08112,0.00909243,0.0202139,0.871526,0.678418,0.473899,0.0171291
70.913741497,1.74322,0.041438,0.0685251,0.984411,0.664273,2.74505,0.0819613,0,0.907143,0.431615,0.586076,0.0329406
70.960181406,1.50312,0.00339075,0.0846867,1.9131,1.21547,1.62059,0.135893,0.0396116,1.02705,0.020775,0.640697,0.156833
71.006621315,0.997621,0.0159049,0.0815484,2.36135,0.92857,1.15397,0.249998,0.536937,1.06192,0.0113999,0.76975,0.162987
71.053061224,0.922647,0.0952151,0.00734049,2.53581,0.468865,1.43027,0.111083,0.775479,1.11009,0,0.763534,0.158283
71.099501134,1.60603,0.00350699,0.00891916,2.7229,0.417355,1.67663,0.134175,0.718323,1.2774,0,0.602714,0.0303742
71.145941043,2.74278,0.00237622,0.166141,1.6705,0.14299,2.43903,0.215304,0.260381,1.55251,0,0.111943,0.0845759
71.192380952,2.49429,0.000473683,0.201893,0.377781,0.364204,2.86022,0.208097,0.046421,1.5729,0.0670068,0.244681,0.279695
71.238820862,2.24343,6.6414e-05,0.0395821,0.219061,0.0980895,3.05358,0.221181,0.0107175,1.57634,0.0951462,0.199651,0.353312
71.285260771,2.13558,0.0514647,0.112509,0.15293,0.367801,2.92899,0.304954,0,1.59513,0.0522704,0.0517703,0.104484
71.331700680,2.03828,0.102251,0.169947,0.108786,0.936588,2.36746,0.262309,0.0141216,1.82883,0.019217,0.0146702,0.0349524
71.378140590,1.95102,0.15532,0.249103,0.226415,1.12781,1.82814,0.325227,0,2.06984,0.0832966,0.0125533,0.0568177
71.424580499,2.05381,0.0844108,0.303733,0.672203,0.822224,1.70975,0.463698,0,2.3486,0.089465,0.0616465,0.0706281
71.471020408,2.46766,0.0414394,0.303702,1.05899,0.316131,1.99691,0.492265,0.120803,2.32652,0.0906706,0.000106506,0.0475318
71.517460317,2.70548,0.113336,0.373197,0.773036,0.326871,2.22298,0.263782,0.584204,2.28859,0.0739879,0,0
71.563900227,2.78804,0.100622,0.352726,0.542909,0.367706,2.29963,0.145034,0.683611,2.57591,0.0100399,0,0
71.610340136,2.90986,0,0.0762563,0.383121,0.657349,1.87866,0.0927242,0.543397,2.84296,0,0.270604,0.0169637
71.656780045,3.09226,0,0.0637819,0.378156,0.724504,1.58435,0.04307,0.513809,2.43855,0,0.564585,0
71.703219955,3.06005,0.0694188,0.049421,0.458669,0.567454,1.48198,0.105943,0.729706,1.92965,0,0.58157,0.000163417
71.749659864,2.84981,0.129401,0.0572325,0.447635,0.286775,1.65444,0.287627,0.682353,1.6618,0.134421,0.389217,0.0810167
71.796099773,2.31797,0.295053,0.0399616,0.5777,0.0521758,1.99039,0.362151,0.536995,1.54659,0.24973,0.0725341,0.307566
71.842539683,1.65282,0.567765,0.00694287,0.60371,0.129819,2.03141,0.0788333,0.31267,2.08493,0.18473,0.153302,0.513004
71.888979592,1.30864,0.854556,0.00351312,0.566072,0.0128009,1.93677,0,0.219069,2.45809,0.00157672,0.179618,0.441459
71.935419501,1.4979,0.914252,0.00113865,0.582101,0.112154,2.16927,0,0.412079,2.27478,0.061888,0.0894217,0.131697
71.981859410,1.68564,0.602204,0.00052309,0.562127,0.16302,2.07788,0.000130997,0.682597,1.80727,0.263482,0.0931521,0.147638
72.028299320,1.79095,0.13322,0.000475162,0.673761,0.365902,2.02684,0.00351369,0.938909,1.30231,0.405552,0.0503696,0.187477
72.074739229,2.05256,0.00144868,0.00353276,0.64828,0.32927,1.93836,0.0168576,1.11603,1.35124,0.372161,0.0620489,0.279834
72.121179138,2.29861,0.000935096,0.363981,0.723669,0.544835,1.15634,0.0220488,1.62129,1.02584,0.208108,0.136489,0.925139
72.167619048,2.11114,0.000687885,1.06984,1.14654,0.590157,0.243335,0.0341491,1.93523,0.493202,0.0986012,0.150658,1.25212
72.214058957,1.72122,0,1.37502,1.46782,0.327233,0.380322,0.0476413,2.09803,0.118804,0,0.154547,1.27244
72.260498866,1.91837,0.109658,1.1836,1.66979,0.0355293,0.465616,0.054478,2.14621,0.0588653,0,0.181788,1.09583
72.306938776,2.26956,0.226003,0.825037,1.81507,0,0.451298,0.15978,2.01474,0.0311707,0.0014802,0.303337,0.732012
72.353378685,2.59523,0.110627,0.549567,1.83759,0.243073,0.34442,0.317764,1.83366,0.187918,0.00188234,0.357904,0.547266
72.399818594,2.96947,0.0100805,0.288361,1.83487,0.460328,0.224802,0.189425,1.76947,0.282254,0.25201,0.310218,0.487734
72.446258503,3.05999,0.0950328,0.0473795,1.79958,0.735845,0.170979,0.23625,1.92382,0.260642,0,0.202906,0.265793
72.492698413,3.13879,0.108376,0.0480994,1.73535,0.753971,0.119,0.181949,1.99696,0.245208,0.103879,0.117265,0.154253
72.539138322,3.06286,0.203678,0,1.58157,0.607315,0.104595,0.040335,1.96575,0.184696,1.07118,4.91389e-05,0.0770499
72.585578231,2.4785,0.500649,0,1.3045,0.645761,0.061141,0.0655843,1.60528,0.0558619,1.9283,0.000903212,0.148681
72.632018141,2.06826,0.411123,0.000142944,1.02706,0.855123,0.0314093,0.0416821,1.39479,0.0710117,1.80054,0.387921,0.32251
72.678458050,1.60888,0.461807,0.00214436,0.755329,1.01434,0.0938028,0.0265917,1.59414,0.0890862,1.52416,0.931027,0.230118
72.724897959,1.07216,0.530962,0.047005,0.726723,1.12147,0.251258,0.0061079,1.82424,0.049389,1.10484,1.15352,0
72.771337868,1.93746,0.135267,0.207061,0.664844,1.15084,0.717548,0.0199402,1.39115,0.046919,0.65844,1.24938,0
72.817777778,2.11144,0.0786199,0.233208,0.672679,1.06431,0.847238,0.0442474,1.07117,0.0353728,0.543281,1.1523,0.112531
72.864217687,1.86823,0.215223,0.0911744,0.528996,0.99621,0.559119,0.0807762,1.20769,0.0495019,0.48246,1.07012,0.134146
72.910657596,1.74776,0.373289,0.00246867,0.486535,1.08027,0.143645,0.0970066,1.44813,0.053906,0.138221,1.15586,0.101661
72.957097506,1.72779,0.553282,0.00206066,0.541881,1.2622,0,0.107492,1.71075,0.0649565,0,1.10201,0.106298
73.003537415,1.89961,0.243297,0.128556,0.84223,1.04563,0.349006,0.336696,2.39979,0.0808713,0.173929,0.287344,0.0642158
73.049977324,2.21126,0.237907,0.428732,1.36173,0.594694,0.629379,0.291027,2.36723,0.0870897,0.434158,0.024921,0.0582181
73.096417234,2.20412,0.438915,0.0489221,2.2796,0.405388,0.503622,0.169892,2.38148,0.107195,0.499391,0.000479665,0.102627
73.142857143,1.93904,0.627365,0.00201323,3.1252,0.0436781,0.252271,0.0782604,2.12652,0.0210702,0.362511,0.219973,0.0882548
73.189297052,1.30876,0.486229,0.0011673,3.65577,0.0382609,0.12713,0.0746859,2.05756,0.0298205,0.122571,0.513697,0.0854347
73.235736961,0.61864,0.394948,0,4.07118,0.0269433,0.11645,0.065511,2.19834,0,0.162197,0.756439,0.0983953
73.282176871,0.881974,0.385121,0,4.16736,0.0260357,0.289075,0.0510815,2.27911,0,0.127492,0.778289,0.027247
73.328616780,0.823023,0.279123,0,4.10904,0.0253442,0.26716,0.0740133,2.37416,0.0404989,0.0350822,0.711982,0.000449655
73.375056689,0.924108,0.138504,0,4.20603,0.0254598,0.166572,0.198091,2.36695,0.0333927,0.0209235,0.626813,0.00022787
73.421496599,0.947741,0.0679356,0.0574769,3.89064,0.0830926,0.0823643,0.243742,2.34459,0.0858199,0.0608892,0.536946,0.0415447
73.467936508,1.08767,0.0379537,0.111168,3.21592,0.138736,0.0443856,0.0732096,2.23623,0.113046,0.022863,0.589653,0.646906
73.514376417,1.03978,0,0.39776,2.12022,0.183162,0.00943877,0.144905,1.90966,0.396323,0.0492755,1.71656,0.932099
73.560816327,0.845001,0.010337,0.398487,1.53885,0.281906,0,0.762056,1.52733,0.462002,0.0278266,2.35505,0.756529
73.607256236,0.776484,0,0.124131,1.84372,0.479792,0,1.22949,1.34145,0.338095,0,2.28468,0.530702
73.653696145,0.598998,0.382358,0.00525171,1.71726,0.818756,0.0256274,1.41726,1.28529,0.205824,0.000496171,1.71671,0.429808
73.700136054,0.562009,1.06933,0.00310934,1.34401,1.07793,0.0467252,0.603181,1.49926,0,0.0307792,1.31999,0.483646
73.746575964,1.06238,1.09538,0.0421635,1.21994,1.24244,0.0625266,0.286891,1.80755,0.145478,0,0.895017,0.0650689
73.793015873,1.58531,0.958334,0.0798157,1.06937,1.19154,0.111639,0.105423,1.74964,0.261972,0.0183663,0.648468,0
73.839455782,1.94669,0.620788,0.0203054,1.09416,1.10347,0.0611309,0.0388138,1.77978,0.330086,0.0276518,0.607676,0.200969
73.885895692,1.72093,0.460037,0.534081,1.34745,1.07793,0.0328862,0.0189443,1.68705,0.247758,0.0627551,0.680439,0.110145
73.932335601,0.954319,0.403331,1.16829,1.50019,1.21745,0.0689013,0.12619,1.35884,0.0328861,0.0416739,1.01479,0.0624714
73.978775510,0.604679,0.395192,1.40708,1.74973,0.872209,0.0395013,0.109494,1.33728,0.0098427,0.0583295,1.08691,0.0456921
74.025215420,0.567868,0.388472,1.41446,2.03179,0.369012,0.0328947,0.0810916,1.4582,0,0.107991,1.00304,0.0307027
74.071655329,0.624555,0.370387,1.24583,2.58065,0,0.0662602,0.130723,1.73235,0.0247184,0.0746323,0.772625,0.0611299
74.118095238,0.584869,0.341716,0.913954,2.99205,0,0.0676979,0.147728,2.066,0.0548275,0.0480774,0.55869,0.037146
74.164535147,0.457007,0.342247,0.474869,2.93638,0.0180143,0.0599461,0.092747,2.22793,0.0748222,0,0.571419,0.000769983
74.210975057,0.468817,0.506717,0.081456,2.61792,0.193966,0.0415506,0.0074967,2.42412,0.0616212,0,0.987047,0.000678521
74.257414966,0.237724,0.517031,0.391686,2.26649,0.264414,0.0334991,0.0121571,2.80498,0.0566219,0.0453011,1.28257,0.000506291
74.303854875,0.627777,0.628917,0.759265,2.19289,0.305907,0.0244405,0.0241589,3.08146,0.00992751,0.0902607,1.35371,0.000493001
74.350294785,0.903641,0.440238,0.47209,2.93117,0.11193,0.121023,0.0584243,2.95513,0.00283874,0.0485006,0.987886,0.000419476
74.396734694,0.764904,0.365167,0.0117065,3.06796,0.0220439,0.0803822,0.456506,2.35343,0.252925,0.0391678,0.751265,1.1605
74.443174603,0.483545,0.344805,0,2.51852,0.0147459,0.112819,0.701596,1.84086,0.129196,0.329557,0.319395,2.15356
74.489614512,0.535658,0.295002,0,2.07412,0.0272699,0.116069,0.737131,1.65321,0.00833589,0.410214,0.538303,1.8389
74.536054422,0.587458,0.291572,0.00185596,1.69626,0.0369317,0.178095,0.678128,1.45678,0.00360801,0.453143,1.02836,1.53861
74.582494331,0.359679,1.18171,0.0232669,1.35793,0.105043,0.323484,0.370409,1.79494,0.00366065,0.393761,1.31103,1.24499
74.628934240,0.129032,1.50263,0.00182872,1.07914,0.202912,0.412594,0.191057,2.54948,0.0126613,0.18928,1.23615,0.444486
74.675374150,0.0821611,2.5433,0.00127461,1.06125,0.0292242,0.337113,0.27943,2.47594,0.0580591,0.336402,0.946192,0.485017
74.721814059,0.16408,2.92315,0.0506819,1.24499,0.0296131,0.234167,0.303185,2.16492,0.313503,0.353873,0.334201,0.984715
74.768253968,0.270591,2.4841,0.195266,2.25344,0.501159,0.296483,0.158002,2.30949,0.0328873,0,0.204904,0.830139
74.814693878,0.212327,0.290874,0.734642,1.76568,0.691474,1.16634,0.0712171,2.45252,0.0903152,0.0869489,0.61545,1.02018
74.861133787,1.29371,0.0882776,0.698851,1.44598,0.50905,1.22466,0.0604527,2.29696,0.150973,0.0408875,0.384332,1.00194
74.907573696,1.65337,0.00629389,0.450696,1.39716,0.334242,1.3853,0.111711,2.10482,0.150741,0.00947737,0.53679,0.860436
74.954013605,1.81189,0.00229888,0.430024,1.42775,0.0403093,1.56242,0.13454,1.91664,0.15104,0,0.364654,0.868886
75.000453515,1.74903,0.183067,0.37433,1.44224,0.615373,1.62617,0.0748135,1.89187,0.0736694,0,0.0267429,0.817426
75.046893424,1.20282,0.379066,0.387567,2.12158,0.897976,1.08777,0.00583005,2.10558,0.0217943,0,0,0.797215
75.093333333,0.530881,0.314106,0.47054,2.68708,0.242982,0.598225,0.0152647,2.43125,0.0316748,0,0.000708573,0.912047
75.139773243,0.320596,0.203823,0.425616,3.09249,0.0102571,0.399664,0.0295467,2.63264,0.00167421,0.0481047,0.380995,0.933179
75.186213152,0.405309,0.117863,0.711605,3.05829,0.171058,0.336805,0.0280071,2.46794,0.00105089,0.121679,1.00546,0.653018
75.232653061,0.615565,0.0519521,1.16534,2.69069,0.0962059,0.153026,0.00543811,2.22569,0,0.129975,1.16071,0.387982
75.279092971,0.549204,0.0942198,1.02618,2.67057,0.0761575,0.175148,0,2.30827,0,0.102414,0.83984,0.238231
75.325532880,0.221205,0.113083,0.243709,3.36181,0.18462,0.126818,0.0440529,2.49111,0,0.12121,0.826269,0.0737074
75.371972789,0.745547,0.0643146,0,3.60086,0.16017,0.134295,0.0502216,2.3586,0,0.0357956,0.875996,0.161966
75.418412698,1.30985,0.148152,0,3.60852,0.093011,0.142651,0.0640704,2.10911,0.018211,0.0268742,0.841649,0.000196991
75.464852608,1.63964,0.131288,0,3.50382,0.0318049,0.0899507,0.0746309,1.87826,0.0546017,0.0543195,0.722858,0.000229648
75.511292517,1.55356,0.00284376,0.393879,3.01396,0.0222188,0.0895671,0.135667,1.94123,0.0523721,0.0179316,0.730615,0.0325139
75.557732426,1.49002,0.0208251,0.655891,2.52337,0.0387479,0.340432,0.184015,1.83546,0.0213526,0.0139131,0.79639,0.0624032
75.604172336,1.71984,0.0337906,0.3518,2.66119,0.0639566,0.210959,0.226039,1.71563,0.0261052,0.0120037,0.847019,0.0846352
75.650612245,2.02494,0.0585026,0,2.9683,0.180704,0.152495,0.134978,1.59152,0.011627,0.03688,0.74988,0.0628157
75.697052154,2.25135,0.0602319,0.115749,3.24887,0,0.120439,0.183383,1.42474,0,0.0554007,0.734469,0.0472921
75.743492063,2.29797,0.0673957,0.163344,3.28793,0.00590242,0.102274,0.296334,1.12638,0.229691,0.279508,0.989226,5.48547e-05
75.789931973,2.41384,0.0828963,0.117993,2.90384,0.00157013,0.0986314,0.329156,0.902549,1.01021,0.452368,1.28884,0
75.836371882,2.50008,0.0825477,0.034727,2.48973,0,0.0815675,0.397947,0.402978,1.62368,0.397911,1.40602,0
75.882811791,2.44006,0.0691568,0,2.42436,0,0.0940083,0.420287,0,2.19099,0.203977,1.27273,0
75.929251701,2.50033,0.114346,0,2.33868,0,0.103583,0.304034,0.025075,2.46728,0.0949195,1.15965,0.0279179
75.975691610,2.48828,0.0549163,0,2.27915,0,0.0862505,0.574328,0.0512255,2.52265,0.0729393,1.0314,0.0602711
76.022131519,2.53386,0.0598879,0,2.45474,0,0.0543384,0.747446,0,2.18681,0.109235,0.964637,0.10489
76.068571429,2.37842,0.0659278,0.0158889,2.47106,0.00194559,0.0444819,0.701428,0,2.04795,0.118208,0.932802,0.12576
76.115011338,2.09472,0.0577336,0.0442833,2.52884,0.0309084,0.0495869,0.607412,0,2.0747,0.139957,0.868138,0.0693983
76.161451247,1.85932,0.0646097,0.133812,2.41326,0.0505484,0.0583909,0.284412,0.0709994,2.07029,0.143349,1.08501,0.0260496
76.207891156,1.55696,0.0905809,0.391817,1.37666,1.17567,0.0476047,0,0.0590403,2.08082,0.0195174,1.41233,0.0999435
76.254331066,1.04504,0.0387067,0.340405,0.278959,1.77509,0.512908,0,0.0235569,2.11506,0.0309456,1.42416,0.89533
76.300770975,0.959385,0.0143074,0.19299,0.0934125,2.30116,1.15909,0,0.0351325,1.99205,0.0494228,1.11403,1.03509
76.347210884,1.16034,0.00205233,0.19529,0.0318109,2.40319,1.6803,0,0.0312577,1.97862,0.0456823,0.436639,1.03891
76.393650794,1.19581,0.00138575,0.181871,0.185974,2.25441,1.94592,0,0.0438755,2.10299,0.0416173,0.126208,0.755573
76.440090703,1.09334,0.0132948,0.0669879,0.897714,1.99996,2.03191,0,0.0587818,2.05967,0,0.572625,0.454306
76.486530612,0.938269,0.0438589,0.00428775,1.91897,1.39645,0.766021,0,0.0164501,1.44135,0.000193436,1.90207,0.146349
76.532970522,0.458384,0.056208,0.00108903,2.43822,1.19013,0.110966,0.00543388,0.166988,1.26445,0.0918394,1.68075,0.0410086
76.579410431,0.769391,0.0586754,0.101941,2.80526,0.951825,0.0936338,0.0307756,0.146988,1.15339,0.0892206,1.50906,0.0990342
76.625850340,1.24337,0.0201514,0.246695,2.71043,0.831802,0.0749013,0.119389,0.0724715,1.19768,0.0959539,1.44575,0.217398
76.672290249,2.33235,0.245235,0.339355,1.44371,1.27725,0.700631,0.300231,0.00599011,1.7891,0.129509,0.407938,0.583531
76.718730159,2.58675,0.731488,0.0517457,0.830239,1.07549,1.31467,0.719629,0,1.86091,0.0780523,0.00794872,0.498454
76.765170068,2.4316,0.748743,0.0129275,0.75086,0.505395,2.28188,0.360444,0.00773725,1.70171,0.0552104,0,0.444708
76.811609977,1.99961,0.44181,0,0.983279,0.194352,3.32951,0.0222693,0.0166579,1.664,0,0,0.357992
76.858049887,1.71489,0.00416978,0.00677248,1.03794,0.240844,3.23139,0,0,1.92799,0.00251511,0,0.626586
76.904489796,1.60674,0.0521033,0.0773271,1.10099,0.407364,2.38109,0,0.102567,1.94216,0.00616792,0.114923,0.822367
76.950929705,1.68263,0.234065,0.16916,1.02578,0.402152,1.25947,0,0.177625,1.84145,0.0115214,0.267471,1.06914
76.997369615,2.04636,0.158676,0.417728,0.960064,0.460501,0.81452,0.0389754,0.210416,1.73784,0.1325,0.227523,0.841539
77.043809524,2.40497,0.0388365,0.449714,1.29207,0.354894,0.604002,0.273366,0.180598,1.48088,0.233982,0.271916,0.756492
77.090249433,2.90181,0,0.234957,1.49462,0.264752,0.435867,0.721952,0.195178,1.60449,0.269859,0.237632,0.897128
77.136689342,2.44019,0.00332205,0.179819,1.4454,0.439177,0.0882211,0.797358,0.374681,1.63922,0.166373,0.183676,1.06689
77.183129252,2.19744,0.00205557,0.073025,1.41583,0.539406,0.0989891,0.384082,0.434495,1.76173,0.0233782,0.231332,1.26583
77.229569161,1.93534,0.09263,0.0940635,1.35464,0.528282,0.0899326,0.0283721,0.530556,2.17305,0.0192936,0.24054,1.08886
77.276009070,1.93204,0.0915677,0.138717,1.37204,0.39139,0.0867453,0.0414754,0.584003,2.27156,0.0529231,0.20972,0.350701
77.322448980,2.44672,0.156298,0.105939,1.36231,0.239732,0.120884,0.0567071,0.684202,2.13462,0.059475,0.145229,0.123042
77.368888889,2.84754,0.195933,0.00682102,1.16073,0.642683,0.143848,0.0557517,0.714577,1.80142,0.0556382,0.201921,0.0795204
77.415328798,2.92948,0.205165,0.00516634,0.960547,0.936235,0.123754,0.0729484,0.591079,1.69402,0.0245272,0.37292,0.019681
77.461768707,2.97019,0.229993,0.00631741,0.904862,0.927836,0.0625208,0.144494,0.49495,1.71027,0.00792743,0.485755,0.0586873
77.508208617,2.55563,0.100134,0.00405428,0.917599,0.78066,0.112326,0.0413312,0.619022,1.66206,0.00592902,0.501707,0.106001
77.554648526,2.24869,0.210625,0.00271079,1.08733,0.574931,0.0778877,0.0397964,0.686459,1.43922,0.00779983,0.492788,0.258227
77.601088435,2.19242,0.177891,0.00169287,1.32674,0.404206,0.13396,0.0696236,0.815523,1.25167,0.0381448,0.55228,0.346561
77.647528345,2.68746,0.11765,0.174116,0.931452,1.01317,0.328149,0.223336,0.504882,1.1629,0.0151714,0.299049,0.245893
77.693968254,2.78559,0.0348054,0.343046,0.139899,1.27082,1.02626,0.225297,0.165726,1.16018,0.0294968,0.303338,0.118266
77.740408163,2.44832,0.327083,0.104966,0.00983677,1.20105,2.11073,0.149175,0,0.971967,0.490486,0.28331,0.0774077
77.786848073,2.22182,0.39435,0.123339,0.0266208,1.01961,2.7931,0.10601,0,0.982601,0.569196,0.24015,0.00754069
77.833287982,2.12465,0.411387,0.071004,0.00986158,0.853918,2.69765,0.0669537,0,1.38696,0.947472,0.185951,0.0829145
77.879727891,2.32044,0.368882,0.00366292,0.409706,0.663231,2.05811,0.0564183,0,1.573,1.0441,0.0634498,4.77743e-06
77.926167800,2.49557,0.331631,0.0357304,0.742092,0.645207,1.54156,0.189883,0.0891545,1.59744,0.870999,0.34458,0
77.972607710,2.55597,0.349604,0.295558,0.735743,0.923027,1.24687,0.305115,0.338306,1.56725,0.477652,0.576005,0.0391636
78.019047619,2.58437,0.344393,0.427516,0.406121,0.847693,1.66118,0.163619,0.276449,1.56816,0.4652,0.291033,0.0440917
78.065487528,2.18589,0.14116,0.543212,0.00654354,0.542371,3.07008,0.193211,0,1.46913,0.602571,0.00980116,0.00956649
78.111927438,1.39588,0.228407,0.412172,0.0363114,0.468738,3.30041,0.256428,0.00635015,1.41553,0.506251,0.00346731,0.826472
78.158367347,0.891246,0.131011,0.142366,0.0499142,0.493366,3.40677,0.346304,0.037654,1.22501,0.470435,0.00302426,0.901158
78.204807256,0.885304,0.0144173,0.0740838,0.0542417,0.642624,3.12679,0.373923,0.0693023,1.1974,0.551213,0.00280419,0.778972
78.251247166,1.03559,0.000100908,0.0893441,0.292454,0.794156,2.35595,0.143348,0.0850134,1.28459,0.655088,0.0279347,0.596561
78.297687075,0.906134,0.0801792,0.0677743,0.931389,0.821607,1.4936,0.0764152,0.0564413,1.37134,0.529401,1.06184,0.0524682
78.344126984,0.923756,0.160415,0,1.76424,0.418252,1.13378,0.107312,0.0570867,1.09083,0.17788,1.905,0.0517647
78.390566893,0.679484,0.198805,0,2.41085,0.216099,0.983343,0.149952,0.250212,0.636087,0.150588,2.07893,0.128935
78.437006803,0.912211,0.31301,0,2.39198,0.20188,0.988495,0.0520507,0.258499,0.59458,0.301503,2.07872,0.173874
78.483446712,1.64885,0.652734,0.00131539,1.66951,0.381443,1.6269,0.0383116,0,0.954196,0.416179,1.68378,0.16548
78.529886621,2.38141,0.397841,0.116832,0,1.3111,2.65018,0.0956518,0.0235755,1.34155,0.0513836,0.132307,0.0679251
78.576326531,2.65271,0.402808,0.152789,0,0.877606,2.84412,0.351298,0.0974729,1.3079,0.200648,0,0
78.622766440,2.64294,0.421382,0.149257,0.000159488,0.337601,3.12697,0.427443,0.214311,1.38051,0.317512,0,0
78.669206349,2.52213,0.259447,0.192526,0.000191369,0.168568,3.37145,0.401283,0.0511733,1.47225,0.20581,0,0
78.715646259,2.40831,0.150386,0.231845,0.00442216,0.483519,2.99245,0.361729,0.0330406,1.46317,0.12385,0.273643,0
78.762086168,2.16842,0.00143861,0.214026,0.0416241,0.851812,2.74269,0.108573,0.151536,1.79333,0.0575604,0,0.151735
78.808526077,2.10049,0.0604799,0.229202,0.183817,1.0459,2.24311,0,0.364064,2.043,0.0981566,0.106313,0.0900948
78.854965986,2.49425,0.0201352,0.416345,0.334074,0.865629,2.18205,0.0338414,0.294177,1.89967,0.0458365,0.136244,0.0636231
78.901405896,2.64993,0,0.462819,0.432571,0.45564,2.16598,0.117231,0.262534,1.73464,0.114181,0.0633789,0.388966
78.947845805,2.67032,0.00496032,0.219792,0.582781,0.419439,2.2143,0.18604,0.677532,1.50304,0.15232,0.0361905,0.545315
78.994285714,2.6975,0.00358493,0.120268,0.638435,0.314343,1.86579,0.331865,1.00853,1.44791,0.0872333,0,0.651924
79.040725624,2.5529,0.0202139,0.0591014,0.500399,0.276762,1.5192,0.308595,1.17865,1.28875,0.297568,0.0136475,0.744323
79.087165533,2.22333,0.257006,0.0194236,0.499125,0.254951,1.26899,0.170952,1.33784,1.03081,0.65696,0.091435,0.682596
79.133605442,2.085,0.215105,0.148724,0.539058,0.191591,1.279,0.0437329,1.30293,0.960488,0.895983,0.110502,0.246498
79.180045351,2.38801,0.0857669,0.178734,0.352862,0.150035,1.64551,0.05735,1.06916,1.05842,0.91712,0.123899,0.243418
79.226485261,2.82283,0.0970215,0.00740716,0.0947723,0.200026,1.64779,0.0782105,0.863147,1.06254,0.980007,0.276637,0.191176
79.272925170,3.12812,0.234266,0.00311181,0.0139209,0.263109,1.50816,0.0905187,0.739463,1.01517,0.988037,0.337017,0.0182737
79.319365079,3.06626,0.290045,0,0.0127065,0.450042,1.54708,0.0751335,0.61165,0.900185,0.953906,0.244728,0.0297675
79.365804989,2.78129,0.358421,0,0.0127347,0.522614,1.72055,0.0506606,0.61748,0.738902,0.930483,0.265896,0.364429
79.412244898,2.76709,0.16075,0,0.00561414,0.42982,1.77951,0.0657336,0.733761,0.775514,0.928019,0.210872,0.213642
79.458684807,2.81025,0.216866,0.0055874,0.145317,0.37828,1.54892,0.0588166,1.3451,0.533977,0.861326,0.101885,0.0759021
79.505124717,3.02284,0.18298,0.424732,0.767777,0.402933,0.930294,0.0403432,2.01028,0.0604948,0.64625,0.0397604,0.00023391
79.551564626,3.00666,0.00385032,0.783647,1.36743,0.415578,0.424724,0.0139826,2.21491,0.116919,0.398655,0.235081,3.62414e-06
79.598004535,2.93457,0.00308872,1.01275,1.53352,0.293211,0.132351,0.00911424,2.11811,0.0626165,0.214799,0.4152,0.141395
79.644444444,2.41848,0.00857031,0.989695,1.5713,0.205514,0.0790858,0.00800301,2.23791,0.0816085,0.0178274,0.633889,0.308975
79.690884354,2.2116,0.00830328,1.0255,1.57001,0.125082,0.00754621,0.104586,2.30558,0.0809237,0,0.72308,0.433378
79.737324263,2.25887,0.00713976,1.06038,1.66565,0.387942,0.00967204,0.206489,2.24629,0,0,0.681569,0.448703
79.783764172,2.63631,0.154881,0.941498,1.58236,0.407109,0,0.122165,2.13448,0,0.00784838,0.801648,0.459994
79.830204082,2.89576,0.192443,0.687917,1.54251,0.722203,0,0.0833638,2.00726,0,0.0255266,0.892101,0.349456
79.876643991,2.5576,0.200094,0.372435,1.64792,0.828057,0.228238,0.123248,1.92721,0,0,0.877495,0.358692
79.923083900,1.93691,0.23045,0.364024,2.38278,0.820734,0.506757,0.620091,1.3116,0.0023184,0,0.64118,0.354095
79.969523810,1.4027,0.101631,0.217404,1.95761,1.24695,0.596423,1.04524,0.701094,0.205368,0.288478,0.492563,1.27927e-05
80.015963719,1.31639,0.0012487,0.249574,1.43142,1.10306,0.751924,1.4462,0.574849,0.184152,0.19834,0.426108,2.41947e-05
80.062403628,1.24571,0.00186189,0.126657,0.711063,0.984759,1.13336,1.4037,0.489038,0.126853,0.182644,0.327761,0.00013524
80.108843537,1.4455,0.00241472,0.00948516,0.368257,0.892946,1.41311,1.05636,0.556052,0.128897,0.189187,0.187105,0.0924547
80.155283447,1.30345,0.000662592,0.0139494,1.28371,0.951289,1.46237,0.671945,0.70492,0.189919,0.208635,0.0505287,0.319
80.201723356,1.07025,0.0342496,0.00567953,3.17581,0.323263,0.334118,0.398643,0.766672,0.168101,0.224083,0.849692,0.437541
80.248163265,1.03704,0.159629,0.005398,3.63888,0,0.0736881,0.563259,1.03927,0,0,1.47461,0.230141
80.294603175,1.18877,0.249571,0.00273767,3.37303,0,0.0757695,0.543518,1.2241,0,0,1.52807,0.0572209
80.341043084,1.36767,0.319957,0.0945615,3.33296,0.0116762,0.0766882,0.410863,1.62984,0,0,1.35672,0.00205488
80.387482993,1.38672,0.205247,0.866939,2.71044,0.0239196,0.0987303,0.579034,1.97629,0,0,1.01521,0.48451
80.433922902,1.42424,0.152942,1.31762,1.50423,0.0446309,1.70841,0.362375,1.87021,0.0156371,0,0.674523,0.667026
80.480362812,2.01586,0.093931,0.984906,1.20032,0.00711405,2.58636,0.0631239,1.63628,0.00708193,0.0140855,0.587121,0.402812
80.526802721,2.14281,0,0.551715,1.0481,0.0054841,2.98254,0.0832915,1.35889,0.00609401,0.214969,0.170733,0.11229
80.573242630,1.97018,0,0.165475,0.898479,0.00521656,2.90629,0.0501047,1.34092,0.0081672,0.336212,0,0.207781
80.619682540,1.77939,0.00290148,0.24743,0.770763,0.371965,2.5395,0.0211155,1.31875,0.00708274,0.175948,0.0121216,0.435951
80.666122449,1.55145,0.575095,0.396922,0.737282,1.15588,1.71532,0.167122,1.62474,0.0271193,0.042585,0.0179756,0.201845
80.712562358,1.17332,1.22967,0.662842,0.748098,1.54509,0.361407,0.174323,1.91393,0.0535959,0.0500401,0.0813798,0.218287
80.759002268,1.10338,2.13866,0.6488,0.565029,1.16956,0.229602,0.101373,2.18012,0.101377,0.049092,0.291123,0.163679
80.805442177,1.55028,1.56795,0.327939,0.554927,0.528409,0.738393,0,2.22793,0.109391,0.0277762,0.367827,0.282885
80.851882086,2.48002,0.536164,0.0952317,1.05953,0.733684,0.416903,0.010516,2.00895,0.158742,0.0116445,0.081402,0.0694038
80.898321995,2.54815,0.409353,0.133776,1.20561,1.09694,0.112695,0.206076,1.82106,0.328066,0,0.0921159,0.041555
80.944761905,2.73398,0.355958,0.204631,1.18365,1.09317,0.110431,0.209672,1.71541,0.480962,0,0.104415,0.000330492
80.991201814,2.89248,0.397547,0.181966,1.37868,1.12639,0.180356,0.0177429,1.72314,0.472862,0.00327686,0.108015,0.030627
81.037641723,2.58029,0.203312,0.0988545,1.52567,0.934894,0.1347,0.0126667,1.87183,0.332856,0.0284518,0.0886569,0.844782
81.084081633,2.50501,0.00142985,0.0600004,1.58229,0.620843,0.12487,0.210489,1.95633,0.129026,0.093885,0.0828707,0.855152
81.130521542,2.80673,8.88862e-05,0.0485966,1.54605,0.693515,0.0640353,0.318901,2.02778,0.0428215,0.122403,0.158734,0.467211
81.176961451,2.93433,0.0904393,0.0881121,1.42431,1.0297,0.0426097,0.0628712,2.08954,0.0300052,0.0906851,0.302709,0.0819492
81.223401361,3.12651,0.102848,0.108918,1.48868,1.2973,0.0896864,0.0213443,2.22904,0.0108822,0.0675125,0.336894,0.0161863
81.269841270,3.52893,0.0101376,0.148721,1.40664,1.00837,0.120301,0.0948698,2.10115,0,0.0229738,0.291955,0.00929513
81.316281179,3.01198,0.0156145,0.586489,1.17508,0.615928,0.120991,0.0335952,2.12725,0.0224708,0.00678917,0.172698,0.0536299
81.362721088,1.68881,0.107412,0.728694,1.26519,0.687438,0.508869,0.00195819,1.79576,0,0.0148624,0.0141767,0.191697
81.409160998,1.07468,0.736664,0.542689,1.14623,0.64152,0.65739,0.0198351,1.74951,0,0.167474,0.000500468,0.451307
81.455600907,1.38699,0.890204,0.343975,0.896763,1.24028,0.673882,0.0399655,1.9083,0.00186649,0.765904,0.0119647,0.373999
81.502040816,1.85053,0.636513,0.072951,0.911684,1.29126,0.825646,0.229131,1.68092,0.0022883,0.99427,0.0505365,0.430241
81.548480726,1.8586,0.033055,0.00383991,0.977802,1.3293,1.43182,0.35677,1.28809,0.00083609,0.897004,0.0922121,0.274853
81.594920635,1.33383,0.153665,0,1.36797,1.17213,1.71738,0.373833,1.20153,0,0.707997,0.30986,0.539797
81.641360544,0.488263,0.218497,0,1.6563,0.54175,1.2618,0.35585,1.41473,0.00107666,0.29954,0.448289,1.24276
81.687800454,0.561183,0.269443,0.001041,1.68954,0.417593,0.214529,0.22878,1.6385,0,0.260225,0.827214,1.11311
81.734240363,1.13547,0.319489,0,1.73564,0.252626,0.131085,0.315432,1.81173,0,0.366681,0.930803,0.649183
81.780680272,1.31563,0.375686,0.0486712,1.73255,0.0963851,1.05038,0.299805,1.85194,0.0166611,0.293833,0.368018,0.678368
81.827120181,1.67714,0.404485,0.0201753,1.58323,0.0981073,1.28414,0.0251027,1.34177,0.0338797,0.182097,0.00221784,1.29032
81.873560091,1.88124,0.291331,0.0477265,1.20843,0.0528514,1.57342,0.0516962,1.19082,0.0637054,0.152919,0.00102761,1.26048
81.920000000,1.89178,0.172744,0.22529,1.09888,0.0186673,1.71528,0,1.3306,0.0908178,0.220793,0.000656454,1.20241
81.966439909,1.65031,0.102756,0.198584,0.937358,0.0194426,2.02684,0,1.45994,0.118479,0.18854,0.000574988,0.840839
82.012879819,1.12067,0.0604354,0.120666,0.926269,0.176309,2.12936,0.00900324,1.46936,0.0459841,0.206966,0.224359,0.405538
82.059319728,0.972399,0.0880952,0.0653673,2.22674,0.147204,1.75846,0.140596,1.37072,0.0046304,0.0807933,0.506617,0.097216
82.105759637,0.811795,0.127016,0.00206115,2.56815,0.21288,0.995123,0.117435,1.57614,0,0.0609049,1.54654,0.0654773
82.152199546,0.817697,0.195952,0.553511,2.53891,0.0784427,0.835227,0.103501,1.54005,0,0.000871315,1.87948,0.000557287
82.198639456,0.914692,0.195863,1.09803,2.1896,0,1.04221,0.0734675,1.75651,0,0.0125006,1.73787,0.146969
82.245079365,0.844759,0.0491694,1.30065,1.5185,0.00127276,2.41145,0.046235,2.05536,0.00462272,0,0.144186,1.17547
82.291519274,0.976875,0.0485297,1.10563,0.972547,0.00496894,2.69546,0.0967567,2.12866,0.00392479,0,0.0885211,1.19716
82.337959184,1.8244,0.0443461,0.701691,0.934763,0.0986531,2.95876,0.167679,1.83956,0.00296415,0,0.0491294,0.697937
82.384399093,2.29283,0.0258047,0.17297,0.940484,0.128802,3.09251,0.2095,1.53843,0.0342836,0.0357959,0,0.472519
82.430839002,2.27086,0,0.140407,0.761739,0.189947,2.75531,0.10696,1.46001,0.133024,0.0016943,0.000346855,0.56333
82.477278912,1.86366,0,0.213277,1.37597,0.242094,1.84619,0.0399638,1.55769,0.163173,0,0,0.750803
82.523718821,1.26279,0.0759995,0.238639,2.33051,0.0457154,1.19323,0.0650106,1.80352,0.100678,0,0,1.08556
82.570158730,1.21582,0.237569,0.539331,2.44189,0.0395047,1.14047,0.0132519,1.94669,0,0.0748282,0,1.36295
82.616598639,1.40384,0.198867,0.649312,2.30968,0.0388337,1.01255,0,1.98229,0.0134641,0.0988055,0,0.939698
82.663038549,1.4906,0.102993,0.487841,1.84594,0.0325587,0.665816,0,1.94911,0.234909,0.103092,0,1.06784
82.709478458,1.36314,0.728098,0.288554,1.47207,0.557102,0.460372,0.00567771,1.74293,0.883227,0.0908465,0.00408461,0.737855
82.755918367,1.63602,0.829322,0.0645135,1.38669,0.802421,0.270506,0.0301245,1.39826,1.23977,0.0558194,0.058275,0.54938
82.802358277,1.91421,0.634515,0.0313494,1.41753,0.835183,0.112836,0.0541057,1.58527,1.19574,0.0145406,0.117262,0.308068
82.848798186,2.25056,0.085537,0.041322,1.43382,0.764258,0.0926893,0.176009,2.01458,0.874775,0.0280155,0.147427,0.461938
82.895238095,2.34017,0.00216851,0.0525285,1.29173,0.818066,0.0632567,0.10896,2.70868,0.367976,0.00966483,0.183781,0.737445
82.941678005,2.66443,0.335281,0.0507812,0.871869,1.01352,0.062673,0.0241277,2.95479,0,0.0083299,0.245961,0.850878
82.988117914,3.0644,0.622253,0.0392658,0.951505,0.887759,0.0595596,0.0278775,2.91157,0,0.0233809,0.263982,0.563718
83.034557823,3.35997,0.474524,0.023152,1.29689,0.685324,0.0550745,0.0411845,2.71025,0.000678007,0.0795933,0.23614,0.0356644
83.080997732,3.35995,0.322834,0.0231044,1.44963,0.683288,0.0521722,0.126841,2.40627,0,0.0901679,0.286411,0.0895933
83.127437642,3.41183,0.16839,0.00144959,1.5829,0.696547,0.0445222,0.0906829,2.31463,0.0261475,0.0728726,0.250295,0.200956
83.173877551,3.2972,0.118643,0.00377888,1.86199,0.763704,0.0391396,0.230126,1.86614,1.30911,0.0881976,0.123997,0.048517
83.220317460,3.13388,0.0922142,0.00108397,1.66066,0.713409,0.0558923,0.639895,0.723596,2.30917,0.067981,0.235456,0.0668827
83.266757370,3.33656,0.119978,0.00123996,1.67672,0.484778,0.0380245,0.661635,0.435786,2.49144,0.131787,0.192855,0.100104
83.313197279,3.57245,0.0707354,0.000297831,1.68079,0.451315,0.0439445,0.522102,0.372921,2.67814,0.0797002,0.19477,0.197543
83.359637188,3.4859,0.00465515,0,1.56249,0.520085,0.0174504,0.509111,0.224179,2.86449,0.0244397,0.526045,0.158906
83.406077098,3.256,0,0.0349289,1.6344,0.53286,0.0257192,0.573522,0.0976221,2.87506,0.149344,0.613461,0.149574
83.452517007,3.11098,0.0152498,0.0212297,1.79643,0.303559,0.0439616,0.577613,0.553405,2.6427,0.245028,0.536473,0.0700513
83.498956916,2.82042,0.152159,0.00241213,1.80931,0.0384923,0.0841832,0.461614,0.842627,2.58768,0.188592,0.633815,0.0526202
83.545396825,2.64516,0.0971337,0.0172339,2.09053,0.0305344,0.0526308,0.41991,0.733403,2.47661,0.0501314,0.849029,4.09069e-05
83.591836735,2.07492,0.0095039,0.0665307,2.10572,0.418312,0.0649962,0.312846,0.393165,2.28579,0.224135,0.755422,0
83.638276644,1.47513,0.0777202,0.122731,1.55898,0.812326,0.37204,0.465983,0.0348797,2.40014,1.2683,0.22622,0
83.684716553,0.755079,0.287253,0.23203,1.28296,0.670892,0.820168,0.47324,0.0605755,2.12903,1.81562,0.0553525,0
83.731156463,0.593614,0.182479,0.316142,1.40673,0.507939,0.850372,0.362122,0.0244519,1.44759,2.6688,0.104889,0
83.777596372,0.34325,0.0245768,0.235088,1.75101,0.560583,0.696931,0.139307,0.00751413,0.883554,3.11031,0.149935,0.00936293
83.824036281,0.512557,0.0683602,0.148753,1.97057,0.911517,0.491818,0.138902,0,0.293239,3.39696,0.205246,0.0685962
83.870476190,0.9649,0.0233973,0.0438384,1.77577,0.810336,0.61896,0.0281349,0.757867,0.209439,2.86127,0.40105,0.0872109
83.916916100,1.31404,0.00267544,0.112533,1.60193,0.787998,0.400632,0,2.10323,0.0804303,1.27993,0.629912,0.0794083
83.963356009,1.35586,0.00118038,0.357589,1.50774,0.362941,0.425355,0,2.50076,0.121453,0.584883,0.14585,0.257467
84.009795918,1.47391,0.0242742,0.704825,1.3696,0.0439911,0.438625,0,2.64552,0.292134,0.169706,0,0.374741
84.056235828,1.56425,0.377979,1.01395,1.08342,0.182015,0.371931,0.0205465,2.37249,0.23915,0,0.0558253,0.316435
84.102675737,1.9026,0.122199,1.21223,1.07497,0.190021,0.105531,0.0661073,2.11341,0.469677,0.0299228,0.333662,0.258116
84.149115646,2.02474,0.0279295,1.1438,1.36829,0.334844,0.0229257,0.0600726,2.56611,0.371308,0.0108735,0.371726,0.225409
84.195555556,1.87076,0.00184051,1.26535,1.32501,0.197304,0.049614,0.0400272,2.94799,0.23663,0.00655625,0.188368,0.282258
84.241995465,1.60234,0.0404087,1.30148,1.41389,0.191081,0.111546,0.0550399,3.20564,0.20989,0.00586301,0.0805971,0.308226
84.288435374,1.36772,0.0690806,1.34883,1.48326,0.170754,0.236084,0.112867,3.16606,0.349209,0.0051573,0.00506999,0.24089
84.334875283,1.94121,0.0622898,1.06944,1.4105,0.132655,0.428616,0.14918,2.75053,0.647352,0.00414217,0.000166705,0.0967142
84.381315193,2.36177,0,0.498972,1.27662,0.12437,1.63868,0.107344,2.01526,1.06094,0.00125754,0.127491,0.149295
84.427755102,2.48794,0,0.0991899,1.48284,0.160722,2.7822,0.199744,1.32147,1.17219,0.100768,0.0693803,0.0929843
84.474195011,2.40641,0,0.17072,1.48193,0.106182,3.24642,0.130653,0.83575,0.974937,0.0789728,1.80581e-05,0.181522
84.520634921,2.21371,0,0.132681,1.51844,0.322993,3.14358,0.0711414,0.835635,0.737283,0.0829833,0.0387424,0.226527
84.567074830,2.14145,0.000746455,0.00712724,1.38009,0.554421,3.04959,0.137284,0.590325,0.868436,0.167183,0.198036,0.215854
84.613514739,2.02371,0.00550569,0,1.11428,0.35841,3.06763,0.22878,0.344318,1.27508,0.202302,0.340874,0.259238
84.659954649,2.15839,0.009582,0,1.11329,0.00519866,3.15195,0.266184,0.236943,1.39877,0.257176,0.431371,0.232093
84.706394558,2.08547,0.00541418,0,1.09068,0.00678955,3.48213,0.120999,0.429265,1.41837,0.149229,0.355031,0.262132
84.752834467,1.74255,0,0.00278277,1.44862,0.223167,3.06312,0.00228636,0.526079,1.33566,0.00625506,0.391735,0.184697
84.799274376,1.34823,0.0251371,0.0117614,1.89251,0.714788,1.83632,0.0122449,0.505899,1.27028,0.0045284,0.794127,0.132164
84.845714286,1.23497,0.0723824,0.151931,2.08133,0.722946,0.615877,0.0179364,0.433708,1.49763,0.0123681,1.12671,0.0124772
84.892154195,1.29532,0.0673144,0.238225,2.06981,0.487048,0.0720464,0.117648,0.393654,1.85793,0.0505369,1.19644,0.162466
84.938594104,1.33207,0.113735,0.226322,1.86372,0.68022,0.257646,0.55471,0.22865,1.89665,0.00016378,1.09596,0.299785
84.985034014,2.0149,0.115571,0.103938,1.33,0.555687,0.895392,1.43839,0.0453673,1.70613,0,0.697699,0.404786
85.031473923,3.05998,0.0791551,0.351683,0.707081,0.0296924,1.19538,1.63686,0.0681909,1.40836,0,0.046306,0.28818
85.077913832,3.33412,0.0563518,0.327103,0.172334,0.483877,1.75599,1.52413,0.173179,1.40755,0.0535788,0.0939828,0.191823
85.124353741,3.39138,0,0.269009,0.0609663,1.05546,2.36789,0.892918,0.0825041,1.4443,0.0467853,0.0856534,0.398425
85.170793651,3.4141,0.00184753,0.0516683,0.0798043,1.747,1.99786,0.229652,0.047242,1.74543,0.00894109,0.0270963,0.528196
85.217233560,3.37195,0.0241079,0.0385917,0.333816,2.03663,1.22785,0.302008,0.0838024,1.88506,0.0496573,0.00203187,0.525883
85.263673469,2.9656,0.0546739,0.0270195,1.16391,1.5581,1.28636,0.341278,0.182481,1.60688,0.334103,0.240881,0.198788
85.310113379,2.62683,0.0497569,0.00566659,2.24773,0.905014,1.01543,0.260143,0.341859,1.30381,0.52991,0.937126,0.169168
85.356553288,2.19628,0.0445467,0.00558547,3.10558,0.244473,0.681166,0.157368,0.388461,1.10175,0.678031,1.16815,0.0677699
85.402993197,1.86338,0.0664391,0.00502909,3.39724,0.490879,0.786747,0.105558,0.455119,1.04309,0.559321,1.03158,0
85.449433107,1.6052,0.0649579,0.00457467,2.75215,0.892624,1.14641,0.127173,0.266976,1.02463,0.468698,0.466214,0
85.495873016,1.51922,0.0699885,0.0686108,1.57487,1.01824,1.74496,0.0632915,0.0632357,0.714967,0.704919,0.170207,0.573747
85.542312925,1.44752,0.0685558,0.0739299,0.738211,0.868152,2.18523,0.105534,0.0562654,0.388339,0.81058,0.405572,0.607871
85.588752834,1.46896,0.202119,0.00640326,0.347579,0.849078,2.3269,0.0463664,0.189514,0.157184,0.964043,0.464976,0.435783
85.635192744,1.71315,0.188475,0.00448426,0.299711,0.714311,2.34958,0.0253168,0.359072,0.312983,1.16618,0.484385,0.214639
85.681632653,2.07359,0.23308,0.00248407,0.591544,0.686432,2.02725,0.0673023,0.37525,0.660086,1.05821,0.3563,0.354314
85.728072562,2.15683,0.13019,0.0971695,1.49261,0.387031,1.46177,0.205008,0.20107,0.946582,0.78753,0.507437,0.253097
85.774512472,2.42578,0.00628253,0.126612,2.10498,0,0.764351,0.332429,0.148417,0.610563,0.862549,0.404985,0.224082
85.820952381,2.60909,0.0186974,0.218266,2.42235,0.107752,0.834626,0.42074,0.155523,0.418635,1.11091,0.483035,0.16445
85.867392290,2.85448,0.0613567,0.0914303,2.29755,0.310247,1.08754,0.414484,0.252352,0.384241,1.35481,0.482198,0.128873
85.913832200,2.58464,0.224975,0.0045957,1.04998,0.926011,2.19113,0.327504,0.418151,1.05922,0.62069,0.298767,0.439196
85.960272109,2.40649,0.204081,0.00763685,0.477038,1.1112,2.73958,0.0741138,0.252133,1.336,0.399223,0.152275,0.454951
86.006712018,2.49002,0.149294,0.00872774,0.240823,1.11179,2.95897,0.0253572,0.164827,1.48725,0.25225,0.15444,0.28445
86.053151927,2.44307,0.1627,0.075237,0.0924592,1.3163,2.93382,0.00769214,0.148476,1.51103,0.263013,0.211551,0.168389
86.099591837,2.49197,0.203583,0.16888,0.010568,1.49987,2.61203,0.0176246,0.180787,1.50789,0.244061,0.225534,0.13628
86.146031746,2.29837,0.0672618,0.635381,0.011334,1.46231,2.48021,0.0410172,0.265006,1.8442,0.0817795,0.0196483,0.253296
86.192471655,1.91474,0.191496,0.673103,0.526128,1.05013,2.61508,0.0511611,0.343813,1.91798,0.319648,0,0.462962
86.238911565,2.01581,0.763501,0.180669,1.22475,0.350499,2.61571,0.0371711,0.436867,1.26822,0.440324,0,0.26238
86.285351474,2.5772,0.396022,0.055497,1.57361,0.23968,2.16138,0.0229085,0.46378,1.19448,0.409811,0,0.242218
86.331791383,2.88853,0.198485,0.00964359,1.59382,0.187656,2.07419,0.080086,0.416031,1.10412,0.47148,0,0.395529
86.378231293,2.88509,0.248268,0.014327,1.47644,0,2.01355,0.280491,0.262218,1.07603,0.646853,0.236584,0.246002
86.424671202,2.43409,0.230814,0.0352674,1.13608,0,1.84026,0.41415,0.0436982,1.01433,0.6208,0.53184,0.416989
86.471111111,2.11364,0.088647,0.0471465,0.885525,0.00694098,1.83585,0.29479,0.103196,0.882676,0.627968,0.48634,0.577083
86.517551020,2.07877,0.0177487,0.0776335,0.741769,0.0147148,1.94855,0.419082,0.100751,0.510801,0.737209,0.354308,0.691788
86.563990930,2.07081,0.00159695,0.00359257,0.579331,0.0134679,1.99551,0.540233,0.144408,0.567938,0.968082,0.331743,1.08779
86.610430839,2.07667,0.00162758,0,0.479622,0.0361072,2.09289,0.603345,0.448421,0.543172,0.987958,0.292187,1.1688
86.656870748,2.07189,0.0430518,0.00352213,0.570148,0.390974,2.19637,0.266747,0.652976,0.485091,0.818558,0.115325,0.773568
86.703310658,2.02253,0.0565927,0.00543895,0.843554,0.223038,2.17556,0.277413,0.663111,0.329653,1.00617,0.0202885,0.624545
86.749750567,1.94618,0.204202,0.00429326,0.986321,0.00870283,2.06206,0.571183,0.643868,0.262089,1.0409,0,0.962293
86.796190476,2.0956,0.143185,0.00390339,1.16923,0.00822257,1.948,0.680931,0.733788,0.509851,0.926518,0,1.13803
86.842630385,1.93641,0,0.679556,1.52501,0.116502,1.3108,0.204491,1.33415,0.467362,0.69683,0,1.37152
86.889070295,1.80847,0.00171278,1.04169,1.54338,0.263026,0.923507,0.108112,2.19265,0.188869,0.190946,0.0489931,0.6262
86.935510204,1.71352,0.00181363,0.908192,1.4584,0.24944,0.495583,0.142563,2.57098,0.0938413,0.097868,0.235057,0.232833
86.981950113,1.51899,0.00216534,0.83165,1.63476,0.270194,0.108925,0.0430034,2.5951,0.0389722,0.136468,0.271818,0.268218
87.028390023,1.4243,0.00219191,0.787447,1.71559,0.365956,0.109232,0.0685382,2.67242,0.00222214,0.124606,0.323863,0.349697
87.074829932,1.73147,0.00256034,0.811279,1.81792,0.381573,0.0915573,0.0176645,2.77701,0,0.355652,0.443184,0.387187
87.121269841,1.95854,0.00301766,0.53235,1.95212,0.273461,0.0897085,0.0121085,2.57392,0.234795,0.733149,0.447505,0.373956
87.167709751,1.64983,0.0897278,0.456215,1.91024,0.135823,0.142903,0,1.88176,0.962583,0.829931,0.57448,0.3461
87.214149660,1.22002,0.430809,0.506953,1.79109,0.239418,0.204711,0,1.35374,1.18344,0.796146,0.731709,0.304297
87.260589569,1.16146,1.25869,0.624447,1.47261,0.0504895,0.205541,0,1.41406,0.777066,0.780908,0.800159,0.310815
87.307029478,1.08748,1.34266,0.764356,1.25487,0,0.265916,0.0645628,1.47579,0.14865,0.74578,1.26575,0.0135189
87.353469388,1.21989,0.992892,0.490024,2.23889,0,0.162697,0.129234,1.37368,0.0694751,0.46603,1.30151,0.0481751
87.399909297,1.38641,0.853967,0.0311639,2.90348,0,0.0910712,0.131329,1.31925,0.00269063,0.289668,1.50717,0.115677
87.446349206,1.28155,0.363045,0.00390621,3.34905,0.124927,0.100497,0.148591,1.40015,0.00125034,0.316908,1.32765,0.161371
87.492789116,0.802083,0.00897314,0.00471137,3.39528,0.160233,0.106676,0.147808,1.61604,0,0.390151,1.36467,0.145927
87.539229025,0.682361,0,0.00313033,3.20309,0.0426564,0.1257,0.202274,1.79297,0,0.165431,1.26649,0.171938
87.585668934,0.819952,0.000623244,0.0360296,3.25283,0.0986188,0.0932592,0.244074,1.70977,0,0.0389976,1.02282,0.213958
87.632108844,0.789919,0.00275598,0.0105895,3.1814,0.213433,0.0520043,0.401508,1.49931,0,0.0856883,0.807061,0.184441
87.678548753,0.904918,0.000849379,0.0071223,3.00642,0.355248,0.0222289,0.402385,1.32605,0.00163052,0.139843,0.645226,0.106206
87.724988662,1.21271,0.345348,0,2.57352,0.424841,0.00501814,0.359905,1.30807,0,0.073353,0.782737,0.0544253
87.771428571,2.19376,0.644465,0.0283482,1.84728,0.190649,0.0309757,0.268575,1.36322,0,0.0370228,1.0938,0.0407348
87.817868481,2.61734,0.672742,0.0589341,1.44906,0.144353,0.0526982,0.214886,1.66635,0.000881931,0.0187866,1.20811,0.0664761
87.864308390,2.83823,0.500484,0.0734108,1.17441,0.310581,0.0461206,0.111179,1.57484,0.0295395,0.0426735,1.26034,0.058693
87.910748299,2.52827,0.149027,0.280536,1.09838,0.78874,0.0958819,0.0454958,1.45797,0.0600315,0.0209949,1.39073,0.101708
87.957188209,2.13994,0,0.622322,1.4673,0.878193,0.186669,0.0778964,1.54742,0.0353521,0.0652675,1.25461,0.227365
88.003628118,2.09157,0,0.771483,1.86395,0.885017,0.310024,0.167678,1.63588,0.00251902,0.0669973,1.03886,0.296042
88.050068027,1.98623,0.000290867,0.603022,2.02603,0.946229,0.257815,0.238796,1.81515,0.00345264,0.0203516,0.923696,0.323076
88.096507937,1.97528,0.00134996,0.519842,2.17767,0.891787,0.367582,0.298916,1.87336,0.00486581,0.0228528,0.881502,0.292404
88.142947846,1.89641,0,0.679494,2.45762,0.84306,0.38916,0.348647,1.88924,0.00924941,0,0.91971,0.254008
88.189387755,1.87141,0.000697673,1.03975,2.16345,0.940204,0.217915,0.329537,1.88883,0.0107463,0,1.16013,0.17235
88.235827664,1.60988,0.465005,0.904321,1.81748,1.13833,0.0826735,0.397578,1.95504,0.0136713,0,1.18921,0.230194
88.282267574,1.4394,0.321446,0.443042,2.10158,1.25199,0.0687876,0.350537,1.93473,0.0177416,0,0.989446,0.285991
88.328707483,1.53338,0.228705,0.106317,2.28451,1.26515,0.0530161,0.118041,1.99391,0.0217526,0,0.890172,0.284332
88.375147392,1.8764,0.0631723,0.00738127,2.36203,1.23578,0.0471216,0.239265,1.81303,0.0261757,0.000517835,0.74837,0.337648
88.421587302,2.06152,0,0.0148347,2.25603,1.17156,0.113841,0.483336,1.62253,0.0258826,0.00714959,0.721131,0.404644
88.468027211,2.02575,0,0.00291154,2.02084,1.13005,0.0865581,0.602104,1.58552,0.0226276,0.0194695,0.711548,0.41931
88.514467120,2.06356,0,0.130107,2.0086,1.19228,0.0760146,0.543332,1.46148,0.0310786,0.0124982,0.661463,0.391987
88.560907029,2.10425,0.0160671,0.156559,2.03699,1.23376,0.078873,0.385347,1.37367,0.0303909,0.0210118,0.644995,0.373891
88.607346939,1.968,0.142465,0.0975669,1.97984,1.31172,0.101308,0.31582,1.46357,0.0363376,0.0217003,0.478555,0.391074
88.653786848,1.95365,0.0746307,0.117959,1.8496,1.59688,0.101416,0.21383,1.57092,0.0752483,0.00835614,0.508333,0.387385
88.700226757,2.03767,0,0.167348,1.87135,1.67222,0.0749757,0.108043,1.46142,0.0497634,0.00733677,0.878575,0.337835
88.746666667,2.13308,0,0.101277,1.90457,1.72847,0.0479662,0.112334,1.23684,0.0267354,0.00348019,1.30078,0.206073
88.793106576,2.14161,0,0.0251765,1.86079,1.68884,0.0538986,0.169707,1.18928,0.0223148,0.00119792,1.38797,0.158768
88.839546485,2.25719,0,0.021659,1.85425,1.56632,0.080181,0.295001,1.25831,0.0154334,0.00438569,1.22393,0.196984
88.885986395,2.18279,0,0.0205848,1.82775,1.50132,0.190604,0.417378,1.38676,0.0118062,0.0013715,0.987652,0.294104
88.932426304,2.05676,0,0.020714,1.91384,1.62367,0.181041,0.549227,1.40073,0.0147969,0.000182742,0.808484,0.327683
88.978866213,2.03207,0.0014468,0.0192662,1.98628,1.62557,0.134672,0.543329,1.19577,0.0203847,0,0.716088,0.328544
89.025306122,2.1346,0.000428765,0.0195411,1.88958,1.55311,0.0851209,0.496446,1.30986,0.0232533,0,0.675539,0.335884
89.071746032,2.32222,0,0.0839301,1.59371,1.41101,0.0598762,0.41634,1.43843,0.0252134,0,0.540157,0.380774
89.118185941,2.37871,0,0.173316,1.38633,1.33952,0.0580828,0.406019,1.47137,0.0231381,0,0.717981,0.387998
89.164625850,2.42624,0,0.315116,1.38637,1.21389,0.0533739,0.399983,1.48619,0.0125465,0.0060959,0.916333,0.369839
89.211065760,2.33208,0,0.416115,1.41188,1.12937,0.0511991,0.39778,1.47407,0.0317982,0.0135227,1.02982,0.327104
89.257505669,2.14868,0,0.385708,1.42603,0.98608,0.0439854,0.402226,1.58965,0.0545763,0,1.06589,0.335243
89.303945578,2.05948,0,0.395084,1.51387,0.857046,0.0218793,0.466124,1.57026,0.0258624,0,1.04423,0.349436
89.350385488,1.95223,0.00105099,0.416502,1.3298,0.8632,0.148152,0.470041,1.68605,0.0239343,0,0.934439,0.364935
89.396825397,2.02996,0.000253307,0.377323,1.22188,0.852423,0.177407,0.465651,1.75597,0.0223812,0,0.660682,0.430212
89.443265306,2.1545,0,0.327329,1.34998,0.868237,0.070137,0.368135,1.79566,0.0200277,0,0.462473,0.420642
89.489705215,2.21848,0.00956118,0.311755,1.45101,1.01453,0.047539,0.364255,1.79123,0.0159469,0.00529156,0.323313,0.430889
89.536145125,2.07505,0,0.310808,1.33203,1.17895,0.0305735,0.289938,1.97928,0.0242202,0.0255334,0.246154,0.868362
89.582585034,1.45302,0,1.11574,1.03026,0.615734,0.0300749,0.11852,2.63169,0.0741874,0.0735131,0.107103,1.41037
89.629024943,1.27126,0,1.34,1.15685,0.294473,0.145019,0,3.10236,0.0713881,0.0527653,0.138741,1.43747
89.675464853,1.21831,0,1.26677,1.35653,0.175469,0.261987,0,3.23864,0.0664163,0.000536016,0.192045,1.41133
89.721904762,1.1805,0,1.27687,1.4815,0.117926,0.342781,0,3.28951,0.0643839,0.00157338,0.203455,1.37441
89.768344671,1.37472,0,1.3604,1.58688,0.0392608,0.411077,0,3.11491,0.0544196,0.00130145,0.193531,1.3286
89.814784580,1.61278,0,1.41603,1.51674,0.0931585,0.463228,0.0930755,2.86667,0.0445648,0.0106557,0.122362,1.20923
89.861224490,1.77357,0,1.43308,1.32224,0.24387,0.392517,0.0896685,2.76066,0.0180299,0,0.152531,1.04475
89.907664399,1.84571,0.0410801,1.41756,1.38108,0.269889,0.265687,0,2.82142,0.00181578,0,0.166007,0.916118
89.954104308,1.87436,0.179718,1.42342,1.4704,0.178381,0.135381,0,2.88324,0.000253715,0,0.275304,0.886884
90.000544218,2.00016,0.135821,1.3625,1.44188,0.244477,0.0837091,0,2.82739,0,0,0.325189,0.926571
90.046984127,2.05036,0.00251027,1.26674,1.20362,0.528652,0.0622696,0,2.66819,0,0,0.291997,1.01613
90.093424036,2.14069,0.00251114,1.07899,1.07882,0.818643,0.0527069,0.00807471,2.55227,0,0,0.362666,0.938931
90.139863946,2.25757,0.00244582,0.928136,0.98779,1.10497,0.0136315,0.0576127,2.36583,0.00281008,0,0.711763,0.686338
90.186303855,2.30758,0.00234243,0.858763,0.889648,1.22989,0.00889343,0.0706211,2.2311,0.00773614,0,0.877497,0.579973
90.232743764,2.32794,0.00203075,0.760306,0.855086,1.34949,0.0361758,0.107491,2.23723,0.00752579,0,0.900665,0.612726
90.279183673,2.40974,0.00892169,0.557308,0.803676,1.44329,0.0821712,0.0903052,2.32075,0.00198067,0,1.01927,0.505886
90.325623583,2.4315,0.0118262,0.466954,0.742633,1.46083,0.106619,0.0572462,2.37829,0.0145589,0.0345484,1.25619,0.288487
90.372063492,2.48671,0.00229329,0.558533,0.744887,1.48505,0.0906611,0.072005,2.23116,0,0.0640016,1.30035,0.34951
90.418503401,2.55844,0,0.600246,0.826604,1.47042,0.0787625,0.0899882,2.19534,0,0.00909058,1.2224,0.363308
90.464943311,2.7004,0.00197367,0.556118,0.954318,1.47921,0.131374,0.140477,2.11367,0,0,1.18289,0.177044
90.511383220,2.96611,0.000459522,0.398694,0.918429,1.39648,0.36804,0.521106,1.87715,0.255092,0.0910461,1.05185,0.223454
90.557823129,2.74925,0.127107,0.379834,1.06999,0.949888,0.338815,0.834778,1.70723,0.995973,0.287389,0.746183,0.22377
90.604263039,2.50675,0.255877,0.209665,1.08433,0.633125,0.396265,0.778032,1.33636,1.62836,0.633938,0.770709,0.228732
90.650702948,2.55429,0.276084,0.221897,0.879981,0.659491,0.361515,0.816932,0.506429,1.97636,0.655198,0.864481,0.260969
90.697142857,2.604,0.272527,0.263365,0.696651,0.925695,0.431021,0.799283,0.0154571,2.10484,0.350652,0.894824,0.267771
90.743582766,2.57389,0.187093,0.504211,0.631799,1.05809,0.557252,0.650686,0,2.26964,0.00696261,0.65556,0.221833
90.790022676,2.80459,0.0810187,0.580888,0.718754,0.906116,0.275632,0.623462,0.231869,2.34705,0.0924122,0.446175,0.108222
90.836462585,2.80597,0.112523,0.573798,0.732413,1.0086,0.363695,0.605122,0.244899,2.28467,0.108818,0.542841,0.0564982
90.882902494,2.57782,0.16942,0.59639,1.03306,0.997686,0.415992,0.520516,0.329943,2.19297,0.0805986,0.89699,0.0811947
90.929342404,2.41075,0.0398956,0.395831,1.38234,0.854615,0.492449,0.455716,0.449425,2.25625,0.209535,0.864821,0.13258
90.975782313,2.6204,0.017277,0.31698,1.65424,0.544068,0.373033,0.510834,0.51751,2.0509,0.410923,0.76721,0.193345
91.022222222,2.92814,0.0829044,0.30855,1.85283,0.208092,0.156643,0.594669,0.420744,2.13826,0.464799,0.738954,0.125113
91.068662132,3.06565,0.162117,0.197822,1.87871,0.0592444,0.0133995,0.63996,0.487792,2.20404,0.450704,0.7602,0.199006
91.115102041,2.94125,0.0988737,0.167178,1.64697,0.0723969,0.0263091,0.755943,0.497663,2.33585,0.316993,0.934227,0.234321
91.161541950,2.75626,0.0391304,0.221781,1.31634,0.234606,0.0539825,0.881034,0.188196,2.70187,0.0883004,1.09428,0.25157
91.207981859,2.67925,0.000102141,0.31811,1.37755,0.38368,0.334971,0.841612,0,2.97434,0.0165101,0.936505,0.26691
91.254421769,2.46723,0,0.469203,1.48614,0.445618,0.510397,0.596663,0.0774036,3.07717,0.000374436,0.91408,0.270135
91.300861678,2.10735,0.106007,0.590405,1.61182,0.458911,0.480473,0.487626,0.0955695,3.09033,0,0.947526,0.274097
91.347301587,2.10155,0.306967,0.657215,1.66412,0.311978,0.0869465,0.47107,0.196208,2.9616,0.000414553,0.962099,0.276841
91.393741497,2.49042,0.216026,0.431597,1.79117,0.10502,0.00577013,0.51238,0.564015,2.79932,0.00404846,0.821227,0.292133
91.440181406,2.5955,0.208879,0.398686,2.03265,0.273522,0.00362159,0.526763,0.443163,2.17362,0.00253591,0.687341,0.15103
91.486621315,2.33087,0.0160273,0.513487,1.89634,0.27625,0.0751663,0.221482,0.132105,2.25444,0.000677942,0.656524,0.364377
91.533061224,1.4337,0.180609,0.773209,1.69202,0.200278,0.673147,0.170316,0.000456818,2.03361,0,0.733475,0.517883
91.579501134,0.801684,0.264942,0.884441,1.3148,0.128777,0.905678,0.268961,0.0911741,1.89797,0,1.13335,0.501654
91.625941043,0.548841,0.27473,0.861028,1.17416,0.0854287,1.06355,0.211757,0.397167,1.6821,0,1.56034,0.350008
91.672380952,0.737103,0.147841,0.826966,1.0927,0.0316872,1.00554,0,0.510496,1.4026,0,2.06186,0.00595556
91.718820862,1.03641,0.119409,0.666019,1.01722,0.00984024,0.866208,0.0228795,0.520997,1.1419,0,2.22895,0.000142324
91.765260771,1.59357,0,0.469716,0.818259,0.0154338,0.773107,0.085311,0.611675,0.962453,0,2.09255,0.0339709
91.811700680,2.68915,0,0.150253,0.789381,0.0737969,0.726053,0.18347,0.86115,0.941826,0,1.24143,0.173177
91.858140590,3.44179,0,0.0203697,0.765635,0.208464,0.841544,0.152299,1.02053,1.12575,0.00582434,0.302733,0.163067
91.904580499,3.64386,0,0.0390079,0.76523,0.381013,0.570736,0.0222372,1.26632,1.2479,0.00571793,0.62271,0.165939
91.951020408,3.67648,0,0.0625532,1.02685,0.603102,0.202081,0.00588777,1.49937,1.52107,0.000865934,0.623182,0.16903
91.997460317,3.67015,0,0.0921182,1.07568,0.695481,0.013123,0.00783877,1.5797,1.68883,0.00137196,0.24135,0.162382
92.043900227,3.72685,0.0387,0.110065,1.08872,0.733089,0.00854572,0.00996138,1.54571,1.72715,0.00123921,0.03623,0.0802863
92.090340136,3.67847,0.0771031,0.128666,1.1093,0.700651,0.0121659,0.0151535,1.41913,1.8368,0.00143949,0.0478904,0.0144639
92.136780045,3.51256,0.0120377,0.113094,1.09956,0.689917,0.0378385,0.0201273,1.15967,2.05177,0.00235598,0.0676938,0.0757117
92.183219955,3.14814,0,0.0726648,1.12481,0.718215,0.113844,0.0215707,1.12525,2.0155,0.00273373,0.203673,0.199168
92.229659864,2.80555,0.0600806,0.0311965,1.13966,0.806779,0.121122,0.0215261,1.19317,1.87578,0.0145866,0.301424,0.161723
92.276099773,2.81784,0.203229,0.0129074,1.1859,0.741928,0.0364293,0.0355499,1.17312,1.88913,0.0748323,0.496098,0.118814
92.322539683,2.54185,0.442394,0.0185158,1.17001,0.64779,0,0.247732,1.2494,1.8873,0.199079,0.700447,0.0423872
92.368979592,2.71147,0.148224,0.155488,0.95316,0.619543,0.866744,0.323644,0.957548,1.43364,0.348346,0.472112,0
92.415419501,3.08741,0.290701,0.2948,0.899931,0.570128,0.653839,0.154691,0.704236,0.943129,0.188622,0.476794,0
92.461859410,3.24466,0.336308,0.258539,0.839398,0.320033,0.504604,0.267432,0.305104,1.06468,0.320805,0.347484,0.0157334
92.508299320,3.17571,0.335214,0.230835,0.719509,0.124148,0.376601,0.363587,0.392274,1.09595,0.39959,0.275405,0.0755754
92.554739229,2.7682,0.263397,0.307557,0.359272,0.0741628,0.524539,0.377573,0.929552,0.964088,0.346695,0.216877,0.120861
92.601179138,2.17644,0.481359,0.529981,0.0434469,0.205649,0.9982,0.220607,1.27823,0.804154,0.432511,0.180583,0.0806604
92.647619048,2.04059,0.608422,0.520099,0,0.341102,1.25757,0.0184422,1.36248,0.756097,0.155434,0.120514,0
92.694058957,2.10876,0.421717,0.42385,0.00295901,0.371439,1.31168,0.105679,1.24309,0.535566,0.0821422,0.029508,0.00017551
92.740498866,2.25117,0.150222,0.507808,0.0638518,0.357844,1.31301,0.157911,0.979013,0.547689,0.163752,0.187861,0.0430285
92.786938776,2.30583,0.00680909,0.298717,0.0522234,0.421697,1.59758,0.252154,0.89562,0.71019,0.432572,0.197233,0.0317427
92.833378685,2.4691,0.00495497,0.364502,0.333667,0.70622,1.57923,0.23283,0.924201,0.77968,0.569054,0.51919,0.000360177
92.879818594,2.52348,0.113757,0.145212,0.439912,0.866556,1.26434,0.209735,0.729687,1.19664,0.618875,0.625958,0
92.926258503,2.6737,0.214295,0.109283,0.47589,0.708704,0.951946,0.410247,0.402824,1.4821,0.871556,0.927968,0
92.972698413,2.59204,0.33968,0.215529,0.57335,0.688172,0.81684,0.349881,0.219923,1.3478,0.743275,1.05064,0.0733064
93.019138322,2.35348,0.268012,0.305085,0.514144,0.780707,0.877295,0.26942,0.18654,1.50459,0.578427,0.809803,0.163456
93.065578231,2.20715,0.172258,0.516215,0.292487,0.718729,0.725296,0.334476,0.15168,2.14685,0.380038,0.41794,0.113844
93.112018141,1.62588,0.117744,0.797682,0.203756,0.209833,0.503942,0.307093,0.316164,2.1985,0.059019,0.303591,0.374459
93.158458050,0.778096,0.187808,0.862875,0.284436,0.0312524,0.850501,0.257264,0.176865,1.52152,0.0244926,1.23451,0.275559
93.204897959,0.486424,0.0955375,0.994887,0.521241,0.0195729,0.94369,0.185162,0.0235613,1.2036,0.0060881,2.07706,0.106302
93.251337868,0.555948,0.111121,0.785768,0.708094,0,0.976216,0.172387,0.0488961,1.02804,0.188078,2.64412,0.0592611
93.297777778,1.61526,0.0845067,0.720139,0.904776,0,1.10917,0.181228,0.59086,0.626058,0.336311,2.3152,0.0331864
93.344217687,2.36137,0.153411,0.411908,0.879323,0.0578729,1.12252,0.317985,0.862727,0.735418,0.351576,1.2012,0.0594151
93.390657596,2.86586,0.156786,0.23659,0.800041,0.451819,0.994336,0.275958,0.903805,0.976352,0.24785,0.475045,0.171213
93.437097506,3.1677,0.100988,0.231605,0.702177,0.495214,1.02013,0.257467,1.02802,1.15782,0.0244345,0.555955,0.000199942
93.483537415,3.14201,0.0186098,0.198209,0.326669,0.41969,1.18321,0.290808,1.10604,1.66778,0.0192053,0.45694,0.125609
93.529977324,2.95718,0.233177,0.166529,0.0511341,0.285136,1.30297,0.146805,1.14675,1.67762,0.0362158,0.249133,0.195781
93.576417234,2.52774,0.109805,0.15842,0.0339986,0.23912,1.3682,0.0919592,0.987394,1.81378,0.171503,0.238163,0.173266
93.622857143,2.51751,0.212577,0.204366,0.405317,0.361254,1.3075,0.108401,0.793222,1.76483,0.0181253,0.286689,0.0923707
93.669297052,2.88583,0.120812,0.181873,0.708654,0.42549,1.23426,0.129399,0.584707,1.78827,0.00179109,0.436431,6.22734e-05
93.715736961,3.01012,0,0.234552,0.846509,0.226421,1.28627,0.143715,0.71494,1.94394,0.252019,0.231477,9.36264e-05
93.762176871,2.58814,0.000212413,0.245039,0.991598,0.186261,1.57919,0.0931822,0.99709,1.72121,0.568823,0.0544851,0.000415397
93.808616780,1.77923,0.124747,1.08556,0.800522,0,2.2327,0.0608615,0.851249,1.1109,0.65865,0.109831,0.0663127
93.855056689,1.58748,0.178398,1.23196,0.300266,0,2.55355,0.0391751,0.635182,1.0802,0.58237,0.0996341,0.145321
93.901496599,1.55978,0.217655,0.906274,0.25563,0,2.94386,0.0278346,0.676795,0.936083,0.802837,0.0335514,0.341451
93.947936508,1.7304,0.199955,0.358626,0.449846,0,3.35956,0.0311042,0.569566,0.839486,1.04692,0,0.507923
93.994376417,1.82267,0.158931,0.0407614,0.545637,0,3.49714,0.0423516,0.312373,0.857938,1.18579,0,0.533106
94.040816327,1.76699,0.182937,0.146432,0.608687,0,3.03764,0.207276,0.655738,0.588543,1.20772,0.00890354,0.500449
94.087256236,1.65759,0.137568,0.657517,0.571749,0,2.43983,0.493013,1.27395,0.399177,1.05009,0.0151606,0.560611
94.133696145,1.45382,0.0657626,0.922692,0.522343,0,2.06483,0.28865,1.91589,0.408546,0.895122,0.106287,0.481282
94.180136054,1.36676,0,0.90663,0.504266,0.167413,1.91542,0.327776,2.42491,0.37205,0.940671,0.00880894,0.305957
94.226575964,1.18339,0.113216,0.973485,0.140894,0.132119,1.35615,0.192114,2.96139,0.228139,0.789548,0.643633,0.450351
94.273015873,1.0225,0.183722,0.944572,0.600907,0.11062,0.58446,0.119831,3.15812,0,0.794275,1.19345,0.743081
94.319455782,0.469924,0.224571,1.26622,0.948542,0.00923187,0.960927,0.0684032,2.69266,0,0.807142,2.04723,0.420227
94.365895692,0.262779,0.303712,0.921364,0.950797,0.0188823,2.0761,0.0347732,1.59587,0,0.507465,2.39604,0.115489
94.412335601,0.38694,0.177279,0.653081,0.624053,0.00930895,2.35134,0,0.794499,0.15794,0.444106,2.51986,0.141542
94.458775510,0.495131,0.0978567,0.911245,0.315454,0,2.11735,0,0.97931,0.25858,0.490444,2.51225,0.0686354
94.505215420,0.502313,0.112409,0.901887,0.669142,0,1.56221,0.0441713,1.58155,0.203359,0.50333,2.36609,0.0246956
94.551655329,0.442851,0.290092,0.58031,1.06139,0.00296127,1.19557,0.0548176,2.25255,0.0842748,0.419177,2.46123,0.100098
94.598095238,0.709632,0.0675794,0.47222,1.29175,0,0.952976,0.111957,2.4827,0.278235,0.378831,2.33066,0.196499
94.644535147,0.598416,0.05571,0.39043,1.58177,0,0.80417,0.119837,2.76669,0.0627805,0.38747,2.02705,0.233744
94.690975057,0.711135,0.293209,0.530407,1.71167,0,0.918168,0.133659,2.89708,0.0744091,0.357696,1.76629,0.229561
94.737414966,0.71269,0.268372,0.603036,1.81446,0,0.51956,0.0849522,3.08475,0.303228,0.339203,1.7232,0.180313
94.783854875,0.68929,0.415332,0.639125,1.87784,0,0.124395,0.137303,2.90318,0.435152,0.326669,1.67137,0.122594
94.830294785,0.575342,0.409538,0.461902,1.98737,0,0.135222,0.235959,2.70629,0.513418,0.29108,1.72822,0.0467461
94.876734694,0.308826,0.212438,0.551902,1.93356,0.0125069,0.273014,0.281232,2.49238,0.540028,0.210313,1.90672,0.148637
94.923174603,0.398334,0.0112129,0.446122,1.80814,0.0189386,0.340404,0.198688,2.44188,0.524817,0.252695,2.10761,0.131685
94.969614512,0.456797,0.0088005,0.364344,1.69223,0.0180903,0.316799,0.0760252,2.62773,0.445787,0.303816,2.34703,0.114832
95.016054422,0.736842,0.0393693,0.405083,1.80121,0.00508131,0.165231,0.062063,2.8341,0.306349,0.324114,2.33672,0.0389237
95.062494331,0.793682,0.0520543,0.471028,1.87178,0,0.0969318,0.0761617,3.00569,0.293005,0.303325,1.94978,0.022391
95.108934240,0.515422,0.010483,0.496733,1.95427,0.0392287,0.0769161,0.0663102,3.2075,0.40717,0.278843,1.42277,0.0336736
95.155374150,0.440623,4.12339e-05,0.860796,1.6131,0.0851415,0.0441734,0.0613029,2.64419,0.517704,0.110042,1.58597,0.809334
95.201814059,0.371595,0.206376,1.01687,2.16109,0.0268203,0.112926,0.0446438,1.74379,0.338133,0.0807168,2.02356,0.54013
95.248253968,0.355067,0.189713,1.00598,2.78987,0.0129867,0.108135,0.0449646,1.16603,0.148657,0.0326771,2.1866,0.180511
95.294693878,0.271826,0.221286,0.651603,3.60927,0.00877337,0.116021,0.0572368,0.994988,0.0132035,0,2.15659,0.0931814
95.341133787,0.076861,0.115637,0.164063,4.0129,0.0160856,0.0937166,0.0535944,1.14157,0.00388285,4.47043e-05,2.01908,0.0934553
95.387573696,0.318639,0.13774,0.187526,3.78727,0.0266383,0.565,0.0148009,1.1191,0.00285886,0.00235071,2.21041,0.0412708
95.434013605,0.470694,0.011904,0.100648,2.60618,0.0638676,1.96109,0,1.20618,0.0289939,0.244928,1.94893,0.0782204
95.480453515,0.614291,0.158174,0.0118369,1.29838,0.0125332,2.46899,0,1.29865,0.0407881,0.307027,1.74991,8.59966e-05
95.526893424,0.739949,0.0455038,0.012769,1.05869,0.0167426,2.65647,0,1.35191,0.0344702,0.336817,1.40273,0.00297143
95.573333333,0.876273,0,0.00489306,1.10025,0.026561,2.28637,0,1.2932,0.0110575,0.395313,1.31578,0.0595784
95.619773243,1.10702,0,0.00050803,1.31049,0.0308527,1.92059,0.00288004,1.14703,0.0143283,0.513813,1.40313,0.0632082
95.666213152,1.59699,0,0,1.27992,0.0293699,2.27749,0,0.805168,0.0262289,0.518787,1.18915,0.000522197
95.712653061,1.80864,0,0.00169055,1.24262,0.0162412,2.76802,0,0.781169,0.0401906,0.473079,0.988294,0.0125154
95.759092971,1.75579,0,0.00542412,1.29007,0,2.87923,0,0.897474,0.0279656,0.455568,0.985484,0.0635663
95.805532880,1.75134,0,0.0060061,1.23382,0.0757761,2.54707,0,0.819712,0.0183448,0.442443,0.945894,0.0885354
95.851972789,1.92242,0.00130913,0.00435572,1.2774,0.684875,1.83574,0,0.702492,0,0.429323,1.03644,0.0937347
95.898412698,1.61984,0.00175418,0.0187672,1.62004,0.581558,1.39919,0.0076691,0.886479,0,0.388754,1.46066,0.159619
95.944852608,1.3709,0.00917391,0.0337864,2.43652,0.214046,1.21746,0.0131843,1.1912,0,0.358543,1.79934,0.177891
95.991292517,1.19471,0.0160235,0.0112945,3.12535,0.0188952,1.06377,0,1.24049,0.0173101,0.372835,1.96195,0
96.037732426,0.8679,0.0117049,0.0422259,2.92579,0.408895,1.24871,0.134717,1.38148,0.069199,0.350329,1.98884,0
96.084172336,0.605526,0.0949986,0.608194,1.61434,0.803877,1.32696,0.113487,1.02648,0.344314,0.193054,1.93774,0.568614
96.130612245,0.605598,0.187647,0.791613,1.62226,0.589653,1.22326,0.0185442,0.373877,0.185179,0.783666,1.81928,0.728789
96.177052154,0.67896,0.231111,0.765975,1.63744,0.383513,1.45627,0.015503,0.301842,0.0940219,1.11287,1.66694,0.313921
96.223492063,0.603391,0.214494,0.650536,1.49179,0.179162,2.17431,0,0.733867,0.0165978,1.04204,1.57841,0.173008
96.269931973,0.620597,0.135344,0.516773,1.23594,0.0334133,2.62884,0,1.03206,0.0677667,0.718463,1.54565,0.151012
96.316371882,0.695539,0.0669948,0.47486,0.723646,0.0474751,2.68341,0.00560249,1.01548,0.0935889,0.579184,1.61476,0.447424
96.362811791,0.668649,0.156582,0.432501,0.209331,0.0510879,2.6542,0.0514709,1.27462,0.0348507,0.571788,1.91463,0.594574
96.409251701,0.197925,0.480827,0.755705,1.20003,0.0232101,2.03964,0.059704,1.57053,0.0159109,0.428609,1.77773,0.720547
96.455691610,0.224978,0.397896,0.624402,2.14209,0,1.75362,0.0791786,1.53559,0.141464,0.634422,1.72643,0.514403
96.502131519,0.217679,0.382985,0.32903,2.77745,0,1.44927,0.085013,1.63473,0.174545,0.832863,1.57021,0.249263
96.548571429,0.257811,0.303417,0.0631028,3.00202,0.00135073,0.920114,0.238579,1.44349,0,1.08955,1.40379,0.106952
96.595011338,0.992634,0.37899,0.0752203,2.31338,0.0418242,0.98823,0.595347,0.852016,0,1.1948,1.46134,0.00771056
96.641451247,1.15391,0.297679,0,1.41978,0.00368893,1.14449,0.72807,0.863715,0,1.32574,1.21442,0.024522
96.687891156,0.901733,0.257645,0.0984843,1.23721,0,1.29278,0.53246,1.05725,0,0.876475,1.44237,0.160754
96.734331066,0.629721,0.206705,0.236245,0.841724,0,1.65043,0.517406,0.859306,0.0461012,0.584611,1.75829,0.16673
96.780770975,0.609593,0.213609,0.486709,0.438779,0.0061602,1.48175,0.483414,0.771062,0.0589154,0.423584,1.99215,0.0544818
96.827210884,0.450476,0.274079,1.05171,0.214283,0.122344,1.44183,0.396055,1.71745,0.0804444,0.140559,1.80375,0.144491
96.873650794,0.0894775,0.231806,1.45121,0.179201,0.125741,0.951795,0.25491,2.7049,0.0353717,0.0116345,1.36267,0.53733
96.920090703,0.243551,0.0350101,1.41384,0.715329,0.028158,0.656037,0.0743655,3.24054,0,0.0724003,1.38774,0.726545
96.966530612,0.234913,0.0289271,1.25451,1.48553,0.00308321,0.385299,0.2172,3.29986,0.000508174,0.168586,1.78439,0.311052
97.012970522,0.161214,0.0646729,1.40746,1.78873,0.00091563,0.437463,1.35101,2.47962,0.00327135,0.217525,1.5393,0.265753
97.059410431,0.0183356,0.13259,1.31254,1.80795,0.000632334,0.0537605,2.49445,1.83701,0.00667467,0.170241,1.69289,0.146912
97.105850340,0,0.093321,1.1427,1.89836,0.00458521,0.0322776,2.32982,2.14498,0.00674888,0,1.85792,0.112159
97.152290249,0.00719831,0.0544573,0.917915,2.07427,3.0613e-05,0.0567114,1.73705,2.7109,0,0,1.7683,0.112674
97.198730159,0.000121707,0.159258,0.582514,2.22651,0,0.695402,0.730945,2.95931,0,0,1.36611,0.162333
97.245170068,0.135407,0.182641,0.451523,1.98163,0,1.01583,0.274847,2.47145,0.109231,0.057055,1.2536,0.161297
97.291609977,0.215508,0.0448147,0.28199,1.88448,0.184071,1.07652,0.310648,2.21529,0.640649,0.15811,1.19535,0.141852
97.338049887,0.2679,0.114312,0.224489,2.10144,0.445811,0.821939,0.436038,2.22412,0.65475,0.191214,1.05345,0.000467033
97.384489796,0.138215,0.0135201,0.462612,2.34286,0.533319,0.398177,0.541216,2.39847,0.790865,0,1.00498,0.0839277
97.430929705,0.0817188,0,0.529479,2.72838,0.0400126,0.435714,0.536653,2.38448,0.818295,0,1.3341,0.16731
97.477369615,0.0312979,0,0.172884,3.29882,0.00508579,0.184179,0.381276,2.31967,0.784909,0.00306513,1.86085,0.155751
97.523809524,0.0378365,0.157753,0.0460342,3.4618,0.00420303,0.208239,0.174655,2.19676,0.482082,0.00164232,2.01598,0.0953593
97.570249433,0.0348176,0.236343,0.0186466,3.67183,0.00188392,0.251761,0.0598001,2.10477,0.332241,0.00190029,2.16655,0.0136867
97.616689342,0.0572989,0.285562,0.00680106,3.88908,0,0.25134,0.0143775,2.06613,0.326402,0.00201319,2.17356,0
97.663129252,0.123459,0.363806,0.00899947,3.93998,0,0.138252,0.0791965,2.05783,0.38283,0.0015653,2.04766,2.62066e-05
97.709569161,0.190156,0.280773,0.00737181,3.62002,0,0.105648,0.096015,1.93472,0.484793,0.000743968,2.01541,4.56581e-05
97.756009070,0.0721726,0.206529,0.00469729,3.37731,0,0.0888561,0.00738314,1.95025,0.474755,0.0639912,2.08204,0.065491
97.802448980,0.00741488,0.121167,0.00562184,3.27352,0.0212998,0.0976737,0.0443077,1.89038,0.497131,0.02511,2.11216,0.0160173
97.848888889,0.0176725,0.0461202,0.00548292,3.03152,0.128058,0.295539,0.0832699,1.86784,0.547149,0.0543762,2.20963,0.000391028
97.895328798,0.252607,0.0629445,0.00848869,2.26225,0.257604,0.506518,0.109217,1.51971,0.841942,0.177393,1.91619,0.000405113
97.941768707,0.913478,0.295351,0.0572893,2.05881,0.11429,0.558257,0.0887796,0.883597,1.22778,0.0810751,1.77675,0.000218639
97.988208617,1.30574,0.485061,0.0207689,2.326,0,0.506584,0.0289943,0.595355,1.64029,0.0472531,1.50936,0.0196696
98.034648526,1.52112,0.490362,0.0551985,2.25366,0.0204137,0.422114,0,0.493736,1.67159,0.301204,1.67963,0.0753939
98.081088435,1.62227,0.306909,0.106342,2.41565,0.0271835,0.328131,0,0.453219,1.73984,0.303638,1.60909,0.120042
98.127528345,1.62052,0.190427,0.327998,2.42385,0.0101262,0.38005,0,0.5419,1.84812,0.00868871,1.65094,0.10335
98.173968254,1.94921,0.139105,0.427194,2.22896,0.0263834,0.325243,0.164169,0.654258,1.91813,0.0462509,1.48356,0.0003221
98.220408163,2.3527,0.277906,0.497978,1.90461,0.0815266,0.45397,0.270356,0.567381,1.90181,0.0262014,1.04401,0.000122801
98.266848073,2.75214,0.210667,0.560247,1.42972,0.0907209,0.547263,0.258328,0.847261,1.88928,0.0086749,0.848982,0
98.313287982,2.83705,0.0772123,0.346455,1.07664,0.277644,0.624557,0.163935,0.983654,2.01507,0.140643,0.833818,0.0247338
98.359727891,2.7325,0.012553,0.414975,1.11865,0.313562,0.594398,0.110441,0.953103,2.13865,0.284939,0.893866,0.0364306
98.406167800,2.84273,0.149552,0.394647,1.68888,0.202291,0.153054,0.113025,0.75667,2.08754,0.343702,0.881002,8.91949e-06
98.452607710,2.91452,0.167459,0.304612,2.19001,0.0656677,0.0148097,0.157245,0.737763,2.05783,0.313841,0.799761,5.70215e-05
98.499047619,2.92975,0.104509,0.353409,2.45321,0,0.0397486,0.263763,0.619382,2.26791,0.175785,0.985991,6.97437e-05
98.545487528,2.70228,0.0528714,0.350935,2.43626,0,0.078525,0.450008,0.32219,2.47819,0.00274514,1.06022,0.110148
98.591927438,2.6847,0.00733898,0.300908,2.28138,0.00293967,0.0674272,0.452044,0.344506,2.49869,0.00343922,1.00204,0.218267
98.638367347,2.80634,0,0.21837,2.28818,0,0.141667,0.376419,0.355538,2.4522,0.00480631,0.868051,0.149369
98.684807256,2.70464,0,0.253717,2.07756,0,0.1872,0.281549,0.400731,2.48939,0.00547556,0.944732,0.106249
98.731247166,2.63903,0.085855,0.348429,1.98184,0.0741031,0.0311034,0.200758,0.431762,2.44746,0.00519055,1.16023,0.0095502
98.777687075,2.50297,0.00018992,0.447489,1.99533,0.0423038,0.0154539,0.202932,0.381401,2.32552,0.00370352,1.22965,0.0998141
98.824126984,2.88716,0.00097695,0.47352,2.05101,0.0960566,0.0520469,0.331581,0.486107,2.37787,0.00332674,0.922532,0.284466
98.870566893,3.29934,0.0674146,0.420232,2.06434,0.213734,0.103378,0.326768,0.41703,2.52429,0.00437675,0.321163,0.399608
98.917006803,3.39618,0.182942,0.343114,2.05876,0.294971,0.231789,0.261167,0.331163,2.64601,0.0190462,0.0950434,0.342176
98.963446712,3.30011,0.229835,0.237989,2.10635,0.347545,0.227864,0.317734,0.241029,2.85463,0.00276929,0.158783,0.321321
99.009886621,2.99493,0.242034,0.239321,2.1244,0.298992,0.169743,0.384712,0.231264,3.11958,0.00248447,0.254352,0.424383
99.056326531,2.84469,0.232375,0.311511,2.0825,0.215349,0.0918256,0.518689,0.309683,3.07266,0.00208216,0.347985,0.375434
99.102766440,2.70007,0.155109,0.190663,1.90112,0.0321582,0,0.560856,0.608997,2.98255,0.00306412,0.615624,0.416727
99.149206349,2.51089,0.116198,0.0962951,1.71435,0,0,0.458634,0.803008,3.07339,0.108389,0.728103,0.447616
99.195646259,2.66864,0.0973272,0,1.70238,0,0,0.326328,0.890013,2.91265,0.0988533,0.729313,0.183938
99.242086168,2.86526,0.0370313,0,2.0215,0.141022,0,0.253425,0.829139,2.6856,0.31916,0.680521,0.203094
99.288526077,2.35337,0,0.0036572,2.04124,0.559519,0.0505644,0.482158,0.63048,2.83436,0.379938,0.478532,0.22774
99.334965986,1.38011,0.0033635,0.10421,1.76602,1.07902,0.0470086,0.781057,0,2.54062,0.116843,0.288683,0.144566
99.381405896,0.627262,0.00515526,0.11608,1.50906,0.755217,0.079424,1.33202,0,2.33873,0.052123,0.305086,0.815522
99.427845805,0.351192,0.0712587,0.114016,1.56164,0.597922,0.082084,1.18261,0.00482465,2.07096,0.0162995,0.152268,2.02605
99.474285714,0.26407,0.0212199,0.0633031,1.39939,0.315354,0.0665686,1.08033,0.0489024,2.07282,0.0266473,0.072247,2.36432
99.520725624,0.215266,0.013202,0.129994,1.40636,0.162422,0.0252269,1.03124,0.0383203,1.95395,0.0018462,0.0175212,2.17217
99.567165533,0.51981,0.0710529,0.239873,1.60052,0.187249,0.0186988,0.993652,0.0178403,1.77409,0.0354781,0.0800368,1.88857
99.613605442,1.37467,0.116136,0.246253,1.68481,0.180618,0.030855,0.84345,0.0447523,1.80159,0.0293807,0,1.38586
99.660045351,2.49319,0.111928,0.221277,1.83905,0.170803,0.0631707,0.926125,0.0461061,1.996,0.00339689,0,0.581813
99.706485261,2.81581,0,0.211591,1.75306,0.376662,0.25743,1.1453,0.0433653,2.41656,0.103254,0,0.000166895
99.752925170,2.81323,0.460432,0.241606,1.29349,0.42574,0.501414,1.01696,0.0448834,1.77894,0.29088,0,0.131129
99.799365079,2.32509,0.35263,0.0751977,0.809848,0.316062,0.935586,0.747845,0.0562536,1.74808,0.305092,0.147537,0.448493
99.845804989,1.54981,0.567202,0.342369,0.562638,0.0878596,1.23902,0.0926722,0.0555055,1.81923,0.121392,0.304077,0.595378
99.892244898,1.1061,0.989982,0.470889,0.44788,0.256972,1.21885,0.026458,0.130084,1.87091,0,0.403751,0.594182
99.938684807,1.72247,0.753205,0.735434,0.170269,0.531957,1.17964,0.0402484,0.475096,2.01786,0.00418981,0.312,0.591525
99.985124717,2.40809,0.34973,0.811492,0,0.664586,1.23079,0.0424644,1.00125,1.90456,0.10076,0.197819,0.421316
100.031564626,3.01143,0.0879986,0.645346,0,0.747408,0.920513,0.0790182,1.40266,1.50437,0.32514,0.24481,0.0757229
100.078004535,2.96924,0.20948,0.58737,0.0316308,0.846297,1.04034,0.0766379,1.29784,1.19709,0.156692,0.281275,9.23136e-05
100.124444444,2.61914,0.0819843,0.590755,0.0587905,0.879505,1.26023,0.0976413,1.09591,1.29311,0.184204,0.505217,0.013891
100.170884354,2.41487,0.118987,0.345078,0.0908171,0.823511,1.5087,0.112458,0.874399,1.35167,0.381034,0.335151,0.0514077
100.217324263,2.49651,0.132985,0.1271,0.218189,0.754573,1.40901,0.103565,0.772264,1.3754,0.485245,0.374796,0.0302847
100.263764172,2.08399,0.649825,0.0379036,0.403919,0.623648,1.0545,0.0763919,0.832343,1.17343,0.591918,0.624841,0.989428
100.310204082,1.17547,1.73544,0,0.641776,0.37508,1.05601,0.0461194,0.823716,1.32076,0.897107,0.300329,1.47118
100.356643991,1.10786,2.45956,0.127507,0.448628,0.424121,0.845172,0,0.85001,1.42581,0.817991,0.405064,0.597888
100.403083900,1.9252,2.04522,0.260527,0.142468,0.479082,0.672374,0.00333418,0.86105,1.181,0.763894,0.437808,0.154164
100.449523810,2.78409,0.889531,0.416805,0,0.558268,0.839536,0.00579227,0.832919,1.21934,0.345479,0.513433,0.0781554
100.495963719,3.02711,0.191981,0.443242,0.0410375,0.480199,0.878988,0.0462314,0.740225,1.32427,0.0768597,0.434305,0.0890977
100.542403628,2.55825,0.125953,0.468107,0.516335,0.116408,1.17762,0.0611527,0.286291,1.34984,0.0957284,0.230352,0.388757
100.588843537,1.86233,0.0199118,0.467906,0.446309,0.0117268,1.59068,0.0833097,0.0136061,1.74597,0,1.13896,0.530606
100.635283447,1.16141,0.118382,0.413019,0.215453,0.0417128,2.01859,0.072482,0.0486083,2.03405,0.195418,1.97265,0.0799482
100.681723356,1.07012,0,0.650747,0.136698,0.047546,2.34591,0.0837773,0.0405481,2.61354,0.327921,2.00718,0.0271913
100.728163265,1.25736,0.118649,0.395786,0.290198,0.0526694,2.32385,0.0829819,0.0359384,2.78391,0.354934,1.78335,0.104803
100.774603175,1.43707,0.0826038,0.113328,0.660374,0.0918902,2.0442,0.161313,0.0281052,2.86427,0.256303,1.61045,0.127018
100.821043084,1.94654,0.000813794,0.130302,0.913835,0.230078,1.68479,0.478197,0.0261348,2.79703,0.0252193,1.27156,0.139581
100.867482993,2.39576,0,0.153626,0.972989,0.26474,1.6531,0.509206,0.0965848,2.69972,0.0031261,0.693758,0.128847
100.913922902,2.60119,0.0036262,0.160294,0.908857,0.213838,1.85342,0.366144,0.22009,2.70921,0.00310804,0.315482,0.138557
100.960362812,2.59464,0.000170067,0.143974,0.776123,0.202369,2.03901,0.24543,0.236561,2.81415,0.002149,0.154825,0.137351
101.006802721,2.4805,0.048433,0.219369,0.808931,0.258871,2.09794,0.158515,0.231145,2.7467,0.000708017,0.0966295,0.346075
101.053242630,2.20286,0.0646044,0.307582,0.947972,0.528633,2.16349,0.0851605,0.452277,2.4291,0,0.0453651,0.722366
101.099682540,2.06355,0.000379761,0.425194,1.04972,0.674987,1.96262,0.117307,0.714209,1.78465,0,0.560804,0.760319
101.146122449,2.35816,0.108964,0.494879,1.16306,0.548517,1.78572,0.148273,0.4955,1.187,0.082143,0.859527,0.486985
101.192562358,2.44039,0.0956135,0.446752,1.23388,0.511936,1.83665,0.142764,0.338745,1.10191,0.474052,0.514729,0.417216
101.239002268,2.45783,0.188704,0.298252,1.16587,0.575753,1.90764,0.237935,0.577533,1.04784,0.536209,0.519481,0.333277
101.285442177,2.43003,0.34892,0.10306,1.16657,0.41422,1.9196,0.328926,0.912829,0.970541,0.320724,0.618674,0.208788
101.331882086,2.25373,0.211516,0.116816,0.994492,0.447185,1.96906,0.342352,0.89935,1.3285,0.226117,0.816911,0.126999
101.378321995,2.22326,0.203426,0.0778716,0.77521,0.415928,2.083,0.439711,0.512756,2.10183,0.203079,0.674116,0.0495606
101.424761905,2.55178,0.0281597,0.0146789,0.757585,0.268822,1.76275,0.564678,0.145592,2.7056,0.309536,0.610928,0.000277739
101.471201814,2.25389,0,0.0358074,0.274855,0.203796,2.33599,0.616759,0.0870784,3.00554,0.167212,0.549752,0.134468
101.517641723,1.9015,0.17881,0.185236,0.000343028,0.0428418,2.89637,0.344868,0.401789,2.71935,0.245093,0.136392,0.069024
101.564081633,2.00884,0.707807,0.15434,0.208565,0.304154,2.95278,0.00569722,0.322887,1.82627,0.697012,0.1607,0.000130147
101.610521542,2.16727,0.639977,0.251651,0.210792,0.299896,2.73131,0.00125175,0.183977,0.968237,0.716687,0.786814,0.175831
101.656961451,2.00646,0.655054,0.617978,0.690665,0.274975,2.46024,0.0151626,0.360017,0.229482,0.940986,1.06888,0.309159
101.703401361,0.823349,0.390616,1.33513,1.08427,0.475563,1.86778,0.104294,0.977847,0.0312471,1.07568,1.612,0.115797
101.749841270,0.230893,0.238583,1.64276,1.1284,0.319432,0.885413,0.637776,1.5101,0.013287,0.931339,1.82291,0.361696
101.796281179,0.253908,0.179517,1.77759,1.01761,0.0603916,0.690544,0.649997,1.81354,0.0132789,0.586331,1.6527,0.561565
101.842721088,0.151366,0.134932,1.89576,0.865749,0.0794854,0.565459,0.0510359,2.04909,0.36618,0.322892,1.31674,0.548698
101.889160998,0,0.146128,1.82082,0.721229,0.122112,0.719632,0.0498384,1.47258,1.48463,0.301164,0.8826,0.409515
101.935600907,0.208213,0.177012,1.04593,1.37377,0.0962951,0.907617,0.0594407,1.18636,1.92203,0.173263,0.768882,0.500643
101.982040816,0.68158,0.0654363,0.507161,1.62605,0,1.06323,0.250108,0.707994,2.34667,0.0587238,0.777978,0.414298
102.028480726,0.729546,0.0875003,0.794668,1.54688,0,1.24267,0.343908,0.640647,2.14459,0.25662,0.482532,0.23478
102.074920635,0.653936,0.0573967,1.26095,1.22923,0,1.34024,0.120837,0.853269,1.65338,0.383844,0.372127,0.256531
102.121360544,0.510309,0.186739,1.37198,1.19289,0,1.14477,0.111135,0.915749,1.59637,0.438749,0.501334,0.277219
102.167800454,0.17731,0.125727,1.30566,1.35651,0,1.08038,0.110346,1.0608,1.40953,0.278531,0.610351,0.369388
102.214240363,0.29551,0.0373871,1.0987,1.5385,0.00108405,1.00462,0.205124,1.18489,1.06149,0.233103,0.692321,0.348467
102.260680272,0.283232,0.000140388,0.813654,1.60548,0,0.955021,0.231618,1.4467,0.839653,0.223755,0.728646,0.338089
102.307120181,0.289692,0,0.762028,1.65193,0,0.838737,0.125372,1.86714,0.495482,0.24287,0.757446,0.284372
102.353560091,0.351046,0,0.853786,1.80956,0.00142324,0.770171,0.107254,2.20274,0.222041,0.230737,0.777637,0.468987
102.400000000,0.573545,0.0602339,1.08557,2.02592,0.0200848,0.724869,0.0804945,1.97294,0.358402,0.158426,0.810441,0.439905
102.446439909,0.762723,0.0290182,1.06165,2.06816,0.0356615,0.883285,0.107097,2.26459,0.454516,0.126198,0.84678,0.266566
102.492879819,0.264539,0.00952919,1.11329,1.98108,0.0849553,0.9654,0.137036,2.6384,0.243178,0.00207207,1.29799,0.519983
102.539319728,0.000159121,0.000287665,1.14375,1.98914,0.0873661,1.02913,0.140422,2.74209,0.113165,0.00271177,1.74434,0.519361
102.585759637,0.000121337,0.191809,1.3089,2.03831,0.061572,1.09586,0.128621,2.22279,0.649992,0.00482285,1.83097,0.393164
102.632199546,0,0.254635,1.42889,2.22707,0.040194,1.08729,0.142922,1.78165,0.889087,0.0182776,1.77487,0.35967
102.678639456,0.0280623,0.271819,1.21267,2.34464,0.00425323,1.18049,0.13134,2.19053,0.659461,0.0242386,1.75611,0.384572
102.725079365,0.0926679,0.215502,1.01417,2.45957,0,1.15707,0.31982,2.37461,0.0592239,0.0651081,2.00648,0.471886
102.771519274,0.174775,0.000242599,0.974574,2.33013,0.0188576,1.16008,0.256257,2.23857,0.0125737,0.128088,2.22919,0.638429
102.817959184,0.31041,5.59816e-05,1.05337,2.20251,0.0179295,1.05531,0.0239736,2.10708,0.00477629,0.142047,2.33931,0.644748
102.864399093,0.168399,0.125543,1.27369,2.0784,0.00529836,1.10444,0.00304302,1.94241,0.00140222,0.124512,2.33593,0.750386
102.910839002,0.225933,0.0716607,1.17489,2.11154,0.00611218,1.21066,0,2.19679,0.00081453,0.0465279,2.31909,0.797397
102.957278912,0.565849,0,1.11634,2.20111,0.00549655,1.47112,0.00861333,2.09061,0,0.00932925,1.89341,0.758334
103.003718821,0.997557,0.000553113,0.900254,2.41173,0.0105316,1.38172,0.0243464,2.13927,0.0131796,0.216911,1.56823,0.478327
103.050158730,1.41572,0.00294231,0.398041,2.4865,0.00518904,1.24557,0.040911,2.25915,0.0332501,0.501757,1.44839,0.381519
103.096598639,1.73429,0.000877919,0.128063,2.40994,0.00204251,1.2434,0.0321787,2.21403,0.371939,0.820828,1.22189,0.476094
103.143038549,1.65286,0.0592581,0.0144862,2.38945,0.00657497,1.45479,0.0302553,1.81457,0.361429,0.844489,0.973826,0.563114
103.189478458,1.5,0.00453728,0.00132621,2.50719,0,1.67733,0.0515993,1.71781,0.0419163,0.762204,0.989069,0.410499
103.235918367,1.35378,0.0014971,0.00955628,2.31529,0,2.14206,0.0732969,1.57081,0.00595785,0.582371,1.05799,0.369369
103.282358277,1.33834,0.0389477,0.266287,2.00823,0,2.001,0.0703941,1.55347,0.0069279,0.438994,1.38796,0.478877
103.328798186,1.36933,0.0535382,0.2921,2.10839,0.027367,1.88281,0.0583615,1.60439,0.00708009,0.311999,1.6171,0.38071
103.375238095,0.845853,0.00114297,0.338107,2.35267,0.10732,1.54171,0.116436,1.77202,0,0.341329,2.12392,0.159035
103.421678005,0.166587,0.000234425,1.18839,2.42543,0.630406,1.49788,0.17264,1.69469,0,0.623687,1.92552,0.0801597
103.468117914,0.0630054,0.168693,1.53515,2.33421,0.413104,1.21343,0.165957,1.95189,0,0.601802,1.89049,0.15295
103.514557823,0.109226,0.25986,1.42805,2.09605,0.00928188,1.01376,0.0889461,2.43793,0,0.80808,1.87019,0.14308
103.560997732,0.0322706,0.234001,1.37721,1.77274,0.0453645,0.981155,0.181942,2.78456,0.00316922,0.702972,1.90952,0.182852
103.607437642,0.00570875,0.249489,1.50635,1.47456,0.0594906,1.19328,0.119895,2.67982,0.281942,0.340788,1.88462,0.325801
103.653877551,6.45453e-05,0.156989,1.68625,1.1281,0.0374704,1.45721,0.0114489,2.60818,0.393907,0.153146,1.81572,0.542236
103.700317460,4.97873e-05,0.078358,1.75483,1.08665,0.00954124,1.34576,0.0126745,2.58772,0.18308,0.0717362,1.77289,0.882052
103.746757370,0.14149,0.11329,1.60168,1.19178,0.0209725,1.3143,0.0529998,2.51568,0.0475701,0.0457229,1.73592,0.951654
103.793197279,0.477509,0.0871896,1.51215,1.5619,0,1.24288,0.0751267,2.47977,0.0048889,0.0239617,1.8435,0.916012
103.839637188,0.53091,0,1.35132,1.76308,0,1.36766,0.0920086,2.57906,0.00173585,0.221161,1.72033,0.930922
103.886077098,0.41848,0,1.38636,2.01442,0,1.42264,0.0993493,2.56037,0,0.483361,1.53625,0.923513
103.932517007,0.197739,0.099125,1.13541,2.40636,0,1.36096,0.0858301,2.69405,0,0.526383,0.934432,0.802636
103.978956916,0.278426,0.168808,1.08605,2.11761,0,1.46013,0.0834865,2.77241,0,0.629267,0.878906,0.856499
104.025396825,0.398355,0.269286,0.777478,1.8919,0,1.65455,0.0695242,2.59057,0.298248,0.695131,0.855178,0.736023
104.071836735,1.00417,0.223028,0.505142,1.57735,0.00784445,1.4518,0.183923,2.11402,0.660964,0.609792,1.00794,0.587013
104.118276644,1.29628,0.161073,0.635085,1.21721,0.129743,1.11187,0.112854,2.10853,0.627217,0.410276,1.1902,0.370798
104.164716553,1.15983,0.0824437,0.688587,0.936055,0.244969,1.24031,0.130484,2.29185,0.358953,0.0704926,1.14167,0.658315
104.211156463,1.00062,0.135748,0.554364,0.996609,0.0121532,1.16241,0.306588,2.23856,0.052072,0.0524314,1.26518,1.01226
104.257596372,1.06378,0.124041,0.553534,1.65187,0,1.38739,0.108559,2.23087,0.0184793,0.0834989,1.32055,1.01764
104.304036281,0.306314,0.00147287,1.11522,1.72156,0,1.46517,0.122174,2.3996,0.0232226,0.250485,1.80143,0.815988
104.350476190,0.247187,0,1.44434,1.58836,0,0.941033,0.137862,2.25652,0.0562045,0.390114,2.3914,0.628044
104.396916100,0.121115,0.0998106,1.54125,1.65882,0,0.533053,0.138102,2.29034,0.0851175,0.326976,2.73299,0.348003
104.443356009,0.0127664,0.108879,1.52128,1.67567,0,0.434518,0.137685,2.40212,0.13331,0.201797,2.95487,0.108859
104.489795918,0,0.055579,1.51342,1.76277,0.00308492,0.614208,0.246732,2.38677,0.147724,0.0456227,2.95187,0
104.536235828,0.00997731,0.0154615,1.48652,1.76056,0.0241568,0.856195,0.368123,2.3953,0.14181,0.14133,2.88362,0.116542
104.582675737,0.0040263,0.000387255,1.29341,1.78751,0.00611695,0.967746,0.309093,2.45163,0.134596,0.165444,2.78204,0.172943
104.629115646,0.000172726,0.110507,1.16993,1.86037,0,0.913567,0.114556,2.48434,0.166313,0.120288,2.72223,0.201672
104.675555556,0.000161699,0.024366,1.19655,1.75758,0,0.87203,0.112432,2.59578,0.238667,0.0847895,2.79415,0.15022
104.721995465,5.6932e-05,0.0516702,1.31096,1.58726,0,0.758612,0.0907401,2.73319,0.419245,0.0901336,2.8162,0.0655945
104.768435374,0.184616,0.000796154,1.29061,1.62683,0.0257103,0.832787,0.110852,2.72393,0.327661,0.0988102,2.78129,0.12051
104.814875283,0.103047,0.000873001,1.25639,1.90718,0.0257292,1.01311,0.127931,2.70063,0.409521,0.0276057,2.50181,0.169081
104.861315193,0.140008,0.0360908,1.11846,2.04892,0.00081398,1.0366,0.112706,2.64434,0.575298,0.00184602,2.20742,0.260182
104.907755102,0.148124,0.151739,1.00053,1.97029,0,0.850212,0.101319,2.5471,0.775639,0.00478943,2.36457,0.11634
104.954195011,0.283333,0.198175,0.900168,1.8357,0,0.789833,0.0810606,2.42294,0.870723,0.00766964,2.6018,0.0305242
105.000634921,0.389757,0.215224,0.876562,1.87129,0.00220476,0.784803,0.0609456,2.46004,0.83446,0.0094551,2.71272,0.00401784
105.047074830,0.47889,0.197331,0.787681,2.00386,0.0122739,0.750841,0.0519005,2.40791,0.803371,0.0100537,2.64984,7.32239e-05
105.093514739,0.380514,0.130915,0.565537,2.11056,0.0310194,0.809854,0.0498966,2.31768,0.784276,0.0118315,2.69374,0.0487222
105.139954649,0.329313,0.000164505,0.438102,2.21886,0.0535123,1.03862,0.055801,2.0925,0.695009,0.0139134,2.75408,0.0230935
105.186394558,0.315411,0.000970086,0.484112,2.06909,0.0351889,1.21132,0.065162,2.06836,0.612353,0.0376242,2.86853,0.00461824
105.232834467,0.394662,0.0910882,0.61769,1.76029,0.172856,1.50418,0.247281,2.10175,0.712639,0.0117346,2.74298,0
105.279274376,0.919809,0.48571,0.753342,1.47398,0.246907,1.44861,0.383231,1.63453,1.15411,0.00706431,2.13762,0
105.325714286,1.81589,0.383147,0.456403,1.83214,0,0.731865,0.792126,1.19722,1.29805,0.00101643,1.18394,0
105.372154195,2.50199,0.241579,0.2517,2.01335,0,0.388106,0.870633,0.581911,1.32318,0.297426,0.748737,0.052667
105.418594104,2.84562,0.214551,0.247246,2.00385,0.00324384,0.279193,0.808389,0.500292,1.53182,0.338977,0.628878,0.112671
105.465034014,2.91774,0.205547,0.392399,1.8332,0.0107633,0.258166,0.737812,0.482869,1.89763,0.00907878,0.519981,0.147521
105.511473923,2.87502,0.115897,0.474625,1.83197,0,0.275408,0.807708,0.399962,2.12437,0.0166034,0.386545,0.121934
105.557913832,2.89834,0.0495953,0.470341,2.02447,0.00928647,0.330442,0.923765,0.394247,2.06793,0.0545935,0.52273,0.00399336
105.604353741,2.81104,0.155129,0.482395,2.18211,0.0136474,0.533212,0.966117,0.437845,1.67902,0.0267758,0.645591,3.05498e-05
105.650793651,2.67861,0.0696541,0.519765,2.17243,0,0.723513,0.882578,0.497416,1.66411,0.0140937,0.80057,0.00683454
105.697233560,2.66101,0.154308,0.297132,1.9897,0,0.768597,0.940279,0.442178,1.65365,0.232967,0.767252,0.0370137
105.743673469,2.31996,0.0265012,0.370544,1.91473,0,0.860824,0.987548,0.385397,1.66169,0.3373,0.686893,0.0181782
105.790113379,2.15503,0.156559,0.37723,2.00334,0,0.261724,0.946965,0.314267,1.47685,0.328546,1.29457,0.00985371
105.836553288,1.99144,0.170804,0.343339,2.05499,0,0.0574296,0.851175,0.177205,1.16594,0.221802,2.0233,0.125606
105.882993197,1.66388,0.0810678,0.441944,1.98645,0,0.0671495,1.0372,0.0205078,1.00073,0.0128614,2.20277,0.309182
105.929433107,1.76272,0.0807874,0.429034,1.79919,0.00401902,0.0815991,1.41707,0.165923,0.815636,0.0105152,1.81282,0.321816
105.975873016,2.73173,0.0863649,0.360774,1.59481,0,0.077759,1.33202,0.521899,0.853957,0.00713875,1.05729,0.44252
106.022312925,3.61368,0.0129093,0.396529,1.34245,0.281431,0.15089,0.988068,0.688961,1.12899,0.00337819,0.116052,0.273699
106.068752834,3.80641,0.00111691,0.414695,1.12827,0.447095,0.313837,0.523404,0.853392,1.56472,0.0149132,0.0119364,0.22393
106.115192744,3.78403,0.00658303,0.405315,1.20982,0.517062,0.528884,0.299715,0.79454,1.77327,0.00912188,0.0108674,0.405798
106.161632653,3.65734,0,0.361356,1.46789,0.466219,0.342368,0.375725,0.762697,1.84637,0.000277346,0.0466554,0.295658
106.208072562,2.63944,0.000288011,0.336782,1.45189,0.316639,0.117807,0.544913,0.549663,2.16319,0.00469428,0.440651,0.142513
106.254512472,1.70693,0.134381,0.680601,1.28115,0.0683589,0.445827,0.369521,0.256677,1.82504,0.00529771,1.34568,0.456461
106.300952381,1.29239,0.231445,0.927783,1.28468,0.0763044,0.718067,0.20475,0.0218156,1.91969,0.00588342,1.5166,0.543269
106.347392290,1.24203,0.209377,1.07128,1.28277,0.070116,0.800969,0.130802,0.00660811,2.03187,0.00657715,1.56348,0.563926
106.393832200,1.15715,0.118236,1.16601,1.35194,0.0595875,0.958528,0.0846067,0.00620046,2.08252,0.00725578,1.59193,0.296257
106.440272109,0.887759,0.162406,1.08158,1.21242,0.0322465,1.17548,0.0009433,0.0189697,2.08345,0.00765702,1.93434,0.0253021
106.486712018,0.894098,0,0.946858,1.12848,0.023552,1.22746,0.0662126,0.0430325,2.12444,0.00807808,2.10211,0.108301
106.533151927,1.44638,0,0.764019,1.0187,0.0182728,0.974038,0.430492,0.0340707,2.0783,0.0060879,1.90806,0.162679
106.579591837,2.60243,0,0.569433,1.04398,0.00306314,0.768872,0.664487,0.0039204,2.18238,0,1.21669,0.185961
106.626031746,3.17978,0.000745097,0.273672,1.17105,0.0584691,0.389243,0.734963,0.00922335,2.15299,0,0.771925,0.135089
106.672471655,3.67301,0.000732373,0.158177,1.27642,0.146492,0.147665,0.55349,0.45132,1.85823,0.0378525,0.714376,0.088509
106.718911565,3.86322,0.159162,0.0860587,1.38007,0.620412,0.0127019,0.264587,0.713678,1.36476,0.0635823,0.89931,0.165939
106.765351474,3.91503,0.0462921,0.0772293,1.28657,0.656194,0.0439145,0.179193,0.628285,1.51876,0,1.0434,0.187084
106.811791383,4.00263,0,0.0625034,1.08916,0.651164,0.0656684,0.172783,0.783803,1.58061,0.000380265,1.00009,0.107565
106.858231293,4.04938,0,0.0742844,0.930865,0.715805,0.0367293,0.118719,0.96851,1.65516,0.000377891,0.812762,0.128155
106.904671202,4.0436,0,0.0825946,0.920839,0.699027,0.0344529,0.0795743,1.23223,1.65569,0,0.652262,0.174594
106.951111111,3.97438,0.000176585,0.0657918,1.18629,0.543294,0.0409706,0.086273,1.00557,1.68096,0,0.603485,0.20137
106.997551020,3.73032,0.00133455,0.0426399,1.27572,0.46779,0.0281067,0.132294,0.799054,1.69607,0.000319527,0.519886,0.22293
107.043990930,3.3895,0.118564,0.0136572,1.45733,0.338868,0.0267535,0.171915,0.696561,1.71485,0.000462399,0.46354,0.155145
107.090430839,3.09247,0.000299547,0.00185759,2.26137,0.330942,0.346391,0.496625,0.748575,1.65616,0.19273,0.380184,0
107.136870748,3.09774,0.163671,0.128431,2.50945,0.194534,0.293689,0.574548,1.047,1.21829,0.177678,0.262454,0
107.183310658,1.95814,0.31852,0.084147,1.84576,0.0350572,0.781046,0.718712,0.134107,1.0778,0.481484,0.254821,1.1504
107.229750567,1.55162,0.366787,0.0656836,1.17313,0,1.02397,0.865539,0,1.23791,0.678321,0.268146,1.95961
107.276190476,1.09012,0.324331,0.307772,0.771386,0.00149247,1.22281,0.849927,0,1.31041,0.593019,0.393058,2.32073
107.322630385,1.38873,0.262109,0.704779,0.304962,0.00954495,1.58445,0.828625,0,1.35676,0.303594,0.590497,1.80131
107.369070295,1.98873,0.154036,0.962176,0.00364087,0.0249607,1.80254,0.69622,0.188529,1.52455,0.196619,0.719352,0.566365
107.415510204,2.67668,0.1114,0.773838,0,0.393707,1.705,0.235612,0.201548,1.56393,0.0495406,0.571027,0.0800553
107.461950113,2.8825,0.212392,0.554939,0,0.679783,0.96731,0.0992451,0.122442,1.44763,0.0198546,0.410065,0.120169
107.508390023,2.82938,0.0278666,0.466468,0,0.635653,0.865637,0.0924618,0.701519,1.80201,0.107146,0.256676,0.13677
107.554829932,3.20653,0.00749606,0.359129,0.13769,0.563717,0.955001,0.145526,1.01088,1.89891,0.475831,0.0458573,0.00492532
107.601269841,3.51323,0.000489008,0.269156,0.250493,0.571668,0.830019,0.169468,1.08208,1.86726,0.554923,0.0788178,0
107.647709751,3.77892,0.134592,0.0472646,0.432266,0.647413,0.541006,0.170677,1.11757,1.55653,0.54924,0.165685,0
107.694149660,3.66779,0.224351,0,0.432954,0.668337,0.422869,0.0939221,0.897169,1.34345,0.64308,0.176876,0
107.740589569,3.19416,0.297272,0.114509,0.27454,0.654381,0.455064,0.0296644,0.74995,1.31354,0.42356,0.219457,0.105315
107.787029478,2.97694,0.22925,0.248727,0.0551496,0.564837,0.578082,0.121056,0.700232,1.34638,0.236744,0.293044,0.134053
107.833469388,3.09635,0.122889,0.429615,0.109231,0.398259,0.761803,0.111006,0.701143,1.53673,0.0417846,0.320104,0.048267
107.879909297,2.92084,0.117413,0.436186,0.206,0.292824,0.8494,0.35415,0.58504,1.55655,0.0542384,0.228956,0.00182747
107.926349206,2.13777,0.346495,0.425809,0.0407988,0.360121,0.791405,0.335995,0.372995,1.61352,0.104342,0.105148,0.35176
107.972789116,1.18393,0.912572,0.36726,0,0.433252,0.905536,0.144716,0.817425,1.53486,0.241838,0.154067,0.306787
108.019229025,1.57263,0.759115,0.226639,0.00676335,0.411511,1.40251,0.0686642,1.02703,1.4399,0.481458,0.11395,0.0421081
108.065668934,2.12033,0.292845,0.304249,0.00129416,0.373642,1.56312,0.0797866,1.02705,1.85002,0.521065,0.149041,0.00365253
108.112108844,2.31353,0.314745,0.293109,0,0.299718,1.55356,0.0825749,0.333011,2.28412,0.503226,0.248236,0
108.158548753,1.82912,0.527829,0.257996,0,0.0816066,1.74843,0.199856,0.0530709,2.61574,0.361661,0.398541,0
108.204988662,1.66942,0.466292,0.363967,0.367685,0.0246184,1.72887,0.52867,0.0178882,2.63109,0.125569,0.43453,0.057026
108.251428571,1.6395,0.237524,0.514336,0.449998,0.0158756,1.82141,0.658212,0.023134,2.5153,0,0.149226,0.256381
108.297868481,1.51025,0.14791,0.908144,0.27823,0,1.97907,0.414439,0.297173,2.28022,0,0.0905533,0.564731
108.344308390,1.60874,0.0781692,0.981867,0.230076,0,2.0037,0.358208,0.678332,2.04234,0,0.13915,0.639195
108.390748299,1.66344,0.107887,1.03215,0.265101,0,1.85403,0.21427,0.926753,1.93826,0,0.355455,0.694887
108.437188209,1.72829,0.0592308,1.07919,0.329071,0.00120765,1.87483,0.133516,0.921906,2.00243,0,0.359782,0.7763
108.483628118,1.8268,0,1.05169,0.298197,0.00380318,1.9946,0.227312,0.744388,2.18501,0.000368891,0.0489677,0.720963
108.530068027,1.91607,0.0037988,1.07043,0.39607,0.00108213,2.00618,0.0860991,1.02689,2.16639,0.00205415,0.192945,0.517137
108.576507937,1.58984,0.137216,1.03947,0.589401,0.0172737,1.74477,0.0411126,2.17825,1.47987,0.00379349,0.185583,0.252827
108.622947846,1.27319,0.220805,0.881113,0.585069,0.0171241,1.58712,0.0276165,2.66934,1.05501,0.00534969,0.20144,0.193518
108.669387755,1.51739,0.42561,0.591334,0.513006,0.11018,1.75029,0.115051,2.46422,0.83581,0.0306812,0.132988,0.159346
108.715827664,1.86579,0.412956,0.191366,0.329666,0.111923,1.96309,0.275782,1.58586,0.844798,0.612453,0.14906,0.101974
108.762267574,2.01916,0.173255,0,0.150751,0.062256,2.34321,0.238702,0.523908,1.0429,0.988991,0.241058,0.093946
108.808707483,1.80502,0.0264373,0.0210313,0.166097,0.0356037,2.93154,0.0508002,0.0931627,0.881023,1.21092,0.102296,0.133639
108.855147392,1.93932,0,0.0665648,0.153613,0.0223183,3.39081,0.00861606,0,0.727485,1.39659,0.0768965,0.136356
108.901587302,1.9518,0.0160637,0.0339217,0.202461,0.030296,3.84738,0,0.153917,0.537845,1.54558,0.139035,0.000128807
108.948027211,2.12395,0.000952848,0.0797252,0.190173,0.13932,4.24334,0.0602669,0.00947103,0.48524,1.60086,0.000418753,0.000131567
108.994467120,2.00593,0.14118,0.226668,0.636663,0.0209133,3.84913,0.0441085,0.00463897,0.167554,1.52176,0.15235,0.00013517
109.040907029,1.91911,0.204312,0.368092,1.25555,0.0116585,3.01169,0.0339038,0.14052,0,1.52435,0.346016,0.0254671
109.087346939,1.64014,0.245325,0.21808,1.67558,0.000868173,2.14926,0.0462597,1.00649,0.0330177,1.14236,0.589965,0.106161
109.133786848,1.07696,0.224264,0.0306583,1.7059,0.00658557,2.16685,0.0481134,1.48108,0.0809574,0.488733,0.604776,0.157333
109.180226757,0.562824,0.138093,0.0715201,1.61126,0.0262707,2.32186,0.0640524,1.65704,0.208637,0.316755,0.491229,0.162015
109.226666667,0.533037,0.182484,0.324694,1.60938,0.00671079,2.28516,0.0765541,1.80517,0.175212,0.277974,0.460581,0.412312
109.273106576,0.906744,0.279282,0.324545,1.64164,0,2.26831,0.148542,1.68658,0.048615,0.304333,0.545404,0.465
109.319546485,1.2461,0.301295,0.238828,1.88735,0,2.25166,0.101198,1.70137,0.0128573,0.309471,0.737831,0.516198
109.365986395,1.22364,0.203851,0.066588,1.96759,0.000755142,2.44502,0.065994,1.71576,0,0.387449,0.842199,0.578356
109.412426304,1.00985,0.101676,0.0963961,1.98601,0,2.50248,0.0687594,1.61346,0.00861652,0.687751,0.697963,0.573489
109.458866213,0.971798,0.0855398,0.116077,1.68061,0.00117367,1.96589,0.0784945,1.59476,0.0814356,0.768886,0.710447,0.365947
109.505306122,1.2542,0.120976,0.092672,1.33281,0.487796,2.02341,0.0846151,1.65009,0.0568827,0.52986,0.728597,0.156829
109.551746032,1.49614,0.0979996,0.0915701,1.33714,0.6644,2.14653,0.12984,1.61453,0.0341893,0.353503,0.649663,2.4766e-05
109.598185941,1.46583,0.0457533,0.123993,1.4071,0.545204,2.35981,0.261832,1.67326,0.0100365,0.328009,0.88725,0.0771655
109.644625850,1.21663,5.3523e-05,0.151193,1.56697,0,2.73682,0.245584,1.69217,0.0142002,0.423797,0.966251,0.145756
109.691065760,0.928164,0,0.219116,1.57324,0.457575,2.6217,0.0823914,1.59366,0.0339365,0.472625,1.18671,0.153959
109.737505669,0.761653,0.000228206,0.323381,2.251,0.865508,1.69604,0.063214,1.72076,0.095486,0.389584,1.47436,0.135438
109.783945578,0.88777,0.0734478,0.304008,3.45846,0.691698,0.600914,0.0601861,1.89751,0.0807142,0.211198,1.60829,0.060924
109.830385488,0.926635,0.0338582,0.248206,4.01031,0.336268,0.282252,0.0877644,1.90566,0.0175519,0.0508759,1.62337,0.0933307
109.876825397,0.932917,0.0254997,0.245804,4.16161,0,0.448405,0.234571,1.76842,0.0012696,0.0827161,1.60134,0
109.923265306,0.958736,0,0.224806,2.98563,0.00464549,0.605442,0.883561,1.51368,0,0.285752,1.85412,0.0442586
109.969705215,1.15191,0.0956761,0.159788,1.9259,0.00662041,0.781134,0.885956,1.47279,0,0.411518,2.00291,0.00376264
110.016145125,1.27219,0.138326,0.0739227,1.84362,0,1.10315,0.760685,1.52287,0,0.419278,1.98031,0.00284472
110.062585034,1.28977,0.137333,0.111493,1.77694,0.0112157,1.50463,0.566093,1.66098,0,0.424068,1.88724,7.45818e-06
110.109024943,1.30033,0.0895615,0.184151,1.77271,0.0184138,2.0639,0.291309,1.59551,0.0177369,0.318074,1.69032,0
110.155464853,1.35168,0,0.209826,1.7678,0.345626,2.00533,0.0624267,1.4388,0.0229228,0.160233,1.58095,0.111871
110.201904762,1.50879,0,0.000850768,2.74475,0.396865,1.00873,0.0398627,1.71179,0.0239466,0.0834219,1.47597,0.13952
110.248344671,1.35834,0.0858287,0.00132222,3.50125,0.23147,0.133177,0.0475775,1.81997,0.00339249,0.0286452,1.58291,0
110.294784580,1.05942,0.183072,0.00318596,4.04531,0.024629,0.126786,0.00250319,1.92524,0.000976508,0.0131256,1.78076,0
110.341224490,1.1031,0.103102,0.0060324,4.0604,0.021323,0.104055,0.478644,1.8373,0.000343754,0.0423624,1.84519,0.0820645
110.387664399,1.40629,0,0.0168172,3.48287,0.0148037,0.409896,0.783719,1.5151,0,0.346404,1.772,0.104273
110.434104308,1.33794,0,0.0740115,2.57598,0,0.777658,0.753046,1.4051,0.00118986,0.539089,1.50495,0.050532
110.480544218,1.4444,0.00118269,0.093842,2.18342,0,1.32108,0.612145,1.40669,0,0.521969,1.247,0.0233483
110.526984127,1.53404,0.0596595,0.0119252,1.94368,0.00235176,1.70766,0.261727,1.45262,0,0.454147,1.18392,0.0093411
110.573424036,1.61655,0.000684521,0,1.71982,0.00365336,1.80708,0.0716716,1.44124,0.0404623,0.357198,1.23177,0
110.619863946,1.77587,0,0.00112698,1.64689,0.076088,1.68051,0.0987479,1.20815,0.0778847,0.340955,1.24169,0.00451856
110.666303855,1.56657,0,0.0048374,1.74412,0.0157902,1.78646,0.116438,1.38769,0.0269207,0.404883,1.18105,0.0998863
110.712743764,1.466,0.00180632,0.00786614,1.79806,0,1.91468,0.0796521,1.40006,0,0.453788,1.14078,0.132978
110.759183673,1.29731,0,0.00139034,1.68119,0.017385,1.78073,0.0415264,1.64386,0,0.516775,1.31963,0.00127669
110.805623583,0.938108,0,0.242313,1.43412,0.142281,1.88367,0.120303,1.91176,0,0.513319,1.43451,7.86466e-05
110.852063492,0.874103,0.160085,0.603166,1.40863,0.0240572,1.82151,0.0985392,1.72471,0,0.496176,1.24669,0.00394042
110.898503401,0.905744,0.209882,0.622401,1.25901,0,1.90034,0.0615987,1.71814,0,0.727414,1.27315,0.0589246
110.944943311,0.904565,0.258164,0.587662,1.1455,0,2.17159,0.122256,1.90288,0,0.679728,1.15951,0.103158
110.991383220,0.898093,0.188538,0.752183,1.07629,0.010501,2.35233,0.0526654,2.12277,0,0.489812,1.23576,0.131172
111.037823129,1.03772,0.104191,0.808437,1.07563,0,2.34878,0,2.14613,0.0343681,0.452518,1.18742,0.125054
111.084263039,1.18553,0.0339352,0.725992,0.980803,0.0667445,1.92994,0.0277748,2.14183,0.118254,0.490137,1.18865,0.106251
111.130702948,1.3331,0.130941,0.547126,1.06328,0.111954,1.70834,0.0529054,2.03033,0.0245234,0.45564,1.29058,0.32376
111.177142857,1.49703,0.0434119,0.653914,1.33382,0.0726044,1.86343,0.066248,1.8881,0.000122602,0.406809,1.03984,0.590421
111.223582766,1.62109,0,0.611055,1.60912,0.00410157,2.02978,0.0679932,1.74617,0.000603511,0.486549,0.693307,0.558409
111.270022676,1.6559,0,0.459405,1.72069,0.0124726,2.06031,0.0737035,1.70351,0.00527202,0.85019,0.448921,0.158619
111.316462585,1.508,0.131065,0.104486,1.52381,0.161438,2.20568,0.122143,1.75058,0,0.968521,0.498925,6.00592e-05
111.362902494,1.59353,0.231685,0,1.34839,0.0541179,2.3149,0.0792654,1.62131,0,0.971053,0.657778,0.106182
111.409342404,1.53614,0.306274,0.133808,1.23213,0,2.20106,0.0324862,1.65059,0.0139126,0.818249,0.880349,0.17723
111.455782313,1.26598,0.189603,0.184364,1.14006,0.0029003,2.15002,0.0315386,1.81015,0.0501719,0.669155,0.869918,0.18122
111.502222222,0.873574,0.0874159,0.434605,1.16398,0,1.99206,0.0668192,1.86313,0.152002,0.577399,0.774281,0.132157
111.548662132,0.759471,0.0302161,0.630477,1.3984,0.0165455,1.95625,0.0792746,2.34951,0.141815,0.558994,0.464098,0.230846
111.595102041,1.04517,0.120001,0.655492,1.76517,0.025012,1.35271,0.0529712,3.09013,0.016637,0.371864,0.475499,0.448934
111.641541950,1.20908,0.0391898,0.900173,2.06087,0.00893735,1.1568,0.0663687,3.25382,0,0.134579,0.540809,0.477295
111.687981859,0.971003,0,1.15672,2.13943,0.0155314,1.29182,0.0720284,3.15529,0.00767705,0.110659,0.968053,0.298306
111.734421769,0.769012,0,1.45875,1.95361,0.0166976,1.33363,0.0707015,2.7423,0.0148839,0.465307,1.05971,0.265483
111.780861678,0.682478,0.125202,1.15165,2.04377,0.00828699,0.921025,0.0852475,2.97576,0.00840912,0.43334,1.13713,0.254056
111.827301587,0.338736,0.238044,0.805509,2.05727,0.0104819,0.386249,0.156302,3.16855,0.00580565,0.396311,0.7633,0.251866
111.873741497,0.642893,0.414595,0.484656,1.8442,0.0200029,0.223327,0.375607,3.01518,0,0.101688,0.55372,0.0502683
111.920181406,1.1705,0.477116,0.307916,1.6129,0.00965149,0.245386,0.566889,2.82854,0,0.0990273,0.914593,0.150534
111.966621315,1.55385,0.443049,0.154723,1.58255,0,0.800084,0.536273,2.5275,0,0.276204,0.95124,0.148527
112.013061224,1.79606,0.349286,0.125818,1.34721,0,1.60831,0.273906,2.09264,0,0.351107,0.862538,0.125206
112.059501134,1.74482,0.170897,0.229768,1.30627,0.262617,1.60349,0.0863461,1.86209,0,0.41696,0.907263,0.0776209
112.105941043,1.92902,0.16054,0.354419,1.45716,0.389159,1.26221,0.0455474,1.9052,0,0.394155,0.9108,0.000116552
112.152380952,1.75269,0.153978,0.687203,1.62711,0.289883,1.05449,0.0480973,2.25658,0.0234395,0.241449,0.949059,0.438837
112.198820862,0.963663,0,0.372847,2.13949,0.196619,0.755877,0.0712687,2.55765,0.233744,0,1.45649,0.372825
112.245260771,0.423747,0.0830091,0.129355,2.81641,0.181593,0.11775,0.070364,2.35347,0.19348,0.00135075,1.88786,0.160928
112.291700680,0.185252,0.195937,0.0954826,2.97462,0.238263,0.100893,0.0619808,2.30277,0.0169706,0.00206933,2.23535,0
112.338140590,0.203891,0.20354,0.0975672,2.95354,0.223797,0.0983337,0.0496292,2.26626,0.00159639,0.00226754,2.59862,0
112.384580499,0.34088,0.308179,0.0880591,2.66399,0.164852,0.0971368,0.0383999,2.15033,0.00792528,0.00197242,2.83559,0
112.431020408,0.419298,0.260957,0.15616,2.71389,0.20883,0.0780598,0,1.94112,0.0110966,0.00125927,2.89477,0
112.477460317,0.249078,0.141833,0.0990148,2.83494,0.22943,0.166101,0,1.97791,0.00409239,0.000165743,2.63595,0.0798274
112.523900227,0.273624,0.0871617,0.0525584,3.08798,0.094634,0.186754,0.0092018,1.76294,0.0105372,0.0694352,2.4792,0.00193056
112.570340136,0.0298041,0.0375825,0,3.05355,0.0204842,0.193072,0.0521972,1.9253,0.0183905,0.0457501,2.45487,0.103629
112.616780045,0.172242,0.0255659,0.000641385,2.85775,0.247778,0.494103,0.08351,1.91849,0.189838,0.0291854,2.32688,0.0010328
112.663219955,1.15949,0.129956,0.0977118,2.5872,0.176011,0.512243,0.0400596,1.51041,0.940016,0,1.93247,0.00081546
112.709659864,1.59926,0.225371,0.0101305,2.4201,0,0.507718,0.0588439,1.01569,1.41065,0.000247523,1.99422,0.0112224
112.756099773,1.90253,0.235716,0.00561172,2.32326,0,0.474112,0.114246,0.730793,1.63441,0.000360851,1.9796,0.0614447
112.802539683,1.83448,0.286602,0.552481,1.6675,0.0159277,0.40923,0.104362,0.655196,1.65242,0,2.06499,0.11043
112.848979592,1.9698,0.248801,0.854455,0.901258,0.0989163,0.290169,0.12261,0.774498,1.56699,0.0267034,1.99666,0.126756
112.895419501,2.57751,0.183761,0.757514,0.741198,0.117592,0.181025,0.132974,1.12721,1.59092,0.0197533,1.50072,0.0642704
112.941859410,2.92869,0.112403,0.39031,0.769141,0.120677,0.263374,0.19012,1.43276,1.51881,0.0495936,1.24444,0
112.988299320,2.99999,0.190149,0.402764,1.38885,0.281363,0.420183,0.247206,1.14919,1.55771,0.0186979,0.965803,0
113.034739229,2.8783,0,0.438805,2.05535,0.364481,0.563592,0.365113,0.735138,1.72479,0.101568,0.849191,0
113.081179138,2.8431,0,0.219699,2.518,0.246089,0.475432,0.450922,0.35476,1.73909,0.37678,0.832797,0.0315037
113.127619048,2.65751,0,0.190247,2.65782,0.134926,0.239865,0.587183,0.280746,1.69712,0.51377,0.830237,0.0112614
113.174058957,2.43562,0.146026,0.135392,2.70407,0.0197905,0.0162767,0.647463,0.394715,1.49564,0.503473,0.80757,4.46363e-05
113.220498866,2.47457,0.113032,0.148743,2.89303,0.00155122,0.0246836,0.718984,0.43809,1.30584,0.412618,0.859165,0.000105504
113.266938776,2.51361,0.0491511,0.225465,3.01645,0.0115106,0.0798883,0.828126,0.236199,1.38724,0.0693219,1.07522,0.0151478
113.313378685,2.41973,0.0139495,0.240387,2.65168,0.00216499,0.142822,0.74149,0.0437239,2.19722,0.00102634,1.03297,0.195508
113.359818594,2.37844,0,0.263077,2.60702,0,0.138204,0.664363,0.077523,2.26585,0.00349274,1.1468,0.195335
113.406258503,2.2131,0.0061483,0.322914,2.76383,0,0.256615,0.692438,0.0281586,1.87246,0.00720347,1.5004,0.157541
113.452698413,1.96892,0.389489,0.278912,2.40692,0,0.276386,0.529475,0.46447,1.90687,0.00662445,1.53926,0.0611944
113.499138322,1.78191,0.656807,0.174612,1.96125,0.0492112,0.144656,0.184765,0.566205,2.33786,0.0257118,0.964547,0.0368317
113.545578231,1.15126,1.27509,0.200409,1.86235,0.0661136,0.417399,0.610938,0.586724,2.49031,0.0038153,0.672855,0.0196757
113.592018141,1.31665,1.34086,0.284686,1.50811,0.113965,0.438043,0.8746,0.761657,2.29004,0.0111407,0.466735,0.197002
113.638458050,1.61727,1.07981,0.234573,1.77372,0.0968031,0.291044,0.768391,0.868606,2.10016,0.00610743,0.321803,0.419718
113.684897959,1.86708,0.666037,0.181834,2.16955,0,0.0484611,0.421317,1.11101,1.87073,0,0.384989,0.607182
113.731337868,1.85757,0.495225,0.0500861,2.44043,0.0778533,0.151042,0.113511,0.748973,2.33511,0.00513063,0.0160681,0.608608
113.777777778,1.83549,0.642291,0.0651177,2.10467,0.185661,0.00596451,0.0647903,0.204808,2.73465,0.131796,0.0382922,0.550545
113.824217687,1.80124,0.748415,0.113999,1.73244,0.32951,0.0326393,0.0441689,0.204586,2.44537,0.138378,0.77769,0.401356
113.870657596,1.91725,0.580819,0.154196,1.73586,0.257013,0.259632,0.0390494,0.30728,2.27181,0.00202228,1.42961,0.317615
113.917097506,1.86756,0.401206,0.181936,1.68348,0.340799,0.257756,0.0496761,0.480104,2.30623,0.00209072,1.61218,0.220561
113.963537415,1.79616,0.515087,0.133655,1.68411,0.414671,0.0923664,0.0659852,0.671787,2.01205,0.00264728,1.49306,0.194873
114.009977324,1.64641,0.599375,0.0960944,1.85258,0.250027,0.0192494,0.617167,0.965454,1.29227,0.0868827,0.995563,0.128028
114.056417234,1.69954,0.167959,0.414537,1.67126,0.00870917,0.0579219,0.957324,1.40282,1.42328,0.380296,0.702817,0.135028
114.102857143,1.66989,0.0157971,0.501014,1.67823,0,0.0722435,0.744882,1.44585,1.76414,0.225463,0.612342,0.302349
114.149297052,1.54052,0.0220938,0.550832,1.57221,0,0.0653095,0.289238,1.11786,1.96729,0,0.687518,0.472851
114.195736961,1.36156,0.0496303,0.631626,1.79811,0,0.0340975,0.119355,0.982479,1.9736,0,0.490065,0.403028
114.242176871,1.27972,0.0364161,0.727047,1.89016,0,0.026435,0.0677806,1.08055,2.0868,0,0.329702,0.295162
114.288616780,1.20624,0.0173335,0.851331,1.70568,0,0.0972679,0.0257451,1.33165,2.02643,0,0.214046,0.311119
114.335056689,1.48358,0.00158551,0.944689,1.52932,0,0.14168,0,1.21474,1.96307,0,0.101014,0.470896
114.381496599,1.80754,0.0302368,0.97651,1.44146,0,0.142464,0,1.1486,1.95477,0,0.0213086,0.546699
114.427936508,1.86022,0,0.798975,1.54735,0,0.149045,0.0263937,1.01188,2.02297,0.00332603,0.0686067,0.477404
114.474376417,1.66301,0.00108623,0.661903,1.91047,0.300412,0.465398,0.250415,0.619878,1.87147,0.0450866,0.17337,0.211489
114.520816327,1.93628,0.113415,0.464889,1.40568,0.159312,0.466853,0.39143,0.371941,1.86141,0.0683318,0.161799,0.0736153
114.567256236,2.18623,0.230642,0.297031,1.2877,0.000152225,0.504846,0.376996,0,2.00719,0.146946,0.247881,0.10752
114.613696145,2.19459,0.338381,0.331159,1.26375,0.088465,0.448857,0.295138,0,1.92125,0.397328,0.323961,0.13862
114.660136054,1.67607,0.457255,0.781665,1.0405,0.280932,0.745438,0.0484695,0.0708601,1.68057,0.251843,0.426858,0.154026
114.706575964,1.31985,0.309484,1.09527,0.644544,0.136192,1.31617,0,0.233484,1.76152,0.0108903,1.19044,0.120155
114.753015873,1.45848,0.134561,1.19337,0.529126,0,1.6365,0.00396645,0.460885,1.65975,0.0354169,1.65781,0.0284734
114.799455782,1.45971,0.133312,1.10691,0.732197,0,1.80206,0.0487715,0.663704,1.40136,0.0434688,1.77524,0
114.845895692,1.45312,0.176082,0.984666,0.738514,0,1.83964,0.0574751,0.584143,1.40067,0.0146644,1.98774,0
114.892335601,1.52485,0.0255158,0.808016,0.632683,0.0125831,2.08585,0.0772944,0.679561,1.75579,0.146344,1.64936,0.0132318
114.938775510,1.83377,0.0366153,0.747267,0.826332,0.124423,2.17599,0.0886007,0.689201,1.85793,0.505665,0.453541,0.00100595
114.985215420,1.92546,0.105412,0.543556,1.01942,0,1.64561,0.0915437,0.854585,1.43816,0.712088,0.167545,0.31565
115.031655329,1.58587,0.164461,0.661776,1.16201,0.00105267,1.05773,0.097239,1.10282,1.09121,0.742512,0.201788,0.537975
115.078095238,1.14105,0.306215,0.538198,1.20409,0.00374123,0.901385,0.038448,1.538,0.891139,0.838032,0.393522,0.819844
115.124535147,1.08411,0.297088,0.67053,0.995523,0.0256945,1.1901,0,1.65866,0.910319,0.503841,0.423065,0.931215
115.170975057,1.24023,0.191385,0.913822,0.636901,0.0545199,1.7694,0,1.51604,1.09022,0.222849,0.18277,0.556359
115.217414966,1.65734,0.0748545,0.59486,0.720428,0.0525162,2.41605,0.00737792,1.22061,1.12451,0.396633,0.127588,0.0774679
115.263854875,1.67457,0.102859,0.408014,0.910349,0.108016,2.59667,0.0520266,0.898439,1.10349,0.541767,0.0423638,0.253013
115.310294785,1.7179,0.132593,0.441848,0.970715,0.062942,2.39634,0.0618453,0.646047,1.12671,0.60202,0.151481,0.276171
115.356734694,2.23075,0.0284884,0.254328,0.806292,0.068182,2.43495,0.0755035,0.457082,1.23906,0.68089,0.11907,0.024093
115.403174603,2.20319,0.0761727,0.21722,1.0045,0.0173294,2.39138,0.0787845,0.472867,1.20557,0.750637,0,0.0405917
115.449614512,2.04995,0.095141,0.307493,1.56527,0,1.96948,0.0819301,0.32651,1.22997,0.59135,0,0
115.496054422,1.91731,0.144126,0.288663,1.36783,0,2.28467,0.0868729,0.296616,1.55373,0.490218,0.1188,0
115.542494331,2.01317,0.0885588,0.225459,0.8405,0,2.98287,0.14907,0.196666,1.50409,0.394031,0.274675,0
115.588934240,2.08941,0.0503247,0.208116,0.365284,0,3.27983,0.274253,0.0595829,1.51766,0.379185,0.323247,0.0827248
115.635374150,1.93248,0.11406,0.233026,0.191455,0,3.35989,0.219719,0.0200187,1.58462,0.441764,0.0878611,0.167042
115.681814059,1.63073,0.0987756,0.317069,0.248593,0,3.32305,0.0953775,0.00935734,1.6499,0.54137,0.0337581,0.223016
115.728253968,1.54969,0.074656,0.363263,0.375407,0,3.40862,0.131255,0,1.75632,0.597809,0.0270559,0.310014
115.774693878,1.70291,0.105561,0.349299,0.468922,0,3.36658,0.0859297,0.00245315,1.7741,0.638162,0.210805,0.293859
115.821133787,1.85685,0.00645881,0.281921,0.456378,0.500444,3.09199,0.057621,0.0153701,1.81175,0.627734,0.489652,0
115.867573696,1.76927,0.00153999,0.253089,0.637219,0.864814,2.68178,0.078486,0,1.80064,0.596237,0.442524,1.93864e-05
115.914013605,1.97755,0.00504311,0.20183,0.672192,0.803961,2.58322,0.0801329,0.00275772,1.7235,0.775455,0.486094,2.72636e-05
115.960453515,2.12905,0.108311,0.139276,0.714292,0.403113,2.6772,0.060613,0.035556,1.56003,0.821694,0.510669,3.90686e-05
116.006893424,2.21632,0.162779,0.027134,0.773071,0,2.85067,0.175651,0.0698853,1.42985,1.04841,0.470807,4.98535e-05
116.053333333,2.23372,0.13886,0.0926387,0.780282,0,3.23887,0.262037,0.0305006,1.28242,1.17559,0.51158,0.0564494
116.099773243,2.16621,0.0618443,0.136218,0.497995,0,3.87522,0.173556,0.0296613,1.26369,1.07177,0.409199,0.422652
116.146213152,2.01037,0.16316,0.0953371,0.21981,0.00494182,4.1457,0,0.0316768,1.09669,0.934737,0.0832541,0.652745
116.192653061,1.9848,0.246145,0.0133872,0.179516,0.00808974,4.01278,0.0247453,0.0330196,0.973745,0.689701,0.0685331,0.589653
116.239092971,1.95734,0.420294,0.00608058,0.239992,0.00677969,3.34337,0.269494,0.297989,1.07418,0.281479,0.123637,0.683968
116.285532880,1.9619,0.604339,0.3095,0.723338,0.0517986,2.38563,0.643067,0.692042,1.06994,0.0181698,0.0102417,0.00439349
116.331972789,1.45974,0.925167,0.745243,0.715192,0.318594,2.02173,0.439903,0.750157,1.06101,0.196665,0.101637,0.00716765
116.378412698,1.32758,0.577588,1.1855,0.620224,0.15187,1.70946,0.111451,0.925334,0.979112,0.143402,0.613683,0.000159494
116.424852608,1.15662,0.397599,1.1446,0.867432,0,1.77934,0.0235429,0.8541,0.878949,0.262731,1.28152,0.0424419
116.471292517,0.581003,0.313425,0.37258,1.61153,0,1.6642,0.00867316,1.33198,0.775468,0.254929,1.50525,0.153671
116.517732426,0.172111,0.328994,0.146007,2.83573,0,1.08989,0,2.00358,0.933819,0.0046655,1.58438,0.373141
116.564172336,4.43374e-05,0.353368,0.166188,3.16553,0.0163471,0.494586,0,2.46277,1.10311,0.00130318,1.56187,0.419844
116.610612245,0.134875,0.253073,0.355839,3.10482,0.000241064,0.337134,0.0301769,2.757,1.14825,0.0483432,1.4045,0.307126
116.657052154,0.10731,0.331221,0.293983,3.03904,0,0.466329,0.0557273,2.78765,0.984171,0.0275915,1.53737,0.0748242
116.703492063,0.228562,0.394495,0.345699,3.29107,0,0.500471,0.0711889,2.58201,0.756198,0.00644032,1.6577,0
116.749931973,0.281612,0.41139,0.112702,3.49471,0,0.481774,0.0814888,2.36489,0.609451,0.263191,1.54745,0.017074
116.796371882,0.239222,0.399663,0.160224,3.00336,0.0404092,0.330014,0.0791671,2.24141,0.664519,0.436584,1.31277,0.0214742
116.842811791,0.118299,0.451192,0.147397,2.41902,0.146879,0.118511,0.0905742,2.28436,0.692978,0.384444,1.20693,0
116.889251701,0.0315295,0.408042,0.121986,2.63593,0.186692,0.0606469,0.100371,2.32432,0.557958,0.223419,1.25514,0.000180813
116.935691610,0.0312828,0.284062,0.129517,3.13104,0.113812,0.0987401,0.15436,2.26231,0.387208,0.0143149,1.20486,0.000544565
116.982131519,0.0379931,0.218525,0.138379,3.21953,0.0270633,0.141202,0.245111,2.18848,0.334502,0,1.20288,0.121642
117.028571429,0.023992,0.245871,0.139773,2.83482,0.165555,0.137698,0.204131,2.17208,0.436902,0,1.25674,0.168475
117.075011338,0.0160783,0.266812,0.159244,2.70178,0.239227,0.0965673,0.115375,2.17162,0.465714,0,1.47356,0.142525
117.121451247,0.0629502,0.230044,0.204365,2.89857,0.147813,0.150044,0.130042,2.19557,0.369151,0,1.69876,0.11678
117.167891156,0.147998,0.215865,0.192634,3.15424,0.0107597,0.0309912,0.142894,2.2011,0.274244,0.0407602,1.64208,0.0381453
117.214331066,0.135373,0.199739,0.248876,3.16562,0.0072397,0.0275389,0.149858,2.18197,0.344269,0.0332145,1.6505,0.0900803
117.260770975,0.0392617,0.257471,0.246286,3.43983,0,0.0394802,0.119749,2.23961,0.292047,0,1.7409,0.0853444
117.307210884,0.022705,0.292247,0.0582341,3.83288,0,0.120364,0.0600861,2.32158,0.0809986,0,2.02284,0.0592717
117.353650794,0.0234187,0.369861,0.0330338,4.00014,0.00161167,0.201094,0.0316076,2.3518,0,0,2.14183,0.00513588
117.400090703,0.0474387,0.457485,0.0319437,3.93934,0,0.164511,0.0150959,2.37004,0,0,2.14362,0.013146
117.446530612,0.0720839,0.458599,0.0242562,3.88111,0,0.0932269,0.0616578,2.39454,0.112576,0,2.10787,0.0234776
117.492970522,0.171187,0.418857,0.00730012,4.07999,0,0.105461,0.0145246,2.343,0.173349,0.000116545,2.06092,0.0751864
117.539410431,0.233724,0.394095,0.0059364,4.0436,0,0.118879,0,2.40652,0.0584439,0.000455152,2.12426,0.125834
117.585850340,0.108812,0.382845,0.00746833,4.01514,0,0.13849,0,2.398,0.010599,0.00020999,1.95318,0.114774
117.632290249,0.303435,0.347372,0.193796,3.27021,0.120114,0.144731,0,2.34441,0.676677,0.038703,1.42281,0.0542226
117.678730159,0.973554,0.410904,0.086528,2.65651,0.525293,0.127726,0.0531009,2.08815,0.528691,0,0.808966,0.0343973
117.725170068,1.93177,0.35592,0,2.51723,0.653612,0.0435286,0.0990504,1.84419,0.325263,0.000495293,0.566593,0.0122534
117.771609977,2.55385,0.138654,0,2.35514,0.877944,0.0629687,0.103958,1.79994,0.0495766,0.000956982,0.610067,0.109153
117.818049887,2.7081,0.093703,0,2.46416,0.862073,0.1424,0.0845626,1.71797,0.0101185,0.00103855,0.81049,0.135645
117.864489796,2.45593,0.0740568,0,2.57025,0.770572,0.239898,0.0278294,1.6429,0.00277268,0.000883454,0.964363,0.306126
117.910929705,1.88502,0.104632,0.0023782,2.7985,0.56832,0.351299,0.0266812,1.71299,0.0558916,0,0.848785,0.698216
117.957369615,0.995308,0.253409,0.0905823,2.97967,0.40687,0.280321,0.0394007,1.86402,0.0602038,0.00262841,0.695443,0.787878
118.003809524,0.801484,0.21381,0.233548,3.06162,0.39558,0.0692072,0.072972,2.39523,0.0105181,0.00550714,0.777889,0.434126
118.050249433,1.40102,0.177175,0.197467,3.03512,0.343816,0.0255579,0.0782522,2.49643,0.0166149,0.0558723,1.00509,0.0640575
118.096689342,1.63064,0.175321,0.161393,3.024,0.384303,0.15402,0.0478718,2.55208,0.043698,0.0657214,0.956254,0.0427746
118.143129252,1.07933,0.243814,0.174963,3.08037,0.409819,0.42447,0.177186,2.17345,0.234101,0.234595,1.37132,0
118.189569161,0,0.386542,0.751593,2.60099,0.34998,0.68469,0.139658,2.05783,0.0508525,0.343064,1.45559,0.221638
118.236009070,0.135759,0.443757,1.62961,1.73545,0.0446201,0.69833,0.0759119,1.98595,0,0.532438,1.73862,0.377137
118.282448980,0.155865,0.348717,1.8537,1.76761,0.0212817,0.865412,0.051499,1.82284,0,0.871789,1.82774,0.365747
118.328888889,0.059818,0.314942,1.91755,1.86452,0.0407327,0.969357,0.0679677,1.92049,0,0.906783,1.81844,0.253913
118.375328798,0,0.324391,1.963,1.87837,0.0155571,0.887304,0.0065523,1.77429,0.00227391,0.403499,2.26373,0.192968
118.421768707,2.12982e-05,0.268273,2.15993,1.88801,0,0.790997,0.00789677,1.79249,0.146497,0.0172224,2.26727,0.12129
118.468208617,0,0.25646,2.14145,1.88752,0.00930543,0.82721,0.0394243,2.03209,0.121356,0.057468,2.06348,0.0130525
118.514648526,3.31569e-05,0.350893,1.96357,1.88647,0.0121682,0.86249,0.0669626,2.19546,0.0902731,0.0217049,2.01341,0.148061
118.561088435,0.193052,0.181535,1.85695,2.08069,0,0.877478,0.0972141,2.20028,0.0453722,0.0704973,1.86633,0.242638
118.607528345,0.203597,0.127457,1.67762,2.228,0,0.524126,0.0832328,2.35786,0.0413297,0.318977,1.94563,0.113935
118.653968254,0.2569,0.0769871,1.56911,2.39601,0,0.252285,0.0966058,2.51052,0.00186607,0.488419,2.09308,0.0558141
118.700408163,0.134687,0.11402,1.42453,2.64181,0,0.254019,0.101745,2.53609,0.00170906,0.42929,2.27134,0.00307402
118.746848073,0.145844,0.119655,1.45011,2.52647,0,0.653525,0.103873,2.56188,0.0107895,0.421597,2.29016,0.0375511
118.793287982,0.337694,0.103906,1.3907,2.31004,0,0.948684,0.0905791,2.62539,0.0216796,0.230536,2.27172,0.00615265
118.839727891,0.798586,0.100202,1.1344,2.15663,0,1.2357,0.081502,2.57276,0.0458831,0.0734575,2.31074,0.000114702
118.886167800,0.996053,0.209618,0.759585,2.1933,0.167942,1.29021,0.0644965,2.38251,0.00495255,0.0580849,2.44441,0.136752
118.932607710,1.01778,0.046217,0.745494,2.44764,0.0241462,1.33456,0.0613825,1.86983,0.0103437,0.0515797,2.30024,0.0636921
118.979047619,0.91779,0,0.656448,2.54069,0.026168,1.35345,0.0500683,1.83421,0.00575228,0.0687241,2.35316,0.0445002
119.025487528,0.590527,0,0.421855,2.31273,0,1.40026,0.0662199,2.05695,0.000642559,0.199415,2.47931,0.185005
119.071927438,0.0563229,0.0014686,0.309761,2.19036,0.0266568,1.32419,0.088493,2.4195,0.0328009,0.329565,2.23943,0.235294
119.118367347,0.0652456,0.00205737,0.780679,1.89512,0,0.940039,0.0810864,2.52316,0.0319121,0.486233,1.88176,0.639317
119.164807256,0.0630075,0.00200677,1.17934,2.03005,0,0.761738,0.0693669,2.53149,0.0830299,0.426675,1.41746,0.795901
119.211247166,0.000241118,0.00167938,1.42995,2.07737,0,0.885053,0.061425,2.46795,0.135395,0.309494,1.13412,0.939704
119.257687075,0.0403966,1.61208e-05,1.33607,2.21404,0,1.03612,0.0649283,2.47643,0.147382,0.185908,1.15908,1.01801
119.304126984,0.0861598,0.0762549,1.27596,2.26166,0,1.05912,0.0292631,2.349,0.129951,0.17345,1.47192,1.05035
119.350566893,0.122853,0.160954,1.27252,2.22578,0,0.971064,0.00311505,2.47332,0.121166,0.135699,1.67326,0.851665
119.397006803,0.156905,0.00498061,1.2734,2.06841,0,0.973499,0.0088239,2.69621,0.106253,0.110031,1.80723,0.730033
119.443446712,0.182109,0.00511127,1.36781,1.86777,0.131664,0.991285,0.0284894,2.70043,0.0889264,0.109,1.77397,0.94139
119.489886621,0.20173,0.00305669,1.34368,2.16523,0.203079,1.04446,0.0455502,2.72385,0.202625,0.0459767,1.39045,0.843173
119.536326531,0.209008,0.00309705,1.0393,2.37527,0.0753021,0.88304,0.0502326,2.44036,0.393289,0.053853,1.60085,0.460232
119.582766440,0.270954,0.00246807,1.01219,2.19401,0.0747405,0.872238,0.0240676,2.05552,0.882197,0.0270614,1.65827,0.571398
119.629206349,0.35874,3.58506e-05,1.01955,2.03397,0.0691425,0.870072,0.0197221,1.81126,1.06833,0.00604356,1.76605,0.454222
119.675646259,0.556146,0.00233018,0.995478,1.96801,0,0.910731,0.025709,1.78819,1.02786,0.00261141,1.77357,0.463532
119.722086168,0.715403,0,0.932684,2.0858,0,0.995186,0.0620514,1.88056,0.982057,0.0022534,1.53574,0.447131
119.768526077,0.656453,0,1.00836,2.11482,0,1.07495,0.0815236,2.02182,1.05384,0.00450265,1.32166,0.428157
119.814965986,0.404115,0,1.19917,1.97399,0.0381712,1.12946,0.0923735,2.07743,1.09281,0.0069285,1.21015,0.395588
119.861405896,0.414125,0.0443574,1.32754,1.90756,0.0798445,1.05429,0.0710638,2.00195,1.02324,0.00886692,1.35139,0.363328
119.907845805,0.602284,0.0834334,1.23285,1.80246,0.149726,0.943274,0.0489406,2.09292,0.915687,0.00892118,1.66598,0.382212
119.954285714,0.816541,0.00202166,0.991794,1.74607,0.198674,0.741296,0.0550513,2.04126,0.717169,0.00494795,1.63702,0.459138
120.000725624,1.66897,0.00104365,0.736734,1.69355,0.73151,0.459127,0.147534,1.86186,0.266122,0.0802156,1.53077,0.0568716
120.047165533,2.20204,0,0.65028,1.24335,0.969656,0.473872,0.193016,1.73251,0.201533,0.0811518,1.37946,0.0592329
120.093605442,2.43824,0.000723124,0.48613,1.35764,0.971849,0.467149,0.266764,1.82396,0.278871,0.0978725,0.882037,0.130958
120.140045351,2.1587,0.0414284,0.305519,1.45418,0.935914,0.479716,0.326562,1.89636,0.591865,0.0880557,0.629641,0.515789
120.186485261,2.16169,0.0951593,0.380117,1.43818,0.771644,0.750335,0.292053,1.52125,1.10825,0.104295,0.349918,0.50491
120.232925170,2.42399,0.152585,0.449739,1.2295,1.00031,0.963368,0.155427,1.127,1.075,0.100494,0.15252,0.420597
120.279365079,2.73485,0.182843,0.38544,0.965996,1.20464,1.12491,0.120311,1.23254,1.12061,0.0715501,0.101818,0.403372
120.325804989,2.99385,0.173721,0.307941,1.09511,1.33086,1.0737,0.165475,1.22464,1.14908,0.00449093,0.307107,0.182322
120.372244898,3.20736,0.148016,0.267742,1.19991,1.11938,0.88199,0.19322,1.23825,1.126,0.00823158,0.563832,5.86827e-05
120.418684807,3.17342,0.151576,0.232335,1.38698,1.04066,0.751657,0.19045,1.21956,0.966815,0.01324,0.320631,5.83541e-05
120.465124717,2.9701,0.118306,0.334292,1.65979,0.653944,0.464376,0.0449329,1.18107,0.699905,0.0188489,0.145334,0.144839
120.511564626,2.88058,0.0539203,0.398449,1.64709,0.0140143,0.286447,0.0416556,1.23028,0.600464,0.0143153,0.422408,0.256682
120.558004535,2.92164,0,0.447325,1.7951,0.0353878,0.0389047,0.0427877,1.43194,0.422008,0.0130523,0.710618,0.149661
120.604444444,2.81012,0,0.472011,1.97167,0.0437683,0.0481064,0.071238,1.33341,0.430194,0.0625827,0.854701,0.0363185
120.650884354,2.78529,0.0629364,0.564851,1.84605,0.0425824,0.215711,0.0354044,0.932273,0.607791,0.122516,0.895351,0.0291146
120.697324263,2.75917,0.174947,0.663784,1.57108,0.0433212,0.369931,0.0246293,0.714324,0.474757,0.0259381,0.888456,0.0351007
120.743764172,2.81477,0.196698,0.68677,1.49606,0.414043,0.296723,0.0165944,0.839852,0.267633,0.0109983,0.924339,0.0769555
120.790204082,3.04144,0.0277931,0.700488,1.4937,0.639558,0.257691,0.00951167,1.18546,0.0234559,0.0105253,1.01707,0.232817
120.836643991,3.20811,0,0.606839,1.58743,0.764429,0.26407,0.00375197,1.39939,0.000345555,0.0135835,1.00713,0.18573
120.883083900,3.10734,0.00199544,0.602159,1.86492,0.582365,0.0839593,0.0325723,1.44592,0,0.0125573,1.08653,0.143976
120.929523810,3.00266,0.0025702,0.612766,2.0164,0.230114,0.0743341,0.0414342,1.56221,0.00602383,0.00801917,1.12314,0.108747
120.975963719,2.97431,0.00201953,0.620724,2.22002,0.192262,0.0604019,0.0509398,1.58311,0.00382223,0.00426463,1.15669,0.113875
121.022403628,3.05101,0.00122423,0.492893,2.69533,0.208649,0.0603334,0.03226,1.46987,1.85381e-05,0.0119295,1.15343,0
121.068843537,3.23952,0.0613144,0.145085,2.72716,0.058681,0.0659094,0.0175598,1.68942,0,0.0335904,1.05314,0
121.115283447,3.37872,0.0622271,0.127361,2.42719,0.136841,0.150726,0.0127531,1.9174,0,0.0514397,0.855171,0
121.161723356,3.5202,0,0.129687,2.2939,0.435549,0.184811,0.192508,1.97057,0,0.030517,0.883596,0.0254317
121.208163265,3.52134,0,0.127572,2.34839,0.483551,0.180764,0.147717,1.94596,0.0037714,0.0442847,0.933808,0.0368898
121.254603175,3.45317,0,0.210404,2.48718,0.324636,0.134378,0.0871741,1.79879,0.02475,0.051955,1.06131,0
121.301043084,3.2318,0,0.334642,2.47093,0.355508,0.136222,0.00778514,1.80304,0.00663594,0.064668,1.25034,0.0282232
121.347482993,2.99439,4.6986e-05,0.545575,2.45238,0.351083,0.13396,0.0221355,1.62778,0,0.0851087,1.24695,0.0918203
121.393922902,2.73888,0.00037511,0.511246,2.82173,0.18018,0.118052,0.0180754,1.89757,0,0.0554279,1.14275,0.331574
121.440362812,2.63511,0.000719284,0.377508,3.09646,0.146873,0.110282,0.0094125,2.02175,0.00912122,0.0144584,1.15111,0.23196
121.486802721,2.69494,0.00161732,0.237176,3.08785,0.0620822,0.0934414,0.00474352,1.98934,0.0806776,0.0126402,1.13286,0.104748
121.533242630,2.83945,0.0116876,0.215708,2.95915,0.091809,0.0828411,0,1.93326,0.0848231,0.0344673,1.05342,0.0754869
121.579682540,2.95905,0,0.280576,2.6606,0.182959,0.0976835,0,1.86246,0.0333856,0.00671165,1.05312,0.0552217
121.626122449,3.0956,0.052389,0.391921,2.43016,0.0872611,0.226715,0,1.75673,0.00462528,0.00200077,1.09492,0.0535452
121.672562358,3.03753,0.110327,0.327416,2.13182,0.0783744,0.279278,0.00907402,1.61929,0.434285,0,1.09766,0.131678
121.719002268,2.93249,0.107756,0.113231,2.12811,0.142413,0.226355,0.0506057,1.57671,0.692111,0.0148944,1.04123,0.496835
121.765442177,3.0505,0.090209,0.00610288,1.98625,0.265081,0.233577,0.0674692,1.68707,0.717609,0.0276789,1.09581,0.495862
121.811882086,3.13845,0.0817892,0.00501773,1.84978,0.333749,0.293672,0.0735789,1.97831,0.528001,0.0187158,1.19927,0.351961
121.858321995,2.95645,0.0830026,0.0964442,1.88851,0.36967,0.353203,0.0576288,2.15779,0.294986,0,1.39757,0.402883
121.904761905,2.47762,0.100379,0.190586,1.55868,0.264801,0.371252,0.0305267,2.38591,0.291052,0.000478231,1.16203,0.0941202
121.951201814,2.27223,0.0969321,0.183877,1.65986,0.0486179,0.376993,0.0100052,2.50597,0.315462,0.0214131,1.19706,0.0403716
121.997641723,1.9171,0.0869971,0.229637,1.91032,0.171259,0.427607,0.206785,2.22738,0.319406,0.011444,1.30935,0.000520106
122.044081633,1.43967,0.101966,0.0641068,1.79767,0.416885,0.536724,0.29461,2.02949,0.418604,0.00024585,1.4521,0.000581776
122.090521542,1.4822,0.13316,0.0497492,1.51622,0.409771,0.741633,0.163704,2.08244,0.498285,0.033066,1.3875,0.102461
122.136961451,1.65253,0.164269,0.0547716,1.09695,0.363195,1.26694,0.0341363,1.78028,0.483381,0.00581442,1.45897,0.178361
122.183401361,1.60845,0.123378,0.0743495,0.891199,0.263828,1.29756,0.0281528,1.87246,0.205213,0.0125507,1.6191,0.317999
122.229841270,1.74914,0.00567976,0.322538,0.994699,0.233546,1.1254,0.0629548,2.36023,0.158495,0.0112813,1.43283,0.397945
122.276281179,1.57087,0,0.511387,0.909707,0.0408225,1.15575,0.0523189,2.74973,0.155475,0.0154376,1.10406,0.753436
122.322721088,1.40992,0,0.769192,1.17983,0.0778919,0.97478,0.0411952,2.65137,0.327642,0.0431888,1.13493,0.867494
122.369160998,1.43798,0,0.688912,1.54754,0.127488,0.494389,0.0144545,2.5621,0.497634,0.0257777,1.47031,0.734096
122.415600907,1.12275,0,0.505691,1.59536,0.261449,0.518414,0.0119451,2.30149,0.786478,0,1.72698,0.553356
122.462040816,0.908635,0.00503073,0.640201,1.44472,0.355356,1.38673,0.11336,1.867,0.976551,0,1.91529,0.263444
122.508480726,0.929961,0.118153,0.60909,0.956044,0.378434,1.84327,0.0313317,1.23372,1.14546,0,2.1745,0.169269
122.554920635,1.31392,0.124608,0.527353,0.715004,0.315447,1.82259,0.0160634,0.790852,1.33499,0,2.27957,0.14496
122.601360544,1.40106,0,0.445298,1.7004,0.16342,1.56229,0.00763097,0.737298,1.28616,0.101722,2.36566,0.0683576
122.647800454,1.13332,0.00668613,0.340884,2.80719,0.162899,0.891271,0.0165974,0.866925,1.11149,0.114364,2.61778,0.00457969
122.694240363,0.40229,0.0263345,0.386814,3.23598,0.0142034,0.600001,0.0418315,1.16789,0.979725,0.106492,2.7003,0.00144981
122.740680272,0,0.192323,0.463857,3.40508,0.0137402,0.818943,0.0407958,1.30419,1.0752,0,2.55654,0.0234968
122.787120181,0,0.232132,0.626761,2.89311,0.00255773,1.34397,0.0210047,1.23926,1.33537,0,2.41716,0.138333
122.833560091,0,0.00540708,0.854161,1.39457,0.0380238,1.96672,0.0285163,1.08367,1.52588,0.382687,1.88991,0.0967959
122.880000000,0.155425,0.00856589,0.9092,1.19571,0.085146,1.84159,0.0492572,1.10626,1.21492,0.480339,1.65252,0.000414099
122.926439909,0.713805,0.00731471,0.805477,1.10236,0.11539,1.39241,0.0298819,1.71333,0.847839,0.172607,1.6304,0.000500168
122.972879819,1.08679,0.0530117,1.07387,1.08114,0.117959,1.47149,0.0474651,2.28978,0.391211,0,1.42075,0.181304
123.019319728,1.38257,0.106866,1.16998,1.16526,0.0137793,1.65967,0.0895393,2.34122,0.238819,0.0206709,1.33763,0.439583
123.065759637,1.36528,0.00725503,1.19822,0.992153,0,1.95044,0.097817,1.97402,0.519556,0.0624427,1.36869,0.185835
123.112199546,1.40714,0.000253047,1.0412,1.3097,0,1.85151,0.0955181,1.96062,0.707276,0.0431141,1.62886,0.00824915
123.158639456,1.90082,0,0.61574,1.4575,0.0844534,1.71287,0.140558,1.97938,0.645313,0,1.59126,0.000971038
123.205079365,2.06823,0.181295,0.648252,1.30622,0.215281,1.54679,0.114315,1.64521,0.529857,0,1.74658,0.000917271
123.251519274,2.02381,0.130346,0.651931,1.21008,0.27044,1.48778,0.0957839,1.51235,0.631718,0,1.76979,0.000780943
123.297959184,2.05209,0,0.379119,1.38559,0.305613,1.0551,0.0642262,1.79765,0.687107,0.0052706,1.67605,0.049894
123.344399093,2.10463,0.0236152,0.308909,1.72543,0.360089,0.699691,0.0158043,2.18898,0.204309,0,1.58311,0.225989
123.390839002,1.60928,0.554807,0.286951,1.70513,0.383606,0.604661,0.0281206,2.36465,0,0,1.63438,0.260824
123.437278912,0.842248,1.20382,0.148517,1.39106,0.321406,0.811251,0.0545856,2.25909,0,0.024308,1.83209,0.0504373
123.483718821,0.56672,1.14298,0.179473,1.42062,0.155025,0.875127,0.18408,1.86486,0.0204545,0.0887013,1.34939,0.875871
123.530158730,1.53351,0.394707,0.122069,1.64059,0.106283,1.06431,0.229796,1.555,0.0210095,0.0993749,0.773946,1.24096
123.576598639,1.68865,0.262637,0.0959649,1.54866,0.131165,1.28448,0.128242,1.859,0.00464997,0.359712,0.617023,0.543205
123.623038549,1.74266,0.263114,0.210387,1.72405,0.112409,1.03487,0.161421,1.9883,0,0.224181,1.02364,0.472769
123.669478458,1.87745,0.0929735,0.394207,1.73177,0.118103,0.955292,0.11717,1.88571,0,0.0119054,1.08238,0.911997
123.715918367,1.96312,0.00278987,0.5598,1.15266,0.0874557,1.3012,0.182847,1.91803,0.689902,0.0262622,0.837852,0.85213
123.762358277,2.07982,0.100194,0.474735,0.70816,0.0332586,1.77411,0.15489,1.66934,0.991878,0.000519361,1.33065,0.68883
123.808798186,2.16504,0.240524,0.369405,0.732739,0.13344,1.83569,0.353353,0.844197,1.71722,0,1.20224,0.349322
123.855238095,2.47854,0.168123,0.0921157,1.14238,0.105568,1.31679,0.467337,0.452159,2.15952,0,0.828245,0.292791
123.901678005,2.49025,0.000289126,0.320536,1.65795,0.00119525,1.13243,0.483188,0.413762,2.40265,0,0.678316,0.254734
123.948117914,2.2216,0.00249347,0.429922,2.19042,0.000178053,0.860769,0.381937,0.457453,2.54443,0,0.78987,0.261813
123.994557823,1.61353,0.00313389,0.322583,2.88417,0.0218696,0.332025,0.138435,0.694564,2.43777,0.00586688,0.917214,0.192438
124.040997732,1.11339,0.0653743,0.190756,3.07235,0.0333759,0.0581292,0.0209171,0.765412,2.68002,0.00196051,0.834919,0.198955
124.087437642,0.983125,0.122308,0.0876928,2.88055,0.106218,0.0834606,0.0111381,0.654733,3.0041,0,0.655891,0.254191
124.133877551,1.35361,0.0320389,0.171933,2.58086,0.246677,0.0914662,0.0208607,0.594325,3.14948,0,0.357925,0.0848255
124.180317460,1.79181,0.0711569,0.199197,1.95422,0.421796,0.289402,0.203708,0.723735,2.94285,0,0.404927,0.0283734
124.226757370,2.14831,0.0581247,0.372732,1.48281,0.324117,0.556073,0.579285,1.06203,2.64502,0,0.506147,0.0285883
124.273197279,2.61345,0.0705491,0.477382,1.38671,0.20391,0.698934,0.628455,1.05782,2.35825,0.00419763,0.389559,0.152363
124.319637188,2.77199,0.019348,0.487784,1.14668,0.243542,0.685548,0.612173,1.14937,2.67515,0.00559038,0.23812,0.156552
124.366077098,2.63781,0,0.550752,1.33628,0.484176,0.879317,0.493663,1.20932,2.92149,0.0015988,0.173383,0.0629465
124.412517007,2.3435,0,0.5259,1.42267,0.523009,1.07206,0.389759,1.52465,2.83233,0,0.378503,0.07796
124.458956916,2.42486,0,0.398511,1.15559,0.380028,1.14356,0.344208,1.48355,2.82648,0,0.531349,0.0907011
124.505396825,2.43021,0.00353034,0.530904,1.07058,0.247578,1.0877,0.313807,1.25291,2.74056,0,0.683683,0.0786951
124.551836735,2.37964,0.00396256,0.658366,0.995546,0.0954216,0.982835,0.424492,1.08087,2.7599,0,0.84451,0.139634
124.598276644,2.10262,0.00323528,0.673436,1.02393,0.180371,0.831889,0.486937,1.36318,2.79734,0.0363782,0.852174,0.127951
124.644716553,2.37853,0.00254815,0.733068,0.974944,0.376912,0.387269,0.246631,1.56302,2.50937,0,0.674602,0.0105867
124.691156463,2.69204,0.00229797,0.927422,0.612027,0.424417,0.0587975,0.0998304,1.55566,2.26916,0,0.649776,0.202058
124.737596372,2.91067,0.00189043,0.629742,0.714976,0.148628,0.0501648,0.0532687,1.52195,2.38906,0,0.612174,0.36806
124.784036281,2.98088,0.13048,0.468459,1.03183,0.134103,0.0462712,0.0696533,1.61869,2.36323,0,0.498687,0.358298
124.830476190,2.89948,0.0179602,0.564426,1.01783,0.0698295,0.0732767,0.156075,1.66404,2.63944,0,0.369986,0.347872
124.876916100,2.89467,0,0.557917,0.969192,0.0846966,0.213725,0.18519,1.56036,2.87256,0,0.305605,0.402134
124.923356009,2.84263,0,0.603957,0.733492,0.1241,0.272811,0.20309,1.46139,3.01604,0,0.36329,0.283098
124.969795918,2.6845,0.00203641,0.684777,0.96384,0.255229,0.219186,0.291586,1.35471,3.04973,0,0.408651,0.0912793
125.016235828,2.53884,0.0108993,0.685484,1.17919,0.237059,0.174653,0.277611,1.32509,3.08727,0,0.470748,0.014484
125.062675737,2.5131,0.0189202,0.685103,1.19182,0.137849,0.274451,0.163193,1.36237,3.04383,0.0140548,0.582698,0.0313948
125.109115646,2.66253,0.115759,0.710115,1.08858,0.106339,0.259429,0.064425,1.25928,2.744,0.0263697,0.741344,0.355867
125.155555556,2.91307,0.131425,0.812397,0.674029,0.093773,0.14262,0.0187071,1.08976,2.55066,0.0373514,0.845865,0.571826
125.201995465,3.00624,0.0941839,0.918793,0.324825,0.0818696,0.0383197,0.0359221,1.08068,2.4936,0.0386825,0.749451,0.645939
125.248435374,2.99895,0.0181096,0.874733,0.324502,0,0.0735062,0.0365757,1.12977,2.55979,0,0.390192,0.608762
125.294875283,2.89725,0.00010166,0.950207,0.390681,0.454533,0.10471,0.0457925,1.05272,2.74667,0.0161383,0.288177,0.469059
125.341315193,2.97619,0.000993066,1.00844,0.774726,0.277103,0.103126,0.480873,0.674808,2.60405,0.139694,0.218056,0.138564
125.387755102,2.84302,0.00148508,0.938712,1.23097,0.230374,0.109872,0.694157,0.882236,1.63096,0.182708,0.231105,0.33607
125.434195011,2.33178,0.00218467,0.896259,1.46958,0.339203,0.0985674,0.764656,0.941369,1.41831,0.209189,0.246172,0.237017
125.480634921,2.37729,0.00281452,0.859797,1.40427,0.756188,0.16381,0.79037,0.725438,1.2399,0.118731,0.411399,0.247074
125.527074830,2.76515,0.00284671,0.648817,1.04403,1.27671,0.224946,0.795497,0.502872,1.20697,0,0.401153,0.322992
125.573514739,2.75187,0.00289164,0.50276,0.520955,1.40401,0.663608,0.526889,0.834853,1.45868,0.134374,0.468042,0.418995
125.619954649,2.38225,0.00321966,0.357262,0.223602,1.13465,1.14394,0.223515,0.644737,1.97078,0.0225117,0.369839,0.599224
125.666394558,2.1836,0.00225035,0.144095,0.081659,1.00263,1.43791,0.192853,0.298062,2.16401,0.00787762,0.463777,0.87977
125.712834467,2.08311,0.165092,0.118266,0.0953219,0.693559,1.53094,0.0965576,0.246233,2.24392,0.0115518,0.529358,0.981287
125.759274376,1.61976,0.147627,0.130379,0.069972,0.599731,2.00231,0.0514632,0.0359226,2.03592,0,0.686053,0.834034
125.805714286,1.50689,0,0.265409,0.00764445,0.500613,3.2001,0.0279732,0.0420117,1.69536,0.000767303,0.25502,0.681606
125.852154195,1.84111,0.0303706,0.359064,0.00566652,0.285922,3.68064,0,0.0362123,1.24154,0.140364,0.246485,0.535944
125.898594104,2.13496,0.0199661,0.992424,0.00303191,0.181874,3.23081,0,1.1125,1.02468,0.108176,0.448089,0.261252
125.945034014,2.15671,0.0204556,1.06759,0.00603589,0.186476,2.50102,0,1.92499,0.829389,0.00488561,0.43147,0.250447
125.991473923,2.48596,0.0126894,0.870811,0.201487,0.230826,2.356,0.134032,2.24194,0.333991,0.00762313,0.125531,0.329193
126.037913832,2.85415,0.0018371,0.460917,0.318844,0.591766,1.91999,0.193036,1.84969,0.24516,0.178856,0.0933686,0.482592
126.084353741,2.56384,6.08565e-05,0.497578,0.163645,0.886554,2.64007,0.0498798,0.433574,0.904492,0.174874,0.296101,0.577308
126.130793651,2.21943,0,0.490429,0,0.978768,3.13758,0.0337242,0.0166695,1.13908,0.0756201,0.294516,0.657345
126.177233560,2.24021,0.000237694,0.459814,0.00305624,0.58208,3.5562,0.0126578,0.0203962,1.18559,0.0931944,0.345512,0.546672
126.223673469,2.3312,0.0010656,0.374214,0.146966,0.207932,3.78145,0.00305912,0.0201149,1.34766,0.0117262,0.438845,0.568684
126.270113379,2.38145,0.00179048,0.254473,0.240372,0,3.94926,0.0307127,0.0196823,1.46072,0,0.435947,0.553
126.316553288,2.3945,0.00242014,0.161886,0.266801,0,3.95075,0.0456966,0.0876247,1.50163,0.00553135,0.461371,0.549802
126.362993197,1.91828,0.00171847,0.120238,1.10182,0.0126343,2.80186,0.124067,0.305237,1.51722,0,1.61138,0.487323
126.409433107,1.65944,0.0222146,0.00891913,1.79047,0.0113743,1.6289,0.175906,0.404893,1.47048,0.00198024,1.44548,0.281422
126.455873016,1.74252,0.0667452,0.0125876,1.75479,0.00640952,1.38722,0.122315,0.421461,1.71916,0.00273704,1.24577,0.423497
126.502312925,2.13133,0.121083,0.0881357,1.37547,0.0715307,1.5515,0.0078204,0.606121,1.73826,0.00226143,0.725257,0.427817
126.548752834,2.54459,0.216502,0.0941891,0.795832,0.585012,1.58342,0.135346,0.851609,1.64904,0,0.207156,0.461127
126.595192744,2.46974,0.192796,0.099831,0.158479,0.327754,2.32622,0.273572,0.409156,2.12503,0,0.147743,0.528437
126.641632653,2.15524,0.20441,0.104824,0.32533,0,2.67717,0.681658,0.0432744,2.50945,0,0.192889,0.496596
126.688072562,1.92347,0.180212,0.0886092,0.84704,0,2.57244,0.952662,0.04893,2.34447,0,0.575004,0.530627
126.734512472,1.87862,0.142647,0.146995,1.05999,0,2.2779,0.994412,0.0280451,2.20373,0,0.743714,0.450613
126.780952381,1.97927,0.0792043,0.426904,1.04968,0,2.11986,0.970067,0.0164172,2.17938,0.0665183,0.442959,0.466841
126.827392290,2.2582,0.0761722,0.667075,0.581438,0.0454745,1.92882,1.00925,0.131301,1.96879,0.291297,0.31983,0.338606
126.873832200,2.28914,0.197522,0.650361,0.697211,0.162517,1.67112,0.701641,0.377118,1.59397,0.474234,0.32207,0.186694
126.920272109,1.88605,0.192207,0.134998,1.48453,0.0605144,1.61242,0.393535,0.496142,1.2838,0.878363,0.459647,0.233443
126.966712018,1.63917,0.154423,0.0012051,1.92459,0.000655019,1.69479,0.27979,0.481541,1.20211,0.62751,0.531858,0.0894129
127.013151927,1.74817,0.106972,0.00788504,1.67491,0.0106802,1.71098,0.288732,0.424739,1.83752,0.286686,0.396605,0.000459862
127.059591837,1.60935,0.127307,0.0507985,1.38455,0,1.76588,0.388877,0.419989,2.33459,0.076928,0.399022,0.035067
127.106031746,1.51215,0.175499,0.118834,1.43276,0.00145783,1.51717,0.444282,0.363699,2.55095,0.0499784,0.516771,0.397508
127.152471655,1.46398,0.143029,0.442209,1.47395,0.0266149,1.25046,0.59657,0.314381,2.49803,0.0550517,0.619424,0.404327
127.198911565,1.3744,0.0627653,0.784047,1.15091,0.0230118,1.06508,0.728558,0.278782,2.38682,0.226599,0.656816,0.382347
127.245351474,1.20999,0.122986,0.784688,1.0612,0.0659812,1.24222,0.677666,0.256163,2.39545,0.119347,0.721964,0.314656
127.291791383,1.04621,0.204149,0.220287,1.39509,0.0829705,1.29679,0.196306,0.352453,2.23383,0,0.937809,0.35573
127.338231293,1.09542,0.194708,0.151659,1.86236,0.0966521,1.19531,0.0325058,0.305896,1.91295,0.00639253,0.992824,0.412334
127.384671202,1.36607,0.134789,0.0950221,1.95485,0.139214,0.887951,0.0362028,0.338181,1.56767,0.0556166,1.34813,0.486119
127.431111111,1.12977,0.131286,0.00114108,2.30809,0.290797,0.754688,0.140795,0.966508,1.32798,0.0856499,1.72078,0.103995
127.477551020,1.30239,0.153413,0.0223539,2.69242,0.285054,0.573955,0.15936,1.2049,1.00134,0.0474326,1.76244,0.05325
127.523990930,1.28196,0.161541,0.143977,2.795,0.177301,0.840431,0.244383,1.43004,0.396833,0.0346227,1.52227,0.155125
127.570430839,1.58943,0.107609,0.278406,2.73127,0.0837042,1.21133,0.226203,1.44984,0.364714,0.0103719,0.998748,0.15682
127.616870748,2.29013,0.054835,0.260116,2.27415,0.149117,1.41775,0.11551,1.12031,0.529692,0,0.4818,0.162138
127.663310658,2.678,0.039435,0.00530586,1.51211,0.342832,1.52502,0.153468,1.09032,0.384814,0,0.581703,0.103681
127.709750567,2.80178,0.0184238,0.00199745,1.52926,0.360498,1.59255,0.085014,1.22809,0.140556,0,0.855099,0.05043
127.756190476,2.66485,0.154744,0,1.79637,0.26224,1.5031,0.0588158,1.34907,0.172108,0.00326345,0.759987,0.000683279
127.802630385,2.38911,0.25738,0.00472004,2.09457,0.0801944,1.36066,0.0619413,1.42663,0.265288,0,0.603522,0.016737
127.849070295,2.61478,0.134537,0.0108233,2.07643,0.0949427,1.17842,0.0702673,1.54196,0.299576,0.00605456,0.552373,0.000341725
127.895510204,2.92624,0,0.0420125,1.58387,0.356532,1.01112,0.0630933,1.5562,0.336946,0.0142348,0.672061,0.0623719
127.941950113,3.16654,0.000425933,0.0668378,1.09094,0.557707,0.791573,0.0575279,1.81827,0.269045,0.00828465,0.801914,0.249174
127.988390023,3.34475,0.0416841,0.0831452,1.03491,0.560993,0.465853,0.0453712,2.06312,0.198391,0.00646933,0.783899,0.296307
128.034829932,3.3189,0.0842459,0.0829709,1.22038,0.569029,0.595138,0.0361793,2.05483,0.25481,0.00377299,0.68837,0.221818
128.081269841,3.21375,0.127252,0.0766089,1.35519,0.549064,0.658098,0.0446797,2.13314,0.153615,0.0220192,0.664872,0.190995
128.127709751,3.2106,0.136888,0.183045,1.35716,0.610362,0.687125,0.0287061,2.14972,0.0360541,0.0363225,0.652331,0.157761
128.174149660,3.21541,0.126424,0.219243,1.31498,0.813831,0.629239,0.0559313,2.12826,0,0.00763105,0.541825,0.044161
128.220589569,3.35609,0.103497,0.188638,1.22695,1.00577,0.678517,0.0541517,1.8844,0,0.00904926,0.543663,0
128.267029478,3.37213,0.0843079,0.0945855,1.12793,1.04693,0.72248,0.0863342,1.82126,0,0.0105272,0.720413,0
128.313469388,3.24665,0.0219116,0.0951727,1.0252,0.940407,0.67809,0.102895,2.06432,0,0.0112817,1.12663,0.120267
128.359909297,3.1558,0.00109407,0.152217,1.0639,0.747921,0.661212,0.0554805,1.906,0,0.0106643,1.2799,0.134622
128.406349206,3.12731,0.0168536,0.159999,1.35062,0.528117,0.578084,0.0775598,1.90117,0,0.00829065,1.31796,0.152707
128.452789116,3.08556,0.0761774,0.273876,1.51553,0.308873,0.36846,0.00461182,2.01762,0,0.00360512,1.32419,0.179195
128.499229025,2.92617,0.116777,0.311838,1.42403,0.364162,0.0638791,0.00561037,2.20652,0.0277585,0.0071981,1.33915,0.198044
128.545668934,2.97669,0.12205,0.354948,1.212,0.342934,0.0626297,0.00457817,2.17983,0.0247606,0.0076298,1.33891,0.14672
128.592108844,3.16073,0.135595,0.291373,0.97569,0.351977,0.0755729,0.0192359,2.09326,0.0212259,0.0144768,1.31502,0.0431775
128.638548753,3.2369,0.164461,0.350076,0.956151,0.461886,0.132316,0.0288275,2.00726,0.0379145,0.0411954,1.30368,0.0217031
128.684988662,3.24709,0.188201,0.438642,1.0781,0.553024,0.155159,0.0501487,1.93429,0.0188293,0.00806846,1.30189,0.0342229
128.731428571,3.02353,0.194529,0.505044,1.1161,0.475919,0.14578,0.0258389,2.08915,0.0634767,0.00261708,1.33554,0.0644154
128.777868481,3.10506,0.175014,0.527491,1.26495,0.350873,0.231857,0,2.02453,0.0241493,0.00588305,1.10113,0.0851101
128.824308390,2.97766,0.0628919,0.570197,0.80824,0.256997,0.9464,0,1.78351,0.0424013,0.0130849,1.00157,0.174075
128.870748299,2.60814,0,0.779812,0.45174,0.187721,1.50575,0,1.29164,0.0604356,0.0149858,1.4789,0.201062
128.917188209,2.5053,0,0.88985,0.452877,0.125298,1.58709,0,1.08457,0.0633169,0.051516,1.91302,0.14736
128.963628118,2.41775,0,0.976276,0.422709,0.026411,1.65071,0,0.924811,0.254225,0.0958138,2.28497,0.120942
129.010068027,2.26721,0.000728049,0.76709,0.500071,0.0192649,1.57537,0.0143388,1.03304,0.391279,0.100596,2.24726,0.105021
129.056507937,2.1926,0.113545,0.708457,0.592027,0.0169637,1.29011,0.086604,1.4636,0.523399,0.0704691,1.83741,0.202379
129.102947846,2.65547,0.0963661,0.474183,0.893248,0.0278609,0.730105,0.28894,1.8378,0.480289,0.00189914,0.907049,0.397125
129.149387755,3.08313,0.00276223,0.235941,1.35283,0.0380467,0.551749,0.606266,1.9304,0.132706,0,0.0858468,0.388051
129.195827664,3.12076,0.00105493,0.235053,1.34235,0.0737134,0.553633,0.470347,2.08356,0.000959255,0.00752857,0.146644,0.0340672
129.242267574,2.8331,0.156626,0.414175,0.775026,0.419944,0.14246,0.407996,2.37483,0.0308666,0.0151719,0.407162,0.0960484
129.288707483,2.2465,0.18606,0.518701,0.638857,0.641739,0.389832,0.509504,2.24133,0.188662,0.0273792,0.785759,0.000246961
129.335147392,1.81323,0.237183,0.616212,0.651336,0.633167,0.867196,0.20646,2.04845,0.189107,0.0283704,1.30078,0.000325722
129.381587302,1.4838,0.0573218,0.506671,0.895112,0.660088,1.0139,0.071516,2.0626,0.456156,0.0282317,1.81171,0.000443221
129.428027211,1.1367,0.00376817,0.454571,0.911374,0.252941,1.16678,0.138693,1.83935,0.54203,0.0309851,2.26142,0.000544747
129.474467120,0.780858,0.0354142,0.524158,0.83166,0.00151235,1.4633,0.141581,1.05039,0.726851,0.109418,2.36443,0.115569
129.520907029,0.883381,0.0827659,0.673928,0.618538,0,1.57192,0.113582,1.2921,0.536888,0.103473,2.12834,0.104893
129.567346939,0.961948,0.0960251,0.699711,0.431013,0,1.7452,0.0118612,2.45156,0.204479,0.0871104,2.14145,0.191649
129.613786848,1.09614,0.18284,0.731979,0.401442,0.00258757,1.45179,0,3.26882,0.0728488,0.0866417,1.97634,0.21135
129.660226757,1.23053,0.118795,0.791818,0.521338,0,1.06058,0,3.54734,0.00866236,0.100481,1.77768,0.207257
129.706666667,1.29368,0.0276995,0.741034,0.68708,0,0.881552,0.0292637,3.47366,0.0157034,0.0703916,1.80706,0.027283
129.753106576,1.20372,0.0989274,0.38167,1.03094,0,1.409,0.0594115,2.9239,0.0519135,0.0692606,1.94481,0.000914292
129.799546485,1.30123,0.227548,0.23402,1.23583,0,2.37648,0.0426904,1.66338,0.306806,0.196925,1.80467,0.0636359
129.845986395,1.48822,0.0606953,0.267234,1.07876,0.00744435,3.1095,0.0298022,0.808186,0.588707,0.757641,1.53503,0.0374487
129.892426304,1.74718,0,0.219628,0.801282,0,3.28527,0.00704716,0.839362,0.84453,0.80413,1.45969,0.142895
129.938866213,1.82965,0.0296055,0.170497,0.909084,0,2.9784,0,1.37956,0.977852,0.419735,1.68466,0.172051
129.985306122,1.49506,0.215543,0.274662,1.27028,0.00417269,2.46866,0.0157761,1.69793,1.07509,0.239039,2.07006,0.154685
130.031746032,0.980171,0.282673,0.491057,1.89145,0.0177479,2.10873,0,1.71202,0.970778,0.0671529,2.39689,0.000162075
130.078185941,0.76076,0.281085,0.425801,2.09054,0.000525106,1.88028,0,1.6523,0.817203,0.097264,2.58268,0.000212336
130.124625850,0.832742,0.265035,0.458794,1.80193,0,1.95291,0.0312438,1.49587,0.824094,0.112187,2.45512,0.000280721
130.171065760,0.9608,0.222411,0.471905,1.75732,0.0891628,2.00566,0.0603579,1.42662,1.06284,0.045268,1.78189,0.000571299
130.217505669,0.669601,0.153651,0.520734,2.15822,0.411595,1.76454,0.0638146,1.38351,1.0755,0.0312527,1.5373,0.00061225
130.263945578,0.141927,0.210782,0.55794,2.01515,0.297547,1.76569,0.0552688,1.48081,0.98312,0.0121553,2.19169,0.251981
130.310385488,0.0668404,0.152007,0.750634,1.74117,0.1507,1.86989,0.0543366,1.57992,0.878118,0,2.50062,0.533254
130.356825397,0.0895154,0.112399,1.18807,1.40792,0.0962643,2.03509,0.0933321,1.64847,0.813201,0,2.5184,0.426284
130.403265306,0.341084,0.173264,1.12304,1.30605,0.069998,2.02463,0.111699,1.78667,0.657831,0.0310315,2.48487,0.123815
130.449705215,0.791494,0.129643,1.01218,1.37378,0,2.09387,0.0811363,1.83197,0.635601,0.0627922,2.39049,0.000628553
130.496145125,0.683207,0.190832,0.74705,1.20267,0,1.97162,0.0732821,2.05739,0.833028,0.0259705,2.04926,0.139274
130.542585034,0.94594,0.389603,0.754738,1.05096,0,1.78917,0.0815129,2.1494,0.769108,0.0348135,1.5159,0.0471259
130.589024943,1.06336,0.570417,0.687058,1.21636,0.0276584,1.60499,0.0762178,2.25684,0.518185,0.0132548,1.55053,0.000668981
130.635464853,0.770762,0.710388,0.483974,1.67439,0.0214205,1.4321,0.051909,2.34776,0.560365,0.17358,1.43308,0.000540602
130.681904762,0.843292,0.534206,0.37002,2.0152,0.0220315,1.38888,0.0205701,2.07027,0.751589,0.0526684,1.32359,0.318951
130.728344671,0.582819,0.517551,0.35547,2.10278,0.0196851,1.52455,0.0289561,2.17074,0.657885,0,1.45187,0.198528
130.774784580,0.307353,0.719841,0.40907,1.96056,0.0231638,1.67896,0.0332182,2.22039,0.361182,0.0182187,1.63604,0.000499249
130.821224490,0.591783,0.580649,0.635151,1.69829,0.0164215,1.6755,0.016624,2.00795,0.212198,0.0678758,1.72134,0.000540918
130.867664399,1.26994,0.221792,0.550807,1.48911,0.0231578,1.60351,0.0506086,1.92066,0.119771,0.0882347,1.59253,0.000595296
130.914104308,1.83405,0.141247,0.705059,0.964177,0.0659574,1.52481,0.0695175,1.96786,0.0355638,0.0771782,1.60242,0.219004
130.960544218,2.2864,0.131403,0.879887,0.833778,0.169116,1.83801,0.0733576,1.91259,0.0267299,0.0292596,1.33406,0.29215
131.006984127,2.7092,0.125734,0.94811,1.26648,0.0897169,1.97459,0.067643,1.90875,0,0,0.908562,0.0126157
131.053424036,2.60657,0.147653,0.743336,1.43001,0.0486919,2.25896,0.0918433,1.98967,0.0433492,0.0155554,0.312579,0.0191366
131.099863946,2.41994,0.172206,0.462711,1.18846,0.0400399,2.10716,0.0949855,1.61984,0.811902,0.0272753,0.399158,0.000659126
131.146303855,2.32556,0.148646,0.256618,1.16892,0.0232179,1.7397,0.331806,1.4042,1.43941,0.0279079,0.680449,0.308427
131.192743764,2.75573,0.154944,0,1.35705,0.0411129,1.15882,0.467111,1.28475,1.77597,0,0.618273,0.623906
131.239183673,2.96542,0.73604,0,1.3197,0,0.352192,0.486248,1.12412,1.86291,0,0.484399,0.596413
131.285623583,2.68348,0.920648,0,1.14607,0,0.16839,0.520197,1.07558,2.23576,0,0.556812,0.549287
131.332063492,2.35128,0.848363,0,0.979982,0.0213639,0.0242739,0.499392,0.769838,2.68281,0,0.888418,0.366565
131.378503401,2.0124,0.493704,0.14163,1.53961,0.0214981,0.0550374,0.472185,0.322323,3.05345,0,0.790618,0.228404
131.424943311,1.93724,0.337625,0.163745,1.9456,0.0899607,0.0912091,0.370232,0.0440584,3.11384,0.0367676,0.842249,0.0681413
131.471383220,1.87223,0.395587,0.109773,2.05925,0,0.145943,0.272157,0.0830417,3.01993,0.143072,0.878059,0.011437
131.517823129,1.67406,0.221213,0.125331,1.91806,0.0140308,0.338548,0.200207,0.218051,2.943,0.00565529,0.935784,0.00980708
131.564263039,1.49363,0.165249,0.159815,1.74021,0.0276622,0.323281,0.265718,0.401388,2.5439,0,0.933036,0.315228
131.610702948,1.47813,0.200392,0.215591,1.90295,0.0153349,0.146117,0.293306,0.418576,2.30415,0,1.21464,0.547635
131.657142857,1.40812,0.216112,0.185552,2.05218,0,0.200659,0.279226,0.449829,2.60777,0,1.23369,0.602348
131.703582766,1.61382,0.174393,0.15181,2.10272,0,0.314961,0.273769,0.572658,2.70852,0,1.1342,0.560573
131.750022676,1.72232,0.184468,0.103405,1.71421,0,0.291347,0.231385,0.983651,2.45034,0,0.830091,0.442825
131.796462585,1.73503,0.234307,0.105701,1.50025,0.0627906,0.127488,0.19706,1.39863,1.90295,0,0.712358,0.279733
131.842902494,1.81127,0.272556,0.219388,1.80096,0.0759295,0.00328462,0.175675,1.38614,1.45488,0,0.570812,0.285152
131.889342404,1.90203,0.197321,0.293704,1.92489,0.0283167,0.0131874,0.147216,1.34892,1.4583,0,0.601282,0.18493
131.935782313,1.80344,0.1617,0.489377,1.72199,0.0210215,0.259031,0.150896,1.08051,1.70162,0,0.777128,0.222621
131.982222222,1.55107,0.22968,0.785466,1.72755,0.028785,0.205933,0.116857,0.604827,1.95405,0,0.873047,0.220719
132.028662132,1.45472,0.225339,0.892207,1.7683,0.0333447,0.049094,0.16054,0.514348,2.4412,0,0.705993,0.332758
132.075102041,1.44371,0.25833,0.911124,1.53422,0.0132218,0.0639194,0.269497,0.61852,2.79408,0,0.520785,0.418645
132.121541950,1.82712,0.25223,0.65281,1.34278,0.0470449,0.0426512,0.200005,0.467623,3.12959,0,0.348008,0.255589
132.167981859,2.08506,0.231578,0.297205,1.3165,0.11217,0.0568428,0.0649924,0.456429,3.22854,0,0.564305,0.137064
132.214421769,1.99725,0.172807,0.0195452,1.66759,0.0661848,0.0807459,0.0151148,0.548781,2.99746,0,0.745081,0.168853
132.260861678,1.64143,0.127837,0.010391,1.71189,0.0192501,0.276137,0.0121998,0.566321,2.75642,0,0.779458,0.238307
132.307301587,1.61885,0.0747772,0.180386,1.30799,0.0158054,0.740832,0,0.584045,2.49645,0,0.827638,0.148742
132.353741497,1.66459,0.0255716,0.197395,0.820176,0.0124899,1.54346,0,0.671345,2.19905,0,0.628064,0.0924138
132.400181406,1.71893,0.193694,0.00459839,0.85682,0.00850626,1.7887,0.011957,0.77748,1.84694,0.0590816,0.535579,0.0272621
132.446621315,1.98473,0.62574,0.0127752,1.17395,0.00666923,1.70274,0.0652474,0.790078,1.6079,0.0214832,0.493345,0.0100054
132.493061224,2.49762,0.480383,0.0875829,1.11812,0.0340366,1.51737,0.0580136,0.473633,1.60848,0.208716,0.433819,0.100936
132.539501134,2.63502,0.172767,0.0965453,0.726124,0.216579,1.70852,0.00159899,0.442623,1.9132,0.0380908,0.319616,0.207793
132.585941043,2.73674,0.166903,0.0173392,0.525877,0.37417,1.57736,0,0.650955,1.98002,0.0193174,0.100133,0.252326
132.632380952,2.68924,0.228438,0.0526465,0.442833,0.389301,1.44469,0.00155626,0.696337,1.87981,0.0274101,0.0890409,0.257038
132.678820862,2.53135,0.315901,0.0594634,0.375427,0.224761,1.85815,0.0375042,0.805257,1.77132,0.00414719,0.255734,0.131851
132.725260771,2.4918,0.159057,0.00895093,0.496546,0.000469326,2.36894,0.00879728,0.710415,1.71333,0.0224301,0.518183,0.016794
132.771700680,2.54302,0.0502125,0.00729887,0.790575,0,2.58547,0.0357453,0.542279,1.69659,0.216705,0.368277,0.00105391
132.818140590,2.78038,0.00519366,0.00225146,0.878123,0,2.10309,0,0.641734,1.47989,0.600084,0.284761,0.0457216
132.864580499,2.54903,0.106539,0.087557,0.882195,0.165277,1.16535,0.229884,0.950441,1.13111,0.550706,0.545484,0.246033
132.911020408,1.59978,0.145696,0.171183,0.804306,0.447735,1.63105,0.419052,0.469405,1.46645,0,0.463243,0.497512
132.957460317,1.21066,0.242564,0.067457,0.342462,0.569747,1.83938,0.565657,0.0908141,1.63282,0.0870003,0.472996,0.480464
133.003900227,1.59769,0.332515,0.17011,0.0214697,0.475896,1.90808,0.967741,0.0182361,1.63909,0.146801,0.37653,0.332382
133.050340136,2.05951,0.388505,0.0937907,0.116519,0.147346,1.85376,1.22683,0.193006,1.61849,0.309812,0.327013,0.245204
133.096780045,2.23481,0.0507964,0,0.403186,0.0410405,2.21352,1.02515,0.158199,1.75515,0.328082,0.189956,0.161241
133.143219955,2.3498,0.0159869,0,0.549805,0.0138715,2.58243,0.486205,0.32629,1.75699,0.0242835,0.0130291,0.147506
133.189659864,2.07722,0.00219596,0.419919,0.46158,0.0115025,2.25053,0.167524,0.988009,1.82798,0,0.0417325,0.0674343
133.236099773,1.66089,0.0954496,1.67527,0.0360474,0.0035233,1.58981,0.0571386,1.29559,1.64095,0,0.118643,0.120015
133.282539683,1.4513,0.0833914,1.88022,0.0508967,0.0131905,1.21636,0.0537405,1.78903,1.54097,0,0.0851089,0.0754533
133.328979592,1.37565,0.00186383,1.76955,0.0147684,0.0353466,1.13821,0.297695,2.22991,1.46037,0,0.0524849,0.221747
133.375419501,1.20803,0.00284806,1.85032,0.0134775,0.0369191,1.26536,0.484739,2.4059,1.23985,0.00242023,0.0463156,0.296935
133.421859410,0.968778,0.00296628,1.70606,0,0,1.38097,0.517859,2.34644,1.10542,0.30409,0.0584903,0.342238
133.468299320,1.1817,0.0782526,1.59241,0,0,1.55241,0.388089,1.90448,1.08286,0.363952,0.0656842,0.287389
133.514739229,1.37095,0.127648,1.58969,0.000330249,0,1.6401,0.216827,1.57311,1.17256,0.234162,0.0707793,0.289496
133.561179138,1.29319,0.150022,1.56477,0.00695585,0.0403027,1.695,0.0803566,1.70256,1.25707,0.117615,0.204644,0.267258
133.607619048,1.16481,0,1.43276,0.00668816,0.113576,1.44752,0.000232599,1.92194,1.36761,0.0869694,0.755752,0.144181
133.654058957,1.11891,0,1.39157,0.00438352,0.0638623,1.39144,0.0533659,1.95378,1.23182,0,1.17744,0.095518
133.700498866,1.36192,0,1.40003,0,0.121173,1.27576,0.0757013,1.72519,1.20052,0.01085,1.37417,0.0223569
133.746938776,1.6978,0,1.46321,0,0.295925,1.24613,0.071643,1.56653,1.08944,0,1.09744,0.0555833
133.793378685,1.59664,0,1.42674,0.0506778,0.209815,1.48256,0.0385415,1.4894,1.1208,0,1.16802,0.186017
133.839818594,1.64475,0.103787,1.57488,0.189548,0.0545781,1.59836,0.0060995,1.38238,1.07515,0.0150318,1.29286,0.197979
133.886258503,1.70632,0.0933515,1.86601,0.0992831,0,1.34087,0,1.52185,1.13322,0.0584222,1.15631,0.189621
133.932698413,1.69277,0.0806217,2.00372,0.0878497,0,1.16522,0.0886031,1.77494,1.17981,0.100627,1.25185,0.183855
133.979138322,1.52379,0.0469625,1.86108,0.0246568,0.0523648,1.33727,0.00904443,1.81619,1.24324,0.102095,1.36191,0.269401
134.025578231,1.39354,0.264176,1.3374,0.010484,0.394229,1.20748,0.0460685,1.58507,1.12149,0.0256389,1.39833,0.274674
134.072018141,1.57576,0.496811,0.610186,0.00951225,0.451882,1.17459,0.681593,0.841871,0.943001,0,1.5165,0.339527
134.118458050,1.77303,0.517386,0.203048,0.00774066,0.223873,2.13647,0.721387,0.121464,0.983275,0,1.676,0.450229
134.164897959,1.99842,0.198072,0.0854279,0.0101624,0.00662041,2.84057,0.114075,0.125617,1.2617,0.000321253,1.73793,0.41665
134.211337868,1.84208,0,0.156928,0.178943,0.00230125,3.35419,0.138263,0.648852,1.49949,0,1.72535,0.0677136
134.257777778,1.8532,0,0.123125,0.253844,0,3.14117,0.136196,0.713829,1.50953,0,1.87767,0.0514628
134.304217687,1.65317,0.0012181,0.155328,0.292421,0,2.66691,0.0692836,0.584122,1.50372,0,1.87677,0.18944
134.350657596,1.37582,0.226109,0.121091,0.330273,0,2.33989,0.0245719,0.736363,1.47744,0,1.83029,0.351344
134.397097506,1.33997,0.25944,0.213308,0.299458,0.00510195,2.14401,0,1.07138,1.51848,0,1.69101,0.467629
134.443537415,1.24944,0.338048,0.293274,0.221477,0.00294068,1.98009,0,1.29714,1.56282,0,1.57635,0.431608
134.489977324,1.29241,0.466152,0.344751,0.142017,0.0371532,1.36721,0,1.37867,1.55377,0.00115686,1.51354,0.128387
134.536417234,1.55503,0.215558,0.207896,0.285691,0.0951921,1.12574,0.00157734,1.37741,1.52846,0.178143,1.30331,0
134.582857143,1.63387,0.120437,0.0819006,0.246369,0.11804,1.13751,0.0489647,1.394,1.52375,0.590967,1.15142,0
134.629297052,1.6161,0.0566556,0.00984026,0.0395423,0.092082,1.29544,0.292277,1.40644,1.68469,0.933084,0.768089,0
134.675736961,1.80403,0.165784,0.00511017,0.224262,0.111446,1.26604,0.447621,1.24398,1.57725,0.582756,0.654771,0
134.722176871,1.78526,0.0975443,0.0401728,0.651858,0.25871,1.14319,0.821804,1.06218,1.46236,0.368372,0.808136,0.0762274
134.768616780,1.42576,0.148255,0.0613137,0.854284,0.2843,1.14826,0.923782,0.900735,1.32888,0.238622,1.05831,0.593867
134.815056689,1.80934,0.322433,0.0277159,1.31824,0.170199,0.951648,1.26028,0.394603,1.04767,0.127312,1.22557,0.314015
134.861496599,2.22304,0.13765,0.109013,1.80343,0.206513,0.525931,1.2466,0.103161,1.38869,0.149041,1.24203,0.0925051
134.907936508,2.63622,0.200789,0.316539,1.76248,0.215513,0.485438,1.2535,0.0888001,1.77003,0.0587316,1.07398,0.289709
134.954376417,2.53538,0.21233,0.401467,1.83574,0.0998204,0.620782,1.41569,0.125798,2.00233,0.0779128,0.830655,0.342658
135.000816327,2.42381,0.178133,0.303628,1.93338,0.025996,0.944024,1.19441,0.137772,2.07951,0.0786448,0.696115,0.341137
135.047256236,2.25894,0.20207,0.000406771,1.93203,0.0328785,1.04446,1.09693,0.193836,2.02073,0.0762701,0.693101,0.345943
135.093696145,2.06773,0.221287,0.00339954,2.05128,0.0542588,1.00075,1.03702,0.310095,1.92632,0.0516137,0.732913,0.195207
135.140136054,1.81668,0.143226,0.00603553,1.93562,0.0150846,1.02153,1.05753,0.351867,2.12373,0.0449459,1.02222,0.176975
135.186575964,1.98312,0,0.00542851,1.50927,0.0125376,1.19641,1.14133,0.314746,2.55386,0.146843,0.810757,0.0322839
135.233015873,2.10057,0.00302498,0.00640299,1.32065,0.00100952,0.860617,1.1253,0.599884,2.69227,0.226718,0.912948,0.210078
135.279455782,1.61686,0.322746,0.00871161,1.55826,0,0.606059,1.02773,0.814993,2.07841,0.553292,0.783408,0.183721
135.325895692,1.6567,0.415984,0.0070882,2.07336,0,0.549256,1.35318,0.491992,1.91862,0.790859,0.299024,0.0160108
135.372335601,1.66223,0.434561,0.0246135,2.10716,0,0.297485,1.39405,0.426117,1.56754,0.989632,0.217985,0.0949099
135.418775510,1.24305,0.513896,0.00569354,1.60205,0,0.0442051,1.10981,0.60215,1.44916,1.81228,0.28506,0.0998264
135.465215420,0.81121,0.604275,0.00591342,1.35148,0,0.145925,0.874601,0.520638,1.0262,2.08195,0.369,0.0349214
135.511655329,0.696673,0.764783,0.957498,1.33767,0,0.302049,0.158026,0.895799,0.690113,1.77301,0.368521,0.00285548
135.558095238,0.947369,0.729759,0.881957,1.24487,0.00115127,0.300757,0.0724461,2.3551,1.21059,1.11559,0.201933,0.0414052
135.604535147,1.25614,0.613439,0.952518,0.968397,0.0183408,0.197246,0.0342077,2.96661,1.69222,0.223232,0.0793143,0.29216
135.650975057,1.42806,0.114572,1.29977,0.824882,0.0325453,0.0951456,0,2.94401,1.45404,0.0799827,4.34951e-05,0.541408
135.697414966,1.44487,0.00917541,1.10281,0.520748,0.0516829,0.506608,0.633016,2.76003,0.832628,0.0715795,0,0.391701
135.743854875,1.5462,0.00685067,0.214545,0.309792,0.0489571,1.05654,0.905691,2.2548,1.04519,0.0557719,0.0832628,0.406244
135.790294785,1.62727,0.00611406,0.0386154,0.244479,0.511599,1.09557,0.911247,1.53138,1.56365,0.0685136,0.120498,0.563979
135.836734694,1.36748,0.00515379,0,0.214874,0.724994,0.939441,0.447803,1.06099,1.90565,0.107859,0.115447,0.82114
135.883174603,1.20674,0.0727883,0.324592,0.0981911,0.664801,0.936543,0.0350564,0.963337,1.86002,0.130971,0.162857,0.859651
135.929614512,1.23826,0.145327,0.584194,0.383642,0.276014,1.02534,0.061378,0.899472,1.52053,0.124968,0.244755,0.635645
135.976054422,1.16161,0.211726,0.995082,0.961696,0.0765032,0.972122,0.14115,1.1203,1.24028,0.124297,0.605689,0.244941
136.022494331,0.824085,0.20662,1.79928,1.41722,0.0142186,0.639666,0.35838,1.19681,1.37405,0.441417,0.555271,0.0841194
136.068934240,0.539492,0.19604,1.73812,1.47744,0.0220002,0.67864,0.519126,1.25857,1.29452,0.476589,0.543887,0.168566
136.115374150,0.114081,0.200183,1.44353,1.52576,0.0173106,0.745823,0.630117,1.45176,1.01743,0.39025,1.08965,0.428755
136.161814059,0.174168,0.0398606,1.05915,1.74513,0.00341627,0.633226,0.653926,1.2944,1.32239,0.125825,1.49784,0.576715
136.208253968,0.539408,0.0393399,0.360535,1.813,0.011258,0.550943,0.673388,0.804173,2.19082,0.103481,1.45269,0.45201
136.254693878,1.45832,0.0368725,0.162674,1.09189,0.649666,1.01598,0.525955,0.358277,2.44917,0.095135,0.824822,0.797612
136.301133787,1.80217,0.0454691,0.0992581,0.62653,0.705639,1.7506,0.460276,0.264819,2.23058,0.0852199,0.134215,1.07655
136.347573696,2.11329,0.0147499,0.165441,0.76775,0.363363,2.02118,0.579198,0.181456,1.96839,0.0829297,0.111662,0.989857
136.394013605,2.27535,0.0224782,0.0879167,0.957599,0.864244,1.64632,0.73006,0.281769,1.83632,0.103709,0.272741,0.624431
136.440453515,1.70546,0.0190142,0,1.32448,1.15797,0.705134,0.653288,0.390655,1.90995,0.124108,0.563331,0.63685
136.486893424,0.956256,0.00591468,0,1.88629,0.631894,0.201889,0.463016,0.150015,2.0883,0.18917,0.323595,0.785904
136.533333333,0.643611,0.00444832,0.285379,1.85858,0,0.0531482,0.871816,0.0150041,2.43063,0.22188,0.102839,0.524305
136.579773243,1.05197,0.0191552,0.891874,1.26144,0,0.593775,1.26959,0.0129966,2.4993,0.248538,0.154951,0.223058
136.626213152,1.90788,0.000417974,0.764979,1.01277,0,0.897087,1.35924,0.0891487,2.3285,0.178084,0.212715,0.117651
136.672653061,2.43556,0,0.26701,1.07896,0,1.14852,0.864958,0.179187,2.39208,0.12564,0.191096,0.170674
136.719092971,2.61489,0.0458169,0.0478246,0.665568,0,1.83146,0.218404,0.262215,2.52043,0.108398,0.0984448,0.205117
136.765532880,2.77065,0.168304,0.144966,0.119782,0,2.15356,0.24964,0.264508,2.69962,0.133887,0.0664131,0.216485
136.811972789,2.87302,0.310012,0.18857,0.000594143,0.0207066,2.34922,0.244996,0.19559,2.68927,0.108632,0.0286277,0.108407
136.858412698,2.60412,0.357212,0.194764,0.147224,0.0692743,2.76705,0.159763,0.0889905,2.5636,0.115791,0.0093361,0.0873802
136.904852608,2.30327,0.276164,0.084265,0.235152,0.00523906,2.88307,0.0398168,0.127198,2.53209,0.14592,0.0169153,0.174249
136.951292517,2.26157,0.29071,0.035715,0.410022,0,2.22875,0.0468907,0.160059,2.31035,0.121322,0.112886,0.269876
136.997732426,2.09733,0.329803,0.000881569,1.06547,0,1.8618,0.14713,0.215167,2.20833,0.150335,0.108784,0.346251
137.044172336,1.72865,0.345354,0.00307028,1.24112,0,1.72921,0.313523,0.308848,2.30599,0.209944,0.506844,0.16815
137.090612245,1.51898,0.351142,0.005056,1.23419,0,1.89251,0.400225,0.413109,2.36649,0.0948183,0.663406,0.172588
137.137052154,1.20869,0.200438,0.0330334,0.853076,0.0336962,2.72538,0.409458,0.419137,2.35898,0.11143,0.565321,0.463997
137.183492063,1.08526,0.136856,0.0247663,0.477935,0.32344,2.99935,0.107351,0.380784,1.78722,0.187816,0.213394,1.22279
137.229931973,1.25644,0.184422,0,0.360552,0.394665,3.00773,0.0329265,0.176101,1.50427,0.493442,0.0144536,1.16762
137.276371882,1.63127,0.146424,0,0.417754,0.178858,2.89972,0.0104086,0.0582573,1.31622,0.712328,0.0801242,1.02981
137.322811791,1.94895,0.109183,0,0.528711,0.205018,2.81361,0.00573092,0.0644563,0.82064,0.757927,0.0803649,0.820356
137.369251701,1.93527,0.0112757,0,1.14747,0.140473,2.58972,0.0695481,0.0812961,0.441384,0.603434,0.00381715,0.673419
137.415691610,1.50477,0.00380758,0,1.06545,0.346032,2.29196,0.0969496,0.0917849,0.738983,0.190279,0.266089,0.428445
137.462131519,1.20659,0.00225981,0.0587205,1.03823,0.380532,2.24287,0.0837558,0.227976,1.33821,0.0913531,0.434051,0.421774
137.508571429,1.40178,0,0.122273,0.865765,0.373166,2.54942,0.0613465,0.267957,2.06752,0.0438251,0.428829,0.528851
137.555011338,1.59631,0.0766213,0.139275,0.614236,0.183808,2.98136,0.183139,0.151014,2.19221,0.0270298,0.131517,0.646416
137.601451247,1.31933,0.110055,0.103966,0.589604,0.0616436,2.86432,0.208551,0.267582,1.61054,0.0490916,0.110465,0.973829
137.647891156,0.837994,0.325902,0.0189524,0.726514,0.0813745,2.74204,0.308573,0.369518,0.837866,0.0834635,0.051425,1.51121
137.694331066,0.704046,0.728537,0.00175784,0.698697,0.0870701,2.7942,0.592353,0.406255,0.601866,0.0890964,0.0575737,1.58049
137.740770975,0.901644,0.954373,0.0748609,0.681714,0.0596622,2.56214,0.991216,0.227006,0.948058,0.0276737,0.126986,1.30911
137.787210884,1.11439,1.0212,0.135081,0.691365,0.00989434,2.48319,0.819739,0.0937225,1.42524,0.00778731,0.0828467,0.764158
137.833650794,1.71985,1.00041,0.173999,0.896747,0.0760751,2.72036,0.194741,0.0712687,1.44047,0.0244629,0,0.474625
137.880090703,2.33794,0.5249,0.132211,1.05709,0.0190996,2.68287,0.200314,0.192019,1.53153,0.049938,0.00540371,0.296825
137.926530612,2.59489,0.667623,0.0336648,0.791456,0.0322863,2.6749,0.374237,0.234797,1.82335,0.0228296,0.107852,0.0660541
137.972970522,2.34294,0.765986,0.00528966,0.580024,0.0266704,3.022,0.425225,0.0698239,1.97006,0.119498,0.118986,0.0448555
138.019410431,2.05685,0.74991,0.000105307,0.694113,0.0215592,2.95553,0.411364,0.0972072,2.07154,0.169501,0.036064,0.226756
138.065850340,1.97964,0.25526,0,0.717045,0.0204204,2.3202,0.370265,0.414631,1.95095,0.205993,0.113152,0.242685
138.112290249,1.88547,0.501826,0.00233612,0.425525,0.0951435,1.42917,0.23458,0.619459,1.48985,0.210164,0.293348,0.0913268
138.158730159,1.68021,0.688743,0.0039084,0.222103,0.147869,1.32554,0.108361,0.602143,1.2977,0.262413,0.431973,0.21863
138.205170068,1.31105,1.15191,0.00276461,0.122988,0.166738,1.40309,0.0663288,0.510965,1.7136,0.230043,0.474625,0.267883
138.251609977,0.964259,1.48873,0.00126731,0.123348,0.128891,1.68311,0.0848698,0.431057,1.75173,0.112174,0.624325,0.0789078
138.298049887,0.49548,1.29748,0.0254494,0.203255,0.0719381,1.83682,0.0587685,0.46094,1.63273,0.117893,0.919428,0.324713
138.344489796,0.60054,0.456271,0.386666,0.101112,0.0431299,2.31294,0.032159,0.286119,1.91764,0.107644,0.433062,0.522542
138.390929705,0.844687,0.359922,0.315583,0,0.0432656,2.57461,0.149235,0.489131,1.67777,0.0813429,0.190809,0.39788
138.437369615,0.931211,0.488715,0.45458,0,0.0164093,2.2366,0.144477,0.858915,1.58487,0.0711535,0.515141,0.0868042
138.483809524,0.862357,0.602626,0.997827,0.0608579,0.0119159,1.79559,0.0434508,0.847808,1.41747,0.0549646,1.12262,0.166149
138.530249433,1.35247,0.103193,1.12845,0.240842,0.222436,1.26713,0.259214,1.09109,1.34953,0.183543,0.976297,0.207662
138.576689342,1.64554,0,1.07323,0.465713,0.45137,1.22641,0.355742,1.2968,1.20195,0.146374,0.86452,0.341134
138.623129252,1.98213,0,1.13919,1.08446,0.608766,1.1455,0.0756595,1.70952,0.557782,0.00940503,0.996406,0.0812477
138.669569161,2.26013,0.00554041,1.24581,1.67358,0.473496,1.15846,0.122912,1.85697,0.0563002,0.0716057,0.997606,0.000581183
138.716009070,2.29738,0,1.32809,1.76494,0.428343,1.62743,0.164256,1.60187,0.140196,0.163292,0.772865,0.00060627
138.762448980,2.29215,0.0151858,1.23633,1.50941,0.584094,1.85601,0.00144206,1.92358,0.311428,0.154885,0.852627,0.000601485
138.808888889,2.20289,0,1.16728,1.35843,0.5683,1.92206,0.00671775,2.05619,0.394564,0.0863849,0.844693,0.221093
138.855328798,2.16969,0,0.814066,1.55838,0.561267,1.72302,0.00976373,2.17746,0.235384,0.107583,0.757966,0.392161
138.901768707,2.23526,0.00146174,0.637677,1.73617,0.464421,1.73138,0.0444412,2.09469,0.124507,0.126127,0.772675,0.416063
138.948208617,2.22809,0.00114429,0.570717,1.27464,0.382012,1.68024,0.00838403,1.91778,0.75252,0.0634788,0.923624,0.390411
138.994648526,2.07577,0.26796,0.696146,0.572257,1.00673,1.54913,0.0014934,1.468,0.82847,0.399311,1.09092,0.178096
139.041088435,1.85962,0.164236,1.04249,0.420976,1.10694,1.51875,0,0.691865,0.585841,1.03821,1.31787,0.0968028
139.087528345,1.65195,0.157516,0.977329,0.367306,0.814607,1.63292,0.00733083,0.363008,0.100498,1.0709,1.83277,0.0454121
139.133968254,1.5124,0.0952719,0.918031,0.418943,0.434666,1.85777,0.0170532,0.298632,0.0690489,0.860126,2.07345,0.0128092
139.180408163,1.63871,0.00104391,0.87048,0.321085,0.256498,1.88511,0.0366251,0.422542,0.0410072,0.226278,1.8967,0.428082
139.226848073,1.46709,0.162948,0.618848,0.16658,0.315271,1.8838,0.0592006,1.1853,0.34936,0.166884,1.26692,0.838886
139.273287982,1.10733,0.94824,0.540304,0.103634,0.611656,1.58429,0.0787466,1.72408,0.436349,0.114531,0.804651,0.640821
139.319727891,1.31467,1.11308,0.460068,0.0379179,0.606689,1.30804,0.104805,1.96764,0.557585,0.101522,0.636523,0.0401251
139.366167800,1.97416,1.11228,0.450168,0.0418512,0.50957,1.09036,0.233502,2.02694,0.487507,0.0792441,0.849436,0.0417248
139.412607710,1.84309,1.02892,0.378221,0.443602,0.242649,1.04962,0.103979,1.58197,0.287229,0.326691,0.551198,0.000889698
139.459047619,1.76479,1.12772,0.466713,1.02403,0.0446834,1.03785,0.0984462,0.723203,0.246809,0.73319,0.439004,0.000987843
139.505487528,1.41056,1.16364,0.246691,1.0907,0.0738039,1.11655,0.279021,0.911773,0.220474,0.668813,0.456725,0.00100367
139.551927438,1.19397,1.29821,0.167584,1.17852,0.0834688,0.740471,0.266022,1.19927,0.17781,0.585321,0.32516,0.000954289
139.598367347,0.804688,0.847133,0.306842,1.24654,0.281947,0.435694,0.123074,1.53482,0.271309,0.273432,0.239222,0.000841098
139.644807256,0.400356,0.505801,0.657703,1.34992,0.264262,0.339548,0.0745313,1.54192,0.393629,0.152408,0.0981076,0.0727335
139.691247166,0.379531,0.546933,0.695584,1.32636,0.391139,0.687392,0.115651,1.08123,0.43291,0.162818,0.0290114,0.0961677
139.737687075,0.704934,0.447064,0.071442,0.989025,0.640078,1.14189,0.0736168,0.509858,0.469469,0.177289,0.0769271,0.000646656
139.784126984,1.39372,0.750388,0,0.811652,0.803324,1.17247,0.0289544,0.260423,0.827393,0.413806,0.15823,0.000456422
139.830566893,1.79152,0.797392,0.346774,0.935787,0.362972,1.41011,0.0113886,0.582468,0.735517,0.713528,0.294546,0.000102607
139.877006803,2.22962,0.630341,0.529796,0.877658,0.00159847,1.63279,0.0808125,0.812258,0.562478,0.757598,0.243515,5.40569e-05
139.923446712,2.69759,0.0191327,0.258076,0.8994,0.0314829,1.55592,0.132202,0.670932,0.242694,1.31715,0.1259,0.0313845
139.969886621,2.73265,0.00185267,0.11582,0.911571,1.05082,1.18874,0.113642,0.256246,0.165186,1.44817,0.151383,0
140.016326531,2.66467,0.0476768,0.139443,0.681669,1.13091,1.18433,0.0950109,0.084988,0.214782,1.49976,0.182895,0
140.062766440,2.46595,0.0211874,0.257826,0.64871,0.916371,1.02112,0.151697,0.00865762,0.269712,1.45395,0.272523,0.000204143
140.109206349,2.44363,0.0285216,0.545001,0.859363,0.349528,0.551556,0.10135,0.756913,0.23614,1.14301,0.2898,0.000826773
140.155646259,2.25691,0.167296,0.868977,0.86983,0.195766,0.227953,0.175247,1.70616,0.128338,0.526315,0.367756,0.00795158
140.202086168,2.28998,0.642509,0.865724,0.770311,0.584095,0.116259,0.205203,1.72651,0.0284959,0.192903,0.2939,0.454249
140.248526077,2.40071,0.381195,0.770449,0.838492,1.088,0.400378,0.329696,1.68564,0,0.121273,0.138221,0.612029
140.294965986,2.88908,0,0.426138,0.740353,1.61009,0.737243,0.741742,1.65309,0.642557,0.0668982,0.0260301,0.24312
140.341405896,2.34036,1.05471,0.00877181,0.50974,1.14715,1.08471,0.00240259,1.59628,0.805424,0.336886,0.144344,0.328082
140.387845805,1.62548,1.17213,0.00878591,0.623022,0.636681,0.0870677,0.102413,1.6743,0.52201,0.274419,0.846825,0.785301
140.434285714,1.11205,1.34312,0,1.55481,0.579869,0.0841878,0.166643,1.57506,0.137887,0.242042,0.702781,0.766007
140.480725624,0.904831,1.07546,0.000907846,2.24548,0.518046,0.0172146,0.18612,1.1095,0,0.426718,0.572193,0.575331
140.527165533,1.2686,0.830181,0.00252576,2.3726,0.428448,0.0081176,0.172874,0.773819,0,0.343196,0.561337,0.308025
140.573605442,1.28559,0.898151,0.00376266,2.24957,0.476202,0.00577775,0.111667,0.818635,0.018187,0.333649,0.798719,0.000519853
140.620045351,1.51492,0.893502,0.00466503,2.07752,0.562424,0.00730095,0.108703,0.858271,0,0.309403,1.0474,0.124646
140.666485261,2.17532,0.50694,0.00635687,1.87632,0.454636,0.0046558,0.144888,0.956052,0.460761,0.222902,1.14885,0.00104409
140.712925170,2.08889,0.619886,0.189157,1.15121,0.555583,0.0853066,0.127524,0.96089,0.646377,0.0667795,1.08166,0.000964948
140.759365079,1.72992,0.536679,0.214355,0.811701,0.909018,0.0993,0.0664727,1.02723,0.730614,0.105786,1.18688,0.00314705
140.805804989,1.58846,0.406964,0.128023,1.04278,1.09562,0.105076,0.0349729,0.875062,0.766882,0.211582,1.03327,0.1332
140.852244898,1.9085,1.35602,0.111443,1.26008,0.786853,0.242018,0.204642,1.03707,0.0961022,0.777594,0.37491,0.270967
140.898684807,1.23332,1.59627,0.10062,0.69932,0.894543,0.180778,0.440789,0.975697,0,1.6657,0.345786,0.118461
140.945124717,0.451235,1.78054,0.0536896,0.373204,0.817298,0.311887,0.522868,1.13368,0,1.65426,0.622953,0
140.991564626,0.317164,1.76852,0.00547395,0.315256,0.708288,0.369942,0.457978,1.36668,0,1.64241,0.926542,0.0450264
141.038004535,0.530952,1.57442,0.015943,0.2575,0.806974,0.338115,0.732642,1.51077,0,1.00393,1.35663,0.19141
141.084444444,1.67429,0.94425,0.0358875,0.091276,1.03419,0.298925,0.807616,1.27757,0.00176901,0.164784,1.55817,0.390368
141.130884354,1.99225,0.488477,6.58773e-05,0.0362194,1.08625,0.326859,0.769095,1.11432,0,0.0947974,1.36599,0.679149
141.177324263,2.54315,0.205713,0.271585,1.36407,0.00786349,0.251591,0.676015,1.28696,0,0.0470582,1.20618,0.146729
141.223764172,1.8867,0.16346,0.584733,1.76808,0.000962372,0.0988106,0.600899,1.49117,0.161331,0.122585,1.16675,0.00102517
141.270204082,1.49328,0.573699,0.606155,1.68872,0.00115305,0.439588,0.604757,1.32684,0.0989352,0.136069,1.0153,0.0242542
141.316643991,1.3642,0.877442,0.546184,1.39639,0.00836928,0.70766,1.05307,0.523,0,0.081494,1.08568,0.0684679
141.363083900,1.38537,0.951721,0.423259,1.36823,0.00572107,0.681313,1.4555,0.0223253,0,0.0577732,0.931825,0.129673
141.409523810,1.25654,0.807642,0.237295,1.83335,0,0.637475,1.33219,0.0720278,0,0.157547,0.47374,0.318366
141.455963719,1.12323,0.516639,0.178719,2.15905,0,0.676552,0.816824,0.252177,0.0231244,0.256392,0.613942,0.615422
141.502403628,1.32647,0.228404,0.0714418,2.82558,0.00102961,0.463258,0.289348,0.865627,0.0151549,0.190737,0.907729,0.800944
141.548843537,1.33458,0.0716955,0.0241858,3.43415,0.00101673,0.387878,0.110506,1.43078,0.00879798,0.0951984,0.939738,0.533845
141.595283447,1.8911,0.592532,0.215845,3.28752,0.40226,0.235627,0.179233,1.3358,0.00308348,0.113297,0.885135,0.18202
141.641723356,2.37536,0.880619,0.436222,2.56271,0.878965,0.24012,0.11246,0.910244,0,0.108413,0.890264,0.218743
141.688163265,2.21457,1.09245,0.491429,1.88831,0.73848,0.378102,0.106373,1.04361,0,0.108505,0.902134,0.210744
141.734603175,2.13747,0.692019,0.797026,2.08248,0.419277,0.523046,0.471582,0.830837,0,0.302164,0.725793,0.273505
141.781043084,1.88917,0.17729,0.778444,2.65025,0,0.621775,0.339682,0.607221,0,0.649566,0.433276,0.373318
141.827482993,1.66814,0.0217879,0.41908,3.02109,0.00975803,0.561164,0.255734,0.788292,0,0.258392,0.543895,0.02732
141.873922902,1.40765,0.0914986,0.316083,3.14985,0.0213338,0.548533,0.136168,1.13812,0,0.0976649,0.541103,0.00080715
141.920362812,1.04203,0.184514,0.474821,2.95156,0.048007,0.504074,0.094739,1.62108,0,0.0970096,0.258971,0.000623617
141.966802721,1.14124,0.0738158,1.03921,2.13926,0.0558267,0.436405,0.100939,1.73834,0.138299,0.101431,0.0860885,0.0427969
142.013242630,1.49298,0.00153944,1.55863,1.29338,0.0350561,0.185111,0.431961,1.23304,0.376217,0.106705,0.0739055,0.0320649
142.059682540,1.6047,0,1.76418,1.00054,0.0400539,0.225928,0.746601,0.450201,0.465396,0.191983,0.211604,0.250205
142.106122449,2.19608,0.0580111,1.52777,1.11724,0.0305803,0.335854,0.864835,0.227363,0.863321,0.0819329,0.274148,0.325898
142.152562358,2.8201,0.15083,0.591103,1.72876,0.132297,0.0844928,0.99693,0,1.98947,0.062053,0.172157,0.368494
142.199002268,3.06969,0.132338,0.0329642,1.84407,0.250957,0.045343,0.47496,0.0112246,2.40398,0.277148,0.172813,0.331144
142.245442177,3.38517,0.215612,0.0285728,1.52303,0.122867,0.0442202,0.464742,0.00501235,2.58785,0.294221,0.14115,0.101065
142.291882086,3.47139,0.227011,0.0998797,1.49782,0.00179104,0.0488126,0.437158,0.00138031,2.71486,0.181338,0.00591156,0.000279111
142.338321995,3.33945,0.160015,0.204958,1.59171,0,0.0364984,0.487771,0.0271633,2.8848,0.143326,0.0386001,0.000689358
142.384761905,3.34051,0.000948985,0.0285898,1.40599,0,0.00747764,0.567782,0.0445756,3.52853,0.112163,0.0617026,0.000606899
142.431201814,3.27554,0.00145137,0.0647905,1.38354,0,0,0.596059,0.0452119,3.88841,0.11008,0.0177025,0.000570849
142.477641723,3.17601,0.00155486,0.0858875,1.38637,0,0,0.587271,0.0553651,3.90193,0.0978319,0.0115085,0.000522369
142.524081633,3.07463,0,0.0443875,1.64542,0,0,0.573518,0.0542564,3.77047,0.0580195,0.0946378,0.0642452
142.570521542,2.77212,0.0264764,0.053142,1.6872,0.0591495,0,0.719928,0.0427128,3.538,0.0805529,0.112717,0.106052
142.616961451,2.26385,0,0.27091,1.29722,0.997211,0.211871,0.857076,0.00161879,2.95175,0.109533,0.163064,0.241084
142.663401361,1.51218,0.206738,0.618818,0.799995,1.02754,0.350521,0.629939,0.0442319,2.48024,0.313036,0.022912,0.177677
142.709841270,1.03579,0.636661,0.493018,0.699255,0.888683,0.495522,0.429321,0,1.77821,0.990223,0.12313,0.324173
142.756281179,0.988124,0.598981,0.115089,0.768782,0.660462,0.22746,0.355189,0.142709,0.230284,1.28045,0.588349,0.419565
142.802721088,0.840502,0.608517,0.115228,0.788058,0.291879,0.014435,0.37956,0.274415,0.158844,1.23358,0.788354,0.460947
142.849160998,0.856367,0.562632,0.587071,0.676447,0,0.130238,0.160896,1.64169,0.213152,1.06865,0.705926,0.399676
142.895600907,1.19191,0.249484,0.741782,0.819495,0,0.187646,0.0900557,3.02139,0.573982,0.52119,0.242507,0.311987
142.942040816,1.6552,0.0302184,1.0851,0.748621,0,0.108843,0.0746838,3.57749,0.61028,0.0839152,0.00359471,0.199069
142.988480726,1.6779,0.004798,1.14182,0.873316,0,0.23895,0.0345489,3.74403,0.351951,0.0968847,0.00279572,0.608978
143.034920635,1.35084,0.00629532,0.9873,0.795722,0,0.401692,0,3.71773,0.263419,0.0423169,0.0760703,0.808466
143.081360544,1.27828,0.00913204,0.897028,0.58949,0.0950846,1.00313,0.00951907,3.24032,0.350705,0.0713063,0.0517887,1.24262
143.127800454,1.51851,0.0101876,0.60521,0.0104347,0.795621,1.47532,0.0647691,2.02481,0.810671,0.103349,0.0719414,1.01217
143.174240363,1.95854,0.0689079,0.479831,0,1.00672,1.87606,0.0953894,0.579771,1.41077,0.115236,0.0914273,0.696194
143.220680272,2.22773,0.0775666,0.600363,0.0140793,0.738605,2.22948,0.0954256,0.262597,1.42377,0.125515,0.104916,0.511585
143.267120181,2.38721,0.00418032,0.647406,0.0865979,0.39943,2.31959,0.0930736,0.302364,1.47554,0.122089,0.119902,0.162445
143.313560091,2.29875,0.0038422,0.760594,0.209627,0.274706,2.00544,0.0861687,0.29087,1.62526,0.100852,0.139379,0.0821404
143.360000000,1.71899,0.00346096,1.13942,0.358208,0.160988,1.31755,0.107051,0.0988534,1.9751,0.0875751,0.230165,0.255533
143.406439909,1.25359,0.0524556,1.23301,1.37088,0.00121222,0.71038,0.37005,0.0814333,2.47362,0.528616,0.306574,0.190205
143.452879819,1.29687,0.10791,0.907841,1.94427,0,0.68822,0.516474,0.273392,2.76547,0.237226,0.400623,0.000517834
143.499319728,1.20491,0.130124,0.56121,2.18435,0,0.561243,0.551915,0.360933,2.91329,0.116341,0.502235,0.00023701
143.545759637,1.19083,0.118507,0.15243,2.33776,0,0.474729,0.511363,0.30048,2.80733,0.164797,0.3722,0.0435669
143.592199546,1.45939,0.0926314,0.0898108,2.33719,0.111574,0.815051,0.500528,0.109925,2.43122,0.250811,0.0877722,0.204119
143.638639456,1.57572,0.070504,0.229035,1.71297,0.264782,2.16069,0.324545,0.0426583,1.84981,0.452664,0.00367967,0.808431
143.685079365,1.87898,0.014586,0.365952,1.01806,0.156985,2.47212,0.16006,0.234364,1.70367,0.4433,0.125743,0.805348
143.731519274,1.87402,0.0166259,0.770733,0.100453,0.70537,2.25381,0.0642149,0.156013,1.58446,0.19822,0.192087,0.437007
143.777959184,1.63011,0.00900766,0.697426,0.254457,1.3041,1.37175,0.310178,0.100822,1.12951,0.182893,0.274314,0.309239
143.824399093,1.26659,0.140906,0.251877,0.873457,1.45837,0.408646,0.645194,0.48404,0.831651,0.410799,0.256142,0.389066
143.870839002,1.01356,0.176515,0.192739,1.34361,1.22222,0.0870681,0.944475,0.394173,1.07176,0.370765,0.121678,0.36786
143.917278912,0.673316,0.220597,0.427808,1.83283,0.664725,0.104348,1.00819,0.481771,1.21146,0.242436,0.0929013,0.101676
143.963718821,0.816646,0.261656,0.216269,2.1266,0.139066,0.227101,0.695907,0.933982,1.42999,0.346947,0.18557,0.000619868
144.010158730,2.02695,0.37126,0,2.01968,0.078034,0.873812,0.0926941,0.834141,1.5554,0.679659,0.357482,0.0138956
144.056598639,2.40784,0.315366,0.231315,1.00508,0.104057,1.56133,0.105141,0.298529,2.0858,0.473663,0.56356,0.0463255
144.103038549,2.40992,0.0905782,0.250127,0.278338,0.0270493,2.34915,0.382807,0.325463,2.45943,0.16382,0.400735,0.0865503
144.149478458,2.61473,0.0998744,0.0531358,0.0086229,0.29048,2.26403,0.532958,0.297492,2.45358,0.115529,0.13523,0.00920646
144.195918367,2.56515,0.133204,0.13829,0,0.474345,2.00191,0.472287,0.111041,2.25206,0.385088,0.424512,0.119597
144.242358277,2.17248,0.185185,0.263782,0.0626997,0.737136,1.89879,0.366165,0.013006,2.05786,0.176957,0.406446,0.228076
144.288798186,2.08719,0.203068,0.223465,0.127895,0.820499,2.04293,0.457036,0.200804,2.00031,0.117908,0.24744,0.00039122
144.335238095,1.86652,0.179499,0.209788,0.996132,0.760771,2.0443,0.440349,0.226086,1.86134,0.161335,0.25917,0.000489056
144.381678005,1.43952,0.125717,0.08139,1.38904,0.160817,1.9225,0.373381,0.197985,2.15145,0.179079,0.235207,0.00050087
144.428117914,1.35856,0.0449687,0.0174649,1.84123,0.0671655,1.83413,0.316041,0.119125,2.09259,0.137168,0.184107,0.000525184
144.474557823,1.68351,0.0105817,0,1.6717,0.321035,1.57448,0.34129,0.0430981,1.7443,0.137477,0.151057,0.181594
144.520997732,1.26974,0.0272786,0.180185,0.602491,1.65474,1.21084,0.307235,0,1.31228,0.159052,0.191045,0.635885
144.567437642,1.08857,0.0641339,0.384163,0.000263977,1.93357,0.962936,0.184131,0.0564861,1.37466,0.0937282,0.249014,0.704244
144.613877551,1.53632,0.0737824,0.366207,0.00944294,1.72693,0.972025,0.119451,0.0602638,1.48885,0.0862085,0.296568,0.517966
144.660317460,1.7705,0.113197,0.156898,0.0472651,1.46657,1.02216,0.0379955,0.0697769,1.83697,0.0779883,0.369258,0.441628
144.706757370,1.74628,0.130919,0.0201225,0.615304,0.984242,1.30026,0.203471,0.0131191,1.7799,0.0774315,0.354095,0.506226
144.753197279,1.17627,0.0132002,0.202688,1.30334,0.636447,2.09901,0.374635,0.00437121,1.23802,0.233892,0.380875,0.421773
144.799637188,1.06759,0.00260022,0.49292,1.38607,0.308702,2.38364,0.426053,0,0.491719,0.363728,0.661273,0.296144
144.846077098,1.07134,0.00249995,0.504426,1.01271,0.0499594,2.68023,0.524434,8.55515e-05,0.56353,0.101312,0.752877,0.211347
144.892517007,1.61906,0.00319285,0.404611,0.494025,0.0142439,2.84877,0.453601,0.00344999,1.19824,0.0750583,0.6352,0.144057
144.938956916,1.74227,0.0295027,0.00146346,0.237127,0.499535,2.76806,0.404236,0,1.42655,0.238132,0.326168,0.0199418
144.985396825,1.45288,0.0336584,0.0014509,0.303648,0.425481,2.84318,0.20688,0,1.13396,0.599253,0.147291,0.000516456
145.031836735,1.3674,0.00254953,0.002616,0.411614,0.232845,3.13268,0.0990141,0.000395586,0.816624,0.960429,0.0248469,0.00941299
145.078276644,1.29994,0.00833051,0.0790019,0.656896,0.219008,3.31343,0.0984734,0,0.61908,1.1653,0.0053624,0.211255
145.124716553,1.3886,0.0194737,0.274374,0.94282,0.395072,2.91924,0.0980821,0,0.853948,1.06308,0.0370801,0.275477
145.171156463,1.5914,0.384723,0.513046,1.11328,0.323064,2.12129,0.10225,0.0802788,1.14258,0.782848,0.0687762,0.319384
145.217596372,1.37474,0.66608,0.672206,1.16858,0.0911771,1.71211,0.0713637,0.704192,1.28392,0.432019,0.1,0.36277
145.264036281,1.43838,0.53972,0.687513,0.675696,0.107949,1.96121,0.0331113,1.12815,1.56648,0.183016,0.100102,0.376541
145.310476190,1.68303,0.412592,0.612149,0.661602,0.0879485,2.70037,0.0490274,0.979377,1.75058,0.106715,0.0361643,0.312528
145.356916100,2.04409,0.245066,0.210027,0.700693,0.476187,2.52815,0.0953266,0.770676,1.74292,0.115636,0.354912,0.0347893
145.403356009,1.87476,0.0964927,0.000994742,1.04581,0.0814143,2.58987,0.190142,0,1.9009,0.167063,0.473112,0.0241069
145.449795918,1.23158,0,0.497109,1.62567,0.0114919,1.91616,0.168821,0,1.56107,0.235374,0.319233,0.277784
145.496235828,0.790855,0.091877,0.539937,1.35529,0.467287,1.38832,0.0981624,0.319822,1.0911,0.349578,0.32679,1.08951
145.542675737,0.551455,0.091483,0.275451,0.68771,1.03535,1.33131,0.0528032,0.694528,0.782862,0.224659,0.79029,1.23556
145.589115646,0.90768,0.0346772,0.000416075,0.111124,1.13138,1.40574,0.0480447,0.874178,0.799646,0.148508,0.937255,1.24772
145.635555556,1.28428,0.00288581,0,0,1.04105,1.36876,0.0462907,0.868458,0.929129,0.0714952,0.995803,0.824164
145.681995465,1.3611,0.00141029,0.00165789,0,0.561517,1.29176,0.156224,0.435865,1.61543,0.0534415,1.0226,0.353265
145.728435374,1.6741,0.137818,0.0010007,0.331091,0.0784903,1.60361,0.340301,0.183223,2.62722,0.0617582,0.453459,0.000719579
145.774875283,1.77856,0.482522,0.0035223,0.0888273,0.153657,2.23048,0.259582,0.0262867,2.78091,0.0367694,0.607655,0.0189366
145.821315193,1.71809,0.00174388,0.54052,0.163975,0.201227,2.21204,0.1132,0.329853,2.30441,0.0319454,1.01822,0.100877
145.867755102,1.56986,0.00234178,0.975827,0.7518,0.271293,1.55031,0.0581302,0.891145,1.37012,0.0423957,0.834357,0.435754
145.914195011,1.912,0.00189542,1.11317,0.930886,0.315416,1.15329,0.253045,1.03314,1.20885,0.009008,0.34767,0.57774
145.960634921,2.35057,0.00107126,1.07434,1.25829,0.170388,1.13214,0.672318,1.47298,1.01479,0.0310064,0.121791,0.439139
146.007074830,2.59531,0.00956665,1.04115,1.70378,0.161475,1.22029,0.80829,1.93895,0.546297,0.0918825,0.170771,0.382334
146.053514739,2.73673,0,0.9605,1.92302,0.0225171,1.45275,0.720199,2.21611,0.12571,0.131087,0.273818,0.22241
146.099954649,2.61287,0.0152539,0.979423,1.72054,0.0168599,1.62777,0.312406,2.36432,0.154484,0.189447,0.410822,0.0712844
146.146394558,2.39676,0.0546377,1.0688,1.79593,0.0197901,1.88901,0,2.28482,0.172693,0.16207,0.467565,0.0906979
146.192834467,2.28907,0.0587404,0.991816,2.02613,0.00874729,1.90231,0,2.28045,0.31167,0.146646,0.302971,0.180106
146.239274376,2.31415,0.0559674,0.717846,2.05023,0.199904,2.01013,0,2.27458,0.230238,0.202061,0.149592,0.201623
146.285714286,2.35467,0.0196619,0.344227,1.88695,0.676322,1.86109,0.023044,1.99305,0.342448,0.217334,0.0282522,0.0519066
146.332154195,2.302,0.0020453,0.0387996,1.84794,0.816749,1.78768,0.0594731,1.16554,1.38448,0.137223,0.0544446,2.49326e-05
146.378594104,1.88497,0.00565844,0.211564,1.8714,0.571182,1.51118,0.0825436,0.891006,1.41123,0.308906,0.628208,0.000154194
146.425034014,0.716825,0.0734794,0.603762,0.973524,0.486508,1.2562,0.103,0.853706,1.13781,0.213976,1.56772,0.00441916
146.471473923,0.527688,0.0353674,0.826281,0.939764,0.457953,1.03268,0.129838,0.798948,1.00493,0.276433,1.51626,0.000481732
146.517913832,0.584411,0.133565,1.12189,0.960613,0.547809,0.754315,0.172013,0.580207,1.02667,0.265923,1.27793,0.110625
146.564353741,0.610637,0.132317,1.12664,0.574023,0.63487,0.516001,0.46953,0.971,1.18831,0.0856067,1.22535,0.355779
146.610793651,1.36762,0.176922,1.00292,0.14419,0.464875,0.476182,0.439647,1.23469,1.23187,0.0684809,0.974121,0.160881
146.657233560,2.32528,0.175602,0.379785,0.0196571,0.191537,0.84538,0.177547,1.5547,0.735766,0.0640629,0.57204,0.301778
146.703673469,2.57324,0.0706048,0.114337,0.00802554,0.259778,0.832271,0.119835,2.06617,0.253751,0.0709194,0.604284,0.362779
146.750113379,2.54283,0.0214829,0.0735329,0.00605967,0.511658,0.78711,0.0982485,2.45793,0.305617,0.0864195,0.464719,0.226583
146.796553288,1.83355,0.068227,0.335749,0.143218,0.361538,1.40808,0.133509,2.38607,0.284574,0.0945564,0.255832,0.164119
146.842993197,1.20004,0.415689,0.734857,0.959414,0.399665,1.54252,0.178246,1.56914,0,0.0894415,0.189159,0.0628858
146.889433107,1.00946,0.11034,0.765317,1.85846,0.167936,0.910654,0.416018,1.12633,0,0.0600961,0.116729,0.598334
146.935873016,0.744504,0,1.16514,1.6979,0.0232906,0.574535,0.592343,0.883549,0,0.0588176,0.054027,0.639818
146.982312925,0.52099,0.000135137,1.96809,1.27179,0.0167738,0.562496,0.743734,0.673047,0.0143332,0.11449,0.00102467,0.268093
147.028752834,0.352081,0.0822402,2.47489,0.979885,0.00278393,0.531685,0.697135,0.625189,0.150419,0.259769,0.00130465,0.300208
147.075192744,0.342212,0.124922,2.10949,1.00785,0,0.545422,0.597908,0.728449,0.0737371,0.259921,0.00977147,0.434282
147.121632653,0.677104,0.193403,0.895788,1.09628,0.580301,0.41492,0.34877,0.722558,0.0364197,0.0843443,0.0131966,0.991999
147.168072562,1.05989,0.187561,0.32716,1.04316,1.84811,0.26273,0.0265888,0.620786,0.490938,0.0723396,0.0373917,0.94696
147.214512472,0.890852,0.178663,0.328233,0.939113,1.94421,0.328866,0.0380027,0.617743,0.623215,0.220137,0.0805548,0.961965
147.260952381,0.818583,0.0188745,1.10968,0.684586,1.25883,0.22718,0.237731,0.522072,0.695506,0.194039,0.0217448,0.84092
147.307392290,1.46808,0.00167797,1.68268,0.541378,0.496098,0.0765818,0.495181,0.391847,0.564377,0.0869233,0.693264,0.517313
147.353832200,1.52904,0.00116245,1.82513,0.644116,0.378305,0.0269661,0.685894,0.42435,0.365356,0.0840549,1.20122,0.827713
147.400272109,1.37402,0.00175441,1.36636,0.778078,0.342686,0.290465,0.532164,0.259806,0.617451,0.0815882,1.37943,1.03385
147.446712018,1.65486,0.00207392,0.739736,0.692318,0.640603,0.464609,0.442072,0.315092,0.600287,0.0997674,1.61174,0.6952
147.493151927,2.25074,0.0550046,0.00253161,0.491324,1.44207,0.436998,0.126374,0.76246,0.021393,0.117665,1.62912,0.139581
147.539591837,2.67348,0.125651,0.00496343,0.280193,1.36749,0.344112,0.142071,1.14929,0.0572875,0.109306,0.910382,0.00107141
147.586031746,2.67389,0.116338,0.0233981,0.325874,1.37518,0.46735,0.148013,1.26142,0,0.103433,0.824949,0.0011283
147.632471655,2.75745,0.117019,0.0383887,0.359202,1.37742,0.46051,0.161248,1.29876,0.0681011,0.0954038,0.937381,0.00105993
147.678911565,2.95253,0.0382919,0.0671079,0.236551,1.52441,0.432246,0.153465,1.36099,0.120316,0.0844302,1.00678,0.000861387
147.725351474,2.96305,0,0.219621,0.896561,1.47476,0.232357,0.0722798,0.948448,0.183425,0.104151,0.708294,0.304053
147.771791383,1.8457,0.504303,0.347955,1.2625,0.704431,0.274668,0,1.12375,0.13401,0.114898,0.447361,0.593506
147.818231293,0.90718,0.774914,0.000143024,1.86486,0.268683,0.403363,0.0246422,1.52229,0,0.101375,0.468807,0.465031
147.864671202,0.958582,0.75675,0.000116282,2.6688,0.211732,0.090516,0.15962,1.63566,0,0.0750628,0.439792,0.222726
147.911111111,1.0346,0.725776,0,3.15365,0.483874,0.0931597,0.131255,1.75582,0,0.0604316,0.464449,0.156287
147.957551020,1.15225,0.388536,0,3.51112,0.756092,0.312155,0.0728033,1.61213,0.0244208,0.0630222,0.591227,0.204294
148.003990930,2.24559,0.147946,0,2.99362,0.991222,0.461677,0.0322601,1.46163,0.0287124,0.0742306,0.656065,0.244753
148.050430839,3.20799,0.0283867,0.0349398,1.54105,1.65152,0.304676,0.102617,1.42291,0.0780267,0.108692,0.307144,0.224961
148.096870748,3.52877,0.00136543,0.138971,1.2331,1.58162,0.0708579,0.128942,1.60032,0.171604,0.102273,0.183351,0.277968
148.143310658,3.79398,0.00179511,0.0515576,1.60134,1.38626,0.0318434,0.153337,1.86514,0.00818907,0.10585,0.281009,0.154339
148.189750567,3.35038,0.0824396,0.00514446,1.72419,0.642479,0.109572,0.428657,1.86928,0.116595,0.154911,0.9575,0.000640004
148.236190476,1.68501,0.0872107,0.205607,1.39015,0.1006,0.650269,0.57637,1.51211,0.730706,0.141257,1.37479,0.0931785
148.282630385,1.05674,0.111631,0.379973,1.36173,0.305698,0.630383,0.76176,0.965798,0.760532,0.129053,1.21366,0.493268
148.329070295,1.16161,0.0254822,0.449268,1.2946,0.516268,0.448441,0.927673,0.682484,0.691759,0.0896515,0.934309,0.684723
148.375510204,2.3745,0.00166389,0.04183,1.0417,0.881523,0.313756,0.694285,0.938706,0.506574,0.070524,0.321213,1.09474
148.421950113,3.09828,0.130974,0.000820111,0.54788,1.11206,0.194309,0.146516,1.41651,0.0228407,0.103877,0.354519,1.16132
148.468390023,2.9358,0.242842,0.0311648,0.35363,0.992797,0.49222,0.114726,1.77407,0.00209888,0.107612,0.375936,0.535787
148.514829932,2.83025,0.510301,0,0.419475,1.03223,0.512252,0.160895,2.07412,0.165459,0.100433,0.251827,0.281527
148.561269841,2.88689,0.402015,0.0596699,0.554672,0.66472,0.696362,0.242338,2.73081,0.145864,0.104237,0.250767,0.09631
148.607709751,2.61023,0.0233168,0.441078,0.945519,0,1.90117,0.451859,1.75941,0,0.289473,0.225323,0.141171
148.654149660,1.99936,0.0213436,0.945597,0.696385,0,2.73911,0.402805,0.978239,0.00032661,0.55457,0.159654,0.0555956
148.700589569,1.58591,0.135293,0.682562,0.847133,0.00645366,3.15012,0.233991,1.07381,0,0.685053,0.0259437,0.0556827
148.747029478,1.31682,0.275395,0.580051,1.05499,0.013531,3.27403,0.0831054,1.16242,0,0.653278,0.0492564,0.0850962
148.793469388,1.15057,0.287662,0.555346,1.73534,0.0137867,3.02028,0.0445528,1.2558,6.96102e-05,0.427205,0.248991,0.212109
148.839909297,1.42724,0.241752,0.731319,2.4252,0.0110837,1.76896,0.0274148,1.34847,0.00115545,0.2025,0.693139,0.195683
148.886349206,1.75574,0.111683,0.584915,2.71956,0.0207243,0.436648,0.0746632,1.72885,0.000461912,0.216268,0.974067,0.158443
148.932789116,1.87773,0.0648095,0.255073,2.41394,0.0863684,0.711113,0.0431803,1.75144,0,0.350964,0.885524,0.261974
148.979229025,1.75609,0.0542466,0.268431,2.27385,0.201714,0.886706,0.0345231,1.74117,0,0.350778,0.367502,0.384704
149.025668934,1.9476,0.0415254,0.334831,2.27837,0,0.562592,0.0166431,1.92903,0.0211155,0.108398,0.952397,0.132229
149.072108844,2.15409,0.00735052,0.626972,2.3279,0.0187047,0.158758,0.0664269,2.04591,0.086497,0.0945952,1.2273,0
149.118548753,1.92902,0.00113934,0.79241,2.19951,0.0287054,0.139005,0.129333,1.95491,0.259138,0.0994648,0.462748,0.0554603
149.164988662,1.85471,0,0.549388,2.05053,0.0338704,0.0390259,0.117462,1.79629,0.246618,0.102936,0.153076,0.142166
149.211428571,1.89293,0.178419,0.214802,1.80707,0.0778266,0,0.133353,1.56988,0.150728,0.183414,0,0.242393
149.257868481,1.91927,0.33253,0.386951,1.48632,0.025277,0.0319215,0.128699,1.31986,0.0805895,0.383323,0,0.0878061
149.304308390,1.76372,0.227541,0.898238,1.54863,0.0153586,0.0674674,0.261513,1.26374,0.0463832,0.68542,0,0.0166387
149.350748299,1.46814,0.00221539,1.00464,2.00309,0.0194381,0.0743843,0.533703,1.58653,0.0561715,0.392786,0,0.304702
149.397188209,1.45356,0.0232723,0.681133,1.94284,0.283351,0.0845059,0.344935,1.47591,0.0684631,0.472378,0.0255089,0.624582
149.443628118,1.84122,0.057382,0.389682,1.31948,0.464969,0.0834444,0.0208532,1.46512,0.0837955,0.888838,0.154412,0.633343
149.490068027,2.54743,0.221483,0.859496,0.961437,0.687829,0.0846486,0.0349041,1.37188,0.152771,0.966184,0.116305,0.379979
149.536507937,3.14902,0.11969,0.774924,1.4472,0.709703,0.015612,0.131937,0.595224,0.975749,0.760216,0.353976,0.306326
149.582947846,3.0211,0.185206,0.334762,1.74142,1.22174,0.0324025,0.509638,0.137924,1.56825,0.391424,0.70446,0.000345413
149.629387755,2.85924,0.212155,0.167763,1.8627,1.31891,0.0409006,0.650878,0.0230014,1.70936,0.0569608,0.777003,0.000333295
149.675827664,2.92757,0.24571,0.0977453,2.14263,0.860183,0.0451638,0.693796,0.0160048,1.9182,0.0301425,0.887761,0.000773838
149.722267574,2.9917,0.246313,0.00915057,2.38884,0.110815,0.0285874,1.09972,0.0138498,2.04062,0.0576457,0.745819,0.0337315
149.768707483,2.98124,0.221434,0.0506301,2.36719,0.0109341,0.158752,1.02307,0.029703,2.37772,0.0933167,0.561842,0.0294215
149.815147392,2.99895,0.128163,0.160824,2.46684,0.0758961,0.153705,0.500629,0.315837,2.42438,0.121449,0.483989,0.000461548
149.861587302,2.89963,0.0921573,0.099096,2.49664,0,0.0882506,0.208063,0.442605,2.7483,0.100178,0.521015,0.000270176
149.908027211,2.87871,0.0062683,0.000696338,2.26935,0,0.0336747,0.169694,0.385591,2.95651,0.079921,0.665453,0.000160036
149.954467120,3.00583,0.0294079,0,2.14278,0,0.0583595,0.292092,0.258816,2.94479,0.0487719,0.785946,0.000111203
150.000907029,2.76643,0.253337,0.0644237,1.64127,0.776951,0.0544155,0.145728,0.0760014,2.72832,0.0322092,0.651714,0.0731549
150.047346939,1.88585,0.496251,0.0919942,0.918311,2.4829,0.124044,0.0341485,0,1.95194,0.0794543,0.118839,0.166786
150.093786848,1.63085,0.397712,0.0334587,0.48914,2.70733,1.31892,0,0.023992,1.35058,0.21553,0.00357839,0.288341
150.140226757,1.56502,0.27581,0.0902326,0.293582,2.24826,2.09935,0,0.0169612,1.20485,0.448832,0.0039237,0.249566
150.186666667,1.48491,0.276921,0.114739,0.377856,1.32934,2.3873,0,0,1.23519,0.59764,0.0111551,0.210516
150.233106576,1.39859,0.124434,0.585201,0.792998,0.419409,2.40298,0,0.00947047,1.08405,0.640835,0.156657,0.000956795
150.279546485,1.02754,0.0063743,1.47601,0.765732,0.0545948,2.14963,0.00661648,0.0358599,1.13802,1.03887,0.238119,0.0638113
150.325986395,0.921295,0.00607672,2.12844,0.322974,0.00744683,1.64531,0.00543637,0.0479079,1.35416,0.623204,0.850895,0.210572
150.372426304,1.0159,0.00416083,2.01957,0.470783,0.0500252,1.45894,0,0.256629,1.72614,0.360825,0.91486,0.293118
150.418866213,1.70296,0.00317125,1.70807,0.813235,0.0132061,1.29376,0.0753858,0.157284,1.8217,0.123279,0.873636,0.2541
150.465306122,1.60339,0.00485678,0.593408,0.718313,0,2.09751,0.464908,0.280069,1.79005,0.158042,0.26212,0.111077
150.511746032,1.44719,0,0.300452,0.637727,0.00789244,2.5925,0.449836,0.202498,1.59589,0.130646,0.226894,0.351846
150.558185941,1.52074,0,0.133946,0.733641,0.0631629,2.832,0.337255,0.213866,1.43252,0.110125,0.125119,0.494591
150.604625850,1.73785,0,0.00481415,0.791997,0.111158,2.86981,0.21053,0.197624,1.22542,0.174385,0.0684292,0.575978
150.651065760,1.8783,0,0.00459242,0.638887,0.0609378,2.89128,0.176806,0.152809,1.04742,0.304731,0.0213067,0.624948
150.697505669,1.83517,0.297098,0.223449,0.550183,0.331094,2.58005,0.258431,0.018065,0.749698,0.307833,0.0147398,0.612127
150.743945578,1.9262,0.530952,0.408813,0.373477,0.920266,1.8203,0.411683,0,0.761453,0.287399,0.120022,0.404435
150.790385488,2.26864,0.766387,0.463147,0.724764,0.425443,1.36206,0.505829,0.0655144,0.729449,0.136524,0.256229,0.247372
150.836825397,2.40587,0.996104,0.248704,1.03753,0,1.00231,0.683017,0.300416,0.93681,0.084762,0.248949,0.661286
150.883265306,2.46181,1.04758,0.0779764,1.37462,0.0202508,1.01071,0.787087,0.117164,1.15475,0.045429,0.25005,0.87865
150.929705215,2.57592,0.195778,0.0711207,1.10372,0.0194736,0.87355,0.675457,0.835588,1.936,0.0370524,0.238191,1.30388
150.976145125,2.40721,0.0313626,0,0.685363,0.014926,0.687382,0.457436,0.775728,1.813,0.0713957,0.237864,1.12344
151.022585034,2.42497,0.266281,0.000682079,0.173568,0.0609663,0.580115,0.457442,0.509864,2.38357,0.0845899,0.283573,0.122782
151.069024943,2.53632,0.234401,0.000995453,0.021225,0.176733,0.536561,0.463305,0.325329,2.56458,0.0979649,0.186522,0.0218503
151.115464853,2.5323,0.0870467,0.00030507,0.373535,0.15073,0.275759,0.64514,0,2.72586,0.26428,0.0956637,0.110052
151.161904762,2.3358,0.0693274,0.000602179,0.781873,0.159286,0.174445,0.522709,0,2.22306,0.313055,0.0899051,0.591965
151.208344671,2.01307,0.072054,0.0281752,0.849156,0.117414,0.220332,0.386829,0.450177,1.46507,0.264508,0.0899535,1.29518
151.254784580,1.93078,0.0356971,0.0409854,0.654555,0.183527,0.338059,0.318129,0.454187,1.83587,0.122354,0.171376,1.68825
151.301224490,1.75019,0.0046574,0.0163939,0.32842,0.759865,0.305019,0.225139,0.385368,2.66128,0.0893644,0.0574331,1.7286
151.347664399,1.23503,0.582616,0.073195,0.358398,0.49642,0.562205,0.0424716,0.359003,2.82255,0.106821,0.0219977,1.85271
151.394104308,2.33818,0.543248,0.127476,0.326183,0.172561,1.20837,0.106999,0.135021,2.86422,0.0946671,0.0252618,1.09155
151.440544218,2.84484,0.282194,0.108786,0.337011,0.618154,1.27717,0,0,2.64469,0.0577143,0.00487212,0.954028
151.486984127,2.32062,0.70292,0.204249,0.136356,1.15525,1.41748,0,0,2.19465,0.0492491,0.00466753,0.851566
151.533424036,1.6775,1.04487,0.36725,0.128724,1.06318,1.84858,0,0,1.86837,0.0592655,0.00500752,0.65165
151.579863946,1.3605,1.01239,0.310796,0.121796,0.763703,2.33075,0,0.0177602,1.68622,0.0804884,0.0386354,0.441075
151.626303855,1.65245,0.0868078,0.0765778,0.119721,0.583784,2.31736,0.0099908,0.0618448,1.72509,0.0461792,0.143615,0.454618
151.672743764,1.83722,0.00215817,0.00457257,0.82364,0.453356,2.05648,0.00896838,0.103706,1.87262,0.129075,0.198604,0.498
151.719183673,1.4371,0.0549986,0.00504914,1.46607,0.352152,1.88258,0.0514259,0.100481,2.15792,0.114829,0.403335,0.42089
151.765623583,1.16874,0.0732667,0.00129329,2.00972,0.0767432,2.13837,0,0.0889064,2.23282,0.0719814,0.488065,0.187046
151.812063492,1.43844,0,0,1.77892,0.0508585,2.34618,0.0190331,0.0237404,2.19147,0.0558409,0.625401,0.24457
151.858503401,1.67391,0,0,1.06342,0.0780161,3.14072,0.0153936,0.00461251,2.16149,0.160355,0.210626,0.299298
151.904943311,1.80317,0.145216,0,0.349607,0.485038,3.4948,0.00350638,0,1.72097,0.380615,0.0979468,0.169229
151.951383220,1.73696,0.0805904,0.00844426,0.596719,0.338849,3.34263,0.00723499,0,0.904234,0.985466,0.185051,0.0953511
151.997823129,1.49276,0.0144644,0.015599,0.826886,0.141019,3.4805,0.00869963,0,0.588335,1.23763,0.163185,0.0403045
152.044263039,1.56353,0.00767185,0.000400631,0.980651,0.939108,3.21463,0.00179233,0,0.624443,1.01566,0.115985,0.0184057
152.090702948,1.50789,0.00407302,0,0.975956,1.25154,2.70758,0.00207512,0.0106994,0.686107,0.951389,0.0324055,0.332681
152.137142857,1.05677,0.00373903,0,1.18365,1.24018,2.31906,0.00302152,0.0494077,0.669585,0.831658,0.674021,0.407826
152.183582766,0.173572,0.313152,0.000324099,1.48664,1.20258,2.15811,0.00905947,0.12781,0.438869,0.275515,1.59136,0.254248
152.230022676,0.395989,0.598792,0,1.58329,0.995181,1.91931,0.0307748,0.123035,0.388612,0.307218,1.70636,0.0549226
152.276462585,1.19868,0.298639,0,1.31302,0.627939,2.3528,0.0314687,0.0604464,1.11704,0.345759,1.45344,0.000519991
152.322902494,1.59421,0.322218,0.00188748,0.570128,0.500675,2.87312,0.0550075,0.0786072,2.0613,0.27011,0.158618,0.000240106
152.369342404,1.83545,0.268128,0.00377461,0.345214,0.20252,2.45672,0.24346,0.0982197,2.13903,0.225407,0.228197,0.0156756
152.415782313,1.8326,0.443452,0.00368378,0.220831,0.00512988,2.27413,0.272903,0.018553,1.9221,0.25007,0.335026,0.0363148
152.462222222,1.62448,0.45869,0.00378963,0.0580205,0,2.69993,0.211941,0.0201565,1.63142,0.196536,0.342119,0.0806359
152.508662132,1.29981,0.316427,0.00199177,0.00198009,0.0985348,3.27302,0.0506971,0.0216669,1.13216,0.121985,0.371594,0.168652
152.555102041,0.807311,0.932197,0.0781269,0.0453238,0.476657,3.13744,0.0493517,0.0207326,0.937973,0.258261,0.704163,0.320784
152.601541950,0.951154,1.38108,0.317811,0.488275,0.705107,2.45124,0.0562227,0.0212281,0.888327,0.564475,0.763783,0.000342107
152.647981859,0.962975,1.94344,0.343471,0.311471,0.670991,2.1809,0.148073,0.0241606,1.01669,0.555504,0.2048,0.000428143
152.694421769,1.58063,1.56286,0.17734,0.0552161,0.384136,2.16142,0.440164,0.13237,1.46038,0.413091,0.0459385,0.030588
152.740861678,1.56439,0.891981,0.122789,0.195025,0.53791,2.05057,0.579552,0.53749,1.28071,0.42753,0.0513496,0.154632
152.787301587,1.0854,0.705894,0.0398659,0.327133,0.608968,1.98794,0.214327,1.17319,1.23014,0.278725,0.10595,0.389153
152.833741497,0.973304,0.763343,0.000984553,0.192501,0.479437,1.25122,0.101051,1.40849,0.961578,0.0884105,0.337528,0.630158
152.880181406,0.677043,1.47385,0.0681241,0.0448879,0.457021,1.04407,0.0696577,1.058,0.639877,0.0802139,0.540582,0.601128
152.926621315,0.693081,1.84284,0.0709493,0.0128307,0.231055,1.03684,0.0531094,0.808251,0.780898,0.100302,0.597112,0.234737
152.973061224,0.632536,1.89034,0.020765,0.0816125,0.0445078,0.884632,0.0480494,0.635305,1.04085,0.0781023,0.904165,0.0568132
153.019501134,0.605068,1.77392,0,0.150509,0.0891235,1.04451,0.0385494,0.421619,1.14502,0.0792643,1.14134,0.196231
153.065941043,0.825607,1.32533,0.0368673,0.201532,0.0159363,1.25941,0.054295,0.174003,1.47884,0.0892503,1.17269,0.326195
153.112380952,1.1808,0.868862,0.00906737,0.639692,0.0266186,1.4665,0.0942259,0.110969,1.76346,0.0875493,0.948943,0.449103
153.158820862,1.27195,1.00887,0,0.530049,0.0378859,1.84587,0.0940457,0.0299592,1.99519,0.0930241,1.10976,0.858519
153.205260771,1.45119,0.320298,0.307462,0.320875,0.0582015,1.68468,0.0433712,0.226603,2.28389,0.097786,1.16916,0.784459
153.251700680,1.97743,0.648643,0.326379,0.919023,0.0920131,0.964724,0.00900777,1.01689,1.68178,0.0854134,0.784609,0.299778
153.298140590,2.03087,0.75566,0.207993,1.40108,0.0990753,1.02855,0,1.97424,0.623623,0.0916379,0.811888,0.000762234
153.344580499,1.9845,0.573905,0.208512,1.97061,0.0544488,1.20419,0,2.16006,0.156766,0.0813847,0.901879,0.000606949
153.391020408,2.01973,0.0094644,0.344414,2.49331,0.0398096,1.16652,0.00826839,2.01684,0.0114321,0.291102,0.738658,0.0634335
153.437460317,2.13746,0,0.440929,2.90068,0.0358155,1.2102,0.0207767,1.61738,0.102001,0.319764,0.583387,0.000310066
153.483900227,1.92593,0.000233385,0.559123,2.97437,0.0140395,1.27863,0.00464367,1.34143,0.329602,0.22574,0.543716,0.000452125
153.530340136,1.96768,0.00213828,0.490897,3.11055,0.00339699,1.50648,0,1.04031,0.110073,0.113591,0.652435,0.0362361
153.576780045,1.99491,0,0.205034,3.2642,0,1.76629,0.00233488,0.985033,0.102599,0.0926697,0.759713,0.0735202
153.623219955,1.8653,0,0.0405806,3.17555,0.00710456,1.902,0.00341337,1.26542,0.100461,0.116081,0.81984,0.0923381
153.669659864,1.58932,0,0.0851757,2.64598,0.276052,1.94951,0,1.21013,0.0197959,0.117066,1.07352,0.1422
153.716099773,1.16975,0.651397,0.0416188,2.08238,0.466522,1.74878,0.169754,0.352957,0.00626837,0.0778471,1.02903,1.09261
153.762539683,1.26851,0.654408,0.0423271,1.72367,0.135676,2.21527,0.0764215,0.106624,0,0.44789,0.124232,1.09703
153.808979592,1.47974,0.264529,0.0582858,1.27015,0.0270047,2.58667,0.161578,0.111827,0.000540883,0.748222,0.0190252,0.831378
153.855419501,1.452,0.0636509,0.0496974,1.25356,0.0212231,2.93705,0.278417,0.0476644,0,0.893143,0.0192406,0.530574
153.901859410,1.21119,0,0.0696788,1.53219,0.0211232,3.07328,0.263217,0,0,0.892054,0.0337779,0.24512
153.948299320,1.02798,0,0.18284,1.84041,0.0213227,2.66811,0.0132663,0.032775,0,0.72384,0.140484,0.18299
153.994739229,0.798827,0.0225735,0.352217,2.23754,0.022417,1.9146,0,0.0644011,0.243396,0.461108,0.545793,0.10945
154.041179138,0.667557,0.0154878,0.467056,2.7131,0.00832061,1.38363,0.0515641,0.161902,0.261295,0.0947509,1.31839,0.0527964
154.087619048,0.922789,0,0.0792571,2.87552,0.0461625,1.2105,0.0729372,0.287631,0.20755,0.198945,1.16544,0.00716926
154.134058957,1.30442,0,0.00368516,3.00821,0.116907,1.03169,0.139763,0.881712,0,0.0880002,1.33054,0.094369
154.180498866,2.06044,0.000888945,0.199997,2.37487,0.53917,1.36469,0.128932,0.92026,0,0,0.748222,0.312806
154.226938776,2.12761,0.00881944,0.400181,1.40523,1.00209,1.35064,0.0335114,0.252427,0.0410474,0,0.531765,0.0738478
154.273378685,2.09738,0.0444878,0.388627,0.745216,1.06908,1.62348,0.00947484,0.216934,0.0790643,0,0.330933,0.0493462
154.319818594,1.99122,0.0880503,0.302477,0.283103,0.72941,2.12516,0.0112377,0.408557,0.054103,0,0.287021,0.194026
154.366258503,1.78104,0.097099,0.217685,0.430021,0.295276,1.90902,0.0154872,0.387238,0.0594288,0.0403096,0.384632,0.424738
154.412698413,1.19343,0.0764094,0.196183,1.10764,0.487369,1.44276,0.0353211,0.324321,0.180572,0.048409,0.387384,0.562186
154.459138322,0.952443,0.211778,0.237447,1.71553,0.371338,1.16044,0.0543624,0.368505,0.133474,0.0500864,0.324215,0.791921
154.505578231,1.20394,0.0219226,0.452314,1.94995,0.111828,1.46381,0.105763,0.909019,0.214799,0.0895112,0.220364,0.906616
154.552018141,1.63697,0.0336828,0.573977,1.86241,0.0199064,1.29691,0.0937077,1.46944,0.135936,0.20765,0.73676,0.312438
154.598458050,1.85017,0,0.367869,2.12517,0.0494832,0.786947,0.0800928,1.76591,0.114147,0.2559,1.32648,0.246353
154.644897959,1.5474,0.0749722,0.373997,2.01894,0.112234,1.33035,0.119596,1.29665,0.42709,0.0988613,1.38151,0.851651
154.691337868,1.20558,0.000839518,0.333045,1.4604,0.0214375,1.26715,0.916853,0.519032,0.349617,0.0857242,0.947352,1.40816
154.737777778,0.567868,0.254867,0.220299,1.43756,0,1.26473,0.993469,0.409115,0.287635,0.13508,0.593066,1.62406
154.784217687,0.621606,0.213357,0.298009,1.53016,0,1.20535,0.945645,0.545142,0.597956,0.086918,0.239507,1.9897
154.830657596,0.660009,0.111465,0.406773,1.53534,0,0.816355,0.577844,0.589009,1.16883,0.0602143,0.196347,1.77361
154.877097506,0.954464,0.309648,0.215244,1.35294,0,0.935243,0.214491,0.826406,1.75436,0.0760768,0.32526,1.1368
154.923537415,1.58371,0.819383,0,1.15458,0.141531,0.638296,0.00463181,1.00854,1.42518,0.0954354,0.6656,0.915444
154.969977324,2.04337,0.553313,0,1.05393,0.432599,0.665042,0,1.3663,0.987643,0.0977671,0.649768,0.59948
155.016417234,2.07163,0.672037,0,1.20916,0.0823971,0.82441,0.00911837,1.32702,0.702346,0.0932095,0.80306,0.620269
155.062857143,1.91359,1.3127,0,1.62201,0.0648909,0.56247,0.0402399,1.162,0.414521,0.0875967,0.650477,0.806752
155.109297052,1.75624,1.3945,0,1.76383,0.25614,0.454635,0.279805,1.37149,0.374209,0.0772857,0.441319,0.741367
155.155736961,1.6241,0.625658,0.0157746,1.55414,0.662674,0.975038,0.605453,1.10745,0.193603,0.0647262,0.241141,0.753889
155.202176871,1.45892,0.00139288,0.00571748,1.53699,0.935022,1.1462,0.687117,0.946642,0,0.0715821,0.234248,0.874289
155.248616780,1.31032,0.0903818,0.00303684,1.59418,0.884541,0.72316,0.489894,1.0627,0,0.0848246,0.139603,1.29702
155.295056689,0.949102,0.174023,0.00117612,1.30592,1.52055,0.662845,0.146294,0.733786,0,0.118017,0.0570974,1.70477
155.341496599,1.28516,0.102007,0.0025276,1.09552,1.65592,0.345424,0.206707,0.466562,0.061037,0.245633,0.0597361,1.57637
155.387936508,0.969836,0.229837,0.0229363,1.23263,1.57544,0.355338,0.334884,0.533674,0.195713,0.295758,0.0779679,1.20848
155.434376417,0.643731,0.5624,0.00263034,1.65123,1.1104,0.431656,0.469415,0.886403,0.285388,0.341785,0.637286,0.28571
155.480816327,0.501461,0.910196,0.000712238,2.33513,0.135754,0.771844,0.20413,1.47546,0.15944,0.356057,0.879692,0.00011298
155.527256236,0.779911,0.871714,0.0264975,2.70309,0.0324387,0.888528,0,1.65521,0.127769,0.312593,0.747743,0.00086061
155.573696145,1.36933,0.434174,0.164486,2.31144,1.16273,0.470179,0,1.0498,0.43583,0.315736,0.086579,0.347061
155.620136054,1.18181,0.0314426,0.465748,0.479786,2.77925,0.608337,0,0.327879,0.3443,0.0894127,0.0824288,0.588618
155.666575964,0.9624,0.0351219,0.743632,0.0626361,2.47792,0.674368,0.0164058,0.00240486,0.346395,0.0969222,0.195748,0.590957
155.713015873,0.839249,0.0473898,0.685067,0.224211,2.25726,0.395989,0.126703,0,0.238556,0.06198,0.32336,0.510295
155.759455782,0.986596,0.0611615,0.699184,0.156228,2.02437,0.337027,0.130513,0,0.208031,0.0109122,0.415116,0.399275
155.805895692,0.843847,0.0547536,0.68902,0.423627,1.88185,0.330181,0.101787,0.0108807,0.246881,0.0229423,0.732169,0.371437
155.852335601,0.759479,0.0425358,0.585682,1.60766,1.7375,0.279913,0.18688,0,0.236582,0.0351293,1.22202,0.0301498
155.898775510,1.11358,0.239037,0.411772,2.37563,1.32532,0.317646,0.234653,0.30582,0.0593321,0.0550349,1.34588,0.00016171
155.945215420,1.52925,0.171455,0.351702,2.70476,0.720073,0.232842,0.0988804,0.907465,0.0256681,0.0910995,1.26182,0.000282943
155.991655329,1.46853,0.00341044,0.597854,2.90015,0.0265132,0.249682,0.0862296,1.98391,0,0.0575369,0.282466,1.02316
156.038095238,1.43916,0.00234219,0.569313,2.49952,0.02322,0.441314,0.0936627,2.31042,0.0118205,0.0658068,0.0325572,1.5476
156.084535147,1.47258,0.00183856,0.555138,2.44888,0.130201,0.738416,0.186071,2.14657,0,0.0212993,0.0627382,1.24158
156.130975057,1.29229,0.106134,0.620471,1.98805,0.21244,1.2539,0.174594,1.57687,0.161702,0.0506723,0.156853,0.797414
156.177414966,1.30167,0.211618,0.612017,1.28075,0.0890769,1.62536,0.103748,1.13858,0.178836,0.085481,0.159253,0.484638
156.223854875,1.29832,0.315893,0.505519,0.922126,0.0248512,1.62444,0.0654773,1.21454,0.18189,0.129069,0.118659,0.293821
156.270294785,1.22749,0.325365,0.574065,1.33289,0.137919,1.26626,0.147047,1.41342,0.112215,0.1685,0.0325179,0.419368
156.316734694,1.16581,0.230549,0.758205,1.80481,0.363726,0.950929,0.159709,1.49634,0,0.113218,0.0277779,0.533289
156.363174603,1.38937,0.120489,0.751477,2.29514,0.0902397,0.262368,0.0621723,1.87092,0,0.127912,0.12314,0.741862
156.409614512,1.39167,0.0666931,0.557276,2.47491,0,0.13977,0.0608603,2.22731,0,0.114788,0.539016,0.723198
156.456054422,2.1713,0.00407069,0.555554,2.49345,0,0.167277,0.0576119,2.04205,6.57243e-05,0.1205,0.697664,0.64344
156.502494331,2.79791,0.00377523,1.05039,1.7304,0,0.384181,0.0718398,1.45478,0,0.104562,0.782474,0.545025
156.548934240,2.95449,0.00230972,1.20749,1.16403,0,0.549312,0.159895,1.48701,0,0.0447912,0.80749,0.484278
156.595374150,2.90111,0.00054393,1.02687,1.04848,0,0.626391,0.0729247,1.86056,0.0120736,0.0432304,0.532273,0.688798
156.641814059,2.61022,0.00100749,0.84116,1.34512,0,0.597561,0.0586083,2.14514,0.076757,0.062721,0.353504,0.642771
156.688253968,2.50363,0.00050181,0.760476,1.50355,0.0200123,0.695093,0.0429131,1.98653,0.150918,0.0846175,0.497112,0.5066
156.734693878,3.04112,0.154585,0.815136,1.57132,0.070702,0.73139,0.0315232,1.39483,0.153416,0.105368,0.701201,0.063737
156.781133787,3.63975,0.895367,0.319992,1.58684,0.0525875,0.124738,0.155216,1.61176,0.0589116,0.0836385,0.652516,0.00986881
156.827573696,3.4154,1.15544,0.168345,1.66861,0.114683,0.0439531,0.0949458,2.48119,0,0.097553,0.309933,0.140496
156.874013605,2.91837,0.776915,0.0719401,1.47248,0.0637386,0.0408383,0.161348,2.45842,0.892851,0.105291,0.364777,0.501277
156.920453515,2.96579,0.38593,0.0699044,1.11099,0,0.0374306,0.556461,1.3733,1.75772,0.103191,0.225803,0.640365
156.966893424,3.01367,0.333603,0.00321437,0.677154,0.0157414,0.143237,0.631281,0.572297,2.47125,0.0830146,0.235081,0.455938
157.013333333,3.26186,0.137143,0,0.83295,0.0176404,0.431332,0.683422,0.0367611,2.69294,0.144295,0.236228,0.276896
157.059773243,3.09746,0.0953449,0.206408,0.990046,0.017687,0.523554,0.710908,0,2.6221,0.33489,0.237722,0.399138
157.106213152,3.19501,0.210603,0.220161,1.4043,0.00245363,0.35171,0.930693,0,2.32704,0.436424,0.117695,0.332421
157.152653061,3.22051,0.302468,0.068761,1.63254,0.0332176,0.0427091,0.857701,0.299363,2.55346,0.439872,0.0712246,0.0286928
157.199092971,3.14803,0.0937778,0.0382518,1.32745,0.118536,0.0833796,0.482569,0.24689,3.24148,0.422039,0.0525399,0.179375
157.245532880,3.14063,0.0636803,0.00341352,0.984695,0.110575,0.114317,0.437976,0.0532415,3.56146,0.418738,0.0647759,0.174825
157.291972789,3.22938,0.001694,0,0.669437,0.111406,0.122532,0.464306,0.253937,3.2797,0.493339,0.0497609,0.134899
157.338412698,3.15276,0.0302524,0.0791235,0.747748,0.07883,0.133009,0.478327,0.283941,3.02388,0.48163,0.060935,0.220078
157.384852608,2.36124,0,1.14757,0.944444,0.0274426,0.665976,0.575445,0.0300291,2.48278,0.0982572,0.0684774,0.479328
157.431292517,1.89593,0,1.34917,0.720711,0.267624,0.676253,1.14361,0.0380617,1.71183,0.0525126,0.162149,0.275062
157.477732426,1.40609,0.35858,1.25304,0.332191,0.287094,0.490975,1.30761,0.00350434,1.14551,1.23831,0.0389668,0.000670663
157.524172336,0.95758,1.03116,0.429334,0.0889038,0.491119,0.382644,0.956612,0.00817318,0.552566,2.0914,0.172456,0.000398555
157.570612245,0.762674,0.983477,0.0667051,0.0542852,0.500961,0.456613,0.466549,0.0295985,0.612416,2.5142,0.269605,0.00013436
157.617052154,0.930605,0.431311,0,0.338707,0.281632,0.42731,0.187038,0.0246077,0.817876,2.64768,0.0696451,0.000187603
157.663492063,1.00729,0.130441,0.00270601,0.824943,0.154015,0.32232,0.0482373,0.456968,1.09312,2.44925,0.116265,0.000462435
157.709931973,0.609319,0.185449,0.212552,0.687807,0,0.579403,0.0578502,1.79635,1.52972,1.90298,0.0850728,0.274323
157.756371882,0.897484,0.05584,0.329483,0.435629,0,0.632506,0.0344429,2.9945,1.08139,0.788609,0.0818611,0.584318
157.802811791,1.10658,0.0955502,0.41281,0.0342781,0,0.683634,0.0240316,3.25297,0.431219,0.113922,0.0940037,0.744941
157.849251701,1.72009,0.115692,0.624788,0,0,1.21639,0.0266194,2.91987,0.374193,0.0864419,0.118616,0.666354
157.895691610,2.44173,0.0665061,0.41467,0.00181642,0,1.65406,0.315079,2.1936,0.436378,0.0607555,0.123092,0.311943
157.942131519,2.13797,0.0599977,0.00381039,0.63799,0.13384,1.76358,0.882586,1.15477,0.390077,0.10628,0.00466707,0.289632
157.988571429,1.77431,0.30495,0.0577382,0.859008,0.0899679,1.20083,0.758909,0.536502,0.283498,0.118443,0.415982,0.600062
158.035011338,1.63005,0.441362,0.10191,1.08809,0.0675978,0.953273,0.476865,0.543847,0.256214,0.107778,0.205956,0.736143
158.081451247,1.71498,0.490366,0.159676,1.14615,0,0.83746,0.429622,0.652118,0.601916,0.162311,0.0908775,0.642838
158.127891156,1.89245,0.469996,0.0516129,0.937782,0.783437,0.540513,0.431471,0.632292,0.923634,0.206984,0.081875,0.266829
158.174331066,1.90084,0.306281,0.302997,0.418924,1.33388,0.408861,0.102071,0.473843,1.26423,0.201077,0.106695,0.925163
158.220770975,1.72268,0.0326789,0.294471,0.449281,1.83269,0.253357,0.219303,0.586502,1.28703,0.187501,0.0428071,1.0174
158.267210884,1.52045,0.0154424,0.159566,0.830292,1.96228,0.204743,0.39487,0.489289,1.24009,0.136957,0.112146,1.16834
158.313650794,1.55242,0.0621009,0.0237067,1.50284,1.80542,0.153136,0.501561,0.233446,1.16715,0.171933,0.109293,1.46541
158.360090703,1.55805,0.00347071,0.00259361,1.7591,1.32615,0.256702,0.405937,0.237911,1.24379,0.371164,0.101461,1.77199
158.406530612,1.74797,0.0524554,0.066095,1.39585,0.233088,1.41333,0.445906,0.104921,0.947533,0.577023,0,1.07215
158.452970522,1.64801,0.158428,0.0443402,0.724399,0.36986,2.47053,0.478819,0.0791388,0.663749,0.576365,0.00912626,0.167368
158.499410431,1.75766,0.252379,0.412012,0.0785055,0.648244,2.25748,0.257915,0.328184,0.608817,0.187148,0.0564302,0.0123155
158.545850340,1.58381,0.236623,0.377537,0.0442674,0.990415,1.53062,0.0384895,0.672423,0.939549,0.0854722,0.626606,0.0893717
158.592290249,0.983931,0.189508,0.00930154,1.27369,0.701133,1.07819,0.0645026,0.759939,1.11,0.112209,0.473129,0.164323
158.638730159,0.217963,0.30012,0.00538397,1.96938,0.132641,0.915311,0.110737,0.750262,1.12922,0.150746,0.502971,0.144405
158.685170068,0.350254,0.349858,0.00476622,2.3742,0.0342692,0.438951,0.0892782,0.716991,1.19543,0.26704,0.458324,0.212875
158.731609977,1.37885,0.329018,0.00407747,2.5263,0.0161184,0.185354,0.111917,0.601798,1.04697,0.453542,0.440236,0.141289
158.778049887,1.925,0.227393,0.235836,2.36098,0,0.477615,0.0722464,0.673476,1.0168,0.749468,0.522874,0.17056
158.824489796,2.30668,0.119363,0.745545,1.51443,0,0.830993,0.0497232,0.990258,1.38624,0.365452,0.456834,0.0285528
158.870929705,2.44955,0.13261,0.953645,0.962308,0.307233,1.29143,0.0575121,0.346354,1.65953,0.26749,0.154489,0.12325
158.917369615,2.4042,0.131341,0.701959,1.14148,0.773325,1.31503,0.175708,0.208638,1.5,0.285737,0.165669,0.221548
158.963809524,2.03133,0.0362629,0.699604,0.862239,1.09227,1.42287,0.229963,0.106959,1.72013,0.310411,0.154497,0.558925
159.010249433,1.67286,0.00310846,0.342562,0.246937,1.68985,1.45667,0.151774,0.0100678,1.89161,0.0640228,0.227989,0.671403
159.056689342,1.59971,0.0564294,0.14569,0.305468,1.68485,1.60695,0.0216566,0.216966,1.83756,0.0842461,0.267027,0.395221
159.103129252,1.31016,0.103786,0.0696106,0.927824,1.64795,1.79539,0.0264507,0.221783,1.35372,0.0307978,0.145858,0.225662
159.149569161,1.00444,0.211533,0.0255396,1.3511,1.39158,1.49113,0.0322217,0.274871,0.853855,0.153402,0.131173,0.47244
159.196009070,0.790405,0.217968,0.0205487,1.10251,1.59024,1.39451,0.0373913,0.249842,0.996641,0.0663708,0.283088,0.906607
159.242448980,0.814633,0.177814,0.0195685,0.448156,1.75838,1.49778,0.0651744,0.180837,0.834009,0.0956072,0.463805,1.25422
159.288888889,0.646249,0.0739292,0.00652854,0.0057769,1.49447,1.42001,0.084793,0.047948,0.593991,0.106145,0.548086,1.11046
159.335328798,0.583979,0.0925972,0.00735118,0.000490746,1.55228,1.26487,0.0756672,0.0325433,0.659525,0.118783,0.50628,0.68339
159.381768707,0.855045,0.0950486,0.042882,0.00340455,1.50315,1.19121,0.116817,0.0460146,0.654321,0.114807,0.489109,0.604567
159.428208617,1.10848,0.0896406,0.00677979,0.00407459,1.32651,1.05816,0.28764,0.0980012,0.752699,0.106589,0.525538,0.639584
159.474648526,1.18555,0.0481832,0.426202,0,0.921236,1.35052,0.333804,0.0400045,0.834351,0.129318,0.468195,0.649557
159.521088435,0.839902,0.0222504,0.22573,0.200371,0.667569,1.54191,0.20695,0.0599295,0.969528,0.115425,1.05958,1.2507
159.567528345,0.654714,0.0324233,0.0660903,0.503202,0.761479,1.31647,0.279899,0.0906233,1.2898,0.102139,1.30507,1.21602
159.613968254,0.9733,0.040669,0.0377049,0.663034,0.430937,1.32764,0.336422,0.235337,1.77763,0.0433058,1.27135,0.856945
159.660408163,1.82519,0.0163885,0.019068,1.0105,0.0300867,2.13874,0.193378,0.302672,2.47072,0.00816368,0.435693,0.251194
159.706848073,1.59364,0.0595371,0.00161413,0.858118,0.229388,2.79097,0.05922,0.31119,2.49386,0.0115158,0.208377,0.478068
159.753287982,1.53517,0.127168,0.00228218,0.551899,0.0996206,2.82032,0.0777996,0.289191,2.49804,0.018356,0.175906,0.597172
159.799727891,1.59241,0.18786,0.00314595,0.480859,0.114136,2.7751,0.0475199,0.240667,2.32081,0.00839283,0.229168,0.480374
159.846167800,1.61127,0.0416239,0.00836848,0.635993,0.135633,2.92464,0.0570528,0.16522,2.09883,0.0349025,0.153435,0.2602
159.892607710,1.70881,0.0522081,0.0157622,0.618986,0.29463,2.51925,0.0668614,0.115413,1.88102,0.0873195,0.027781,0.309883
159.939047619,1.9712,0.316625,0.0177228,0.66583,0.691104,1.96482,0.0759382,0.0324731,1.7619,0.0821276,0.0561626,0.286307
159.985487528,2.40596,0.205061,0.00535309,0.515876,0.924882,1.71909,0.0730297,0.0397628,1.86178,0.0592901,0.321328,0.724148
160.031927438,2.44784,0.0953386,0.00609221,0.503132,0.986272,2.20906,0.0630436,0.0258456,2.04525,0.0133676,0.189869,0.731933
160.078367347,2.41831,0,0.00472025,0.268511,0.448409,2.57657,0.180348,0.0486345,2.44791,0,0.0197698,0.807329
160.124807256,2.28335,0.0120202,0.00227561,0.524242,0.030431,2.93268,0.0420572,0.0311658,2.41092,0,0,0.708627
160.171247166,2.3447,0.00413883,0.00375275,0.868812,0.0223627,2.80253,0.0704771,0.174002,2.24051,0.142662,0,0.446778
160.217687075,2.57408,0.0473174,0.00776415,0.592439,0,2.05816,0.0819913,0.596565,2.21966,0.365253,0.200936,0.120631
160.264126984,2.01409,0.0287343,0.0288483,0.228975,0.343501,1.97482,0.0984241,0.55176,2.17457,0.410169,0.112134,0.0877248
160.310566893,1.61645,0.547729,0.00655008,0.0259312,0.49297,2.2505,0.100506,0.493081,1.93766,0.427957,0.0564569,0.0464441
160.357006803,1.36452,1.07365,0.00784215,0.0381679,0.54287,2.36031,0.107268,0.380891,1.92392,0.278511,0.0505166,0.0288396
160.403446712,1.14086,1.30198,0.00823912,0.029352,0.460917,2.49592,0.0666925,0.304079,1.84258,0.0854211,0.0523509,0.172377
160.449886621,0.667777,1.19777,0.0637595,0.0864529,0.341965,2.2097,0.103134,0.563269,1.26769,0.0631321,0.711084,0.593222
160.496326531,0.374476,1.6093,0.0114706,0.190081,0.422072,1.94327,0.130174,0.644131,0.82531,0.0162953,0.833465,0.319801
160.542766440,0.451755,1.79038,0,0.415784,0.688538,1.74182,0.113729,0.644391,0.8945,0.0444016,0.583615,0.202587
160.589206349,0.789832,1.40609,0.0261084,0.42885,0.956239,1.88466,0.117809,0.728296,0.778738,0.086211,0.0673839,0.244558
160.635646259,1.69217,0.19623,0.203211,0.159255,1.20253,1.95278,0.0684626,1.55472,0.762384,0.0886999,0.0415931,0.3085
160.682086168,2.5086,0.00606839,0.505999,0.170457,0.538046,1.18593,0.218676,1.96507,0.407884,0.194002,0.137814,0.104662
160.728526077,2.81042,0,0.727202,0.929481,0.402239,0.757421,0.291605,1.8823,0.108412,0.229377,0.144045,0.0201912
160.774965986,2.93842,0,0.625212,1.1908,0.466213,0.709283,0.128406,2.05443,0.00182465,0.257053,0.104325,0.0158098
160.821405896,2.95875,0,0.0545023,1.33255,0.482548,0.968453,0.0712816,2.33044,0.0546616,0.259631,0.0322398,0.166989
160.867845805,2.71787,0,0.318244,1.38868,0.40954,1.28747,0.0545099,2.32115,0.0733716,0.216735,0.0968662,0.277889
160.914285714,2.64425,0,0.488064,1.62174,0.283042,1.47589,0.0279544,2.09205,0.160373,0.0639389,0.512071,0.21223
160.960725624,2.68836,0.00213918,0.455153,1.60509,0.191651,1.47726,0.036286,1.91969,0.629295,0.0209381,0.66111,0.247457
161.007165533,2.59777,0.00399343,0.522097,1.53807,0.052768,1.34501,0.0508234,1.98542,0.444738,0.0359948,0.674323,0.246022
161.053605442,2.30335,0.00397052,0.311865,1.48575,0.025911,1.26449,0.572683,1.97637,0.31575,0.0733575,1.16487,0.158557
161.100045351,1.88007,0.502014,0.355141,0.735429,0.652859,1.09881,0.434208,1.49325,0.607649,0.071019,1.12006,0.000697116
161.146485261,1.37585,1.86179,0.26274,0.461607,0.811836,0.843688,0.130412,1.42432,0.610881,0.0695579,0.566088,0.000613211
161.192925170,0.621925,2.75725,0.0243845,0.401508,0.51496,0.968339,0.340632,1.48588,0.471155,0.0809017,0.453836,0.000563567
161.239365079,0.333283,2.82717,0,0.390559,0.269367,1.41338,0.400765,1.02551,0.424556,0.0936228,0.381821,0.000543656
161.285804989,0.632854,2.30192,0,0.750422,0.0353021,1.8807,0.314568,0.570673,0.313035,0.133219,0.164593,0.0139541
161.332244898,1.02499,0.968299,0.366787,1.1864,0.0701798,1.71942,0.285187,1.05787,0.409913,0.118238,0.0485997,0.000458178
161.378684807,1.13753,0.581234,0.583823,1.42836,0.0625105,0.860035,0.112642,1.4977,0.146086,0.0721116,0.275922,0.000513712
161.425124717,1.09707,0.5905,0.285869,1.57882,0.0227743,0.62728,0.041455,2.03576,0.130599,0.0596629,0.459474,0.00067721
161.471564626,1.03241,0.591433,0.04324,2.11407,0.0135054,0.608326,0.201696,2.24351,0.0654812,0.0671111,0.199282,0.000727779
161.518004535,0.745542,0.62539,0.00532315,1.93713,0.0367865,0.537265,0.297267,2.21228,0.166355,0.0640533,0.372753,0.0942033
161.564444444,0.718258,0.444443,0.111787,1.8126,0.0704497,0.376842,0.394009,2.12904,0.274453,0.0891381,0.43489,0.000622698
161.610884354,1.06206,0.129363,0.319855,1.72419,0.113093,0.396685,0.322469,1.88206,0.578258,0.110567,0.225285,0.000681684
161.657324263,1.31578,0.0559366,0.655384,2.01405,0.0336716,0.306375,0.274754,1.9559,0.631878,0.10053,0.00111792,0.00081686
161.703764172,1.4011,0.252475,0.417415,2.13062,0.0391874,0.211724,0.0962909,2.11215,0.416244,0.0493778,0.0013483,0.000840319
161.750204082,1.20383,0.275923,0.353075,1.94341,0.041057,0.450123,0.0137557,2.03565,0.271031,0,0.00173716,0.000863771
161.796643991,1.03109,0.285056,0.418571,1.84873,0.0129804,0.764915,0.0275528,2.18772,0.221445,0.0450952,0.0370671,0.000881277
161.843083900,0.863027,0.0588842,0.448781,2.27896,0.000721655,0.649802,0.0531904,2.54291,0.0699443,0.0653071,0.0541169,0.000823977
161.889523810,0.565739,0.0109622,0.448281,2.47599,0,0.421715,0.076665,2.82601,0.0672251,0.405103,0.0781805,0.000734673
161.935963719,0.825592,0,0.463532,2.47252,0,0.265267,0.256361,2.63958,0.0982615,0.741911,0.134634,0.000686963
161.982403628,1.56276,0.012719,0.520993,2.29686,0,0.177064,0.47354,1.87339,0.299863,0.599588,0.139052,0.000705678
162.028843537,1.70625,0,0.481809,1.96214,0,0.535504,0.461108,0.894374,0.598911,1.10909,0.1315,0.0449814
162.075283447,1.30933,0.0891934,0.548009,1.54808,0,1.79981,0.362304,0.300026,0.747611,0.9172,0.0114706,0.476558
162.121723356,1.16108,0.130493,0.517443,1.44287,0,2.41687,0.0804675,0.477594,0.668074,0.794738,0.000830611,0.552544
162.168163265,1.11897,0.230539,0.155499,1.56993,0,2.1645,0.0730376,1.04516,0.562432,0.772378,0.00247906,0.501293
162.214603175,1.41247,0.36467,0.0545564,1.48091,0.0239476,1.36497,0.672447,1.6683,0.528323,0.623681,0.00390423,0.433328
162.261043084,1.49032,0.518659,0.37594,1.28943,0.0271715,0.420085,1.07085,2.23659,0.516783,0.137095,0.00442321,0.262469
162.307482993,1.25575,0.305015,0.596926,1.00825,0.027687,0.401599,0.78061,2.68276,0.478379,0.0933991,0.0160705,0.000387448
162.353922902,1.41211,0.0351097,0.725311,1.26901,0.0297941,0.219193,0.300738,3.22316,0.203399,0.003969,0.108101,0.0471571
162.400362812,1.29448,0.0317033,0.721205,1.49997,0.0489472,0.239678,0.00230132,3.10189,0.642307,0,0.0751141,0.0924647
162.446802721,1.15268,0,0.544518,1.81424,0.0325999,0.220193,0.0737145,2.9263,1.08743,0,0.0727104,0.167498
162.493242630,1.03622,5.72532e-05,0.485273,2.05826,0.00330208,0.227329,0.151787,3.01307,1.00756,0.0708569,0.0657931,0.409349
162.539682540,1.02063,0.00153875,0.522715,2.22875,0.00453735,0.279184,0.201079,3.16793,0.404553,0.160417,0.00256531,0.586257
162.586122449,0.990873,0.00340288,0.489319,2.21367,0.0138001,0.320311,0.208959,3.20128,0.114617,0.191483,0.00276909,0.699477
162.632562358,1.0032,0.00354415,0.599463,1.97934,0.0226212,0.57205,0.0342852,2.94573,0.162923,0.245972,0.00314699,0.470164
162.679002268,0.938704,0.00239554,0.99675,1.83348,0.0242276,0.624516,0.0404223,2.70396,0.260137,0.227301,0.0344019,0.267956
162.725442177,0.86085,0.00829878,1.03102,1.95568,0.0202367,0.489393,0.0609474,2.62659,0.850998,0.223482,0.0031561,0.176966
162.771882086,0.989804,0.131545,0.782344,2.14141,0.0133323,0.300167,0.0761242,2.35136,1.61276,0.232443,0.00324391,0.000644591
162.818321995,0.874524,0.0528258,0.271857,2.13213,0,0.125652,0.0852453,2.27016,1.97469,0.0248404,0.00288463,0.0702797
162.864761905,1.28973,0,0.0670779,1.76804,0.158552,0.284845,0.0790692,2.44364,1.63346,0,0.0028393,0.149465
162.911201814,1.5899,0,0.346199,1.46397,0.233558,0.347352,0.0666565,2.91176,0.823133,0,0.00237483,0.273998
162.957641723,1.94622,0.0700323,0.448491,1.2467,0.17995,0.304985,0.0108713,2.79648,0.504546,0,0.162428,0.259699
163.004081633,2.08511,0.13185,0.488501,1.29221,0.105564,0.381071,0.00974211,2.11735,0.697245,0,0.556011,0.198
163.050521542,1.93563,0.1118,0.567634,1.36787,0.0246603,0.744134,0.0253643,1.03781,0.597634,0.0305634,1.17467,0.146116
163.096961451,1.80587,0.0796732,0.311749,1.35677,0.014892,0.911142,0.0901461,1.27074,0.679406,0,1.37258,0.175049
163.143401361,2.1138,0,0.0475572,1.25158,0,0.86312,0.192421,1.30898,0.633988,0.0104897,0.608621,0.161178
163.189841270,2.71485,0,0.000565104,1.2098,0.0972676,0.342778,0.347071,1.67199,0.363841,0.0321662,0.156194,0.297329
163.236281179,3.20096,0,0,1.16914,0.507034,0.0755646,0.536433,1.58501,0.115241,0.0536494,0.00114278,0.438432
163.282721088,3.06876,0.0119253,0.00620325,1.10289,0.784598,0.0731822,0.441869,1.47973,0.188229,0.0474135,0.0129632,0.277536
163.329160998,2.52757,0.312724,0.00392229,1.35625,0.604634,0.0680388,0.0774192,1.72549,0.441697,0.0339142,0.0235591,0.046603
163.375600907,1.76508,1.14442,0.0229178,1.56634,0.466514,0.0711759,0.0449762,2.33961,0.376077,0.0266939,0.285701,0.12328
163.422040816,2.04911,0.894118,0.20872,1.82149,0.480095,0.0362401,0.0150785,2.52711,0.406117,0.0310663,0.533595,0.167757
163.468480726,2.21819,0.158545,0.176347,2.03639,0.522429,0.0499061,0.321491,2.52245,0.455453,0.065848,0.341427,0.277478
163.514920635,2.3126,0.000695287,0.179668,2.07063,0.550833,0.054489,0.374161,2.59766,0.523628,0.04128,0,0.610521
163.561360544,2.34453,0.620233,0.127747,2.18957,0.358933,0.0766536,0.212089,2.46289,0.570205,0.0263971,0.172408,0.13976
163.607800454,2.78234,0.700997,0.0421151,2.34766,0.137017,0.138488,0.0119116,2.19653,0.435263,0.0342073,0.452117,0.000451146
163.654240363,2.97271,0.651992,0.00132603,2.27506,0.153177,0.125176,0.023421,1.88718,0.472584,0.0435676,0.323092,0.00878168
163.700680272,2.9136,0.773621,0.000242607,2.09849,0.212067,0.0922237,0.0355355,1.76966,0.561067,0.0162268,0.145208,0.152389
163.747120181,2.64767,0.828154,0.00752711,2.09343,0.251246,0.0729492,0.0554632,1.94271,0.609532,0.00803146,0.0950141,0.147565
163.793560091,2.77168,0.307362,0.00224463,1.92337,0.321791,0.0617943,0.0631018,2.13642,0.401547,0.0069066,0.251231,0.165658
163.840000000,3.25594,0.166687,0.0387532,1.71287,0.381717,0.0538311,0.0584004,2.03216,0.0202439,0.00511694,0.475768,0.0227045
163.886439909,3.22482,0.0589147,0.0581234,1.55,0.479789,0.0861525,0.0630322,2.10696,0.0249727,0.00482527,0.787337,0
163.932879819,3.01326,0.0702766,0.147894,1.3872,0.389509,0.285311,0.0982246,2.20759,0.166049,0.00274676,1.06231,0.000121174
163.979319728,2.70191,0.104354,0.458518,1.37,0.242272,0.666212,0.0940945,1.99516,0.396281,0,1.00354,0.000271406
164.025759637,2.3218,0.0892569,0.467861,1.33892,0.22364,0.823625,0.108775,1.66179,0.664518,0.383197,0.535495,0.0407026
164.072199546,1.84751,0.26657,0.416741,1.10527,0.106343,0.811149,0.205758,1.45608,0.503972,0.848572,0.00309806,0.0222869
164.118639456,1.6292,0.207941,0.711502,0.903624,0.00305652,0.54379,0.396078,1.3762,0.359594,0.957861,0.00315733,0.000203948
164.165079365,1.69062,0.192872,0.803997,1.09523,0.018246,0.406174,0.519734,1.4828,0.405519,0.864044,0.0466855,0.000249869
164.211519274,1.87791,0.228796,0.434828,2.12046,0,0.306519,0.143376,1.69879,0.36193,0.550251,0.220941,8.13039e-05
164.257959184,1.80648,0.350068,0.00643875,2.77882,0.082971,0.556865,0.0421971,1.34622,0.483097,0.34799,0.412566,0.0338357
164.304399093,1.55493,0.375459,0.108103,2.90227,0.00887082,0.127543,0.0497198,1.46466,0.883711,0.287395,0.735793,0.121758
164.350839002,1.37766,0.350299,0.145967,2.71373,0.0092273,0.0644454,0.345741,0.685628,1.60289,0.10497,0.783549,0.207122
164.397278912,1.10775,0.302945,0.185628,2.68817,0.00521673,0.0695862,0.473848,0.636116,1.94898,0.0650221,0.776451,0.230092
164.443718821,1.19781,0.279885,0.171693,2.70571,0,0.0687753,0.621,0.680845,2.01559,0.0509344,0.860389,0.202119
164.490158730,1.54721,0.159277,0.243282,2.54874,0.00684633,0.0525106,0.682011,0.682884,1.98734,0.0276549,1.006,0.165099
164.536598639,1.614,0.12552,0.387486,2.74932,0.0449092,0.0390637,0.407928,0.692969,1.7506,0.0126811,1.04579,0.17247
164.583038549,1.52025,0.11612,0.440901,2.72837,0.0702295,0.0294818,0.279193,0.676879,1.61573,0.00659299,1.05117,0.282462
164.629478458,1.43619,0.042483,0.560442,2.38311,0.0827804,0.181582,0.103303,0.717042,1.88301,0.00288641,1.02175,0.351781
164.675918367,1.36493,0.0345167,0.577434,2.22748,0.0990558,0.280771,0,0.782855,2.00113,0.00676311,0.930241,0.355122
164.722358277,1.25713,0.0754064,0.421332,2.26021,0.132129,0.187405,0,0.805623,1.68911,0.0501874,0.954514,0.291503
164.768798186,1.49776,0.234415,0.241392,2.42771,0.127329,0.0233541,0,0.71031,1.31795,0.295786,0.917251,0.188341
164.815238095,1.77502,0.24679,0.133243,2.13665,0.203164,0,0.125142,0.429129,1.05515,0.711639,0.849862,0.117378
164.861678005,1.95907,0.124027,0.185853,1.47206,0.399548,0.0279572,0.169236,0.244806,1.06366,0.635933,0.738581,0.139069
164.908117914,1.92942,0.179969,0.149505,1.19112,0.45124,0.066942,0.322117,0.339539,1.04608,0.392481,0.850107,0.237103
164.954557823,1.98473,0.123751,0.20201,1.35647,0.440273,0.0728865,0.263493,0.501965,1.3224,0.434517,0.590844,0.348365
165.000997732,2.30764,0.0736513,0.451528,1.23283,0.63433,0.113115,0.018847,0.891355,1.70518,0.612267,0,0.346563
165.047437642,2.29114,0.0890041,0.522303,0.73521,0.749324,0.111367,0,2.31175,1.77605,0.247227,0.000124835,0.254144
165.093877551,2.38799,0.0900681,0.445245,0.455837,0.567661,0.037537,0,3.02657,1.25472,0.00731346,0.0146092,0.18778
165.140317460,2.50618,0.0582183,0.524809,0.627778,0.201405,0.0463803,0.0455389,2.90342,0.972041,0.0268484,0.000102625,0.211791
165.186757370,2.46848,0.0546216,0.530162,0.877496,0.21634,0.049961,0,3.08097,0.890196,0.0311724,0,0.270038
165.233197279,2.55628,0.120252,0.516668,0.868385,0.316744,0.0267389,0,3.11152,0.809604,0.04275,0,0.20223
165.279637188,2.74869,0.232714,0.426875,1.00161,0.25248,0.00865295,0,2.78974,0.789494,0.0630169,0,0.158886
165.326077098,2.78726,0.241787,0.331008,1.12681,0.100128,0.00893406,0,2.4336,0.945979,0.0717668,0,0.114757
165.372517007,2.62087,0.165546,0.201129,1.1388,0.0869856,0.0120459,0.0145736,2.42785,1.15941,0.0985162,7.48848e-05,0.140071
165.418956916,2.50591,0.0158045,0.148619,1.24881,0.0886541,0.0405621,0.0187683,2.44805,1.42038,0.101155,9.80351e-05,0.0662022
165.465396825,2.72257,0.000524284,0.0572511,1.33154,0.265414,0.152856,0.0406054,2.06716,1.57293,0.0833985,0,0.0309083
165.511836735,3.08402,0.0267397,0.000760121,1.4813,0.484813,0.18207,0.0390947,1.28763,1.76274,0.221589,0,0.0246768
165.558276644,2.91182,0.0368539,0.000899941,1.36618,0.4895,0.748746,0.0193146,0.71865,1.97151,0.33077,0,0.0666439
165.604716553,2.68121,0.0113769,0.00191923,1.18638,0.376369,2.11386,0.0176104,0.553358,1.54181,0.258392,0.000102642,0.0786923
165.651156463,2.74733,0.00583856,0.00380373,0.788551,0.37139,2.42831,0.0255699,0.548783,1.78393,0.16637,0.000344009,0.105076
165.697596372,2.86043,0.00682818,0.0035748,0.691715,0.36232,2.33355,0.0212275,0.56298,1.95364,0.175333,0.000531909,0.0312885
165.744036281,2.82211,0.00672342,0.00466061,0.627061,0.342259,2.15882,0.0891361,0.595452,2.07169,0.209198,0.000271716,0
165.790476190,2.688,0.0265434,0.00118858,0.448191,0.246638,2.11105,0.0189159,0.733726,2.09034,0.262945,0,0
165.836916100,2.24229,0.00532038,0,0.402981,0.24308,2.47983,0.0135167,0.730655,2.22975,0.283221,0,0.0517079
165.883356009,2.51914,0.000813881,0,0.352239,0.894123,2.12965,0.0165414,0.335122,2.49107,0.197685,0,0.0925815
165.929795918,2.90444,0,0,0.394279,1.49154,1.1778,0.0206702,0.25545,2.54584,0.0553252,0.27057,0.0299929
165.976235828,2.78577,0.026185,0,0.794405,1.43886,0.249224,0.0432824,0.245667,2.3035,0.0527283,0.829442,0.10643
166.022675737,2.24402,0.0453703,0,1.36115,0.892204,0.0217058,0.0503994,0.632038,2.05665,0.0486757,1.08967,0.0694095
166.069115646,2.10745,0.0465261,0.126323,1.7021,0.211064,0.0595152,0.0415252,0.684568,2.15056,0.0440359,1.10882,0.0489031
166.115555556,2.02111,0.0890275,0.573528,2.05493,0.359135,0.102732,0.0270423,0.699192,2.02629,0.105205,0.905259,0.0247066
166.161995465,1.76635,0.222321,1.13945,2.07301,0.147655,0.538918,0.0199482,0.895805,1.82247,0.0731522,0.783493,0
166.208435374,1.62613,0.298694,1.32303,1.84561,0.0326743,0.781892,0.245612,0.948471,1.45901,0.318973,0.850217,0.0723511
166.254875283,1.77434,0.356913,1.12838,1.25814,0.133654,1.23238,0.47837,0.751917,1.33062,0.241929,1.08622,0.398162
166.301315193,1.82095,0.579141,1.08184,0.340398,0.429159,1.97165,0.369881,0.250358,1.23337,0.352025,0.90754,0.911199
166.347755102,1.38919,0.55645,1.41149,0.178767,0.123112,2.18523,0.320429,0.201717,0.979522,0.364315,0.746914,0.936535
166.394195011,0.927034,0.58016,1.93978,0.502199,0.00590892,2.25547,0.274017,0.224591,0.684391,0.390293,0.57278,0.471096
166.440634921,0.525811,0.457656,2.17741,0.800972,0.0109948,2.27433,0.267851,0.63536,0.79974,0.519035,0.34799,0.378553
166.487074830,0.378957,0.583921,2.07201,1.29086,0.00766756,1.94123,0.342383,0.731013,1.09979,0.408465,0.611322,0.250255
166.533514739,0.665469,0.402273,1.51896,1.67097,0.0678506,1.33058,0.476142,0.592537,1.33973,0.275618,0.838349,0.125608
166.579954649,0.549851,0.473022,1.12249,1.79095,0.141199,1.12673,0.393698,0.802633,0.934954,0.237796,1.10508,0.0118231
166.626394558,0.604869,0.554966,1.25477,1.31029,0.248463,1.57334,0.568254,0.462266,0.219553,0.416524,1.18326,2.55136e-05
166.672834467,1.20849,0.419662,1.62044,0.722077,0.198526,2.47919,0.652054,0.0265499,0.0327457,0.521524,0.623905,0.334578
166.719274376,1.28261,0.304544,1.95054,0.465824,0,3.09634,0.30741,0,0.131068,0.447387,0.505421,0.773436
166.765714286,1.29218,0.202198,1.98627,0.685962,0,3.48768,0.340595,0,0.4729,0.315074,0.208538,0.433076
166.812154195,1.17327,0.210449,1.83366,0.915836,0,3.06613,0.601855,0,0.868685,0.384828,0.267271,0.12991
166.858594104,1.27838,0.254804,1.95853,1.38515,0.0686942,1.67581,0.871579,0,1.25324,0.370511,0.319708,0.205569
166.905034014,1.07519,0.181561,2.00687,1.63553,0.0967518,0.770595,1.02965,0,1.62674,0.354252,0.439684,0.431464
166.951473923,1.09335,0.114233,2.04229,1.5963,0.107374,0.58166,0.846479,0,1.80023,0.26681,0.510303,0.45694
166.997913832,1.32252,0,1.87319,1.57669,0.120743,0.757277,0.655745,0.00929795,1.98447,0.312007,0.260944,0.439905
167.044353741,1.7362,0.0775317,1.35439,1.40366,0.1125,1.10375,0.710652,0.0333188,1.65714,0.599628,0.0951923,0.19996
167.090793651,1.93969,0.21656,1.20372,1.21168,0.0741359,1.51119,1.02424,0.185114,0.512184,0.834142,0.0530143,0.106762
167.137233560,2.01295,0.239631,1.34101,0.665874,0.0395584,1.91782,1.09889,0.0581187,0.402237,0.847143,0.109548,0.139864
167.183673469,2.03299,0.247,1.25895,0.231087,0.0314279,2.10388,0.958637,0.172808,0.716303,0.540815,0.217382,0.282212
167.230113379,1.90455,0.203769,1.0627,0.270958,0.014444,2.57602,0.73814,0.3452,1.04455,0.464757,0.0486416,0.288105
167.276553288,1.70556,0.0406245,0.892129,0.323092,0.000683992,2.85028,0.500009,0.378296,1.5745,0.513728,0.017012,0.304014
167.322993197,1.42083,0,0.597678,1.05771,0.000900118,2.34728,0.51213,0.372987,1.99616,0.645827,0,0.351737
167.369433107,1.23409,0.0633534,0.292849,1.5704,0.0544774,1.83822,0.60227,0.371074,1.84773,0.849317,0.00530657,0.456624
167.415873016,1.58074,0.0688189,0.272478,1.8937,0.0913066,1.89028,0.707638,0.290183,1.3704,0.464401,0.0383968,0.513414
167.462312925,1.58149,0.029077,0.273517,1.73926,0.0923501,2.03481,0.766962,0.399222,1.69544,0.000169405,0.134676,0.367709
167.508752834,1.67086,0.0327255,0.294158,1.56446,0.142788,2.13812,0.828421,0.306142,1.92303,0.00101007,0.0829173,0.32948
167.555192744,1.71535,0.193899,0.102998,1.56791,0.168209,1.93871,0.716312,0.47847,1.70644,0.00182504,0.0572784,0.461203
167.601632653,1.58942,0.247623,0.0356771,1.68054,0.194476,1.78066,0.362079,0.890956,1.35336,0,0.074842,0.588536
167.648072562,1.74812,0.238801,0,1.71411,0.301949,1.70107,0.229896,0.956355,0.869551,0,0.073468,0.620119
167.694512472,1.98668,0.210767,0.00841111,1.75223,0.386044,1.68878,0.1918,0.809915,0.764614,0.136083,0.0111344,0.644009
167.740952381,2.00604,0.175853,0.0212186,1.70931,0.395671,1.61597,0.188898,0.767071,1.16125,0.263865,0.000635753,0.511782
167.787392290,1.67493,0,0.0668885,1.76165,0.387022,1.31848,0.0718592,0.85844,1.58887,0.24262,0.00246024,0.40205
167.833832200,1.32793,0.00569895,0.0612366,1.93446,0.523816,1.32045,0.0289761,1.02936,1.30673,0.13635,0.00323634,0.516683
167.880272109,1.28122,0.0115721,0.0280682,2.05064,0.489508,1.58913,0.028796,1.20367,1.02009,0.102018,0.0150036,0.59232
167.926712018,1.15647,0.226157,0,2.07959,0.35779,1.50336,0.075179,1.31764,0.840826,0.107569,0.00018183,0.632221
167.973151927,1.27807,0.245064,0.132407,2.50613,0.340818,1.15904,0.161311,0.966176,0.760009,0.182122,0,0.726807
168.019591837,1.64293,0.294035,0.127792,2.81786,0.396542,0.782862,0.440438,0.972945,0.132277,0.380399,0.12557,0.490497
168.066031746,1.54663,0.17485,0.261715,2.59976,0.229249,0.431327,0.422609,1.65703,4.58319e-05,0.460391,0.0717175,0.332022
168.112471655,1.54478,0.113077,0.496004,2.44365,0.0476319,0.330801,0.335923,2.04661,0,0.803551,0.124224,0.120559
168.158911565,1.51481,0.178415,0.953479,2.10927,0.042558,0.471292,0.697732,1.41068,0.181022,1.26689,0.0961543,0.105506
168.205351474,1.73406,0.146324,1.38023,1.58828,0.0869161,1.103,0.721463,0.717908,0.125606,0.95895,0.0683737,0.0974973
168.251791383,2.26575,0.0819328,1.49128,1.5385,0.116127,1.54573,0.382708,0.299513,0.186462,0.571351,0.0599971,0.091859
168.298231293,2.82821,0.012606,0.807944,1.76717,0.121787,1.3947,0.334128,0.352573,0.202257,0.525228,0.116918,0.0364092
168.344671202,2.94001,0,0.470797,2.01475,0.28073,0.953521,0.0400349,0.804223,0.161961,0.562102,0.165039,0.0616224
168.391111111,2.85282,0.0269729,0.279454,2.12555,0.431336,0.852862,0.0772775,0.954537,0.270815,0.474359,0.128699,0.0967696
168.437551020,2.77142,0.114064,0.155394,2.01368,0.535381,0.731852,0.108604,0.849787,0.150586,0.623329,0.753199,0.0834361
168.483990930,3.07884,0.0929476,0.122996,2.05839,0.788113,0.501741,0.218868,0.659929,0.0299985,0.613388,1.01073,0.00257732
168.530430839,3.14267,0.0733284,0.117788,1.94784,0.897883,0.461307,0.309683,0.636633,0.0674903,0.613189,1.03961,0
168.576870748,3.09235,0.0430256,0.121817,1.72352,0.630606,0.745744,0.369201,0.667896,0.0345079,0.680381,1.01213,0
168.623310658,2.85009,0.00654319,0.105935,1.63656,0.665642,0.986373,0.364949,0.685541,0.0315611,0.639606,0.681337,0.0137775
168.669750567,2.72602,0.00308029,0.0637003,1.70647,0.43419,1.21685,0.338459,0.812972,0.0281418,0.475777,0.524732,0.0403804
168.716190476,2.99958,0.0280672,0.0372834,1.84475,0.288209,1.39916,0.265577,0.867541,0.026298,0.0835056,0.628137,0.0180493
168.762630385,3.20782,0.203364,0.00112486,1.83134,0.395535,1.09198,0.187734,1.10566,0.0196949,0.0613717,0.486397,0
168.809070295,3.06207,0.365995,0.00282368,1.86274,0.609123,0.523709,0.214926,1.25876,0.0174369,0.00909935,0.201248,0
168.855510204,2.69362,0.239253,0.0056686,2.01884,0.663826,0.706418,0.155446,1.52177,0.0453598,0.00338973,0.200062,0
168.901950113,2.7422,0.149307,0.00506055,2.04261,0.599239,0.619873,0.171393,1.46084,0.760181,0.0123713,0.27308,0
168.948390023,2.84156,0.241253,0.00293291,2.07706,0.143843,0.323112,0.267822,1.00664,0.70131,0.214417,0.244354,0
168.994829932,2.62144,0.358684,0.0837823,2.01111,0.164195,0.0506202,0.478573,0.850267,0.657076,0.260229,0.265738,7.70475e-05
169.041269841,2.33791,0.178972,0.267401,2.30143,0.18802,0.213869,0.599224,1.06908,0.302576,0.15281,0.312904,9.52725e-05
169.087709751,2.16957,0.0410051,0.00104263,3.01027,0.207847,0.311329,0.5375,1.03719,0.286173,0.0975401,0.257652,0.00010073
169.134149660,1.96939,0.0237379,0,3.46742,0.181562,0.245692,0.613429,0.986926,0.306939,0.0530676,0.674495,1.93146e-05
169.180589569,2.04983,0.0213443,0,3.71306,0.144799,0.15156,0.581324,1.00988,0.176358,0.00223047,1.00636,1.52551e-05
169.227029478,2.02357,0.000955073,0.00645273,3.77097,0.145215,0.0937268,0.557302,1.11009,0.0102355,0.00255,1.09243,0
169.273469388,1.90678,0.0145113,0,3.63374,0.113754,0.0303118,0.543758,1.32341,0.00660308,0.00233174,0.96339,0.00180688
169.319909297,2.15629,0.0173056,0.010507,3.3752,0.0898682,0.0340469,0.483641,1.4154,0.0316187,0.000381044,0.706276,0.0492611
169.366349206,2.56927,0.0111107,0.123834,2.85368,0.269554,0.0946358,0.43907,1.44148,0.0708305,0,0.793796,0.195691
169.412789116,2.54152,0.00356731,0.433949,2.17959,0.494392,0.0747097,0.452011,1.29138,0.0168012,0.129431,1.13805,0.327677
169.459229025,2.51273,0.00444179,0.673714,1.8585,0.714551,0.034394,0.491231,0.933229,0.161521,0.16599,1.10817,0.439889
169.505668934,2.27131,0.00441589,0.651413,1.69651,1.13837,0.00379088,0.470995,1.12857,0.105487,0.0406063,1.23334,0.456871
169.552108844,1.96288,0.00432781,0.499528,1.63519,1.4376,0,0.431065,1.61199,0.0243073,0.00734521,1.65775,0.378623
169.598548753,2.43761,0.00362232,0.355795,1.54987,1.4146,0.030867,0.626037,1.78497,0.113259,0.00030661,1.68403,0.0775876
169.644988662,3.07059,0.0364399,0.133096,1.28048,1.03907,0.0877025,0.73595,1.70023,0.162118,0.000139517,0.814848,8.90263e-05
169.691428571,3.203,0.176809,0,1.32355,0.680852,0.0900757,0.646319,1.73172,0.195853,0.0701694,0.418014,7.89018e-05
169.737868481,3.41344,0.137429,0,1.23617,0.398437,0.0445826,0.513435,1.74849,0.234591,0.0348634,0.523753,8.60834e-06
169.784308390,3.46306,0.0024325,0.298686,1.60692,0.256011,0.0859836,0.743736,1.93323,0.0226196,0.0681914,0.482038,0
169.830748299,2.72988,0.0030827,1.28854,1.76104,0.0741592,0.355637,0.756255,1.74447,0.0177638,0.467801,0.548823,0.0303024
169.877188209,1.91145,0.0526335,1.45204,2.10036,0.0633179,0.215421,0.585265,1.81528,0.00801023,0.595858,0.889996,0.0647141
169.923628118,1.7168,0.452032,0.79922,2.76985,0.0256698,0.0652417,0.441266,2.07092,0.00282575,0.453724,0.86222,0.116866
169.970068027,1.89769,0.275964,0.131211,3.17527,0,0.0884002,0.309563,2.38456,0.00393365,0.137427,0.721063,0.179078
170.016507937,2.00879,0.141007,0.467404,3.19348,0.0189801,0.058893,0.355826,2.4114,0.0155294,0.18579,0.802515,0.139104
170.062947846,1.9015,0.0863986,0.649267,2.94058,0.0939544,0,0.392242,2.36111,0.0271967,0.19144,0.908618,0.082437
170.109387755,2.20034,0.0809725,0.607644,2.8351,0.129708,0,0.410934,2.21612,0.0451516,0.214999,1.10283,0.0708693
170.155827664,2.40757,0.00231038,0.498618,2.36048,0.140969,0.143833,0.299035,2.30895,0.123623,0.264676,1.3239,0.0857655
170.202267574,2.58793,0,0.403905,1.89139,0.143841,0.228046,0.0797471,2.20064,0.20685,0.32084,1.50476,0.0987308
170.248707483,2.68926,0,0.391652,2.06064,0.233661,0.115195,0.0525001,2.05807,0.210934,0.344271,1.28471,0.0321035
170.295147392,2.37988,0.0457746,0.812527,1.82016,0.414666,0.0877996,0.145488,1.88311,0.193482,0.297534,1.32612,0
170.341587302,1.52701,0.0679589,1.46144,1.61712,0.354317,0.635196,0.327937,1.71474,0.0301701,0.117385,1.51083,0
170.388027211,1.38692,0.170389,1.13883,1.8849,0.0597793,1.37464,0.363211,1.74463,0.019157,0.145091,1.55994,0.0794682
170.434467120,1.64159,0.157214,0.763756,1.88385,0.0543494,1.66783,0.39576,1.86743,0.000801366,0.368391,1.67057,0.115333
170.480907029,1.82462,0.11169,0.790607,1.69378,0.0868859,1.64103,0.430602,1.64934,0.000327653,0.624675,1.57783,0.0780111
170.527346939,1.80811,0.116739,1.13931,1.45832,0.263226,1.15488,0.438705,1.43762,0.146005,0.329848,1.66484,0.0956086
170.573786848,1.61779,0.657162,1.27888,1.17829,0.434968,0.431179,0.437121,1.32082,0.667826,0.293789,1.57064,0.217128
170.620226757,1.41002,1.21541,0.703123,0.98594,0.519044,0.386085,0.285964,1.65813,0.783459,0.369122,1.27238,0.583867
170.666666667,1.85633,1.16053,0.23149,1.35272,0.634407,0.521522,0.0521466,1.8943,0.450344,0.352231,0.915285,0.633392
170.713106576,2.69047,0.151012,0.260661,1.91616,0.431629,0.544902,0.0159702,1.94557,0.340252,0.226396,0.403848,0.421064
170.759546485,2.82031,0.0497857,0.538881,1.76397,0.116963,0.214962,0.752596,1.92917,0.0712802,0.178191,0.0822398,1.14458
170.805986395,2.71219,0.488134,0.37568,1.59858,0.119173,0.633781,1.31625,1.97381,0.0252819,0.0705573,0.0856806,0.720111
170.852426304,2.71955,0.600867,0.186944,1.3794,0.0865515,1.06127,1.71979,1.75509,0.0244395,0.091336,0.0697968,0.178891
170.898866213,2.82365,0.474805,0.024599,1.29223,0.0177775,1.4633,1.77035,1.07036,0.023662,0.268652,0.0224435,0
170.945306122,2.77482,0.387127,0.0068953,1.38867,0.153386,1.62335,1.4801,0.73301,0.0152028,0.253072,0.000442077,0
170.991746032,2.78541,0.329792,0.00337672,1.70031,0.240956,1.1782,0.716882,1.06419,0.0105055,0.274559,0,0.107174
171.038185941,2.48669,0.362002,0.009125,2.11922,0.134036,0.144374,0.370033,1.8348,0.0137999,0.256461,0,0.535356
171.084625850,2.15971,0.353945,0.0820814,2.39411,0.148895,0.0640071,0.532912,2.19266,0.017756,0.135992,0.0684026,0.169859
171.131065760,2.17417,0.338951,0.118366,2.30396,0.26128,0.0572938,0.744082,2.25731,0.0208496,0,0.259235,0
171.177505669,2.12609,0.401576,0.211591,1.91676,0.111036,0.132494,0.940368,2.29381,0.0261022,0,0.629778,0
171.223945578,2.1423,0.422424,0.75848,1.81852,0.150816,0.155954,1.05327,1.8227,0.0285389,0.00404316,0.712867,0
171.270385488,1.61512,0.299122,1.3085,1.42768,0.241687,0.0915748,1.07686,1.49575,0.0241606,0,0.935185,5.71696e-05
171.316825397,1.33946,0.264837,1.17403,1.28318,0.27215,0.0643678,1.25533,1.44902,0.0087529,0,1.03186,0.000209107
171.363265306,1.36444,0.0573886,1.16152,1.28577,0.1699,0.0291233,1.29213,1.41284,0.00663842,0.000654612,1.19199,0.000222624
171.409705215,1.54246,0.00698573,0.844564,1.57604,0.105378,0.0819217,1.3226,1.33975,0.0122777,0.00103642,1.20309,0.124091
171.456145125,1.54803,0.0563017,0.541965,1.69941,0.0869388,0.158479,1.27427,1.41808,0.0312094,0.00148487,1.16897,0.198556
171.502585034,1.84506,0.112786,0.369065,2.23469,0.0783566,0.105991,1.03818,1.5865,0.0167827,0.00148205,1.13716,0.183933
171.549024943,1.92071,0.181079,0.0038384,2.89885,0.073602,0.0775241,0.73718,1.66727,0.0113374,0.000999793,1.00693,0.157775
171.595464853,2.06337,0.200424,0,3.04069,0.128651,0.0503791,0.395604,1.62849,0.0321957,0.0021877,0.864347,0.118067
171.641904762,2.19704,0.293919,0,2.99527,0.165032,0.0301718,0.552175,1.34116,0.214291,0.205607,0.770367,0.0274951
171.688344671,2.08353,0.451941,0,2.7808,0.00979899,0.025648,0.846859,0.741535,0.732407,0.110695,1.11645,0
171.734784580,2.23636,0.502776,0,2.28001,0.155915,0.0173681,0.770041,0.673321,1.42496,0.0837645,1.29579,0.0064035
171.781224490,2.7524,0.522077,0.102068,1.66309,0.421797,0.00686146,0.952543,0.586862,1.88419,0.0382505,1.16754,0.123387
171.827664399,2.91854,0.379003,0.565343,1.24758,0.464554,0.144291,0.974062,0.337642,1.99765,0.000298621,0.986901,0.328781
171.874104308,2.59055,0.148231,0.529562,1.42203,0.0927607,0,1.16913,0.0611035,1.79464,0,0.951185,0.909892
171.920544218,2.2411,0.119729,0.451419,1.65005,0.0999775,0,1.06668,0.0982375,1.62351,0,0.951967,0.983176
171.966984127,2.01874,0.199271,0.471453,1.54948,0.11805,0,0.739407,0.221921,1.6779,0,0.880248,1.0132
172.013424036,2.08653,0.33543,0.365974,1.30382,0.124907,0.253963,0.374123,0.249409,1.62545,0,0.812901,0.995252
172.059863946,2.47093,0.279524,0.259487,1.29633,0.122833,0.390876,0.243057,0.423249,1.58993,0.0885918,0.778176,0.729177
172.106303855,2.72972,0.0708518,0.268386,1.35598,0.129165,0.222808,0.446104,0.25841,1.49525,0.137454,0.793061,0.540837
172.152743764,2.08036,0.215196,0.239044,1.39631,0.324913,0.140767,0.719942,0.0181231,1.29536,0.0143041,0.920432,0.52015
172.199183673,1.50754,0.225397,0.371556,1.5665,0.274407,0.312295,0.587866,0.0168386,1.18744,0.414201,0.770133,0.29297
172.245623583,1.3717,0.224645,0.466254,1.53749,0.143255,0.462783,0.518893,0.0180678,0.97258,1.05193,0.635037,0
172.292063492,1.49188,0.127573,0.381161,1.07979,0.124028,1.06476,0.400995,0.0266815,1.054,0.993486,0.597137,0
172.338503401,1.56161,0.00759373,0.23311,0.809022,0.137446,1.27988,0.0678493,0.0466417,1.20937,1.19416,0.248394,0.0626672
172.384943311,1.85056,0.00242798,0.169429,0.979351,0.308225,1.0435,0.0113595,0.0488498,1.56314,1.17969,0.197111,0.0762085
172.431383220,2.09501,0.00344837,0.232722,1.01113,0.205323,0.620634,0.0212907,0.64944,2.05415,0.622688,0.19185,0.103509
172.477823129,2.25164,0.097492,0.153152,0.879452,0.160847,0.142513,0,1.8108,1.55139,0.000550864,0.0721194,0.159866
172.524263039,2.31265,0.0706992,0.250893,0.676577,0.0593443,0.204207,0,2.25632,0.933243,0.0323905,0.138874,0.246471
172.570702948,2.45691,0.0623846,0.451907,0.674336,0.201797,0.0441367,0.0406887,2.2782,0.785465,0.0242845,0.253907,0.276842
172.617142857,2.57058,0.187072,0.595635,1.13685,0.359608,0.0257887,0.0675922,2.09995,0.650121,0.0276163,0.186614,0.206527
172.663582766,2.73932,0.230968,0.491806,1.5633,0.386686,0.0334344,0.0952991,2.11223,0.683575,0.0520653,0.0572426,0.134279
172.710022676,2.74924,0.233666,0.390088,1.71405,0.213229,0.0619199,0.0299073,2.32352,0.997168,0.0529674,0.0394492,0.179079
172.756462585,2.86287,0.173154,0.231589,1.45607,0.024653,0.0721844,0.0348197,2.48636,1.0769,0.0429277,0.0603031,0.261184
172.802902494,2.93813,0.0763715,0.21389,0.97407,0.00342135,0.130591,0.0655239,2.73444,0.853496,0.0435935,0.124839,0.239041
172.849342404,3.30642,0.0446754,0.138433,0.758965,0.0727313,0.325927,0.179753,2.50902,0.747513,0.0402296,0.161314,0.122674
172.895782313,3.41651,0.000238252,0.000663882,0.861506,0.112099,1.13064,0.381773,1.6026,1.01308,0.0459347,0.257862,0.118166
172.942222222,3.34929,0.00271292,0,1.03598,0.131887,2.10884,0.145383,0.941739,0.998487,0.0492031,0.261261,0.120759
172.988662132,3.13997,0.00226009,0,0.99009,0.222959,2.48532,0.111068,0.839235,0.80751,0.0469938,0.228616,0.154357
173.035102041,2.96428,0.00206794,0,0.684743,0.375531,2.59005,0.066517,0.783493,1.07519,0.0426947,0.23894,0.12454
173.081541950,2.89934,0.00263663,0,0.49047,0.489615,2.60519,0.0245946,0.61481,1.40141,0.0415865,0.277314,0.00160118
173.127981859,2.53802,0.00884016,0,0.373248,0.590705,2.61046,0.00663489,0.434663,1.84417,0.044294,0.340542,0
173.174421769,2.32103,0.00774877,0,0.407562,0.502477,2.73573,0.00213653,0.463805,1.97566,0.0508365,0.317549,0
173.220861678,2.30167,0.0131637,0.000925234,0.415265,0.371759,2.87508,0,0.505712,1.85652,0.0488886,0.269382,0.00672398
173.267301587,2.47949,0.00646235,0.00248773,0.429156,0.489415,2.75418,0,0.319145,1.70462,0.0418874,0.206885,0.0192731
173.313741497,2.57035,0.00175343,0.00353891,0.464408,0.910164,1.97611,0.114128,0.120277,1.97328,0.0370645,0.386998,0.211412
173.360181406,2.45441,0.0198617,0.129412,1.07056,0.935097,0.313625,0.183594,0.281699,1.95238,0.0403699,0.859441,0.316217
173.406621315,1.74132,0.0288979,0.954644,1.74884,0.44304,0.0321757,0.108292,0.503985,1.51821,0.0447687,1.01959,0.228677
173.453061224,1.33,0.0062823,1.48913,1.78252,0.0922688,0.161651,0.0600308,0.616923,1.3193,0.0366705,1.1455,0.0455747
173.499501134,1.57296,0.0918413,1.77708,1.42878,0,0.322134,0.0876283,0.907357,0.929142,0.0550546,1.03643,0.042117
173.545941043,2.10037,0.210074,1.90333,1.19354,0,0.930041,0.150005,0.800609,0.473229,0.135302,0.922378,0.0715342
173.592380952,2.11694,0.192349,1.53396,0.210792,0.138137,1.84668,0.33828,0.489076,0.567535,0,0.971762,0.130106
173.638820862,1.96049,0.24862,1.45893,0.0800833,0.330672,2.46985,0.458954,0.366031,0.817485,0.0928854,0.606347,0.193433
173.685260771,1.56935,0.229629,1.93884,0.605693,0.0113781,2.65545,0.452247,0.220919,0.710597,0.23625,0.402412,0.456946
173.731700680,0.985766,0.200046,2.3334,0.822904,0.0112595,2.59318,0.490393,0.238847,0.556363,0.188731,0.432726,0.473066
173.778140590,0.438812,0.197354,2.41117,0.669033,0.00710018,2.05595,0.572084,0.284581,0.721172,0.18928,0.451871,0.16453
173.824580499,0.423261,0.144928,2.07821,0.684913,0,1.18324,0.614392,0.361521,0.924275,0.376063,1.06955,0.14533
173.871020408,0.6646,0.223232,1.91534,1.28819,0,0.882798,0.677241,0.167461,0.87624,0.337896,1.45105,0.067187
173.917460317,0.712647,0.282224,1.66052,1.93625,0,0.835381,0.585003,0.0635298,0.834603,0.268015,1.47108,0.098565
173.963900227,1.01584,0.268864,1.60955,2.17699,0.011563,1.06259,0.639681,0.0369198,0.582369,0.39499,1.30853,0.000128081
174.010340136,1.36963,0.150376,1.62271,1.74575,0.00739984,2.00492,0.610793,0.0058969,0.663984,0.494398,0.992988,0.0725407
174.056780045,1.67564,0.225074,1.63198,0.982568,0.00219263,2.83806,0.528883,0,0.843605,0.380018,0.695403,0.0848296
174.103219955,1.85212,0.338533,1.70132,0.27496,0.00341047,3.1904,0.509246,0,0.856267,0.390004,0.0891878,0.275189
174.149659864,1.76518,0.231665,1.96555,0.0186598,0.00338543,2.86223,0.653732,0,0.908355,0.654209,0.0852273,0.292885
174.196099773,1.51762,0.218644,2.38251,0.858873,0.000188287,1.88702,0.848938,0,1.04025,0.797751,0.0901099,0.225186
174.242539683,1.13584,0.224012,2.58202,1.34042,0.0490181,0.955727,1.07845,0,0.733766,0.644061,0.183532,0.27965
174.288979592,0.43452,0.130104,2.31085,1.46813,0.0470365,0.563314,1.07641,0.486593,0.373939,0.5108,0.850004,0.353312
174.335419501,0.307338,0.0661918,2.04583,1.4104,0.0376743,0.798216,0.777038,0.435442,0.883365,0.565621,0.985807,0.321565
174.381859410,0.459726,0.082896,1.7611,1.34594,0.028309,1.34053,0.741585,0.32479,1.26482,0.737817,0.476441,0.134499
174.428299320,1.03352,0.179953,1.45564,0.675404,0.0316897,2.26108,0.804894,0.0241094,1.43504,0.820646,0.188194,0.0391251
174.474739229,1.53432,0.248869,1.27591,0.150046,0.0304288,2.55257,0.877127,0.0317673,1.34412,0.769022,0.376173,0.0473602
174.521179138,1.535,0.216262,1.51615,0.0228943,0.0431157,2.66228,0.815109,0.0236429,1.13642,0.347575,0.603511,0.108776
174.567619048,1.44583,0.202719,1.83017,0,0.0807113,2.5893,0.730022,0.000769509,1.23441,0.0623017,0.343085,0.560322
174.614058957,1.57262,0.124774,2.18121,0.100995,0.251455,2.01083,0.666014,0.000436097,1.55146,0.0506449,0.0717743,0.389364
174.660498866,1.57231,0.0489777,2.16262,0.173313,0.161253,1.57647,0.685622,0.00317474,1.65232,0,0.120855,0.310467
174.706938776,1.65011,0.00251246,1.57683,1.15361,0.125067,1.59084,0.69406,0.136293,1.41448,0,0.0753309,0.210305
174.753378685,1.59549,0.0402412,1.06148,1.60373,0.168708,1.83476,0.514134,0.274403,1.31093,0,0.0839648,0.173433
174.799818594,1.39123,0.00816472,0.832112,1.87716,0.138839,1.89439,0.282332,0.646271,1.35785,0.067931,0.175134,0.524425
174.846258503,1.41755,0,0.715062,1.77528,0.0648773,1.91076,0.211188,1.03393,1.44682,0.0495604,0.365655,0.563242
174.892698413,1.78031,0.0383046,0.548813,1.46642,0.0510567,1.93978,0.156901,1.24124,1.32493,0.00406594,0.445146,0.664264
174.939138322,2.17649,0.184407,0.363242,1.55739,0.203189,1.77204,0.0719589,0.849159,1.04399,0.00500933,0.446378,0.579989
174.985578231,2.32197,0.23904,0.306079,1.51353,0.262237,1.72613,0.0460842,0.579445,0.783408,0.100749,0.238173,0.476766
175.032018141,2.07976,0.224468,0.249552,1.7718,0.169073,1.84567,0.0688473,0.589438,0.729384,0.109736,0.0244701,0.503027
175.078458050,1.46949,0.168977,0.0542139,1.84695,0.00636575,1.94541,0.376346,0.794168,0.78664,0.18277,0,0.632333
175.124897959,1.03388,0.374932,0,1.5781,0.0338829,2.00577,0.462005,0.872201,1.3431,0.0976573,0.0206751,0.599558
175.171337868,1.11821,0.56735,0.17741,1.21551,0.0756164,2.19505,0.271828,0.465837,1.98088,0.00148798,0.0569946,0.39865
175.217777778,1.34076,0.625264,0.36165,1.03308,0.0845517,2.45442,0.157616,0.392655,2.1819,0.000291275,0.111318,0.27282
175.264217687,1.5713,0.402078,0.502162,1.03622,0.127359,2.47282,0.0396058,0.446375,2.04409,0,0.166312,0.21595
175.310657596,1.58175,0.246729,0.482066,1.37829,0.11729,2.09065,0.0385765,0.67526,1.22882,0,0.0259115,0.380966
175.357097506,1.77617,0.228267,0.383918,1.92166,0.151042,1.42405,0.0699933,1.44957,0.406965,0.0962168,0.0222446,0.53277
175.403537415,1.78442,0.214877,0.384342,2.39709,0.135559,0.928832,0.294938,1.83735,0.17754,0.449346,0.429665,0.355872
175.449977324,1.13719,0.302691,0.907868,2.46604,0.0825834,0.669533,0.265001,1.94809,0.0214701,0.434066,0.65073,0.701438
175.496417234,0.657502,0.334494,1.54113,2.01372,0.0563239,0.377333,0.363445,2.15864,0.00911634,0.157068,0.841522,0.931864
175.542857143,1.13737,0.342507,1.89257,1.59647,0.116761,0.138941,0.443192,1.93381,0.00694963,0.0966967,0.803208,0.774311
175.589297052,1.54294,0.307441,1.64883,1.49724,0.465011,0.116484,0.540972,1.37806,0.0181651,0.090089,0.872013,0.485222
175.635736961,2.0783,0.382461,1.34374,1.18028,0.593055,0.24697,0.521551,0.988298,0.050608,0.228153,0.925518,0.081766
175.682176871,2.45678,0.171528,0.904931,1.33271,0.52283,0.323715,0.374803,1.68251,0.0381872,0.311895,0.576992,0.0254958
175.728616780,2.46056,0.0268957,0.683927,1.30363,0.434823,0.435654,0.134191,2.30459,0.0368874,0.28265,0.31559,0.11052
175.775056689,2.50838,0,0.622113,1.04669,0.653424,0.568917,0.0259731,2.52751,0.0362991,0.312661,0.258883,0.070582
175.821496599,2.87503,0.172922,0.194062,1.30023,1.03357,0.450683,0.19316,2.35361,0.0359042,0.275288,0.168302,0.00791969
175.867936508,3.13007,0.206413,0.056252,1.45795,0.818491,0.52075,0.389763,1.81818,0.0369497,0.771272,0.135319,0
175.914376417,3.14078,0.00500576,0.3239,1.13137,0.551112,0.555494,0.371786,1.01046,0.036275,1.13984,0.468345,0
175.960816327,2.984,0.00400087,0.457933,0.578135,1.07569,0.420969,0.374623,0.97141,0.0317484,0.962188,0.874967,0
176.007256236,2.96422,0.00311747,0.482524,0.629085,1.12069,0.20705,0.384771,1.1334,0.0203919,0.512963,1.19972,0
176.053696145,2.76821,0.00415314,0.435949,0.609412,1.27952,0.258459,0.354956,1.22905,0.0133648,0.20544,1.24495,0
176.100136054,2.57297,0.00357399,0.220922,0.723374,1.32155,0.293054,0.216932,1.54113,0.0148231,0.0835424,0.978185,0.129985
176.146575964,2.56059,0.0279719,0.194709,1.14127,1.27158,0.533889,0.0743781,1.75525,0.00943749,0.0205163,0.580039,0.111311
176.193015873,2.58344,0.136077,0.212188,1.21241,1.07453,0.505487,0.101745,1.87478,0.00576059,0,0.44968,0.212838
176.239455782,2.71234,0.0959013,0.0890588,1.17904,0.618567,0.684614,0.248797,1.91724,0.0045954,0,0.488571,0.132758
176.285895692,2.58356,0.0835961,0,1.03794,0.692101,0.815003,0.143116,2.22314,0.00241,0.078569,0.16639,0.157331
176.332335601,2.4626,0.00160024,0.00333312,0.786799,1.04861,0.779457,0.0804806,2.44124,0.00492538,0.44447,0,0.218629
176.378775510,2.42512,0.00154478,0.00329173,1.41725,0.865153,0.548647,0.111927,2.31958,0.0116521,0.688589,0,0.15355
176.425215420,2.31513,0.0797561,0.0474482,2.07101,0.383296,0.26057,0.428676,1.97255,0.0151092,0.589917,0.266548,0.0822732
176.471655329,1.89309,0.371788,0,3.03184,0.145433,0.246686,0.5362,1.81143,0.00950322,0.355307,0.42717,0.0447521
176.518095238,1.55483,0.372812,0,3.69444,0.13798,0.255036,0.314279,1.95771,0.00757755,0.183198,0.377729,0.177609
176.564535147,1.60022,0.297673,0.00309173,3.56882,0.137298,0.35775,0.364384,2.14527,0.0120428,0.069529,0.378326,0.129469
176.610975057,1.66606,0.194835,0.00352591,3.49499,0.153126,0.364939,0.388908,2.40253,0.016239,0,0.390477,0.318388
176.657414966,2.05561,0.149075,0.000187111,3.56351,0.174767,0.135303,0.405711,2.35497,0.0139639,0,0.376935,0.329628
176.703854875,2.3515,0.117652,0,3.28104,0.203298,0.154979,0.45643,2.14801,0.016168,0,0.334648,0.134577
176.750294785,2.51608,0.0448756,0,2.3722,0.184539,0.156596,0.54779,1.954,0.0229215,0,0.335673,0.0899817
176.796734694,2.57506,0.00353062,0,1.39017,0.201244,0.38848,0.529283,1.30172,0.186311,0,1.00591,0.121845
176.843174603,2.15494,0.00271038,0,1.28149,0.201155,0.527259,0.965593,1.07716,0.477992,0,1.60972,0.0875737
176.889614512,1.72972,0.00212991,0,1.2349,0.189465,0.351101,1.22096,1.34212,0.38705,0,1.76338,0.303334
176.936054422,1.75153,0.00110008,0.168613,1.22521,0.162038,0.0437663,1.27168,1.46476,0.15784,6.99408e-05,1.43626,0.279785
176.982494331,1.65594,0.0890593,0.207765,1.26557,0.567085,0.0501325,0.895723,1.75939,0.00855747,0,0.91077,0.223808
177.028934240,1.79509,0.265882,0.12224,1.23535,0.876441,0.0771041,0.775406,1.75032,0.273296,0.00699126,0.84279,0
177.075374150,2.0587,0.192364,0.16511,1.2905,0.880108,0.126209,0.677118,1.47237,0.483285,0.000553361,0.672724,0
177.121814059,2.14123,0.077208,0.295649,1.46818,0.883895,0.0896718,0.603978,1.40824,0.633491,0.000428724,0.531562,0.00171816
177.168253968,2.32796,0.147111,0.256924,1.83742,0.975627,0.0274791,0.560604,1.70601,0.357025,1.56947e-05,0.135824,0
177.214693878,2.30058,0.358611,0.538375,1.71172,0.865365,0.119513,0.435731,2.28781,0.0355459,0,0.0451421,0
177.261133787,2.2323,0.533387,0.676268,1.65252,0.553086,0.0325353,0.437276,2.57783,0,0,0.485081,0.000119941
177.307573696,2.41552,0.473297,0.612158,1.63253,0.378178,0.151233,0.370963,2.49773,0,0,0.849651,0.102777
177.354013605,2.50391,0.392222,0.45377,1.99137,0.194135,0.120555,0.386298,2.44615,0,0.0663947,0.760321,0.131767
177.400453515,2.21867,0.394564,0.451615,2.27486,0.134524,0.0225108,0.378865,2.18334,0,0.120939,0.582956,0.150525
177.446893424,1.8953,0.476996,0.537724,2.11825,0.291162,0,0.399499,2.08986,0.00686538,0.155056,0.511078,0.130036
177.493333333,1.75554,0.334767,0.733119,1.75965,0.481347,0,0.473315,2.14735,0.0265084,0.30766,0.826833,0.000225177
177.539773243,1.69943,0.332048,0.853563,0.848458,0.819165,0.167302,0.357863,2.37754,0.0248478,0.316026,1.43307,0
177.586213152,1.82126,0.319514,0.900638,1.12126,0.520587,0.288287,0.195653,2.37104,0.0260869,0.342623,1.37095,0.0833103
177.632653061,1.85382,0.351,0.66466,2.13732,0.415016,0.271981,0.110433,2.00164,0.0297831,0.220525,0.995248,0.223699
177.679092971,1.45997,0.269981,0.616334,2.3083,0.20295,0.10487,0.681665,1.83725,0.127156,0.180805,0.570501,0.405786
177.725532880,1.38034,0.259682,0.618048,2.2377,0.063842,0.0276988,1.29647,1.57916,0.197582,0.110992,0.157261,0.52
177.771972789,1.12992,0.444473,0.710165,2.08437,0.00676501,0.109419,1.26579,1.54175,0.0146209,0.0891354,0.725863,0.566625
177.818412698,0.812605,0.438701,1.0913,1.23458,0.0105456,0.245265,1.26372,1.66244,0,0.0355366,1.59383,0.569511
177.864852608,1.23205,0.532655,1.35976,0.230775,0.000969353,0.253719,0.887749,1.47597,0,0.104869,2.21346,0.680557
177.911292517,1.37644,1.16278,1.06733,0.132183,0.300773,0.315876,0.700902,1.59518,0.00282986,0.198337,1.2234,0.525697
177.957732426,1.24197,1.54572,0.908415,0.226845,0.279184,0.121367,0.607007,1.6234,0.00414067,0.495194,0.653655,0.74708
178.004172336,1.03236,1.8315,0.631241,0.321771,0.402509,0.229281,0.383778,2.01887,0.00172999,0.539929,0.708931,0.709597
178.050612245,1.42247,1.31753,0.589301,0.563367,0.525774,0.334676,0.166012,2.12896,0.0902429,0.551782,0.504018,0.107902
178.097052154,1.55646,0.167237,1.39083,1.26872,0.383309,1.45279,0.0919357,1.38927,0.0290517,0.322004,0.599772,0.744883
178.143492063,1.23452,0.216818,1.73924,1.20989,0.12672,2.025,0.231867,0.551372,0.0334545,0.312278,0.485452,1.15524
178.189931973,1.34881,0.187271,1.78972,1.09005,0.120085,2.20138,0.353825,0.306123,0.029512,0.126082,0.0729685,1.07606
178.236371882,1.57312,0.0114656,1.4168,1.12148,0.123402,2.21534,0.465744,0.540293,0.023496,0,0,0.83921
178.282811791,1.87791,0.164959,0.703707,1.18439,0.169457,2.00987,0.358373,1.44442,0.0204769,0,0,0.851341
178.329251701,1.94863,0.496036,0.342956,1.73653,0.592753,1.22154,0.340164,1.84994,0.0147451,0.000424127,0,0.667654
178.375691610,2.16622,0.381655,0.108344,2.50649,0.201832,0.368746,0.382827,1.90143,0.0172518,0.0558295,0.0303756,0.76943
178.422131519,2.12055,0.19222,0.24389,3.03506,0.0164482,0.19018,0.419109,1.81761,0.0155084,0.0800474,0.133971,0.731066
178.468571429,1.88055,0.090298,0.449675,3.13975,0.0197227,0.0728545,0.491307,1.62367,0.0110773,0.164542,0.712468,0.393226
178.515011338,1.83769,0.0929659,0.717396,2.85259,0.0358936,0.0878628,0.451686,1.35668,0.00613441,0.146184,1.1128,0.177994
178.561451247,1.31932,0.102223,0.91825,2.34276,0.284886,0.184988,0.449414,1.36911,1.45186e-05,0.0592475,1.01635,0.0689406
178.607891156,0.875374,2.71291e-05,0.844211,2.71485,0.274404,0.16036,0.490665,1.24896,0,0.0414099,0.81991,0.165297
178.654331066,1.06053,0.00254734,0.504681,3.05423,0.134444,0.0809605,0.425044,1.4533,0.00849844,0.00034664,0.883853,0.228846
178.700770975,1.36166,0.00312009,0.294953,2.98535,0.0641729,0.0901175,0.414561,1.92447,0.0248137,0,0.834621,0.132292
178.747210884,1.51606,0.0431691,0.195632,2.75129,0.0418117,0.0866366,0.490352,2.11793,0.0296008,0.0377917,0.78714,0.000173264
178.793650794,1.5027,0.0515766,0.3682,2.32594,0.0316589,0.0602997,0.552365,2.11122,0.0255805,0.00131706,0.723316,0.000106932
178.840090703,1.22703,0.045731,0.624599,2.07556,0.0550401,0.0433492,0.428871,2.02691,0.0203905,0.00625526,0.810516,0.473316
178.886530612,1.17679,0.0371258,0.633265,2.4245,0.055997,0.0632562,0.372728,2.0377,0.0136382,0.00607107,0.752705,0.500317
178.932970522,1.7546,0.105022,0.606893,2.74789,0.0387688,0.244379,0.09367,1.69883,0.01302,0.0025912,0.571927,0
178.979410431,2.22786,0.166361,0.851211,2.36627,0.0450573,0.111501,0.0642167,1.29632,0.488727,0,0.545037,0
179.025850340,2.27158,0.0728612,0.747715,1.74626,0.0806084,0.101655,0.330672,1.34025,1.09097,0,0.790642,0
179.072290249,2.54306,0.0789539,0.389311,1.21975,0,0.324413,0.768772,1.72498,1.30849,0.0210219,1.04305,0.116184
179.118730159,2.81841,0.0831217,0.33064,1.04851,0.0241342,0.395723,0.98909,1.20422,1.77621,0.0346364,1.08851,0.144407
179.165170068,2.9422,0.188553,0.526078,1.06435,0.00407601,0.417075,1.07777,0.563708,1.76126,0.0181033,1.10313,0.13879
179.211609977,2.7596,0.231622,0.707701,0.657706,0.023972,1.1324,1.07379,0.0777937,1.77968,0.00447426,0.994365,0.118364
179.258049887,2.52788,0.240461,0.838227,0.783533,0.083341,1.35426,1.29952,0.00289195,1.2265,0.23407,0.630445,0.102973
179.304489796,2.06879,0.17695,1.01886,0.893778,0.110723,1.39695,0.959462,0.00680292,1.39757,0.165884,0.380722,0.0956211
179.350929705,1.64711,0.429074,1.09358,0.740979,0.213574,1.29343,0.590746,0.0297541,1.44598,0.050483,0.770018,0.0468315
179.397369615,1.36807,0.511745,0.876184,0.707278,0.436399,1.07925,0.465543,0.043854,1.37559,0.0999031,1.14621,0.0593125
179.443809524,1.56833,0.180776,0.453638,0.958504,0.293372,1.05359,0.870273,0.21035,1.5638,0.0217332,0.897619,0.0716448
179.490249433,2.18299,0.172828,0.208465,1.16806,0.387007,0.650978,1.3956,0.676445,1.20994,0.0131875,0.291917,0.00631956
179.536689342,2.23805,0.275394,0.124787,0.719497,1.31216,0.672082,1.29355,0.826046,0.809853,0.00849853,0,0.132505
179.583129252,1.61486,0.137422,0.143031,0.775463,1.92165,1.1107,0.460272,1.0399,0.744861,0.00352965,0.00569399,0.732741
179.629569161,1.42026,0.126452,0.124479,0.465053,1.84956,1.50013,0.162391,1.11219,0.958304,0.00257662,0,0.702554
179.676009070,1.46895,0.14396,0.11016,0.649062,1.46798,1.68635,0.114794,1.22459,1.15527,0.00451501,0.0307575,0.509977
179.722448980,1.46862,0.0708177,0.118447,0.875735,1.12882,1.38292,0.00738708,1.36727,1.54206,0.005439,0.247143,0.345078
179.768888889,1.66661,0.0517866,0.076498,1.67846,0.437438,0.510917,0.00182968,1.37279,1.55117,0.00377366,0.287759,0.119002
179.815328798,1.65452,0.0659918,0.234471,2.04567,0.411959,0.123777,0.160187,1.21469,1.39816,0.000598329,0.285385,0.163428
179.861768707,1.65117,0.0270345,0.267093,2.06517,0.489315,0,0.24708,1.36232,1.37131,0.000655759,0.222459,0.262153
179.908208617,2.05225,0.00100432,0.258114,1.96563,0.343804,0,0.261597,1.44143,1.22406,0.0333161,0.0784388,0.358191
179.954648526,2.93476,0.000642454,0.270981,1.34996,0.289552,0.0109626,0.343027,1.13061,1.38892,0.0463721,0,0.216701
180.001088435,3.34636,0.20035,0.124317,1.03851,0.119746,0.843098,0.283587,1.06514,1.41285,0.0351282,0.0147641,0.168574
180.047528345,3.11155,0.242476,0.118826,0.929814,0.0112212,1.7148,0.158051,0.749677,1.57675,0.0414889,0.116237,0.0598976
180.093968254,2.76616,0.255526,0.102961,0.825211,0,2.42891,0.073718,0.530566,1.6441,0.0398857,0.117531,0.0775241
180.140408163,2.40583,0.179084,0,0.705188,0.238443,2.36305,0.0639999,0.685484,1.6886,0.0454216,0.0379257,0.144635
180.186848073,1.96913,0,0.0130971,0.718155,0.0659407,1.78076,0.0236302,1.00549,1.97502,0.0477847,0,0.399206
180.233287982,1.74805,0.00578122,0.465178,0.868352,0.102054,0.918602,0,1.23636,2.0246,0.048016,0,0.512019
180.279727891,1.77095,0.0107861,0.889354,0.870292,0.117219,0.286419,0.153216,1.30806,1.9957,0.0489811,0,0.479187
180.326167800,1.98216,0.000759438,0.701532,1.10533,0.119863,0.00231529,0.647442,1.20362,1.64554,0.0506836,0,0.559064
180.372607710,2.30436,0.00119709,0.0144741,1.11053,0.13597,0.00726082,1.39939,1.10183,1.40463,0.0657244,0,0.691298
180.419047619,2.42599,0,0,0.862622,0.239614,0.0452254,1.64682,1.0865,1.34087,0.0441086,0.0402654,0.633088
180.465487528,2.589,0,0,0.861163,0.595447,0.0592407,1.34429,1.0134,1.26337,0.034919,0.111068,0.528542
180.511927438,2.73014,0.000123289,0,0.891892,0.894506,0.0547011,0.776971,1.0415,1.39584,0.0402958,0.0999639,0.64868
180.558367347,2.86269,0.010456,0,0.836435,0.715045,0.04955,0.127251,1.22951,1.66635,0.0592154,0.0461323,0.634627
180.604807256,2.655,0.000134931,0.00214336,1.14661,0.461258,0.0599966,0,1.33965,1.65082,0.0543008,0,0.662344
180.651247166,2.40131,0,0.00354164,1.45292,0.272888,0.0634562,0,1.34514,1.64316,0.215101,0,0.652137
180.697687075,2.56148,0,0.00221663,1.71215,0.194532,0.0860775,0,1.29359,1.63389,0.248757,0.0979232,0.462525
180.744126984,2.75097,0,0.00236631,1.71092,0.0886669,0.101936,0.00422445,1.46604,1.77549,0.120107,0.165084,0.202792
180.790566893,2.91853,0,0.0221113,1.38495,0,0.118931,0,1.45098,1.86851,0.0494177,0.139894,0.252443
180.837006803,2.76592,0.0888642,0.0771558,0.92732,0.0999878,0.27036,0.0150062,1.54642,1.89485,0.0240607,0.0500142,0.253563
180.883446712,2.02968,0.453038,0.149731,0.536548,0.161458,1.30607,0.0149579,1.78393,1.60749,0.00811986,0,0.332254
180.929886621,2.00426,0.451422,0.257333,0.386311,0.41137,1.53729,0,1.64319,1.25792,0.042337,0,0.174394
180.976326531,2.46408,0.407133,0.774825,0.403079,0.527907,1.67043,0.124506,1.30939,1.49779,0.289382,0.00752025,0.104093
181.022766440,2.73764,0.376123,0.671584,0.865205,0.552158,1.99975,0.282588,0.700449,1.73488,0.239593,0.048469,0.131544
181.069206349,2.34654,0.273559,0.134504,0.894592,0.535824,2.51425,0.352932,0.563446,1.71639,0.21249,0.0819297,0.123881
181.115646259,2.19261,0.295362,0.338134,0.393989,0.127965,2.5011,0.403893,0.42761,1.65987,0.317544,0.081582,0.106553
181.162086168,2.26039,0.343051,0.341065,0.771338,0.0078158,2.23716,0.757599,0.201539,1.15743,0.485661,0.070964,0.222394
181.208526077,2.18234,0.191339,0.359349,1.22712,0.0163776,1.7068,0.503992,0.18915,0.995402,0.538966,0.111361,0.362993
181.254965986,2.14633,0.06906,0.36871,1.22249,0.0650268,2.04637,0.211207,0.280838,1.14983,0.489741,0.148943,0.343247
181.301405896,2.00209,0.0136912,0.452498,1.17565,0.29109,2.41725,0.211259,0.611742,1.3075,0.170803,0.185072,0.293897
181.347845805,1.79955,0.140865,0.338843,0.714716,0.30398,2.94086,0.213352,0.566047,1.24539,0.191691,0.221078,0.440548
181.394285714,1.49199,0.260906,0.183251,0.201134,0.0833238,3.37066,0.251067,0.332435,1.40949,0.360454,0.116087,0.854558
181.440725624,0.9996,0.294859,0.194078,0.121855,0.0546712,3.38743,0.359825,0.498921,1.31139,0.406237,0.0828161,1.06968
181.487165533,1.20392,0.318723,0.386624,0.0906155,0.0437187,3.25779,0.332201,0.30191,1.32491,0.356496,0.0985088,0.952367
181.533605442,1.53254,0.219753,0.50239,0.562165,0.43779,2.77395,0.394517,0,1.30557,0.442419,0.0885669,0.411603
181.580045351,1.89814,0.294691,0.551524,0.89026,0.493965,2.39202,0.413817,0,1.27536,0.49782,0.268175,0.0973992
181.626485261,1.96411,0.275305,0.424871,1.43996,0.0348749,2.24743,0.433065,0.0135067,0.835097,0.500202,1.18139,0.0844215
181.672925170,1.9367,0.304015,0.338767,1.59225,0.0357708,2.11085,0.33755,0.0319213,0.555148,0.421354,1.42247,0.0840568
181.719365079,1.73477,0.349435,0.314946,1.19735,0.0553474,1.96769,0.0506503,0.159051,0.779689,0.352536,1.43542,0.18294
181.765804989,1.64709,0.314261,0.299833,0.157954,0.0402883,1.68483,0.112321,0.31614,1.12179,0.367838,1.13945,0.357845
181.812244898,2.13184,0.205993,0.35658,0.0696592,0.598259,2.08035,0.125732,0.205696,1.45809,0.355456,0.111673,0.587216
181.858684807,2.48653,0.260791,0.181035,0.101126,0.746412,2.57759,0.304152,0.297782,1.49557,0.299608,0.0928305,0.370185
181.905124717,2.46324,0.250857,0.0992432,0.12404,0.412185,2.94529,0.387852,0.288292,1.38666,0.215156,0.107017,0.001415
181.951564626,2.47929,0.228082,0.139145,0,0.229624,3.39989,0.312133,0.230903,1.13772,0,0.0619645,0
181.998004535,2.48494,0.0533168,0.191814,0,0.206912,3.71528,0.20615,0.129883,1.42291,0,0.0434759,0.115258
182.044444444,2.55743,0.000182505,0.207782,0.00551866,0.201123,3.77984,0.242866,0.09677,1.63574,0,0.0184146,0.128878
182.090884354,2.37255,0.00267738,0.301281,0.0204105,0.00145759,3.77795,0.267004,0.106641,1.72742,0,0.0128771,0.195794
182.137324263,1.95908,0.0465713,0.376982,0.117348,0.00466193,3.60624,0.259414,0.175558,1.70456,0,0.010424,0.590849
182.183764172,2.20125,0,0.415306,0.472973,0.00310191,3.19428,0.334121,0.193249,1.74114,0.0353452,0.0138472,0.646801
182.230204082,2.19977,0,0.384567,0.624962,0.00570475,3.18043,0.218072,0.231816,1.60837,0.0242964,0.0109512,0.915378
182.276643991,2.14452,0.0709012,0.24903,0.753615,0.00861729,2.92549,0.0975812,0.358122,1.37795,0,0,1.09393
182.323083900,2.14436,0.208699,0.106344,0.448669,0.0153664,2.98202,0.00834705,0.392154,1.21908,0,0,1.02284
182.369523810,1.81263,0.258823,0.0427557,0.0178805,0.0453602,3.21911,0.0059072,0.402831,1.15595,0,0.0241991,1.04932
182.415963719,1.25455,0.23928,0.0976404,0.0116109,0.0662963,3.21036,0.0246603,0.460265,1.08154,0,0,1.01789
182.462403628,1.70332,0.182482,0.134179,0.106625,0.0639107,3.13263,0.0407699,0.331394,0.903672,0.208646,0,0.721735
182.508843537,1.99438,0.0400507,0.1344,0.111847,0.060137,3.21662,0.0444772,0.322609,0.663623,0.411161,0,0.354279
182.555283447,2.14793,0,0.14579,0.0794492,0.0329525,3.40858,0.0307297,0.300679,0.509605,0.321182,0.0507413,0.246032
182.601723356,2.19483,0.0372649,0.155542,0.229383,0.00332615,3.49208,0.0259162,0.287109,0.446325,0.180063,0.025474,0.321592
182.648163265,1.91739,0.175292,0.244961,0.338866,0.00637986,3.44701,0.0521351,0.363574,0.407197,0.0606574,0.0133778,0.753599
182.694603175,1.71353,0.248597,0.10891,0.469343,0.0199359,3.30182,0.0782781,0.605717,0.0453282,0.0107974,0.164103,0.577315
182.741043084,1.89253,0.245908,0.286012,0.383884,0.0845973,3.37031,0.277133,0.858398,0,0,0.194751,0.564025
182.787482993,2.16969,0.291677,0.115453,0.25305,0.0983272,2.93235,0.383156,1.01924,0,0.0892441,0.110967,0.416087
182.833922902,2.62323,0.178965,0.05283,1.06913,0.167235,2.16956,0.401492,1.14293,0,0.013894,0.102629,0.262609
182.880362812,2.60121,0.168238,0.00249099,1.78459,0.425841,1.64242,0.432334,1.29773,0.00925551,0,0.423872,0.165396
182.926802721,2.50946,0.0962308,0.0331366,2.2118,0.365274,1.785,0.469093,1.35002,0.0171968,0.157265,0.307457,0.0925602
182.973242630,2.52348,0.0723117,0.263755,2.44295,0.0793635,1.99142,0.463636,1.15247,0.0603888,0.212052,0.372387,0.0717931
183.019682540,2.41663,0.00657377,0.318448,2.6113,0.0644873,1.95821,0.449273,1.03989,0.0739465,0.238034,0.479794,0.0624903
183.066122449,2.34059,0,0.297005,2.79832,0.10246,1.89501,0.279503,1.2513,0.0738701,0.280031,0.636915,0.0779092
183.112562358,2.13925,0,0.218556,2.94039,0.116058,2.09948,0.0288514,1.4645,0.0316697,0.340278,0.989577,0.0804313
183.159002268,2.06912,0,0.199479,2.94512,0.121354,2.03504,0.0262085,1.6914,0.0306004,0.307817,1.02452,0.0815439
183.205442177,2.0403,0.0873288,0.149428,2.64513,0.13349,1.84511,0.232271,1.64831,0.0311616,0.270598,0.982776,0.0404148
183.251882086,1.86053,0.171953,0.117713,2.1748,0.135857,2.04662,0.376977,1.33013,0.0453051,0.427678,0.856125,0.00138044
183.298321995,1.66563,0.208252,0.126913,2.05443,0.121469,2.24703,0.448809,1.09309,0.115256,0.506659,0.440251,0
183.344761905,1.54544,0.223186,0.116702,1.75434,0.0927355,2.25363,0.523285,0.89864,0.279949,0.431709,0.283713,0.12609
183.391201814,1.58708,0.0310331,0.114739,1.41333,0.347594,2.36631,0.418601,0.397335,0.315274,0,0.20607,0.3039
183.437641723,1.76077,0,0.0342929,2.03429,0.777856,2.03023,0.266579,0.446214,0.16246,0,0.138972,0.416242
183.484081633,1.85433,0.0323196,0.0223528,3.24265,0.30797,1.22669,0.120975,0.600613,0.028417,0,0.284903,0.530203
183.530521542,1.82894,0.0489189,0.0383216,3.81209,0.115081,0.563563,0.0183979,0.922383,0.0182626,0,0.575925,0.436558
183.576961451,2.05501,0.00196859,0.111909,3.89533,0.0290189,0.266545,0.0249834,1.29325,0.0621776,0,0.645143,0.323314
183.623401361,2.08872,0.00232703,0.0464325,3.72246,0.288453,0,0.25234,1.57572,0.0281199,0,0.900523,0.262526
183.669841270,1.98273,0.0160841,0.0857327,2.92931,0.380646,0.066471,0.279681,1.6918,0.107196,0,0.879191,0.257385
183.716281179,1.8329,0.00357949,0.199537,2.69626,0.128415,1.1376,0.28542,1.4197,0.761635,0,0.321147,0.269622
183.762721088,1.69829,0.00296775,0.12415,2.50944,0.102997,1.991,0.294342,0.959169,1.07368,0.0336672,0.113538,0.263588
183.809160998,1.52535,0.00249494,0.0623581,2.23539,0.0903794,2.29447,0.32006,0.749692,1.09518,0.130106,0,0.250294
183.855600907,1.66809,0.00157343,0.202521,1.84641,0.0370822,2.60166,0.348842,0.173815,0.984354,0.0985658,0,0.261347
183.902040816,1.93289,0.0318346,0.430252,1.58675,0.00681705,2.14305,0.318883,0.423087,1.05944,0,0,0.490421
183.948480726,2.01067,0.115526,0.290953,1.41707,0.145053,1.54536,0.313222,1.12891,0.879745,0,0.0222898,0.61067
183.994920635,2.00222,0.385356,0.115325,1.60873,0.396024,0.448944,0.459671,2.05031,0.370338,0,0.172859,0.442071
184.041360544,1.92574,1.01413,0,2.03057,0.310186,0.336194,0.506914,2.46514,0.0266716,0,0.116065,0.318045
184.087800454,2.42925,0.455533,0.00169698,2.10871,0.533752,0.211266,0.534743,2.16697,0.138469,0,0.0339775,0.216339
184.134240363,2.92112,0.00393617,0.0785919,1.55121,0.54259,0.092334,0.354286,2.03644,0.260045,0.000769761,0.0394199,0.441598
184.180680272,3.07929,0.00390162,0.160193,1.15598,0.612885,0.0888388,0.35709,1.83416,0.174126,0,0.0310407,0.507472
184.227120181,3.00621,0.0038699,0.0492731,1.17185,0.729639,0.113561,0.398967,1.66678,0.198429,0,0,0.425772
184.273560091,2.82525,0.00312867,0.0023295,1.3143,0.578433,0.13738,0.423361,1.80946,0.184211,0,0,0.233886
184.320000000,2.4997,0.00322914,0.00284408,1.43216,0.534173,0.159941,0.437379,1.80243,0.149558,0.0208354,0,0.846795
184.366439909,2.12267,0.00182688,0.00495621,1.57359,0.432674,0.176492,0.444248,1.934,0.070513,0.0209565,0.000673763,1.30116
184.412879819,2.34324,0.0313533,0.0126529,1.76905,0.391722,0.170206,0.309429,2.00524,0.0461725,0.019125,0.098773,1.0159
184.459319728,2.63349,0.0281224,0.00154604,1.50966,0.43934,0.166235,0.0915335,2.15241,0.0622068,0.0181222,0.257285,0.345583
184.505759637,2.81893,0.0160479,0.0344704,1.46607,0.333784,0.184414,0.317829,2.27759,0.0237706,0.00371383,0.166527,0.10096
184.552199546,2.81306,0.00176955,0.147968,1.48595,0.307477,0.17038,0.343765,2.49495,0.00545793,0.00631247,0.0475871,0.212084
184.598639456,2.5763,0.00296707,0.46164,1.51948,0.245127,0.258551,0.344156,2.47736,0,0.123283,0.257649,0.422979
184.645079365,2.30673,0.00351811,0.516857,1.68863,0.272545,0.195752,0.359567,2.21679,0.201617,0.322571,0.427806,0.324471
184.691519274,2.00906,0.200472,0.197393,1.62025,0.538098,0.325375,0.39805,1.14267,0.673821,0.431816,0.276958,0.202519
184.737959184,2.42009,0.111067,0.111394,1.40527,0.649231,0.727969,0.478741,0.270242,0.949121,0.567778,0.0668097,0.180332
184.784399093,2.67542,0.00192506,0.163314,1.163,0.800202,0.706361,0.471407,0.0345194,0.914938,0.659176,0.0617503,0.311223
184.830839002,2.57802,0.068754,0.213336,1.0919,0.72921,1.07403,0.464934,0.0549702,0.977678,0.607566,0.0782675,0.682263
184.877278912,2.6262,0.118242,0.200901,1.30404,0.570572,1.12686,0.442851,0.260986,1.02168,0.531948,0.0657363,0.646491
184.923718821,2.56771,0.0156487,0.217401,1.32606,0.598992,0.987703,0.290588,0.801968,0.967989,0.450797,0.0642429,0.415835
184.970158730,2.48411,0.0774189,0.191803,1.49466,0.645871,0.480846,0.121858,1.01077,0.620318,0.544806,0,0.344497
185.016598639,2.4693,0.083284,0.0108095,1.81614,0.819903,0.459572,0.138663,1.43915,0.192438,0.544691,0.0679387,0.146158
185.063038549,2.4874,0.0489849,0.0302923,2.19269,0.698227,0.505864,0.258474,1.47407,0.883699,0.363603,0.00793772,0.15836
185.109478458,1.93874,0.0144239,0.290521,1.65481,0.293892,0.850806,0.307754,1.09188,1.34062,0.283097,0.038585,0.910015
185.155918367,1.79613,0.0434448,0.472504,1.25433,0.312113,1.19837,0.312858,1.05964,1.29282,0.247658,0.0816807,1.20618
185.202358277,2.10385,0.019494,0.401792,1.13257,0.223897,1.6031,0.332074,1.33003,1.26031,0.115118,0.047265,1.24062
185.248798186,2.26913,0.00432139,0.457281,0.9349,0.185487,1.71163,0.372684,1.24172,1.26342,0.153015,0.0748199,0.918055
185.295238095,2.12649,0.00233202,0.627626,0.678994,0.336338,1.57859,0.396992,1.15446,1.27934,0.192062,0.113301,0.506545
185.341678005,2.15286,0.0033067,0.431977,1.40035,0.220902,1.13746,0.356027,1.2667,1.19884,0.260137,0.210352,0.160375
185.388117914,2.22102,0.00196876,0.344784,1.8732,0.147093,0.572129,0.209504,1.26254,0.717089,0.360742,0.854299,0.145336
185.434557823,2.09109,0,0.50865,2.34065,0.0632622,0.50497,0.119741,1.34377,0.412264,0.344031,1.18952,0.133607
185.480997732,2.09583,0.0389715,1.02819,1.96231,0.0490293,0.583952,0.172424,1.4489,0.216137,0.276021,1.02891,0.0653449
185.527437642,1.73171,0.218533,1.0918,1.10637,0.293334,1.80862,0.368388,1.39694,0.386762,0.138976,0.266103,0.072869
185.573877551,1.9908,0.24701,0.716523,0.773963,0.303605,2.40717,0.487716,1.34301,0.374629,0.00958668,0.237654,0.0751582
185.620317460,2.63411,0.224579,0.638848,0.548393,0.000172031,2.87143,0.496254,0.960549,0.603024,0,0,0.0443735
185.666757370,2.75029,0.00190502,0.566365,0.523484,0,3.0847,0.415032,0.892897,0.609251,0,0.0313718,0.0261459
185.713197279,2.74355,0.000476019,0.469156,0.538138,0.00420657,2.83387,0.397542,1.05054,0.451075,0,0.0289637,0.0164039
185.759637188,2.82485,0.138565,0.268538,0.818562,0.377928,1.88805,0.408284,1.23536,0.410685,0,0,0.0347518
185.806077098,2.94728,0.000564647,0.321115,1.55583,0.587493,0.968233,0.439442,1.5234,0.21519,0,0,0.126212
185.852517007,2.96193,0.00204314,0.820158,1.60312,0.277764,0.436536,0.370971,1.71648,0.0488269,0,0,0.273345
185.898956916,2.72785,0.00150068,1.21339,1.35616,0.0411995,0.555732,0.312211,2.01037,0.0135975,0,0,0.190445
185.945396825,2.69618,0.0568138,1.23375,1.1753,0.0178676,0.518752,0.307674,2.03033,0.0263838,0.00170702,0,0.438092
185.991836735,2.50747,0.0887222,1.02641,0.902401,0.115266,0.399956,0.372546,1.6599,0.79585,0.00789805,0,0.495937
186.038276644,1.95446,0.327318,0.712588,0.973941,0.702949,0.245723,0.423772,1.22282,1.21585,0.00128166,0.00618987,0.231439
186.084716553,2.01524,0.23505,0.409519,1.08331,1.06669,0.154606,0.393364,1.42068,1.28766,0,0.00421338,0.184502
186.131156463,1.99052,0.0590905,0.356466,1.23251,1.22314,0.116469,0.369072,1.8897,0.929184,0,0,0.173144
186.177596372,1.91858,0.0379514,0.484704,1.26427,1.25929,0.110976,0.417129,2.2975,0.342256,0,0.019952,0.30465
186.224036281,2.19529,0.0556323,0.640946,1.24279,0.983914,0.0898922,0.410463,2.31311,0.0318058,0,0.144368,0.439866
186.270476190,2.35906,0.0531473,0.761369,1.15575,0.764379,0.107867,0.39525,2.31145,0.0351125,0,0.203523,0.506534
186.316916100,2.43196,0.256457,0.758017,1.09034,0.739935,0.0442537,0.180016,2.54567,0.0166195,0,0.167597,0.0953153
186.363356009,2.47099,0.00337865,0.769201,1.03662,0.57925,0.0491531,0.303703,2.47966,0.218689,0,0.0580014,0.0998847
186.409795918,2.61037,0.148885,0.870364,1.02104,0.234989,0.0443123,0.242754,2.09986,0.969929,0,0.0306656,0.186997
186.456235828,2.94406,0.127037,0.966652,0.669158,0.0665957,0.00156374,0.482834,1.71259,1.32376,0,0.0559302,0.190672
186.502675737,3.26029,0.288619,0.868297,0.357456,0.133265,0.278475,0.742322,1.2644,1.61597,0,0.0924936,0.207814
186.549115646,3.22718,0.198234,0.884185,0.435832,0.120229,0.292288,0.837497,0.839264,1.87242,0,0.0698883,0.325906
186.595555556,3.02667,0.0364459,1.08861,0.714498,0.0745396,0.386174,0.872763,0.303441,1.93559,0,0.0520197,0.31441
186.641995465,2.73552,0.0195266,1.17666,0.453458,0.110599,0.920459,0.978624,0.134843,1.60981,0.0113752,0.148899,0.291011
186.688435374,2.49092,0.0121557,1.28489,0.55804,0.112613,1.27656,1.0036,0.183619,1.57544,0.00411789,0.259469,0.143295
186.734875283,2.21432,0.0033384,1.39674,0.564326,0.124375,1.15342,0.853712,0.232677,1.67923,0,0.336219,0.0248851
186.781315193,1.99444,0.0365037,1.33504,0.739994,0.125211,1.14422,0.709086,0.18784,1.69031,0.00180439,0.305783,0.037454
186.827755102,2.10266,0.00110419,1.05913,1.05624,0.119319,1.00359,0.74451,0.218478,1.759,0.161364,0.290494,0.0850684
186.874195011,2.14362,0.21451,1.03064,1.01863,0.204677,0.483816,0.792362,0.0269487,1.86304,0.0585224,0.253399,0.240058
186.920634921,1.80734,0.297674,1.13901,0.885249,0.546057,0.289158,0.978232,0.016234,2.03136,0.346437,0.161433,0.192522
186.967074830,1.47754,0.334331,1.11969,0.820013,0.59824,0.456846,0.949896,0.01736,1.89662,0.912319,0.0064311,0.0212953
187.013514739,1.18595,0.326943,1.08458,0.800295,0.458399,0.537749,0.784474,0.0100233,0.930394,1.96328,0.000642745,0.0816933
187.059954649,1.05773,0.130823,1.0005,0.869072,0.43797,0.223699,0.72083,0.093044,0.759234,2.40049,0.00711406,0.0893567
187.106394558,1.14267,0.003147,0.630466,1.10861,0.777838,0.0823906,0.453239,0.348754,0.951072,2.35694,0.00754352,0.0883999
187.152834467,1.38081,0.0029747,0.504538,1.46241,0.76837,0.145903,0.143957,1.25825,0.872769,1.55193,0,0.0717394
187.199274376,1.42605,0.143075,0.772868,1.57525,0.562484,0.19232,0.0246905,2.18893,0.665584,0.519442,0.140062,0
187.245714286,1.73032,0.100005,0.982648,1.31088,0.198703,0.117211,0.012185,2.40964,0.627885,0.0158717,0,0.18461
187.292154195,2.21678,0.0515765,0.966022,0.937976,0.248911,0.106785,0.0389586,2.39993,0.880534,0.035654,0,0.238677
187.338594104,2.49666,0.0218707,0.765115,0.673085,0.317327,0.0570536,0.0605556,2.3349,1.04314,0.0306429,0.0143368,0.166643
187.385034014,2.43466,0.177433,0.921831,0.999318,0.167037,0,0.103335,2.1821,0.930078,0.0327688,0.0422226,0.0940649
187.431473923,2.34639,0.249801,1.13431,1.08453,0.147579,0,0.0386762,2.52439,0.937697,0.0407561,0.0473763,0.084386
187.477913832,1.94409,0.291211,1.21977,0.674922,0.154332,0.00419968,0.0549981,2.83123,0.955243,0.0474157,0.0172059,0.109347
187.524353741,1.77632,0.148812,1.11146,0.574483,0.270616,0.00319395,0.08313,2.945,0.91736,0.0502958,0,9.57504e-05
187.570793651,1.98555,0.0149783,1.0767,0.72869,0.232427,0.0426439,0.104623,2.76472,1.06785,0.0468717,0.00857804,0.000126878
187.617233560,2.45173,0,1.09052,0.533062,0.21295,0.29094,0.153589,2.65313,1.02819,0.0454073,0.0584033,7.62707e-05
187.663673469,2.3886,0.000495492,1.1229,0.387726,0.175917,1.34526,0.0563528,2.43579,1.09813,0.048356,0.000442264,3.24644e-05
187.710113379,2.45697,0.00113913,1.12886,0.335129,0,1.82873,0.0162774,1.83333,1.34589,0.0457863,0.000785405,0.0132955
187.756553288,2.42195,0.00151369,1.02069,0.531357,0,2.13573,0,1.6378,1.48974,0.042621,0.00127065,0.0423338
187.802993197,2.54203,0.0015724,0.807831,0.690108,0,2.15126,0,1.56386,1.77292,0.0424368,0.00114831,0
187.849433107,2.50539,0.0022356,0.451629,0.772896,0.125075,2.29362,0.0141455,1.27881,1.82937,0.0516004,0.000400008,0
187.895873016,2.4683,0.00369628,0.0949638,0.693536,0.169895,2.37887,0.104638,1.20219,1.7191,0.0613488,0.037298,0.0293243
187.942312925,2.49509,0.00221133,0.135877,0.558407,0.0598545,2.50048,0.146541,1.16094,1.65941,0.0563874,0.0779327,0.161265
187.988752834,2.2241,0.00162614,0.497013,0.474246,0,2.58488,0.197697,1.30945,1.59506,0.0363477,0.0190801,0.23439
188.035192744,1.52458,0.00104012,0.868762,0.707359,0.25916,2.32533,0.100208,1.44249,1.63188,0.0418818,0.211145,0.228701
188.081632653,1.10946,0.0659825,0.862201,1.05263,0.561598,1.49013,0.0578869,1.35861,1.8492,0.0398349,0.470684,0.141017
188.128072562,1.00295,0.0784161,0.890118,1.28466,0.413627,0.493152,0.0528946,1.34032,1.99965,0.0404464,0.621731,0.084553
188.174512472,0.917044,0.0543154,0.889187,1.31936,0.182727,0.00780218,0.0910084,1.41093,2.15942,0.0354089,0.651953,0.198655
188.220952381,1.22531,0,0.788322,1.38039,0.236851,0.24147,0.255715,1.3062,2.20605,0.0439886,0.434768,0.400057
188.267392290,2.0345,0.20173,0.721432,1.766,0.00847666,0.460602,0.491021,1.03118,2.02003,0.239352,0.127545,0.422587
188.313832200,2.76042,0.270171,0.338893,1.53518,0,0.529858,0.585401,1.09705,1.87881,0.317837,0.105813,0.198959
188.360272109,2.98704,0.376597,0.209436,0.761067,0.0625083,0.800375,0.653201,1.18218,1.73535,0.274053,0.126394,0.148167
188.406712018,2.68943,0.292034,0.65281,0.312254,0.711033,0.944951,0.628333,1.15039,1.56929,0.491437,0.103112,0.541846
188.453151927,2.3344,0.269803,1.12657,0.256621,0.935793,0.822282,0.830271,0.975618,1.44646,0.564563,0.093739,0.510867
188.499591837,1.96223,0.304603,1.32819,0.319043,1.05663,0.606516,0.939827,0.688173,1.38092,0.466834,0.119952,0.322464
188.546031746,1.20691,0.262768,1.2665,0.673408,0.888984,0.72928,0.924159,0.725953,1.29668,0.404247,0.182442,0.131126
188.592471655,0.857262,0.156058,1.04083,1.26699,0.316801,1.12722,0.698529,0.696548,1.39192,0.363254,0.818379,0.200054
188.638911565,0.734806,0.241446,0.850574,1.6955,0.0196,1.41264,0.524565,0.679183,1.34277,0.184511,1.18084,0.170547
188.685351474,0.655976,0.16238,0.688057,1.9033,0,1.91927,0.442117,0.619945,1.38897,0.409716,1.13039,0.0589417
188.731791383,0.790663,0.254802,0.282691,1.70269,0,2.13708,0.456239,0.710062,1.09765,0.494096,0.645519,0.0167985
188.778231293,1.55837,0.377829,0.133547,1.37313,0,2.38636,0.253,0.718897,0.496699,0.509935,0.0780246,0.406404
188.824671202,1.89211,0.403877,0.0635591,1.06389,0,2.8794,0.293705,0.407326,0.25578,0.701062,0.11808,0.351679
188.871111111,1.97766,0.265905,0.390393,0.855582,0,3.11747,0.311105,0.129879,0.499977,0.596998,0.114081,0.207431
188.917551020,2.0341,0.146441,1.06656,0.582082,0.0243382,3.00648,0.386801,0.13395,0.916708,0.554874,0.0890513,0.151135
188.963990930,1.77853,0.162951,1.3805,0.277368,0.196379,2.71072,0.496952,0.217238,1.12745,0.366903,0.0901088,0.222275
189.010430839,1.29099,0.200487,1.27637,0.176619,0.225139,2.64686,0.506679,0.312691,1.19595,0.388595,0.0942046,0.279232
189.056870748,1.66302,0.276221,1.00076,0.157294,0.325252,2.24964,0.28308,0.188977,1.28424,0.362156,0.195206,0.228964
189.103310658,2.10978,0.165363,0.693172,0.28329,0.301274,2.3444,0.115194,0.130874,1.40965,0.340759,0.161026,0.138834
189.149750567,2.0362,0.0208098,0.398105,0.493653,0.144899,3.18594,0.0326683,0.24782,1.40151,0.321776,0.0950216,0.178454
189.196190476,2.10044,0.213286,0.323468,0.640671,0.0491242,3.32665,0.0550209,0.27692,1.0523,0.325837,0.0656237,0.0926236
189.242630385,2.13008,0.232468,0.24295,0.520904,0.0677051,3.33212,0.316056,0.172338,1.11386,0.268844,0.0911811,0.123591
189.289070295,2.36727,0.19787,0.128743,0.492556,0.297899,3.35475,0.426648,0.100032,1.11931,0.0181875,0.114354,0.0836272
189.335510204,2.57023,0.148645,0.159363,0.487976,0.625809,3.14803,0.375824,0.117233,1.39518,0,0.0606242,0.0679463
189.381950113,2.46656,0,0.402695,0.590782,0.899603,2.72387,0.246048,0.173329,1.64326,0,0.0420994,0.200387
189.428390023,2.35087,0.0183756,0.627367,0.686647,0.979228,2.32345,0.259105,0.218625,1.60775,0,0.00141197,0.130353
189.474829932,2.16068,0.00921158,0.654795,0.609918,0.582261,2.79566,0.279901,0.202605,1.54182,0.136884,0.00754761,0.134646
189.521269841,2.20392,0.0660456,0.627419,0.484556,0.0847096,3.31225,0.431858,0.0998183,1.56567,0.00710335,0.0112517,0.006868
189.567709751,2.10992,0.00442713,0.641162,0.385393,0.0975432,3.39695,0.324144,0.126575,1.74916,0,0.0502437,0.0780918
189.614149660,2.01363,0.00781872,0.722626,0.281151,0.0813511,3.32005,0.371286,0.177397,1.78541,0,0.0409159,0.0597373
189.660589569,2.05327,0.0970832,0.769527,0.20451,0.087803,3.16665,0.371799,0.165237,1.64348,0,0.00487866,0.163236
189.707029478,1.77686,0.192717,0.632477,0.349455,0.110262,3.07127,0.10621,0.147064,1.46885,0.286345,0.376807,0.387457
189.753469388,1.28294,0.206428,0.626857,0.573504,0.115743,2.86842,0.0722012,0.0682009,1.33033,0.223397,0.524252,0.541831
189.799909297,1.16809,0.205301,0.761291,0.913306,0.0506719,2.61373,0.219513,0.0533455,1.07943,0.185853,0.183888,0.781869
189.846349206,1.00827,0.136018,0.873207,0.89068,0.0253358,2.45054,0.299243,0.0570595,0.806039,0.160024,0.0581495,1.43504
189.892789116,1.07158,0,0.932167,0.371917,0.0112976,3.12253,0.252989,0.257003,1.25682,0.0863588,0,1.587
189.939229025,1.07634,0,0.77924,0.0741767,0.00674631,3.6798,0.139521,0.422757,1.47717,0.00120085,0.0725901,0.98288
189.985668934,1.23005,0.0132882,0.723917,0.237541,0.140783,3.80837,0.0953533,0.329883,1.44879,0.075788,0.0886704,0.267917
190.032108844,1.22669,0,0.536232,0.459753,0.00190651,3.66832,0.120469,0.265423,1.14836,0.293509,0,0.561155
190.078548753,1.06243,0.150985,0.293632,0.800997,0.015845,3.27869,0.12696,0.644662,0.241181,0.353626,0.0162602,1.0098
190.124988662,0.538958,0.120549,0.160413,1.12906,0.0397528,2.74468,0.298191,1.30263,0.168277,0.282495,0.027906,0.696769
190.171428571,1.31471,0.222279,0.101629,1.75904,0.0448368,1.92346,0.404248,1.23706,0.0513244,0.17627,0.0275345,0.24975
190.217868481,2.15947,0.205421,0.117145,1.78774,0.243791,1.6942,0.370032,1.03401,0.0278586,0.188752,0.150358,0.159154
190.264308390,2.223,0.1477,0.139318,1.91174,0.459523,1.30819,0.385997,1.35738,0,0.221746,0.0901266,0.143268
190.310748299,1.9302,0.103532,0.187424,2.11499,0.470126,0.804509,0.399232,1.65912,0.0143847,0.322697,0.0817631,0.25337
190.357188209,1.61242,0.0824863,0.260863,2.38065,0.29305,0.83873,0.417347,1.81313,0.100849,0.403063,0.126073,0.8358
190.403628118,1.37738,0.0455237,0.247382,2.74061,0.0162445,1.40359,0.39063,1.65092,0.23614,0.465388,0.284816,0.61881
190.450068027,1.43188,0.0948858,0.282236,2.67039,0.0568848,1.06142,0.165087,1.40731,0.518534,0.53329,0.201653,0.0886746
190.496507937,1.44591,0.372828,0.185507,2.35396,0.0194819,0.995236,0.0255443,1.35002,1.23953,0.451818,0.0670659,0.0890845
190.542947846,1.73608,0.926552,0.0703168,2.40148,0,0.768502,0.0100522,1.40478,0.737351,0.379628,0.0292668,0.0653466
190.589387755,1.57774,0.58279,0.0176248,2.50921,0,0.408966,0.34061,1.64527,0.176165,0.574685,0.418573,0.000487856
190.635827664,1.48947,0.238945,0.0922087,2.59175,0.0150964,0.49391,0.577098,1.70255,0.0697372,0.38983,0.746206,0.000302802
190.682267574,1.49458,0.19092,0.116829,3.15722,0.0213669,0.75552,0.458607,1.72212,0.00214351,0.00803202,1.15481,0.000178103
190.728707483,1.47756,0.11634,0.12458,3.64482,0.0141075,1.00286,0.33084,1.68694,0.00171129,0,1.06748,0.0172043
190.775147392,1.56322,0.00192565,0.0903321,3.56155,0,1.1877,0.254991,1.59488,0.0755787,0.000119187,1.06396,0.139404
190.821587302,1.60007,0.00210174,0.0655902,3.3347,0.124538,1.14066,0.210252,1.52502,0.147477,0.019004,1.08723,0.138387
190.868027211,1.57596,0.0195077,0.0423617,3.26708,0.123523,0.905392,0.0759193,1.47636,0,0.0193998,1.0471,0.145002
190.914467120,1.53901,0.0692726,0.110396,3.38211,0.0743527,0.704719,0.123477,1.39745,0,0.0615017,0.865651,7.89278e-05
190.960907029,1.45862,0.389346,0.187911,3.01985,0.147584,0.723459,0.29612,1.44239,0,0.0464747,0.72291,7.92414e-05
191.007346939,1.25961,0.606761,0.210157,2.93251,0.160403,0.637586,0.550921,1.70254,0,0.0301435,0.693812,0.000125632
191.053786848,1.36438,0.616436,0.143715,2.96452,0.161878,0.620335,0.576832,1.83675,0,0.00717817,0.806598,0.000124291
191.100226757,2.04948,0.189393,0.172505,3.04742,0.163735,0.731068,0.433388,1.64882,0,0.00039654,0.88358,0.000130839
191.146666667,2.51094,0.102278,0.272338,2.75875,0.153967,0.771764,0.323815,1.54212,0.00363423,0.0139919,0.950668,0.000125442
191.193106576,2.89825,0.0386287,0.200577,2.06965,0.203408,0.639839,0.339074,1.53968,0.0651673,0.00636292,1.0219,7.49282e-05
191.239546485,3.10984,0.122706,0.190825,2.00299,0.540597,0.309058,0.182714,1.60977,0.0150451,0.00728349,0.801245,0
191.285986395,3.0097,0.171104,0.346223,1.9892,0.700872,0.21758,0.224109,1.93875,0,0.00552712,0.536941,0.0404548
191.332426304,2.72587,0,0.217829,2.08665,0.748565,0.208365,0.44169,2.05394,0.0215809,0.0161619,0.465958,0.00677133
191.378866213,2.57592,0,0.00543945,2.43238,0.760914,0.0689139,0.426192,2.15598,0.0457274,0.124159,0.537543,0.113678
191.425306122,2.44359,0.0246571,0.00411001,2.67652,0.94998,0.0996661,0.270816,2.28531,0.017984,0.10222,0.561443,0.118333
191.471746032,2.48221,0.0946251,0.0208393,2.51489,0.841343,0.52846,0.285778,2.22486,9.78241e-05,0.113936,0.464685,0.0041118
191.518185941,2.48024,0.00451792,0.0675306,2.35417,0.7889,0.689051,0.251319,2.24279,0,0.028071,0.496099,0.0410355
191.564625850,2.45732,0,0.0759809,2.30271,0.733975,0.477175,0.183422,2.26941,0.0132266,0.000199304,0.619695,0.11161
191.611065760,2.60781,0,0.20874,2.32687,0.427429,0.235918,0.135586,2.23535,0.0081264,0.00850702,0.774355,0.157123
191.657505669,2.78338,0,0.276517,2.28091,0.289218,0.0878968,0.107445,2.16579,0,0,0.851294,0.171549
191.703945578,3.02253,0,0.226152,1.97361,0.471435,0.148711,0.124452,2.00484,0,0,0.911541,0.0982392
191.750385488,3.23394,0,0.168484,1.77189,0.62783,0.44191,0.218585,1.61206,0.0222667,0.000153084,0.796015,0.0852221
191.796825397,3.29875,0.0109625,0.184847,1.52707,0.688866,0.841829,0.304007,1.15784,0.191847,0.000436609,0.703503,0.137982
191.843265306,3.31009,0.0130362,0.13119,1.53241,1.00866,0.762596,0.265174,1.28719,0.167934,0.00363539,0.664026,0.0831504
191.889705215,3.48245,0,0.152524,1.73554,1.20666,0.113309,0.193694,1.49218,0,0.0343626,0.577937,0.178713
191.936145125,3.35356,0,0.127782,1.71746,1.15705,0.385627,0.259869,1.40356,0.0297165,0.053832,0.508598,0.145629
191.982585034,3.17751,0,0.178536,1.66146,0.886922,0.3882,0.356123,1.40059,0.0748164,0.0779071,0.503059,0.148195
192.029024943,3.09091,0,0.17057,1.73863,0.68434,0.453829,0.382112,1.57102,0.0969427,0.0103536,0.550374,0.203229
192.075464853,3.1975,0.0128893,0.0899144,1.89335,0.801837,0.404601,0.362676,1.7079,0.0825489,0.0117341,0.570938,0.109763
192.121904762,2.92641,0.032715,0.0266022,2.00809,1.00082,0.288954,0.378747,2.0621,0.0819123,0.0109087,0.649596,0.0504307
192.168344671,2.86856,0.0143464,0.0640984,1.88046,1.25391,0.319561,0.314252,2.17574,0.09582,0.00798069,0.727714,0.315347
192.214784580,2.96102,0,0.137632,1.72721,1.51038,0.429515,0.295776,2.13581,0.112772,0.00600599,0.790752,0.0881884
192.261224490,3.04628,0,0.147451,1.63709,1.84677,0.319375,0.252049,2.15465,0.0834578,0.00643252,0.755315,0.0156786
192.307664399,3.24249,0,0.166146,1.65226,1.95729,0.272359,0.156079,2.08334,0.0340934,0.00681858,0.643158,0.0707724
192.354104308,3.38638,0,0.156026,1.61125,1.84542,0.172096,0.191771,1.99711,0,0.00588747,0.620426,0.104973
192.400544218,3.47331,0,0.0134809,1.57942,1.70619,0.0734007,0.206952,1.95671,0,0.00471864,0.579086,0.110517
192.446984127,3.40759,0,0.0172039,1.83244,1.26342,0.30553,0.158158,2.0463,0,0.00173396,0.422797,0.140932
192.493424036,3.2501,0,0.021221,1.70942,1.61106,0.153653,0.12545,2.23286,0,0.00123714,0.354229,0.196366
192.539863946,3.35626,0,0.202807,1.58784,1.91927,0.135119,0.129588,2.01266,0.070309,0.00104545,0.513736,0.203225
192.586303855,3.27444,0,0.379202,1.3976,1.94787,0.296131,0.15112,1.93936,0.133744,0.000365314,0.75233,0.197361
192.632743764,3.46809,0,0.348256,1.21782,1.90261,0.308924,0.194488,1.94756,0.0401322,0,0.734532,0.135092
192.679183673,3.71233,0,0.319902,1.08744,1.80574,0.116928,0.240433,1.92494,0.0393861,0,0.573807,0.0230399
192.725623583,3.86944,0,0.254423,1.20866,1.75234,0.193072,0.228598,1.8306,0.057444,0.00147045,0.434597,0.000282221
192.772063492,3.89187,0,0.125806,1.50948,1.86361,0.240299,0.198902,1.8117,0.0183378,0.0362989,0.378673,0.000292861
192.818503401,3.8374,0,0.151446,1.49106,1.95252,0.0561725,0.250925,1.94223,0,0.0167242,0.41042,0.000462049
192.864943311,3.59251,0,0.266164,1.41584,1.95853,0.0847516,0.198653,2.08331,0,0.00834327,0.353224,0.00823175
192.911383220,3.5097,0,0.39563,1.45591,1.83649,0.142341,0.216124,1.98804,0,0.0305682,0.192328,0.13337
192.957823129,3.48316,0,0.388557,1.70777,1.6351,0.351085,0.190719,1.99722,0,0.10071,0.0609494,0.159702
193.004263039,3.39899,0,0.316351,1.86795,1.57497,0.316162,0.336423,2.33857,0.0227438,0.0861901,0.0538973,0.0452613
193.050702948,3.15259,0,0.361321,1.80568,1.49552,0.285974,0.281299,2.39465,0.0432618,0.0538253,0.10192,0.171165
193.097142857,3.15849,0,0.45702,1.69122,1.32768,0.343457,0.117942,2.22825,0.0287343,0.0283582,0.198164,0.38312
193.143582766,3.20823,0,0.469337,1.54023,1.3401,0.310239,0.107677,2.31045,0.00787653,0,0.327627,0.388429
193.190022676,3.1788,0,0.440518,1.48438,1.48182,0.180549,0.155279,2.32617,0,0,0.496392,0.299455
193.236462585,3.43272,0,0.243721,1.37103,1.64766,0.141244,0.130171,2.22478,0.0187686,0.00193118,0.455384,0.187194
193.282902494,3.77668,0,0.0679783,1.27668,1.82483,0.0846478,0.119095,1.92823,0,0.028364,0.406225,0.225334
193.329342404,3.8728,0,0.00630639,1.18159,1.83087,0.13111,0.173111,1.86231,0,0.0451604,0.457051,0.184143
193.375782313,3.79945,0,0.00326202,1.12873,1.79387,0.0751093,0.162166,1.92464,0,0.0619622,0.620524,0.14674
193.422222222,3.6976,0.0144906,0.00567116,1.04797,1.70115,0.0705663,0.213243,1.88299,0,0.0980352,0.687298,0.0884739
193.468662132,3.72917,0.0150516,0.0520153,0.880661,1.50656,0.0774552,0.248736,1.86256,0,0.0960236,0.494311,0.146231
193.515102041,3.66345,0,0.0770905,0.904006,1.43766,0.101933,0.267547,1.99636,0,0.036413,0.328452,0.171185
193.561541950,3.7949,0,0.0819003,1.0305,1.44121,0.180882,0.351344,1.91497,0,0.00950294,0.337364,0.0501911
193.607981859,3.866,0,0.065063,1.01959,1.43717,0.103448,0.370194,1.94609,0,0.00827914,0.424982,0.0330857
193.654421769,3.83002,0,0.128717,0.983822,1.32403,0.0698846,0.332494,2.06821,0,0.000943921,0.394539,0.12224
193.700861678,3.80284,0,0.174991,0.931551,1.2689,0.0838471,0.218743,2.16152,0,0.000826817,0.217779,0.163546
193.747301587,3.77436,0,0.141937,0.719315,1.32154,0.0960693,0.203089,2.13823,0,0.000867998,0.0768363,0.148626
193.793741497,3.80938,0,0.0770188,0.454623,1.46255,0.330742,0.436691,1.90763,0.240023,0.000957182,0.112113,0.143425
193.840181406,3.83073,0.0146411,0.00100707,0.33361,1.60325,0.331836,0.589449,1.48823,0.612539,0.000615424,0.206998,0.16626
193.886621315,3.62591,0,0.00772594,0.577377,1.66736,0.303939,0.611099,1.40168,1.01653,0.00302963,0.23537,0.0852293
193.933061224,3.47136,0,0.0243611,0.911309,1.46072,0.0885111,0.533053,1.32549,1.30972,0.00726498,0.270911,0.0125242
193.979501134,3.44196,0.00362636,0.037774,1.12367,1.24894,0.255361,0.57912,1.07697,1.38698,0.00930464,0.306582,0.000179726
194.025941043,3.53545,0,0.0310686,1.16164,1.13228,0.252595,0.56124,1.08739,1.16969,0.0505514,0.3077,0.000187542
194.072380952,3.56472,0,0.109979,1.14059,1.08377,0.335635,0.509193,1.15704,0.901439,0.0537016,0.260791,0.000223219
194.118820862,3.64341,0,0.149505,1.06451,1.18432,0.268308,0.456004,1.06967,0.830675,0.0287603,0.263892,0.00019756
194.165260771,3.72116,0,0.16936,1.03507,1.28473,0.119369,0.441845,1.05909,0.655691,0.0207812,0.274976,0.00384297
194.211700680,3.63759,0,0.0797156,1.05452,1.41272,0.0779764,0.485856,1.10328,0.579931,0.0633687,0.29841,0.194273
194.258140590,3.49637,0,0.054893,1.04655,1.51929,0.11701,0.556494,0.999949,0.596346,0.0975421,0.41297,0.0615802
194.304580499,3.40155,0.0116886,0.0724945,0.964692,1.65242,0.203955,0.49384,0.903066,0.527534,0.0896805,0.424329,0.116742
194.351020408,3.52835,0.00769163,0.010726,0.981172,1.74586,0.198715,0.413658,0.803622,0.403944,0.0358795,0.388807,0.0995947
194.397460317,3.61794,0,0.00680044,0.88659,1.76494,0.104321,0.332218,0.887439,0.24989,0.0409133,0.209376,0.142074
194.443900227,3.46488,0.000539497,0.0128402,0.676639,1.78351,0.0805112,0.27679,1.09327,0.193,0.0829644,0.133697,0.242303
194.490340136,3.43575,0,0.0526402,0.649495,1.77157,0.0907382,0.280486,1.10976,0.173165,0.0818911,0.123096,0.244768
194.536780045,3.5514,0,0.00863628,0.736788,1.68501,0.101682,0.378752,0.900147,0.281719,0.069039,0.0247443,0.115966
194.583219955,3.41355,0,0.041687,0.760379,1.59387,0.202898,0.435802,0.687038,0.720812,0.0687003,0.000935191,0
194.629659864,3.36425,0,0.235482,0.783044,1.51107,0.0998854,0.490918,0.150777,1.51664,0.052036,0.0380809,0.0328405
194.676099773,3.27147,0,0.262648,0.838225,1.33928,0.0933897,0.384032,0,1.74497,0.0105514,0.0903805,0.244343
194.722539683,3.22333,0,0.187958,0.891338,1.45003,0.0823787,0.307005,0.0762555,1.62625,0,0.0934832,0.340735
194.768979592,3.09922,0,0.0545107,0.906347,1.57666,0.199523,0.337267,0.485411,1.31269,0.0187229,0.015405,0.212525
194.815419501,3.0209,0,0.0267457,0.972332,1.59224,0.424277,0.300197,0.633962,1.1251,0.118542,0.000294099,0.120407
194.861859410,3.20315,0,0.0412362,1.09289,1.43013,0.394461,0.281657,0.427539,1.16744,0.112835,0.000276786,0.00247763
194.908299320,3.25933,0,0.15613,1.21314,1.24663,0.360049,0.302512,0.0866251,1.43572,0.131066,0.0544243,0.000186376
194.954739229,3.4548,0,0.236353,1.25057,1.37376,0.317913,0.290934,0.0939492,1.32973,0.0879402,0.129847,0.029169
195.001179138,3.53205,0,0.216553,1.30448,1.47359,0.30669,0.242583,0.361121,1.21166,0.0940413,0.193702,0.0810475
195.047619048,3.50128,0,0.183083,1.25042,1.66985,0.067055,0.203257,0.565054,1.28424,0.0648749,0.25348,0.22157
195.094058957,3.4361,0,0.163386,1.06368,1.81468,0.0737034,0.189984,0.520137,1.17704,0.0448802,0.315378,0.256591
195.140498866,3.27399,0,0.111276,0.825592,1.68785,0.138849,0.248361,0.463443,0.919073,0.017859,0.340526,0.236963
195.186938776,3.18159,0,0.0758786,0.71535,1.64889,0.203908,0.324718,0.675107,0.68094,0.0518723,0.240781,0.257059
195.233378685,3.31205,0,0.0881457,0.519645,1.59311,0.119681,0.348276,0.807704,0.795714,0.0854764,0.136902,0.298271
195.279818594,3.35866,0,0.144485,0.529271,1.49182,0.0916744,0.296525,0.776802,1.03663,0.0736604,0.0780102,0.270671
195.326258503,3.36711,0,0.142781,0.75333,1.33751,0.179168,0.256192,0.559027,1.0513,0.0440596,0.144734,0.12804
195.372698413,3.34623,0,0.147901,0.86041,1.15636,0.236021,0.26843,0.361632,0.9612,0.0337669,0.172943,0.123167
195.419138322,3.50161,0,0.169174,0.86864,1.05534,0.148081,0.253646,0.246955,0.827912,0.0647163,0.0848287,0.130224
195.465578231,3.52907,0,0.137692,0.814997,1.06486,0.0799502,0.272509,0.277786,0.628193,0.0464005,0.157021,0.146848
195.512018141,3.34555,0,0.152019,0.822715,1.07539,0.0784904,0.295089,0.323772,0.667002,0.0652561,0.240737,0.208739
195.558458050,3.00841,0,0.0801524,0.90217,1.35667,0.182543,0.350083,0.392946,0.92834,0.0717746,0.320637,0.207052
195.604897959,2.93058,0,0.0918903,0.904843,1.65499,0.37211,0.387304,0.00292959,1.66771,0.0456287,0.376963,0.0896955
195.651337868,2.81953,0.0107837,0.110559,0.884259,1.66565,0.96876,0.372836,0.114337,2.32732,0.0415792,0.296488,0.274364
195.697777778,3.03458,0.019477,0.12945,0.824612,1.4737,1.29377,0.301372,0.248505,2.50869,0.0801492,0.16429,0.499491
195.744217687,3.22018,0.000381015,0.100697,0.45291,1.54385,1.38199,0.277621,0.353046,2.49188,0.0982901,0.342974,0.305712
195.790657596,3.23498,0.0322617,0.0631625,0.124277,1.74364,1.56702,0.330233,0.252915,2.47556,0.0892232,0.2562,0.0233549
195.837097506,3.0959,0.0309283,0.226359,0.0648501,1.73476,1.7574,0.452125,0.0721675,2.48936,0.0328154,0.202657,0.0594563
195.883537415,2.96892,0.0167056,0.298133,0.0713859,1.58318,1.80283,0.52083,0.107806,2.39665,0.0309071,0.269107,0.0594978
195.929977324,2.85037,0,0.38704,0.0739148,1.49639,1.8506,0.437108,0.267256,2.30776,0.0996407,0.337979,0.0346973
195.976417234,2.5445,0,0.481444,0.0764728,1.47,1.96993,0.335695,0.341148,2.30435,0.225447,0.232423,0.0165048
196.022857143,2.26171,0.0152553,0.478197,0.0443016,1.41637,1.98813,0.228794,0.292406,2.22416,0.385667,0.147921,0.257258
196.069297052,2.22486,0.0149072,0.349734,0.00407397,1.41257,1.9399,0.267096,0.324911,2.05441,0.374864,0.103711,0.374613
196.115736961,2.28318,0.0196405,0.165209,0.00767281,1.50522,1.84256,0.318954,0.43302,1.82584,0.349851,0.167053,0.207079
196.162176871,2.25771,0,0.113425,0.0100633,1.56624,1.80646,0.294261,0.534237,1.78201,0.346301,0.181959,0.244426
196.208616780,2.27973,0,0.308278,0.0101817,1.50706,1.79184,0.262058,0.564153,1.88361,0.272083,0.0882666,0.286976
196.255056689,2.27884,0,0.293575,0.00451777,1.42408,1.83676,0.299974,0.544047,2.08502,0.2074,0.0942391,0.248095
196.301496599,2.28753,0.0250934,0.200229,0.02319,1.41663,1.88617,0.3852,0.418726,2.29027,0.227721,0.040199,0.161059
196.347936508,2.26583,0.0306719,0.147572,0.043096,1.32612,1.90357,0.416931,0.330294,2.36119,0.320363,0.0441198,0.209176
196.394376417,2.11019,0.0305427,0.140855,0.0754419,1.29968,1.82225,0.458743,0.370127,2.27806,0.394959,0.12865,0.213097
196.440816327,1.94231,0,0.347924,0.168437,1.00388,1.80629,0.38994,0.623213,2.0216,0.312934,0.19971,0.43933
196.487256236,2.01689,0,0.289634,0.259212,0.734891,1.68325,0.302377,0.765162,1.91536,0.161283,0.184389,0.462843
196.533696145,2.08823,0,0.049104,0.301586,0.665702,1.38564,0.357643,0.773067,1.88541,0.20974,0.214016,0.543585
196.580136054,2.32238,0,0.0246954,0.160802,0.868522,1.35069,0.418885,0.694364,1.75997,0.286598,0.180687,0.33972
196.626575964,2.46053,0,0.12721,0.131184,1.16192,1.60565,0.409568,0.561622,1.69105,0.342431,0.0966881,0.288925
196.673015873,2.40082,0,0.0708437,0.174365,1.2926,1.76844,0.332178,0.516861,2.23423,0.163407,0.097802,0.323426
196.719455782,2.31513,0,0.0247625,0.193031,1.26931,1.80052,0.368772,0.254393,2.62813,0.142812,0.123,0.263911
196.765895692,2.26534,0.0354383,0.0634442,0.253507,1.15354,1.79753,0.442745,0.168769,2.80421,0.212574,0.177121,0.129672
196.812335601,2.25081,0.0970036,0.193902,0.524036,1.12905,1.78624,0.49442,0.322255,2.6153,0.176222,0.321884,0.125212
196.858775510,2.27384,0.133316,0.553362,0.533372,1.16598,1.79713,0.484969,0.347349,2.28558,0.0645334,0.249985,0.275504
196.905215420,2.29567,0.0861086,0.660398,0.393243,1.40942,1.77041,0.441479,0.27721,2.07548,0.0784177,0.235417,0.382095
196.951655329,2.30795,0.0826644,0.621099,0.132687,1.64605,2.00398,0.289537,0.219021,1.96903,0.0969136,0.137083,0.400157
196.998095238,2.30221,0.0901226,0.531295,0.0783212,1.68024,2.10717,0.171848,0.289364,1.78168,0.0921492,0.0704107,0.380298
197.044535147,2.23865,0.00648408,0.473848,0.0285008,1.54493,1.97389,0.173974,0.299265,2.072,0.0653597,0.0980965,0.376634
197.090975057,2.21004,0.0268049,0.413743,0.00567038,1.47315,1.86011,0.192412,0.282713,2.32748,0.0632941,0.086431,0.54304
197.137414966,2.26728,0.0138109,0.45948,0.0106094,1.31832,1.63334,0.144049,0.248719,2.35454,0.135972,0.100543,0.561238
197.183854875,2.30655,0.00242298,0.409048,0.0115576,0.988756,1.45906,0.203735,0.199376,2.26178,0.21817,0.189722,0.470079
197.230294785,2.66504,0.0884392,0.207074,0.0118029,0.388751,1.11474,0.286527,0.199879,2.04371,0.305618,0.477368,0.277031
197.276734694,2.67961,0.169175,0.202984,0.012369,0.170174,1.20282,0.279804,0.197793,2.03119,0.315056,0.495089,0.19301
197.323174603,2.40884,0.160892,0.307414,0.00997732,0.130665,1.49861,0.236854,0.180679,2.21948,0.329326,0.532856,0.0609442
197.369614512,2.20391,0.0956048,0.406594,0.0596433,0.0308221,1.80769,0.256596,0.23127,2.48978,0.263296,0.407205,0.0570561
197.416054422,2.1352,0.00938571,0.51924,0.0107677,0.00606229,1.93188,0.281225,0.23295,2.66373,0.145679,0.417277,0.150912
197.462494331,1.9798,0.00109176,0.56556,0.247425,0.013291,1.77546,0.131489,0.372684,2.57095,0.0746488,0.1645,0.727607
197.508934240,1.99239,0,0.924958,0.561025,0.0212713,1.02358,0.00898549,1.19777,1.64249,0.0695617,0.0970398,1.35473
197.555374150,2.32486,0,1.24664,0.437377,0.0293467,0.0586503,0.0240705,1.87683,0.785904,0.04671,0.339569,1.29364
197.601814059,2.36141,0,1.46295,0.289643,0.199686,0.0123817,0,2.15189,0.35268,0.0443373,0.375513,1.00165
197.648253968,2.29365,0,1.57669,0.213567,0.468058,0.343958,0,2.2004,0.268772,0.0685804,0.46392,0.7988
197.694693878,2.31899,0,1.63103,0.48461,0.601496,0.464376,0.0834711,1.81034,0.621721,0.0409334,0.314327,0.725862
197.741133787,2.43734,0,1.52797,0.755533,0.601533,0.447612,0.102248,1.6502,0.871058,0.00195098,0.143169,0.716163
197.787573696,2.64904,0,1.29975,0.850495,0.618956,0.233464,0.120681,1.81588,0.950943,0.000419931,0.173249,0.693196
197.834013605,2.87097,0,1.12498,0.882332,0.544151,0.0164786,0.154964,2.16251,0.858691,0.0515797,0.133,0.678696
197.880453515,2.89189,0.111278,0.985334,0.956446,0.604628,0.0215142,0.0984975,2.28006,0.666554,0.0440369,0.0462118,0.51205
197.926893424,2.77128,0.121091,0.855996,0.917687,0.987597,0.0455672,0.167636,2.14731,0.687536,0,0.0388495,0.28513
197.973333333,2.76227,0.0889383,0.673566,0.894602,1.23988,0.052339,0.276304,2.08372,0.66444,0,0.0640751,0.193494
198.019773243,2.81858,0,0.612527,0.784893,1.32424,0.0388717,0.171767,2.02563,0.570638,0,0.18415,0.142092
198.066213152,2.537,0,0.619027,0.700008,1.25761,0.287297,0.098949,2.07313,0.512801,0,0.247722,0.215423
198.112653061,2.26613,0.000666594,0.577045,0.686754,1.16659,0.301325,0.0932336,2.00321,0.567213,0.00977173,0.245077,0.285433
198.159092971,2.09081,0.00188847,0.426997,0.715022,1.18284,0.232186,0.111668,1.87849,0.635294,0.0670046,0.207766,0.315093
198.205532880,2.06956,0.00113051,0.297133,0.814084,1.39858,0.0554874,0.0916457,1.80779,0.675647,0.0765971,0.268214,0.221948
198.251972789,2.06307,0.000287248,0.269744,0.730012,1.48081,0.310402,0.113886,1.59517,0.708525,0.0668627,0.313694,0.140273
198.298412698,2.06438,0,0.204341,0.905164,1.44447,0.307177,0.103007,1.39812,0.681755,0.100628,0.333568,0.132277
198.344852608,2.13054,0,0.0464715,0.966937,1.39293,0.228729,0.0772014,1.69224,0.503092,0.123674,0.31106,0.249893
198.391292517,2.18212,0.0396345,0.00213386,1.01573,1.34468,0.0703369,0.0712661,1.9454,0.554566,0.0961594,0.375702,0.392181
198.437732426,2.10896,0.029546,0.0749094,1.15311,1.20367,0.0425318,0.0845933,1.85304,0.679558,0.0955004,0.31629,0.436785
198.484172336,2.33747,0.0186337,0.273895,1.26153,1.00267,0.169472,0.0937444,1.60168,0.728065,0.160987,0.268287,0.321955
198.530612245,2.70091,0,0.570661,1.12715,0.973505,0.278158,0.0549867,1.53555,0.671326,0.245541,0.264517,0.282096
198.577052154,2.93528,0,0.604537,0.910123,1.0307,0.129142,0.0445856,1.72476,0.421984,0.143375,0.339344,0.25134
198.623492063,3.18262,0.0167701,0.627507,0.895382,1.00899,0.0389702,0.0842775,1.59498,0.268213,0.100575,0.280823,0.130779
198.669931973,3.22731,0.033148,0.725523,0.78773,1.00339,0.0271756,0.0951927,1.34626,0.246132,0.0862198,0.296085,0.0802207
198.716371882,3.13737,0.000329358,0.628263,0.774802,1.06395,0,0.0993374,1.27968,0.275009,0.0369138,0.35293,0.0879911
198.762811791,2.96499,0.00432753,0.525956,0.943642,1.26627,0,0.101868,1.30694,0.209243,0.0267297,0.449904,0.100497
198.809251701,2.58091,0.140006,0.422516,0.927493,1.3262,0,0.0831522,1.53777,0.124907,0.083473,0.519361,0.0907979
198.855691610,2.31514,0.277333,0.388523,0.805301,1.20597,0.0144238,0.0847765,1.91296,0.237284,0.102347,0.526367,0.077773
198.902131519,2.22084,0.233496,0.325122,0.741314,1.22408,0.0107683,0.0954875,2.04109,0.388528,0.0971197,0.468055,0.0909677
198.948571429,2.07701,0.089961,0.14781,0.803791,1.13874,0,0.132431,1.94785,0.716288,0.117834,0.324334,0.0252805
198.995011338,1.88815,0.0350156,0,0.877344,1.16673,0,0.171105,1.7808,1.06065,0.109807,0.278361,0.0109565
199.041451247,1.66928,0.00226091,0.00316679,1.01707,1.17123,0.246874,0.067794,1.74694,1.03631,0.0881967,0.224073,0.0768693
199.087891156,1.85443,0.00289785,0.00672368,1.13187,1.25565,0.201888,0.0694712,1.80179,0.952247,0.0328497,0.304563,0.143686
199.134331066,2.07963,0.00263697,0.110614,1.00028,1.21708,0.227724,0.0698043,1.98373,0.743546,0.0540513,0.371176,0.169851
199.180770975,2.32435,0.00108075,0.464357,0.849509,1.17278,0.200027,0.114206,2.03494,0.658498,0.0736868,0.407558,0.121192
199.227210884,2.42803,0,0.400655,0.870743,1.22555,0.00500969,0.0678094,2.02495,0.732424,0.0777173,0.419162,0.148964
199.273650794,2.32152,0.007992,0.361004,1.15694,1.24479,0.0673241,0.0763755,2.10507,0.568444,0.0890652,0.459102,0.181995
199.320090703,2.14081,0.0185559,0.419024,1.37602,1.25835,0.023773,0.129373,2.20505,0.230992,0.094195,0.453677,0.221293
199.366530612,2.2007,0.00785947,0.597959,1.32643,1.32735,0.018482,0.153219,2.01358,0.185568,0.0993668,0.342176,0.285588
199.412970522,2.31135,0,0.589967,1.12887,1.36736,0.169291,0.140081,2.04669,0.569436,0.0842971,0.350709,0.250295
199.459410431,2.47685,0.00210454,0.464898,1.13981,1.39791,0.247352,0.076899,1.59034,1.11873,0.101171,0.273576,0.136656
199.505850340,2.59303,0.1522,0.255913,1.26619,1.52792,0.329842,0.0831451,1.18922,1.42998,0.106259,0.16442,0.0846437
199.552290249,2.70563,0.207993,0.123598,1.32971,1.50605,0.152002,0.0735888,1.12891,1.35518,0.170153,0.062206,0.108707
199.598730159,2.84179,0.194609,0.093809,1.37396,1.44762,0,0.0738188,1.47417,1.0052,0.12784,0.0984566,0.106396
199.645170068,2.92739,0.0931293,0.292488,1.38328,1.44147,0,0.0758455,1.49855,0.680533,0.0956621,0.182933,0.0909921
199.691609977,2.76939,0,0.604846,1.46643,1.06654,0,0.0769691,1.17683,0.482748,0.107179,0.314764,0.0780002
199.738049887,2.53562,0,0.666231,1.31909,1.06973,0.00591612,0.0705009,0.94535,0.471876,0.0964656,0.475482,0.27826
199.784489796,2.4778,0,0.643246,1.10382,1.10827,0.0130854,0.0978325,0.933137,0.492788,0.0738666,0.525255,0.264012
199.830929705,2.29902,0.0246144,0.568156,0.747924,1.14288,0.00743455,0.12276,1.06525,0.740044,0.0697154,0.536255,0.183247
199.877369615,2.17968,0.0410616,0.533797,0.577912,1.15175,0.00594923,0.093851,1.2248,1.07023,0.0845097,0.512889,0.169502
199.923809524,2.18896,0.0263985,0.542036,0.499685,1.2628,0.0160186,0.0808254,1.54538,1.09532,0.0703526,0.563258,0.219947
199.970249433,2.21252,0.0512479,0.577156,0.498449,1.36924,0.0151338,0.0900054,1.60412,0.964722,0.0951861,0.534276,0.250604
200.016689342,2.15381,0.0230314,0.574873,0.635683,1.26439,0.00694288,0.0978937,1.66552,0.760164,0.103375,0.481377,0.145948
200.063129252,2.00458,0.0111275,0.504481,0.826214,1.25479,0.290031,0.128614,1.77101,0.619664,0.159322,0.456759,0.102774
200.109569161,2.19271,0,0.532796,0.849847,1.10214,0.186593,0.175351,1.67304,0.666058,0.189556,0.439031,0.123154
200.156009070,2.36559,0,0.584507,0.799261,1.06718,0.25792,0.181228,1.59494,0.733546,0.177837,0.306643,0.117073
200.202448980,2.49211,0,0.61058,0.694312,1.18824,0.301076,0.179262,1.53108,0.82862,0.139086,0.211822,0.095574
200.248888889,2.73492,0.0570542,0.546239,0.723241,1.49675,0.266568,0.10138,1.20226,0.987387,0.148122,0.142048,0.14665
200.295328798,2.79323,0.016933,0.436229,0.818654,1.58458,0,0.0600473,1.05549,0.925583,0.524276,0.000296688,0.0973503
200.341768707,2.87822,0.00492607,0.211756,1.04632,1.55114,0,0.100674,1.00105,0.534165,0.693153,0.000109693,0.068617
200.388208617,2.96134,0.00422105,0.0941156,1.13742,1.50223,0,0.152423,0.678306,0.559282,0.683877,0,0.0779651
200.434648526,2.99111,0.00199848,0.305013,0.89154,1.45631,0,0.232195,0.456372,0.868567,0.522577,0.000371924,0.0912738
200.481088435,3.06126,0.0142176,0.547942,0.666528,1.41387,0.00201734,0.377798,0.72955,0.902233,0.32597,0.000328089,0.109217
200.527528345,2.94669,0.0401101,0.619926,0.677122,1.26438,0.0167798,0.259344,1.3428,0.939798,0.206026,0.00110894,0.139531
200.573968254,2.86127,0.0120479,0.700199,0.801437,1.11333,0.0371876,0.0647525,1.42878,0.997325,0.209731,0.0489071,0.216875
200.620408163,2.85027,0,0.698069,0.969068,0.959063,0.00307865,0.0654519,1.31973,0.964325,0.194323,0.0635215,0.231143
200.666848073,2.79768,0,0.619813,1.138,1.04392,0,0.0821667,1.23334,0.810423,0.163208,0.00435633,0.211897
200.713287982,2.70497,0,0.601119,1.10605,1.15579,0.000656535,0.133306,1.17542,0.791634,0.224302,0.00828398,0.176918
200.759727891,2.62874,0,0.631612,0.946622,1.27886,0.0155564,0.181985,1.0985,0.780937,0.376144,0.0192062,0.179661
200.806167800,2.44035,0,0.732893,0.684419,1.37807,0.0906027,0.249264,1.15305,0.60033,0.307339,0.00782616,0.172094
200.852607710,2.30895,0,0.766768,0.547081,1.65674,0.228431,0.241097,1.58347,0.277027,0.0588689,0.000400357,0.231284
200.899047619,2.29234,0.000553574,0.738569,0.483734,1.78886,0.221803,0.0931133,1.83785,0.280725,0.031107,0.0240725,0.263281
200.945487528,2.3547,0.00232379,0.587882,0.574005,1.82665,0.00798423,0.0740728,1.94923,0.340336,0.0490528,0.0920752,0.210817
200.991927438,2.23491,0.00334138,0.548055,0.70335,1.74541,0.0530989,0.0917154,2.02117,0.385492,0.117298,0.00201742,0.13083
201.038367347,2.24103,0.00293913,0.488751,0.869028,1.64016,0.0280702,0.0949882,2.11343,0.30696,0.127803,0.00118454,0.122513
201.084807256,2.89257,0.0381469,0.250433,0.775875,1.54878,0.0609588,0.210501,0.903933,1.17306,0.103198,0.0762165,0.332662
201.131247166,3.18447,0.209245,0.0860632,0.362337,0.966115,0.0283368,0.750061,0,2.33422,0.0757952,0.0757269,0.314951
201.177687075,3.29303,0.0103964,0.164301,0.529037,0.145133,0.00738747,1.19062,0,2.6179,0.109282,0.00332951,0.221465
201.224126984,3.34942,0.00195031,0.180952,0.944637,0.00164235,0.033066,1.45145,0,2.47751,0.0960916,0,0.197072
201.270566893,3.25978,0.00220845,0.180834,0.98623,0.0841774,0.0544005,1.45684,0,2.39473,0.0686139,0.0336773,0.423425
201.317006803,3.19598,0.00230576,0.18273,1.04461,0.142293,0.00781718,1.4659,0,2.39929,0.0881285,0.313545,0.257477
201.363446712,3.21253,0.00246164,0.189564,1.17447,0.273169,0.00900728,1.19829,0,2.52147,0.111032,0.430061,0.0536923
201.409886621,3.18392,0.00151617,0.166004,1.12392,0.357034,0.00714899,1.1874,0,2.71549,0.0675505,0.570965,0.000155425
201.456326531,3.21939,0.0830794,0.146758,0.908005,0.192797,0.0684457,1.23725,0,2.90271,0.0609822,0.599045,0.00016583
201.502766440,3.30002,0.162079,0.158083,0.963549,0.129521,0.0249925,1.12546,0,3.00719,0.0774753,0.582613,0.00011299
201.549206349,3.13679,0.178905,0.160965,1.00058,0.203182,0.00560982,1.001,0.02974,2.98266,0.096584,0.770142,0.0810637
201.595646259,3.20933,0.0332053,0.13023,1.14926,0.251668,0,0.954068,0.0367021,2.85365,0.101214,0.874474,0.222912
201.642086168,3.32609,0.0995734,0.142342,1.34471,0.238047,0,0.985999,0,2.45728,0.0985867,0.947067,0.363799
201.688526077,3.34578,0.0859156,0.071509,1.43019,0.319678,0,0.894509,0,2.26008,0.101516,0.894902,0.470993
201.734965986,3.35415,0.152263,0.0419572,1.4758,0.413667,0,0.871507,0,2.29652,0.0731218,0.671511,0.51368
201.781405896,3.32148,0.114856,0,1.2977,0.472548,0,0.842174,0,2.3648,0.0318366,0.65473,0.52107
201.827845805,3.20981,0.00606682,0.000606502,1.22568,0.516158,0,0.786978,0.0319291,2.49559,0.0291731,0.578658,0.49791
201.874285714,3.13652,0.00605045,0.0530217,1.29641,0.593612,0,0.726897,0.0355214,2.54607,0.0821284,0.527769,0.411616
201.920725624,3.13488,0.17247,0.00212427,1.37569,0.601544,0.0043548,0.685689,0.0436855,2.65315,0.0984852,0.4127,0.30992
201.967165533,3.20936,0,0,1.3147,0.515629,0.014077,0.64699,0.0484573,2.90007,0.0924337,0.284959,0.234564
202.013605442,3.29997,0,0.00522322,1.39516,0.380474,0.0732904,0.66854,0.0271084,3.02331,0.100835,0.10743,0.250705
202.060045351,3.25187,0,0.00880158,1.4459,0.329292,0.096145,0.586099,0.00555822,3.16256,0.0919179,0.0249461,0.399877
202.106485261,3.14781,0,0.00430475,1.44231,0.327978,0.106091,0.532294,0,3.2468,0.0980274,0.00710124,0.49401
202.152925170,3.14437,0,0.00182683,1.33303,0.356787,0.109532,0.488258,0,3.32338,0.110637,0.118223,0.447476
202.199365079,3.19045,0.0578147,0.0464197,1.21896,0.441484,0.122229,0.393217,0.0333736,3.30843,0.0867724,0.242653,0.304642
202.245804989,3.31757,0.162523,0,0.841974,0.483851,0.131789,0.340358,0.0821923,3.2578,0.0577279,0.167339,0.218559
202.292244898,3.37509,0.0260528,0,0.645024,0.498676,0.137606,0.362178,0.0916971,3.36823,0.059144,0.0399546,0.225209
202.338684807,3.32915,0.036369,0,0.854482,0.481996,0.123154,0.419222,0.0394629,3.3529,0.0575525,0.0540385,0.183899
202.385124717,3.29724,0.0119139,0.0376219,1.27111,0.433593,0.0648565,0.480165,0,3.34895,0.0397067,0.0589028,0.201015
202.431564626,3.17692,0,0,1.4182,0.435561,0.053345,0.482355,0,3.22508,0.00690433,0.224361,0.180558
202.478004535,3.18574,0,0.00379141,1.39577,0.459876,0.0246587,0.432344,0,3.0449,0.0190016,0.339809,0.204017
202.524444444,3.1672,0,0.00466786,1.51908,0.505001,0.00356178,0.388635,0.0422202,2.86573,0.0591036,0.411382,0.28859
202.570884354,3.20206,0,0.00354939,1.55987,0.50163,0.016444,0.350775,0.106257,2.69385,0.052303,0.434683,0.47363
202.617324263,3.32235,0.0800438,0.0023565,1.56488,0.42322,0.0721417,0.394291,0.14146,2.4656,0.0477194,0.344027,0.546642
202.663764172,3.37711,0.20516,0.0650123,1.41334,0.33271,0.106084,0.449346,0.13473,2.27507,0.0766246,0.220188,0.505381
202.710204082,3.39974,0.244401,0.0953038,1.30058,0.280599,0.105189,0.568769,0.159186,2.15821,0.0754083,0.147419,0.336666
202.756643991,3.36916,0.226917,0.112155,1.24874,0.254387,0.0963935,0.691795,0.18124,2.09034,0.0385767,0.262678,0.177161
202.803083900,3.33001,0.0144334,0.129232,1.45948,0.24124,0.0654662,0.716384,0.169015,1.97747,0,0.400944,0.18342
202.849523810,3.40854,0,0.143165,1.70926,0.232262,0.0336093,0.699943,0.137521,1.86857,0,0.432395,0.155281
202.895963719,3.36473,0,0.135107,1.67895,0.193782,0.022332,0.685121,0.134636,1.81093,0.0245634,0.156781,0.147933
202.942403628,2.89874,0,0.25362,1.52992,0.106315,0.203317,0.467747,0.1841,1.98177,0.0181274,0.147498,0.389216
202.988843537,2.15037,0,0.205492,2.02111,0.0721324,0.876315,0.324056,0.247896,1.79041,0.23602,0.311776,0.534915
203.035283447,1.84715,0,0.193288,2.40523,0.0153309,1.1282,0.379771,0.194266,0.97784,0.712684,0.46286,0.506495
203.081723356,1.95695,0,0.148249,2.53434,0.0127821,1.30435,0.444385,0.143725,0.544675,1.03562,0.535261,0.408519
203.128163265,2.07765,0,0.140795,2.57786,0.0169973,1.61574,0.491133,0.104768,0.405951,1.2381,0.555927,0.298354
203.174603175,1.85777,0,0.1929,2.41135,0.0793994,1.86574,0.478827,0.104967,0.662797,1.02538,0.378327,0.125443
203.221043084,1.86594,0,0.157994,2.33401,0,1.90859,0.311987,0.236809,1.10636,0.842182,0.482498,0.202118
203.267482993,2.06351,0.0655166,0.0597391,2.58954,0,1.77728,0.255544,0.317642,0.988837,0.784138,0.631815,0.276446
203.313922902,2.15425,0.149586,0.00128212,2.65283,0,1.69363,0.191279,0.42276,0.836384,0.743781,0.763422,0.276031
203.360362812,2.19538,0.143857,0.00152608,2.74877,0,1.67096,0.109793,0.37584,0.822428,0.625065,0.913202,0.207922
203.406802721,2.03493,0.186192,0.00377662,2.69447,0,1.6531,0.102168,0.388057,0.789253,0.691599,1.09255,0.150781
203.453242630,1.77848,0.234431,0.0130264,2.47964,0,1.72327,0.201527,0.372196,0.673554,0.696098,1.13885,0.357712
203.499682540,1.57884,0.225023,0.0684231,2.23636,0,1.82122,0.29704,0.584906,0.738837,0.610035,0.95706,0.534584
203.546122449,1.67585,0.178642,0.0840623,2.11552,0.00793238,1.88246,0.287269,0.635586,0.963263,0.56716,0.814146,0.609363
203.592562358,1.84883,0.0705306,0.0612261,2.03116,0.0207103,1.86399,0.288493,0.578742,1.14963,0.550902,0.903704,0.463
203.639002268,2.00508,0.00908315,0.00616358,1.86113,0.0207471,1.90125,0.353881,0.456362,1.26931,0.503376,0.995515,0.349478
203.685442177,2.09272,0,0,1.87952,0.026469,2.02893,0.243062,0.370797,1.45912,0.392792,0.676872,0.441788
203.731882086,2.22333,0,0.000160064,1.93245,0.0484691,1.90018,0.15629,0.394893,1.68131,0.363899,0.560021,0.353985
203.778321995,2.25825,0.0538619,0.00167557,1.95554,0.061281,1.76624,0.0921637,0.365384,1.93271,0.324062,0.417879,0.378998
203.824761905,2.16656,0.12537,0.00134417,2.02347,0.0753247,1.6876,0.0629592,0.251274,2.0976,0.240782,0.241188,0.433166
203.871201814,2.12908,0.171536,0.000350209,2.1653,0.0799438,1.43787,0.171009,0.226779,2.1812,0.272007,0.353575,0.288124
203.917641723,2.12242,0.210592,0.000151869,2.12391,0.0823239,1.33588,0.288401,0.181743,2.17721,0.302406,0.43156,0.283845
203.964081633,2.07578,0.195394,0.00105512,1.98446,0.0793914,1.18932,0.255168,0.306065,2.21298,0.327444,0.524834,0.380998
204.010521542,1.94963,0,0.11983,1.77231,0.106624,1.24981,0.137968,0.608495,2.37316,0.415487,0.405439,0.400472
204.056961451,1.66794,0,0.130182,1.69941,0.192731,1.43185,0.0661661,0.722944,2.16737,0.557032,0.161349,0.639507
204.103401361,1.65394,0,0,1.76802,0.142234,1.49386,0.0979373,0.632036,1.92632,0.666345,0.179485,0.628313
204.149841270,1.80546,0,0.00104995,2.02736,0.0076374,1.57736,0.237548,0.378407,1.92915,0.583519,0.296427,0.382926
204.196281179,2.05984,0,0.00230391,1.86426,0.0140488,1.73846,0.405765,0.176103,2.06557,0.22702,0.380572,0.288504
204.242721088,2.24012,0.00193645,0,1.55706,0.0143975,1.78209,0.468708,0.0373548,2.18153,0.068744,0.351398,0.33987
204.289160998,2.27622,0.0464082,0.0144086,1.51169,0.015873,1.80688,0.411974,0.133422,2.15068,0.0130944,0.353432,0.395044
204.335600907,2.22124,0.0217459,0.0236131,1.57123,0.0185951,1.9026,0.345788,0.107181,2.06981,0,0.407316,0.527106
204.382040816,2.08475,0.0386953,0.0254175,1.64953,0.019904,1.98497,0.384482,0.126769,2.01487,0.0437152,0.379063,0.56632
204.428480726,2.11224,0.161769,0.0115116,1.96944,0.0199503,1.8751,0.426959,0.192905,1.95854,0.198889,0.385701,0.516075
204.474920635,2.19824,0.181943,0.0230667,2.30348,0.0292233,1.70584,0.417687,0.174233,2.05187,0.269124,0.461848,0.161105
204.521360544,2.27393,0.0901143,0.0444444,2.27842,0.0290448,1.4966,0.352493,0.0632328,2.34689,0.16605,0.508164,0.168392
204.567800454,2.28591,0.00110157,0.0739342,2.03498,0.0536406,1.30528,0.288477,0.0846919,2.51459,0.134409,0.619239,0.19892
204.614240363,2.14122,0.0458067,0.0967817,1.63542,0.0897897,1.18459,0.285175,0.141394,2.48294,0.235309,0.67563,0.190872
204.660680272,1.62984,0.0828478,0.11467,1.64354,0.0773931,1.29975,0.441251,0.196178,2.35024,0.383293,0.577577,0.276939
204.707120181,1.2881,0.124952,0.0869909,1.68985,0.0561851,1.62795,0.478002,0.129542,1.8687,0.411469,0.294933,0.463613
204.753560091,1.37847,0.122556,0.0679111,1.90255,0.0426364,1.58937,0.477137,0.0914285,1.35897,0.455521,0.260351,0.865679
204.800000000,1.65019,0.0396846,0.0683962,2.01575,0.0524813,1.66799,0.447969,0.337657,1.16309,0.578104,0.254451,0.654765
204.846439909,2.01819,0.0616967,0.00206808,2.05445,0.0684321,1.49611,0.00924566,0.684987,1.28154,0.346344,0.303323,1.00932
204.892879819,1.52637,0.0385714,0.0361277,2.00236,0.0833604,0.613365,0.13818,2.36015,0.534293,0.0900474,0.414489,1.47018
204.939319728,1.1777,0.0590151,0.136723,1.79919,0.101673,0.308479,0.0695494,2.80957,0.000874651,0.0589575,0.263039,1.55384
204.985759637,1.56064,0.0500389,0.459891,1.68595,0.152897,0.252839,0,2.74473,0,0.0294651,0.0519204,1.34785
205.032199546,1.86226,0.0956542,0.631443,1.72657,0.193259,0.204757,0.030869,2.69226,0.00179512,0.0516693,0.00826919,0.978312
205.078639456,1.88129,0.0115321,0.695888,1.89581,0.205069,0.242518,0.00940332,2.81625,0.0828639,0.03797,0.00117867,0.828802
205.125079365,1.76678,0,0.593069,2.13656,0.215923,0.348565,0.0129896,2.99191,0.132236,0.0144897,0.000693714,0.738476
205.171519274,1.82462,0.00199542,0.528544,2.44153,0.16705,0.342214,0,3.04631,0.031326,0.074212,0.0920011,0.664276
205.217959184,2.05956,0.00328719,0.448273,2.66344,0.0558621,0.156856,0,2.98803,0.224778,0.0837969,0.226499,0.457179
205.264399093,2.15656,0.00436938,0.368642,2.80716,0.0109808,0.0987076,0.0197327,2.905,0.281974,0.0906442,0.340564,0.322633
205.310839002,2.2148,0.0707445,0.286201,3.01978,0.0113271,0.0513393,0.0362802,2.86571,0.25466,0.0647583,0.392607,0.226303
205.357278912,2.25802,0.143513,0.193601,3.08458,0.0113426,0.0470449,0.0656884,2.76896,0.375736,0.0679551,0.414973,0.177397
205.403718821,2.33196,0.216103,0.0351999,3.18893,0.0123177,0.0488588,0.149208,2.76035,0.440288,0.0831198,0.380939,0.0870173
205.450158730,2.28179,0.114846,0,3.1918,0.127518,0.0621871,0.179034,2.5805,0.503439,0.0556238,0.379671,0.0203959
205.496598639,2.22983,0.0692531,0,3.05285,0.282158,0.269695,0.0190397,2.56936,0.427926,0,0.453047,0.0493588
205.543038549,2.4582,0.0539207,0,2.92966,0.359673,0.0527331,0.114498,2.54807,0.234489,0.00521357,0.538145,0.0761676
205.589478458,2.6092,0.0463834,0,3.133,0.371006,0.00910943,0.206392,2.44227,0,0,0.495327,0.120922
205.635918367,2.67346,0.0284524,0.00295159,3.27787,0.352389,0,0.0912872,2.39224,0,0,0.50796,0.194749
205.682358277,2.57148,0.0875951,0.00504741,3.26234,0.390486,0.0895008,0.00540026,2.35017,0,0.0267818,0.503154,0.193348
205.728798186,2.48162,0.0371621,0.00344398,3.27247,0.427424,0.114906,0,2.26983,0.111497,0.0622535,0.511569,0.119098
205.775238095,2.41731,0,0,3.37859,0.391917,0.16058,0.144907,2.22789,0.121169,0.0482093,0.514034,0.0973158
205.821678005,2.32109,0,0,3.52202,0.339217,0.263951,0.141457,2.26,0.014001,0,0.491107,0.113376
205.868117914,2.15165,0,0,3.55835,0.282982,0.316273,0.0679744,2.30898,0.126839,0.000523087,0.466079,0.144361
205.914557823,2.15037,0,0,3.54494,0.249402,0.230176,0.0810054,2.21033,0.293829,0.00861673,0.440527,0.133755
205.960997732,2.26555,0,0.00821926,3.44101,0.250299,0.0210547,0.00304968,1.93761,0.34946,0.0125369,0.484233,0.134519
206.007437642,2.25867,0,0.00964422,3.38449,0.270928,0,0.00386901,1.87042,0.228851,0.00853906,0.457794,0.116756
206.053877551,2.22009,0.00109118,0.004926,3.44162,0.290906,0.0424266,0.00278492,1.79882,0.00834252,0.0160102,0.457774,0.125331
206.100317460,2.09156,0,0.00307802,3.34913,0.342822,0.0732106,0.133646,1.74485,0.175458,0.00205336,0.503797,0.165843
206.146757370,1.98187,0,0.000472474,3.25753,0.369034,0.0950433,0.152656,1.92465,0.217462,0.00188361,0.560855,0.171574
206.193197279,1.77481,0,0,3.29281,0.418785,0.258553,0.0110525,2.15862,0.188312,0.0259656,0.531163,0.173107
206.239637188,1.69382,0.0115913,0,3.42118,0.377838,0.376564,0,2.25132,0.128979,0.0342472,0.535001,0.12038
206.286077098,1.83449,0.0695509,0,3.55479,0.247205,0.377103,0,2.24882,0.0451877,0,0.465965,0.122639
206.332517007,1.91719,0.108082,0,3.53827,0.281432,0.44236,0,2.19379,0.284258,0,0.439255,0.118513
206.378956916,2.07214,0.117693,0,3.31529,0.225656,0.47308,0,1.90926,0.675311,0.0239509,0.416919,0.163794
206.425396825,2.17858,0.164242,0,3.02049,0.147392,0.525995,0.0287044,1.77682,0.98998,0.0472131,0.410446,0.219437
206.471836735,2.26009,0.266315,0,2.85898,0.0706583,0.485013,0.0277809,1.85851,1.10066,0.0215248,0.415813,0.264945
206.518276644,2.25408,0.2573,0.00187084,2.88278,0.0322668,0.478373,0.0263303,1.81241,1.12746,0.0405281,0.371162,0.241531
206.564716553,2.1903,0.14263,0.00196311,3.10993,0.0512303,0.480199,0.143216,1.68744,0.898878,0.0463799,0.320741,0.116249
206.611156463,2.10999,0.118073,0.00242328,3.22371,0.0500287,0.454197,0.212077,1.6639,0.715996,0.0149012,0.302071,0.107661
206.657596372,1.89295,0.103626,0.00231477,2.92469,0.0896852,0.511346,0.223322,1.61983,1.07752,0.0027973,0.338169,0.159242
206.704036281,1.89597,0.140752,0.00105809,2.59708,0.101791,0.48793,0.155911,1.91109,0.959345,0.00882422,0.367316,0.245643
206.750476190,1.83726,0.160406,0.000449072,2.51501,0.145278,0.736757,0,2.05293,0.853131,0.054773,0.326337,0.252558
206.796916100,1.90558,0.0796267,0.00235377,2.56318,0.320273,0.696892,0,1.92464,0.715996,0.0294079,0.305302,0.291482
206.843356009,1.84439,0.0315951,0.00480253,2.61206,0.336964,0.680228,0,1.88283,0.696595,0.00617894,0.347411,0.249541
206.889795918,1.7085,0.0170342,0.0728072,2.70079,0.228626,0.895191,0,1.8215,0.791759,0.0196867,0.457839,0.278669
206.936235828,1.58277,0.0147971,0.122951,2.75362,0.0384622,1.00833,0,1.87532,0.723636,0.010092,0.453296,0.388872
206.982675737,1.61238,0,0.147084,2.73464,0.0504763,0.773113,0,2.19776,0.450992,0,0.275361,0.501949
207.029115646,1.7416,0,0.156344,2.68507,0.09016,0.66708,0,2.36648,0.00504193,0.00112371,0.194163,0.532573
207.075555556,1.96973,0.0202578,0.124952,2.72886,0.11575,0.397027,0.202591,2.26675,0.00978069,0.0215826,0.107828,0.468326
207.121995465,1.97424,0.0662143,0.102357,2.82779,0.139324,0.295334,0.216214,2.18781,0.0272535,0,0.109973,0.467311
207.168435374,1.98064,0.077945,0.123442,2.87197,0.181307,0.268348,0.249455,2.16317,0.0608408,0,0.110513,0.469058
207.214875283,1.95023,0.107495,0.14653,2.77107,0.202931,0.322938,0.303719,2.19088,0.0211771,0.0225145,0.110591,0.541114
207.261315193,2.07929,0.118968,0.176743,2.7147,0.199186,0.333,0.241591,2.29857,0.011446,0.0505393,0.244376,0.643194
207.307755102,2.18728,0.104764,0.21455,2.76168,0.139636,0.346996,0.209001,2.33587,0.00558444,0.0130701,0.558008,0.72126
207.354195011,2.16796,0.0504792,0.195481,2.75926,0.0352491,0.316591,0.149355,2.41334,0.106183,0.0224874,0.544398,0.721646
207.400634921,2.07958,0.0575683,0.251718,2.52784,0.0121453,0.40602,0,2.3661,0.475627,0.0330753,0.507442,0.730136
207.447074830,2.05826,0.0618365,0.310836,2.3102,0.0123824,0.52689,0,2.27458,0.677855,0.00726063,0.461553,0.785068
207.493514739,2.02841,0.0331953,0.290979,2.18845,0.0110546,0.606782,0,2.44647,0.66021,0,0.387602,0.781317
207.539954649,2.04061,0,0.309974,2.4001,0,0.373704,0.00815269,2.54837,0.237194,0.00451104,0.298399,0.814973
207.586394558,2.00251,0,0.275775,2.53876,0,0.336031,0,2.46882,0,0.00926028,0.122138,0.85352
207.632834467,1.94938,0.00114618,0.24294,2.73141,0,0.380997,0,2.35413,0,0,0.0157245,0.856884
207.679274376,1.82593,0.00233539,0.253924,3.15836,0,0.540813,0,2.31129,0.000279055,0.0013342,0,0.816127
207.725714286,1.70885,0.0316757,0.301729,3.19637,0.0248556,0.576158,0,2.4243,0.0912944,0.0030456,0,0.765272
207.772154195,1.69893,0.116832,0.342207,2.9947,0.050413,0.388228,0,2.54507,0.110101,0.00527107,0,0.839786
207.818594104,1.80881,0.266632,0.379263,2.93677,0.046888,0.326472,0,2.5314,0.0198843,0.00629097,0,0.884743
207.865034014,1.88907,0.240631,0.391687,2.93119,0.0248056,0.24712,0,2.37405,0.00200167,0.0564849,0,0.894523
207.911473923,1.88411,0.0808344,0.367356,2.99099,0.0134417,0.251743,0.0161326,2.34871,0.0120791,0.124578,0,0.796528
207.957913832,2.00146,0.0534323,0.340191,3.06869,0.0183927,0.248006,0.00188373,2.44913,0.0110999,0.0562378,0,0.788367
208.004353741,2.06691,0.00162081,0.314161,3.05747,0.0274461,0.293832,0,2.46627,0.00284966,0.0337348,0,0.839033
208.050793651,2.08179,0,0.304497,3.05591,0.0336686,0.336818,0,2.28843,0.00455882,0.0564891,0,0.843301
208.097233560,2.11308,0,0.324118,3.005,0.0666876,0.381159,0,2.20847,0.00910566,0.0498066,0,0.858482
208.143673469,2.19285,0.0276079,0.388049,3.00862,0.145188,0.319033,0,2.10153,0.00461907,0,0,0.957173
208.190113379,2.17667,0.0395716,0.265261,2.97517,0.176121,0.342613,0,2.02107,0.0741512,0.0400868,0,0.955723
208.236553288,2.15916,0.0126022,0.236615,2.9894,0.192788,0.361147,0,1.9396,0.0134546,0.0660214,0,0.847967
208.282993197,2.15628,0.0193134,0.215453,2.9539,0.191077,0.380069,0.0266897,1.83184,0.0113226,0.0576011,0,0.73902
208.329433107,2.23277,0.0111614,0.162969,2.92128,0.161662,0.425334,0.0754502,1.83763,0.0225717,0.0253235,0,0.746769
208.375873016,2.27038,0.0812185,0.0707073,2.89537,0.0809226,0.49895,0,2.04436,0.0277233,0.0340154,0.00879495,0.740878
208.422312925,2.23347,0.184952,0.0213622,2.80462,0.0321718,0.528321,0,2.09819,0.0271586,0.0542062,0.00668306,0.710259
208.468752834,2.16822,0.135064,0.0138536,2.5486,0.17301,0.535451,0.0310105,2.00024,0.193537,0.0171253,0.047749,0.824621
208.515192744,1.73616,0.198403,0.00432488,1.83631,0.737734,0.826532,0.78523,1.12338,0.312078,0,0.452982,0.731942
208.561632653,1.09298,0.302751,0.00302414,1.60151,0.672287,0.894579,0.798704,0.694913,0.583669,0.114428,0.491839,0.381715
208.608072562,0.584394,0.473402,0.000879147,1.44303,0.760461,0.912404,0.71351,0.796728,0.690171,0.446436,0.400306,0.266177
208.654512472,0.498855,0.595764,0.00151595,1.29745,0.800398,0.765404,0.544821,0.915312,0.526488,0.73052,0.631578,0.328362
208.700952381,0.537099,0.482238,0.00329797,1.241,0.716597,0.902218,0.402984,1.034,0.516799,0.665159,0.947868,0.593424
208.747392290,1.52557,0.155566,0.0320725,2.5329,0.31548,0.697786,0.157357,1.10814,0.705306,0.627501,0.617288,0.753767
208.793832200,2.02967,0.0540592,0.00408789,2.93266,0.486545,0.385752,0.15346,2.00902,0.0035478,0.604132,0.4188,0.633919
208.840272109,2.05452,0,0.0876329,2.66494,0.536818,0.229535,0.054137,2.48669,0.014337,0.224711,0.357129,0.629672
208.886712018,2.21239,0.028096,0.132353,2.28083,0.577436,0.0688655,0.0524702,2.90899,0.0912866,0.00308393,0.248324,0.67845
208.933151927,2.43312,0.000905336,0.219051,2.23154,0.335284,0.00707022,0.21398,2.72906,0.0470776,0.00538954,0.27283,0.748234
208.979591837,2.37951,0,0.0839228,2.3169,0.41482,0.0132595,0.45508,2.44156,0.0648161,0.00739788,0.337212,0.608677
209.026031746,2.35383,0,0.0433712,2.3831,0.358309,0.0225543,0.346332,2.27044,0.0984116,0.00548182,0.0352333,0.681226
209.072471655,2.5449,0,0.087471,2.35476,0.338161,0.0209261,0.188957,2.22327,0.143235,0.00362293,0,0.657371
209.118911565,2.68,0,0.152505,2.37672,0.240895,0.0124346,0.0894986,2.29687,0.246078,0.00259479,0,0.670989
209.165351474,2.73069,0.0182096,0.158516,2.34352,0.337287,0.00309033,0.071547,2.3481,0.326951,0.00596389,0.0279206,0.70121
209.211791383,2.69324,0.191902,0.217657,2.29013,0.430069,0.0055549,0.000497275,2.2888,0.329391,0.00893642,0.0723509,0.852089
209.258231293,2.55891,0.115179,0.307283,2.15774,0.581174,0.0157397,0,2.15314,0.376234,0.00794373,0.109758,0.799736
209.304671202,2.45511,0.0357421,0.355134,1.97918,0.760265,0.0249812,0.141593,2.19768,0.39426,0.00360249,0.115079,0.617752
209.351111111,0,0,0,0,0,0,0,0,0,0,0,0
209.397551020,2.46589,0.022099,0.480911,1.75589,0.767923,0.116472,0.213851,2.06098,0.194179,0,0.346191,0.428296
209.443990930,0,0,0,0,0,0,0,0,0,0,0,0
209.490430839,0,0,0,0,0,0,0,0,0,0,0,0
209.536870748,0,0,0,0,0,0,0,0,0,0,0,0
209.583310658,0,0,0,0,0,0,0,0,0,0,0,0
209.629750567,0,0,0,0,0,0,0,0,0,0,0,0
209.676190476,0,0,0,0,0,0,0,0,0,0,0,0
209.722630385,0,0,0,0,0,0,0,0,0,0,0,0
209.769070295,0,0,0,0,0,0,0,0,0,0,0,0
209.815510204,0,0,0,0,0,0,0,0,0,0,0,0
209.861950113,0,0,0,0,0,0,0,0,0,0,0,0
209.908390023,0,0,0,0,0,0,0,0,0,0,0,0
209.954829932,0,0,0,0,0,0,0,0,0,0,0,0
210.001269841,0,0,0,0,0,0,0,0,0,0,0,0
210.047709751,0,0,0,0,0,0,0,0,0,0,0,0
210.094149660,0,0,0,0,0,0,0,0,0,0,0,0
210.140589569,0,0,0,0,0,0,0,0,0,0,0,0
210.187029478,0,0,0,0,0,0,0,0,0,0,0,0
210.233469388,0,0,0,0,0,0,0,0,0,0,0,0
210.279909297,0,0,0,0,0,0,0,0,0,0,0,0
210.326349206,0,0,0,0,0,0,0,0,0,0,0,0
210.372789116,0,0,0,0,0,0,0,0,0,0,0,0
210.419229025,0,0,0,0,0,0,0,0,0,0,0,0
210.465668934,0,0,0,0,0,0,0,0,0,0,0,0
210.512108844,0,0,0,0,0,0,0,0,0,0,0,0
210.558548753,0,0,0,0,0,0,0,0,0,0,0,0
210.604988662,0,0,0,0,0,0,0,0,0,0,0,0
210.651428571,0,0,0,0,0,0,0,0,0,0,0,0
210.697868481,0,0,0,0,0,0,0,0,0,0,0,0
210.744308390,0,0,0,0,0,0,0,0,0,0,0,0
210.790748299,0,0,0,0,0,0,0,0,0,0,0,0
210.837188209,0,0,0,0,0,0,0,0,0,0,0,0
210.883628118,0,0,0,0,0,0,0,0,0,0,0,0
210.930068027,0,0,0,0,0,0,0,0,0,0,0,0
210.976507937,0,0,0,0,0,0,0,0,0,0,0,0
211.022947846,0,0,0,0,0,0,0,0,0,0,0,0
211.069387755,0,0,0,0,0,0,0,0,0,0,0,0
211.115827664,0,0,0,0,0,0,0,0,0,0,0,0
211.162267574,0,0,0,0,0,0,0,0,0,0,0,0
211.208707483,0,0,0,0,0,0,0,0,0,0,0,0
211.255147392,0,0,0,0,0,0,0,0,0,0,0,0
211.301587302,0,0,0,0,0,0,0,0,0,0,0,0
211.348027211,0,0,0,0,0,0,0,0,0,0,0,0
211.394467120,0,0,0,0,0,0,0,0,0,0,0,0
211.440907029,0,0,0,0,0,0,0,0,0,0,0,0
211.487346939,0,0,0,0,0,0,0,0,0,0,0,0
211.533786848,0,0,0,0,0,0,0,0,0,0,0,0
211.580226757,0,0,0,0,0,0,0,0,0,0,0,0
211.626666667,0,0,0,0,0,0,0,0,0,0,0,0
211.673106576,0,0,0,0,0,0,0,0,0,0,0,0
211.719546485,0,0,0,0,0,0,0,0,0,0,0,0
211.765986395,0,0,0,0,0,0,0,0,0,0,0,0
211.812426304,0,0,0,0,0,0,0,0,0,0,0,0
211.858866213,0,0,0,0,0,0,0,0,0,0,0,0
211.905306122,0,0,0,0,0,0,0,0,0,0,0,0
211.951746032,0,0,0,0,0,0,0,0,0,0,0,0
211.998185941,0,0,0,0,0,0,0,0,0,0,0,0
212.044625850,0,0,0,0,0,0,0,0,0,0,0,0
212.091065760,0,0,0,0,0,0,0,0,0,0,0,0
212.137505669,0,0,0,0,0,0,0,0,0,0,0,0
212.183945578,0,0,0,0,0,0,0,0,0,0,0,0
212.230385488,0,0,0,0,0,0,0,0,0,0,0,0
212.276825397,0,0,0,0,0,0,0,0,0,0,0,0
212.323265306,0,0,0,0,0,0,0,0,0,0,0,0
212.369705215,0,0,0,0,0,0,0,0,0,0,0,0
212.416145125,0,0,0,0,0,0,0,0,0,0,0,0
212.462585034,0,0,0,0,0,0,0,0,0,0,0,0
212.509024943,0,0,0,0,0,0,0,0,0,0,0,0
212.555464853,0,0,0,0,0,0,0,0,0,0,0,0
212.601904762,0,0,0,0,0,0,0,0,0,0,0,0
212.648344671,0,0,0,0,0,0,0,0,0,0,0,0
212.694784580,0,0,0,0,0,0,0,0,0,0,0,0
212.741224490,0,0,0,0,0,0,0,0,0,0,0,0
212.787664399,0,0,0,0,0,0,0,0,0,0,0,0
212.834104308,0,0,0,0,0,0,0,0,0,0,0,0
212.880544218,0,0,0,0,0,0,0,0,0,0,0,0
212.926984127,0,0,0,0,0,0,0,0,0,0,0,0
212.973424036,0,0,0,0,0,0,0,0,0,0,0,0
213.019863946,0,0,0,0,0,0,0,0,0,0,0,0
213.066303855,0,0,0,0,0,0,0,0,0,0,0,0
213.112743764,0,0,0,0,0,0,0,0,0,0,0,0