TIME,27.7576,30.2811,32.8045,35.3279,37.8513,40.3748,42.8982,45.4216,47.945,50.4684,52.9919,55.5153,58.0387,60.5621,63.0856,65.609,68.1324,70.6558,73.1792,75.7027,78.2261,80.7495,83.2729,85.7964,88.3198,90.8432,93.3666,95.89,98.4135,100.937,103.46,105.984,108.507,111.031,113.554,116.077,118.601,121.124,123.648,126.171,128.695,131.218,133.741,136.265,138.788,141.312,143.835,146.358,148.882,151.405,153.929,156.452,158.976,161.499,164.022,166.546,169.069,171.593,174.116,176.64,179.163,181.686,184.21,186.733,189.257,191.78,194.304,196.827,199.35,201.874,204.397,206.921,209.444,211.967,214.491,217.014,219.538,222.061,224.585,227.108,229.631,232.155,234.678,237.202,239.725,242.249,244.772,247.295,249.819,252.342,254.866,257.389,259.912,262.436,264.959,267.483,270.006,272.53,275.053,277.576,280.1,282.623,285.147,287.67,290.194,292.717,295.24,297.764,300.287,302.811,305.334,307.858,310.381,312.904,315.428,317.951,320.475,322.998,325.521,328.045,330.568,333.092,335.615,338.139,340.662,343.185,345.709,348.232,350.756,353.279,355.803,358.326,360.849,363.373,365.896,368.42,370.943,373.466,375.99,378.513,381.037,383.56,386.084,388.607,391.13,393.654,396.177,398.701,401.224,403.748,406.271,408.794,411.318,413.841,416.365,418.888,421.411,423.935,426.458,428.982,431.505,434.029,436.552,439.075,441.599,444.122,446.646,449.169,451.693,454.216,456.739,459.263,461.786,464.31,466.833,469.357,471.88,474.403,476.927,479.45,481.974
0.000000000,15.4368,18.0692,12.3656,9.96741,11.7871,6.74081,2.02326,7.85499,11.1368,4.59208,2.27848,8.84925,11.0989,7.2106,10.1387,15.9305,10.9089,2.58948,2.5405,5.01031,3.82935,2.20648,2.2784,2.04261,0.800914,1.39684,5.65985,8.33385,4.57881,0.678614,0.786305,0.261942,0.604755,2.98497,2.03196,0.279127,1.95653,2.97762,1.68191,0.631351,0.654305,0.948958,0.725773,0.492101,0.879549,1.15487,0.522631,0.531608,1.53334,1.09996,1.0916,2.36967,0.846837,0.927165,5.8494,6.73556,3.07047,2.95017,5.18511,3.7542,0.52719,2.57001,6.72034,4.86961,2.12171,4.17452,5.56615,4.1235,4.8584,8.02627,7.64028,3.53615,3.18325,7.84493,8.49404,3.5295,5.04996,10.8463,6.83518,4.93315,16.2853,20.3946,11.0512,7.41778,11.2285,9.76922,4.50656,5.39075,11.4086,11.9557,5.7103,5.86435,13.6832,12.8443,6.92436,11.0755,14.2794,6.15639,1.9019,8.22109,10.4944,4.73999,5.69822,13.7984,12.7952,6.79383,10.2772,15.0579,10.4146,5.03042,6.58048,9.07171,6.58187,3.03968,4.5333,7.72669,4.81484,0.692363,4.56411,7.58602,3.58178,4.31109,7.99431,4.03815,0.67449,3.65725,4.53242,1.82598,0.589783,1.15838,1.29748,0.809184,1.39032,3.36684,3.8552,1.69159,0.577303,1.44302,1.03237,0.0465198,0.193529,0.373669,0.609375,0.751626,0.353175,0.145739,0.140006,0.116551,0.0246519,0.152042,0.902418,0.920942,0.0836874,0.436293,1.83642,2.31911,1.89946,2.04576,1.95295,0.679367,0.135625,1.12568,1.57427,0.420781,0.667638,3.36245,3.22794,2.94909,8.6498,10.592,4.27318,1.7512,3.98451,3.09473,1.34329,2.6563,4.7351,4.5658,2.87031,4.67186,11.2902
1.486077098,20.6901,24.3,13.7691,9.23179,16.3432,9.57256,0.566844,11.8028,18.6602,6.10544,1.43235,14.577,16.9503,5.91555,11.9188,24.5214,15.6454,1.8815,2.87308,7.07498,4.56788,2.00989,2.82346,2.80402,0.800032,1.22529,8.63639,14.7945,7.70175,0.191311,1.61423,0.824972,1.34951,5.7177,3.68236,0.00152502,3.72524,6.05101,2.71511,0.420363,1.04131,1.73457,1.24782,0.976787,1.6341,1.88067,0.521158,0.464143,2.25393,1.3835,0.72986,4.0907,1.7706,1.44926,10.6522,11.0018,2.84635,3.11821,9.12664,7.03919,0.304454,4.27616,11.2571,6.0673,1.32728,5.24564,6.8956,4.09427,4.76361,10.7327,10.9399,3.66538,2.71185,11.5892,13.6851,3.11022,5.39381,18.043,8.55466,3.29902,24.6889,30.1518,11.8576,6.56117,16.0027,13.9237,3.72008,5.75866,15.5684,16.5633,5.87251,4.89886,20.141,17.5944,4.81682,14.0397,22.709,8.93113,0.681732,13.843,17.7964,4.12366,6.0634,21.1123,16.8611,5.15662,11.9698,21.0691,12.6468,4.02863,7.66886,12.4088,9.21964,2.51287,5.14332,13.0073,8.25657,0.0214126,7.59098,12.4561,3.05457,4.61648,13.4055,6.48521,0.100878,6.56475,7.6907,2.02066,0.453634,1.5845,1.70901,0.766884,1.34225,4.85613,5.7589,2.16864,0.258981,2.34035,2.29962,0.346023,0.755723,1.40179,1.92212,2.03118,1.13059,0.642772,0.590277,0.502072,0.195891,0.448397,1.9302,1.61826,0.162152,0.667431,2.68069,3.11802,1.88871,2.47092,3.16798,1.60536,0.74772,2.70714,3.64316,0.865688,1.15095,6.37329,4.25554,1.9344,13.036,16.8736,4.97253,1.19153,6.25139,4.1659,0.79673,3.55559,6.71905,6.1532,2.79746,4.47434,16.1216
2.972154195,23.8637,27.9556,14.0878,6.40567,20.6581,12.844,0.0844788,16.1872,27.2951,8.70362,1.711,21.149,23.4125,3.59643,13.4579,33.0024,19.6239,1.55147,3.3274,8.94674,4.59862,1.53031,2.93619,3.54809,0.747535,1.1205,11.1279,22.7214,12.6644,0.459942,3.19351,2.11194,2.95421,9.28127,6.28346,0.601624,6.45624,10.3525,4.32747,0.0761711,1.80216,2.70691,1.52922,1.52033,2.67484,2.57353,0.539398,0.418827,2.9577,1.80827,0.446355,6.31397,4.16804,3.78891,17.0777,15.2472,2.58818,2.99947,14.0136,11.9708,1.32292,7.17474,16.108,7.27883,0.450561,6.1447,7.10358,3.69996,3.68188,12.8948,13.5905,3.57975,1.96755,15.1095,19.4195,3.3703,6.33045,26.7924,11.5175,2.81593,33.7512,38.2932,11.653,4.58145,20.3867,17.7523,2.45658,5.81772,18.4323,19.595,6.16733,3.56092,27.078,22.1067,1.96028,16.4555,30.731,13.2901,0.899827,21.4913,26.4845,3.93738,7.01642,28.6205,19.6718,2.79924,12.4487,25.9478,13.93,2.26699,8.05411,14.205,11.6926,1.77704,5.57682,18.9696,13.0089,0.872354,12.0658,18.108,2.79598,5.24793,19.5665,10.3294,0.82314,10.6966,11.5046,2.14355,0.393545,1.85357,1.85726,0.753137,1.08603,6.4709,7.26224,2.58144,0.0334879,3.4639,4.49199,1.48786,2.10248,3.36922,4.2375,4.1489,2.49276,1.55354,1.43381,1.35159,0.845165,1.3778,3.61584,2.37514,0.331231,0.91045,3.53168,3.65489,1.51083,2.57487,4.37043,2.9476,2.02289,5.14834,6.93562,2.39521,2.85387,10.4296,5.58304,1.02888,17.9111,23.5773,5.88011,0.975111,8.67808,5.46041,0.167869,4.58466,7.82531,7.25477,2.46722,3.7867,20.2271
4.458231293,24.0575,27.4155,13.7951,3.04595,24.1016,15.959,1.37364,20.0049,35.2569,12.7156,4.05573,26.617,29.2085,2.30049,15.6905,38.8138,21.6153,2.12032,4.16281,10.0718,3.99971,0.958574,2.52036,4.16721,0.81476,1.21893,12.1303,30.7545,19.6184,2.43783,5.30227,3.93408,5.26803,13.0679,9.53853,2.53782,9.78724,14.9325,6.68196,0.158191,3.12143,3.72058,1.38034,2.04766,3.85271,2.99238,0.587549,0.459452,3.62652,2.25653,0.605519,8.59494,8.4087,8.7856,23.7242,18.2292,2.70478,3.10115,18.8577,18.0459,4.36267,10.898,19.5683,8.80017,0.237347,6.73686,5.93489,3.20162,2.24534,13.9876,14.7613,3.46443,1.47609,17.6516,24.3509,5.0497,8.64092,35.3256,16.4321,5.44669,41.2301,42.2479,11.0003,2.66315,23.5417,20.263,1.58449,5.63977,19.3745,19.742,6.84973,3.2516,33.3831,25.5342,0.219087,18.0133,35.8347,18.6367,4.1844,30.4164,34.3509,5.35452,9.15728,34.7298,20.5404,0.908698,11.7257,28.3159,14.2819,0.655183,7.63539,13.7422,13.4054,1.55548,6.29503,24.1013,18.262,4.05156,17.4065,23.4698,3.61109,6.61753,24.9011,15.448,3.69424,15.159,15.2541,2.59103,0.578501,1.81196,1.73517,0.792206,0.917058,7.86779,8.01637,2.67083,0.134032,4.8613,7.53183,3.65453,4.18428,6.06554,7.3067,6.81801,4.2734,2.72405,2.50118,2.63828,2.21566,3.23656,5.78303,3.05646,0.499587,1.10726,4.2533,3.73263,0.976038,2.2641,5.3178,4.43378,3.65661,7.99526,11.1687,5.36779,6.0238,14.6569,7.30972,1.29012,22.2303,29.2018,7.26362,1.54343,10.4735,7.07188,0.0960746,5.63092,7.46443,7.6169,2.17787,3.2471,22.4413
5.944308390,21.0036,23.0215,13.0218,1.19035,26.1049,18.1031,4.06808,22.5347,40.1877,17.5348,8.22096,29.5569,32.1752,3.9346,19.27,40.1234,20.6223,3.90392,5.35141,9.76723,3.30832,0.486369,1.64162,4.63312,1.22139,1.35102,11.4925,37.15,27.3586,6.45096,7.55688,5.59587,7.73616,16.3172,12.39,5.53358,13.249,18.2812,9.24493,1.29729,5.29867,4.49923,0.920189,2.41512,4.65646,3.34697,0.482299,0.611384,4.38944,2.47515,1.14987,10.691,13.9584,15.8192,28.6987,19.032,3.30193,3.80372,22.5591,23.6136,9.29758,14.6329,20.1924,10.4035,1.39758,7.02289,3.71767,2.9182,1.44659,13.1289,14.6135,3.23612,1.40761,18.8827,27.1941,7.77099,12.2275,41.9513,22.5166,11.3263,45.1521,40.6195,10.3229,2.01627,24.6911,20.8202,1.63455,5.45452,17.9443,17.1438,7.45066,4.98479,38.2876,26.6258,0.716994,18.7313,36.3903,22.8484,11.2071,39.3194,38.1703,8.75296,12.9495,37.2167,19.6978,0.214559,10.1564,27.494,13.8626,0.0184259,6.50378,11.2231,13.8066,2.40017,7.55709,26.6183,22.8176,9.22701,22.0792,27.1131,5.98953,8.73764,27.1768,21.3113,8.8253,18.0269,18.0945,3.88633,1.11017,1.33587,1.48786,0.822548,0.997221,8.91862,7.72643,2.39795,0.653905,6.3648,10.9491,6.57938,6.37162,8.8107,10.6714,9.14395,5.94819,4.02787,3.39336,3.93258,4.37481,6.17029,7.79672,3.43373,0.686373,1.07455,4.84011,3.34436,0.536429,1.55522,5.97049,5.48686,5.09331,10.599,15.3614,9.43822,10.0816,17.8509,9.20962,3.18301,24.9747,31.8505,9.29103,2.89703,10.8454,8.81359,1.21866,6.49977,5.62419,7.32412,2.04522,3.06145,22.7856
7.430385488,13.9668,20.0684,9.03055,1.05232,30.8849,16.2069,6.70353,27.3256,34.4626,26.5917,13.1319,25.5531,36.9023,5.2624,21.3882,43.8981,12.9891,10.5987,4.99442,9.9841,2.7134,0.912948,1.97559,2.75271,2.99228,2.91329,7.85635,46.7234,27.6639,13.3336,12.1636,4.10875,11.9445,17.9765,12.4777,11.5828,13.5883,20.2467,12.6697,1.94371,7.24072,8.19381,0.309797,3.77224,3.3543,6.80592,0.104469,2.87992,5.04962,2.23209,4.11574,9.20802,20.1768,28.3802,24.309,22.1508,2.72832,3.40185,29.5481,22.7226,15.302,20.8093,14.0112,15.0373,4.06289,4.96518,2.07257,3.43848,2.75518,10.2254,14.5845,3.64031,0.32856,24.8615,22.2502,12.2406,21.5731,36.1004,34.2981,21.2325,37.1066,41.3071,6.55383,3.98494,26.4567,16.5161,4.70001,4.77204,16.0479,11.2896,9.22623,11.1266,35.1568,29.2597,3.14693,14.9793,37.9265,19.4774,22.0472,51.9802,29.9576,17.503,19.6173,29.9132,22.5111,0.0886065,8.44966,24.1205,12.9296,1.97729,3.70674,11.2595,8.71894,6.5264,12.2173,20.3526,31.1399,12.7193,23.2165,31.8854,6.5977,11.672,27.11,22.9897,19.1848,16.968,19.0874,8.8134,1.819,1.0214,0.578287,1.9228,2.98871,6.17234,9.73648,0.566758,2.97738,9.04263,10.3133,13.4082,7.56683,9.09947,18.0559,7.1916,8.97376,5.7087,2.58224,7.31798,5.53365,8.14748,12.3167,1.99997,1.63879,0.47655,6.48206,3.08188,1.03457,1.24016,6.43253,5.0344,8.08037,8.62986,22.8373,12.9666,10.7856,24.3978,7.66992,5.6001,30.9253,24.6705,15.5281,4.63543,8.7072,12.57,2.1783,6.83824,2.98352,8.42792,1.64754,1.83723,25.5248
8.916462585,6.31158,21.1748,3.83802,3.59834,38.7971,13.3268,8.52139,34.5468,20.0239,39.4655,21.4184,14.9522,51.5649,3.42808,23.7414,61.7199,3.96842,32.7108,6.6189,17.4244,10.3344,6.47809,8.96184,0.773849,10.9624,10.8031,10.4901,61.7314,17.0562,26.8907,19.6727,1.03041,19.1162,18.268,9.57218,21.4321,11.8283,19.75,20.989,1.22649,8.84049,20.2197,5.27468,11.6615,4.10921,22.3364,6.8373,17.3263,11.1588,6.15365,17.1089,3.02981,33.5504,51.3724,9.89707,32.3719,2.37673,4.74628,42.7268,14.4754,23.3334,29.9819,5.07488,23.5086,8.00754,1.95313,2.3499,4.62349,9.82694,10.5111,15.7737,13.1243,1.73658,45.4241,14.6934,21.8112,45.2316,14.8689,59.9739,38.6918,18.5577,55.8109,1.28404,18.8193,31.8203,11.2787,16.9977,2.89849,20.2375,4.90888,13.5567,19.1452,26.3339,31.2218,7.72569,8.67429,40.9036,10.5957,35.3959,72.8339,12.2813,34.8252,32.444,14.0321,37.8561,2.13234,14.2337,24.7645,13.1146,15.6702,3.73513,20.4198,0.628933,20.5015,23.762,7.96437,49.2546,11.1859,25.4446,39.2404,3.63403,18.9078,24.0217,20.6774,35.0771,14.2787,18.217,21.83,5.88078,3.37977,2.72895,7.38383,11.768,0.773377,18.8644,1.69347,13.7257,16.3481,4.92022,31.8695,10.7243,10.1719,37.0416,1.82833,18.9658,10.1833,2.78994,15.8051,3.97726,10.6439,20.7651,0.713179,4.3328,0.86697,10.8621,6.95539,3.97931,4.90585,9.39781,4.05938,15.9898,2.42417,37.7448,19.6205,6.46151,41.784,4.27365,11.16,48.2025,7.84927,33.8078,8.52933,9.64342,22.5386,1.00191,10.0165,2.78334,14.4884,3.0737,1.14443,32.3122
10.402539683,7.89491,28.5043,1.61518,11.4047,47.9512,12.2134,9.60546,42.9419,5.84144,54.5341,37.0248,10.2297,79.8174,5.5434,39.3162,99.9845,14.7824,78.1439,23.556,42.497,40.8454,28.0406,32.2659,11.9001,34.4527,35.6501,36.5063,86.1022,3.62294,50.5403,29.8576,0.277109,26.7083,19.3456,5.62999,34.6375,11.4443,20.4338,37.4181,2.06945,15.8641,43.3152,24.418,32.3353,20.0526,61.4835,39.3295,61.4858,39.3266,29.1387,51.8723,6.01364,65.7505,86.5733,0.150081,49.1377,8.06153,13.1695,61.9667,6.46003,34.8525,43.5013,1.04337,35.9554,13.0054,0.660746,4.69096,7.77003,24.3176,19.5463,25.6988,43.2173,19.4247,91.499,24.3601,47.4121,88.472,0.1407,103.818,69.0676,11.789,89.1665,9.80735,61.0832,53.0162,18.1607,48.1833,7.74149,33.7449,5.31734,20.4628,24.2288,16.8611,29.3599,14.8307,2.5738,47.2341,3.20229,53.9566,99.7967,0.898023,61.1949,54.2944,5.95689,69.5533,16.8081,41.3708,42.6982,25.5528,55.1901,22.1489,45.004,6.01797,51.6885,46.0566,5.19424,78.4179,10.7639,34.535,52.1119,0.220542,32.3152,21.1544,18.2602,53.5629,13.1358,18.2268,43.3732,18.6118,14.4976,15.3508,24.4228,34.9752,4.78252,41.5813,19.0887,42.3389,33.7924,6.52199,66.8596,26.3903,23.8086,73.6348,6.46461,42.5119,25.8381,12.031,32.7274,2.64779,17.4161,32.43,2.62574,9.02458,4.51198,19.6607,19.1302,13.1636,18.1206,18.3621,8.67423,30.4016,0.754721,61.1881,36.2308,6.3529,74.1195,12.8344,31.0876,83.1795,1.25378,70.8497,23.6976,24.8359,43.4529,2.01692,19.9601,12.1582,27.8452,11.4043,6.24921,43.7369
11.888616780,29.0257,45.3564,7.00371,24.083,56.7355,13.0673,10.6415,50.7934,1.43928,75.2894,60.2303,22.827,117.638,26.1222,82.7048,165.617,60.787,140.271,67.9089,96.0098,104.999,76.0243,78.7036,48.6553,82.7279,86.1147,94.3224,124.008,3.36214,89.4044,43.3585,2.81135,28.2027,26.9982,6.99813,49.0652,12.4476,21.288,68.5631,14.9604,40.8754,73.4203,50.8572,67.6408,69.1429,143.749,114.065,136.935,100.057,88.1127,123.827,39.4053,124.103,130.473,8.86333,74.4751,23.4369,30.0891,83.2384,9.5653,55.1923,60.8251,6.85856,47.7862,22.422,3.45037,9.49449,12.3585,41.7189,42.6683,56.5062,99.6335,67.6283,166.189,70.8889,100.791,149.545,15.4573,168.461,122.856,38.2966,135.446,44.5169,134.114,113.562,62.376,105.248,25.8492,48.7367,18.7979,35.4096,22.6713,12.0445,18.8406,27.5613,2.40274,61.149,4.54454,71.4949,132.547,10.533,99.2501,82.6149,18.6555,118.301,59.1316,99.7802,85.7729,62.6863,128.513,78.0261,94.1397,38.3444,97.804,82.6463,26.7574,121.946,19.7685,52.1848,70.1343,3.07713,52.5457,22.8324,20.0011,70.1288,16.0933,21.7216,67.5521,45.3161,42.4293,45.141,56.2173,71.8732,31.9419,89.6626,71.2203,94.7907,58.8562,22.2095,118.869,72.8152,68.9664,123.33,29.3454,78.5411,66.6769,44.6148,60.9207,5.59305,26.2311,47.2385,11.0706,16.2845,10.3999,31.0301,43.8649,34.681,42.3132,33.2892,22.8054,54.7697,13.3962,92.3227,62.477,20.8446,124.995,49.7517,79.1929,137.132,26.039,128.246,62.2686,62.2238,77.0497,12.4397,39.6495,35.2087,48.6345,28.6537,21.6662,62.7607
13.374693878,78.1122,79.452,19.3254,31.0421,68.0651,17.9656,10.7323,53.4498,18.6654,113.891,82.28,45.2993,163.274,78.4112,158.924,254.917,142.095,199.979,133.185,182.76,212.208,149.073,130.605,110.05,171.405,171.873,163.278,164.259,35.5682,153.043,61.9968,5.65669,25.0824,40.8737,20.4451,67.3413,11.6314,19.8857,112.67,66.686,107.769,101.059,60.1501,125.52,181.497,272.856,216.408,227.527,192.025,187.613,236.017,124.613,208.988,161.642,37.6603,117.297,55.5839,47.2462,92.0466,38.5678,100.79,77.7762,14.2891,58.791,40.5734,11.9273,15.2119,17.2365,55.1712,79.7472,119.025,180.913,139.48,248.611,169.178,200.109,210.437,57.8071,244.794,221.892,109.628,175.721,98.4738,233.187,226.952,163.295,193.402,61.7904,54.1175,38.662,68.1359,23.4151,18.061,3.09368,57.1485,24.4441,77.5136,12.5124,83.0862,171.334,46.8258,142.785,117.641,49.6716,169.361,145.282,199.104,144.946,112.919,227.282,197.505,180.114,88.5063,136.739,140.572,86.9266,171.311,42.7915,74.6895,89.4033,16.8788,77.2634,35.1174,29.1314,72.3127,29.4592,34.0075,76.3822,83.9251,100.906,100.77,92.224,106.253,90.2081,178.517,168.437,164.502,87.9808,48.316,173.856,166.582,169.434,180.647,53.0969,116.083,155.364,125.211,96.567,10.6703,30.5588,69.3231,27.632,23.168,16.583,42.0342,78.4178,77.0226,77.3832,43.4829,41.8755,98.8481,54.7635,118.76,84.5976,58.5321,206.918,118.327,146.489,206.514,93.4605,200.119,123.186,120.878,123.742,34.2265,61.5969,73.607,82.571,45.9999,40.2551,94.8374
14.860770975,140.878,131.931,47.2185,28.0722,74.5189,44.7362,10.8502,55.7037,84.783,180.005,81.5361,70.9775,226.243,146.916,241.687,369.297,235.499,233.243,209.417,279.338,343.473,256.247,163.029,162.294,317.856,317.607,192.837,192.245,132.303,250.841,75.7033,6.70203,21.3743,53.7312,52.4512,90.2701,9.92897,19.1781,160.54,171.586,238.01,145.558,35.695,231.982,396.741,403.527,292.3,343.351,295.268,278.934,382.045,282.485,296.174,167.295,81.0702,169.625,110.141,64.1855,75.8383,103.548,198.636,100.814,9.33091,85.9845,70.4758,16.9842,18.9713,28.4277,49.2429,128.494,226.825,264.514,206.602,326.81,296.632,333.482,277.011,96.9518,304.614,397.497,232.822,170.259,160.114,376.943,361.814,287.242,318.945,128.27,40.1538,60.3806,132.838,45.8914,38.4344,5.30821,110.065,91.0354,101.529,12.797,97.4002,222.979,81.7351,176.351,180.11,78.6369,190.545,296.141,344.886,190.161,155.684,344.048,372.029,303.32,146.419,142.675,217.096,202.774,208.221,63.9529,108.411,109.338,28.4547,102.249,74.6863,44.1624,53.3807,62.0664,52.8048,62.0379,134.489,187.621,179.731,126.142,115.684,176.443,331.037,300.516,210.526,125.704,86.1161,195.007,298.47,358.806,248.182,50.3286,164.903,305.757,254.876,139.841,15.5935,28.224,101.002,54.2789,22.1114,23.4859,54.8547,98.7539,142.137,138.365,37.9418,56.5495,184.113,140.688,117.422,98.3337,131.925,304.47,207.864,216.547,267.466,198.68,286.563,177.887,178.508,197.752,66.6712,63.4163,125.426,146.197,50.4022,49.0964,154.194
16.346848073,190.388,190.249,98.0873,21.6913,78.9788,111.513,26.3524,85.2557,233.2,276.962,53.3093,108.824,302.182,194.064,309.181,502.265,300.135,226.698,283.359,350.068,452.085,392.459,171.375,175.763,529.09,540.446,164.905,209.953,317.128,378.125,80.9481,6.18515,14.7301,62.5247,109.137,116.473,8.01526,22.9499,204.215,312.488,423.992,235.364,9.43003,413.471,732.994,499.747,291.207,490.449,381.338,303.799,558.218,512.919,343.947,148.19,131.33,208.415,176.382,87.5719,41.4664,209.67,368.398,152.605,1.52166,141.875,122.447,15.7207,21.476,50.5498,24.8559,190.615,378.694,321.99,234.384,394.926,408.368,453.335,356.368,110.935,327.768,653.211,413.908,115.337,226.295,566.634,464.951,379.422,479.247,234.232,17.3771,95.3663,231.246,99.3357,71.6145,39.9243,191.052,216.509,142.575,4.36233,130.608,289.993,91.6678,194.436,280.457,92.5377,176.939,516.786,532.336,192.261,181.864,471.714,537.045,437.45,215.997,104.688,300.857,384.137,227.886,63.3846,163.422,132.957,25.1024,134.56,153.083,63.585,29.8495,119.067,73.8628,35.2799,191.993,280.829,260.889,154.646,94.7161,269.946,551.794,456.258,199.365,167.164,134.14,162.467,449.011,649.522,339.512,21.432,246.552,499.724,399.731,188.76,22.5139,20.7614,141.802,94.7267,13.9165,32.1749,67.4787,92.6655,222.373,232.951,29.8187,74.7411,328.324,277.496,87.7651,109.225,236.291,380.273,293.395,278.992,286.401,310.396,391.028,197.341,212.057,306.06,110.641,40.4948,193.867,244.982,46.8184,54.5702,244.134
17.832925170,197.773,250.309,162.654,21.5141,90.1326,221.175,87.7948,183.041,465.462,393.316,25.36,159.254,390.649,191.456,348.064,640.062,300.261,197.332,316.714,379.709,497.283,514.959,180.674,146.538,811.285,827.962,108.28,237.138,549.738,530.922,88.774,7.10441,6.49747,74.936,186.584,136.348,9.51422,29.2202,243.702,443.552,623.329,387.852,44.9863,683.481,1127.04,562.706,211.761,652.505,444.024,244.143,757.46,760.958,340.339,109.848,167.964,231.8,219.551,122.477,15.2318,367.396,612.118,236.779,13.2498,218.289,210.95,19.238,34.3587,91.1975,3.09541,270.787,526.364,352.766,202.011,444.095,464.965,506.59,450.491,90.0662,340.948,937.405,627.167,60.5548,297.636,787.926,488.659,411.297,647.754,360.661,17.4194,149.287,365.515,176.093,102.73,100.858,310.025,395.468,195.191,1.09286,178.664,379.086,73.5199,212.145,417.304,90.16,164.593,754.53,744.245,162.403,192.881,594.241,612.352,554.656,290.892,45.377,385.361,592.304,251.356,39.2769,244.864,166.72,10.7369,179.784,255.394,97.1358,24.1992,205.979,98.3284,18.8448,234.649,351.816,329.952,160.933,61.2769,337.547,816.102,627.491,129.08,216.791,178.298,100.738,587.467,984.972,485.327,0.284468,376.962,681.877,511.829,239.718,30.9116,17.8582,180.114,150.63,8.70198,49.5147,76.4397,67.9997,305.572,341.356,47.3308,115.302,542.693,452.055,53.2945,121.601,336.672,424.602,330.592,319.26,256.328,383.356,514.495,170.245,226.716,433.624,162.099,13.3912,269.156,381.768,55.0385,77.1036,353.705
19.319002268,159.384,301.261,222.875,34.0188,113.507,355.127,222.777,369.747,738.874,508.132,25.325,218.014,483.136,144.482,362.06,758.013,241.699,158.748,293.672,359.043,463.748,578.476,213.613,117.911,1140.55,1137.66,82.9022,281.657,755.429,685.722,119.428,17.7469,6.97975,103.069,267.07,143.146,14.6808,38.1233,274.808,511.73,779.55,591.122,195.481,1006.65,1472.04,597.493,105.974,798.544,494.763,141.494,955.262,954.235,292.122,65.7645,176.15,236.334,216.569,165.352,34.7132,573.942,897.115,341.952,53.4234,298.986,329.91,51.561,78.0485,155.655,14.4767,357.521,617.554,355.509,125.071,466.994,448.813,470.054,548.402,58.5346,371.717,1171.98,822.899,56.8731,387.323,1003.62,428.961,381.861,785.196,471.732,56.1123,228.302,518.796,260.435,116.592,167.778,464.084,593.073,250.15,12.3156,229.947,480.514,56.6528,253.331,572.727,92.2264,178.49,938.343,942.195,137.945,208.439,683.41,559.696,625.627,361.871,5.12872,458.457,765.474,293.113,17.0775,345.301,219.078,3.15058,232.147,347.201,150.101,59.5289,316.375,136.097,28.7788,244.666,376.555,370.066,142.45,29.4483,361.632,1071.62,797.339,45.5738,275.217,211.031,46.3659,680.114,1274.3,684.846,43.3786,544.893,792.268,547.609,284.965,41.4359,23.6319,203.828,214.323,22.4383,83.3222,84.0666,44.5444,370.2,433.051,105.341,200.741,807.334,637.807,43.1937,137.536,393.543,430.647,298.485,327.374,190.734,395.738,640.935,123.572,237.115,553.564,211.777,1.99955,340.789,542.123,101.654,135.543,457.491
20.805079365,97.7169,327.194,261.091,59.2704,145.508,478.21,431.565,621.445,974.144,599.421,63.2364,278.022,560.471,88.9299,362.506,831.303,162.999,122.309,224.78,293.161,366.827,558.128,276.632,149.958,1458.1,1401.45,136.115,337.074,864.39,802.737,182.897,45.6553,29.8995,156.46,325.351,136.374,20.3918,49.7691,290.017,488.439,844.525,799.283,457.378,1301.81,1662.06,611.115,42.5951,894.636,544.359,72.4831,1113.44,1032.92,223.073,28.9544,155.026,220.519,169.173,206.814,118.134,802.454,1162.32,441.725,113.953,363.471,450.932,131.551,165.364,241.846,75.2461,427.734,620.869,330.587,45.8138,459.801,370.627,363.01,626.24,61.1402,426.194,1283.36,949.085,125.466,503.995,1160.74,326.873,314.386,854.113,531.279,126.825,330.057,655.244,328.926,108.123,217.394,631.47,756.859,292.536,39.1037,270.906,571.032,81.8412,326.458,716.048,125.265,220.323,1010.91,1078.82,154.934,245.319,716.139,402.773,631.554,418.836,14.2949,504.312,848.795,351.035,31.4977,440.709,289.161,24.6221,275.725,393.134,219.053,140.607,427.211,196.122,67.1515,218.264,346.033,371.355,107.593,8.16306,348.884,1250.32,937.917,11.7196,340.316,231.943,26.7874,704.548,1430.96,893.698,186.035,710.584,796.061,491.034,312.839,55.4313,34.27,208.776,268.1,64.7471,134.682,97.8989,41.5374,394.706,479.525,196.944,335.033,1065.71,798.255,75.8509,154.421,382.85,399.856,209.745,302.891,116.364,356.744,742.644,102.293,257.713,633.566,249.27,16.4158,400.026,689.778,199.261,230.305,527.082
22.291156463,46.3775,313.11,269.524,88.9033,169.317,562.382,672.216,864.489,1098.5,643.191,126.155,327.106,605.044,63.7383,357.708,845.007,111.98,96.1622,136.441,200.805,246.754,453.727,362.921,282.109,1665.39,1562.94,269.537,378.799,845.451,842.344,266.817,93.769,82.6708,230.822,343.959,117.098,23.7584,60.9787,286.909,378.158,808.304,942.146,754.124,1493.77,1616.14,616.192,68.0777,906.734,596.157,102.137,1192.77,973.713,159.696,8.24233,115.526,189.013,101.693,232.412,247.604,1012.8,1328.9,509.17,172.15,388.169,545.02,248.513,283.713,346.402,174.695,446.744,549.455,274.345,4.4468,438.004,253.423,235.221,656.082,136.096,488.291,1225.55,978.163,240.723,630.146,1225.97,233.316,243.076,836.088,518.421,201.656,437.609,737.359,357.674,82.7124,235.2,777.75,836.81,307.256,74.0238,284.767,628.444,171.052,417.31,805.99,206.065,270.17,945.914,1125.8,217.121,299.251,696.264,207.15,573.009,449.069,78.9426,508.499,814.048,411.601,96.1781,501.591,364.523,84.6988,291.74,376.834,287.417,246.534,507.327,275.932,122.73,162.07,275.246,331.841,71.694,0.419968,319.019,1301.9,1008,70.7137,411.759,238.802,42.8728,672.866,1384.6,1058.16,414.848,808.091,707.602,354.71,321.183,69.0968,42.2556,197.543,290.386,133.327,195.401,121.05,65.801,372.347,461.649,296.968,488.565,1247.19,897.453,143.883,164.927,309.882,340.842,104.541,253.366,60.4632,297.808,789.388,138.904,295.2,647.096,264.443,54.7773,434.141,780.675,336.383,338.216,536.818
23.777233560,27.2161,259.504,248.772,108.908,173.224,585.758,874.219,1015.42,1069.8,626.292,184.048,354.145,598.856,91.2206,355.707,783.722,124.538,83.5647,56.6882,112.002,140.72,298.724,451.05,502.111,1673,1584.38,446.066,370.414,727.236,773.595,343.157,164.425,155.34,293.337,334.621,81.9803,27.5777,63.5466,267.677,220.081,707.765,952.793,971.942,1541.79,1328.19,616.51,176.001,824.142,633.727,244.214,1171.46,794.636,123.397,1.81811,76.8641,152.033,45.6864,228.224,377.44,1160.59,1339.12,518.995,206.968,354.757,598.305,364.201,387.442,464.238,283.329,388.7,445.01,189.673,22.0658,418.524,137.08,125.804,629.534,294.661,513.871,1021.18,906.645,338.537,748.937,1171.39,190.174,198.854,729.777,444.269,243.585,520.572,747,330.717,53.4855,226.852,863.182,805.881,289.435,99.7989,269.919,625.24,314.987,501.004,798.365,328.003,303.04,757.64,1089.77,289.671,346.157,648.836,51.7374,470.881,432.238,187.491,457.098,679.489,455.598,181.211,516.968,425.106,161.158,276.835,301.693,332.385,347.772,521.797,357.842,180.587,91.1741,193.526,258.261,50.5208,0.602905,299.647,1204.81,980.11,218.109,476.04,238.314,74.0398,601.969,1145.7,1116.11,678.63,777.597,574.991,181.113,321.041,72.2466,46.393,169.11,272.91,216.771,240.604,149.711,113.443,306.378,386.01,371.596,601.665,1304.53,909.34,213.562,167.427,197.985,274.682,26.5988,187.05,39.957,254.391,760.257,228.789,343.202,586.2,251.706,101.606,431.845,783.396,474.262,421.852,480.641
25.263310658,42.5497,180.653,210.195,105.298,158.612,534.242,975.265,1025.06,888.009,562.695,198.574,360.111,525.698,167.604,347.399,659.418,194.806,77.8364,11.8787,48.9442,68.0703,149.819,511.292,728.732,1480.01,1436.45,606.781,304.132,557.22,613.338,377.949,246.236,220.596,324.762,296.789,47.9887,28.0651,55.6018,230.593,82.7939,593.673,809.437,1040.38,1417.72,911.376,588.613,303.48,673.795,632.641,439.894,1051.36,557.002,115.744,3.16181,59.3196,122.824,21.0682,188.575,473.164,1170.77,1221.53,444.277,212.714,267.191,604.445,434.45,437.556,567.08,367.41,269.302,345.726,95.47,101.376,395.153,65.8661,58.796,543.482,501.897,485.452,730.771,771.322,355.279,837.323,1004.32,195.259,192.93,565.564,331.244,231.876,548.583,694.757,248.135,36.4231,218.168,850.663,680.076,240.963,104.905,224.143,566.058,461.29,540.366,690.489,450.608,297.38,520.005,977.248,331.598,372.253,575.298,1.31258,361.044,354.088,311.194,351.166,500.699,459.495,245.29,481.974,453.2,219.877,234.197,194.439,341.437,403.288,466.383,412.332,217.489,33.3673,125.951,166.123,52.6794,2.83124,305.615,980.152,854.484,392.305,524.765,228.554,97.4116,497.178,818.128,1010.81,913.035,614.815,442.507,42.295,315.864,63.569,49.49,127.369,221.475,293.486,248.936,173.774,169.739,209.863,280.978,388.363,636.13,1201.84,852.953,235.556,166.369,86.7743,218.421,0.250721,119.406,48.3652,241.439,661.207,327.658,386.299,460.368,219.408,129.026,396.454,688.367,563.137,454.357,368.262
26.749387755,76.7925,104.768,153.914,87.6759,125.089,432.475,927.801,913.203,608.788,479.951,159.248,332.405,408.327,259.832,305.842,506.728,284.029,76.1529,4.24164,17.0049,27.8896,47.2491,547.893,844.977,1158.38,1130.02,697.927,194.166,417.677,386.12,374.484,293.893,270.612,295.631,258.842,18.0715,25.3449,44.3399,164.082,26.5956,523.429,542.293,1001.4,1099.47,544.953,484.701,407.752,464.942,601.265,573.474,874.109,331.975,114.399,9.76675,72.4955,124.876,25.7107,118.609,526.384,990.561,1056.78,286.494,202.352,156.324,566.415,424.443,424.049,614.929,404.991,137.09,264.91,24.8318,214.84,388.093,31.2689,39.7218,416.587,671.816,431.881,465.665,604.298,307.113,813.134,811.102,198.029,205.284,391.665,219.038,158.297,532.982,578.007,146.614,40.3737,231.585,744.174,500.538,170.869,97.6685,142.026,492.885,524.076,528.759,502.179,532.626,245.948,319.138,817.254,306.529,365.338,480.677,58.1439,278.002,221.074,427.462,207.128,344.431,401.594,266.419,394.208,446.237,226.106,180.086,96.2144,299.262,408.427,338.262,446.432,198.773,11.4428,92.4231,64.9057,93.686,16.9976,312.195,707.794,638.003,522.195,558.54,196.916,100.777,376.822,487.156,792.029,1021.18,400.564,326.77,2.87067,318.687,42.7565,46.9518,89.3462,140.514,358.793,207.488,186.579,215.028,111.159,173.045,343.952,568.653,971.571,753.693,186.768,167.79,17.8104,186.572,12.3694,70.0175,62.6814,234.225,546.794,355.029,428.207,286.639,186.145,114.945,339.204,528.45,556.578,428.058,223.938
28.235464853,97.0257,54.2623,88.5076,68.7752,90.3888,306.738,754.265,740.359,329.67,412.294,94.403,260.127,289.592,317.377,228.933,360.23,331.788,86.7857,16.1765,4.7672,12.5024,7.52708,572.646,784.395,806.598,754.422,674.98,100.932,346.526,167.47,354.015,265.075,308.526,203.883,236.998,10.5583,27.2884,42.036,78.953,46.6396,556.115,271.502,949.551,670.801,306.125,320.891,446.764,256.981,539.799,550.206,700.721,161.633,105.634,20.4225,102.964,170.949,50.7114,55.6964,523.787,677.699,890.519,111.852,188.034,76.9174,484.4,342.873,344.968,593.172,393.122,39.6827,214.589,0.890024,300.246,412.491,21.5846,66.4642,289.234,714.898,414.906,337.569,490.41,249.354,630.654,658.129,163.741,239.389,241.897,144.548,55.2559,487.428,414.415,68.2004,57.2268,298.508,576.671,322.264,105.93,88.832,56.6152,419.818,467.008,466.444,291.614,550.592,169.607,201.388,633.629,222.867,327.217,381.401,152.804,233.826,86.89,510.443,82.6106,241.754,283.654,240.559,280.456,407.643,172.981,130.523,30.3144,221.455,363.581,181.058,463.298,136.689,16.8546,99.6497,2.98232,184.02,83.6182,275.557,479.739,388.646,583.857,564.955,139.696,70.9257,287.929,213.885,552.79,938.164,230.205,239.195,100.077,341.471,17.4106,31.723,66.0988,63.3706,401.882,137.8,187.503,232.879,39.383,82.7165,268.935,404.352,698.594,617.89,96.7262,171.901,21.9501,189.481,28.0463,42.1474,73.3071,210.146,465.23,267.164,473.889,115.974,168.575,67.5173,271.259,349.63,458.792,351.982,92.793
29.721541950,82.5627,37.3008,33.3042,60.2709,80.1136,177.559,508.319,602.763,136.989,395.616,62.8806,152.556,197.388,306.403,133.806,247.912,302.265,112.15,29.6077,4.13494,8.1533,9.5628,629.951,559.919,541.581,395.207,548.436,89.8126,330.119,50.6405,330.911,171.451,338.887,96.3169,251.804,53.3994,34.8892,49.6294,22.8212,93.441,683.503,191.324,995.394,291.138,188.374,188.233,366.948,118.689,443.286,383.729,560.655,70.789,100.643,24.3597,122.607,290.121,93.6458,55.9132,411.536,379.144,727.216,13.233,206.885,76.8555,344.916,243.569,219.106,518.07,331.81,6.47205,210.182,18.5248,300.857,478.346,47.2518,140.537,167.514,672.442,468.54,383.933,500.873,250.488,368.916,560.366,123.671,293.087,170.222,118.858,7.14615,393.019,270.376,30.1299,72.0196,394.148,446.391,182.049,86.218,90.6524,15.2452,334.45,337.378,345.17,135.445,484.944,139.817,160.66,433.129,138.923,305.051,260.747,236.782,210.748,25.309,502.47,55.9002,215.798,134.25,188.341,196.127,324.229,104.013,80.677,2.20888,156.274,257.735,60.8283,480.075,90.002,52.2759,166.351,28.3459,287.048,232.38,226.976,342.149,211.901,598.411,561.154,71.1543,27.5259,238.772,55.359,340.792,723.277,147.986,190.078,293.582,401.984,9.90545,10.3229,61.2885,29.3735,412.503,78.0819,180.236,224.129,3.61938,31.1089,209.156,183.989,470.724,452.662,19.797,205.955,91.7862,196.519,40.3674,30.1544,87.4417,158.488,453.61,120.361,521.118,16.7155,145.847,30.4376,209.313,180.766,353.727,235.774,35.8179
31.207619048,71.87,36.9952,13.7357,93.6749,105.633,60.4784,266.025,541.47,132.369,475.082,100.431,53.0469,105.076,278.878,37.1537,165.403,233.077,140.43,29.9803,11.9289,3.14715,29.8797,767.414,320.611,393.558,132.846,369.339,166.64,368.844,69.3674,322.819,71.8237,331.858,65.1073,290.99,206.455,83.3663,61.7013,4.98814,104.513,868.215,480.047,1251.52,130.691,141.589,134.915,235.877,33.4072,346.712,178.333,438.314,79.8361,105.471,20.2787,131.066,496.352,197.398,138.944,219.72,183.551,561.576,119.048,313.138,163.674,169.676,158.239,125.948,361.162,281.615,36.9223,210.044,78.2227,236.86,534.281,159.929,286.01,69.2747,655.678,567.52,524.081,668.213,415.351,151.068,530.907,119.3,322.693,224.202,165.33,100.637,275.98,177.735,35.7514,77.7245,462.812,424.791,136.561,156.196,105.673,32.1808,238.579,182.64,232.38,35.1632,365.753,205.981,169.4,220.12,165.59,359.504,129.79,341.09,189.984,16.8734,449.823,193.086,239.45,54.2515,135.306,144.713,241.381,40.4076,41.1983,2.57463,118.414,129.962,19.513,514.474,170.128,156.632,327.193,145.668,340.522,427.983,259.984,364.599,178.959,646.161,526.989,19.1173,23.7043,231.291,11.8071,180.048,507.157,146.534,158.875,496.456,532.048,48.555,4.29068,64.1027,45.8529,395.054,62.0624,187.331,180.966,5.93264,20.8264,193.864,20.3008,337.435,276.408,59.2621,301.02,169.378,180.167,66.3565,44.5218,105.166,135.733,479.219,48.0251,573.577,9.44092,136.262,32.5711,142.255,66.7607,308.023,129.177,135.17
32.693696145,94.495,53.3796,52.5157,181.875,153.531,11.8059,88.6061,513.018,371.302,704.586,216.613,0.984106,28.7908,284.473,2.01177,101.816,189.459,146.909,26.3036,28.7135,8.70072,81.4605,937.52,265.912,349.837,13.1976,203.189,270.763,464.9,209.924,326.551,15.3014,302.083,111.14,359.511,504.349,247.057,97.118,13.3992,59.3568,1133.34,1222.97,1689.28,260.22,157.194,156.593,119.048,1.18781,269.042,42.4001,330.17,155.156,132.888,18.7776,171.963,760.613,389.327,289.576,60.5942,104.125,430.354,530.865,579.639,296.655,44.0822,99.9822,75.0183,201.926,234.791,91.753,204.611,157.818,157.065,524.725,407.282,538.617,71.9524,679.904,649.559,706.593,930.127,725.321,139.002,571.334,168.491,311.515,382.962,326.491,387.14,201.805,149.571,73.4319,67.3823,490.022,499.85,224.611,339.934,148.137,72.7283,151.561,59.2579,148.535,0.984426,249.279,324.378,189.97,81.2249,313.088,540.131,109.196,533.183,219.445,6.29076,468.846,521.271,293.306,70.1967,124.492,131.468,168.692,7.66199,22.3194,10.5717,104.774,32.2249,68.2804,626.57,423.06,366.503,581.997,346.394,346.669,567.991,443.442,610.058,393.985,746.471,438.669,5.84231,75.5116,283.613,80.3177,69.9126,345.657,205.021,138.819,626.8,743.901,149.539,32.834,68.245,84.8428,366.63,101.561,201.112,134.246,25.7277,39.1611,247.9,39.6009,315.543,182.642,298.048,456.584,206.59,150.524,109.72,86.9586,145.457,187.431,516.807,114.038,628.684,110.899,150.467,50.618,92.4115,41.0853,307.878,129.347,421.972
34.179773243,149.208,89.3415,151.182,329.873,218.28,36.708,6.5489,510.741,762.689,1039.67,430.319,52.4408,15.8875,343.461,98.6804,86.7318,197.02,142.92,24.1591,53.9359,33.1832,174.387,1089.97,446.699,391.143,43.7226,88.6539,335.419,615.233,389.02,323.52,33.6931,271.015,193.952,456.641,899.363,589.317,224.763,66.4901,17.0618,1489.97,2288.55,2221.13,590.829,232.118,227.493,49.7983,7.8427,218.909,19.7151,253.052,223.936,187.738,49.3096,268.653,1044.94,650.683,457.902,18.166,112.685,443.443,1222.2,1060,456.334,19.4818,87.9841,53.7978,88.3024,185.289,132.634,197.818,212.409,88.7335,459.73,773.793,892.739,257.709,699.278,648.856,853.348,1177.04,1096.09,368.057,690.845,265.063,256.798,598.841,633.16,819.001,253.794,195.683,123.843,42.4532,472.772,629.239,428.314,596.976,246.486,94.3194,96.5688,3.85863,103.379,6.06456,170.915,442.645,200.956,47.7602,514.663,887.821,333.232,847.665,393.507,11.4377,612.557,978.676,402.894,155.748,146.283,150.411,120.056,2.19531,18.1549,11.5586,110.046,6.43923,195.518,854.115,809.339,672.056,897.744,582.586,311.822,593.954,790.331,1093.49,872.554,858.42,309.042,47.7692,188.145,390.537,201.169,16.3231,246.689,277.127,122.839,637.449,1042.44,313.279,90.656,71.9972,117.345,332.213,169.784,220.603,104.64,39.5411,86.8759,379.869,288.593,430.819,276.689,736.82,668.717,187.444,128.466,154.43,145.104,217.298,324.615,555.152,267.152,680.103,305.492,191.901,53.3134,64.2367,95.3267,344.027,265.618,829.003
35.665850340,207.476,148.052,282.966,511.708,310.522,101.741,14.087,537.978,1119.05,1397.72,738.547,217.899,102.215,478.775,340.808,150.515,261.595,151.429,27.757,85.4842,76.018,301.352,1166.77,779.679,506.262,162.596,31.2195,349.5,778.198,519.885,306.074,104.683,256.889,250.683,556.362,1324.98,1088.03,496.92,205.633,78.9211,1905.93,3361.02,2713.05,956.401,358.173,290.525,33.8095,24.8642,208.478,85.3477,202.421,233.493,266.318,136.447,424.379,1273.2,921.483,591.446,109.151,195.571,671.046,2028.29,1739.83,652.727,88.1214,124.176,47.0304,32.9896,131.154,135.924,188.187,214.534,44.9325,389.427,1179.51,1279.52,614.747,693.582,526.282,895.522,1303.45,1396.19,772.972,880.394,359.942,189.517,786.829,1077.16,1292.51,447.396,310.871,184.713,16.0013,426.404,749.511,666.343,853.866,416.022,87.1957,77.2229,28.8434,96.4193,10.8838,147.84,502.126,209.632,86.3478,704.108,1368.02,835.14,1278.87,740.068,103.136,871.26,1436.22,582.17,247.392,175.964,180.066,95.6798,7.88666,17.5949,7.81139,129.798,57.4445,374.55,1180.98,1212.66,998.189,1204.94,792.518,243.156,533.041,1236.18,1713.28,1516.05,932.205,178.688,128.941,336.403,551.369,305.31,9.04669,192.943,323.601,93.7727,586.436,1358.18,524.761,165.242,71.99,123.785,294.218,219.411,244.759,96.4745,40.4012,173.911,571.43,691.982,701.151,615.506,1272.26,917.218,142.549,121.064,184.893,202.544,306.128,503.013,592.087,398.445,721.67,523.832,254.156,35.6635,56.19,174.951,397.195,494.381,1238.32
37.151927438,228.518,225.116,414.487,659.752,437.302,178.697,81.7916,576.702,1281.89,1693.18,1080.19,446.599,294.295,698.628,656.962,305.948,377.752,171.952,38.3205,127.999,123.322,409.294,1173.88,1073.07,671.837,299.905,18.648,358.633,890.828,550.945,269.066,174.653,255,249.1,621.517,1675.86,1672.28,876.63,426.983,306.871,2339.51,4051.59,3012.25,1214.96,500.156,312.24,46.7579,39.6162,225.233,168.882,175.048,179.103,348.683,270.239,624.517,1378.08,1081.76,683.413,275.351,339.112,1072.13,2763.68,2469.22,894.884,206.697,188.024,41.2941,19.2151,82.1249,100.855,171.948,171.495,28.7949,350.202,1500.09,1643.47,987.222,661.089,318.907,821.642,1246.58,1516.66,1214.65,1101.05,401.03,122.313,900.57,1561.57,1682.74,742.141,462.71,245.915,1.23503,385.129,774.687,860.359,1031.89,626.662,89.3501,86.0745,102.503,119.687,6.31862,164.298,486.471,215.796,141.53,865.605,1822.96,1507.73,1799.06,1156.81,322.996,1193.59,1752.49,796.318,300.459,185.384,195.727,81.7979,12.3018,16.1222,13.1097,155.43,158.641,589.623,1492.86,1511.24,1251.75,1377.31,943.01,162.024,448.79,1652.29,2302.19,2113.29,971.117,68.2029,212.103,483.09,734.572,366.253,32.1478,153.585,338.997,52.5673,561.039,1559.65,765.751,239.111,63.0788,108.601,253.182,213.846,264.912,99.5822,39.7226,292.926,783.951,1119.6,1087.03,1120.8,1777.81,1154.16,117.102,114.864,203.747,223.85,394.458,658.599,605.349,426.627,736.536,692.5,307.396,21.2127,62.1878,231.433,438.17,710.227,1564.15
38.638004535,200.966,295.255,506.784,733.436,549.314,253.858,181.284,582.823,1220.81,1818.16,1347.65,695.468,556.474,934.359,952.764,531.77,502.353,201.334,58.5735,161.412,176.59,441.576,1110.58,1196.05,801.823,443.215,45.7677,366.484,920.658,485.246,217.99,209.307,236.845,205.175,604.644,1901.86,2122.85,1312.91,700.333,644.051,2653.56,4181.83,2938.06,1326.45,572.244,312.901,60.6655,55.8547,248.743,220.483,152.579,99.4366,403.967,421.618,799.947,1343.62,1045.57,713.51,445.847,516.932,1486.67,3292.41,2999.49,1130.67,349.677,251.757,35.5163,16.5313,52.2952,55.3346,134.633,119.451,36.9537,331.517,1669.2,1861.63,1233.35,590.616,136.06,643.106,1025.51,1418.07,1561.42,1233.37,412.404,59.1131,968.29,1859.88,1943.29,1017.76,595.348,303.245,15.5566,321.113,719.788,894.17,1126.46,780.256,137.478,124.675,196.825,146.859,10.8515,188.755,422.491,208.305,183.64,952.994,2132.4,2107.57,2278.82,1527.19,626.295,1468.02,1869.38,936.924,321.249,153.096,196.827,65.5263,12.6147,14.5341,30.9683,179.789,274.517,805.192,1663.39,1608.39,1328.88,1354.84,994.334,110.751,379.67,1914.97,2674.95,2449.65,986.574,8.11054,257.908,617.626,862.505,385.24,71.7943,106.396,334.066,36.63,558.657,1594.94,970.94,291.051,48.6395,86.2468,204.025,165.155,252.903,119.31,60.8737,401.56,944.48,1471.61,1461.64,1608.49,2156.12,1290.59,139.203,114.884,198.488,198.452,452.419,743.878,554.85,357.581,683.867,788.451,320.712,27.1157,74.8204,255.192,423.885,847.113,1697.76
40.124081633,131.441,348.324,512.725,718.147,608.51,290.154,286.967,538.156,976.478,1732.68,1417.06,926.796,790.96,1098.95,1152.42,765.591,579.744,226.572,89.368,157.923,228.565,390.002,960.914,1144.64,799.474,592.853,122.539,327.672,879.215,368.341,167.987,195.094,198.783,148.572,523.386,1974.3,2214.43,1726.8,968.77,924.949,2765.28,3724.01,2488.38,1265.06,536.481,296.084,66.6826,71.3073,268.85,223.81,121.883,32.6684,425.875,555.188,846.907,1210.46,807.881,682.806,536.642,698.392,1740.82,3464.23,3167.6,1266.81,470.259,296.259,40.2919,10.9908,42.6437,26.678,85.6935,81.9945,52.7063,312.281,1699.02,1806.68,1290.84,497.149,42.3219,413.521,718.265,1135.47,1708.4,1215.89,394.109,42.0666,1009.23,1788.1,2079.13,1126.51,662.202,365.878,57.2503,229.438,616.114,734.18,1132.1,816.562,209.897,193.654,294.944,158.14,28.0965,214.478,332.466,178.072,192.852,926.647,2257.15,2360.68,2567.56,1761.37,896.073,1580.8,1790.58,913.546,324.954,85.4352,198.503,40.5975,13.0224,10.3254,60.9008,198.207,346.107,990.08,1607.99,1475.66,1188.74,1153.82,931.4,108.793,338.09,1967.86,2684.01,2406.91,1012.77,7.00078,238.807,723.529,885.243,358.451,114.734,53.0437,320.984,79.8742,541.74,1471.1,1067.18,304.893,37.3101,68.747,156.121,103.33,197.931,149.059,118.895,445.218,1002.98,1648.65,1683.93,1896.35,2311.81,1278.9,192.02,129.733,155.977,151.747,440.908,747.795,437.354,240.784,551.334,805.652,287.714,43.2966,102.471,241.442,351.606,870.649,1572.33
41.610158730,53.9476,375.44,425.168,624.315,594.544,271.445,368.007,442.089,658.52,1470.16,1240.56,1081.73,906.852,1121.35,1218.26,894.359,608.752,219.004,112.458,137.193,237.202,302.527,731.106,1002.36,625.928,766.379,222.16,236.368,785.127,269.805,114.563,166.679,140.851,116.382,464.782,1832.66,1937.84,1976.85,1157.22,1034.08,2594.12,2887.16,1782.28,1060.38,408.24,263.203,60.8154,91.1016,257.436,199.687,75.6951,1.53953,441.319,622.453,732.488,1025.22,476.257,584.368,514.687,845.391,1686.02,3275.96,2886.68,1262.41,508.596,314.99,63.4597,3.02406,47.1798,34.4692,52.2744,58.0273,68.3047,274.865,1627.81,1470.83,1165.8,420.863,21.8402,221.998,410.232,772.766,1601.01,1067.2,333.456,106.618,1008.93,1377.08,2053.68,1043,625.614,454.431,93.8201,151.1,456.085,496.003,989.848,780.103,244.939,278.61,394.905,136.056,52.3105,250.236,229.884,131.05,158.124,815.808,2167.21,2153.09,2571.75,1797.49,991.999,1532.96,1491.52,767.438,289.187,25.3024,203.511,21.2689,21.0881,7.36221,115.862,190.589,351.147,1113.6,1311.01,1178.95,880.198,833.028,794.277,140.21,296.189,1860.79,2275.66,2046,1036.91,53.216,178.128,751.147,832.779,270.27,158.942,10.2396,312.412,166.014,500.241,1206.29,1032.08,277.405,31.424,67.2192,122.991,59.7885,118.949,174.647,207.447,401.449,945.088,1595.16,1658.82,1892.83,2162.87,1166.04,220.294,150.879,98.481,103.169,356.135,684.425,282.477,129.145,378.853,738.524,232.539,53.2577,150.28,202.735,254.146,773.858,1233.34
43.096235828,8.45462,373.29,277.966,488.228,509.73,207.071,397.381,324.388,388.7,1106.1,890.24,1101.48,866.199,984.185,1138.31,861.639,579.375,183.606,114.205,111.999,197.435,211.682,512.28,837.638,370.807,943.905,310.627,134.908,656.285,215.291,80.725,143.991,95.2643,130.358,491.83,1501.49,1414.23,1966.8,1209.9,925.281,2165.26,1953.57,1034.67,786.797,239.385,225.482,40.9249,107.875,215.245,159.037,31.1088,8.82803,470.231,608.722,514.364,836.505,186.488,446.699,400.229,909.485,1335.21,2789.92,2257.5,1107.35,447.214,303.584,108.538,5.13105,66.8966,72.3138,43.9802,49.4307,79.0998,219.773,1492.9,978.027,914.403,398.983,32.8391,105.196,181.857,441.318,1285.09,839.944,240.548,241.437,948.454,816.978,1853.92,839.227,496.098,572.227,105.956,108.71,278.971,273.163,734.578,704.074,209.235,371.536,478.532,92.61,76.5845,278.475,144.346,81.6617,94.6793,662.926,1884.47,1580.83,2282.19,1644.35,855.749,1346.76,1054.77,557.761,218.987,0.241659,214.001,34.4166,41.2144,22.539,196.378,163.176,305.365,1134.34,875.001,817.917,515.934,492.434,619.241,183.128,240.673,1651.54,1591.73,1506.16,1030.12,124.642,103.926,694.496,735.948,149.497,195.28,7.67742,310.614,242.068,429.424,871.506,872.066,228.313,26.7958,91.3497,114.596,51.3304,50.141,187.045,299.404,293.056,788.65,1340,1385.16,1604.65,1752.75,995.032,193.685,170.479,51.6187,64.9861,232.716,575.006,144.211,51.716,223.074,604.117,181.597,49.2574,212.148,164.696,177.6,591.029,805.919
44.582312925,15.5893,350.423,129.992,342.539,390.157,118.896,370.564,224.423,234.474,745.919,501.292,970.847,692.336,729.866,942.911,678.007,501.988,133.228,94.1568,90.5394,138.889,148.401,388.394,695.538,173.58,1095.6,362.025,68.3324,511.593,198.749,81.2635,135.718,89.0293,198.947,593.091,1086.78,819.127,1720.74,1093.91,655.945,1590.95,1160.8,459.243,520.405,90.4332,196.433,15.8367,109.628,159.022,110.288,4.75097,42.6065,527.603,527.009,296.972,685.638,37.091,316.911,256.3,859.663,839.428,2125.75,1505.55,837.491,316.082,270.377,164.455,29.6826,105.706,119.924,53.3503,55.3934,81.8958,171.902,1312,518.906,617.836,434.502,37.9328,55.286,59.9851,223.452,860.626,616.943,133.284,398.057,821.11,329.392,1540.91,605.846,343.703,680.352,110.18,105.085,129.403,118.154,464.784,600.919,123.56,450.484,532.341,51.7262,96.7008,278.342,94.1196,47.555,33.5191,500.337,1495.09,877.235,1790.3,1356.14,550.198,1075.22,608.199,347.268,138.335,18.0565,227.22,92.5099,79.0789,72.1707,285.358,135.774,248.639,1044.8,447.003,486.981,218.904,223.187,436.497,213.58,175.345,1391.98,887.163,943.103,969.72,187.362,44.9342,576.237,630.814,47.9469,206.399,56.0499,322.458,253.812,337.556,541.669,638.207,183.957,19.1534,132.738,140.563,75.2618,15.4718,184.194,368.975,159.587,592.547,967.188,960.719,1141.42,1211.56,804.629,120.605,178.485,31.6157,42.6819,117.885,448.249,63.0531,12.8026,118.684,443.376,146.359,34.8449,276.147,149.052,155.041,382.358,425.63
46.068390023,72.4801,320.299,33.8358,210.638,276.729,39.4438,298.257,168.783,200.879,465.686,212.622,719.245,461.403,443.154,686.024,425.055,390.846,86.5516,63.4812,77.0094,100.825,140.918,374.879,595.113,138.589,1177.37,385.21,56.6802,364.391,201.203,106.023,131.135,131.81,323.383,689.998,695.625,330.643,1361.97,812.619,352.122,1032.06,628.91,147.993,315.72,12.0621,179.531,2.18637,88.2726,104.923,67.1415,1.16459,86.5882,601.766,424.292,167.782,581.432,53.2922,235.7,158.673,699.458,392.723,1435.34,854.979,528.353,179.968,232.014,210.67,73.1319,162.015,163.705,63.461,66.8557,82.0687,170.087,1080.12,235.602,373.489,482.857,29.4056,38.4479,16.6923,128.382,470.766,439.885,42.1241,521.7,639.195,61.6303,1190.81,445.766,239.568,711.532,146.222,134.696,34.9813,38.5181,278.84,464.614,40.9673,491.855,562.365,30.038,103.979,250.179,76.347,35.0566,4.41741,360.239,1078.09,313.171,1246.79,994.589,232.23,783.041,258.834,191.08,68.5807,65.9838,235.361,180.502,139.329,160.692,353.86,123.361,220.691,880.216,144.237,247.016,56.5596,67.3056,268.236,220.501,119.038,1124.51,377.131,485.215,848.095,212.267,13.4935,441.27,544.828,2.92902,188.929,134.392,349.853,189.044,241.614,272.696,405.893,152.722,9.31366,180.58,198.406,110.461,15.6104,175.856,396.212,51.7079,412.121,587.283,524.22,669.922,689.286,624.956,41.3825,165.201,37.3481,35.2511,50.5634,331.092,39.9099,1.08297,70.4039,296.023,122.077,23.5319,324.566,169.845,181.471,204.719,183.571
47.554467120,154.937,281.704,10.3302,117.51,180.664,1.30475,206.527,154.071,238.165,296.975,82.6158,433.934,247.241,208.559,438.054,193.861,271.018,55.3749,37.9109,74.0896,104.017,190.296,425.413,539.06,258.528,1155.89,409.363,85.2589,235.381,193.508,123.629,125.755,211.452,464.288,707.445,388.863,77.8904,996.548,455.734,124.779,611.639,374.61,43.4917,180.076,29.396,169.677,8.10294,53.1099,63.487,34.8027,14.3683,130.415,654.508,353.989,150.566,515.498,175.991,209.699,159.356,477.017,115.818,864.443,422.362,273.255,99.6937,190.347,241.51,122.373,215.874,197.417,64.7281,72.3223,86.141,226.463,814.317,147.247,240.154,478.934,28.8932,29.1168,10.836,104.533,206.337,315.201,6.04754,565.365,448.379,4.29604,887.661,414.105,201.035,638.868,230.675,181.806,13.9404,11.3315,193.196,322.1,1.79535,488.202,572.214,33.9956,96.1677,201.194,81.9386,37.8159,9.16996,259.991,703.968,38.6081,786.135,634.959,41.2923,528.869,61.898,105.181,24.8859,111.159,233.437,270.91,213.493,262.425,385.402,128.859,239.127,683.791,19.2939,113.392,5.60471,9.73333,142.076,197.525,110.323,866.212,130.062,210.254,668.65,196.881,4.38433,331.427,478.804,24.576,156.031,204.303,376.506,95.617,156.852,95.2558,231.171,123.022,7.2103,226.995,263.086,139.037,34.4048,176.31,366.27,8.70637,279.698,284.259,200.097,318.982,304.593,466.831,1.49429,132.137,55.8112,33.7048,39.1359,245.205,44.3952,0.189254,57.0341,185.447,97.0693,30.7653,340.708,220.076,220.569,96.1302,88.408
49.040544218,220.807,247.108,33.246,63.8842,104.743,13.3771,126.999,152.642,279.8,222.657,80.0584,209.171,100.02,66.7507,248.561,51.2953,167.044,37.233,27.0245,84.334,138.027,273.052,470.496,498.733,434.28,1037.35,450.219,118.835,137.848,162.438,113.831,117.393,280.875,582.143,606.209,204.668,40.959,681.063,170.006,23.2623,361.77,312.565,35.2913,97.2552,106.44,162.306,36.1862,19.2822,37.7406,13.4726,33.159,174.627,639.05,340.814,203.028,462.113,314.919,215.253,239.12,283.846,20.5217,464.92,221.934,127.432,91.4561,154.973,246.774,156.837,251.713,212.829,56.6101,66.6426,96.4524,292.614,582.967,158.788,200.382,410.822,54.7925,17.4858,16.2897,92.6205,69.0316,230.105,52.1562,505.359,295.877,61.1691,684.722,458.707,215.234,479.104,347.391,231.294,51.2233,16.4675,171.207,198.429,20.5251,444.459,560.411,60.3611,78.285,141.588,96.233,43.1833,29.1554,184.878,434.82,20.0546,463.297,356.388,17.2375,344.168,7.69106,69.7068,11.1725,123.067,224.03,326.491,287.399,336.669,374.729,144.761,277.81,509.89,33.5955,59.1307,2.03442,2.25094,70.5928,154.045,168.871,636.511,76.4414,97.6143,467.618,163.797,5.25291,250.74,440.024,86.2627,111.705,237.223,383.527,33.9736,95.7547,15.1327,121.376,84.0797,28.2964,252.808,309.022,152.739,53.2844,179.016,300.806,32.7343,181.826,103.1,43.3356,124.465,97.828,334.503,17.2646,92.847,70.4721,33.4755,58.162,195.977,44.4261,0.344843,51.1048,114.081,67.106,61.4208,311.29,285.44,223.707,62.211,75.6698
50.526621315,244.78,216.258,62.1955,32.8624,60.2865,46.4411,77.5472,130.415,286.293,205.377,121.989,80.2204,32.5787,22.5282,126.463,1.68437,93.0556,27.7651,30.1015,104.487,179.404,338.532,466.315,436.903,546.804,864.901,482.294,138.477,68.8119,110.977,88.0542,97.3813,314.132,630.009,437.47,106.676,104.867,453.296,50.5583,19.0736,248.113,314.409,39.2341,55.0421,170.55,171.867,68.8821,3.10838,22.0925,2.0336,48.5669,213.59,551.846,351.154,250.811,402.433,388.294,241.654,314.109,178.914,33.6626,234.003,165.403,84.0195,128.32,142.874,213.89,165.141,257.048,208.245,41.6174,49.0541,115.856,315.461,407.966,173.307,200.712,322.918,91.5784,10.8959,17.7921,76.6087,11.2437,170.682,153.096,394.352,192.372,126.811,556.646,502.766,234.152,308.981,428.092,279.82,110.938,42.967,162.537,109.371,68.4296,398.557,504.22,99.2488,55.7709,89.2759,99.2385,45.9991,42.6591,117.018,270.546,118.85,272.306,188.034,92.0369,234.572,33.3232,55.9107,23.4375,100.741,198.547,332.741,333.859,357.864,318.333,164.39,295.757,390.18,89.9941,41.3536,4.95647,5.46774,38.1991,121.643,259.562,459.427,96.4377,62.1108,302.031,139.441,9.82945,187.175,415.004,143.577,69.8647,220.355,363.045,36.6825,61.9745,3.14105,57.9535,46.6852,66.1163,253.108,318.415,145.883,64.0971,165.179,230.611,89.7791,110.662,28.757,5.70362,46.1472,39.2899,233.821,63.3177,62.47,62.7897,39.8499,84.2047,160.952,36.653,1.19316,40.7453,67.068,40.4299,91.1888,264.128,318.466,191.982,64.0541,72.7759
52.012698413,229.282,186.145,70.8682,13.06,42.5464,58.9731,53.9896,85.0786,246.551,212.076,139.189,28.4451,13.889,31.4158,62.9307,10.8447,50.5211,19.176,36.8489,118.593,210.058,347.074,404.268,346.783,528.038,676.477,459.774,133.533,27.543,60.9769,58.1179,68.8057,305.69,589.127,271.161,59.5849,158.957,325.32,40.6328,35.2358,224.14,296.698,33.496,41.7193,179.084,201.855,81.1958,0.867665,15.6359,2.28144,59.4505,222.551,435.518,330.58,249.395,335.086,357.843,281.653,306.568,158.263,48.7411,132.85,150.198,102.575,162.105,148.115,153.726,141.786,231.819,187.209,23.8142,30.0616,130.967,275.426,282.799,151.097,190.907,244.722,110.494,9.04142,13.9338,57.4456,0.590614,135.596,232.009,295.776,122.706,148.429,453.961,500.922,205.445,188.916,407.007,332.955,157.363,80.1711,145.317,53.929,101.191,362.846,407.134,132.413,31.1053,55.3695,77.2736,51.7039,37.3862,57.3554,184.227,192.658,170.086,98.6477,149.311,188.328,70.389,49.8795,51.9838,61.0879,155.735,292.395,335.288,314.627,241.988,161.375,273.251,304.255,124.928,41.4856,3.48075,3.7033,19.7814,109.452,298.537,342.959,111.642,45.4366,192.174,124.226,8.91592,154.513,370.722,169.325,38.1608,174.196,313.774,79.9433,52.4931,20.9454,25.8502,19.4367,95.8953,237.7,279.662,125.721,60.3867,131.309,173.13,127.055,64.0499,12.1021,9.14709,26.6466,51.7843,162.112,99.2577,40.4335,38.9961,49.6158,100.067,129.128,28.7858,2.79779,29.9315,36.0281,24.276,87.3672,230.564,272.988,157.23,60.2731,55.5288
53.498775510,201.416,142.267,61.4992,3.78054,31.5698,53.7282,35.4465,40.3366,187.332,204.813,118.515,19.1195,12.715,33.688,42.5912,28.267,33.4297,5.67644,40.0156,113.463,225.82,283.489,320.981,227.019,406.44,487.54,373.049,108.067,8.55926,27.0551,34.5388,47.0831,249.677,483.733,157,29.7617,164.049,251.731,58.2941,44.6431,206.444,270.387,21.3095,35.4564,159.079,219.226,78.8186,5.06235,11.9723,9.64583,71.7789,185.989,329.969,248.323,215.09,236.791,283.634,277.394,251.679,158.112,36.5151,86.5011,132.302,121.214,185.863,131.573,106.448,82.0093,195.722,147.608,12.1804,16.3043,133.189,185.961,204.689,91.0924,150.813,181.688,102.832,11.0543,14.4195,32.9644,13.6784,134.316,219.946,235.769,64.3338,112.756,371.844,419.236,147.002,107.691,318.503,353.993,183.993,114.763,114.143,23.9936,105.868,309.775,306.14,130.643,15.3515,31.4754,43.1071,61.0789,17.1991,19.9256,144.177,178.83,117.412,43.2783,141.873,176.468,80.5582,53.4016,76.9456,27.9684,101.568,225.961,283.17,231.196,168.455,118.614,227.366,218.259,131.734,44.855,2.42582,2.39592,7.89237,97.4688,268.621,255.801,101.928,22.541,132.007,98.3635,2.04639,144.181,300.226,161.254,15.869,124.142,255.421,117.55,57.0855,37.8053,11.7745,5.88841,102.218,206.985,209.548,97.9559,41.9809,90.8316,124.645,123.158,35.7047,11.0452,9.83251,29.7888,58.7798,123.235,96.2638,30.075,20.7771,45.3559,109.084,91.7939,27.2191,0.917799,25.9039,18.5055,9.28091,65.2152,190.502,184.401,128.507,36.8736,36.0088
54.984852608,177.939,81.9778,51.8255,0.814608,20.1142,46.5491,15.2288,9.99703,146.486,152.313,91.5361,23.2945,15.2803,24.0957,35.5268,33.5146,25.0813,0.898445,37.7993,90.5654,223.338,170.466,257.593,97.9332,261.277,320.179,242.594,86.6899,0.5589,7.98465,35.927,49.2178,137.392,405.056,67.4393,8.52886,158.145,169.895,89.1988,67.5129,137.944,271.98,14.8174,18.0072,142.666,197.387,74.5198,11.0491,9.24344,17.7351,84.3603,117.255,235.496,152.725,141.798,146.439,198.254,211.115,193.713,134.139,19.8608,57.7801,111.632,103.162,217.775,74.9947,86.6697,30.4525,133.159,117.014,9.78722,5.17425,132.883,83.2639,161.114,35.5049,87.0812,137.537,75.9009,15.2515,20.7019,16.6114,29.5826,155.669,136.317,206.167,17.2793,54.7976,299.544,284.938,93.3898,58.5869,210.717,320.288,194.553,124.663,84.0758,9.02099,91.4066,235.062,206.921,105.452,4.47872,16.8969,19.2306,58.0808,2.25996,4.63838,124.937,110.434,92.0888,9.02059,101.857,160.342,76.9508,49.9084,104.65,2.78329,60.5832,161.901,177.809,163.369,87.8884,67.9925,175.27,136.594,121.92,48.719,1.37392,3.99596,6.14993,66.7816,220.882,161.28,86.6182,13.6889,80.6927,74.8281,3.70348,116.663,239.076,118.124,5.10507,90.7483,195.318,125.292,62.6001,48.95,4.42015,1.70833,97.0127,148.174,151.048,53.2771,24.9931,62.2663,68.925,108.795,15.0276,14.9035,8.44771,45.325,38.598,109.779,59.3761,28.5501,17.361,25.7138,118.198,58.6763,27.3857,0.956432,20.9659,10.3923,3.77301,35.2756,143.806,101.96,94.9238,11.898,24.6678
56.470929705,161.394,30.9854,49.7331,1.83123,11.7047,40.0604,5.74974,0.0170664,113.401,89.9849,63.91,28.3384,19.963,14.0616,30.3365,31.4807,17.1769,7.14528,38.9604,52.2247,212.805,63.0784,205.929,26.8065,150.269,191.564,123.842,81.8129,5.47068,12.584,52.2963,63.538,47.4592,343.915,18.0329,14.6916,168.64,80.2423,131.963,113.722,55.3548,303.574,20.1282,5.73378,109.997,167.114,56.7548,19.199,6.42457,22.708,102.203,45.8378,157.636,73.571,63.9584,80.1517,120.043,125.992,138.173,92.8099,10.7147,41.5771,89.7734,62.8395,250.039,23.5757,84.5948,17.5204,73.8963,90.9912,23.3183,2.7655,139.976,12.8124,144.892,17.4363,35.5905,104.435,45.0501,21.8496,34.3446,7.69374,45.2815,180.333,51.3859,185.285,3.26458,12.6042,251.555,129.46,82.9004,50.2497,96.0548,269.612,164.669,123.657,50.3184,9.05343,76.3109,155.105,108.898,87.2467,0.148139,5.13642,5.3634,58.0329,4.27053,3.34604,124.581,46.1392,75.25,4.01341,60.7976,129.709,74.5457,38.9198,140.877,8.80298,33.1835,127.428,70.6021,113.926,29.4182,33.8035,132.369,83.1519,108.89,59.2837,1.69807,6.38873,9.18029,37.3986,165.145,76.248,79.5772,30.8457,35.3341,60.2954,13.976,84.3359,187.368,62.7203,20.4182,63.371,140.253,106.259,63.396,58.3891,0.802828,3.37624,82.9697,91.6922,90.6675,24.7776,19.7051,46.932,30.2798,113.109,7.76137,24.686,16.3848,58.8793,14.656,104.929,17.4412,42.5024,29.9142,7.24094,132.537,42.3882,32.011,13.0722,13.9154,7.7669,8.39585,12.2987,100.443,42.4307,67.3222,1.90208,16.6752
57.957006803,147.418,16.8783,57.8352,7.56973,14.5193,39.3101,6.15606,5.60055,88.5051,42.7366,38.8002,30.9942,23.438,10.5582,28.4921,27.2971,13.1129,20.4763,41.1882,19.4622,205.063,5.92165,172.337,31.3304,89.739,115.816,76.1621,91.9788,35.4273,52.9347,82.6385,65.4631,7.6746,307.558,37.7988,57.6367,197.765,23.9074,166.292,182,22.0375,377.821,40.978,12.3367,65.6174,141.521,32.721,32.6503,7.51935,33.6286,121.361,8.67262,93.4827,26.1517,16.6506,38.7433,66.4908,63.8633,88.2478,55.533,9.94675,41.6032,62.7994,29.2298,265.1,25.0622,112.168,56.9935,32.1704,71.4834,47.4855,12.179,165.996,12.8135,162.625,40.116,12.6702,72.0545,32.9972,28.3689,64.3749,9.82936,67.3641,183.22,8.5208,175.537,38.6215,1.87757,234.264,24.3525,110.639,70.2189,25.7218,221.434,101.101,123.329,19.9155,34.2565,65.5102,88.2902,39.0587,86.0552,6.00212,4.70252,7.08667,76.2691,33.4144,20.6876,122.53,20.4366,66.4555,34.1288,27.4673,109.79,67.8303,29.7105,178.244,68.2146,36.7875,138.483,9.15193,78.6963,6.91059,22.7641,108.8,79.4693,117.085,79.7325,6.17166,8.55621,12.7937,14.9733,118.145,25.0202,76.1772,69.3817,11.2158,55.7196,23.7142,62.9642,147.459,20.2004,62.4077,40.6673,100.607,78.9976,58.004,68.9484,1.69831,10.6509,65.4801,47.9418,39.9425,25.8576,23.7403,64.9068,45.3309,156.324,37.8688,42.8527,26.7063,64.7539,0.349503,117.755,0.313995,74.0591,61.0186,9.19462,149.934,57.5223,47.1551,43.84,10.6686,9.43462,15.5916,1.98296,67.2566,18.0092,52.5615,8.37719,11.0307
59.443083900,135.562,41.5365,76.31,26.2651,37.2343,48.3213,8.81094,14.2844,76.9656,15.826,19.0346,31.4689,22.2059,13.195,34.0161,32.0062,16.8957,33.1595,39.2827,8.79348,211.014,29.6215,159.389,66.7745,75.6334,113.171,101.914,118.574,104.176,127.281,132.269,46.9761,2.61347,303.241,150.515,148.998,227.421,12.6594,177.478,278.831,90.2043,491.174,87.7278,42.0878,29.5172,120.401,26.6507,53.845,26.1122,68.017,139.637,12.0551,50.2194,4.77543,2.0818,24.8318,49.046,31.1604,52.4998,39.0149,10.1023,56.9653,38.5962,12.9261,256.651,112.216,185.425,140.125,21.9442,56.7292,67.4414,37.5971,213.664,98.3413,213.696,84.9131,13.8786,47.5356,41.0904,37.8954,118.518,33.3963,92.8513,155.663,16.7914,190.26,116.413,32.3278,234.596,8.32267,165.313,113.91,27.4465,179.123,42.535,123.899,8.141,83.5945,61.6913,56.0505,21.1255,100.113,29.5339,25.9014,33.2107,116.491,92.1994,60.3785,111.041,25.1585,68.1102,100.338,19.726,110.474,56.2111,23.5402,215.574,187.414,95.1582,183.892,17.6756,63.2313,8.53434,22.2278,111.299,129.988,161.706,114.998,14.5403,9.53928,15.8711,1.75001,87.8725,12.5365,71.0959,116.382,16.7552,63.1367,25.978,55.1037,123.06,5.91963,118.141,29.8109,89.2436,58.1816,50.8544,79.2194,8.41282,22.6994,45.2023,21.9028,12.0537,46.5173,39.3252,128.976,136.369,253.909,129.703,76.1599,30.2644,62.8557,15.0807,154.677,31.5374,119.061,102.216,37.6423,172.542,102.061,75.5756,89.0629,20.8289,17.4401,18.9944,0.00254377,47.0366,28.6274,52.4565,22.1908,7.70298
60.929160998,116.632,82.8497,115.994,65.5918,74.7431,69.4768,11.0278,16.1419,75.4052,8.34801,7.39612,27.8326,15.6001,18.3378,54.8437,54.1502,29.3615,37.1249,35.9534,25.6841,224.253,132.908,177.142,74.2141,99.6427,173.202,154.314,166.649,230.107,220.779,176.101,27.9887,9.11229,333.555,359.527,292.631,234.175,27.9476,187.259,377.377,260.041,652.266,160.871,76.9231,16.1557,112.505,55.9738,89.315,70.287,132.871,166.446,37.782,26.807,0.0381495,6.20184,27.4421,60.5196,26.5434,31.8486,40.858,11.5581,88.5848,21.2923,8.71394,237.697,261.951,323.529,258.309,37.7907,40.8468,78.956,79.2968,268.239,247.502,293.671,122.774,29.7835,33.3124,52.7177,67.8891,208.375,76.8848,105.126,114.809,58.3164,233.817,215.327,95.4448,239.647,67.4388,238.458,179.56,87.4413,151.656,17.9938,125.125,21.5806,146.494,71.8549,62.336,58.2944,136.546,75.6601,60.7651,78.3317,187.576,176.002,108.607,90.9358,39.5929,80.9867,185.468,57.249,136.185,40.1865,25.8226,244.644,331.074,232.235,258.852,69.2442,63.0854,21.2988,18.496,132.067,223.822,240.464,158.547,28.3999,9.31765,16.8538,2.75452,74.5512,19.481,68.6251,156.386,47.1553,83.6835,23.7325,51.8225,113.261,24.824,165.212,44.3905,108.505,54.0393,45.7058,85.8803,21.1918,35.9374,26.3556,8.27418,5.37252,76.9348,77.8558,215.107,283.388,430.773,291.058,117.905,25.9981,55.1882,65.7862,226.129,119.66,162.901,134.961,90.662,194.386,152.182,123.867,136.894,41.6421,33.5678,21.1114,0.267954,40.5748,61.8495,64.4981,32.8338,5.79653
62.415238095,79.0323,125.665,185.584,118.375,108.268,103.273,16.299,12.5354,84.1844,10.5955,2.30444,20.0783,8.64634,21.4853,88.4588,104.915,54.8759,24.6136,37.7206,56.3139,233.129,283.611,232.723,38.1218,161.181,263.135,179.677,235.209,411.276,334.512,173.994,27.1564,9.64138,394.885,679.788,477.576,192.21,57.6608,214.363,418.883,501.537,864.718,244.033,92.4089,27.683,132.468,126.108,141.129,131.114,210.274,217.76,64.3653,14.6107,1.50416,14.7875,38.8428,76.6676,42.2894,22.9267,42.5935,26.6221,140.34,16.2999,14.8108,226.468,382.784,528.07,435.14,68.1421,18.5099,96.8013,111.268,306.552,444.815,384.975,127.277,52.3318,21.9448,58.6449,150.653,338.222,128.729,89.975,82.6686,87.8873,317.264,327.759,152.57,237.19,172.484,324.789,248.159,167.005,150.204,33.5595,117.567,59.6289,211.879,104.297,91.7286,122.236,201.864,153.683,95.7837,118.145,281.873,292.969,143.772,63.5464,54.9381,89.2714,267.225,165.696,185.679,20.2513,46.3626,247.74,443.055,453.262,370.265,108.496,66.5254,43.824,8.28505,163.317,353.292,316.887,189.446,55.7408,9.25124,22.6098,26.5937,70.4573,22.528,81.6515,174.393,83.1179,118.369,30.068,45.4565,107.714,71.7416,191.737,83.5794,144.721,77.7187,47.0988,76.0853,45.5836,47.5094,11.4517,1.99823,9.40996,113.938,152.292,274.076,428.583,696.876,519.609,157.6,15.1364,41.6602,130.754,350.508,265.849,181.93,144.992,166.917,198.845,175.609,198.957,175.68,57.7102,56.4005,33.5401,0.870015,52.0188,103.658,74.0218,40.9272,4.11735
63.901315193,34.8532,166.401,269.898,166.614,133.897,136.021,29.8304,14.4229,105.219,16.3342,2.1817,10.7069,5.60103,20.9688,135.06,174.882,94.6724,7.8281,48.6298,80.4125,221.835,449.805,317.963,3.04614,263.96,344.645,164.027,310.581,598.345,460.293,130.408,38.8823,4.41255,507.362,1083.34,667.027,122.572,92.7547,240.915,381.661,767.724,1090.72,316.123,87.3485,59.5964,174.619,217.581,207.603,194.672,266.88,286.218,87.5423,5.07576,6.93373,24.0033,50.1109,85.8129,63.005,14.9594,41.3216,71.8896,207.244,34.7698,38.2761,210.781,422.306,776.832,652.763,123.58,4.31735,132.271,106.428,325.326,659.32,457.55,100.892,77.5557,16.5798,71.3822,286.411,487.79,190.353,51.0524,70.0465,80.768,445.248,449.065,170.922,219.432,290.932,409.306,292.542,236.574,175.739,59.0213,101.856,115.478,256.801,157.895,125.523,184.805,285.633,249.086,132.211,131.082,368.221,455.618,152.152,41.1825,60.5817,87.4694,325.153,344.796,268.804,5.15257,85.0711,208.802,506.596,703.958,509.495,119.956,64.536,79.4071,1.93866,204.891,499.718,353.527,189.373,101.775,16.5905,37.8687,72.5975,77.3786,13.1305,115.165,168.255,105.909,164.058,54.4423,32.5222,100.599,129.159,197.016,131.155,182.669,124.088,51.2952,51.5251,84.1904,55.9938,2.75949,0.860786,19.3099,156.95,246.212,290.039,513.552,1010.69,798.102,187.77,5.05834,24.6852,191.577,516.151,457.003,172.74,131.633,259.745,172.563,171.346,282.318,194.961,64.851,77.8762,60.0998,8.88606,82.9759,147.125,70.4804,45.6924,5.02798
65.387392290,8.17547,189.282,368.079,186.4,139.332,171.021,43.4659,24.9014,136.754,33.9121,10.666,3.79446,8.7489,22.3947,203.082,235.091,132.091,8.52028,71.9254,94.4527,178.248,622.552,411.11,16.2061,371.307,431.436,99.9066,386.177,749.565,541.75,87.7589,49.7486,14.0543,682.458,1512.19,798.206,66.7158,110.339,264.371,267.277,992.513,1323.88,329.454,78.9322,92.7718,217.027,317.654,265.618,230.229,300.418,332.194,110.423,0.154196,17.9912,40.9429,48.5946,87.6668,86.9573,5.1526,39.4622,124.086,300.676,96.4771,97.3661,161.987,407.928,985.317,860.568,218.783,23.0937,189.608,64.9467,344.969,817.966,498.804,59.738,102.438,35.5579,114.023,432.793,614.868,269.248,11.8747,82.7017,61.4192,611.301,545.838,147.271,185.199,377.897,484.955,279.674,285.081,220.208,63.723,90.9122,151.854,284.832,216.844,136.209,232.779,367.311,322.865,167.376,110.126,422.65,655.61,150.884,35.3143,50.1748,83.1119,337.897,538.478,414.755,24.6439,142.226,127.755,532.914,891.256,647.715,118.759,57.4509,133.615,16.0084,265.657,598.93,358.989,144.468,166.205,48.2537,67.7822,117.27,97.4918,1.10752,172.293,149.422,102.744,226.056,90.6246,14.8231,93.9754,164.142,196.868,149.412,219.887,180.564,45.8371,30.9785,116.501,74.924,1.06905,7.63334,39.6934,202.62,314.194,276.905,491.531,1303.96,1112.43,198.862,1.42952,12.5026,238.062,660.914,677.842,154.224,121.035,344.07,126.651,142.556,348.499,200.027,54.1542,99.3845,90.807,29.893,127.255,191.765,49.5699,52.1435,12.7653
66.873469388,1.56485,177.402,491.665,169.456,134.262,204.102,46.6938,40.8998,183.388,67.0682,29.435,8.44291,19.7649,45.444,283.781,258.61,158.19,35.5367,111.027,95.2402,130.272,754.488,526.13,78.5408,426.568,538.438,25.1381,489.768,788.667,554.611,77.1564,72.6019,77.5038,882.698,1824.03,900.003,26.5661,100.92,271.568,127.241,1144.55,1577.98,252.537,80.0045,95.0328,270.863,384.142,288.766,234.885,280.053,360.23,120.085,2.65901,30.7654,74.0141,34.5813,91.4891,111.889,0.658201,33.285,165.882,406.661,215.588,197.975,96.8354,384.811,1051.39,1003.75,363.366,95.5231,244.953,27.3611,352.311,908.637,470.398,36.7333,111.216,110.8,227.172,522.197,655.557,398.403,19.227,125.772,87.4244,728.035,627.922,84.0934,166.354,364.083,563.348,206.25,315.752,291.349,34.5307,97.793,130.532,323.192,238.619,129.405,244.423,415.831,362.138,178.263,74.3314,424.015,873.757,178.956,52.808,31.1547,74.4267,310.479,679.364,605.775,126.002,223.349,38.0838,541.859,908.225,784.147,117.561,65.8505,181.322,62.0889,344.789,613.867,328.635,76.1072,234.572,138.477,121.432,114.94,140.671,17.6242,270.406,118.944,93.9069,272.497,140.162,0.763425,103.156,141.308,209.042,115.408,258.157,242.615,27.8847,16.0458,133.735,115.427,13.9042,22.3474,65.9874,244.113,327.305,239.654,377.53,1510.12,1405.57,210.579,1.66969,11.6709,257.388,745.429,857.621,176.741,143.909,404.03,73.7511,95.7297,388.074,199.817,33.9975,113.037,108.678,70.8704,181.041,211.807,32.5242,55.4785,41.8237
68.359546485,2.94784,136.285,660.369,139.245,152.184,214.445,42.1112,64.0164,230.96,119.599,55.7321,25.653,40.9842,107.423,375.411,221.224,176.854,86.5495,151.39,97.9477,100.946,825.226,623.187,179.717,414.617,618.266,31.5697,669.152,666.365,528.026,127.177,123.881,193.716,1034.99,1944.94,942.393,23.6896,85.2196,235.631,38.461,1281.38,1858.9,126.495,81.3665,74.6859,316.472,393.498,268.885,208.071,208.356,368.989,118.77,6.05897,45.6566,132.151,23.3665,108.691,134.62,4.80739,23.3006,188.358,508.717,357.513,323.809,65.7375,403.315,922.451,1046.3,552.926,198.263,279.417,22.7469,377.094,866.198,418.082,24.2395,97.6733,252.967,465.798,522.647,593.931,618.911,120.419,186.333,157.483,788.438,642.2,39.1587,155.066,263.842,620.163,139.671,362.946,397.963,3.7305,110.997,78.6442,349.785,226.236,100.659,225.307,399.967,375.043,145.501,44.6004,390.35,1079.03,261.777,87.4982,21.5227,70.8245,233.198,759.232,765.275,308.284,348.193,3.96654,555.891,715.961,930.204,131.475,78.6308,215.652,142.584,396.322,567.498,248.662,28.0457,275.736,331.347,223.01,54.3163,231.184,119.018,384.673,98.7066,82.3089,301.26,179.361,7.83085,128.516,75.0059,237.483,51.8549,309.575,300.053,10.4998,5.25641,140.447,183.011,47.2167,40.5713,84.4647,279.189,274.888,195.771,213.516,1630.13,1565.21,250.156,7.58877,27.3537,234.464,756.062,940.464,243.267,213.602,472.058,21.2357,39.213,426.791,201.819,26.4275,99.5804,119.327,117.839,225.257,208.829,24.7503,51.9658,105.375
69.845623583,21.018,99.0486,910.059,161.769,212.5,187.712,35.9689,79.3857,271.421,188.848,83.0258,46.4164,70.6369,212.569,474.786,136.77,190.878,148.289,177.895,103.439,107.518,850.883,634.199,285.64,364.793,594.708,216.979,994.367,427.005,524.714,247.092,187.317,330.49,1079.52,1860.95,889.587,65.6493,84.1633,151.138,72.4749,1579.89,2146.05,36.4711,69.6724,56.0086,321.334,357.68,207.512,156.525,123.618,341.125,130.288,3.91689,71.2249,226.402,37.9678,138.158,148.135,18.6039,13.0746,190.574,596.358,458.276,437.659,121.118,501.398,634.469,999.009,741.732,296.417,278.096,64.4835,424.779,694.438,369.224,16.4297,61.303,453.702,909.343,456.01,539.716,900.504,305.104,270.425,245.64,756.885,611.74,26.805,131.358,148.507,629.69,193.722,517.331,530.068,11.1882,113.265,32.9673,352.904,193.851,61.5098,184.039,321.031,370.275,80.0977,33.4255,370.134,1238.28,382.347,124.52,33.9227,77.6843,123.819,800.77,820.416,488.76,548.832,124.494,554.959,443.866,1028.53,184.733,93.0118,212.217,254.184,396.65,466.391,152.875,15.7268,285.096,692.946,398.829,4.64507,368.59,312.431,503.899,95.1971,73.8739,307.126,197.311,33.0881,163.628,15.142,293.44,17.6378,393.801,336.567,4.96031,0.520085,142.539,267.988,107.176,61.2005,81.6931,305.729,181.098,155.831,89.9178,1643.27,1561.08,289.867,23.3446,64.8687,179.566,691.253,936.135,286.895,347.309,590.651,1.12165,1.76339,473.214,233.954,38.7205,64.0522,130.235,153.659,226.824,215.604,13.5757,38.2623,226.177
71.331700680,89.0826,139.632,1273.7,320.282,288.198,138.818,26.3394,83.1888,301.008,245.06,109.668,63.2609,96.6631,341.476,588.259,48.4466,206.801,185.981,189.375,108.118,147.365,820.346,569.844,334.829,308.732,456.986,621.646,1519.5,251.746,599.615,385.155,229.603,470.486,965.848,1598.43,785.705,104.539,104.68,73.4339,290.675,2226.19,2457.17,23.0902,46.3948,35.9594,303.313,279.588,135.879,90.6953,58.986,275.373,176.369,2.74381,133.646,360.145,90.9077,157.767,156.425,38.4165,4.417,182.414,640.866,493.608,478.287,290.204,700.417,300.599,928.058,839.373,359.662,245.668,122.751,484.797,475.746,304.634,39.3911,21.2011,706.6,1635.07,454.749,632.803,1124.25,501.901,398.401,304.538,629.589,586.58,25.0154,104.944,76.529,636.146,486.457,846.649,667.893,54.1901,110.262,12.7408,344.777,149.033,29.7521,132.833,206.788,356.575,17.4774,50.2402,421.606,1286.68,506.847,159.266,57.1254,87.147,37.0238,798.716,784.876,557.007,833.147,490.451,550.479,260.673,1004.01,271.726,116.279,157.479,381.111,351.972,329.902,113.627,26.3839,322.673,1292.19,698.673,54.9926,496.743,526.05,647.71,114.726,53.9835,306.017,190.607,55.114,212.784,21.1921,398.595,85.4333,496.885,343.245,14.2927,2.92209,155.248,340.913,182.408,87.6779,55.2783,326.826,92.3473,138.6,85.4933,1512.32,1425.41,297.149,44.3559,122.551,117.64,593.561,891.509,245.927,559.878,812.299,51.2589,31.3191,499.921,288.269,82.6354,34.3827,154.265,175.084,181.656,257.826,0.826478,40.8865,438.623
72.817777778,229.879,334.161,1765.42,654.655,333.79,92.1567,14.2379,75.6296,311.721,271.362,121.172,75.3333,106.003,462.012,711.403,20.389,224.556,174.275,191.695,103.502,190.271,759.67,437.831,314.523,248.928,279.514,1177.7,2255.37,375.771,758.071,471.358,246.784,574.834,706.433,1247.9,664.801,107.247,136.378,88.052,721.828,3290.71,2835.6,75.8926,23.938,17.7234,272.956,189.481,69.7166,40.1109,20.3569,196.728,250.308,28.4058,263.492,523.7,165.694,157.987,155.461,54.0867,2.39834,180.845,612.371,465.905,419.581,541.96,983.605,96.2873,874.874,792.921,375.591,187.341,165.252,557.877,270.252,228.928,102.557,10.3326,1009.86,2649.51,738.133,909.381,1186.99,647.091,555.76,288.5,484.114,561.316,25.464,98.2542,83.3086,703.184,1088.48,1352.71,773.376,107.182,111.128,34.2455,312.463,116.3,15.4913,80.2009,103.279,327.277,6.08128,103.524,560.998,1184.94,589.78,184.653,68.8268,106.566,5.96025,761.523,688.325,481.345,1152.7,1109.57,614.57,259.298,846.218,353.214,149.997,79.2131,516.037,266.036,219.113,153.006,52.7474,479.293,2138.16,1194.79,250.368,547.87,685.86,809.891,161.09,27.5725,302.71,168.555,64.1356,259.015,134.539,576.411,300.882,573.782,321.848,36.7917,13.1808,169.518,386.831,250.639,112.303,22.5006,337.873,69.0383,147.721,220.16,1249.66,1196.44,263.154,63.4594,209.62,69.4567,544.463,816.138,142.074,815.214,1166.23,217.215,162.889,482.353,321.539,176.979,48.8425,217.824,175.767,137.889,318.145,14.5277,96.1758,761.953
74.303854875,412.164,690.503,2355.74,1141.1,324.527,58.8047,3.0456,53.5695,310.597,261.164,109.538,86.0951,85.8825,571.117,806.391,84.9479,242.376,120.713,184.502,95.6874,203.405,704.35,260.13,245.686,188.582,142.678,1774.72,3145.67,899.328,950.845,480.552,230.921,607.683,393.098,915.374,531.568,78.5624,168.169,219.927,1345.71,4664.98,3293.81,159.379,9.36246,17.1468,218.088,125.044,26.9929,13.3957,3.99938,142.607,309.594,103.587,468.306,717.278,222.241,137.121,149.809,51.9681,10.998,199.979,497.89,401.65,275.773,834.618,1292.01,130.353,829.742,646.638,322.961,141.983,166.304,634.546,129.241,163.63,170.692,43.3661,1402.85,3844.04,1433.14,1274.78,1076.19,681.178,696.651,227.448,364.706,548.977,21.5514,113.801,154.726,883.657,1958.27,1964.54,801.877,146.886,118.909,75.4198,266.292,103.963,12.9406,43.9247,35.8146,286.665,61.5299,186.219,752.504,966.876,578.976,211.518,51.1177,143.522,54.1169,678.002,570.106,295.986,1475.29,1864.38,798.124,411.656,635.831,365.342,199.765,27.671,649.439,189.767,162.068,222.788,109.648,824.457,3158.74,1893.54,547.167,505.29,743.89,940.158,241.871,8.32539,313.423,132.18,63.0133,280.092,335.623,842.542,655.063,577.504,277.506,66.9383,26.2766,171.957,405.943,274.465,134.213,2.89804,351.253,122.475,177.121,437.33,928.831,898.371,225.293,77.6688,331.743,80.5543,550.173,722.575,35.32,1071.36,1628.09,506.353,366.677,431.089,295.163,311.385,148.435,342.177,174.479,128.474,365.153,75.1559,224.264,1201.66
75.789931973,564.367,1155.05,2954.21,1646.04,292.633,32.8434,2.97727,25.8089,301.238,231.487,78.5213,99.6427,48.6847,661.959,839.459,209.054,269.252,51.499,173.887,86.9288,182.806,662.502,98.4585,164.898,131.68,106.368,2330.87,3978.68,1701.3,1158.41,397.787,192.155,553.439,142.937,676.28,394.06,34.3889,198.138,432.423,2083.29,5997.18,3809.84,246.565,2.01056,34.3368,150.933,90.8009,13.4976,13.8923,1.21841,119.39,327.55,228.791,714.177,916.484,245.756,102.503,149.38,31.0272,38.726,221.137,343.485,306.788,129.373,1084.51,1577.94,364.518,775.47,471.697,221.305,130.713,156.836,672.185,89.9771,125.099,194.611,125.039,1934.01,4961.6,2422.85,1621.18,821.622,601.91,770.41,174.565,296.359,558.025,16.4105,124.881,255.59,1194.27,2896.99,2546.89,747.648,156.719,131.05,104.138,214.377,113.834,12.27,24.7988,17.8445,243.135,144.827,294.821,931.377,695.121,467.345,251.378,18.6066,198.438,173.968,542.55,455.669,121.624,1737.01,2523.65,1129.69,612.118,436.99,283.831,274.836,58.1514,754.314,182.039,144.011,272.828,216.523,1321.54,4176.86,2717.08,838.089,391.976,679.317,1006.17,338.018,20.0469,338.081,95.2605,52.5991,270.693,564.534,1156.27,1068.15,514.323,211.369,99.745,32.3366,166.463,384.35,251.588,140.218,20.531,371.844,216.905,218.193,648.311,606.376,612.783,212.643,92.228,462.801,199.791,572.153,603.291,3.30991,1295,2084.26,877.169,578.065,354.051,221.923,445.811,332.049,530.651,206.506,150.868,376.976,178.571,422.983,1706.57
77.276009070,626.963,1643.92,3383.26,2006.91,278.669,19.8401,22.134,4.27953,294.272,198.775,46.7657,114.82,24.0346,713.672,811.403,314.882,302.594,14.1419,170.677,67.4302,145.618,621.157,28.7291,110.91,81.1566,207.204,2778.54,4460.21,2514.18,1341.44,262.958,134.737,440.459,50.1554,547.818,260.797,4.63245,220.99,669.69,2758.92,6851.15,4307.07,331.801,1.33264,46.9102,98.0096,74.0971,19.5997,30.9867,6.75907,121.044,288.62,382.393,937.829,1068.49,247.803,70.6565,160.729,8.77115,94.8984,225.417,192.215,212.025,44.6297,1203.32,1823.59,663.472,672.036,343.805,125.072,160.991,187.757,637.866,131.54,117.351,156.915,255.093,2559.73,5751.21,3333.06,1840.33,525.135,461.418,729.808,173.76,293.321,571.719,25.5878,107.971,364.653,1542.61,3618.25,2984.07,627.335,135.597,144.61,98.4257,167.213,124.814,9.95036,19.1701,43.1735,209.181,192.299,422.001,1040.2,424.876,308.447,293.245,4.72208,280.812,334.973,354.723,370.917,84.3957,1839.53,2883.9,1550.27,740.303,276.85,155.485,363.113,198.336,821.799,235.663,143.744,282.476,349.002,1827.43,5015.85,3437.68,1024.01,251.98,529.267,988.786,407.845,77.4065,376.978,69.0794,37.858,233.42,754.824,1433.56,1404.88,432.752,138.064,137.187,24.6463,159.639,318.229,201.233,118.236,75.1023,413.429,291.983,248.828,788.292,347.019,408.742,233.514,108.239,571.829,427.911,566.697,446.34,101.727,1466.76,2359.44,1240.78,744.606,259.034,140.961,518.235,576.362,756.384,282.375,181.088,350.447,288.507,652.019,2173.31
78.762086168,594.401,2004.85,3494.77,2115.99,301.148,25.3199,58.042,2.66616,299.108,174.928,31.7306,126.013,35.0194,721.234,720.924,345.608,334.291,40.9622,169.87,46.4415,112.972,564.482,86.8256,98.5292,53.4248,449.724,3012.3,4401.33,3048.51,1446.55,140.569,68.995,315.063,118.183,503.782,170.49,1.1639,230.564,876.894,3125.84,6975.29,4607.71,444.915,8.62574,42.3917,60.4907,63.5176,35.3272,48.242,22.7668,127.435,211.352,511.021,1084.45,1110.56,252.301,58.4667,187.132,13.167,173.217,202.476,81.9043,145.844,32.1582,1172.54,1977.78,888.5,510.127,288.129,94.8273,230.573,261.782,547.11,201.825,127.087,88.4223,418.472,3106.29,6045.71,3770.98,1851.89,304.127,320.039,579.918,217.533,355.168,560.403,57.37,75.8104,447.49,1787.47,3913.71,3152.94,499.689,96.1594,156.221,62.1755,127.864,116.571,12.9288,25.5182,88.9915,179.927,180.232,551.863,1029.41,222.927,172.731,301.514,41.2103,395.436,488.242,164.048,322.062,205.282,1727.62,2867.48,1894.39,744.231,162.799,58.0188,424.58,424.383,859.538,292.108,147.499,250.609,450.044,2207.71,5462.88,3807.36,1064.33,124.496,364.86,879.117,428.618,170.399,413.736,70.4076,25.0594,181.714,853.179,1570.23,1565.67,375.998,91.2088,175.93,10.4644,148.552,232.576,134.111,81.4194,140.969,472.321,313.518,247.992,832.308,216.26,307.665,268.117,134.395,632.897,684.785,522.099,275.054,311.54,1565.16,2334.01,1471.03,832.736,169.814,76.5749,507.969,830.257,945.463,383.21,201.657,284.322,366.111,854.615,2452.48
80.248163265,502.252,2091.44,3248.93,1938.07,357.607,50.8265,98.8646,29.2055,313.411,164.995,37.6974,128.166,85.9826,680.307,587.271,286.764,353.778,121.326,172.478,31.7105,92.7859,504.174,222.435,123.299,79.2402,764.384,2963.97,3787.85,3113.44,1438.6,76.8638,24.7937,204.941,283.899,510.625,132.72,9.06322,234.205,992.001,3033.13,6336.79,4555.41,596.441,27.8109,30.6381,34.6365,47.9557,48.6957,63.695,50.4575,119.87,127.939,564.59,1119.22,1010.79,270.57,81.3051,224.398,53.5504,248.615,171.921,30.7553,100.497,65.4544,1040.8,1989.46,940.508,325.47,272.933,154.705,329.98,348.998,423.873,248.067,144.51,26.7102,574.639,3407.24,5757.31,3534.78,1665.92,204.142,220.4,388.206,258.018,433.436,530.725,94.4257,44.6405,479.115,1820.37,3714.14,2985.76,427.351,70.5504,145.339,26.7944,92.1138,87.4447,28.1321,41.6396,138.125,146.099,130.341,639.898,915.294,116.783,88.0621,265.786,140.745,531.638,570.893,39.562,300.332,403.895,1436.22,2492.47,2017.85,641.759,90.8947,26.1373,444.576,667.016,851.166,307.502,139.943,194.957,467.345,2378.77,5336.3,3723.05,944.753,51.8603,240.569,694.926,395.098,266.267,432.093,101.625,15.8631,135.327,838.03,1496.36,1520.95,369.314,87.0988,212.285,1.12509,141.308,139.983,74.5782,45.5697,190.547,518.093,297.206,201.377,800.455,231.183,282.919,296.655,171.675,612.566,898.018,438.988,141.672,534.391,1563.93,2005.41,1474.93,822.714,111.984,39.154,434.96,1007.81,1046.96,462.459,191.763,201.761,378.995,966.898,2447.08
81.734240363,397.072,1863.71,2711,1533.39,421.279,88.0502,127.661,87.8348,329.207,152.86,60.762,123.833,144.525,611.649,424.323,187.944,331.169,229.91,180.523,22.6384,99.9689,419.329,364.814,193.968,168.003,992.142,2689.61,2737.85,2759.37,1279.99,88.6191,8.81697,146.305,457.612,508.425,139.249,14.584,266.784,915.854,2594.46,5006.65,4199.23,718.719,49.2614,24.3929,20.8907,27.6386,58.346,78.0328,71.1739,108.956,52.0644,558.503,986.431,832.111,273.371,128.467,282.905,118.162,275.875,167.581,31.9404,63.9396,105.999,866.515,1822.64,829.087,166.917,255.363,262.982,451.187,405.576,290.945,241.638,155.124,0.881404,699.476,3337.77,4930.37,2741.61,1336.35,217.008,166.398,228.846,242.175,497.063,468.441,120.774,18.5102,482.789,1570.27,3145.98,2491.69,435.948,77.7425,109.23,6.99767,64.5635,46.7681,53.8596,72.987,167.754,113.509,70.1972,655.501,738.751,95.3746,48.9121,202.365,278.331,651.424,569.285,6.94642,296.819,558.877,1057.11,1883.12,1858.34,498.666,50.0105,51.1872,421.729,837.539,788.938,267.971,110.967,138.948,384.818,2314.37,4631.87,3212.65,724.792,34.5015,184.46,471.881,325.03,309.372,440.546,142.225,7.83108,101.369,741.917,1200.91,1321.87,400.171,114.961,244.094,14.5067,123.981,72.3826,30.5114,16.7074,214.242,528.619,257.302,123.627,729.741,342.226,289.006,310.237,189.752,526.908,1006.62,346.86,61.3118,686.729,1433.75,1484.84,1236.71,727.578,96.2768,20.4697,354.714,1015.76,1052.5,476.842,150.803,120.069,334.733,932.839,2161.37
83.220317460,317.017,1412.86,2005.49,1052.23,433.996,128.242,138.1,158.048,341.883,126.127,86.7656,120.224,170.491,521.363,283.013,95.9325,258.71,329.323,209.558,8.74115,129.265,306.647,464.162,297.597,278.369,1074,2167.57,1655.02,2070.79,1059.25,121.771,11.872,157.748,552.557,476.764,161.706,25.3851,310.103,686.569,1922.72,3406.99,3550.78,785.373,62.1475,25.2906,20.6028,14.1193,61.5588,94.9195,67.0856,103.519,11.6194,501.575,732.395,609.913,256.014,181.732,337.9,194.901,239.099,197.699,69.874,38.048,130.123,660.525,1519.38,629.701,63.8323,222.549,353.955,565.373,394.024,180.388,174.354,164.888,21.3614,770.791,2869.97,3768.23,1739.02,924.749,307.238,131.904,127.98,158.23,533.896,369.682,126.856,2.82003,482.176,1100.47,2395.48,1820.86,474.868,124.908,64.6737,0.750334,49.8135,14.6433,77.7307,119.342,168.766,82.4112,25.3766,619.695,522.246,126.924,33.4858,146.199,388.109,713.318,509.219,42.22,311.876,590.46,677.034,1216.61,1470.71,387,27.3911,95.4618,367.722,862.505,696.358,181.683,65.5328,100.195,243.68,2022.51,3566.65,2390.88,526.628,38.1105,181.053,263.631,243.567,265.711,448.334,167.846,3.89866,84.1686,590.206,791.013,1037.62,438.748,142.831,274.845,65.3049,85.3012,36.4507,9.25984,2.0772,198.153,516.984,189.541,56.8405,641.105,473.011,288.421,290.955,165.119,417.207,976.293,282.82,36.0685,728.485,1164.16,946.093,836.284,580.136,118.196,10.4148,293.043,855.416,954.601,426.679,95.7353,49.8184,271.898,730.813,1712.25
84.706394558,256.804,901.683,1331.04,598.367,375.069,158.132,136.518,193.51,374.173,75.5824,117.612,107.138,158.739,402.392,199.073,44.8894,160.79,385.302,278.891,0.422035,157.908,184.88,499.888,403.607,357.206,1009.26,1502.82,804.998,1296.1,866.305,114.457,39.9956,241.99,522.565,419.93,172.772,47.4048,341.92,385.538,1252.36,1913.96,2727.08,786.885,62.1269,32.9142,33.1693,12.4066,66.0518,104.675,46.4549,96.7247,24.9119,426.266,433.635,396.122,216.531,204.493,364.796,280.585,145.735,267.084,128.446,20.2943,127.198,448.526,1139.27,463.485,18.1231,164.66,394.473,610.134,353.151,91.8692,87.9275,179.186,92.7564,737.138,2186.67,2479.61,899.898,556.135,371.641,103.67,62.02,62.6684,538.254,248.462,126.085,15.0427,439.862,636.618,1581.31,1208.31,466.273,226.668,26.7143,8.56817,43.5271,1.3602,85.1297,177.521,144.749,54.2528,21.0264,546.449,322.914,161.44,26.8903,124.539,415.475,691.53,448.141,75.9839,357.732,499.361,383.286,619.69,1036.32,316.244,12.1654,132.575,286.351,758.461,580.486,92.3636,24.8971,72.019,121.908,1588.12,2378.32,1536.74,389.731,32.2172,199.801,114.786,184.021,140.914,491.07,141.48,9.21565,86.1724,406.766,410.219,767.946,440.795,150.7,299.333,141.124,47.9114,22.0793,2.108,2.39026,154.464,483.673,118.772,22.6293,575.126,542.636,250.027,250.201,109.711,278.924,887.503,236.31,35.7652,713.361,787.935,514.553,446.182,400.244,155.307,1.64997,254.879,615.509,741.866,365.214,41.1539,6.86208,229.027,435.529,1206.75
86.192471655,183.913,494.1,821.592,233.411,299.917,148.121,151.224,155.009,459.807,27.5819,167.372,74.3837,135.718,259.131,167.861,49.1915,73.6276,384.972,392.6,29.7916,165.904,86.6534,468.721,486.397,354.73,846.462,847.26,300.702,706.397,695.468,70.1998,99.7991,370.25,422.33,322.727,187.877,58.5275,364.899,108.851,759.214,847.131,1838.18,741.508,41.4707,48.308,63.351,25.2404,70.4083,102.219,21.8882,86.1169,91.3294,352.725,185.407,236.601,163.921,166.024,378.326,356.234,56.4823,349.524,189.634,14.7943,115.346,238.265,788.885,380.24,9.05236,89.4353,396.118,541.487,330.431,38.2753,40.8813,209.181,223.831,558.383,1506.9,1336.72,410.224,295.557,340.674,81.5775,24.4255,10.9428,500.946,167.476,129.981,91.4015,313.072,328.976,884.636,816.798,403.091,385.505,14.93,29.0229,34.1331,1.7809,89.5916,219.575,116.66,26.9605,60.3403,460.131,180.521,157.699,40.2938,154.699,357.523,596.619,426.76,66.2399,455.832,345.077,195.862,230.182,669.011,269.996,4.85632,153.652,184.311,611.722,452.555,37.3241,6.29589,43.3974,56.3669,1154.65,1312.26,851.26,300.331,12.2664,221.486,45.8326,142.454,31.9364,572.372,84.7202,30.5239,95.2592,257.815,166.454,588.02,388.349,136.951,309.631,212.286,25.4866,16.9479,6.49507,17.3055,110.885,404.151,111.101,7.18582,557.869,549.471,175.461,213.119,56.2683,125.758,819.789,198.909,48.6041,659.231,440.809,228.225,176.856,230.903,181.782,2.48372,225.384,378.069,468.172,324.865,13.8138,14.9212,210.437,203.581,727.288
87.678548753,102.239,235.86,501.48,39.0232,236.6,108.451,188.947,84.8921,596.735,57.9199,240.997,37.2418,112.322,132.934,160.455,80.0128,25.9516,346.621,543.908,118.879,146.682,29.524,388.317,527.219,269.496,626.734,368.278,99.009,380.547,560.604,23.555,189.207,492.631,313.607,213.883,217.207,43.8293,390.317,0.253499,441.791,303.253,1056.18,642.051,13.0703,78.0205,105.238,44.8839,72.4885,89.8873,5.02782,69.9654,184.745,294.758,57.0928,148.405,111.168,98.5674,380.252,434.774,20.8068,431.922,227.721,23.0002,108.563,78.8957,515.86,343.57,23.0234,36.9538,359.536,384.55,337.128,56.0635,65.4005,273.233,394.697,301.21,945.446,557.992,229.609,152.964,228.27,67.5992,12.3678,10.4745,442.213,165.884,150.029,251.756,152.879,169.073,472.378,714.624,360.596,611.386,37.7313,50.6076,24.9522,9.80384,93.2915,229.045,93.7411,10.2853,125.751,378.502,92.6344,115.4,91.3976,243.27,260.843,478.255,463.597,35.7309,592.182,221.374,102.739,52.0014,416.496,251.481,4.3293,155.103,94.0546,491.524,365.041,13.561,6.53874,21.3277,56.8513,777.546,578.736,397.006,217.344,4.74265,218.484,44.0707,130.251,31.369,664.447,71.2877,81.1643,115.966,205.905,123.369,532.549,286.252,101.141,304.285,257.304,21.0541,16.2457,18.6104,39.5626,67.2921,314.149,176.76,1.51973,611.609,534.836,106.441,196.277,31.4418,34.8001,772.584,185.043,67.2301,572.27,220.291,84.0306,43.5958,109.466,172.231,26.6533,190.871,191.465,224.745,300.443,39.5877,91.8056,208.438,128.17,379.13
89.164625850,39.7518,110.182,314.181,24.0475,209.576,80.577,248.549,68.9175,745.648,212.323,339.1,31.7099,93.7607,50.9447,152.647,102.685,18.2817,330.374,678.65,254.028,124.31,10.4672,281.679,531.068,135.463,411.409,122.25,61.4666,287.58,452.148,16.4591,292.427,542.729,251.976,140.115,268.728,18.2775,411.512,113.055,284.779,147.712,490.199,504.115,6.59518,122.567,144.903,62.3159,69.6476,71.8934,0.660665,55.0357,259.509,272.887,47.2271,120.629,87.665,47.9949,365.834,538.479,82.009,497.169,223.121,42.1192,100.834,7.82881,327.756,304.144,47.6398,32.6874,285.253,205.926,361.27,166.347,174.558,375.703,533.966,87.0179,578.017,147.972,220.164,108.854,101.301,65.9163,12.1194,34.8238,391.698,238.562,203.486,451.772,53.7485,115.473,383.59,841.179,478.005,887.026,103.558,71.2793,13.614,20.9377,97.3957,199.783,84.2364,8.03088,184.826,304.636,48.412,71.2717,172.63,363.835,202.352,405.708,568.582,51.5285,679.839,203.195,74.9558,10.5393,274.631,257.423,3.17692,155.193,52.5546,440.276,336.825,9.67149,16.0997,9.24714,97.4738,500.461,184.61,144.371,137.681,32.8211,180.147,84.8463,149.435,147.896,751.028,155.24,176.842,170.682,278.559,284.102,571.907,183.747,54.7014,279.644,267.94,33.2688,19.0049,28.255,66.3274,25.3542,258.101,265.934,22.96,730.789,550.407,91.8983,211.589,43.0551,49.8838,733.1,204.058,86.6131,459.62,141.636,37.8143,5.32327,39.7498,134.6,79.5021,139.87,76.0677,72.9637,270.269,126.63,230.117,231.53,195.002,195.029
90.650702948,15.2163,60.2293,202.654,128.148,226.45,120.949,300.339,132.903,901.055,480.335,425.823,81.3438,85.4624,15.5266,142.787,91.8351,45.2266,369.729,724.656,411.763,114.945,9.48404,204.397,473.931,30.7621,243.84,56.529,72.2657,319.319,350.927,73.3136,366.285,520.817,227.528,129.945,360.11,22.507,433.945,328.385,268.068,189.021,154.96,375.713,36.1455,147.963,191.286,71.0367,56.9847,58.5757,3.43171,49.8426,280.412,282.169,120.05,143.447,98.9091,33.5439,337.366,679.128,249.017,510.651,188.945,60.4912,83.8883,10.5111,220.833,226.068,85.1686,66.3835,195.974,71.8392,370.837,349.282,364.844,515.332,553.738,3.88426,397.539,14.3521,251.717,114.003,24.548,69.7517,19.4287,68.8983,315.964,372.371,332.194,579.602,67.1209,125.414,547.767,1121.67,802.31,1114.41,231.792,103.452,1.90136,38.5917,80.1911,164.345,75.1568,15.2011,226.118,237.231,30.4094,57.5469,258.146,474.847,220.718,430.528,734.375,164.856,663.446,267.041,70.0407,15.9561,230.02,275.433,0.0914072,170.334,81.1856,433.254,378.654,20.5851,15.2281,6.47156,125.845,329.269,26.9439,38.5547,81.1206,72.0234,134.347,139.738,163.512,319.648,880.167,304.866,284.433,288.334,468.187,606.829,640.842,119.436,23.6724,220.67,258.113,57.4537,20.0369,31.6869,96.7067,7.26053,236.35,321.356,94.6413,888.222,614.827,152.778,253.977,79.0112,150.003,723.915,220.826,100.154,354.777,127.258,40.0028,15.7359,9.23411,100.496,132.326,90.9367,16.387,9.59376,256.911,243.956,354.389,309.41,331.906,138.829
92.136780045,22.966,38.5898,133.427,257.856,279.691,230.788,325.94,259.968,1030.67,790.852,488.317,153.944,88.6081,26.5921,132.695,55.3759,104.451,425.29,674.665,532.053,143.788,9.41558,176.482,367.696,3.02459,138.651,73.7089,91.9612,360.968,260.023,154.313,402.472,415.621,236.342,211.793,440.616,100.49,465.197,493.082,350.808,273.225,17.5729,283.253,78.0067,140.132,250.575,66.0063,46.6211,55.8089,3.0747,55.7256,241.052,304.815,231.762,194.698,118.915,45.1729,332.439,813.964,475.04,465.69,143.308,63.1755,64.1039,54.5524,160.578,133.1,133.117,113.205,116.118,12.6403,345.287,581.149,570.533,633.827,480.122,61.7724,336.398,39.7208,262.542,121.678,1.52017,68.7081,40.1307,82.2984,245.773,479.554,524.456,604.886,149.751,183.673,836.304,1471.04,1205.59,1209.43,420.609,147.248,3.09296,58.7865,48.0116,134.166,58.4542,29.2082,246.42,185.178,18.3832,75.8601,328.544,532.726,306.131,560.111,909.117,364.39,565.75,333.699,70.3881,17.0201,242.713,303.051,8.36419,174.121,157.652,484.732,421.803,44.654,7.28208,8.12402,124.422,228.26,0.875367,17.4533,54.6463,76.9629,110.322,166.92,174.456,469.686,1020.95,481.323,365.284,450.164,732.171,1005.15,691.55,85.0238,21.9696,144.755,225.739,88.8197,18.9878,29.2973,126.365,30.2743,231.321,320.46,217.904,1013.78,730.157,254.252,296.905,135.838,281.575,715.523,231.554,114.994,264.66,114.504,56.5972,43.3914,0.816913,93.9331,135.357,65.6948,7.69218,6.7393,253.781,356.533,412.958,426.158,453.276,169.637
93.622857143,41.3005,24.3311,89.5507,344.978,358.77,341.402,328.791,406.316,1080.77,1041.14,521.928,197.548,103.596,73.4043,123.791,21.393,189.055,453.319,540.648,576.078,201.787,10.4826,183.84,276.977,22.9606,83.0256,102.247,125.852,364.486,172.758,208.311,410.17,266.68,240.993,350.514,510.119,235.298,477.86,544.11,471.038,333.294,6.755,231.003,96.9736,129.979,292.84,63.2975,42.9229,62.455,0.622264,68.7585,169.08,311.305,335.796,253.706,120.837,62.9352,361.714,878.425,686.166,387.233,92.8653,46.3809,49.0053,105.344,127.786,60.0806,187.014,155.241,59.4128,0.00128367,305.158,792.696,755.766,641.984,389.196,193.39,339.701,130.313,237.254,113.795,3.01137,66.4244,68.3528,71.3441,174.468,530.494,704.856,563.757,229.105,275.953,1116.1,1785.13,1470.66,1167.89,610.45,200.695,24.1074,78.5351,15.9343,111.55,37.8237,44.0281,245.098,155.957,7.56219,108.073,362.528,514.517,399.048,741.547,1064.95,560.859,429.009,345.86,85.2877,9.01804,274.732,321.754,43.1345,151.895,235.276,547.103,442.764,71.0578,4.67924,10.3687,103.458,175.413,24.1215,24.3308,53.4955,50.2311,96.4027,159.219,167.09,549.504,1118.26,636.091,399.537,584.504,1011.69,1361.89,697.77,65.0814,33.2063,83.3314,169.244,120.749,18.1363,25.7993,149.415,86.8151,229.154,264.473,358.995,1058.31,845.164,343.495,301.079,203.169,392.201,668.918,247.743,125.084,193.732,79.8016,74.798,70.3392,8.91398,107.695,95.843,55.3638,24.7793,34.9888,269.398,420.404,408.289,516.443,528.504,231.611
95.108934240,47.2797,16.5817,71.8854,352.857,449.25,379.482,321.798,476.506,1056.23,1137.39,506.463,199.067,113.556,135.601,125.439,17.2642,261.294,446.133,350.227,544.699,264.47,24.5535,207.776,214.354,45.3005,50.7385,126.283,174.652,320.995,92.7539,231.321,370.041,146.594,210.686,493.699,553.25,379.206,430.925,505.83,547.169,359.402,74.6345,201.41,86.3127,115.589,309.079,76.9771,49.9808,73.3429,2.66437,82.2755,95.9536,278.846,403.267,299.234,97.1671,77.9608,363.538,891.18,768.939,316.468,37.7455,27.5534,40.2606,136.931,111.745,32.1515,236.568,177.877,31.3235,4.87498,296.891,870.361,900.436,518.964,318.904,301.389,360.015,237.414,179.439,100.343,11.0857,69.5801,89.4113,51.4368,94.058,559.502,748.437,515.916,232.798,384.602,1313.31,1903.08,1511.67,982.956,738.547,251.087,68.0811,97.5921,1.10331,84.3901,27.4957,49.4535,235.854,135.485,1.27797,142.656,343.536,428.066,450.591,876.24,1163.77,667.357,282.128,302.141,114.803,9.38641,286.887,340.957,86.9046,114.898,284.716,552.282,450.993,81.574,6.75469,13.1853,68.5413,151.118,50.626,41.1489,67.1648,22.8909,66.1043,149.289,119.032,577.726,1086.79,740.043,354.861,655.332,1206.19,1578.84,659.014,50.6556,32.791,46.793,117.098,131.629,20.119,22.7226,174.029,146.993,213.491,181.094,455.184,1019.62,874.862,383.463,261.814,256.584,434.611,598.009,233.955,123.578,130.08,40.7838,87.9816,98.4615,29.6653,119.663,54.3392,51.782,49.5192,73.0192,307.214,390.495,368.538,506.984,568.958,268.814
96.595011338,43.0216,23.1878,85.2563,269.055,551.709,315.216,313.093,415.124,980.485,1044.81,445.523,156.494,118.668,182.223,143.489,48.7099,284.607,406.471,149.797,507.84,259.395,61.3994,269.05,142.633,66.881,17.4416,168.906,212.265,238.32,47.0755,266.854,255.713,100.396,133.389,681.393,458.087,527.966,339.247,442.33,532.734,336.943,248.028,164.475,77.6346,53.3326,368.745,106.695,37.8902,97.7723,30.8009,91.3495,47.9391,196.455,434.239,318.73,59.5707,81.9834,319.138,850.262,683.553,264.451,6.9322,15.4928,30.4624,150.363,96.3691,44.3718,294.047,152.256,34.3045,5.13189,353.26,778.869,942.239,358.947,272.966,322.448,360.386,355.479,91.0597,109.269,9.64585,77.9698,123.774,23.0284,21.9846,626.416,594.403,499.376,139.81,528.904,1392.47,1681.56,1431,654.261,825.067,240.601,135.329,131.636,10.4209,48.8167,31.0791,51.9983,222.459,103.766,13.9662,180.755,257.44,327.779,408.172,924.101,1140.39,650.593,156.852,219.579,163.166,34.5176,249.986,365.246,125.403,72.5844,305.09,458.842,481.646,53.6458,21.8772,29.7912,37.2376,151.962,45.5254,83.5895,92.136,5.90768,21.9044,173.288,50.1133,576.298,874.425,840.213,201.98,728.43,1111.17,1733.03,547.653,49.5597,20.3487,30.8026,106.382,103.236,29.003,36.8584,192.256,175.244,190.433,94.4138,478.491,886.764,793.914,358.063,196.721,273.69,403.775,499.004,187.626,100.413,75.8229,22.9124,78.1621,155.308,49.2072,105.533,51.4227,70.433,76.8609,73.8464,387.232,274.429,330.924,371.804,591.66,267.574
98.081088435,52.8563,56.9319,106.166,158.75,616.17,218.073,298.994,260.813,899.245,805.281,365.413,85.9233,127.422,185.307,168.178,104.685,269.748,308.827,32.342,488.004,191.947,107.8,410.377,74.1439,106.868,1.59104,246.414,193.486,168.109,58.9364,308.848,160.851,95.1265,99.0446,885.28,285.961,630.946,310.7,413.511,514.032,287.234,605.158,147.109,112.101,3.17524,470.615,160.218,19.732,121.334,108.285,107.369,34.7738,101.555,421.859,326.42,20.516,80.3139,239.8,793.23,447.908,262.722,4.11737,4.98589,18.227,164.528,67.3597,90.2166,356.456,96.3175,50.6921,11.892,482.069,574.523,876.481,280.77,287.63,240.918,372.198,439.32,25.285,127.146,8.48407,108.141,201.855,27.9626,5.20487,766.238,349.042,497.248,62.4377,724.719,1390.89,1174.55,1371.01,335.682,865.325,168.417,228.055,174.853,36.5183,19.5284,41.4764,74.5732,199.325,67.0514,51.9901,203.721,145.869,247.095,263.195,917.668,925.646,583.619,52.0866,132.404,210.84,110.774,167.772,383.805,178.765,57.7447,308.112,294.403,573.286,6.90826,80.9435,79.6879,67.7512,162.957,29.9329,153.619,123.198,5.61932,5.15842,238.871,40.7743,586.334,549.514,977.377,47.773,799.47,756.284,1829.77,450.907,64.5182,43.5929,56.1784,141.101,54.425,41.5481,63.8118,207.206,155.428,163.797,25.6612,453.844,661.588,640.455,277.657,128.353,248.84,307.5,392.366,126.52,52.6828,51.8181,16.5389,59.252,278.824,62.088,97.6403,114.394,137.566,112.629,46.1443,499.289,163.928,316.389,175.561,618.741,240.866
99.567165533,83.6934,125.493,132.43,68.0149,620.333,160.077,280.333,136.649,865.757,554.01,319.125,26.9367,157.908,122.228,226.281,136.178,237.77,169.098,16.9007,513.085,164.488,193.592,672.31,72.2597,167.598,41.8251,343.896,148.75,125.223,110.923,353.776,169.109,129.304,227.472,1126.81,103.396,686.502,368.101,469.136,687.219,321.15,1287.89,269.777,233.489,61.1595,526.661,245.594,5.26488,164.392,256.158,130.17,50.0666,36.87,377.951,339.66,4.05532,62.8253,162.451,744.474,160.695,366.529,36.5093,4.13093,36.0292,215.516,22.4399,203.333,375.741,58.2698,51.3176,44.7202,689.337,366.368,815.966,379.082,384.529,140.46,388.947,496.407,1.09635,142.315,24.5314,161.578,361.608,140.921,144.22,1035.63,142.35,483.016,89.7906,924.74,1484.38,635.689,1526.32,271.214,823.677,96.6494,287.319,233.879,80.8934,1.09154,58.0954,120.016,184.924,26.5861,119.985,198.512,63.95,158.03,110.289,868.753,582.81,535.777,2.29055,59.0116,269.995,305.48,56.6568,462.3,233.189,83.4316,304.682,129.54,754.072,34.6579,234.226,190.074,180.703,202.317,27.7691,254.262,151.982,21.4195,23.8908,342.163,219.803,677.644,321.643,1170.38,41.7598,767.124,376.795,1776.2,547.174,132.261,190.369,181.699,197.712,15.828,45.4035,89.7248,223.426,97.7507,132.334,1.56966,410.066,393.531,488.316,164.267,68.2067,211.064,153.812,342.079,48.1385,5.48169,78.5307,26.0384,104.973,543.74,96.6643,164.482,244.918,242.83,175.57,20.4795,646.199,149.284,351.065,37.027,641.5,242.531
101.053242630,120.954,216.19,170.108,37.71,572.654,156.507,280.042,143.511,948.554,470.635,338.435,76.2185,220.476,42.5978,331.431,112.246,223.438,51.5904,66.8996,628.474,304.764,387.861,1081.84,200.399,237.482,130.603,446.174,127.062,115.478,173.148,396.112,287.872,233.433,602.552,1416.16,26.0706,702.793,452.633,649.815,1143.97,712.153,2382.94,706.62,459.819,236.628,513.029,328.733,23.5011,265.193,467.969,158.895,68.811,14.3283,350.852,367.988,14.4529,38.5716,109.701,699.76,4.15829,570.585,161.003,72.7375,155.341,342.594,17.1233,403.941,343.578,39.0426,35.1407,124.138,963.703,314.9,875.48,711.516,536.442,102.197,394.454,555.723,27.4182,143.402,58.674,238.579,594.183,436.987,557.743,1431.01,109.905,448.03,188.294,1154.85,1766.33,528.205,2005.47,594.172,773.921,48.9094,284.357,286.089,152.797,11.0278,86.2475,153.395,189.194,8.0895,218.066,169.43,19.427,79.2849,19.0123,790.986,288.992,524.47,100.113,51.4682,390.507,661.32,45.2533,618.948,290.063,116.489,308.802,79.1154,1009.02,249.409,510.445,374.968,341.771,278.215,75.7883,368.105,173.929,44.863,72.1509,477.503,643.845,926.971,424.051,1467.19,215.538,619.409,107.581,1611.73,916.894,328.908,542.344,463.754,268.266,0.207985,36.0232,112.969,242.235,34.4523,94.1831,13.3841,387.113,170.191,374.889,74.4218,25.5706,170.903,29.5438,350.885,3.33352,20.6506,172.493,110.846,331.514,991.69,252.366,343.319,415.484,346.678,266.409,44.4547,829.276,293.756,431.645,35.826,644.367,310.934
102.539319728,158.065,319.818,196.631,70.8605,521.326,171.407,293.628,335.831,1230.67,632.926,434.384,270.579,325.321,28.9339,526.185,58.7675,269.328,13.901,175.078,805.967,617.311,757.631,1707.12,473.718,266.711,226.257,580.523,151.617,114.447,221.388,418.272,447.952,452.466,1231.26,1713.88,132.673,652.161,534.918,906.811,1797.67,1711.86,3900.25,1512.58,740.06,452.843,482.496,327.706,108.286,473.021,748.131,173.9,72.1568,39.5971,393.749,373.286,46.4324,26.8276,89.6829,638.47,99.822,913.573,446.01,244.257,380.238,569.443,147.095,720.923,276.465,38.2097,35.0064,282.821,1182.26,510.278,1128.25,1301.25,682.069,121.521,399.733,652.854,76.0651,120.153,118.949,329.249,816.566,922.121,1313.55,1917.13,280.046,383.698,301.872,1419.97,2230.75,1124.43,2891.44,1276.43,729.292,33.7885,254.24,278.718,260.532,82.7831,144.715,121.804,235.717,60.6059,327.408,119.803,1.20293,33.6756,0.701913,709.774,215.044,610.985,393.043,157.812,601.138,1143.32,270.06,888.938,341.87,117.621,343.158,214.719,1255.35,674.839,917.109,650.315,460.832,360.165,216.595,495.975,155.59,76.6223,163.257,606.982,1165.64,1422.55,1047.95,1852.55,454.886,443.756,0.796432,1391.99,1453.91,755.048,1149.73,878.83,341.758,11.4774,28.4559,114.901,288.108,0.769193,65.9037,28.6564,430.741,69.7229,305.036,43.0616,5.44281,125.655,5.5538,430.465,69.1025,166.772,383.163,339.035,750.335,1556.77,648.747,665.562,563.66,388.018,394.448,177.151,972.602,569.697,574.529,173.261,595.676,436.961
104.025396825,188.061,420.02,205.951,130.046,482.321,179.72,311.446,693.54,1706.91,1011.85,582.06,542.131,479.161,174.996,802.174,86.5715,377.971,101.709,344.013,979.812,961.645,1346.86,2528.01,871.946,240.724,293.122,744.786,236.292,100.964,243.861,380.782,571.901,827.23,1958.61,1968.36,391.196,538.534,575.943,1131.06,2429.14,3325.59,5685.67,2571.55,990.024,614.931,448.743,236.678,277.973,819.171,1056.11,185.811,64.3924,120.043,495.227,344.843,83.0112,40.7973,72.909,569.655,488.613,1417.36,914.362,484.618,639.436,890.378,495.111,1116.66,258.833,54.2525,98.2278,514.33,1240.14,872.167,1607.11,2035.63,789.045,138.847,442.28,801.303,113.642,87.5034,207.082,379.344,968.23,1523.34,2298,2438.28,563.326,296.818,375.34,1656.87,2770.32,2350.61,4080.33,2151.27,680.046,53.5121,219.516,202.256,399.758,251.679,243.69,47.6754,327.199,219.331,421.202,71.0135,2.73846,13.4736,12.0344,678.958,453.344,855.448,833.02,370.618,889.174,1661.02,771.938,1248.22,411.661,85.0265,411.789,490.169,1422.98,1213.78,1390.85,984.395,484.431,405.837,463.079,635.926,100.633,117.899,294.467,684.529,1573.72,2150.08,2169.14,2295.55,602.813,295.897,59.9012,1154.93,1931.4,1444.01,1940.38,1347.62,411.749,38.8718,26.5283,98.2419,367.517,50.7023,75.4018,41.8825,544.628,134.048,266.483,52.8703,0.962062,98.1235,92.9314,576.648,314.399,482.923,747.169,724.247,1243.88,2106.8,1296.26,1109.01,649.656,344.018,546.508,429.608,1014.42,849.824,770.477,395.247,491.879,557.122
105.511473923,217.407,486.381,200.056,179.675,443.84,173.886,314.177,1130.73,2296.42,1452.29,727.129,775.523,677.587,491.862,1105.37,286.853,546.119,303.869,560.242,1061.86,1184.33,2110.88,3395.83,1322.03,186.818,319.432,916.7,363.193,73.4999,239.351,290.9,612.906,1322.06,2556.05,2100.26,688.173,402.003,531.036,1220.75,2801.79,5224.47,7443.33,3572.05,1130.82,669.202,405.169,117.669,504.698,1269.28,1355.18,198.902,62.4604,248.797,609.575,301.293,97.3716,81.5837,43.1514,527.34,1095.81,2037.82,1478.58,732.473,857.578,1221.27,1039.15,1535.83,344.704,101.433,242.505,776.689,1101.93,1225.22,2263.73,2676.94,852.217,120.057,521.258,984.919,144.276,74.3543,315.072,351.685,1011.48,2108.13,3218.84,2894.65,849.61,192.014,398.237,1717.69,3240.68,3839.4,5201.45,2976.28,655.911,77.5498,198.114,86.9656,576.747,520.639,364.463,2.67968,450.194,478.376,485.952,40.4397,14.1806,6.95115,20.9579,720.967,933.696,1291.67,1311.28,619.681,1179.5,2091.43,1463.69,1603.97,511.676,42.3541,523.809,797.671,1419.96,1712.19,1841.57,1258.81,430.34,384.284,766.969,805.435,40.2964,177.886,419.994,680.092,1732.56,2951.82,3485.96,2759.25,562.265,209.201,189.743,925.763,2172.14,2242.45,2726.19,1786.81,452.357,63.5438,34.2037,98.8938,461.529,191.519,148.79,91.8348,719.406,312.906,243.425,73.6453,3.31433,97.0289,235.274,779.698,746.865,949.282,1233.27,1172.64,1646.49,2508.47,2014.93,1597.39,680.678,237.025,709.431,714.958,946.141,1005.48,963.12,619.512,346.86,617.894
106.997551020,253.959,494.543,182.616,189.809,409.23,143.411,287.56,1547.51,2845.99,1759.47,805.461,883.166,874.318,871.404,1397.42,654.093,728.049,553.639,801.356,988.661,1214.81,2847.47,4101.13,1728.17,137.188,327.696,1047.89,499.427,38.9948,232.226,182.231,588.768,1809.26,2828.67,2053.15,882.982,272.229,422.796,1100.81,2829.15,6814.58,8780.87,4181.53,1116.38,595.183,362.27,33.5946,745.168,1724.7,1580.98,226.976,76.3996,397.887,704.984,243.879,85.8656,140.23,16.4609,532.313,1738.87,2695.42,1943.12,915.031,966.131,1437.98,1659.06,1896.72,528.304,189.885,439.135,1002.17,816.306,1417.33,2950.76,2980.97,887.78,67.7085,597.598,1175.67,197.054,109.891,406.494,260.698,945.281,2506.54,3772.27,3163.23,1023.91,102.579,376.94,1516.96,3472.46,5048.99,5862.82,3516.86,669.957,66.725,206.814,19.108,767.976,824.19,494.293,36.8002,586.779,774.141,526.358,30.5326,25.9659,11.8659,25.9455,798.444,1493.36,1865.86,1676.41,829.614,1353.95,2317.43,2138.33,1861.09,607.167,33.0451,670.3,1009.24,1232.67,2002.8,2156.69,1356.05,344.583,305.075,1063.85,974.742,35.9323,250.441,497.505,583.214,1605.19,3605.58,4591.05,3096.5,409.078,165.541,283.73,703.666,2129.91,2881.54,3243.01,2130.49,441.529,76.0125,52.0506,140.441,548.658,376.961,279.969,244.073,927.512,497.27,230.246,78.6825,10.1426,105.581,364.147,1018.29,1259.56,1479.09,1735.39,1530.18,1823.97,2617.74,2578.15,1993.02,685.044,127.892,874.884,901.772,791.264,964.951,1093.53,770.401,190.599,617.85
108.483628118,282.273,463.766,140.813,163.867,361.369,109.469,249.149,1854.8,3152.55,1843.08,743.612,866.049,985.135,1154.84,1647.44,1061.6,870.586,760.114,1004.07,793.336,1057.35,3313.16,4426.44,1998.36,127.493,347.398,1078.35,612.874,20.7914,248.44,96.4758,537.807,2127.21,2720.39,1782.79,915.692,166.632,308.529,813.943,2522.47,7565.04,9321.46,4210.88,950.407,431.722,315.774,29.8145,950.12,2070.18,1633.89,294.277,117.008,510.899,747.688,195.368,66.7458,199.724,22.8666,566.754,2245.69,3207.02,2143.78,980.126,901.712,1491.37,2133.59,2128.49,735.327,304.252,639.244,1121.88,494.685,1401.91,3446.33,2861.74,881.186,16.9628,651.055,1313.93,301.66,186.813,476.1,132.242,823.379,2562.47,3806.4,3102.49,1064.44,42.8863,326.362,1130.56,3335.24,5533.35,5831.09,3600.84,720.649,28.8053,247.973,67.506,919.145,1082.09,596.17,160.354,727.41,984.782,555.985,37.1252,34.4918,23.5559,40.8918,859.505,1970.25,2394.23,1820.26,933.635,1302.96,2319.06,2509.27,1959.58,663.62,88.9277,812.601,1055.34,904.717,2008.27,2225.93,1243.61,264.068,218.663,1263.83,1124.88,109.076,306.293,522.327,397.955,1306.06,3828.84,5186.31,3153.42,285.683,139.451,302.325,466.272,1888.78,3068.59,3355.98,2272.38,403.727,68.6525,85.2808,213.674,590.15,557.23,438.477,502.104,1128.62,613.106,200.313,74.3621,19.928,103.625,460.463,1199.37,1687.87,1972,2057.19,1684.85,1704.82,2392.56,2789.71,2166.91,678.643,92.3638,1002,924.926,573.479,767.764,1093.73,824.872,67.7697,585.346
109.969705215,292.49,403.527,85.7047,121.174,288.112,98.0895,233.299,1969.6,3098.27,1691.01,551.665,747.107,958.14,1249.06,1760.85,1370.65,921.946,839.732,1108.7,556.694,791.831,3354.38,4252.7,2051.69,183.679,382.195,988.032,664.9,48.6051,276.379,76.1789,511.39,2140.19,2303.57,1323.08,806.325,101.8,228.962,487.666,1960.95,7325.39,8807,3717.5,673.695,257.139,259.313,103.649,1087.34,2174.94,1503.8,373.998,175.062,556.668,704.923,184.141,60.4881,237.709,66.2771,614.437,2486.85,3370.23,2042.78,884.638,703.527,1352.99,2302.94,2150.17,888.541,411.644,760.136,1125.33,234.141,1258.31,3542.53,2414.07,793.111,13.0188,686.836,1332.32,449.362,292.984,503.567,34.805,683.128,2247.31,3337.86,2677.39,994.675,25.0341,267.838,704.104,2821.37,5186.83,5037.81,3254.65,768.67,16.4045,296.844,216.135,1022.09,1187.3,647.927,332.576,832.827,1044.62,548.925,66.647,43.0677,34.4977,68.4193,877.412,2220.49,2656.32,1743.83,852.666,1082.56,2042.1,2483.73,1822.97,680.989,203.336,888.086,955.858,520.35,1777.51,1991.58,984.351,210.825,165.216,1317.35,1214.76,239.648,334.501,473.085,204.122,953.803,3528.26,5083.06,2918.43,258.146,120.827,254.298,249.363,1528.63,2743.52,3020.16,2175.45,362.614,50.2969,130.875,285.292,569.156,659.847,600.73,795.165,1253.75,638.329,147.663,68.0231,24.9201,93.9692,500.326,1245.01,1903.41,2257.31,2092.78,1576.45,1334.18,1901.63,2584.59,2043.06,678.967,162.696,1036.92,799.851,339.554,512.661,936.89,791.898,23.6105,536.939
111.455782313,271.978,327.752,41.4988,74.783,206.247,102.047,263.251,1850.17,2696.52,1359.9,310.003,565.967,800.692,1122.61,1689.73,1472.42,855.284,766.273,1072.95,363.376,543.131,2953.91,3628.2,1856.05,301.327,399.169,813.601,621.062,130.53,309.38,115.346,514.136,1864.11,1697.66,810.032,610.783,90.5728,183.748,225.296,1359.99,6191.46,7398.89,2868.69,388.201,123.721,195.223,219.638,1123.48,1998.79,1229.77,420.675,233.603,516.568,590.885,201.001,79.894,243.419,125.926,644.986,2410.32,3105.2,1696.88,649.68,460.488,1054.15,2134.62,1928.48,928.849,464.803,763.866,1002.64,115.977,1103.39,3172.85,1810.47,615.601,83.9868,685.013,1219.54,586.114,396.08,484.48,11.104,540.635,1695.55,2506.23,2031.34,819.319,65.0306,205.764,356.974,2093.81,4172.73,3714.19,2602.81,777.518,55.4769,342.851,400.016,1057.12,1092.72,637.049,478.099,868.001,939.922,498.534,106.535,53.1255,39.5306,98.3888,838.887,2167.12,2544.49,1486.47,609.468,777.71,1557.74,2095.83,1481.06,643.047,324.182,872.84,757.345,204.491,1410.92,1520.76,672.213,184.375,169.272,1214.94,1209.72,375.567,324.515,366.906,66.208,640.296,2840.56,4287.66,2494.14,293.266,113.161,167.137,99.5911,1144.16,2050.63,2331.88,1878.57,333.055,37.8644,171.21,328.338,483.001,650.994,718.405,1010.53,1271.58,567.368,89.4276,60.6954,20.3432,84.3442,465.905,1142.21,1827.16,2235.46,1831.25,1244.48,852.439,1291.41,2053.64,1653.81,673.523,302.798,964.234,588.116,153.028,277.651,681.327,683.498,67.7761,488.035
112.941859410,242.804,232.424,25.3656,48.5374,123.478,107.914,314.004,1556.87,2039.88,968.555,115.981,363.599,574.315,830.375,1446.82,1330.27,693.385,582.33,892.357,262.671,417.959,2219.71,2771.26,1423.81,451.649,378.471,593.821,497.311,223.903,367.904,166.964,496.112,1462.27,1038.88,374.709,434.067,103.371,156.53,67.6378,932.616,4509.54,5530.48,1919.48,185.295,46.7064,138.701,312.972,1046.96,1610.4,881.079,401.861,264.941,411.551,436.3,221.012,118.633,224.618,167.913,632.343,2037.97,2527,1188.17,388.679,243.693,678.001,1740.44,1480.41,866.431,411.37,692.05,749.962,151.505,1061.24,2389.88,1261.62,372.253,235.677,603.194,1024.83,646.318,442.016,451.029,47.0018,409.468,1067.84,1626.4,1293.04,605.667,133.88,154.749,141.048,1345.45,2902.31,2229.64,1843.2,714.372,152.28,366.824,524.439,1032.77,819.692,574.659,512.915,844.982,688.736,432.17,123.476,68.0137,37.3549,113.243,764.846,1790.25,2156.72,1081.33,322.585,498.774,969.406,1544.98,1013.23,551.698,377.154,804.058,506.966,30.3699,1047.82,958.726,384.122,174.847,227.751,976.234,1111.97,447.039,284.75,233.921,11.7691,421.369,2001.08,3050.53,2011.4,313.129,117.165,84.0773,31.0682,823.762,1218.32,1575.99,1386.05,359.868,49.245,167.417,350.508,327.99,582.503,707.309,1092.79,1167.13,434.083,38.6947,61.4636,7.30589,74.7366,376.448,914.354,1499.76,1906.84,1372.83,798.372,427.608,734.015,1365.71,1152.32,616.942,441.786,793.68,384.96,44.5853,108.08,417.733,533.508,163.887,420.909
114.427936508,220.872,141.524,30.0575,46.9114,52.6643,112.551,319.91,1219.47,1274.02,641.92,22.7171,190.382,337.57,521.858,1058.98,1030.52,481.862,356.777,650.932,221.343,428.713,1410.95,1875.9,903.843,565.391,314.49,391.933,346.773,279.248,444.318,199.596,447.436,1049.17,482.936,135.912,313.446,106.671,153.048,39.8659,668.622,2878.73,3615.42,1129.85,106.742,11.6108,89.4887,348.038,857.339,1168.07,508.911,341.557,235.099,294.564,272.221,228.861,145.008,203.508,158.265,579.216,1466.47,1836.34,663.224,190.618,99.1959,346.973,1248.75,946.427,717.063,270.926,585.095,444.253,277.663,1137.67,1450.22,857.257,154.087,416.412,453.209,779.899,620.988,398.885,424.234,98.3275,295.873,542,921.573,629.014,433.718,158.109,131.344,73.0636,700.589,1792.71,998.631,1124.11,586.702,274.296,356.339,537.399,939.691,478.299,482.422,410.33,780.174,379.87,370.035,98.5778,92.3552,32.1161,122.281,635.805,1255.47,1614.1,637.889,124.871,289.5,445.329,1041.71,527.902,452.771,333.448,708.527,271.519,33.8691,737.085,488.989,173.405,165.301,276.824,697.404,921.775,426.484,217.892,118.982,29.8273,283.888,1230.82,1795.73,1515,288.51,130.724,48.2711,8.08279,626.251,520.471,943.41,835.108,423.823,86.3262,118.569,350.898,163.369,503.48,548.586,1055.04,960.595,287.812,20.4099,69.618,0.150524,54.0231,276.365,626.857,1029.21,1412.73,838.129,404.578,157.444,333.955,732.986,700.394,470.154,527.661,553.593,261.368,8.08943,22.7429,206.652,384.941,247.8,338.049
115.914013605,199.201,94.0228,41.8351,57.747,16.7432,107.242,267.853,894.333,604.964,451.347,0.53512,98.0205,152.304,282.966,648.248,677.763,279.229,169.462,429.311,189.803,520.811,724.339,1163.72,446.601,590.504,232.274,252.376,234.147,282.599,530.291,184.346,368.992,710.952,132.768,97.7579,258.023,95.0938,162.478,146.713,488.435,1684.6,2089.89,595.853,105.163,2.40533,57.5092,313.725,601.421,770.932,210.06,263.837,153.932,192.773,148.377,205.645,146.728,177.133,104.878,495.637,841.681,1240.19,261.11,79.7113,24.9811,144.526,813.366,450.896,531.52,125.802,433.222,218.984,396.035,1303.95,615.441,617.175,43.6699,524.178,292.083,552.582,503.45,300.36,388.358,133.993,206.31,202.078,491.02,203.132,291.48,118.803,126.041,119.247,250.448,1064.01,273.925,545.527,426.084,347.027,334.504,418.454,809.501,193.485,370.687,229.363,689.476,127.97,325.058,45.1982,126.324,33.6707,137.852,467.849,754.717,1049.16,291.059,53.9285,167.178,120.859,680.776,186.215,363.844,234.811,619.105,93.4336,200.767,492.058,202.431,67.5328,132.819,282.595,431.059,692.053,324.883,134.999,48.6559,72.8555,191.398,695.517,813.589,1065.15,231.008,138.731,78.0637,0.230301,571.942,119.71,509.296,394.25,455.626,149.233,50.6014,333.902,62.4856,433.427,328.736,942.996,729.297,170.086,48.7754,76.8082,8.91616,30.5093,201.512,336.808,578.831,922.205,361.173,162.526,46.6213,150.363,282.341,355.314,298.37,495.821,325.409,212.633,22.9142,23.2457,60.2818,283.303,246.517,258.619
117.400090703,193.478,116.662,74.8318,73.0409,17.4536,77.0574,171.76,637.777,161.014,406.987,1.12758,103.138,46.5781,128.63,338.227,368.076,135.34,62.345,268.232,137.764,607.203,295.686,737.75,159.699,524.509,170.847,178.521,207.144,270.703,640.471,108.704,250.389,500.198,7.38795,194.789,275.368,70.2598,150.631,336.141,341.822,1066.13,1180.9,293.898,98.5854,0.00664935,63.5225,213.239,377.739,442.704,48.1859,201.43,59.6292,139.369,98.4212,133.19,135.988,132.317,46.9175,395.103,327.721,856.709,36.7287,68.7576,0.637929,56.5591,525.524,109.626,391.051,30.4529,241.322,158.821,476.418,1527.72,108.485,513.967,39.6499,495.228,172.721,426.827,324.512,204.749,316.05,154.307,145.432,75.2158,323.631,22.1802,154.358,56.7663,127.44,230.013,31.7449,726.971,45.1587,176.806,262.822,329.975,315.872,234.97,672.403,40.2875,242.309,69.4622,598.968,17.4025,315.329,3.35736,155.65,43.3905,157.508,320.369,420.266,584.207,103.041,57.0014,123.3,39.2533,493.812,59.7992,275.495,150.688,565.302,7.584,467.322,345.977,92.2487,26.9469,71.4658,260.844,215.836,484.789,191.697,51.9649,26.3624,94.2794,117.072,436.62,234.633,722.681,155.977,115.58,155.775,22.2546,642.661,48.5802,251.429,148.371,383.941,259.221,2.2647,312.252,43.475,373.374,174.788,836.059,580.603,111.479,100.253,71.1841,40.2123,17.0131,171.674,108.907,264.059,541.679,60.9244,107.326,32.5681,135.283,53.2131,141.804,168.509,340.784,175.462,198.625,91.8325,100.478,1.11794,240.46,152.024,185.629
118.886167800,227.144,222.338,152.975,110.888,35.3811,36.9221,76.5991,447.291,2.07293,467.459,18.3202,158.278,18.0092,65.1485,147.877,161.764,82.8554,21.9093,173.787,67.0464,618.326,164.081,567.512,100.908,408.271,152.222,159.877,246.959,327.81,780.709,23.2169,115.574,410.223,69.0506,328.188,333.554,70.0646,126.232,526.476,266.75,901.56,845.503,163.279,72.1813,5.87947,105.831,112.33,215.825,210.842,13.2645,167.312,41.3211,158.542,110.994,51.1616,113.09,82.3056,10.7864,307.612,47.6098,649.586,12.9938,141.805,11.0799,19.0114,409.835,27.5488,306.194,0.675015,101.442,245.302,631.408,1786.71,15.1944,503.407,80.606,387.494,139.993,397.146,201.999,136.856,205.965,168.633,152.294,156.555,313.243,9.90454,54.7455,14.1106,128.61,354.911,74.1907,687.548,114.301,26.8937,132.384,239.052,293.551,103.735,557.251,4.26975,128.687,2.1254,522.614,92.2105,344.203,15.2495,163.227,56.8692,199.372,222.563,277.544,318.598,34.1318,54.5375,142.28,150.431,435.908,105.604,208.323,139.696,540.375,36.6538,739.517,358.636,97.1848,21.3914,26.5925,229.623,100.927,326.132,83.5976,13.7438,32.9846,103.029,86.7473,374.289,35.7829,481.373,111.142,76.3182,243.495,128.389,774.525,234.314,126.925,55.2132,240.878,407.734,30.6979,282.345,71.8568,340.835,157.685,812.559,592.826,117.568,144.418,59.4424,87.8846,24.791,175.277,6.2939,91.813,303.297,10.0691,194.072,79.0121,206.929,20.9458,51.0463,87.2513,172.544,128.66,204.878,240.244,231.392,43.3598,241.805,54.0404,138.798
120.372244898,331.8,416.788,281.328,164.942,58.9684,6.81036,21.9191,325.737,83.104,590.203,106.533,201.569,27.3119,46.4324,70.7788,76.2809,85.8921,15.1099,120.606,10.1101,553.212,270.853,571.049,222.601,313.864,152.773,162.891,340.32,514.903,888.221,10.8275,26.2684,380.848,258.627,469.984,365.486,104.812,130.562,592.775,339.981,1017.58,882.791,175.54,57.0305,20.358,134.919,66.6403,147.37,73.1461,46.6283,181.844,157.772,247.736,154.847,9.96175,94.0421,31.326,18.7821,259.205,8.95232,553.51,141.435,247.986,70.4258,20.5778,433.851,179.059,294.93,22.039,70.4297,419.297,990.686,2082.59,267.694,571.091,96.178,311.64,215.619,398.795,191.623,120.885,72.5063,218.456,271.81,392.461,361.298,79.018,21.1345,7.16845,122.774,510.922,346.972,813.677,296.243,33.8429,72.663,150.65,243.774,68.6043,488.459,56.2777,43.6107,19.1958,500.245,317.482,396.203,88.7571,152.537,63.8751,252.679,214.152,270.544,229.533,13.1271,21.6589,206.838,345.966,455.399,211.59,187.171,193.139,500.988,185.35,984.815,527.9,177.587,55.5822,30.4868,221.933,102.362,240.673,38.4147,21.2417,43.4554,128.328,160.672,420.303,86.5177,335.648,107.007,60.2035,280.811,308.264,978.138,552.989,91.7165,33.2998,142.052,527.155,140.184,272.399,90.8696,338.073,279.432,886.359,754.703,195.907,163.692,45.5053,139.445,62.9757,182.214,24.8135,33.7593,213.467,137.43,325.468,218.318,341.374,116.09,65.6921,58.1339,99.1577,145.959,225.381,480.106,433.624,197.388,260.507,36.0831,132.425
121.858321995,502.674,656.662,453.494,225.611,68.3843,0.863074,2.41635,269.052,321.58,742.728,299.87,223.962,38.9657,32.2914,65.5441,76.0921,89.6047,12.1245,91.5914,4.45658,453.497,520.65,650.611,394.178,263.788,140.765,185.573,418.898,789.32,970.986,87.1883,2.30768,398.613,490.42,575.413,366.638,123.252,157.381,514.073,533.119,1238.37,1094.39,295.363,76.2378,36.2785,154.221,70.7443,129.994,34.443,88.8158,263.791,375.549,385.909,221.792,17.5085,72.8406,5.50381,72.5556,253.185,105.161,507.215,351.89,361.837,211.418,116.081,530.307,415.33,349.275,79.4209,142.187,644.094,1566,2364.3,708.401,688.277,74.1435,301.534,382.744,423.688,218.956,141.729,5.0449,304.637,494.921,700.165,451.436,144.373,24.4527,10.3691,149.319,692.309,710.603,1022.45,495.22,123.414,64.7109,136.199,180.146,87.4379,472.904,146.702,5.48656,74.8108,546.227,572.404,459.706,206.365,122.954,64.6297,294.147,296.892,314.469,208.852,16.2031,8.77713,294.318,535.145,521.687,265.664,194.138,227.676,440.986,424.888,1152.45,811.423,319.767,125.483,80.0413,264.266,206.012,215.78,37.1971,62.5106,60.7378,193.532,332.463,512.875,254.128,261.31,94.3404,75.2844,250.85,512.596,1225.39,873.524,143.271,39.8179,134.692,581.112,311.42,272.676,75.7003,345.651,476.373,1014.37,948.73,351.927,164.793,37.3482,174.8,129.354,184.13,98.9828,47.0284,230.935,336.626,463.092,476.296,526.178,278.393,168.36,68.354,114.364,181.986,284.058,768.245,692.944,444.835,290.794,83.1935,169.453
123.344399093,668.323,892.204,622.238,274.836,67.429,10.3065,0.706196,250.865,620.148,930.303,518.441,242.705,40.6404,27.8539,84.8602,108.144,92.652,8.2053,69.3784,32.8121,388.305,759.221,749.456,496.999,230.091,106.041,184.896,466.615,1032.19,1048.49,214.795,39.3948,429.586,697.273,625.926,315.261,126.633,157.339,393.143,705.164,1422.15,1329.91,451.203,125.145,58.9169,167.027,100.443,140.447,50.6981,127.198,407.466,607.099,540.132,284.291,58.417,63.783,13.6754,136.406,274.028,226.543,465.807,550.917,508.274,407.648,301.068,658.511,627.733,417.609,154.622,261.621,938.891,2155.33,2538.64,1150.78,794.827,70.9579,332.718,569.586,433.026,234.851,187.218,32.1935,405.808,800.172,964.015,537.959,184.459,39.1421,21.0362,220.965,876.46,1060.16,1175.81,661.355,253.794,95.4264,168.765,142.621,126.552,474.968,238.093,3.91175,139.993,633.388,739.982,516.042,312.201,104.817,47.2959,328.126,392.241,344.078,203.06,40.3532,41.4875,385.428,693.898,545.207,260.968,191.778,206.393,365.493,643.609,1255.31,1072.37,505.71,221.15,171.395,345.9,330.625,230.993,66.2791,108.208,98.8956,286.7,517.49,625.798,423.641,210.098,70.9744,89.9078,200.234,663.741,1413.89,1139.06,258.763,62.3845,184.211,593.402,475.083,281.222,33.9068,343.195,652.146,1093.8,1073.16,540.402,179.175,35.9348,208.135,175.954,185.935,175.913,101.453,301.49,528.719,616.814,750.312,737.97,487.426,318.412,112.252,153.701,213.957,379.846,995.566,984.352,708.753,335.023,148.661,220.305
124.830476190,760.214,1055.96,743.082,281.493,63.2513,20.4171,8.33015,260.875,864.6,1125.56,663.807,252.42,37.5022,26.2633,114.598,146.412,88.705,16.0489,51.7573,54.8677,359.822,856.934,841.664,469.707,203.981,58.6343,142.436,487.487,1116.06,1094.28,352.342,111.099,458.624,806.352,610.472,227.453,114.885,123.129,271.26,764.191,1469.89,1467.2,589.323,165.175,95.0886,155.279,124.473,160.906,85.3753,176.3,580.644,761.629,677.174,319.8,95.4412,73.9202,37.9186,172.899,315.912,290.249,423.092,643.189,666.663,603.416,507.701,777.972,740.372,460.559,227.253,397.974,1249.26,2482.98,2541.11,1392.45,856.235,137.438,367.482,709.433,403.821,211.563,233.145,111.51,522.478,1101.8,1099.95,590.579,182.034,62.434,44.3506,301.669,1022.47,1289.92,1175.11,770.914,372.888,163.042,206.604,120.101,136.42,483.667,310.9,28.2571,215.406,704.121,762.99,540.99,353.331,107.256,31.1939,324.145,457.895,322.256,194.191,79.4332,91.6995,460.924,790.6,486.164,217.293,165.357,145.716,282.183,746.954,1267.88,1182.8,694.21,334.936,279.502,432.317,415.607,257.611,100.023,132.334,158.524,358.978,653.537,711.72,513.483,179.375,41.5917,78.8089,157.194,680.52,1510.28,1256.26,406.247,113.325,235.48,566.408,564.352,279.966,1.98696,334.722,721.657,1055.31,1072.3,686.985,210.668,57.5015,233.529,179.472,177.904,225.563,184.826,379.156,645.394,756.079,911.519,936.52,688.293,455.381,197.663,178.066,219.778,462.118,1082.87,1257.75,875.96,386.561,189.947,254.894
126.316553288,766.523,1075.87,779.798,251.098,53.0582,28.145,21.2989,266.957,1012.55,1236.26,692.199,248.833,32.9876,29.93,142.519,164.023,83.9053,37.1342,42.7824,55.3087,337.028,794.907,873.385,348.761,176.131,16.7919,89.4655,453.767,1042.42,1029.65,478.459,192.384,444.094,809.641,513.784,147.553,77.0191,78.6124,167.09,693.654,1327.07,1454.3,651.557,184.148,139.834,119.818,132.27,163.445,118.343,253.474,707.983,810.899,730.899,334.956,105.524,90.1566,66.9873,176.537,348.085,287.089,344.04,640.994,737.568,763.78,689.031,784.021,772.729,421.121,285.071,542.465,1423.11,2461.72,2304.75,1339.05,862.086,255.329,387.591,756.183,344.825,155.583,256.029,194.143,652.831,1286.8,1077.75,580.453,147.708,82.3156,79.9203,359.555,1074.78,1327.55,1010.45,787.672,451.516,228.802,233.071,100.653,116.586,479.285,342.717,80.9713,312.211,680.382,680.754,486.115,340.014,119.225,36.4645,278.19,466.32,258.256,166.989,124.749,134.488,500.053,801.628,358.448,163.154,109.869,85.8696,201.701,711.001,1142.86,1130.04,789.924,452.657,379.546,465.253,442.944,269.772,112.43,142.748,212.327,376.911,717.966,711.313,509.172,165.377,22.8705,48.2914,121.698,578.936,1460.76,1206.83,521.927,191.542,255.48,484.339,569.597,248.484,10.5893,322.831,654.212,896.924,936.266,722.176,269.067,107.947,221.054,159.526,141.168,250.374,264.789,418.325,669.309,803.789,924.954,1041.7,817.772,538.534,301.247,175.977,191.535,487.499,1012.39,1421.29,907.593,402.749,195.228,252.862
127.802630385,674.286,959.591,704.942,209.199,31.4062,37.5949,33.1926,250.752,1054.31,1191.96,615.134,222.061,29.5296,33.7225,171.403,144.597,83.443,57.6651,38.0074,35.9358,318.963,589.698,858.303,180.236,159.797,1.16761,38.8581,375.553,861.781,823.112,580.468,262.007,356.678,742.93,358.817,82.382,43.1599,35.0772,79.5902,570.42,986.125,1327.19,598.718,185.785,164.516,85.0669,112.209,156.482,121.626,352.204,749.856,728.651,692.333,319.092,87.7834,104.2,93.6808,146.989,361.44,222.457,244.502,561.13,678.205,839.612,806.566,640.692,747.444,298.728,323.806,619.487,1419.39,2069.64,1907.22,997.1,831.151,352.631,378.482,704.293,277.577,87.7739,263.932,232.843,755.847,1326.47,877.675,528.459,92.7816,92.4963,116.304,372.215,1008.76,1170.9,737.821,692.911,469.665,268.102,222.755,97.4801,98.6309,440.599,322.176,165.179,380.872,588.14,498.88,394.34,260.134,156.125,66.6655,191.436,431.531,173.251,122.836,164.836,165.174,462.518,760.332,196.535,116.195,56.3956,41.9163,140.435,568.552,894.241,945.802,740.985,548.933,418.291,443.788,389.569,269.451,90.6712,148.906,234.381,336.244,692.794,620.657,415.667,176.29,26.6313,22.2085,103.067,398.192,1297.5,984.232,576.032,264.255,235.667,358.86,508.711,186.57,50.8637,319.426,469.202,670.985,705.265,628.707,340.264,167.773,172.056,126.227,90.5587,242.363,313.145,398.89,598.712,735.187,795.167,1010.6,830.376,544.914,378.132,162.13,139.033,450.453,805.218,1437.21,788.445,377.945,158.381,225.421
129.288707483,511.187,754.725,541.095,168.872,7.93844,50.3276,37.7596,214.386,998.917,984.104,478.712,169.971,30.4308,32.6713,205.226,97.4705,85.8344,66.0442,32.1294,16.0759,298.286,330.984,807.167,48.9895,177.092,16.4187,4.81689,271.378,646.714,517.636,644.412,297.711,234.941,632.299,191.803,49.964,27.5553,8.3946,14.4992,470.28,564.276,1094.05,482.196,147.408,175.886,48.6638,84.4697,139.907,91.1017,445.455,717.27,531.765,583.936,269.238,51.667,117.394,112.778,97.3138,357.744,125.547,154.815,421.84,526.5,789.181,857.805,387.72,697.466,144.788,332.342,582.334,1252.07,1453.91,1407.81,560.107,744.602,395.433,319.394,596.907,208.612,38.7387,261.536,207.787,793.881,1247.43,542.348,489.7,29.4341,91.2037,128.08,362.069,800.652,924.786,445.805,496.991,439.846,256.826,183.073,105.148,115.09,385.1,246.342,278.829,364.688,476.691,272.928,298.979,151.374,214.497,108.968,95.1068,377.247,90.9601,76.9777,182.088,182.864,348.658,706.537,60.1446,86.2399,30.2296,21.7042,98.2054,390.176,582.244,699.906,556.865,607.569,362.542,391.763,266.721,260.834,49.2482,154.122,219.733,247.533,603.363,450.888,281.693,195.187,71.3951,29.8972,99.3396,239.468,1035.62,674.002,547.476,309.932,175.218,217.295,428.03,101.477,113.794,312.362,262.757,411.954,463.677,445.097,393.746,210.817,106.867,93.9628,42.3484,209.913,304.247,333.815,456.215,577.97,578.027,843.769,729.395,466.867,402.186,147.829,95.1407,368.518,526.332,1336.89,546.672,330.896,94.5683,177.527
130.774784580,305.505,562.912,330.864,142.143,0.323982,57.0311,35.4272,159.968,889.171,661.254,346.153,96.791,40.9842,38.0018,233.882,54.0771,81.1504,68.7025,20.6943,13.3757,290.09,114.237,733.549,34.1367,208.86,73.3363,15.8803,167.545,468.691,202.013,704.98,266.812,154.36,466.734,81.7273,52.9303,32.5595,24.0561,9.05119,444.053,214.195,819.558,346.076,66.0118,214.409,15.7278,58.6194,121.963,33.0472,560.309,620.476,337.397,405.793,218.727,15.9037,129.637,118.045,48.8261,347.773,42.8177,82.3657,283.086,335.576,632.355,847.031,133.446,668.384,25.3602,313.426,440.413,973.887,829.687,895.144,224.608,594.443,396.723,214.625,490.473,133.225,31.1022,277.142,119.849,787.94,1018.85,225.446,494.092,3.35198,109.293,106.561,368.807,528.933,710.878,256.167,229.932,421.188,167.655,148.088,95.2115,192.217,364.633,155.414,420.837,242.965,395.666,89.7367,213.077,75.0355,253.843,159.526,22.0987,338.297,33.4386,32.967,184.71,168.39,221.229,643.723,10.5419,89.515,33.1193,18.494,78.6369,212.893,320.139,442.984,311.47,623.132,235.725,341.484,120.298,261.16,15.4897,157.145,172.464,138.183,496.24,240.451,175.354,178.259,179.838,121.445,118.797,203.944,669.578,426.013,409.038,358.429,86.8453,88.8273,391.685,28.6196,224.498,260.887,130.035,183.911,251.207,263.653,383.849,232.363,44.3864,72.1914,19.0057,162.165,243.168,247.52,294.414,395.093,351.807,593.333,559.561,323.442,380.955,143.217,86.5538,258.946,264.562,1190.06,264.671,300.971,27.098,110.289
132.260861678,132.861,434.764,160.43,114.662,15.9947,63.2794,22.3099,105.211,752.242,340.534,252.236,28.4958,63.8706,61.0734,245.275,33.0462,76.9432,64.4994,9.69492,33.5852,299.691,26.5388,684.029,103.681,226.495,187.995,110.61,87.2372,386.427,22.7166,764.237,207.286,108.499,304.825,52.2632,70.3347,72.9479,110.116,110.741,481.766,95.5298,592.321,203.069,19.8661,285.576,43.0498,46.3139,119.059,7.19486,749.731,512.411,226.717,230.338,166.084,10.8497,140.493,104.429,21.7079,342.198,17.4244,33.3236,200.714,152.386,423.106,794.378,6.87304,684.662,11.4568,256.163,263.845,669.275,340.821,491.293,61.463,425.503,367.11,129.464,390.057,63.2531,81.5029,329.391,32.5729,754.942,678.558,63.789,560.658,120.767,173.743,127.72,395.236,361.012,667.817,212.595,37.2918,439.684,52.8606,124.917,76.0443,362.154,398.247,128.109,572.079,88.5459,361.176,18.3802,164.799,45.2505,248.185,210.603,13.9497,321.361,14.0389,4.98277,184.259,120.426,125.936,565.155,88.2474,141.844,54.2977,13.8493,87.434,73.6055,149.208,242.206,100.758,597.24,114.732,301.279,32.9888,272.096,27.7264,153.143,110.799,44.9261,398.52,78.7785,101.623,133.222,338.164,333.492,202.08,313.373,307.904,276.377,242.328,412.537,35.7064,29.5909,406.435,65.4069,406.621,188.582,76.7399,52.7429,93.3198,126.112,325.222,217.869,10.6546,56.242,31.6122,111.658,172.566,154.688,167.835,253.279,179.271,344.095,386.781,164.701,330.198,161.154,106.26,149.807,105.628,1018.9,92.4142,303.481,0.293912,43.0767
133.746938776,84.0783,375.223,71.4232,83.8496,50.3003,70.6149,6.09148,57.4146,619.097,138.755,203.878,1.22812,98.2024,95.2146,233.616,43.6064,81.132,53.8366,3.70504,64.0882,326.84,121.03,675.202,171.055,237.044,354.673,298.362,84.2731,411.254,72.7375,815.085,186.122,79.9799,180.159,84.5524,96.9419,159.553,256.524,337.107,595.267,236.243,455.28,102.701,70.7829,386.131,175.632,75.2531,168.606,101.367,1023.74,494.747,213.008,116.473,116.246,44.8449,151.406,78.0524,19.997,339.32,85.251,22.807,182.227,31.9394,223.42,711.693,110.136,760.183,104.73,170.456,114.396,417.807,68.6013,241.939,26.4032,301.627,336.688,101.041,303.89,17.6679,160.121,415.907,60.0713,707.957,336.398,134.697,729.485,455.193,308.883,249.863,453.625,394.214,860.005,359.138,67.0191,503.379,3.91528,131.902,73.5455,587.731,504.672,220.704,700.49,1.89378,379.466,81.7438,164.528,47.8513,198.534,253.034,78.455,321.747,34.3308,1.27622,186.343,68.1175,68.6358,479.663,279.328,248.983,91.9754,3.302,110.398,6.4048,62.6887,124.361,4.74258,537.457,73.7337,282.826,43.1493,288.253,111.203,147.19,52.5385,4.22937,333.016,7.64074,60.1028,91.0319,489.174,647.02,417.057,530.845,73.123,215.541,158.408,468.239,58.4857,69.9912,489.634,273.485,657.347,185.221,73.9355,20.3704,14.52,46.5125,247.734,178.173,1.40124,43.9992,84.0824,77.8095,129.975,82.9753,90.9543,175.373,114.061,169.939,262.373,54.0908,266.512,188.661,142.741,68.4147,48.0885,866.075,132.151,342.386,45.7704,9.50203
135.233015873,194.862,350.296,59.946,61.7345,81.4873,77.8458,0.605909,20.3366,523.96,99.1027,184.408,43.4063,148.408,119.727,204.135,81.8925,83.8243,49.106,3.92966,94.3165,342.709,373.984,742.868,152.628,287.167,518.869,502.498,226.789,572.031,318.841,804.307,264.307,65.1413,103.879,139.203,126.038,277.842,447.752,666.223,763.889,518.221,434.793,96.0985,209.137,496.615,419.673,183.209,309.026,347.004,1319.33,654.212,272.583,71.4734,73.3413,111.084,157.163,53.4695,37.6477,318.518,243.521,83.6987,225.769,0.883275,78.662,608.709,397.828,916.703,274.315,73.2329,23.9264,269.996,2.63146,111.738,33.1637,253.967,341.382,134.466,228.383,2.24056,225.022,544.791,272.465,644.178,107.662,420.867,1077.9,977.185,487.978,458.321,589.249,627.65,1185.51,709.588,395.815,636.676,76.2974,165.706,102.729,823.042,676.121,403.042,776.327,64.2036,464.196,221.536,195.185,69.7434,120.382,292.589,177.973,330.131,83.2177,18.8213,190.262,47.8685,39.2775,389.424,523.232,413.777,151.366,1.15927,119.08,10.0224,44.619,97.9708,29.405,433.875,155.786,310.125,119.907,288.271,267.867,152.641,24.761,38.6523,282.757,21.6886,51.6014,81.9414,564.573,986.172,819.175,780.078,27.9986,214.827,213.097,532.314,148.987,196.239,647.582,632.829,940.789,318.321,105.758,55.2011,13.1811,17.7818,206.561,127.209,3.66483,42.9991,140.052,87.1226,143.266,58.5465,40.1278,163.121,170.302,98.0773,184.601,41.1322,219.242,188.537,182.369,33.9675,38.1838,786.83,361.521,402.386,164.023,38.1335
136.719092971,395.854,347.523,85.109,48.0909,94.1186,81.6069,18.0514,8.4654,476.351,175.671,185.795,143.479,215.878,127.681,155.035,156.714,71.9832,49.8111,18.1667,106.524,329.365,733.543,886.644,67.2637,389.261,621.862,658.959,514.351,839.539,668.381,724.305,395.106,76.7528,86.4767,201.906,132.392,394.473,691.627,996.051,922.925,809.201,518.497,172.011,346.724,638.031,714.94,369.309,531.96,716.734,1534.83,959.781,384.395,62.2285,43.1304,195.864,163.76,28.4099,68.3636,261.759,443.788,278.643,339.902,34.8433,32.6891,483.972,709.869,1155.3,473.941,10.9909,5.56203,213.724,42.2495,55.3644,31.4306,263.742,370.969,209.318,163.538,8.26756,261.676,714.942,610.346,581.578,51.917,814.424,1656.6,1570.29,646.502,681.596,818.727,938.936,1466.3,1201.11,997.615,895.251,234.717,184.155,172.921,1056.29,848.57,567.147,806.833,298.034,600.026,349.999,226.549,95.3357,60.6271,322.933,267.977,318.028,149.889,62.9478,189.347,56.2036,29.8533,293.282,767.33,608.589,228.325,19.0974,114.081,62.3069,75.6079,137.378,126.78,321.382,308.968,397.547,214.108,246.652,480.342,210.341,46.8946,125.424,226.032,89.6693,72.6322,110.112,523.039,1308.14,1326.48,990.06,149.776,270.271,364.944,585.519,290.613,357.114,815.11,1060.53,1235.3,546.889,165.268,121.185,74.0391,36.4939,246.935,86.6819,16.1059,49.9896,157.53,145.738,228.696,107.548,6.81571,210.722,287.606,98.8826,154.446,120.824,195.534,144.984,213.946,50.1867,43.1255,784.409,651.431,482.132,310.665,128.121
138.205170068,554.692,373.497,102.754,44.6409,81.7818,82.2172,48.6913,29.2025,478.71,283.987,197.579,259.562,291.004,114.362,110.553,252.322,61.7291,49.6616,67.382,86.4278,311.003,1094.44,1085.78,12.5965,540.156,610.997,726.919,914.097,1110.4,984.266,610.897,458.9,164.98,180.5,239.451,116.235,491.756,893.842,1260.11,989.024,973.36,707.757,266.335,393.988,826.452,939.708,587.281,800.176,1121.82,1571.15,1259.84,555.621,62.6441,36.4084,287.204,160.206,10.9668,87.3454,198.772,579.972,678.816,601.296,96.1342,74.1168,338.411,925.374,1399.52,671.351,8.98404,53.2957,241.774,74.3862,42.0528,13.1246,280.963,383.734,296.723,103.081,24.1992,269.503,892.68,971.684,514.378,127.759,1224.19,2447.97,2012.17,752.878,827.837,1079.3,1171.42,1575.93,1701.07,1682.09,1309.79,425.344,149.3,296.927,1269.67,918.523,656.547,763.421,601.532,821.444,383.186,242.912,133.689,60.6803,297.272,334.771,268.746,204.521,161.149,170.681,64.4577,26.2352,250.62,913.627,788.03,317.452,52.8909,98.9639,132.519,151.099,221.811,234.177,212.067,447.964,547.075,278.64,186.794,677.473,386.249,139.011,205.091,166.139,175.519,119.691,149.648,392.011,1546.83,1805.77,1076.43,374.503,404.626,474.567,611.617,450.517,449.111,979.324,1407.97,1422.76,827.615,253.199,160.921,171.663,139.155,393.226,76.5398,35.5474,54.3909,140.951,234.47,367.03,229.454,11.2126,332.196,399.483,111.07,166.056,251.097,190.09,79.9339,211.068,98.8549,62.5724,882.412,802.163,584.307,433.871,228.692
139.691247166,599.229,414.538,87.8414,52.5556,48.0337,85.8234,70.0492,75.1656,519.358,360.03,195.317,357.956,365.995,86.3973,77.6215,341.109,82.6436,70.4188,173.228,56.1713,314.933,1349.72,1254.81,98.9768,727.312,509.919,687.715,1399.78,1252.19,1124.07,527.143,399.258,423.533,447.005,258.515,104.227,551.417,925.941,1471.42,870.516,999.195,954.349,311.248,366.755,984.936,1021.53,773.79,1029.21,1421.41,1415.71,1385.9,781.229,84.8037,60.8853,388.981,144.195,3.90011,80.8648,141.718,600.866,1303.31,1114.64,214.585,147.831,191.879,998.615,1520.7,859.796,83.9692,181.007,356.587,54.5478,56.9279,24.1944,279.212,330.359,401.715,38.5834,57.779,233.139,1035.73,1298.64,409.019,257.043,1632.44,3223.84,2199.65,744.564,844.475,1267.82,1235.54,1436.7,2075.3,2244.16,1746.02,642.363,80.3773,443.127,1502.29,789.818,678.217,628.551,828.128,1159.82,321.385,264.07,220.863,122.237,214.026,367.765,199.612,222.311,342.403,163.633,65.9958,44.0554,314.717,870.28,906.264,440.309,71.4536,84.7441,199.153,237.85,333.385,321.443,103.517,545.158,725.664,282.782,127.061,791.325,714.355,342.112,242.976,109.725,254.543,171.915,173.945,235.219,1642.04,2157.49,978.013,606.245,647.099,446.84,606.523,605.832,398.529,1138.42,1531.67,1422.31,1095.39,354.473,147.899,284.591,378.525,658.032,120.709,60.3881,42.2811,116.157,293.403,559.781,411.584,89.6282,499.586,487.337,104.344,180.319,408.367,192.586,38.9513,159.578,160.735,151.111,1030.01,750.702,655.363,537.451,278.948
141.177324263,519.053,453.071,53.7424,60.3793,18.0573,85.7008,79.7495,127.628,563.875,393.47,156.344,431.211,416.726,60.8166,53.833,417.471,159.932,141.99,325.048,57.1835,356.305,1416.85,1340.94,330.957,905.612,410.308,606.714,1900.37,1175.56,1083.95,508.377,328.382,889.654,884.363,326.29,130.597,574.484,754.62,1612.34,617.928,932.367,1200.12,279.591,318.496,1004.56,998.112,800.272,1185.14,1509,1096.14,1297.6,993.554,158.331,126.284,509.08,126.663,2.63269,69.7527,91.896,573.593,2067.45,1852.37,470.886,226.986,79.7184,962.974,1408.68,1020.77,255.417,402.158,533.866,33.3551,100.659,114.729,277.591,220.826,532.319,11.1219,127.683,142.455,1142,1573.62,256.574,405.443,1986.32,3647.05,2196.89,561.5,785.548,1255.31,1141.44,1072.65,2226.38,2516.47,2015.78,878.088,25.9773,615.422,1734.53,513.337,652.582,432.195,923.244,1573.69,267.692,318.338,387.021,232.41,109.328,376.029,140.117,230.051,588.152,215.894,92.4564,136.471,484.396,675.033,911.645,618.948,67.8177,81.8383,247.027,289.125,452.525,379.083,24.1999,592.666,868.149,252.906,74.1178,817.934,1123.29,673.226,261.256,73.6562,309.713,207.925,169.121,103.36,1612.06,2286.07,732.716,770.372,961.151,328.476,583.87,750.99,240.518,1256.25,1415.78,1202.61,1308.58,430.734,100.06,397.987,737.191,1023.65,266.588,103.263,14.5299,100.13,278.479,791.32,646.646,249.044,653.776,542.679,83.4313,179.063,585.4,213.982,40.5541,80.7994,230.706,343.966,1146.21,562.857,640.756,622.239,254.513
142.663401361,349.595,495.48,20.7924,68.475,2.04318,76.7635,80.2148,165.134,587.216,387.705,91.3,474.628,426.998,44.4505,48.2408,463.931,300.885,273.36,494.399,116.96,432.618,1269.15,1309.96,631.059,1018.22,387.961,570.644,2358.25,899.724,954.066,580.571,363.195,1482.77,1478.8,490.967,237.561,519.865,499.567,1603.43,402.712,852.86,1389.2,199.328,260.854,893.115,864.572,665.034,1211.12,1368.19,705.737,1039.54,1123.35,283.348,242.705,624.107,130.693,3.82223,70.7336,77.656,564.684,2836.57,2673.78,869.474,303.876,44.5746,843.594,1094.06,1096.28,500.632,669.879,754.469,74.8903,190.643,297.729,283.76,135.927,663.213,76.3544,250.49,37.3047,1287.58,1743.65,121.689,520.396,2201.91,3563.4,2012.5,301.852,658.577,1056.97,913.682,625.478,2131.27,2395.27,2006.07,1111.66,39.0471,814.15,1896.33,254.166,593.889,253.146,909.788,1993.3,324.502,419.095,621.458,370.901,33.9878,366.792,137.633,260.083,851.75,337.426,181.551,341.038,748.177,408.749,854.214,813.94,62.2452,92.4377,269.724,284.481,532.54,423.144,1.9316,575.291,940.046,216.191,48.7249,743.411,1531.67,1085.05,293.784,76.9009,328.43,209.584,141.353,33.2,1489.4,2174.91,436.91,827.9,1290.41,221.454,583.951,872.745,72.8162,1326.64,1109.4,861.725,1391.9,479.126,42.8867,488.132,1139.62,1441.59,511.388,167.738,0.723415,93.0515,213.237,1027.5,871.886,446.477,762.599,538.375,66.3479,168.206,754.225,290.613,74.283,17.735,295.743,609.794,1196.4,324.223,557.104,652.771,177.766
144.149478458,176.169,529.517,24.5524,80.1407,2.27524,59.5287,74.5809,169.999,574.077,359.123,35.6966,469.858,407.428,34.5757,53.8458,491.464,461.051,433.915,653.378,237.888,492.69,985.005,1130.95,882.081,1049.47,423.885,645.74,2727.32,576.283,832.482,730.218,535.753,2078.62,2107.93,763.124,413.651,408.885,276.986,1412.38,369.816,863.971,1471.64,121.284,190.023,717.67,638.33,442.009,1085.49,1071.07,359.279,696.974,1139.46,425.916,378.208,712.197,168.376,9.31649,93.1417,102.426,632.367,3446.79,3368.02,1296.87,388.263,102.517,665.271,709.64,1022.14,747.091,940.972,946.125,207.436,328.595,570.389,312.825,139.125,720.466,267.431,466.468,22.5146,1532.81,1737.7,67.9114,601.757,2181.12,3012.22,1694.9,101.821,468.902,767.533,623.353,237.436,1877.33,1902.62,1738.38,1275.68,150.7,1015.4,1927.1,154.293,534.525,154.774,863.829,2307.84,547.348,567.887,846.478,507.751,27.687,362.315,190.814,324.392,1090.24,511.436,326.791,619.943,1075.94,205.647,817.972,948.281,81.0726,117.271,263.993,224.943,552.099,446.945,46.1068,505.213,906.31,218.705,43.1997,614.613,1847.25,1439.17,379.27,130.65,300.775,178.564,98.2298,30.0825,1330.83,1855.16,211.443,782.588,1564.08,225.532,628.001,951.81,11.6418,1339.75,740.768,523.251,1308.19,505.318,7.95449,539.128,1458.34,1827.49,806.08,242.852,25.5735,95.7451,148.974,1231.02,1029.4,577.498,829.293,455.246,66.646,168.404,905.381,399.818,123.323,1.56861,374.905,871.033,1121.28,152.614,465.019,588.907,103.824
145.635555556,72.1624,540.227,89.237,95.7734,14.3532,41.0094,60.8277,143.53,516.4,328.584,18.9736,411.842,367.766,32.5536,67.7503,498.253,575.697,584.179,752.685,389.283,501.25,643.254,867.567,955.241,1001.89,455.843,836.709,2962.79,415.128,758.592,885.898,820.296,2507.89,2593.97,1083.48,599.187,300.146,147.172,1087.34,536.914,1035.21,1436.26,76.9116,128.802,512.012,405.117,207.17,860.503,722.471,125.803,390.532,1026.94,545.268,472.611,758.608,235.972,22.0154,120.969,158.933,803.678,3712.39,3740.51,1607.04,463.252,229.326,475.057,372.605,810.818,904.446,1148.68,1037.9,398.114,510.347,862.605,395.947,218.788,675.502,538.258,792.141,250.671,1836.84,1533.5,117.502,682.608,1863.44,2208.44,1332.21,13.6661,275.378,481.61,347.626,27.4039,1578.28,1211.28,1321.89,1293.83,353.016,1170.52,1792.52,254.005,500.44,159.675,835.43,2441.98,890.887,717.397,984.11,605.608,98.1543,363.706,269.301,420.498,1237.09,707.445,471.965,885.888,1406.46,198.132,839.175,969.665,127.892,154.765,234.86,135.854,513.696,431.505,139.038,409.329,752.256,307.463,38.3506,529.331,1964.47,1595.92,533.659,222.643,229.089,128.361,57.4624,72.6171,1149.12,1441,111.716,673.309,1728.56,375.255,693.109,973.858,126.974,1273.53,449.807,278.927,1085.09,505.507,17.4873,542.903,1580.48,2082.7,1061.68,313.001,87.3901,111.382,146.227,1341.7,1089.47,573.461,834.441,343.069,69.5652,218.725,1018.22,485.322,176.556,47.5818,474.214,1012.33,942.762,107.392,398.237,455.195,58.1492
147.121632653,56.9044,514.042,214.967,118.324,25.0198,27.727,40.1267,100.539,423.342,300.68,49.351,316.732,310.694,40.8169,86.546,482.236,591.119,680.692,752.636,521.005,433.822,346.144,584.546,816.521,885.103,434.913,1067.9,3020.37,557.628,726.646,942.954,1124.12,2642.04,2757.72,1373.79,710.14,228.853,121.104,719.921,786.162,1378.41,1307.91,63.1183,104.58,311.183,220.584,50.9209,596.347,423.104,24.631,192.654,807.265,610.107,471.227,766.184,305.032,41.5229,139.558,226.259,1008.67,3580.76,3639.16,1703.86,503.447,358.479,318.754,161.84,526.111,919.159,1215.9,1006.68,565.633,703.161,1089,519.334,321.644,557.291,771.746,1196,818.169,2093.06,1173.31,245.539,767.983,1330.45,1390.12,1000.65,29.6521,126.778,267.543,144.637,31.1962,1307.41,581.851,873.756,1152.68,578.126,1207.56,1527.23,469.299,492.913,230.521,840.484,2366.97,1215.52,814.508,976.084,641.75,208.292,359.077,331.908,519.335,1238.91,876.469,545.161,1054.87,1663.05,413.69,900.927,878.692,180.141,195.261,192.59,62.4014,415.855,392.065,221.838,313.094,515.508,489.592,43.5181,566.964,1822.66,1503.78,723.047,313.638,140.349,76.0793,28.5042,124.515,946.251,1044.35,111.523,563.19,1756.73,614.275,730.209,931.255,388.313,1125.38,299.688,164.731,792.09,472.859,69.2236,499.715,1461.75,2137.77,1184.19,361.242,161.677,140.943,225.511,1327.7,1035.49,436.959,776.512,255.929,63.4698,339.028,1078.64,491.319,220.205,153.079,585.265,952.537,727.951,154.414,371.37,313.996,37.9533
148.607709751,87.977,466.118,364.461,142.691,29.4136,18.1818,20.8018,64.2288,303.452,283.138,95.3258,223.91,228.554,61.9913,114.958,427.592,510.872,675.796,665.027,567.801,317.922,157.103,322.301,544.415,733.022,335.801,1229.42,2899.16,938.963,715.551,841.661,1311.53,2459.62,2519.4,1539.46,695.865,194.217,175.924,387.908,981.951,1776.45,1161.45,51.7449,117.55,150.577,105.853,3.90032,365.205,224.466,10.6912,102.663,556.609,590.612,377.143,725.778,360.213,54.2224,148.31,279.555,1114.12,3148.23,3042.4,1576.66,484.552,433.939,221.491,79.6175,261.401,799.861,1100.33,876.756,623.12,860.9,1175.05,640.318,391.327,400.251,872.415,1596.18,1654.74,2210.65,748.186,389.94,821.931,766.835,733.267,731.907,95.5833,47.6825,135.286,37.7953,178.859,1118.18,190.171,483.473,916.118,707.386,1119.71,1171.54,664.374,488.784,299.977,850.307,2116.6,1354.89,822.292,817.334,615.762,302.25,329.852,352.451,555.116,1120.99,935.215,526.028,1060.93,1799.08,749.53,945.581,722.23,200.385,229.486,152.139,27.611,287.486,340.247,239.206,232.342,277.93,726.921,110.526,719.747,1460.44,1201.67,877.385,371.108,64.1714,39.644,10.7757,155.466,722.943,724.356,142.2,518.857,1617.91,852.697,671.424,854.055,653.745,927.726,269.301,132.778,526.191,395.46,144.155,404.796,1169.59,1958.23,1136.91,366.58,222.163,172.32,353.182,1205.78,868.977,233.198,686.767,214.125,55.4095,496.548,1084.9,404.555,240.281,290.367,684.817,710.377,529.286,208.991,394.843,212.304,27.4676
150.093786848,82.6,458.93,461.432,157.046,34.1339,16.4038,7.88788,38.9344,191.353,268.571,119.557,147.685,135.653,92.508,176.089,303.909,423.548,492.804,605.452,426.327,263.53,90.7887,95.2637,278.637,614.136,159.079,1381.75,2473.62,1375.7,749.338,572.731,1335.27,1965.71,2009.77,1473.46,606.95,164.211,283.084,134.659,1080.42,1980.24,1090.96,22.9872,150.761,55.2032,43.5247,28.8288,196.461,144.84,18.407,81.101,349.936,478.001,263.189,581.219,437.834,46.169,160.028,322.702,999.098,2637,2074.87,1308.53,408.725,414.932,184.315,102.386,64.0187,670.243,773.154,732.583,517.071,983.655,1033.02,758.616,351.999,276.051,771.493,1964.57,2437.42,2193.86,348.107,518.516,761.78,373.496,316.809,492.569,158.831,12.8992,94.5667,18.0606,295.15,1057.51,70.4322,190.833,731.512,585.025,1028.93,711.38,813.268,403.437,358.999,735.875,1842.77,1176.06,779.099,522.78,584.978,304.422,298.051,300.337,519.102,892.181,876.709,406.037,940.516,1745.68,1084.75,879.858,582.949,143.419,285.023,104.237,17.113,201.203,244.503,203.593,165.415,97.0581,1033.1,323.243,817.673,1074.1,705.407,1038.24,328.177,36.8004,19.772,0.128851,172.818,482.379,513.499,144.399,519.245,1337.48,1016.55,488.018,774.377,744.26,741.427,285.909,123.251,332.749,272.658,218.757,267.556,849.344,1523.84,1004.79,283.088,283.071,175.56,446.325,1076.25,582.004,58.3719,661.003,184.692,38.4659,649.106,1072.91,248.219,219.128,392.2,808.288,353.24,404.922,197.2,472.836,146.266,13.9402
151.579863946,30.361,513.888,467.602,156.717,46.6227,24.9755,9.07271,19.5847,118.157,225.129,118.658,87.2604,69.4156,111.787,284.322,158.315,357.047,229.397,584.733,188.926,324.636,133.019,16.8212,133.977,579.698,48.4112,1578.12,1785.44,1674.35,800.013,311.246,1141.21,1360.17,1425.45,1159.93,565.702,126.762,413.212,14.0843,1081.67,1835.82,1114.91,6.90913,158.349,20.4355,16.4831,73.03,90.4169,141.096,13.1482,87.195,238.594,359.649,173.889,357.387,533.445,46.2185,226.967,354.036,796.79,2115.53,1095.26,1061.55,284.367,330.98,164.49,223.462,7.75942,596.526,366.931,622.298,328.685,1023.67,725.586,842.896,221.866,198.72,538.499,2245.32,2829.7,2039.88,110.316,617.211,551.567,197.284,145.532,280.845,187.919,20.1996,131.259,37.1402,271.444,1107.27,221.835,35.352,638.834,268.822,984.862,277.656,891.665,257.637,400.301,461.446,1620.45,793.849,697.755,229.532,565.884,209.474,290.94,179.445,460.615,567.128,772.08,210.765,767.528,1481.47,1317.28,674.127,480.908,47.0923,358.131,81.9723,17.2916,163.744,124.924,155.509,120.045,57.2968,1400.18,760.545,736.735,750.495,243.236,1170.44,250.103,41.9995,25.6525,32.8891,180.208,300.808,433.422,116.435,443.717,1057.53,1018.58,276.241,674.037,621.095,581.711,269.464,92.9066,217.103,149.34,254.226,136.332,592.503,957.225,847.03,140.168,345.429,152.249,479.636,972.684,266.49,41.8832,726.054,179.993,15.3787,799.382,1086.77,88.6017,157.774,451.595,943.369,75.0039,371.31,136.406,570.189,100.727,3.08856
153.065941043,1.40001,609.368,404.729,133.669,72.8903,45.271,27.7975,4.88897,78.5358,156.491,102.012,48.6444,45.6705,120.331,437.326,64.4147,322.432,38.4133,587.74,37.5479,515.94,285.635,160.803,172.374,691.642,222.376,1775.34,1043.43,1728.98,906.849,219.359,830.087,826.046,927.276,759.751,641.629,134.363,561.003,50.0442,987.163,1413.73,1154.47,70.3081,140.495,11.1506,10.1229,98.8393,28.6269,163.727,37.7042,111.416,248.278,316.795,142.063,135.885,632.292,127.496,393.511,394.116,694.49,1683.78,448.196,921.769,182.135,263.099,149.212,420.573,135.701,582.163,95.7298,567.328,191.395,976.33,378.035,865.495,88.8401,154.403,330.822,2364.85,2669.32,1790.91,90.8401,661.796,297.687,157.912,160.761,126.86,188.292,89.6819,231.052,83.7061,171.67,1211.89,534.659,12.4221,652.316,24.2687,963.607,28.0739,912.539,122.342,440.178,159.675,1455.28,449.295,591.389,72.0749,571.618,103.641,310.355,65.6949,392.861,255.972,655.886,45.9867,571.702,1097.53,1352.66,408.234,404.262,0.431959,426.38,103.648,23.324,164.622,46.1422,143.1,111.322,204.668,1803.1,1386.79,514.711,523.243,12.3526,1238.64,254.015,75.7583,94.5217,158.322,198.469,253.574,467.348,118.999,295.113,837.348,906.634,109.676,548.85,383.349,440.915,203.025,45.3554,154.335,68.2036,234.209,51.5538,444.238,447.5,678.979,24.8381,405.919,118.089,485.684,899.108,64.3742,226.72,885.648,244.783,3.87896,980.056,1158.83,14.2912,108.139,497.311,1087.94,17.653,422.505,127.318,667.212,66.579,2.76571
154.552018141,74.5054,683.328,328.038,86.5201,119.981,78.0249,52.0566,0.0784991,56.1458,87.6485,84.0293,33.3138,63.5836,152.816,579.748,81.9761,328.406,16.7293,615.833,96.2747,805.913,563.466,497.027,397.934,977.651,764.116,1937.42,449.198,1617.27,1079.98,342.159,577.473,483.184,626.599,491.239,788.476,240.048,715.486,236.359,827.613,891.009,1136.76,211.656,135.036,2.87009,17.0183,117.481,2.31619,195.916,129.462,169.004,347.696,390.852,191.642,11.8457,694.922,343.513,663.67,486.577,807.245,1437.05,259.533,905.906,202.521,266.657,165.4,629.764,429.605,633.941,77.427,552.86,204.53,892.476,114.387,843.353,31.2682,130.744,263.176,2263.79,2068.1,1473.94,263.97,668.64,131.352,163.022,261.675,83.7895,195.608,246.432,347.793,147.841,96.5744,1338.76,905.939,127.18,736.88,57.7267,939.645,45.8213,932.116,75.6002,471.634,9.06466,1320.27,328.264,522.799,108.71,602.238,91.751,341.689,31.4052,340.569,55.4391,533.174,17.1346,392.777,691.436,1195.82,187.138,337.592,67.6576,486.37,160.012,48.5155,188.107,56.6991,187.232,155.488,524.246,2192.5,2001.43,311.063,392.11,72.872,1280.23,393.433,150.929,236.844,377.749,278.793,360.772,576.056,216.139,156.879,674.429,802.384,45.7533,398.667,182.662,299.238,116.94,18.7406,116.041,36.042,201.707,50.3305,360.079,133.722,509.522,18.3745,460.248,101.449,500.496,877.593,45.928,540.32,1136.83,403.491,33.5051,1194.49,1314.8,81.5292,110.37,553.257,1268.03,214.582,536.062,259.415,739.02,55.4171,12.7288
156.038095238,255.078,706.765,263.955,48.098,167.585,118.413,73.9066,6.51761,40.394,38.1503,73.4495,43.137,108.536,235.083,669.626,188.42,366.365,188.15,689.772,343.311,1096.64,953.876,922.536,787.81,1381.86,1490.09,2038.63,172.957,1437.17,1304.27,613.525,465.259,390.473,532.095,425.526,954.604,457.298,834.801,496.153,648.614,433.405,1064.9,353.301,145.141,1.06127,44.0221,131.165,17.0519,229.267,268.846,268.157,507.485,551.559,288.487,23.4063,729.419,656.28,977.95,679.195,1102.95,1375.65,438.402,982.3,384.499,346.92,230.776,797.603,797.903,750.635,263.796,565.088,387.39,807.636,33.6615,772.779,92.0968,135.092,336.786,1950.21,1312.04,1094.22,554.901,662.278,94.6201,180.535,374.027,131.897,238.044,452.61,454.321,213.09,103.526,1460.83,1220.72,364.497,845.651,346.552,944.7,295.966,929.174,177.932,495.46,71.2922,1219.01,456.161,515.143,312.991,655.372,203.96,375.747,106.592,309.618,0.995984,418.72,131.774,257.405,366.714,924.215,78.4488,281.823,236.236,539.72,228.062,98.9938,233.704,146.387,274.829,260.844,904.261,2495.54,2377.33,255.389,358.409,346.061,1303.13,650.313,276.396,434.947,644.13,436.55,556.292,725.157,413.45,107.898,579.447,721.433,112.282,270.854,67.0261,176.032,48.474,20.0663,96.2201,46.6578,182.693,136.117,312.435,9.76226,369.161,132.6,500.128,130.326,539.98,908.115,190.113,862.399,1441.55,624.582,124.001,1394.23,1544.62,286.01,170.089,645.663,1444.48,594.886,698.437,515.285,769.199,77.5441,34.4546
157.524172336,463.437,661.453,239.284,38.299,186.231,160.449,91.7408,20.5163,25.9259,11.6289,75.4501,67.8605,145.844,372.018,704.267,299.595,428.701,484.983,804.047,632.892,1306.31,1398.78,1268.43,1240.64,1806.38,2091.21,2018.74,245.737,1286.59,1490.46,901.815,512.937,440.689,561.325,562.844,1037.65,716.883,913.478,689.121,494.097,160.791,954.881,406.047,174.801,20.5004,90.1232,131.941,60.4412,268.376,397.664,385.817,665.492,738.445,387.982,126.911,760.747,967.416,1213.84,969.322,1422.01,1427.9,757.465,1075.16,659.089,455.181,354.645,880.957,1092.13,929.3,517.977,583.014,632.512,756.469,139.975,657.457,236.183,172.138,468.071,1520.19,651.732,740.371,791.577,654.183,151.638,203.848,438.239,233.794,333.012,607.186,546.343,256.785,187.183,1552.55,1389.98,634.737,946.545,728.474,981.998,604.262,900.174,407.578,506.405,288.379,1137.26,720.211,558.853,548.837,735.003,396.991,392.902,258.147,298.057,54.5915,329.747,305.174,172.312,198.509,617.261,88.0624,256.163,422.702,578.052,282.82,158.905,301.84,273.28,368.088,400.639,1204.42,2616.34,2381.33,400.194,404.305,637.035,1325.59,911.615,436.034,644.902,874.923,653.606,735.736,849.465,654.822,184.6,524.425,650.766,267.463,186.145,30.558,100.229,12.3802,31.726,84.3838,94.479,177.999,238.466,295.16,20.9697,263.604,289.225,538.664,211.564,560.658,977.579,415.752,1067.57,1729.2,840.444,269.425,1490.57,1788.59,563.076,263.691,767.085,1557.75,984.186,888.999,789.063,738.556,135.924,71.9267
159.010249433,598.358,558.761,253.439,54.7058,164.13,198.374,98.681,33.8979,16.3275,5.12964,75.1833,97.8553,146.882,531.666,734.812,301.249,538.931,793.106,871.914,854.652,1372.97,1738.2,1480.39,1531.68,2151.02,2350.96,1798.82,564.754,1187.45,1519.79,1111.75,623.268,512.02,589.923,761.659,1052.8,848.094,980.049,692.319,397.56,116.926,830.775,337.041,230.434,57.6708,126.853,142.35,92.2913,308.549,482.371,451.437,786.68,860.037,454.015,260.525,761.506,1171.21,1315.74,1205.05,1641.2,1451.39,972.241,1152.74,847.025,564.661,532.472,799.592,1265.58,1092.86,689.589,609.959,747.443,777.709,342.642,500.433,399.141,236.677,527.906,1090.39,263.486,458.799,848.775,620.399,244.362,245.892,407.946,355.584,466.913,626.921,616.775,263.253,286.248,1620.02,1354.45,825.382,1019.18,991.547,1039.13,777.14,853.909,652.551,503.343,519.813,1055.97,939.355,621.635,665.55,826.81,583.422,379.549,407.668,314.981,120.153,279.617,430.373,133.025,164.936,370.982,144.981,282.233,537.154,564.039,333.552,188.918,376.694,408.853,402.601,530.632,1353.27,2425.65,2090.98,654.019,499.411,792.748,1281.3,1106.91,572.856,785.197,1037.02,823.217,837.084,882.121,828.648,392.918,452.968,571.92,435.479,133.891,45.3079,65.7601,2.70133,38.0632,81.2424,139.899,191.715,271.584,305.235,94.5644,176.165,413.578,578.291,293.146,573.736,995.292,614.064,1141.95,1836.14,1033.34,429.103,1372.22,2043.34,764.804,343.349,909.891,1504.1,1243.94,1045.8,937.121,676.78,191.721,118.926
160.496326531,622.442,401.759,297.679,82.4805,114.2,219.303,94.2263,41.5998,11.4727,5.895,70.1905,116.837,123.24,641.704,820.934,167.996,721.755,982.885,845.041,934.464,1259.43,1856.15,1499.43,1535.54,2305.86,2193.8,1407.63,940.996,1099.68,1302.62,1185.55,665.568,542.941,549.01,884.357,998.545,755.91,1018.5,520.876,346.419,304.3,733.659,192.809,307.963,83.3306,149.418,166.616,80.9924,361.15,493.485,435.4,823.691,876.729,454.627,364.968,725.06,1152.77,1294.55,1209.97,1705.02,1345.89,956.215,1195.16,827.08,651.721,687.244,589.696,1268.94,1187.94,692.359,631.265,642.953,860.265,504.428,340.53,504.03,322.053,450.157,733.614,137.57,284.75,706.148,551.25,307.965,307.321,291.262,467.005,594.658,508.788,646.477,240.568,352.873,1644.36,1138.04,857.159,1045.73,995.731,1101.76,712.921,796.929,787.067,475.122,644.315,942.567,988.597,660.328,607.199,898.372,661.416,348.929,459.367,385.707,121.123,268.971,450.468,129.311,203.615,220.056,169.472,379.808,512.147,512.289,359.362,174.696,428.381,524.698,354.851,606.228,1309.72,1946.59,1634.85,852.408,612.543,754.047,1132.92,1181.31,632.843,781.265,1134.35,823.979,853.604,785.706,864.061,710.162,321.958,512.435,522.584,104.76,77.4269,58.1814,5.36739,27.0947,84.5211,144.691,218.825,216.891,329.628,179.478,99.304,473.676,595.937,311.922,558.781,938.745,682.803,1095.27,1683.56,1157.65,543.124,1066.97,2276.27,791.465,382.577,988.005,1282.38,1275.53,1109.35,896.928,591.542,208.876,167.964
161.982403628,564.826,220.414,353.998,103.54,69.1704,213.799,77.6881,41.6642,9.65384,7.82294,62.4114,117.815,83.9946,672.872,966.785,24.3555,966.944,987.494,715.158,864.224,974.402,1755.26,1281.75,1296.75,2170.48,1728.74,958.343,1162.95,971.112,904.909,1134.02,570.573,523.686,413.832,894.316,843.83,537.098,940.609,344.329,285.301,666.69,725.755,89.9806,378.008,80.0282,174.082,192.46,44.0662,409.467,443.084,339.382,771.589,767.824,404.126,390.909,640.344,921.504,1166.45,957.125,1601.18,1095.58,758.069,1131.29,662.566,646.71,776.535,316.056,1175.96,1122.98,569.983,589.134,418.418,919.119,591.099,184.317,544.559,377.512,296.196,446.155,165.827,220.57,453.23,440.09,312.712,365.349,149.622,534.586,674.12,316.533,614.458,221.333,349.963,1658.69,780.382,764.585,964.737,795.453,1085.09,507.616,688.821,805.658,376.341,667.15,732.563,901.63,609.341,459.057,867.819,637.297,272.489,432.32,468.168,80.3371,269.021,404.596,126.249,259.519,161.093,164.24,522.421,365.406,427.567,344.615,119.487,449.875,600.125,237.726,619.801,1057.91,1361.32,1110.28,893.027,697.075,558.962,895.015,1103.54,588.168,655.535,1130.47,662.73,772.734,598.108,762.308,1071.38,197.516,502.398,524.901,76.4237,96.4105,59.7752,11.6382,14.336,81.117,119.294,231.984,123.05,349.245,260.092,33.4571,487.644,556.864,266.517,467.333,839.613,574.241,961.821,1314.06,1157.1,575.755,717.293,2414.75,683.733,379.656,940.701,943.829,1095.89,1023.18,723.702,459.494,201.199,188.735
163.468480726,457.277,76.2031,397.185,116.849,50.9829,190.776,49.1221,38.9738,7.7265,8.91126,51.608,103.547,41.0924,640.292,1152.77,40.5204,1219.49,831.954,517.295,689.754,600.964,1505.94,884.439,942.805,1738.69,1183.13,530.297,1161.79,772.652,518.272,964.875,381.186,460.887,228.737,816.127,620.021,312.128,722.931,262.849,231.198,1135.5,829.668,123.206,411.476,60.3944,180.236,234.101,9.28891,457.353,339.708,215.876,630.053,589.701,301.369,346.632,492.828,612.058,926.474,584.771,1347.13,794.499,498.107,938.657,450.437,521.522,793.982,88.3555,1061,903.546,394.085,469.256,199.658,888.806,633.859,63.2321,557.313,341.246,157.749,234.593,238.614,199.288,231.674,301.055,263.82,384.292,45.0364,555.956,690.791,131.757,527.764,216.445,305.097,1642.57,434.099,607.548,775.751,512.318,946.407,296.013,536.39,744.833,223.54,610.744,467.86,730.541,486.479,296.715,729.403,532.931,170.769,358.286,528.742,41.1207,269.577,337.139,99.8119,306.957,185.66,192.872,636.431,194.328,309.34,297.948,50.4264,448.236,613.754,108.878,570.665,688.419,832.188,623.045,776.12,697.337,322.356,602.484,913.45,452.569,469.764,1020.1,419.183,611.728,404.577,568.7,1416.98,183.305,568.96,478.763,43.5814,97.8606,61.1967,16.7025,7.51376,72.4227,76.0117,223.537,42.3104,353.19,336.439,2.96699,466.121,465.41,177.901,327.255,699.697,365.109,743.164,900.085,965.199,573.984,458.082,2468.26,516.861,355.715,771.523,575.035,804.946,788.595,502.045,301.28,179.159,164.074
164.954557823,337.135,7.12842,423.103,132.755,59.1124,158.678,20.1303,36.6308,5.12784,10.0606,35.2921,86.0716,9.56128,555.37,1352.82,330.893,1416.43,590.987,309.098,484.911,267.732,1180.99,471.182,567.366,1186.13,700.709,218.313,959.383,567.818,266.926,714.306,183.595,374.447,66.764,708.688,383.858,138.343,478.031,251.623,224.68,1578.88,1086.04,295.937,390.911,36.5686,173.251,285.86,24.6335,480.699,226.442,106.709,449.803,387.944,184.954,249.759,323.732,333.83,626.863,251.274,1021.89,545.203,293.384,670.084,254.011,332.768,737.525,11.9369,945.172,636.089,213.34,320.534,56.6054,777.868,657.553,32.8744,527.328,243.692,60.7301,101.92,286.371,178.349,106.475,168.902,177.407,365.976,9.63027,566.443,627.189,22.4998,423.971,213.474,277.95,1580.11,231.275,445.183,542.704,249.067,729.037,156.044,394.849,636.428,81.355,492.776,239.975,523.57,365.789,177.527,521.626,390.444,79.522,266.469,550.487,41.8592,276.783,259.066,60.2905,311.203,295.016,328.564,663.123,73.4088,185.571,228.307,9.47653,408.305,601.223,18.1987,460.832,355.852,425.324,278.959,577.937,588.113,141.261,334.229,656.197,294.515,279.235,851.284,184.677,432.797,251.624,366.232,1685.86,385.527,706.591,401.749,13.8946,92.2538,53.1969,20.4351,6.46739,68.851,32.3933,198.497,7.17752,335.647,410.446,33.0562,410.912,346.945,78.235,193.961,533.373,155.198,527.868,511.794,667.684,554.087,393.302,2499.58,371.75,304.971,560.934,253.693,513.972,485.612,295.362,171.137,132.828,113.323
166.440634921,219.389,22.1371,441.444,159.283,72.5005,132.748,3.40081,30.3434,4.93558,10.5728,16.7733,76.2432,0.8634,424.834,1536.15,919.674,1457.81,380.189,144.509,297.366,85.668,857.445,166.082,275.078,698.674,355.518,51.7698,685.812,417.077,155.967,482.507,46.6706,262.625,5.36578,615.32,202.898,46.3024,296.893,251.658,260.511,1924.84,1486.46,496.38,339.178,17.3615,170.321,313.655,116.23,486.676,126.703,38.0131,285.815,215.955,80.7755,143.431,183.206,137.232,356.346,61.245,701.483,428.599,208.554,397.103,105.797,173.121,604.084,126.247,860.753,390.611,69.6462,208.956,5.81461,601.745,727.549,102.116,422.513,155.24,16.5601,31.9844,276.105,159.296,62.4995,81.3176,101.14,296.748,60.3845,600.958,492.93,1.99862,346.197,190.693,290.003,1513.03,202.682,301.088,352.978,84.294,475.415,123.444,324.293,488.328,6.49447,368.158,90.6534,333.477,310.866,140.908,294.698,263.676,26.7432,173.382,538.737,101.348,269.953,195.491,23.4697,258.802,461.37,611.413,611.794,16.9384,90.8816,154.337,2.87299,358.585,568.384,4.60395,325.466,133.564,177.481,112.035,389.937,413.06,46.4068,159.137,379.188,183.191,160.786,626.51,62.2368,294.359,142.785,230.693,1833.48,854.127,845.649,315.434,0.412253,81.5889,38.8059,20.694,12.1751,71.0378,11.9098,170.256,12.285,305.578,485.408,118.756,320.224,228.713,18.9621,94.9973,349.808,54.2014,376.91,202.417,391.371,503.305,583.286,2541.02,312.569,219.183,375.6,67.1593,268.15,219.689,164.154,81.7639,77.1162,63.5249
167.926712018,113.266,99.2859,467.65,187.698,78.5668,114.065,3.72283,23.0063,5.65495,9.86627,5.55096,66.7191,30.0822,270.758,1664.29,1732.36,1289.99,254.57,78.9505,161.537,36.1061,600.975,56.643,102.672,365.503,175.057,2.15902,470.427,344.5,136.626,319.595,1.37853,152.789,47.4805,542.134,151.455,14.3535,187.965,257.963,289.095,2156.35,1986.34,581.92,290.34,25.0755,144.128,324.782,277.666,458.138,62.423,21.514,173.425,92.3944,18.5388,63.6887,95.2574,46.4907,163.359,8.08794,483.762,439.085,212.531,183.683,36.3093,82.1868,416.097,410.642,797.056,205.995,17.6306,146.159,3.1301,466.281,816.065,235.178,272.306,117.935,7.71852,5.04882,219.838,158.128,74.6035,53.3292,64.0222,200.588,192.078,612.886,369.121,36.5977,281.889,166.602,329.965,1463.49,314.952,176.16,249.54,46.2398,244.65,166.192,319.212,342.094,11.6229,261.068,34.5214,199.842,316.06,202.218,112.469,185.893,12.0432,108.16,492.141,192.088,259.144,139.467,3.52932,183.046,618.832,1007.93,566.149,1.64099,48.8685,93.3092,15.3882,336.375,505.878,62.1609,201.535,40.0651,65.9827,61.6403,284.378,276.977,12.4218,81.2706,159.277,134.892,135.196,397.042,56.9465,213.222,89.0096,178.053,1852.19,1526.52,912.33,231.043,17.172,61.7281,25.4129,16.33,23.7212,75.7652,28.5573,149.68,31.8989,268.757,569.885,224.985,202.329,145.394,1.79602,44.0566,185.237,68.8621,304.48,40.1547,195.658,411.463,1015.42,2575.84,342.044,142.696,233.187,5.22227,117.444,59.2869,98.8049,38.423,42.1895,32.1958
169.412789116,37.8423,194.207,509.406,200.573,76.001,102.325,11.4121,16.4699,8.35614,8.26292,1.06506,57.8881,97.2082,122.175,1744.38,2602.48,965.437,203.502,116.351,91.724,50.9434,430.996,110.839,29.6252,190.261,136.235,3.1539,369.372,329.202,152.435,225.929,13.1891,75.5515,160.068,497.706,180.45,7.11612,150.357,287.948,245.151,2327.41,2489.26,498.322,261.258,65.8341,99.8084,312.66,447.968,412.789,34.406,37.3541,110.073,26.3388,15.4643,20.7159,52.8864,50.905,63.7338,21.9742,397.858,491.272,248.588,66.4123,24.9535,54.2879,228.02,788.565,748.099,84.1279,72.8241,135.264,5.07922,413.179,881.789,362.826,142.114,106.885,19.2285,15.1217,148.972,165.078,136.678,91.5474,48.6659,128.758,365.545,571.2,277.436,73.9799,229.105,163.738,337.635,1462.17,496.821,76.407,228.86,84.8245,93.5452,219.705,333.815,232.095,56.1912,183.016,54.9014,119.827,334.877,338.818,42.7294,152.894,14.5251,92.3399,429.922,249.379,248.051,91.8951,3.05726,117.618,698.758,1444.27,608.505,3.38477,67.9016,58.6507,28.2362,330.835,434.421,139.123,112.729,27.8306,30.8685,56.4019,282.109,242.801,6.41652,78.8688,32.9945,136.699,168.887,212.62,114.203,169.849,82.6745,170.786,1763.01,2243.77,884.034,150.886,60.0307,39.2414,14.362,9.81688,38.0025,84.2693,68.7316,135.743,46.2196,234.315,648.606,310.495,94.2682,105.276,1.4479,33.2187,73.9774,146.547,282.338,25.8475,90.1826,285.533,1541.11,2613.9,398.84,103.573,152.078,7.37038,48.519,4.43221,77.114,36.1452,33.2106,20.5022
170.898866213,4.73032,257.27,571.22,183.418,68.4246,94.4641,17.4516,12.06,12.4776,5.42182,2.11701,56.0037,170.609,21.3918,1832.12,3325.36,629.647,191.071,189.389,78.8897,63.0315,348.299,202.541,11.5185,134.09,158.778,6.6908,371.231,317.424,152.805,185.301,32.7618,42.07,268.402,474.168,216.784,11.5227,163.995,323.929,127.162,2517.72,2878.11,312.926,242.581,118.893,58.1084,277.323,563.893,363.617,25.7177,56.1497,82.3792,12.8216,54.2754,7.75152,44.8764,106.405,40.2312,42.5959,389.525,504.916,266.265,30.2294,26.7213,62.6117,104.434,1158.44,749.908,19.2131,181.641,161.596,0.386439,429.858,886.928,427.337,57.3272,95.8188,44.6922,52.1319,87.1448,163.518,240.774,182.762,45.7562,110.638,501.088,488.296,202.259,83.3159,183.049,181.899,265.808,1549.51,663.851,31.5757,255.831,126.536,22.7756,243.068,324.49,162.892,82.507,138.371,100.243,71.7336,334.379,496.837,92.4037,159.518,21.2324,120.731,357.81,241.647,222.398,67.2789,9.40574,79.2416,660.013,1853.28,768.688,22.9129,114.904,55.7611,35.3786,318.884,367.789,174.85,60.973,37.2439,22.5248,53.5332,334.103,296.356,18.4348,117.255,2.74669,158.783,195.724,97.1671,165.386,153.917,79.9178,150.935,1620.71,2806.48,796.047,83.1444,105.047,24.3727,6.91901,3.25189,51.5526,94.4626,107.431,125.85,45.2241,199.823,706.773,345.419,28.427,101.795,0.145104,36.145,23.6074,217.336,291.511,79.9669,41.9532,174.871,1927.51,2705.97,398.583,98.4911,123.001,17.3002,23.998,12.601,78.0736,51.3984,35.1774,20.0947
172.384943311,1.6098,265.342,661.678,136.28,57.4354,84.7328,20.6246,8.32098,20.0624,0.903229,9.6517,72.5936,194.973,3.68023,1994.16,3779.08,414.848,187.341,234.773,90.7249,48.025,336.921,218.068,30.1191,142.444,153.485,22.4776,434.058,273.146,118.912,176.597,33.6723,31.9023,325.358,464.668,198.376,41.267,195.682,314.707,28.3479,2744.98,3124.22,133.431,219.5,152.051,25.296,254.821,561.249,324.903,23.7089,65.489,75.6022,27.8735,100.354,24.8262,74.7511,151.435,51.097,55.4842,417.997,417.801,260.844,26.2685,25.0804,79.7217,69.5001,1465.54,871.388,20.4954,245.909,206.862,19.541,477.405,784.914,427.385,14.9752,84.1605,67.8916,96.2141,50.6333,161.888,364.687,269.215,68.8151,146.802,558.568,361.6,152.187,52.4395,145.189,183.236,139.035,1767.94,788.952,46.6185,278.739,153.594,3.02368,236.605,260.628,127.149,61.7618,121.528,113.368,39.7347,320.12,634.353,201.195,194.417,40.5096,164.563,289.204,177.418,173.031,66.4904,4.86493,72.9513,510.154,2214.68,1008.11,71.0153,146.135,78.5281,56.5191,270.593,303.891,148.417,40.7163,30.171,24.0451,38.2026,387.817,387.951,64.051,146.299,29.5715,200.554,179.081,45.8531,151.275,166.057,49.123,104.729,1442.99,3128.55,688.966,44.9561,117.904,26.1416,7.72681,0.338259,59.8194,96.7443,132.995,111.284,33.2333,155.459,749.87,325.097,7.93106,111.026,7.20862,45.1762,15.888,235.677,308.065,139.073,19.2432,116.926,2009.09,2903.54,313.102,89.1878,117.892,14.8458,24.5802,43.1016,81.4489,60.0443,38.539,15.436
173.871020408,6.10241,258.452,747.439,97.6361,45.653,68.6422,23.8103,8.23877,26.7158,0.354416,20.8483,105.08,169.12,53.1421,2211.96,4081.78,325.73,156.083,256.553,104.365,51.9362,318.866,183.85,65.1241,164.835,118.972,64.9206,514.452,226.254,93.1546,148.886,33.7724,26.1752,356.467,416.055,145.578,87.5772,235.005,238.463,37.7551,2989.72,3294,54.0242,161.951,169.938,6.56433,239.81,477.571,262.953,39.6584,75.5743,67.3449,48.5913,154.412,80.3878,130.223,164.758,71.4657,91.1966,410.687,289.084,224.896,39.0167,24.6437,81.1397,106.582,1815.13,1090.56,79.2169,243.937,256.671,90.8315,492.901,607.129,376.571,12.3861,79.2033,69.1398,148.414,50.6599,193.015,460.547,311.166,122.153,223.169,526.349,228.401,111.552,15.6033,109.669,154.875,76.7195,2064.77,967.96,96.4807,255.762,180.202,18.3054,204.852,175.558,96.0264,28.0559,108.41,92.8684,20.1451,311.516,738.591,302.749,231.247,88.0682,213.348,219.098,96.7841,121.673,61.112,0.229493,88.7205,335.821,2543.21,1244.63,125.372,163.112,111.59,97.2854,205.876,211.719,120.259,25.3166,14.7629,31.5668,14.4808,454.462,465.209,123.708,168.914,86.3085,236.137,152.174,15.8887,108.838,170.655,17.3494,68.6222,1200.12,3303.48,582.537,23.6496,110.217,40.4068,13.8097,6.32072,62.9308,82.6675,142.844,86.8539,22.5259,120.157,756.104,291.24,12.8987,117.971,38.9585,60.3873,32.9697,222.764,284.593,201.184,8.3712,72.3556,1951.91,3038.16,253.102,62.7788,114.776,14.2745,29.8438,79.7277,88.3496,47.3569,49.2069,4.37131
175.357097506,8.02143,252.807,830.08,96.9522,32.2355,50.0959,29.6967,11.6276,38.3111,5.59509,32.5298,131.473,131.419,113.146,2462.24,4339.59,349.83,97.0027,259.797,116.452,77.954,284.145,128.444,97.6707,178.317,82.6862,105.032,616.643,225.596,96.8031,100.189,35.4388,32.0276,357.358,332.72,90.996,119.122,270.183,134.066,124.281,3313.19,3484.83,75.4769,81.2641,175.764,12.0582,219.91,357.796,184.186,67.1622,89.4584,57.2196,58.6611,231.756,183.1,183.135,150.306,91.6009,141.368,373.774,151.994,175.581,58.9829,28.6226,58.4341,217.065,2264.27,1402.02,148.649,201.097,285.482,183.321,486.279,384.017,303.144,49.7194,80.5624,45.3478,215.552,111.974,277.237,477.814,315.486,179.932,295.684,452.497,113.083,71.1901,3.86141,87.4204,99.726,157.855,2473.51,1220.8,132.249,213.917,190.097,54.3655,169.613,92.7773,65.4716,7.68482,95.4359,52.446,23.1532,336.549,788.772,351.398,250.394,154.064,267.373,147.808,45.4109,75.5477,40.8187,10.5927,123.173,241.652,2888.96,1397.82,151.909,175.115,138.84,144.45,137.17,127.606,102.115,14.4625,8.92907,45.2616,9.46189,547.972,497.327,166.672,183.99,149.923,261.036,120.763,4.89418,72.6746,139.906,21.3336,59.4608,996.339,3411.69,497.487,6.99749,101.621,57.5213,22.6399,20.5304,61.701,57.1256,133.574,65.6102,15.4713,121.724,726.697,250.415,34.0562,116.563,88.337,86.1161,68.7425,181.543,226.451,242.99,33.4625,25.9437,1921.11,3062.17,242.554,36.3901,100.094,21.9228,39.1759,120.318,88.9366,25.8442,64.0588,0.72502
176.843174603,7.4615,265.807,912.23,144.669,17.7737,36.3064,33.7457,18.9848,55.7242,19.8814,42.09,135.597,107.304,132.382,2728.63,4600.76,444.496,38.7113,243.425,118.208,119.788,239.186,70.7114,112.378,173.284,61.4937,120.291,740.484,313.145,122.904,48.6782,37.8225,46.7151,322.942,251.719,42.5199,122.762,278.963,66.9733,217.051,3758.06,3771.85,142.637,25.4909,157.755,33.0217,208.278,228.535,112.158,86.15,103.299,54.5113,55.5758,335.457,327.998,210.334,115.895,104.333,181.551,319.352,49.0809,130.394,65.8469,36.5663,25.6904,386.104,2807.46,1800.26,179.104,155.469,270.665,255.007,458.254,182.596,221.364,101.599,91.0315,12.6682,296.706,256.822,405.497,405.609,285.032,219.913,331.37,364.249,36.8372,40.6183,15.2671,78.6382,51.4309,413.316,3017.38,1521.67,120.817,179.569,172.929,95.5752,134.67,35.1015,39.1119,5.44705,86.0045,13.8685,55.6353,416.843,766.201,323.379,247.231,206.712,308.887,106.932,24.0594,36.7057,18.5758,32.8349,176.505,341.99,3266.54,1424.06,141.017,176.646,143.255,190.131,79.6744,73.7533,89.4479,15.4729,22.3557,72.8822,62.7441,659.939,468.015,175.908,186.457,189.303,267.552,98.7746,7.41769,46.2315,86.1851,73.1664,79.7312,990.138,3498.78,442.805,3.26556,89.8627,67.2962,37.4524,39.9272,51.6192,32.6961,105.626,62.1454,13.383,181.926,668.592,196.592,59.7908,103.409,137.489,122.514,106.751,123.524,157.679,238.135,111.356,1.00756,2009.89,3026.61,235.372,28.2526,72.736,32.4777,60.7481,150.85,80.997,7.4545,79.6619,20.0316
178.329251701,11.3382,302.944,991.86,228.373,7.94595,27.9235,33.1795,31.187,75.5467,40.736,47.0451,116.749,103.929,105.768,2952.9,4861.51,566.194,17.1759,203.652,108.043,156.459,198.715,24.4734,102.73,150.629,58.4167,120.108,858.835,488.306,162.792,12.1887,38.8357,58.537,268.372,187.218,11.6351,100.638,253.743,69.4358,291.139,4267.52,4154.24,219.276,25.0178,120.258,56.4804,189.497,131.661,56.6839,82.9997,112.617,62.4194,54.1461,452.993,487.022,206.112,73.8241,104.83,190.167,263.09,4.77344,90.2548,56.3076,44.2085,6.33521,587.379,3374.79,2240.59,160.748,135.579,213.996,286.596,393.191,56.1719,151.409,129.46,109.262,1.58293,387.924,470.485,539.592,279.486,228.242,225.839,313.576,281.973,6.70742,21.8018,32.1406,79.1643,53.1806,819.202,3639.15,1825.46,71.13,158.771,134.283,126.608,101.645,6.74429,23.2506,14.0926,78.8101,3.36979,118.959,536.501,677.456,231.429,220.919,219.788,325.192,103.02,19.9138,12.3809,4.8276,55.3619,246.046,690.206,3630.63,1352.7,101.299,163.42,121.226,217.2,52.6254,48.1482,77.2212,31.3746,53.3111,121.741,199.426,762.688,387.412,148.508,175.075,184.393,255.692,85.9729,13.1281,27.0864,39.7401,151.27,142.441,1259.78,3583.71,424.268,17.7909,73.1172,64.5071,55.2106,57.5024,36.5538,14.5891,72.0022,78.2616,23.3043,292.484,596.312,129.259,75.2038,83.0614,164.713,169.281,123.858,72.3476,88.1482,197.177,218.781,44.9186,2230.58,2976.58,199.824,45.0653,43.0371,39.5446,90.5353,164.431,65.6324,0.609242,92.2452,70.7999
179.815328798,24.2368,353.979,1065.65,313.992,7.22177,23.9275,27.7892,42.2431,97.4068,63.4761,41.4779,86.7669,112.789,70.7501,3059.68,5047.56,708.208,39.0587,155.012,84.5882,166.617,171.574,1.26832,75.4504,117.136,69.2152,134.168,921.283,704.011,212.66,1.19298,34.6398,62.6775,197.112,153.329,4.73596,57.3402,212.19,119.934,384.318,4674.44,4549.52,316.722,68.3875,80.9539,66.7271,159.393,75.8271,24.358,58.6912,112.944,78.9401,73.7056,555.984,617.594,181.324,39.3615,90.7036,165.134,213.568,8.99077,61.883,32.885,51.3194,11.4082,796.666,3827.98,2641.79,135.278,146.095,137.585,268.652,309.486,8.25649,100.377,113.707,134.161,37.5819,476.928,693.78,634.77,154.356,165.31,190.287,251.95,217.237,7.47858,12.4511,36.0998,92.2769,120.355,1291.82,4202.16,2076.28,25.5191,148.85,85.0959,131.213,79.7583,0.903696,14.3799,20.9775,75.2815,32.5071,207.328,653.628,539.134,120.384,180.22,184.007,310.602,126.762,19.4631,2.9379,0.577074,63.7106,333.028,1239.07,3879.02,1249.94,52.0753,146.158,78.4872,218.795,55.7062,40.6484,62.2577,52.5887,91.817,196.722,404.661,822.504,282.86,98.8616,151.342,139.841,226.047,78.5666,13.6003,15.6814,17.0443,214.553,264.537,1749.63,3653.95,444.074,38.4357,57.9527,46.6115,73.041,69.3134,19.4748,4.5675,47.8317,101.123,52.8716,420.203,526.271,61.8602,69.1522,63.7965,154.749,218.168,118.5,35.6882,32.1693,149.271,298.716,188.281,2525.58,2915.58,149.959,70.4752,23.4812,36.3438,125.371,157.867,46.591,6.10886,103.086,141.317
181.301405896,47.2378,412.719,1101.59,375.993,15.3534,22.7431,19.4025,46.7739,113.142,88.0295,24.8325,59.4776,114.946,76.9559,3000.27,5040.17,884.371,85.1451,117.631,50.9866,142.292,154.604,10.6433,46.2892,83.4587,88.4493,173.336,896.101,889.453,267.319,11.5145,27.7535,51.355,133.068,130.074,20.9671,17.6042,172.568,175.7,541.118,4790.06,4814.78,477.159,115.873,53.1705,53.5187,124.142,52.473,13.0752,28.2571,100.09,99.623,123.455,608.207,681.558,156.982,22.3332,64.511,118.105,179.419,31.6892,43.5843,9.85795,56.2254,38.9432,994.788,4017.37,2880.24,177.252,174.54,66.5738,211.229,232.269,11.4394,68.204,68.6931,156.365,117.044,552.946,850.482,651.662,78.5602,118.036,121.216,172.464,173.675,17.21,7.23382,25.6179,115.493,229.196,1721.86,4543.39,2201.17,37.6214,142.705,39.7147,106.067,71.9607,5.8205,9.55159,18.2719,78.7208,85.4427,302.286,724.258,381.583,39.0874,131.426,116.555,270.989,161.255,16.6525,0.912392,0.0608095,58.8844,435.593,1804.25,3939.47,1156.61,27.1455,126.916,37.9951,195.969,76.2265,37.6434,47.186,61.7709,128.712,295.582,609.37,820.139,187.88,52.2767,115.964,80.7136,182.735,73.5373,7.47351,11.6612,13.216,233.646,452.734,2274.74,3657.21,511.174,52.9444,45.3322,25.9029,80.5657,74.9303,5.47046,3.10496,38.5799,109.709,106.76,527.927,463.847,14.9667,48.0333,44.5137,121.209,248.796,102.581,14.5556,4.70481,112.982,303.458,419.964,2783.32,2800.2,136.162,85.8197,15.8519,30.8269,151.643,136.334,27.0465,19.3099,115.901,203.492
182.787482993,74.5096,464.993,1064.07,406.427,28.6346,19.269,12.3044,40.7412,124.688,99.5273,10.7623,41.5035,96.4753,145.453,2780.34,4716.94,1102.09,142.912,88.6949,26.6235,90.2861,144.33,44.7214,29.54,58.5934,113.647,212.622,798.596,962.779,329.713,32.7116,18.2972,33.8878,75.5602,114.003,46.7706,1.62087,141.82,209.693,729.448,4558.13,4756.41,727.254,150.349,32.0256,34.9522,80.2346,49.3331,16.4156,8.27141,74.7039,121.004,181.182,599.696,653.061,151.338,22.1264,35.7645,74.6043,150.77,50.3395,31.1708,0.805857,56.1824,87.9693,1137.32,3851.69,2869.67,316.453,200.513,23.0076,153.155,164.459,32.9554,51.6867,25.6819,159.791,215.536,602.898,866.857,602.218,60.1012,87.1718,54.5143,103.53,135.665,26.2916,3.89157,15.0906,130.647,349.574,2020.31,4477.97,2195.41,122.382,127.009,10.3503,73.9169,67.5743,12.731,6.23496,11.8332,81.1282,137.556,394.12,696.549,255.519,4.09621,79.5863,48.5591,225.418,180.927,15.2707,0.563394,0.0623624,54.1142,526.372,2207.97,3718.35,1110.6,47.925,100.045,15.5272,166.4,92.2386,32.7612,31.7434,55.0412,157.028,386.95,750.919,741.937,131.756,25.5667,71.9651,33.2019,138.771,62.7831,2.5675,12.2432,17.6187,213.957,659.621,2639.32,3513.27,620.594,63.5719,30.8398,12.9318,72.8236,75.8479,1.34569,6.46176,37.2613,98.37,171.72,585.175,413.772,0.61462,25.2394,24.4472,82.223,245.262,95.0831,10.9673,1.96747,83.7709,246.651,673.871,2865.15,2596.13,191.6,84.4858,17.8288,31.822,150.629,113.857,11.6043,32.5111,124.102,239.073
184.273560091,92.9574,485.635,944.84,402.544,40.9135,13.7386,6.68218,30.5679,126.137,96.7021,4.27825,28.3282,69.888,246.939,2422.2,4064.01,1304.93,210.205,66.2994,14.3323,43.7121,128.192,85.9776,25.5911,52.4614,135,229.122,641.57,905.609,381.045,58.3899,9.11015,19.4529,33.0667,99.2841,65.8541,3.49165,120.189,219.609,876.57,3976.67,4331.9,989.028,175.221,16.9487,20.9339,43.9764,49.8976,22.909,1.06096,52.9486,129.117,222.591,526.272,551.402,156.89,33.6844,17.8038,47.2726,122.93,52.6836,23.2677,2.39947,52.4327,148.596,1169.33,3341.55,2605.51,502.685,209.721,20.2213,112.819,109.05,48.8567,41.9443,3.24817,148.204,298.237,595.036,747.64,499.239,82.0184,71.8772,18.3763,55.3649,99.7365,29.3183,2.40407,11.1909,126.169,450.869,2087.12,3984.42,2050.34,245.061,102.326,1.80457,49.091,57.7562,19.2677,3.60129,7.79225,76.8546,175.276,447.275,589.785,167.294,2.15701,42.6088,8.47935,173.537,185.061,15.5918,0.712811,0.2165,53.2439,583.911,2312.08,3226.81,1073.19,104.256,73.741,14.1073,136.093,91.9364,24.7951,18.6435,38.8109,166.15,442.728,783.794,606.341,108.814,19.9524,37.0979,7.53863,94.9833,54.8236,2.62239,12.6173,22.242,176.682,802.856,2721.59,3164.54,733.754,75.5614,17.566,5.23533,58.4508,71.3293,5.12362,11.4714,36.9525,74.9718,219.94,583.459,371.455,13.4456,10.9933,11.3922,44.6811,213.819,103.166,17.8079,13.3878,58.2779,172.53,847.424,2700.76,2284.33,296.493,76.2576,24.5676,33.679,130.789,91.4945,2.67886,39.1444,124.088,237.212
185.759637188,95.4442,452.85,768.737,360.679,47.6316,7.70032,3.23718,22.8526,112.964,85.2448,5.07051,17.6441,48.3082,322.388,1958.35,3201.68,1380.48,275.766,55.6451,9.42309,14.6512,108.671,114.301,34.2625,59.8958,139.497,206.829,459.409,746.396,396.22,80.9977,4.3361,11.7422,10.1761,78.3573,73.5522,15.9346,100.844,209.064,898.539,3158.95,3593.88,1148.83,191.701,14.5533,10.5187,20.546,47.2826,26.5353,2.31352,39.8344,118.374,228.795,406.811,408.303,162.909,46.4419,14.3851,37.5231,91.7718,41.2847,17.0693,7.88017,49.0079,195.814,1074.41,2594.54,2138.15,647.618,204.603,48.0166,85.4388,66.5306,48.2432,35.1602,2.28517,129.806,332.477,518.899,545.353,369.597,116.701,62.2787,11.2069,32.9291,64.7104,25.7352,1.92719,10.715,109.634,492.454,1892.02,3177.91,1767.49,343.857,79.7842,8.15434,31.1752,44.3701,21.4189,2.91756,6.89758,64.8764,190.003,435.419,445.558,112.597,11.6046,23.3735,0.519726,127.955,169.496,20.1461,1.58256,0.314176,54.8082,591.41,2080.74,2554.93,990.462,158.62,56.4215,28.2361,102.531,78.0716,14.7337,9.60135,21.7617,151.328,446.034,697.283,449.065,101.729,24.1019,17.638,2.62619,58.8801,47.7195,6.81097,13.7698,21.2382,137.938,825.382,2476.19,2636.68,789.048,87.9181,9.398,1.56222,41.4602,64.7949,12.8723,16.5823,31.9963,50.5955,227.97,526.244,330.757,38.4663,6.23361,5.9947,19.44,167.444,117.735,28.8172,29.9028,36.6687,110.827,866.126,2306.58,1880.17,389.712,69.9084,29.3148,34.012,99.6017,72.5662,0.648211,38.3342,111.09,203.271
187.245714286,85.0934,363.812,574.755,284.963,47.1438,3.29358,2.09693,18.6903,91.0889,66.4972,11.4229,9.97073,34.2803,330.156,1439.24,2296.29,1258.91,315.989,56.678,9.41793,3.1497,86.8737,118.543,50.4806,69.4405,123.698,148.279,290.69,536.941,365.721,91.9538,6.43878,7.41522,2.05076,57.9164,66.4435,33.0391,79.6505,178.616,757.876,2274.19,2678.51,1130.46,198.02,21.6342,5.32349,7.67745,39.1337,25.3123,6.58996,31.5912,94.9261,191.792,274.116,262.938,155.259,52.4557,18.4596,36.2327,61.5798,24.6399,11.0901,13.0374,46.326,208.087,867.213,1784.18,1570.08,666.968,194.38,74.9182,68.8439,34.5767,33.454,29.9782,10.3135,112.571,304.235,392.649,330.145,244.65,132.248,53.5434,15.6221,25.3801,37.3064,17.2464,2.40702,9.31391,92.1369,450.176,1494.88,2253.02,1380.33,365.925,66.1332,15.9223,21.3616,28.3452,19.4047,3.56275,6.24516,51.2992,174.704,362.664,303.279,79.8273,14.6536,16.0331,8.4412,96.1775,141.765,24.743,3.05791,1.53781,59.4008,533.167,1615.04,1824.14,833.115,175.364,47.4775,39.7613,73.6376,54.6034,7.47374,4.00089,8.81416,123.381,387.934,531.504,300.954,92.3194,25.0857,10.0119,6.85894,34.4879,41.1648,11.1369,14.6961,13.7897,106.977,719.485,1975.91,2005.34,743.536,94.1661,6.18491,1.92842,26.3301,56.3034,19.6273,21.0323,22.8651,31.2647,194.369,427.188,283.311,59.5316,7.20055,4.75739,10.6724,119.283,126.278,40.0861,39.1406,21.3265,71.2035,736.808,1760.72,1427.24,416.533,66.8833,27.2723,33.5638,64.6912,56.7851,4.39331,32.327,86.0196,150.834
188.731791383,65.8048,251.181,386.723,197.832,39.1504,0.736267,3.0208,18.6668,62.4593,50.6259,14.8469,5.72368,25.4523,269.629,934.825,1495.66,959.639,313.536,59.6183,10.3428,2.90819,65.6848,102.311,64.7134,70.5358,95.9637,79.582,149.013,349.876,283.968,92.9198,10.3279,6.56826,2.34371,36.6875,57.4342,40.9114,62.5652,127.344,516.463,1462.09,1773.07,926.945,194.924,26.3355,3.49922,3.49181,27.1,21.2384,10.3256,23.1536,68.8921,125.86,154.894,150.758,120.937,51.4612,21.1809,35.7163,35.9026,11.463,6.51644,14.3733,42.9553,182.863,592.643,1078.17,1012.79,544.164,180.467,78.8961,56.047,15.213,15.7035,24.6409,17.2153,98.6931,231.318,239.527,172.861,138.186,112.577,46.8032,17.8844,22.0152,18.396,9.30709,3.491,7.15069,75.0745,342.127,1012.17,1404.91,950.419,306.119,59.6179,15.9692,16.1409,15.8314,12.4154,6.26551,3.46632,42.0712,131.246,256.794,190.58,53.0433,8.98393,12.9393,16.4977,76.2917,109.958,25.3928,4.01528,5.31056,65.8151,416.444,1073.87,1166.25,603.889,152.09,42.9912,34.9926,54.713,31.2903,2.97606,0.916592,2.68148,96.6552,276.554,355.778,177.608,71.2162,19.4024,7.90664,8.54351,21.5756,32.6584,12.7245,13.6747,4.9766,82.9934,535.63,1365.52,1372.74,601.384,90.4802,5.18489,1.87462,19.4106,42.4116,24.3591,22.3038,14.3011,17.0059,140.553,306.84,226.504,64.8886,12.3538,3.5587,9.4683,87.1187,108.801,53.6864,35.9807,13.3118,51.5669,529.419,1189.22,974.1,364.937,63.2163,19.3415,27.401,37.5104,41.6881,10.3388,25.1294,55.2881,93.9298
190.217868481,42.2326,151.124,226.446,120.915,27.1844,0.178354,6.28535,14.6885,42.4081,34.3422,12.8062,3.89512,17.7825,182.119,519.025,864.082,610.083,254.85,65.3674,6.57868,4.5576,54.3663,71.1591,72.8179,57.1023,65.6639,30.6113,53.2797,209.296,178.851,85.9862,11.8335,7.2486,5.21078,21.4487,48.9333,32.9376,52.7218,67.282,273.918,844.195,989.286,652.664,164.657,30.8015,1.09228,1.95521,20.0983,14.6614,12.2901,15.9543,39.016,67.5639,69.9389,70.6923,77.4379,41.7316,21.7576,28.0977,19.1992,5.80824,2.84761,10.0842,41.4752,123.303,341.661,556.498,553.787,351.778,153.101,64.9869,40.8681,6.20989,5.98809,20.5816,18.3736,86.3602,139.346,113.415,83.8029,57.1902,74.3056,40.6781,15.2323,18.0138,7.48632,6.11788,2.21628,5.6665,60.508,200.676,593.903,741.111,563.838,202.981,53.1862,11.5227,9.07641,9.59924,5.67111,9.1069,1.39359,32.1945,80.812,153.245,108.706,31.613,1.91879,9.84227,20.3484,54.4255,85.6871,19.5027,6.83845,11.5435,62.7943,282.017,600.489,656.221,360.225,109.028,38.9207,20.6739,38.8312,16.0376,2.43828,0.23478,1.4246,71.7141,157.817,217.328,80.014,49.1757,11.1863,6.32419,8.27872,9.76302,29.4179,7.44588,15.3215,0.468026,55.1947,344.214,815.028,813.155,417.285,78.0669,4.59281,0.75612,13.9436,31.2414,21.8823,23.1612,6.77879,7.6693,88.1208,195.772,158.756,57.0474,18.1183,3.87103,8.01597,65.5382,77.2923,60.7904,27.9959,8.56892,49.4101,312.451,725.986,558.488,272.773,53.2143,10.1771,19.3735,15.6738,32.746,11.3475,21.7426,26.5923,43.7459
191.703945578,21.613,80.2999,110.499,65.4315,15.5861,2.86294,10.3489,8.91819,28.4613,19.1217,10.2798,1.47858,10.9424,108.021,233.748,429.376,322.769,158.817,71.5201,2.28776,9.45584,46.024,39.0066,73.9843,34.4165,41.5125,9.16405,11.4365,114.775,86.2194,76.5856,8.77643,10.2013,7.76613,12.1668,38.4966,19.3552,40.0831,28.7434,105.042,437.043,432.043,410.889,102.241,40.4193,0.169686,5.37957,16.6126,9.28467,12.2605,12.5744,13.8048,30.3116,23.8971,22.6466,40.3266,28.3378,17.6251,19.0498,8.86353,3.19711,1.50247,5.44301,36.2981,59.9236,165.063,229.791,246.973,177.551,108.42,43.4077,29.1941,1.5668,4.75151,20.9343,14.1055,72.9141,65.898,41.9953,41.6456,15.3196,42.6118,33.122,10.5246,16.2014,2.97307,4.7606,0.744302,3.58801,48.0763,83.4492,301.972,309.434,284.541,102.358,42.8232,6.70538,3.59662,6.20995,1.46527,12.7282,1.44818,20.3778,42.8688,73.2296,57.0235,17.4397,0.352792,6.21733,21.5279,30.92,66.3826,14.0994,11.2334,21.5408,45.6257,168.137,267.26,322.413,166.293,69.0242,30.757,8.48677,26.9169,8.17838,3.18914,0.172102,1.37644,55.027,70.7283,121.525,24.7485,36.7634,4.03147,5.27484,9.90173,1.45942,30.1691,1.25213,18.277,1.57398,31.1104,187.656,414.438,401.123,245.323,59.6492,3.75828,0.182463,9.49432,22.1684,14.7597,21.7011,2.3861,4.38632,49.1121,108.463,93.7907,43.0114,20.4791,7.07841,5.02921,51.4492,44.2541,59.4193,18.6313,6.75868,62.1048,140.624,407.801,248.19,181.84,34.9046,4.29879,14.9283,3.3798,27.6043,7.3076,18.5659,9.58189,13.0101
193.190022676,7.3737,39.719,41.9865,33.3492,6.1127,7.34171,12.6689,3.80602,19.7035,10.009,7.06252,0.0584805,5.66714,56.852,81.7406,181.618,138.674,67.2635,70.9395,1.70167,16.6288,41.8158,17.1381,70.0969,13.0421,31.5563,5.7123,8.55469,59.9128,28.6484,64.9239,3.04889,16.0273,8.6251,8.12871,31.0007,6.83834,25.2171,17.6449,22.3044,212.779,126.127,238.9,35.6162,54.9897,3.27844,14.6771,17.8477,8.34275,12.7227,12.5774,1.317,12.2824,6.05109,3.24472,16.5797,14.6931,10.792,11.0047,4.10939,2.52194,2.45644,2.07086,25.7307,16.4182,67.0536,68.7607,86.6526,64.9521,58.6973,19.5627,25.2539,0.196023,11.521,25.3121,12.942,58.1049,28.8914,23.909,27.3447,13.7737,27.369,25.0183,10.3448,17.4883,4.63624,5.11125,1.0012,0.987262,35.392,18.3184,137.905,89.4183,121.765,34.8462,28.5986,2.01713,2.07497,5.52495,2.14751,16.4144,5.22704,9.28635,20.9654,25.2482,33.4723,9.01416,5.57634,3.29074,21.1462,11.8093,52.8402,13.6281,14.5313,36.3002,19.4506,90.8302,85.5056,141.582,50.8469,45.4699,19.3154,3.8851,20.8338,5.90614,3.55449,0.841287,0.534642,45.4893,25.8224,67.0825,15.3383,32.7838,4.32284,8.83497,14.6265,2.03615,34.0074,0.837663,19.8551,6.90097,15.2572,84.1601,177.979,157.231,117.3,39.1878,2.67171,0.011202,7.11276,15.1929,6.85716,17.8835,1.39388,4.38002,24.2307,51.9074,45.6058,26.2746,17.9659,11.9814,1.48912,44.1775,20.6522,51.5638,14.8863,8.80718,74.3483,42.2568,221.413,74.2504,113.623,14.0039,5.87649,14.2431,2.75705,24.5986,2.09728,14.9894,4.16839,1.90363
194.676099773,0.635062,19.27,11.4369,17.0895,0.63923,11.0319,12.3723,1.82658,16.344,5.43583,3.94076,1.72534,3.74788,26.1064,24.4556,70.1592,49.1687,13.6569,59.2604,5.7309,27.1193,43.721,14.2072,59.4713,4.44496,36.3,9.45256,21.0688,32.1823,6.475,52.6935,0.201262,24.9116,8.31871,7.74875,24.6431,2.48718,17.6003,19.4933,0.471642,108.072,13.3227,135.863,1.49077,66.5246,10.0593,28.9991,26.4256,15.4876,14.8843,13.7595,2.27806,7.17868,2.50169,1.0426,4.57794,4.93736,4.79135,5.23929,3.35665,2.30191,4.48067,0.158075,15.197,0.417878,23.2571,12.7877,23.6191,14.1869,22.9923,3.44624,24.9174,2.37481,22.201,32.844,23.7818,47.5494,21.7539,40.3595,31.4742,36.7399,24.489,21.3693,19.2514,22.0675,9.86785,5.73706,3.38881,0.67038,24.4632,0.492714,59.8507,11.9342,47.1467,5.30499,14.3069,0.243282,4.56452,8.01123,8.26718,18.3997,11.8657,2.85046,11.1352,6.0942,27.6616,6.47393,15.3668,2.4941,19.4506,3.19617,46.5058,18.773,16.9161,48.243,2.04222,46.3913,15.3484,60.3803,6.88566,38.0147,13.7439,8.55462,16.0952,6.71649,4.12043,4.14424,0.23031,35.9853,14.8795,46.9473,34.1151,34.2442,17.0969,19.8681,22.3137,13.1163,40.083,8.82177,21.2683,11.6212,9.21354,26.9086,66.8521,45.738,40.9894,23.1586,1.77057,0.115901,5.07424,11.0565,2.31263,12.8426,2.30467,4.64516,9.3524,23.5927,16.6901,11.0439,12.6713,15.8218,0.864281,44.3702,9.25356,41.3834,22.3489,15.2162,77.518,13.6713,128.905,13.8836,71.9679,2.73559,16.1085,14.557,8.51434,23.7138,1.70494,12.5341,4.72995,2.61391
196.162176871,0.518126,10.0304,1.38961,9.59198,0.7594,11.1156,12.653,2.60531,13.4462,7.41259,3.61169,2.53346,3.27697,12.1193,16.8406,33.5994,19.9588,2.41709,42.2071,14.6807,39.0776,49.7206,27.7663,51.6637,9.16523,45.2009,18.4138,32.6998,18.7385,5.26106,44.8218,6.65341,30.8004,8.75066,10.021,18.1579,6.47847,20.6433,20.0704,6.22468,63.125,2.99953,86.1747,8.71825,64.8029,24.416,49.9546,37.9207,26.3262,22.075,16.0414,10.4242,9.21489,3.99957,4.89607,0.5719,1.22641,1.87504,2.02456,5.4992,3.04045,4.41428,0.371505,9.16722,2.93748,7.8662,1.6048,6.00477,2.25154,7.38915,0.192009,20.3088,9.3406,37.6888,41.1683,41.205,48.4018,32.8013,67.4311,49.7345,62.3694,29.3474,26.0379,31.1369,28.7621,18.9975,5.88639,5.03543,4.39624,17.261,6.56403,27.5906,0.228669,20.1271,0.141012,4.99341,4.1876,8.54839,11.5942,18.8758,21.0732,15.7199,3.20125,8.5395,5.20778,29.6187,11.3065,23.7686,4.8023,21.2593,5.08493,42.0517,30.45,22.8798,47.0586,3.42669,25.6121,2.78791,29.5551,4.55589,36.5165,20.6901,16.9414,11.4893,8.54312,5.43922,9.23421,3.34785,26.9243,19.439,46.8154,60.5987,42.9158,36.4384,33.6758,35.5406,35.4212,44.4451,19.3811,26.6374,11.9536,10.0909,3.80322,23.594,8.46829,8.9059,13.5612,0.561436,0.360498,5.48982,7.42772,1.24484,9.89431,2.55459,4.66508,2.09895,11.1035,3.66623,3.08086,6.7993,16.6784,4.71054,47.3764,14.4097,37.0632,29.3217,25.936,77.7081,33.873,91.9299,13.9083,50.5053,6.93581,25.8651,16.2317,17.9356,21.6529,7.20622,14.2595,6.9324,6.55556
197.648253968,2.31543,5.97237,0.429288,6.61863,3.28354,9.12054,10.8938,5.01802,13.1939,10.8457,5.59452,1.45679,2.14565,7.9056,24.1933,31.4927,19.106,11.3806,30.0813,22.895,45.7388,63.9851,47.8383,48.8189,19.4461,48.6442,33.7713,37.3131,12.6427,9.7006,42.1753,20.6331,31.3926,10.9699,10.2477,17.196,11.3837,24.0828,17.8979,15.1213,44.2325,23.9989,68.5335,33.043,56.9621,44.5467,63.2788,55.9865,38.1138,27.2925,19.5492,18.7191,15.4415,8.72289,9.09716,0.756066,0.702437,1.47492,3.11709,7.80401,4.89266,2.79529,1.4668,7.26864,8.02261,4.25729,1.72134,2.96176,2.40967,2.70856,2.11376,16.3303,20.4313,48.046,54.8817,55.2383,53.276,51.2331,89.6602,77.9357,78.2877,36.811,30.3246,41.3989,40.044,24.399,7.68313,4.56068,8.56354,15.4379,13.1867,15.7658,5.92156,12.5714,1.91492,1.36452,8.11893,12.7077,20.2004,27.9512,23.5204,15.501,6.97664,9.77566,12.7665,34.2211,21.3654,26.8489,10.2895,22.9561,14.3413,44.0129,37.4294,29.7241,38.1627,14.9575,19.0159,8.17984,19.2795,12.6365,34.9408,33.0914,22.1492,9.38686,8.40893,9.75332,13.1685,8.45096,19.4664,24.959,55.9847,80.333,56.085,50.1798,48.7928,53.4235,56.668,51.8428,25.4096,29.6859,13.7828,11.5613,0.250655,9.46751,0.631868,0.809618,8.0352,0.0323558,0.489167,5.85987,6.65627,2.34889,6.8501,2.63339,4.42437,0.499633,6.38197,0.153275,0.715215,3.16587,12.4786,13.0758,52.7764,29.844,38.2505,28.2464,39.1453,82.8983,70.9338,85.7708,28.7748,38.095,18.7682,29.3944,21.0227,22.0554,22.5765,14.2821,16.6482,9.49002,8.47645
199.134331066,3.08874,4.10191,2.12649,5.44716,5.47412,6.72871,8.24176,6.59044,13.156,13.6168,7.53324,1.67554,1.21138,7.31415,31.4881,40.7963,27.2961,22.223,24.2127,25.0436,52.3312,78.4452,63.7502,46.0717,27.0267,47.4938,49.9724,36.839,8.94128,13.0498,40.8521,35.7709,29.6156,12.5025,9.72667,15.4765,15.6101,22.3286,17.0407,18.6634,34.6986,42.6368,64.3052,50.6541,51.57,56.4991,71.4296,72.4774,45.6904,28.5118,21.1522,24.7569,23.4435,16.061,12.5185,2.85546,1.49848,2.28888,6.43711,10.0424,6.39989,2.13246,1.83779,7.7952,9.91481,4.0554,2.23684,2.53669,2.96939,1.4398,2.66864,15.4834,29.4399,54.2329,66.4773,59.985,54.8381,65.363,103.131,103.525,83.4631,40.6197,29.8693,46.9992,49.5884,27.0909,7.99642,4.03898,10.5618,17.1118,13.5892,11.0957,10.6246,11.1314,3.45886,0.53223,9.4745,18.6682,29.4062,33.4509,23.3427,12.552,10.917,12.8133,21.9414,38.4678,30.8615,26.3619,16.0541,23.0982,24.917,45.5716,40.8043,31.2523,30.6384,24.1866,19.1065,13.5832,14.8317,16.6754,33.7949,41.5476,24.1841,6.78285,7.34279,15.1254,16.2159,13.0739,12.8856,25.8073,64.5244,89.1607,64.8366,55.4565,60.2752,68.4235,73.4699,54.0818,27.3284,27.3768,19.5027,12.6008,4.03142,5.43334,0.0329749,0.50854,5.08406,1.05567,0.933311,5.2014,7.27009,3.10486,4.38424,3.43715,4.31381,2.30381,4.99118,0.440207,0.657204,1.62481,7.68372,22.1255,57.2948,47.7059,36.9374,25.0279,48.3867,92.6413,103.49,87.8997,37.5558,29.0509,28.22,29.9941,23.9167,20.9173,23.38,18.9055,18.1725,11.0836,8.14436
200.620408163,2.26771,3.27853,3.79482,5.1145,5.91655,4.66844,5.51724,6.58071,11.7268,15.9646,8.46554,2.35072,0.666426,7.05884,34.9871,50.542,36.0639,28.0783,20.1478,21.494,55.2211,85.4404,71.575,39.9127,27.632,43.6391,58.2281,34.5718,5.49758,13.3128,39.3153,44.4643,27.4368,10.8751,8.5457,12.1081,17.3384,17.8633,15.7592,16.7492,27.7776,49.7074,61.9987,53.8733,46.3362,54.5278,75.3494,77.4636,48.7896,24.7125,19.5479,27.7251,30.2798,23.4694,15.5995,5.5305,3.11425,4.17119,9.74279,12.0997,7.18561,1.65548,1.46498,8.66233,9.8171,3.85782,2.19319,2.21625,2.57555,1.04296,2.19209,14.5713,33.2358,56.7449,67.2724,56.6306,49.0239,68.3796,106.415,113.376,79.7506,37.4352,24.7278,46.7824,53.0549,26.6369,6.99792,3.22299,10.6343,18.2125,10.4064,8.16564,11.6648,10.9652,4.07238,0.331749,10.4299,23.7411,34.4421,36.429,18.8163,9.17537,12.532,16.1833,28.9265,40.5933,34.2103,24.4368,18.2325,21.6277,32.2919,44.1104,38.3614,26.9415,23.8866,26.4165,20.7801,14.9961,11.7108,14.9663,31.9688,42.4265,24.3736,3.74463,5.94994,18.2604,19.6716,14.6142,7.68008,21.7806,66.1431,87.1243,62.6216,52.8842,62.8456,75.2821,80.4131,51.3844,22.7171,22.8702,23.0822,14.3392,7.95164,4.76509,0.317501,1.15369,4.099,2.271,1.37239,5.33681,7.23469,3.10082,2.45834,4.48545,4.4749,4.68323,5.17848,1.7952,1.31807,0.91148,4.74271,26.7609,59.3136,60.3285,32.8805,19.2311,48.8635,98.3907,119.897,86.5769,35.6533,21.8189,30.0349,30.2085,21.0297,17.915,20.789,20.7135,17.7269,10.723,6.71902
202.106485261,0.939884,2.83954,4.42777,4.98408,4.73708,2.70543,3.56333,4.60383,9.87044,15.6158,9.10723,2.32388,0.324918,6.30161,34.5923,54.5613,41.638,27.9852,15.4346,14.9731,49.9799,83.6783,66.692,31.8261,20.81,37.8039,55.0353,31.4119,2.51788,10.7413,36.2401,43.9628,24.2658,7.22918,6.02429,9.02736,14.5461,13.5025,11.8238,12.0159,20.7742,45.749,55.6583,45.683,37.0332,43.8979,68.573,72.6714,44.1759,18.5593,14.6672,27.043,33.8081,28.1479,17.6464,7.84783,4.95645,6.62153,12.2534,12.8505,6.85143,1.3445,1.064,8.68701,8.78165,2.9605,1.92755,1.52956,2.02314,0.718288,1.62251,12.7092,31.2902,52.4607,58.2056,45.3876,37.8071,58.8592,98.3371,103.994,67.9202,28.8132,16.5765,41.0022,49.4966,22.9638,5.36428,1.90489,9.70706,16.8565,6.63313,5.32812,10.2251,9.99816,4.29807,0.632707,11.0583,25.0041,35.5191,33.768,13.36,5.52474,11.5633,18.3122,31.3805,39.0482,30.392,21.2398,15.6074,19.0415,32.7525,39.5604,29.6053,19.5001,16.3863,23.2026,20.9628,12.8923,8.52885,10.53,26.644,38.2295,20.9921,2.13815,4.4574,18.7008,21.3393,13.359,3.72864,15.6921,59.0236,75.2994,50.2109,43.4871,55.4371,71.5574,75.6289,43.5801,14.3166,17.6502,21.6951,15.9505,10.0204,4.94859,0.577441,1.32216,3.91178,2.70825,1.89061,4.93484,6.83618,2.1969,1.52002,4.38945,4.72755,5.81913,6.28306,2.9639,1.87656,0.412468,3.57098,24.8683,58.4842,61.0393,27.6411,11.2843,41.6349,93.8113,116.363,77.719,26.5337,14.7513,26.0393,27.397,15.3024,12.5155,16.7135,18.1559,16.0201,8.20375,4.95527
203.592562358,0.272227,2.21044,4.33939,4.17888,3.17109,1.17524,1.958,2.47512,7.08161,13.609,8.49674,2.06187,0.0695992,5.26064,30.7361,51.4185,40.9626,23.8341,10.0426,8.06638,39.7872,71.2289,53.515,21.5025,12.3432,28.1256,45.2552,25.8549,1.13828,7.97839,29.4542,37.4105,18.9206,3.69769,3.45017,5.54177,10.352,8.61699,7.18174,6.92074,13.1748,35.9558,43.2141,32.4373,24.5464,29.5207,53.2635,59.4831,33.9344,11.7001,8.89951,22.5364,33.0034,28.6187,17.5779,9.15445,6.49332,8.69954,13.3257,11.8924,5.63716,1.16714,0.956132,7.78202,7.09026,1.80666,1.41043,0.856449,1.37683,0.542131,1.36309,9.91913,25.0452,41.9236,42.9047,30.5597,23.8091,42.5467,78.8445,81.5706,49.7965,18.8202,8.21809,31.5924,40.2511,17.3277,3.54119,0.73205,7.96612,13.6927,3.57724,2.91941,7.48051,7.93777,4.28454,1.53659,10.6147,22.7139,31.4304,27.2238,8.31885,2.43098,9.05337,17.6342,29.4354,32.6319,22.7787,15.8397,10.9262,14.3935,28.1966,30.7955,19.077,11.4546,9.00074,17.5855,17.9836,9.4055,5.06606,5.82911,19.3085,29.8937,16.0019,1.56562,3.40034,16.7787,20.0675,10.3823,1.19948,10.2041,45.5643,56.9072,33.0685,29.6604,41.8714,57.4242,62.0586,31.9741,6.75768,11.6129,17.2882,15.4953,10.5398,4.79101,0.88669,1.34397,3.41896,2.81047,2.09726,4.03711,5.67964,1.43224,0.88503,3.65812,4.30268,6.00423,6.87527,3.98516,2.20859,0.177496,2.78699,20.1521,50.7708,53.5173,20.2494,4.67904,30.797,77.474,97.4745,60.9395,16.4133,7.79977,19.4223,21.2407,9.1682,7.10277,11.3078,13.383,12.5451,5.2363,2.99619
205.078639456,0.247961,1.60596,3.59523,2.91361,1.77487,0.321765,0.878321,0.921002,4.31709,10.4196,6.94663,1.60619,0.00256736,4.22109,24.4204,42.3421,34.1574,17.2991,5.36536,3.16967,27.7298,52.2507,36.6882,11.8876,5.31142,17.529,32.2752,19.2112,1.45681,5.7718,20.7707,27.3695,12.9306,1.321,1.51545,2.60975,6.21591,4.37511,3.35571,2.98354,6.8178,24.1873,28.1913,18.8163,12.8632,15.7574,35.1071,41.5407,22.1075,5.89816,4.0555,16.1081,27.8166,24.9682,15.2518,8.94968,7.24519,9.57211,12.6517,9.51461,4.00404,1.06689,1.13828,6.2677,5.13399,0.813749,0.84806,0.343498,0.813315,0.540577,1.34789,6.79573,16.9681,28.2833,26.4918,16.6474,11.3854,25.3626,53.7794,54.1746,30.671,10.318,2.52775,21.1283,28.4826,11.3162,2.02161,0.122449,5.83858,9.85581,1.80494,1.39535,4.51484,5.32847,3.9716,2.61803,9.14793,17.7139,23.5683,19.0547,4.69474,0.663757,5.97163,14.3386,23.7779,23.3985,14.1352,9.73742,6.14218,8.96842,20.6526,20.3445,9.83416,5.25857,3.53837,11.3298,13.0454,5.63507,2.31632,2.3424,11.9633,20.1572,10.7814,1.69053,2.90359,13.3197,16.094,7.01138,0.193044,6.35181,30.5839,36.6667,17.2003,16.1086,26.1978,38.5774,43.5113,20.5413,1.96552,6.2861,11.6631,12.8005,9.53151,4.20652,1.1037,1.23849,2.66521,2.55751,1.86438,2.88909,4.13926,1.02748,0.581514,2.64576,3.24955,5.32677,6.59898,4.55355,2.24976,0.221162,2.24175,14.4176,38.3297,40.6157,13.0827,1.02494,19.9079,54.6382,69.951,41.2456,8.46648,2.87249,12.214,13.9389,4.32886,3.09427,6.2232,8.04585,8.39773,2.72889,1.41809
206.564716553,0.538389,1.18592,2.44927,1.62559,0.828933,0.0541117,0.336347,0.164897,2.30378,6.90275,4.9651,1.08881,0.0978316,3.28379,17.3297,30.1202,23.8492,10.4614,2.38193,1.04139,16.9416,32.4699,21.159,5.16861,1.27472,8.9939,19.5991,12.9804,2.54253,4.23612,12.4842,16.9787,7.83219,0.322747,0.454138,0.862871,3.04925,1.63604,1.0721,0.808612,2.91783,13.7023,14.9417,8.34044,4.82667,6.13299,19.0983,24.2144,11.9845,2.2826,1.21447,9.82221,19.9328,18.6047,11.3505,7.3444,6.88065,8.96815,10.3721,6.57889,2.37919,0.986216,1.40142,4.54677,3.32933,0.248579,0.403037,0.0754134,0.426536,0.602735,1.35452,4.02394,9.46362,15.6361,13.1477,6.86487,3.50635,11.9734,30.3697,29.7076,15.3128,4.82487,0.376485,12.2461,17.3301,6.39887,1.00409,0.107024,3.86379,6.32126,1.21151,0.770913,2.1728,2.89814,3.34246,3.26452,7.06568,11.5815,14.6275,11.5111,2.70983,0.168817,3.31256,9.60758,16.2997,14.1271,6.88214,4.71285,2.54688,4.40692,12.6308,11.0778,3.78656,1.76231,0.76288,6.06902,7.83856,2.65826,0.709359,0.589104,6.34746,11.4906,6.44825,1.90477,2.73389,9.3036,10.8733,4.17543,0.301059,4.16308,17.8008,19.633,6.45021,6.42091,12.8626,20.9036,25.5474,11.7229,0.265588,2.78278,6.42708,8.81518,7.37734,3.33442,1.09673,0.994361,1.85757,1.9889,1.30478,1.75253,2.66599,0.91527,0.545991,1.64293,1.97727,4.0073,5.57343,4.41213,2.01545,0.429577,1.76921,9.13613,24.85,26.3336,7.89352,0.293199,11.3464,32.3279,42.0268,23.9112,3.94294,0.610871,6.29062,7.6021,1.61161,0.941989,2.6324,3.72285,4.66485,1.20922,0.489843
208.050793651,0.742025,0.942693,1.32577,0.677116,0.332692,0.0828392,0.143812,0.000603859,1.23968,3.9221,3.00271,0.685015,0.243144,2.45111,10.9069,18.167,13.5718,5.11891,1.06098,0.862474,9.30162,16.692,10.0218,1.85933,0.0660594,3.83722,9.93094,7.98915,3.16225,3.05321,6.31273,8.72026,4.35072,0.282471,0.0747815,0.208239,1.19684,0.43453,0.178715,0.0976905,1.33596,6.43268,6.07341,2.4841,1.01393,1.50853,8.299,11.3565,5.35303,0.79289,0.285454,5.11766,11.8747,11.5992,7.04881,4.96619,5.50328,7.1326,7.24258,3.8731,1.15975,0.833306,1.48284,2.96753,1.94921,0.10636,0.151115,0.0266854,0.216881,0.597024,1.1682,1.97755,4.18099,6.75152,4.89489,1.88089,0.370051,4.43766,13.6483,12.8474,5.90597,2.2095,0.674588,6.34314,8.90597,3.1661,0.47981,0.398182,2.3864,3.63689,1.21792,0.640861,0.802853,1.22657,2.41577,3.16555,4.76148,6.07764,7.2391,5.98523,1.82261,0.335588,1.60399,5.15064,9.09563,6.98666,2.43003,1.63335,0.625028,1.62721,6.22187,4.87578,1.00593,0.404824,0.0831391,2.74482,3.75702,0.971138,0.106259,0.150879,2.9944,5.49892,3.38297,1.68704,2.47474,5.70165,6.04588,2.3377,0.730143,2.88226,8.95902,8.58692,1.51486,1.59363,4.4452,8.50742,12.197,6.26519,0.464219,1.11287,2.75417,4.83562,4.79926,2.38472,0.837638,0.656651,1.16567,1.27976,0.663733,0.856522,1.53752,0.884296,0.608004,0.866506,0.89331,2.49969,4.12375,3.58095,1.62577,0.613817,1.24213,5.10445,13.6044,14.3891,4.92284,1.09899,5.86076,15.6082,20.5254,11.8075,2.17192,0.306842,2.64036,3.39911,0.68044,0.242026,0.761331,1.20182,2.09995,0.584526,0.120409
209.536870748,0.665739,0.735375,0.573796,0.200679,0.125024,0.134686,0.080014,0.0530395,0.781628,1.92472,1.5006,0.440131,0.295663,1.70282,5.97997,8.99932,6.08959,2.02966,0.704052,1.20996,4.69632,6.97647,3.93688,0.859718,0.263504,1.57756,4.1794,4.37758,2.66093,1.87496,2.67766,3.66637,2.31691,0.476,0.00895186,0.118661,0.401092,0.164175,0.0308876,0.0777487,0.948473,2.52324,1.78585,0.406799,0.0692059,0.360193,2.88345,4.13979,2.03971,0.462615,0.364964,2.41295,5.71007,5.79507,3.46216,2.65284,3.59504,4.71101,4.21107,1.93691,0.455231,0.567124,1.23847,1.73517,1.07785,0.169791,0.0575512,0.0623299,0.133591,0.485614,0.759274,0.712272,1.3867,2.13943,1.25577,0.322219,0.0566459,1.61484,4.71608,4.15553,1.71767,1.17571,1.39416,3.21408,3.81634,1.46359,0.233866,0.551834,1.4408,1.93597,1.18471,0.565357,0.223282,0.395746,1.41721,2.37631,2.63897,2.38181,2.73132,2.6667,1.29642,0.520197,0.744819,2.17145,3.89304,2.72954,0.551881,0.325791,0.0751761,0.576018,2.38824,1.8008,0.241434,0.0900385,0.246879,1.18756,1.42392,0.380938,0.0328382,0.235176,1.36451,2.23856,1.48215,1.02808,1.83228,3.04231,2.77794,1.33768,0.804106,1.83706,3.86684,3.13002,0.427568,0.313611,0.899927,2.33017,4.57556,3.30248,0.953827,0.550741,0.880771,1.99193,2.5239,1.47776,0.476533,0.327388,0.643436,0.654497,0.206383,0.305867,0.807701,0.754047,0.580355,0.386547,0.261157,1.26585,2.58863,2.40349,1.21054,0.628029,0.681337,2.43454,6.17786,6.62851,3.30372,1.73991,2.84209,5.98401,7.86834,5.04455,1.60887,0.599113,1.00653,1.28181,0.562532,0.202235,0.121108,0.247544,0.770816,0.411931,0.0751667
211.022947846,0.372578,0.431081,0.246009,0.0528186,0.0352707,0.0920394,0.0567311,0.0963303,0.48948,0.850801,0.660198,0.237128,0.185987,1.0605,2.76025,3.45356,2.17534,0.759818,0.506422,1.1042,2.12386,2.42355,1.47465,0.54561,0.378534,0.802968,1.6123,1.95549,1.35032,0.743063,0.940381,1.37492,1.13072,0.388611,0.0089632,0.0921187,0.174284,0.134003,0.0342542,0.131282,0.632798,0.882853,0.46721,0.0877474,0.0711008,0.356543,0.981606,1.20529,0.703461,0.320317,0.465774,1.20641,2.17828,2.13358,1.2054,1.01257,1.81353,2.42558,2.00009,0.867257,0.131348,0.269315,0.743663,0.91379,0.606367,0.187411,0.0490072,0.0614309,0.125226,0.311146,0.291226,0.118702,0.301695,0.487937,0.291194,0.130844,0.262311,0.804951,1.38144,1.06933,0.379838,0.506346,1.20053,1.69523,1.50094,0.623373,0.0511149,0.346477,0.858001,1.02355,0.810892,0.382275,0.0517831,0.132132,0.691552,1.21216,1.05384,0.648421,0.760209,0.983642,0.772521,0.413852,0.319601,0.759026,1.23054,0.826777,0.133196,0.0216347,0.120074,0.376267,0.790462,0.649307,0.138205,0.0321978,0.298695,0.563676,0.535295,0.210966,0.0181971,0.22545,0.656998,0.822446,0.496139,0.340628,0.856027,1.37014,1.21862,0.662289,0.385872,0.845037,1.42262,1.1464,0.506892,0.233999,0.1212,0.498752,1.36527,1.52758,0.876006,0.327675,0.241704,0.628998,0.980986,0.697769,0.204329,0.118736,0.279823,0.246422,0.0356174,0.0789525,0.380319,0.517515,0.39804,0.144387,0.0479927,0.555939,1.26725,1.30772,0.857125,0.430763,0.231246,0.921762,2.27211,2.73135,2.03828,1.26209,1.15384,1.86122,2.42653,1.89582,0.957847,0.505906,0.454279,0.49326,0.413866,0.18732,0.0127452,0.0690922,0.26963,0.272327,0.133607
212.509024943,0.149158,0.170219,0.0957844,0.0147471,0.00546912,0.033627,0.0479066,0.0994406,0.234908,0.347078,0.277277,0.0734823,0.0490161,0.435224,0.973151,1.1131,0.707442,0.218599,0.144915,0.485188,0.830432,0.825496,0.498702,0.178089,0.13627,0.370126,0.636998,0.642685,0.354071,0.115798,0.214113,0.447449,0.443572,0.2092,0.0360728,0.0449063,0.0988988,0.0753565,0.0402892,0.117456,0.263379,0.302861,0.179997,0.0359437,0.0343012,0.191852,0.361917,0.371383,0.214675,0.0893662,0.20171,0.524637,0.747287,0.585992,0.220719,0.167426,0.56427,0.926016,0.800567,0.337215,0.0205035,0.0789905,0.313521,0.415243,0.311657,0.146684,0.04838,0.0476587,0.107145,0.127836,0.0583961,0.00074098,0.0489952,0.115281,0.08695,0.0368611,0.12164,0.328046,0.430178,0.269928,0.0408974,0.100934,0.468275,0.743781,0.614359,0.233257,0.00675568,0.120855,0.385444,0.512567,0.410044,0.181789,0.0121885,0.0618904,0.282266,0.393002,0.251603,0.0876936,0.14617,0.306386,0.296732,0.124892,0.0553136,0.198751,0.342252,0.273947,0.0853622,0.00260244,0.089117,0.240663,0.316522,0.232665,0.0657041,0.012273,0.134209,0.263601,0.234231,0.0850365,0.000862919,0.0996794,0.267188,0.270824,0.100767,0.0346344,0.239666,0.488697,0.455722,0.186241,0.0474671,0.216789,0.465237,0.510466,0.337248,0.110491,0.0102099,0.146765,0.419237,0.53799,0.365705,0.109992,0.0513599,0.197558,0.306081,0.213323,0.0456593,0.0114743,0.0823899,0.0853945,0.0190877,0.0331607,0.158518,0.252522,0.193087,0.0456132,0.016264,0.214234,0.497139,0.611606,0.448083,0.148966,0.0235309,0.282026,0.755809,0.996151,0.774354,0.376217,0.258018,0.477918,0.661245,0.541698,0.283351,0.16165,0.194055,0.230734,0.18683,0.0842442,0.00918038,0.032873,0.110469,0.144141,0.141538