TIME,A,Bb,B,C,C#,D,Eb,E,F,F#,G,Ab
0.000000000,0.000327906,0.395919,1.00097,0.0929774,0.00123167,0.292103,0.0112329,1.74512,0.698545,0.0589475,0.311605,0.822781
0.046439909,0,0.230896,1.10156,0.0734019,0.0155588,0.233652,0.00660399,2.24795,0.4601,0.00298778,0.484121,0.760729
0.092879819,2.44903e-06,0.130808,1.05775,0.0636805,0.0179308,0.137457,0.00448544,2.36793,0.076324,0,0.49476,0.67639
0.139319728,0.000272078,0.396262,1.04359,0.0701435,0.0206183,0.137572,0.00446844,2.29931,0.00278878,0.352417,0.309917,0.470013
0.185759637,0.000367936,0.594419,1.02229,0,0.00661076,0.366795,0.0227429,2.3152,0.17544,0.701536,0.186294,0.142298
0.232199546,0.000171806,0.54009,0.830914,0.000792722,0.062969,0.283004,0.0301822,2.37281,0.174717,0.794745,0.246869,0.137928
0.278639456,0,0.360075,0.638573,0.0110145,0.203528,0.0648575,0.0218302,2.30692,0.273146,0.44037,0.523583,0.148014
0.325079365,3.37443e-05,0.0013045,0.218474,0.00283783,0.052983,0.0606165,0.905303,3.40209,0.173201,0.00079862,0.10509,0.161941
0.371519274,0,0.339221,0.217174,0.138339,0,0.0314658,0.533411,3.61706,0,0.0409334,0.68354,0.180405
0.417959184,0.0730757,0.46946,1.23207,0.249853,0.00603826,0.0255896,0.237837,3.84086,0.0889866,0.0488426,0.881021,0.0684407
0.464399093,0.202938,0.597848,1.52521,0.309586,0.0109617,0.0226784,0.107577,3.95079,0.188723,0.0680368,1.03623,5.61599e-05
0.510839002,0.309282,0.646624,1.64014,0.28234,0.0127384,0.0123175,0.048843,3.97155,0.209912,0.048377,1.28206,6.52906e-05
0.557278912,0.345536,0.510931,1.6713,0.229677,0.0142334,0,0.0873086,4.0035,0.0848261,0.00276927,1.43539,5.85428e-05
0.603718821,0.311276,0.534265,1.68646,0.219951,0.0104881,0,0.214071,4.05691,0.0678994,0,1.40673,2.41887e-05
0.650158730,0.295044,0.124809,1.68386,0.163637,0.00186627,0,0.151411,4.128,0.0322744,0,1.41748,0
0.696598639,0.302501,0.140069,1.68316,0.122142,0,0,0.0154474,4.17943,0.175679,0,1.48599,0.209789
0.743038549,0.33073,0.0848303,1.65327,0.110864,0,0,0.0325623,4.3055,0.0617122,0,1.50727,0.349053
0.789478458,0.298767,0.0212782,1.68405,0.142068,0,0.0188867,0.153941,4.27109,0,0,1.57281,0.40652
0.835918367,0.280093,0.0429032,1.67694,0.133971,0,0.0307882,0.194423,4.28294,0,0,1.52503,0.397237
0.882358277,0.235336,0.0405014,1.66059,0.111491,0.00435135,0.030624,0.164823,4.31983,0,0,1.49803,0.352359
0.928798186,0.224638,0.0913856,1.66343,0.114824,0.00486829,0.0204069,0.0375585,4.26513,0.2455,0,1.55967,0.383546
0.975238095,0.227226,0.0353719,1.66893,0.101958,0,0,0.0576765,4.31557,0.00965586,0,1.74162,0.400324
1.021678005,0.171253,0,1.63987,0.0144957,0,0,0.151819,4.26894,0,0,1.77316,0.414539
1.068117914,0.13576,0,1.64216,0.0156535,0,0.00454752,0.105701,4.33269,0,0,1.6979,0.535734
1.114557823,0.10609,0.000285783,1.64038,0.0191876,0,0.0175744,0.0149936,4.35701,0,0,1.68227,0.572543
1.160997732,0.150828,0.0269689,1.64921,0.0190254,0,0.0101412,0.0271235,4.30609,0.00229753,0,1.81946,0.36957
1.207437642,0.223624,0.0240241,1.80956,0.0567746,0,0,0.0248219,4.11374,0.00376488,0,1.9121,0.0951447
1.253877551,0.236556,0.0711565,2.08345,0.242173,0,0,0.00391798,3.8089,0.00399989,0,1.8294,0.00131289
1.300317460,0.159478,0.059363,2.30574,0.274759,0.0030231,0,0,3.57604,0.00353261,0,1.59471,0.119206
1.346757370,0.000677107,0.0344279,2.29788,0.287843,0.143399,0,0,3.39114,0.254488,0.05457,1.24324,0.150667
1.393197279,0.000714975,0.00150884,2.25271,1.00503,0.112248,0,0.118446,2.66527,0.451837,0,0.91105,0.0981332
1.439637188,0.000524582,0.158246,1.6401,0.392974,0.00570355,0.00066917,0.646574,3.42723,0,0.00216362,1.03441,0.0866824
1.486077098,0.227829,0.00271421,0.619382,0.138622,0.122678,0.00760666,0.609295,3.52673,0,0.00106832,1.25247,0.130394
1.532517007,0,0.00201686,0.620016,0.0509458,0.177267,0,0.51572,3.74959,0.00319998,0.000745761,1.32169,0.193854
1.578956916,0,0.0215916,0.656514,0.0118349,0.145762,0.0101991,0.513512,3.71964,0.485462,4.6758e-05,1.29487,0.199986
1.625396825,0.11471,0.31529,1.09034,0.0173202,0.109604,0.00740096,0.100859,3.22148,0.879329,0.0001103,1.32603,0.165399
1.671836735,0.0133615,0.599633,0.908303,0.0152733,0.121154,0,0.4622,3.56832,0.210675,0.000513674,1.39677,0.146704
1.718276644,0.181514,0.578244,0.679398,0.0309494,0.100087,0,0.534088,3.83707,0.00857269,0.012769,1.40335,0.12073
1.764716553,0,0,0,0,0,0,0,0,0,0,0,0
1.811156463,0,0,0,0,0,0,0,0,0,0,0,0
1.857596372,0,0,0,0,0,0,0,0,0,0,0,0
1.904036281,0,0,0,0,0,0,0,0,0,0,0,0
1.950476190,0,0,0,0,0,0,0,0,0,0,0,0
1.996916100,0,0,0,0,0,0,0,0,0,0,0,0
2.043356009,0,0,0,0,0,0,0,0,0,0,0,0
2.089795918,0,0,0,0,0,0,0,0,0,0,0,0
2.136235828,0,0,0,0,0,0,0,0,0,0,0,0
2.182675737,0,0,0,0,0,0,0,0,0,0,0,0
2.229115646,0.560817,0.19358,0.00466045,0.0190691,0,1.99203,0.465185,1.51879,0,0.143664,1.56007,0.112571
2.275555556,0.507675,0.169771,0.00510031,0.0184207,0.0463611,2.22651,0.220245,1.6009,0,0.121727,1.21595,0.11896
2.321995465,0.536276,0.0127432,0.0384764,0.0622777,0.119129,2.47001,0.0116533,1.54564,0.0245267,0.0724701,0.786271,0.675132
2.368435374,0.443896,0.00376812,0.376147,0.0332549,0.0807644,2.66648,0,1.45898,0.0936054,0.0210499,0.576274,0.945897
2.414875283,0.420751,0.00387139,0.827796,0,0.028173,2.76891,0,1.3269,0.0936747,0.0166299,0.55619,1.11598
2.461315193,0.318652,0.00374932,0.901854,0,0.033669,2.91116,0,1.27046,0.0718117,0.0165359,0.682039,1.06548
2.507755102,0.158934,0.164946,0.771035,0.00689458,0.0756662,3.08617,0,1.20384,0.116089,0.0160873,0.485326,0.439364
2.554195011,0.123603,0.404023,0.508923,0.0191738,0,3.01207,0.0138772,1.15465,0.171118,0.0424083,0.513355,0.178494
2.600634921,0.107235,0.481755,0.310219,0.015355,0.00926459,2.96227,0.136609,1.14002,0.051547,0.0331322,0.529151,0.179657
2.647074830,0.099649,0.362848,0.883072,0.594118,0.318669,3.10652,0.272459,0,0.147064,0.199423,0.263097,0.218532
2.693514739,0.131654,0.35295,0.445634,0.519152,0.586818,3.46319,0.650586,0.0271922,0,0.0336199,0.172598,0.0877173
2.739954649,0.445786,0.346054,0.73845,0.231913,0.115816,3.54283,0.256854,0.0742023,0,0.414317,0.132834,0.0863194
2.786394558,0.418961,0.288907,1.8644,0.0149183,0.198294,3.28684,0.311947,0.0395229,0,0.816093,0.190725,0
2.832834467,0.1922,0.197779,3.01914,0.0373106,0.205029,2.79436,0.395082,0.0678254,0,1.03361,0.203612,0
2.879274376,0.208177,0.119292,3.428,0.0542082,0.195641,2.36771,0.410377,0.0765574,0.00791556,1.24325,0.257811,0.0365713
2.925714286,0.196119,0.108126,3.56366,0.0684863,0.179696,2.34271,0.300458,0.146534,0,1.43852,0.30726,0
2.972154195,0.173973,0.000433547,3.67226,0.0441307,0.14304,2.44596,0.257139,0.172516,0.0169859,1.63394,0.335233,0
3.018594104,0.172927,0.000853219,3.85558,0.0523461,0.137696,2.41872,0.356346,0.0656824,0.17682,1.40877,0.251006,0
3.065034014,0.192132,0.00260409,3.82268,0,0.167793,2.40584,0.610529,0.0611958,0.0780173,1.1362,0.235714,0.0637753
3.111473923,0.20885,0.00253198,3.58715,0,0.181986,2.48272,0.644176,0.0655906,0.0680998,0.873975,0.348518,0.0839361
3.157913832,0.20426,0.00276299,3.37219,0,0.177125,2.61255,0.343242,0.110677,0.0657025,0.768904,0.53932,0.0374127
3.204353741,0.201322,0.00302881,3.32112,0,0.172669,2.61767,0.183676,0.163251,0.0587571,0.770434,0.639989,0
3.250793651,0.206564,0.00313931,3.38073,0,0.183235,2.44513,0.32936,0.211459,0.0544061,0.68577,0.554096,0.00311016
3.297233560,0.202106,0.00267421,3.37052,0,0.185892,2.35979,0.370838,0.195716,0.0785014,0.615898,0.472936,0.00943405
3.343673469,0.195208,0.00145883,3.31916,0.00998943,0.172184,2.4406,0.36103,0.159418,0.151332,0.575985,0.434631,0.0123498
3.390113379,0.19127,0.00125224,3.28141,0.0118191,0.150415,2.49255,0.406094,0.185449,0.111363,0.717142,0.365878,0.00989847
3.436553288,0.183703,0.00107336,3.32485,0.0118711,0.119575,2.39549,0.465896,0.145518,0.0332965,0.829444,0.333336,0.00361531
3.482993197,0.126938,0.000441691,3.35063,0.113242,0.0906749,2.26165,0.687134,0.107821,0.00159771,0.864598,0.31165,0.0295186
3.529433107,0.0767926,0,3.32848,0.0541477,0.0996712,2.28281,0.789525,0.0395146,0.000596158,0.991657,0.220536,0.13687
3.575873016,0.0269771,0.0868072,3.13219,0.0085877,0.0851674,2.27316,0.629676,0.0493267,0.011447,1.16955,0.151743,0.240065
3.622312925,0,0.150495,2.98145,0.00756599,0.0626968,2.20882,0.239704,0.0138669,0.0203269,1.35828,0.102966,0.338969
3.668752834,3.08407e-05,0.197994,2.81573,0.194405,0.0377455,2.04586,0.0413544,0.0964076,0.0289867,1.40868,0.0816844,0.425404
3.715192744,0.000619752,0.262995,2.8311,0.00716196,0.378269,1.39372,0,0.0119672,0.0186072,0.69487,0.288649,0.702198
3.761632653,0.0378087,0.192634,1.69085,0,0.83953,1.74162,0.503181,0.0204879,0.00308862,0.00127833,0.725979,0.827386
3.808072562,0.142543,0.00274752,1.74566,0,0.0488881,3.15218,0.485662,0.0032468,0.0572084,0.000741197,0.439877,0.653176
3.854512472,0.131833,0.00266893,1.83814,0,0.177489,3.51894,0.0014227,0,0.0997089,0.296336,0.482106,0.510777
3.900952381,0.158545,0.00224466,1.54074,0,0.469938,3.37434,0,0.170126,0.125664,0.31273,0.30929,0.155852
3.947392290,0.164809,0.00190008,1.55268,0,0.707157,3.21751,6.42612e-05,0.139859,0.221158,0.362992,0.237894,0.193477
3.993832200,0,0,0,0,0,0,0,0,0,0,0,0
4.040272109,0,0,0,0,0,0,0,0,0,0,0,0
4.086712018,0,0,0,0,0,0,0,0,0,0,0,0
4.133151927,0,0,0,0,0,0,0,0,0,0,0,0
4.179591837,0,0,0,0,0,0,0,0,0,0,0,0
4.226031746,0,0,0,0,0,0,0,0,0,0,0,0
4.272471655,0,0,0,0,0,0,0,0,0,0,0,0
4.318911565,0,0,0,0,0,0,0,0,0,0,0,0
4.365351474,0,0,0,0,0,0,0,0,0,0,0,0
4.411791383,0,0,0,0,0,0,0,0,0,0,0,0
4.458231293,0,0,0,0,0,0,0,0,0,0,0,0
4.504671202,0,0,0,0,0,0,0,0,0,0,0,0
4.551111111,0.204333,0.44511,1.50447,0.367906,0,1.48324,0.00505401,2.28339,0.181258,0.655883,0.267521,0.180692
4.597551020,0.243703,0.128183,1.45017,0.364343,0,1.42414,0.00346796,2.34533,0.211225,0.614993,0.311764,0.29703
4.643990930,0.293281,0.409016,1.2252,0.364316,0,1.17808,0.013882,2.28584,0.193491,0.577011,0.198015,0.408841
4.690430839,0.268365,0.387163,0.988578,0.391675,0,1.11324,0.126453,2.39715,0.347183,0.365696,0.194339,0.453779
4.736870748,0.154093,0.166604,0.930294,0.409666,0,1.20065,0.282867,2.38234,0.391675,0.249552,0.188053,0.43429
4.783310658,9.07008e-05,0.00440049,1.02408,0.429202,0,1.11129,0.212985,2.29834,0,0.336455,0.16963,0.445935
4.829750567,0,0.000658836,0.865157,0.153089,0.0928895,0.724817,0.0453805,2.35036,0.0707037,0.864769,0.316043,0.363808
4.876190476,0.000401586,0,0.650719,0.130492,0.0738761,0.674922,0.0176377,2.29755,0.134376,1.26464,0.214734,0.205644
4.922630385,0.000400735,0,0.588941,0.102479,0.0275768,0.514889,0.00458079,2.19826,0,1.46933,0.231895,0.100016
4.969070295,0.000139292,0,0.215745,0.00121352,0.0317652,0.257848,0.659462,2.90299,0.619539,0.421941,0.253627,0.113818
5.015510204,0.0821112,0.266906,0.226458,0.203775,0.0208001,0.209397,0.361589,3.5325,0,0.0306979,0.0801962,0.204908
5.061950113,0.000505336,0.48235,1.2758,0.232853,0.02018,0.0436418,0.0670211,3.83115,0.0891282,0.0115563,0.960657,0.0791728
5.108390023,0.217605,0.470557,1.74437,0.28725,0.0136166,0.0789374,0.0332101,3.9479,0,0.014133,1.30788,0.144393
5.154829932,0.328285,0.408627,1.86952,0.43632,0.0029236,0.0897676,0.0410328,3.93298,0,0.0154159,1.45953,0.264281
5.201269841,0.34756,0.384819,1.96724,0.414793,0,0.0879861,0.0477041,3.86227,0,0.0159729,1.62458,0.283518
5.247709751,0.342445,0.435005,2.12076,0.305806,0,0.0800329,0.0475013,3.8642,0,0.0164315,1.80577,0.19144
5.294149660,0.292729,0.322715,2.11798,0.150903,0,0.0584114,0.0317893,4.01508,0.0578085,0.0337745,1.94679,0.205377
5.340589569,0.218159,0.0958765,1.92149,0.106269,0,0.046018,0.00832845,4.05907,0,0.0376404,2.13026,0.340577
5.387029478,0.187636,0.0996352,1.87324,0.0309983,0,0.0311398,0.014009,4.0445,0,0.0158693,2.26969,0.466084
5.433469388,0.170649,0.113159,1.85858,0.0141378,0,0.0458248,0.0217119,4.02802,0,0.0158378,2.31474,0.495069
5.479909297,0.178945,0.122297,1.84992,0.0245769,0,0.0919848,0.0199199,4.03367,0,0.0153773,2.27753,0.484882
5.526349206,0.207929,0.224158,1.82837,0.122436,0,0.027415,0,4.06596,0.062181,0.0139747,2.28971,0.440575
5.572789116,0.211912,0.1148,1.87675,0.112709,0,0.0105071,0,4.09014,0,0.0127206,2.34206,0.430763
5.619229025,0.216021,0.103086,1.93552,0.108707,0.00602049,0.0039696,0.0857167,3.99421,0,0.0118973,2.33063,0.401282
5.665668934,0.231429,0.128295,1.97016,0.0236486,0.00554843,0.00240618,0.0332306,3.94449,0.00390535,0.0441906,2.36379,0.415084
5.712108844,0.244065,0.200491,1.92587,0.0241991,0,0,0,3.98289,0.00705161,0.0909903,2.42,0.368862
5.758548753,0.108068,0.187201,1.84425,0.0162481,0,0.00930399,0,4.00007,0.066125,0.0503479,2.40068,0.277209
5.804988662,0.00843658,0.20924,1.8333,0.0701556,0.00236616,0.0660189,0.0977573,3.94524,0,0.0359014,2.34196,0.121721
5.851428571,0.000337754,0.286696,1.86105,0.136633,0.120111,0.0872492,0.180689,3.69753,0,0.0534269,2.26598,0.0948052
5.897868481,0.000290965,0.313566,1.88719,0.263367,0.168301,0.0913594,0.131997,3.33614,0,0.0701215,2.02366,0.110064
5.944308390,0.000165557,0.27428,1.89531,0.285053,0.233175,0.0784757,0.0658786,2.95531,0.332031,0.0342375,1.60716,0.116366
5.990748299,0.0577687,0.146508,1.79798,0.146401,0.190693,0.0719194,0.469595,2.8086,0.29948,0.001646,1.16033,0.119901
6.037188209,0.221099,0.19061,1.51155,0.0329541,0.438738,0.179439,0.609826,2.9232,0.226727,0.0183894,0.268418,0.10019
6.083628118,0.0997398,0.300737,0.794442,0.0661813,0.00868952,0.0629029,0.815189,3.49343,0,0.0117935,0.744665,0.106637
6.130068027,0.189585,0.550381,0.64137,0.145293,0.00481782,0.0642185,0.704435,3.70258,0.0616074,0.0597352,1.22538,0.105513
6.176507937,0.467845,0.221859,0.724431,0,0,0.0611517,0.339194,3.44205,0.695358,0.0372555,1.35345,0.102533
6.222947846,0.478543,0.00708016,0.761127,0,0.00432326,0.0223351,0.305723,3.45564,0.727845,0.0177322,1.36952,0.0954099
6.269387755,0.455075,0.00300589,0.615775,0,0.135436,0.00491878,0.459819,3.46204,0.00717748,0.042696,1.25866,0.102584
6.315827664,0.533004,0.00253622,0.685859,0,0.193062,0.00884969,0.490841,3.16811,0.00138356,0.00420606,1.05369,0.108047
6.362267574,0.171432,0.03222,0.483019,0,0.0254975,0.0631562,0.482405,3.70357,0.100116,0.00679498,1.25619,0.105344
6.408707483,0,0,0,0,0,0,0,0,0,0,0,0
6.455147392,0,0,0,0,0,0,0,0,0,0,0,0
6.501587302,0,0,0,0,0,0,0,0,0,0,0,0
6.548027211,0,0,0,0,0,0,0,0,0,0,0,0
6.594467120,0,0,0,0,0,0,0,0,0,0,0,0
6.640907029,0,0,0,0,0,0,0,0,0,0,0,0
6.687346939,0,0,0,0,0,0,0,0,0,0,0,0
6.733786848,0,0,0,0,0,0,0,0,0,0,0,0
6.780226757,0,0,0,0,0,0,0,0,0,0,0,0
6.826666667,0,0,0,0,0,0,0,0,0,0,0,0
6.873106576,0.406334,0.376547,0.177993,0.0104193,0.0711356,1.11443,0.975713,1.39198,0.319353,0.0237731,1.73647,0.121616
6.919546485,0.453615,0.386049,0.212565,0.013887,0,1.70409,0.908083,1.26393,0.064334,0.0182638,1.55544,0.171907
6.965986395,0.645369,0.343737,0.397052,0.0152518,0.158042,2.05033,0.829263,0.962707,0,0.0258314,1.19082,0.0982011
7.012426304,0.747447,0.114182,0.496044,0,0.232442,2.26214,0.848562,0.759829,0,0.325367,0.95375,0.172103
7.058866213,0.731918,0.00268748,0.645858,0,0.270156,2.60129,0.622046,0.454372,0,0.266132,0.752768,0.279944
7.105306122,0.639925,0.00257546,0.502785,0.158644,0.288302,2.82539,0.386054,0.330463,0,0.223731,0.493444,0.13056
7.151746032,0.835105,0.00231278,0.00130912,0.228766,0.105122,2.90783,0.253168,0.300086,0.0482928,0.698502,0.22204,0.17485
7.198185941,0.740069,0.00242417,0.00178117,0.192116,0.00101385,2.9805,0.178142,0.558132,0.198554,0.912914,0.217375,0.19874
7.244625850,0.227541,0.0664987,0.00340087,0.101801,0.00573971,2.88253,0.38466,0.793206,0.121779,0.996082,0.248898,0.158531
7.291065760,0.104052,0.372227,0.0438021,0.0905394,0.00393518,2.89089,0.40374,0.539404,0,0.790447,0.385245,0.13888
7.337505669,0.151292,0,0.00257944,0.254798,1.17143,3.30259,0.440743,0,0,0.0287472,0.134788,0.127335
7.383945578,0.129345,0,0.688331,0.388138,0.394093,3.67442,0.0313177,0.0581789,0.0289855,0.221228,0,0.195618
7.430385488,0.0874366,0,1.75713,0.144638,0.187217,3.58436,0.18687,0.0746997,0,0.795445,0.0534425,0.247574
7.476825397,0.0248497,0.00521693,2.63929,0.00892976,0.167379,3.1051,0.179653,0.0281163,0,1.1631,0.376276,0.35488
7.523265306,0,0.128847,2.88467,0.00810144,0.143768,2.65194,0.242571,0.023963,0,1.64045,0.585468,0.262409
7.569705215,0,0.108108,3.10063,0.00889436,0.104749,2.39883,0.283717,0.0204479,0.085645,1.93518,0.662781,0.178614
7.616145125,0,0.0413077,3.41974,0.0110337,0.0733267,2.31823,0.311765,0.016888,0.1937,1.88188,0.525135,0
7.662585034,0,0,3.68805,0.0122012,0.0489091,2.39137,0.494604,0.013825,0.0387613,1.70027,0.238797,0
7.709024943,0,0.00186349,3.61435,0,0.0410572,2.50897,0.512933,0.131514,0.0207402,1.69287,0.354687,0
7.755464853,0.000175231,0.00367608,3.52478,0,0.015163,2.57842,0.298888,0.150301,0.0411176,1.87811,0.428383,0
7.801904762,1.2534e-05,0.00349713,3.49984,0,0.0124386,2.56628,0.33383,0.16385,0.051674,1.91054,0.365019,0
7.848344671,0.00013421,0.00328307,3.56427,0,0.0314945,2.49979,0.372184,0.133041,0.0656269,1.58084,0.243741,0.0156551
7.894784580,9.38881e-05,0.003035,3.56678,0,0.037888,2.47511,0.61641,0.100843,0.0761996,1.27282,0.157497,0.0513489
7.941224490,0,0.00114031,3.45753,0.011065,0.0125046,2.47292,0.485176,0.00660199,0.0754804,1.15644,0.241642,0.064468
7.987664399,0,0.000150062,3.40887,0.0144736,0,2.49922,0.354868,0.00090949,0.000979449,1.53069,0.310912,0.0987604
8.034104308,0,0.000746007,3.4605,0.0322797,0,2.48315,0.237708,0.00102022,0.00117546,1.70198,0.363238,0.161839
8.080544218,0,0.00163537,3.49635,0.0548642,0,2.44495,0.179668,0.00108755,0.00171375,1.67103,0.446719,0.192615
8.126984127,0,0.00206534,3.32054,0.408647,0,2.44698,0.238378,0.000624725,0.0027734,1.76068,0.367174,0.301954
8.173424036,0.158408,0.00256824,2.89022,0.66337,0.198711,2.41502,0.256305,0.0142255,0.0282989,1.88107,0.116742,0.106642
8.219863946,0.157723,0.00274013,3.01575,0.639934,0.283188,2.32847,0.2863,0.00399502,0.0388731,1.99996,0.268366,0.0730537
8.266303855,0.120288,0.002511,3.13534,0.0891278,0.111238,2.21899,0.415968,0.00522701,0.0568364,2.09248,0.186196,0.139561
8.312743764,0.0397646,0.0013454,3.19764,0.00769148,0.369731,2.04956,0.314337,0.0103326,0.0549787,1.97776,0.0943975,0.138461
8.359183673,0,0.00171774,2.52775,0.659874,0.230272,1.46775,0.153618,0.0183293,0.322422,1.58003,0.133455,0.141204
8.405623583,0,0.0335023,1.40008,0.768801,0.0291819,2.10724,0.261915,0.211502,0.643528,0.464023,0.134902,0.130122
8.452063492,0.287167,0.376454,0.371034,0.739178,0.123228,3.34628,0.0142723,0.376354,0.0143386,0.717919,0.140466,0.171705
8.498503401,0.175505,0.231823,0.252785,0.386437,0.477522,3.08651,0.000889399,0.405944,0.0379306,1.12859,0.145515,0.552528
8.544943311,0.158162,0.149289,0.780242,0.0105351,0.430895,3.14162,0.00620789,0.172907,0.0380461,1.1397,0.170708,0.510638
8.591383220,0.148934,0.222629,1.07871,0.016521,0.250902,3.2339,0.315887,0.144949,0.0369522,0.991209,0.153864,0.493654
8.637823129,0.146479,0.200941,1.41144,0.0202543,0.0477162,3.24882,0.343299,0.25932,0.113905,0.960059,0.125295,0.356416
8.684263039,0,0,0,0,0,0,0,0,0,0,0,0
8.730702948,0,0,0,0,0,0,0,0,0,0,0,0
8.777142857,0,0,0,0,0,0,0,0,0,0,0,0
8.823582766,0,0,0,0,0,0,0,0,0,0,0,0
8.870022676,0,0,0,0,0,0,0,0,0,0,0,0
8.916462585,0,0,0,0,0,0,0,0,0,0,0,0
8.962902494,0,0,0,0,0,0,0,0,0,0,0,0
9.009342404,0,0,0,0,0,0,0,0,0,0,0,0
9.055782313,0,0,0,0,0,0,0,0,0,0,0,0
9.102222222,0,0,0,0,0,0,0,0,0,0,0,0
9.148662132,0,0,0,0,0,0,0,0,0,0,0,0
9.195102041,0.157943,0.484405,0.926547,0.254507,0.637606,1.47827,1.09031,0.0711188,0.163108,0.719426,1.01009,0.0835757
9.241541950,0.419553,0.542529,0.810057,0.38339,0.386563,0.875582,0.846035,0.168739,0.488297,0.748922,1.1435,0.452471
9.287981859,0.497439,0.674002,1.0903,0.50853,0.338392,0.750827,0.986418,0.151841,0.550452,0.690743,1.13949,0.468939
9.334421769,0.511419,0.702414,1.32945,0.521705,0.207562,0.746707,0.89436,0.143203,0.61704,0.589614,1.04043,0.609902
9.380861678,0.62789,0.63751,1.30821,0.553358,0.115805,0.580534,0.789829,0.139192,0.670808,0.825668,0.886336,0.638002
9.427301587,0.697673,0.019881,1.52141,0.493766,0.0405609,0.566925,0.82865,0.167018,0.865465,0.857409,0.605321,0.78241
9.473741497,0.452704,0.101766,2.10622,0.111029,0.0150987,0.569014,0.503512,0.415483,0.788272,0.856555,0.429458,1.43062
9.520181406,0.112649,0.237983,2.12432,0.0523146,0.00728039,0.395057,0.192799,1.40873,0.686732,0.922909,0.523038,1.56092
9.566621315,0.05873,0.363568,2.10231,0.0134425,0.0193559,0.409677,0.130649,1.68535,0.666793,0.867558,0.579659,1.60514
9.613061224,0,0.311833,2.19539,0.0125367,0,0.300343,0.214701,1.74151,0.495304,0.887982,0.444633,1.50636
9.659501134,0,0,1.56514,0.556422,0,0.608672,0.925226,2.34195,0.386329,0.691446,0.304155,0.231836
9.705941043,0,0.0612616,1.25042,0.282126,0,0.416138,1.13585,2.30095,0.118397,0.179114,1.5668,0.0556578
9.752380952,0.201665,0.0329179,1.49161,0.250792,0,0.242649,0.623318,2.53165,0.103052,0.161252,2.08676,0.0569314
9.798820862,0.219553,0.114684,1.66041,0.217858,0.0139599,0.0952295,0.417672,2.80613,0.0643131,0.201629,2.30433,0.049796
9.845260771,0.1949,0.108444,1.6538,0.174699,0.152117,0.0450253,0.240217,3.04275,0.0365148,0.147335,2.41607,0.115698
9.891700680,0.198254,0.27756,2.01587,0.0588491,0.103123,0.00293055,0.0384925,3.16733,0.0424324,0.094486,2.43629,0.202009
9.938140590,0.0587677,0.329049,2.22554,0.0489303,0,0.0117718,0.0232326,3.42548,0.0453995,0.0899468,2.64546,0.267201
9.984580499,0.057512,0.128595,2.23417,0.0538846,0,0,0.0392757,3.56708,0.046116,0.160404,2.74765,0.161418
10.031020408,0.0073464,0.129069,2.258,0.0653834,0,0,0.042718,3.63205,0.0474358,0.272881,2.64033,0.110122
10.077460317,0,0.121869,2.24701,0.0707232,0,0,0.042997,3.73085,0.0476413,0.336468,2.37645,0.17075
10.123900227,0,0.115908,2.26179,0.0438119,0,0,0.0465948,3.79364,0.0481821,0.341825,2.21602,0.22381
10.170340136,0,0.0990751,2.28,0.0191893,0,0,0.0489187,3.82251,0.0483868,0.332991,2.1353,0.303093
10.216780045,0.0573568,0.105269,2.27694,0,0,0,0.0472558,3.77497,0.0519759,0.348732,2.07727,0.332942
10.263219955,0.373524,0.108861,2.24397,0,0,0,0.0506376,3.67009,0.0530447,0.345981,2.0772,0.232867
10.309659864,0.64026,0.0969784,2.20198,0.00180529,0,0.000452187,0.0502504,3.69767,0.0568286,0.277278,2.13964,0.0820096
10.356099773,0.770426,0.0860865,2.1744,0.0279911,0,0.000371446,0.0550784,3.70314,0.0642553,0.284592,2.17914,0.0677511
10.402539683,0.742389,0.111677,2.12126,0.0141836,0,0.0922356,0.0476431,3.66942,0.0748892,0.336181,2.23202,0.0309013
10.448979592,0.552271,0.161939,1.95328,0,0.00782895,0.112822,0.0225221,3.659,0.0798838,0.348986,2.27712,0.000216189
10.495419501,0.820884,0.167547,1.86146,0,0.010179,0.281554,0.032688,3.35975,0.0878005,0.345117,2.27652,0.000186966
10.541859410,1.14904,0.288137,1.57048,0,0.0088628,0.554987,0.0924831,2.97163,0.0848605,0.393226,2.12469,8.75827e-05
10.588299320,1.12318,0.39073,1.25127,0,0.00939257,0.950923,0.131059,2.48563,0.087531,0.46079,1.72848,0
10.634739229,1.14615,0.486729,0.874401,0.00892517,0.0234187,1.39549,0.114887,1.91445,0.0776257,0.283125,1.50258,0
10.681179138,0.962137,0.580086,0.610872,0.0292661,0.0271055,1.82733,0.0349907,1.72402,0.565088,0.149769,0.843408,0.130131
10.727619048,0.954686,0.846597,0.755687,0.0360841,0.613563,1.6153,0.00462496,1.94064,0.612273,0.0907901,0.614083,0.25969
10.774058957,0.793959,0.356712,0.677036,0.140228,1.26321,1.20981,0.0396063,1.83873,0.55581,0,1.34337,0.756604
10.820498866,0.432202,0.539374,0.420164,0.0439072,1.50548,1.23454,0,1.81467,0.419811,0,1.5146,1.46315
10.866938776,0.174016,0.136319,0.019584,0.0433131,1.95718,1.10454,0.00906712,1.74907,0.455818,0,1.54468,1.57158
10.913378685,0.0120327,0.166772,0,0.0334633,2.56943,0.731475,0.0131041,1.71756,0.415989,0,1.60818,1.51152
10.959818594,0.0501626,0.208937,0,0.0291091,2.91002,0.51488,0.00800407,1.7202,0.330458,0,1.5474,1.39132
11.006258503,0.142447,0.358765,0,0.00244103,2.8261,0.367743,0.00335241,1.84682,0.274466,0.311761,1.32964,1.22899
11.052698413,0.184276,0.506572,0,0.00240122,2.5206,0.363632,0.0223692,1.94607,0.289777,0.793413,1.14532,0.822069
11.099138322,0.116445,0.516577,0.598153,0.00143283,2.2378,0.569641,0.047256,1.96362,0.31308,0.808255,0.772728,0.7479
11.145578231,0.0793019,0.318506,1.06692,0.00180678,2.17684,0.42557,0.14639,1.91007,0.245451,1.02055,0.562019,0.918242
11.192018141,0.0568078,0.127351,1.06215,0.0142813,2.08111,0.380367,0.0583515,1.90832,0.144943,1.16107,0.623627,1.09864
11.238458050,0.204736,0.161004,0.820065,0.357049,2.18402,0.958701,0.533927,0.245213,0.122277,1.70359,0.371464,1.26157
11.284897959,0.507499,0,0.551487,0.255972,2.06403,0.672278,0.419399,0.0129647,0.196462,2.07015,0.626702,1.51701
11.331337868,0.581252,0.107895,0.549726,0.283317,1.87177,0.58609,0.654715,0.0449158,0.233054,1.71113,0.513389,1.71123
11.377777778,0.650127,0.240588,0.86974,0.337482,1.27792,0.786041,0.634179,0.0645021,0.571014,0.896447,0.524357,1.81641
11.424217687,0.742312,0.192012,0.973956,0.403543,0.642384,0.81017,0.514055,0.0771604,0.691245,1.04597,0.377292,1.66368
11.470657596,0.810189,0.0402487,1.23051,0.285401,0.279237,0.869319,0.375932,0.0877606,0.810374,1.46208,0.0849714,1.87337
11.517097506,0.454091,0.153717,1.79958,0,0.932535,0.602654,0.0421448,0.11433,0.748826,1.43072,0.0298867,2.36443
11.563537415,0,0.147372,1.82078,0,1.48641,0.322956,0.061548,0.709906,0.786046,1.47098,0.140264,2.41948
11.609977324,0.0789581,0,1.86981,0.0698428,1.67093,0.0536191,0.380479,0.604927,0.487041,1.81391,0.0773375,2.18038
11.656417234,0.21175,0.46486,1.32657,0.406465,1.44593,0.0232513,0.856382,0.3884,0.597304,1.89604,0.0227125,1.60047
11.702857143,0.251237,0.651345,0.541769,0.464042,1.1071,0.0578823,1.25479,0.419359,0.974091,1.59528,0,1.44938
11.749297052,0.754003,0.618182,0.433755,0.622653,1.79028,0.0622433,1.45831,0.122238,0.899692,0.937851,0.0198711,1.2803
11.795736961,0.823013,0.726904,0.613926,0.565769,2.18492,0.233951,1.31779,0,0.609945,1.10503,0.143483,1.02366
11.842176871,0.752015,0.560132,0.791026,0.567236,2.42414,0.378905,1.31956,0.000393448,0.466987,1.37478,0.178776,0.718524
11.888616780,0.69038,0.530869,0.872312,0.361184,2.53554,0.28629,1.27789,0.0796105,0.291453,1.72409,0.155001,0.571155
11.935056689,0.729803,0.435246,0.763207,0.227376,2.53537,0.166942,1.37998,0.0136028,0.161087,2.0767,0.16212,0.75005
11.981496599,0.654684,0.184186,0.29866,0.337206,2.40173,0.122359,1.46667,0.0183705,0.20839,2.32967,0.0422579,0.960923
12.027936508,0.113504,0.0445674,0.937242,0.26059,0.492209,2.84218,0.924312,0.0200473,0.290823,1.01497,0,0.930943
12.074376417,0.630467,0.0800714,1.39377,0.193813,0.355261,3.15054,0.333559,0.478759,0.137053,1.12922,0.360726,0.112781
12.120816327,0.453871,0.212085,2.55475,0.107831,0.255831,2.54898,0.111824,0.832749,0.0535384,1.2261,0.114848,0.0723481
12.167256236,0.315028,0.312333,3.128,0.0492674,0.197573,2.31028,0,0.661719,0.0296213,1.47868,0.0513116,0.0756485
12.213696145,0.146209,0.362215,3.271,0.0780134,0.179121,2.09999,0,0.679159,0,1.86505,0.00591444,0.0424189
12.260136054,0.0926554,0.243987,3.54213,0.0161894,0.158839,2.03955,0,0.348623,0.149654,2.13877,0.0200652,0.0876129
12.306575964,0.0481404,0.00205733,3.6486,0.0149654,0.143686,2.03907,0.002312,0.0996098,0.226994,2.30373,0.0264341,0.131122
12.353015873,0.0458552,0.00182549,3.62797,0.015137,0.138692,2.05629,0.190867,0.0399623,0.00888183,2.3194,0.0524487,0.0852019
12.399455782,0.0619104,0.00179472,3.55313,0.0153202,0.13963,2.03983,0.270091,0.0408472,0.00448232,2.37541,0.073016,0.0999904
12.445895692,0.254615,0.00181242,3.42347,0.0154854,0.141242,2.13184,0.258505,0,0.0180884,2.35064,0.0435219,0.105921
12.492335601,0.735643,0.00181857,3.2389,0.0152825,0.143235,2.3275,0.183148,0,0,2.21133,0.0441706,0.0936214
12.538775510,0.872165,0.00179371,3.06128,0.0209986,0.129782,2.51985,0.148357,0.419341,0,1.94387,0.0845153,0.0290445
12.585215420,0.854422,0.00179832,3.0317,0.0259394,0.0790775,2.53895,0.0915059,0.829147,0,1.58842,0.0914502,0.0915776
12.631655329,0.721935,0.0017792,3.08453,0.0249735,0.0300574,2.36657,0.0448115,1.05011,0.00136098,1.35188,0.081707,0.227375
12.678095238,0.47878,0.00172019,3.10102,0.0235029,0.00741741,2.14362,0.0462279,1.17289,0.0495658,1.19606,0.0837687,0.323946
12.724535147,0.525701,0.00158873,3.05611,0.02053,0.00128763,1.92752,0.0990489,1.24102,0.0499302,1.18244,0.127889,0.279847
12.770975057,0.907697,0.00162412,2.90007,0.0230225,0,2.1895,0.095601,1.02968,0.0407195,1.40353,0.032088,0.0639966
12.817414966,0.828466,0.019849,2.63668,0.0198161,0,2.43607,0.0425027,0.724406,0.145216,1.40253,0.0265697,0
12.863854875,0.943461,0.0752527,2.44685,0.0232407,0,2.2162,0.0227139,0.615932,0.363065,1.08154,0.0467073,0.0194019
12.910294785,0.922317,0.242789,2.56784,0.0278106,0.00844594,1.92193,0.0352198,0.813646,0.318389,0.945388,0.113805,0.0975144
12.956734694,0.72594,0.379329,2.90042,0.0280064,0.0168363,1.56072,0.0356306,1.12857,0.241938,0.853174,0.136047,0.155493
13.003174603,0.479432,0.358175,3.1011,0.0237102,0.194911,1.16329,0.0298301,1.49139,0.0876767,0.730935,0.0185387,0.186287
13.049614512,0.599834,0.128146,2.74856,0.0134473,0.974976,0.74005,0.00924376,2.04205,0.128708,1.02431,0.00173523,0.170957
13.096054422,0.45938,0.264215,2.16463,0.0416833,0.747174,1.19783,0.338322,1.95479,0.150014,1.34872,0,0.203537
13.142494331,0.466035,0.00252966,1.7906,0,0.718435,0.981293,0.414709,2.08437,0.268423,1.32675,0.109099,0.265591
13.188934240,0.451017,0.377912,1.99022,0,0.0116382,1.40119,0.456458,2.04353,0.195363,0.870367,0.131393,0.634172
13.235374150,0.715302,0.280066,1.79467,0.00623228,0.00433153,2.3519,0.578372,1.56675,0.182183,0.904504,0.148262,0.128903
13.281814059,1.18446,0.600734,0.793356,0.163258,0.226789,2.55065,0.384269,1.24578,0.132432,1.08738,0.00546519,0.0933702
13.328253968,1.30135,0.666837,0.547075,0.451056,0.25846,2.05882,0,1.06823,0.0141516,0.785691,0.702611,0.191619
13.374693878,1.34093,0.248803,0.641236,0.561287,0.0972826,1.72323,0.00927389,0.921629,0.110434,0.92645,0.425367,0.160465
13.421133787,1.47785,0.122443,0.777024,0.531943,0.0089558,1.71785,0.0104643,0.580139,0.0869837,0.939755,0.316003,0.0951666
13.467573696,1.76256,0,0.823682,0.432468,0.00936842,1.8788,0.220428,0.506965,0.0244211,0.952415,0.0594524,0.0130084
13.514013605,1.82467,0,0.920152,0.357265,0.0148306,2.05328,0.764868,0.351171,0,1.09623,0,0.00688309
13.560453515,1.74037,0.0180769,1.31372,0.0299042,0,2.06808,0.897226,0.0820156,0.0169197,1.28324,0,0.00560482
13.606893424,1.64422,0.0371865,1.56018,0.03481,0.00055043,1.97643,0.737882,0.235259,0.00134431,1.41027,0.000366283,0.240902
13.653333333,1.8554,0.0477087,1.25705,0.168415,0.0257893,2.00936,1.01873,0.0268706,0,1.51428,0.000540724,0.0499064
13.699773243,1.9559,0.204478,0.814323,0.126674,0.0225042,2.04072,1.21789,0.0150242,0,1.26014,0.000697245,0.00212816
13.746213152,1.46927,0.574576,1.00876,0.155655,0.00946723,1.99954,1.37629,0.0738061,0.110179,0.845791,0.000679561,0.0465084
13.792653061,1.6851,0.643427,0.988397,0.0687193,0.634165,1.9609,1.28499,0.0503505,0.041414,0.832969,0.117445,0.102978
13.839092971,1.93099,0.438125,0.890902,0.0357084,1.00758,2.16235,1.28399,0,0.107539,0.940422,0.11793,0.10526
13.885532880,1.82142,0.517931,0.709643,0.0517743,0.934807,2.01212,1.27879,0.0226666,0.104387,0.82753,0.179516,0.0854315
13.931972789,1.36735,0.62685,0.441314,0.0153643,0.673822,2.47209,1.19507,0.071689,0.071405,0.989782,0.18291,0.00128272
13.978412698,1.24887,0.308613,1.17558,0.0327394,0.00645278,2.40252,1.14721,0.0362852,0.350643,1.00459,0.545916,0.176336
14.024852608,1.15969,0.406782,1.15318,0.106914,0.00741586,2.2339,0.882443,0.0764647,0.578112,1.04199,0.509035,0.369824
14.071292517,1.10109,0.426162,1.2922,0.0233314,0.0022876,2.2639,0.380872,0.0906235,0.727837,1.03488,0.262054,0.80181
14.117732426,1.09261,0.0311733,1.62379,0,0,2.17228,0.180932,0.28222,0.740666,1.09562,0.00210013,1.31583
14.164172336,1.07122,0.0544478,1.45288,0,0,1.92549,0.0835436,1.22223,0.403731,1.25812,0.00166657,1.34541
14.210612245,0.960622,0.0953934,1.42079,0,0,1.78818,0.0820313,1.71628,0.270084,1.15455,0.0184563,1.34306
14.257052154,0.708354,0.160338,1.58523,0,0.00137623,1.8567,0.0788343,1.88864,0.107321,1.05036,0.00171617,1.21709
14.303492063,0.895874,0.136149,1.57511,0.0659259,0.00210915,1.60208,0.166821,2.07659,0.0671375,0.865886,0.00169684,0.942265
14.349931973,0.196894,0.433642,0.965786,0.0297897,0.0120832,1.2382,0.123467,3.1395,0.837768,0.0513621,0.964753,0.000462792
14.396371882,0.248333,0.722192,1.36416,0,0,0.328025,0.037448,3.71474,0.127606,0.0465361,1.75523,0.000163314
14.442811791,0.253186,0.546839,1.48065,0,0,0.212527,0.0631616,3.7254,0.0354095,0.150066,2.03613,0
14.489251701,0.380852,0.535258,1.60447,0,0.0759613,0.178924,0.072761,3.65757,0.000360916,0.128143,2.14748,0
14.535691610,0.487923,0.610667,1.88873,0,0.108258,0.0907115,0.0732226,3.5032,0.0317884,0.0144925,2.28739,0.000113739
14.582131519,0.573866,0.522614,2.13833,0.0393117,0.00265052,0.0456365,0.066544,3.33162,0.0423976,0.0128582,2.52092,0.000195963
14.628571429,0.54042,0.11112,2.39721,0,0.00757815,0.0139456,0.0623168,3.24731,0.0429025,0.0119125,2.82964,0.000237636
14.675011338,0.330515,0.129026,2.63401,0.0119361,0.00496947,0.00967224,0.0554419,3.02707,0.0464434,0.0176377,2.9319,0.000212562
14.721451247,0.295805,0.109551,2.68422,0.0104271,0,0.081464,0.0228539,2.95938,0.0468995,0.01865,2.98824,7.89457e-06
14.767891156,0.348014,0.115067,2.60279,0.0133708,0,0.0936016,0.0617546,3.12373,0.0462089,0.014136,3.02397,0.00018361
14.814331066,0.323803,0.103984,2.53865,0.0127615,0.00511939,0.0711627,0.0756154,3.32557,0.0462927,0.00682708,3.04063,0.000424014
14.860770975,0.449031,0.0903915,2.45904,0.0107122,0.0129957,0.0272559,0.0771031,3.58244,0.046538,0.00385023,2.98348,0.000473399
14.907210884,0.934373,0.084594,2.25047,0.0195357,0.0170192,0.00171642,0.0755849,3.64771,0.0463313,0.00544826,2.78141,0.000480456
14.953650794,1.1056,0.0735042,2.16818,0.024063,0.0152571,0.120414,0.073481,3.67274,0.0462027,0.0618351,2.63061,0.000458825
15.000090703,1.12829,0.069963,2.16845,0,0.00360174,0.0785624,0.0661813,3.6156,0.0462273,0.135957,2.58047,0.000372802
15.046530612,0.908015,0.0628111,2.13911,0,0.0310973,0,0.119047,3.12318,0.0457352,0.011836,2.17276,0.248713
15.092970522,0.639289,0.109082,1.94331,0,0,0.0531254,0.105116,2.94902,0.233136,0.0244517,1.8173,0.382908
15.139410431,0.757567,0.0137889,1.19981,0,0,0.0512244,0.108838,2.4291,0.662402,0.0869852,1.60188,0.410654
15.185850340,0.85487,0.189952,0.893838,0,0.00547456,0.0107256,0.15881,2.19049,0.819075,0,1.61434,0.399011
15.232290249,0.886465,0.226078,0.592567,0.0854397,0.0147411,0.0461321,0.204467,2.21861,0.865793,0,1.53821,0.256047
15.278730159,0.887168,0.146353,0.704386,0.277242,0.340832,0.0898177,0.238146,1.95514,0.734242,0.0112572,1.4251,0
15.325170068,1.21724,0.0819917,1.01708,0.406401,0.811165,0.175704,0.763053,0.835894,0.764829,0.0801744,1.24257,0
15.371609977,1.15235,0.0807197,1.35285,0.391459,1.2134,1.11449,0.554555,0.301256,0.799307,0.294085,0.451898,0.388966
15.418049887,1.38486,0.12269,0.0664733,0.152908,2.02413,1.67823,0.384659,0.752162,0.752912,0.80935,0.380375,0.806059
15.464489796,0.951468,0.0890607,0.168359,0.195238,2.06121,1.35861,0.672203,0.854511,0.92206,0.315049,0.172499,1.01136
15.510929705,0.541208,0.217268,0.21206,0.445176,2.2441,0.902491,0.801698,0.781649,0.488926,0.0593889,1.07227,0.718937
15.557369615,0.0445623,0.164149,0.0335745,0.704746,2.14003,0.949981,0.359793,0.0616559,0.293487,0.8795,1.06804,0.699259
15.603809524,0.127245,0.14955,0.0122383,0.838866,1.84777,0.708378,0.13275,0.00991538,0.238727,1.90156,0.606193,0.630789
15.650249433,0.258025,0.692135,0.00308352,0.299901,1.38553,0.435386,0.10817,0.130852,0.316022,2.52069,0.140047,0.453353
15.696689342,0.662061,0.422557,0.421565,0.000748595,0.837265,0.207829,0.0909085,0.0964154,0.372408,2.77399,0.0636645,0.28583
15.743129252,0.238861,0.656814,0.711617,0.0348185,1.03541,0.240335,0.253078,0.464379,0.320834,2.47279,0.02848,0.348798
15.789569161,0.298753,0.236452,1.15018,0.0795368,1.4193,0.613773,0.24648,0.0050141,0.368864,2.00887,0.121744,0.632082
15.836009070,0.44902,0,1.2547,0,1.85572,0.771477,0.626932,0.0292571,0.37728,1.78,0.34779,0.806836
15.882448980,0.21276,0.381867,1.58486,0.222902,1.70526,1.04934,0.763274,0.054061,0.28822,1.89615,0.477002,0.889637
15.928888889,0.207242,0.567209,1.64396,0.39794,0.816107,0.957383,0.691921,0.0754476,0.177422,2.01673,0.443573,0.802009
15.975328798,0.320436,0.455303,1.34961,0.494573,0.206854,0.810102,0.709009,0.0884138,0.194698,2.01928,0.307607,1.06749
16.021768707,0.298936,0.318582,1.59984,0.299461,0.242322,0.831956,0.596942,0.0990223,0.631507,1.63617,0.00106254,2.33731
16.068208617,0.298011,0.442027,1.61712,0.00705378,0.365085,0.710334,0.212229,0.787961,0.473362,1.88999,0.00155161,2.11847
16.114648526,0.33034,0.479654,1.58462,0,0.658426,1.04711,0.0583142,1.12203,0.337557,1.97369,0.00165566,1.84849
16.161088435,0.382749,0.469903,1.55401,0,0.873752,1.03422,0.0574773,1.2253,0.283591,2.02294,0.00165661,1.8653
16.207528345,0.0582193,0.173903,1.84243,0,0.401983,0.700025,0.387088,1.29875,0.0541372,1.87868,0.45839,1.24509
16.253968254,0.248756,0,0.892588,2.36021,0.113089,0,0.362401,0.994863,0.203046,1.11341,0.568556,0.781265
16.300408163,0.288187,0.43339,0.880542,1.41361,0.128842,0,0.670154,0.613127,1.07872,0.272142,0.854648,0.416751
16.346848073,0.279062,0.258716,0.839876,1.24495,0.113077,0,0.844773,0.477605,1.08415,0.330188,0.883512,0.414111
16.393287982,0.122904,0.219951,1.01118,0.939666,0.0546473,0,1.19586,1.13635,0.177295,0.282673,0.91568,0.259762
16.439727891,0.08939,0.463646,0.908074,0.73133,0.0254475,0,1.33737,2.15969,0.0430254,0.297538,0.784133,0.308913
16.486167800,0.158107,0.959835,0.953089,0.37473,0,0.0175578,1.34362,2.34135,0.00185112,0.501964,0.0172503,0.272001
16.532607710,0.0296627,1.12501,0.956645,0.107323,0.00717506,0.0418637,1.01792,2.38593,0.00279537,0.4168,0.00320293,0.371845
16.579047619,0.0133923,0.222734,0.59085,0.263858,0.0641899,0.0810304,1.11008,2.4119,0.123183,0.520074,0.227086,0.409514
16.625487528,0.258269,0.138703,0.0869575,0.148812,0.476376,0.181437,0.893366,1.75762,0.0374526,0.893811,0.925706,1.85021
16.671927438,0.290894,0.000426569,1.09449,0.187555,0.682843,0.857755,0.809719,0.0670268,0.0516858,0.28964,0.39452,2.91373
16.718367347,0.202181,0.171262,0.98487,0.199139,0.120847,2.20699,0.280038,0.012957,0.0387195,0.19835,0.27027,2.8757
16.764807256,0,0.27351,1.81361,0.198516,0.264827,1.90077,0,0.364482,0.0566079,0.617454,0.437733,1.87851
16.811247166,0,0.262549,2.31142,0.239665,0.379068,1.78685,0,0.293527,0.100393,0.772966,0.532454,0.770224
16.857687075,0,0.140407,2.84023,0.175526,0.461912,1.73469,0,0.122815,0.145815,1.19882,0.463919,0.451393
16.904126984,0,0.105469,3.49446,0.0340685,0.396271,1.63977,0,0,0.15077,1.66102,0.100363,0.309754
16.950566893,0,0.0394319,3.71705,0.0252357,0.0906634,1.58713,0.0062199,0,0.0725525,2.1697,0.00217602,0.492215
16.997006803,0.000191096,0.00238216,3.75526,0.00993973,0,1.61801,0.0222479,0.168082,0,2.41702,0.00198559,0.487964
17.043446712,0.00010037,0.0537892,3.71835,0.0115119,0.014667,1.83326,0.0684413,0.32882,0,2.61701,0.144688,0.269986
17.089886621,0,0.0515082,3.565,0.000756045,0,2.02844,0.0563777,0.344431,0.0253664,2.65909,0.183511,0.31969
17.136326531,0.340634,0.0437404,3.33212,6.16034e-06,0.00744517,2.31256,0.0489526,0.278952,0.00252243,2.49271,0.0563605,0.322873
17.182766440,0.602575,0.0770721,2.95721,0,0,2.36798,0.049616,0.497882,0,2.24777,0.0601461,0.260364
17.229206349,0.628531,0.0663277,2.87523,0.00073199,0,2.36742,0.0496717,0.673614,0,1.94805,0.042857,0.295511
17.275646259,0.509601,0.0415033,2.89114,0.00171798,0.0094945,2.3655,0.0481417,0.783639,0,1.67564,0.00159493,0.386634
17.322086168,0.376807,0.0344847,2.96173,0.00459014,0.0277175,2.30513,0.0437357,0.814092,0,1.65726,0.139188,0.419395
17.368526077,0.293014,0.0639239,3.11148,0.0178381,0,2.30261,0.0352684,0.702275,0,1.88376,0.217586,0.345935
17.414965986,0.552322,0.0955831,3.03058,0.039359,0,2.37907,0.0311128,0.504067,0,2.21373,0.185291,0.282073
17.461405896,0.697663,0.135356,2.61501,0.0717903,0.0020092,2.51157,0.0315196,0.540925,0,2.06645,0.0913264,0.00027089
17.507845805,0.663363,0.164804,2.31262,0.0768495,0.0127941,2.54626,0.0427104,1.08406,0,1.62478,0.125032,0.000206533
17.554285714,0.598557,0.238631,2.28928,0.0596627,0.0148645,2.24012,0.0308151,1.31237,0,1.32328,0.150688,0.138349
17.600725624,0.39686,0.142501,2.51596,0,0.0185938,1.78161,0.0307943,1.51015,0.614384,0.902157,0.148528,0.423587
17.647165533,0.462936,0,1.80693,0.0126455,0.0367667,0.81649,0.410149,2.44734,0.482792,1.50771,0.277785,0.331995
17.693605442,0.242611,0.683698,1.11003,0.347511,0.22365,1.17632,0.743146,1.9136,0.363032,0.372809,0.67262,0.4032
17.740045351,0.35985,0.902058,0.929149,0.44525,0.314554,1.27824,0.843241,1.3052,0.250012,0.477443,0.825223,0.376402
17.786485261,0.315815,0.965487,0.921751,0.412927,0.302012,1.3092,0.864222,1.16253,0.247038,0.386412,0.954928,0.433479
17.832925170,0.312558,1.01771,0.918611,0.589389,0.345029,1.36294,0.787224,1.12409,0.178872,0.253054,0.88822,0.673693
17.879365079,0.509605,0.95755,1.13073,0.759724,0.224156,1.28516,0.67983,1.06018,0.138541,0.135685,0.829786,0.796253
17.925804989,0.917035,0.448165,1.39696,0.446305,0.492436,0.851746,0.223033,1.39016,0.357357,0.306339,0.687693,0.615085
17.972244898,0.77428,0.513331,0.489855,0.171827,0.739547,1.21845,1.3672,0.728878,1.21799,0.407497,0.378772,0.452166
18.018684807,0.268417,0.540871,0.152132,0.0191557,0.834458,1.18002,0.977212,1.26319,1.30097,0.46918,0.625191,0.158888
18.065124717,0.162524,0.705474,0.214081,0.229422,0.727544,1.20894,0.710693,1.3019,1.25968,0.387625,0.604902,0.204716
18.111564626,0.275659,0.792783,0.231208,0.282369,0.657376,1.27626,0.776705,1.33596,1.17306,0.169443,0.632177,0.410387
18.158004535,0.751428,0.983261,0.322339,0.259018,0.507943,1.40207,0.744902,1.15511,0.958724,0.0823189,0.687407,0.532067
18.204444444,0.889663,1.1179,0.593443,0.0829557,0.342954,2.36225,0,0.717846,0.792592,0.057502,0.96499,0.552709
18.250884354,1.09248,1.05834,0.400649,0.00664142,0.570796,1.57854,0.584278,0.777327,0.750865,0.674904,0.976033,0.132002
18.297324263,0.531059,1.25518,0.456193,0.273229,0.199728,0.938347,1.08319,1.26718,0.483806,0.685431,1.20074,0.123468
18.343764172,0.346675,1.19893,0.622031,0.289407,0.294975,0.984633,1.13608,1.30606,0.292186,0.90142,1.05843,0.0249427
18.390204082,0.329293,1.22979,0.723485,0.207235,0.344284,0.960445,1.09689,1.26695,0.229884,0.777651,1.16589,0.0465253
18.436643991,0.448367,1.31853,0.829944,0.202855,0.387488,0.949164,1.045,1.10536,0.0637762,0.667122,1.24201,0.120935
18.483083900,0.65424,1.24279,1.05773,0.28156,0.377357,1.29188,0.77752,0.970005,0.00752486,0.636847,1.40718,0.148826
18.529523810,0.725389,0.957533,1.22245,0.0172503,0.213075,1.64923,0.579982,0.406747,0.716002,0.734178,0.806862,0.115898
18.575963719,0.424861,1.03254,0.930453,0.0152033,0.381546,1.25293,1.38982,0.821892,1.13682,0.552671,0.790132,0.0240626
18.622403628,0.250602,1.19269,0.994404,0.0281427,0.386787,1.13108,1.07158,0.987638,1.06874,0.659782,0.870066,0.000305413
18.668843537,0.235813,1.28037,1.08198,0.119725,0.278223,1.16407,1.11638,0.92972,1.09298,0.396572,0.830414,0.00644149
18.715283447,0.251317,1.36081,1.13389,0.183062,0.495343,1.0336,1.05849,0.930907,1.05053,0.34759,0.925566,0.183373
18.761723356,0.273722,1.35817,1.18015,0.212156,0.592399,0.704517,0.984988,1.35437,0.892768,0.40185,1.15992,0.214491
18.808163265,0.484787,0.309891,1.11596,0.0496021,0.0576178,0.0305442,0.455287,2.79092,1.11173,0.387455,1.54399,0.532204
18.854603175,0.517947,0.584927,1.45143,0.0378021,0,0,0.236253,2.75728,0.183083,0.273911,2.28887,0.834548
18.901043084,0.336983,0.372661,2.25659,0.0187785,0.00470341,0.0614849,0.0217022,2.79505,0.125793,0.111377,2.38261,0.932798
18.947482993,0.256857,0.125223,2.57114,0.0231395,0.262303,0.17161,0.0961388,2.61309,0.243135,0.0358676,2.26573,0.835211
18.993922902,1.25468,0,2.21727,0.222089,0.332855,0.441633,0.236158,2.26459,0.182379,0.335668,2.06826,0.252222
19.040362812,1.22631,0,2.15048,0.16085,0.13617,0.952709,0.187658,1.77351,0.0816922,0.335027,2.096,0.0345421
19.086802721,1.0114,0.0119712,2.05358,0.234089,0.0311849,0.944709,0.216712,2.1637,0.0711886,0.163183,2.32171,0.000252309
19.133242630,0.747499,0.0131072,1.47434,0.382101,0.107351,0.898194,0.0517607,2.9068,0.0592806,0.284292,2.06376,0.109075
19.179682540,0.440247,0.0828136,1.61594,0.330336,0.466628,0.8136,0.0406169,2.41551,0.0908401,0.179511,2.21336,0.183816
19.226122449,0,0.0653235,1.91662,0.306892,0.425138,0.870707,0.0266028,2.26024,0.0645516,0.112561,2.80708,0.227772
19.272562358,0,0.082047,1.92669,0.247742,0.276658,0.930706,0.0228698,2.06029,0.0603026,0.287099,3.06361,0.249591
19.319002268,0,0.111272,1.9147,0.115253,0.0758279,1.04629,0.0156828,2.04214,0.0712862,0.686059,2.69961,0.2579
19.365442177,0,0.0681254,1.86507,0.0368494,0,0.752924,0.0177342,2.9037,0.132192,0.791495,1.88341,0.366619
19.411882086,0,0.326666,1.76882,0.0353656,0.11045,0.0453149,0.0246041,3.68487,0.148777,0.303247,1.57142,0.353367
19.458321995,0,0.476456,1.69921,0.0224027,0.274143,0,0.0277117,3.56383,0.0599309,0.0713179,1.57117,0.205372
19.504761905,0,0.0318038,1.74965,0,0.210251,0.876213,0.0175309,2.98633,0.335053,0,2.51133,0.00084063
19.551201814,0,0.027257,1.74118,0,0.204402,1.16883,0.0200706,2.08465,0.383193,0.335417,2.9022,0.000790939
19.597641723,0,0.0414698,1.69807,0,0.198565,1.17997,0.0222489,1.62926,0.407314,0.673285,2.79236,0.000738257
19.644081633,0,0.0486554,1.82971,0,0.178495,1.23196,0.0334359,1.49778,0.428063,0.980257,2.41103,0.000696698
19.690521542,0,0.0428482,2.22823,0.194155,0.0926544,1.28249,0.178273,1.87016,0.452979,0.965075,1.66341,0.000448547
19.736961451,0.00215547,0.0320521,2.24302,0.0455165,0.00494553,0.885999,0.124285,2.81502,0.511504,0.87967,0.613771,0.121541
19.783401361,0.0619445,0.0103682,2.21328,0.0101005,0,0.15993,0.0927138,3.94922,0.136782,0.708443,0.00213417,0.558174
19.829841270,0.157775,0.0191156,1.75275,0.011062,0,0.338641,0.145594,3.48179,0.233592,0.0588911,1.2814,0.0103063
19.876281179,0.0220449,0,1.61002,0.0115354,0.0412117,0.710632,0.138271,2.02908,0.210498,0.322581,1.96922,0.000131118
19.922721088,0.0358437,0,1.02489,0.0110862,0.105436,1.12371,0.10035,1.67109,0.241678,0.696604,2.74803,0
19.969160998,0.0543385,0,0.389996,0.0867219,0.0368077,1.22748,0.0656201,1.22874,0.316549,0.824004,3.54637,0
20.015600907,0.0644445,0.455363,0.706311,0.0165017,0.5873,1.56003,0.338259,0.644722,0.499424,0.212424,3.63867,0
20.062040816,0.0590018,0.671023,1.17161,0.339445,0.444147,1.8773,0.0616441,0.735033,0.625769,0.201286,3.13593,0
20.108480726,0.068086,0.773249,1.20649,0.388227,0.483605,2.16394,0.0100228,0.745835,0.5784,0.0485036,2.79892,0.0274432
20.154920635,0.0701153,0.840591,1.05098,0.361702,0.412925,2.20995,0.0130922,0.829787,0.360115,0.0603956,2.57321,0.247753
20.201360544,0.389647,0.39997,1.19805,0.310315,0.164499,1.69114,0.0361259,1.74309,0.129578,0.0989453,2.6234,0.442147
20.247800454,0.423963,0.229471,1.60283,0.407578,0,0.612886,0.0491343,3.01088,0.0941193,0.254059,2.0625,0.509046
20.294240363,0.205754,0.186681,1.61085,0.25771,0.0414083,0.0718394,0.0436438,3.97614,0.0425502,0.251331,0.49283,0.456326
20.340680272,0.286139,0.1302,1.29132,0.394562,0.455993,0,0.0284491,3.7982,0.0225105,0.376302,0.30327,0.362641
20.387120181,0.354846,0.133882,0.851381,0.240382,0.467382,0.00758139,0.0614047,3.09138,0.10264,0.366039,1.06287,0.318705
20.433560091,6.22636e-05,0.0165101,1.04616,0.12854,0.488321,0.751761,0.253537,1.56123,0.258604,0.602122,1.91718,0.218222
20.480000000,0.000152861,0.0785579,0.894951,0.207901,0.139761,0.988788,0.322586,0.154591,0.491856,0.529645,2.85319,0.152122
20.526439909,0.000350132,0.0455317,0.512594,0.388883,0.0488845,1.12973,0.384594,0.0352332,0.496853,0.407291,3.60524,0.000744545
20.572879819,0.158748,0.223195,0.668384,0.0979485,0.0741441,1.21271,0.0371105,0,0.241233,0.146198,3.92665,0.128363
20.619319728,0,0.0438536,0.720416,0.15797,0.612665,1.34431,0.0114486,0.0310768,0.436766,0.346181,3.73667,0.0829468
20.665759637,0.222255,0.0349307,0.764722,0.194966,0.977021,1.49446,0.0138757,0.056048,0.633431,1.29225,3.11961,0.0131126
20.712199546,0.48413,0.0145092,1.37309,0,1.28426,1.59586,0.0204814,0.490638,0.678508,1.5363,2.02831,0.347389
20.758639456,0.23439,0,1.77595,0,1.20073,0.769628,0.0140636,2.06414,0.209728,0.793417,1.56958,0.765358
20.805079365,0,0,1.93297,0,0.63339,0.363034,0.0147966,2.65671,0.118579,0.0482237,2.33176,0.479689
20.851519274,0,0,1.67677,0,0.137729,0.113986,0.0195228,2.91286,0.132921,0,3.02705,0.213006
20.897959184,0,0.257687,1.80179,0.202087,0.353622,0.460798,0.359674,2.15107,0.122082,0.118008,3.22559,0
20.944399093,0,0.754708,1.34588,0.225546,1.14345,0.685575,0.379236,1.22968,0.238115,0.60493,2.59885,0.0688311
20.990839002,0,1.07952,1.13075,0.298547,1.20419,0.741988,0.0295364,1.10109,0.13645,1.02453,2.26594,0.000469799
21.037278912,0.0361403,1.10103,0.969828,0.132538,1.34066,0.742494,0,0.935515,0.0775611,1.43253,1.91399,0.045176
21.083718821,0.0874098,0.996325,0.958839,0.122669,1.24291,0.906809,0,0.508125,0.0682535,1.94522,0.871247,0.279592
21.130158730,1.07551,0.996539,0.329698,0.157305,0.874341,1.54967,0.132265,0.119209,0.214021,2.08628,0.000453168,0.157294
21.176598639,1.03831,0.808059,0.0420124,0.0489939,0.636098,2.54587,0.252359,0.213945,0.473039,1.53363,0.337837,0.0963302
21.223038549,1.338,0.111652,0.277866,0.0468167,0.124062,3.50008,0.19694,0.234733,0.618292,1.424,0.734553,0.0769799
21.269478458,1.13357,0.359461,0.560961,0.0624547,0.0704794,4.00569,0.0265936,0.229033,0.118311,1.90658,0.430013,0.0511732
21.315918367,0.887973,0.599792,1.32466,0.149404,0.02104,3.92049,0.0279082,0.0483541,0,1.9716,0.199557,0.0178819
21.362358277,0.268055,0.174668,2.38906,0.0787993,0.0202686,3.32844,0.144228,0.0338131,0,2.0253,0.413136,0
21.408798186,0.110199,0.00138801,2.6809,0.069363,0.062103,2.82445,0.111476,0.0213337,0.0039292,2.18788,0.565775,0.146525
21.455238095,0.106612,0.00204925,2.53601,0.0529824,0.0892726,2.16997,0.134938,0.0956978,0.126851,1.88928,0.714907,0.311076
21.501678005,0.0081531,0.0824242,2.28143,0.0111987,0.355498,1.79717,0.156931,0.134488,0.405055,2.21364,0.504424,0.262056
21.548117914,0,0.22254,2.15259,0.011523,0.638159,1.4893,0.141537,0.178624,0.392205,1.97533,0.623195,0.267094
21.594557823,0,0.439093,2.04987,0.0126736,1.00936,1.28635,0.111146,0.220658,0.203035,2.46231,0.362147,0.262508
21.640997732,0,0.597111,1.90624,0.0145788,1.05871,1.43118,0.0780078,0.218188,0,2.97006,0.0792141,0.260642
21.687437642,0,0.760058,1.7998,0.0148795,0.964905,1.49791,0.000941286,0.177226,0,3.21942,0.0161596,0.250751
21.733877551,0,0.888777,1.71707,0.0141906,0.707438,1.46831,0.00249742,0.155634,0,3.243,0.34643,0.00109628
21.780317460,0,0.728531,1.66986,0.0138993,0.536432,1.72823,0,0.192639,0,3.16875,0.503381,0.000971154
21.826757370,0,0.817752,1.5698,0.0137554,0.632765,1.93994,0,0.33104,0.0802861,2.97822,0.843665,0.000830758
21.873197279,0,0.711944,1.22251,0.013884,0.741295,2.01161,0.00119905,0.28673,0,3.04801,0.978924,0.0028297
21.919637188,0,0.593005,0.722304,0.0155234,0.898197,2.03995,0.0372584,0.554304,0,3.66615,0.452877,0.0390942
21.966077098,0,0.47681,0.783094,0.0162045,1.29454,1.80699,0.0949493,1.56292,0,3.49034,0.000614598,0.000251597
22.012517007,0.00642417,0.452361,1.4434,0.0161298,1.20735,1.32259,0.118765,2.06525,0,2.77079,0,0
22.058956916,0.0200114,0.359261,1.82583,0.0167873,0.432913,1.24369,0.109682,2.37024,0,2.71847,0,0.000109416
22.105396825,0,0.349198,0.874428,0.0969823,1.08963,0.87005,0.110691,1.99903,0,2.97891,0.000145467,0.000223308
22.151836735,0,0.362812,0.262618,0.0202772,1.0766,0.689719,0.0573287,1.45969,0,3.74506,0.000200762,0.0407869
22.198276644,0,0.406655,0.0847554,0.0195094,1.06115,0.935665,0.352904,0.434906,0,4.32566,5.70112e-05,0.130108
22.244716553,0,0.577943,0.179632,0.0210914,1.0328,0.775132,0.0794737,0.734075,0.160431,4.30498,0.0560061,0.0728913
22.291156463,0,0.509471,1.26548,0.166487,0.316119,0.223242,0.0344131,1.79027,0.312455,3.62459,0,0.0213591
22.337596372,0,0.190973,2.19086,0.0443121,0.105231,0.418125,0.345212,2.39334,0.466838,1.93268,0,0.290218
22.384036281,0.000531233,0.465445,2.09201,0.0769956,0.462305,0.571487,0.354506,2.00825,0.303708,0.51444,0.461376,0.422716
22.430476190,0.243912,1.2535,1.26252,0.407666,0.93645,0.52729,0.309108,1.52783,0.503071,1.18844,0.51263,0.0378584
22.476916100,0.30664,1.55334,1.22043,0.43777,1.41679,0.524513,0,0.595039,0.377957,1.82359,0.510804,0.250948
22.523356009,0.43478,1.23633,1.68771,0.398136,1.1506,0.429778,0.0245077,1.69988,0.0829049,1.87168,0.326539,0.437118
22.569795918,0.65676,0.440442,1.99768,0.31262,0.159128,0.0185525,0.0378679,3.2779,0.0630508,1.42725,0.139889,0.862386
22.616235828,0.142926,0.237294,1.42617,0.507914,0,0.173096,0.0226003,4.24085,0.0433853,0.565322,0.0320881,0.841141
22.662675737,0.451738,0.0731092,1.41864,0.194297,0.167419,0.0336443,0.00258144,4.13585,0.0559131,0.0553001,1.15286,0.789019
22.709115646,1.09259,0,1.04633,0.352691,0.30815,0.0852602,0.145503,2.89678,0.0772125,0,1.72434,0.702759
22.755555556,0.969219,0.0633064,0.635477,0.318573,0.344043,0.883346,0.585936,1.42423,0.049269,0,2.44515,0.294602
22.801995465,1.02163,0.0194486,1.21869,0.248669,0.215954,1.28135,0.612922,0.178173,0.0461123,0.206936,3.39752,8.05557e-05
22.848435374,0.930491,0.0189214,2.01089,0.0711174,0.0327127,1.27268,0.194835,0.0712736,0.0711684,0.16013,3.93409,0
22.894875283,0.609878,0.0493861,2.32721,0.0378497,0.0360111,1.46979,0.0070389,0.0745927,0.176721,0.205497,4.00301,0
22.941315193,0.634725,0.038479,2.21829,0.0135632,0.669437,1.78205,0.0454546,0.736906,0.226903,0.354431,3.05876,0
22.987755102,0.971436,0.0374243,1.71937,0.161477,0.626628,1.77229,0.0362597,0.976468,0.273052,0.399933,2.5408,0
23.034195011,1.31894,0.0544712,1.07418,0.401979,0.50538,1.70869,0.0114945,1.39666,0.261947,0.534712,1.4668,0
23.080634921,0.782673,0.0642435,1.55515,0.57682,0.501174,0.500368,0,2.60806,0.10944,0.587476,1.08124,0.297593
23.127074830,0.347725,0.0780004,1.82301,0.687029,0.353815,0.447352,0,2.99627,0.0753158,0.627387,0.80853,0.547749
23.173514739,0.168434,0.188269,1.53098,0.0854912,0.294051,0.366775,0.015729,3.16652,0.069874,1.47437,0.161208,0.72842
23.219954649,0.160905,0.0266666,1.84561,0.0416094,0.304605,0.461678,0.0906346,2.70431,0.15528,1.54473,0.00363356,0.902334
23.266394558,0.0133512,0.36612,1.51285,0.0290055,0.437486,0.443261,0.178642,2.79232,0.532315,1.50945,0.0726254,0.845907
23.312834467,0.0171674,0.854727,0.94373,0.0978918,0.431982,0.393297,0.0123231,2.72078,0.73809,1.4239,0.187094,0.790735
23.359274376,0.0177446,1.03831,0.964724,0.0667398,0.667755,0.365178,0,2.92732,0.758701,1.16008,0.268939,0.687485
23.405714286,0.00399858,0.868868,1.3734,0.167003,0.715246,0.303741,0.00885006,3.09388,0.639964,0.526144,0.349783,0.579366
23.452154195,0.0581651,0.811284,1.67412,0.134452,0.601178,0.124927,0.00732345,2.9473,0.452691,0.0382587,0.643191,0.670744
23.498594104,0.163912,0.820179,1.83107,0.11353,0.130418,0,0.011002,3.35464,0.405858,0.0613814,0.971726,0.588237
23.545034014,0.0639975,0.4947,1.85537,0.141438,0.0141384,0.0176905,0.01721,3.40724,0.725685,0.0201312,1.55068,0.551692
23.591473923,0.264859,0.261636,2.16613,0,0.0905563,0.156723,0.106028,3.05437,0.991264,0.00618942,1.79656,0.892433
23.637913832,0.730043,0.066916,2.25712,0,0.173347,0.114615,0.178103,2.70023,0.482211,0.204273,2.15362,0.769382
23.684353741,0.938206,0.00437741,2.17865,0,0.196767,0.137123,0.166852,2.95479,0.0937268,0.265038,2.07826,0.548375
23.730793651,0.687757,0.00219259,1.89534,0,0.0935266,0.14162,0.0883363,3.71331,0.0957386,0.117136,2.21567,0.451999
23.777233560,0.544631,0,1.55863,0.25554,0.0445353,0.0802528,0.123482,3.73038,0.0600738,0.143923,2.4958,0.171494
23.823673469,0.139865,0.15306,1.21521,0.365159,0.287447,0.798104,0.0449454,2.66127,0.11816,0.141332,2.33721,0.0433397
23.870113379,0.426761,0.144193,1.12554,0.332819,0.267027,0.932983,0.0308177,2.18055,0.0894513,0.0986171,2.52954,0.000368889
23.916553288,0.282725,0.0513914,1.15107,0.248734,0.151608,1.27867,0.0249526,2.19241,0.0865783,0,2.74645,0.000421824
23.962993197,0.14106,0.0083488,1.2913,0.032703,0.0271573,1.68494,0.0251043,2.22472,0.0932395,0,3.22293,0.000482736
24.009433107,0.130554,0,1.25803,0.165802,0.0166641,1.71015,0.0291914,2.18802,0.176617,0,3.39914,0.000559152
24.055873016,0.0747544,0,1.15683,0.34216,0.0336929,1.60404,0.0367483,2.09914,0.238268,0,3.49014,0.000599609
24.102312925,0,0,1.23032,0.260423,0.00230468,1.32707,0.0432682,2.00023,0.240112,0,4.14057,0.000385248
24.148752834,0,0.0390659,1.40752,0,0,1.18941,0.0389413,1.72594,0.225192,0,4.39773,0.000367647
24.195192744,0,0.118666,1.66582,0,0.00627426,1.0164,0.0360725,1.46394,0.163321,0,4.37997,0.000456196
24.241632653,0,0.123739,1.88085,0,0.021859,0.776885,0.0341932,1.36375,0.045907,0.268265,4.171,0.000536366
24.288072562,0,0.0628098,2.17047,0,0.03425,1.03401,0.0300125,1.20862,0.044933,0.516329,3.86425,0.000569628
24.334512472,0,0,2.0852,0,0.0860458,1.17748,0.0287265,1.14756,0.0459779,0.60233,3.53235,0.000547805
24.380952381,0,0.05794,1.91004,0,0.358689,1.09852,0.0238633,1.10036,0.0506481,0.45042,3.58961,0.000716081
24.427392290,0,0.108478,1.97993,0,0.393489,0.959212,0.0210206,0.797621,0.108391,0.580335,3.65798,0.000648936
24.473832200,0,0,1.65071,0,0.13139,0.97754,0.0606086,0.959948,0.302448,0.881458,3.51657,0.000561588
24.520272109,0,0,1.02561,0.0116021,0.0646416,1.17566,0.0941122,0.820705,0.30501,1.33746,2.91099,0.00044897
24.566712018,0,0.132537,0.457999,0.0166392,0.0443433,1.38688,0.104404,0.268787,0.247983,1.0784,3.25662,0.000309562
24.613151927,0,0.00494033,0.535027,0.428298,0.275625,1.63238,0.282963,0.14845,0.233191,0.283382,3.3989,0.000308078
24.659591837,0.0466154,0.0903309,0.725881,0.0117925,0.433921,2.08733,0.396019,0.564704,0.238488,0.287653,3.38499,0.000291661
24.706031746,0.0655718,0.439009,1.25751,0.0883844,0.55462,2.3042,0.379611,0.54681,0.0503815,0.445548,2.94691,0.00019727
24.752471655,0.0879885,1.02092,1.18619,0.362623,0.530528,2.40679,0.267157,0.96369,0.0414367,0.278545,1.97669,0
24.798911565,0.137283,1.58683,0.812351,0.296169,0.486184,2.24455,0.0124433,1.10027,0.0878436,0.335447,0.615002,0.250312
24.845351474,0.139667,1.69164,1.0247,0.321736,0.262469,1.91855,0,0.924221,0.0740623,0.178993,1.32095,0.405534
24.891791383,0.201944,0.343473,1.22977,0.269239,0.0908149,1.64601,0,0.423558,0.217047,0.118326,3.6228,0.459255
24.938231293,0.185095,0.218716,0.575083,0.335224,0.0310878,1.05887,0,0.068072,0.135692,0.0886622,4.2341,0.407426
24.984671202,0.24367,0.135312,0.257739,0.0319266,0.272,0.96887,0.00820116,0.0594096,0.137001,0.0462173,4.11529,0.471997
25.031111111,0.299706,0.110932,0.13187,0.0226813,0.473493,0.941782,0.158809,0.239459,0.414028,0.330141,3.49065,0.41638
25.077551020,0.376536,0.0803192,0.202985,0.0191002,0.523951,1.14132,0.461178,0.572368,0.451225,0.489458,3.08163,0.000150607
25.123990930,0.562682,0.0525493,0.0175569,0.0158377,0.421594,1.16463,0.33706,0.340087,0.285395,0.23826,3.72514,0.125831
25.170430839,0.291088,0,0.366538,0.0219006,0.722737,1.41255,0.00898628,0.161017,0.239278,0.184152,4.10518,0.000385239
25.216870748,0.161174,0,0.938137,0.0141386,1.01747,1.63593,0.0108838,0.0827404,0.20043,0.492052,4.00763,0.000226585
25.263310658,0.140894,0.00497657,1.33142,0.00160249,0.93126,1.73942,0.012434,0.15736,0.185376,0.747457,3.74759,0
25.309750567,0.083447,0.0448687,1.47017,0.0355917,0.520883,1.70431,0.0161515,0.247535,0.171335,0.939113,3.59926,0
25.356190476,0.00911712,0.0416554,1.61069,0.298651,0,1.74141,0.0190301,0.269365,0.164366,0.920165,3.43132,0
25.402630385,0,0,1.61662,0.408473,0,1.4156,0.0187899,0.280664,0.215443,0.562628,3.66489,0
25.449070295,0.0283623,0,2.1496,0,0,1.23972,0.0163212,0.248726,0.15325,0,4.02981,0
25.495510204,0.0688908,0,2.56777,0,0,1.3121,0.375153,0.25502,0.108024,0,3.66689,0
25.541950113,0.0173311,0,2.72819,0.244778,0.421668,1.85364,0.536133,0.131274,0.11897,0.223351,2.40579,0
25.588390023,0.133506,0,2.76867,0.281689,0.515725,1.9412,0.419828,0.263573,0.165993,0.457619,1.72227,2.65506e-05
25.634829932,0.1776,0.167011,2.07006,0.324871,0.521812,1.81089,0.282309,0.934973,0.205311,0.361017,1.87194,0.000112419
25.681269841,0.198542,0.213558,1.61388,0.217332,0.651652,2.05599,0.0329056,1.12059,0.180271,0.291138,2.27613,0
25.727709751,0.70995,0.167892,1.59453,0.268049,0.756949,2.06446,0.00290133,1.08816,0.263462,0.197202,2.42845,0.0844763
25.774149660,2.01935,0.177371,1.3172,0.431906,0.69265,2.11863,0.0143294,0.988337,0.247985,0.162847,2.3028,0.127411
25.820589569,2.81254,0.165194,0.361108,0.425809,0.463898,2.04208,0.365633,0.360555,0.264701,0.999793,1.48413,0.111741
25.867029478,2.58688,0.146003,0.240775,0.0142877,0.85983,1.48529,0.0624315,0.469519,0.605209,1.99857,1.07041,0.126604
25.913469388,1.03463,0.396728,0.647862,0.0143764,1.43587,1.16813,0.039007,0.683729,0.382555,2.61681,0.51042,0.0644827
25.959909297,0,1.0132,1.08663,0.0137307,1.55416,0.933035,0.000670791,0.323709,0.0555262,3.31983,0.104704,0.136869
26.006349206,0.153525,1.16482,1.30023,0.0136484,1.5531,0.826201,0,0.277242,0.0524271,3.07802,0.00951812,0.270546
26.052789116,0.0860687,1.14475,1.43092,0.0169536,1.56284,0.854594,0,0.301898,0.0380437,2.76735,0.00887809,0.0660425
26.099229025,0,1.23768,1.81227,0.0219752,1.02863,1.02657,0,0.292403,0.169154,2.96498,0.00689054,0.108671
26.145668934,0,1.10686,1.88425,0.0234017,0.893568,1.25996,0,0.0933489,0.0400407,3.08809,0.128348,0.219062
26.192108844,0,0.887558,1.83117,0.0249755,1.24198,1.38549,0,0.0609705,0,3.04288,0.186517,0.157178
26.238548753,0,0.712051,1.60865,0.00713198,1.36963,1.38573,0.0306789,0.0719036,0,3.17463,0.22538,0.107374
26.284988662,0.000276483,0.633077,1.58098,0,1.31146,1.40629,0.0363436,0.199937,0,3.2583,0.141212,0.102689
26.331428571,0,0.690789,1.59271,0,1.30303,1.35838,0.00564078,0.392237,0.111138,3.03844,0.179732,0.0632299
26.377868481,0,0.753924,1.42066,0.0114116,1.1436,1.18189,0,1.78211,0.261895,2.43088,0.0271162,0.0561828
26.424308390,0,0.627601,1.32423,0.00728054,1.0943,1.06721,0.00978886,3.25367,0.103018,0.877681,0.0434317,0.0885199
26.470748299,0,0.0923847,2.1827,0.0102714,0.446313,1.50719,0.0529044,3.69132,0,0.125224,0.0233521,0.488886
26.517188209,7.30803e-05,0.071724,2.71348,0.0171966,0.415337,1.32013,0.0727882,3.79053,0.000820167,0.238164,0.000972369,0.575317
26.563628118,0.000201715,0.15135,2.93354,0.023037,0.462428,0.825475,0.0665477,3.81385,0,0.265879,0.0013761,0.586319
26.610068027,0.000311791,0.188765,3.12388,0.0224299,0.452419,0.487814,0.0386359,3.6796,0,0.25669,0.0323254,0.440057
26.656507937,0,0.233812,3.38715,0.0175882,0.340733,0.533598,0.0351323,3.34212,0,0.250751,0.0415914,0.363102
26.702947846,0,0.257044,3.19876,0.0554549,0.602983,0.35927,0.04473,3.12485,0,0.481047,0.000539257,0.113255
26.749387755,0.00257552,0.464544,2.58677,0.107484,1.27912,0.208355,0.0659473,2.21551,0,0.985222,0.0015524,0.000135111
26.795827664,0.00559983,0.44825,1.94073,0.150325,1.03673,0.166902,0.271027,1.47042,0,2.37423,0.001749,0.000218259
26.842267574,0,0.443697,1.81598,0.160577,0.887485,0.226371,0.465481,0.657351,0,3.27718,0.00115784,0.000190297
26.888707483,0.12906,0.542677,1.86708,0.201008,0.916006,0.0381828,0.0203845,1.23647,0,3.15656,8.59507e-05,5.62642e-05
26.935147392,0.0147513,0.305264,1.98072,0.175043,0.645234,0.0249701,0.0280363,3.01858,0.0862786,2.40631,0.117868,0.0840763
26.981587302,0,0.081568,2.55599,0.116054,0.0746224,0,0.0714307,3.39204,0.396464,1.04808,0,0.0105169
27.028027211,0,0.497015,2.38462,0.193617,0.174112,0.138109,0.0669053,3.24341,0.46959,0.463207,0.171187,0.204656
27.074467120,0.0429699,1.38205,1.80905,0.430065,0.450489,0.25352,0.082351,2.00382,0.433888,0.733943,0.428649,0
27.120907029,0.00301365,1.55618,1.41155,0.438994,1.13923,0.570106,0.0296399,1.33102,0.148448,1.15723,0.712284,0
27.167346939,0.0597224,1.49552,1.22831,0.917206,1.41197,0.311869,0,1.28449,0,1.64517,0.647911,0.0522608
27.213786848,0.145632,0.441884,1.73289,1.41739,0.532319,0.233358,0,2.71294,0.0579388,1.90536,0.193135,0.250922
27.260226757,0.193218,0.179627,1.90887,1.01647,0.272016,0.232818,0,3.51222,0.183624,0.986824,0.064517,0.483402
27.306666667,0.241643,0.0135605,1.30474,0.397075,0.49802,0.322401,0.0072252,3.75399,0.276252,0.318241,0.36655,0.577426
27.353106576,0.236641,0.197602,1.09591,0.110337,0.695498,0.337256,0.0026243,3.31799,0.0528601,0.54625,1.24584,0.54871
27.399546485,0.168666,0.327846,0.542464,0.24785,0.725477,1.41423,0.0125573,2.76565,0.0114799,0.41279,1.7801,0.638855
27.445986395,0.164265,0.235836,0.603956,0.18975,0.728854,2.01919,0.00145759,1.02045,0.0574112,0.145945,3.07763,0.302269
27.492426304,0.271002,0.127566,0.914216,0.133235,0.389362,1.87215,0.00940837,0.643884,0.0746369,0.0908835,3.60879,0.331762
27.538866213,0.261998,0.194181,1.77282,0.0226603,0.327237,1.3719,0.0160944,0.0803621,0.123579,0.0428024,4.14195,0.265775
27.585306122,0.181215,0.205404,1.58334,0.0367638,0.352261,2.12022,0.0231936,0.0862636,0.299798,0.495927,3.08361,0.144941
27.631746032,0,0.359729,1.15387,0.459295,0.150208,2.68472,0.0606804,0.470338,0.319321,1.22549,2.06445,0.26282
27.678185941,0,0.352206,0.855723,0.318522,0.108883,3.22682,0.0186446,0.86283,0.446872,1.70774,0.667852,0.230376
27.724625850,0,0.10095,1.02759,0.316504,0.197104,2.10346,0,2.59022,0.0956377,1.3019,0.0161508,0.669532
27.771065760,0.0931996,0.253713,1.34327,0.287076,0.154682,1.54427,0.0163439,2.93322,0.0215944,1.03431,0.0232307,0.84073
27.817505669,0.131948,0.265582,1.47217,0.118292,0.29627,1.21441,0.0317387,3.58003,0.0618511,0.305873,0.0185981,0.802464
27.863945578,0.181576,0.147215,1.97388,0.0354115,0.11695,0.585942,0.028787,3.75435,0.0745278,0.25245,0.00655616,0.968138
27.910385488,0.0047569,0.174079,1.98615,0.02834,0.394849,0.417189,0.0323117,3.64917,0.26148,0.310156,0.313976,0.90793
27.956825397,0.0406032,0.397689,1.87507,0.133366,0.389,0.263636,0.0316864,3.39746,0.422007,0.271977,0.504968,0.786758
28.003265306,0.0451218,0.561375,1.90477,0.112407,0.386427,0.265686,0.0101099,3.22465,0.483218,0.0694352,0.683852,0.850972
28.049705215,0.0201365,0.498706,2.05514,0.224505,0.520895,0.264207,0.00347369,3.31594,0.370835,0.000501251,0.757943,0.929405
28.096145125,0.00842937,0.303449,2.06711,0.0697677,0.640995,0.204067,0.00277458,3.68974,0.205051,0.00185727,0.546841,1.04507
28.142585034,0.122569,0.269075,2.01567,0.00215484,0.55995,0.0371837,0.0110537,3.64839,0.163677,0,0.67952,0.925279
28.189024943,0.0903002,0.476294,1.88479,0.138143,0.548721,0,0.0174153,3.58769,0.492925,0,1.02906,0.716669
28.235464853,0.00855957,0.577357,1.67689,0.395056,0.264148,0,0.110965,3.32864,0.929997,0,1.59976,0.613778
28.281904762,0,0.356769,2.28783,0.134856,0.07826,0.12598,0.167003,3.28,0.627723,0.141212,1.80021,0.716388
28.328344671,0,0.0301129,2.61272,0.117053,0.180229,0.0441022,0.207789,3.47906,0.145935,0.276881,1.73396,0.45386
28.374784580,0,0.00489499,2.45089,0.0602622,0.144208,0.0465405,0.164528,3.84738,0.0942921,0.243443,1.76123,0.233499
28.421224490,0.60672,0,1.94509,0.0911157,0.363569,0.0383523,0.195102,3.86427,0.0604682,0.157255,1.80593,0
28.467664399,0.586012,0,1.83584,0.39557,0.77258,0.0354399,0.0560377,3.29162,0.206961,0.416094,1.79871,0.127915
28.514104308,0.543619,0,1.96135,0.351482,0.712169,0.258736,0.0512852,2.55169,0.471231,0.438168,1.98684,0.171942
28.560544218,0.202061,0,1.91956,0.294083,0.599639,0.783114,0.0404867,2.52321,0.526876,0.461394,2.18828,0.173592
28.606984127,0.0521123,0,2.00087,0.111107,0.468207,0.807297,0.0360258,2.98138,0.57258,0.203646,2.24152,0.149518
28.653424036,0,0,2.20631,0.060307,0.238303,0.425976,0.0353241,3.64866,0.496107,0.00927907,1.80738,0.139725
28.699863946,0,0.037958,2.00224,0.0406225,0.00814874,0.024503,0.0610971,4.11684,0.12966,0.286055,1.4528,0.334315
28.746303855,0.0274796,0.0797901,1.62619,0.0125697,0,0.210137,0.0533182,4.01313,0.0492823,0.150842,1.88303,0.473843
28.792743764,0.0726734,0.0200863,1.50609,0.00508429,0.0318761,0.673206,0.0303467,3.63741,0.0625179,0,3.05401,0.039146
28.839183673,0.0575092,0,1.53214,0,0.0582568,1.08734,0.0245247,2.98811,0.118759,0,3.83307,0.00052678
28.885623583,0.0448104,0,1.72912,0,0.0643741,1.32,0.075705,1.9198,0.151411,0.202695,3.81722,0.000596619
28.932063492,0.0444622,0,2.08078,0,0.0621511,1.35782,0.0188753,1.47538,0.174685,0.532925,3.25505,0.000597532
28.978503401,0.0718772,0,2.17186,0.0158234,0.0576989,0.945336,0.0180704,2.80523,0.169617,0.812816,1.92189,0.000668904
29.024943311,0.0823232,0.0270667,2.19374,0,0.0294993,0.38966,0.0379147,3.62337,0.113808,0.967959,0.206116,0.238155
29.071383220,0.0061968,0.0383889,2.09073,0.0193319,0.0392043,0.156027,0.0440183,3.81012,0.0884623,0.892193,0.000642457,0.45652
29.117823129,0,0,2.02961,0.206115,0.034084,0.216276,0.0492601,3.80837,0.0626421,0.868452,0.0867622,0.639184
29.164263039,0,0.105726,1.9974,0.200185,0.0452149,0.29441,0.105008,3.19122,0.0772516,0.581969,2.03074,0.24079
29.210702948,0.0490276,0.0013297,1.87191,0.0815659,0.0919932,0.665446,0.542515,1.86531,0.0871439,0,3.40206,0.0337986
29.257142857,0.111317,0,1.59293,0.0468043,0.0366595,0.901407,0.686226,0.701829,0.0808655,0.0106378,3.78977,0.000784504
29.303582766,0.0619212,0,1.32779,0.0100445,0.424967,1.17129,0.523666,0.22423,0.294336,0.345592,3.71771,0.000350976
29.350022676,0.158465,0.172559,1.4633,0.157579,0.662251,1.83869,0.428664,0.546585,0.128243,0.316794,2.97966,0
29.396462585,0.639098,0.40697,1.55361,0.334199,0.546917,1.29404,0.625292,0.907621,0.115843,0.19312,2.4241,0
29.442902494,1.1018,1.00883,1.3687,0.410718,0.675789,1.02173,0.410428,1.18321,0.066262,0.0648292,1.2402,0.127854
29.489342404,1.27099,0.746601,1.63402,0.527934,0.545699,0.786575,0.300236,1.3335,0.0493638,0.0863298,1.18895,0.319612
29.535782313,0.966983,0.289006,2.07389,0.505496,0.45867,0.12187,0,2.30119,0.300298,0.193838,0.837989,0.866435
29.582222222,0.543383,0.22697,1.86912,0.353393,0.351327,0.0978317,0,3.39204,0.438114,0.229312,0.251087,1.09277
29.628662132,0.212749,0.201808,0.796431,0.0658665,0.464159,0,0.0230163,3.30235,0.587518,0.0749869,0.394154,0.608095
29.675102041,0.353616,0.180219,0.680669,0.156999,0.484638,0,0.392666,2.66628,0.511518,0.148412,1.6593,0.407985
29.721541950,0.346862,0.11844,0.901657,0.00522975,0.529254,0.0246085,0.887323,0.846253,0.883929,0.164354,2.50588,0.307339
29.767981859,0.162647,0.131474,0.172835,0.42399,0.549806,0.19409,0.921188,0.344234,0.690242,0.260497,3.00259,0.117934
29.814421769,0.0543563,0.0993088,0.208093,0.0690469,0.348715,0.668645,0.422006,0.131203,0.539405,0.322461,3.3929,0.0307538
29.860861678,0,0.00604554,0.715731,0.278225,0.245685,1.13392,0.358478,0.677384,0.227924,1.0128,3.11873,0.0645343
29.907301587,0.176159,0.0395255,1.01868,0.0213308,0.140475,1.07028,0.00270416,0.883008,0.0905321,0.878657,3.45168,0.454812
29.953741497,0.0851232,0.114013,1.63884,0.0750097,0.186992,0.624297,0.100479,1.67138,0.181194,1.12005,2.26788,0.681879
30.000181406,0,0.327302,1.56349,0.145276,0.239198,0.76216,0.181104,2.30523,0.190238,1.54841,0.343733,0.695297
30.046621315,0,0.309294,1.56814,0.0769416,0.0749995,0.851533,0.0738651,2.31389,0.1619,1.07579,1.46363,0.494252
30.093061224,0,0.243156,1.40944,0.0919739,0.0112092,1.26711,0.11774,2.05741,0.143648,0.491511,2.73899,0.0324141
30.139501134,0,0.0964353,1.3179,0.164127,0.0320454,1.43522,0.0531737,1.54164,0.120721,0,3.25869,4.97093e-05
30.185941043,0,0.0475568,1.11172,0.257775,0.148056,1.65131,0.0603848,0.697773,0.0923106,0,3.55495,0
30.232380952,0,0,0.756708,0.270967,0.220951,1.77914,0.272865,0.485041,0.105126,0.642325,3.52546,0
30.278820862,0,0.375291,0.368233,0.146863,0.567339,1.66822,0.0859138,0.585908,0.116192,1.30876,3.20923,0
30.325260771,0,0.617188,0.532866,0.00136767,1.05542,0.66232,0.0822694,0.609761,0.114949,2.31174,2.75075,0.000615934
30.371700680,0,0.703667,0.531828,0.0854303,1.11219,0.27327,0.0737056,0.769949,0.117714,3.22993,1.16469,0.00110891
30.418140590,0,0.703565,0.367803,0.50695,1.13287,0.0293156,0.048435,0.631041,0.082446,3.54795,0.377497,0.0226437
30.464580499,0.0906486,0.67217,0.185519,0.358463,1.21541,0.0507216,0.0371432,0.358432,0.10219,3.43846,0.559001,0.152547
30.511020408,0.748174,0.171949,0.232281,0.11394,0.492831,0.795314,1.27445,0.0372846,0.303475,2.74283,0.431045,0.22831
30.557460317,0.69969,0.184889,0.585889,0.0989004,0.229756,2.36218,1.22689,0.00505614,0.601786,1.30044,0.343707,0.264841
30.603900227,0.909652,0.330508,0.987095,0.0514447,0.009995,3.17698,0.809028,0.0477366,0.0297916,0.728191,0.174786,0.232407
30.650340136,0.712594,0.28237,1.46444,0.029104,0.00662322,3.30287,0.327841,0.157408,0.0425828,0.751597,0.069816,0.102037
30.696780045,0.62276,0.248558,2.30881,0.0297925,0,3.0064,0.0665466,0.14277,0.0731906,0.87522,0,0.0532116
30.743219955,0.53086,0.0093185,3.04496,0.0220539,0,2.83631,0.106871,0.0616875,0.0465584,1.26631,0.013724,0.00290267
30.789659864,0.218892,0.00224494,2.59303,0.0628951,0.187756,2.30644,0.157169,0.102892,0.106424,1.3697,0.0698647,0.350202
30.836099773,0.273339,0.317769,2.13589,0.0247075,0.902579,1.72937,0.488905,0.334766,0.311895,1.47054,0.0545422,0.259823
30.882539683,0,0.504494,2.09176,0.0245754,1.20637,1.65798,0.654855,0.356895,0.370356,1.80038,0.0117789,0.179937
30.928979592,0,0.540056,1.95806,0.0145926,1.23685,1.55622,0.484999,0.338134,0.235831,2.1107,0,0.126817
30.975419501,0,0.621016,1.97488,0.0156821,1.24468,1.61044,0.038373,0.485692,0.0767659,2.60514,0.0118712,0.0165265
31.021859410,0.0112039,0.753148,1.7538,0.0580764,1.11631,1.93698,0.0540425,0.427984,0.195016,1.95465,0.922954,0.000275332
31.068299320,0.459422,0.643444,1.62822,0.0661277,0.928785,2.72481,0.0722467,0.362356,0.634483,1.09927,1.13192,1.319e-05
31.114739229,0.962717,0.0181785,1.86106,0.0626746,0,3.80474,0.0542925,0.0168092,0.533021,1.2976,1.34368,0.000107186
31.161179138,0.961375,0.00183249,1.75545,0.0596276,0.0415844,3.95454,0.0426835,0.0221181,0.0708549,2.01461,0.916647,0.00012823
31.207619048,0.909092,0.0628191,1.47179,0.0510667,0.0839935,3.95105,0.0430251,0.0220339,0,2.50279,0.382963,0.000141744
31.254058957,0.776754,0.415346,0.97783,0.0401874,0.106418,3.8898,0.0668758,0.0243992,0,2.75567,0.148024,0.000123787
31.300498866,0.675581,0.643701,0.583644,0.0518507,0.0683734,3.55886,0.700391,0.0284863,0,2.80298,0.145366,2.75713e-05
31.346938776,0.642929,0.714415,0.547431,0.0618187,0.00977657,3.12038,0.832356,0.0246303,0,2.77379,0.0634561,0.0996299
31.393378685,0.550183,0.601172,0.300519,0.0774344,0.801995,2.46681,0.299938,0.0110675,0,2.88913,0.0545311,0.0142015
31.439818594,0.429187,0.645946,0.138821,0.0912066,1.01032,1.83106,0.09941,0.0871201,0.123578,3.39257,0.0334195,6.97099e-05
31.486258503,0,0.529997,0.0463584,0.0442144,1.28329,1.31325,0.0506252,0.263068,0.265509,3.82492,0.00223276,0.00246609
31.532698413,0,0.545812,0.0296152,0.108677,1.19415,1.01756,0.0238273,0.736025,0.220301,3.98192,0.0215302,0.0530318
31.579138322,0,0.596149,0.369801,0.262626,0.188475,0.437652,0.0699692,2.46199,0.367796,3.55916,0.122605,0.0263571
31.625578231,0.113864,0.413582,1.48105,0.237214,0.049909,0.0925373,0.0497183,3.7022,0.412437,1.80552,0,0.111119
31.672018141,7.14847e-05,0.144121,1.96966,0.0282083,0.369916,0.39789,0.249476,3.95052,0.167482,0.248071,0.391536,0.324235
31.718458050,0.000690957,0.598777,1.57491,0.326328,0.462161,0.448621,0.0521396,3.33724,0.0654034,0.520578,0.967539,0.435865
31.764897959,0.203441,1.28849,0.80906,0.404358,1.21884,0.642025,0.00349582,2.26598,0.0509803,1.43267,0.944513,0.091916
31.811337868,0.244367,1.38595,0.839948,0.393002,1.33014,0.617375,0.000997726,1.30457,0.208669,1.68432,1.06311,0.282019
31.857777778,0.494137,0.686199,1.81839,0.644311,0.588154,0.238805,0,1.96663,0.649836,1.32128,0.827564,0.630346
31.904217687,0.543548,0.26299,1.84996,0.54143,0,0.0186855,0,3.17475,0.944569,0.695071,0.133498,0.932187
31.950657596,0.140712,0.158509,1.36298,0.305682,0.0493376,0.184326,0,4.438,0.275678,0.0689106,0.0376178,0.87669
31.997097506,0.64967,0,1.17827,0.227936,0.471913,0.330194,0.0101999,3.92601,0.0618024,0.1255,1.07273,0.794429
32.043537415,0.900315,0.0182569,0.440233,0.348007,0.66642,1.25,0.217963,2.06138,0.0682982,0.000737222,1.90661,0.474398
32.089977324,1.08216,0.112173,0.453048,0.263156,0.64837,1.41602,0.247598,0.232489,0.106852,0.149033,2.84012,8.14182e-05
32.136417234,1.05364,0.00139806,1.28626,0.0908955,0.518816,1.60933,0.143917,0.122606,0.0623807,0.00487507,3.6267,5.07299e-05
32.182857143,0.8804,0.00171073,2.00366,0.0136671,0.498661,1.59341,0.0245344,0.0885506,0.0508271,0.0303769,3.86504,0
32.229297052,0.504991,0.0344417,2.23575,0.0169898,0.134535,2.09308,0.0204883,0.628179,0.277833,0.363745,2.93306,0.0100104
32.275736961,0.715468,0.0259765,1.82102,0.0902762,0.465465,1.80936,0.0545918,1.38158,0.2686,0.467247,2.57881,0
32.322176871,1.02007,0.0300038,1.36866,0.249669,0.434734,1.90779,0.0453294,1.61255,0.323765,0.44056,2.10926,0
32.368616780,1.28442,0.0350271,0.740989,0.356973,0.463732,1.78857,0.00326937,2.4554,0.258641,0.628933,0.932024,0.19987
32.415056689,0.610422,0.0349931,0.863459,0.498006,0.484927,0.472204,0,3.27962,0.0319599,0.754711,0.80577,0.633856
32.461496599,0.290719,0.119597,1.42723,0.526043,0.364436,0.479134,0,3.37056,0.0334347,0.858984,0.870677,0.804615
32.507936508,0.197205,0.151777,1.72436,0.0186079,0.3651,0.416303,0,3.37696,0.0509398,1.41511,0.106835,1.09655
32.554376417,0.126861,0.077316,1.61514,0.0261017,0.501692,0.441403,0.0920431,3.25543,0.215241,1.52741,0.0285897,1.10442
32.600816327,0,0.54481,1.37911,0.0264051,0.391921,0.366651,0.0500326,3.43297,0.53636,1.4164,0.00485477,1.01858
32.647256236,0,0.866821,1.38071,0.0995882,0.345372,0.328691,0,3.44675,0.655648,0.943213,0.00477832,0.850894
32.693696145,0,1.11388,1.48151,0.121972,0.587251,0.300591,0,3.47723,0.524751,0.308958,0.0360805,0.853833
32.740136054,0,0.998945,1.57563,0.110277,0.598825,0.258848,0.00659927,3.51318,0.347205,0.000460106,0.164237,0.833139
32.786575964,0.082143,0.457922,1.66866,0.00705721,0.339872,0.179316,0.00647593,3.49575,0.203282,0.000141204,0.557102,0.629822
32.833015873,0.102409,0.559877,1.5354,0.0471989,0.293212,0.0248523,0.0195621,4.09198,0.0496213,0.00543431,1.13448,0.478645
32.879455782,0.321287,0.268125,2.13965,0,0,0.0628129,0.0222829,3.8137,0.181429,0.00780592,1.52798,0.844177
32.925895692,0.987439,0.130304,2.05522,0,0.013166,0.14795,0.0317952,3.38561,0.176576,0.0240351,1.59313,0.515155
32.972335601,0.983707,0.00882492,2.15832,0.0023294,0.205489,0.0389848,0.141359,3.23161,0.161901,0.286242,1.77843,0.125385
33.018775510,1.00695,0.021108,2.00805,0.0158039,0.164265,0.0942145,0.162032,3.38158,0.0847827,0.329031,2.17058,0.015788
33.065215420,0.804007,0.025487,2.01604,0.0050196,0.0573827,0.428142,0.141068,3.26401,0.130017,0.143832,2.32612,0.0943925
33.111655329,0.563383,0.0487959,1.61902,0.229674,0.220403,0.414138,0.0459905,3.48778,0.11315,0.116343,2.35022,0.336456
33.158095238,0,0.0505485,2.014,0.271196,0.249192,1.02358,0.0532479,2.77014,0.104313,0.104368,2.03903,0.525952
33.204535147,0,0.109231,2.02477,0.278998,0.154992,0.841198,0.0397273,2.35713,0.122725,0.124131,2.5358,0.255218
33.250975057,0,0.0689977,1.86837,0.212072,0.0628508,0.840575,0.0397135,2.2957,0.209895,0.0309795,3.06597,0.214515
33.297414966,0,0,1.77742,0.0597899,0.0220254,0.815477,0.0478683,2.24058,0.241072,0,3.8096,0.00588043
33.343854875,0,0,1.62972,0,0,0.821579,0.0470401,1.93407,0.210101,0,4.12448,0.000117874
33.390294785,0,0,1.42749,0.00147705,0.0367466,0.712067,0.0423606,1.87118,0.137441,0,4.04881,0
33.436734694,0,0,1.48355,0.00136951,0.0943761,0.786301,0.0395392,1.96256,0.111429,0,3.60505,0
33.483174603,0,0,1.66018,0.00614443,0.161588,1.0803,0.0414487,1.78757,0.114229,0,3.53308,0.000187668
33.529614512,0.0180816,0,1.62475,0.00714052,0.17679,1.14429,0.254747,1.39083,0.108093,0,3.71706,0.000358253
33.576054422,0.0240216,0,1.58377,0.00592832,0.182738,1.20026,0.225184,1.47848,0.101339,0.211101,3.57865,0.000356506
33.622494331,0.0316302,0,1.5973,0.00224465,0.180851,1.38941,0.0324083,1.69975,0.0974657,0.856687,2.84986,0.000176802
33.668934240,0.123951,0,1.82761,0.264985,0.171966,1.25536,0.0294744,1.57567,0.0690908,1.51192,1.72146,0.000108614
33.715374150,0.136167,0,2.0225,0.269807,0.153396,1.20553,0.0563929,1.08011,0.119168,1.80071,1.44118,0.000302919
33.761814059,0.840986,0,1.8496,0.00985666,0.080454,1.19799,0.0494736,0.872349,0.135889,2.12015,1.27382,0.000255813
33.808253968,2.83442,0,0.610966,0.0463168,0.173605,0.991382,0.0541824,1.0778,0.0857923,2.08009,0.0720913,3.65071e-05
33.854693878,3.48369,0.0199459,0.392639,0.0436642,0.230375,0.230425,0.050637,1.36494,0.0955974,1.62842,0.00672915,0
33.901133787,3.7619,0.0154487,0.19195,0.0120331,0.331741,0.051248,0.0541891,1.60954,0.112582,1.46504,0.194409,0
33.947573696,3.73755,0,0.0878437,0.0327655,0.567808,0.135129,0.408029,1.67036,0.133152,1.08235,0.0065285,2.35409e-05
33.994013605,3.11998,0.00952795,0.0198681,0.0129212,1.32759,0.656448,0.320419,1.73714,0.144072,0.695091,0.0762649,0
34.040453515,1.71215,0.691395,0.778699,0.305762,1.24606,1.01206,0.123418,1.56346,0.381902,0.399246,0.816493,0.0435555
34.086893424,0.992737,0.967356,0.921112,0.380986,1.14064,1.40601,0.020707,1.18899,0.377376,0.151215,0.789366,0.196343
34.133333333,0.338218,1.24623,1.02472,0.365312,0.617719,1.74623,0.0320974,0.921166,0.0683808,0.0556586,0.989497,0.500416
34.179773243,0.254485,0.859936,1.15346,0.325271,0.337196,1.97589,0.0627728,0.658328,0.09156,0.0984311,1.42835,0.630527
34.226213152,0.191476,0.220039,1.42628,0.416716,0.072135,1.75823,0.0710091,0.180061,0.144563,0.239001,2.2181,0.587752
34.272653061,0.200252,0.208573,0.552833,0.198576,0.794518,1.12272,0.116136,0.270951,0.0780042,0.597551,2.58113,0.490763
34.319092971,0.276422,0.384578,0.175811,0.0870429,0.270548,1.12299,0.351516,0.644718,0.207517,0.698402,2.41984,0.573706
34.365532880,0.641209,0.209571,0.156397,0.0643286,0.143844,1.18387,0.609223,1.05441,0.407668,0.770291,2.20023,0.312933
34.411972789,2.21891,0.198812,0.301176,0.0937332,0.125376,0.937106,0.528241,1.90162,0.0907285,0.193982,1.93342,0.196842
34.458412698,3.14563,0,0.0997531,0.0338842,0.27865,0.667699,0.27053,1.8244,0.0915255,0.349019,1.47349,0.287855
34.504852608,3.56414,0,0,0,1.08791,0.170365,0.0286312,1.43551,0.138893,0.553435,0.722789,0.00201849
34.551292517,3.74102,0,0.36451,0.0183756,1.27601,0,0.0332918,1.28688,0.146385,1.25599,0.0662929,0.000337363
34.597732426,3.29843,0,0.801179,0.0664011,0.852781,0.384468,0.0372929,1.35099,0.137417,1.34858,0.488146,0.00024962
34.644172336,0.947269,0,1.09269,0.145337,0.461303,1.01515,0.0589089,1.03604,0.106124,1.10436,2.26374,0.000183553
34.690612245,0,0.0286792,1.10583,0.287541,0.0797924,1.03279,0.0719571,0.452223,0.0892816,1.20828,3.05011,0.000318431
34.737052154,0,0.0777432,1.50384,0.194087,0.00664017,0.979994,0.0459497,0.295099,0.111334,1.09262,3.18503,0.000225269
34.783492063,0,0.0562525,2.13479,0.236927,0.0158875,0.799944,0.0145137,0.335472,0.108378,1.20629,3.32906,0
34.829931973,0.200778,0.00984011,2.24657,0.282392,0.0183348,0.282156,0.0194768,0.669273,0.081062,0.961438,3.25432,0
34.876371882,0.352588,0.0959243,1.96153,0.422016,0.368865,0.669425,0.241092,0.666366,0.0735589,0.292582,2.47978,0
34.922811791,0.278713,0.23135,1.47948,0.438399,0.744675,1.26573,0.136434,1.20521,0.0856534,0.522327,1.86939,7.9294e-05
34.969251701,0.396486,0.631958,1.16628,0.266949,0.552563,1.65564,0.100494,1.31595,0.0256147,1.73713,0.64325,0.000238693
35.015691610,0.352546,0.881456,1.16681,0.197556,0.577794,1.86567,0.0394979,0.948775,0,2.30432,0.191591,0.0249327
35.062131519,0.264595,0.902467,1.4022,0.23897,0.539458,2.27167,0.0120122,0.627221,0.000395379,2.71689,0.0933347,0.106948
35.108571429,0.296393,0.685115,1.47163,0.292116,0.343238,2.4623,0.00872053,0.121811,0.0325776,3.16565,0.00759308,0.125693
35.155011338,0.296082,0.153628,1.22729,0.0258652,0.119292,2.64485,0.190419,0.0231412,0.0282807,2.84067,0.841055,0.111433
35.201451247,0.237739,0.12043,0.938,0.0108812,0,2.52049,0.350083,0.00704663,0.0332901,2.13336,1.63681,0.143874
35.247891156,0.213191,0.178273,1.50436,0.0130643,0,1.87618,0.241322,0.0130714,0.958287,0.511646,3.1925,0.0411419
35.294331066,0.136243,0.424593,1.48411,0.0126824,0,1.73817,0.0510405,1.15541,1.0161,0.322653,2.70138,0.000515821
35.340770975,0.330575,0.44619,1.6981,0.0245776,0,1.68388,0.101436,1.76122,0.0665869,0.190284,1.69542,0.0536699
35.387210884,0.097213,0.276874,1.85883,0.0252937,0,1.84055,0.0886841,2.12907,0.0406212,0.328389,1.0406,0
35.433650794,0.103137,0.158336,1.97597,0.0417875,0.125571,2.05395,0.0571919,2.22789,0.14861,0.32641,0,0.597236
35.480090703,0.160165,0.642517,1.37646,0.0200733,0.982601,1.53531,0.0694871,2.23277,0.550078,0.351641,0.0422738,0.152781
35.526530612,0.106877,0.851325,1.07448,0.0481893,1.57314,1.39555,0.0590978,1.9785,0.475858,0.638293,0.181139,0.019122
35.572970522,0,0.789592,1.05573,0.0015839,1.4282,1.47091,0.0673925,1.4259,0.686827,1.7092,0.252272,0.0339737
35.619410431,0.000650837,0.647566,1.37078,0,1.37133,1.39275,0.0582067,0.629193,0.610477,2.4539,0.14234,0.0310056
35.665850340,0.000345324,0.802035,1.36454,0,1.24703,1.46952,0.0530291,1.37674,0.232391,2.15896,0.122662,0.000437541
35.712290249,0,0.697361,1.53031,0.000649732,0.832175,1.5512,0.071144,2.60185,0,1.41179,2.23769e-05,0.000405225
35.758730159,0,0.14312,2.10553,0.0104889,0.0269401,1.57251,0.063121,3.38841,0.00418923,0.554243,0.015998,0.452028
35.805170068,0,0.0502108,2.60849,0.0348534,0.010136,1.77774,0.069502,3.39385,0.00606994,0.310013,0,0.491265
35.851609977,0.000195151,0.00829799,2.83145,0.053267,0.000978974,1.76365,0.075214,3.35014,0.0078039,0.350619,0,0.434121
35.898049887,0.0666203,0.0303424,2.81056,0.0553978,0.00321476,1.38511,0.0812008,3.4096,0.00399648,0.355738,0,0.415134
35.944489796,0.0979996,0.103867,2.89171,0.0306198,0.0182537,1.42961,0.159995,3.22792,0,0.31949,0.0107496,0.417853
35.990929705,0,0.191945,3.10315,0.0274457,0.000477741,1.58149,0.101423,3.02255,0,0.271898,0.0545372,0.411875
36.037369615,0,0.278015,2.83359,0.0685201,0.658289,1.08649,0.0459628,2.63889,0,0.825869,0,0.00056529
36.083809524,0.0211584,0.458685,2.21923,0.121134,1.36606,0.158688,0.0581055,1.9009,0,1.2738,0,0.000164186
36.130249433,0.0109799,0.604176,1.72373,0.156523,1.32351,0.0829668,0.310226,1.44572,0,2.38848,0,0
36.176689342,0.00576851,0.706125,1.57496,0.234547,1.20694,0.382305,0.442411,0.967912,0.00286547,3.37417,0,0
36.223129252,0.1587,0.778667,1.75166,0.182669,0.846755,0.255095,0.0311432,2.2657,0.259231,3.08719,0.00550005,0.0699564
36.269569161,0,0.328768,2.02012,0.110654,0.319139,0.0362944,0.0497515,3.8152,0.538795,1.98174,0,0.0758759
36.316009070,0,0.0074798,2.47563,0.0493321,0.211514,0.14487,0.293101,4.1156,0.250909,0.395869,0,0.507864
36.362448980,0,0.200531,2.49009,0.303208,0.253258,0.328514,0.0633641,3.45533,0.0951808,0.513507,0.174238,0.638273
36.408888889,0.0138646,1.0304,1.86915,0.375536,0.762402,0.558188,0.0279807,2.70291,0.00505463,0.844571,0.214919,0.0949636
36.455328798,0.000118055,1.32468,1.58604,0.392077,1.51278,0.824998,0,1.5844,0.00499757,1.23622,0.320673,0.0367315
36.501768707,0.0808216,0.802555,1.75337,0.475636,1.334,0.331178,0.00268814,1.99034,0.00682367,1.49147,0.0147891,0.0860496
36.548208617,0.136482,0.300139,1.85748,0.448268,0.40466,0.191442,0.00509309,3.16678,0.0501713,1.51221,0.0297796,0.521298
36.594648526,0.212275,0.133571,1.36693,0.144733,0.196942,0.18319,0.0158121,3.97329,0.0620028,0.466601,0,0.709504
36.641088435,0.249095,0.0120398,1.00493,0.0492328,0.390913,0.759784,0.0208679,3.71015,0.12725,0.232407,0.338138,0.685723
36.687528345,0.276731,0.176729,0.63281,0.163459,0.515584,0.796497,0.00398159,3.05307,0.109791,0.328397,1.39791,0.665904
36.733968254,0.200124,0.293371,0.240559,0.257512,0.549913,1.75188,0.0276691,2.15755,0.259328,0.116853,2.37921,0.594608
36.780408163,0.243767,0.301795,0.360399,0.144802,0.55387,1.719,0.0476519,0.767047,0.178436,0.0944098,3.61725,0.33635
36.826848073,0.317305,0.227955,1.38659,0.127875,0.305239,1.32037,0.0686181,0.244515,0.0948111,0.0287834,3.87038,0.312759
36.873287982,0.338109,0.178505,1.51646,0.0150985,0.449973,1.224,0.0765407,0.0374785,0.222715,0.0239992,3.83978,0.0979394
36.919727891,0.205793,0.0941117,1.35469,0.183304,0.165519,1.77191,0.154822,0.297698,0.32146,0.205285,3.51591,0.242972
36.966167800,0,0.303643,0.989578,0.348154,0.191418,2.01123,0.0404831,1.08529,0.285649,0.950516,2.69682,0.270705
37.012607710,0,0.400455,0.906387,0.340295,0.142286,2.25294,0.0148692,2.2101,0.248213,0.953244,1.36425,0.302864
37.059047619,0,0.212069,1.21415,0.174249,0.247573,1.54292,0.00612952,2.94946,0,0.714027,0.709709,0.304599
37.105487528,0.133354,0.285682,1.34846,0.178328,0.256519,1.31825,0.043192,3.41405,0.00151944,0.167643,0.342307,0.555665
37.151927438,0.158461,0.216446,1.57184,0.195527,0.153934,1.04832,0.0598519,3.87768,0.0131612,0.228205,0.102424,0.600371
37.198367347,0.162308,0.163169,1.70104,0.0246201,0,0.541603,0.0381072,4.06317,0.00907162,0.224309,0.0430506,0.804896
37.244807256,0.0800739,0.08902,1.80401,0.0251422,0,0.177199,0.0112736,4.15702,0.00858768,0.237744,0.0186355,1.02667
37.291247166,0,0.137578,1.62931,0.0223684,0.0031745,0.118018,0.0042378,4.23845,0.00603896,0.263399,0.0367476,1.01632
37.337687075,0.0382134,0.268887,1.43952,0.0238786,0.0166389,0.0839811,0,4.23539,0.0031864,0.430438,0.0306782,0.985764
37.384126984,0.0499024,0.359504,1.28726,0.026887,0.0189975,0.0766829,0,4.34429,0.00130843,0.3312,0.267615,0.919077
37.430566893,0,0.272095,1.19689,0.028777,0.0236524,0.118013,0.249379,4.46005,0.000565168,0.0365632,0.322062,0.869943
37.477006803,0.062989,0.125812,1.27672,0.0319866,0.0122586,0.0951203,0.212459,4.34258,0.0642807,0.0335468,0.00187575,0.876235
37.523446712,0.000645883,0.0613076,1.2772,0.0130236,0.00161951,0.0921718,0.259403,4.11778,0.499195,0.021712,0.166139,0.922764
37.569886621,8.53322e-05,0.0328478,1.26537,0,0.0453559,0.0938208,0.265461,3.39898,0.961304,0.0523013,0.237832,0.908714
37.616326531,0.31788,0.00602791,1.06097,0.169208,0.0214656,0.505575,0.465956,3.12545,0.715919,0.0933569,0.994452,0.720826
37.662766440,0.648156,0.00246549,0.455234,0.557458,0.505083,0.791249,0.499907,3.04635,0,0.0822665,1.56148,0.354354
37.709206349,0.295715,0.0130947,0.681895,0.355332,0.0749488,1.25337,0.341451,3.13056,0.159385,0.0984386,1.61009,0.0900841
37.755646259,0.16969,0,1.01335,0.229299,0.0917034,1.31001,0.221831,2.92344,0.243213,0.115403,1.66722,0.000564415
37.802086168,0.531555,0.0581138,0.685067,0.165922,0.390641,0.865772,0.258735,2.39953,0.223346,0.101463,1.70306,0.00940178
37.848526077,0.365087,0.0791491,0.808673,0.166026,0.395687,0.597478,0.347954,2.12389,0.146563,0.0201539,2.03476,0.107762
37.894965986,0.000381886,0.103791,1.02223,0.191425,0.305025,0.551721,0.179621,1.8877,0.0377933,0.132621,2.68529,0.309269
37.941405896,0.0934244,0.014939,1.29442,0.0286704,0.0816228,0.968419,0.0513607,1.69174,0.150673,0.0117368,3.28131,0.343224
37.987845805,0.127078,0,1.1987,0.0294003,0.00121393,1.29806,0.0347,1.76955,0.624623,0,3.58833,0.17278
38.034285714,0.0421931,0.0964757,1.26231,0.032169,0.00248805,1.21593,0.0132076,2.04892,0.660192,0.177901,3.75768,0.412839
38.080725624,0.158754,0.0116358,1.15877,0.26823,0.00294313,1.03588,0.000241823,2.19538,0.396288,0,3.64669,0.629614
38.127165533,0.158595,0.00360472,0.944048,0.213735,0.00494093,0.828596,0.00530483,2.48389,0.355987,0.0260255,3.80896,0.514595
38.173605442,0.138052,0.00151123,0.881,0.0550528,0.0061781,0.924351,0.00773608,2.76449,0.1602,0.0799638,3.88387,0.340024
38.220045351,0.142532,0.0108436,0.937147,0.154503,0.0274165,1.10987,0.0106541,2.92951,0.08988,0.0791459,3.57123,0.0018656
38.266485261,0.148886,0.000585208,0.821281,0.375226,0.0295757,1.12665,0.013515,2.75239,0.0768174,0.169308,3.23325,0.068502
38.312925170,0.125446,0.000336397,0.927443,0.302531,0.0220814,1.10752,0.0451099,2.10097,0.137941,0.184081,3.49026,0.0682616
38.359365079,0.0405234,8.44275e-05,1.04946,0.0705195,0.0221948,1.00621,0.0500696,2.04259,0.223455,0.304563,3.45112,0.0692204
38.405804989,0.0274687,0,0.928254,0.0200107,0,1.06757,0.0569042,2.09708,0.183565,0.207592,3.3964,0.142054
38.452244898,0.0219053,0,1.16118,0.0239706,0.000365098,1.03146,0.0359774,2.15137,0.122004,0.0502502,3.24262,0.181254
38.498684807,0.0242216,0.00506698,1.43913,0.0125979,0.158305,0.980335,0.0150226,2.0664,0.314904,0.105648,3.32523,0.189209
38.545124717,0.0564651,0.00185618,1.36764,0.000724762,0.170403,1.01896,0.0138739,1.6676,0.335801,0.101196,3.7117,0.266313
38.591564626,0.0689937,0.00201158,1.28302,0.00694905,0.142198,1.55258,0.00416164,0.753656,0.245666,0.0818848,4.10144,0.220889
38.638004535,0.172441,0.0135924,0.940681,0.0149264,0.270127,1.8513,0.0170613,0.00587619,0.294687,0,4.20635,0.0380852
38.684444444,0.0195026,0.0300574,1.01556,0.0402291,0.194713,1.4859,0.0217654,0.0215905,0.31699,0,4.29005,0.00984649
38.730884354,0.0106067,0.00237866,1.31383,0.0141368,0.150078,1.28919,0.16074,0.0371266,0.269547,0.00671096,4.34005,9.78304e-05
38.777324263,0.0912875,0.00326666,1.07044,0.0131256,0.0618701,1.35147,0.156181,0.0456458,0.277507,0.0763891,4.30367,2.75455e-05
38.823764172,0.125227,0.0032717,0.702892,0.124444,0.00835266,1.40809,0.028162,0.0144704,0.23173,0.130455,4.28011,0
38.870204082,0.147246,0.00259102,0.768247,0.190712,0.00415715,1.22377,0.0275507,0.151778,0.21074,0.118824,3.94443,0.325497
38.916643991,0.145269,0,0.930534,0.0770452,0.128321,1.08706,0.071821,0.216857,0.0986285,0.0789676,3.84673,0
38.963083900,0.137473,0.000266917,0.973736,0.0474463,0.221671,1.03235,0.107841,0.177052,0.111564,0.217064,3.52156,7.84747e-05
39.009523810,0.209851,0.151406,0.76987,0.0184911,0.293422,1.04229,0.0775978,0.128861,0.176748,0.679167,3.04558,0.0183762
39.055963719,0.151868,0.138672,0.526832,0.0176635,0.346797,1.06356,0.162414,0.135041,0.217536,0.708379,3.18772,0.0404367
39.102403628,0.103228,0.0732331,0.384024,0.0136285,0.319164,1.15695,0.287239,0.0807135,0.201209,0.468339,3.3655,0.0454192
39.148843537,0.000152374,0.045444,0.620887,0.0250375,0.100261,1.22651,0.299326,0.0523351,0.140619,0.45401,3.50798,0.00339993
39.195283447,0.102851,0.0179835,0.942159,0.0348789,0.0155647,1.24882,0.159307,0.163293,0.344374,0.374313,3.2649,0.0254368
39.241723356,0.0547646,0.00190099,0.891252,0.265127,0.0157488,1.43946,0.26426,0.151734,0.474128,0.47243,2.78006,0.0558663
39.288163265,0.0715757,0.00744247,0.904091,0.0882847,0.0123019,1.4453,0.0760787,0.142684,0.541258,0.301505,3.16771,0.0412339
39.334603175,0.0490288,0.00110872,1.01977,0.1071,0.0224094,1.46551,0.0797088,0.0373803,0.395567,0.145236,3.50387,0.0497848
39.381043084,0.16639,0,1.00734,0.213238,0.0460918,1.33497,0.06434,0.0048077,0.189429,0.0879554,3.45144,0.091311
39.427482993,0.115953,0.00142207,0.902396,0.0771337,0.0757391,1.14471,0.067353,0.0732,0.178292,0.0669254,3.58575,0.101438
39.473922902,0.0212216,0.00328369,0.753559,0.130829,0.355999,0.97019,0.143024,0.0611209,0.31772,0.232266,3.97372,0.0596548
39.520362812,0.0170122,0.00239182,0.587397,0.016682,0.581245,1.45106,0.428264,0.332869,0.378165,0.59384,3.22579,0
39.566802721,0.249014,0.526399,0.646167,0.294928,0.494822,1.95086,0.200444,0.50148,0.408001,0.544753,2.52649,0
39.613242630,0.364981,0.87268,0.581375,0.378783,0.405024,2.03239,0.0534423,0.854172,0.509944,0.351894,2.06079,0.0564426
39.659682540,0.624463,1.10955,0.608761,0.386549,0.330666,1.74595,0.152223,1.11243,0.425902,0.163432,1.57054,0.279367
39.706122449,0.865225,1.01464,1.13901,0.340015,0.431483,1.13662,0.111796,1.07197,0.0683881,0.0975837,2.04467,0.449592
39.752562358,1.29376,0.211823,0.742358,0.46697,0.493373,1.15107,0.0147271,0.914476,0.0310319,0.107747,3.19458,0.48081
39.799002268,2.79681,0.205088,0.304631,0.368199,0.512442,0.570906,0.01172,0.900197,0.0209304,0.0981386,3.14286,0.458382
39.845442177,3.45939,0.106275,0.266649,0.00227576,0.523271,0.724913,0.0146969,0.780945,0.011547,0.0651179,2.57265,0.396846
39.891882086,3.37049,0.0132346,0.284556,0,0.538744,0.412587,0.0380545,0.379744,0.0888534,0.257468,1.8023,0.211166
39.938321995,2.07727,0.0723989,0.463488,0,1.45359,0.132031,0.0671814,0.0091275,0.085566,2.40053,1.11664,0.0154424
39.984761905,0.0886967,0.744484,0.374271,0.237713,1.58129,0.153437,0.0232473,0.17656,0.0112962,3.45551,0.53393,0
40.031201814,0.103378,0.900774,0.576457,0.283146,1.6245,0.7701,0.0126385,0.159668,0,3.77234,0.120466,0
40.077641723,0.000108009,0.893792,0.809863,0.133603,1.61393,1.10994,0.0133844,0.0609074,0,3.58864,0.123311,0.0284672
40.124081633,0.000271839,0.822025,1.19094,0.0791807,1.59585,1.27263,0.00290287,0.0561324,0,3.32046,0.191469,0.0994327
40.170521542,0.000311913,0.552037,1.66078,0.0695221,1.38277,1.49235,0.00630802,0.104595,0.167717,2.53669,0.496202,0.214859
40.216961451,0.000334639,0.356058,2.25901,0.00635024,1.1374,1.65478,0.0119241,0.118043,0.495648,1.71254,0.521909,0.271992
40.263401361,0.000382019,0.354653,2.58129,0.00298349,0.605395,1.70216,0.024,0.257543,0.822805,1.11958,0.529685,0.281833
40.309841270,0.000491818,0.337549,2.58514,0.0093157,0.746798,2.12131,0.03283,0.386396,0.487766,0.9296,0.271503,0.290272
40.356281179,0.000717099,0.302098,2.50314,0.00276711,1.31124,1.79761,0.0346692,0.139354,0.866613,1.47476,0.0216165,0.188071
40.402721088,0.000603665,0.287515,2.27841,0.0194825,1.32475,1.55884,0.222492,0.310384,0.737662,1.92976,0.124379,0.213424
40.449160998,0.000402449,0.365935,2.26878,0,1.26001,1.45996,0.512125,0.153972,0.526408,2.38793,0.139986,0.268764
40.495600907,0.0177066,0.775,2.20303,0.00341519,1.24248,1.28138,0.489622,0.0857425,0.177651,3.05282,0.106051,0.310073
40.542040816,0.0384267,0.844967,2.01977,0.0108816,1.28609,1.17318,0.435645,0.0218435,0,3.21808,0.0519082,0.271353
40.588480726,0,0.81312,1.84698,0.0118196,1.48093,1.23524,0.242929,0.108478,0,3.39648,0.0287472,0.183965
40.634920635,0.00579912,0.699729,1.51924,0.00428773,1.56846,1.24917,0.113969,0.0967545,0.0575471,3.63733,0.0906954,0.132461
40.681360544,0.000404288,0.633838,1.443,0,1.68762,1.25581,0.131541,0.10807,0.0141759,3.69629,0.0983893,0.151181
40.727800454,0.000653015,0.71829,1.59689,0.00297299,1.65148,1.27305,0.128812,0.0845802,0.00979831,3.61926,0.0664559,0.211396
40.774240363,0.000795734,0.963201,1.80026,0.00642341,1.53885,1.34394,0.0167432,0.06196,0.101114,3.27628,0.000835637,0.183756
40.820680272,0.000739615,1.0078,1.90791,0.00778735,1.31605,1.25299,0.0107596,0.0654491,0.138931,3.08628,0,0.107515
40.867120181,0.000729958,0.995571,1.86521,0.074717,1.30166,1.03602,0.017409,0.0850531,0.241372,2.94999,0,0.0408516
40.913560091,0.00068476,0.976316,1.58693,0.132962,1.01109,0.664998,0.0320736,0.108565,0.406842,2.96443,0.110446,0.0703799
40.960000000,0.0694281,0.850572,1.2359,0,1.07258,0.246873,0.0830262,0.0526738,0.692293,1.51371,2.02492,2.90249e-05
41.006439909,0.310193,1.10934,0.721649,0.287651,1.41283,0.499364,0.27121,0.147581,0.605676,1.22918,1.43599,8.24587e-05
41.052879819,0.298075,1.33061,0.922989,0.406114,1.8449,0.523811,0.0607623,0.0330446,0.847282,1.33059,0.927243,8.10776e-05
41.099319728,0.231144,1.39839,0.946903,0.419769,1.97782,0.445958,0.0074291,0.241919,0.811194,2.18785,0.30061,0.0667299
41.145759637,0.114778,1.53056,0.960557,0.400422,1.993,0.329316,0,0.490681,0.504417,2.59889,0.00471359,0.281798
41.192199546,0.126763,1.33042,1.02806,0.365922,1.48927,0.0980946,0,0.489273,0.0386513,3.41808,0.00143921,0.409045
41.238639456,0.14213,0.946368,1.02415,0.486133,1.11854,0.150235,0.000833364,0.474326,0.0169829,3.67722,0.10844,0.407987
41.285079365,0.197724,0.35021,0.352948,0.000161731,0.697453,0.581404,0.0108122,0.137647,0.147942,3.20796,0.629843,0.421574
41.331519274,0.756058,0.0827172,0.297991,0,0.435933,0.707931,0.106516,0.0912432,0.396847,2.3504,0.827706,0.442004
41.377959184,1.2098,0.0731354,0.311505,0.0593783,0.577011,0.486764,0.826573,0.147211,0.462204,0.802829,1.11159,0.322769
41.424399093,1.42918,0.108724,0.17345,0.102566,0.824413,0.326316,0.837507,0.211165,0.784786,0.506239,1.26863,0.514313
41.470839002,1.75609,0.230182,0.10251,0.129314,1.59528,0.30469,0.739175,0.227893,0.640447,0.858541,1.14481,0.476132
41.517278912,2.17688,0.451199,0.225826,0.350377,1.6479,0.27283,0.602439,0.0181729,0.174097,2.22186,0.239889,0.445561
41.563718821,0.369275,0.955987,0.57694,0.355018,0.6036,1.61501,1.00423,0.485936,0.532876,0.582158,0.0100261,0.113522
41.610158730,0.754463,0.94201,0.742791,0.588801,0.48887,1.75511,0.691698,0.55956,0.574904,0.477488,0.320032,0.0480789
41.656598639,0.833172,0.904084,0.664328,0.579498,0.441745,2.07268,0.471813,0.605341,0.502892,0.305539,0.979763,0.0592042
41.703038549,0.612253,0.733464,0.909675,0.322306,0.449091,2.37561,0.15056,0.649196,0.336751,0.026454,2.12173,0.252632
41.749478458,0.306813,0.549565,1.03931,0.280708,0.308946,2.30712,0.0117319,0.674274,0.270021,0.0564186,2.82784,0.339895
41.795918367,0.320581,0.294257,1.32306,0.343783,0.20964,1.73141,0.00808506,0.262201,0.117572,0.0816968,3.82131,0.419378
41.842358277,0.280101,0.216237,1.35836,0,0.527091,1.76244,0.00374176,0.000941601,0.293355,0.0543924,3.81452,0.103784
41.888798186,0.393596,0.580258,1.23235,0.143453,0.360236,2.31855,0.0388841,0.446377,0.478043,0.114078,2.9577,0.129018
41.935238095,0.60548,0.983824,0.921611,0.328663,0.459574,2.08388,0.374674,0.843573,0.571814,0.291778,1.41862,0.0421916
41.981678005,0.698594,1.1844,0.989841,0.308014,0.460833,1.48649,0.875083,1.11647,0.614775,0.303645,0.794651,0.292498
42.028117914,0.85164,1.29215,1.09392,0.328558,0.368094,1.40689,0.854115,1.11404,0.30304,0.386202,0.758869,0.409698
42.074557823,0.784018,1.21908,1.29033,0.34149,0.26771,2.15786,0.217118,0.873719,0.0432952,0.273147,0.981462,0.490521
42.120997732,0.495672,0.366113,1.02384,0.442831,0.118026,2.29971,0.0180188,0.332954,0.0204211,0.770301,2.18883,0.636899
42.167437642,0.605482,0.356149,0.194064,1.50754,0.227002,0.916482,0.0325443,0.00485444,0.00787117,1.18155,1.95286,0.60571
42.213877551,0.302767,0.359546,0.503532,1.03086,0.0662849,0.396451,0.037005,0.0557051,0.502783,0.764942,1.2524,0.836742
42.260317460,0.215013,0.397751,0.730675,0.778885,0.0370861,0.324789,0.0645327,0.0958017,1.24265,0.375611,1.13896,0.743267
42.306757370,0.055936,0.311112,0.95966,0.58108,0.264098,0.188566,0.275896,0.232443,1.56956,0.191647,0.845809,0.793156
42.353197279,0.0298014,0.141966,1.46296,0.470695,0.41215,0.148437,0.638738,1.08156,1.38948,0,0.497357,0.604928
42.399637188,0.000430692,0.0939145,1.803,0.0454183,0.152713,0.0283131,0.844423,2.05856,0.525469,0,1.09905,0.431714
42.446077098,0.0143425,0.47878,1.84484,0.065748,0.190609,0.0353174,0.838123,2.73961,0.0587724,0,1.31697,0.515963
42.492517007,0.000225499,0.419787,1.8394,0.0583784,0.404342,0.537227,0.553523,2.71599,0.057299,0,2.19917,0.321732
42.538956916,0.000283503,0.179978,1.77116,0.0733543,0.355841,1.19134,0.330973,2.09072,0.10767,0,2.67897,0.382176
42.585396825,0.000403599,0.002173,1.64725,0.0255684,0.138147,1.42021,0.221284,2.10119,0.245188,0,2.87236,0.422305
42.631836735,0.0005221,0.0279103,1.54753,0.0166635,0.0755499,1.4105,0.227722,2.08944,0.222174,0.064208,2.99862,0.319177
42.678276644,0.00066331,0.128369,1.80246,0.0237495,0.299378,1.10986,0.0880033,2.08816,0.0438882,0.179213,2.72149,0.284862
42.724716553,0.000331058,0.445467,1.36508,0.015252,0.508567,0.444666,0.0137405,2.62559,0.0827638,0.60874,1.79406,0.524414
42.771156463,7.83146e-07,0.327171,1.54626,0.0125115,0.282258,0.820219,0.00898773,2.61894,0.0990382,0.305387,2.1997,0.34809
42.817596372,0,0.168236,1.56386,0.0227897,0.000377254,1.21243,0.00678536,2.24507,0.114831,0,3.09823,0.124633
42.864036281,0,0,1.39468,0.0270752,0,1.23634,0.0113958,2.12317,0.158162,0.163382,3.51206,0.0495602
42.910476190,0.017201,0.0147806,1.44161,0.0240172,0.00298693,1.15686,0.0133157,2.17521,0.35578,0.346026,3.28064,0.0536731
42.956916100,0,0.117229,1.52718,0.0735554,0.0123801,0.906846,0.0209052,2.69942,0.219208,0.122165,2.49254,0.266917
43.003356009,0,0.104937,1.60848,0.106294,0.0358982,0.316352,0.0190358,3.39845,0.0561757,0,1.66377,0.320833
43.049795918,0.206901,0.184685,1.36616,0.111698,0.0339565,0,0.0123063,3.75524,0.00888254,0,1.33533,0.583321
43.096235828,0.187569,0.463725,1.31659,0.205376,0.0386737,0.0942323,0.0377134,3.28476,0.0532233,0.00233448,1.70945,0.508104
43.142675737,0.0594842,0.315038,1.3134,0.239634,0.318089,0.813205,0.127666,2.19587,0.0232476,0.00478422,2.81736,0.211774
43.189115646,0.00371138,0.186834,1.23084,0.412855,0.407369,1.02544,0.098408,1.58929,0.0468431,0.398122,3.03062,0.134519
43.235555556,0.000617843,0.00922422,1.28415,0.507315,0.468345,1.38523,0.229438,0.691327,0.0782921,0.50582,3.21331,1.58962e-05
43.281995465,0.000324892,0.0431839,1.17025,0.0417336,0.371234,1.71041,0.0300087,0.19363,0.340683,0.443305,3.56593,3.96916e-05
43.328435374,0.00020335,0.246064,1.16946,0.029757,0.42522,2.21099,0.399359,0.238179,0.0971865,0.398598,3.31393,0.000157904
43.374875283,0.0357652,0.425791,1.26694,0.332808,0.505091,2.2937,0.106977,0.84067,0.0968927,0.377529,2.73607,3.6961e-05
43.421315193,0.186507,0.660687,1.1032,0.28018,0.577189,2.11496,0.0209453,1.21896,0.120503,0.155823,1.97292,0.193486
43.467755102,0.537554,1.40906,0.620037,0.355283,0.42568,1.22147,0.00721826,1.72809,0.0577266,0.0830783,0.893875,0.409021
43.514195011,0.700098,0.984177,1.29942,0.427295,0.168155,0.191409,0,3.06136,0.0469136,0.111276,0.329095,0.886417
43.560634921,0.460604,0.275201,1.3168,0.567539,0.00237412,0.0145559,0,3.7708,0.0770922,0.0951042,0.427176,1.06903
43.607074830,0.229452,0.216105,1.19606,0.160991,0.192879,0.0161048,0,3.64311,0.110076,0.0760954,0.35102,0.987394
43.653514739,0.412219,0.307617,0.825716,0.0534516,0.455566,0,0.0381052,3.0139,0.113129,0.154536,0.895362,0.340416
43.699954649,0.478438,0.120235,0.924909,0.0356638,0.481904,0.0154927,0.30617,1.99336,0.437851,0.29795,1.08163,0.23163
43.746394558,0.397196,0.110238,0.980304,0.242056,0.446213,0.0665858,0.814077,1.08603,0.38951,0.432355,1.52518,0.232702
43.792834467,0.575759,0.423617,0.742047,0.19325,0.434514,0.140444,0.622331,0.401712,0.357085,0.421774,2.09524,0.446438
43.839274376,0.147022,0.155962,1.71508,0.10023,0.131016,1.13583,0.436734,0.0659344,0.271496,0.123198,2.53772,0.245965
43.885714286,0.113913,0.145219,1.88429,0.0403495,0.300075,0.822617,0.352977,0.939564,0.145624,0.11564,3.57651,0.0082834
43.932154195,0.757922,0.0109835,1.32889,0.0266643,0.165406,0.805705,0.0453953,0.763414,0.14834,0.0133418,3.40201,0.284662
43.978594104,1.04941,0.158962,0.880379,0.0227295,0.0403518,2.32318,0.121843,0.180398,0.125867,0.218822,2.0258,0.40314
44.025034014,1.16831,0.604831,0.908274,0.0434893,0.0164128,3.04252,0.135925,0.219609,0.00152495,0.17464,0.646436,0.089016
44.071473923,1.40981,0.623732,0.567784,0.0422431,0.0228529,3.39881,0.0945297,0.0907301,0,0.216372,0.221707,0.0240236
44.117913832,1.14856,0.440444,0.264176,0.161849,0.0308196,3.61416,0.0872567,0.185081,0.0431796,0.414639,0.154356,0.0315248
44.164353741,1.58877,0.706332,0.019948,0.495912,0,3.02829,0.322427,0.288521,0.608852,0.746385,0,0.0389398
44.210793651,1.60747,1.22739,0.129588,0.531686,0.252802,2.63674,0.518821,0.324642,0.531871,0.602843,0,0.0413129
44.257233560,1.03919,1.66678,0.55377,0.872927,0.380763,2.38921,0.7475,0.417634,0.362094,0.338784,0.0574548,0.0717678
44.303673469,0.282397,1.38189,1.44972,0.36931,0.421227,1.86322,0.499436,0.507032,0.264368,0.55769,0.845849,0.12864
44.350113379,0.184398,0.963391,1.53017,0.318387,0.456182,1.75471,0.0263172,0.620531,0.0601327,0.610466,1.97659,0.354923
44.396553288,0.158298,0.338391,1.52831,0.378745,0.0764502,1.25465,0.0112073,0.752492,0.0808918,0.788541,2.17726,0.473098
44.442993197,0.173391,0.31246,1.33271,0.289092,0,1.00171,0.00803904,1.50728,0.0891034,1.25721,1.56753,0.498465
44.489433107,0.217251,0.456065,0.919747,0.0843043,0.0295381,0.857303,0.00395365,2.21363,0.0663943,1.90891,0.512044,0.536726
44.535873016,0.170277,0.971772,0.270582,0.0653895,1.30732,0,0.0207346,2.54632,0.0253669,2.30784,0.333161,0.299704
44.582312925,0.18371,1.11533,0.0556395,0.0371686,1.41256,0.0252352,0.298211,2.02638,0.00753623,2.76363,0.0947196,0.188994
44.628752834,0.165082,0.898378,0.2138,0.0247894,1.28633,0.0502895,0.300179,1.80508,0.269304,3.16453,0,0.0925703
44.675192744,0.130309,0.477378,0.855564,0.00185907,1.05361,0.120891,0.205146,2.06931,0.0786723,2.55986,0.0203278,0.122266
44.721632653,0.000557824,0.373884,1.66387,0.107161,0.708858,1.19489,0.0319284,2.79534,0.00369462,1.10681,0.0477359,0.170354
44.768072562,0.000531804,0.150322,1.89551,0.0626414,0.0911721,1.54798,0.0261313,3.28463,0.0590531,0.464093,0.00729644,0.264518
44.814512472,0.000467175,0.139596,1.84342,0.0643391,0.144803,1.44314,0.059808,2.77708,0.131511,0.859345,0.316365,0.231919
44.860952381,0.000410925,0.306528,1.74004,0.059891,0.345255,1.51706,0.0937912,1.92885,0.124756,1.8354,0.399563,0.236343
44.907392290,0.000364747,0.324781,2.25098,0.0761066,0.387321,1.46561,0.235083,0.266935,0.148459,2.33181,0.266049,0.254147
44.953832200,0.00036265,0.254822,2.07511,0,0.369725,1.46556,0.478287,0.263438,0.258865,2.26126,0.12379,0.264608
45.000272109,0.266755,0.312943,1.82999,0,0.167471,1.52878,0.528554,0.768585,0.406379,1.93928,1.83238e-05,0.228463
45.046712018,0.351474,0.40391,1.64252,0.0152088,0.11875,2.52278,0.181085,0.952624,0.375575,1.19113,0.00167541,0.408055
45.093151927,0.629316,0.175231,1.7289,0.0271278,0.105125,3.18743,0.163212,0.412629,0.281851,0.623227,0.142802,0.594444
45.139591837,1.19425,0.0171107,1.72493,0.0063145,0.0282996,3.77088,0.208525,0.328758,0.0692896,0.89538,0.251882,0.151452
45.186031746,1.37559,0,1.50147,0.0441915,0.0190977,3.86706,0.228304,0.230875,0.036934,1.1431,0.253975,0.00039276
45.232471655,1.27228,0,1.70841,0.207702,0,3.4614,0.466398,0.0677625,0.0148164,1.12494,0.254784,0.323349
45.278911565,0.993879,0.00321307,2.04816,0.395778,0.32943,2.42673,0.874489,0.000543921,0,1.08215,0.173665,0.0756584
45.325351474,0.485863,0,2.00718,0.230865,0.640062,1.9519,0.96743,0.0881427,0.502312,1.51491,0.254801,0.105718
45.371791383,0.0572471,0.105728,1.86637,0.132442,0.983845,1.14085,1.40415,0.72429,0.242108,2.03668,0.35836,0
45.418231293,0.267712,0.475455,1.4883,0.254082,0.94916,1.23676,1.38442,1.02446,0.00174832,2.27978,0.28334,0
45.464671202,0.476881,0.895966,1.00131,0.201068,0.783314,1.59161,1.36149,0.999345,0.0041447,2.22669,0.12419,0.011481
45.511111111,0.532423,0.933609,0.826133,0.196741,0.638271,1.62893,0.932745,0.927257,0.00789904,1.66036,0.0497545,0.0729713
45.557551020,0.562691,0.299817,1.25322,0.374611,0.167908,2.03398,0.4601,0.729609,0.00763821,1.43633,0.122427,0.325815
45.603990930,1.28209,0.188727,0.903547,0.252976,0.222449,2.09798,0.0677254,0.634544,0.0172722,1.74002,0.0286004,0.2985
45.650430839,1.7197,0.0112453,0.574959,0.29174,0.198654,1.56226,0.496866,0.646484,0.0919881,1.34573,0.251072,0.266191
45.696870748,0.915109,0.257903,0.873004,0.20761,0.586933,1.28379,0.509167,1.56756,0.25716,0.816236,0.145232,0.173235
45.743310658,0.0728413,0.836918,1.10816,0.416576,1.67799,0.297276,0.25259,1.82121,0.291525,1.1017,0.0555272,0.0295914
45.789750567,0.0840264,0.977407,1.10148,0.321664,1.91128,0.153341,0.0220866,1.78498,0.247866,1.45465,0.126543,0.126738
45.836190476,0.161759,0.807825,1.15448,0.256609,1.74627,0.16086,0.00682389,1.44468,0.283899,1.67111,0,0.118094
45.882630385,0.319109,0.701711,1.93101,0.0710386,1.4022,0.105648,0.206122,1.50704,0.0640411,1.33189,0.0388098,0.169107
45.929070295,0.583904,0.34873,1.73409,0.125736,0.638906,0.578859,0.108998,1.00196,0.686373,0.404112,0.0594785,0.08591
45.975510204,0.441206,0.696281,1.08891,0.0212638,0.900584,0.827623,0.748721,0.520677,1.39069,0.462565,0.446625,0.0106363
46.021950113,0.353177,1.01541,0.553869,0.134732,0.782645,0.992262,0.960574,0.427883,1.42394,0.863739,0.547819,0
46.068390023,0.331579,1.29268,0.518996,0.0366576,0.59976,1.00719,0.707716,0.377047,1.35162,0.979719,0.634482,0.340431
46.114829932,0.272479,1.40076,0.545538,0.172633,0.543016,1.16999,0.492496,0.265869,1.26437,1.34569,0.539016,0.505579
46.161269841,0.288143,1.11505,0.645525,0.14465,1.08828,1.04828,0.0732086,0.247985,1.3741,1.50145,0.163041,0.60102
46.207709751,0.388864,0.842913,1.14245,0,1.16764,1.08868,0.356457,0.527489,1.0481,1.63685,0.463447,0.0202288
46.254149660,0.407482,1.31188,0.764953,0.0652841,0.821344,0.395586,1.30494,1.05796,0.4186,0.697836,1.2064,0.0171092
46.300589569,0.842251,1.21196,0.833328,0.00343532,0.669225,0.558297,1.21028,0.895611,0.184761,0.367955,1.26244,0.000831614
46.347029478,1.75603,0.703608,0.600788,0.0262653,0.571569,1.46424,1.04698,0.451433,0.010323,0.26489,0.561639,0.000561179
46.393469388,1.8706,0.677025,0.481243,0.0839624,0.517704,2.51835,0.481484,0.266127,0,0.242759,0.356217,0.000342578
46.439909297,2.33224,0.33992,0.444921,0.203176,0.515761,3.02286,0.153827,0.204033,0,0.337426,0.336488,0.00509393
46.486349206,2.18329,0.336281,0.020541,0.262404,0.498809,3.35252,0.108171,0.105238,0.0841919,0.704942,0.505353,0.0196054
46.532789116,2.20128,0.306011,0.0734146,0.300431,0.0857515,3.25442,0.0710068,0.192843,0.515868,0.769785,0.491995,0.116723
46.579229025,1.78084,0.217249,0.141744,0.0874782,0.255795,2.12938,0.341998,0.613637,1.17215,0.807396,0.467344,0.533817
46.625668934,0.501596,0.586612,0.739617,0.0960285,0.436213,1.35579,0.758817,0.792215,1.32162,0.37063,0.598951,0.565035
46.672108844,0.220507,0.841496,0.938151,0.152814,0.61106,0.756349,1.26615,0.801631,1.40431,0.277344,0.558255,0.606518
46.718548753,1.6323,0.57181,0.829482,0.189846,0.588127,1.10669,0.937664,0.618288,1.65316,0.508538,0.353013,0.286641
46.764988662,1.76052,0.764178,0.909762,0,0.178805,2.19366,0.201627,0.28073,1.05716,0.765796,0.61351,0.223876
46.811428571,1.59549,0.337437,0.745905,0.0180472,0,2.62705,0.0379294,0.399796,0.41159,1.18668,0.0238864,1.00713
46.857868481,1.48694,0.204848,0.496586,0,0,2.28809,0.0571265,0.928959,0.443089,1.01259,0.0391263,1.22598
46.904308390,1.29328,0.228056,0.708503,0.000636371,0,1.83829,0.308199,1.0873,0.600641,1.25574,0.00209972,1.19564
46.950748299,0.876024,0.112073,0.787288,0.0246569,0.554614,1.22444,1.3626,0.411105,0.396837,0.980433,0.452298,0.00093076
46.997188209,0.505151,0.267191,0.738639,0,1.37046,0.187227,0.303614,0.246697,0.0719211,2.41627,0.160096,0.00069649
47.043628118,0.0766421,0.663303,0.943558,0,1.10466,0.132361,0.137612,0.339863,0.0640577,3.25951,0.00919381,9.52605e-05
47.090068027,0.0979637,0.298523,1.09974,0.02125,0.940922,0.100198,0.0759366,0.364288,0.311415,2.59832,0.599398,0.0192648
47.136507937,0.0427901,0.136605,0.990984,0.0281189,0.205725,0.830878,0.057933,0.505373,0.249183,2.26603,0.880293,0.0236351
47.182947846,0,0,0.580193,0.00207575,0.158724,1.10087,0.0842312,0.831082,0.213308,1.84004,1.7838,0.0501503
47.229387755,0.0855011,0,0.222539,0.010111,0.101048,1.11785,0.418441,0.884456,0.229449,1.04482,3.33601,0.138603
47.275827664,0.105808,0,0.513773,0,0.0544917,1.3387,0.765585,0.759909,0.173368,0.141147,4.06852,0.0707897
47.322267574,0.0645335,0,0.730559,0,0.0152356,1.38139,0.609371,0.389814,0.133998,0.0854891,4.16415,0.224766
47.368707483,0.0871953,0,0.809855,8.15043e-06,0.0236956,1.23058,0.0688844,0.0574414,0.153129,0.0587717,4.23628,0.40729
47.415147392,0.0178889,0,0.739128,0.0171295,0.0612113,1.17884,0.0760605,0.0284658,0.169232,0.133898,4.12566,0.385619
47.461587302,0.0685137,0.143048,0.626079,0.026085,0,1.20323,0.379143,0,0.299328,0.505891,3.67988,0.0849129
47.508027211,0.0588619,0.018361,0.574392,0.0289668,0,1.29994,0.128269,0.000867668,0.487024,0.608396,3.55646,0.11795
47.554467120,0.0385518,0.00228778,0.629174,0.0917124,0,1.35272,0.129562,0.0109344,0.411334,0.529741,3.66718,0.106602
47.600907029,0.112398,0,0.676549,0.0326581,0,1.51583,0.111123,0.0598694,0.314047,0.551717,3.54503,0.0808183
47.647346939,0.238726,0.0261683,0.603136,0.0300251,0.013844,1.5175,0.128039,0.197669,0.186378,0.4543,3.51922,0.0197052
47.693786848,0.209175,0.0372993,0.595528,0.0267804,0.0290316,1.52737,0.027053,0.157613,0.192777,0.565689,3.45916,0
47.740226757,0.178811,0.022668,0.643542,0.0192319,0.103354,1.51087,0.00936803,0.155758,0.216094,0.889921,3.3312,0
47.786666667,0.142545,0.0155362,0.766838,0.0133559,0.0875612,1.54888,0.0216349,0.342225,0.198661,0.680221,3.2964,0
47.833106576,0.125894,0,0.776078,0.00195492,0.0490344,1.51616,0.0474657,0.222663,0.158176,0.269621,3.64395,0
47.879546485,0.0909046,0,0.753477,0.0319798,0.065883,1.47897,0.080099,0.123305,0.111109,0.152766,3.78668,0
47.925986395,0.0459689,0.0233818,1.00254,0.0536149,0.136414,1.25201,0.269788,0.0272157,0.0597218,0.02445,3.68946,0
47.972426304,0.0134555,0.0238449,1.03214,0.00209989,0.214936,0.846397,0.204044,0.000908824,0.0516786,0.0196415,3.44036,0.0282456
48.018866213,0.0342998,0.0694954,0.859665,0.00244657,0.286494,0.776615,0.187382,0.363531,0.157023,0.00561493,3.30945,0.000211958
48.065306122,0.0530691,0.0304907,0.859546,0.00348067,0.235712,1.03796,0.123762,0.10074,0.188998,0.296769,3.03954,8.37004e-05
48.111746032,0.000986783,0.131938,0.768509,0,0.393298,0.843017,0.09557,0.0625859,0.141426,1.03168,2.81579,0.0201567
48.158185941,0.0861407,0.130203,0.572365,0.00295024,0.678896,0.849207,0.0825453,0.056138,0.068473,1.47957,2.51991,0
48.204625850,1.2513,0.312647,0.120092,0.0375786,0.80233,0.734457,0.359036,0.0556903,0.00936515,1.93441,1.87852,0
48.251065760,2.90896,0,0.216321,0.0619184,0.870365,0.891858,0.373191,0.474294,0.0710631,1.2776,1.01548,0.088309
48.297505669,3.23085,0.00156532,0.219643,0.0523906,0.827846,0.771114,0.283384,0.862136,0.0617574,0.591225,0.994359,0.0961045
48.343945578,2.73143,0.00212165,0.511569,0.00268361,0.301927,0.739697,0.144934,0.843651,0.0498082,1.17007,0.835206,0.0637002
48.390385488,1.98302,0.00224538,0.63629,0.212226,0.761874,0.529465,0.0312809,0.412824,0.0610922,2.12196,0.58558,0.0232048
48.436825397,1.22437,0.282277,0.40285,0.337096,1.11249,0.376966,0.0204257,0.0499755,0.00769688,3.00766,0.590349,0.000108029
48.483265306,0.000463635,0.711729,0.166872,0.280449,1.33388,0.0385231,0.0309633,0.176086,0,4.0013,0.367342,0.0577765
48.529705215,0.000481869,0.865635,0.00814428,0.382983,0.94409,0.0553948,0.0213966,0.15514,0,4.42612,0.0895431,0.152175
48.576145125,0.177839,0.862223,0.161691,0.595205,0.863512,0.0970404,0.140188,0.113425,0,4.24467,0.0120999,0.137219
48.622585034,0.0395665,0.875051,0.18896,0.487201,1.02405,0.0570868,0.211296,0.0978363,0.213891,4.15132,0,0.120537
48.669024943,0.000613113,0.837468,0.0691148,0.23866,0.993,0.0119224,0.143993,0.159646,0.190753,3.91101,0.16607,0.194574
48.715464853,0.000540014,0.741575,0.0404612,0.15508,0.973937,0.00598237,0.280073,0.271407,0.0453467,3.75832,0.171907,0.238895
48.761904762,0.0155551,0.606053,0.0403357,0.0317183,1.11031,0.161261,0.716045,0.261249,0.272899,3.7071,3.2855e-05,0.201394
48.808344671,0.0658265,0.425549,0.0330439,0.0184096,1.39771,0.198405,0.523978,0.306782,0.302522,3.25176,0.0284871,0.0828411
48.854784580,0,0.786036,0.267527,0.187197,1.57592,0.566742,0.292344,0.362339,0.101665,2.88363,0.068945,0
48.901224490,0,1.10075,0.54026,0.417141,1.60269,0.689126,0.0696968,0.537097,0.046225,2.25875,0,0
48.947664399,0.00849654,1.33647,0.462697,0.391689,1.60621,0.67413,0.0363979,0.986226,0,2.28159,0.0712194,0
48.994104308,0.0300961,1.52533,0.488432,0.29836,1.55242,0.695985,0.0135684,0.944356,0,2.82413,5.59117e-05,0.0226716
49.040544218,0.145288,1.21459,0.582687,0.367625,1.59963,0.539956,0.0166168,0.666015,0,3.13467,7.12079e-05,0.0960153
49.086984127,0.179617,0.795006,0.769555,0.481495,1.20385,0.160234,0.01212,0.203126,0.0141794,3.93437,7.38314e-05,0.129705
49.133424036,0.140376,0.814058,0.460109,0.516854,1.1858,0.0548609,0.00470099,0.141809,0.00885841,3.77063,0.0313559,0.113669
49.179863946,0.132264,0.752273,0.0124329,0.370931,1.38644,0.0545205,0.112117,0.178392,0.201688,3.26776,0.136556,0.111848
49.226303855,0.0904462,0.622708,0.0460101,0.238455,1.42978,0.0638484,0.397288,0.247029,0.598181,2.99979,0.0895669,0.000315952
49.272743764,0.00389925,0.732771,0.28265,0.184155,1.34365,0.309185,0.451453,0.264851,0.548275,2.86487,0.001253,0.000281758
49.319183673,0.0300846,0.712385,1.69437,0.16116,0.87686,0.862495,0.584431,0.31691,0.616317,2.65911,0.00115913,0.00025499
49.365623583,0.0395825,0.49429,2.38851,0.0146653,0.277234,1.41223,0.59933,0.336618,0.453284,2.79282,0.000598872,5.47717e-05
49.412063492,0.0618639,0.217751,2.73534,0.00996673,0.272933,1.49798,0.381129,0.129963,0.0997196,3.11238,0.180482,5.87938e-05
49.458503401,0.0254728,0.150632,2.52101,0.0274123,0.328377,1.56286,0.131793,0.149857,0.240341,2.87946,0.407541,0.111473
49.504943311,0,0.110066,2.13199,0.0463167,0.340753,1.64263,0.158621,0.162557,0.315481,2.0321,0.909346,0.281156
49.551383220,0,0.0221629,1.97654,0.0224916,0.39178,1.74234,0.29564,0.157133,0.158266,1.52603,1.39975,0.306307
49.597823129,0,0.195137,2.20029,0.0145118,0.264883,1.80329,0.311742,0.238415,0,0.83228,2.0179,0.169975
49.644263039,0,0.389936,2.23112,0.0145941,0.0792808,1.84125,0.248329,0.260242,0,0.682231,2.16387,0.00129009
49.690702948,0,0.474742,2.0047,0.0138622,0.0426105,1.76839,0.169552,0.141528,0,0.406071,2.61937,0.0014528
49.737142857,0,0.531997,1.80043,0.0137021,0.189782,1.71284,0.0314799,0.240602,0,0.396126,2.31086,0.0014513
49.783582766,0,0.661298,1.60758,0.0139109,0.176858,1.70747,0.0264664,0.231413,0.240904,1.29416,1.31052,0.0189423
49.830022676,0,0.86231,1.50412,0.0144145,0.877456,1.87507,0,0.13162,0.233455,2.47352,0.532239,0.0135617
49.876462585,0,0.843656,0.9322,0.0150754,1.41898,1.63163,0,0.309794,0.0788614,3.11341,0.155475,0.0645959
49.922902494,0,0.607944,0.781426,0.0698083,1.58066,1.29842,0,0.472842,0,3.44229,0.0763643,0.000260422
49.969342404,0,0.406205,0.787392,0.0661894,1.45356,1.2999,0,0.497833,0,3.44013,0.130041,0.000505656
50.015782313,0,0.321864,0.698577,0.0304636,1.2763,1.26361,0.0191472,0.501686,0,3.32251,0.211304,0.000554202
50.062222222,0.0979787,0.317032,0.369809,0.233682,0.953109,1.65108,0.31048,0.56619,0,2.80512,0.889536,0.000502497
50.108662132,0.0488917,0.265545,0.109333,0.510043,0.128826,1.38576,0.467814,0.0286855,0.00301017,1.80714,2.16533,0.215757
50.155102041,0.127719,0.285312,0.232173,0.458122,0.286582,0.921899,0.135357,0.0141289,0.0388826,1.23594,2.15532,0.266751
50.201541950,0.028535,0.299856,0.240476,0.29636,0.48867,1.04914,0.206112,0,0.0404954,1.11482,1.97556,0.223669
50.247981859,0,0.362499,0.113384,0.0973109,1.30114,0.737445,0.381731,0.0892853,0,2.4302,1.036,0.000541239
50.294421769,0,0.624789,0.00644733,0.0728306,1.8872,1.05198,0.314523,0.515066,0.515428,2.8519,0.587126,0.000307678
50.340861678,0.000444576,1.04154,0.365823,0.105354,2.07302,0.962215,0.131787,0.235516,0.180506,2.89821,0.614004,0.000165972
50.387301587,0.170716,1.36237,0.402027,0.401568,2.10552,0.731818,0.0371975,0.552998,0.13856,2.56638,0.664336,0.0734696
50.433741497,0.300511,1.62704,0.526392,0.419728,2.11752,0.712111,0.00302915,0.664242,0.0524181,2.2941,0.635897,0.266909
50.480181406,0.771263,1.85091,0.568021,0.489201,2.09027,0.472177,0.00331889,1.20107,0.0370041,1.81886,0.590884,0.409396
50.526621315,1.66439,1.27648,0.517733,0.48473,1.39908,0.522616,0,1.07568,0.040164,1.60719,0.0387275,0.472979
50.573061224,1.89452,0.808572,0.190317,0.77729,0.443668,0.123331,0.0682298,0.967424,0.0624276,1.78154,0.0330862,0.43775
50.619501134,2.32464,0.234601,0.282636,0.421814,0.53904,0.131193,0.725545,0.938193,0.12767,0.8364,0.475699,0.225325
50.665941043,1.96995,0,0.390072,0.507917,0.627021,0.121388,0.637981,0.958739,0.18409,0.0644321,1.62365,0.167288
50.712380952,1.26496,0.00951036,0.445855,0.567083,0.471488,0.353148,0.556204,0.992775,0.197335,0.29985,2.04736,0.231342
50.758820862,1.295,0.0837845,0.629625,0.321378,0.412446,0.779843,0.369447,0.0531944,0.571996,0.460221,2.41124,0.237047
50.805260771,1.40235,0.174005,1.52272,0.137156,0.592424,0.713766,0.0978983,0.156743,0.205487,0.118607,2.82003,0.109337
50.851700680,1.48924,0.0427825,2.39729,0.0325637,0.451496,0.328929,0.154741,0.750717,0.0941118,0.0438934,2.89422,0.0278114
50.898140590,1.40099,0.0457893,2.33559,0.170073,0.866663,0.639935,0.223884,1.10295,0,0.135101,2.08674,0
50.944580499,1.64057,0.0756581,1.81309,0.25161,0.865856,1.26095,0.416997,1.39127,0.0124709,0.136073,1.41751,0
50.991020408,1.51943,0.240372,1.07608,0.272277,0.75512,1.58028,0.448332,1.40246,0.0132413,0.229518,1.37876,0
51.037460317,1.03721,0.302557,0.868832,0.298407,0.710934,2.04203,0.383825,1.14325,0,0.362178,1.69033,0.0818815
51.083900227,0.356457,0.0306486,1.04036,0.310767,0.567964,2.11168,0.105664,0.669213,0.0737642,0.493037,1.9844,0.082331
51.130340136,0.383224,0.181842,0.877073,0.040017,0.600261,1.25941,0,0.230552,0.111432,1.20204,2.71297,0.121382
51.176780045,0.364831,0.117927,0.574581,0.032816,0.600925,1.57619,0.386853,0,0.0864598,1.41613,2.66248,0.122321
51.223219955,0.179767,0.181193,0.687953,0.0325705,0.559561,1.7536,0.48229,0.0204556,0.385478,1.35998,2.77969,0.0457889
51.269659864,0.0224852,0.350202,0.773595,0.0602769,0.553784,1.79035,0.522589,0.0969298,0.580106,0.950534,2.84897,0.000169613
51.316099773,0,0.532173,0.848105,0.045754,0.732879,1.68414,0.155443,0.40859,0.619057,0.285331,3.32098,0.112121
51.362539683,0.00293977,0.530377,0.786098,0.154194,0.832572,1.55285,0.0245377,0.610362,0.518005,0,3.75721,0.160185
51.408979592,0.102865,0.249909,0.807115,0.0187816,0.738299,1.32163,0.0279182,0.287359,0.272322,0,3.88211,0.120997
51.455419501,0.149938,0.272236,0.928275,0.161944,0.038969,1.17531,0.0206399,0.189471,0.459934,0.487345,3.08376,0.0772337
51.501859410,0.105692,0.140136,0.958824,0.0414592,0.05542,1.15345,0.0161152,0.846445,1.30687,0.598603,2.24074,0
51.548299320,0,0.0450803,0.925435,0.0429838,0.0686906,1.29563,0.156536,1.30807,1.53626,0.483675,2.16666,0
51.594739229,0.340329,0,0.890623,0.0433452,0.17099,1.96404,0.233712,1.3652,1.40576,0.655184,1.67135,0.00271229
51.641179138,0.761284,0,1.297,0.0389264,0.487691,1.59413,0.327402,1.3129,1.06732,0.499348,2.15212,0.0967769
51.687619048,0.477542,0,1.69512,0.00480139,0.471689,1.54462,0.228153,1.38587,0.719733,0.390363,2.663,0.139617
51.734058957,0.120071,0,1.70856,0.0869372,0.289355,1.37476,0.200302,1.97134,0.0973462,0.168202,2.81388,0.0998157
51.780498866,0.177479,0.104745,1.22374,0.211226,0.427253,1.05938,0.0425286,2.00818,0.0986178,0.0554928,2.3615,0.0648828
51.826938776,0.357035,0.199336,1.07901,0.289715,0.357886,0.983626,0.032037,1.99566,0.0585716,0.306379,1.83712,0.111402
51.873378685,0.167646,0.213362,1.32478,0.300289,0.359516,0.569072,0.0279613,2.12994,0.125813,0.380861,1.76277,0.223711
51.919818594,0.272175,0.211828,1.50376,0.113815,0.353859,0.0902654,0.0283885,2.74115,0.0870468,0.264234,1.8383,0.263592
51.966258503,0,0.00513797,1.9933,0.0105823,0.13602,0.05624,0.0385091,3.73997,0.0487322,0.374984,1.89833,0.593253
52.012698413,0.00869854,0.000733254,2.13382,0.0107839,0.0618364,0.0835128,0.0772119,3.94961,0.050581,0.368828,1.54707,0.823245
52.059138322,0,0.0127573,2.11955,0.0114372,0.0746384,0.397887,0.0801232,3.87481,0.0514083,0.289699,1.54083,0.554999
52.105578231,0,0.0559255,1.93346,0,0.0995877,0.765091,0.0849366,3.55825,0.050992,0.254236,2.20754,0.261571
52.152018141,0,0.251792,1.57406,0,0.192963,0.769522,0.0396828,2.79537,0.0489974,0.2205,2.96264,0
52.198458050,0,0.381999,1.47148,0,0.196141,0.799599,0.0201992,2.07902,0.0475574,0.147707,3.13745,0.000125457
52.244897959,0,0.397412,1.801,0.000652525,0.180031,0.940722,0.020704,1.59124,0.0481743,0.779066,2.79491,0.0654805
52.291337868,0,0.346257,2.25792,0.0207277,0.0877087,0.925379,0.131297,2.04031,0.054652,1.12659,1.18988,0.809399
52.337777778,0.00147923,0,2.60601,0.0278466,0.0159415,0.535419,0.333328,2.59274,0.0566808,0.924592,0.277277,1.17394
52.384217687,0,0,2.4329,0.0547519,0.0172311,1.23105,0.511757,1.54357,0.0666147,0.468034,1.84392,0.286093
52.430657596,0,0,1.91452,0.116289,0.0111155,1.29271,0.614052,0.948523,0.0731191,0.492243,2.9975,0.000722857
52.477097506,0,0,1.2551,0.433988,0.0369422,1.33033,0.665638,0.301784,0.0857004,0.589321,3.50495,0.000672528
52.523537415,0,0.0804982,0.643143,0.424473,0.187813,1.33731,0.112271,0.140049,0.0954383,0.513352,3.75819,0.000379449
52.569977324,0,0.140288,0.441011,0.0148924,0.0335599,1.22623,0.0508634,0.137818,0.597905,1.29075,3.14416,0
52.616417234,0.0180882,0.459651,0.142096,0.0045719,0.673661,1.11092,0.0996995,0.835607,0.500054,1.64216,1.93912,0
52.662857143,0.307891,0.938666,0.784659,0.157877,0.887548,0.515625,0.877246,1.03745,0.477904,1.60654,0.335146,0.14898
52.709297052,0.422207,1.12785,0.960661,0.433551,0.889544,0.371509,0.841772,1.08913,0.485205,0.490206,0.583793,0.112281
52.755736961,0.516306,1.16063,1.00904,0.459339,0.50311,0.538667,1.04032,0.99119,0.470814,0.371595,0.780392,0.31762
52.802176871,0.545593,1.51212,0.945119,0.385151,0.318672,0.740304,0.630465,1.1352,0.449157,0.0965722,0.901044,0.503101
52.848616780,0.211747,0.902952,1.04895,0.313544,0.0531647,0.983216,0.228185,0.884911,0.316557,0.118183,1.73507,0.536477
52.895056689,0.212815,0.361696,0.901861,0.530672,0,0.521435,0.197506,0.114499,0.284602,0.141368,2.26169,0.47223
52.941496599,0.259848,0.134087,0.249421,0.130313,0.304569,0.425083,0.910641,0.553506,0.24671,0.422018,2.10134,0.563688
52.987936508,0.346553,0.245876,0.198906,0.119331,0.5719,0.2879,0.564358,1.58359,0.339333,0.264508,1.74051,0.393539
53.034376417,0.433493,0.834996,0.306118,0.267551,0.599519,0.19105,0.585662,1.91803,0.354938,0.176833,0.660895,0.155571
53.080816327,0.445214,1.05947,0.192227,0.218501,0.304278,0.0451667,0.305691,2.05408,0.389494,0.215649,0.632503,0.299677
53.127256236,0.18598,0.259622,0.34597,0.050048,0.113544,0.737467,0.285996,2.31412,0.658432,0.944888,0.508732,0.208523
53.173696145,0.0435207,0.197103,0.234449,0.121069,0.617346,1.38017,0.0859438,1.90826,0.211068,2.23685,0.27322,0.494443
53.220136054,0.15412,0.330763,0.372516,0.0346732,2.50374,0.610452,0.01332,1.0209,0.151252,2.32513,0.400217,0.413261
53.266575964,0,0.697793,0.522112,0.00602308,2.12094,0.47592,0.0448957,0.172458,0.117784,3.05795,0.761216,0.259313
53.313015873,0.0237808,0.684374,0.721536,0.0169717,1.67901,0.0902424,0.0450986,0.23735,0.0856895,2.87388,1.26643,0.234338
53.359455782,0.0342943,0.692836,0.671157,0.0210075,1.64159,0.0714318,0.0366432,0.31486,0.0649147,2.72967,1.39809,0.203992
53.405895692,0.00759649,0.727354,0.730904,0.0220413,1.5805,0.0552733,0.0183025,0.433733,0.06573,2.51607,1.51837,0.242781
53.452335601,0,0.727997,1.36181,0.0149412,1.12012,0.223823,0.0187658,0.823406,0.0889563,1.76681,1.94243,0.354764
53.498775510,0,0.427427,2.03028,0,0.15531,0.349655,0.0205974,1.50266,0.0925907,0.83781,2.52694,0.35082
53.545215420,0.0547397,0.0915282,2.60123,0,0,0.426409,0.0784204,1.45465,0.157226,0.49068,2.76922,0.154089
53.591655329,0.0500835,0.108262,3.05365,0,0,0.464646,0.0748025,0.723314,0.546258,0.483094,2.67599,0.345516
53.638095238,0.0734094,0.0543468,3.16671,0.335344,0.175678,0.00427784,0.155244,0.513552,0.773939,0.519708,2.12022,0.49556
53.684535147,0.0420817,0.537991,2.29807,0.222287,0.906792,0.0054632,0.170683,0.448943,0.699803,1.83705,1.39601,0.432901
53.730975057,0.0792018,0.828241,1.21078,0.208953,1.2992,0.00193379,0.0178945,0.402836,0.304523,2.70919,0.298543,0.30869
53.777414966,0.13065,0.890679,1.00933,0.182551,0.845843,0.256847,0.150621,0.16579,0.171612,3.00744,0.122294,0.17977
53.823854875,0.00894228,0.757845,1.43066,0.0722026,0.395122,0.276578,0.508229,0.144508,0.0278588,3.09371,0.0330472,0.000855314
53.870294785,0.83078,0.821299,1.24525,0.023511,0.134484,0.219106,0.480064,1.18349,0.179317,2.62663,0.0356292,0.000783478
53.916734694,1.32515,0.136095,0.363684,0.0839418,0.626925,0.133106,0.422024,1.56567,0.637622,0.372382,0.0472988,0.154426
53.963174603,1.30846,0.234205,1.07767,0,0.690965,0.302283,0.5504,1.07923,0.527219,0.303159,0.0382988,0.0488485
54.009614512,1.22907,0.579661,1.4346,0,1.02184,0.481023,0.0990288,0.692294,0.132041,1.53325,0.0612218,0.000491863
54.056054422,0.957727,0.953688,1.57774,0.0170171,0.920745,0.814414,0.0414152,0.157242,0.0311997,3.17096,0.00205056,1.89921e-05
54.102494331,0.612084,0.964531,1.70742,0.0141233,1.09867,0.988845,0.014814,0.143671,0.0217958,3.33172,0.000596723,0
54.148934240,0.164609,0.739394,1.59953,0.0311411,1.20451,1.11156,0.122057,0.203812,0.0302829,3.0663,0,0
54.195374150,0.163449,0.345665,1.31445,0.0208377,1.15893,1.34315,0.0233956,0.42197,0.326756,1.86597,0.412237,1.09384e-05
54.241814059,0.344447,0.336808,1.42434,0.0656751,0.531683,1.51409,0.044954,0.461491,0.473128,0.830161,1.12362,0.000199455
54.288253968,0.257313,0.153726,2.02258,0.0663531,0.255256,1.38,0.0566191,0.857765,0.257487,1.29392,1.05026,0.0114865
54.334693878,0,0.155753,2.92292,0.201725,0.249377,0.612269,0.00125418,1.92296,0,1.22505,0.775528,0.284155
54.381133787,0.0211516,0.138467,2.9175,0.201669,0.270217,0.604286,0,1.9757,0,1.06205,0.00620725,0.222779
54.427573696,0.019834,0.270988,2.90383,0.0160822,0.0759678,0.82064,0,1.97731,0.0503582,1.33586,0.0015857,0.017411
54.474013605,0.247555,0.408066,2.39722,0.01932,0.9648,0.397229,0,1.64427,0.0759544,2.29965,0.00163598,0
54.520453515,0.429572,0.504447,1.75028,0.0211127,1.40429,0.0560715,0.0600625,1.63446,0.00529052,2.82645,0,0
54.566893424,0.392549,0.623602,1.25437,0.0232271,1.6286,0.0308434,0.126933,1.62473,0.0143084,2.51538,0,0
54.613333333,0.354418,0.711397,1.28945,0.0143148,1.64099,0.0192106,0.0258819,2.23144,0.0781986,2.1308,0.0373292,0
54.659773243,0.493092,0.625025,1.52109,0.0746307,0.860009,0,0.0248874,2.84896,0.0468136,1.86204,0.0917656,0.143818
54.706213152,0.489319,0.198644,1.71316,0.144319,0.869865,0.0192056,0.00832099,2.77872,0.25205,1.49612,0.0841543,0.461579
54.752653061,0.0728421,0.557689,1.49375,0.153702,1.89323,0.0455465,0.348689,1.47808,0.78048,1.92985,0.0829057,0.291961
54.799092971,0.49091,0.704852,1.37127,0.0691967,1.56752,0.0619932,0.190833,0.902769,0.637561,3.04492,0.123888,0.235027
54.845532880,0.701546,0.790766,1.24793,0.0103825,1.40351,0.0577659,0.0339257,0.594039,0.316708,3.60356,0.13992,0.173902
54.891972789,0.361717,0.972571,1.22806,0.0146381,1.33128,0.0978016,0.0370729,0.650106,0.0695795,3.57196,0.105483,0.213515
54.938412698,0,0.988489,1.21636,0.0167882,1.39959,0.0568107,0.0571172,0.688403,0.0831831,3.22703,0.149191,0.256708
54.984852608,0,0.98335,1.12233,0.154242,1.67793,0.0745312,0.0610115,0.98639,0.0259394,2.42627,0.287337,0.323519
55.031292517,0.299294,1.27485,0.964718,0.424024,1.93701,0.0710573,0.0356673,1.4289,0,0.866249,0.355042,0.128212
55.077732426,0.417332,1.32975,0.877435,0.783544,1.32253,0.233279,0.00263561,2.08674,0,0.534225,0.697264,0.315366
55.124172336,0.397359,1.16097,1.08259,0.97466,0.391271,0.352446,0,2.0769,0.0142473,0.30663,1.11789,0.720627
55.170612245,0.608632,0.796646,1.44653,0.38944,1.3762,0.352364,0.0135244,1.01244,0,2.1292,0.835807,0.21611
55.217052154,0.464635,0.326374,0.919496,0.152415,1.62982,0.229134,0,0.218628,0.0920438,2.52598,0.423425,0.101634
55.263492063,0.298665,0.132533,0.0646246,0.0218857,1.779,0.385151,0.0794194,0.263955,0.30141,2.59735,0.228822,0.122425
55.309931973,0.0227181,0.124718,0.148961,0.0389969,1.89546,0.53128,0.0104182,0.613079,0.537659,2.37827,0.0552083,0.0801248
55.356371882,0.0552901,0.117263,0.180206,0.336167,1.81547,0.524798,0.0343108,0.997151,0.718917,1.99167,0.00197373,0.281829
55.402811791,0.164066,0.179976,0.443105,0.376582,1.49722,0.40424,0.0599442,1.50811,0.755126,0.988373,0.00281553,0.446162
55.449251701,0.336494,0.259383,1.79619,0.222892,0.370822,0.343658,0.343943,1.91234,0.366211,0.379641,0.171606,0.652862
55.495691610,0.952202,0.205479,2.42068,0.0504878,0.358137,0.662686,0.0213898,2.40427,0.0868018,0.396397,0.153931,0.441654
55.542131519,0.937484,0.826209,2.15009,0.0265356,0.676381,1.00436,0.322985,1.54075,0.296648,0.540262,0.525176,0.105808
55.588571429,0.604095,1.03472,1.75044,0.309894,0.429722,1.21625,0.715665,1.28068,0.284176,0.552877,0.890572,0.0765909
55.635011338,0.481194,0.974979,1.68908,0.469934,0.139577,1.51521,0.835218,1.198,0.109509,0.826329,0.756174,0.00634929
55.681451247,0.44611,1.07072,1.61461,0.29861,0.186551,1.62552,0.810773,1.05772,0.0789645,0.719416,0.834779,0.0523388
55.727891156,0.351144,0.942471,1.86109,0.223741,0.24765,1.80843,0.12079,1.49474,0,0.393252,1.57598,0.129474
55.774331066,0.43038,0.418984,0.833971,0.221913,0.446092,1.63177,0.0127719,1.99481,0.0365836,0.263666,2.3854,0.149911
55.820770975,0.414628,0.190942,0.568648,0.0166331,0.194405,1.30654,0.614595,1.81434,0.277195,0.288178,2.95461,0.117416
55.867210884,0.135337,0.162121,0.631585,0.014649,0.380911,1.32707,0.509666,1.91478,0.89771,0.310452,3.02694,0.00861017
55.913650794,0,0.485326,0.819439,0.0250848,0.332881,1.33235,0.0226967,1.62816,0.915948,0.272725,3.12657,0.000544389
55.960090703,0,0.559518,0.877636,0.0273829,0.330275,1.46021,0.051306,1.15252,0.847558,0.0491407,3.20881,0.0363631
56.006530612,0.0286525,0.482264,0.726924,0.0915954,0.517511,1.52,0.0564817,0.859198,0.660537,0,3.39881,0.192597
56.052970522,0.0856073,0.288529,0.715503,0.0313419,0.618695,1.40147,0.0504709,0.705923,0.446193,0,3.76353,0.175626
56.099410431,0.117831,0.229612,1.06651,0.0584444,0.0140706,0.981849,0.036199,0.65246,0.173014,0,4.29887,0.102268
56.145850340,0.108133,0.0905027,1.56959,0.0125165,0.0169069,1.00299,0.0365387,1.08911,0.247968,0,4.25218,0.000491785
56.192290249,0.0175753,0.0799037,1.68096,0.00240801,0.0189594,0.965707,0.0644434,1.51039,0.370789,0,4.03096,0.000827078
56.238730159,0,0,1.59167,0,0.0607215,0.978209,0.182929,1.3963,0.518172,0.198904,3.9423,0.00105411
56.285170068,0,0,1.60136,0.000400765,0.158727,0.814808,0.201519,1.20973,0.305233,0.310974,4.16906,0.00110739
56.331609977,0.0112713,0,1.81972,0.00126254,0.124546,1.03642,0.135138,1.25492,0.160486,0.267166,4.15465,0.0010692
56.378049887,0,0,1.92112,0.00631304,0.0268928,1.24676,0.158423,1.57743,0.129282,0.149941,4.12458,0.000727827
56.424489796,0,0,2.0082,0.254379,0.0163169,1.2939,0.0588627,1.6949,0.122223,0.0970512,3.52178,0.0886178
56.470929705,0,0.0440471,1.7916,0.285559,0.0474632,1.50354,0.0524026,1.50975,0.116337,0.528446,2.63771,0.128238
56.517369615,1.06586,0.0953276,1.41682,0.284756,0.0654199,1.41559,0.0433088,1.30608,0.0994848,0.834545,2.0462,0.133956
56.563809524,1.83558,0.166069,0.800373,0.154516,0.144915,0.592545,0.0461996,1.54181,0.0977592,0.558944,1.90167,0.131101
56.610249433,2.24389,0.178328,0.795066,0.0858012,0.107752,0.1181,0.0338766,1.64832,0.0527324,0.0652587,2.54003,0.0889069
56.656689342,1.65728,0.0104093,1.52853,0.0457565,0.0699475,0.343623,0.0212183,1.49487,0.0603917,0,3.47384,9.95187e-05
56.703129252,0.305987,0.00211752,1.82915,0.0522569,0.602242,0,0.0231121,1.20881,0.0546808,0.604396,3.41456,0.000114242
56.749569161,0,0.582625,1.23989,0.14642,1.61465,0.00155828,0.0610183,1.30572,0.0501064,0.954513,2.49056,0.000266111
56.796009070,0,0.782467,0.756042,0.156654,1.52312,0,0.0802585,1.40875,0.0519502,1.3477,2.03468,0.000572428
56.842448980,0,0.777655,0.849912,0.101085,1.29074,0,0.0701546,1.48606,0.0528622,2.00814,1.29202,0.000562969
56.888888889,0,0.559183,1.12693,0.038087,1.38269,0.0571254,0.04433,1.62357,0.0858461,2.14065,0.996304,0.000256121
56.935328798,0.00451882,0.499514,1.35366,0.0122547,1.16711,0.0360382,0.0579485,1.44441,0.049457,2.82834,0.812257,0.000192779
56.981768707,0.00575324,0.428001,1.23003,0.0103487,1.24203,0.0415713,0.201433,1.10142,0.0506648,2.98825,0.553753,0.000126042
57.028208617,0.00436709,0.506726,1.0527,0.0100799,1.20776,0.0351975,0.185181,0.935371,0.0554228,3.24473,0.383305,0.0298751
57.074648526,0,0.785828,0.90292,0.00594317,1.1272,0.0188398,0.0655412,0.929829,0.0650895,3.41769,0.238821,0.0611622
57.121088435,0,1.1686,0.534745,0,1.00776,0.0383074,0.0312552,1.02086,0.0789225,3.65489,0.110932,0.0121033
57.167528345,0,1.22422,0.653803,0,1.02856,0.231937,0.0390737,0.557943,0.085276,3.92745,0.00290517,0.000332837
57.213968254,0,1.21511,0.307575,0,1.39316,0.38853,0.0475417,0.363443,0.0768317,3.90203,0.0164954,0.000167364
57.260408163,0,0.764007,0.242559,0.199514,1.29289,0.35024,0.0492517,0.483394,0.127438,3.79391,0.000561486,0.000105477
57.306848073,0,0.819555,0.426389,0.174587,1.81264,0.372318,0.233648,0.45266,0.158344,3.02196,0.213751,0.000136412
57.353287982,0.129583,1.16546,0.644349,0.423484,1.84389,0.273654,0.0614873,0.655559,0.280649,1.87757,0.808619,0.00012928
57.399727891,0.546525,1.23597,0.806425,0.465225,1.37299,0.32395,0.102209,1.29668,0.319651,1.23964,0.750843,0.134279
57.446167800,0.812423,1.28137,0.87973,0.449417,0.478374,0.557186,0.351203,1.98881,0.224131,0.52823,0.764658,0.333815
57.492607710,0.921943,1.23985,0.870254,0.471202,0.64716,0.394229,0.0433451,2.11465,0.0727413,0.579368,0.670218,0.485909
57.539047619,0.40357,0.942004,0.699842,0.626399,1.92581,0.0211704,0.0244868,0.818231,0.0256538,1.47125,1.30065,0.563569
57.585487528,0.513129,0.297735,0.141685,0.11787,1.7748,0.130038,0.194273,0.17786,0.202161,0.870742,2.33575,0.586549
57.631927438,0.496708,0.13175,0.623973,0.0480279,1.053,0.0170566,0.0775798,0.383069,0.477976,0.64814,2.31114,0.413875
57.678367347,0.441279,0.119593,0.988505,0.0069633,0.51388,0.0144303,0.263609,0.896914,0.54768,0.438606,1.92183,0.369137
57.724807256,0.271657,0.189399,0.859944,0.0273629,0.489649,0.137551,0.665802,1.72008,0.50555,0.262416,1.36437,0.359062
57.771247166,0.26328,0.246373,1.01397,0.0168699,0.469415,0.273297,0.694372,2.02058,0.202374,0.212467,0.581137,0.28421
57.817687075,0.930738,0.115554,0.974744,0.186706,0.412133,0.459876,0.792795,2.10409,0.371521,0.459141,0.194696,0.282169
57.864126984,1.20866,0.0793834,1.086,0.5108,0.583558,0.32426,0.934,1.53013,0.0473508,0.545191,0.122906,0.463017
57.910566893,1.07594,0.189646,0.782839,0.542805,1.36099,0.919313,0.666791,0.103675,0.232427,2.53365,0.126191,0.365576
57.957006803,0.421715,0.452156,0.337181,0.0748013,1.28936,1.29727,0.0255132,0.0632963,0.18142,3.17835,0.233333,0.0480755
58.003446712,0.167019,0.449858,0.54709,0.0467652,1.30267,0.987411,0.0262354,0.0833036,0.257394,3.28771,0.143781,0.00064735
58.049886621,0.105228,0.487404,0.5626,0.00712909,1.14521,0.571097,0.0329384,0.103293,0.373262,3.36795,0.0118403,0.000420701
58.096326531,0.12111,0.299634,1.66638,0,0.497759,0.279696,0.0453632,0.956649,0.345181,2.71146,0.000137155,0.00032227
58.142766440,0.0192697,0.216624,1.25321,0.0331054,0.279234,0.278231,0.0759575,2.74705,0.219668,1.40244,0.0417457,0.246622
58.189206349,0,0.414588,1.55079,0.144568,0.51406,0.244402,0.0551999,2.5855,0.103278,0.474654,0.856212,0.39982
58.235646259,0,0.595183,1.62742,0.203208,0.55365,0.347159,0.028161,2.46915,0.122751,0.676157,1.04923,0.49549
58.282086168,0.138819,1.21746,1.4833,0.24685,1.01399,0.813877,0.366877,1.48013,0.102587,1.67773,0.624785,0.121875
58.328526077,0.124974,1.52905,0.935245,0.0821047,2.07389,0.807605,0.00882366,0.820452,0.0602199,2.56939,0.148233,0.0794064
58.374965986,0.108398,1.1852,0.705202,0.166531,1.98987,0.821227,0,0.574946,0.0406402,3.3635,0.0265135,0.225841
58.421405896,0.151838,0.835716,0.369928,0.377306,1.41436,1.02529,0.00585289,0.0371374,0.00911661,3.93976,0.0124071,0.161517
58.467845805,0.149745,0.745708,0.234671,0.17011,1.38319,1.12532,0.0149756,0.0466845,0.00354443,3.96108,0.0643851,0.162811
58.514285714,0.130778,0.498834,1.49743,0.0138833,1.00252,1.1128,0.0333905,0.632712,0.0300765,3.1857,0.0684015,0.737365
58.560725624,0.0354763,0.121817,2.04484,0.0262325,0,1.06166,0.575102,2.28459,0.00213694,1.58028,0.0264625,1.26475
58.607165533,0.1123,0.0961208,2.0485,0.0558515,0.0323224,1.23653,0.849783,2.38208,0.0801329,0.803191,0.0410347,1.27328
58.653605442,0.106031,0.0367183,2.01888,0.0375944,0.0859994,1.55941,0.789259,2.03595,0.0322081,1.13503,0.225759,1.14978
58.700045351,0.105542,0.00125258,2.0628,0.0707338,0.0741541,2.14023,0.28435,0.419222,0.00445426,2.14359,1.20545,0.806338
58.746485261,0.0956486,0.0677984,1.20883,0.0787587,0.285987,1.9692,0.0623954,0.152053,0.297733,1.71191,1.74818,0.102235
58.792925170,0,0.186258,1.62257,0.0654357,0.304216,1.59713,0.00694563,0.300886,0.43514,1.58918,1.56276,0.193853
58.839365079,0,0.143682,1.80319,0.0289883,0.994676,1.35922,0.145527,0.309654,0.445838,1.59422,1.17499,0.18014
58.885804989,0,0.282331,1.71599,0.0131917,1.56518,0.817026,0.151268,0.272733,0.530224,1.45697,1.12417,0.802025
58.932244898,0.0807374,0.297384,1.70575,0.0150172,2.305,0.556043,0.2731,0.223026,0.675661,1.2581,0.351899,0.798415
58.978684807,0,0.0380062,1.95107,0.014433,2.42292,0.994883,0.271511,0.105724,0.199779,1.04054,0.0932386,1.41494
59.025124717,0.0217849,0.00175577,2.43557,0.0141833,1.54078,1.361,0.480205,0.112208,0.0833018,1.0042,0.531994,1.07888
59.071564626,0.133403,0.00788799,3.13269,0.101174,0.167632,2.13704,0.671361,0.078245,0.00303762,1.46526,0.497085,0.220951
59.118004535,0,0.689107,2.49053,0.133085,0.928696,1.3828,0.370194,0.244605,0,2.24039,0.164101,0.40603
59.164444444,0,0.847862,1.79801,0.093797,1.46762,1.13785,0,1.12844,0,2.11596,0.109665,0.335203
59.210884354,0,0.673879,1.27751,0.199264,1.39895,1.57962,0,1.8134,0.118452,1.65815,0.00312687,0.301595
59.257324263,0.917502,0.199671,1.16933,0.203997,0.698845,2.27113,0,2.0969,0.0960049,1.15064,0.086497,0.268705
59.303764172,1.08671,0.0493723,1.17863,0.152855,0.080085,2.80421,0.0224325,2.35719,0.275865,0.859607,0,0.277127
59.350204082,0.913704,0.358163,1.22075,0.0802134,0.00335176,2.7267,0.0229805,2.21578,0.78524,0.791451,0,0.0860182
59.396643991,0.37049,0.352808,1.34946,0.0752664,0.0523621,2.45854,0.0132521,1.98306,0.92001,1.20086,0,0.134249
59.443083900,0,0.951513,1.56474,0.0169807,1.48255,1.09827,0.00173621,1.32612,0.534896,2.33897,0.000424313,0.0182811
59.489523810,0,0.938072,1.74145,0.024464,1.5281,0.54474,0,0.129736,0.0543531,3.29181,0.0159321,0.0830664
59.535963719,0.00264682,0.838859,1.5486,0.0303023,1.50598,0.174355,0.0342814,0.142221,0,3.58214,0.0420977,0.0609909
59.582403628,0.100015,0.684422,0.493889,0.0365857,1.35123,0.178484,0.130552,0.171272,0.277452,3.721,0,0
59.628843537,0,0.974988,0.179638,0.0384594,1.62996,0.914385,0.518384,0.650328,0.181686,2.81853,0.00920528,0
59.675283447,0.130022,1.30322,0.57377,0.275235,1.62871,0.919767,0.535197,0.554503,0.257512,1.66175,0.352279,0
59.721723356,0.476971,1.41467,0.707937,0.410014,0.725187,1.35959,1.04866,0.929257,0.291912,0.385359,0.608961,0.101814
59.768163265,0.603659,1.63019,0.787505,0.357694,0.520137,1.32593,0.744572,0.907261,0.0624108,0.239778,0.65348,0.346181
59.814603175,0.694047,1.56284,0.886032,0.401043,0.853834,1.06199,0.402245,0.762695,0.0407735,0.240825,0.464081,0.471261
59.861043084,0.381901,1.12856,0.710411,0.294383,1.07587,0.248101,0.0201626,0.674958,0.0931953,2.5742,0.369005,0.511027
59.907482993,0.339555,0.189889,0.0467872,0.360086,0.991648,0.142937,0.332484,0.411973,0.688044,2.69494,0.55532,0.427474
59.953922902,0.848137,0.00588386,0.377674,0.249981,0.247104,0.743998,0.584613,0.203331,1.01049,2.17779,0.480987,0.251097
60.000362812,1.06398,0,0.37818,0.292632,0.15327,1.56278,0.642438,0.103753,1.1061,1.66982,0.335733,0.228627
60.046802721,1.06762,0.039622,0.459917,0.303509,0.213592,2.39881,0.416494,0.0880172,1.00265,1.04186,0.346828,0.265502
60.093242630,1.01777,0.0787755,0.464327,0.15225,0.292255,3.1284,0.248159,0.0812852,0.486488,0.499607,0.388395,0.255794
60.139682540,1.17328,0.355794,0.501163,0.0566888,0.22653,3.7432,0.0750172,0.157385,0,1.67118,0.0876843,0.0257063
60.186122449,1.37293,0.329776,0.463064,0.0574262,0.472972,3.24747,0.180818,0.207828,0.10471,2.03212,0.0342759,0
60.232562358,0.244429,1.13026,0.459896,0.209276,0.213151,1.95652,1.09922,0.916773,0.197283,1.38319,1.12605,0.000338722
60.279002268,0.336177,1.14806,0.737248,0.248865,0.635586,1.31004,1.15014,1.25674,0.153609,0.645642,1.02694,0.00052517
60.325442177,0.555422,1.14028,0.766871,0.220782,0.716648,0.848924,1.07982,1.20289,0.0786201,0.601027,1.06067,0.000522948
60.371882086,0.651244,1.09511,0.784386,0.200328,0.799691,0.717499,0.94354,1.11744,0.0697021,0.552041,1.05799,0.161054
60.418321995,0.676193,1.15546,0.871808,0.20181,0.814691,0.730808,0.713994,0.988958,0.00187653,0.611389,1.08709,0.181979
60.464761905,0.394938,1.01671,1.1998,0.0683186,0.440913,1.78007,0.287651,0.331317,0.247404,1.35121,0.592228,0.103463
60.511201814,0.461689,0.994964,0.485457,0.0265814,0.694448,1.14347,1.56501,1.10995,0.73098,0.943362,0.499754,0.0638863
60.557641723,0.300219,1.20856,0.553043,0.0345874,0.529243,0.907583,1.2343,1.44545,0.653201,0.810924,0.625113,0.00044529
60.604081633,0.309335,1.30423,0.6574,0.191159,0.426788,0.812393,1.22707,1.46271,0.612588,0.554952,0.598842,0.000439651
60.650521542,0.338887,1.41402,0.717337,0.190413,0.644331,0.613964,1.21429,1.55061,0.594116,0.45057,0.739767,0.189466
60.696961451,0.313371,1.49565,0.750848,0.216457,0.656263,0.452298,1.30084,1.69013,0.570585,0.47097,0.937307,0.186447
60.743401361,0.171689,0.598539,0.785647,0.0911402,0.494243,0.000775776,0.565326,2.45389,0.815268,0.36164,1.70106,0.28545
60.789841270,0.270715,0.339305,1.16071,0.110462,0.276658,0.00775184,0.438571,2.15566,0.375197,0.345684,2.38999,0.59025
60.836281179,0.25239,0.334004,1.89253,0.262508,0.271537,0.0118502,0.416511,2.0948,0.181505,0.195338,2.12964,0.922695
60.882721088,0.114033,0.19737,2.28473,0.264751,0.351656,0.113084,0.831674,2.07362,0.18213,0,2.06506,1.30543
60.929160998,0.248314,0.358886,2.17197,0.238946,0.507942,0.18722,0.471358,1.87352,0.191068,0.290683,2.28341,1.2216
60.975600907,1.50658,0.0730972,1.76563,0.124608,0.361178,0.751798,0.196839,1.1614,0.091425,0.408503,1.81904,0.460764
61.022040816,1.47064,0.0381541,1.30994,0.0777206,0.312866,1.26283,0.129616,1.58727,0.0856208,0.206168,1.56586,0.262713
61.068480726,1.4201,0.0342783,1.01157,0.0601691,0.226714,1.45799,0.186967,1.92063,0.0645234,0.161087,1.43541,0.173049
61.114920635,0.929268,0.128138,1.70781,0.081237,0.204025,1.12239,0.0408421,2.00067,0.0741363,0.0127952,2.2869,0.000312707
61.161360544,0.104163,0.162923,2.14884,0.103245,0.0545538,1.09416,0.0236144,1.7853,0.0449976,0.0110062,3.35639,0.00086806
61.207800454,0,0.139553,2.23695,0.0853845,0.00506959,1.03292,0.0282865,1.61417,0.071061,0.00582294,3.81747,0.00104317
61.254240363,0.0413461,0.054026,2.16873,0,0.00233161,1.14155,0.0368687,1.51704,0.0997496,0.00207926,4.00607,0.000874398
61.300680272,0.0798113,0.00222136,1.95698,0,0.00195466,1.10708,0.0399129,1.56122,0.0970772,0,3.97597,0.000555288
61.347120181,0.0925976,0,1.79659,0,0.000325485,0.977811,0.0423917,1.71159,0.0843434,0,3.91308,0.000343237
61.393560091,0.0955091,0,1.85717,0,0,0.841435,0.0427045,1.97387,0.0796371,0,3.69231,0.000122868
61.440000000,0.0552356,0,1.97662,0,0,1.00459,0.0387378,2.1285,0.34205,0,3.05788,0
61.486439909,0.0240469,0.00462998,1.63854,0,0.011815,1.20186,0.0382387,2.15899,0.424925,0,3.0943,0
61.532879819,0.00738108,0,1.34669,0,0.0123373,1.17383,0.0354008,2.10575,0.458469,0,3.41295,0
61.579319728,0,0.0189806,1.27278,0.198291,0.0994842,1.08072,0.0383674,1.89064,0.478209,0,3.48492,0
61.625759637,0.00471578,0.00641094,1.46467,0.380049,0.137317,1.05318,0.0423976,1.50236,0.494642,0,3.55818,0
61.672199546,0,0.00669563,1.50377,0.220187,0.0968438,1.12729,0.0416965,1.33258,0.485347,0,3.70642,0
61.718639456,0.486729,0.0484924,1.21398,0,0.216541,0.944591,0.0450243,1.37245,0.450983,0.419144,3.2329,0
61.765079365,1.02534,0.146468,0.807023,0,0.446502,0.43111,0.0489874,2.29141,1.03909,0.779379,1.61706,0
61.811519274,2.10757,0.0668539,0.873603,0,0.394416,0.0225564,0.0496265,2.25407,1.30978,0.646612,1.00197,0
61.857959184,3.15361,0,0.588526,0,0.391052,0.0365101,0.0425417,1.89906,1.4404,0.396017,0.500379,0
61.904399093,3.36819,0,0.181771,0,0.140451,0.497689,0.0412224,1.52468,1.37208,0.464038,1.02533,0
61.950839002,3.18174,0.0151298,0.0671424,0.0120075,0.0590047,0.589581,0.0378138,1.18093,0.387079,0.111879,3.05842,0
61.997278912,1.44905,0.0283138,0.137709,0.0152693,0.0471823,0.728386,0.16605,0.617817,0.0433638,0.0062832,3.94174,0.137973
62.043718821,0.254517,0.0165787,0.550648,0.13043,0.0373139,0.944502,0.310653,0.198901,0.129566,0.0506055,3.88081,0.0927322
62.090158730,0.157721,0.213779,0.468069,0.436577,0.122779,1.11996,0.297653,0.0430233,0.243099,2.10781,2.35871,0.0282948
62.136598639,0.240637,0.447314,0.194827,0.266518,0.927932,0.240215,0.0826738,0.16567,0.00403404,3.49506,0.53479,0.00344238
62.183038549,0.000481304,0.587045,0.229833,0.0391684,1.1716,0.0653731,0.0235802,0.151678,0.129641,3.7068,0.371584,7.63684e-07
62.229478458,0.0149211,0.732721,0.380285,0.0828444,1.1843,0.168856,0.00176187,0.10039,0.199081,3.62389,0.33143,0
62.275918367,0.124457,0.749236,0.327971,0.104631,1.13829,0.185021,0.0130111,0.0725565,0.178751,3.53498,0.222879,0.00631081
62.322358277,0.0485794,0.586614,0.266715,0.171827,1.15301,0.050065,0.117929,0.269859,0.3104,3.53529,0.110792,0.14671
62.368798186,0.100153,0.819006,0.266352,0.660421,1.44043,0.044075,8.07904e-05,0.494394,0,3.46252,0.0358074,0.1051
62.415238095,0.0778674,0.618587,0.485128,0.30563,1.25296,0.00928454,6.66593e-06,0.545288,0.331556,3.52144,0.139338,0.159237
62.461678005,0,0.482409,0.956641,0.360009,1.34958,0.0731011,0.00719992,1.45321,0.252138,3.15869,0.0958137,0
62.508117914,0,0.55691,1.40169,0.299782,1.43114,0.255959,0.0218567,2.1315,0.191961,2.29756,0,0
62.554557823,0.00156739,0.782528,1.65165,0.213423,1.20618,0.0476906,0.071948,3.36212,0.139294,1.37316,0,0
62.600997732,0.017145,0.61131,1.89642,0.0824754,0.407966,0.0262829,0.0796862,3.64564,0.113914,0.68472,0,0.259466
62.647437642,0.0165514,0.337024,1.39651,0.0553555,1.11772,0.0285268,0.0756792,2.37749,0.0798328,1.85023,0,0
62.693877551,0.00197335,0.429162,0.616422,0.247459,1.32687,0.035592,0.0353616,1.69897,0.148814,2.7945,0,0
62.740317460,0,0.553697,0.228602,0.356715,1.32766,0.0271111,0.0247176,0.807619,0.178984,3.48008,0,0
62.786757370,0,0.621549,0.413638,0.474683,1.21703,0.0244685,0.0181151,0.395122,0.121202,3.92873,0.000415581,0.0445424
62.833197279,0.0339373,0.591704,0.888255,0.10947,0.922209,0.0198354,0.0162911,1.80571,0.0624913,3.94036,0.000338847,0.214197
62.879637188,0.181776,0.430176,1.06821,0,0.489341,0.0752435,0.00744956,3.27027,0.120837,2.80175,0.000249689,0.654355
62.926077098,0.221095,0.235589,1.2101,0.0125268,0.168874,0.375301,0.02818,3.97162,0.116197,1.19153,0.00113698,0.953553
62.972517007,0.0425171,0.0309397,1.05678,0.0167667,0.00261362,0.510005,0.0367159,4.21202,0.0886108,0.632055,0.00159,1.13448
63.018956916,0,0.036273,1.08394,0.0151087,0,0.535767,0.23276,4.12453,0.0675593,0.524889,0.00166268,1.30261
63.065396825,0,0.0588989,1.14224,0.11638,0.0901481,0.561043,0.540633,3.8024,0.00585547,0.890462,0.0289896,1.46713
63.111836735,0.00148195,0.398693,1.07534,0.0525803,0.180364,0.736844,0.784653,3.02345,0,1.84279,0.000690023,1.27382
63.158276644,0,0.392304,1.83302,0.0201745,0.159852,1.07652,0.926368,1.89202,0,2.50971,0.0730953,0.973054
63.204716553,0.0628802,0.331248,2.65025,0.0213539,0.445867,1.51617,0.766178,1.59999,0.00921031,2.17633,0.000151222,0.929207
63.251156463,0.0925808,0.393163,2.68037,0.0121498,0.537264,1.60841,0.485,1.68561,0.0563823,2.08387,0.000428837,1.04379
63.297596372,0.202023,0.630633,2.38541,0.0127756,1.01873,1.34852,0.0258212,1.44486,0.055787,2.52558,0.03883,0.84933
63.344036281,0.0319635,0.903994,0.842157,0.0141648,1.45039,1.28122,0.0628901,0.65377,0.0440148,2.55287,0.0815105,0.0683422
63.390476190,0,0.851431,0.722715,0.0140693,1.4223,1.29643,0.0399812,0.286404,0.0633762,2.74018,0.157746,0
63.436916100,0,0.779521,1.2371,0.0150803,1.24295,1.31836,0.026227,0.236766,0.0919077,3.11176,0.0293264,4.27852e-05
63.483356009,0,0.625162,1.5982,0.0454605,1.10381,1.32814,0.00754698,0.440087,0,3.48478,0.00294041,8.34363e-05
63.529795918,0,0.549478,1.56084,0.0172338,1.01709,1.40388,0.0291644,0.605842,0,3.56634,0,0
63.576235828,0,0.553314,1.62407,0.0211375,1.02424,1.43666,0.0316375,0.590299,0,3.54435,0,0
63.622675737,0,0.609026,1.83795,0.016433,1.24512,1.41995,0.00242446,0.444537,0,3.46474,0,0
63.669115646,0,0.661247,2.16888,0.0149696,1.32773,1.34057,0,0.0987821,0.190234,2.97874,0.00100788,0
63.715555556,0.0179145,0.7244,2.09131,0.0149562,1.26018,1.28039,0,0.102801,0.458087,2.49932,0.00277573,0.0247915
63.761995465,0.028123,0.637915,2.10515,0.0147857,1.03649,1.55366,0,0.0972923,0.725475,2.21246,0.00329946,0.136749
63.808435374,0.038611,0.67003,2.041,0.0153068,1.62954,1.5747,0,0.296468,0.357692,2.61213,0.00264716,0.000434845
63.854875283,0,0.650103,1.83747,0.0153847,1.27335,1.43843,0,0.338433,0.140827,3.32299,0.000999233,0.000240322
63.901315193,0,0.700034,1.76181,0.0272402,1.1187,1.40143,0.003765,0.306282,0,3.56124,0,0
63.947755102,0,0.690601,1.88179,0.060335,1.0215,1.32245,0.00335982,0.284799,0,3.4861,0,0
63.994195011,0,0.812155,1.97205,0.0455778,0.85835,1.17813,0,0.258591,0,3.44061,0,0
64.040634921,0,1.14661,2.02099,0.0380679,0.553949,1.15324,0,0.143013,0,3.42369,0,0
64.087074830,0,1.00518,1.88696,0.0374233,1.23255,0.978713,0,0.0202349,0,3.44621,0.0054334,0
64.133514739,0.034522,0.734306,0.733486,0.120024,1.4582,0.821357,0.0302618,0.0777032,0,3.60006,0.000550428,0.233365
64.179954649,0.184106,0.830952,0.341271,0.61152,1.35874,0.0971635,0.00710217,0.094685,0.0118561,3.82716,0.00569195,0.29862
64.226394558,0,0.750443,0.476512,0.57416,1.3418,0.0372197,0.0237493,0.140668,0.193243,4.05815,0.0851532,0.235193
64.272834467,0,0.845113,0.359413,0.558349,1.33468,0.0442261,0.0316309,0.160942,0.0749858,4.24026,0,0.12122
64.319274376,0.000612406,0.892781,0.0992512,0.203441,1.15854,0.0050298,0.0253058,0.110373,0.196588,4.39111,0.086343,0.108537
64.365714286,0.000337196,0.885968,0.0453019,0.224043,1.38545,0.0103566,0.00624475,0.223774,0.221242,4.24126,0.0359726,0.172332
64.412154195,0.000423347,0.762249,0.0100733,0.211142,1.36146,0.0710058,0.0317731,0.280405,0.150579,4.00353,0.00874734,0.231929
64.458594104,0.000240197,0.840487,0.0731792,0.23144,1.27212,0.0448595,0.0530005,0.498519,0.0138468,3.75444,0.0803668,0.169659
64.505034014,0.000165777,0.87127,0.114272,0.148689,1.2227,0.0350593,0.066187,0.56105,0.0112115,3.83957,0.144752,0.111059
64.551473923,0,0.783065,0.0199257,0.104559,1.14499,0.0215416,0.0965193,0.570979,0.011084,4.08252,0.13792,0.120096
64.597913832,5.36172e-05,0.699292,0.00919054,0.0392158,1.06902,0.124667,0.103146,0.454718,0.01086,4.10248,0.127708,0.123417
64.644353741,0.249216,0.510477,0,0.0179477,0.796255,0.108329,0.418053,0.220471,0.0183995,3.53273,1.34068,0.115973
64.690793651,0.251375,0.0666054,0.318163,0.0582053,0.845678,0.567289,0.417064,0.0943056,0.0224513,2.06498,2.7723,0.118952
64.737233560,0.168387,0.0850254,0.535525,0.00333614,0.212219,1.51084,0.435935,0.120945,0.102893,1.27321,2.82733,0.113805
64.783673469,0.177791,0.00304443,1.28296,0.00677414,0.279357,1.38833,0.4168,0.334188,0.224183,1.08721,2.66427,0.00984555
64.830113379,0.67424,0.00166646,1.24473,0.00429928,0.253784,1.85405,0.536317,0.88958,0.147275,1.24618,1.92411,0.0357503
64.876553288,1.19997,0.000619518,0.756252,0,0.0584731,2.2689,1.0116,1.02895,0.336989,1.37559,0.514895,0.244371
64.922993197,1.16875,0.267729,0.303244,0,0.0256549,2.06614,1.73847,0.849594,0.221313,1.08883,0.230907,0.307717
64.969433107,0.924136,0.824393,0.0194149,0.00397715,0.200116,1.61216,2.13663,0.439197,0.274202,1.19224,0.762827,0.178733
65.015873016,0.074395,0.947176,0.283306,0.0092745,0.140035,1.38426,1.91679,0.300744,0.1627,0.674044,2.70893,0
65.062312925,0.104586,0.767637,0.49482,0.0176629,0.144139,1.37865,1.33216,0.202845,0.0860955,0.241261,3.63562,2.3325e-05
65.108752834,0.0561555,0.0851502,0.626045,0.0190846,0.00254316,1.7727,0.335859,0.322595,0.210386,0.3567,4.2022,0.519167
65.155192744,0.0540514,0.118041,0.689943,0.028854,0.00590954,1.16495,0.277173,0.224847,0.189338,0.177507,4.30488,0.241039
65.201632653,0.0956189,0.360007,0.719858,0.0686044,0.0761763,1.19381,0.25812,0.303604,0.163633,0.214137,4.1633,0.176097
65.248072562,0.122902,0.387895,0.752784,0.0845504,0.045023,1.20219,0.334579,0.617758,0.190404,0.33485,3.78121,0.0388562
65.294512472,0.141117,0.348186,0.794308,0.0502539,0.0540755,1.12711,0.375802,1.07416,0.194471,0.537813,3.34533,0
65.340952381,0.177779,0.34527,0.736342,0.0164165,0.168753,1.13553,0.844716,1.66597,0.0830317,1.06428,2.91354,0.339755
65.387392290,0.0894395,0.321999,0.50495,0.0182789,0.29596,1.33985,0.469345,1.88493,0.030429,0.57599,3.09734,1.14423
65.433832200,0.102785,0.37474,0.763706,0.020097,0.264976,1.53054,0.0703005,1.85942,0.0336966,0,3.26123,1.22941
65.480272109,0.0016834,0.0867755,1.11361,0.0184661,0.120935,1.64085,0.0108337,1.90435,0.0630477,0,3.28271,0.983438
65.526712018,0.0380061,0.0265108,1.62063,0.129382,0.0516657,1.46209,0.0520765,1.81374,0.0832343,0,3.06946,0.808603
65.573151927,1.12836,0,1.68658,0.3277,0.0992433,1.20548,0.10711,1.61537,0.051945,0,2.60373,0.0506626
65.619591837,1.61075,0.0457362,1.21534,0.333847,0.0190484,1.32904,0.14597,0.936875,0,0.563934,2.08396,0.0214896
65.666031746,1.45806,0.0955186,0.823543,0.17205,0,1.38531,0.263708,0.883725,0,0.752237,1.79707,0.0226221
65.712471655,1.38162,0.0164181,0.854094,0.162728,0,1.33841,0.374428,1.30848,0,0.777728,1.58505,0
65.758911565,1.04802,0.109077,1.20675,0.201266,0.0110539,1.11207,0.353584,1.52544,0,0.150726,2.57651,0.000280606
65.805351474,0.743162,0.242606,1.52234,0.0719852,0.0146283,0.906667,0.162186,1.52455,0,0,3.726,0.0901182
65.851791383,0.0248685,0.225931,1.50776,0.0284649,0.0306458,0.855747,0.0104477,1.44033,0.00348641,0,3.9273,0.147095
65.898231293,0,0.273501,1.99312,0.0191601,0.0201259,1.18572,0.011475,0.932791,0.182541,0.0467282,3.59471,0.16274
65.944671202,0,0.185299,2.85731,0.0159536,0.0121539,1.28133,0.00214914,0.809544,0.543822,0.673061,2.20742,0.226458
65.991111111,0,0.0334244,3.11492,0.0115723,0.00140795,0.79511,0,1.94297,0.750898,0.749937,0.476301,0.553868
66.037551020,0.0123201,0.017061,2.93034,0.0140074,0.00215221,0.154143,0,2.82924,0.797624,0.317803,0.204529,0.645799
66.083990930,0,0.249195,2.75921,0.0121053,0.68635,0.175432,0.00651112,2.8292,0.629186,0.437937,0.279627,0.511867
66.130430839,0,0.676739,1.92827,0.0390722,1.49519,0.256211,0.0253232,1.74525,0,2.61106,0.193608,0.356996
66.176870748,0.000280072,0.780291,1.28841,0.0393336,1.60108,0.221567,0.0318599,0.756323,0,3.00224,0.125442,0.357573
66.223310658,0.00841769,0.757117,1.09522,0.0266311,1.5772,0.273417,0.0276771,1.45171,0.0254726,2.77608,0.20427,0.342065
66.269750567,0.0305756,0.693708,1.26412,0.000909896,1.56651,0.301993,0.122424,2.04853,0.00851695,1.63341,0.16423,0.375508
66.316190476,0.0315409,0.712112,2.03657,0.00763941,0.994044,0.161928,0.147346,3.12095,0.0009701,1.06438,0.179036,0.455599
66.362630385,0.0270172,0.0485221,2.70959,0.0120524,0.0621707,0.0808258,0.103424,4.14537,0.0474514,0.10157,0.441683,0.779541
66.409070295,0.0382267,0.0562401,2.78447,0.0135234,0.0964912,0.0526981,0.400346,3.7219,0.0455158,0.0669195,0.507607,0.67688
66.455510204,0.0493332,0.497501,2.49446,0.0590918,0.519666,0.0537613,0.400626,2.54467,0,0.796665,0.228808,0.361558
66.501950113,0.0171256,0.475391,2.29456,0.000749254,1.17614,0.13059,0.342659,1.74731,0.0517838,1.64515,0.000454026,0.370384
66.548390023,0.000247781,0.48057,1.4902,0,1.71328,0.1286,0.176343,1.42492,0.43278,2.64419,0,0.178207
66.594829932,0.000239976,0.476218,0.803816,0.00504587,1.56958,0.0448622,0.0977829,0.678923,0.591418,3.31842,0,0.124754
66.641269841,0.000209702,0.474775,0.693032,0.129032,1.29122,0.0747056,0.0968886,0.557725,0.267585,3.83564,0.0206767,0.157706
66.687709751,5.39589e-05,0.557633,0.0935387,0.0282601,0.83717,0.333282,0.320009,0.458095,0.291459,3.99073,0.286783,0.212483
66.734149660,0.000253662,0.508438,0.140111,0,0.540441,0.555383,0.237521,0.376719,0.257376,3.81233,0.184861,0.198388
66.780589569,0.000443242,0.535713,0.539008,0,0.545681,0.188947,0.0597667,1.34728,0,3.75559,0.184839,0.0013535
66.827029478,0.000541646,0.517734,0.699086,0,0.500305,0.0869867,0.042731,2.98016,0.0623617,3.08382,0.182929,0
66.873469388,0.000607366,0.325493,1.11045,0.0096482,0.329432,0.0609433,0.0496344,3.91389,0.11426,1.96178,0.16622,0.00229477
66.919909297,0.000438786,0.417353,1.5934,0.0961326,0.0313265,0.0388412,0.0491991,4.21975,0.0459864,0.633813,0.110479,0.236331
66.966349206,0,0.58325,1.70917,0.0796387,0.0447845,0.0251446,0.0290274,4.26725,0.0521917,0.195344,0.0835005,0.305667
67.012789116,0.000136331,0.607783,0.832101,0.00364264,0.8078,0.0354318,0.119902,2.97401,0.391807,1.64797,0.402774,0.121219
67.059229025,0.000117225,0.517586,0.446182,0.0121696,1.30339,0.0330993,0.0827025,0.678728,0.757778,3.06366,0.326318,0.178978
67.105668934,2.04287e-05,0.439984,0.0035062,0.212072,1.41147,0.0567576,0.0809201,0.634164,0.376192,4.07413,0.0330441,0.103771
67.152108844,0,0.593463,0.00324775,0.0890747,1.37902,0.0535438,0.0391746,0.614785,0.1308,4.32358,0.0596149,0.0721118
67.198548753,0,0.779672,0.0033483,0.0233186,1.26468,0.0544474,0.0211833,0.59781,0.172336,4.29812,0.0581604,0.0634371
67.244988662,0.454215,0.986674,0.00444966,0.00813734,1.18352,0.0454838,0.0212623,0.543423,0.257044,4.07716,0.0545386,0.0325434
67.291428571,0.700483,0.82052,0.148903,0.00510761,1.08498,0.984754,0.190023,0.565469,0.658811,3.14495,0.109029,0.00706009
67.337868481,0.739352,0.332193,0.202466,0.00684907,0.719912,1.63669,0.0327605,0.535201,1.10073,1.23393,0.0961913,0.675367
67.384308390,0.673438,0.240456,0.0164766,0.388806,0.804042,1.96053,0.166313,0.323716,0.70981,0.422957,0.0436397,0.803396
67.430748299,0.547785,0.212755,0.00147654,0.632313,0.50134,2.43134,0.227222,0.498604,0.439878,1.07839,0.00322908,0.756879
67.477188209,0.804352,0.256925,0,0.600128,0.215826,2.72759,0.138468,0.446622,0.418511,1.73357,0,0.352339
67.523628118,1.14306,0.86839,0,0.401378,0.720609,1.51147,0.0745739,1.13339,0.441058,2.71543,0.187665,0.0008204
67.570068027,0,1.20661,0.0598091,0.0144011,1.01604,0.637252,0.0577481,1.22526,0.315972,3.29703,0.266608,0.00108752
67.616507937,0,1.09284,0,0.00615971,0.935907,0.48795,0.0549374,0.984,0.26284,3.31446,0.183715,0.0395906
67.662947846,0,0.843813,0,0.0972201,0.913313,1.03738,0.138223,0.594849,0.194298,3.14405,0.0306153,0.0131511
67.709387755,0.11977,0.699663,0.0013756,0.0294897,0.629372,2.04201,0.255251,0.380992,0.304177,2.78109,0.122242,0.000902974
67.755827664,0.656854,0.66844,0.00281909,0.0517593,0.43913,2.52022,0.33853,0.278658,0.255782,2.68478,0.000109311,0.000249034
67.802267574,1.24784,0.509366,0.0764278,0.0484224,0.210013,2.93908,0.333162,0.333635,0.0688481,2.49774,0,0.0213802
67.848707483,1.27302,0.370027,0.409112,0.0456191,0.155357,3.54283,0.02566,0.202954,0.0174563,2.23611,0,0
67.895147392,1.13593,0.563018,0.559538,0.0985182,0.499522,3.33345,0.0198877,0.235867,0,2.38133,0.141135,0
67.941587302,0.918746,0.6213,0.696255,0.197648,0.530986,3.17821,0.072908,0.341299,0.00713781,2.11219,0.151505,0
67.988027211,0.88751,0.607781,1.27658,0.172321,0.394148,3.258,0.0971866,0.328409,0.0485694,1.7426,0.141637,0
68.034467120,0.854557,0.670898,1.84018,0.128593,0.258578,3.08943,0.0371413,0.262626,0.0470811,1.50731,0.124529,0
68.080907029,0.0226651,0.665863,1.73698,0.265368,1.09956,1.89582,0.166581,0.154979,0.0284341,0.701323,0.514062,0.346009
68.127346939,0.000373156,0.893615,1.66877,0.399451,1.49717,1.67016,0.115109,0.212908,0,0.270941,0.378327,0.297632
68.173786848,0.0799186,0.725097,1.59236,0.275274,1.43773,1.38194,0.364403,0.306664,0.33433,1.36024,0.0773067,0.156055
68.220226757,0.109598,0.736632,1.55884,0.196756,1.51528,1.17461,0.310881,0.357088,0.411927,2.10895,0.087083,0.074027
68.266666667,0.174424,0.751261,1.52371,0.146289,1.47306,1.05953,0.269177,0.379363,0.210184,2.69431,0.0918889,0.0390542
68.313106576,0.209971,0.844868,1.65433,0.255834,1.33361,1.00915,0.267366,0.23086,0.043348,2.80075,0.125598,0.058679
68.359546485,0.16606,0.706637,1.71597,0.163477,1.00847,1.05952,0.219436,0.153967,0.198888,2.68442,0.641852,0.0012163
68.405986395,0.0938329,0.659068,1.51323,0.0757626,0.46476,1.46068,0.0424028,0.25749,0.176859,3.06577,0.884045,0.00763667
68.452426304,0.184549,0.518212,1.41663,0.0113991,0.482264,1.67081,0.160451,0.29237,0.0983823,3.35588,0.381744,0.000973112
68.498866213,0.418644,0.419812,1.21062,0.0160992,0.815584,1.47148,0.418072,0.39317,0,3.11434,0.598273,0.00353702
68.545306122,0.568223,0.41016,1.37168,0.047553,1.18444,1.04551,0.412957,1.09548,0,2.58891,0.187718,0.000615091
68.591746032,0.596665,0.386965,2.12327,0.0851597,1.20703,0.788541,0.25544,1.23487,0,2.30665,0.0824552,0.0506133
68.638185941,0.557184,0.374108,2.48594,0.021323,0.628245,0.624657,0.116922,1.77117,0,2.22935,0.0635485,0.0865395
68.684625850,0.49735,0.26774,2.15662,0.020026,0.561516,0.524558,0.126061,1.90085,0.000319568,2.49652,0.0756193,0.141992
68.731065760,0.582227,0.290688,1.54718,0.0168739,0.802259,0.277732,0.321471,1.2995,0.018694,3.03281,0.091245,0.276588
68.777505669,0.392204,0.336469,1.0281,0.000431591,0.890652,0.220135,0.412356,1.05684,0.0369083,3.84518,0.124433,0.39103
68.823945578,0.00972322,0.48613,1.06234,0.00340886,1.14166,0.0332019,0.302784,0.671477,0.0611414,3.79613,0.115993,0.26824
68.870385488,0.165781,0.66193,1.65258,0.154974,0.845706,0.0183692,0.00181112,1.2942,0.200233,3.52191,0,0.0917745
68.916825397,0.0441448,0.325184,1.66749,0.199284,0.170994,0.154896,0.0024014,2.73106,0.180158,2.76578,0.0166669,0
68.963265306,0.000237634,0.00288291,1.63922,0.156782,0,0.0650484,0.033932,3.53981,0.142708,1.87209,0.0816896,0.217883
69.009705215,0.00035966,0.104468,0.795515,0.0258978,0.499287,0.0208747,0.236053,3.34213,0.0397129,2.94376,0.0536693,0
69.056145125,0.000611285,0.384883,0.148442,0,0.926168,0.284544,0.278921,1.78129,0.00938635,3.9898,0,0.00982228
69.102585034,0.000497779,0.541878,0.509584,0.0321744,1.02067,0.227809,0.290707,1.21885,0.0083463,4.03162,0,0.00473168
69.149024943,0.0618484,0.424183,0.887897,0.0853043,0.593865,0.178122,0.0439255,2.84581,0.0634429,3.38514,0,0.0104633
69.195464853,0.12642,0.0885331,1.16869,0.137095,0.0597642,0.059643,0.0286994,3.82724,0.113805,1.89248,0,0.406166
69.241904762,0.0673235,0.00986319,1.21387,0.191346,0.0742203,0.0118324,0.0224838,4.15546,0.07696,0.391986,0.40467,0.541258
69.288344671,0.275675,0.0031975,1.12598,0.259697,0.0746248,0.134657,0.0701694,3.67002,0.0321231,0.0820346,1.71735,0.546304
69.334784580,0.228834,0.0030449,1.07662,0.0055516,0.0063024,0.540094,0.1829,2.53578,0.0246559,0.00148588,2.77354,0.735814
69.381224490,0.150121,0.0021191,0.818762,0.00743454,0.00261148,1.38093,0.448687,0.869685,0.0822891,0.00201185,3.7023,0.450957
69.427664399,0.140592,0.000849116,0.677723,0.0157814,0.263934,1.34516,0.549718,0.0049453,0.116548,0.317267,4.10338,0.0894437
69.474104308,0.139519,0,0.612099,0.0125956,0.0362166,1.43894,0.27689,0.00864428,0.133172,0.271725,4.17671,0.053968
69.520544218,0.0789655,0.0212508,0.572569,0.113542,0.0376013,1.37868,0.0161703,0.00565936,0.193806,0.275372,4.09516,0.0162682
69.566984127,0.0186025,0.0589249,0.511136,0.0150906,0.0357272,1.47856,0.0138275,0,0.257201,0.760633,3.75168,0.0079384
69.613424036,0.000269144,0.122375,1.06764,0.267963,0.0220032,1.74901,0.000422625,0.300716,0.28305,1.1204,2.63773,0.0949681
69.659863946,0.00597261,0.189793,1.19336,0.617001,0.0235348,1.23163,0,1.91114,0.231586,1.59216,0.72751,0.295388
69.706303855,0.0205266,0.128167,0.978657,0.589908,0.0394038,0.401965,0,3.13232,0.160732,1.86869,0.307293,0.412207
69.752743764,0.00034932,0.0560191,0.942287,0.463905,0.245817,0.220895,0.0326891,3.93222,0.144907,1.41792,0.00310635,0.646995
69.799183673,0.00541409,0.0594288,1.82764,0.291448,0.14162,0.126646,0.0524093,3.71073,0.292726,0.195296,0.428307,0.73286
69.845623583,0.073614,0.0313038,2.04058,0.183785,0.407647,0.266474,0.234433,3.00063,0.416866,0.106771,1.19114,0.797422
69.892063492,0.108062,0.0136952,2.25604,0.284146,0.371757,0.351577,0.262452,2.09937,0.796229,0.0988415,1.24024,0.869093
69.938503401,0.112422,0.028905,2.23966,0.317388,0.403037,0.325612,0.110226,2.05778,0.895175,0.0332177,1.28937,0.773747
69.984943311,0.0785737,0.147369,2.07235,0.324643,0.437629,0.262008,0.0113141,2.53161,0.721589,0.0344625,1.24931,0.699827
70.031383220,0.139604,0.27899,1.85563,0.255125,0.476284,0.228316,0.00503071,3.25006,0.522984,0.0913027,0.920031,0.720849
70.077823129,0.289976,0.330803,1.86227,0.109005,0,0.115652,0.00383954,3.36858,0.605346,0.0715472,0.490663,1.13714
70.124263039,0.103112,0.26077,2.01853,0,0.0958343,0.0301947,0.0107693,3.27753,0.982958,0.0362219,0.722069,0.975949
70.170702948,0.0496479,0.19794,1.91977,0.34019,0.168378,0,0.0519106,3.03608,1.2234,0.00475252,1.187,0.84551
70.217142857,0.0384689,0.173002,2.20234,0.10586,0.0464657,0.20691,0.161269,2.74531,1.18928,0.215057,1.69644,0.819705
70.263582766,0.00366936,0.0909796,2.65312,0,0.202006,0.126957,0.172004,2.57927,0.422319,0.486383,1.95989,0.787477
70.310022676,0,0.0626774,2.53501,0,0.149141,0.170329,0.109687,3.04297,0.143105,0.512546,2.14494,0.603016
70.356462585,0,0.0359345,2.09916,0,0.0443456,0.157449,0.100042,3.63658,0.0658816,0.15215,2.40853,0.377215
70.402902494,0.0605222,0.104718,1.38518,0.192585,0.313417,0.573963,0.0366511,3.01391,0.0686898,0.191664,2.14047,0.162809
70.449342404,0.299264,0.155034,1.25415,0.291661,0.390917,0.88721,0.0399805,2.17204,0.0613657,0.167747,2.32011,0.114211
70.495782313,0.402904,0.146971,1.15442,0.260199,0.325144,0.843096,0.0260916,2.09762,0.0359736,0.130019,2.78092,0.0251227
70.542222222,0.317887,0.0219911,1.31089,0.0945285,0.108961,1.35061,0.0247349,2.03348,0.0420962,0,3.46291,0.00061295
70.588662132,0.150763,0,1.29683,0.00901643,0.0182775,1.53713,0.0251851,1.89101,0.0910217,0,3.86504,0.000609104
70.635102041,0.127793,0,1.14611,0.0113771,0.0178291,1.53264,0.029573,1.70712,0.211036,0,3.87815,0.000644914
70.681541950,0.0283062,0.049007,1.00865,0.00899555,0.00945995,1.43302,0.0426134,1.60708,0.231034,0,4.04927,0.000516261
70.727981859,0,0.0854512,1.18079,0.00184258,0,1.25837,0.047144,1.62053,0.228327,0,4.28039,0.000280642
70.774421769,0,0.103835,1.41753,0,0,1.11016,0.0469123,1.52287,0.207939,0,4.38387,0.000301477
70.820861678,0,0.120755,1.66465,0,0,0.875859,0.0410954,1.45259,0.138535,0.0336524,4.24368,0.000386004
70.867301587,0,0.0644175,1.88794,0,0,0.99083,0.0320942,1.37807,0.0462305,0.446967,3.99342,0.000459984
70.913741497,0,0,1.82379,0.0557373,0.0303074,1.1549,0.0298048,1.24255,0.0627998,0.446828,3.73956,0.000489766
70.960181406,0,0.0065749,1.72658,0.352926,0.0636,1.17699,0.0286471,1.0867,0.0924118,0.406214,3.70222,0.000601058
71.006621315,0,0.100737,1.72947,0.404834,0.102473,1.13881,0.0215809,0.981383,0.10161,0.661803,3.66521,0.000717636
71.053061224,0,0.0176629,1.89014,0.18933,0.0752029,1.19627,0.0381436,0.360531,0.734683,0.898476,3.55136,0.000666345
71.099501134,0,0.0318517,1.6998,0.0480527,0.0242811,1.32203,0.0503479,0.177732,0.803655,1.16538,3.05178,0.000526751
71.145941043,0,0,0.862042,0.0221163,0.0633211,1.31177,0.0640238,0.138765,0.61077,0.993342,3.73063,0.000366402
71.192380952,0.00542934,0,0.599957,0.0182416,0.0471106,1.35508,0.0674197,0.0800116,0.242118,0.270772,4.31584,0.0003058
71.238820862,0.0385079,0,0.737442,0.110899,0.141645,1.42409,0.063403,0.119216,0.348639,0.328897,4.30663,0.000306865
71.285260771,0.057279,0.22926,1.15805,0.0203619,0.617118,1.75603,0.20141,0.347555,0.796539,0.188647,3.84613,0.000303296
71.331700680,0.0862055,0.491157,1.26816,0.354688,0.472586,1.7806,0.0323694,0.38602,0.884514,0.239639,3.01073,0.000253756
71.378140590,0.627573,0.929435,0.86702,0.382852,0.600336,1.64855,0.0263634,0.473392,0.911998,0.0286445,1.42167,0.161893
71.424580499,0.717994,1.23772,0.724001,0.380816,0.583973,1.70959,0.0247595,0.692233,0.644279,0.0365437,0.54521,0.512499
71.471020408,0.509354,0.69164,1.1736,0.284873,0.315467,1.55493,0.0011179,0.652182,0.235865,0.0828866,2.616,0.446512
71.517460317,0.2149,0.238186,1.10844,0.444091,0.00322481,1.25533,0,0.342399,0.172098,0.0947678,3.82786,0.430747
71.563900227,0.179308,0.176196,0.552937,0.0151947,0.155506,0.91495,0,0.0352497,0.121369,0.106918,4.22598,0.446866
71.610340136,0.24847,0.111053,0.152981,0.0119035,0.438252,0.794603,0.0178072,0.367373,0.273191,0.254152,3.73281,0.220653
71.656780045,0.486426,0.0921399,0.0987905,0.00137786,0.549831,0.940432,0.0786107,0.638573,0.559676,0.659824,2.84102,0.10451
71.703219955,0.628681,0.311826,0.181058,0.0156367,0.518749,0.97769,0.205476,0.599829,0.210135,0.367748,3.1199,0.0739592
71.749659864,0.360863,0,0.165912,0.0161325,0.356782,1.3425,0.092921,0.549325,0.176389,0.218807,3.92173,0.0696975
71.796099773,0.164306,0,0.568153,0.167441,0.470166,1.63557,0.00875325,0.067497,0.203504,0.284455,4.09183,0.000332676
71.842539683,0.166094,0,1.02367,0.220632,0.641305,1.81467,0.0111017,0.095386,0.19595,0.503552,3.92008,9.69989e-05
71.888979592,0.129672,0,1.30745,0.141064,0.454506,1.7767,0.0150369,0.205014,0.183226,0.736687,3.78385,2.8628e-05
71.935419501,0.0590948,0,1.47759,0.00203573,0.26803,1.8401,0.0182772,0.275116,0.157325,0.833999,3.59319,3.09176e-05
71.981859410,0,0,1.48072,0,0.179541,1.78317,0.0202989,0.304441,0.135931,0.760891,3.6153,2.44455e-05
72.028299320,0,0,1.69513,0,0.0480456,1.40221,0.0183107,0.287279,0.135434,0.273186,3.93597,0
72.074739229,0.0441532,0,2.14389,0.548879,0.0978784,1.26035,0.112177,0.173032,0.123389,0,3.84162,0
72.121179138,0.0443277,0,2.12569,0.479603,0,1.83988,0.120785,0.61106,0.159478,0.0994277,3.32606,0
72.167619048,0.00260481,0.0064668,2.30787,0.229505,0.329753,2.32267,0.118355,0.895851,0.25741,0.216739,2.78846,0
72.214058957,0.0192794,0.0244412,2.29674,0.256814,0.435168,1.92636,0.0143213,1.08629,0.335332,0.417559,2.26512,0
72.260498866,0.0445454,0.184758,1.71905,0.19033,0.41436,1.90096,0.00550204,0.980573,0.27525,0.204655,2.63006,0
72.306938776,0.337104,0.244471,1.53824,0.189382,0.653938,2.16831,0.00712253,1.18995,0.161787,0.154359,2.69004,0.00979507
72.353378685,0.792482,0.172191,1.24924,0.315454,0.870622,2.01728,0.0211016,1.57968,0.119543,0.108799,2.59824,0.0756317
72.399818594,2.18463,0.17211,0.14741,0.414224,0.70081,1.74403,0.0212799,1.40824,0.126598,0.59985,2.02704,0.0755365
72.446258503,2.65428,0.192811,0.0605921,0.116657,0.741404,1.30956,0.112261,0.917126,0.6861,1.30141,0.871937,0.123947
72.492698413,1.91715,0.171127,0.204577,0.011764,1.31876,0.895303,0.0190187,1.16419,0.769664,1.99114,0.637743,0.0880792
72.539138322,0.378377,0.617105,1.00789,0.0137284,1.32921,0.749279,0.00402449,1.18697,0.518229,2.72443,0.276348,0.000245105
72.585578231,0,1.30054,1.15673,0.0131431,1.27707,0.76442,0,0.441731,0.0866925,3.067,0.00929972,0.16808
72.632018141,0.146974,1.35357,1.32141,0.0153647,1.02038,0.939518,0,0.25403,0.0411085,2.9921,0.0390534,0.129446
72.678458050,0.021887,1.38565,1.34145,0.0196813,0.689978,1.11043,0,0.391204,0.045688,3.02411,0.0865473,0.115848
72.724897959,0.0412362,1.2109,1.60132,0.0237118,0.675477,1.17443,0,0.406728,0.0506367,3.06336,0.026483,0.12734
72.771337868,0.0827627,1.04406,1.72866,0.0378375,0.709343,1.33603,0,0.258321,0.00234817,2.99271,0.0976776,0.208124
72.817777778,0.0206561,0.853326,1.54462,0.0185203,1.15521,1.43861,0.0223757,0.225446,0,2.89657,0.126812,0.171657
72.864217687,0.000107207,0.591424,1.43976,0,1.21096,1.36546,0.0582165,0.235293,0,2.97201,0.185961,0.15541
72.910657596,0.000354235,0.581432,1.40814,0,1.15639,1.37094,0.0493735,0.383248,0,3.08897,0.156564,0.121772
72.957097506,0,0.688378,1.39148,0,1.22854,1.20557,0.0259286,1.07214,0.450527,2.58124,0.151267,0.083442
73.003537415,0,0.747194,1.11143,0.00853748,1.31484,0.853913,0.0411502,2.85754,0.444836,1.4183,0.000220626,0.0477613
73.049977324,0,0.233827,1.81359,0.0149899,0.774597,1.26034,0.0548118,3.6945,0.0539817,0.0389837,8.81306e-06,0.362051
73.096417234,0,0.133749,2.6287,0.00930167,0.0898925,1.48027,0.0457919,3.90897,0.00217264,0.199237,0,0.626117
73.142857143,0,0.12007,2.84194,0.0183309,0.205584,1.16638,0.0449789,3.95106,0,0.294639,0.000125073,0.62814
73.189297052,0,0.185195,2.94636,0.0238878,0.312996,0.860444,0.0469885,3.97504,0,0.274752,0.000203495,0.516263
73.235736961,0,0.202963,2.93967,0.0220632,0.344802,0.655668,0.043757,3.99408,0,0.243894,0.0216669,0.339059
73.282176871,0,0.225282,2.94203,0.037891,0.17386,0.430019,0.03635,3.92379,0,0.241958,0.0148518,0.371496
73.328616780,0,0.650846,2.84943,0.112785,0.881439,0.456961,0.142481,2.72886,0,0.865507,5.38005e-05,0
73.375056689,0,0.81647,2.43562,0.387472,1.29553,0.518275,0.468271,1.52606,0.00851223,1.28383,0.000284323,0.000103267
73.421496599,0,0.690459,2.0038,0.458498,0.988445,0.623659,0.595312,0.995431,0.011159,2.61228,0.000339283,0.000108258
73.467936508,0.0338628,0.746461,1.95129,0.482747,0.932437,0.565476,0.272014,0.580069,0.00570721,3.0069,0.000199886,4.47781e-05
73.514376417,0.186715,0.678172,2.09508,0.394249,0.813873,0.0402541,0.0445119,1.74965,0.203717,2.67884,0.0576005,0.108109
73.560816327,0.308398,0.40696,2.20662,0.267012,0.381756,0.0275092,0.0181442,3.34423,0.321615,1.53087,0.0131921,0
73.607256236,0,0.237328,2.09384,0.168055,0.505646,0.204074,0.017945,4.02498,0.252603,0.236946,0.100573,0.182975
73.653696145,0,0.891192,1.83519,0.329618,0.468347,0.222396,0.0291569,3.38488,0.541117,0.0933133,0.592354,0.205329
73.700136054,0,1.47322,1.64202,0.397702,0.912904,0.448873,0.0202764,2.17549,0.532173,0.869569,0.461442,0.0668117
73.746575964,0,1.61685,1.42658,0.35386,1.63464,0.524063,0,1.21352,0.365146,1.3625,0.579857,0.0220351
73.793015873,0.129187,1.35491,1.27781,1.32633,0.970175,0.406558,0.00244823,1.81643,0.00179483,2.30718,0.341932,0.0660359
73.839455782,0.161422,0.422,1.86951,1.12259,0.280724,0.298386,0.0204795,3.13469,0.0491732,1.82333,0.372505,0.454551
73.885895692,0.170217,0.277315,1.24011,0.7191,0.202261,0.462312,0.0258849,3.66563,0.0721478,0.904053,0.323236,0.658062
73.932335601,0.195507,0,1.03447,0.499675,0.346928,0.968255,0.0152334,3.52543,0.107147,0.401917,0.906658,0.620681
73.978775510,0.247908,0.175439,0.808251,0.363856,0.436985,1.36429,0.00509386,3.11351,0.0652772,0.417394,1.50781,0.556476
74.025215420,0.154467,0.206625,0.598795,0.315348,0.443806,2.51943,0.0196705,1.80308,0.0588135,0.146677,2.19197,0.542951
74.071655329,0.226193,0.151995,0.991288,0.180495,0.383285,2.45297,0.00155973,0.872081,0.0804229,0.0178707,3.13703,0.376862
74.118095238,0.289567,0.166885,1.71498,0.235931,0.23078,1.80779,0.0125387,0.482344,0.074154,0.0218727,3.7652,0.27113
74.164535147,0.26063,0.215884,1.66786,0.0299889,0.467893,1.49556,0.0408382,0.170699,0.300271,0.0227097,3.98759,0.100817
74.210975057,0.216675,0.271613,1.28365,0.240324,0.199952,2.22863,0.328823,0.646663,0.783374,0.141239,2.97405,0.114018
74.257414966,0.109481,0.50023,1.19449,0.396386,0.230878,2.57958,0.181525,0.530217,0.675984,0.23827,2.28475,0.00667168
74.303854875,0.129601,0.390717,1.43937,0.553828,0.059622,2.66771,0.000496672,1.56184,0.560881,0.37017,1.25919,0.272044
74.350294785,0.233447,0.309343,1.85205,0.655919,0.193501,1.64585,0,2.1874,0.347919,0.300741,0.576857,0.683468
74.396734694,0.334016,0.363497,2.03092,0.74089,0.0856977,1.49818,0,2.2964,0.142306,0.150052,0.0827071,0.96261
74.443174603,0.294461,0.256296,1.80813,0.0379831,0.160034,1.073,0.0140628,3.04881,0.236142,0.259908,0.00647152,1.01481
74.489614512,0.228515,0.036736,1.89896,0.0358138,0.229183,0.391202,0.383075,3.10213,0.586605,0.239426,0.056121,1.07469
74.536054422,0.0184178,0.0964347,1.77367,0.0317971,0.434301,0.364123,0.335298,2.8816,0.809992,0.384503,0.0528728,1.13137
74.582494331,0.0254231,0.364349,1.84475,0.0661575,0.405899,0.36555,0.0679678,2.23276,1.07009,0.164507,0.0675678,1.22928
74.628934240,0.0139509,0.65221,1.81018,0.0812012,0.655832,0.367405,0,2.1203,1.04336,0.0158828,0.19993,1.14448
74.675374150,0,0.689915,1.81947,0.120798,0.7641,0.345279,0.00407152,2.08874,0.902166,0.00148298,0.396192,1.01404
74.721814059,0.0568247,1.24602,1.8311,0,0.444361,0.0965712,0.0033405,2.92539,0.282107,0.000692019,0.407977,0.938053
74.768253968,0.0847133,1.27057,1.89944,0.00141457,0.291908,0,0.0375722,3.4876,0.303863,0,0.940366,0.820087
74.814693878,0,1.00952,1.84687,0.185676,0.253831,0,0.0402239,3.69142,0.635469,0,1.33432,0.661043
74.861133787,0,0.29863,2.71808,0.119514,0.0662808,0.0892991,0.103646,3.21526,0.400195,0,1.78037,0.705337
74.907573696,0,0.098656,2.58463,0,0.158203,0.0131165,0.184851,3.42133,0.208122,0.245963,2.11625,0.616781
74.954013605,0.0351795,0.0641084,2.2645,0,0.15843,0.0281954,0.176055,3.68872,0.085108,0.313296,2.22827,0.548119
75.000453515,0.0431581,0.0283474,1.69554,0,0.159317,0.109584,0.144566,3.82176,0.0847353,0.185851,2.24209,0.457882
75.046893424,0.175879,0.109889,0.997952,0.367748,0.697586,0.037307,0.135314,3.6717,0.061964,0.581518,1.57178,0.244519
75.093333333,0.0958321,0.02816,0.803838,0.48568,0.886646,0.302035,0.0588793,2.65569,0.451556,0.840169,1.42414,0.194568
75.139773243,0.0140912,0.0112599,1.00845,0.417463,0.762153,0.548054,0.0415281,2.03159,0.611776,0.808735,1.74463,0.196965
75.186213152,0,0.00847889,1.08666,0.250723,0.523472,0.574694,0.0353798,2.28231,0.568101,0.804711,2.0361,0.197119
75.232653061,0,0,1.29098,0.150678,0.490597,0.342981,0.0338193,3.07973,0.525429,0.293864,2.12796,0.142369
75.279092971,0,0.0548045,1.44045,0.450386,0.135634,0.0279543,0.0656952,3.31655,0.285043,0.354471,1.65121,0.285628
75.325532880,0,0.0315371,1.85756,0.368741,0,0.0681301,0.0629404,3.06914,0.053205,0.322239,1.50392,0.457408
75.371972789,0,0.203627,1.92421,0.000240931,0.255596,0.125872,0.0504772,2.90993,0.106288,0.284982,1.51244,0.485931
75.418412698,0,0.685012,0.942048,0.0118588,1.17964,0.10467,0.0468849,2.56373,0.168259,1.17063,1.23272,0.0732308
75.464852608,0,0.791794,0.418669,0.0214767,1.40973,0.0332525,0.0340658,1.97522,0.174481,2.51677,1.06484,0.0474317
75.511292517,0,0.777506,0.596553,0.0325767,1.31337,0.0101574,0.0307473,1.63843,0.0517326,3.26519,0.802121,0.11185
75.557732426,0,0.752132,0.903228,0.00876076,1.036,0.00448619,0.117184,2.54865,0.25121,3.21349,0.170413,0.172374
75.604172336,0,0.392796,1.88811,0.00957081,0.340918,0.111658,0.161191,3.24615,0.300512,1.41798,0,0.406926
75.650612245,0,0.307936,2.02665,0.0346456,0.0407935,0.141139,0.0339963,3.45572,0.0927367,1.0242,0,0.637582
75.697052154,0,0.138898,2.07785,0.0610799,0.00659256,0.152677,0.0592393,3.50444,0.0654835,1.09696,0.000879896,0.579674
75.743492063,0,0.757695,1.88795,0.312873,0,0.119854,0.0875766,3.22689,0.0771236,1.28663,0.00144905,0.402909
75.789931973,0,0.921203,1.53106,0.505821,0,0.213218,0.436241,2.31065,0.0934844,1.48835,0.389841,0.206975
75.836371882,0,0.833923,0.937013,0.568971,0.0803612,0.457735,0.648876,1.28667,0.0905346,1.60849,1.06389,0.282481
75.882811791,0,0.70738,0.745842,0.288971,0.103167,0.484763,0.766701,0.486458,0.110931,1.44644,1.39859,0.297833
75.929251701,0,0.869479,0.0304317,0.0229221,0.617291,0.656576,0.651197,0.705408,0.198913,1.72546,1.16151,0.180793
75.975691610,0.0694785,1.21482,0.559276,0.161776,0.788289,0.957384,0.729632,0.108142,0.0401562,1.40175,1.09854,0.238286
76.022131519,0.177663,1.40386,0.557958,0.430802,0.960439,0.990972,0.69186,0.351247,0.174028,0.853777,0.766554,0.244332
76.068571429,0.258091,1.37892,1.01964,0.39577,1.08228,0.862759,0.419473,0.536858,0.260602,0.342382,0.771042,0.548767
76.115011338,0.422969,0.776591,1.74148,0.62346,0.905586,0.311923,0,0.856776,0.112783,0.13459,0.566932,0.989228
76.161451247,0.570063,0.348212,1.86213,0.486449,0.591032,0.00683718,0,1.5788,0.0569718,0.117051,0.0421815,1.38321
76.207891156,0.196104,0.226192,1.04111,0.177478,0.463997,0.142724,0.18795,2.03499,0.0904761,0.1108,0.148887,0.85734
76.254331066,0.487674,0.265439,1.06254,0.122351,0.687661,0.418361,0.346871,1.57009,0.135343,0.160188,0.513879,0.463226
76.300770975,0.422203,0.228177,1.40681,0.0291956,0.601674,0.273412,0.163643,0.629803,0.745635,0.958607,0.671025,0.33196
76.347210884,0.433382,0.315334,0.973424,0.141484,0.687021,0.015086,0.0711459,0.463785,0.538375,1.49065,0.690241,0.133328
76.393650794,0.335303,0.082461,0.501539,0.173423,0.532904,0.0364775,0.0891039,0.412368,0.417997,2.3781,0.667871,0.0815129
76.440090703,0.249917,0.176595,0.418673,0.272277,0.956133,0.151766,0.0923638,0.783036,0.396586,3.39895,0.443235,0.179652
76.486530612,0.13898,0.806276,0.935622,0.31354,1.12119,0.0250012,0,0.806148,0.0290787,3.52294,0.268812,0.525983
76.532970522,0.0106077,0.072552,1.59124,0.0264346,0.638092,0.0457074,0.00559992,0.945672,0.241843,3.26714,0.172443,0.993686
76.579410431,0,0.300398,1.24347,0.0386508,0.692143,0.436726,0.119168,2.25579,0.494134,2.18336,0.0770151,0.722343
76.625850340,0,0.33408,1.34107,0,0.516314,0.763353,0.124667,2.63465,0.15715,1.93452,0.313964,0.334281
76.672290249,0,0.224892,1.62384,0.0801828,0.0243714,0.754923,0.122309,2.37162,0.153635,1.37245,1.73432,0.19915
76.718730159,0,0.0978915,1.64129,0.156255,0.037335,1.26397,0.119029,1.86858,0.137767,0.682944,2.74967,0.000117111
76.765170068,0,0.0880813,1.60856,0.209424,0.131821,1.65915,0.0112291,0.868511,0.109253,0,3.23779,0.0294444
76.811609977,0,0.0123118,0.589161,0.657825,0.181132,2.14695,0.232423,0.297962,0.117103,0.175864,3.2951,0.0289375
76.858049887,0,0,0.271703,0.35791,0.546486,1.35886,0.297957,0.49562,0.102453,1.26961,3.30881,0
76.904489796,0,0.331141,0.661405,0.194019,1.27881,0.523744,0.0516295,0.573828,0.0987932,2.28755,2.74782,0.00014784
76.950929705,0,0.539739,0.758157,0.00699173,1.21798,0.0752067,0.0349443,0.424947,0.101569,3.06965,1.66601,0.00102239
76.997369615,0,0.643919,0.394448,0.0157245,1.19473,0.02479,0.0375665,0.389272,0.0777947,3.5226,0.59621,0.00109901
77.043809524,0.143764,0.949366,0.182811,0.0348633,1.34224,0.0480136,0.0378024,0.319855,0.0172684,3.5109,0.408797,0.10819
77.090249433,0.00509006,0.892483,0.415365,0.0961686,1.2202,0.261992,0.0306439,0.305663,0.273452,3.27686,0.385413,0.16951
77.136689342,0.982301,0.134825,0.616189,0.043442,0.304431,2.37877,0.00763052,0.0129868,0.360453,2.54914,0.255553,0.329827
77.183129252,1.03396,0.265522,0.725203,0.0288378,0.0163062,3.17929,0.0516217,0.0141197,0.0877431,0.99453,0.172473,0.311268
77.229569161,1.02671,0.219655,0.931165,0.0219744,0.00168072,3.15818,0.0550451,0.181284,0.0776026,0.69718,0.0860391,0.112806
77.276009070,0.92451,0.212744,1.09495,0.0244137,0,2.86574,0.0324536,0.271069,0.0904095,0.571592,0.00420242,0.0619349
77.322448980,0.89961,0.0959025,1.64217,0.0282234,0.0144279,2.58414,0.0102587,0.181836,0.0692722,0.590568,0.0744066,0.0343025
77.368888889,0.638708,0.00184357,2.35736,0.0232726,0.0414368,2.48826,0.0437171,0.0758409,0.0711008,0.745264,0.306025,0.200725
77.415328798,0.554586,0.292517,2.09066,0.0162228,0.579708,2.09149,0.0300182,0.284371,0.296688,0.818736,0.087378,0.199503
77.461768707,0.17212,0.650368,1.52229,0.0106984,1.32361,1.89848,0.197302,0.541805,0.584104,0.983634,0.0692546,0.0628254
77.508208617,0,0.639158,1.38401,0.0134462,1.40369,1.6121,0.427196,0.451235,0.452138,1.68298,0.0374188,0.0329294
77.554648526,0,0.709109,1.49755,0.0153797,1.38609,1.44865,0.113097,0.45267,0.135043,2.4366,0.0314453,0.00038103
77.601088435,0,0.729052,1.64977,0.0158838,1.23596,1.75672,0.0302726,0.510955,0.0708483,2.74313,0.214835,0.000411334
77.647528345,0.132332,0.72281,1.46324,0.0698836,1.06654,2.19114,0.0545284,0.532797,0.137835,1.85761,0.888693,0.00010998
77.693968254,0.938113,0.286025,1.7227,0.0667518,0.51423,3.25836,0.044889,0.173239,0.386695,1.23039,0.947646,0
77.740408163,0.967816,0.00179139,1.73447,0.0611523,0.0392485,3.87112,0.0280064,0.0409947,0.112459,1.76599,0.70872,0
77.786848073,1.03383,0.00183473,1.40026,0.0552395,0.0711431,4.00443,0.0303676,0.0400034,0.0149258,2.34083,0.286646,0
77.833287982,1.06284,0.0741069,1.02389,0.043466,0.0969204,4.05842,0.0383485,0.0383252,0,2.61668,0.0188595,0.397607
77.879727891,0.868024,0.149422,1.02969,0.0322632,0.105078,3.94601,0.142618,0.038405,0,2.75309,0.209724,0.376995
77.926167800,0.181168,0.209322,1.4005,0.69049,0.0754118,3.80592,0.129291,0.0360869,0,2.69124,0.445243,0.131727
77.972607710,0,0.0019165,1.11771,1.8153,0.0420833,2.7499,0.00714057,0.0162992,1.08098,2.27334,0.213346,0.0161778
78.019047619,0,0.00163919,0.450158,2.59435,0.0163509,1.51752,0.0729045,0.172952,1.85018,1.85674,0,0.11903
78.065487528,0.285725,0.000604398,0.27489,2.53946,0,0.89984,0.0949503,0.0370841,2.49666,1.74566,0,0.0779883
78.111927438,0.61759,4.98476e-05,0.193362,2.01098,0.000561264,0.739783,0.158304,0.140787,3.06154,1.52014,0,0.0684927
78.158367347,0.703359,0,0.468027,1.24351,0.0114809,0.00452554,0.163324,1.73548,3.1331,0.734133,0,0.0739865
78.204807256,0.495528,0.250864,0.94257,0.894349,0.0283563,0.00286974,0.0890704,3.53168,1.80969,0.362552,0.050919,0.131385
78.251247166,0.0109031,0.000398442,1.97157,0.0526451,0.0741916,0.137239,0.229481,3.78758,0.683641,0.17344,0.125665,0.456414
78.297687075,0.000389778,0.255206,2.08378,0.0284028,0.42658,0.522602,0.206696,3.12176,0.573127,0.462372,0.579173,0.465616
78.344126984,0.000358615,0.832673,1.5294,0.3611,0.93489,0.689649,0.173475,1.96152,0.82731,0.801985,0.609046,0.307522
78.390566893,0.241427,1.28299,1.19474,0.405547,1.31201,0.708624,0,0.893869,0.740062,1.63102,0.607443,0.21054
78.437006803,0.437374,1.07337,1.1556,0.388943,1.0518,0.255956,0.00251326,1.82167,0.423965,1.52541,0.552768,0.436091
78.483446712,0.595859,0.41806,1.57203,0.364747,0.0695329,0.0132634,0.0121971,3.19831,0.106472,1.67247,0.108236,0.838779
78.529886621,0.152654,0.249902,1.40121,0.429447,0,0.203581,0.0295054,4.10578,0.0389479,0.714401,0.0247027,0.777774
78.576326531,0.409648,0.00475409,1.58798,0.26691,0.205712,0.171088,0.01611,4.10169,0.0894395,0.0709701,1.04672,0.836974
78.622766440,1.05455,0,0.942478,0.350514,0.771282,0.407428,0.107052,3.0301,0.0826946,9.65294e-05,1.68694,0.572391
78.669206349,1.24432,0.0479238,0.354639,0.441396,0.855531,1.17139,0.471392,0.741821,0.0768977,0.0222261,2.5249,0.101953
78.715646259,1.42738,0.0434031,0.39523,0.337186,0.574105,1.30508,0.420249,0.0434496,0.0261064,0.0111522,3.13927,0.017904
78.762086168,1.46379,0,0.998596,0.0994808,0.0648872,1.36681,0.227496,0.0407869,0.078503,0.0118593,3.77628,0.0173089
78.808526077,1.09163,0.0188318,1.50655,0.092605,0.17679,1.66987,0.252989,0.0522999,0.218911,0.0129223,3.81591,1.53668e-05
78.854965986,0.817674,0.0176503,1.56585,0.00132751,0.564188,1.58447,0.0599549,0.381914,0.222069,0.758653,2.73126,0.0266081
78.901405896,0.799917,0.170013,1.08816,0.128996,0.545413,1.70782,0.0595387,0.774994,0.257134,1.40083,1.92904,0.135188
78.947845805,0.70931,0.21508,1.03481,0.265587,0.405869,1.75775,0.0435381,1.30538,0.227778,1.39624,1.16497,0.170172
78.994285714,0.121797,0.0686389,1.32747,0.397024,0.380812,0.873979,0,3.11003,0.00606737,1.08793,0.786797,0.584396
79.040725624,0.115942,0.0321135,1.45239,0.43687,0.298302,0.511268,0,3.63386,0.0170288,0.583741,0.924333,0.635425
79.087165533,0.115375,0.18148,1.44235,0.104342,0.260921,0.352412,0,3.77687,0.0411531,1.12711,0.605647,0.828375
79.133605442,0.166405,0.0876917,1.60739,0.046419,0.397757,0.41681,0,3.3762,0.0546012,1.27512,0.0230425,1.09838
79.180045351,0.0135494,0.0702438,1.61265,0.0483632,0.409493,0.435349,0,3.26144,0.329011,1.25549,0.10792,1.20121
79.226485261,0.0218803,0.398107,1.33618,0.151926,0.389966,0.423901,0,3.24632,0.49845,0.92085,0.160459,1.08804
79.272925170,0.0305454,0.531773,1.40222,0.107803,0.558702,0.375837,0,3.34985,0.599797,0.209143,0.412733,1.05399
79.319365079,0.0080407,0.453569,1.88122,0.203675,0.638869,0.271275,0.00601174,3.51168,0.506693,0,0.611382,1.0546
79.365804989,0.0306706,0.386497,1.93989,0.0376277,0.621291,0.0944364,0.00290773,3.67217,0.240639,0,1.56674,0.813358
79.412244898,0.0926094,0.450305,1.44685,0.636275,0.025161,0.0342997,0.0161733,4.00865,0.0347627,0,1.57372,0.609838
79.458684807,0.0448121,0.497325,1.48639,0.319525,0.0962371,0.00823762,0.0490127,3.91238,0.18059,0.00251097,1.77173,0.903445
79.505124717,0.105864,0.150697,1.91138,0.00333662,0.0346727,0.0149789,0.123029,3.50443,0.13876,0.0043603,1.87405,1.10536
79.551564626,0.76887,0.03429,2.16625,0.00567895,0.156601,0.0398533,0.156259,3.1375,0.23256,0.116657,1.96838,0.885413
79.598004535,1.19951,0.00315491,2.21048,0,0.190333,0.0142673,0.18565,3.29436,0.100348,0.256635,1.97054,0.394314
79.644444444,1.14367,0.0111271,2.00401,0,0.118915,0.113395,0.0943359,3.72069,0.0953187,0.202823,2.14355,0.011941
79.690884354,0.735923,0.0110718,1.5253,0.0697371,0.0459782,0.128283,0.144083,3.95808,0.0534938,0.153396,2.14857,0.625332
79.737324263,0.0917451,0.0989738,1.73419,0.261418,0.336521,0.363172,0.0351104,3.53931,0.074336,0.126877,1.89699,0.671471
79.783764172,0.0311697,0.0854358,2.03363,0.28082,0.207001,0.813728,0.0304193,2.58834,0.051783,0.228389,2.18603,0.313937
79.830204082,0,0.00517703,1.94275,0.241897,0.0770066,0.971621,0.0235659,2.42518,0.137595,0.175495,2.6973,0.172293
79.876643991,0,0,1.94359,0.0406121,0.027637,1.02137,0.0301737,2.35987,0.248821,0,3.21304,0.0688694
79.923083900,0,0,1.81871,0,0.00920198,1.03837,0.0397817,2.25064,0.255767,0,3.60362,0.000374726
79.969523810,0,0,1.34894,0.00031138,0.0508304,0.86222,0.0467695,2.20646,0.182042,0.000341843,4.06205,0
80.015963719,0,0,1.145,0.0211424,0.075237,0.720433,0.040574,1.83456,0.178282,0,4.05899,0
80.062403628,0,0,1.52922,0.0494694,0.183401,0.920578,0.0385183,1.44389,0.134933,0,3.49824,0
80.108843537,0,0,1.68116,0.00725914,0.159607,1.09525,0.0365456,1.52102,0.11324,0,3.54584,0.000179023
80.155283447,0.0120569,0,1.67143,0.00711684,0.172611,1.12058,0.0285769,1.72338,0.107076,0.0542386,3.50615,0.000296798
80.201723356,0.0128778,0,1.68187,0.0056919,0.168484,1.27166,0.02393,1.96216,0.106098,0.543189,2.99021,0.000283268
80.248163265,0.0457501,0,1.58076,0.0845414,0.165462,1.41013,0.0355012,2.10746,0.108352,0.987907,2.06906,0.000101177
80.294603175,0.159208,0,1.58907,0.178544,0.153485,1.09566,0.0582669,2.00671,0.0812671,1.09359,1.68632,0.000163875
80.341043084,0.156644,0,1.88089,0.145654,0.133954,1.04926,0.151375,1.64436,0.136352,1.21769,1.54119,0.000271535
80.387482993,0.078084,0,1.7635,0.0438334,0.0780246,1.31434,0.457005,1.50629,0.0809047,1.06535,2.0148,0.000213854
80.433922902,0.0474016,0.0306467,0.969139,0.0583177,0.484138,1.34337,0.231151,1.00128,0.0868557,0.991886,2.33488,7.06918e-05
80.480362812,0.0390484,0.282592,0.423554,0.0566052,1.23706,0.961535,0.0487162,0.826167,0.0781245,1.30389,2.20079,0
80.526802721,0,0.594998,0.112798,0.159706,1.35943,0.565766,0.0556516,0.657886,0.0786064,1.86094,1.81408,9.08642e-05
80.573242630,0,0.849177,0.423785,0.00533886,1.86309,0.635658,0.0471354,0.789389,0.167733,2.27649,1.13765,0.000409025
80.619682540,0,1.2744,0.761854,0.215984,2.08576,0.686858,0.131386,0.847638,0.358483,1.55701,0.8832,0.113976
80.666122449,0.0921323,1.18434,0.923098,0.420495,1.06587,1.55952,0.0688719,0.828722,0.46847,1.27249,0.863539,0.217727
80.712562358,0.333747,0.909848,0.950319,0.389389,0.692464,1.87067,0.374473,0.967873,0.421873,0.863734,1.11928,0.493028
80.759002268,0.284776,0.998193,1.06206,0.368982,0.671288,2.02812,0.111522,0.774962,0.146902,0.467661,1.66828,0.554648
80.805442177,0.177368,0.309551,1.32941,0.301045,0.119864,1.89661,0.0914631,0.189158,0.141918,0.587064,2.25485,0.493414
80.851882086,0.154973,0.242739,1.04122,0.393946,0,1.44418,0.0958485,0.0775339,0.112527,0.527514,2.84264,0.477786
80.898321995,0.215569,0.470285,0.340451,0.0815188,0.136363,1.26998,0.159718,0.28656,0.0728912,0.396067,2.77843,0.539571
80.944761905,0.203643,0.394125,0.180196,0.0579404,0.184093,1.06425,0.332388,0.804018,0.323181,0.556503,2.63156,0.342867
80.991201814,1.08414,0.258846,0.173083,0.0907055,0.145706,0.877577,0.498847,1.64612,0.240831,0.668509,2.25655,0.148512
81.037641723,2.59731,0.190933,0.105424,0.0522284,0.199593,0.559168,0.328206,1.82132,0.0665087,0.521672,1.83785,0.286885
81.084081633,3.28278,0,0.0906717,0.0329657,0.493827,0.157939,0.297598,1.49403,0.130844,0.290583,1.07206,0.0848562
81.130521542,3.62735,0.0139856,0.348405,0.0066647,1.09258,0.00148853,0.615067,1.36721,0.146091,1.09857,0.0344901,0.000242802
81.176961451,3.38717,0.0410782,0.837915,0,0.906978,0.00709443,0.924693,1.177,0.142114,1.26076,0.0275293,7.40292e-05
81.223401361,1.82896,0.0157365,1.17488,0,0.545653,1.01932,0.662643,0.993117,0.115534,1.25724,1.2073,0
81.269841270,0.0519571,0.0150234,1.49171,0,0.112176,1.20335,0.274989,0.55236,0.101241,1.39484,2.60498,0
81.316281179,0,0.168078,1.25036,0.0350601,0.00223755,1.03558,0.0693771,0.311518,0.108006,1.50884,3.10688,0
81.362721088,0,0.217178,1.73145,0.068693,0.0192983,0.954001,0.0274977,0.325848,0.120006,1.23812,3.22102,0
81.409160998,0,0.26605,1.87928,0.116174,0.0254675,0.673603,0.0156443,0.760955,0.103434,1.20776,3.14266,0
81.455600907,0.245053,0.119767,1.8026,0.373685,0.274385,0.720168,0.110483,1.12988,0.0936618,0.847175,2.75574,0
81.502040816,0.415848,0.166265,1.53378,0.402644,0.774898,0.784608,0.435804,0.85071,0.390173,0.419823,1.8345,0
81.548480726,0.498332,0.159581,1.51342,0.304408,0.792472,1.07128,0.450823,1.19651,0.3526,1.10651,1.06258,0
81.594920635,0.505077,0.338349,1.48559,0.223911,0.61401,1.21724,0.322273,1.00305,0.181405,2.16062,0.331606,2.62522e-05
81.641360544,0.391991,0.737169,1.64057,0.194481,0.551331,1.48549,0.0111501,0.802661,0,2.50508,0.311112,0.0601266
81.687800454,0.20124,0.8671,1.77858,0.256206,0.412142,1.94804,0.0543124,0.559095,0.0241514,2.97492,0.186408,0.146763
81.734240363,0.252172,0.731172,1.35835,0.341642,0.0792387,2.66273,0.252575,0.0195921,0.0245052,3.19921,0.212376,0.0825787
81.780680272,0.307859,0.134591,0.864668,0.0127939,0.110897,2.57856,0.256668,0.157543,0.0140943,2.62925,1.14382,0.139473
81.827120181,0.219962,0.0825358,1.3517,0.0119325,0.703462,1.95072,0.43351,0.342005,0.119792,2.26685,1.9035,0.129078
81.873560091,0.0660322,0.369597,1.63023,0.0125502,1.01031,1.59606,0.0108333,0.486102,0.157097,2.2078,1.96529,0.000417577
81.920000000,0.173993,0.719093,1.37814,0.0146712,1.07785,1.01308,0.00641752,1.66302,0.0596199,2.36389,1.13227,0.0756277
81.966439909,0.151271,0.887966,1.18023,0.0173612,1.2494,0.743342,0.0343991,2.13714,0.0241502,2.17098,0.502923,0
82.012879819,0.0952486,0.885556,1.41342,0.0180594,0.862665,1.21576,0.0444496,2.42072,0.0287913,1.57396,0.00188148,0
82.059319728,0,1.14253,1.45778,0.0169371,0.295331,1.94708,0.0449761,2.38876,0.0843321,0.233541,0.00670887,0.180159
82.105759637,0,1.12164,1.31552,0.039493,1.3474,1.48091,0.0283529,2.32102,0.0650717,0.263715,0.0668192,0.1646
82.152199546,0,0.990635,1.12276,0.0341936,1.74446,1.36977,0.0227594,1.94807,0.286776,1.11303,0.136644,0.132952
82.198639456,8.06165e-05,0.774014,1.13261,0.0075743,1.66762,1.34595,0.0370261,1.24212,0.74371,1.93615,0.14414,0.14986
82.245079365,0,0.675171,1.09212,0,1.50452,1.35278,0.0102144,1.49236,0.414781,2.53728,0.149926,0.132499
82.291519274,9.4421e-05,0.645689,1.3013,0.00809407,1.38413,1.2303,0.0277767,2.89964,0,1.86676,0.126105,0.110872
82.337959184,0.000371973,0.133849,2.16143,0.0146428,0.704768,1.37728,0.0174178,3.71344,0,0.534717,0.000135458,0.728627
82.384399093,0.000452549,0.175701,2.36531,0.00303411,0.0314004,1.47013,0.0139752,3.89622,0.0104915,0.138264,0.00239528,0.931564
82.430839002,0.000442562,0.103648,2.59223,0.0161693,0.0261166,1.45114,0.053907,3.75641,0.0143266,0.167417,0,0.763979
82.477278912,0.000458742,0.0562248,2.66675,0.0084675,0.0709137,1.26229,0.0886841,3.6682,0.011844,0.187217,0,0.488833
82.523718821,0.00575282,0.0518742,2.7592,0.0258258,0.218639,0.82945,0.0720347,3.68177,0.0057981,0.130164,0.00709068,0.418791
82.570158730,0.0262813,0.111492,3.05533,0.0456286,0.204596,0.405186,0.0725898,3.47915,0.00211199,0.0845591,0.0529727,0.596348
82.616598639,0,0.152249,2.93274,0.0656946,0.136025,0.966334,0.133619,3.03918,0,0.743673,0,0.260979
82.663038549,0,0.493491,2.52189,0.112399,0.528565,1.05493,0.192418,2.01385,0,1.17918,0.00485434,0.000143226
82.709478458,0,0.739921,2.0253,0.149978,0.544018,1.05949,0.278952,1.42207,0.00533341,2.04173,0.000303625,0
82.755918367,0,0.849562,1.66102,0.293131,0.419364,1.16892,0.521739,0.769066,0.013573,2.96706,0,0
82.802358277,0.109236,1.01847,1.83802,0.424229,0.378743,0.906699,0.247546,1.08688,0.0170256,3.23791,0,0.0155748
82.848798186,0.100493,0.725537,1.94254,0.338849,0.21634,0.34814,0.0872784,2.34755,0.202521,2.73103,0.129444,0.129771
82.895238095,0.0028433,0.154946,2.31079,0.251846,0.0266276,0.00546508,0.0906739,3.50776,0.393035,2.27293,0,0
82.941678005,0,0.0130359,2.65128,0.172131,0.199926,0.403508,0.148331,3.55631,0.0955504,0.612797,0.242535,0.113863
82.988117914,0,0.15785,2.59015,0.548573,0.531493,0.61715,0.121246,2.76845,0.167287,0.995178,0.534198,0
83.034557823,0,0.945026,1.73367,0.597912,1.2385,0.805701,0.0728505,1.46121,0.298351,1.54916,0.635718,0
83.080997732,0.038574,1.29259,1.32329,0.510655,1.50342,0.798138,0.0493422,0.897523,0.301812,2.20622,0.499717,0.01879
83.127437642,0.144071,0.722742,1.81743,0.474664,0.908963,0.529324,0.0629674,2.01263,0.407648,2.19745,0.0342652,0.205992
83.173877551,0.174859,0.262305,1.84323,0.167573,0.170894,0.33462,0.0585513,3.17411,0.597677,1.60455,0,0.581548
83.220317460,0.209415,0.0644686,1.09228,0.0537557,0,0.620056,0.0474647,3.46797,0.420295,0.543924,0.258002,1.01169
83.266757370,0.00346593,0.0509732,0.573489,0.194419,0.42906,0.981033,0.0681282,2.87281,0.0471443,0.498572,1.16233,0.883407
83.313197279,0.0794148,0.0399094,0.317498,0.234971,0.917951,1.07078,0.0575312,2.30228,0.0655501,0.44133,1.58135,0.875892
83.359637188,0.118731,0.384479,0.052804,0.214545,1.7057,1.34519,0.103728,1.19901,0.174988,0.770475,2.42906,0.308216
83.406077098,0.237211,0.683261,0.597155,0.156928,1.32952,1.03584,0.0924175,0.454834,0,0.845732,3.06529,0.474389
83.452517007,0.255478,0.517327,1.56979,0.0160691,0.920003,0.777873,0.0770806,0.0627483,0.140198,0.474075,3.38275,0.441061
83.498956916,0.145296,0.363461,1.55808,0.0134503,0.598297,1.28664,0.38716,0.0243232,0.375938,0.93711,3.07186,0.249483
83.545396825,0,0.495957,1.11485,0.105622,0.141711,1.77472,0.0227708,0.383656,0.359129,1.04126,2.53009,0.26179
83.591836735,0,0.520371,1.28901,0.383392,0.219099,2.11607,0.0122459,1.20439,0.407643,1.26844,1.47346,0.229503
83.638276644,0,0.363941,1.4865,0.350871,0.178138,1.58189,0,2.56377,0.213371,1.12003,0.592251,0.421112
83.684716553,0.0638295,0.248576,1.70823,0.298171,0.187458,1.27685,0,3.13529,0.0135313,0.871935,0.00315339,0.857655
83.731156463,0.264562,0.18351,1.74677,0.302542,0.112825,1.19967,0.0484701,3.77181,0.0203641,0.165733,0.00520657,0.812684
83.777596372,0.336288,0.151001,1.43094,0.292328,0,0.441115,0.0523844,4.07983,0.00513274,0.288066,0.00536655,0.931893
83.824036281,0.249346,0.112654,1.37052,0.0193396,0,0.0932696,0.0416653,4.18655,0.000537882,0.226753,0.0278164,0.869186
83.870476190,0.0615172,0.170332,1.3278,0.0200946,0,0.104175,0.0188389,4.32212,0.000219588,0.289945,0.209409,0.858714
83.916916100,0.00974894,0.19211,1.24101,0.0196422,0.00599445,0.0768572,0,4.33038,0.0320517,0.314158,0.348477,0.905196
83.963356009,0,0.125563,1.12894,0.0342589,0.0162671,0.0880716,0,4.32776,0.0327531,0.441014,0.314957,0.973501
84.009795918,0.00452519,0.35908,1.12599,0.201706,0.021401,0.0847171,0.00698153,4.33475,0.00564497,0.231625,0.341892,0.956224
84.056235828,0.00446527,0.788728,1.18196,0.0231386,0.0247059,0.0445133,0.0275939,4.26471,0.395675,0,0.153578,0.905298
84.102675737,0.000397806,0.858539,1.16811,0.00854948,0.128111,0.101275,0,3.98504,0.613198,0.00108908,0.0951473,0.816258
84.149115646,0.000676262,0.760457,1.0089,0,0.159153,0.0918894,0.0205549,3.37323,1.18798,0.0653245,0.204469,1.00262
84.195555556,0.0463792,0.885208,0.867141,0.0424689,0.316344,0.843235,0.230984,2.32138,1.54385,0.190261,0.217082,1.34276
84.241995465,0.0206208,0.25141,0.568216,0.0593083,0.205826,1.3653,0.573605,1.7087,0.683687,0.0802494,1.64639,1.34433
84.288435374,0.000567989,0.117386,0.418744,0.0891496,0.0414817,1.54739,0.391106,1.66327,0.0486659,0,3.21117,0.480498
84.334875283,0.0133503,0.000209918,0.96158,0.0195418,0.0570589,1.69087,0.186809,2.04104,0.0669848,0.000378751,3.48871,0.15901
84.381315193,0,8.99096e-05,1.49454,0.0601123,0.0601226,1.54888,0,2.1823,0.167809,0,3.49642,0.108942
84.427755102,0.129666,0.0312568,1.64684,0.0327931,0.568029,1.08401,0.125211,2.20079,0.450354,0.133291,2.90871,0.0797552
84.474195011,0.396681,0.268175,1.46659,0.0514363,1.47526,0.436075,0.35008,2.03414,0.468471,0.960328,1.45397,0.0405299
84.520634921,0.244862,0.278359,1.2276,0.170468,1.77674,0.198275,0.471734,2.20606,0.350711,1.24638,1.20602,0.000153367
84.567074830,0.000129923,0.157871,0.884118,0.077865,1.34767,0.582409,0.475785,2.35507,0.533022,1.34869,1.60226,3.91352e-05
84.613514739,0.000116884,0.00198242,1.09121,0,0.606015,0.87227,0.401356,2.38344,0.56573,1.12761,2.45005,0.0494825
84.659954649,0.183458,0.00287587,1.17539,0.00330585,0.0469733,1.40287,0.243338,2.23299,0.358279,0.694583,2.89407,0.135174
84.706394558,0.241873,0.0421455,1.2579,0.0176923,0.000215978,1.69068,0.150723,1.8972,0.113485,0.144938,3.20236,0.131024
84.752834467,0.203986,0.109695,1.23684,0.0151765,0.0763448,1.60471,0.0651487,1.78061,0.0610493,0.23077,3.45768,0.082347
84.799274376,0.252689,0.0156856,1.13265,0.0108802,0.259329,1.44676,0.0269376,1.73396,0.0876059,0.260343,3.58087,0.00765209
84.845714286,0.226935,0.00221053,1.08669,0.313758,0.330904,1.32453,0.0102209,1.77177,0.0690171,0.526286,3.31384,0.00369541
84.892154195,0.273204,0.00290697,0.972033,0.330452,0.456231,1.11264,0.00923191,1.91891,0.05738,0.194737,3.31367,0.0092981
84.938594104,0.342771,0.0541504,0.855865,0.227931,0.438785,1.15201,0,1.80931,0.0299676,0.193614,3.26084,0.0134094
84.985034014,0.154366,0.145499,0.794889,0.0849617,0.282677,1.19039,0,1.99088,0.0230349,0.208539,3.41193,0.000270576
85.031473923,0.0574208,0.167742,0.617753,0.0345172,0.0591948,1.32259,0.0728141,2.03444,0.0368862,0.168871,3.59211,0.000427066
85.077913832,0.000483624,0.180131,0.588208,0.0148326,0.0450821,1.32606,0.0713719,2.04524,0.104681,0.00998774,4.11001,0.100405
85.124353741,0.003982,0.10993,0.7125,0.00955707,0.0339361,1.34478,0.0761895,1.83227,0.0956043,0,4.39323,0.149061
85.170793651,0.0170116,0.00399949,0.95906,0.00685741,0.00630533,1.22761,0.0847496,1.21716,0.105298,0,4.35807,0.128822
85.217233560,0.0535306,0.00304981,1.05322,0.000477606,0.204496,1.35871,0.416972,0.486171,0.0762897,0.0247251,4.11948,0.108891
85.263673469,0.0519727,0.0109068,1.15539,0.0139349,0.358697,1.22477,0.507331,0.296747,0.111975,0.108809,3.4155,0.483037
85.310113379,0.000467174,0.0210029,0.629783,0.012748,0.189586,0.861875,0.101862,0.099071,0.648736,1.19138,2.70006,0.643919
85.356553288,0.000408325,0.0872012,0.467443,0.000285467,0.0232697,1.25854,0.055599,0.0720932,0.734063,1.3545,2.79168,0.523847
85.402993197,0.000436021,0.0438502,0.433622,0,0.0347441,1.3401,0.0347139,0.0588437,0.816539,1.35979,2.98721,0.432589
85.449433107,1.13277,0.0622231,0.35108,0,0.026403,1.10521,0.0401597,0.138263,0.806845,1.3956,2.6016,0.195478
85.495873016,3.60146,0.14424,0.101235,0.0771489,0.354206,0.380211,0.0354499,0.68242,0.725244,0.155712,0.984044,0.000152941
85.542312925,3.81337,0.0500077,0.173815,0.0843556,0.5552,0.51835,0.0356293,1.38413,0.203008,0.0724531,0.361556,8.68642e-05
85.588752834,3.58952,0.0430457,0.247674,0.125713,0.559279,0.775854,0.0284757,1.40516,0.1061,0.114505,0.304573,0.062584
85.635192744,3.12456,0.00261497,0.26606,0.114547,0.580381,1.39696,0.02821,1.08945,0.163732,0.500282,0.332949,0.229862
85.681632653,2.27465,0.00161812,0.274449,0.0631664,0.641543,1.51641,0.026525,0.493088,0.190902,1.60575,0.68282,0.588904
85.728072562,0.729115,0.396833,0.224707,0.012524,0.786929,1.02173,0.0218686,0.184513,0.124452,2.91319,0.657793,0.560821
85.774512472,0.0914347,0.598376,0.148395,0.0063171,1.23362,0.309102,0,0.22266,0.0550593,3.31669,0.18604,0.0634208
85.820952381,0.257795,0.478786,0.103908,0.050932,1.35033,0.140264,0.00718225,0.185271,0.0949662,3.34014,0.0910356,0.00206195
85.867392290,0.4245,0.55426,0,0.164513,1.20331,0.128677,0.0633898,0.0252245,0.0188851,3.02857,0.950135,0.000178696
85.913832200,0.38133,0.642174,0.00944702,0.0759877,1.44339,0.126746,0.0116051,0,0.0225611,2.33676,2.00059,0.000250552
85.960272109,0.237582,0.533566,0.364966,0.00530702,0.595982,0.933569,0.0154352,0.0121433,0.113737,2.14169,2.17836,0.175117
86.006712018,0.185506,0.566771,0.305916,0.00990526,0.250461,1.08606,0.00463391,0.0692366,0.0990651,2.70045,1.54057,0.319215
86.053151927,0.110634,0.362921,0.112745,0,1.37933,0.208741,0.0258748,0.119127,0.177459,3.43916,0.596208,0.502565
86.099591837,8.68504e-05,0.481349,0.00648304,0.175279,2.01488,0.332778,0.0191364,0.462363,0.248487,3.60372,0.134102,0.187273
86.146031746,0.0900412,0.596233,0.316499,0.196566,2.20398,0.702502,0.214715,0.505665,0.136191,3.09333,0.0608066,0.197484
86.192471655,0.437197,0.665635,0.358586,0.383943,2.17889,0.55455,0.053331,0.661164,0.11164,2.86704,0.283571,0.207399
86.238911565,0.622882,0.863406,0.36857,0.450659,2.0957,0.562338,0.112505,0.921643,0.0643542,2.57944,0.236851,0.31396
86.285351474,0.758197,1.07437,0.586111,0.429248,1.86938,0.523072,0.0955183,0.491913,0.0594289,2.4804,0.0563621,0.41692
86.331791383,0.755403,1.26682,0.69822,0.337362,1.84999,0.264266,0.0291564,0.055887,0.0457348,2.26683,0,0.483851
86.378231293,0.445054,1.04316,0.343453,0.482101,1.32452,0.0283167,0.0314645,0.0604877,0.128229,2.77744,0.0327606,0.625051
86.424671202,0.194814,0.859098,0.0715789,0,1.2237,0.467097,0.0456249,0.0627501,0.197771,3.02527,0.259659,0.56378
86.471111111,0.170527,0.878402,0.0473023,0,0.697363,0.896456,0.141694,0.0944779,0.381131,3.26636,0.850871,0.232637
86.517551020,0.167038,0.857783,0,4.00201e-05,0.933093,0.799715,0.131791,0.151773,0.290778,3.46071,0.491755,0.136001
86.563990930,0.103527,0.882427,0.060075,0.0191022,1.22348,0.459611,0.0650374,0.131851,0.0446022,3.68294,0.254306,0.150264
86.610430839,0.0329368,0.88482,0.554691,0.163246,1.2731,0.794517,0.0794,0.086754,0.073528,3.97158,0.00252702,0.198077
86.656870748,0.000413131,0.858321,0.573578,0.201508,1.27583,1.13251,0.136723,0.119535,0.135432,3.64063,0.000432279,0.146527
86.703310658,0,0.744202,1.19898,0.0812031,1.10429,1.10446,0.173801,0.176299,0.310576,3.10302,0.0539908,0.185658
86.749750567,0,0.548774,1.76191,0.0422192,0.863002,1.1238,0.214818,0.18921,0.434885,2.33543,0.243658,0.236401
86.796190476,7.2648e-06,0.59108,2.03544,0,0.871675,1.22448,0.298489,0.155095,0.439372,2.14136,0.290464,0.276095
86.842630385,6.92525e-05,0.469803,2.08185,0.0228672,1.10506,1.27781,0.417926,0.120697,0.147059,2.80856,0.150594,0.270227
86.889070295,0.000188742,0.484933,2.00907,0.0144986,1.21208,1.31192,0.454936,0.0985409,0.0559617,3.21776,0.0147983,0.267167
86.935510204,0.000379816,0.605318,1.85335,0,1.30981,1.32748,0.445691,0.0986169,0.0287633,3.19879,0.0105657,0.256879
86.981950113,0.000469272,0.910481,1.59262,0,1.17181,1.18178,0.370308,0.0498605,0,2.95466,0.114685,0.168608
87.028390023,0.0258261,0.857859,1.65391,0.0150398,1.16232,1.25825,0.37294,0.0941748,0,2.93279,0.0020575,0.109769
87.074829932,0.126242,0.816533,1.63413,0.0161791,1.03714,1.30417,0.307572,0.287228,0.216017,3.19154,0.00274404,0.000491664
87.121269841,0.127929,0.949605,1.58214,0.0175094,1.08498,1.32989,0.247591,0.275035,0.214228,3.10349,0.0023615,0.000426982
87.167709751,0.0565961,0.956181,1.74581,0.0992767,1.26232,1.26475,0.291603,0.124577,0.0210138,2.81719,0.0982936,0.000208144
87.214149660,0.0877115,0.789547,1.85846,0.0311791,1.23806,1.28168,0.271353,0.109279,0.0846713,2.58121,0.218591,0
87.260589569,0.0908565,0.804927,2.07635,0.0118427,0.701794,1.20094,0.271318,0.110899,0.134116,2.36502,0.295662,0.0131119
87.307029478,0.0830158,0.766071,2.49356,0.0339968,0.558287,1.29715,0.355877,0.101696,0.304155,1.80862,0.175774,0.141606
87.353469388,0.0664112,0.48542,2.8898,0.019827,0.530724,1.35723,0.345761,0.571952,0.378878,1.13613,0.561049,0.200523
87.399909297,0.139843,0.179659,3.13675,0.0176345,0.557015,1.48713,0.371729,0.695723,0.356765,0.964464,1.3679,0.034095
87.446349206,0.234125,0.137252,2.93332,0.0116382,0.462653,1.46852,0.3707,0.421539,0.317075,1.08032,1.9822,0.000244555
87.492789116,0.263218,0.16784,2.56189,0.025232,0.408866,1.29989,0.179666,0.186626,0.366765,1.34753,2.16822,0.000275026
87.539229025,0.171848,0.60253,2.18627,0.0124485,0.330653,0.546588,0.0276518,0.243603,0.401784,1.64125,1.8353,0.0716455
87.585668934,0.623673,0.979314,0.904315,0.150856,0.407719,1.22754,0.913709,0.302995,0.446501,2.0253,0.0394934,0.000157787
87.632108844,0.610629,1.01288,0.70598,0.357485,0.539138,1.44804,1.12939,0.492949,0.663683,1.63571,0.114794,3.54611e-05
87.678548753,0.760543,1.22439,0.864856,0.389471,0.461554,1.43194,0.975466,0.617474,0.849579,0.603397,0.264557,0.123267
87.724988662,0.987581,1.41976,0.844582,0.396613,0.335112,1.30964,0.858912,0.707561,0.73002,0.439476,0.374897,0.34711
87.771428571,2.03198,1.2164,0.690272,0.388853,0.102394,1.08497,0.493185,1.08499,0.415725,0.259339,0.267194,0.457424
87.817868481,3.38759,0.231103,0.196395,0.397191,0.20032,0.0799255,0.00267528,1.56706,0.0379005,0.654009,0.0271531,0.521132
87.864308390,3.69322,0.196149,0.0442169,0.173901,0.444616,0.0243493,0.00622806,1.15809,0.0206034,0.601979,0.094171,0.546107
87.910748299,3.5107,0.0868675,0,0.0567568,0.505904,0.0736203,0.0778324,1.2242,0.0558375,0.233938,0.3309,0.395908
87.957188209,2.64476,0.00269939,0.0672207,0.0806623,0.436811,0.88209,0.193711,0.924365,0.150998,0.367053,1.10358,0.150224
88.003628118,1.04938,0,0.294345,0.193246,0.427613,1.14026,0.346473,0.501216,0.0603652,0.199952,2.53397,0.133964
88.050068027,0.000261903,0.18318,0.557474,0.0345031,0.201167,1.23367,0.489318,0.134267,0.108596,0.196862,2.96495,0.240016
88.096507937,0.000686501,0.315928,0.694295,0.0298419,0.17085,1.53861,0.0337829,0.0759168,0.0901905,0.117668,3.06391,0.378471
88.142947846,0.0451529,0.0035775,0.627788,0.123436,0.468983,1.95221,0.0324905,0.0604807,0.367645,0.571191,3.17654,0.000173703
88.189387755,0.0522935,0.415861,1.09116,0.0618316,0.429445,2.21307,0.190974,0.137754,0.181309,0.388705,3.04132,3.28829e-05
88.235827664,0.0284648,0.697298,1.09677,0.317496,0.512548,2.19461,0.172179,0.576752,0.0673375,0.170249,2.56742,0.000176319
88.282267574,0.015159,0.909855,1.01613,0.340227,0.878466,2.11141,0.013899,0.754116,0.158228,0.0497879,2.25922,0.160767
88.328707483,0.0239628,0.731928,1.31716,0.312349,1.21115,1.67926,0.000826367,0.916567,0.21453,0.0794558,1.86536,0.344955
88.375147392,0.248235,0.380736,1.95397,0.29879,0.924286,1.11221,0,1.32183,0.295605,0.757547,0.788117,0.835422
88.421587302,0.140609,0.420678,1.59413,0.291336,0.60092,0.309561,0,2.47161,0.283581,1.13406,0.279446,0.96433
88.468027211,0.263171,0.437859,1.59961,0.00495003,0.487853,0.0058182,0,2.42366,0.115285,1.37956,0.135957,1.19311
88.514467120,0.222271,0.862612,1.51555,0.0223853,0.684564,0,0,1.09385,0.0785546,2.27501,0.390884,0.825576
88.560907029,0.201098,1.14008,1.045,0.0263535,1.11985,0.0240189,0.0411967,0.0826567,0.129853,2.2739,0.393598,0.201283
88.607346939,0.0323467,0.894606,0.609499,0.206301,0.871077,0.0932572,0.0349074,0.039247,0.301375,1.55172,0.706193,0.0633845
88.653786848,0.0281896,0.297251,1.08575,0,0.187344,1.46206,0.0283832,0.0577523,0.166386,0.551065,1.80646,0.0636866
88.700226757,0.000482403,0.00700217,1.26655,0,0.0154363,1.78283,0.0495249,0.161905,0.434695,0.0960167,2.84054,0.0670157
88.746666667,0.000152033,0.00451801,1.27257,0,0,1.50017,0.0441386,0.868875,0.379945,0.0890124,3.27877,0.272273
88.793106576,0.000187837,0.0332904,1.1238,0,0.00226665,1.1055,0.0584843,1.95023,0.134154,0.156049,2.77717,0.595761
88.839546485,0.0303441,0.0842909,0.998167,0,0.0289047,0.892131,0.0836863,2.7687,0.00674215,0.239613,1.82832,0.956205
88.885986395,0.182578,0.120148,1.06662,0,0.0349427,0.367973,0.17331,3.2951,0.00200224,0.143377,0.699108,1.09496
88.932426304,0.200691,0.10507,1.30706,0,0.0273245,0.241323,0.391183,3.28501,0.0273163,0.100581,1.0909,0.698131
88.978866213,0.199418,0.103731,1.17601,0.0681412,0.0182366,0.986507,0.492385,1.71819,0,0.159786,3.41204,0.0885727
89.025306122,0.0821838,0.144698,1.02572,0.428977,0.118623,0.642833,0.421761,1.67516,0.0316222,0.0658888,3.10955,0.190926
89.071746032,0.0312518,0.0014655,1.32435,0.451784,0.371603,0.399935,0.321932,1.87812,0.103452,0.110996,2.95608,0.217912
89.118185941,2.43623e-05,0.0024716,1.57578,0.389228,0.522807,0.520604,0.155962,1.94517,0.33894,0.149829,2.65833,0.219278
89.164625850,8.66649e-05,0.000492425,1.55271,0.158707,0.567124,0.707024,0.145794,1.9784,0.620495,0.111024,2.12652,0.201588
89.211065760,0.289152,0.00121726,1.08146,0.0636365,0.580693,0.932451,0.0467731,2.04913,0.650959,0.143261,2.09893,0.140865
89.257505669,0.739665,0.00272919,0.88775,0,0.298742,1.10193,0.060125,1.89832,0.457882,0.0713871,2.45884,0.0349757
89.303945578,0.544686,0.00229267,0.863869,0,0.318371,1.22499,0.073651,1.60779,0.468113,0.0436928,3.12436,0.0351942
89.350385488,0.401122,0.00089849,0.960764,0.0220975,0.130762,1.36392,0.0860129,1.71074,0.211606,0,3.22824,0.000234178
89.396825397,0.214058,0.0102347,0.923885,0.0202941,0.00490417,1.48075,0.0598332,1.98223,0.289831,0,2.77283,0.206465
89.443265306,0.0794062,0.100203,0.856729,0.0150427,0.0111087,1.31684,0.0508902,2.08816,0.370683,0.0597651,2.92798,0.398641
89.489705215,0.124166,0.0581124,0.851407,0.0153652,0.00965476,1.2639,0.0562554,2.0739,0.424001,0.119765,2.92654,0.392511
89.536145125,0.0343565,0.15298,1.06668,0.0167226,0,1.43581,0.0146146,1.97064,0.498401,0.860856,2.30395,0.0256362
89.582585034,0.0267438,0.307257,1.37253,0.0216405,0,1.42289,0,1.72471,0.339011,1.20058,1.93834,0
89.629024943,0,0.473927,1.43665,0.0246882,0.00645582,0.863862,0,1.59394,0.0699089,1.35233,2.11041,0
89.675464853,0,0.480596,1.54053,0.0257688,0.17624,0.295821,0.0284339,1.56934,0.119086,1.25318,2.3333,0.0109026
89.721904762,9.59111e-05,0.27757,1.63459,0.0627414,0.143131,0.162533,0.0543138,1.39576,0.222848,0.0929357,3.88595,0.000372474
89.768344671,0.000575008,0.200021,1.41192,0.0714171,0.255755,0.772974,0.0397278,0.389287,0.17153,0.0137705,3.95577,0.022359
89.814784580,0.0165326,0.0277353,0.750682,0.0686451,0.218028,1.08862,0.234841,0.220526,0.264865,0.00140859,3.79855,0.0207205
89.861224490,0.0405814,0.0532221,0.497442,0.0675275,0.393581,1.16612,0.71926,0.464024,0.523305,0.112277,3.51385,0.000435885
89.907664399,4.92083e-05,0.123796,0.372404,0.047778,0.528331,2.26123,0.794566,0.482554,0.466639,0.553078,2.24172,0.000867795
89.954104308,0,0.81362,0.376824,0.203633,0.567059,2.29399,0.45124,0.44579,0.143412,0.524285,2.44803,0.000573377
90.000544218,0.000157688,1.34575,0.487264,0.363563,0.570562,2.30617,0.00811735,0.677856,0.0540539,0.0717843,2.2678,0.076505
90.046984127,0.0213939,1.41205,0.602551,0.348847,0.442357,2.11923,0.00366527,0.717205,0.0358272,0.203499,2.28679,0.264285
90.093424036,0.0938523,1.37244,0.750533,0.34151,0.266831,1.8792,0.0120215,0.558848,0.0308187,0.300182,2.61069,0.425182
90.139863946,1.31019,0.383078,0.617783,0.397406,0.0692273,1.64262,0.0121868,0.550526,0.0773503,0.100147,2.59805,0.523831
90.186303855,3.16097,0.289961,0.145746,0.0992578,0.0937019,1.35908,0.0157446,0.69925,0.0792658,0.379146,0.978747,0.527712
90.232743764,3.18169,0.141886,0.133864,0,0.0618029,1.38219,0.0551016,0.523561,0.270597,0.580729,0.70114,0.477891
90.279183673,2.89576,0.0251456,0.188711,0.00880719,0.12595,1.33055,0.290081,0.144382,0.284817,0.544331,0.776937,0.260752
90.325623583,2.52093,0.0684123,0.326296,0.027646,0.551704,0.803613,0.417095,0.12145,0.437696,0.530813,0.981944,0.126279
90.372063492,1.43797,0.197813,0.209646,0.0228375,0.860571,0.933356,0.632934,0.594677,0.391487,0.977889,1.21483,0.144688
90.418503401,0.114639,0.483976,0.184063,0.00812468,1.0482,0.346988,0.40158,0.865773,0.0346973,2.73782,0.647637,0.0145563
90.464943311,0.000226378,0.666748,0.0229821,0.00358202,1.22195,0.0365334,0.0247135,0.822585,0.0359347,3.65015,0.230701,0.0791887
90.511383220,0.110831,0.667655,0.0330489,0.0457308,1.30455,0,0.0492081,0.654836,0.0210993,3.86155,0.126114,0.0570583
90.557823129,0.288688,0.572561,0.0439031,0.0522005,1.25832,0,0.0699729,0.538689,0,3.6788,0.0705006,0.0580301
90.604263039,0.413404,0.419517,0.0570162,0.0283821,1.11499,0.0137857,0.108516,0.499893,0,3.54529,0.128116,0.0764561
90.650702948,0.479069,0.363154,0.0602733,0.232286,0.966552,0.0840283,0.104257,0.24635,0,3.51587,0.286976,0.118564
90.697142857,0.356951,0.461143,0.088758,0.354342,0.968516,0.613894,0.223811,0.167012,0,3.34886,0.376491,0.0405809
90.743582766,0.491832,0.297916,0.20331,0.603814,1.36914,0.433679,0.214224,1.03352,1.05947,1.1263,0.495477,0.377982
90.790022676,0.655267,0.573623,0.311359,0.832609,0.386351,0.680632,1.3495,1.31078,0.988797,0.287571,0.265147,0.40237
90.836462585,0.698317,1.0805,0.661715,0.331715,0.518927,1.4144,1.73341,0.814677,0.0410942,0.83888,0.223249,0.021479
90.882902494,0.580594,1.24881,0.802151,0.366023,0.493499,1.47267,1.45963,0.672925,0.0446383,1.82012,0.243003,0.000207929
90.929342404,0.473362,1.523,0.88654,0.302129,0.38458,1.49395,0.900823,0.584614,0.0490032,2.133,0.276648,0.253018
90.975782313,0.155497,1.33516,0.960746,0.41232,0.223951,2.47628,0.00906314,0.352107,0.042738,2.10528,0.536143,0.349053
91.022222222,0.180213,0.65632,0.757681,0.419725,0.00475629,1.88258,0.00703554,0.0757874,0.033415,1.25195,2.37467,0.415007
91.068662132,0.173493,0.472593,0.163962,0.0573046,0,1.43853,0.275952,0.0015775,0.0166335,0.756514,2.94229,0.332612
91.115102041,0.193295,0.303142,0,0.00859272,0.236784,1.18265,0.10952,0.16528,0.0140743,0.702886,2.61587,0.421617
91.161541950,0.147627,0.152486,0,0.0986185,0.708246,1.01694,0.141422,0.449709,0.517954,0.67008,1.82999,0.225036
91.207981859,0.343725,0.0930683,0.158475,0.289171,0.975863,0.670492,0.290201,0.554839,0.891039,0.688125,0.695421,0.000581051
91.254421769,0.17123,0.277311,0.0471855,0.307892,0.749711,0.911576,0.852412,0.394807,0.792578,0.918229,0.216266,0.000180813
91.300861678,0.0399223,0.139351,0.915146,0.176376,0,1.87964,0.517904,0.301336,0.499846,1.80482,1.39427,0
91.347301587,1.61354e-05,0.00102438,1.60661,0.193384,0,1.97578,0.289453,0.650877,0.625612,1.55086,1.32281,0.0596206
91.393741497,0.000194613,0.000488896,2.06179,0.311612,0.05062,1.9943,0.178869,0.693331,0.295825,1.50589,1.27778,0.210432
91.440181406,0.000222246,0.000436702,1.81255,0.346191,0.967661,1.66501,0.0569532,0.574329,0.263167,1.67553,0.704163,0.211973
91.486621315,0.000242174,0.0479159,1.93086,0.089694,1.10929,1.56251,0.033343,0.184879,0.213306,2.54712,0.465964,0.14398
91.533061224,0.000189181,0.275177,1.66861,0.0306721,1.11177,1.51108,0.0034492,0.216594,0.0800323,2.84197,0.378833,0.0919453
91.579501134,0,0.763494,1.44087,0.0269692,1.11255,1.38552,0.0487567,0.220084,0.00272266,3.28628,0.0615132,0.0793234
91.625941043,0,1.16676,1.73302,0.0526087,1.30576,1.28006,0.190559,0.220481,0,3.0933,0.0436746,2.79016e-05
91.672380952,0,1.23571,2.25929,0.000787874,1.21063,1.39123,0.158134,0.298378,0.0589181,2.71429,0.127162,0
91.718820862,0.0462781,0.603291,3.00232,0,0.246709,2.39793,0,0.362031,0.151994,1.67355,1.36237,0.0875437
91.765260771,0.119681,0.0600391,2.82911,0,0.0337506,2.52108,0.192315,0.762105,0.138524,0.580972,2.45009,0.101031
91.811700680,0.234365,0.132701,3.00706,0,0.0382877,2.62023,0.285216,0.221602,0.122983,0.649408,2.21751,0.000297999
91.858140590,0.245881,0.321161,2.97778,0,0.0893809,2.43824,0.148316,0.346022,0.0962981,1.22355,1.84147,0.000381623
91.904580499,0.0535443,0.525059,2.67949,0.00547652,0.151208,1.95874,0.0358167,0.471498,0.101499,1.45992,1.61106,0.287305
91.951020408,0.0342706,0.585402,2.42232,0.00610384,0.138533,1.80529,0.139612,0.527733,0.0238977,2.14394,1.00535,0.315165
91.997460317,0.000627779,0.434739,1.84536,0.149151,0.533538,1.60256,0.267501,0.583129,0,3.38306,0.0398341,0.353609
92.043900227,0.000387523,0.268948,1.67095,0.218235,0.807243,1.63408,0.430338,0.061863,0,3.76919,0.0633667,0.290404
92.090340136,0.0975041,0.50104,1.33272,0,0.863008,1.43831,0.421198,0.0430513,0,4.02204,0.112026,0.244018
92.136780045,0.000269959,0.654436,1.33464,0.00918439,0.9125,1.13415,0.340969,0.0726841,0,4.12831,0.203929,0.188263
92.183219955,0.000274233,0.5671,1.4539,0.00951813,0.972619,1.13013,0.156803,0.146166,0.391076,4.02398,0.000420038,0.108005
92.229659864,0.000403855,0.63933,1.52885,0.0173913,1.10882,0.904418,0.140466,0.49114,0.574196,3.4156,0.000379522,0.0354495
92.276099773,0.210342,1.16794,0.77051,0.116978,0.437047,1.33789,1.44483,0.820279,0.689487,1.67456,0.0569146,0.119434
92.322539683,0.239707,1.2707,0.732683,0.38967,0.524082,1.25579,1.33327,1.05728,0.638738,0.348256,0.117624,0.155388
92.368979592,0.235988,1.33699,0.693717,0.353276,0.524464,1.15999,1.25328,1.14589,0.466238,0.503597,0.117498,0.347266
92.415419501,0.341284,1.39408,0.767925,0.389789,0.399313,1.00724,1.12181,1.18461,0.161776,0.934033,0.134335,0.519482
92.461859410,2.42648,0.36645,0.768601,0.435633,0.0125718,0.772391,0.236487,1.40929,0.347425,0.856259,0.0863736,0.504178
92.508299320,2.68571,0.279199,0.155006,0.00274684,0.346663,0.74925,0.000524778,1.1199,0.252639,0.257301,0.30546,0.104565
92.554739229,2.42389,0.0572937,0.0765869,0.22134,0.576338,1.34249,0.0172469,1.3075,0.797615,0.115933,0.071115,0.131776
92.601179138,2.24482,0.0162959,0.0990102,0.326629,0.646817,1.97914,0.050046,1.42402,0.64361,0.000126528,0.401817,0.0429257
92.647619048,1.79353,0.0399838,0.235565,0.315808,0.662101,2.24322,0.0369821,1.10302,0.53722,0,1.51522,0.149597
92.694058957,0.381382,0.190546,0.65345,0.316154,0.547616,2.13994,0.00332997,0.844826,0.259156,0.0235819,2.89451,0.340332
92.740498866,0.197311,0.374994,1.00181,0.208699,0.292457,1.8898,0,0.356883,0.185842,0.0656999,3.5063,0.418627
92.786938776,0.422844,0.253307,0.961639,0.0855812,0.416709,1.25656,0.0209901,0,0.206821,0.0897427,3.87398,0.324615
92.833378685,0.616036,0.665116,0.55666,0,0.566471,1.60546,0.572836,0.170545,0.305301,0.421244,3.15735,0.0381954
92.879818594,0.454366,1.0641,0.199352,0,0.486378,1.24472,1.15975,0.553745,0.649221,0.614151,2.12012,0.000246542
92.926258503,0.45182,1.1607,0.230254,0.0248848,0.511831,1.2183,1.44634,0.638171,0.776262,0.633771,1.33472,0.000171692
92.972698413,0.482714,1.14786,0.312026,0.088614,0.414799,1.32236,1.69782,0.6271,0.812428,0.750772,0.743033,9.4412e-05
93.019138322,0.545245,1.25793,0.326591,0.0992394,0.42279,1.55405,1.60676,0.587702,0.822529,0.775745,0.355102,2.28089e-05
93.065578231,0.436045,1.48453,0.275187,0.166193,0.430767,1.85971,1.039,0.372772,1.00923,1.13178,0.747978,0
93.112018141,0.474099,1.25913,0.637503,0.022244,0.900722,1.09969,1.24011,0.75224,1.09138,0.406494,1.44216,0.0776971
93.158458050,0.370847,1.22332,0.809374,0.185665,0.48665,0.852168,1.3423,0.66932,0.984377,0.373771,1.37224,0.0086528
93.204897959,0.332718,1.28088,0.910538,0.26887,0.42403,0.904917,1.32336,0.676012,1.01891,0.364774,1.29188,0.00769937
93.251337868,0.319828,1.32563,0.96679,0.280984,0.425757,0.969591,1.31815,0.668436,0.995176,0.30049,1.23759,0.0419391
93.297777778,0.315821,1.35531,1.15906,0.222101,0.421453,1.01402,1.26719,0.648581,0.930946,0.258365,1.21568,0.124044
93.344217687,0.250924,1.50806,1.47109,0.0856451,0.577231,1.32713,0.94535,0.60786,1.0887,0.083447,1.34828,0.169972
93.390657596,0.259938,0.719374,1.57863,0.144885,0.136232,1.26577,0.451727,0.814039,1.21958,0.851764,1.02007,0.144342
93.437097506,0.122506,0.599055,1.32383,0,0.347725,1.07438,0.115836,1.36741,0.778017,0.924182,1.45521,1.1388
93.483537415,0.205539,0.514303,1.12833,0,0.313688,0.940177,0.248415,1.78227,0.376822,0.988521,1.14052,1.37278
93.529977324,0.43672,0.251635,0.808817,0.0191693,0.698909,0.461221,0.664653,0.854588,0.267533,0.249286,2.1304,0.184892
93.576417234,0.321713,0.0486817,0.640159,0.132657,0.862274,0.587601,0.329171,0.38736,0.25965,0.536063,2.84594,0.000692189
93.622857143,0.118387,0.0643863,0.712336,0.0152331,0.737798,1.00219,0.159994,0.341149,0.195022,0.677216,3.0001,0.000551161
93.669297052,0.00374855,0.0402617,1.00776,0.0762218,0.397755,0.759372,0.202527,0.81552,0.0637176,0.824927,3.00818,0.000372572
93.715736961,0.385655,0.0824758,1.34023,0.220384,0.266672,0.859278,0.0340227,0.949175,0.0813115,0.679934,2.68594,0.000616708
93.762176871,0.466157,0.0970371,1.38139,0.205284,0.262184,1.20324,0.032401,1.07487,0.0588381,0.495969,2.72073,0.000690151
93.808616780,0.477195,0.0370886,1.14033,0.168009,0.263569,1.31811,0.25842,1.16569,0.0523352,0.106262,3.13138,0.000705389
93.855056689,0.455714,0.0258082,1.19289,0,0.199141,1.26367,0.0265168,1.34178,0.0761914,0.000656892,3.70811,0.000684472
93.901496599,0.342003,0,1.37447,0,0.0558647,1.32823,0.0194787,1.42437,0.121224,0.000925709,4.03766,0.00051396
93.947936508,0.174411,0,1.51668,0,0,1.39688,0.0207935,1.42064,0.149222,0,4.14923,0
93.994376417,0.166252,0,1.72327,0,0,1.26179,0.0200127,1.44447,0.14491,0,4.19232,3.50535e-05
94.040816327,0.135166,0.015491,1.99609,0,0.0174597,1.08363,0.0195079,1.43114,0.130946,0,4.13734,0.000269971
94.087256236,0.102611,0.0313594,2.09688,0,0.0508141,0.906318,0.0181792,1.32722,0.126158,0.0874884,4.16155,0.00033124
94.133696145,0.113365,0.0316262,2.08223,0,0.272851,0.843542,0.0176327,1.08865,0.115234,0.116966,4.18118,0.000288093
94.180136054,0.14898,0.0208901,2.05149,0,0.404618,0.698316,0.0176954,0.791271,0.116903,0.0792655,4.12192,0.000152893
94.226575964,0.175157,0,2.03953,0,0.518309,0.404751,0.0186397,0.693521,0.122147,0.0800162,3.99353,8.91072e-05
94.273015873,0.143695,0,2.32345,0,0.470184,0.352257,0.019517,0.457901,0.101377,0.0868002,3.94655,0.000329534
94.319455782,0.108677,0.0073095,2.54893,0.0545071,0.0161043,0.591847,0.0186119,0.17612,0.063108,0.740538,3.53518,0.000594023
94.365895692,0.047986,0.011912,2.35295,0.085787,0,1.18974,0.02536,0.16977,0.0679167,0.617148,3.60248,0.000628884
94.412335601,0.0283357,0.0286329,1.91873,0.0544598,0.00853265,1.16065,0.0347762,0.156872,0.0877702,0,3.88731,0.000617301
94.458775510,0.0332405,0.0300806,1.31383,0.0973471,0.138945,1.11356,0.0422484,0.134654,0.100832,0,3.93413,0.000542453
94.505215420,0.037492,0.0287612,0.885298,0.00132389,0.118332,1.1773,0.059578,0.067446,0.0711313,0.00391961,3.92381,9.15208e-05
94.551655329,0.0661691,0.00124656,1.18511,0.00452853,0.0676389,1.40876,0.350507,0.291856,0.176771,0.356696,3.4356,0
94.598095238,0,0.349318,1.75487,0.0902563,0.476723,1.69155,0.406733,0.53296,0.164484,0.367762,2.17727,0.209276
94.644535147,0.34427,1.0774,0.974811,0.386919,0.391078,1.43857,0.337813,0.930558,0.065588,0.240945,1.50845,0.255987
94.690975057,0.341416,1.16276,0.984029,0.391098,0.320971,1.43403,0.358516,1.11296,0.0677283,0.0644198,1.46217,0.501622
94.737414966,0.693297,1.21456,0.860925,0.364828,0.20732,1.78532,0.109625,1.26447,0.0551661,0.0836607,1.40676,0.647757
94.783854875,2.0832,0.189889,0.59926,0.335493,0.18285,1.36982,0.00534583,2.08841,0.0695885,0.111359,1.37009,0.553704
94.830294785,2.95875,0.213097,0.365925,0.44355,0.301774,0.316243,0.00448044,1.79439,0.0202489,0.191284,0.885021,0.528503
94.876734694,3.0113,0.144102,0.313939,0.0757432,0.305757,0.281463,0.0865673,1.68149,0.0120027,0.394622,1.23982,0.628911
94.923174603,2.82681,0.0135076,0.195157,0.0657088,0.867468,0.580686,0.44971,2.08113,0.0383215,0.287374,1.20195,0.48149
94.969614512,1.70795,0.302171,0.161291,0.0490974,1.34153,0.82656,0.647715,1.93264,0.0757047,0.719976,1.20903,0.262104
95.016054422,0.497118,0.843763,0.210672,0.0421605,1.44377,0.893437,0.274679,0.919914,0.39783,1.26977,0.788705,0.382925
95.062494331,0.0543294,0.727897,0.188764,0.00718743,1.46436,0.680771,0.00701386,0.388915,0.852408,1.999,0.333693,0.189269
95.108934240,0.339869,0.772077,0.180565,0.195445,1.47967,0.199629,0.0591972,0.707807,0.279659,2.92815,0,0.144009
95.155374150,0.683373,0.430847,0,0.163871,1.33827,0.0045583,0,0.667402,0.08976,3.6448,0.117526,0.148597
95.201814059,0.169973,0.35293,0,0.25543,1.48464,0.112618,0.00670818,0.786574,0.201034,4.13216,0.095374,0.160557
95.248253968,0.0101737,0.68997,0.00344752,0.484234,1.57309,0.474383,0.00942019,0.44203,0.171792,4.29046,4.16294e-05,0.216331
95.294693878,0,0.853726,0.495154,0.580101,1.33656,1.00546,0.010278,0.154492,0.163675,3.90658,0.099266,0.185623
95.341133787,0,0.724472,0.99199,0.440077,0.498474,1.22282,0.00997181,0.248847,0.36385,2.9243,1.69354,0.119698
95.387573696,0,0.411672,1.23636,0,0.0218654,1.08602,0.0118203,0.418712,0.768604,1.35988,3.46569,0.0570719
95.434013605,0,0.389427,1.25229,0,0.411612,1.34957,0.0753931,0.35358,0.290132,0.272364,3.48325,0
95.480453515,0,0.756313,1.2329,0.143869,1.0187,1.39157,0.0573736,0.815971,0.103812,0.179054,3.05305,0.064931
95.526893424,0,1.09052,1.08953,0.20623,1.76825,0.565831,0.0257413,1.11003,0.114367,1.10235,2.06012,0.158594
95.573333333,0.0226244,1.3498,0.941792,0.212997,1.6956,0.556789,0.000284626,1.1457,0.0880026,1.34278,1.51998,0
95.619773243,0.0572756,1.49914,0.852705,0.240012,1.87601,0.380451,0,1.00871,0.0577751,1.37487,1.37808,0.133886
95.666213152,0.136468,1.1065,0.832217,0.322993,1.75259,0.175438,0,0.834809,0.552359,2.05344,0.799331,0.183669
95.712653061,0.155741,1.04719,0.353261,0.358366,1.2322,0.00674713,0.00964233,0.313642,0.738821,2.89265,0.210137,0.126654
95.759092971,0.231768,0.908342,0.376061,0.0129177,1.45623,0.127788,0.0194241,0.13168,1.10308,2.34947,0.894444,0.115359
95.805532880,0.195438,0.664106,0.346189,0.105799,1.36511,0.395576,0.0581478,0.489861,0.634682,1.49725,1.74896,0.140769
95.851972789,0.0602717,0.536057,0.504948,0.365011,0.891677,0.630053,0.0533172,1.02482,0.425043,1.47263,1.85088,0.215765
95.898412698,0.121989,0.424562,1.88906,0.230962,0.224355,0.807421,0.0472565,0.490954,0.71637,1.4961,1.28726,0.0876859
95.944852608,0.111753,0.62678,2.56854,0.0980764,0.149658,1.65073,0.175148,0.412389,0.0323675,2.20505,0.0273412,0.00302234
95.991292517,0.113402,0.726912,2.52129,0.413513,0.149168,1.31915,0.0712661,0.345365,0.0111764,1.76264,0.102869,0.0121247
96.037732426,0.0662944,0.489078,2.46276,0.0606436,0.265971,1.34052,0.0491902,0.148373,0.356541,1.9454,0.414513,0.150774
96.084172336,0,0.259383,2.28852,0.0455447,0.333685,1.60709,0.0517915,0.253219,0.466736,2.04337,0.417656,0.227862
96.130612245,0,0.132755,2.18512,0.0446395,0.298359,1.82529,0.0500714,0.278609,0.46366,2.0409,0.384204,0.250064
96.177052154,0,0.0976342,2.09608,0.0576009,0.251695,1.81489,0.0412737,0.22179,0.179685,2.64,0.266251,0.262445
96.223492063,0,0.334374,2.03543,0.0151084,1.01232,1.51859,0.0313448,0.0967025,0,3.0605,0,0.179006
96.269931973,0,0.599253,2.04914,0.0149193,1.35063,1.32416,0,0.398169,0,3.52235,0,0.00016894
96.316371882,0,0.722759,1.7215,0.0144903,1.42066,1.28824,0,0.341479,0,3.59837,0.03686,0
96.362811791,0,0.728647,1.50688,0.0145022,1.55105,1.28188,0,0.316982,0,3.64582,0.197641,0
96.409251701,0,0.681794,1.20024,0.0147926,1.60468,1.3208,0,0.311738,0,3.64824,0.191162,0
96.455691610,0,0.799219,0.894608,0.0148458,1.55112,1.46895,0.0202657,0.354571,0,3.61356,0.000715262,0
96.502131519,0,1.03281,0.734327,0.0148116,1.45653,1.4072,0.0689101,0.503487,0,3.45767,0.000112945,0
96.548571429,0,1.05548,0.62491,0.0150085,1.2406,1.39897,0.12552,0.492209,0,3.62887,0,0
96.595011338,0,0.979304,0.48366,0.0234875,0.998839,1.45948,0.159854,0.455972,0,3.88078,0,0
96.641451247,0,0.885369,0.317996,0.0760679,1.09091,1.33447,0.125839,0.258953,0,4.1233,0.000338268,0.000297798
96.687891156,0,0.782855,0.213046,0.362456,1.23421,0.995725,0.043583,0.320745,0.000920549,4.25716,0.00059606,0.000474247
96.734331066,0,0.819135,0.057173,0.360565,1.28026,0.075437,0.0286215,0.43347,0,4.32276,0.000625036,0.0328876
96.780770975,0,0.966494,0.120042,0.0610104,1.10746,0.0226528,0.0443983,0.474347,0.0382773,4.13842,0.000264295,0.111053
96.827210884,0,1.07633,0.122476,0.0709523,1.08628,0.00277795,0.162296,0.501205,0.082262,3.99865,0.0538401,0.115708
96.873650794,0.0977137,1.01361,0.457577,0.0505318,1.20749,0.333224,0.120162,0.541298,0.449345,3.65248,6.2455e-05,0.071143
96.920090703,0.324488,1.15781,0.625233,0.0608503,0.533202,0.66501,0.877768,0.666993,0.192363,2.54579,0,0.133578
96.966530612,0.296194,1.26555,0.807093,0.461361,0.471843,0.916427,1.10103,0.873006,0.450327,1.53686,0.075799,0.0708935
97.012970522,0.363447,1.32605,0.81122,0.483062,0.544041,0.873467,1.0767,1.19804,0.47352,0.744531,0.479525,0.160118
97.059410431,0.466718,1.48354,0.815662,0.445315,0.412202,1.24309,0.665206,1.34347,0.288614,0.609082,0.696508,0.361434
97.105850340,1.28931,0.67786,0.455735,0.339853,0.627962,1.25278,0.288519,2.07882,0.127769,0.114334,0.356218,1.2299
97.152290249,2.6369,0.267463,0.35577,0.284821,0.394547,0.621324,0.125979,1.56738,0.0480708,0.118634,0.516882,1.39909
97.198730159,3.01776,0.0927417,0.483731,0.18482,0.457952,0.276244,0.213536,1.4011,0.0350208,0.19668,0.655416,0.837174
97.245170068,2.65774,0,0.70346,0.281406,0.581203,0.391094,0.0558623,1.28645,0.0910172,0.0867298,1.40679,0.188044
97.291609977,2.13969,0,0.825718,0.377801,0.393444,0.395947,0.0555982,1.09832,0.102889,0.141117,1.64807,0.29813
97.338049887,1.59658,0.0060532,1.00873,0.360756,0.190048,0.453369,0.0838418,0.568452,0.549222,0.320737,1.44239,0.240162
97.384489796,1.02034,0.0744396,1.69703,0.148011,0.0416141,0.603523,0.0728863,0.073644,0.990354,0.24291,1.44451,0.181639
97.430929705,0.775423,0.359052,2.41795,0.0166071,0.0102495,0.888688,0.0245315,0.100802,1.0003,0.0115101,1.99817,0.049849
97.477369615,0.609423,0.230878,2.38976,0.00234843,0.322055,1.18852,0.0991148,0.494325,0.760003,0.258997,2.34774,0
97.523809524,0.994764,0.225305,2.17648,0.00794184,0.493211,1.65631,0.0355139,1.13488,0.347568,0.338992,1.48209,0
97.570249433,1.3336,0.391388,1.40065,0.123891,0.582917,1.43163,0.114318,1.25652,0.27801,0.284617,1.42724,0
97.616689342,1.00608,0.668952,0.760323,0.178532,0.586464,1.15176,0.306766,0.828582,0.191475,0.607478,1.77,0
97.663129252,0.223565,0.592418,1.01941,0.186785,0.584527,1.09139,0.27421,0.684219,0.304425,0.864041,2.03619,0.0677457
97.709569161,0.237053,0.158782,2.10171,0.223775,0.604798,0.593985,0.0775266,1.67585,0.317185,1.20041,1.48912,0.301999
97.756009070,0.26624,0.220042,2.28728,0.029562,0.546707,0.286385,0.494768,1.48155,0.220662,1.76413,0.201435,0.66647
97.802448980,0.0905328,0.144614,1.67554,0.0262129,0.684354,0.957359,0.473497,1.43206,0.341984,1.88147,0.589701,0.513627
97.848888889,0,0.603892,1.37281,0.0434265,0.520647,1.52358,0.585833,0.82846,0.285739,1.50836,1.23134,0.0253113
97.895328798,0,0.964716,0.896831,0.114987,0.582678,1.63994,0.394555,0.811214,0.367967,0.918211,1.55328,0
97.941768707,0,1.09021,0.972159,0.148426,0.817716,1.52929,0.160208,1.07269,0.143372,0.278172,1.494,0.227181
97.988208617,0.0415541,0.423764,1.65733,0.118053,0.600691,1.36719,0.0961183,1.47273,0.0364952,0.278683,1.39295,0.172356
98.034648526,0.0916514,0.225077,2.34017,0.0514206,0,1.0946,0.342659,1.94235,0.0451404,0.240814,0.608418,0.762785
98.081088435,0.0762044,0.152614,2.1161,0,0,0.331223,0.684837,2.61903,0.296901,0.348387,0.000464395,0.941182
98.127528345,0.200857,0.0408648,1.84456,0.0141873,0.0272956,0.160635,0.671285,2.52097,0.100787,0.376721,1.93405,0.56671
98.173968254,0.585915,0.0347698,1.77731,0,0.0822801,1.41662,0.235631,0.542556,0.260407,0.74775,2.88073,0.224302
98.220408163,0.756497,0.0163376,1.34836,0.0906042,0.284634,1.34428,0.172001,0.089328,0.13606,0.642085,3.05544,0.309549
98.266848073,0.761136,0.00901388,1.92748,0.291276,0.241431,0.509044,0.310913,0.289287,0.0814776,0.591648,3.35695,0.128088
98.313287982,0.411446,0.012629,1.89828,0.376592,0.170111,0.270899,0.273861,1.48046,0.213061,0.342051,3.0669,0
98.359727891,0.3614,0.0596328,1.43593,0.278182,0.369232,0.0780001,0.0507446,2.42853,0.23661,0.552741,2.09188,9.06737e-05
98.406167800,0.29991,0.0573741,1.32511,0.263,0.358302,0.0657279,0.0659994,1.99686,0.258501,1.22616,1.2614,0.12383
98.452607710,0.293451,0.0675119,1.43734,0.227857,0.258743,0.275109,0.0455221,1.62632,0.303328,1.65015,0.369663,0.160885
98.499047619,0.270055,0.158514,1.52508,0.124937,0.227911,0.391608,0.0417502,1.57701,0.24356,1.68417,0.367443,0.176926
98.545487528,0.214494,0.168731,1.39681,0.0216637,0.201242,0.268635,0.0372611,2.07463,0.151597,1.43853,1.18892,0.266775
98.591927438,0.179652,0.175537,1.06728,0.0114503,0.158985,0.162608,0.0283292,2.92581,0.0470773,0.902339,1.92613,0.348707
98.638367347,0.332476,0.318631,0.969106,0,0.438326,0,0.0333042,3.41265,0.0498715,0.864065,1.70658,0.261247
98.684807256,0.380412,0.217428,1.17771,0.0409502,0.500064,0,0.0529143,3.45221,0.0486002,0.521982,2.10283,0.237096
98.731247166,0,0.00987729,1.97698,0.0294888,0.0818313,0.624663,0.0187687,2.38598,0.0463228,0.439199,3.36436,0.152543
98.777687075,0,0.00272578,2.09248,0.0214013,0.0782518,0.858323,0.0200689,1.25626,0.0462255,0.59137,3.822,3.26949e-05
98.824126984,0,0,2.16619,0.0409628,0.0713173,0.895271,0.114209,1.00937,0.0456818,0.478037,4.01922,2.28391e-05
98.870566893,0,0,2.44803,0.103983,0.0510376,0.866588,0.0344627,0.896146,0.0654474,0.26015,4.10797,0
98.917006803,0.0061886,0.00373522,2.44741,0.169891,0.0238771,0.985893,0.032444,0.847859,0.203165,0.117017,4.04327,0
98.963446712,0.0775516,0.10828,2.29339,0.117015,0,1.0272,0.050168,0.599669,0.331627,0.0278515,4.00678,0.000100787
99.009886621,0.105756,0.13604,2.27844,0.215721,0.00361771,1.13873,0.0433632,0.180549,0.373811,0,3.92997,0.0002606
99.056326531,0.114993,0.0965044,1.8658,0.221147,0.00862469,1.20039,0.0344497,0.155602,0.370273,0,3.93936,0.000305094
99.102766440,0.118867,0.0383317,1.30401,0.0766597,0.0576888,1.26924,0.0776767,0.144018,0.257526,0,3.80114,0.00031613
99.149206349,0.0537957,0.000373646,0.724537,0.504376,0.115719,1.36943,0.078156,0.108418,0.136971,0.000440994,3.60638,0.000343938
99.195646259,0.0613299,0,0.569181,0.245946,0.063813,1.61942,0.0823629,0.0715574,0.137533,0.289829,3.68983,0.000519174
99.242086168,0.0394525,0.0810187,1.26492,0.0253677,0.616848,2.25046,0.448878,0.244568,0.134373,0.252463,2.7542,0.000392421
99.288526077,0.000519401,0.263779,1.48592,0.323342,0.634069,2.04965,0.798983,0.128841,0.0848852,0.233493,2.27276,0.0365723
99.334965986,0.000303423,0.474716,1.61581,0.357085,0.694488,1.97389,0.732796,0.293264,0.0694939,0.0830389,1.93575,0.0895829
99.381405896,0.174656,0.702461,1.68723,0.346915,0.65853,1.72736,0.575453,0.351516,0.0601773,0.309644,1.73084,0.334813
99.427845805,0.300757,0.659415,1.36807,0.277815,1.00969,1.61111,0.463921,0.174604,0.0471526,0.663179,1.86956,0.41915
99.474285714,0.222441,0.253224,1.37677,0.320416,0.770794,1.67327,0.0821414,0.011157,0.205013,1.05811,2.33726,0.498757
99.520725624,0.167334,0.20509,1.21373,0.0823616,0.361126,1.50501,0.0547477,0.0706724,0.067473,0.431635,3.57911,0.640857
99.567165533,0.198545,0.0911913,0.679566,0.0728059,0.209664,1.15181,0.266748,0.345507,0.0940498,0.24262,3.71808,0.559289
99.613605442,0.228704,0.256603,0.653796,0.0586186,0.125879,0.934296,0.260807,0.202655,0.123688,0.849099,3.1523,0.331462
99.660045351,0.0723634,0.419757,0.470195,0.06004,0.187369,0.88893,0.22599,0.150672,0.140785,2.64057,1.68164,0.263588
99.706485261,0,0.527729,0.287857,0.0101864,0.895879,0.401498,0.04906,0.12043,0.106403,3.48698,0.586025,0.280577
99.752925170,0,0.619057,0.117558,0.608096,1.49803,0.37518,0.068832,0.102772,0.202421,4.08847,0.0460694,0.11145
99.799365079,0,0.491079,0.277575,0.824107,1.64554,0.441433,0.0125673,0.145033,0.143264,4.17764,0,0.168427
99.845804989,0,0.584986,0.463085,0.887627,1.39491,0.405532,0.0126834,0.165726,0.124955,3.9062,0.000551253,0.20898
99.892244898,0,0.677934,0.590734,0.650944,1.43307,0.139002,0.0135359,0.18241,0.0988807,3.36534,0.582277,0.196286
99.938684807,0,0.810476,0.565083,0.189977,1.37438,0.0722193,0.0166247,0.204852,0.065534,3.12222,1.26757,0.147444
99.985124717,0,0.899875,1.05888,0.150521,1.29224,0.0624473,0.0170484,0.229213,0.0572895,2.92235,1.60499,0.0636747
100.031564626,0,0.92415,2.15478,0.0191278,0.888687,0.0618061,0.0186611,0.392827,0.062407,2.39592,2.06701,0.0074451
100.078004535,0.135964,0.651028,1.82297,0.132441,0.280762,0.135298,0.621683,1.46495,0.58072,1.23759,2.58646,0
100.124444444,0.230442,0.235918,1.41495,0.254557,0.536655,0.446468,0.762697,1.09392,0.633417,1.37217,1.50472,0
100.170884354,0.111221,0.343063,1.3556,0.267288,0.801939,0.455044,0.43208,1.18534,0.539418,2.18095,0.53728,0.14634
100.217324263,0.113198,0.536646,1.36026,0.250308,1.35988,0.305801,0.0942643,1.19026,0.346538,2.3719,0.0736377,0.185185
100.263764172,0.151712,0.753687,1.33791,0.251071,1.80339,0.235386,0,0.93375,0.0104957,2.83507,0.000299529,0.16064
100.310204082,0.2547,0.87966,1.1487,0.30446,1.63632,0.214875,0.0135096,0.54822,0.019985,3.11147,0.0159734,0.247322
100.356643991,0.210607,0.774487,0.839063,0.385814,0.721865,0.104623,0.0214357,0.0978519,0.123932,3.83012,0.0455851,0.170548
100.403083900,0.149605,0.57434,0.116719,0.168722,0.612388,0.0413345,0.518426,0.0492222,0.287145,3.97565,0.0696541,0.149637
100.449523810,0.089442,0.556706,0.128278,0.0112146,0.791391,0.0152045,0.0764799,0.00128781,0.506993,3.97284,0.149281,0.123508
100.495963719,0.0881046,0.845951,0.312452,0.0136001,0.793328,0.0148185,0.0327637,0.0143001,0.650419,3.57689,0.0473079,0.00389578
100.542403628,0.0495065,1.06715,0.194731,0.0242006,0.744467,0.0841187,0.0201716,0.00383265,0.797161,3.38824,0.0507107,0.000489003
100.588843537,0.184663,0.918706,0.972261,0.179709,1.48028,0.264497,0,0.0535509,0.613331,3.34802,0.000624733,0.0315797
100.635283447,0.0795795,0.782376,1.76419,0.214623,1.27215,0.586791,0,0.286114,0.110122,3.11658,0.0184064,0
100.681723356,0.0625937,0.492551,1.91885,0.194361,1.108,1.01224,0,0.350965,0.0496489,3.06331,0,0.0736203
100.728163265,0.0184001,0.604507,1.81346,0.0962084,1.11025,1.14093,0.0117593,0.269026,0.00671848,2.97873,0.0763714,0.167069
100.774603175,0,0.493862,1.55278,0.0863149,1.31351,1.28849,0.0286811,0.201207,0,2.94235,0.101113,0.146072
100.821043084,2.02722e-05,0.476804,1.523,0.0548409,1.44688,1.30434,0.0604651,0.290417,0,2.68223,0.23689,0.134637
100.867482993,0.000436302,0.603129,1.63986,0.0193054,1.44217,1.26141,0.0571676,0.232176,0,2.49809,0.290894,0.131166
100.913922902,0,0.834258,1.90233,0.000505985,1.12154,1.17087,0.0299906,0.213954,0,2.53046,0.175397,0.139173
100.960362812,0.269722,0.793504,2.07716,0.0353838,0.324264,1.49897,0,0.148151,0,2.68998,0.044091,0.000558001
101.006802721,0.237974,0.81106,1.98962,0.0173545,0.159736,1.71492,0.0256761,0.345818,0,2.51982,0.284183,0.000919102
101.053242630,0.116703,0.814447,2.15206,0.0160929,0.277808,1.90151,0.0425526,0.488837,0.0818473,2.11386,0.321723,0.000921122
101.099682540,0.105555,0.718154,1.64435,0.0147591,0.404359,1.93736,0.0305094,0.40014,0.0919814,1.60745,0.645727,0.000779931
101.146122449,0.245346,0.598466,1.70656,0.0108627,0.620185,1.48821,0.00581441,0.383391,0.00380611,1.26699,0.513145,0.0234695
101.192562358,0.124492,0.705094,1.75743,0.0159496,1.23515,0.567607,0.000681526,0.386009,0.032506,1.88929,0.179075,0.105429
101.239002268,0.133092,0.762653,1.80805,0.0337418,1.63584,0.24239,0,0.180868,0.14764,2.55692,0.0187452,0.0820585
101.285442177,0.309949,0.754204,1.81258,0.0539072,1.65468,0.0531491,0,0.115715,0.343754,2.76991,0.00072906,0.145877
101.331882086,0.259509,0.972739,1.85861,0.0776249,1.71421,0.031101,0.00294868,0.206089,0.670289,2.25446,0.116896,0.000470916
101.378321995,0.173931,1.01135,1.81265,0.123942,1.81238,0.0203727,0.00969082,0.260388,0.608154,1.52119,0.163444,0.000477047
101.424761905,0.177039,0.911912,1.70587,0.137094,1.77045,0.0312892,0.0289231,0.260209,0.385707,1.68242,0.13243,0.000423958
101.471201814,0.165373,0.941001,1.54825,0.0229068,1.7175,0.033111,0.0421003,0.269846,0.458735,2.49327,0.112641,0.120942
101.517641723,0.0894156,0.564491,1.40481,0.00529239,1.34895,0.15123,0.309024,0.393238,0.439104,3.69286,0,0
101.564081633,0,0.550362,1.23932,0.131346,1.58775,0.349312,0.41541,0.658531,0.26255,3.77633,0,0
101.610521542,0,0.669789,1.49386,0.268842,1.45717,0.451262,0.0386331,0.432898,0.133856,3.42023,0,2.77724e-05
101.656961451,0,0.737116,1.44968,0.290051,1.41084,0.545385,0.0248668,0.873013,0.278897,2.6621,0,0.000309532
101.703401361,0.0265604,1.01923,1.50771,0.276401,1.76816,0.613276,0.000448715,0.946015,0.28321,2.01744,0.0724217,0.0239477
101.749841270,0.135951,1.20682,1.54658,0.292443,1.66648,0.520471,0,0.803307,0.0356406,2.37877,0.363275,0.0713456
101.796281179,1.32693,0.659445,1.28252,0.258039,1.38194,0.452059,0.00163046,0.814545,0.0255326,2.52927,0.892262,0.155449
101.842721088,2.54762,0.246256,0.0129933,0.0202717,0.818424,0.438304,0.484696,1.37617,0.146406,2.04315,1.0952,0.159482
101.889160998,2.44047,0.000100256,0.0111549,0.0386641,1.01906,0.934915,0.0878728,2.33939,0.660051,0.245482,1.66352,0.116092
101.935600907,1.98412,0.127999,0.0100048,0.156351,1.52045,1.20913,0,2.53834,0.601961,0.263153,1.51358,0.0622765
101.982040816,0.904712,0.224914,0.0113157,0.239758,1.78969,1.40894,0.0201304,2.52866,0.364021,0.0489904,2.16841,0.310817
102.028480726,0.0539288,0.262436,0.685753,0.116522,1.59828,1.61148,0,1.57012,0.0203476,0.0258354,3.07415,0.433741
102.074920635,0.164378,0.345045,1.83849,0.0861022,0.768784,1.29931,0,0.322472,0.0537884,0.0454057,3.602,0.441491
102.121360544,0.258168,0.169674,1.98634,0.016216,0.357172,1.13788,0.0371381,0.00728116,0.438728,0.0356116,3.73264,0.098235
102.167800454,0.176874,0.0796978,1.68126,0.0323276,0.0424261,1.58853,0.187037,0.351633,0.673802,0.179517,3.45966,0.141558
102.214240363,0.0730711,0.188457,1.66952,0.271898,0.0973868,1.91907,0.0677464,0.785179,0.508653,0.392788,3.02481,0.0293138
102.260680272,0.225559,0.387472,1.22741,0.302275,0.255856,2.23964,0.0845956,0.917489,0.219418,0.350839,2.33083,0.0277802
102.307120181,0.204661,0.577902,0.85385,0.180436,0.603842,1.92836,0.0568957,0.876238,0.0294263,0.204621,2.37697,0.129702
102.353560091,0.307008,0.778173,0.669004,0.208884,0.627211,2.00325,0.0240359,1.1226,0.0206534,0.128147,2.59307,0.169909
102.400000000,0.314561,0.688087,0.433914,0.162909,0.267212,2.29526,0.110444,1.96601,0.0374333,0.316397,1.77809,0.174991
102.446439909,0.650322,1.08306,0.64455,0.0151724,0.0664677,1.84366,0.0811844,2.06666,0.00437955,0.494594,1.70027,0.0325267
102.492879819,0.719076,1.04335,0.52975,0.022319,0.0480501,1.8459,0.0167513,2.49069,0.00228367,0.352507,1.73157,0.120223
102.539319728,0.433705,0.915627,0.541918,0.0398945,0.200348,1.67462,0.0499625,2.61576,0,0.393937,1.91001,0.275795
102.585759637,0.566661,0.902369,0.489606,0.0369108,0.383922,1.54268,0.0573346,2.09231,0.050688,0.734258,1.68825,0.382071
102.632199546,0.861227,0.764976,0.312445,0.0412933,0.568428,1.5161,0.0463115,2.11608,0.228334,1.04627,1.48682,0.298347
102.678639456,0.81068,0.0784756,0.39067,0.0233262,0.673891,1.58007,0.0633003,2.19103,0.00593652,1.04323,2.28577,0.175596
102.725079365,1.05717,0.1369,1.23052,0.1327,0.765676,0.872983,0.120054,1.81294,0.0955896,0.626911,2.41842,0.000282123
102.771519274,1.47497,0.124737,1.87103,0.167668,0.625892,1.00207,0.0651278,1.72138,0.0735837,0.307496,2.25043,0.000219846
102.817959184,1.82851,0.0476737,1.99856,0.205533,0.363824,1.63492,0.0847863,1.50818,0.0787727,0.163707,2.01477,8.72485e-05
102.864399093,1.8209,0.0404291,2.28777,0.313721,0.194796,1.91588,0.0810919,1.06171,0.103918,0.353313,1.73857,0.0477668
102.910839002,0.39216,0.044907,2.4309,0.0181449,0.156853,1.52921,0.0903276,2.16103,0.0483999,0.181831,1.98674,0.298753
102.957278912,0.0318684,0.0576759,2.53096,0.0249729,0.0717075,0.836342,0.0688637,3.3411,0.0154809,0.149332,1.51684,0.541208
103.003718821,0.0399244,0.150622,2.48156,0.0212593,0.00581125,0.234902,0.0547764,3.86294,0.0356438,0.128929,1.13897,0.658882
103.050158730,0.0397675,0.124745,2.28519,0.00177124,0.556302,0.342485,0.0737667,2.62228,0.180262,0,1.82509,0.512513
103.096598639,0.00307159,0.315656,1.82334,0,0.820631,0.688458,0.0622323,2.14291,0.182507,0,2.2491,0.343666
103.143038549,8.3713e-05,0.375156,1.78647,0,0.969746,0.694359,0.000190098,1.89341,0.194519,0.206044,2.45975,0.283608
103.189478458,0.0159572,0.245136,1.58388,0.0110521,0.997942,0.748278,0.000297013,1.57769,0.19929,0.699769,2.51551,0.227185
103.235918367,7.36577e-05,0.232593,1.83475,0.0477809,0.79535,0.298417,0.00286618,2.30304,0.0559095,1.0625,1.7798,0.165932
103.282358277,0.000183394,0.116608,1.98246,0,0.247917,0.146587,0.0123756,3.08064,0.020307,1.03178,1.2824,0.351982
103.328798186,0,0.0655023,2.35077,0.0437846,0,0.206201,0.0240109,3.41345,0.0549111,0.767506,1.27245,0.506002
103.375238095,0,0.14464,2.22016,0,0.757536,0.109427,0.00644482,2.7089,0.048838,1.27116,1.77545,0.486654
103.421678005,8.85743e-05,0.496753,0.977006,0,1.35194,0.0412176,0.00290081,1.30873,0.0351789,2.56468,1.41533,0.393484
103.468117914,0.0372585,0.590878,0.837253,0,1.422,0.0217171,0.00426673,1.10144,0.0322494,2.91984,1.20312,0.477456
103.514557823,0,0.709457,0.805506,0.0100912,1.51039,0.0225553,0.033228,1.06173,0.661698,2.79863,0.961954,0.549197
103.560997732,0,0.727855,1.37044,0.0186778,1.38914,0.0381358,0.0266467,1.78459,1.45644,1.54241,1.01167,0.630986
103.607437642,3.3663e-05,0.00379284,1.70948,0.0142245,0.171226,0.0543206,0.018974,2.76403,1.6855,0,1.16312,1.16399
103.653877551,0.000222516,0.00762318,1.67973,0.0121779,0.518307,0.0759626,0.0619973,2.71169,1.2929,0,1.13785,1.14168
103.700317460,0.000267968,0.00181924,1.49014,0.0348337,1.8349,0.186749,0.463208,1.45759,0.449564,1.16619,0.983333,0.763418
103.746757370,0.000400989,0.239479,1.10109,0.0484059,1.89482,0.610036,0.443514,0.731327,0.0204972,2.22371,0.927786,0.543711
103.793197279,0.000523341,0.588163,1.31834,0.0404004,1.66784,0.798218,0.0407141,0.343129,0.24199,2.95514,0.786484,0.176624
103.839637188,0.000235087,0.731486,1.51432,0.00520149,1.66211,0.539703,0.0726865,0.0671372,0.505394,3.42309,0.054922,0.158831
103.886077098,0,0.841561,1.43376,0.184563,1.62496,0.112517,0.0250653,0.224068,0.565962,3.61367,0.00159431,0.243483
103.932517007,0.307776,0.901001,0.0923321,0.316646,1.82452,0.0285302,0.0386097,0.238588,0.742559,3.38626,0.253246,0.212133
103.978956916,0.254547,0.819128,0.200065,0,1.66317,0.453309,0.0462878,0.168126,0.801833,2.86183,0.61776,0.178351
104.025396825,0.205774,0.440003,0.37486,0.0031489,1.20359,0.59862,0.100056,0.0942976,0.684808,2.2754,0.969377,0.286406
104.071836735,0.0031235,0.570867,1.0655,0.00930234,0.894329,0.626434,0.0308761,0.168761,0.559393,2.21668,1.04766,0.3605
104.118276644,0.0387116,0.895743,1.59939,0.0152556,0.462559,0.57042,0,1.70119,0.433138,1.46952,0.579588,0.544223
104.164716553,0.39514,1.05833,1.20942,0.0604523,0.0761959,0.113371,0.599394,2.57327,0.146466,0.996402,0.0221171,0.524286
104.211156463,0.130377,1.16068,0.908903,0.160106,0.118928,0.364275,0.733065,2.33944,0,0.434524,0.956206,0.391819
104.257596372,0.115691,1.3817,1.05299,0.339,0.11523,0.337065,0.680382,1.0177,0.028217,0.970465,1.36139,0.187395
104.304036281,0.0972226,1.29822,0.621833,0.371953,0.495264,0.344168,0.666449,0.477097,0.102651,0.949875,1.735,0.0612466
104.350476190,0.0589579,0.774573,0.144628,0.494835,0.41165,0.893604,0.567151,0.255556,0.100811,0.950336,1.83727,0.221291
104.396916100,0.0417507,0.818385,0.217405,0.734367,0.255998,1.28276,0.4199,0.0391225,0.105583,1.1079,1.75767,0.275759
104.443356009,0.616625,0.622147,0.241904,0.796289,0.221625,1.35972,0.407832,0.0446017,0.142052,1.72138,1.51784,0.220449
104.489795918,0.865557,0.65447,0.615114,0.197049,0.545837,0.984824,0.292037,0.253387,0.735285,2.29812,0.927578,0.000946791
104.536235828,0.990092,0.640675,0.469445,0.197218,1.11088,1.53372,0.373203,0.525384,0.49065,1.62637,0.0570033,0.000905623
104.582675737,0.452067,0.641964,0.193985,0.123083,1.3024,2.37379,0.100987,0.0838096,0.287872,1.4307,0.463483,0.000520288
104.629115646,0.0307603,0.56612,0.242849,0.0616536,1.15273,3.09449,0.0483943,0.0855208,0.297203,1.18064,0.696225,0
104.675555556,0.0621718,0.478905,0.257555,0.0289701,1.02785,3.14839,0.0404283,0.0812577,0.139952,1.12001,0.585584,0.43483
104.721995465,0.0954025,0.507322,0.187501,0.0326621,1.22454,3.04172,0,0.179513,0.0187266,1.26463,0.488361,0.663803
104.768435374,0.076291,0.491783,0.206335,0.0114221,0.340424,2.12599,0.0616564,0.101779,0.177521,1.79788,1.59196,0.0969469
104.814875283,0.0457579,0.469283,0.35877,0.00562733,0.439395,1.54484,0.167883,0.108183,0.292238,1.61203,1.83348,0.000128291
104.861315193,0.0296713,0.512065,0.326467,0.0317046,0.177011,1.6526,0.24166,0.109606,0.29128,1.59257,1.66806,0
104.907755102,0.039244,0.593627,0.258392,0.0801954,0.267834,1.54484,0.292586,0.119831,0.28256,1.78691,1.42026,0
104.954195011,0.0525606,0.552764,0.0504874,0.290985,1.00338,1.11126,0.370977,0.220799,0.338313,1.9316,0.714058,0
105.000634921,0.0195733,0.5083,0.182047,0.241624,0.958013,1.37643,0.166583,0.36824,0.522923,2.03635,0.456154,4.50955e-05
105.047074830,0,0.509566,0.506113,0.335901,0.799138,1.37393,0.311066,0.226627,0.358848,2.47552,0.140453,0.0251824
105.093514739,0.0098286,0.451826,1.54068,0.280438,0.668171,1.78801,0.324028,0.0362055,0.104105,2.19331,0.24765,0.000797811
105.139954649,0.00737916,0.193695,2.34112,0.0116056,0.185247,2.04623,0.081803,0.0486566,0.00718341,1.70587,1.54502,0.000855383
105.186394558,0,0.197709,1.94527,0.0582107,0.484564,1.45925,0.0208256,1.17246,0.12959,1.64886,1.31753,0.00457409
105.232834467,0,0.188054,2.32911,0.175437,0.670204,1.39218,0.0265969,2.17333,0,1.31316,0.289581,0.157934
105.279274376,0,0.158254,2.61128,0.0870491,0.616094,0.988425,0.0118925,3.10171,0.00494557,0.753957,0.117542,0.597668
105.325714286,0,0.155256,2.72539,0.0282209,0.270698,0.502372,0.0392023,3.72202,0.0213961,0.318351,0.038538,0.88492
105.372154195,1.86825e-05,0.186358,2.88832,0.132659,0.0303644,0.754986,0.222787,3.34381,0.0185422,0.2533,0.625624,1.0291
105.418594104,0.223103,0.0227042,2.57077,0.327316,0.0417961,1.4554,0.388824,1.16777,0.323995,0.424223,1.00166,0.716522
105.465034014,0.21633,0.202489,1.38369,0.177962,0.53267,1.64588,0.284561,0.56581,0.536995,0.588621,1.22365,0.000190319
105.511473923,0.210129,0.387396,1.20672,0.096416,0.96297,1.4026,0.246092,0.545327,0.487117,0.527826,1.22503,7.13422e-05
105.557913832,0.32816,0.152695,1.51898,0.0833063,1.08885,1.02382,0.148067,1.19701,0.167436,0.62131,1.06155,0.2788
105.604353741,0.377978,0.00813521,2.30676,0.0602798,1.15369,0.682718,0.0774477,1.49753,0.0603801,0.544849,0.117091,0.58258
105.650793651,0.42819,0.0486645,2.6419,0.0811971,0.858266,0.515999,0.0576156,2.34095,0,0.414404,0.103744,0.759368
105.697233560,0.366367,0.0565509,2.68249,0.131876,0.0945244,1.51775,0.0497474,1.66664,0.00320575,0.214044,1.43646,0.33484
105.743673469,0.513752,0.0163962,2.12809,0.193361,0.135274,1.48803,0.0589182,0.689695,0,0.513778,2.22653,0.0117387
105.790113379,0.450374,0.00605868,2.08504,0.0233908,0.264946,1.30942,0.142754,0.549536,0.0916403,0.615806,2.44511,0
105.836553288,0.46656,0.0136467,2.20577,0.0207467,0.326808,1.52444,0.087185,0.580939,0.4364,0.584316,2.16646,0
105.882993197,0.381313,0.0472381,2.4342,0.283551,0.00237462,2.84179,0.0311921,0.521793,0.601851,1.35457,0.85457,0.0359325
105.929433107,0.951801,0.124135,2.14469,0.285437,0,3.1147,0,0.522574,0.632453,1.6646,0.0677539,0.128958
105.975873016,1.14071,0.0916173,2.07456,0.190631,0,3.12,0,0.479103,0.497931,1.48571,0.0549583,0.162868
106.022312925,0.989862,0.963197,1.36008,0.109407,0.0325051,2.19788,0.0136797,0.356909,0.0350664,1.76363,0.695769,0.300066
106.068752834,0.222284,1.13645,1.25802,0.117861,0.547235,0.48889,0.00921176,0.515779,0.0414767,2.35376,0.633252,0.287827
106.115192744,0.0946686,1.1324,1.48302,0.19524,0.883737,0.409386,0.0290258,0.565794,0.0211336,1.84817,0.18204,0.215217
106.161632653,0.483521,0.888326,1.73107,0.183473,0.896314,0.891571,0.32382,0.330927,0.126753,1.37187,0.0167428,0.432222
106.208072562,1.09331,0.616527,1.54246,0.00531747,0.511443,1.35547,0.401292,0.287068,0.494953,1.07328,0.25288,0.268497
106.254512472,1.65378,0.444801,0.485485,0,0.145004,2.09249,0.45708,0.29276,0.323679,1.30329,0.448549,0.204789
106.300952381,2.19066,0.163016,0.132693,0.00596249,0.0360345,2.60998,0.461006,0.168773,0.107613,1.33226,0.325707,0.107668
106.347392290,2.05094,0.114184,0.0512624,0.234343,0.125243,3.12355,0.432729,0.115681,0.0631832,1.19174,0.265975,0.016009
106.393832200,1.64517,0.406846,0.0670211,0.317664,0.0594963,3.45804,0.291433,0.072779,0.0619368,1.37967,0.26582,0.183249
106.440272109,1.19227,0.541019,0.474992,0.0782964,0.0706024,3.55508,0.134992,0.0287469,0.0130309,1.32667,0.298118,0.207798
106.486712018,0.316295,0.400856,1.70189,0.241321,0.178109,2.138,0.0926531,1.26562,0.0490869,0.654135,0.349547,0.135215
106.533151927,0.000107626,0.426085,1.66265,0.195552,0.123217,1.40116,0.0843041,2.50288,0.0796113,1.17798,0.157279,0.0773365
106.579591837,0.000925873,0.774828,1.32176,0.182802,0.203865,0.187296,0.338145,2.85756,0.0671991,1.70546,0.191217,0.0153787
106.626031746,0,0.870391,0.93744,0.222364,0.214801,0.219404,0.447692,2.78914,0.0711295,2.10881,0.127071,0
106.672471655,0.00292612,0.928219,0.799586,0.062464,0.36037,0.110917,0.366734,2.79883,0.259854,2.26624,0.0901776,0.0147686
106.718911565,0.781268,0.612719,0.645086,0.0246486,0.1029,1.55331,0.202947,2.36066,0.493897,1.98506,0.102166,0.210816
106.765351474,0.896117,0.212377,0.549856,0.0280066,0.064811,2.65786,0.118811,1.45158,0.448619,0.883903,0.144334,0.298218
106.811791383,1.21444,0.129616,0.452829,0.0328218,0.115418,3.30505,0.249493,0.422215,0.124432,0.828566,0.152855,0.436301
106.858231293,1.81285,0.14952,0.167353,0.0337864,0.0576421,3.89693,0.390544,0.0355094,0.442556,1.53864,0.183341,0.163674
106.904671202,1.83301,0.207668,0.0556849,0.038901,0.0835203,3.589,0.439518,0,0.569487,1.86969,0.167842,0.0475823
106.951111111,1.76543,0.198461,0.0517053,0.0364895,0.0738417,3.42625,0.392761,0,0.513977,1.91142,0.165836,0.011626
106.997551020,1.80974,0.118691,0.0436505,0.0342133,0.01094,3.80328,0.249292,0,0.445864,1.90574,0.136387,0.0144422
107.043990930,1.82933,0.023452,0.0100451,0.11369,0,4.05795,0.0746492,0,0.0293935,1.72821,0.0742211,0.107489
107.090430839,1.95148,0.0574669,0.0537456,0.0663307,0.239665,3.41505,0.0797635,0.517431,0.381285,1.20907,0.0269818,0.0490383
107.136870748,1.51819,0.322004,0.738841,0.00821078,0.524597,2.59784,0.70982,0.706543,0.800251,0.623121,0.205629,0
107.183310658,0.34096,1.20175,1.03402,0.0642203,0.565993,1.33683,0.952776,0.875927,0.986842,0.459846,0.833973,0
107.229750567,0.376859,1.21876,1.05963,0.123861,0.651299,1.1411,0.816384,0.902826,1.08419,0.467543,0.801448,0.124662
107.276190476,0.47084,1.25996,1.00177,0.24508,0.591847,1.00119,0.839366,1.16136,0.914576,0.585079,0.819592,0.158199
107.322630385,1.52624,0.745641,0.896946,0.147491,0.398957,1.46507,0.797096,1.59889,0.491386,0.840922,0.672172,0.3184
107.369070295,2.00805,0.8402,0.583127,0,0,1.48365,0.583873,1.82729,0.261598,0.877869,1.51321,0.191888
107.415510204,1.8887,0.568366,1.24913,0.0223804,0,1.37193,0.0358888,1.92037,0.101657,0.423158,2.14422,9.6305e-05
107.461950113,1.6526,0.233924,1.36745,0.0565659,0,1.15522,0.0829022,1.75784,0.166487,0.0689884,2.09943,0.0711485
107.508390023,1.49198,0,1.6946,0.0745495,0.0902932,1.12453,0.170306,1.53886,0.283375,0.135287,1.87287,0.173825
107.554829932,1.0362,0,2.44846,0.0016096,0.178119,0.42125,0.218165,1.70389,0.137672,0.295731,1.92,0.24346
107.601269841,0.224819,0.115468,2.42543,0,0.158934,0.361018,0.176246,2.95939,0.125792,0.218698,1.91883,0.577948
107.647709751,0.0323819,0.282904,2.28816,0.00407023,0.0883379,0.265305,0.176431,3.58467,0.0732923,0.138726,1.58326,0.872872
107.694149660,0.126692,0.571094,2.2317,0.0377873,0,0.273688,0.0734847,3.14924,0.11884,0.0790372,1.54366,0.432802
107.740589569,0.183839,0.693952,2.35555,0.104418,0.0624773,0.839104,0.0738191,2.29506,0.113775,0.232537,2.28844,0.00797396
107.787029478,0.160515,0.553064,2.35393,0.0783974,0.153212,1.1386,0.0369662,1.73206,0.0998483,0.178909,3.04953,0
107.833469388,0.147722,0.322514,2.00346,0,0.635679,1.11357,0.0291935,1.59417,0.231169,0.208704,3.18822,0
107.879909297,0.177293,0.374393,1.67258,0,1.20466,0.632625,0.0228717,1.766,0.634344,0.281234,2.45332,0.068979
107.926349206,0.108784,0.167763,1.75992,0,1.43705,0.0339619,0.021694,2.11833,0.916802,0.271561,1.88347,0.110954
107.972789116,0,0.527836,1.76481,0,1.79484,0.00242993,0.0225325,2.26185,0.639712,0.108141,1.49101,0.0515945
108.019229025,0,0.853756,1.83599,0,1.51472,0,0.0197076,2.09206,0.0520066,0.886385,1.42455,0.100937
108.065668934,0,0.751923,1.75759,0,1.28139,0.145634,0.108331,1.90909,0.0535692,1.12276,1.21452,0.063324
108.112108844,0.0290526,0.536085,1.64629,0.0211328,1.29106,0.0792693,0.137952,1.9046,0.109939,1.08356,1.2382,0.131184
108.158548753,0.23766,0.512465,1.63342,0.0149942,1.01702,0.00167632,0.0976892,2.58771,0.164872,0.704856,1.29688,0.143693
108.204988662,0.00652248,0.0675249,1.87008,0.0536269,0.352929,0.0377363,0.0214526,4.09662,0.129483,0,1.29415,0.813033
108.251428571,0.00435297,0.150784,1.78831,0.0413573,0.0918048,0.0413484,0.0279227,4.22046,0.101924,0,1.22016,1.04434
108.297868481,0.0267219,0.181416,1.93166,0.0214631,0.0994764,0.0478499,0.0463086,4.12506,0.142846,0,1.11023,1.06209
108.344308390,0.0287631,0.30238,1.63042,0.235032,0.204623,0.0699428,0.0248952,3.94656,0.0827203,0,1.41136,0.627786
108.390748299,0,0.133395,0.986487,0.29029,0.257958,0.823396,0.0319884,2.36349,0.176634,0,2.81518,0.0797061
108.437188209,0,0.025276,0.673941,0.243912,0.219683,1.06992,0.0394114,1.5216,0.233251,0.130331,2.9762,0.0693301
108.483628118,0,0,0.334372,0.249818,0.106954,1.22964,0.0461889,0.904207,0.213882,0.133121,3.12625,0.0246856
108.530068027,0.00216299,0.00779767,0.140922,0.324614,0.0305893,1.17137,0.0448793,0.259277,0.154091,0.246787,3.22923,0.000549171
108.576507937,0,0.0979595,0.407324,0.474301,0.0673432,1.29146,0.0372669,0.201596,0.183645,0.402998,3.10278,0.000610775
108.622947846,0.000641655,0.0531988,0.735253,0.495518,0.0435495,1.03472,0.13723,0.112875,0.131196,0.583374,2.70158,0.0834906
108.669387755,0.000738599,0.129264,0.780603,0.196586,0.25656,1.16509,0.0723511,0.0382985,0.0544293,0.509696,2.53815,0.0363316
108.715827664,0.0474478,0.395538,1.23289,0.00798849,0.32051,0.851609,0.0686937,0.78309,0.106636,0.55634,2.21364,0
108.762267574,0.000123342,0.484062,1.59562,0.00109281,0.355361,0.0262615,0.0717469,1.79681,0.204185,0.817749,1.61402,0
108.808707483,0,0.335845,1.20385,0.00261837,0.405917,0.0238595,0.155091,2.68414,0.607048,0.803873,0.619579,0
108.855147392,0,0.290809,0.832839,0.103284,0.453909,0.0328974,0.17711,3.19968,0.363348,0.593378,0.210057,0.0198287
108.901587302,0.296359,0.00574559,1.14948,0.283604,0.0784871,0.052068,0.334636,3.25342,0.121061,0.381171,0.230998,0
108.948027211,0.543813,0.121154,0.806646,0.240222,0.0203244,0.29152,0.420479,1.7937,0.176604,1.6942,0.233436,0.421924
108.994467120,0.829746,0.210827,0.773904,0.145002,0.0968422,0.0133751,0.461739,2.21203,0.0871192,1.00296,0.19957,0.317958
109.040907029,0.794802,0.0481914,0.971273,0.151583,0.301295,0.00185997,0.423847,2.31517,0.22455,0.216935,0.170835,0.397681
109.087346939,0.674107,0.048658,1.20539,0.184001,0.355563,0.0166986,0.317284,2.28244,0.283854,0.128899,0.0314095,0.883184
109.133786848,0.361475,0.0509583,1.45583,0.140336,0.540797,0.285799,0.0263211,2.35228,0.267905,0.11316,0,1.21475
109.180226757,0,0.0612316,1.86102,0.244241,0.679887,0.33164,0.0272448,2.37128,0.279844,0.0308957,0.240487,0.972952
109.226666667,0,0.0189667,2.06214,0.0261483,0.160881,0.0907739,0.489144,2.5636,0.328606,0,0.127086,0.488376
109.273106576,0,0.0236295,1.56121,0.130443,0,0.108405,0.0991444,3.48268,0.108876,0,0.194552,0.437801
109.319546485,0,0.0513786,1.47325,0.089266,0.034875,0.114388,0.0266561,3.72877,0.0678182,0.00147914,0.0584695,0.652055
109.365986395,0.0114634,0.051268,1.52422,0.0146176,0,0.100556,0.0260167,3.69133,0.0794535,0.00387622,0.00930602,0.798227
109.412426304,0,0.0526619,1.65498,0.0112268,0.0461527,0.127808,0.0214107,3.53258,0.086299,0.00311697,0,0.867508
109.458866213,0.0156798,0.229086,1.73365,0.0090612,0.135542,0.395415,0.0310119,3.0917,0.114992,0.00091492,0.0036479,0.995892
109.505306122,0.020734,0.484024,1.69906,0.00649225,0.0530306,1.19683,0.563545,2.3603,0.140849,0.158059,0.11812,0.908185
109.551746032,0.116551,0.0819516,2.10195,0.0115822,0.18241,1.8812,1.11189,0.905067,0.136154,0.904852,0.595129,0.130904
109.598185941,0.0317292,0.0181141,1.69702,0.0147012,0.343829,1.8038,1.25199,0.823902,0.109173,1.12511,0.240876,0.134365
109.644625850,0,0.0332709,1.9317,0.0142739,0.0750439,1.75728,1.12052,0.888665,0.0401364,1.7914,0.0397662,0.636647
109.691065760,0,0.118804,2.14956,0.0178246,0.167144,1.96101,0.962856,0.771716,0.0807504,1.83457,0.162831,0.894756
109.737505669,0.0914152,0.296629,2.48317,0.155971,0.219415,2.22531,0.809601,0.390148,0.0405644,1.69781,0.218963,0.65875
109.783945578,0.0253021,0.422848,2.54056,0.17916,0.298953,2.61983,1.0632,0.143214,0,1.92686,0.277179,0.381378
109.830385488,0,0.256846,2.57383,0.257359,0.244019,2.53367,0.840064,0.0116183,0.0334537,2.06332,0.314152,0.837385
109.876825397,0.0794564,0.398962,2.64288,0.124775,0,2.14575,0.62901,0.086565,0.0800235,2.04351,0.342915,1.14128
109.923265306,0.494643,0.479689,1.4078,0.0129682,0.208893,2.06517,0.344232,0.169215,0.0645133,1.96604,0.298105,1.36991
109.969705215,0.724021,0.226481,0.939613,0.0134147,0.518087,2.01855,0.548205,0.182906,0.0582406,1.49299,0.182406,1.07895
110.016145125,0.796356,0.0721984,1.78749,0.0134144,0.523707,1.971,0.722146,0.157239,0.0255065,1.62679,0.157787,0.763732
110.062585034,0.342941,0.0105135,2.14013,0.0137924,0.518307,2.15583,0.690368,0.256437,0.00134823,1.72698,0.995318,0.0872865
110.109024943,0.332585,0.0291625,2.32085,0.0146186,0.553197,2.20006,0.143754,0.15503,0,1.53105,1.55521,0.000935609
110.155464853,0.301379,0.0318313,2.29616,0.0147186,0.467558,2.23989,0.124999,0.324749,0.253723,1.5037,1.47943,0.00100131
110.201904762,0.289603,0.00171604,2.49096,0.0148186,0.2951,2.33622,0.123488,0.557691,0.448222,1.56917,0.983239,0.00122519
110.248344671,0,0.00173516,2.81354,0.0158504,0.186842,1.86854,0.11357,1.97077,0.356976,1.27255,0.0655475,0.0451075
110.294784580,0,0.00314649,2.56524,0.0603583,0.161934,1.57587,0,2.59981,0,1.42385,0.000715502,0.394236
110.341224490,0,0.00169245,2.45157,0.0615398,0.0569099,1.54072,0,2.21885,0,1.80666,0.000248708,0.545444
110.387664399,0,0.0017834,2.38965,0.0285385,0.629221,1.53168,0,1.60299,0,2.01431,0,0.355842
110.434104308,0,0.400832,1.67963,0.0511206,1.08877,1.45251,0.0060757,1.10207,0.139384,2.46934,0,0.188652
110.480544218,0,0.574407,1.03436,0.0457369,1.2917,1.40567,0.0270946,0.497863,0.17388,2.91081,0,0.179069
110.526984127,0,0.577988,1.12739,0.101685,1.25055,1.39649,0,0.520805,0.0586146,3.07008,0,0.219531
110.573424036,0,0.0690447,2.00767,0.247841,0.576105,1.32965,0.206142,2.54077,0,1.77958,0,0.687721
110.619863946,0,0.113364,1.92977,0.39905,0,1.1495,0.0983108,3.46349,0.0186673,1.06925,0,0.69997
110.666303855,0,0.344077,1.7412,0.300077,0,0.984479,0,3.46962,0.024096,1.70917,0,0.558702
110.712743764,0,0.779161,1.43826,0.121364,0.35189,0.820815,0.00220852,3.11449,0.0196438,2.64577,0,0.410282
110.759183673,0.10334,1.03724,0.921011,0.102155,0.867343,0.397156,0.0136984,1.94794,0.0139917,3.42526,0,0.220389
110.805623583,0.144195,0.968062,0.389223,0.117498,0.813161,0.0336732,0.0588269,1.73393,0.170363,3.60568,0.108081,0.128922
110.852063492,0,0.821183,0.577691,0.113637,0.505903,0.0526985,0.0899979,2.82839,0.286523,3.04627,0.0575459,0
110.898503401,2.91966e-06,0.328718,1.20002,0.204952,0.0545597,0.0817645,0.0390661,3.4076,0.384909,1.96611,0,0.234421
110.944943311,0.00782076,0.635984,0.990232,0.0185329,0.249674,0.0353334,0.035183,3.54171,0.264035,1.43154,0,0.00537572
110.991383220,0.0832638,0.880661,0.0535951,0.0131949,1.07071,0,0.240773,2.84158,0.0742808,2.94057,0.00660582,0
111.037823129,0.0499931,0.917208,0.00912154,0.00441081,1.099,0.192928,0.203038,1.82034,0.239086,3.66751,0,0.000116196
111.084263039,0.00616246,0.911731,0,0,1.07054,0.258617,0.0215965,1.97748,0.562499,3.40475,0,0.00352795
111.130702948,0.014409,0.620652,0.106283,0.0161233,0.866866,0.319072,0,3.28493,0.639943,2.20036,0.0844266,0.227752
111.177142857,0.0176648,0.181818,0.756376,0.0323844,0.436086,0.277107,0,4.02492,0.372836,0.476739,0.13248,0.46942
111.223582766,0.0114474,0.0137068,0.912205,0.197348,0,0.182117,0.012817,4.11094,0.0909483,0.288735,0.300617,0.546055
111.270022676,0.00063552,0.0237928,0.452769,0.447774,0.445949,0.129592,0.517348,3.59864,0.0259562,1.05409,0.267653,0.597163
111.316462585,0.000480249,0.0263898,0.349229,0.42876,1.14179,0.0105071,0.900033,2.35763,0.0856092,2.62876,0.164594,0.623369
111.362902494,0.000724836,0.0497925,0.403962,0.161719,1.16155,0.0126869,0.798471,1.6369,0.200579,3.15838,0,0.30686
111.409342404,0.00195284,0.0790586,0.411548,0.806403,1.17937,0.0200309,0.585623,1.87817,0.282798,2.79234,0.0252481,0.186262
111.455782313,0.00243986,0.22948,0.399036,1.03401,1.3238,0.0329794,0.278613,2.36459,0.425337,1.95612,0.0069851,0.196641
111.502222222,0.203603,0.433306,0.495698,1.44504,1.14151,0.0346922,0.0638883,2.7203,0.156669,0.919874,0.0728392,0.497383
111.548662132,0.539898,0.345035,0.469115,1.50316,0.953719,0.36762,0.164628,2.81828,0.0307896,0.441298,0.103085,0.800086
111.595102041,1.52205,0.344456,0.812709,0.813364,0.283689,0.633825,0.866491,1.34687,0.0516159,0.910018,0.0733602,0.124203
111.641541950,1.79223,0.281265,0.711105,0.0253793,0.196194,1.61553,0.840074,1.1578,0.0708968,0.959248,0.00469334,0.195679
111.687981859,1.90806,0.146122,0.491804,0.0073769,0.279507,1.99043,0.685668,0.997074,0.0960483,0.914611,0.0363718,0.273885
111.734421769,2.15208,0.0859037,0.422385,0.0131132,0.751876,1.98323,0.245661,0.451592,0.276383,1.20921,0.412068,0.397061
111.780861678,2.42641,0.00912908,0.180494,0.0158978,0.991836,1.8091,0.0595379,0.326173,0.327565,1.47957,0.188821,0.279194
111.827301587,2.49529,0.0482422,0.166916,0.0425727,1.08059,1.31534,0.124174,0.939238,0.350267,1.30476,0.177237,0.0414709
111.873741497,1.95681,0.135638,0.0938757,0.108612,0.857865,1.48693,0.255315,2.56414,0.275976,0.864317,0.0628723,0.524174
111.920181406,1.3722,0.144805,0.0471009,0.184205,0.615247,1.79611,0.18419,2.8804,0.102961,1.43902,0.000246436,0.899182
111.966621315,1.45053,0.180057,0.0857251,0.0563915,0.394387,1.59614,0.10841,2.45232,0.0510274,1.55381,1.17101,0.804503
112.013061224,1.82966,0.329446,0.255773,0.0206464,0.285374,1.48369,0.0268619,2.13102,0.0337687,1.43189,1.37953,0.55976
112.059501134,1.83141,0.357308,0.4422,0.0258036,0.323746,1.26998,0,2.24081,0.0363827,1.38659,1.53728,0.351897
112.105941043,1.88189,0.319802,0.762553,0.0896668,0.606263,1.03125,0.00745161,2.18922,0.0173434,1.28418,1.61792,0.261461
112.152380952,1.78638,0.198034,1.03493,0.25644,0.979724,0.159937,0.244208,2.02282,0.00666173,1.1358,1.41353,0.598954
112.198820862,1.84861,0.0112448,1.10106,0.540611,0.0872013,0.839407,0.0911014,1.57568,0.0212063,1.18147,1.27199,0.189391
112.245260771,1.59498,0,0.911373,0.489577,0,1.17225,0.0934695,1.22644,0.017421,1.03878,1.21784,0.198566
112.291700680,1.45108,0.0181033,1.07225,0.375272,0.00676525,1.25084,0,1.25346,0,0.886524,1.30654,0.151019
112.338140590,1.0036,0.143723,1.1576,0.313257,0.0125219,1.38417,0,1.48037,0,0.566869,1.8384,0.169143
112.384580499,0.781162,0.415325,1.53371,0.149937,0.0238685,1.32682,0.0231898,1.54319,0,0.00501077,3.18467,0.346952
112.431020408,0.21735,0.356866,1.52314,0.0351319,0.0226942,1.17031,0.0236162,1.48687,0,0,3.82397,0.474635
112.477460317,0.00543564,0.24093,1.44135,0.0250426,0.0262663,1.07053,0.00932523,1.21069,0.00529105,0,3.9481,0.485273
112.523900227,0,0.1773,2.00302,0.0180544,0.0259212,0.893015,0.00666811,1.254,0.00563319,0.0141749,3.70413,0.462491
112.570340136,0.000104985,0.125859,2.41739,0.00523273,0.0198081,0.576142,0,1.83383,0.087624,0.122752,2.40392,0.655459
112.616780045,0.0143485,0.0752336,2.69643,0.10017,0.0236123,0.282358,0,2.59932,0.148681,0.00957198,1.05205,0.756568
112.663219955,0.0106532,0.215705,2.65642,0.161242,0.178472,0.154993,0,2.76983,0.135978,0,0.928287,0.733112
112.709659864,0,0.542979,2.11813,0.157474,1.12856,0.019776,0.00050923,2.73207,0,2.03098,0.94297,0.344182
112.756099773,0,0.577977,1.06603,0.0402085,1.43529,0.0133204,0.0068845,1.52309,0,3.41007,0.555371,0.350577
112.802539683,0,0.592621,0.922183,0.0342415,1.35046,0.042158,0.00266571,1.1643,0.068033,3.62789,0.108386,0.350435
112.848979592,0.0298375,0.499159,0.824031,0.0449735,1.32182,0.06644,0.0802073,2.04988,0,2.99957,0.0319823,0.377134
112.895419501,0.0341926,0.581031,1.82301,0.0300665,0.988647,0.0561069,0.124857,2.24189,0,2.00934,0.000284438,0.575968
112.941859410,0.0271026,0.357121,2.76728,0.011661,0.229612,0.0594652,0.0935805,3.22265,0.00479389,1.40515,0.00583482,0.483168
112.988299320,0.0316258,0.0711497,2.88273,0.01463,0.0662855,0.0890545,0.167054,3.62783,0.00894992,0.862734,0.0172512,0.91052
113.034739229,0.0472812,0.369235,2.40874,0.0189339,0.106645,0.103562,0.398684,3.02747,0.00219204,1.3856,0.106264,0.479908
113.081179138,0.0585019,0.50013,1.96475,0.0237964,0.492221,0.00816303,0.338384,1.90281,0,1.96374,0.121198,0.557785
113.127619048,0.00640147,0.536644,1.36714,0.0104126,1.46143,0.0136555,0.177925,1.53823,0.219288,2.51822,0.0286002,0.356976
113.174058957,0.0330245,0.444798,0.626722,0.188148,1.52698,0.0239188,0.0771927,1.15784,0.526755,3.35663,0.0463912,0.278301
113.220498866,0.000367312,0.43793,0.951336,0.0885439,1.27983,0.0552413,0.0175075,0.60281,0.471471,3.79076,0.0602704,0.16744
113.266938776,0.0414828,0.474755,0.727844,0.0106093,1.09204,0.411015,0.172782,0.457617,0.267389,4.02381,0.0687884,0.188473
113.313378685,0.00016004,0.521428,0.00419028,0.25059,0.687718,0.695094,0.210119,0.355003,0.307927,3.90602,0.187046,0.226671
113.359818594,0.000447662,0.577939,0.0760085,0.213377,0.475825,0.31382,0.00818678,0.495031,0.0507173,4.01924,0.195723,0.198947
113.406258503,0.000472453,0.520829,0.0986283,0,0.471746,0.223686,0.0188787,2.2252,0.027913,3.74382,0.183415,0.0882977
113.452698413,0.000560757,0.397803,0.43216,0,0.336682,0.172008,0.179034,3.57344,0.136371,2.89646,0.205854,0.120766
113.499138322,0.0006667,0.407975,1.22766,0.0705499,0.193454,0.210545,0.0885487,4.13546,0.0232942,1.37867,0.195733,0.0593921
113.545578231,0.000386695,0.644369,1.62525,0.131398,0.0228828,0.0376432,0.0345208,4.34108,0.0069593,0.227217,0.114748,0.33801
113.592018141,9.55254e-05,0.612398,1.41327,0.164982,0.417958,0.027503,0.103441,3.87154,0.0715158,0.562764,0.186139,0.110917
113.638458050,0.000144466,0.474096,0.705992,0.0741036,1.27504,0.0338161,0.158616,1.63524,0.83252,2.33747,0.391682,0.0652837
113.684897959,0.000122834,0.369069,0.196389,0.331196,1.4086,0.0632707,0.107978,0.482848,0.620972,3.65957,0.0762504,0.0924577
113.731337868,3.93911e-05,0.519881,0.00134011,0.371942,1.35526,0.063321,0.0643458,0.586035,0.243454,4.24439,0.0279313,0.0717431
113.777777778,0,0.666142,0.00191984,0.174463,1.28358,0.0618478,0.0307038,0.588497,0.200519,4.32599,0.0547897,0.0696872
113.824217687,0.0251425,0.784193,0.00420252,0.143151,1.15526,0.0479239,0.0112617,0.603105,0.337126,4.21396,0.0784103,0.118706
113.870657596,0.660064,1.01006,0.0592313,0.0102562,1.17785,0.497214,0.0350848,0.527557,0.454713,3.70432,0.129095,0.0461264
113.917097506,0.758367,0.313998,0.244615,0.00271819,0.797218,1.44327,0.033958,0.558552,0.925314,2.29666,0.0940661,0.459705
113.963537415,0.622331,0.347378,0.144349,0.254867,0.941171,1.99403,0.017069,0.587486,0.847603,0.505111,0.00493294,0.862064
114.009977324,0.565196,0.224308,0.108092,0.532957,0.770598,2.23615,0,0.122345,0.189773,0.798268,0.0321596,1.0505
114.056417234,0.520557,0.229387,0.00053194,0.616124,0.631973,2.63321,0.240882,0.424852,0.495814,1.19801,0.00623145,0.777025
114.102857143,0.913097,0.416476,0,0.496429,0.463221,2.49936,0.0988865,0.584858,0.509168,1.91939,0.0837953,0.198672
114.149297052,0.604838,1.17353,0.0852521,0.16248,1.13484,1.13989,0.056441,1.00801,0.459554,2.99091,0.228801,0.0384518
114.195736961,0,1.14671,0,0,1.02634,0.559368,0.0541473,1.04792,0.297736,3.29213,0.228792,0.0550323
114.242176871,0,0.94016,0,0.00242697,0.894226,0.424686,0.0634202,0.798891,0.243184,3.29595,0.172114,0.0696511
114.288616780,0,0.658108,0.00112119,0.00853763,0.793831,0.912056,0.194878,0.627804,0.265744,3.07803,0.00672177,0.00103048
114.335056689,0.580847,0.717537,0.00372633,0.0378582,0.558156,2.11918,0.249835,0.400122,0.314803,2.67476,0.00319398,0.000586889
114.381496599,1.01487,0.609276,0.00359074,0.0496575,0.397905,2.54777,0.379377,0.33931,0.313133,2.38704,4.17323e-05,0
114.427936508,1.50209,0.359008,0.00517906,0.119691,0.084866,3.29553,0.436862,0.33388,0.060738,2.01953,0.0767308,0
114.474376417,1.26695,0.466121,0.33033,0.0570597,0.600754,3.50018,0.0196399,0.263915,0.0276737,1.97375,0,0
114.520816327,0.863256,0.624873,0.667955,0.276151,0.731595,3.28865,0.0453675,0.374676,0,2.00937,0,0
114.567256236,0.831131,0.484186,1.38922,0.278255,0.492878,3.29917,0.0523282,0.421726,0,1.77518,0.0349334,0
114.613696145,0.943156,0.376619,2.23984,0.123961,0.238226,3.0562,0.0892307,0.332034,0.0254162,1.5814,0.0940274,0
114.660136054,0.740913,0.385341,2.51756,0.358983,0.0148223,1.9313,0.147085,0.0103385,0.0442252,1.26131,0.203546,0.093761
114.706575964,0.000190624,0.623795,1.60575,0.597842,0.712941,0.977017,0.171462,0.208547,0.0641448,0.591972,0.384844,0.369919
114.753015873,0.0628033,0.659482,1.69826,0.685652,1.02421,0.711922,0.342421,0.430104,0.0932718,0.307644,0.340821,0.240058
114.799455782,0.0440781,0.618538,1.71263,0.602604,1.31369,0.747399,0.448311,0.620655,0.0831468,1.71974,0.223039,0.0878334
114.845895692,0.0861566,0.670522,1.54496,0.35541,1.45318,0.588098,0.29304,0.62892,0,2.62751,0.0344886,0.0162396
114.892335601,0.106378,0.814186,1.6533,0.0490045,1.42818,0.394568,0.00701552,0.523774,0.000180301,2.93504,0.0547009,0.0335446
114.938775510,0.205008,0.810451,1.92528,0.045512,1.12102,0.162469,0.23049,0.217455,0.000685207,2.82936,0.337756,0.000997882
114.985215420,0.262238,0.613457,1.87701,0.0159542,0.630468,0.688521,0.347277,0.227577,0.0855394,2.91505,0.82862,0.000970447
115.031655329,0.30923,0.620773,1.61166,0.0500094,0.258196,1.15531,0.378889,0.322963,0.0819376,3.32841,0.45273,0.000892209
115.078095238,0.390709,0.426004,1.45435,0.132034,0.47379,1.30425,0.460101,0.297121,0,3.43289,0.468606,0.000829047
115.124535147,0.588501,0.376917,1.41705,0.154708,0.775666,1.35534,0.499362,0.555963,0,3.30133,0.223573,0.0237882
115.170975057,0.677867,0.424156,1.92489,0.138189,1.05947,0.695721,0.3916,1.09453,0,2.5875,0.0578209,0.0344294
115.217414966,0.677675,0.48729,2.37096,0.129115,0.896282,0.0712004,0.241356,1.51221,0,2.1989,0.0132995,0.0876371
115.263854875,0.579869,0.437358,2.60225,0.173718,0.39967,0.0382548,0.128685,2.01902,0,2.03362,0.0177718,0.0792185
115.310294785,0.532462,0.330268,1.92882,0.258558,0.816925,0.387904,0.0980395,1.51159,0.00411898,2.46216,0.0617991,0.177649
115.356734694,0.432144,0.345535,1.24707,0.268593,0.871011,0.668818,0.0422955,1.23086,0.0128755,3.25539,0.13983,0.398164
115.403174603,0.245743,0.422858,0.793302,0.114591,1.02274,0.581661,0.0997484,0.769153,0.0127779,3.93037,0.179867,0.367381
115.449614512,0.0254741,0.599902,1.27416,0.0853676,1.07106,0.631666,0.0253841,0.765801,0.000982399,3.82047,0.178941,0.203845
115.496054422,0.0824088,0.568,1.98448,0.22293,0.594183,0.0274595,0.0177208,2.09498,0.0431101,3.26888,0.00400542,0.00121687
115.542494331,0.000407816,0.0258559,2.16803,0.0114195,0.0881014,0.165013,0.00567293,3.26857,0.151803,2.08274,0.0339727,0.14095
115.588934240,0.00030539,0.0395487,1.60852,0.187897,0.237474,0.225087,0.056192,3.60457,0.204475,1.71474,0,0.205374
115.635374150,0.000520883,0.269249,0.41571,0.25626,0.81437,0.0834565,0.065343,2.54187,0.0710393,3.6491,0,0.108919
115.681814059,0.000605414,0.401882,0.336262,0.159483,1.02282,0.106138,0.178484,1.07558,0.00629561,4.13995,0,0.109802
115.728253968,0.000248175,0.424727,0.729219,0.209121,0.823779,0.0555721,0.0803582,1.97938,0.0324487,3.82651,0.0800272,0.053815
115.774693878,0,0.196573,0.973547,0.210848,0.130104,0.041157,0.0289879,3.56232,0.0971416,2.80375,0.110316,0.33192
115.821133787,0.00933337,0.0192416,1.14752,0.213612,0.0921428,0.0353318,0.0254281,4.16673,0.0883677,0.941924,0.0698833,0.663824
115.867573696,0.148419,0.0030516,1.09819,0.213874,0.0594587,0.110774,0.164623,4.09918,0.0658822,0.15434,1.08431,0.670843
115.914013605,0.303241,0.00321427,1.15504,0.211035,0.0755133,0.159307,0.348075,3.07197,0.0195594,0.0269662,2.22226,0.721621
115.960453515,0.167939,0.00232817,0.946479,0.0083259,0,1.20742,0.393152,1.82147,0.0178187,0,3.0874,0.749754
116.006893424,0.14174,0.000610577,0.811395,0.0153498,0.186728,1.3948,0.381909,0.0819897,0.0804081,0.121201,4.00776,0.150614
116.053333333,0.136696,0,0.609962,0.0142543,0.0459356,1.43205,0.455261,0.0298574,0.074347,0.218088,4.18479,0.0725604
116.099773243,0.12455,0.0827522,0.613903,0.0802144,0.0474321,1.67265,0.0225895,0.00767473,0.145851,0.153926,4.16339,0.0327821
116.146213152,0.0528175,0.202527,0.493878,0.0548175,0.0471757,1.47661,0.0166951,0.00613992,0.216659,0.380727,4.00512,0.0848606
116.192653061,0.0139318,0.21996,0.671676,0,0.0673751,1.68457,0.00789774,0,0.265967,0.964521,3.40889,0.162842
116.239092971,0.000673915,0.317382,1.11753,0.348168,0.0513719,1.69786,0,0.976838,0.409412,1.27069,1.74056,0.371477
116.285532880,0.0252177,0.238045,1.26553,0.50932,0.0416928,0.492924,0,2.64533,0.396845,1.6625,0.223936,0.480669
116.331972789,0.000698716,0.192402,1.22151,0.520853,0.0127111,0.194927,0,3.52697,0.302673,1.58845,0.0808497,0.463078
116.378412698,0.0378394,0.255789,1.14728,0.183319,0,0.14789,0.0300147,4.14753,0.424694,1.10915,0.00861197,0.614414
116.424852608,0.0229649,0.0473442,2.04706,0.108858,0.287943,0.259665,0.301389,3.48897,0.161792,0.137495,0.605587,0.719562
116.471292517,0.0725169,0.342518,2.09842,0.254481,0.427515,0.276846,0.301554,2.70002,0.724839,0.0920563,0.975717,0.873639
116.517732426,0.0722725,0.518548,2.10922,0.301425,0.373627,0.276191,0.258047,2.22271,0.982832,0.0865239,1.06645,0.958818
116.564172336,0.0690962,0.744372,1.98294,0.291164,0.475103,0.259865,0.063357,2.249,0.982099,0.0473379,1.07027,0.863089
116.610612245,0.152531,0.799132,1.8245,0.291744,0.500222,0.218788,0.0102933,2.85678,0.732433,0.0849994,0.981047,0.759377
116.657052154,0.303632,0.492235,1.8588,0.0819679,0.291785,0.0997148,0.00640753,3.23771,0.639465,0.0714905,0.956243,0.657762
116.703492063,0.18038,0.455255,1.83067,0.00542314,0.0524324,0.0926588,0.00815602,3.30998,0.85096,0.0368801,1.08304,0.785557
116.749931973,0.0689613,0.255973,2.18998,0,0.201991,0.27216,0.0138594,2.868,1.30073,0,1.23653,0.652138
116.796371882,0.0543188,0.24087,2.47525,0.0201126,0.0923569,0.319647,0.106628,2.64264,1.33779,0.0308075,1.65724,0.720512
116.842811791,0.0807878,0.104907,2.44771,0.0186855,0.180134,0.118161,0.170163,2.63295,0.87658,0.349918,1.9113,0.901331
116.889251701,0.0468315,0.071248,2.36279,0,0.202527,0.153188,0.193555,3.13156,0.185251,0.353398,2.09597,0.599194
116.935691610,0.0109253,0.0709073,2.13663,0,0.128544,0.105689,0.0962886,3.81282,0.0938056,0.11852,2.29183,0.466845
116.982131519,0.241428,0.00189447,1.74469,0.090438,0.0300092,0.111765,0.174111,3.65112,0.0591283,0.145588,2.00991,0.943237
117.028571429,0.387329,0.0627451,1.42356,0.247341,0.292531,0.875821,0.0679258,2.27536,0.0768155,0.183381,1.93917,0.334458
117.075011338,0.524982,0.0608374,1.26059,0.252371,0.311466,0.86472,0.0644534,2.07364,0.0431354,0.114926,2.33361,0.320091
117.121451247,0.45817,0.0211453,1.40081,0.201494,0.197467,1.27469,0.0380681,2.03899,0.0328324,0,2.95342,0.251029
117.167891156,0.277646,0,1.55927,0.00254691,0.0203565,1.54374,0.0254994,2.06121,0.0608976,0,3.54631,0.147759
117.214331066,0.139051,0,1.41944,0.0037884,0.0188798,1.55545,0.0267128,2.03041,0.166753,0.000117478,3.89865,0.00933549
117.260770975,0.0908641,0,1.25441,0.00655521,0.0175171,1.44224,0.0327679,1.87746,0.232944,0,4.1514,0.0004896
117.307210884,0,0,1.30234,0.0054691,0.00406715,1.34804,0.0381835,1.8074,0.237097,0,4.28967,0.000400157
117.353650794,0,0.0311368,1.4462,0,0,1.26096,0.0411904,1.83794,0.228424,0,4.30958,0.000350768
117.400090703,0,0.0902136,1.57602,0,0.0263772,1.04667,0.0407339,1.73871,0.198966,0.000712952,4.23575,0.000424193
117.446530612,0,0.0787302,1.74796,0,0.0213084,0.7924,0.0373667,1.64508,0.0971413,0.399793,4.01138,0.000480503
117.492970522,0,0.00486141,2.00495,0,0.0303108,1.05655,0.0342283,1.47666,0.0464152,0.464531,3.86132,0.000484557
117.539410431,0,0.0106886,1.9237,0.085113,0.0999363,1.14909,0.0304388,1.25865,0.0629075,0.196192,3.8346,0.000514356
117.585850340,0,0.00666876,1.93342,0.106484,0.109364,1.16135,0.0262238,0.977546,0.0803402,0.000839474,3.93592,0.000669305
117.632290249,0,0,2.04789,0,0.0980354,1.10047,0.0219235,0.407337,0.501921,0.252145,3.92771,0.000633286
117.678730159,0,0,1.96816,0.00908835,0,1.14844,0.0344811,0.348229,0.77667,0.720696,3.61496,0.000549712
117.725170068,0,0,1.34343,0.0201549,0.0270702,1.24859,0.0523478,0.361133,0.664091,0.746486,3.52314,0.000433591
117.771609977,0,0,0.532408,0.0214288,0.39948,1.28461,0.0630642,0.308718,0.387537,0.157333,4.21101,0.000337148
117.818049887,0.0238467,0,0.472017,0.367202,0.0935158,1.39797,0.0710144,0.0797397,0.240356,0.00825333,4.20193,0.000325196
117.864489796,0.0603779,0.115934,0.851544,0.00281298,0.478331,1.81012,0.171097,0.386806,0.596832,0.186219,4.02295,0.000311373
117.910929705,0.0661254,0.375019,1.34057,0.29193,0.543303,2.10243,0.117141,0.0633111,0.872657,0.373851,2.98004,0.000206152
117.957369615,0.10486,0.844906,1.29393,0.356951,0.489872,1.99544,0.0235209,0.00798536,1.02994,0.130714,2.29951,0
118.003809524,0.484134,1.22155,1.13347,0.358664,0.435358,1.73739,0.0386645,0.159497,0.977636,0.0648886,0.950766,0.14018
118.050249433,0.369517,1.28377,1.25075,0.316203,0.269938,1.7023,0.00836265,0.453563,0.61324,0.0926749,1.36008,0.310151
118.096689342,0.361029,0.264967,1.29249,0.385969,0.0878645,1.57434,0,0.434687,0.224192,0.112182,3.28999,0.443071
118.143129252,0.194583,0.212145,0.876759,0.38871,0.052449,1.07741,0,0.119623,0.145582,0.0918109,4.08686,0.423687
118.189569161,0.26164,0.143712,0.332497,0.0213421,0.318215,0.877093,0.00469743,0.166261,0.135097,0.141912,3.99498,0.404168
118.236009070,0.277,0.0966111,0.170399,0.01519,0.458604,0.730949,0.0569,0.589079,0.501214,0.532511,3.38327,0.192726
118.282448980,0.458731,0.10334,0.266518,0.0653231,0.503945,0.967995,0.197424,0.841505,0.491601,0.571191,2.94316,0.000102955
118.328888889,0.519834,0.0536047,0.0366937,0.0184888,0.391968,0.899967,0.131266,0.64921,0.321932,0.265332,3.72378,0.131323
118.375328798,0.23433,0,0.434573,0.0245437,0.40981,1.37126,0.00843764,0.225527,0.235485,0.139653,4.1319,0.000294683
118.421768707,0.170612,0,0.862689,0.017196,0.940372,1.84014,0.0120421,0.0817216,0.202292,0.400558,4.04497,0.000128399
118.468208617,0.152896,0,1.23881,0.00506369,0.921766,1.83546,0.0149194,0.144709,0.167699,0.53882,3.94325,0
118.514648526,0.0923575,0,1.39497,0.000536463,0.73073,1.69143,0.0187184,0.240593,0.151033,0.473227,3.80398,0
118.561088435,0.0204043,0,1.45816,0,0.620463,1.57,0.0217141,0.282882,0.111864,0.0452976,4.01675,0
118.607528345,0,0,1.4006,0,0.70992,1.31273,0.0203919,0.298576,0.0901692,0.00258152,4.28841,0
118.653968254,0,0.0500556,1.97967,0.0986278,0.232497,1.23773,0.0161398,0.233169,0.121917,0,4.29265,0
118.700408163,0.00559933,0.0502889,2.34654,0.365666,0.00715018,1.2845,0.0793772,0.391607,0.0840702,0,4.10685,0
118.746848073,0,0,2.1613,0.209963,0.214467,2.04945,0.164141,0.721524,0.0849214,0.147157,3.53578,0
118.793287982,0,0.0079058,2.15506,0.275018,0.380376,2.02317,0.0235205,1.1628,0.208137,0.424062,2.99818,0.000311976
118.839727891,0,0.295688,1.72516,0.267723,0.487011,2.16507,0.0172504,1.29646,0.174529,0.331787,2.11103,0.000427135
118.886167800,0.0778187,0.101145,1.58642,0.174364,0.647055,2.33059,0.00814892,1.12714,0.115922,0.198671,2.28759,0.0278667
118.932607710,0.509975,0.148881,1.32,0.182832,0.793647,2.36557,0.0112107,1.54075,0.108762,0.0924295,2.29794,0.120445
118.979047619,1.73812,0.165511,0.772042,0.408173,0.862052,1.96052,0.0153027,1.53552,0.130343,0.135518,2.21753,0.125045
119.025487528,2.51837,0.210091,0.0729826,0.366353,0.610637,1.7445,0.48246,0.902478,0.316052,1.42804,1.03267,0.118887
119.071927438,2.36578,0.173878,0.0753876,0.0143179,0.939319,1.2305,0.0214664,1.10019,0.707511,1.92543,0.83003,0.107647
119.118367347,1.07149,0.568297,0.425849,0.0142546,1.37102,1.1576,0.0280124,1.20921,0.682177,2.40512,0.476427,0.0473341
119.164807256,0,1.21432,0.880277,0.0152846,1.37853,0.7259,0,0.827029,0.226151,3.15443,0.00373232,0.131827
119.211247166,0.164407,1.38267,0.888898,0.0147263,1.14418,0.611539,0,0.272298,0.059942,3.21932,0.00824314,0.298169
119.257687075,0.0815328,1.41447,1.2063,0.0199023,0.997498,0.80706,0,0.277485,0.0384791,2.94638,0.00771127,0.111596
119.304126984,0,1.33302,1.64522,0.0241157,0.732003,1.02258,0,0.309368,0.11666,2.90862,0.00241487,0.138825
119.350566893,0,1.09946,1.76047,0.0251908,0.664568,1.28757,0,0.15029,0.104884,3.1789,0.212318,0.252044
119.397006803,0,0.939487,1.73468,0.0164568,1.01642,1.38326,0,0.0471483,0.117435,2.93467,0.346,0.18834
119.443446712,0,0.779506,1.49057,0,1.39131,1.29951,0.0252792,0.0597656,0.00149687,2.83099,0.48029,0.11116
119.489886621,0.000374053,0.609377,1.41835,0,1.33884,1.3462,0.0357961,0.234476,0,2.87765,0.314329,0.116648
119.536326531,5.18623e-05,0.806424,1.44571,0,1.27557,1.3251,0,0.478854,0.221769,2.81403,0.18852,0.083796
119.582766440,0,0.930324,1.34706,0.0116742,1.35256,1.09452,0.00394611,2.03814,0.348027,1.58702,0.0149568,0.0325747
119.629206349,0,0.660605,1.3848,0.00408247,1.22764,0.849263,0.0674604,3.41842,0.200491,0.242398,0.000489358,0.0366958
119.675646259,0,0.0682683,2.20054,0.00694265,0.362303,1.16677,0.0686495,3.97785,0.00612308,0.0765343,0.00101741,0.528688
119.722086168,0.000280751,0.0165686,2.63528,0.00608385,0.25856,1.09428,0.075615,4.07609,0.00783421,0.127436,0.00154281,0.68932
119.768526077,0.000432625,0.242155,2.71496,0.00903877,0.283122,0.783555,0.0654996,4.0993,0.00120686,0.148818,0.00156894,0.746181
119.814965986,0.000269831,0.341176,2.75671,0.0195018,0.447451,0.663744,0.0438981,4.02381,0,0.189501,0.00108334,0.550573
119.861405896,0,0.400354,2.8687,0.0126199,0.301818,0.609687,0.0397219,3.89946,0,0.224374,0.000138983,0.389081
119.907845805,0,0.434984,2.99845,0.0524509,0.365383,0.479655,0.0426121,3.53699,0,0.446453,0,0.294109
119.954285714,0,0.812556,2.69057,0.240667,1.05726,0.368027,0.200433,2.34368,0,1.00028,6.99036e-05,0.000218233
120.000725624,0,0.799111,2.22368,0.333132,1.00224,0.340526,0.467601,1.46647,0.00897167,1.92451,0.000139473,0.000266965
120.047165533,0.00479331,0.902447,2.0317,0.306906,0.766089,0.374103,0.325671,0.781599,0.00676931,2.97837,9.82227e-05,0.000224363
120.093605442,0.162545,0.96086,1.97074,0.262237,0.875616,0.0890279,0.0527165,1.19325,0.098354,2.91948,0,5.656e-05
120.140045351,0.150208,0.604994,2.22848,0.120336,0.76046,0.0334911,0.0502543,2.70841,0.464412,2.14666,0.0481769,0.0940066
120.186485261,0.196261,0.244616,2.23921,0.216775,0.294644,0.00654185,0.00519777,3.84251,0.263101,1.05979,0.116932,0
120.232925170,0,0.0781315,1.93897,0.230757,0.643333,0.13559,0.0406994,3.84095,0.302825,0.0440179,0.237514,0.122318
120.279365079,0.0460387,0.913149,1.69692,0.361621,0.849206,0.379615,0.0311404,2.70129,0.317345,0.669324,0.32465,0.0364957
120.325804989,0,1.23768,1.34462,0.335666,1.38285,0.814806,0.0903427,1.45907,0.255337,1.68726,0.38924,0.113325
120.372244898,0.0618375,1.21408,1.08464,0.887942,1.36062,0.562112,0.00791119,1.25051,0,2.43293,0.183869,0.150754
120.418684807,0.147799,0.403741,1.71057,1.16921,0.458623,0.310816,0.0539819,2.53069,0.0498112,2.26612,0,0.232563
120.465124717,0.17091,0.17064,1.57154,0.941755,0.369287,0.328172,0.0617819,3.41529,0.335669,1.27995,0.0478541,0.433597
120.511564626,0.25454,0.00598784,1.34773,0.250017,0.459279,0.41012,0.0509782,3.62548,0.272489,0.413375,0.310693,0.563014
120.558004535,0.243197,0.180254,1.14983,0.13191,0.623065,0.428041,0.0190842,3.27682,0.0458743,0.567995,1.23729,0.533683
120.604444444,0.168468,0.302064,0.667493,0.244651,0.657218,1.59765,0.0129593,2.80396,0.00762721,0.411517,1.80519,0.594811
120.650884354,0.169214,0.238495,0.873677,0.161907,0.660542,2.1051,0,1.03803,0.0522277,0.124976,2.9946,0.273795
120.697324263,0.276091,0.129453,1.49369,0.144915,0.395938,1.92086,0.00629514,0.556584,0.0792536,0.0389537,3.58157,0.264925
120.743764172,0.272684,0.213084,1.83967,0.0280334,0.430806,1.39248,0.0153747,0.0710131,0.125821,0.0384616,4.06126,0.119721
120.790204082,0.21937,0.107692,1.44127,0.0795398,0.318516,1.9444,0.417625,0.495493,0.33701,0.0967093,3.09832,0.11076
120.836643991,0.0918698,0.576943,1.25218,0.421261,0.191927,2.45404,0.0354854,0.69185,0.250816,0.634734,2.38812,0.0592713
120.883083900,0.0870439,0.648811,1.1514,0.634793,0.113964,2.94129,0.0186765,1.24315,0.247061,1.12964,0.874993,0.0607185
120.929523810,0.172669,0.152801,1.56349,0.829438,0.189325,2.04236,0,2.56642,0,1.15018,0.0466341,0.52067
120.975963719,0.251658,0.165119,1.73067,0.682602,0.196719,1.53253,0.00224323,2.92292,0.0207343,0.943541,0.0049035,0.852742
121.022403628,0.274801,0.222875,1.51694,0.295608,0.248698,1.34625,0.0183776,3.70591,0.0494955,0.278088,0.00605936,0.921935
121.068843537,0.369067,0.114979,1.4274,0.0366498,0.0582751,0.556244,0.0281064,3.94935,0.0689355,0.295192,0.057711,1.05698
121.115283447,0.0843728,0.230273,1.26984,0.038279,0.311319,0.362427,0.0256451,4.00984,0.0978836,0.3423,0.390419,0.840927
121.161723356,0.0521691,0.563677,0.907387,0.0708539,0.306013,0.277397,0.0131471,3.69668,0.117308,0.384449,0.542049,0.866581
121.208163265,0.0422282,0.816197,0.610671,0.0708232,0.35215,0.437532,0,3.38743,0.141632,0.166431,0.697058,1.02192
121.254603175,0.0196271,0.886186,1.12711,0.193781,0.452369,0.238056,0.00386877,3.44931,0.0955496,0.0786673,0.882008,1.08921
121.301043084,0.0259887,0.46637,1.60479,0.0512426,0.473893,0.160433,0.00275301,3.89858,0.137504,0.000585358,0.75245,1.08287
121.347482993,0.101445,0.328605,2.06226,0.00629368,0.0738587,0.0229006,0.0116229,3.86476,0.125825,0.216272,0.645585,1.03909
121.393922902,0.0557011,0.390128,2.14007,0.0113788,0,0,0.0210903,3.62529,0.334456,0.446344,1.28248,0.886018
121.440362812,0,0.192337,2.64487,0.0850412,0,0,0.0949127,3.18292,0.223872,0,1.82027,0.667259
121.486802721,0,0.0792772,2.55568,0.0230559,0.0710404,0.104574,0.19369,3.27536,0.396266,0.112441,2.31734,0.573617
121.533242630,0,0.0289734,2.57643,0.0256427,0.171288,0,0.237759,3.41489,0.24799,0.26823,2.39951,0.519646
121.579682540,0,0.00773146,2.36634,0.0236872,0.129937,0.0226805,0.181849,3.36164,0.094467,0.25178,2.335,0.417614
121.626122449,0.523992,0,1.6351,0.0918478,0.469666,0.0372159,0.234105,3.51176,0.0619387,0.141188,1.92592,0.521006
121.672562358,0.723224,0.00207502,1.5351,0.262008,1.01775,0.0367638,0.0406959,2.73857,0.550278,0.0756942,1.90013,0.417849
121.719002268,0.443257,0.0801812,1.52483,0.289855,1.04288,0.286883,0.044154,1.90798,0.740811,0,2.05078,0.130692
121.765442177,0.216156,0.0068912,1.51854,0.244379,0.845328,0.349404,0.0321764,2.01549,0.780944,0,2.36659,0.148061
121.811882086,0.0908521,0,1.74042,0.0917842,0.642833,0.300187,0.0257246,2.79029,0.708903,0.0559467,2.52195,0.123912
121.858321995,0,0,2.14567,0.0728388,0.405186,0.0146175,0.0295532,3.74354,0.473793,0.248422,1.94672,0.224124
121.904761905,0,0,2.41835,0,0.00654878,0.0121663,0.0661478,4.06814,0.376609,0.611897,1.39633,0.453035
121.951201814,0,0.0290051,2.54489,0,0,0.0536253,0.0628588,3.67165,0.816487,0.565805,1.1397,0.599526
121.997641723,0,0.419417,2.00356,0.00713199,0.563695,0.0537435,0.0427475,3.5232,0.454134,1.15234,1.00233,0.424503
122.044081633,0,0.763551,1.10292,0.0116542,1.13368,0.026281,0.0324728,2.96981,0.0562839,2.48571,0.702556,0.0586858
122.090521542,0,0.819433,0.926901,0.0440177,1.32091,0.0157686,0.0271778,2.13335,0.0488536,3.20038,0.397858,0.090008
122.136961451,0,0.850668,0.830085,0.0952092,1.35616,0.0123314,0.0258462,2.13898,0.0477526,3.22752,0.0764286,0.126796
122.183401361,0,0.720328,1.54832,0.0880282,0.85704,0.0652787,0.292208,3.04464,0.0486459,1.93096,0,0.195147
122.229841270,0,0.223489,2.11266,0.0536288,0.0821484,0.141257,0.407752,3.3461,0.0934932,0.677017,0,0.861862
122.276281179,0,0.0542267,2.189,0.0563068,0.0396823,0.163311,0.300306,3.777,0.0774596,0.43946,0.000675252,0.971533
122.322721088,0,0.52512,1.72575,0.299996,0.0248887,0.146463,0.0717252,3.92658,0.0646689,0.569101,0.0017617,0.731965
122.369160998,0,1.13224,1.34888,0.442172,0,0.13156,0.17035,3.39607,0.0826567,1.07845,0.0770205,0.142729
122.415600907,0,0.976821,1.05396,0.497552,0.0696591,0.462526,0.477692,2.06876,0.0930213,1.54541,0.81238,0.191316
122.462040816,0,0.789099,0.691378,0.42252,0.05338,0.66997,0.622012,0.842371,0.0804059,1.51679,1.3669,0.220793
122.508480726,0,0.78655,0.130553,0.044924,0.321268,0.735609,0.671289,0.79226,0.297782,1.57988,1.38627,0.226885
122.554920635,0,1.13531,0.329518,0.0821657,0.730633,1.11228,0.687653,0.62536,0.148619,1.21621,1.20134,0.220898
122.601360544,0.270409,1.42642,0.565506,0.408284,0.723957,0.930633,0.639955,0.531536,0.0502068,0.729332,0.900359,0.249838
122.647800454,0.247377,1.42664,0.717065,0.393619,0.868102,1.01531,0.500185,0.287539,0.413522,0.353494,0.755873,0.463034
122.694240363,0.461367,1.10202,1.52154,0.465635,0.781431,0.641837,0.275207,0.589653,0.157985,0.191726,0.721173,0.717376
122.740680272,0.661488,0.708591,1.60595,0.567009,0.745754,0.180293,0,1.97592,0.0353532,0.120116,0.0459421,1.16291
122.787120181,0.598982,0.398138,1.32208,0.481561,0.454931,0.0167985,0,2.60616,0.0289357,0.11129,0.122304,1.22739
122.833560091,0.37911,0.339294,0.908722,0.0999223,0.554056,0.321831,0.157062,2.46568,0.0800065,0.106015,0.338331,0.601157
122.880000000,0.398068,0.259041,1.22969,0.0348984,0.622371,0.429832,0.0883779,1.22314,0.766308,1.42746,0.593475,0.369364
122.926439909,0.463506,0.49496,1.17974,0.0329925,0.514216,0.0842441,0.0679343,0.162545,0.35509,2.37667,0.55854,0.191839
122.972879819,0.334323,0.0759439,0.212786,0.0734712,0.912874,0.229412,0.301309,0.0886842,0.262356,2.96717,0.423293,0.0421428
123.019319728,0.326978,0.0656043,0.51932,0.0522015,1.02345,0.165077,0.420224,0.200287,0.0708811,3.06174,0.551491,0.000979732
123.065759637,0.0352379,0.428655,0.653646,0.256401,1.50167,0.218595,0.398533,0.84086,0.182532,3.48336,0.182835,0.0624411
123.112199546,0.126997,0.52877,0.802357,0.275432,1.24416,0.00584205,0,0.971473,0.0725395,3.48125,0.16195,0.805231
123.158639456,0,0.115127,1.18904,0.376381,0.270479,0.0458503,0.0382145,2.09937,0.337201,2.53612,0.116394,1.00668
123.205079365,0.0911343,0.334878,0.914887,0.28504,0.300339,0.400381,0.132535,2.74618,0.170201,2.06479,0.0604339,0.547573
123.251519274,0.254437,0.222873,1.36067,0.0193474,0.0306899,0.415762,0.104165,2.52363,0.167063,1.63496,0.833868,0.36756
123.297959184,0.194923,0.0310899,1.60567,0.114472,0.0574561,0.676499,0.123284,2.13232,0.153791,1.07741,2.18207,0.000330925
123.344399093,0,0.115933,1.72024,0.158764,0.0938481,1.09794,0.0516502,1.46678,0.126046,0.340579,2.92889,0
123.390839002,0,0.249262,1.12187,0.438359,0.220189,1.69033,0.0501283,0.363824,0.0985863,0,3.31862,0
123.437278912,0,0.101924,0.285186,0.237385,0.388603,1.55572,0.395923,0.322572,0.217736,0.742163,3.3796,0
123.483718821,0,0.388952,0.548046,0.148047,0.767592,0.998398,0.25613,0.365747,0.125312,1.7554,2.95627,0
123.530158730,0,0.651119,0.812066,0.0214539,1.07157,0.0757958,0.21218,0.413565,0.125796,2.47066,2.24881,0.000737506
123.576598639,0,0.800147,0.778905,0,1.07614,0.0567844,0.170023,0.439856,0.111206,2.61636,1.44828,0.00116613
123.623038549,0,0.859101,0.32923,0.103384,1.27825,0.0342313,0.0712585,0.423307,0.0806251,3.22152,0.342841,0.0315396
123.669478458,0.021385,1.08119,0.178908,0.129862,1.35781,0.0287445,0.0347609,0.0729418,0.103792,3.65024,0.548337,0.17843
123.715918367,0.725515,0.165209,0.582227,0.119925,0.275276,1.60601,0.0327136,0.0308994,0.309533,3.27903,0.246246,0.191815
123.762358277,1.30924,0.106416,0.63947,0.0391885,0.0221634,2.27128,0.0244724,0.0397467,0.237612,2.2272,0.256079,0.215655
123.808798186,1.43556,0.0832147,0.794574,0.0207122,0.00962985,2.66504,0.162338,0.412813,0.0580433,1.14982,0.153748,0.146193
123.855238095,1.39829,0.00030267,1.02867,0.0243496,0,2.93224,0.391656,0.399391,0.0974652,1.23028,0.0533857,0.0642518
123.901678005,1.38055,0.000618296,1.49142,0.029179,0,2.80321,0.40973,0.106346,0.105485,1.62277,0,0.051335
123.948117914,1.06321,0.00107119,2.19039,0.026162,0.00295194,2.93104,0.169154,0.0615886,0.0391075,1.74536,0.0733787,0
123.994557823,0.563902,0.00235678,2.05436,0.0333791,0.238703,2.53373,0.0313026,0.0586329,0.0968356,1.67899,0.109367,0.217676
124.040997732,0.563775,0.42247,1.55724,0.0588483,1.19078,1.69118,0.213165,0.399147,0.179489,1.83364,0.134745,0.0618304
124.087437642,0.303828,0.548695,1.22813,0.0514734,1.32739,1.07942,0.774578,0.480813,0.367121,1.95294,0.0312308,0.0499383
124.133877551,0,0.557319,1.70692,0.040856,1.47737,0.126198,0.943637,0.38124,0.495019,1.74434,0.0334321,0.0340047
124.180317460,0,0.719731,1.82479,0.0156244,1.40084,0.362528,0.17028,0.531494,0.157267,2.31819,0.151892,0.000406247
124.226757370,0.226091,0.765874,1.22607,0.0553259,1.22495,1.76776,0.0427468,0.524381,0.104877,2.11716,0.830442,0.000304172
124.273197279,0.802298,0.595289,1.20952,0.0674092,0.962916,2.6889,0.0719778,0.387142,0.428083,1.40118,1.00901,4.11996e-05
124.319637188,1.15293,0.00180168,1.59978,0.0613072,0.0174476,3.71483,0.150827,0.0361837,0.268348,1.52294,1.02623,3.10978e-06
124.366077098,1.02598,0.00170606,1.52869,0.0567408,0.0602354,3.91094,0.225579,0.0247007,0,2.07417,0.591646,0.0457632
124.412517007,0.908247,0.116479,1.17284,0.0520298,0.0815508,3.99089,0.174098,0.0281807,0,2.42214,0.166345,0.180179
124.458956916,0.680136,0.345839,0.673657,0.0504153,0.0927904,3.9603,0.0479441,0.0307658,0,2.62931,0.000237667,0.303029
124.505396825,0.297452,0.417326,0.801868,0.700846,0.0894037,3.70246,0.0489371,0.0298681,0.0184206,2.65996,0.268781,0.0525767
124.551836735,0,0.499876,1.11694,1.4344,0.0441184,2.88578,0.0270638,0.0122487,0.0276666,2.73488,0.298383,0.000128001
124.598276644,0,0.00184407,0.943817,2.37607,0.0476006,1.66098,0.0516225,0.149938,1.47607,1.93472,0.000193219,0.029556
124.644716553,0.295005,0.00119265,0.615014,2.61215,0.00795905,0.511262,0.123511,0.121736,2.26084,1.74307,0,0.0727681
124.691156463,0.450799,0.000201539,0.378927,2.36074,0.000742284,0.653269,0.159944,0.0368206,2.80262,1.53057,0,0.0407056
124.737596372,0.605512,0.110281,0.534474,1.47348,0.00691523,0.474888,0.171068,0.908059,3.25283,0.964791,0,0.0629263
124.784036281,0.578873,0,0.381182,1.18576,0.0156396,0.0652036,0.244798,2.75132,2.58592,0.418993,0.0426122,0.0369454
124.830476190,0.323414,0.00065861,1.43678,0.603617,0.0143492,0.00294625,0.0726449,3.64198,0.963008,0.100691,0,0.54716
124.876916100,8.77597e-05,0.0697597,1.94791,0.0395693,0.329156,0.450627,0.325493,3.54945,0.450667,0.260758,0.587892,0.366547
124.923356009,0.000600452,0.520638,1.6146,0.313436,0.566161,0.564182,0.156626,2.3844,0.835454,0.454621,0.834191,0.422838
124.969795918,0.257103,1.06989,1.12335,0.40028,1.47134,0.748786,0.00180433,1.29483,0.92633,1.13231,0.736658,0.106429
125.016235828,0.402957,1.34862,1.11821,0.400819,1.46765,0.506502,0.00235042,1.04744,0.615624,1.33297,0.810785,0.324818
125.062675737,0.596657,0.791836,1.37529,0.464303,0.711881,0.177294,0.00564332,2.42115,0.311608,1.10038,0.750294,0.595887
125.109115646,0.633514,0.324252,1.55386,0.393988,0,0.0283421,0.0139137,3.61621,0.226201,0.828934,0.0821514,0.888558
125.155555556,0.150441,0.204294,1.48408,0.187984,0.0527992,0.171175,0.00557554,4.27911,0.0191043,0.0798251,0.655621,0.905205
125.201995465,0.854351,0,1.3226,0.281527,0.706505,0.0236531,0.0162843,3.84813,0.0673972,0.0392473,1.15473,0.739225
125.248435374,1.07579,0.0831449,0.551091,0.312143,1.07317,0.967321,0.144391,1.97353,0.0630936,0.0331426,2.01111,0.287398
125.294875283,1.23524,0.119254,0.476572,0.351692,0.835031,1.40445,0.278137,0.126234,0.00179277,0.128552,2.86045,0.000138819
125.341315193,1.16454,0.0110233,1.1743,0.196039,0.392114,1.57134,0.237045,0.0671896,0.0580184,0.00774095,3.65624,8.21049e-05
125.387755102,0.845687,0.0109317,2.00512,0.15405,0.205758,1.55909,0.111131,0.0698817,0.0758911,0.0101828,3.97181,2.35735e-05
125.434195011,0.341119,0.0275803,2.14469,0.0154949,0.219501,1.74361,0.0347055,0.363492,0.23695,0.362272,3.31022,0.00416593
125.480634921,0.370018,0.134932,1.95287,0.0537432,0.511785,1.63195,0.0512383,0.780162,0.260442,0.656644,2.37313,0.0916783
125.527074830,0.618259,0.479802,1.25737,0.238936,0.418103,1.75107,0.0407177,1.13272,0.262957,1.10292,1.42413,0.140006
125.573514739,0.419245,0.375324,1.11861,0.381878,0.352291,1.52992,0,2.19246,0.155275,1.0402,0.977087,0.460037
125.619954649,0.106764,0.150435,1.43862,0.397354,0.364751,0.534222,0,3.18827,0.0108709,0.721364,0.907119,0.738787
125.666394558,0.136996,0.114939,1.61086,0.351221,0.321075,0.420548,0,3.60488,0.0262432,0.848541,0.785288,0.733506
125.712834467,0.155157,0.14889,1.9204,0.0273048,0.297281,0.369213,0,3.64534,0.0497067,1.2985,0.0478372,0.841561
125.759274376,0.109371,0.00973879,1.86521,0.0214963,0.507185,0.447548,0,3.26273,0.159154,1.47201,0.0200313,0.941762
125.805714286,0,0.221967,1.75065,0.043643,0.363985,0.36834,0,3.39542,0.294966,1.32242,0.123199,0.823467
125.852154195,0,0.388394,1.83225,0.147639,0.364896,0.3898,0,3.44117,0.471123,0.606155,0.191841,0.71814
125.898594104,0,0.466607,1.92795,0.162169,0.622056,0.287137,0,3.48249,0.551216,0,0.383655,0.796131
125.945034014,0,0.36283,1.93631,0.137227,0.676314,0.245171,0.00438046,3.50116,0.479264,0,0.539619,0.672479
125.991473923,0.173939,0.338867,2.06396,0,0.310836,0.259682,0.0038206,3.42891,0.486515,0,0.650651,0.606324
126.037913832,0.113525,0.427105,1.39218,0,0,0.199903,0.0423024,3.28783,0.657621,0.0033788,1.10657,0.980503
126.084353741,0.249225,0.150409,2.08037,0,0.00750532,0.0120615,0.0528017,3.25679,0.739572,0.00661677,1.76363,1.02954
126.130793651,0.911698,0.195089,2.06583,0,0.0272548,0.240171,0.0917135,3.14514,0.389248,0.00563911,1.90153,0.682593
126.177233560,1.00059,0,2.0612,0,0.233742,0,0.195595,3.24291,0.194132,0.238146,1.92517,0.375887
126.223673469,1.13455,0.0114254,2.02566,0,0.224635,0,0.141118,3.29038,0.0922923,0.315155,1.84007,0.150426
126.270113379,1.17804,0.0272751,1.86085,0,0.115736,0.0939243,0.122957,3.67924,0.0805758,0.148333,1.72063,0
126.316553288,0.442032,0.0354786,1.70758,0.130032,0.226266,0.0375739,0.0411169,3.99424,0.0603567,0.123433,2.04791,0.273539
126.362993197,0.0877827,0.109071,1.71029,0.224957,0.204307,0.777019,0.0479662,2.71414,0.15732,0.320452,2.12223,0.483624
126.409433107,0.0206098,0.327828,1.58092,0.245985,0.119177,0.847612,0.0358129,2.39344,0.140818,0.38641,2.63388,0.242652
126.455873016,0,0.199213,1.56673,0.184672,0.0540858,0.872061,0.034825,2.37707,0.267498,0.189965,2.98334,0.221709
126.502312925,0,0.0420529,1.62446,0,0.0288554,0.829377,0.042506,2.37519,0.286527,0.000514437,3.70317,0.0218438
126.548752834,0,0.0430112,1.48003,0,0.00299015,0.94259,0.047014,2.22355,0.232333,0.000900848,3.82382,7.51071e-05
126.595192744,0,0.03807,1.29104,0,0.00315819,0.853477,0.0400242,2.2587,0.165964,0,3.74063,0
126.641632653,0,0,1.32886,0.00166147,0.024747,0.891789,0.0376944,2.34892,0.115597,0.175507,3.56481,0
126.688072562,0,0,1.5436,0.00974317,0.0963182,1.11962,0.0443466,2.26407,0.115681,0.464996,3.4465,0.000164815
126.734512472,0,0,1.57513,0.0121025,0.12112,1.17836,0.0463846,2.12356,0.109592,0.361306,3.5612,0.000418567
126.780952381,0,0,1.65132,0.01193,0.128226,1.35029,0.0350662,1.87315,0.110345,0.609277,3.15437,0.000499607
126.827392290,0,0,1.91345,0.183292,0.136141,1.73806,0.0334893,1.61873,0.117658,0.936062,2.0263,0.000250276
126.873832200,0.0745856,0,2.14001,0.511479,0.140483,1.53697,0.0522362,1.13276,0.0878161,1.52364,1.35416,0.000193067
126.920272109,0.0924136,0,2.36088,0.490038,0.112092,1.34607,0.081231,0.574658,0.124723,1.87021,1.10561,0.000365031
126.966712018,0.070221,0,2.36766,0.204818,0.036016,1.28054,0.222636,0.744383,0.123635,1.87999,1.30459,0.000306369
127.013151927,0.0375301,0,1.8248,0.068859,0.00696501,1.50791,0.138499,0.779723,0.0768304,1.61986,1.88122,0.000105439
127.059591837,0.0427427,0.109344,0.809555,0.0720551,0.690345,1.32281,0.0693007,0.531058,0.0841186,1.55533,2.13566,0
127.106031746,0.0193273,0.285389,0.3716,0.0620635,1.2763,0.804095,0.0804485,0.4618,0.0736975,1.85738,1.94518,0
127.152471655,0.0158779,0.567043,0.202547,0.346869,1.35768,0.686393,0.0776242,0.250775,0.117491,2.31209,1.26588,0.000285017
127.198911565,0.0575035,1.12008,0.567974,0.0182715,1.89113,0.742211,0.363815,0.565727,0.149218,1.94626,0.77595,0.000604136
127.245351474,0.199198,1.44519,0.84379,0.333306,1.57476,1.04875,0.0856402,0.603074,0.448693,1.47532,0.915196,0.000262288
127.291791383,0.518179,1.40563,0.868284,0.392137,0.79424,1.72527,0.0188303,0.840886,0.495603,1.02421,0.849688,0.165726
127.338231293,0.534442,1.32659,0.912488,0.374199,0.532492,2.09338,0.0775755,0.787148,0.307011,0.59217,1.115,0.334204
127.384671202,0.317162,1.04769,1.162,0.30281,0.238239,2.06069,0.0639952,0.445799,0.0631084,0.295417,1.81661,0.441385
127.431111111,0.193741,0.239137,1.40193,0.361145,0,1.82767,0.0736127,0.110609,0.126521,0.429177,2.52051,0.461221
127.477551020,0.173301,0.229511,0.462028,0.139217,0.00511492,1.30192,0.124233,0.0464061,0.0973789,0.537341,2.97445,0.507971
127.523990930,0.225237,0.176756,0.152036,0.19499,0.36152,0.785643,0.629862,0.174176,0.212237,0.809924,2.41634,0.519113
127.570430839,0.862177,0.0343894,0.152766,0.131619,0.344701,0.699025,1.02744,0.508743,0.277543,1.0731,2.05426,0.333726
127.616870748,2.3195,0.113304,0.224308,0.136823,0.303479,0.438649,0.742064,1.48006,0.0999372,0.680938,1.59383,0.231807
127.663310658,3.22984,0.0239412,0.0536193,0.0570623,0.342032,0.232082,0.482815,1.78696,0.100027,0.559442,1.12562,0.297741
127.709750567,3.73877,0.0513274,0.0382777,0,0.730821,0.0361621,0.252214,1.32414,0.139249,0.878488,0.363841,0.00029895
127.756190476,3.82095,0,0.443398,0.00935796,1.13828,0,0.712119,1.25214,0.141989,1.21325,0.0322962,0.000127408
127.802630385,3.08096,0,0.966284,0,0.788917,0.664178,0.620801,1.36857,0.132691,1.21079,0.593413,2.02904e-05
127.849070295,0.41337,0,1.30268,0,0.552098,1.09325,0.286702,0.691793,0.100388,0.949228,2.72571,0
127.895510204,0,0.0258074,1.28336,0,0.125266,1.05201,0.0596058,0.212951,0.105442,1.0727,3.29869,7.65318e-05
127.941950113,0,0.0869792,1.31022,0.0101489,0.0185107,0.942837,0.0509727,0.291529,0.110585,0.94698,3.25333,0
127.988390023,0,0.0735158,1.91865,0.136823,0.0225296,0.817835,0.0162278,0.334831,0.102863,1.15343,3.25935,0
128.034829932,0,0.134724,1.57165,0.273228,0.0442517,0.383305,0.0208968,0.892267,0.0689563,1.06047,3.1606,0
128.081269841,0.350487,0.164648,1.52022,0.372254,0.759203,0.596403,0.538173,0.713629,0.0767687,0.707787,2.25453,0
128.127709751,0.426041,0.0997286,1.58647,0.368944,0.893906,0.827834,0.711234,1.13655,0.23244,1.07909,1.14082,0
128.174149660,0.497552,0.347043,1.47862,0.247725,0.676561,1.0366,0.45947,1.14108,0.179349,2.02299,0.209552,9.72497e-06
128.220589569,0.457942,0.618618,1.56495,0.192379,0.657635,1.20221,0.168314,0.828128,0.0138888,2.40466,0.234899,0.000200339
128.267029478,0.35075,0.812408,1.74557,0.258531,0.405734,1.73828,0.0434621,0.58319,0.00101934,2.80959,0.176891,0.07792
128.313469388,0.240002,0.883051,1.70894,0.334415,0.0518809,2.22616,0.0270499,0.0145464,0.0313347,3.28908,0.00754337,0.0982633
128.359909297,0.268336,0.157593,1.06016,0.0152773,0,2.40575,0.359812,0.0189679,0.0267939,2.8083,0.736857,0.103435
128.406349206,0.257181,0.121448,1.16754,0.0112446,0.0200129,2.4125,0.407066,0.00922938,0.044034,2.18107,1.62344,0.140742
128.452789116,0.243813,0.304421,1.54477,0.0133781,0.00174376,1.99194,0.251385,0.0152672,0.877932,0.519105,3.14997,0.0314545
128.499229025,0.159448,0.490228,1.61246,0.0130926,0,1.88983,0.0592772,1.03405,0.932048,0.358866,2.6624,9.53064e-05
128.545668934,0.323357,0.40039,2.07812,0.0255357,0,1.72859,0.107265,1.80768,0.0575618,0.205807,1.71299,0.0493513
128.592108844,0.130662,0.29599,1.99201,0.0289535,0,1.81975,0.0881533,2.13452,0.0295388,0.267964,0.664994,0
128.638548753,0.113131,0.562111,1.6257,0.0208262,0.0038794,1.6978,0.0766984,2.63803,0.0361427,0.10557,0,0.351255
128.684988662,0.0858056,1.04935,1.38757,0.0163204,0.593795,1.79335,0.0868601,2.33924,0.0533794,0.137316,0.0154345,0.213607
128.731428571,0.0439734,1.12181,1.2748,0.0158789,1.3802,1.73486,0.0533382,2.1271,0.0220535,0.447391,0.0841985,0.14988
128.777868481,0,1.07327,1.0902,0.00449231,1.4916,1.63002,0.0392104,1.52756,0.378881,1.5453,0.0772211,0.136608
128.824308390,0.000483259,0.86659,1.41034,0.0103807,1.3686,1.52293,0.00221424,0.633383,0.433998,2.57016,0.0205023,0.137082
128.870748299,0,0.831371,1.41021,0.0117387,1.17804,1.48926,0.0362373,1.41744,0.33425,2.62683,0,0.0338578
128.917188209,0,0.727695,1.38662,0.0154317,1.02542,1.36605,0.0959951,2.82671,0.124355,1.57556,0,7.96149e-05
128.963628118,0,0.154384,2.24422,0.0306081,0.275241,1.2217,0.0996785,3.66231,0.0113019,0.247021,0,0.518999
129.010068027,2.75426e-05,0.130084,2.61655,0.0356297,0.0724001,1.47572,0.112492,3.60558,0,0.203873,0.000341034,0.57509
129.056507937,0.0893503,0.0613125,2.71902,0.0541019,0.218179,1.46161,0.0805598,3.54678,0,0.29906,0.000618668,0.331141
129.102947846,0.270646,0.0128558,2.66163,0.0563695,0.345951,1.57879,0.0546379,3.3972,0,0.314432,0.000377026,0.265634
129.149387755,0.314921,0.144814,2.81625,0.0235172,0.232614,1.83836,0.0479477,2.99814,0,0.227577,0.086557,0.316702
129.195827664,0.0293281,0.238262,3.28591,0.00479673,0.026249,1.93993,0.0394375,2.74393,0,0.16985,0,0.483393
129.242267574,0,0.303875,2.99913,0.0697927,0.587673,1.32205,0.0557817,2.56264,0,0.836296,0,0.000528642
129.288707483,0,0.422546,2.38427,0.11991,1.31049,0.521428,0.0846698,1.97369,0,1.23874,6.3301e-05,0.000147511
129.335147392,0,0.528204,1.88304,0.155622,1.26332,0.488674,0.378612,1.4469,0,2.39125,2.47431e-06,0
129.381587302,0.000474007,0.672595,1.61328,0.245741,1.15545,0.841956,0.483761,0.762694,0,3.33434,0,0.00572442
129.428027211,0.154496,0.819434,1.72151,0.250357,0.800428,0.563518,0.0508634,2.1243,0.000708662,3.11758,0.0121224,0.0799928
129.474467120,0,0.532946,1.82982,0.210352,0.29384,0.282479,0.0591804,3.71049,0.239322,2.00953,0,0.0263041
129.520907029,0,0.0827237,1.98399,0.13005,0.0781573,0.298405,0.338099,4.26271,0.138483,0.479813,0,0.327679
129.567346939,0.0113116,0.418154,1.82869,0.435293,0.233684,0.423774,0.0928679,3.41621,0.497286,0.630168,0.339313,0.502826
129.613786848,0.111994,0.749197,1.50069,0.530184,1.15154,0.539911,0.0272122,2.36281,0.479453,0.96936,0.373447,0.0286846
129.660226757,0.0558533,1.0162,1.37193,0.465827,1.60941,0.675769,0,1.33444,0.376086,1.42315,0.51903,0.0274828
129.706666667,0.112194,0.809187,1.74385,0.490565,1.04737,0.545656,0,1.92815,0.0813666,1.91158,0.4101,0.0783409
129.753106576,0.15349,0.346266,1.94352,0.418361,0.263705,0.232047,0.00985137,3.52094,0.0428819,1.66928,0.0526639,0.481845
129.799546485,0.199938,0.114075,1.4124,0.149709,0.0220524,0.315375,0.0196755,4.11181,0.0613678,0.769478,0,0.882387
129.845986395,0.209865,0,0.906847,0.0406211,0.330502,0.521913,0.0165063,3.99482,0.284156,0.347571,0.82504,0.698269
129.892426304,0.323427,0.0608604,0.657984,0.172159,0.539937,0.389744,0,3.17163,0.168935,0.421933,1.87512,0.606512
129.938866213,0.189983,0.156404,0.309184,0.238363,0.603876,1.60536,0.0201712,2.2429,0.195706,0.184245,2.31394,0.722101
129.985306122,0.233785,0.203497,0.543334,0.125055,0.630051,1.63387,0.0403167,0.819481,0.0976901,0.0182731,3.6572,0.326994
130.031746032,0.297854,0.202107,1.44928,0.143802,0.343681,1.37763,0.0622959,0.311395,0.103672,0.0306756,3.96363,0.306489
130.078185941,0.318525,0.169812,1.65783,0.0149209,0.418654,1.16169,0.0716742,0.0341502,0.26447,0.0294179,4.0165,0.10157
130.124625850,0.173549,0.184628,1.36187,0.0029976,0.225176,1.443,0.116712,0.366435,0.316078,0.154669,3.82323,0.176068
130.171065760,0,0.256811,1.37689,0.218715,0.199173,1.70111,0.0454561,1.00721,0.312968,0.664531,3.13821,0.188999
130.217505669,0,0.196053,1.42154,0.34339,0.227753,1.91402,0.0355606,2.22142,0.339617,0.826147,1.58315,0.211951
130.263945578,0,0.214936,1.75705,0.221805,0.302505,1.274,0.0207961,2.97431,0,0.77268,0.380402,0.437376
130.310385488,0.139335,0.284536,1.60983,0.209441,0.308038,1.2566,0.0560794,3.51821,0.000595233,0.26273,0.0626924,0.620612
130.356825397,0.343116,0.178104,1.42209,0.250577,0.12664,0.705649,0.0597585,3.99399,0.0209443,0.266432,0.0055944,0.679687
130.403265306,0.237676,0.141728,1.48412,0.0184698,0,0.0901262,0.0379896,4.10638,0.00147601,0.23555,0.0113443,1.05179
130.449705215,0.0779685,0.113867,1.44619,0.0266375,0,0.0795479,0.00822089,4.17213,0.00137818,0.268666,0.108322,0.982713
130.496145125,0.00277125,0.106758,1.2962,0.0285689,0,0.0656584,0.00198146,4.3146,0.00808431,0.295543,0.256484,0.900904
130.542585034,0.00550704,0.206165,1.22698,0.0329537,0.0123768,0.0456279,0,4.37957,0.00245754,0.435945,0.339605,0.875845
130.589024943,0.0133882,0.758092,1.22366,0.0338706,0.0192065,0.0179111,0.0398884,4.42023,0.00347543,0.220305,0.535751,0.856439
130.635464853,0.0163463,0.580944,1.24607,0.0367994,0.0254121,0.0165248,0.288884,4.3644,0.00380296,0,0.636505,0.834992
130.681904762,0.0507548,0.448459,1.29882,0.0548195,0.0234595,0.00864811,0.414862,4.21918,0.232126,0,0.512496,0.777385
130.728344671,0.000622049,0.159305,1.88938,0.126487,0.0337888,0.025166,0.436244,3.96825,0.647635,0,0.678786,0.778681
130.774784580,0,0.212442,2.14742,0.142872,0.09625,0.0262358,0.047742,3.73907,0.923344,0.0143546,0.987976,0.621848
130.821224490,0.000453824,0.386915,2.49862,0.314854,0.117664,0.0404443,0.00781974,3.30092,0.759029,0.022118,0.912346,0.462164
130.867664399,0.0216673,0.0462007,2.58435,0.473215,0.0195727,0.0577632,0.0384042,3.2532,0.260981,0.262745,1.39109,0.53563
130.914104308,0.0120538,0.0156112,2.32039,0.403684,0.0270405,0.0373374,0.0758478,3.67674,0.00419841,0.387941,1.50248,0.421962
130.960544218,0.0175473,0,2.29634,0.372079,0.0275595,0.0554224,0.0653151,3.65713,0.000850339,0.28919,1.55023,0.496121
131.006984127,0.048441,0.0944396,2.18804,0.22962,0.0273719,0.0633288,0.0172761,3.53495,0.173944,0.0687152,1.44299,0.501633
131.053424036,0,0.205136,2.20025,0.0569919,0.1547,0.0828485,0.0865844,3.55971,0.340872,0,1.36558,0.518754
131.099863946,0.000416901,0.0374335,2.23691,0.0874331,0.175091,0.0817998,0.118216,3.66834,0.0897069,0,1.11853,0.48792
131.146303855,0.000666365,0.0142137,2.09648,0.326083,0.113076,0.0673647,0.0815472,3.61323,0,0,1.20249,0.52658
131.192743764,0.000453951,0.00103705,1.97376,0.334633,0.068215,0.0651272,0.0784235,3.58465,0,0,1.25696,0.58429
131.239183673,9.05599e-05,0.0209766,2.12462,0.0717338,0.0334034,0.0614835,0.0437271,3.68896,0,0,1.46107,0.643211
131.285623583,0.144974,0.106929,2.23498,0.136633,0.0497616,0.0152658,0.00808333,3.70229,0,0,1.47576,0.522643
131.332063492,0.0389862,0.0460687,2.31503,0.118248,0.0414881,0.0181562,0,3.74381,0,0,1.45665,0.418571
131.378503401,0.0686432,0,2.28246,0.168762,0.0373083,0,0.000822075,3.86108,0,0.0493901,1.46575,0.346345
131.424943311,0.723157,0,2.11928,0.199746,0.0300013,0.00297682,0.0092766,3.89263,0,0.0219853,1.4949,0.150197
131.471383220,1.14861,0,1.73531,0.100835,0.0541007,0,0.279977,3.81326,0,0.000119687,1.61424,0.0515164
131.517823129,1.21,0,1.45076,0.08557,0,0,0.402481,3.88833,0,0.00017114,1.70758,0.0621405
131.564263039,1.05842,0,1.45213,0.164447,0,0,0.19447,3.9102,0,0,1.71798,0.119451
131.610702948,0.748731,0.109727,1.52636,0.26496,0.016596,0.00778705,0.00447256,3.96117,0.00828125,0,1.69324,0.156983
131.657142857,1.07431,0.207636,1.65547,0.257081,0.0248456,0.00756078,0,3.84883,0.116542,0,1.67945,0.152339
131.703582766,1.75169,0.250906,1.54492,0.192655,0.0203558,0.0655528,0,3.58516,0.117667,0.0265179,1.93532,0.109616
131.750022676,2.02387,0.213047,1.42292,0.146398,0.00970437,0.408977,0,3.31714,0.00601802,0.00616334,2.11816,0.117188
131.796462585,1.91015,0.133137,1.61014,0.181664,0.0183934,0.575438,0,2.98986,0,0.00344923,2.13353,0.138995
131.842902494,1.33226,0.00223442,1.59831,0.26393,0.0191707,0.400945,0.224783,2.98091,0.0432908,2.67143e-05,1.94834,0.411678
131.889342404,1.11818,0.00138407,1.01612,0.255993,0.158683,0.353564,0.330949,3.32838,0.21722,0,1.68829,0.754211
131.935782313,0.805426,0.00114929,0.802474,0.199682,0.753183,0.2743,0.309091,3.38723,0.484997,0,1.78504,1.10732
131.982222222,0.416837,0.115964,0.851354,0.164396,1.2369,0.202342,0.225726,3.14674,0.561193,0,1.85038,1.67611
132.028662132,0.19778,0.171642,0.364231,0.0847676,1.58952,0.179957,0.251381,3.2514,0.582246,0.119149,1.89233,1.38865
132.075102041,0.161171,0.0499379,0.126381,0,1.88932,0.0323739,0.336239,3.31815,0.528453,0,1.80521,1.44256
132.121541950,0.137493,0.0642299,0.273798,0,2.11001,0,0.09147,3.29576,0.283484,0,1.77818,1.55376
132.167981859,0.324968,0.018083,0.398802,0.00157789,2.10948,0.00948589,0.00294751,3.18173,0.212232,0,1.71727,1.55635
132.214421769,0.223804,0.00184029,0.393993,0.00316606,1.74519,0.0373196,0.00138698,3.17933,0.179809,0.234494,1.59353,1.51671
132.260861678,0.240586,0.0021377,0.724099,0.0175841,1.2958,0.0285806,0.0263343,3.2944,0.159155,0.384981,1.70255,1.47096
132.307301587,0.0785541,0.00214079,0.877395,0.171244,1.64144,0.00565168,0.0402363,3.30022,0.155151,0.668997,1.77574,1.32855
132.353741497,0.0270435,0.00225851,1.00833,0.120843,1.87018,0.015315,0.0397143,3.00459,0.124661,0.870556,1.71625,1.18073
132.400181406,0.000152996,0.139105,1.26401,0.285015,1.97738,0.0360141,0.0203558,2.82849,0.0325161,0.903302,1.68748,1.12479
132.446621315,0.000132647,0.28292,1.17896,0.400983,1.93999,0.0381288,0.00205176,2.52719,0.0147987,0.846214,1.89083,1.26377
132.493061224,0.259663,0.281108,1.37849,0.3317,1.50152,0.0292654,0.109559,1.96494,0.178224,0.507897,1.9512,1.43496
132.539501134,0.0690573,0,1.64811,0.207851,1.22139,0.0276949,0.446046,2.22865,0.49786,0.0625269,1.85958,1.45144
132.585941043,0.114678,0,1.51762,0.127083,1.34564,0.0141247,0.415874,2.52692,0.257403,0,1.89836,1.48113
132.632380952,0.215281,0,1.15015,0.0931668,1.64484,0.00221678,0.310632,2.73655,0.153919,0,1.97833,1.46871
132.678820862,0.393123,0,0.882555,0.0243973,1.69824,0.00290506,0.1969,2.71003,0.235244,0.122117,2.02399,1.48595
132.725260771,0.180908,0,0.386184,0.23266,0.953301,0.418484,1.75962,1.00945,0.515306,0.414797,1.58929,1.50539
132.771700680,0.451237,0,0.0992124,0.110704,0.0906181,1.43143,1.17509,0.327073,0.481391,0.510625,0.885427,1.87868
132.818140590,0.464634,0,0,0.0242776,0.032741,2.76197,0.749668,0.292017,0.287416,0.36905,0.591553,1.357
132.864580499,0.628326,0,0,0.0101171,0.0365946,3.64361,0.593898,0.121791,0.0602406,0.448648,0.32888,1.12454
132.911020408,0.455032,0.0208893,0,0.0347015,0.0331984,3.85353,0.333778,0,0,1.68424,0.366456,0.821071
132.957460317,0.269434,0.566791,0,0,0.0428963,3.81412,0,0.230842,0,2.13999,0.211272,0.696281
133.003900227,0.141948,0.545343,0.000726733,0.000630731,0.0362254,3.7501,0,0.169377,0,2.22847,0.134009,0.790824
133.050340136,0.129605,0.594473,0.784051,0,0.0111753,3.76321,0.0613312,0.0995181,0,2.03268,0.112403,0.579633
133.096780045,0.124726,0.536999,1.46379,0,0,3.84153,0.0917413,0.187025,0,1.76582,0.0771775,0.356468
133.143219955,0.116981,0.392104,1.71121,0,0,3.91314,0.0219226,0.240803,0,1.80345,0.0926524,0.40748
133.189659864,0.114591,0.321397,1.7954,0.000396785,0,3.87727,0.0260726,0.0876913,0,2.09091,0.151866,0.423118
133.236099773,0.112835,0.314135,1.56788,0,0,3.94337,0.169666,0.0085431,0,2.25348,0.203114,0.229329
133.282539683,0.119629,0.283314,1.15355,0,0,3.97397,0.229877,0.000807111,0,2.39393,0.237131,0.263216
133.328979592,0.227974,0.159232,1.23143,0,0,4.06944,0.200284,0,0,2.40726,0.174898,0.267465
133.375419501,0.423841,0.0727322,1.34932,0,0,4.11232,0.118251,0.0137675,0,2.36068,0.136837,0.138404
133.421859410,0.558009,0.086008,1.31805,0,0,4.12555,0.165046,0,0,2.21414,0.169106,0.129959
133.468299320,0.56698,0.142775,1.12516,0.00770634,0.0148265,4.19738,0.176672,0,0,2.06415,0.173775,0.151302
133.514739229,0.49087,0.161459,1.08995,0.0109843,0.010951,4.2047,0.127818,0,0,2.04487,0.166781,0.220567
133.561179138,0.437589,0.218638,1.27529,0.00579337,0.0136084,4.2041,0.0362901,0.030466,0,2.10375,0.161783,0.185064
133.607619048,0.867829,0.0508532,1.43688,0.0201819,0.0144596,3.94901,0,0.0625311,0,2.24475,0.17547,0.144192
133.654058957,1.14824,0.00298801,1.47759,0.0278179,0.0115255,3.16952,0.471909,0.0321222,0,2.12592,0.180596,0.0639681
133.700498866,1.00171,0.00195065,1.62515,0.025364,0.00394192,3.6729,0.708749,0.037448,0,1.89412,0.184384,0.0753396
133.746938776,0.882435,0.000272124,1.52218,0.0248075,0,3.91871,0.524128,0.0392064,0,1.94395,0.154362,0.171308
133.793378685,0.730471,0.00010705,1.61632,0.0177886,0,3.90188,0.320471,0.11793,0,2.0741,0.146399,0.28461
133.839818594,0.554468,0.000123302,1.77045,0.0158196,0,3.83464,0.38232,0.216253,0,2.13172,0.140423,0.370935
133.886258503,0.445145,0.000527332,2.04361,0,0.0220133,3.71667,0.368179,0.255413,0,2.08811,0.169663,0.329443
133.932698413,0.688964,0.00107267,1.86005,0.00531891,0.0189611,3.67992,0.362402,0.259796,0,1.91204,0.163971,0.226069
133.979138322,0.82422,0.000307702,1.64206,0.0166932,0.0191916,3.69522,0.396817,0.440946,0,1.87559,0.145926,0.139361
134.025578231,0.759106,0,1.51808,0.0162115,0.0212989,3.59035,0.372559,1.0817,0,1.8638,0.149552,0.197011
134.072018141,0.758083,0.00117268,1.55059,0.0340892,0.0276872,3.20753,0.0988484,1.72766,0,1.80712,0.167274,0.351156
134.118458050,0.524685,0.000870388,1.67722,0.0525974,0.0345345,2.83987,0,2.20331,0,1.86421,0.185876,0.39367
134.164897959,0.0501093,0,1.81203,0.00193852,0.0282693,2.60556,0.0202119,2.38132,0,1.84273,0.241904,0.346805
134.211337868,0.178603,0,2.07328,0.00552889,0.0200079,2.48692,0,2.06969,0.0882771,1.7912,0.179294,0.380166
134.257777778,0.064983,0.00590068,2.06072,0.00578157,0,2.51821,0,2.11041,0.351148,1.8311,0.152513,0.397053
134.304217687,0.117803,0.23861,2.14397,0,0,2.21963,0,2.13322,0.307194,1.9901,0.154088,0.370704
134.350657596,0.26328,0.36087,2.08288,0,0.0340396,1.87608,0,2.03555,0.0661148,2.01665,0.191078,0.362966
134.397097506,0.611847,0.411876,1.97904,0.0064391,0.155046,1.93711,0.00327368,1.78566,0.0998759,1.91693,0.18355,0.284825
134.443537415,0.822112,0.260907,1.34713,0.0433844,0.184349,2.17844,0.0512343,1.70658,0,1.82496,0.150608,0.208186
134.489977324,0.984006,0.288606,0.77615,0.0110063,0.108662,2.72515,0,1.60147,0.012686,1.59828,0.168757,0.166859
134.536417234,1.07028,0.402024,0.601736,0.00669132,0,2.92002,0,1.19245,0.000645318,1.82945,0.182537,0.131174
134.582857143,0.990069,0.326503,0.574233,0,0,3.00757,0,0.802427,0.00139228,2.09516,0.218094,0.136123
134.629297052,0.727546,0.0023345,0.803032,0,0,3.16205,0.354988,0.562945,0,2.06808,0.256112,0.136311
134.675736961,0.814746,0.000105426,0.913386,0,0,3.3702,0.389503,0.438907,0,1.93414,0.241029,0.129483
134.722176871,1.01921,0,1.0012,0.00341237,0,3.34758,0.315395,0.366867,0,1.85213,0.151883,0.126233
134.768616780,0.934159,0.393141,0.76794,0.00103211,0,3.35859,0.0432238,0.423822,0,1.92386,0.197869,0.128471
134.815056689,0.904346,0.57419,0.765349,0,0,3.34151,0,0.518285,0,1.9351,0.277661,0.128198
134.861496599,0.791643,0.0881807,0.819294,0,0.0531935,3.52223,0,0.579436,0.00824599,1.83292,0.282426,0.145555
134.907936508,0.765359,0.00177315,0.873819,0.000485094,0,3.65046,0,0.399701,0.0264267,1.60758,0.252056,0.261849
134.954376417,0.809799,0,1.00804,0.0105875,0,3.58123,0,0.394864,0.0858005,1.57491,0.194088,0.30014
135.000816327,0.705648,0,0.773732,0.0144932,0,3.70284,0.0221911,0.47919,0.101021,1.55802,0.18336,0.222719
135.047256236,1.31245,0.0149449,0.140846,0.0255974,0,2.1051,0,2.17602,0.571926,0.248496,0.21272,0.445449
135.093696145,1.09168,0.0359231,0.145194,0.0133498,0,1.40707,0,2.98811,0.329675,0.238116,0.236154,0.761307
135.140136054,0.748952,0.268642,0.146251,0.0647713,0.144687,0.918502,0,3.60376,0.00272546,0.304262,0.250485,0.815373
135.186575964,0.683738,0.268901,0.199285,0.00963283,0.298989,0.380947,0.0435139,3.96973,0.000780701,0.234844,0.197411,0.463395
135.233015873,0.745471,0.418929,0.224499,0.0658809,0.285131,0,0.0694817,3.74709,0.101907,0.062351,0.481833,0.431999
135.279455782,0.90897,0.343106,0.2197,0.0281846,0.303182,0.000396226,0.137625,3.43541,0.118174,0,1.10247,0.25792
135.325895692,0.930618,0.146786,0.376672,0.015667,0.239609,0,0.163285,3.18167,0,0,1.5257,0.465914
135.372335601,0.904261,0.000168037,1.47123,0.0769133,0.07288,0.0449182,0,3.27534,0,0,1.74607,0.366106
135.418775510,0.888755,0.000996561,2.17177,0.0133114,0.101008,0.000616303,0,3.47605,0.0964201,0,1.74734,0.244642
135.465215420,0.93758,0.00101325,2.36678,0.0124235,0.202185,0,0,3.59367,0.349948,0,1.56417,0.249418
135.511655329,0.897932,0,2.43882,0.0139139,0.0652128,0.00635912,0.0128105,3.67671,0.446784,0,1.46128,0.17853
135.558095238,0.621107,0,2.3828,0.0104579,0.00561253,0.0156749,0.0101622,3.85512,0.402464,0,1.45051,0.101243
135.604535147,0.422488,0,2.09106,0.125898,0.0224527,0.0185653,0.0137604,3.94578,0.283796,0,1.24712,0.0752091
135.650975057,0.337934,0,1.8643,0.160372,0.0227362,0.0229167,0.0212951,4.03982,0.225667,0,1.06586,0.123693
135.697414966,0.205419,0,2.00876,0.0790836,0.0185479,0.0271632,0.0180286,4.05428,0.310314,0,1.01376,0.217613
135.743854875,0.233995,0.00297187,2.06187,0.0672232,0.0216579,0.0216429,0.00422159,3.95142,0.175916,0,1.05944,0.295774
135.790294785,0.286007,0.0028131,1.83684,0.0757422,0.0287783,0.0161191,0.288885,3.59703,0,0,1.17482,0.297596
135.836734694,0.404865,0.0552485,1.91621,0.00614269,0.0363766,0,0.314765,3.50648,0.206504,0,1.36921,0.196223
135.883174603,0.309471,0.0675474,2.0021,0.0115949,0.0314244,0.000264679,0.156168,3.81592,0.229302,0,1.47643,0.196228
135.929614512,0.240131,0.0387922,1.9413,0.0128241,0.0301309,0,0,3.99593,0.248501,0,1.55154,0.181136
135.976054422,0.42365,0,1.80981,0.021855,0,0.00501689,0.0111416,4.01227,0,0,1.55612,0.285549
136.022494331,1.21943,0.000912415,1.53489,0.239505,0,0.0175495,0.200351,3.76951,0,0.00662749,1.35346,0.166016
136.068934240,1.39076,0,1.23069,0.219354,0,0.112909,0.157317,3.62971,0.0252896,0.0116408,1.41303,0.127523
136.115374150,1.35295,0.0133501,1.14115,0.203525,0.00770964,0.557004,0.00539533,3.63536,0,0.0217488,1.32301,0.132701
136.161814059,1.33958,0.075086,1.13032,0.352796,0.0129896,0.703149,0,3.73797,0.110365,0.0101521,1.25963,0.124062
136.208253968,1.43276,0.00286762,1.1599,0.0907954,0.00433487,0.263844,0.106551,3.90365,0,0.0087813,1.60136,0.117878
136.254693878,1.4257,0.0276847,1.31561,0.0157657,0,0.287759,0.213046,3.79832,0,0.0110096,1.84518,0.116482
136.301133787,1.34665,0.101352,1.24441,0.0242753,0.0497921,0.732455,0.188638,3.5194,0,0.195226,1.95657,0.119649
136.347573696,1.30093,0.163527,1.21466,0.0354834,0.189216,1.37931,0.0210492,2.9846,0.059111,0.370136,2.03647,0.123711
136.394013605,1.41818,0.240604,1.19368,0.0484489,0.205679,1.58861,0.0010345,2.43402,0.0708428,0.372004,2.05461,0.133094
136.440453515,1.77762,0.152209,1.16216,0.0516437,0.0814187,1.631,0,2.06342,0.0166604,0.160374,2.03666,0.154402
136.486893424,1.6038,0.000166299,1.19013,0.0383849,0.0511552,1.50073,0.22802,1.78183,0.197478,0.00265391,2.10618,0.326807
136.533333333,1.27452,0.00228269,1.0598,0.0481121,0.56288,1.08512,0.173806,1.75265,0.284779,0,2.13769,0.666928
136.579773243,0.647921,0.0401755,0.731999,0.0648493,1.2156,0.926457,0.0848953,1.52727,0.342886,0,1.99805,1.30502
136.626213152,0.164978,0.0791161,0.329545,0.0975752,1.62824,0.893805,0.157903,1.62075,0.386763,0.00480856,1.79448,1.58728
136.672653061,0.151615,0.115991,0.314705,0.0918647,1.8766,0.770797,0.141388,1.75349,0.419723,0.00206736,1.70301,1.61877
136.719092971,0.0106959,0.497893,0.17665,0.00675068,2.18974,0.456513,0.0497068,2.02632,0.393454,0,1.84318,1.53032
136.765532880,0.0708492,0.608081,0.000206756,0.0120665,2.39512,0.236716,0.0815372,2.1375,0.349267,0,1.85617,1.45164
136.811972789,0.434387,0.391714,0.000370279,0.0155811,2.50278,0.151521,0.0794483,1.87704,0.332848,0.12237,1.78034,1.37208
136.858412698,0.75102,0.192501,0.509298,0.0190764,2.12483,0.377243,0.138243,1.56139,0.321697,0.461783,1.64294,1.24708
136.904852608,0.489322,0.0139726,1.18066,0.0132041,1.61564,0.615366,0.210473,1.55005,0.332748,0.655703,1.6338,1.28024
136.951292517,0.161534,0,1.4148,0.00974693,1.7273,0.434999,0.258992,1.85231,0.275509,0.936518,1.73933,1.25916
136.997732426,0.194741,0.158923,1.58908,0.0107218,1.96268,0.0443537,0.223725,1.85182,0.186628,0.991594,1.96901,1.14002
137.044172336,0.185927,0.384843,1.68607,0.219027,2.12537,0,0.0350326,1.69152,0.131661,1.14713,1.9704,1.07478
137.090612245,0.212362,0.561852,1.52226,0.372381,2.10381,0.0100843,0.0145184,1.46913,0.104305,1.23304,1.91608,1.17653
137.137052154,0.206076,0.665655,1.3245,0.41048,2.03932,0.184666,0.00556749,1.34515,0.144528,1.16231,2.06668,1.37005
137.183492063,0.205516,0.321266,1.48788,0.319301,1.8251,0.370491,0.00621833,1.29858,0.219127,0.850783,2.2233,1.47329
137.229931973,0.251148,0.184434,1.84265,0.200809,1.66783,0.532718,0.00686498,1.23551,0.31719,0.478644,2.14055,1.46116
137.276371882,0.218285,0.114112,2.01388,0.183984,1.52779,0.530911,0.0165047,1.39456,0.373919,0.361497,2.03691,1.4905
137.322811791,0.22315,0.0363505,1.8379,0.0187335,1.47523,0.634106,0.0201746,1.42446,0.410437,0.47199,2.16917,1.52398
137.369251701,0.276104,0.000103272,0.68716,0.00180773,0.0474552,2.65651,0.180285,0.381738,0.251352,0.908103,2.04305,1.3256
137.415691610,0.131141,0.000814112,0.0917021,0,0.0694925,3.32417,0.232637,0.0741422,0.33236,1.10882,1.05106,0.755028
137.462131519,0.138882,0.00159285,0.0743283,0,0.307634,3.63107,0.079038,0.0361982,0.234766,1.34547,0.61079,0.477365
137.508571429,0.154182,0,0.0486585,0.00900754,0.346313,3.83677,0.00107006,0.0181243,0.125871,1.33192,0.515429,0.455569
137.555011338,0.184527,0,0.0217576,0.0179249,0.238828,3.6561,0.166199,0.00578442,0,2.07809,0.490555,0.505205
137.601451247,0.399924,0.0503312,0,0.0167557,0.00670353,3.64227,0.433427,0,0,2.33967,0.282018,0.926913
137.647891156,0.389739,0.191812,0.000413683,0.0120836,0.0187812,3.69944,0.450874,0,0,2.34727,0.187912,1.06998
137.694331066,0.311377,0.171168,0.278932,0.0104842,0.0179746,3.94249,0.29063,0,0,2.30006,0.143982,0.761572
137.740770975,0.20109,0.434406,1.05419,0.0109015,0,3.97285,0.0860968,0,0,2.16608,0.175045,0.180354
137.787210884,0.118523,0.617712,1.37657,0.000405563,0,3.86679,0,0,0,1.95439,0.242379,0.13336
137.833650794,0.115663,0.62362,1.49009,0,0,3.81625,0.0180891,0,0,1.83211,0.36459,0.160023
137.880090703,0.125815,0.279389,1.57595,0.00865328,0,3.92044,0.356154,0,0.0603409,1.91645,0.269591,0.195791
137.926530612,0.337599,0.196776,1.48189,0.00770534,0,4.15767,0.260451,0,0.0650547,1.98105,0.101956,0.181061
137.972970522,0.583187,0.135231,1.33981,0.00794196,0,4.13745,0.150595,0,0,2.03462,0.138388,0.14991
138.019410431,0.663263,0.142089,1.26946,0.0124951,0.00586117,4.14808,0.0669736,0,0,1.9506,0.142308,0.151603
138.065850340,0.638829,0.131634,1.09314,0.0122681,0.0117875,4.1685,0.0400467,0,0,2.04647,0.145066,0.207807
138.112290249,0.597737,0.0734231,1.05014,0.011993,0,4.00263,0.162164,0,0,2.17923,0.349611,0.226932
138.158730159,0.596895,0.0360211,1.03249,0.00382721,0,3.84444,0.196717,0,0,2.35832,0.390243,0.118204
138.205170068,0.596441,0.0614904,0.994578,0,0,3.72484,0.366291,0,0,2.45089,0.341208,0.0536077
138.251609977,0.792866,0.00267649,0.946652,0.0352519,0,3.8434,0.398531,0.0463628,0,2.34117,0.252497,0.0954639
138.298049887,0.927398,0.00273065,0.999921,0.0523883,0,4.12042,0.418425,0.0745516,0.0401069,2.19004,0.135541,0.148703
138.344489796,0.925466,0.00306188,1.2117,0.0298314,0,4.12401,0.28122,0.128146,0.0155593,2.01959,0.124221,0.171386
138.390929705,0.866621,0.0022524,1.46197,0.0218499,0,3.94864,0.185264,0.0444309,0,1.77063,0.210365,0.168264
138.437369615,0.749767,0,1.53147,0.0221207,0.0124398,3.81382,0.198188,0.329666,0,1.87,0.191933,0.229493
138.483809524,0.591116,0,1.42567,0.0191858,0.0114904,3.75628,0.281467,0.559777,0,1.99252,0.175293,0.319773
138.530249433,0.40869,0.0029124,1.62343,0.00624473,0,3.72573,0.402213,0.47509,0,2.03519,0.181442,0.336895
138.576689342,0.545484,0.00330598,1.56437,0.021215,0,3.84283,0.347149,0.154963,0,2.23073,0.17341,0.261794
138.623129252,0.810036,0.00276543,1.31166,0.0226437,0,3.88109,0.337732,0.0669812,0,2.33412,0.162246,0.176049
138.669569161,0.800443,0.00208222,1.34366,0.0176609,0.0133997,3.73408,0.384892,0.320978,0,2.14378,0.160327,0.193722
138.716009070,0.760783,0.00196122,1.37704,0.00364838,0.0312217,3.45454,0.373555,0.732884,0,1.96574,0.175157,0.289627
138.762448980,0.709912,0.001684,1.53104,0,0.0342773,3.17422,0.419137,1.04656,0,1.8823,0.19822,0.361112
138.808888889,0.526874,0.00107152,1.65786,0.00539256,0,3.02919,0.252735,1.4258,0,1.91148,0.230548,0.339673
138.855328798,0.375129,0.0710701,1.91686,0.00608287,0,2.86148,0.215259,1.77589,0.00130826,1.92067,0.163495,0.299349
138.901768707,0.194384,0.0146335,2.04348,0.00714894,0,2.60765,0.171129,2.02427,0.0585763,1.98103,0.154951,0.319967
138.948208617,0.294946,0.0474377,2.06803,0.00602754,0.00659261,2.00955,0.0307992,2.18881,0.0680715,2.04438,0.211297,0.378459
138.994648526,0.33231,0.106953,2.07365,0,0.0267207,1.65087,0.00311159,2.1054,0,2.01225,0.230009,0.408437
139.041088435,0.31858,0.152565,1.93567,0,0.0153361,1.83618,0,1.86684,0.000107135,2.06656,0.25657,0.347807
139.087528345,0.518496,0.360667,1.87687,0,0.0722608,2.08333,0,1.58923,0.000915337,2.03612,0.377071,0.250489
139.133968254,0.688599,0.382707,1.58261,0,0.0556009,2.42103,0,1.4029,0.00150804,1.93728,0.446012,0.165202
139.180408163,0.705439,0.235754,1.47262,0,0,2.86731,0,1.15997,0.0014918,1.77936,0.402606,0.147303
139.226848073,0.698384,0.0443292,1.20448,0,0,2.99373,0,0.993989,0.000829982,1.88062,0.244148,0.13076
139.273287982,0.6484,0.00263573,0.944423,0,0.0380022,3.09811,0,0.781395,0.0249807,1.85457,0.218051,0.185452
139.319727891,0.599997,0.0213196,0.72435,0.00688328,0.110905,3.36848,0,0.468754,0,2.11357,0.248113,0.184528
139.366167800,0.709753,0.183846,0.416763,0.0157549,0.148777,3.53531,0,0.392515,0,2.34492,0.240894,0.166911
139.412607710,0.805534,0.312185,0.198959,0.0120002,0.0257129,3.56637,0.116056,0.462672,0,2.42367,0.239276,0.104603
139.459047619,0.860499,0.35384,0.227774,0.00871708,0.0255575,3.34583,0.333242,0.465845,0,2.46799,0.248626,0.067896
139.505487528,0.845967,0.197162,0.314632,0.00290646,0.0275472,3.31194,0.385842,0.61943,0,2.36779,0.277142,0.0677288
139.551927438,0.774372,0.0144305,0.419724,0.0145486,0,3.41431,0.302169,0.946055,0,2.14814,0.267006,0.128019
139.598367347,0.711919,0.0308024,0.585888,0.0186327,0,3.45331,0.140563,0.938213,0.0598794,2.00237,0.263349,0.137018
139.644807256,0.628828,0.0662026,0.577832,0.00672248,0,3.42661,0.0301713,0.770981,0.144757,2.04479,0.278168,0.147936
139.691247166,0.460498,0.0301949,0.695163,0,0,3.49592,0.00995536,0.68557,0.0348413,1.91373,0.258919,0.201852
139.737687075,0.285918,0.0588168,0.812031,0,0,3.69827,0,0.644943,0.0948313,1.69925,0.204119,0.249327
139.784126984,0.26275,0.15099,0.814529,0,0.014186,3.56716,0,0.794654,0.0569886,1.72797,0.179549,0.209648
139.830566893,0.360356,0.142981,0.754694,0.000161156,0.0229439,3.42245,0,0.859298,0.0613347,1.84323,0.21565,0.173589
139.877006803,0.449674,0.0499285,0.702864,0.00634735,0.00201001,3.47715,0,0.643725,0.196268,1.91109,0.213547,0.195058
139.923446712,0.477708,0.00309423,0.633817,0.0132908,0,3.57082,0,0.441406,0.239377,1.94721,0.174989,0.205794
139.969886621,0.50437,0,0.680791,0.0103986,0,3.51394,0,0.4358,0.228907,1.92456,0.165752,0.201083
140.016326531,0.520682,0.00171346,0.771105,0,0,3.32291,0,0.468163,0.0384552,1.75318,0.248376,0.171519
140.062766440,0.579669,0.0021248,0.901968,0,0,3.14892,0.122535,0.52622,0,1.5371,0.361709,0.165003
140.109206349,0.520156,0.00182008,0.991285,0,0,3.12166,0.205619,0.536867,0.0300183,1.40183,0.289354,0.192301
140.155646259,0.396708,0,1.0782,0.00993546,0.0859005,3.00092,0.0600838,0.682988,0.177926,1.11129,0.232731,0.216351
140.202086168,0.288129,0,0.992978,0.00953268,0.105317,3.42959,0,0.765671,0.279854,1.21763,0.187277,0.207809
140.248526077,0.182004,0.00412851,0.831366,0,0.020743,3.46143,0,1.10227,0.177839,1.31458,0.278912,0.211795
140.294965986,0.273042,0.00160845,0.724435,0,0.00425902,3.22492,0,1.2668,0.0987655,1.32125,0.492903,0.218575
140.341405896,0.310892,0.0821306,0.642736,0.0747001,0.0117425,3.15064,0,1.17232,0.000116891,1.32676,0.531722,0.274345
140.387845805,0.335779,0.108002,0.281623,0.168319,0.0100638,3.18016,0,0.928801,0,1.25747,0.439039,0.378511
140.434285714,0.27579,0.15756,0.429517,0.17337,0,3.23032,0,0.942143,0.068923,1.26365,0.191299,0.582646
140.480725624,0.384775,0.172051,0.568028,0.143302,0.0194418,3.03307,0,1.20398,0.0764115,1.38049,0.18701,0.344289
140.527165533,0.603627,0.238073,0.786043,0.04281,0.0204284,2.52279,0,1.14736,0.0067623,1.33452,0.254351,0.309091
140.573605442,0.720051,0.285768,1.01346,0.0216629,0.0179974,2.18454,0,0.767785,0.129154,1.19516,0.236249,0.421058
140.620045351,0,0,0,0,0,0,0,0,0,0,0,0
140.666485261,0,0,0,0,0,0,0,0,0,0,0,0
140.712925170,0,0,0,0,0,0,0,0,0,0,0,0
140.759365079,0,0,0,0,0,0,0,0,0,0,0,0
140.805804989,0,0,0,0,0,0,0,0,0,0,0,0
140.852244898,0,0,0,0,0,0,0,0,0,0,0,0
140.898684807,0,0,0,0,0,0,0,0,0,0,0,0
140.945124717,0,0,0,0,0,0,0,0,0,0,0,0
140.991564626,0,0,0,0,0,0,0,0,0,0,0,0
141.038004535,0,0,0,0,0,0,0,0,0,0,0,0
141.084444444,0,0,0,0,0,0,0,0,0,0,0,0
141.130884354,0,0,0,0,0,0,0,0,0,0,0,0
141.177324263,0,0,0,0,0,0,0,0,0,0,0,0
141.223764172,0,0,0,0,0,0,0,0,0,0,0,0
141.270204082,0,0,0,0,0,0,0,0,0,0,0,0
141.316643991,0,0,0,0,0,0,0,0,0,0,0,0
141.363083900,0,0,0,0,0,0,0,0,0,0,0,0
141.409523810,0,0,0,0,0,0,0,0,0,0,0,0
141.455963719,0,0,0,0,0,0,0,0,0,0,0,0
141.502403628,0,0,0,0,0,0,0,0,0,0,0,0
141.548843537,0,0,0,0,0,0,0,0,0,0,0,0
141.595283447,0,0,0,0,0,0,0,0,0,0,0,0
141.641723356,0,0,0,0,0,0,0,0,0,0,0,0
141.688163265,0,0,0,0,0,0,0,0,0,0,0,0
141.734603175,0,0,0,0,0,0,0,0,0,0,0,0
141.781043084,0,0,0,0,0,0,0,0,0,0,0,0
141.827482993,0,0,0,0,0,0,0,0,0,0,0,0
141.873922902,0,0,0,0,0,0,0,0,0,0,0,0
141.920362812,0,0,0,0,0,0,0,0,0,0,0,0
141.966802721,0,0,0,0,0,0,0,0,0,0,0,0
142.013242630,0,0,0,0,0,0,0,0,0,0,0,0
142.059682540,0,0,0,0,0,0,0,0,0,0,0,0
142.106122449,0,0,0,0,0,0,0,0,0,0,0,0
142.152562358,0,0,0,0,0,0,0,0,0,0,0,0
142.199002268,0,0,0,0,0,0,0,0,0,0,0,0
142.245442177,0,0,0,0,0,0,0,0,0,0,0,0
142.291882086,0,0,0,0,0,0,0,0,0,0,0,0
142.338321995,0,0,0,0,0,0,0,0,0,0,0,0
142.384761905,0,0,0,0,0,0,0,0,0,0,0,0
142.431201814,0,0,0,0,0,0,0,0,0,0,0,0
142.477641723,0,0,0,0,0,0,0,0,0,0,0,0
142.524081633,0,0,0,0,0,0,0,0,0,0,0,0
142.570521542,0,0,0,0,0,0,0,0,0,0,0,0
142.616961451,0,0,0,0,0,0,0,0,0,0,0,0
142.663401361,0,0,0,0,0,0,0,0,0,0,0,0
142.709841270,0,0,0,0,0,0,0,0,0,0,0,0
142.756281179,0,0,0,0,0,0,0,0,0,0,0,0
142.802721088,0,0,0,0,0,0,0,0,0,0,0,0
142.849160998,0,0,0,0,0,0,0,0,0,0,0,0
142.895600907,0,0,0,0,0,0,0,0,0,0,0,0
142.942040816,0,0,0,0,0,0,0,0,0,0,0,0