TIME,A,Bb,B,C,C#,D,Eb,E,F,F#,G,Ab
0.000000000,1.43837,1.9782,0.567831,0.00290238,0.133047,0.291682,0.0367476,0.0645868,0.888394,0.152856,0.00281802,0.506059
0.046439909,1.18863,1.95939,0.044657,1.06703,0.272944,0.680543,0.162791,0.803229,0.641842,0.149149,0.000566076,0.256573
0.092879819,1.62854,1.4769,0.0738948,1.89799,0.73903,0.310999,0.15742,2.1883,0.0873754,0.0722035,0.301917,0.00117458
0.139319728,1.1674,0.470568,0.117327,2.27993,0.793535,0.289629,0.025924,1.71486,1.58146,0,0.311309,0.0278867
0.185759637,0.771155,0.00249893,0.093004,1.80271,0.571562,0.175511,0.0406945,1.21498,2.48639,0,0.310581,0.137469
0.232199546,0.731701,0.00264612,0.00840506,1.46539,0.189526,0.179796,0.328541,0.625727,2.83114,0,0.31135,0.165709
0.278639456,0.853591,0.00227669,0.160011,1.28322,0.257523,0.0791213,0.325325,0.24767,3.25821,0,0.311232,0.151647
0.325079365,0.84872,0.00224067,0.115507,1.08969,0.289579,0.328408,0.129579,0.0643399,3.21743,0,0.34071,0.142971
0.371519274,0.617533,0.00410677,0.289634,0.929673,0.265769,0.425726,0.0370406,0.182326,2.72056,0,0.417813,0.183515
0.417959184,0.522175,0.0592219,0.332428,0.975235,0.132839,0.304475,0.268141,0.225261,2.45113,0,0.423981,0.0523648
0.464399093,0.862238,0.0453351,0.153226,1.09956,0.110912,0.0396941,0.69399,0.114484,2.78274,0.0992711,0.191254,0.108896
0.510839002,0.81014,0.13671,0.156659,0.847439,0.029479,0.132325,0.771712,0,2.66858,0.352275,0,0.217677
0.557278912,0.77802,0.36315,0.557216,0.624547,0.133007,0.157706,0.666128,0,1.58687,0.574075,0,0.439035
0.603718821,0.7275,0.432909,0.367448,0.539149,0.725773,0.525662,0.52924,0.36955,0.961921,0.793966,0,0.311343
0.650158730,0.622981,0.368111,0.0705766,0.236068,0.489716,1.58961,0.879284,0.176501,1.141,0.62002,0,0.149551
0.696598639,0.165127,0.338092,0.103921,0.245845,0.201232,1.27309,2.27156,0.0855732,0.76118,0.0628512,0.147786,0.0787027
0.743038549,0.188839,0.526926,0.0804211,0.0396851,0.0945754,0.464766,3.03952,0.0406844,0.306316,0.0241168,0.258887,0.0024824
0.789478458,0.203326,0.737429,0,0,0.421284,0.146658,3.21699,0.0400791,0.140601,0.10317,0.34403,0.0169193
0.835918367,0.248016,0.664714,0.00051459,0.162573,0.265123,0,3.40142,0.0502358,0.00599165,0.00049005,0.326979,0.120939
0.882358277,0.511635,0.562014,0.00338537,0.106942,0.188807,0.0036221,3.6139,0.375325,0,0.0448121,0.403421,0.194277
0.928798186,0.445541,0.4633,0.00448925,0.114263,0.298863,0.263744,3.30606,0.0880433,0,0.291513,0.263603,0.163218
0.975238095,0.190988,0.458473,0.0037907,0.0255737,0.237593,0.818639,2.24286,0.0310227,0.072132,0.26357,0.173311,0.120801
1.021678005,0.330153,0.367591,0.00432819,0.03212,0.231438,2.09972,0.767771,0.121588,0.161286,0.157148,0.251523,0.154916
1.068117914,0.534089,0.24819,0.000234093,0.0166261,0.008358,3.16788,0.142244,0.393867,0.0643407,0.19122,0.330733,0.128873
1.114557823,0.63467,0.274212,0.0124577,0.00343978,0.185007,3.03302,0.0635064,0.3368,0.129144,0.111766,0.266244,0.129944
1.160997732,0.191999,0.301651,0.0456235,0.134891,1.43024,1.9954,0.0185048,0.109201,0.229931,0.0678785,0.0138687,0.763157
1.207437642,0.0746475,0.270804,0.0699131,0.0876841,3.09281,0.27564,0.0729336,0.0710901,0.296972,0.00556492,0,0.778819
1.253877551,0.112999,0.304253,0.00907091,0.0155411,3.55011,0.00693681,0.102398,0.41639,0.153769,0,0,0.636692
1.300317460,0.123063,0.280988,0.0185481,0.829121,2.80105,0.0500036,0.171831,0.552994,0.0923203,0.062598,0,0.579096
1.346757370,0.241887,0.241097,0.121641,1.50729,1.76433,0.19083,0.133699,0.579476,0.119874,0,0,0.556735
1.393197279,0.420619,0.218916,0.204411,1.55754,0.708072,0.0990911,0.149282,1.03214,0.247683,0.00481905,0,0.354481
1.439637188,0.553747,0.211156,1.80084,0.864213,0.0766738,0.0215447,0.216885,0.851109,0.269264,0.484017,0,0.215639
1.486077098,0.439548,0.221288,3.1751,0.0585723,0.133568,0.0196639,0.437503,0.442856,0.225733,0.916329,0.043876,0.0915919
1.532517007,0.203815,0.122425,3.4136,0.00749193,0.109865,0.181586,0.523618,0.0655674,0.420677,0.832056,0.0798339,0.188731
1.578956916,0.113669,0.488945,2.30466,0.0310276,0.0602677,0.228967,0.609206,0.263825,0.379489,0.579024,0.0413584,0.398513
1.625396825,0.228158,1.78618,0.774187,0.0481156,0.0182184,0.163824,0.683406,0.202625,0.206627,0.348512,0.0699985,0.390104
1.671836735,0.381408,2.96814,0.017539,0.0614177,0.0544261,0.203669,0.690209,0.200464,0.291138,0.248633,0.0500953,0.302217
1.718276644,0.561754,3.14025,0.00390603,0.0749804,0.188526,0.135428,0.471766,0.129653,0.533177,0.212876,0,0.0812363
1.764716553,0.623433,2.48714,0.00402344,0.0472016,0.628169,0.0234432,0.216467,0.126434,0.760608,0,0,0.0676115
1.811156463,0.614756,1.61634,0.0721683,0.00873493,0.843999,0.00935749,0.336215,0.122144,0.438927,0,0,0.0491904
1.857596372,0.835509,1.04402,0.052665,0.099391,0.879075,0.00616615,0.632626,0.13196,0.315045,0,0.131372,0.0984954
1.904036281,0.961373,1.22485,0.224454,0.83107,1.00544,0,0.75398,0.0688792,0.839326,0.174224,0.25343,0.0804781
1.950476190,1.55361,1.76613,0.0357119,0.908112,0.614797,0.0064281,0.0815483,0.186528,1.0201,0.199165,0.0127025,0.0716857
1.996916100,1.77917,1.24476,0.163333,1.06471,0.682946,0.0273441,0.0527013,1.09422,0.575706,0.103597,0.0152963,0.0249355
2.043356009,2.18844,0.77982,0.22556,1.6329,0.816458,0.0344627,0.0235405,1.22818,0.304984,0.122874,0.0954678,0
2.089795918,2.54246,0.349971,0.259607,1.76883,0.916895,0.0367942,0.0112302,1.1863,0.281456,0.14395,0.0936148,0
2.136235828,2.78344,0.059445,0.271116,1.76208,1.01413,0.0715751,0.0071909,1.12391,0.353568,0.156615,0.083894,0.0212152
2.182675737,3.00508,0.0170331,0.285284,1.90926,1.09054,0.108467,0.00437511,1.13854,0.238922,0.379395,0.0682959,0.0393637
2.229115646,3.05275,0,0.176817,2.1029,1.04868,0.00728868,0.250937,1.38939,0.006919,0.69625,0.0300961,0.0821045
2.275555556,2.6364,0.0524937,0.89734,1.56121,1.06509,0,0.292027,0.681603,0.813928,0.180405,0.145268,0.0224705
2.321995465,2.31693,0.0370269,1.25821,0.96264,1.1817,0,0.294448,0.361005,1.04,0.131405,0.170905,0.0257475
2.368435374,2.19802,0.00914113,0.995682,0.422582,1.02353,0.0133066,0.308337,1.03767,1.25905,0.134839,0.221318,0.00654098
2.414875283,2.92228,0.136681,0.728868,0.0915268,1.00479,0.151706,0.161321,1.21688,1.03729,0.12408,0.26092,0.0682168
2.461315193,3.14027,0.494835,0.0342648,0.12203,0.997101,0.274782,0.0450808,1.19333,0.595205,0.144831,0.117523,0.104501
2.507755102,2.85976,0.411117,0.0035398,0.245026,1.07799,0.288427,0.0477874,1.65805,0.55368,0.0477924,0.0294375,0.362718
2.554195011,3.15795,0.108588,0.0221593,0.398916,0.876569,0.22675,0.149804,1.96856,0.485868,0.258355,0.0271575,0.544972
2.600634921,3.35815,0.00073388,0.120003,0.311855,0.855105,0.0205314,0.358012,2.31509,0.168701,0.150891,0.0377027,0.194619
2.647074830,3.57977,0.00100184,0.0389266,0.200153,0.839927,0.0469825,0.447243,2.11238,0.046632,0.0798298,0.221858,0.113211
2.693514739,3.46949,0.000616907,0,0.640662,1.01562,0.0814567,0.202788,1.7318,0.137983,0,0.297564,0.0274505
2.739954649,2.90066,0.000981806,0,1.75635,0.831017,0.0778254,0.130393,1.38789,0.167603,0.0530037,0.355624,0.000253977
2.786394558,1.8233,0.435207,0.101252,1.68701,1.1317,0.0451825,0.197314,1.87095,0.508398,0.0117872,0.445185,0.0121595
2.832834467,0.551153,0.379688,0.242641,1.39487,1.64729,0.0277575,0.225394,2.28569,0.547422,0.000319154,0.582317,0.176808
2.879274376,0.275012,0.384339,0.369594,1.12821,1.72217,0.000311761,0.284338,2.51632,0.527215,0.000237386,0.466784,0.229704
2.925714286,0.885205,0.313914,0.521909,0.782471,1.56924,0.0108483,0.222989,2.61423,0.600756,1.29261e-05,0.310638,0.103238
2.972154195,1.54446,0.123681,0.826478,0.243562,1.19728,0.00128575,0.389269,2.47123,0.669131,0.0010563,0.115149,0.0861646
3.018594104,1.88172,0.0226947,0.100945,0.165543,1.38933,0.00289914,1.09133,1.56036,0.0458748,0.0215961,0.0736037,0.415189
3.065034014,1.67853,0.0470177,0.0188699,0.0712319,1.40208,0.017605,0.903992,0.844958,0.0253333,0.0148923,0.080942,1.48038
3.111473923,1.3757,0.156147,0.0136927,0.0791014,1.33208,0.0109623,0.72687,0.876029,8.75152e-05,0.0846661,0.138149,2.08357
3.157913832,1.89256,0.176478,0,0.145186,1.34653,0.0161315,0.595629,0.959738,0.0141527,0.0803495,0.00111734,2.34915
3.204353741,2.49692,0.183317,0,0.130432,1.50464,0.053048,0.431828,0.906448,0.440766,0.0523533,0.000159048,2.12032
3.250793651,3.10049,0.029134,0,0.0799984,1.60753,0.0324791,0.131917,1.20063,0.630147,0,0.00123979,1.43606
3.297233560,3.46392,0,0.0115006,0.383302,1.47627,0.0334353,0,1.27798,0.382318,0,0.00203885,0.564412
3.343673469,3.56355,0,0.00380713,1.43278,0.474865,0.0791214,0.130211,1.14161,0.204202,0,0.140041,0.16352
3.390113379,3.13816,0,0.00283906,2.64712,0.0417609,0.139116,0.160929,1.11907,0.322592,0.0745857,0.334715,0
3.436553288,2.05422,0,0.00308805,3.02157,0.124748,0.174779,0.368932,0.992041,0.333371,0.636559,0.393603,0.0226299
3.482993197,1.44279,0,0.00465415,3.01016,0.154726,0.104469,0.409754,1.76639,0.368776,0.638072,0.358642,0.0724199
3.529433107,2.07019,0,0.206325,2.50573,0.615215,0,0.218777,1.84725,0.514227,0.0414217,0.268928,0.00822191
3.575873016,2.2822,0,0.2271,1.92519,0.728694,0,0.0806479,1.84531,0.597156,0.121674,0.167778,0.0164342
3.622312925,2.29876,0,0.196668,1.44015,0.773744,0.0456031,0.0335091,2.05831,0.417868,0.375258,0.0944446,0.000241831
3.668752834,2.21385,0,0.187063,0.989053,0.728887,0.193657,0.0116657,2.24359,0.313078,0.510066,0.10888,0.000277377
3.715192744,2.46102,0,0.192246,0.819515,0.902495,0.241306,0,2.6073,0.095421,0.48486,0.0936451,0.0170599
3.761632653,2.95375,0.298977,0.256736,0.973628,1.1079,0.200211,0.0260634,2.44848,0.0287896,0.256444,0.515891,0.248407
3.808072562,2.91356,0.0832969,0.265273,1.96615,0.426148,0,0.00605548,1.89763,0.055949,0.0438958,0.900634,0.329235
3.854512472,2.12592,0.00240345,0.249355,2.18406,0.382719,0,0,1.80448,0,0.0607924,1.44605,0.334851
3.900952381,0.858138,0.000604801,0.238621,2.27762,0.996013,0.0172144,0.213898,1.75176,0.0356306,0.368431,1.76182,0.355375
3.947392290,0.740372,0,0.23357,1.57204,1.38676,0.0262009,0.0195326,1.42714,0.246301,0.608795,1.79,0.261062
3.993832200,0.782385,0,0.347362,1.56259,1.37274,0.0337652,0.0542266,1.31199,0.48735,0.668957,1.11908,0.172468
4.040272109,0.939802,0,0.835164,1.0384,1.53257,0.0477833,0.0420397,1.51797,0.352694,0.47333,1.05522,0.037311
4.086712018,0.986357,0,0.920232,0.629667,1.8002,0.0733187,0.0258832,1.51505,0.214996,0.139973,1.24128,0.00034983
4.133151927,0.858071,0.147676,1.2991,0.616499,1.56622,0.990166,0.0161356,0.970254,0.416954,0,1.23625,0.000458711
4.179591837,1.41478,0.540107,1.59829,0.684856,1.34729,1.55752,0.0026945,0.736425,1.02708,0.0746754,0.592196,0.0176059
4.226031746,1.69395,0.000849705,2.05727,0.743871,1.27708,1.83862,0.175676,0.142463,1.36704,0.298721,0.227458,0
4.272471655,1.47783,0,2.2021,0.0500526,1.42124,2.58759,0.149534,0.0392177,1.49095,0.272872,0,0
4.318911565,1.62313,0,2.17145,0.0869265,1.41687,2.50263,0.0337369,0.0110351,1.69189,0.246338,0,0
4.365351474,1.64089,0,2.02368,0.212853,1.32982,2.48787,0.0240049,0.00882612,1.97437,0.24657,0,0
4.411791383,1.51168,0.051156,1.97099,0.244781,1.28459,2.55425,0.0243933,0.00752108,2.50476,0.322915,0,0
4.458231293,1.49289,0.0739924,1.98339,0.180602,0.943035,2.70456,0.0236233,0.0182086,2.63695,0.26159,0.048299,0
4.504671202,1.53989,0,2.08109,0.04208,0.538028,2.26016,0.308666,0.0830213,2.4883,0.593426,0.0168579,0.0217564
4.551111111,1.55344,0.0023234,2.15617,0.275019,0.701872,1.76349,0.519697,0.223648,1.99965,0.685482,0.014047,0
4.597551020,1.4262,0.00315546,2.18775,0.321985,0.724701,1.56021,0.553739,0.262088,1.57163,0.746252,0.165801,0
4.643990930,2.00956,0.00215029,2.23733,0.628487,0.391049,0.74899,0.428379,0.123866,1.37535,0.555684,0.149569,0.461384
4.690430839,2.38865,0.0755565,2.12373,0.898083,0.1984,0.393948,0.033334,0.603262,1.20122,0.794536,0.130592,0.233172
4.736870748,2.72339,0.0843222,1.82544,0.883933,0.15607,0.436599,0.0141212,1.56279,0.921949,0.795333,0.106165,0.127015
4.783310658,3.17702,0.051661,1.62099,0.788927,0.168908,0.615524,0.0161006,1.84777,0.769621,0.709563,0.0876553,0.134514
4.829750567,3.45993,0.0229898,1.34985,0.609352,0.104223,0.850805,0.023145,1.93104,0.697936,0.615001,0.0739273,0.156705
4.876190476,3.66701,0.105926,1.21933,0.262149,0,1.08628,0.048468,1.73401,0.458042,0.433936,0.103278,0.0860789
4.922630385,3.40823,0.0374373,1.44469,0.0515329,0.0114351,1.27256,0.134814,1.23987,0.370591,0.404943,0.549339,0
4.969070295,2.58263,0.00255805,2.3291,0.311361,0.455564,0.902598,0.0495347,0.0113198,0.105013,0.333336,1.89179,0.00167791
5.015510204,1.62081,0.00778987,2.88373,0.636466,0.269745,0.511385,0.0409582,0.0135853,0.0929663,0.160707,2.40256,0
5.061950113,0.77959,0.216426,2.74355,0.889737,0.0167295,0.453915,0.023794,0.026683,0.09044,0.516196,2.52653,0.062242
5.108390023,0.610587,0.316033,2.53274,0.671135,0.170635,0.409278,0,0.00363519,0.356511,0.390051,2.58015,0.049628
5.154829932,0,0.361513,2.27037,0.4911,0.348737,0.458154,0,0.0610036,0.407653,0.585004,2.57058,0.0111241
5.201269841,0.0953643,0.252784,2.08543,0.269451,0.478396,0.534282,0,0.15972,0.703763,0.583274,2.43978,0.192276
5.247709751,0.181047,0.220988,1.61388,0.605313,0.738631,0.845934,0.0313992,0.154745,2.19943,0.563802,0.684408,0.209686
5.294149660,0.360512,0.19756,1.0105,0.72273,0.833745,0.856176,0.185269,0.0433153,2.53276,0.442813,0,0.264291
5.340589569,0.39525,0.3714,0.598047,0.803104,1.25633,0.818184,0.0588116,0.085504,2.56367,0.147653,0,0
5.387029478,0.354507,0.291321,0.503225,0.72057,1.42949,1.16477,0.0614319,0.277036,2.86503,0.0200115,0,0
5.433469388,0.344821,0.0775981,0.692717,0.621747,1.31834,1.24268,0.059787,0.25054,3.07182,0.165427,0,0
5.479909297,0.559163,0.0101113,0.826495,0.56932,1.17645,1.17105,0.0597131,0.104475,3.19196,0.242552,0.0147354,0
5.526349206,1.1231,0.0597051,0.200481,0.871865,1.05452,0.984635,0.0684458,0.0196952,3.17749,0.214866,0,0
5.572789116,1.52853,0.22131,0.330091,1.31854,0.608264,1.03837,0.096143,0.0327273,3.34831,0.113261,0,0
5.619229025,1.6371,0.129958,1.05464,0.993645,0.616857,0.721378,0.0681868,0.0125801,3.43499,0,0.123027,0
5.665668934,1.38195,0.0843691,1.29713,0.788903,0.748836,0.642679,0.0660601,0,3.34887,0.0570097,0.0991664,0.00337761
5.712108844,1.05678,0.105,1.04325,0.624082,1.05391,0.506341,0.0687988,0,3.21731,0.0780194,0.0694511,0.141046
5.758548753,0.981244,0.321703,0.947843,1.12454,0.704238,0.620051,0.0630173,0,3.18599,0.0872181,0.069957,0.535445
5.804988662,0.959813,0.0759854,0.87285,1.24935,0.663417,0.375015,0.0606221,0,3.30317,0.0769655,0.0613123,0.292048
5.851428571,1.06105,0.0184058,0.872599,1.16145,0.65468,0.222049,0.0577405,0,3.24535,0.272543,0.0332129,0.0503563
5.897868481,1.40172,0,0.880813,1.06833,0.685411,0.442612,0.0579684,0,3.15428,0.22878,0.0349511,0
5.944308390,2.24406,0,0.850157,0.959123,0.835809,0.396614,0.056624,0,3.31005,0.003928,0.0305207,0
5.990748299,2.7959,0.00121098,0.365948,0.930421,0.870824,0.264541,0.0269314,0.0310944,3.35255,0,0.0703533,0
6.037188209,2.7492,0.000470461,0.139786,0.810409,0.299775,1.06243,0.000478494,0.0453506,3.44616,0.00807898,0.0864455,0
6.083628118,2.63808,0,0.027695,1.00815,0.150241,1.45463,0,0.0454373,3.32985,0,0.0230264,0.0941115
6.130068027,2.60847,0,0.00333729,1.25338,0.208429,1.3205,0.00709314,0.0417812,3.23866,0,0.0248716,0.0978138
6.176507937,1.38716,0.0285791,0.152697,1.75471,0.386757,1.09567,0.014735,0.0377938,3.61628,0.198349,0.00208524,0.0682931
6.222947846,1.36146,0.0901828,0.274003,1.59603,0.744,1.06108,0.0115762,0.0372375,3.5757,0.00146408,0,0.0321865
6.269387755,1.23781,0.111677,0.646432,1.55311,0.871971,0.899416,0.0109488,0.0392024,3.36342,0.0921314,0,0
6.315827664,1.12443,0.0292333,0.702226,1.27698,1.10734,0.727429,0.0155299,0.045427,3.25378,0.190313,0,0.205992
6.362267574,0.695792,0.0356607,0.938708,0.998121,1.30483,0.542457,0.089997,0.270059,2.58522,0.153892,0,0.346601
6.408707483,0.607977,0.128547,1.28786,0.839424,1.1855,0.523192,0.226488,1.27591,1.73898,0.0688904,0,0.690461
6.455147392,0.374789,0.00297864,1.45702,0.416481,1.05036,0.732081,0.162749,1.9462,1.33775,0.114645,0.186594,0.692691
6.501587302,0.207128,0.000843051,1.49565,0.308177,0.876981,1.15328,0.0678366,2.29977,1.10306,0.406057,0.092899,0.635454
6.548027211,0.125463,0,1.72389,0.371488,0.979577,1.541,0.0777199,2.51897,0.46946,0.471805,0.0719604,0.641971
6.594467120,0.329877,0,1.77637,0.114906,1.21834,1.6374,0.0710791,2.64548,0.265836,0.427055,0.0840953,0.560721
6.640907029,0.272431,0.188302,1.59493,0.0514627,1.11782,1.47478,0.0728102,3.36938,0.0163137,0.0399172,0.412759,0.468734
6.687346939,0.139652,0.192467,1.56358,0.249423,0.651191,1.13467,0.0720566,3.91908,0.0750815,0.00533835,0.562934,0.572549
6.733786848,0.160158,0.27259,1.54998,0.142018,0.7358,0.749196,0.0763855,3.89526,0.107635,0.00402512,0.6629,0.483125
6.780226757,0.63471,0.0880103,1.48996,0.342893,0.572603,0.282018,0.146618,3.08891,0.496789,0.202378,0.127459,0.502554
6.826666667,0.384519,0,1.46129,0.0983458,0.318287,0.295535,0.28206,2.86093,0.674051,0.360436,0.0650114,0.568078
6.873106576,0.219054,0.0242037,1.52786,0.599622,0.550199,0.32867,0.215211,2.49536,0.714545,0.376899,0.0705603,0.619363
6.919546485,0.182077,0.431747,2.46566,0.759781,1.13235,0.475143,0.106565,1.71255,0.687248,0,0,0.582025
6.965986395,0.102304,0.10342,2.81965,0.464134,1.33956,0.661319,0.125538,1.31793,0.842247,0.149947,0.00550794,1.14711
7.012426304,0.000373223,0.000255805,2.6824,0.307024,1.4333,0.548821,0.24369,1.3053,0.447855,0.247116,0.019747,1.6776
7.058866213,0,0.0004184,2.77811,0.19826,1.40931,0.46256,0.292809,1.28627,0.189185,0.25188,0.0199417,1.99242
7.105306122,0,0,3.08689,0.0614292,1.2178,0.877305,0.103583,0.9718,0.0524963,0.288837,0.00116836,2.14368
7.151746032,0.084731,0,2.67509,0.0596499,0.584179,1.43738,0.0996754,0.709919,0.957568,0.241117,0,1.85478
7.198185941,0.481805,0.000934948,1.98119,0.126421,0.658606,1.65719,0.0134962,1.30287,1.25213,0.237655,0.0071376,1.43331
7.244625850,1.30488,0.00264271,1.77651,0.340246,1.21895,1.4475,0.0249138,0.94687,1.23098,0.252474,0.00131831,0.64277
7.291065760,1.41927,0.151757,1.74229,0.725401,0.916462,1.3042,0.30474,1.01437,1.24332,0.235532,0.0966122,0.418325
7.337505669,1.4305,0,1.45997,0.537107,0.598729,1.24313,0.511158,1.21157,1.59621,0.134785,0.134382,0.44379
7.383945578,1.5214,0,1.01499,0.639977,0.780872,1.1824,0.46402,1.54829,1.75369,0.0652684,0.0978525,0.223613
7.430385488,1.72526,0,1.01224,0.518148,0.513872,1.28758,0.392564,1.87216,1.61976,0.30296,0.0433784,0
7.476825397,1.90452,0,1.04168,0.482985,0.578005,0.822252,0.322422,2.14698,1.27962,0.38029,0.0249499,0
7.523265306,1.61731,0.0690998,1.32101,0.560929,0.70127,0.512938,0.216119,2.06667,1.06414,0.378005,0.0864057,0.379137
7.569705215,0.645947,0.175511,1.43557,0.428225,0.966079,0.124885,0.278647,2.40931,0.531243,0.198206,0.296855,1.55486
7.616145125,0,0.111309,1.53938,0.112529,1.19459,0.13217,0.299912,2.83553,0.143079,0.012143,0.221831,2.37231
7.662585034,0,0.0025193,1.68101,0.00586277,1.31858,0.0636796,0.326633,2.85694,0.0720178,0.0402829,0,2.39172
7.709024943,0,0.0315984,1.64837,0.0224034,1.48056,0.00549082,0.273706,2.75049,0.0261186,0.0842117,0,2.09288
7.755464853,0,0.0469559,1.40905,0.0255,1.45641,0.00674694,0.120564,2.84955,0.508501,0.122911,0,1.77848
7.801904762,0,0.080483,1.45501,0,1.22706,1.9464e-05,0.0837877,2.84427,0.770617,0.168805,0,1.57495
7.848344671,0.0160962,0.197407,1.77098,0.00189549,1.0129,0.00575373,0.0934159,2.34477,1.27012,0.221672,0,1.53714
7.894784580,0.0593696,0.153527,2.06573,0.00186371,0.974078,0.00359892,0.181328,1.72478,1.77979,0.202462,0,1.38259
7.941224490,0.0968549,0.305638,2.00508,0.00227687,0.615493,0.00420502,0.22267,1.55649,1.88712,0.194395,0.0965806,0.991007
7.987664399,0.000156633,0.293126,1.86494,0.188812,0.472217,0.0155376,0.265684,1.44506,1.88645,0.214248,0.323538,0.833623
8.034104308,0.0747764,0.630694,1.99744,0.898782,0.244204,0.0291607,0.243126,1.21371,1.77551,0.104703,0.0466518,1.19986
8.080544218,0.0478934,0.283436,2.09616,0.643251,0.168593,0.108733,0.0476309,1.22328,1.92468,0.0196158,0.0894847,1.94385
8.126984127,0.00820807,0.0698992,2.10312,0.801239,0.202989,1.07747,0.0168101,1.70055,0.982814,0,0.0615329,2.65035
8.173424036,0,0.0350477,2.4156,0.653544,0.185846,1.51474,0.193453,2.09374,0.000263329,0.0878828,0.0194548,2.7893
8.219863946,0,0.0132996,2.74149,0.268932,0.269484,1.45773,0.352606,2.29682,0.00638987,0.265754,0.0744597,2.32447
8.266303855,0.0113705,0,2.96532,0.00834524,0.277167,1.21948,0.279645,2.52099,0.0317439,0.374791,0.0522763,2.60443
8.312743764,0.0709203,0,2.63503,0.00236639,0.343993,0.942634,0.262886,2.57186,0.0359235,0.438588,0.0159466,2.70921
8.359183673,0,0,2.29925,0.298397,0.163695,0.917844,0.231576,2.18659,0.00300642,0.382859,0,2.88727
8.405623583,0.148162,0,2.24511,0.3451,0.587472,1.2374,0.217603,1.79242,0.0793121,0.336638,0.0187899,2.44959
8.452063492,0,0,1.91854,0.13281,1.09551,1.30048,0.117555,2.12841,0.203965,0.369919,0.0767936,1.73142
8.498503401,0.108818,0,1.90396,0.0960764,1.15273,1.16448,0.0921896,2.0941,0.34867,0.613686,0.316149,1.50143
8.544943311,0.407408,0,1.68456,0.0142909,0.902199,1.06201,0.0807962,1.98411,0.351447,1.03829,0.0828275,1.27734
8.591383220,0.498422,0.0161848,1.58773,0.0115055,0.881302,0.503482,0.469953,1.99392,0.23,0.94237,0,1.12863
8.637823129,1.13292,0,0.874377,0.165897,0.993708,0.10531,0.762055,1.93968,0.0921467,0.873783,0,0.64007
8.684263039,1.54711,0.0930603,0.178605,0.992976,1.02491,0.128311,0.586394,1.80005,0.183789,0.579149,0,0.498238
8.730702948,1.78883,0.496933,0.0273052,1.53702,1.06805,0,0.51921,1.77037,0.0555337,0.476636,0.0118237,0.465408
8.777142857,2.18852,0.008624,0,1.68001,1.41385,0.0112251,0.452534,1.68324,0.232373,0.263824,0.0115858,0.377904
8.823582766,3.27574,0.0073644,0.018415,1.89671,1.33643,0.00518476,0.199526,0.888912,0.0461079,1.18188,0.00113629,0.127005
8.870022676,3.60905,0.00104327,0.00247803,1.93732,1.16853,0.0701563,0,0.719364,0.00297796,1.63521,0.00136689,0.0252064
8.916462585,3.73025,0,0.002985,1.91192,0.996213,0.0210034,0.134701,1.00993,0,1.51008,0.00170993,0.0259667
8.962902494,3.86453,0,0.00258181,1.77474,0.611642,0.100635,0.325321,1.26955,0.00381645,1.12856,0.00192898,0.0416514
9.009342404,3.77048,0,0.000721756,1.64584,0.185971,0.205931,0.411212,1.08019,0.746516,0.339302,0.00196846,0.0484996
9.055782313,3.71189,0,0.0507113,1.52498,0.137206,0.23715,0.131697,0.917427,0.985384,0.0834619,0.00466088,0.0793351
9.102222222,3.6487,0.0789103,0.113507,1.45756,0.133455,0.0738104,0.39344,0.872111,0.885623,0.0797573,0.0345667,0.0330242
9.148662132,2.87737,0.0312813,0.387675,1.16817,0.687587,0.0741702,0.28982,1.74384,0.978023,0.255208,0.00686435,0
9.195102041,1.92117,0.0328463,0.696809,1.03721,0.741479,0.0363975,0.0521524,1.89455,0.86605,0.432901,0.0906435,0
9.241541950,0.601039,0,1.22641,0.672673,1.17693,0.0420655,0.00527379,3.39061,0.202794,0.349784,0.104427,0
9.287981859,0.6296,0,1.22903,0.511191,1.24279,0.0834072,0,3.55609,0.00957793,0.423195,0.0135583,0.0221888
9.334421769,0.956614,0.0972475,1.23236,0.42818,0.939899,0.0135793,0,3.50353,0.0434452,0.640591,0.0158912,0.107178
9.380861678,1.43541,0.160209,1.17853,0.551811,0.752584,0.00449902,0,3.46906,0.0711074,0.639644,0,0.249934
9.427301587,2.08578,0.143809,0.633503,1.07126,0.753029,0,0.630299,2.83639,0.13979,0.164546,0.0102117,0.545165
9.473741497,2.015,0,0.0990177,2.20253,0.303668,0.0977222,0.579153,1.81412,0.307203,0.0326213,0.0629729,0.765231
9.520181406,2.1386,0,0.0198522,2.24224,0.482483,0.0720165,0.586784,1.03452,0.325211,0.0100457,0.105777,0.613025
9.566621315,2.4126,0,0.0247755,2.06085,1.26129,0.106006,0.599587,0.645653,0.283033,0.0079025,0.108813,0.390285
9.613061224,2.60252,0,0.0475511,1.99566,1.65628,0.143044,0.614442,0.868166,0.203704,0.0105524,0.103479,0
9.659501134,2.76132,0.00453467,0.0866072,1.89327,1.72295,0.163825,0.337275,1.18223,0.136271,0.0396609,0.135845,0
9.705941043,2.8089,0.213244,0.138384,1.88273,1.53524,0.0231463,0.255995,0.596478,0.550198,0.0490715,0.354201,0.211537
9.752380952,2.47089,0.252366,0.0801598,1.68609,0.801854,0.283356,1.08934,0.0904317,1.17553,0.0228183,0.821961,0.493206
9.798820862,2.46795,0.250316,0.0249859,2.00332,0.455548,0.26898,0.935598,0.0799085,1.58272,0.00492262,0.801822,0.566039
9.845260771,2.38015,0.10068,0.0263048,2.26859,0.480231,0.103555,1.10008,0.193149,1.851,0.00122523,0.892028,0.273582
9.891700680,2.20492,0.133095,0.0832949,2.52021,0.629902,0.064419,1.30359,0.312884,1.74512,0.00164879,0.893756,0.00494202
9.938140590,1.84248,0.542545,0.00311304,2.0625,0.650331,0.0456494,2.14444,0.330669,2.05177,0.00131448,0.849449,0
9.984580499,1.39077,0.885477,0.00131381,1.05475,0.249843,0.0127026,3.0384,0.00530289,2.20705,0.00506789,0.599867,0.0746718
10.031020408,0.63669,1.02809,0.653609,0.343177,0.158794,0,3.08377,0,1.99473,0,0.812296,0.111065
10.077460317,0.00882574,1.63871,1.07706,0.00377661,0.139699,0,3.00301,0.0282903,1.39039,0,0.849914,0.0346137
10.123900227,0.0443755,1.74435,1.03054,0.00682144,0.151936,0,2.73162,0.041392,1.70623,0,0.774965,0.0151722
10.170340136,0.672556,1.46985,0.969556,0.00733184,0.141959,0.951065,1.54049,0.0127276,2.19341,0.066006,0.435315,0
10.216780045,1.37021,0.604622,0.440058,0.19315,0.132844,2.12878,0.69433,0.0045784,2.56566,0.36016,0.167615,0.024389
10.263219955,1.31675,0.377468,0.198176,0.572583,0.0822043,3.11723,0.0801204,0.0161332,2.49945,0.421557,0.124497,0.0296955
10.309659864,1.44795,0.00123784,0.27985,0.851425,0.030059,2.9907,0.026648,0.0764007,2.17137,0.430027,0.0207106,0.0842009
10.356099773,1.21355,0.0526049,0.323515,1.69069,0.128044,1.86906,0.0701926,0.0813457,2.00479,0.309501,0.364824,0.0813768
10.402539683,0.651258,0.210758,0.28352,2.5781,0.144868,0.585369,0.393823,0.353835,1.62342,0.0893447,0.931205,0.0517881
10.448979592,0.143193,0.283058,0.212134,3.12779,0.0380656,0.0749714,0.310822,1.19528,0.945442,0.00108812,1.00715,0.893801
10.495419501,0.479725,0.159805,0.270303,3.45488,0,0.0738362,0.345663,2.04872,0.0343062,0.0384462,0.831659,1.07633
10.541859410,1.0706,0.0183556,1.25539,2.33505,0,1.41729,0.298733,2.02535,0.00373267,0.168259,0.513859,1.11599
10.588299320,1.35042,0.0628933,1.65653,0.641897,0,2.76318,0.12322,1.78502,0.00107269,0.348581,0.00180023,0.998901
10.634739229,1.29776,0.106588,1.4325,0.143574,0,3.3241,0.0404613,1.53732,0,0.410078,0.00239329,0.961233
10.681179138,1.5264,0.102573,1.0818,0.371492,0,2.61471,0.032526,1.397,0.288364,0.482518,0,0.951562
10.727619048,1.68096,0.0778803,0.576855,0.517439,0.318001,2.09724,0.507847,1.12916,0.283611,0.529424,0,0.13505
10.774058957,1.51901,0.556467,0.192124,0.540366,0.431129,2.14824,0.294733,1.04913,0.060572,0.558019,0.00595963,0.0860544
10.820498866,1.49537,0.448888,0.370322,0.474337,0.588735,2.14624,0.256897,0.9278,0.0184011,0.529683,9.97958e-05,0.147253
10.866938776,1.30424,0.055762,0.715847,0.333592,1.06078,1.54943,0.602792,1.11249,0.0120276,0.329328,0.000284689,0.788773
10.913378685,0.716819,0.0309698,0.27165,0.207085,1.3028,0.750254,0.785456,1.93173,0.140554,0.112969,0.141153,1.1228
10.959818594,1.12488,0.00120501,0.184166,0.254588,1.31064,0.244512,0.6598,2.31216,0.209809,0.186909,0.249643,0.981243
11.006258503,1.95083,0.0595924,0.297253,0.319435,1.34577,0.00718254,0.175008,2.43598,0.271546,0.128282,0.247081,0.429656
11.052698413,2.80664,0.0838227,0.0962243,0.416215,1.1621,0.0091444,0.0291795,2.17279,0.205757,0.117543,0.126558,0.122256
11.099138322,3.00969,0.133489,0.0242747,1.19653,1.09968,0.0131085,0.0119841,1.49042,0.0674848,0.309224,0.00275893,0.0601994
11.145578231,3.03438,0.0842769,0.00391255,1.78496,0.88442,0.240155,0.0199301,1.24932,0,0.994653,0.00285552,0.0287691
11.192018141,3.22456,0.0478185,0.0208426,2.04348,0.675845,0.682616,0.0046069,0.795268,0.0407011,1.25609,0.00261764,0.0100152
11.238458050,3.35744,0.00187834,0.0598229,1.85417,0.708265,0.593241,0.0396419,1.04552,0.395413,1.05497,0.00219579,0.00240431
11.284897959,3.29764,0.00301571,0.0685149,1.43048,0.774265,0.416767,0.16229,0.826595,0.658841,0.512458,0.0977626,0.0596323
11.331337868,2.96562,0.00104871,0.193493,1.89215,0.190745,0.69645,0.126405,0.138202,0.834533,0.261895,0.169706,0.107237
11.377777778,2.49685,0,0.20415,2.1609,0.010476,0.672046,0.0925351,0.370981,1.35445,0.0164846,0.156328,0.159514
11.424217687,2.35901,0,0.170398,2.66263,0.0286685,0.144577,0.168702,1.31913,0.992985,0.0543135,0.118187,0.0270246
11.470657596,2.76219,0.0198926,0.122611,2.73749,0.141851,0.0865293,0.00301873,2.34031,0.134743,0.0555698,0.0473227,6.40632e-05
11.517097506,2.51059,0.00575139,0.258804,2.09133,0.275096,0.0407417,0,2.89906,0.00810834,0.0553406,0.0029084,0.0147049
11.563537415,2.6859,0,0.229109,1.75284,0.312217,0.0317944,0,3.11169,0.0124712,0.0686974,0.00205088,0.021784
11.609977324,2.91538,0,0.0774757,1.58357,0.336046,0.0452327,0.000198478,3.05668,0.0972652,0.110605,0.000416822,0.0710305
11.656417234,3.67967,0.133627,0.00181786,1.08091,0.143745,0.0343746,0.348256,2.49955,0.0397011,0.0183502,0.0719612,0.0628762
11.702857143,3.87517,0.130509,0.0237959,0.0152097,0.393266,0.0176669,0.469306,1.65055,0.305382,0.0153971,0.0274278,0.0295945
11.749297052,3.63413,0,0.172782,0.0159786,0.989646,0.119357,0.48146,1.31034,0.235888,0.0659447,0,0.0658185
11.795736961,2.9417,0,0.00339344,0.104215,1.30004,0.116699,0.730287,0.811991,0.404042,0.00336433,0,0.156517
11.842176871,1.9887,0.179202,0.313266,0.182733,1.42001,0,0.904081,1.20005,0.155418,0.000350559,0.0231562,0.0585264
11.888616780,1.12844,0.407357,0.44117,0.252695,1.41318,0.0258559,0.88829,1.42604,0.419659,0,0.176771,0.000281958
11.935056689,0.825164,0.220175,0.511021,0.244737,1.24329,0.208487,0.812954,1.44243,0.957793,0,0.318001,2.03633e-05
11.981496599,0.342526,0.304811,0.219002,0.0436572,1.31814,0.318551,0.822079,1.60838,0.941941,0.00532056,0.213108,0.674499
12.027936508,0.112927,0.219175,0.134071,0.0567131,1.28714,0.00950032,1.0267,1.60729,0.730108,0.0107873,0.0909048,1.02928
12.074376417,0.429208,0.312643,0.104514,0.0751566,1.29759,0.00589906,1.02454,1.46163,0.574955,0.0111852,0.0618622,1.24351
12.120816327,1.01788,0.135973,0.153066,0.171752,1.22565,0,0.879004,0.946327,0.646566,0.0503942,0.0283745,1.71904
12.167256236,1.50553,0.116428,0.122793,0.26685,1.3138,0.0378623,0.637056,0.429193,0.469161,0.01212,0.00310833,2.23133
12.213696145,2.50975,0.0409626,0,0.200436,1.4467,0.040972,0.288433,0.637353,0.363511,0,0.0022904,1.87057
12.260136054,3.11869,0.0158907,0.00082663,0.0771029,1.41284,0.0360805,0.167947,0.624068,1.1195,0,0.00385153,0.878801
12.306575964,3.34979,0.0226136,0.00122859,0.284228,0.558866,0.0180123,0.28276,0.671128,1.27143,0,0.00463086,0.179141
12.353015873,3.07606,0.0188909,0.000611896,1.69165,0.371941,0.0179856,0.0565516,0.709418,1.52261,0,0.130323,0.0123305
12.399455782,2.43723,0.00134419,0,2.40764,0.282498,0.0141936,0.0190887,0.822783,1.7961,0.452603,0.276781,0.102804
12.445895692,1.35508,0.00235578,0.000672357,2.87721,0.541533,0.0101797,0,0.980231,0.869076,0.863238,0.320346,0.230282
12.492335601,1.06779,0.00539718,0.127141,2.61386,0.79033,0.222252,0.314121,1.47106,0.97198,0.666715,0.269522,0.220935
12.538775510,1.65903,0,0.376946,2.24454,0.668558,0.0452703,0.150471,2.06538,1.0646,0.635209,0.29334,0.0928384
12.585215420,2.5711,0,0.951361,1.79126,0,0,0.0525636,2.33645,0.500033,0.202578,0.194866,0.112876
12.631655329,2.65032,0.00802397,0.617541,1.22962,0,0,0.00986986,2.60425,0,0.190944,0.181404,0.133456
12.678095238,2.62766,0,0.551626,0.844263,0,0,0,2.62738,0.00146489,0.306457,0.147528,0.143705
12.724535147,2.85051,0.000157567,0.481853,0.507945,0,0.00427018,0.00781656,2.53079,0.041786,0.257149,0.327569,0.139387
12.770975057,3.16151,0,0.503006,0.0566523,0.924427,0.00248812,0.260254,2.43374,0.0543787,0.215106,0.739305,0.477306
12.817414966,3.16855,0.184302,0.213046,0.5274,1.18238,0.0704587,0.419359,1.99102,0.00625412,0.272996,1.14959,0.462828
12.863854875,2.66442,0.0896299,0.176905,1.67881,0.984404,0.0126377,0.451494,1.69058,0.00840581,0.0729591,1.36508,0.144893
12.910294785,1.8216,0.00208657,0.484892,2.70938,0.225044,0.0277539,0.279106,1.95085,0.012102,0,1.3498,0.00296053
12.956734694,1.01987,0.000128332,0.467937,2.60265,0.277866,0.0478006,0.0606958,2.18946,0.179392,0,1.30345,0.000523041
13.003174603,0.739967,0,1.15218,2.02812,0.495948,0.125964,0.00481597,1.79685,0.148981,0.00113507,0.830829,0.0215986
13.049614512,0.908903,0,1.23544,1.78245,0.608388,0.0990125,0,1.59976,0.0839467,0.112442,0.545191,0.121445
13.096054422,0.996764,0,1.2975,1.44574,1.05731,0.0807499,0,1.25513,0.0141623,0.112425,0.324351,0.608105
13.142494331,0.89541,0,1.62468,0.985157,1.23899,0.0154693,0.318259,1.00351,0.263219,0.33027,0.0280022,0.681033
13.188934240,1.08483,0,1.86117,0.717805,1.27585,0.394458,0.837953,0.490895,0.675125,0.417872,0.0715165,0.722234
13.235374150,1.24932,0.00158166,1.94763,0.599721,1.4565,0.720139,0.856964,0.372102,1.02277,0.352509,0.0963816,0.493389
13.281814059,1.69606,0.00357635,2.09346,0.162071,1.58531,1.18245,0.561231,0.192662,1.44375,0.253235,0.0765231,0.0191973
13.328253968,1.82767,0.00289382,2.1958,0.199333,1.35943,1.46971,0.0583797,0.173529,1.67633,0.201787,0,0
13.374693878,1.72148,0,2.06635,0.243284,1.28541,1.85518,0.0676227,0.276814,1.73609,0.180536,0,0
13.421133787,1.56889,0.111249,1.78374,0.273407,0.75319,2.16327,0.0508624,0.280614,1.55739,0.192655,0,0
13.467573696,1.58933,0.261361,1.6579,0.212281,0.151392,2.09957,0.0314307,0.272857,1.4893,0.223881,0.137203,0.0172243
13.514013605,1.66771,0.00197474,1.5243,0.0365828,0.08272,1.79377,0.460823,0.188778,1.40044,0.303388,0.507708,0.151099
13.560453515,1.61294,0.000494394,1.39412,0,0.0662695,1.69179,0.455209,0.208565,1.18634,0.478374,0.805415,0
13.606893424,1.67063,0.000946402,1.39227,0.0543297,0.309123,1.20868,0.185376,0.229683,0.993887,0.541298,0.844893,0.0410084
13.653333333,1.77969,0.212554,1.67522,0.709604,0.325167,1.43949,0.400205,0.0294445,0.912986,0.406128,0.129235,0.472762
13.699773243,2.21398,0.247221,1.72399,0.416066,0.318503,1.55402,0.406114,0.189542,0.541508,0.23961,0.0911378,0.55811
13.746213152,2.35691,0.215748,1.818,0.130277,0.28132,1.30253,0.329805,0.784084,0.459215,0.109657,0.071444,0.623643
13.792653061,2.21058,0.12031,1.99955,0.0413448,0.207835,1.32049,0.255322,0.984736,1.18585,0.106863,0.0710583,0.637726
13.839092971,2.19038,0.0704636,2.14024,0.18035,0.232567,1.40646,0.0944638,0.977566,1.5937,0.173031,0.057659,0.33077
13.885532880,2.65061,0.0300437,2.10832,0.0612673,0.111717,1.34714,0.0409102,0.32303,2.15773,0.213823,0.0668506,0
13.931972789,2.89326,0.0479276,1.7208,0.145645,0,1.31642,0.0426132,0.108999,2.3699,0.20091,0.114695,0.00621011
13.978412698,2.86555,0.0930304,1.66898,0.168899,0,1.09062,0.0500498,0.301333,2.25664,0.0719745,0.751458,0.0135388
14.024852608,2.46586,0,1.78874,0.528479,0,0.849398,0.122174,0,2.05969,0.0587621,1.31525,0.0728091
14.071292517,1.46456,0.00140787,1.8829,0.362201,0.124425,0.609556,0.0808316,0.0151763,2.65017,0.0232686,1.78363,0.121586
14.117732426,1.23977,0.00163895,1.87988,0.39715,0.338121,0.762172,0.131934,0,2.86275,0,1.7636,0.0905131
14.164172336,1.29352,2.31973e-05,1.6603,0.372651,0.635094,0.783334,0.201826,0,3.22357,0,1.13486,0.0214044
14.210612245,1.81503,0,1.37418,0.450741,0.779734,0.372163,0.0282626,0,3.86651,0.143312,0.316583,0.0350046
14.257052154,2.15818,0,0.897292,0.833931,0.793221,0.0327952,0.0391246,0,3.79748,0.414359,0,0.0169831
14.303492063,2.40934,0,0.349251,0.83745,0.789899,0.00478659,0.0613691,0,3.45592,0.386889,0,0.0137001
14.349931973,2.26416,0.00177772,0.216388,0.628634,1.16456,0.357845,0.136225,0.019406,3.25633,0.306081,0,0
14.396371882,2.05425,0.00242803,0.109689,0.524672,1.05994,0.801725,0.11643,0.0508064,3.22401,0.392039,0,0
14.442811791,2.01461,0.000733762,0.136666,0.482287,1.14008,0.968832,0.0976374,0.225615,3.45787,0.322558,0,0
14.489251701,1.75159,0,0.114433,0.493592,0.981411,1.25557,0.0894242,0.247041,3.48599,0.225047,0.00331816,0
14.535691610,1.54114,0,0.0729231,0.524645,0.744095,1.42806,0.0821681,0.259634,3.36916,0.131456,0,0
14.582131519,1.26007,0.00031397,0.0473884,0.514739,0.611515,1.54156,0.0855592,0.26525,3.29899,0.0351739,0.0330245,0.0560699
14.628571429,1.04712,0.0183841,0.355607,0.586082,0.323219,1.43826,0.0756793,0,3.2354,0,0.0244793,0.295537
14.675011338,1.78455,0.000969998,0.257652,0.693242,0.108257,1.50068,0.0942933,0.136918,3.01416,0.00483231,0.109473,0.669467
14.721451247,2.24064,0.0015585,0.157203,0.629546,0.622548,1.3831,0.100282,0.221227,2.86886,0.0189752,0.124161,0.371289
14.767891156,2.70347,0.0504209,0.405782,0.451634,0.110549,1.36359,0.0718376,0.0134489,3.40859,0,0.00323025,0.193258
14.814331066,2.94822,0.0119513,0.99568,0.457818,0.0498858,0.720248,0.0541236,0,3.49434,0,0,0.157525
14.860770975,2.76801,0.0068668,1.27451,0.493515,0.0549108,0.875271,0.0822997,0,3.46688,0,0,0.0916775
14.907210884,2.16779,0.144176,1.33764,0.555824,0.0892243,1.07216,0.147165,0,3.44328,0,0,0
14.953650794,1.96919,0.242608,1.11237,0.746068,0.0981556,1.06339,0.0718005,0.0212117,3.13746,0.23701,0,0
15.000090703,1.76754,0.138619,1.06232,0.677796,0.192811,1.16658,0.050147,0.00862829,2.79008,0.404954,0.00586837,0
15.046530612,1.86518,0.000303439,1.11666,0.511459,0.190676,1.47844,0.270838,0.0107847,2.9401,0.211426,0,0
15.092970522,2.43694,0.000287416,1.18263,0.780084,0.313202,1.164,0.488514,0.0111319,2.78221,0.00100708,0.0713396,0
15.139410431,2.34549,0.111223,1.16268,0.787929,0.0794395,1.22984,0.00989062,0.23211,3.12666,0.0493406,0.0763937,0
15.185850340,2.19862,0.00698328,1.33054,0.455449,0.751886,1.17676,0.165039,0.263122,3.05508,0.00637071,0,0
15.232290249,2.18085,0.0605055,1.47818,0.211564,0.903602,1.07734,0.0956187,0.2176,2.64685,0.00859488,0.14019,0
15.278730159,1.69927,0.20528,1.53399,0.0674715,1.01373,1.16111,0.0211169,0.237324,2.3837,0.00832332,0.390052,0
15.325170068,1.42864,0.467548,1.5331,0.0150879,1.03321,1.15266,0.0096063,0.224128,2.64132,0.0048504,0.31988,0
15.371609977,1.46825,0.642093,1.57617,0.0920189,1.11528,0.961137,0.0112988,0.452241,2.52969,0,0.186387,0.134302
15.418049887,1.14368,0.6037,1.64437,0.149281,1.21673,0.753308,0.00829767,1.02283,2.09283,0.0311136,0.276171,0.372936
15.464489796,0.751287,0.0527009,1.81793,0.378636,0.967233,0.919751,0.0342504,1.44482,1.87223,0.283801,0,0.896072
15.510929705,0.493869,0.103165,1.5521,0.0737849,0.90288,1.2401,0.0430497,2.2338,1.1716,0.555699,0,0.712368
15.557369615,0.28388,0.0625024,1.50628,0.0674485,1.01291,1.47392,0.0523018,2.32626,0.617343,0.641026,0.179174,0.635511
15.603809524,0.274707,0.00238266,1.52819,0.161962,1.17454,1.36972,0.0732611,2.53459,0.370037,0.534665,0.641042,0.494115
15.650249433,0.0948733,0.00152649,1.62287,0.0528615,1.36557,1.27026,0.106765,2.57739,1.06094,0.366658,0.337392,0.471489
15.696689342,0.0947389,0.0392332,2.03543,0.0139916,1.1961,0.933048,0.0909568,2.89671,0.994221,0.112,0.311814,0.476484
15.743129252,0.394974,0.0315196,2.14928,0.217573,0.854038,0.326021,0.155692,2.884,0.895756,0.0313958,0.534315,0.0604507
15.789569161,0.601533,0.000973185,1.91139,0.416611,0.627926,0.00345157,0.0842746,2.81677,0.656058,0.0454571,0.816529,0.196136
15.836009070,0.73457,0.000220042,1.66225,0.415614,0.717672,0.0201543,0.081471,2.82574,0.815813,0.0858539,0.889039,0.502355
15.882448980,0.252652,0.388068,2.20495,0.836046,0.574859,0.108215,0.0932074,2.44919,0.674106,0,0.446842,0.162883
15.928888889,0.116201,0.227472,2.59928,0.487104,0.749344,1.01009,0.0780995,1.41323,1.21129,0,0.104811,0.239658
15.975328798,0.0957277,0.191402,2.65001,0.49375,0.884299,1.44805,0.034292,1.1936,1.49704,0.0384613,0.0856015,0.704371
16.021768707,0.0806488,0.148334,2.57082,0.438755,1.08862,1.72193,0.025674,0.977569,1.66714,0.198027,0.0188432,1.19405
16.068208617,0.15384,0.228273,2.65311,0.286023,1.15365,1.78014,0.0323576,0.882659,1.46589,0.234836,0,1.4998
16.114648526,0.0814239,0.211952,2.84198,0.0421974,1.09594,1.84615,0.0420768,1.09481,1.27115,0.252734,0.0233768,1.65899
16.161088435,0.348948,0.198856,2.67904,0.0940782,0.436932,1.30874,0.441424,1.38786,1.13205,0.214027,0.0398134,2.02616
16.207528345,0.763663,0.0992315,2.04704,0.126117,0.00214399,0.960824,0.78939,1.41944,0.124447,0,0.154521,0.770035
16.253968254,0.882151,0.1249,1.50926,0.562634,0.904012,0.653544,0.955267,1.36446,0.0211284,0,0.382666,0.0431487
16.300408163,0.865623,0.256183,1.32691,0.552124,1.18241,0.739468,0.993085,1.16716,0.00604773,0.0459591,0,0.0620366
16.346848073,0.790658,0.181291,1.24907,0.360969,1.17048,0.81921,1.15417,1.34613,0.193361,0.0276678,0.0616987,0.0250861
16.393287982,0.561368,0.0718003,1.54546,0.298047,1.16211,0.890806,1.23683,1.27198,0.620255,0.00137643,0.127504,0.118928
16.439727891,0.21994,0,1.72347,0.30193,0.974387,0.579558,1.14021,1.42328,0.907563,0.212307,0.253446,0.0599405
16.486167800,0.19541,0.000223732,1.69406,0.350005,0.823589,0.00971762,1.10275,1.51372,0.988087,0.893955,0,0.112736
16.532607710,0.281527,0,2.07204,0.525716,0.590168,0.00716688,0.851493,1.11193,0.951254,1.08801,0.0045802,0.0421359
16.579047619,0.0480206,0.190505,2.54575,0.26378,0.817181,0.0234682,0.652852,1.20468,0.897277,1.17345,0.086772,0
16.625487528,0.000748099,0.0515654,2.74729,0,1.07287,0.107172,0.849472,1.2707,0.96708,0.954639,0.224014,0
16.671927438,0.389785,0.00427478,2.40509,0,1.17845,1.52179,0.473278,1.04169,0.579824,1.02628,0,0
16.718367347,0.717403,0.00351458,1.87787,0,1.17026,2.65819,0.309859,0.859565,0.669149,0.922014,0,0
16.764807256,0.64837,0.00225375,1.07168,0,0.401649,3.6215,0.257827,0.857101,1.05548,0.790239,0,0
16.811247166,0.681291,0.219608,0.715462,0,0,3.73667,0.0823013,0.919634,1.3983,0.325825,0.00739361,0.0817655
16.857687075,0.678133,0.502855,0.731191,0.0310677,0,3.48972,0.0453479,0.891367,2.3398,0.0721981,0.0308061,0.38104
16.904126984,0.723485,0.717135,0.51375,0.163128,0,2.30397,0.0581503,0.872257,2.93997,0,0,0.728693
16.950566893,0.83104,0.502515,0.398039,0.312588,0.0411608,0.591414,0.290026,0.845021,3.05894,0,0.0115308,0.770584
16.997006803,0.638403,0.441155,0.309817,0.446744,0.0394377,0.00224403,0.34763,1.08858,3.01453,0,0,0.762734
17.043446712,0.16593,0.145874,0.293972,0.484532,0.00926754,0.208842,0.286879,1.13551,2.98222,0.0914052,0,0.953075
17.089886621,0.398562,0.141885,0.0159965,0.424858,0.300382,0.566343,0.546549,1.13223,2.13949,0.139945,0,2.48009
17.136326531,0.505913,0.271548,0.0505646,0.52474,0.422894,0.758225,0.709093,1.11134,0.555104,0.0345682,0,2.7062
17.182766440,0.454347,0.186706,0.0919963,0.309629,0.501514,0.6245,0.672328,1.60905,0.124938,0.0457451,0.125564,2.71957
17.229206349,0.466483,0.0957052,1.66592,0.208002,0.242529,0,0.560232,2.44567,0.15449,0.0599152,0.142316,2.67839
17.275646259,0.240863,0.0641948,2.38387,0.010805,0.000243106,0.0282987,0.472649,3.29214,0.0519866,0.0691403,0.132384,2.38708
17.322086168,0.14274,0.00149543,2.40884,0.00370677,0,0.153185,0.100579,4.0261,0.0288344,0.0148576,0,1.60218
17.368526077,0.214327,0.00107281,2.48229,0.0197708,0,0.151067,0.163404,3.97205,0.0360327,0.0103616,0,1.12205
17.414965986,0.0350552,0.00614425,2.47451,0.0340089,0,0.238664,0.146583,4.09993,0,0.0104413,0,1.19912
17.461405896,0.189939,0.000777903,2.4762,0.0420629,0,0.247077,0.145825,4.06344,0,0.011146,0,1.20276
17.507845805,0.154646,0.222061,2.45056,0.0413325,0,0.347257,0.0782759,3.99855,0,0.0116934,0,1.09829
17.554285714,0.0887167,0.186415,2.28302,0.0703113,0,0.616813,0.0711042,3.862,0.0791176,0.010642,0.0293014,1.44174
17.600725624,4.89055e-05,0.00348937,2.00947,0.133508,0.0297782,1.19476,0.540561,3.45749,0.266872,0.00316652,0.00286992,1.75034
17.647165533,0,0.0553985,1.84533,0,0,1.0604,0.754839,3.36965,0.0895389,0.00297553,0.220016,1.13413
17.693605442,0.0194598,0.0938307,1.81665,0,0,1.23954,0.66335,3.24816,0,0.000678968,0.215001,1.00123
17.740045351,0.0282139,0.140576,1.7552,0.00249946,0,1.41105,0.459336,3.22915,0.0293017,0,0.19699,1.06959
17.786485261,0.584593,0.0216372,1.61944,0.009647,0,1.42286,0.314113,2.24336,1.02102,0.0566354,0.195324,1.69976
17.832925170,1.9042,0.0275821,1.32601,0.232533,0,0.998083,0.15905,1.9586,0.87181,0.166356,0.0504644,0.894329
17.879365079,2.30117,0.0750678,0.647468,1.21599,0.0162653,0.604729,0.042058,2.03001,0.889713,0.230273,0.246474,0.417125
17.925804989,2.44199,0.0379532,0.485883,1.5888,0.0385557,0.477207,0,1.94515,0.785879,0.185733,0.481092,0.205976
17.972244898,2.64811,0.0240297,0.199588,1.7904,0.17702,0.484291,0,1.97509,0.461885,0.15532,0.52518,0.037578
18.018684807,3.24869,0.0168681,0.152476,2.03071,0.204709,0.305062,0.0236882,1.8155,0.00547184,0.000391462,0.466012,0.000412941
18.065124717,3.70646,0.0136492,0.131555,2.26831,0.259478,0.0710946,0.0486222,1.74665,0,0,0.376275,0.00499038
18.111564626,3.80758,0.0056022,0.0820547,2.46362,0.152104,0.0476186,0.0343296,1.89905,0,0,0.298859,0.107499
18.158004535,3.85579,0,0.0335741,2.60745,0.252713,0.0383729,0.0329863,1.85769,0,0,0.13587,0.124994
18.204444444,2.79454,0,0.521122,2.11439,0.85411,0.0249324,0.00882321,1.54973,0.0521677,0.644076,0.484151,0.0958274
18.250884354,1.58895,0,1.32843,1.22589,0.712169,0.0861242,0.0152033,1.51632,0.122787,1.03936,0.779487,0.0496858
18.297324263,1.20495,0.00868826,1.35115,1.45309,0.73735,0.0133803,0.0290328,1.77681,0.0472898,1.05345,0.717599,0.107146
18.343764172,1.52789,0.0311194,1.18977,1.66623,0.806853,0.0157298,0.0649678,1.81769,0,0.938428,0.746134,0.107309
18.390204082,2.00775,0.0328441,1.06461,1.80738,0.875425,0.0219696,0.159197,1.71806,0,0.737287,0.798987,0.0759335
18.436643991,2.28921,0.0233706,0.79483,2.03293,0.893284,0.0241918,0.194745,1.58441,0.0363383,0.369651,0.809216,0.0375452
18.483083900,2.58864,0.00708641,0.571109,2.3452,0.768744,0.0188966,0.14825,1.35085,0.323705,0.0419849,0.800343,0.00025831
18.529523810,2.73959,0,0.486762,2.49575,0.520296,0.00850919,0.2122,1.15519,0.188547,0.0850943,1.02142,0.000240044
18.575963719,2.50784,0.000747485,0.529947,2.17909,0.630876,0.018517,0.227428,1.09132,0.539967,0.0132709,0.930662,0.00022552
18.622403628,2.36348,0.0139825,0.372737,2.13457,0.764172,0.0285306,0.00815606,1.15942,0.779668,0,0.830783,0.11728
18.668843537,2.16433,0.125087,0.450893,2.21324,0.377826,0.0213895,0,1.30499,0.558757,0,0.885698,0.108635
18.715283447,2.10523,0.0998289,0.258454,2.33543,0.389067,0.0235382,0,1.56044,0.281869,0.0685767,0.812581,0.129343
18.761723356,1.95811,0.102167,0.132262,2.3585,0.63624,0.0871055,0.00448124,0.969515,0.432563,0.857364,0.562334,0.01875
18.808163265,0.968859,1.21051,0.694153,1.54257,0.0389714,0.738285,0.078827,1.35933,0.257289,0.952493,0.214186,0.174262
18.854603175,0.19046,1.28209,1.00469,0.998767,0.0421184,0.524346,0.189424,2.58014,0.102307,0.828004,0.0957343,0.277415
18.901043084,0.0417098,0.94004,1.31974,0.75351,0.322729,0.34957,0.131122,3.22282,0.183017,0.613212,0.0497778,0.112727
18.947482993,0.0670251,0.652398,1.58249,0.489122,0.592133,0.114986,0.130328,3.19884,0.218509,0.422203,0.0557521,0.119247
18.993922902,0.126866,0.171937,1.78563,0.225709,0.743438,0.0343272,0.134031,2.9852,0.221539,0.1627,0.0510466,0.424341
19.040362812,0.961678,0.0596097,1.35004,0.774326,0.864554,0.00611786,0.0489887,2.8002,0.3362,0.0883351,0.224683,0.427633
19.086802721,1.70841,0.00323143,1.02385,1.23296,0.95817,0.232034,0.0361773,2.2952,0.500231,0.0871795,0.605618,0.193589
19.133242630,2.47326,0.000984922,0.63803,1.67693,0.975735,0.363729,0.0839482,1.65634,0.644593,0.0204111,0.902152,0.0102691
19.179682540,2.8896,0.0302962,0.648517,1.76681,1.00052,0.355367,0.109979,1.39648,0.568552,0.0396334,1.04292,0.000205784
19.226122449,3.10566,0.00669006,0.488267,1.86371,0.816315,0.201644,0.109391,1.36892,0.418191,0.109256,0.951135,0.0113309
19.272562358,3.31225,0,0.172965,1.89098,0.736214,0.106019,0.0498543,1.29347,0.343149,0,0.764472,0.0744126
19.319002268,2.58701,0,0.220647,1.66065,0.60206,0.31601,0.0461269,1.13074,0.679258,0.382194,0.518294,0.0903326
19.365442177,1.83411,0.210319,0.275897,1.4604,0.672798,0.340246,0.0115786,1.09404,0.471968,0.596459,0.439466,0.0983872
19.411882086,2.14254,0.199595,0.243225,1.90597,0.662291,0.34553,0.00772711,1.06092,0.374175,0.409859,0.507724,0.0499259
19.458321995,2.65286,0.101444,0.204855,2.36442,0.724536,0.25289,0.00986376,1.22759,0.256567,0.0908399,0.561274,0.0257039
19.504761905,2.95436,0.000389822,0.160321,2.41327,0.898931,0.217003,0.0189929,1.44912,0.117282,0,0.634952,0.0152521
19.551201814,3.09649,0.00112004,0.120579,2.40059,0.965273,0.187651,0.038018,1.50163,0.031736,0,0.601019,0.048826
19.597641723,3.18686,0.00360308,0.0849108,2.46076,0.855125,0,0.0540251,1.35528,0.110039,0.00854965,0.622547,0.0116934
19.644081633,2.06477,0.00395943,0.559161,1.47561,1.17397,0.603536,0.0436538,0.614785,0.932429,0,1.02838,0
19.690521542,1.06948,0.196935,1.65668,0.0349607,1.2979,1.5003,0.0564871,0.197087,1.63826,0,0.818075,0
19.736961451,0.778514,0.00747389,1.97518,0.131896,1.41095,1.64104,0.204448,0.186397,1.58176,0.00488072,0.70009,0.256242
19.783401361,0.643889,0.00257211,2.11197,0.393532,1.25163,1.67336,0.259976,0,1.55424,0.113448,0.473283,0.813175
19.829841270,0.664645,0.00286836,1.93801,0.392239,1.11807,1.62422,0.185286,0.00354396,1.59565,0.176066,0.437763,1.28004
19.876281179,0.672209,0.00595722,1.74838,0.166416,1.07483,1.86818,0.187172,0.0233685,1.66209,0.087468,0,1.47391
19.922721088,0.620095,0.0643074,1.75267,0.0668777,0.968341,1.99078,0.0520136,0.146406,1.39875,0.057506,0.00180725,1.45532
19.969160998,0.562018,0.04926,1.77183,0.00433934,1.12608,1.8383,0.0203411,0.201136,1.57997,0.0564436,0.0555539,1.39995
20.015600907,0.645609,0.137017,1.71862,0.603827,1.19995,1.45402,0,0.164363,0.744121,0.0122849,0.401496,1.55432
20.062040816,0.363772,0.235302,1.34623,0.613127,0.0278906,0.586966,0.140595,0.523292,0.67942,1.27545,0.575475,0.654394
20.108480726,0.483858,0.235345,1.23201,0.123798,0.00685885,0.0876786,0.193911,0.502888,0.961469,1.39865,0.803626,0.902336
20.154920635,0.624889,0.210199,1.34714,0.244946,0,0.162737,0.297515,0.477431,0.932058,1.38574,0.733364,0.932667
20.201360544,0.810648,0.146637,1.64256,0.383609,0.0748283,0.427588,0.464773,0.438779,0.953158,1.39332,0.618248,0.816724
20.247800454,0.993983,0.146413,2.01794,0.529942,0.955992,0.570737,0.299956,0.429114,0.962505,1.15458,0.466827,0.352232
20.294240363,1.97122,0.280278,1.95527,0.132068,1.09489,0.6106,0.185692,0.534485,0.704688,0.710507,0.599556,0.000733792
20.340680272,2.16816,0.210688,1.07579,1.23943,1.05178,0.344586,0.0205966,0.711179,0.814823,0.36101,0.748967,0.0005868
20.387120181,2.34614,0.0671778,0.836676,1.74463,0.998284,0.106855,0,0.732463,0.733055,0.257196,0.947579,0.000357634
20.433560091,2.41376,0.0465691,0.762179,1.9331,0.874289,0,0,0.72119,0.573394,0.31925,0.962093,0.000260146
20.480000000,2.48929,0.00282577,0.771924,2.24599,0.790318,0,0.0152736,0.681257,0.334898,0.081628,0.79251,0.0051464
20.526439909,2.38231,0,0.709531,2.47815,0.544281,0.0312248,0.052197,0.894211,0.208019,0,0.682718,0.039697
20.572879819,2.15745,0.000710228,0.920713,2.4917,0.236679,0.0330436,0.0393656,1.03942,0.44684,0,0.694213,0.123358
20.619319728,1.77188,0,1.39563,2.05157,0.0523243,0.0903091,0.0570347,1.122,1.13201,0.151808,0.510382,0.161029
20.665759637,1.29843,0.00268826,1.44091,2.22496,0.0465113,0.135183,0.0315461,1.33279,1.0269,0.542268,0.146745,0.235241
20.712199546,1.10851,0,1.48172,2.1411,0.225801,0.124636,0.00154486,1.39092,0.467859,1.16075,0.414468,0.17527
20.758639456,1.26768,0,1.31502,2.10081,0.810649,0.123135,0,1.24372,0.0322687,1.31615,0.568679,0.148649
20.805079365,1.24534,0.31409,0.945449,2.11202,1.15425,0.209115,0.000661389,1.21416,0,1.35075,0.780998,0.145339
20.851519274,0.836319,0.653897,0.959926,2.14495,0.920067,0.0743278,0.00775281,1.27876,0,1.43682,1.29957,0.174112
20.897959184,0.338217,0,0.827445,2.39282,0.869829,0.0229371,0.0177996,1.13719,0.203215,0.519837,2.23239,0.174343
20.944399093,0.881349,0.0587758,0.647039,1.83568,0.352734,0.164645,0.226694,0.607017,0.0674813,0.295996,2.41643,0.227796
20.990839002,1.5587,0.14087,0.534426,0.802185,0.148279,0.227118,0.680013,0.520412,0.0809421,0.181523,2.30058,0.279769
21.037278912,2.23469,0.0617639,0.592983,0.35722,0.211129,0.0124254,0.863141,0.550121,0.00360475,0.0769086,1.91925,0.413445
21.083718821,2.63394,0.0704281,0.447265,0.4312,0.290277,0,0.606054,0.630737,0.00325271,0.00233,1.40976,0.548849
21.130158730,2.87291,0.0441319,0.192005,1.006,0.31419,0,0.0710464,0.694278,0.00305634,0.0022086,0.923041,0.634779
21.176598639,3.08904,0.0312619,0.0835443,1.16107,0.322211,0,0.00385996,0.694647,0.00283601,0.0131837,0.562891,0.53761
21.223038549,2.75705,0.0454557,0.0661801,0.895249,0.248218,0.0798562,0.418424,0.760089,0.0446691,0.140781,0.152247,0.561665
21.269478458,1.78153,0.0456602,0.16412,0.367455,0.292327,0.411991,0.68494,0.756163,0.0757338,0.203921,0,0.690969
21.315918367,1.91044,0.0396384,0.273218,0.194402,0.235616,0.324374,0.551074,0.655777,0.0723628,0.279823,0,0.72718
21.362358277,2.36965,0.0306569,0.261081,0.399222,0.117024,0.0477065,0.331505,0.567531,0.0311638,0.334492,0,0.699035
21.408798186,2.71483,0.0264713,0.125052,0.708644,0.0276471,0.0096904,0.24424,0.587212,0.0104888,0.318343,0,0.722029
21.455238095,2.86197,0.027414,0.128114,0.875396,0.0817896,0.0371229,0.150438,0.623826,0.0298988,0.226336,0,0.990065
21.501678005,2.26287,0.160448,0.276559,1.07415,0.132142,0.0448987,0,0.712139,0.0456087,0.112446,0.252769,1.2088
21.548117914,1.70135,0.225536,0.167015,1.21622,0.168011,0.0435357,0.327338,0.326204,0.027914,0.198103,0.112286,1.65601
21.594557823,2.16512,0.295502,0.102641,1.17455,0.264255,0.0432849,0.230841,0.361333,0.0276481,0.172644,0,1.19036
21.640997732,2.66104,0.249379,0.0429715,1.02331,0.237646,0.0304537,0.236596,0.539863,0.0314963,0.130548,0,0.723463
21.687437642,2.81422,0.0923958,0.0585863,0.74612,0.199953,0.0266977,0.305457,0.756654,0.0968297,0.0376977,0,0.434174
21.733877551,3.01302,0.0243595,0.153056,0.497613,0.589766,0.0143754,0.322682,0.834631,0.09337,0.0380897,0,0.161067
21.780317460,3.00371,0.0141684,0.177163,0.401366,0.952916,0.0488615,0.261519,0.779018,0.0460333,0.028975,0.0314248,0.323595
21.826757370,2.45222,0.0337232,0.173396,0.0290133,1.15882,0.0671471,0.205517,0.798244,0.0580728,0.0141697,0.142607,0.865437
21.873197279,1.58569,0.161889,0.142238,0.0601857,0.963753,0.0908243,0.269755,0.661619,0.0788667,0.100133,0.211968,1.60752
21.919637188,1.43812,0.313151,0.00270046,0.266677,0.420449,0.0235616,0.343781,0.577281,0.10146,0.226603,0.0288126,2.19163
21.966077098,1.76818,0.405676,0.00101866,0.747256,0.227963,0.0290852,0.314523,0.515586,0.117444,0.237239,0,1.93209
22.012517007,1.77228,0.284494,0.223912,0.841208,0.166547,0.0325412,0.189745,0.525608,0.124603,0.203695,0.223547,1.37974
22.058956916,1.81446,0.185298,0.325188,0.706536,0.155338,0.0359512,0.0572257,0.59643,0.0143199,0.109001,0.682201,0.859587
22.105396825,1.04004,0.160791,0.846843,0.654043,0.362308,0.054693,0.0265802,1.06028,0.0131362,0.0563474,0.682451,0.780929
22.151836735,0.604692,0.130384,1.13134,0.902406,0.568213,0.0559296,0.00093219,1.06381,0.0167065,0.000202922,0.902362,0.676443
22.198276644,0.456683,0.0527498,1.06003,1.38161,0.459336,0.0459291,0.0491052,1.06181,0.0152175,0,1.0394,0.800266
22.244716553,0.237688,0.0288336,0.447597,2.51575,0.039895,0.0503036,0.00189159,0.913087,0.0480448,0,0.685674,1.16869
22.291156463,0.1443,0.0956209,0.0301683,3.16934,0,0.0532107,0.00184931,0.686417,0.0625337,0.0788444,0.556757,1.34005
22.337596372,0.52474,0.0265973,0.120144,3.11453,0.503597,0.421554,0.00202319,0.0403134,0.0256484,0.457727,0.210969,0.976899
22.384036281,0.665136,0.0885401,0.242409,2.11321,0.516233,1.67496,0.244215,0.0163176,0.0619793,0.369306,0.301997,1.00198
22.430476190,0.703599,0.217378,0.710188,0.480029,1.03809,1.9105,0.402028,0.0237773,0.0524399,0.408386,0.204375,0.592553
22.476916100,0.805445,0.157149,0.554289,0.337119,1.1467,2.21924,0.48928,0.0210902,0.0252698,0.448981,0.0301201,0.386955
22.523356009,0.666409,0.011902,0.0342589,0.474694,1.01918,2.83479,0.614696,0.0220801,0.0191766,0.379662,0.0332793,0.423671
22.569795918,0.691162,0.10136,0.101578,0.560759,0.544473,3.16008,0.444695,0.0297549,0.143321,0.794015,0.00101456,0.656394
22.616235828,1.75179,0.437982,0.3623,0.377854,0.285856,3.08375,0.3514,0.0250056,0.0254972,0.282996,0.000588334,0.191643
22.662675737,2.44573,0.656806,0.475986,0.447271,0.103425,1.89351,0.190235,0.214158,0.946797,0.0476014,0.0810849,0.3653
22.709115646,2.70748,0.517635,0.601086,0.24146,0.0106905,0.327672,0.662001,0.230902,1.37473,0.119008,0.0160495,0.648435
22.755555556,2.79904,0.400142,0.407119,0.227205,0,0.232619,0.869449,0.576212,0.974932,0.130597,0,0.657619
22.801995465,3.08867,0.277131,0.384993,0.171725,0.0180341,0.138388,1.46731,0.683878,0.577403,0.0947359,0,0.498036
22.848435374,2.88378,0.118518,0.495018,0.579629,0.0625371,0.106599,1.41253,0.976508,0.656131,0.0242288,0,0.0220713
22.894875283,2.27286,0.00404543,0.563861,1.21659,0.0986015,0.0551072,1.30512,1.4313,0.452079,0.0128629,0,0.00337683
22.941315193,1.63611,0.0563268,0.659865,1.84216,0.115474,0.00963603,1.21164,1.90825,0.229785,0.00932849,0.0141838,0.0260407
22.987755102,1.34438,0.0359178,0.530136,2.29153,0.247551,0.0113398,1.07705,2.08677,0.185163,0.0259922,0.0589261,0.0811656
23.034195011,1.17391,0,0.58711,2.24915,0.0810759,0.16949,0.666865,2.30613,0.656789,0.280083,0.00908536,0.132607
23.080634921,1.43578,0.00276389,0.699317,1.07073,0.000315394,0.703617,0.432404,1.78765,0.784791,0.324767,0.0358835,0.109745
23.127074830,1.45245,0.0446871,0.655653,0.685754,0.117143,0.749418,0.116081,1.58135,1.13247,0.29265,0.0490145,0.228349
23.173514739,1.49066,0.133385,0.588781,0.351427,0.307444,0.580059,0.0296534,1.21912,1.4282,0.289618,0.0593005,0.489802
23.219954649,1.12743,0.0661329,0.241592,0.294646,0.628035,0.177403,0.0466354,1.54984,1.61553,0.0680537,0.0961608,1.26472
23.266394558,0.715039,0.0469008,0.573837,0.447194,0.796645,0.0530177,0.0592613,2.08293,1.17934,0.0405276,0.468056,1.44106
23.312834467,0.893844,0.0680655,0.660442,0.51067,0.748603,0.0305818,0.0729633,2.30694,0.753931,0.0608031,0.41281,1.43636
23.359274376,0.481819,0.821924,1.12156,0.64777,0.0198311,0.115006,0.0320181,2.88522,0.0191841,0,0.19628,1.31747
23.405714286,0.489857,1.62506,1.65264,0.209746,0.00303592,0.373378,0.0286533,1.63047,0.657126,0.0751124,0.15755,0.764886
23.452154195,0.698745,1.64081,1.64035,0.0506417,0.00199053,0.374937,0.0225826,0.692218,1.09722,0.0601757,0.0822209,1.405
23.498594104,0.781963,1.56818,1.13773,0.0251879,0,0.366036,0.0531744,0.651593,1.35884,0.168788,0.0498583,1.52899
23.545034014,0.961355,1.52791,0.865831,0.0974771,0.000650194,0.328487,0.144681,0.781401,1.35196,0.0899092,0.0275835,1.58147
23.591473923,1.21872,1.21527,0.806531,0.0878193,0.244696,0.331206,0.306675,0.762242,1.46258,0.099278,0.0011419,1.64632
23.637913832,1.84352,0.458892,0.624258,0.12586,0.775479,0.333076,0.143227,1.05536,1.05378,0.347343,0.00382852,1.05844
23.684353741,2.52869,0.694276,0.505798,0.148519,0.478003,0.0567095,0,1.28304,0.890339,0.418483,0.00423679,0.521569
23.730793651,2.70054,0.61698,0.517112,0.179648,0.216324,0.00968221,0,1.26828,0.765251,0.481702,0.0961973,0.543557
23.777233560,2.87892,0.554961,0.540669,0.238404,0.170486,0,0,1.32258,0.0321093,0.480724,0.185421,0.541571
23.823673469,2.88125,0.504587,0.518571,0.235494,0.187796,0,0,1.28498,0.0173851,0.485301,0.128715,0.498623
23.870113379,2.74525,0.418675,0.560575,0.234744,0.273648,0,0.0369972,1.34584,0.0112784,0.451752,0.0564765,0.341982
23.916553288,2.59456,0.648828,0.320012,0.58282,0.176751,0.0950287,0.113847,0.465092,1.11448,0.0958075,0.286096,0.559599
23.962993197,2.14731,0.852262,0.260206,1.21785,0.031748,0.092964,0.412419,0.429559,1.10097,0.0204255,0.180092,0.776372
24.009433107,1.91104,0.942529,0.250339,1.24352,0.111538,0.078305,0.324776,0.609325,1.14287,0,0.100921,0.803081
24.055873016,1.94418,0.556806,0.747878,1.18849,0.0696526,0.0385138,0.0776817,0.783446,1.57681,0.270378,0.0448482,0.517451
24.102312925,1.33603,0.167117,0.955096,0.688626,0.00746234,0.462257,0.0930938,0.590181,2.13862,0.550463,0.233204,0.120419
24.148752834,1.03239,0.026835,0.979613,0.448708,0,0.78089,0.113786,0.396695,1.93892,0.732404,0.162585,0.16837
24.195192744,1.12169,0.0532863,0.738527,0.224879,0.488661,0,0.0804339,1.18143,2.03162,0.637453,0.0770701,0.0499732
24.241632653,1.17722,0.13282,0.0165025,0.377843,1.00928,0.0026376,0.0436983,1.41522,1.47526,0.269278,0.113766,0.569187
24.288072562,0.745727,0.103983,0.108335,0.353921,1.15237,0.00511284,0.0415344,1.6627,1.19246,0.0980608,0.184377,0.795265
24.334512472,0.687659,0.063651,0.23562,0.385704,1.1329,0.00369822,0.0197271,2.10206,0.989098,0.108053,0.228544,0.755385
24.380952381,0.926599,0.676656,0.239602,0.657381,0.538811,0.00116514,0.0335511,2.48827,0.437912,0.0562543,0,0.846124
24.427392290,0.416262,1.05248,1.34596,0.280065,0,0.181655,0.0406925,1.66526,0.565184,0.573901,0.615797,0.867388
24.473832200,0.350903,1.05585,1.47173,0.242011,0,0.153214,0.044694,1.43791,0.541053,0.610846,0.691813,1.16659
24.520272109,0.342294,1.05777,1.2439,0.149207,0,0.130934,0.0474297,1.37414,0.568887,0.700199,0.852066,1.20657
24.566712018,0.323066,1.00556,1.03035,0,0,0.225175,0.0502323,1.27075,0.802617,0.80339,0.7643,1.32751
24.613151927,0.383271,0.895847,0.711524,0,0.0283629,0.240958,0.053678,1.02432,0.915277,1.05881,0.500441,1.20225
24.659591837,1.60058,1.10813,0.48865,0.0019449,0.626184,0.12171,0.065415,0.486799,0.173779,0.180481,0.168136,1.58852
24.706031746,2.31557,0.651621,0.340224,0,0.780186,0.403778,0.0524348,0.375358,0.337547,0.0441079,0.0163471,1.49832
24.752471655,2.2955,0.537683,0.556242,0,0.800345,0.407229,0.0433332,0.660943,0.410475,0.0505016,0.00162864,1.45687
24.798911565,2.26157,0.41388,0.704807,0,0.591026,0.401735,1.0377,0.476818,0.361986,0.0614776,0.000884723,1.24964
24.845351474,2.51287,0.397741,0.603217,0.525802,0.31466,0.102531,1.18814,0.224899,0.58774,0.0931055,0,0.864414
24.891791383,1.65831,0.255091,0.475996,0.734915,0.177844,0.119472,1.42386,0.5994,0.436695,0.0271917,0,0.190306
24.938231293,1.67177,0.287888,0.47801,0.728448,0.0308829,0.0989879,1.42673,0.674495,0.161299,0.0152986,0.230438,0.0263021
24.984671202,1.97449,0.684197,0.236273,0.175724,0,0.66237,1.77647,0.725367,0.0337195,0.0106419,0.433904,0.323438
25.031111111,1.77114,0.726268,0.524732,0.011517,0,1.10229,1.56638,0.662316,0.413885,0.323155,0.460779,0.375974
25.077551020,1.23686,0.603446,0.700854,0.637879,0.11714,1.0303,0.0546097,0.406099,0.731015,0.509889,0,0.647489
25.123990930,0.98952,0.373954,0.668545,0.553471,0.172891,0.86622,0.0250564,0.644304,1.83609,0.358539,0.000141616,0.576394
25.170430839,0.905677,0.105917,0.595364,0.427137,0.225896,0.733131,0.0249082,0.783541,2.18696,0.237648,0.00416537,0.31686
25.216870748,0.779143,0.0890931,0.470132,0.208968,0.142333,0.899077,0.0315365,0.834433,1.53513,0.365137,0.521057,0.476585
25.263310658,0.614841,0.0115524,0.410343,0.00324024,0.392197,1.4022,0.0202486,0.9877,0.691502,0.232479,0.383123,0.440106
25.309750567,0.579587,0.0287707,0.519239,0,0.566149,1.98288,0.0277797,1.0864,0.308797,0.0433008,0.276424,0.339573
25.356190476,0.540126,0.0379756,0.462072,0.000666497,0.483791,2.4732,0.0580765,1.19676,0,0.0767088,0.216351,0.446964
25.402630385,0.305933,0.225039,0.871617,0.0115473,0.250534,2.41103,0.408656,1.12567,0.0470029,0.19483,0.169056,0.376201
25.449070295,0.598041,1.12958,0.874843,0.0155216,0.0627634,2.31465,0.397106,0.958074,0,0.122888,0.242207,0.798134
25.495510204,0.731444,1.42069,1.08578,0.00242558,0,2.19698,0.368741,0.963994,0.221489,0.0253867,0.124967,1.19769
25.541950113,0.926898,1.40712,0.891906,0,0,1.49313,0.401868,1.345,0.945756,0.0186013,0,1.27957
25.588390023,1.0831,1.29647,0.860353,0,0,1.23917,0.538427,1.53157,1.34795,0.0580385,0,1.26319
25.634829932,1.37703,1.09999,0.432531,0,0.0156376,0.847366,0.424757,2.07705,1.0561,0.168788,0,1.18838
25.681269841,1.98124,0.704451,0.214128,0.0636973,0.0315547,0.982303,0.06188,1.97951,0.752867,0.0962989,0,1.03973
25.727709751,2.74411,0.682,0.819384,0.236405,0.10151,0.77972,0,1.56091,1.14147,0.0972873,0.0731832,0.106231
25.774149660,2.38145,0.57972,0.628299,0.526452,0.00358215,0.176294,0.000846224,0.94777,1.99995,0.127103,0.0939356,0.0451022
25.820589569,2.26296,0.45702,0.478589,0.653059,0,0.0434751,0.207393,0.756405,2.44873,0.132046,0.0687628,0.0344732
25.867029478,2.16539,0.381006,0.483215,0.51995,0.0012707,0.0163815,0.273055,0.33472,2.8003,0.130473,0.0309958,0.0295363
25.913469388,2.07925,0.310654,0.478629,0.429719,0,0.00602943,0.0752866,0.0523685,2.78972,0.175871,0,0.0340406
25.959909297,2.17211,0.00667884,0.128559,0.333492,0.0207416,0.29157,0.0591731,0,2.81594,0.1359,0,0.0317818
26.006349206,2.11904,0.199617,0.219075,0.53561,0.0722669,0.753689,0.0508271,0.014307,2.77599,0.0725808,0.126186,0.00297328
26.052789116,1.44288,0.265122,0.647635,0.306969,0.348142,1.65123,0.00690677,0.13577,2.86905,0.0046186,0.0714702,0.000849582
26.099229025,1.06788,0.146861,0.739593,0,0.858008,2.18193,0.0757807,0.304326,2.01353,0.40193,0.0143466,0.154616
26.145668934,0.899548,0.120769,1.29901,0,0.58272,2.32,0.0718621,0.285107,1.22039,0.809462,0.0129634,0.101522
26.192108844,0.426779,0.769621,1.42436,0,0.403526,2.33975,0.0594594,0.382336,1.03649,0.773523,0.0298657,0.0250396
26.238548753,0.39192,0.910432,1.41248,0,0.181959,2.36791,0.00854572,0.518819,1.17322,0.470091,0.033006,0.0376106
26.284988662,0.642836,0.748176,1.26754,0.032513,0.0262474,1.61534,0,1.07603,1.3747,0.328493,0.0407374,0.0366023
26.331428571,1.09515,0.696659,1.10833,0.363066,0.0302242,0.119253,0.00512439,1.11265,1.61203,0.22857,0.20467,0.0111527
26.377868481,0.295322,0.367379,0.963847,1.10028,0.104092,0.561547,0.0511326,1.09183,1.2159,0.173763,0.76268,0.00196918
26.424308390,0.328887,0.0717299,0.447708,2.37078,0.184218,0.608004,0.0295842,1.22858,1.07485,0.162896,0.304427,0.00256331
26.470748299,0.297825,0.188771,0.213754,2.95112,0.217212,0.261054,0.105088,1.2672,0.540747,0.50367,0.216135,0
26.517188209,0.167059,0.269133,0.34599,2.67372,0.281431,0.00297987,0.159278,0.809742,0.82445,0.602173,0.246091,0.0131485
26.563628118,0.250189,0.287194,0.703039,2.04689,0.351323,0.00610951,0.00749146,0.517858,1.37859,0.570399,0.386267,0.0178179
26.610068027,0.596571,0.47344,1.88019,1.35352,0.24035,0.28051,0,0.303651,1.47592,0.405213,0.408061,0.083387
26.656507937,1.02877,0.619885,1.56568,1.30852,0.0321066,1.73368,0,0.241163,1.11715,0.570168,0.276285,0.214265
26.702947846,1.41079,0.708805,0.804607,0.727374,0.0851294,2.49452,0,0.304927,0.725178,0.294811,0.399132,0.400931
26.749387755,1.90769,0.609645,0.575715,0.0907127,0.439207,1.97878,0,0.367346,0.408566,0.249086,0.228005,0.820806
26.795827664,1.85862,0.595008,0.612861,0.0712912,0.46587,2.00622,0,0.452091,0.0264118,0.195144,0,1.03883
26.842267574,1.79455,0.568944,0.994565,0.0320587,0.18741,2.30334,0,0.282027,0.404274,0.114622,0,0.82486
26.888707483,1.82179,0.426972,1.20614,0.434922,0,1.67977,0.00163048,0.419644,0.746273,0.0104646,0,0.281399
26.935147392,1.20586,0.258254,0.895784,0.839388,0.00434747,1.17975,0.00974662,0.694649,0.603233,0.010926,0,0.000255786
26.981587302,1.11045,0.187104,0.712648,0.861481,0,1.1331,0.194167,1.13254,0.317173,0.00976296,0,0.01682
27.028027211,0.886042,0.0653553,0.59528,0.658995,0.0262377,0.791425,0.446104,2.16354,0.281132,0.00954982,0,0.102819
27.074467120,0.903309,0.0758495,0.599307,0.0722466,0.0307575,0.357833,0.00152515,2.76875,0.579684,0.190356,0.022118,0.154284
27.120907029,0.697922,0,0.651365,0.587703,0,0.369891,0.00294884,2.94855,0.79305,0.249663,0.0196419,0.284273
27.167346939,0.8421,0.0114874,0.661268,0.587532,0.00950817,0.41668,0.0162716,2.7467,0.921797,0.165743,0.000436184,0.459926
27.213786848,0.731016,0.074935,0.684225,0.402664,0,0.522866,0.0183053,2.22733,1.17686,0.132325,0.00223248,0.564719
27.260226757,0.683247,0.0932614,0.670747,0.216491,0,0.312887,0.0288876,1.88258,1.21611,0.281105,0.0495812,0.812011
27.306666667,0.775792,0.0269598,0.664089,0.374742,0.0151,0.201681,0.0395359,2.07983,0.769071,0.0157457,0.282668,1.07157
27.353106576,0.54267,0.0551365,0.87488,0.568575,0.026835,0.232692,0.0467488,2.18791,0.231499,0,0.382029,1.19996
27.399546485,0.306988,0.0211023,1.02928,0.257605,0.0124932,0.298016,0.0503628,2.34246,0.187984,0,0.345499,1.18831
27.445986395,0.184761,1.21085,1.91289,0.0918072,0,0.1036,0.0645785,2.80777,0.00512515,0.0042307,0.189688,0.383751
27.492426304,0.164257,1.89241,1.5152,0.245247,0,0.161287,0.064465,2.00366,0.723205,0.00476219,0.0484858,0.954465
27.538866213,0.262369,2.0288,1.2162,0.245484,0.00301893,0.263028,0.0631866,1.15372,1.38503,0.0882112,0.0116513,1.30772
27.585306122,0.456197,1.91251,0.725998,0.289487,0,0.264097,0.150133,1.15778,1.42547,0.0994405,0,1.39699
27.631746032,0.758378,1.66825,0.559594,0.275254,0.0135073,0.22121,0.265987,1.33068,1.41466,0.14598,0,1.45834
27.678185941,1.03012,1.2755,0.447118,0.257741,0.482576,0.214092,0.44296,1.49696,1.20047,0.157872,0,1.41002
27.724625850,2.13282,0.831738,0.610928,0.114016,0.160536,0.29359,0,1.35728,0.825375,0.0246176,0.00393874,0.683977
27.771065760,2.69016,0.887201,0.723448,0.147881,0.162859,0.446931,0,0.59008,1.03387,0.121887,0.14652,0.315849
27.817505669,2.78074,0.876711,0.799652,0.216399,0.0968203,0.43005,0,0.45045,0.43288,0.230718,0.122678,0.336212
27.863945578,2.83966,0.782582,0.774089,0.360218,0.048744,0.388862,0.198481,0.478176,0.0835602,0.279018,0.0939976,0.331593
27.910385488,2.85758,0.748802,0.803835,0.380644,0.0543855,0.307415,0.200206,0.480398,0.0998738,0.242851,0.0531173,0.306613
27.956825397,2.57565,0.569968,0.954859,0.219144,0.0165715,0.0158714,0.108317,0.695996,0.668449,0.0883934,0.180567,0.433247
28.003265306,2.17417,0.763842,0.313622,0.696686,0.0174624,0.598091,0.105412,0.453418,1.237,0.0995733,0.216838,0.745804
28.049705215,1.82757,1.07234,0.249076,0.809274,0.0292478,0.50651,0.307414,0.631927,1.18899,0.0081833,0.246356,0.880237
28.096145125,1.72096,0.798959,0.402702,0.915251,0.238777,0.451355,0.459705,0.817239,1.53172,0.0172767,0.133139,0.706711
28.142585034,1.69937,0.245488,1.00008,0.845202,0.00471638,0.491433,0.0783517,0.805658,1.81712,0.278872,0.069211,0.354108
28.189024943,1.21405,0.134693,1.00946,0.463113,0.0105191,0.837142,0.0812478,0.547853,2.06764,0.499967,0.235306,0.213422
28.235464853,1.13179,0,1.03328,0.31001,0.0764213,0.744596,0.0806168,0.473356,1.92829,0.62609,0.224202,0.143161
28.281904762,1.52934,0.0332991,0.321617,0.46594,0.959184,0.114582,0,0.684286,2.10442,0.462864,0.089193,0.0977977
28.328344671,1.21073,0.0325769,0.0360542,0.554398,1.04698,0.117965,0.0030626,1.10772,1.50737,0.367842,0.172824,0.676188
28.374784580,1.00165,0.0576867,0.186498,0.497328,1.10298,0.119541,0.0217972,1.16668,1.40581,0.275832,0.193743,0.820711
28.421224490,0.934659,0.0650441,0.223184,0.466954,1.13003,0.12114,0.0393281,1.59857,1.18867,0.170096,0.0606107,0.895929
28.467664399,1.17891,0.993386,0.980395,0.300286,0.108114,0.170831,0.00489934,1.75242,0.707388,0.134653,0.506227,0.903207
28.514104308,0.313399,1.10548,1.54108,0.265796,0,0.138753,0.0264418,1.48701,0.778653,0.559408,0.633556,0.937444
28.560544218,0.310257,1.10666,1.4826,0.207708,0.000620303,0.136577,0.030264,1.32053,0.826341,0.643898,0.664692,1.11955
28.606984127,0.280795,1.09903,1.24414,0,0,0.149163,0.0331185,1.21813,0.927281,0.732606,0.810969,1.1426
28.653424036,0.300874,1.03427,1.07773,0,0,0.223748,0.0368126,1.04826,1.12393,0.871931,0.66489,1.29034
28.699863946,0.689074,0.871615,0.924057,6.74399e-06,0.162101,0.0696682,0.0585506,0.202899,1.3045,0.643355,0.228796,1.23186
28.746303855,2.53971,0.611718,0.367954,0.0015292,1.12769,0.00555817,0.384491,0.362553,0.165542,0.108227,0.0279062,0.946195
28.792743764,2.61904,0.280376,0.358899,0.0137857,1.04736,0.0154208,0.519188,0.356275,0.37897,0.0326962,0.0120185,1.0711
28.839183673,2.69293,0.116673,0.416623,0.0138659,0.8897,0.0305541,1.27269,0.368064,0.256988,0.0371746,0.00254997,0.992707
28.885623583,2.80338,0.0713319,0.530589,0.390186,0.609416,0.0452899,1.36926,0.475437,0.126621,0.079509,0.00103561,0.840464
28.932063492,2.7284,0.0507935,0.504295,0.773751,0.295761,0.0669781,1.23009,0.71819,0.0953951,0.0482623,0,0.433664
28.978503401,1.67559,0.30126,0.291776,0.861438,0.0119108,0.0949924,1.39723,0.848686,0,0.613998,0,0.182933
29.024943311,2.12694,0.458231,0.0642677,0.65773,0.0208843,0.17223,1.50192,0.913267,0,0.0357891,0.204994,0.32841
29.071383220,1.98783,0.760849,0.198585,0.0149047,0.00648412,0.964376,1.76314,0.885056,0.169475,0.180176,0.32834,0.661718
29.117823129,1.40247,0.579543,0.721502,0.4677,0,1.05428,1.31551,0.415359,0.641318,0.441561,0.131741,0.520154
29.164263039,0.927829,0.470509,0.748461,0.637032,0.155362,0.89216,0,0.669945,1.28865,0.442662,0,0.668844
29.210702948,0.972105,0.230518,0.675212,0.486861,0.364172,0.595011,0.0147281,0.781449,1.91911,0.268973,0.000167334,0.395469
29.257142857,0.816177,0.149051,0.567988,0.14372,1.19639,0.382949,0.000940861,0.633205,1.65839,0.343331,0.00774052,0.625875
29.303582766,0.709413,0.231928,0.228962,0.0125947,1.3412,1.04723,0.282752,0.792654,0.743106,0.0908602,0.0345328,0.626408
29.350022676,0.475333,0.00380225,0.174604,0.00048158,1.13633,1.90426,0.287377,1.0302,0.24702,0.101443,0.0646919,0.757407
29.396462585,0.50791,0.00483993,0.301893,0.00142139,0.420589,2.7545,0.129032,1.02159,0.1095,0.00770397,0.172692,0.962758
29.442902494,0.54702,0.015209,0.593902,0.000911939,0.150945,3.22676,0,1.19922,0.0571384,0.100425,0.136984,0.819386
29.489342404,0.491656,0.784972,0.853238,0.0928956,0.0417351,3.20779,0.0184653,0.853012,0,0.173945,0.185694,0.338686
29.535782313,0.561341,1.33332,0.885891,0.125662,0,2.659,0.366296,0.659263,0.204302,0.169286,0.138966,1.00057
29.582222222,0.912627,1.24802,0.855769,0.126068,0,2.27926,0.625669,0.444586,0.790736,0.0748571,0.363504,1.11224
29.628662132,0.946397,1.12647,0.682277,0.121462,0,1.63327,0.405142,2.11805,0.909718,0,0.45566,1.01174
29.675102041,0.774064,1.0255,0.769717,0.112106,0.000418248,0.343399,0.235934,2.63279,0.855458,0.0382749,0.273981,0.992397
29.721541950,0.788991,0.947018,0.426492,0.0607427,0.0238896,0.0736232,0.325838,2.67503,0.796375,0.00181976,0.14875,0.892368
29.767981859,2.03407,0.924262,0.399553,0.00521171,0.0814847,0.130072,0.0126692,2.23789,0.691394,0.0045803,0.117372,0.388245
29.814421769,2.30818,0.852942,0.50487,0.0152449,0.0235123,0.586054,0.0758805,2.13577,0.988083,0.0903236,0.0196026,0.142998
29.860861678,2.42794,0.644845,0.564831,0.166247,0.0587968,1.22672,0.471237,2.09389,0.46548,0.107143,0.00999447,0.105611
29.907301587,2.28324,0.540457,0.763556,0.0388216,0.157852,1.55389,0.536091,1.2467,1.2548,0.09731,0.00255353,0.111078
29.953741497,1.76115,0.361484,0.403672,0.0243205,0.0934734,2.59764,0.368541,0.763483,0.997302,0.0999001,0.00186072,0.0651315
30.000181406,1.5885,0.0921483,0.224614,0.0444618,0.00980125,2.93975,0.017963,0.560788,0.746356,0.1002,0.0013072,0
30.046621315,1.93002,0.117088,0.188552,0.106125,0.0654835,3.15292,0,0.513664,0.44929,0.0162563,0.000201481,0.305979
30.093061224,1.90224,0.0770304,0.0372068,0.160666,0.015698,3.41599,0,0.383382,0.694046,0.088164,0.0489901,0.491956
30.139501134,1.87167,0.115266,0.0098759,0.135333,0,3.48104,0.0019634,0.400456,0.829719,0.199269,0.0264547,0.330301
30.185941043,1.92411,0.0487199,0.0945669,0.143832,0,3.22007,0.103919,0.352746,0.964879,0.355003,0,0.0322605
30.232380952,1.74768,0.00220096,0.608711,0.298591,0.0237917,2.19908,0.498211,1.53844,0.77829,0.365089,0,0.104221
30.278820862,0.948587,0.0860943,0.94748,0.143571,0.0282014,0.610551,0.796897,2.67855,0.702069,0.321106,0.00689641,0.238168
30.325260771,0.998437,0.113978,0.906772,0.0929381,0.0684676,0.098131,0.471787,3.04039,0.501612,0.135721,0.0656343,0.351528
30.371700680,1.09394,0.0326521,0.412606,0.195959,0.0583251,0.23138,0.185244,3.15772,0.0999929,0.190242,0.271803,0.396956
30.418140590,0.915821,0.00634539,0.352306,0.363429,0.0445363,0.881412,0.116342,2.91914,0.0286444,0.163466,0.156253,0.305875
30.464580499,0.811318,0.0196895,0.356803,0.260064,0,2.21029,0.121423,2.13344,0,0.313719,0.104608,0.119693
30.511020408,0.937526,0.133881,0.554755,0.461208,0,2.71778,0.114415,1.20383,0,0.50732,0,0
30.557460317,0.847573,0.266402,0.645152,0.481241,0.00100927,2.98781,0.0342997,1.02842,0.017666,0.50172,8.8836e-05,0
30.603900227,0.761267,0.376324,0.690277,0.381232,0.0021675,3.07007,0.0232234,0.614146,0.530359,0.490707,0.000314245,0
30.650340136,1.14319,1.00423,0.629135,0.252767,0,2.61975,0.0260619,0.368015,0.537551,0.443918,0.00282372,0
30.696780045,1.07192,1.26671,0.673963,0.254747,0,1.99251,0.0773604,0.25213,0.509883,0.252439,0,0.0568076
30.743219955,1.22334,1.40425,0.422317,0.120792,0,1.21237,0.518991,1.60912,0.211923,0.157279,0,0
30.789659864,1.93827,1.11419,0.757591,0.0503731,0,0.227336,0.333765,2.38958,0.0801157,0.00929768,0,0.105903
30.836099773,2.40087,0.324119,0.875222,0.0042131,0,0.0477036,0.00807837,2.65085,0.172963,0.0395212,0,0.708033
30.882539683,2.3533,0.135249,0.944687,0.00772931,0.0981353,0.194856,0.0105886,2.40521,0.0708287,0.0541862,0,0.851328
30.928979592,2.20774,0.0124299,1.0461,0.00915898,0.0703191,0.609926,0.562405,1.95693,0.187149,0.0381393,5.39646e-05,0.670006
30.975419501,1.92414,0.0169405,1.08014,0.409401,0.340863,0.522016,0.97364,1.76852,0.24338,0.0214893,0,0.29388
31.021859410,1.51581,0.0286063,0.857683,0.394214,0.933338,0.706303,0.898189,1.84504,0.157532,0.000431688,0,0.135462
31.068299320,1.27105,0.028649,0.482466,0.163892,1.22502,0.839699,0.623496,1.9493,0.0149973,0,0.000404574,0.0453439
31.114739229,1.10128,0.363702,0.348637,1.07522,1.08026,0.798418,0.0420056,1.49969,0.109968,0.106817,0.00680461,0.0288574
31.161179138,0.934466,0.254369,0.48289,1.72484,0.196613,0.204231,0,1.13187,0.631276,0.469558,1.47367e-05,0.0604325
31.207619048,0.324668,0.316779,0.437907,1.91433,0.126272,0.213514,0.000302432,0.795231,1.37589,0.31003,0,0.205957
31.254058957,0.278255,0.322982,0.431737,1.98932,0.207631,0.193138,0.0071224,0.75226,1.50503,0.290052,0,0.360806
31.300498866,0.268634,0.455287,0.363155,1.84952,0.243199,0.167604,0.00833307,0.595064,1.606,0.356267,0,0.442142
31.346938776,0.949174,0.331683,0.114738,1.95538,0.14185,0.0221994,0.0302645,0.828243,1.20587,0.256108,0.0275848,0.726575
31.393378685,1.0524,0.0684363,0.130767,2.45178,0.0294403,0.00846078,0.0652109,1.44584,0.333829,0.157821,0.26388,0.892374
31.439818594,1.05886,0.148095,0.483804,2.06227,0.174797,0.162447,0.0730997,1.4909,0.200711,0.0178893,0.241038,1.16184
31.486258503,1.27908,0.217022,0.570577,1.84971,0.095088,0.189836,0.0366301,1.46602,0.0372172,0.000575855,0.0116462,1.62239
31.532698413,0.168997,2.01084,1.41843,1.02678,0.0005812,0.356603,0.0515082,1.17158,0.733302,0.0493236,0,1.10926
31.579138322,0.167718,1.99012,1.45113,0.261899,0.00637772,0.292597,0.058125,0.86124,1.3368,0.083543,0.00090525,1.31754
31.625578231,0.359284,1.87297,1.12865,0.274576,0.00662024,0.268804,0.0757121,0.730091,1.68397,0.0789536,0.00768764,1.39133
31.672018141,0.514232,1.65569,0.576253,0.328531,0,0.207613,0.165706,0.826107,1.73234,0.0827247,0,1.98193
31.718458050,0.776083,1.41228,0.436703,0.104475,0,0.0654697,0.314786,0.756987,1.73998,0.000508873,0,2.02459
31.764897959,0.941334,1.01775,0.617025,0.139419,0.235611,0.0757699,0.284961,0.986434,1.55273,0,0.0386668,1.45388
31.811337868,2.00258,0.754118,1.02108,0.418344,0.0712357,0.0415207,0,0.709805,1.57186,0.354886,0.000283285,0.613716
31.857777778,2.1371,0.804242,0.915953,0.389463,0.214805,0.139285,0,0.574358,1.32876,0.612422,0.112259,0.105149
31.904217687,2.26354,0.694371,0.712354,0.281244,0.211114,0.298685,0.250064,0.381478,0.351101,0.528643,0.379017,0.0823566
31.950657596,2.31629,0.615034,0.472641,0.193578,0.0997397,0.610471,0.283461,0.388733,0.170195,0.405789,0.708779,0.0960511
31.997097506,2.35289,0.543588,0.391023,0.347752,0.0114372,0.691611,0.18616,0.368247,0.051921,0.180307,1.38712,0.0916532
32.043537415,2.0563,0.0159807,0.26548,0.107016,0.0230867,0.52668,0.0721365,0.446227,0.074229,0.098446,2.14522,0.0339552
32.089977324,1.97258,0.418974,0.422295,0.219726,0.0370545,0.845592,0.0654045,0.447114,0.479196,0.110139,1.73039,0
32.136417234,2.08582,0.832287,0.142748,0.436544,0.0244306,0.708514,0.343241,0.546793,0.923114,0.652251,0.122321,0
32.182857143,2.03496,0.2753,0.0375335,0.897454,0.0127378,0.0226057,0.266484,0.561817,1.82394,0.84949,0.0727769,0.019981
32.229297052,1.65027,0.117894,0.0108035,0.959968,0.00031608,0.253884,0.0959147,0.57335,2.59054,0.581281,0.0265745,0.0573352
32.275736961,1.45392,0.0470354,0.116845,0.722418,0.0351609,0.511676,0.0796469,0.481637,2.89832,0.815034,0.0408387,0.0383551
32.322176871,1.42808,0.0546783,0.123766,0.616349,0.406392,0.631363,0.0777954,0.526759,2.857,0.542151,0.0673217,0.00767897
32.368616780,1.49372,0.0144793,0.00776444,0.82195,0.668944,0.495606,0.0016547,0.955349,1.75813,0.297161,0.10204,0.31458
32.415056689,1.23374,0.0287715,0.0996727,0.894624,0.76123,0.11506,0.00448519,1.19347,1.56437,0.246928,0.188427,0.626702
32.461496599,1.09795,0.0563208,0.252929,0.560881,0.89894,0.156529,0.0218025,1.39301,1.54713,0.209947,0.170124,0.804344
32.507936508,1.12879,0.0466485,0.411984,0.353899,0.963095,0.335237,0.0263121,1.70741,1.40198,0.0751788,0.0562601,0.848471
32.554376417,0.499414,1.11997,1.38528,0.235275,0.0326153,0.287379,0.0241004,1.6909,0.713038,0.550334,0.578558,0.743753
32.600816327,0.33784,1.12008,1.54309,0.239841,0,0.13948,0.0307333,1.46203,0.666715,0.663119,0.611211,1.01908
32.647256236,0.326203,1.13684,1.33498,0.136118,0.000651407,0.101335,0.0337493,1.41846,0.696616,0.775609,0.78265,1.11631
32.693696145,0.345903,1.09331,1.13725,0.00740369,0.00245493,0.0882653,0.0369046,1.26556,0.874485,0.887549,0.747809,1.18832
32.740136054,0.378285,0.990335,0.759637,0.0109228,0.014979,0.193859,0.0403863,0.913274,0.62757,1.29401,0.55817,1.18552
32.786575964,2.0499,0.665618,0.558988,0.00869111,0.630174,0,0.0808301,0.597914,0.334899,0.616189,0.0155629,1.03132
32.833015873,2.49631,0.544683,0.332145,0.00324798,1.17981,0.0171596,0.526752,0.439762,0.195391,0.0308911,0.0222632,0.89966
32.879455782,2.5713,0.312961,0.365687,0.0081335,1.02897,0.0280342,0.595562,0.447248,0.361483,0.0359174,0.00715168,1.07337
32.925895692,2.66846,0.115557,0.438011,0.0113797,0.860246,0.045423,1.49523,0.4931,0.0861302,0.0401303,0.00185812,0.920075
32.972335601,2.84686,0.0741734,0.546532,0.613446,0.459131,0.0610209,1.26202,0.670126,0.0474192,0.0713523,0,0.702583
33.018775510,2.26188,0.0258286,0.44325,0.836796,0.154588,0.071701,1.33227,0.794288,0,0.556255,0,0.195579
33.065215420,1.8973,0.299358,0.253961,0.827002,0.00712515,0.0893107,1.38934,0.844222,0,0.534282,0.041635,0.188799
33.111655329,2.10137,0.573182,0.209569,0.360628,0.0135746,0.515663,1.71176,0.931671,0.00385621,0.0604673,0.253922,0.438305
33.158095238,1.63162,1.15175,0.192728,0.0143928,0.0116538,0.924104,1.69911,0.797227,0.338146,0.300702,0.308088,0.504886
33.204535147,0.425318,2.28553,0.695094,0.25618,0.0432025,0.836304,0.570728,0.50373,0.599104,0.499691,0,0.184684
33.250975057,0.283232,2.00979,0.930372,0.43288,0.00658707,0.47294,0.0207137,0.688514,0.738225,0.275228,0,0.283375
33.297414966,0.258493,1.75411,0.975765,0.178756,0.062296,0.432145,0.0235683,0.751165,1.14883,0.230926,0.000408406,0.337343
33.343854875,0.223413,1.22145,1.94529,0.0376069,0.0127466,0.320506,0.0353723,0.59708,0.933338,0.259378,0.0112955,0.313804
33.390294785,0.148492,0.498498,2.67488,0.0142487,0.0611936,0.0833831,0.0556225,0.820399,0.641056,0.191295,0.141763,0.2099
33.436734694,0.223185,0.0908152,2.80876,0.0389745,0.0983904,0.023257,0.0845923,1.11383,0.504173,0.120831,0.25147,0.0880099
33.483174603,0.344081,0.102188,2.62457,0.241461,0.0471304,0.0362097,0.0870909,1.33729,0.3435,0.346758,0.206347,0.146318
33.529614512,0.0917198,0.169127,2.55759,0.326285,0,0,0.119475,1.27658,0.3089,0.269046,0.0770709,0.14195
33.576054422,0.0200756,1.0726,2.47027,0.291394,0,0,0.0885999,1.02018,0.825223,0.376935,0.47899,0.213955
33.622494331,0.264308,1.37851,1.60659,0.819322,0,0,0.23525,0.539486,1.14278,0.0491046,1.10331,0.935558
33.668934240,0.498917,1.42588,0.737524,1.65569,0,0,0.12569,0.688291,1.02642,0.0534099,1.34792,1.07998
33.715374150,0.829973,0.96382,0.278693,2.11075,0.0588849,0,0.134368,0.972561,1.08036,0.0229068,1.31146,1.01341
33.761814059,1.10544,0.0990426,0.132041,2.10654,0.243384,0,0.278582,0.91135,1.13552,0.000332882,1.20336,0.971503
33.808253968,1.17833,0.156246,0.537598,2.07356,0.245769,0.250984,0.0036737,0.864009,0.942876,0.000230331,1.05748,0.749743
33.854693878,1.48927,0.723113,1.11034,1.74875,0.267125,0.12153,0.187083,0.781554,1.0684,0.362627,0.418883,0
33.901133787,1.58432,1.00141,1.36039,1.05826,0.261148,0.248301,0.625314,0.765086,0.74196,0.955058,5.4217e-05,0
33.947573696,1.32208,1.34117,1.71742,0.949624,0.255587,0.20123,0.799691,0.917488,0.0856113,1.11365,1.64705e-05,0
33.994013605,1.015,1.35957,2.25761,0.354066,0.280414,0.133769,0.718016,1.0562,0.0780423,0.913393,0.000167455,1.22065e-05
34.040453515,0.989584,0.818217,2.33576,0.0664215,0.294581,0.0577718,0.599529,1.06277,0.169332,0.726264,0.00026542,0.0285373
34.086893424,1.02228,0.647106,2.17973,0.183669,0.384486,0,0.426988,0.865823,0.306601,0.691536,0.000323925,0.0748271
34.133333333,1.04646,0.526657,1.70659,0.838988,0.352568,0,0.536462,0.741895,0.201115,0.828576,0.10908,0.051584
34.179773243,1.29531,0.356501,1.09003,1.63543,0.0231289,0,0.571564,0.521645,0.00187176,0.738907,0.124597,0.036178
34.226213152,1.0707,0.193007,0.201086,2.16239,0,0.0117361,0.511848,0.754634,0.420204,0.730005,0.387231,0.0368468
34.272653061,0.777598,0.131175,0.0140245,2.49664,0.00544823,0,0.227517,0.683552,1.03293,0.889866,0.52864,0.0225421
34.319092971,0.180188,0.0756193,0.475025,2.56978,0.0299832,0.029361,0.0448232,0.425985,1.35576,0.837659,0.409438,0.0830776
34.365532880,0.430927,0.183932,1.56868,1.64337,0.0313418,0.443905,0.000381438,0.493257,1.49741,0.665843,0.060818,0.192643
34.411972789,0.79696,0.159362,2.03616,0.257223,0.0307022,0.414502,0.0752775,1.05523,0.852553,0.672965,0.072202,0.178448
34.458412698,0.634409,0.0888218,2.23381,9.57906e-05,0.0313806,0.296025,0.214062,1.2416,0.536507,0.781887,0.132986,0.0509282
34.504852608,0.454306,0.0437759,2.43715,0,0.0239101,0.160557,0.340767,1.37383,0.335346,0.791449,0.124313,0.0519222
34.551292517,0.248038,0.16677,2.38592,0.0105108,0.00313502,0.0359151,0.444343,1.56841,0.0286525,0.840616,0.0564798,0.0358461
34.597732426,0.208594,0.697458,2.26896,0.529665,0.00144137,0,0.382052,1.87482,0,0.797376,0.211726,0.0267584
34.644172336,0.257536,1.04944,1.70566,1.08796,0.0364447,0,0.128281,1.56239,0.223145,0.0342284,0.908866,0
34.690612245,0.379174,0.883819,1.58738,0.915188,0.041842,0.0016552,0.0527141,1.25213,0.722172,0.00212177,1.13622,0
34.737052154,0.398889,1.09834,1.57023,0.879242,0,0.00429825,0,0.932754,0.649135,0.00167607,1.15489,0
34.783492063,0.589083,1.69267,0.503959,0.987463,0,0,0.0878794,0.58627,0.385904,0.229096,1.10333,0
34.829931973,0.737311,1.87335,0.447001,0.644749,0.486102,0.022842,0.179815,0.356228,0.0437045,0.153293,1.04293,0
34.876371882,1.30901,0.953382,0.665976,0.397115,0.910975,0.0743872,0.21001,0.160394,0.00152892,0.165441,0.723894,0.25222
34.922811791,1.78933,0.215977,1.23155,0.274143,0.957913,0.0930652,0.0477265,0.593598,0.0256622,0.300967,0.537559,0.381182
34.969251701,2.373,0.0143119,1.04272,0.353461,0.461489,0.130965,1.00029,1.08632,0.0537965,0.144006,0.000244458,0.259381
35.015691610,3.22418,0.000936449,0.39291,0.30754,0.151162,0.196716,1.21268,1.1644,0,0.0122508,0,0.215906
35.062131519,3.4668,0.000860714,0.00530417,0.532266,0.148471,0.147087,1.18758,1.16294,0,0.0172443,0,0.226499
35.108571429,3.36761,0.0347936,0.00263219,0.759405,0.197701,0.0706318,1.22319,1.14856,0,0.0178603,0,0.205384
35.155011338,2.79144,0.0321461,0.00101237,0.849808,0.162198,0.0755496,1.34278,1.26921,0,0.0141593,0,0.165382
35.201451247,2.26699,0.0891562,0.0525471,0.107781,0.113997,0.0726147,1.31142,1.51934,0.442278,0.0881372,0.239886,0.124708
35.247891156,2.21551,0.0322118,0.657603,0.787192,0,0.120565,0.0131452,1.39355,0.723769,0.730922,0.000258464,0.215155
35.294331066,1.72195,0.0706221,0.711658,0.581847,0,0.21606,0.0197412,1.27009,1.52023,0.545765,0.000189813,0.26094
35.340770975,1.16664,0.157739,0.401036,0.510308,0.015839,0.196276,0.0213631,0.89532,2.43242,0.290568,0,0.26534
35.387210884,1.02996,0.221885,0.205356,0.737753,0.107486,0.0787625,0.0258136,0.658875,2.3688,0.135357,0.0117419,0.288931
35.433650794,0.871175,0.0241119,0.357366,0.492444,0.104233,0.0601593,0.0166423,1.46645,1.74842,0.00873872,0.157153,0.795534
35.480090703,0.572794,2.0897e-05,0.915408,0.248969,0.127324,0.0625812,0.0155442,2.43038,1.02677,0,0.18981,0.891169
35.526530612,0.394227,0.00185406,1.15812,0.0363136,0,0.0643667,0.0287604,3.6524,0.427482,0,0.125898,0.869341
35.572970522,0.147537,0.179774,1.6141,0.145324,0,0.060707,0.0244081,4.26184,0.00880016,0,0.0247718,0.635326
35.619410431,0.0224285,1.3319,1.73731,0.000604103,0,0.0676579,0.000180387,4.00602,0.0394506,0,0,1.01282
35.665850340,0.0972345,1.41172,1.77339,0.032559,0,0.0711738,0.0157439,2.52087,0.952336,0,0,1.36509
35.712290249,0.245395,1.34399,1.40945,0.058587,0,0.071796,0.0907082,1.96657,1.19342,0,0,1.37448
35.758730159,0.446944,1.10001,1.16657,0.0439311,0,0.0744345,0.222384,2.31125,1.21518,0,0,1.34702
35.805170068,0.624304,0.79679,0.914591,0.0220067,0.0165291,0.0752282,0.405986,2.80665,0.996156,0,0.000266148,1.24737
35.851609977,1.50011,0.579539,0.621095,0.0307227,0.0412298,0.0814546,0.133189,2.79763,0.605965,0.00268585,0.00298541,1.04581
35.898049887,2.55264,0.643988,0.913892,0.0664964,0.0286458,0.0361923,0.00408412,2.31832,0.827448,0.0640539,0.0858402,0.324362
35.944489796,2.80898,0.636673,0.927164,0.102883,0.0355603,6.1751e-05,0.12984,1.73411,0.738455,0.113787,0.0949989,0.284626
35.990929705,2.71215,0.549306,0.765286,0.213941,0.0262313,0.00724738,0.361312,1.47519,0.128744,0.121794,0.0922849,0.281828
36.037369615,2.44488,0.533699,0.422775,0.238033,0.0316021,0.0325278,0.263362,1.44667,0.152231,0.115372,0.0774258,0.314986
36.083809524,2.28184,0.491649,0.244499,0.199424,0.00183198,0.0660946,0.0939195,1.38682,0.193914,0.114965,0.0292206,0.388502
36.130249433,2.05557,0,0.356522,0.0958986,0,0.0707476,0.0167509,1.55231,0.281879,0,0,0.534739
36.176689342,1.71712,0.20381,0.510842,0.210622,0.0225949,0.0491302,0.0377905,1.72307,0.129675,1.91789e-05,0,0.796356
36.223129252,1.63858,0.146323,0.632385,0.172953,0.107893,0.0445381,0.255394,2.00264,0.040957,0.0403896,0,0.775613
36.269569161,1.91346,0.00157712,0.811167,0.416013,0,0.0479515,0.0472298,2.15151,0.640478,0.157737,0,0.57597
36.316009070,1.40488,0,0.92497,0.294125,0,0.0548571,0.0305774,1.9896,1.24101,0.233764,0,0.479365
36.362448980,1.164,0.0218683,0.935088,0.229968,0.0306452,0.00884524,0.0139276,2.17095,1.15795,0.289553,0.0383101,0.421669
36.408888889,1.39303,0.088006,0.779052,0.0703884,0.0556841,0.107854,0,2.59084,0.791737,0.0701763,0.0526224,0.402107
36.455328798,1.20514,0.085176,0.476062,0.168496,0.205822,0.11908,0,3.16226,0.146941,0.00317547,0.117776,0.799181
36.501768707,0.918328,0.0225667,0.507802,0.0645836,0.225494,0.119446,0.017336,3.42467,0.0383693,0.00210198,0.191594,0.923559
36.548208617,0.638195,0.00564575,0.652656,0.0115006,0.152139,0.109581,0.0388956,3.56615,0,0,0.113019,0.965887
36.594648526,0.313221,0.739885,1.00039,0.011244,0,0.0634747,0.0169914,3.46922,0,0,0.21232,0.927394
36.641088435,0.188806,0.972582,1.31395,0.237194,0,0.0157436,0.00575926,2.92914,0.0129677,0,0.332895,1.03865
36.687528345,0.222056,0.973925,1.37909,0.169696,0,0.0102907,0.0238956,2.36611,0.16572,0,0.385302,1.24539
36.733968254,0.28207,0.967238,1.16801,0.0218926,0,0.01199,0.0319104,2.23518,0.201333,0,0.496607,1.26617
36.780408163,0.253449,0.912631,1.00766,0.00208592,0,0.0165076,0.0289435,2.38518,0.412089,0,0.374067,1.34519
36.826848073,0.481868,0.828049,0.6047,0.00798268,0.0305904,0.0119856,0.00520599,2.61478,0.037368,0.497235,0.093652,1.14797
36.873287982,0.994342,1.08158,1.18312,0.0139163,0.0373039,0.117167,0.0739297,2.25249,0.499379,0,0,0.469283
36.919727891,0.453466,0.947896,1.22229,0.219561,0.015263,0.158454,0.176747,2.20878,0.981885,0,0.000202086,0.454132
36.966167800,0.775099,1.02887,1.13505,0.293712,0.0359602,0.218566,0.117219,2.32143,1.00476,0.0238673,0.0388895,0.441544
37.012607710,0.896033,1.04236,1.1901,0.282138,0.030561,0.231326,0.0144302,2.53906,0.956922,0,0.0736257,0.404554
37.059047619,1.01681,0.7546,1.12269,0.433109,0.651367,0.00646684,0,2.68699,0.738455,0.0628896,0.0870994,0.330024
37.105487528,1.34916,0.43013,0.840991,0.823652,0.976471,0,0,2.49696,0.371548,0.0924872,0.0589556,0.408657
37.151927438,1.50186,0.20473,0.755939,0.729782,0.883169,0.00208208,0,2.48283,0.126124,0.109414,0.000251966,0.577499
37.198367347,1.38228,0.132573,0.972698,0.432654,0.751292,0.00245207,0,2.7068,0.00771892,0.00251173,0,0.771837
37.244807256,1.1962,0.0611841,1.15166,0.14024,0.795602,0.0367693,0.00162014,2.93783,0.081073,0,0,0.424256
37.291247166,1.06117,0.00740839,1.16023,0.0595346,0.586718,0.0208064,0,2.98953,0.0467237,0.319491,0,0.436591
37.337687075,0.37174,0.0510284,1.39854,0.0333749,0.262359,0.029426,0.0156734,2.84398,0,0.751265,0.484185,0.516062
37.384126984,0.218441,0.328412,1.09112,0.0059776,0.0105725,0.0522057,0.256264,2.97039,0.318122,1.37984,0.057675,0.364184
37.430566893,0.515861,0.335094,1.13452,0.0131238,0,0.255137,0.024301,2.71968,0.754576,1.21674,0.0901916,0.414948
37.477006803,0.932557,0.317404,1.25257,0.0369127,0.0230389,0.478399,0.0114375,2.49014,0.805315,0.939909,0.213288,0.334516
37.523446712,1.38906,0.527925,1.0057,0.183832,0.0394656,0.515422,0,2.22786,0.717471,0.672679,0.179527,0.285554
37.569886621,1.83909,0.712556,0.710183,0.316942,0.454238,0.26154,0,1.85625,0.570683,0.20863,0.102488,0.504808
37.616326531,2.06978,0.61206,0.756221,0.326381,0.880525,0,0,1.79306,0.454309,0.0525592,0.0363908,0.537901
37.662766440,1.89758,0.421555,0.624592,0.33028,0.756815,0.00193709,0,2.42097,0.253635,0.0339968,0,0.685587
37.709206349,1.6007,0.228546,0.622799,0.253465,0.771567,0.0285096,0.00566265,2.62088,0.013334,0.000327254,0,0.958867
37.755646259,1.689,0.112845,0.579136,0.168298,0.700046,0.027801,0.00847355,2.61488,0.00172558,0.0026936,0,1.04374
37.802086168,2.12002,0.185067,0.580481,0.412544,0,0.337911,0.0014886,2.54632,0,0.00180705,0,1.13111
37.848526077,2.418,0.368545,0.504896,0.372207,0,0.221249,0.00173955,2.47188,0,0.000174344,0,0.910585
37.894965986,1.57983,0.916413,0.439079,0.0536222,0.0076749,0.077199,0.116733,2.13518,0.904523,0.790344,0.00745006,0.332273
37.941405896,0.996011,1.35499,0.44189,0.0493526,0,0.0593852,0.0307072,2.2399,1.20575,0.813337,0.0475988,0.498729
37.987845805,1.0056,1.39683,0.58985,0.095513,0.0109559,0.145855,0,2.21404,1.11983,0.648924,0.104976,0.531713
38.034285714,1.39327,0.802298,0.83188,0.135476,0.0196752,0.105943,0,2.12662,1.10411,0.461833,0.0398734,0.460229
38.080725624,1.96466,0.348432,1.05808,0.20299,0.695765,0.0251023,0,1.93025,1.07728,0.242845,0.0374389,0
38.127165533,2.26962,0.240549,0.934195,0.305823,0.947443,0.0133042,0,1.87967,0.468486,0.174494,0.0260445,0
38.173605442,2.14877,0.258583,0.871116,0.199937,0.903489,0.00381307,0.00238707,2.02893,0.241341,0.144823,0,0.0570126
38.220045351,1.55069,0.240593,0.668873,0.0667545,0.93185,0.0303373,0.00527347,2.35585,0.0190847,0,0.0483052,0.539328
38.266485261,1.06179,0.217226,0.482534,0.0142976,0.92183,0.0460335,0.00500132,2.70275,0,0.00115279,0.131852,1.37085
38.312925170,1.43472,0.25215,0.423503,0.0459767,0.628606,0.0382955,0,2.73764,0.000704207,0.0654701,0.0726577,1.66996
38.359365079,1.53086,0.193887,0.370397,0.189698,0,0.121864,0.0127328,2.73596,0.00109291,0.0184186,0.135382,1.82461
38.405804989,0.744219,0.34162,0.395637,0.531236,0,0.169681,0.101627,2.89556,0.48329,0.469365,0.237791,1.34121
38.452244898,1.02929,0.432869,0.713854,0.574011,0,0.222775,0.0307854,2.89864,0.820108,0.909456,0.000261667,0.76867
38.498684807,0.728692,0.516881,1.08014,0.892223,0.0114473,0.238541,0,2.77349,0.73895,0.890028,0.00132666,0.54894
38.545124717,0.60838,0.521594,1.08107,0.97433,0.014568,0.0583602,0,2.64943,0.671747,0.712959,0.0563454,0.371033
38.591564626,0.866375,0.42262,1.05459,1.3268,0.0154411,0.0607998,0,2.27709,0.515638,0.440198,0.0614662,0.195489
38.638004535,0.932711,0.273259,0.537599,2.02532,0.0174909,0.0612924,0.00232619,2.32689,0.257495,0.343476,0.0432186,0.139504
38.684444444,0.585079,0.558163,0.46065,2.44432,0.0242594,0.08313,0.124468,3.00098,0.111959,0.244675,0.00866175,0.123626
38.730884354,0.986952,0.862251,0.519653,2.18583,0.0243767,0.158172,0.012803,2.91397,0.347254,0.248201,0.0127612,0.270976
38.777324263,1.23685,0.890585,0.722906,1.65616,0.0221205,0.434269,0,2.80526,0.479342,0.248966,0.060721,0.374222
38.823764172,1.53025,0.882234,0.66779,0.513384,0.932007,0.759047,0,2.62881,0.482473,0.309839,0.0729533,0.079319
38.870204082,1.80017,0.570398,0.616855,0.113393,1.32088,0.598397,0,1.93307,0.450763,0.331656,0.0582943,0.0803435
38.916643991,1.1713,0.324635,0.652558,0.337665,1.04094,0.363833,0,2.38857,0.746302,0.695145,0.00309015,0.19145
38.963083900,0.6756,0.466585,0.712547,1.36455,0.207765,0.0899688,0,3.17947,0.243096,0.902643,0.00374985,0.192228
39.009523810,0.583815,0.489986,0.939145,1.3576,0.150353,0.353862,0.0222298,3.15159,0.131719,0.680673,0.0691585,0.0349309
39.055963719,0.639238,0.43154,1.24023,1.08343,0.0395674,0.149998,0.0720544,2.83159,0,0.487119,0.482489,0.37127
39.102403628,0.906101,0.386449,0.947327,1.23999,0.0708999,0.190904,0.507124,2.36711,0,0.114065,0.574015,0.37817
39.148843537,1.01176,0.449027,0.628017,1.27726,0.0912305,0.244763,0.697284,2.13352,0.300472,0.0734656,0.406888,0.340611
39.195283447,0.824487,0.364536,0.358884,1.35328,0.0880816,0.291481,1.05033,1.86587,0.52533,0.177652,0.0874087,0
39.241723356,0.708842,0.23957,0.191645,1.75034,0.0739699,0.0642192,1.08892,1.83623,0.135245,0.159944,0,0.0336153
39.288163265,0.474078,0.190617,0.149147,1.16634,0.153252,0.221404,0.681005,2.08116,0.376984,0.182825,0.000437262,0.304576
39.334603175,0.501579,0.881898,0.268155,0.0991392,0.365453,0.186696,0.222367,1.94092,0.498906,0.298405,0.408614,0.768275
39.381043084,0.458696,1.14469,0.000189738,0.128395,0.302722,0.360581,0.265259,1.94379,0.460368,0.490213,0.44725,0.643847
39.427482993,0.331753,1.32761,0.00295266,0.593612,0.0193104,0.0342647,0.743746,1.31274,0.699584,0.328827,0.15755,0.380839
39.473922902,0.262506,1.77161,0.0599168,0.763448,0.0248139,0.445415,1.19208,1.23354,0.624714,0.0230576,0.0530146,0.622036
39.520362812,0.276361,1.59047,0.227613,0.78565,0,0.460227,1.15635,1.20553,0.437273,0,0.708373,0.735682
39.566802721,0.343025,1.30459,0.350754,0.656764,0,0.520139,1.21881,1.24582,0.379249,0,0.945717,0.814918
39.613242630,0.401492,1.46798,0.639149,0.190899,0.00500669,0.649295,1.39813,1.06881,0.416861,0.131965,0.877715,0.860059
39.659682540,0.911073,1.25369,1.26037,0.133716,0.00603709,0.256448,2.08564,1.25072,0.011075,0.16304,0.430514,0.33981
39.706122449,1.13613,1.24085,1.35864,0.39628,0.0592457,0.0207753,1.82876,0.790931,0.0162293,0.378433,0.29433,1.01197
39.752562358,0.985273,1.60925,0.420637,0.810118,0.0115156,0.51968,1.34665,0.790746,0.0368716,0.346685,0.00241564,1.18321
39.799002268,0.659621,1.62669,0.398788,0.936818,0.0974252,0.584619,1.24953,0.702994,0.121311,0.136262,0.117673,1.02931
39.845442177,0.134572,1.82552,0.340632,0.829983,0.322992,0.431188,1.16699,0.617104,0.33426,0.0994812,0.546359,0.849671
39.891882086,0.109013,1.95418,0.327861,1.1926,0.286585,0.259286,0.861731,0.221531,0.579087,0.0968384,0.707321,0.784247
39.938321995,0.0306333,1.61671,0.49473,0.93978,0.100405,0.531259,0.586089,0.488105,0.158775,0.276001,1.24928,0.467392
39.984761905,0.00073584,1.20145,0.780253,0.900113,0.000446447,0.757409,0.402912,0.582729,0.685041,0.38054,1.06189,0.778617
40.031201814,0.197418,0.962295,1.0355,0.882772,0.00603694,0.992178,0.120991,0.660631,0.758467,0.296806,1.10966,0.799348
40.077641723,0.272162,0.871494,0.820289,0.908887,0.0087642,1.74787,0,0.699911,0.64877,0.262249,1.19699,0.677794
40.124081633,0.268695,0.810002,0.31253,0.945228,0.00975496,2.13909,0,0.605545,0.561419,0.592933,1.28707,0.650901
40.170521542,0.223682,0.837075,0.192053,1.39089,0.0084808,1.64842,0,0.358586,0.427753,1.08829,1.34008,0.766115
40.216961451,0.690372,1.08513,0.449384,1.53782,0.110704,0.518885,0.226052,0.275622,0.419609,0.853083,0.662992,0.12056
40.263401361,0.913684,1.07783,0.768046,1.34543,0.0173373,0.193234,0.360819,0.565947,0.415111,0.780559,0.176779,0.0247538
40.309841270,0.655403,1.53541,0.756037,1.05036,0.182184,0.147616,0.321272,0.950985,0.0516009,0.456922,0.741076,0.104171
40.356281179,0.0605658,2.24068,1.38053,0.0822265,0.184899,0.458126,0.37916,0.99182,0.107632,0.456319,0.955493,0.347011
40.402721088,0.210282,1.94131,0.925254,0.0129926,0.101542,0.587506,0.46053,1.08207,0.298398,0.285531,0.982924,0.552833
40.449160998,0.101535,2.00269,0.446854,0.0308538,0.0384073,1.02477,0.481399,1.0913,0.565881,0.301992,0.424769,0.288406
40.495600907,0.0532837,2.23859,0.325213,0.0241145,0.0699973,1.33551,0.442069,0.992693,0.743022,0.247647,0.300062,0.101013
40.542040816,0.107219,1.74584,0.700359,0.00382778,0.00503687,1.22193,0.111314,0.915945,0.766189,0.451298,0.734804,0.407157
40.588480726,0.231353,1.44086,0.965618,0.00739001,0,1.15267,0.279846,0.649646,0.77782,0.38837,1.12182,0.303379
40.634920635,0.541769,1.25708,1.01568,0.0061364,0.00187841,0.929256,0.244921,1.26443,0.455907,0.428229,0.9872,0.244068
40.681360544,1.25603,1.19816,0.862621,0.00299322,0.0124185,0.37578,0.257795,1.07659,0.245649,0.476439,1.06868,0.447132
40.727800454,1.01438,1.11981,0.544992,0.128644,0.0231919,0.156418,0.562276,1.45355,0,0.878058,1.08824,0.719617
40.774240363,0.77544,1.18272,0.917182,0.190484,0.031169,0.550347,0.452347,1.34825,0,0.642698,1.08708,0.712125
40.820680272,0.382558,1.29506,1.0689,0.231738,0.101373,0.59919,0.337342,0.881158,0.0329996,0.390811,1.42721,0.638504
40.867120181,0.166348,1.39269,0.942276,0.208718,0.197766,0.51485,0.234411,0.790016,0.0662437,0.26689,1.43217,0.595533
40.913560091,0.18606,1.30777,0.630124,0.0253106,0.0350642,0.773053,0.231405,1.47267,0.409883,0.0141519,0.703899,0.502447
40.960000000,0.18349,1.17262,0.821465,0.235658,0.0364189,0.840925,0.280272,1.96859,0.225048,0.00879685,0.496053,0.317751
41.006439909,0.0971058,1.2572,0.778551,0.119673,0.0325608,0.709728,0.145037,2.50063,0.518886,0.0371767,0.782092,0.323817
41.052879819,0.29044,1.10528,0.745475,0.169305,0.0261489,0.686243,0,2.49549,0.559319,0.00269019,1.15053,0.312855
41.099319728,0.441659,0.898306,0.573202,0.441009,0.0197573,0.765831,0.112382,2.36701,0.50294,0.0144331,1.3282,0.277017
41.145759637,0.562312,0.318693,0.532867,0.990895,0.0160263,0.750442,1.37025,1.49232,0.389831,0.421241,0.946028,0.202594
41.192199546,1.06978,0.359423,0.403147,1.10539,0.0100568,0.502413,1.34649,1.47811,0.316741,0.725795,0.489658,0.126107
41.238639456,1.2175,0.387688,0.328192,1.01816,0.000282984,0.687368,1.45523,0.900561,0.273556,0.928684,0,0.119917
41.285079365,1.03156,0.205572,0.276236,0.59229,0,0.86493,1.8039,0.512124,0.0397863,1.0743,0,0.143905
41.331519274,0.474084,0.901535,0.726462,0.0519136,0.0147019,0.449538,1.31221,1.18578,0.460764,1.22912,0.370593,0.764944
41.377959184,0.372595,1.3125,0.686578,0.0878591,0.308611,0.496809,0.306281,1.33756,0.482986,1.35085,0.792825,0.541799
41.424399093,0.202549,1.43167,0.3151,0.212877,0.124552,0.548577,0.194122,1.44512,0.385751,1.25901,0.675344,0.468217
41.470839002,0.0341079,1.29252,0.0025406,0.697159,0.00836131,1.02174,0.473257,1.7351,0.638519,1.10216,0.126545,0.141944
41.517278912,0.25842,1.87232,0.00488693,0.962621,0.0565712,1.54966,0.512166,1.37684,0.493917,0.119673,0.417278,0.342906
41.563718821,0.60552,1.45309,0.244755,0.74054,0.0304085,2.0061,0.171061,1.32165,0.278114,0,0.926202,0.343274
41.610158730,0.754942,1.38411,0.288744,0.561448,0.11504,2.16294,0.00116882,0.943022,0.170457,0,0.698113,0.477688
41.656598639,0.734757,0.880486,0.379611,0.0771758,0.11106,2.33753,0,0.905024,0.11695,0.218268,0.428157,0.62053
41.703038549,1.00606,0.762641,0.708931,0.168753,0.00702022,2.15679,0.340915,0.903238,0.0220894,0.459163,0.491081,0.332423
41.749478458,1.05588,0.959924,0.776207,0.451195,0.00943637,1.9963,0.57619,0.576076,0.0437327,0.433992,0.499727,0.800468
41.795918367,0.905568,1.33782,0.524109,0.66526,0.0176188,1.6589,0.57076,1.15735,0.100383,0.0955269,0.338269,0.823251
41.842358277,0.725965,1.26211,0.617532,0.613914,0.23135,1.26282,0.533838,1.50705,0.236345,0.121203,0.689388,0.597802
41.888798186,0.819812,1.43481,0.540833,0.650594,0.246602,0.823178,0.0676095,1.7281,0.475683,0.102865,0.926296,0.670495
41.935238095,0.808016,1.42578,0.502221,1.04617,0.00946095,0.865453,0.0336174,1.65592,0.636888,0.143292,0.857634,0.837048
41.981678005,0.259415,1.37713,0.24685,1.05017,0.0241881,1.17399,0.00638728,2.34484,0.145218,0.311952,0.933086,0.633038
42.028117914,0.395536,1.21312,0.300372,1.3469,0.0165006,0.861409,0.01364,2.21979,0.424404,0.238534,0.662408,0.795675
42.074557823,0.523223,1.17586,0.413786,1.30766,0.0279055,0.621182,0.0251847,1.23152,1.63435,0.176966,0.0423317,0.69698
42.120997732,0.545986,1.05872,0.471407,1.13409,0.0557278,0.637943,0.036616,0.938884,2.3157,0.148616,0.0281933,0.518102
42.167437642,0.508177,0.880197,0.522578,1.06527,0.0619919,0.770046,0.0488647,0.479407,2.47075,0.187212,0.0176049,0.581763
42.213877551,0.384391,0.845573,0.636924,1.39101,0.00947134,0.59114,0.0612872,0.300563,2.54452,0.377898,0.0401141,0.836986
42.260317460,0.693884,1.00009,0.819155,1.27974,0.00127624,0.75227,0.112998,0.180159,2.63642,0.278799,0.0907103,0.123927
42.306757370,0.320645,0.897613,1.2976,0.879775,0.00462521,1.29195,0.0837659,0.0326863,2.52332,0.0908501,0.058353,0.039127
42.353197279,0.191295,1.05093,1.49387,0.597614,0.204091,1.68346,0.0758743,0,1.5287,0.017788,0.500254,0.272573
42.399637188,0.0368453,1.91896,1.33153,0.0684071,0.274607,1.77697,0.38964,0,0.342378,0.825432,0.829282,0.37623
42.446077098,0,1.87696,1.23964,0.0140192,0.0882581,1.91057,0.338653,0.331419,0.43164,0.913324,0.742308,0.393741
42.492517007,0.0474342,1.91508,1.35614,0.0394214,0,2.26672,0.361554,0.16893,0.743671,1.01799,0.0630212,0.0717611
42.538956916,0.0418305,1.65007,0.666966,0.00168044,0,2.05477,0.143383,0.152674,0.876307,1.22133,0.0819204,0.291815
42.585396825,0.132625,1.37886,0.0838424,0.0157955,0,1.87735,0.116181,0.448143,0.960576,0.79163,0.373626,0.984012
42.631836735,0.225926,1.56375,0.0845382,0.717724,0,1.66631,0.0497702,0.59615,0.872852,0.488211,0.794953,0.565264
42.678276644,0.661303,1.56208,0.116022,1.83521,0.020045,1.1647,0,0.956122,0.392912,0.623149,0.545176,0.246728
42.724716553,0.904354,1.48359,0.0881528,2.11065,0.0522894,1.03355,0.114787,0.844352,0.23281,0.414462,0.440857,0.0905861
42.771156463,1.0327,1.35164,0.00199247,2.44302,0.103816,0.943902,0.34381,0.785785,0,0.521586,0.404865,0.013221
42.817596372,0.701461,1.25887,0.215905,1.69988,0.128226,1.11263,0.308449,0.847719,0,0.301164,0.817025,0.199509
42.864036281,0.431804,1.4718,0.702608,1.08161,0.24586,1.15473,0.270784,0.616878,0.0663328,0.167979,0.854413,0.167067
42.910476190,0.399515,1.63648,1.08069,0.734764,0.168545,1.14644,0.153667,0.326177,0.467454,0.102224,0.677792,0.281674
42.956916100,0.352498,1.53166,0.835833,0.495602,0.0444439,1.90526,0.0315751,0.383747,0.352768,0.293699,0.593772,0.297324
43.003356009,0.19426,1.24401,0.538936,0.134662,0.0360777,1.94308,0.155633,0.839478,0.357489,0.402554,0.479077,0.00533007
43.049795918,0.136294,1.44854,0.438725,0.122046,0.0116833,2.00074,0.0309049,1.12679,0.307895,0.575879,0.683035,0.317283
43.096235828,0.296687,1.65469,0.687308,0.069075,0.0187118,1.97326,0.000822481,1.23473,0.310554,0.519614,0.817161,0.407373
43.142675737,0.246438,1.32717,1.25747,0.00563434,0.0172377,2.01569,0,1.22705,0.366984,0.487422,0.464236,0.276924
43.189115646,0.521132,0.708992,0.832375,0.688949,0.0162096,1.41641,0.00560244,0.957178,0.691554,0.0507515,0.11267,0.204395
43.235555556,0.635111,0.554329,0.712002,0.705814,0.0104528,1.14703,0.0060376,1.32418,0.567393,0.00897826,0.030255,0.122309
43.281995465,0.925297,0.335222,0.540799,0.602942,0.00174449,0.916633,0.313631,1.92156,0.518196,0.00800372,0,0.000598575
43.328435374,0.682709,0.0707282,0.353539,0.221962,0.0227601,0.351059,0.158899,2.91882,0.3186,0.0401621,0,0.0588207
43.374875283,0.79005,0.357814,0.941213,0.107901,0.00968756,0.533044,0.00337632,3.03735,0.413252,0.248855,0.304161,0.253105
43.421315193,0.511189,0.795195,1.05255,0.12433,0.129292,1.17106,0.0191523,2.82848,0.463786,0.249933,0.581602,0.267624
43.467755102,0.363523,1.22567,0.460476,0.188607,0.0320631,1.33937,0.0240204,2.19125,0.437399,0.833862,0.618349,0.215805
43.514195011,0.169981,1.60224,0.345239,0.745412,0.00214624,1.21051,0.309682,1.59499,0.742401,0.712063,0.127906,0.121158
43.560634921,0.233655,1.83611,0.203532,0.852948,0.0687689,1.532,0.19715,1.5907,0.530969,0.317576,0.284887,0.323069
43.607074830,0.458588,1.69835,0.00734948,0.743479,0,1.57589,0.724016,0.796317,0.485549,0.23715,0.461049,0.46801
43.653514739,0.424481,1.84711,0.0670426,0.452516,0.0029787,1.46424,1.07194,0.717774,0.475497,0.546644,0.337822,0.540518
43.699954649,0.289006,1.81585,0.529854,0.00152467,0.00971019,0.937643,1.04452,0.90757,0.495437,0.500291,0.445328,0.567157
43.746394558,0.672206,1.03359,1.2883,0.37765,0.0633102,0,1.95227,0.744886,0.00160904,0.327621,0.536407,0.619215
43.792834467,0.561511,1.49882,0.929443,0.634732,0.0127011,0.338695,1.4394,0.578327,0.0223622,0.108986,0.435902,0.99834
43.839274376,0.580959,1.78385,0.60612,1.04302,0.0151008,0.72772,0.995292,0.4995,0.0478197,0.154902,0.263189,1.06444
43.885714286,0.0327897,2.04898,0.493278,0.889491,0.242501,0.66341,0.641784,0.343973,0.182095,0.66098,0.403548,0.810843
43.932154195,0,2.05124,0.378238,0.673912,0.28396,0.837498,0.119479,0.138908,0.352786,0.687596,1.33977,0.509388
43.978594104,0,1.66305,0.363119,0.736909,0.0118502,0.924465,0.0337388,0.14769,0.696879,0.639566,1.75221,0.472448
44.025034014,0.124492,1.45237,0.321588,0.681833,0.0179639,1.13454,0,0.595477,0.365808,0.687258,1.76917,0.165798
44.071473923,0.14118,1.19731,0.527114,0.620026,0.0172847,1.18509,0,0.806719,0.574722,0.527288,1.35772,0.328175
44.117913832,0.310706,1.15844,0.598616,0.713449,0.0495948,1.118,0,0.685036,0.575497,0.856099,0.886094,0.341205
44.164353741,0.406979,1.11735,0.489285,0.83114,0.0635063,1.31703,0,0.625812,0.487164,1.05279,0.928363,0.369723
44.210793651,0.331315,0.736297,0.31608,0.986959,0.0949341,1.29546,0,0.576722,0.403866,0.675378,2.26555,0.435112
44.257233560,0.225029,0.687432,0.706014,1.48379,0.00769287,1.10367,0,0.170397,0.454717,0.180261,2.41419,0.605588
44.303673469,0.681804,0.830828,0.751105,1.24482,0,1.17522,0.00145997,0.18072,0.356926,0.0673504,2.3246,0.107507
44.350113379,0.548462,0.941521,0.762777,0.955464,0.108616,1.24376,0.0303384,0.0411497,0.129606,0.277997,1.68315,0.0367942
44.396553288,0.122548,1.40218,1.40619,0.295715,0.213083,0.762871,0.107283,0.103572,0.16789,0.908864,1.68202,0.256158
44.442993197,0.0620436,1.64104,1.46242,0.0593383,0.282084,0.611479,0.417956,0.141353,0.480604,0.802545,0.981922,0.260395
44.489433107,0.043664,1.52877,1.08568,0.0840756,0.0590963,0.586574,0.402668,0.474037,0.848751,0.765227,0.610755,0.419868
44.535873016,0.10193,2.0638,0.539133,0.0983033,0,1.10873,0.575976,0.2796,0.537952,1.05782,0.109073,0.237826
44.582312925,0.0877553,1.87979,0.415821,0.00401248,0,1.32685,0.278473,0.528417,0.675531,0.64406,0.687824,0.25708
44.628752834,0.19387,1.78925,0.362452,0.00818629,0.0451328,1.38154,0.0800908,0.651184,0.692326,0.741537,0.813836,0.428451
44.675192744,0.245591,1.50087,0.199561,0.0105893,0.14686,1.63458,0.0413463,0.777656,0.709667,0.981586,0.530379,0.257997
44.721632653,0.82919,1.38353,0.138378,0.269512,0.0068955,1.44507,0.0221448,1.06892,0.303646,1.08818,0.383465,0.170604
44.768072562,1.22091,1.20256,0.086427,0.111589,0.017504,0.907812,0.100062,0.98855,0.109209,0.972222,0.974904,0.66946
44.814512472,0.976319,1.22343,0.38857,0.189108,0.0278385,0.898891,0.0954564,1.1767,0.140443,0.854947,1.44094,0.733758
44.860952381,0.682546,1.15341,0.92018,0.171831,0.0926474,1.07144,0.118878,0.991679,0,0.148404,1.85445,0.774203
44.907392290,0.182328,1.52367,0.932823,0.19744,0.238172,1.16962,0.114278,0.537795,0,0.0399458,1.82109,0.838169
44.953832200,0.141466,1.76145,0.585419,0.148036,0.0652754,1.33504,0.11461,0.660861,0.0268968,0.0801898,1.45946,0.831606
45.000272109,0.215028,1.41523,0.391749,0.00171195,0.0349806,1.57326,0.0622673,1.18889,0.241222,0.0126166,1.20089,0.295468
45.046712018,0.170473,1.06416,0.788969,0.360213,0.0339545,1.2683,0.145044,1.79543,0.471601,0,0.772568,0.128474
45.093151927,0.21077,1.08154,0.854857,0.377083,0.0279297,0.898211,0.0960045,2.34141,0.563866,0.00784705,0.784918,0.243794
45.139591837,0.359125,1.079,0.781567,0.372544,0.0212189,1.0081,0.027031,2.37123,0.603907,0,0.96443,0.334642
45.186031746,0.437883,0.77353,0.504841,0.707416,0.0190003,1.31156,1.00854,1.77259,0.411266,0.277432,0.6688,0.292125
45.232471655,0.6955,0.54484,0.166818,0.869302,0.0159392,1.43227,1.34348,1.41994,0.599626,0.490436,0.259616,0.0927336
45.278911565,1.53554,0.44278,0.0523592,0.504974,0.00702393,1.75248,1.25363,1.11161,0.860295,0.372789,0.0268477,0.159462
45.325351474,1.87024,0.470745,0.00129027,0.00763956,0,2.13948,1.35784,0.547797,0.658402,0.00881727,0,0.199502
45.371791383,1.39779,0.729678,0.474406,0.0105176,0,2.1491,1.17166,0.439362,0.297806,0.393155,0.228041,0.497745
45.418231293,1.41121,1.2273,0.492798,0.0714016,0.280201,1.45831,0.0308937,1.12073,0.455845,1.24105,0.61845,0.504285
45.464671202,0.511361,1.35386,0.399681,0.213715,0.544954,1.20097,0.0451144,1.24502,0.442046,1.19884,0.872909,0.313212
45.511111111,0.323893,1.12443,0.0019017,0.367563,0.217613,1.25388,0.380647,1.08651,0.509784,1.14238,0.583089,0.222414
45.557551020,0.330233,1.21026,0.00444364,0.670383,0.419918,1.8229,0.36818,0.732845,0.750258,0.934946,0.0664817,0.350064
45.603990930,0.665992,1.13977,0.0327939,0.533473,0.885028,1.72481,0.320032,0.856209,0.568942,0.150294,0.32033,0.572591
45.650430839,0.627267,1.1654,0.267024,0.426112,0.466492,2.55202,0.126916,0.81061,0.367516,0.114045,0.536427,0.629799
45.696870748,0.679473,1.1185,0.295277,0.121248,0.0131565,2.94756,0.00189752,0.679506,0.269822,0.169094,0.462992,0.556396
45.743310658,0.795582,0.769252,0.712591,0,0.0124568,3.07807,0,0.7713,0.0799766,0.277618,0.259482,0.379089
45.789750567,1.07457,0.61206,0.772649,0.260086,0.111769,2.70406,0.335102,0.664132,0.215852,0.397322,0.397244,0.754075
45.836190476,1.0452,0.523,0.288881,0.607792,0.0287286,2.22068,1.00102,0.537072,0.206104,0.257651,0.359577,0.859573
45.882630385,0.90517,0.785919,0.421768,0.841909,0.0475756,1.90619,0.890171,0.628959,0.0721278,0.108024,0.588498,0.846487
45.929070295,0.504021,0.844338,0.694827,0.806488,0.33642,1.06586,0.51083,1.78788,0.167808,0.0964054,0.785466,0.666053
45.975510204,0.0988965,1.10205,0.662148,1.00841,0.375885,0.372493,0.0674927,2.29407,0.277889,0.0952547,0.702638,0.737451
46.021950113,0.116623,1.33016,0.591252,1.15341,0.0719618,0.441728,0.0220283,2.30209,0.278273,0.128427,0.723988,0.747692
46.068390023,0.161238,1.1063,0.576269,1.13452,0.110236,0.972476,0.022847,2.34189,0.329641,0.417818,0.437888,0.745671
46.114829932,0.39504,0.966798,0.949148,1.02674,0.0682021,0.990292,0,2.19975,0.630001,0.449952,0.509989,0.871546
46.161269841,0.322252,1.04415,0.70059,1.00629,0.0169481,1.14895,0,2.01155,0.824916,0.45107,0.777769,0.741497
46.207709751,0.291079,1.16001,0.532972,0.812383,0.0135013,1.70009,0,0.939524,0.948621,0.900914,0.572196,0.489257
46.254149660,0.255945,0.813458,0.110601,0.668991,0.0128172,2.33395,0.00557832,0.75279,0.712567,1.27879,0.270876,0.582357
46.300589569,0.449936,0.844112,0.0942615,0.932489,0.00651334,2.90065,0.00602797,0.643303,0.367706,0.95073,0.157643,0.191261
46.347029478,1.14896,0.891527,0.218359,0.802744,0,3.12625,0,0.48372,0.520923,0.234391,0.273653,0.0468511
46.393469388,1.28687,0.821353,0.273506,0.864893,0.111389,3.20884,0.0390197,0.403275,0.530755,0.158081,0.278153,0
46.439909297,0.60983,1.08036,0.187231,0.24574,0.0726866,2.51096,0.238168,0.588439,0.182636,0.0135553,0.868084,0.196136
46.486349206,0.91988,0.977763,0.559323,0.139846,0.192613,1.75688,0.687816,1.01814,0.0254029,0.00854743,1.11191,0.193305
46.532789116,0.480662,1.09277,0.658888,0.0845552,0.00193137,0.864528,1.12243,2.24752,0.10925,0.00436198,0.96314,0.199022
46.579229025,0.000491001,1.99526,0.781815,0.0566259,0.0640357,0.611196,0.639587,2.94714,0.187527,0.0342691,0.266914,0.11388
46.625668934,0.0505351,1.65031,0.769223,0.0535894,0.0648083,1.03059,0.336552,2.99277,0.271959,0.0519907,0.652883,0.217887
46.672108844,0.158182,1.68622,0.595523,0.0038181,0.0352366,1.41435,0.0364487,2.54687,0.35462,0.197556,1.10819,0.381218
46.718548753,0.270137,1.44995,0.590938,0.00736406,0,1.75101,0.0875007,1.65426,0.384623,0.654459,1.03176,0.200251
46.764988662,1.03215,1.18691,0.273717,0.00631667,0.00596333,2.13486,0.17957,0.743578,0.27318,1.11162,0.580301,0.0781793
46.811428571,1.7524,1.22649,0.277069,0.31696,0.0184078,2.37244,0.206756,0.480158,0.0681988,1.1771,0.0973256,0.0709202
46.857868481,1.32739,1.61349,0.134044,0.391811,0.0285603,2.508,0.23345,0.475192,0,0.797629,0.155364,0.154187
46.904308390,0.657272,1.56318,0.130455,0.417275,0.0748674,2.54095,0.243751,0.481011,0,0.448809,0.709397,0.383241
46.950748299,0.483015,1.79973,0.181731,0.317639,0.243408,2.22272,0.251772,0.493069,0.0326953,0.107153,0.485596,0.190411
46.997188209,0.599954,1.79577,0.232765,0.163479,0.0459499,1.67074,0.216484,1.33576,0,0.0104275,0.198008,0.245441
47.043628118,0.536822,1.86599,0.701212,0.0466917,0.0379528,0.597987,0.222881,2.47246,0.0016338,0.0171562,0,0.136009
47.090068027,0.186782,1.28944,1.45012,0.00630627,0.0485708,0.240022,0.0500715,2.95078,0.258119,0.0979577,0.00347569,0.070099
47.136507937,0.13051,1.22405,1.84434,0.000547697,0.0158717,0.395972,0.0125958,2.6375,0.43999,0.343565,0.0475443,0.362483
47.182947846,0.207522,1.13909,1.80481,0.00207045,0.0182405,0.691399,0,2.549,0.363747,0.452212,0.26736,0.319658
47.229387755,0.222828,0.983497,1.31696,0.298923,0.0174854,1.05336,0.801704,2.23469,0.421808,0.276463,0.4866,0.163093
47.275827664,0.462756,0.536503,0.416059,0.67058,1.07501,0.925826,1.08622,1.71105,0.410763,0.664711,0.135378,0.171991
47.322267574,0.371465,0.464178,0.198206,0.337122,1.13591,1.04685,0.681161,1.54416,0.456758,0.737685,0.000143332,0.053687
47.368707483,0.791068,0.235185,0.384147,0.284645,1.01671,1.4249,0.196108,1.09279,0.448855,0.0470888,0.000650799,0.0173581
47.415147392,0.818784,0.533925,0.0716431,1.40193,0.29629,1.75876,0.0159537,0.794523,0.629496,0.402092,0.000112646,0.0257412
47.461587302,0.549855,1.15718,0.00188555,1.60519,0.163376,0.905605,0.000584201,0.846504,0.519603,1.46393,0.341775,0.175172
47.508027211,0.401553,1.09276,0.000546731,1.70422,0.422244,0.899263,0.00611296,1.04746,0.64741,1.32027,0.466241,0.159781
47.554467120,0.395714,1.11288,0.000660483,2.1089,0.113817,0.638122,0.0121745,0.986768,0.857152,1.17863,0.217751,0.155477
47.600907029,0.201021,1.49157,0.0555797,2.47232,0.00830132,0.847333,0.227231,1.28318,0.72784,0.313474,0.0694254,0.125209
47.647346939,0.310218,1.65401,0.108678,1.79532,0,1.4028,0.155717,1.45253,0.392256,0.269822,0.30446,0.276807
47.693786848,0.388234,1.54985,0.396747,1.0362,0,1.51708,0.0532307,1.37253,0.29628,0.11757,0.802361,0.203735
47.740226757,0.371846,1.54409,0.351125,0.677345,0.00669976,1.60724,0.0159589,0.966904,0.251399,0.591866,0.513016,0.263341
47.786666667,0.38516,1.22653,1.0509,0.114348,0.0106664,1.4934,0.0301987,0.958714,0.217501,0.603186,0.232429,0.485035
47.833106576,1.00168,1.45067,1.37532,0.364501,0.055348,1.32939,0.213756,0.886955,0.224032,0.533038,0.362799,0.964786
47.879546485,0.984091,2.00156,0.664347,0.667746,0.0128522,1.59581,0.313175,0.757533,0.182966,0.148044,0.240759,0.998106
47.925986395,0.703402,2.08658,0.472369,0.921426,0.0156426,1.63797,0.37031,0.635073,0.0791524,0.118518,0.327558,0.901035
47.972426304,0.221801,2.01778,0.456046,0.830826,0.361785,1.56346,0.42679,0.415486,0.272374,0.0914869,0.498916,0.619528
48.018866213,0.280399,2.19539,0.351037,1.16597,0.332864,1.15758,0.314252,0.176411,0.47393,0.107684,0.586121,0.584792
48.065306122,0.116904,1.53499,0.176284,0.966331,0.182394,1.16615,0.0335453,0.636802,0.523633,0.36958,1.32248,0.533078
48.111746032,0.175236,1.23086,0.256946,1.08044,0.071272,1.0303,0,1.65881,0.604518,0.508543,0.978602,0.817789
48.158185941,0.266723,1.05621,0.541356,0.990709,0.0316231,0.893303,0,1.84903,0.712376,0.473167,0.823933,0.829487
48.204625850,0.280716,1.0062,0.626209,0.995414,0.0382871,1.16703,0.0018973,1.6128,0.570329,0.437414,0.908594,0.733444
48.251065760,0.276117,1.17767,0.479149,0.901866,0.0130826,1.91556,0.00618898,0.944663,0.402627,0.403663,1.31661,0.538347
48.297505669,0.248975,1.15471,0.173967,1.25897,0.0202896,1.72031,0.00419955,0.701275,0.455616,1.32103,1.0778,0.476011
48.343945578,0.707673,0.963443,0.603113,1.29341,0.613177,0.927249,0.172155,0.260587,0.775848,1.35694,0.144593,0.121651
48.390385488,0.72432,0.864523,0.694852,0.75676,0.57381,0.373314,0.264149,0.311942,0.92469,2.10184,0.115631,0.105036
48.436825397,0.55361,1.05938,0.669572,0.71449,0.816414,0.0701323,0.17104,0.066124,0.122582,2.1884,0.563312,0.043301
48.483265306,0.0618394,1.61746,1.43372,0.109663,0.8403,0.0457945,0.121728,0.0742163,0.0569983,1.82577,0.894797,0.205525
48.529705215,0.0340832,1.63526,1.25559,0.0839532,0.765879,0.0610242,0.334912,0.293093,0.0701319,1.57185,0.887502,0.332256
48.576145125,0.0240572,1.74026,0.873175,0.110861,0.261712,0.739994,0.343927,0.472628,0.392069,1.20303,0.420056,0.354122
48.622585034,0.11365,2.21198,0.387986,0.00813317,0,1.49898,0.432765,0.322123,0.558833,1.09169,0.428227,0.0989409
48.669024943,0.298953,1.70361,0.0326151,0.0152405,0.11787,1.21805,0.109384,0.60521,0.927312,0.736566,0.865194,0.312965
48.715464853,0.418256,1.56043,0.0600718,0.208606,0.0161289,0.625212,0.000882795,1.21469,1.29201,0.507031,0.910569,0.452195
48.761904762,0.5529,1.26486,0.189882,0.266264,0.00557065,0.277507,0,2.40765,0.831117,0.198235,0.688239,0.411722
48.808344671,1.32471,1.0895,0.253494,0.334552,0.0134119,0,0.0276444,2.40592,0.219835,0.197985,0.320559,0.356913
48.854784580,1.26157,1.16946,0.0177558,0.238187,0.0513122,0.0101245,0.0428255,2.26623,0.021804,0.547468,0.546899,0.911637
48.901224490,0.921846,1.43003,0.249038,0.0542026,0.367659,0.40295,0.183217,1.80481,0,0.906035,0.580799,0.781295
48.947664399,0.680984,1.41118,0.257782,0.0487685,0.479116,0.450073,0.224678,1.17563,0,1.05362,0.62071,0.83328
48.994104308,0.163671,1.37227,0,0.558188,0.592576,0.187714,0.812802,1.38812,0,0.728884,0.684499,1.08341
49.040544218,0.422814,1.29035,0,1.22188,0.287044,0.0493021,1.80252,0.76948,0.00752488,0.215616,0.435443,1.00103
49.086984127,0.176803,1.31248,0.0847366,1.62727,0.045892,0.0866114,1.82948,0.859948,0.433695,0.115665,0.319621,0.331522
49.133424036,0.0870912,1.07258,0.231206,1.53658,0.0236785,0.136683,0.503974,1.83024,1.02173,0.0447939,0.184739,0.160998
49.179863946,0.229609,0.886778,0.120331,1.56461,0.0225134,0.194906,0.0424599,2.32193,1.00479,0.0172385,0.291601,0.507089
49.226303855,0.385562,0.492723,0.299369,1.55821,0.0196561,0.095205,0.00815556,2.26563,0.850603,0.00195599,0.566045,0.556716
49.272743764,0.653784,0.289787,0.648812,1.12343,0.0233807,0.0740125,1.05088,1.60645,0.331576,0.259762,0.653271,0.226626
49.319183673,1.02115,0.262797,0.613952,0.802901,0.0127609,0.0981979,1.14648,1.46057,0.329269,0.915153,0.28045,0.121206
49.365623583,1.05831,0.277499,0.885057,0.538195,0.0190376,0.100202,1.10569,0.93324,0.547289,0.932401,0,0.169182
49.412063492,1.35039,0.0773673,1.34855,0.394619,0.139487,0.607351,1.12007,0.718153,0.355576,0.290976,0.114586,0.31592
49.458503401,1.19411,0.367186,1.85363,0.0586067,0.133843,0.652381,0.867939,0.644911,0.774172,0.713901,0.807917,0.208551
49.504943311,0.262364,1.57283,1.5398,0.0944861,0.0839918,0.627839,0.0446505,1.51796,0.54869,1.03531,1.23095,0.0639401
49.551383220,0.132965,1.59989,1.12645,0.143903,0.110431,0.466176,0.124988,1.34452,0.562762,0.980398,0.869405,0.109002
49.597823129,0.00439848,1.09238,0.779011,0.418863,0.0356968,0.358249,0.563128,1.39527,0.767988,1.04301,0.199496,0.0436948
49.644263039,0.211447,0.979313,1.07441,0.662519,0.0227756,0.666485,0.323732,1.12805,0.662712,0.737033,0.0461323,0.182606
49.690702948,0.363017,0.653411,1.48008,0.729739,0,0.584792,0.114616,1.30366,0.523229,0,0.518676,0.377429
49.737142857,0.430466,0.542658,1.77006,0.723474,0,0.599365,0.0986635,1.28505,0.480973,0.00119753,0.940247,0.28584
49.783582766,0.428809,0.826863,1.65192,0.624907,0.00310494,0.56283,0,0.947935,0.392847,0.388634,0.946798,0.122546
49.830022676,0.341866,1.45341,1.33504,0.395814,0.012632,0.356826,0.0272933,0.904368,0.0218603,0.597254,0.828264,0.109322
49.876462585,0.127201,1.56732,1.13344,0.491958,0.193838,0,0.267442,0.723229,0.447083,0.836651,0.548807,0.482197
49.922902494,0.106095,1.3856,0.966578,1.32036,0.0245662,0,0.266202,0.7611,0.653321,0.0963944,1.17483,0.840567
49.969342404,0.176431,1.10696,0.687598,1.9306,0.193672,0.00862553,0.095014,0.645539,0.402958,0.122682,1.69098,0.708313
50.015782313,0.0385655,0.866352,0.622469,1.77565,0.811817,0.158316,0.0429499,0.381581,0.510361,0.0921493,1.9142,0.605957
50.062222222,0.0528425,1.01486,0.70334,1.69742,0.982922,0.291514,0.0364926,0.179896,0.98359,0.146946,1.87109,0.767525
50.108662132,0.0611245,1.23278,0.465341,1.6721,0.425591,0.222156,0.0595495,0.422389,0.786726,0.340775,1.7798,0.43565
50.155102041,0.0352578,1.16247,0.201878,1.83162,0,0.393245,0.148297,0.701442,0.719063,0.765585,0.992168,0.569308
50.201541950,0.202829,1.00358,0.376853,1.30824,0.00314594,0.433926,0.339499,0.630714,0.591317,1.4192,0.176987,0.527579
50.247981859,0.307439,1.07196,1.20149,0.921749,0.00837538,0.333194,0.373221,0.538919,0.625162,1.29066,0.100074,0.517974
50.294421769,0.292103,0.974434,2.24895,0.750293,0.00884546,0.104559,0.32997,0.551333,0.61181,1.02277,0.151188,0.404174
50.340861678,0.242192,1.02819,2.19119,1.04072,0.00666747,0.00183266,0.399749,0.399826,0.409401,1.07024,0.308043,0.0826053
50.387301587,0.148161,1.03488,1.64981,1.22489,0.00284515,0,0.531612,0.256577,0.324516,0.95446,0.200432,0.0885804
50.433741497,0.0466622,0.764827,1.39291,1.68578,0,0,0.53699,0.0828416,0.252769,0.841938,0.229031,0.111754
50.480181406,0.0685237,0.41915,0.828165,2.05345,0.11938,0.00197908,0.614497,0.226729,0.0501675,0.730932,0.919893,0.119744
50.526621315,0.0801488,1.24297,0.414835,1.80218,0.101808,0.0413657,0.286086,0.285493,0.513275,0.697746,1.21327,0.217585
50.573061224,0.460244,1.41316,0.248115,1.83462,0.109318,0.0811268,0.420061,0.509568,0.356224,0.62041,1.02451,0.376265
50.619501134,0.151144,1.53521,0.906813,1.51363,0.0114057,0.314974,0.458825,0.613467,0.604246,0.617003,0.324096,0.123233
50.665941043,0.0536178,1.89459,1.38687,0.457762,0,0.619009,0.349425,0.618444,0.970757,0.577572,0.269379,0.0432975
50.712380952,0.157642,1.20855,1.60222,0.000489087,0,1.08661,0.195943,0.646309,1.0333,1.0872,0.208517,0.443668
50.758820862,0.32712,0.71095,2.35784,0.0018927,0,0.819423,0.190539,0.938113,1.0105,0.861811,0.234254,0.385129
50.805260771,0.646879,0.67456,2.33159,0.000845983,0.00572542,0.356049,0.0604558,1.88428,0.394826,0.637107,0.329196,0.159316
50.851700680,1.186,0.885922,1.9811,0.131996,0.014557,0.0248785,0,1.8897,0.216834,0.392494,0.256862,0.076276
50.898140590,1.19634,0.769462,1.5758,0.674127,0.0250028,0.118436,0.499303,1.35783,0.000361531,0.120323,1.04359,0.0308653
50.944580499,0.89092,1.09972,1.06014,0.835146,0.0468282,0.380335,0.393984,1.14674,0,0.0372828,1.4211,0.264024
50.991020408,0.516953,1.28209,0.944257,1.27168,0.102049,0.534862,0.332743,0.62974,0.052676,0.000333214,1.21881,0.435426
51.037460317,0.684496,1.81303,0.122769,1.52357,0.109692,0.179019,0.38982,0.51063,0,0.0467372,1.1004,0.305102
51.083900227,0.640103,2.04288,0.00840956,0.993251,0.0645228,0.0835115,0.44539,0.701442,0.00597323,0.168196,0.981218,0.261018
51.130340136,0.330247,2.01601,0.0508336,0.555023,0.466655,0.116204,0.660804,1.06752,0.00438085,0.197684,0.816271,0
51.176780045,0.213761,2.08683,0.147664,0.470866,0.447754,0.0603194,0.611833,1.95003,0.392522,0.197075,0.826108,0.0378296
51.223219955,1.12474,1.7324,0.222334,0.517232,0.166944,0.0715824,0.36346,2.314,0.575246,0.113166,0.722638,0.0592444
51.269659864,1.71468,0.816071,0.288601,0.591417,0.019457,0.0903588,0.786495,1.97325,0.574625,0.121456,0.19562,0.0623604
51.316099773,2.11775,0.433171,0.252523,0.599922,0.0773673,0.0441542,1.26972,1.69235,0.425288,0.350026,0.0816392,0.0926123
51.362539683,2.27923,0.484616,0.106484,0.589351,0.113888,0.00685709,1.20663,1.71217,0.38303,0.600286,0.0492731,0.135438
51.408979592,2.50562,0.406647,0.00120184,0.538064,0,0.0420078,1.27212,1.28825,0.351191,0.662448,0,0.123958
51.455419501,2.46988,0.245049,0.00227142,0.402193,0.0398119,0.0885801,1.40095,1.29839,0.0204415,0.19174,0.541124,0.10099
51.501859410,1.89526,0.854443,0.510175,0.0972722,0.149222,0.0693263,0.649822,1.84645,0.378872,0.562123,1.43996,0.0381235
51.548299320,0.917929,1.19448,0.734482,0.12701,0.562107,0.497274,0.0461774,1.74823,0.48022,1.51232,0.732978,0.164355
51.594739229,0.247107,1.28563,0.386006,0.213672,0.217634,0.71315,0.201945,1.28335,0.455938,1.56368,0.665545,0.431401
51.641179138,0.0589053,1.35657,0.0573873,0.852708,0,0.987601,0.487065,1.24023,0.784475,1.26414,0.10825,0.127241
51.687619048,0.23849,2.09893,0.131168,1.02494,0.0241802,1.45099,0.29014,1.72966,0.491556,0.157957,0.243411,0.477197
51.734058957,0.433314,1.4716,0.220083,0.907564,0.0753005,1.37256,0,1.75136,0.300948,0.0556715,1.05232,0.619904
51.780498866,0.373274,1.57967,0.23266,0.671579,0.321906,1.23614,0,1.45913,0.23104,0.384667,1.13129,0.449284
51.826938776,0.310373,1.40174,0.643352,0.237585,0.273049,0.798446,0,0.8343,0.0575531,2.12367,0.625919,0.347942
51.873378685,0.465809,0.797985,1.44335,0.00209599,0.0351904,0.00436938,0.0779163,1.27007,0.212789,2.45867,0.411362,0.230272
51.919818594,0.583666,1.34784,1.77931,0.155935,0.0126339,0.169319,0.13065,0.992774,0.168711,1.03809,0.323929,0.656295
51.966258503,0.780704,1.46094,1.59808,0.174118,0.0203652,0.287655,0.194873,0.854365,0.479325,0.370909,0.0873899,0.735811
52.012698413,0.812983,1.19526,1.19074,0.908444,0.0273121,0.0124869,0.260922,1.0198,0.706597,0.547665,0.113902,0.639006
52.059138322,0.744929,1.04505,0.685952,1.35012,0.113353,0.0478226,0.305497,0.96095,0.839464,0.259622,1.1889,0.593495
52.105578231,0.968981,0.694109,1.33025,1.80785,0.0130359,0.201581,0.367837,0.752862,1.0027,0.40311,0.970261,0.763282
52.152018141,0.803672,0.504589,1.36701,1.824,0.0179547,0.2665,0.616245,0.84487,0.761955,0.625797,0.673535,0.104653
52.198458050,0.115782,0.834852,1.12043,1.13565,0,0.296129,0.707617,1.22097,0.368913,1.13266,0.703618,0.479171
52.244897959,0.237054,1.0299,1.71256,0.537285,0.0105705,0.290454,0.744343,1.06895,0.554698,1.32738,0.539977,0.296035
52.291337868,0.225917,0.707172,2.36079,0.00535413,0.0183297,0.289901,0.675479,1.08968,0.737083,1.44763,0.388659,0.159168
52.337777778,0.238257,0.423482,2.51794,0.00513224,0.0814275,0.369675,0.414813,1.19177,0.74536,0.958056,0.643667,0.13489
52.384217687,0.827635,0.391545,1.99875,0.136818,0.102369,0.125663,0.204006,1.00344,0.370404,0.699495,0.431997,0.100357
52.430657596,0.891981,0.467353,2.27182,0.214325,0.0905553,0,0.501837,0.959113,0.48102,0.735976,0.131958,0.112702
52.477097506,1.34478,0.84672,1.84202,0.221638,0.270706,0,0.535309,1.41147,0.21828,0.0829953,0.0903368,0.35609
52.523537415,1.54045,0.84088,0.91357,0.502892,0.201705,0.403158,0.426369,1.56582,0.42397,0.084336,0,1.07339
52.569977324,1.03862,0.931175,0.574464,0.783266,0.196274,0.502626,0.439472,1.41541,0.485096,0.225693,0.553868,1.08866
52.616417234,0.450045,0.74322,0.270271,0.552023,0.0426021,0.522634,0.585709,1.86305,0.447721,0.151354,0.837039,0.800835
52.662857143,0.0271322,0.561752,0.219714,0.851126,0.0596006,0.733335,0.656047,1.67976,0.488913,0.0886252,0.647603,0.364995
52.709297052,0.330994,1.17639,0.440566,0.92221,0.0741225,1.10366,0.506899,1.47724,0.384828,0.0378943,0.83353,0.0857766
52.755736961,0.340792,1.38524,0.589702,0.815911,0,1.09569,0.0557579,1.56608,0.233531,0,1.24619,0.20512
52.802176871,0.373286,1.25339,0.449367,0.764909,0,1.10201,0.00857667,1.70451,0.199572,0.274659,1.17358,0.342712
52.848616780,0.539955,1.18581,1.12606,0.458101,0.110467,0.490485,0.00263762,1.40728,0.0360564,0.568437,0.435942,0.33921
52.895056689,0.178903,0.928727,1.4989,0.375693,0.168877,0.0372688,0.94565,1.1402,0.146943,0.58696,0.72201,0.190118
52.941496599,0.0685367,0.846819,1.39218,0.536186,0.172518,0.00161355,1.24683,0.940335,0.171854,0.722603,0.608752,0.339205
52.987936508,0.123342,0.912594,1.2467,0.609218,0.316501,0.00603496,1.08556,0.892583,0.0396336,0.849788,0.705411,0.334094
53.034376417,0.237659,1.13766,1.17318,0.63249,0.413777,0.0350119,1.18361,0.664466,0.190793,0.765913,0.611697,0.366856
53.080816327,0.586795,1.47818,0.975278,0.551993,0.407564,0.0393749,1.42162,0.706392,0.29352,0.526051,0.392734,0.431716
53.127256236,0.673378,1.61744,0.315708,0.425495,0.117606,0.0800225,1.61176,0.566456,0.302308,0.0873186,0.44174,0.555099
53.173696145,0.316256,1.01318,0.66345,0.804276,0.0287292,0.0893428,2.01456,0.983297,0.625685,0.188732,0.364798,0.277658
53.220136054,0.797292,0.467945,0.456051,0.757353,0.0293984,0.00710959,1.43467,1.26215,1.03084,0.0962934,0.296231,0.453583
53.266575964,1.46819,0.294725,0.253392,0.515241,0.0537035,0.0432158,1.11326,1.66835,0.838367,0,0.235399,0.600564
53.313015873,2.11375,0.135954,0.352337,0.322886,0.329527,0.00539816,0.695207,1.90154,0.630568,0.0251482,0.299423,0.380817
53.359455782,2.61703,0.0907948,0.27382,0.350564,0.951507,0.0364485,0.406934,1.96436,0.467431,0.0872003,0.281251,0.278267
53.405895692,2.88852,0.189663,0.129074,0.39491,0.824297,0.823555,0.0374188,1.76597,0.35195,0.243927,0.421135,0.124338
53.452335601,2.49281,0.192085,0.0628832,0.350089,0.378197,1.57022,0.070881,1.60838,0.160625,0.638966,0.605732,0.164326
53.498775510,1.84084,0.368865,0.100558,0.0240729,0.0132724,1.89618,0.0982604,1.20779,0.181088,0.709863,0.988442,0.343228
53.545215420,0.776984,0.368463,0.143386,0,0.00994489,2.14266,0.0954794,1.00052,0.267309,0.58838,1.43705,0.105972
53.591655329,0.491765,0.608719,0.203164,0,0.12667,1.44542,0.0808217,1.03482,0.235953,0.666429,1.09897,0.106916
53.638095238,0.448793,0.680431,0.219251,0.146033,0.0225135,0.710996,0.0688629,1.27369,0.801175,0.753102,0.556314,0.372415
53.684535147,0.548698,0.681939,0.631573,0.497479,0.0225029,0.403931,0.235308,1.19155,1.02823,1.07407,0.406356,0.3027
53.730975057,0.725804,0.341577,0.618867,0.743756,0.0173322,0.446346,0.342722,1.46936,1.02785,0.928279,0.415964,0.253624
53.777414966,1.37491,0.275589,0.398167,0.564432,0.0252475,0.444468,0.348494,1.88743,0.846693,0.881834,0.459443,0.146618
53.823854875,2.75044,0.270599,0.250252,0.365523,0.748411,0.157295,0.130146,1.96477,0.554914,0.769347,0.378646,0
53.870294785,2.96501,0.264058,0.0490754,0.199922,1.53646,0.0709417,0.0620306,1.83876,0.486259,0.16642,0.211025,0
53.916734694,2.15208,0.279356,0.0020665,0.293804,1.56747,0.0972267,0.00143372,1.78822,0.361691,0.108673,0.331715,0.278273
53.963174603,1.34361,0.2644,0.0019112,0.579376,1.21454,0.0991944,0.00585292,1.50974,0.096904,0.121827,0.576709,0.702271
54.009614512,0.67275,0.202963,0.0196026,0.83349,1.14546,0.0721006,0.0823805,1.27508,0.0079154,0.172975,0.946502,0.784738
54.056054422,0.508863,0.153733,0.126105,1.01249,1.35326,0.0112961,0.0481557,1.00469,0.108995,0.265375,1.33771,0.486159
54.102494331,0.518239,0.286933,0.145894,1.5372,1.07452,0.00293186,0,1.22433,0.406832,0.0665863,1.20238,0.0328873
54.148934240,0.297776,0.486296,0.237231,1.73248,0.14411,0.160012,0.472627,1.93976,1.19112,0.360309,0.00271841,0.466509
54.195374150,0.323472,0.702996,0.723167,1.26551,0.00548182,0.654336,0.691672,1.42392,1.3659,0.699093,0.00451783,0.634878
54.241814059,1.02587,0.529853,0.883535,0.900697,0.00995146,0.766157,0.701667,1.19675,1.22962,0.695305,0.167565,0.582663
54.288253968,1.84376,0.362408,0.706993,0.659858,0.0120605,0.698325,0.650629,1.65515,0.882796,0.577129,0.239786,0.514821
54.334693878,3.14674,0.26315,0.277096,0.739348,0.528973,0.576684,0.301382,1.82231,0.51605,0.228119,0.16165,0.135731
54.381133787,3.21044,0.261996,0.111605,0.863486,1.1091,0.0564715,0.00182925,1.75434,0.4602,0.099872,0.270266,0.000393077
54.427573696,2.64286,0.243873,0.0989225,1.09515,1.03782,0.0552809,0.00347978,1.69069,0.310235,0.301778,0.434197,0.284433
54.474013605,1.90997,0.158179,0.120289,1.18008,0.673341,0.0385456,0.0129032,1.46876,0.48615,0.536421,0.655041,0.67771
54.520453515,0.888658,0.156264,1.23114,1.33213,0.220315,0.00420621,0.309694,1.49466,0.666498,0.633194,0.81624,0.758956
54.566893424,0.456402,0.14456,2.77559,1.10017,0.0124235,0.00423163,0.40945,1.08587,0.591736,0.730464,0.336794,0.0341785
54.613333333,0.516096,0.31045,2.93385,0.694366,0.00374664,0.293874,0.291571,1.1271,0.398175,0.545963,0.217007,0.0618315
54.659773243,0.271387,1.21762,1.14986,0.3999,0.023673,0.118963,0.0236737,2.06992,0.787593,0.22757,0.771587,0.469181
54.706213152,0.178722,1.36703,0.357745,0.336986,0.406958,0.427187,0.0327291,1.82301,1.05835,0.778603,0.565537,0.335495
54.752653061,0.933549,1.21744,0.277145,0.371612,0.632255,0.57861,0.00779253,1.75229,0.920671,0.738712,0.476766,0.282439
54.799092971,1.67361,1.06277,0.17978,0.300037,0.705762,0.686012,0.0659809,2.18053,0.68242,0.590189,0.348622,0.106379
54.845532880,2.45241,0.712858,0.199202,0.286704,0.897005,0.543363,0.0557251,2.11264,0.498879,0.358906,0.271633,0.000163411
54.891972789,3.17214,0.507642,0.121883,0.472753,1.59629,0,0,1.93257,0.447271,0.18191,0.20605,0.0001843
54.938412698,2.76852,0.71297,0.0354387,0.265901,1.18104,0,0.182946,2.25297,0.436178,0.34612,0.167787,0
54.984852608,2.32355,0.807608,0,0.591593,0.424965,0.0342593,0.0554104,2.41543,0.693416,0.0951407,0.112429,0.312956
55.031292517,2.24548,0.517679,0.0510713,0.655912,0.320984,0.107839,0.0438977,2.52513,0.883962,0.116691,0.173661,0.417396
55.077732426,2.46268,0.233896,0.4372,0.6396,0.179816,0.245038,0.139345,2.39734,0.889459,0.0499517,0.150751,0.512564
55.124172336,2.5386,0.0640788,0.407623,0.826579,0.102129,0.879486,0.332931,1.91969,0.820059,0.0443595,0.0407893,0.395099
55.170612245,2.32358,0.0569955,0.283626,0.835772,0.0268612,1.08665,0.408677,1.91486,0.74446,0.181237,0.0408749,0.292983
55.217052154,2.14591,0.424217,0.298084,0.737999,0.000281244,0.933456,0.531279,1.92287,0.490096,0.522358,0.0450396,0.0773849
55.263492063,1.32565,0.820914,0.274659,0.742519,0.0126393,0.931366,0.484233,2.22734,0.502731,0.703518,0.153667,0.0331776
55.309931973,1.03479,0.787244,0.174241,0.688398,0.0295596,0.98269,0.372405,2.22014,0.413278,0.589826,0.290347,0.244057
55.356371882,0.860474,0.777397,0.121979,0.856506,0.169665,1.13859,0.474745,2.05031,9.26147e-05,0.259413,0.116094,0.692687
55.402811791,0.776459,0.469832,0.0940189,0.631119,0.117633,0.783213,1.06961,1.83399,0.350929,0.0526427,0.177298,0.811136
55.449251701,1.3628,0.216284,0.120781,0.890638,0.0706914,0.432026,0.884574,2.52045,0.417359,0.0113308,0.0208494,0.547938
55.495691610,1.36139,0.0800679,0.618851,0.8769,0.0196755,0.109862,0.502759,3.02118,0.413958,0,0,0.218709
55.542131519,0.430817,0.447522,0.620178,0.344882,0.0161067,0.0577412,0.297521,3.34421,0.159874,0,0.0107558,0.169389
55.588571429,0.395632,0.581598,0.676272,0.0855898,0.180724,0.238565,0.0758375,3.20155,0.434439,0.27177,0.431676,0.27885
55.635011338,0.258863,0.813005,0.270951,0.0942351,0.646327,0.644911,0.149891,2.64506,0.484002,0.406496,0.650623,0.230531
55.681451247,0.352212,1.10815,0.000137867,0.132306,0.563019,0.552163,0.136409,1.97716,0.364583,0.8716,0.570609,0.216722
55.727891156,0.402545,1.34951,0.0528911,0.620771,0.434462,1.44246,0.223575,1.01448,0.417857,0.917778,0.0881775,0.247664
55.774331066,0.677068,1.20825,0.0875398,0.872519,0.0786645,2.11971,0.200181,0.90523,0.288709,0.503035,0.295088,0.293554
55.820770975,1.01199,1.28284,0.228455,0.854653,0,2.38022,0.00630497,1.04275,0.174966,0.432231,0.159317,0.37935
55.867210884,1.12323,1.01876,0.177339,0.500257,0.155697,2.30092,0,0.978291,0.177029,0.480758,0.121186,0.488247
55.913650794,1.02703,0.222964,0.667591,0.10744,0.196943,2.72553,0,0.892617,0.10143,0.262985,0.0683463,0.30734
55.960090703,1.56553,0.745827,1.0192,0.287974,0.113817,2.89308,0.0408444,0.665253,0.0125369,0.200764,0.367214,0.889623
56.006530612,1.34883,1.2756,0.795492,0.623554,0.0126203,2.70992,0.0598187,0.650786,0.0315707,0.0985718,0.107299,1.07556
56.052970522,0.914414,1.96551,0.538896,0.849735,0.0146359,2.02156,0.0605265,0.619903,0.0612106,0.195931,0.204658,0.99671
56.099410431,0.313214,1.84034,0.56183,1.26617,0.349185,0.943295,0.190081,0.377666,0.247934,0.205181,0.357599,0.945651
56.145850340,0,1.4649,0.276407,1.94713,0.327971,0.117903,0.170368,0.261476,0.542685,0.12471,0.906995,0.860237
56.192290249,0.00415367,1.07735,0,2.89202,0.0541911,0.226929,0.00271541,1.17739,0.531772,0.247518,1.18769,0.660799
56.238730159,0.000575866,0.805287,0,2.81959,0.0165354,0.2803,0.000533189,1.69085,0.701223,0.616722,0.967726,0.854064
56.285170068,0.0299277,0.555706,0.0722398,2.46884,0.0184506,0.612689,0,1.85501,0.800031,0.584363,1.12302,0.814291
56.331609977,0.268386,0.701858,0.0984435,2.54277,0.012406,0.626596,0,1.6071,0.785337,0.541745,1.34781,0.739172
56.378049887,0.377411,0.513545,0.102367,2.59534,0.00808724,0.504246,0.00485237,1.3081,0.802351,0.507131,1.41684,0.763392
56.424489796,0.425885,0.808711,0.115456,2.32974,0.00827564,0.331092,0.00968511,1.0951,0.631459,0.436634,1.50136,0.779986
56.470929705,0.352559,1.1242,0.860376,1.90737,0.00623222,0,0.0130556,0.664299,0.277318,0.0775496,1.45952,0.116875
56.517369615,1.02836,0.851111,1.21901,1.23748,0,0,0.404442,0.518755,0.118653,0.105089,1.46808,0.0506755
56.563809524,0.857944,0.710856,1.47838,1.11036,0.182499,0.118073,0.785229,0.331451,0.081613,0.179951,0.784564,0.0132268
56.610249433,0.11884,1.50086,1.06692,0.543455,0.243719,0.270494,0.518439,0.433036,0.031332,0.721462,1.68298,0.477103
56.656689342,0.218757,1.58814,0.931608,0.264746,0.316927,0.635401,0.72689,0.335396,0,0.456365,1.8234,0.504378
56.703129252,0.0940713,1.30128,0.437003,0.132178,0.0628604,1.0037,0.625188,0.608262,0.182232,0.0860713,1.59172,0.476203
56.749569161,0.264065,1.21611,0.499451,0.159198,0.0882801,1.25582,0.437944,0.930846,0.755051,0.0114826,1.05228,0.0908523
56.796009070,0.181989,0.811988,0.679707,0.457266,0.0749097,0.898348,0.116321,1.12147,1.18558,0.335581,0.472401,0.259845
56.842448980,0.192543,0.605173,0.651521,0.915254,0.0294864,0.624335,0.170894,1.22128,1.09663,0.672659,0.0207909,0.442623
56.888888889,0.305149,0.899727,0.461588,1.55272,0.00578536,0.328466,0.197734,1.50238,0.630294,0.6997,0.348834,0.0723763
56.935328798,0.888839,1.03705,0.104988,2.92127,0.00929447,0,0.0834373,1.20164,0.232484,0.230891,0.703753,0.084476
56.981768707,1.02951,1.05677,0,3.28919,0.0189893,0,0.0682149,1.0768,0.0519885,0.0531655,1.09458,0.786802
57.028208617,0.911599,0.767004,0.0769369,3.14055,0.0278389,0.294029,0.146275,1.02065,0.00238588,0.101391,1.16675,0.874458
57.074648526,0.643803,0.526962,0.738273,2.82548,0.0389099,0.54732,0.24615,0.569258,0.0668624,0.22287,1.14025,0.847154
57.121088435,0.199289,0.836028,0.56404,2.94708,0.0706525,0.440385,0.191721,0.336079,0.110274,0.470792,0.925195,0.871695
57.167528345,0.225925,1.11992,0,3.44934,0.0358404,0.151183,0.0334096,0.633143,0.0786352,0.402027,0.496203,0.737045
57.213968254,0.188432,1.31242,0.251323,3.03479,0.0336891,0.210093,0.304469,1.80781,0.0877295,0.0428158,0.137319,0.320773
57.260408163,0.248139,1.18092,0.885781,0.89153,0.0271493,0.31935,0.353918,2.11157,0.297235,0.0145623,0.425383,0.44965
57.306848073,0.423243,0.895494,1.43479,0.267281,0.0649547,0.2307,0.318343,2.15293,0.565508,0.0458926,0.835497,0.406366
57.353287982,0.504374,0.63948,1.57318,0.23152,0.101182,0.247879,0.300379,2.34205,0.757903,0.00577495,0.643036,0.444356
57.399727891,0.696165,0.155722,2.02639,0.377899,0.0769181,0.00918549,0.983732,2.22383,0.36935,0.593232,0.109256,0.362439
57.446167800,0.356688,0.124276,2.63033,0.603999,0.0697205,0.0075524,1.06767,1.54074,0.354717,0.936837,0.0853315,0.119577
57.492607710,0.598843,0.194139,2.95943,0.466815,0.0901797,0.00486821,1.20339,1.02134,0.293674,0.93186,0.0199432,0.17536
57.539047619,0.646088,0.0591882,3.34228,0.00797881,0.0935912,0.149309,1.3895,0.585921,0,0.867715,0.000857331,0.0495526
57.585487528,0.45455,0.216593,3.32909,0.0123633,0.0903642,0.0233805,1.34843,0.62132,0.366564,0.812616,0.164307,0.199035
57.631927438,0.275851,0.237752,2.87328,0.0917769,0.0879612,0.0122153,0.463117,1.22353,0.457822,0.809779,0.719333,0.392341
57.678367347,0.190512,0.314196,2.64482,0.0958448,0.405533,0.345108,0.55982,0.977726,0.423631,0.693287,0.872142,0.401534
57.724807256,0,0.349713,2.10404,0.225327,0.0745239,0.114977,0.889548,0.898196,0.811787,0.95406,0.353783,0.342947
57.771247166,0.213229,0.257792,2.08171,0.567978,0.0572353,0.652291,0.839492,0.630205,0.975532,1.27316,0.0439899,0.227415
57.817687075,0.392684,0.268401,2.49514,0.738561,0.0818373,0.677332,0.815624,0.96836,0.780482,0.763022,0.122311,0.302888
57.864126984,0.40618,0.347391,2.49143,0.679496,0.0794959,0.749262,0.650343,0.998533,0.728834,0.699348,0.176105,0.381597
57.910566893,0.633242,0.457305,2.19853,0.238417,0.0589651,2.01563,0.103941,0.679113,0.747612,0.688071,0.0413956,0.374482
57.957006803,0.783089,0.397278,1.2337,0.101356,0.00785836,2.82092,0.0795981,0.803789,0.0519899,0.102195,0.0654692,0.408483
58.003446712,0.874298,0.441606,0.752587,0.443589,0.0488871,2.81889,0.377597,0.722783,0.0921378,0.231384,0.229576,0.960783
58.049886621,0.912783,0.391111,0.391743,0.730043,0.0207749,2.62961,0.175277,0.567991,0.30337,0.245263,0.129557,1.03928
58.096326531,1.00053,0.540574,0.484539,1.34028,0.0306112,1.81992,0.054228,0.39665,0.507925,0.332147,0.422061,1.06086
58.142766440,0.607213,0.698696,0.564425,1.59481,0.429007,0.791051,0.0532143,0.21351,0.697469,0.227836,0.630613,0.892514
58.189206349,0.0347103,0.819381,0.55286,2.23516,0.355026,0.21594,0.0366082,0.449909,0.530738,0.104162,1.64356,0.838415
58.235646259,0.0316362,0.750506,0.310861,2.51522,0.0330355,0.184785,0,1.44703,0.326072,0.244783,1.47925,0.546289
58.282086168,0.032516,0.880673,0.0825742,2.45309,0.000723611,0.10966,0.00372181,1.81416,0.448752,0.452832,1.10555,0.811647
58.328526077,0.151445,0.614049,0.152608,2.37898,0.00549723,0.273788,0.0455306,1.59073,0.395658,0.43906,1.02443,0.788806
58.374965986,0.344272,0.592199,0.164635,2.42509,0.0144509,0.306119,0.200195,1.09897,0.450335,0.456964,0.896154,0.734635
58.421405896,0.367819,0.263097,0.523427,2.38741,0.0314557,0.25593,0.451249,0.881832,0.41387,0.887767,0.508458,0.779021
58.467845805,0.28644,0.684349,1.26828,1.76123,0.00935642,0.00309734,0.534502,0.816319,0.414175,1.14095,0.622268,0.846486
58.514285714,0.156094,1.00522,1.97703,1.37203,0.00671079,0.00585734,0.552205,0.177131,0.18433,0.971002,0.35428,0.192129
58.560725624,0.533044,1.20731,1.67776,0.830292,0.00251564,0.00811364,0.605865,0.13997,0.150591,1.24835,0.151524,0.110743
58.607165533,1.71341,1.28437,0.528706,1.31746,0.174722,0.0355769,0.534409,0.333272,0.0553121,0.928464,0.00183564,0.132458
58.653605442,1.47712,1.70515,0.182371,0.457711,0.261357,0.0446564,0.501193,1.12359,0.376622,0.452532,0.324488,0.214643
58.700045351,1.62907,1.55729,0.27648,0.385472,0.276958,0.229754,0.499166,1.20308,0.605788,0.478526,0.461438,0.338853
58.746485261,1.81218,1.18049,0,0.252778,0.0550725,0.73287,0.392207,1.10443,0.978572,0.467199,0.414347,0.384453
58.792925170,1.62679,1.91026,0.120025,0.282416,0.140347,1.39714,0.434816,0.654232,0.895902,0.110921,0.350694,0.0417663
58.839365079,1.47877,1.5963,0.224683,0.240912,0.129974,1.45602,0.371007,0.655342,0.742251,0.00716951,0.334055,0.197032
58.885804989,1.00165,1.75547,0.154227,0.463022,0.0958627,1.25558,0.293399,0.850322,0.961615,0.124898,0.282918,0.243974
58.932244898,0.971702,1.46123,0.213366,0.815393,0.0573622,1.16826,0.00360235,1.26666,0.710277,0.308061,0.0694706,0.133918
58.978684807,1.48583,1.3948,0.157231,0.782705,0.0311268,1.67151,0,1.08432,0.347994,0.358363,0.0701596,0.108951
59.025124717,1.69671,1.74581,0.440653,0.229718,0.0208731,2.3767,0.126328,0.0901356,0.0241053,0.675218,0.285577,0.116037
59.071564626,0.968169,1.5033,0.381507,0.172305,0.0385569,2.23611,0.249256,0.100854,0.0496021,0.581336,0.947061,0.339199
59.118004535,0.555553,1.41095,0.283347,0.392951,0.158847,1.94095,0.253799,0.105319,0.072294,0.292389,1.32872,0.315748
59.164444444,0.197411,1.55092,0.407679,0.904719,0.257775,1.26419,0.159306,0.117954,0.0733977,0.000743297,1.42138,0.274107
59.210884354,0.487489,1.51316,0.402589,1.54745,0.15828,0.115083,0.0317176,0.588066,0.0236984,0.0158993,1.39914,0.273379
59.257324263,0.194456,1.27553,1.00239,0.296276,0.0688486,0.343098,0.477148,1.378,0.141306,0,1.41877,0.111203
59.303764172,0.309878,1.0011,1.18185,0.0346741,0.170228,0.385237,0.426611,2.01141,0.415741,0.281923,0.899676,0.101846
59.350204082,0.527481,0.893157,1.2145,0.0808353,0.167252,0.405269,0.234933,1.98098,0.430982,0.357037,1.06483,0.243049
59.396643991,0.635689,0.545044,1.31831,0.12431,0.112444,0.380003,0.145171,1.73061,0.442844,0.272943,1.09557,0.432294
59.443083900,0.541885,0.389709,1.43091,0.868831,0.0812037,0.0537177,1.06913,0.878212,0.325268,0.192922,0.62736,0.352045
59.489523810,0.389962,0.294207,1.9847,1.03631,0.1333,0.0182414,1.14261,0.738458,0.331624,0.339762,0.160268,0.256504
59.535963719,0.725238,0.18582,2.14316,0.606108,0.113945,0.0359123,1.18276,0.572843,0.333402,0.610696,0.00165231,0.155671
59.582403628,0.637014,0.391472,1.68422,0.168329,0.0673226,0.0846494,1.34238,0.511113,0.1682,0.766335,0.0612758,0.0307402
59.628843537,1.27195,1.4479,0.164851,0.0884799,0.3352,0.053214,1.13061,1.78317,0.32094,0.164884,0.0265735,0.0541749
59.675283447,1.81609,1.63019,0.00107113,0.189759,0.537331,0.152949,0.0257874,2.29913,0.445873,0.283536,0.122391,0.0315596
59.721723356,2.23207,0.934253,0.000692561,0.236608,0.458194,0.336684,0.0363897,2.28937,0.467407,0.154815,0.236602,0.13642
59.768163265,2.42117,0.939061,0.00369801,0.674346,0.26161,0.194178,0.115022,2.02437,0.674735,0.0857675,0.152506,0.0952594
59.814603175,1.90576,1.04238,0.0347544,0.82451,0.364327,0.744737,0.213861,2.0055,0.675676,0.0690718,0.0523208,0.0329687
59.861043084,1.82298,1.07462,0.0340542,0.935986,0.508214,0.785503,0.115449,2.2766,0.382077,0.0255939,0.315762,0.0454924
59.907482993,1.34277,1.18079,0.216876,0.671326,0.890884,0.894693,0.00374915,2.31321,0.255902,0.00781212,0.590743,0.286545
59.953922902,1.0041,1.14428,0.722542,0,1.09378,1.20889,0,1.49385,0.640619,0.01007,0.123361,0.326011
60.000362812,1.34431,0.773901,0.770056,0.0901077,0.80822,0.77827,0.00215554,1.06329,0.237559,0.0988333,0.0929739,0.111282
60.046802721,1.4543,0.54374,0.992613,0.437976,0.373359,1.74344,0.33269,0.73139,0.194097,0.175664,0.374717,0.879296
60.093242630,1.36775,1.26166,0.423062,0.792369,0.0131496,2.21322,0.227813,0.487999,0.133087,0.134809,0.153393,1.0412
60.139682540,1.12438,1.44655,0.00998953,1.43633,0.357571,1.69466,0.0901573,0.434031,0.229334,0.176908,0.536755,0.843209
60.186122449,0.132622,1.36304,0,2.52183,0.445861,0.109942,0.0529839,0.555518,0.396821,0.0933221,1.85864,0.671175
60.232562358,0.0138666,1.07309,0,3.07484,0.104315,0.321052,0.0404709,0.455085,0.736498,0.12323,1.8784,0.831699
60.279002268,0.0183039,0.761625,0,2.97258,0.0243762,0.295298,0.040648,1.1257,0.522968,0.428927,1.88789,0.300366
60.325442177,0.0233884,0.673395,0,2.49923,0.0077266,0.273995,0.0342924,1.48286,0.568982,0.336996,1.71476,0.580617
60.371882086,0.26261,0.796696,0.102888,1.87854,0.0128277,0.298213,0.055683,1.37432,0.602072,0.256054,1.48922,0.570948
60.418321995,0.326882,0.834226,0.426778,1.49739,0.0128615,0.303634,0.267983,1.00033,0.518461,0.536789,1.0777,0.555766
60.464761905,0.315643,0.457213,1.35706,1.2925,0.0112246,0.163363,0.445593,0.820041,0.611053,1.02417,0.459834,0.581366
60.511201814,0.262023,0.499997,2.11067,1.29074,0.0120659,0.00650962,0.502675,0.637788,0.33388,1.16398,0.345637,0.392958
60.557641723,0.154424,0.878124,1.89665,0.917691,0.00644343,0.0106213,0.528013,0.170152,0.24302,1.09313,0.118971,0.132883
60.604081633,0.215288,1.01946,1.49488,0.610898,0,0.00875891,0.492767,0.081719,0.480754,1.16906,0.0986876,0.137983
60.650521542,1.96453,0.983195,0.403719,0.570044,0.269768,0.074646,0.346338,0.217972,0.0816303,1.24842,0.210581,0.153057
60.696961451,2.41433,1.15051,0.552539,0.0996728,0.563048,0.135028,0.362202,0.421198,0.0114187,0.986914,0.502351,0.175171
60.743401361,2.39739,1.09365,0.42467,0.0546852,0.628586,0.412437,0.459456,0.640035,0.189069,0.976228,0.448251,0.185859
60.789841270,2.36378,0.951579,0.268919,0.0971163,0.571511,0.732417,0.38533,0.71488,0.628079,0.814701,0.161643,0.0943951
60.836281179,1.90658,0.902856,0.24304,0.0838509,0.61097,0.87651,0.41847,0.869413,0.911093,0.402732,0.371161,0.0494744
60.882721088,0.896364,1.47097,0.283983,0.00710321,0.335429,0.834772,0.00348782,1.35602,1.2084,0.164848,0.258658,0.50333
60.929160998,0.74286,1.58512,0.175735,0.0108334,0.15147,0.833789,0,1.37985,1.59556,0.238563,0.00658846,0.372226
60.975600907,1.21266,1.54843,0.339745,0.00712636,0.0740907,1.37667,0,1.2508,1.16752,0.0952056,0.0244197,0.236267
61.022040816,1.68492,1.41512,0.42118,0.0161076,0.070742,2.40309,0.0153257,0.488805,0.466153,0.165696,0.377759,0.415783
61.068480726,1.36315,1.25488,0.399541,0.15349,0.0244234,2.90015,0.0744741,0.259165,0,0.61878,0.651446,0.856158
61.114920635,1.27253,0.785605,0.733623,0.0698679,0.358906,2.68411,0.159583,0.126789,0,0.602643,0.731099,0.820375
61.161360544,0.576732,0.921232,0.454943,0.352558,1.0863,1.48006,0.156073,0.426835,0.0439052,0.35606,1.26419,0.681743
61.207800454,0.191167,0.891112,0,1.06575,1.36529,0.278036,0.113386,0.67536,0.274606,8.666e-05,1.56531,0.709138
61.254240363,0.19529,1.07133,0,2.06467,1.08359,0.035835,0.0287583,1.05407,0.59212,0.00729538,1.10747,0.522675
61.300680272,0.228075,0.889123,0,2.8479,0.438382,0.172175,0.0939923,1.75069,0.388065,0.0096217,0.84891,0.38741
61.347120181,0.1541,0.911001,0,2.22068,0.0243401,0.138439,0.0705417,2.12948,0.634932,0.0710417,0.579878,0.417589
61.393560091,0.36932,0.75804,0.0726733,2.13528,0.0297151,0.0840062,0.0100469,1.96786,0.895734,0.0209663,0.686862,0.467096
61.440000000,0.707608,0.213083,0.157507,2.17245,0.0274766,0.0433157,0.321559,1.6104,0.742752,0.145448,0.533263,0.562105
61.486439909,0.759627,0.131335,0.378268,1.97528,0.0310974,0.0090204,1.47728,1.06163,0.34191,0.962687,0.140678,0.450018
61.532879819,0.900355,0.638144,0.906941,0.600477,0.0118081,0.00270397,1.55945,1.04712,0.322467,1.17164,0.258513,0.235723
61.579319728,0.509647,0.982538,1.54906,0.133191,0.00456319,0.100996,1.61847,0.480865,0.27847,1.07339,0.0950184,0.240543
61.625759637,0.583784,1.07864,1.44884,0.0300887,0,0.455193,1.67319,0.342932,0,0.98721,0.287689,0.306093
61.672199546,1.55338,1.20636,0.576238,0.0381056,0.720168,0.128154,0.24995,0.933384,0.473071,0.963988,0.0348979,0.219874
61.718639456,1.67617,0.50711,0.414377,0.0328959,0.97278,0.294112,0.000496387,1.56857,0.58234,0.890321,0.137122,0.0483424
61.765079365,1.86045,0.812241,0.0110792,0.0985269,0.515779,0.262915,0.0816627,1.65091,0.603855,1.00982,0.11171,0.0968593
61.811519274,2.23463,0.695079,0.00367826,0.644989,0.167714,0.481657,0.391673,1.89178,0.696327,0.698274,0.105946,0
61.857959184,2.14513,0.582205,0.00664487,0.833678,0.167945,0.880644,0.241786,1.73589,0.687714,0.319549,0.0296198,0.0516474
61.904399093,1.33793,0.956424,0.00676283,0.803457,0.0745045,1.01009,0.144161,1.50353,0.890454,0.107562,0.0117504,0.449074
61.950839002,1.09042,1.13842,0.0608243,0.642698,0.0987049,0.999281,0.0257996,1.60412,1.0228,0.196838,0.044024,0.48164
61.997278912,0.988154,1.34061,0.377761,0.0774095,0.0947058,1.79246,0,1.53329,0.912537,0,0.0688291,0.221083
62.043718821,1.07983,1.29594,1.01274,0.258314,0.00279774,2.61249,0,0.795643,0.262763,0.0267483,0.0795269,0.698607
62.090158730,0.694133,1.11639,0.947492,0.571863,0.0452715,2.30638,0.21204,0.772029,0.386466,0.123839,0.115713,0.925751
62.136598639,0.700823,1.14182,0.622829,1.23372,0.125522,1.58549,0.26874,0.841534,0.313278,0.0841012,0.399982,1.01467
62.183038549,0.135956,0.658983,0.271973,1.57258,0.976262,0.905585,0.105536,0.76296,0.325351,0.0996621,1.43469,0.748141
62.229478458,0.0176488,0.632434,0.320897,1.95474,0.947617,0.484343,0.030515,0.765846,0.34416,0.0889486,1.73449,0.778957
62.275918367,0.0253732,0.509206,0.480085,2.37317,0.461308,0.27808,0.0302071,0.718185,0.661523,0.144122,1.66588,1.00913
62.322358277,0.113259,0.749689,0.478492,2.23232,0.0203312,0.0575802,0,1.30264,0.55356,0.496286,1.59164,0.51545
62.368798186,0.27626,0.960243,0.614545,1.83984,0.0205567,0.386387,0,1.38008,0.886639,0.560388,1.32629,0.782468
62.415238095,0.376046,0.954364,0.716644,1.7368,0.051121,0.480009,0,1.06129,0.942903,0.481778,1.32315,0.778804
62.461678005,0.393174,0.716612,0.57338,2.01768,0.0261303,0.503284,0.0118703,0.630428,0.901325,0.499569,1.11363,0.786033
62.508117914,0.312037,0.258003,0.344063,1.99691,0.0112586,0.439948,0.240216,0.345153,0.936034,0.725783,0.79161,1.00328
62.554557823,0.220412,0.93035,0.876566,1.81178,0.00739651,0.0694341,0.330621,0.240321,0.290619,0.78637,0.682435,0.901146
62.600997732,0.194396,1.63635,1.26596,1.34658,0.000145557,0.088686,0.363503,0.201627,0.0864538,0.907419,0.335634,0.418938
62.647437642,0.0219568,1.69576,1.10457,1.36329,0,0.111933,0.390561,0.0333062,0.0968849,1.29977,0.115522,0.380584
62.693877551,0.124475,1.93123,0.996429,1.33175,0.140365,0.0660357,0.196449,0.389432,0.0346343,1.19907,0.682182,0.424579
62.740317460,0.189895,2.24047,1.29315,0.451576,0.210158,0.282727,0.4371,0.484631,0.258855,0.627508,1.23245,0.217344
62.786757370,0.623256,1.50035,0.998097,0.240306,0.0885349,0.384572,0.405461,0.675329,0.594044,0.425873,1.33038,0.322477
62.833197279,0.415912,1.82194,0.77513,0.213592,0.0638461,0.581647,0.481129,0.604231,0.730004,0.202123,0.836035,0.0980219
62.879637188,0.43676,1.61445,0.351254,0.310759,0.0330924,0.620441,0.364373,0.96677,0.795829,0.120971,0.902523,0.0993624
62.926077098,0.642387,1.64424,0.148269,0.89936,0.166274,0.562069,0.0822705,1.09808,0.787824,0.287051,0.8684,0.348376
62.972517007,0.716223,1.33249,0.125836,1.80526,0.196692,0.358254,0.001841,1.41933,0.735315,0.307799,0.718322,0.239497
63.018956916,1.01931,1.07389,0.114576,2.48797,0.0420101,0.0941692,0.151924,1.52056,0.31282,0.18458,0.921034,0.246218
63.065396825,1.06613,1.01432,0.170861,2.82976,0.0147643,0.112105,0.140129,1.13631,0.180484,0.502488,0.497401,0.417351
63.111836735,1.03363,1.02741,0.113587,2.87064,0.0269521,0.329866,0.426608,1.05516,0.000532064,1.03664,0.170211,0.326364
63.158276644,0.720076,0.924036,0.245818,2.10413,0.0368124,0.60436,0.410561,1.12812,0,0.823803,0.572731,0.359068
63.204716553,0.269359,1.10984,0.214188,1.49374,0.222378,0.442073,0.315196,1.04252,0.383451,0.497187,0.782808,0.237913
63.251156463,0.211242,1.31729,0.11283,2.27611,0.142879,0.0871778,0.192613,0.918497,0.204717,0,0.781556,0.21982
63.297596372,0.291784,1.35082,0,2.80136,0.0379912,0.125904,0.0366083,1.39692,0.00481607,0.130434,0.968495,0.208269
63.344036281,0.155687,0.971974,0,2.93175,0.0270504,0.153323,0.0888865,1.78948,0.206253,0.132715,0.99557,0.0115797
63.390476190,0.172245,0.906605,0.0246307,2.66978,0.0128625,0.199089,0.0284213,2.25138,0.319952,0.214179,1.08615,0.297684
63.436916100,0.327406,0.926506,0.121935,2.77812,0.020462,0.220757,0,2.14122,0.379847,0.291979,1.11058,0.518261
63.483356009,0.825524,0.734236,0.114486,2.32489,0.0197824,0.551372,0.408107,1.63563,0.347568,0.285077,1.01309,0.568399
63.529795918,1.5219,0.390314,0.0545652,1.66279,0.0239047,0.853201,0.979468,0.688244,0.346764,0.0141277,0.313455,0.728634
63.576235828,1.5871,0.25291,0.00244964,1.17958,0.0612601,1.4718,1.04863,0.646079,0.283538,0.295091,0.0152171,0.265323
63.622675737,1.75645,0.103983,0.00183835,0.538387,0.115053,1.66041,1.62757,0.366531,0.328568,0.425922,0,4.73367e-05
63.669115646,1.10074,0.000469267,0.0151574,0.0127506,0.108977,1.32367,1.6903,1.19079,0.171786,0.287323,0,0.0908265
63.715555556,0.880775,0.679267,0.578475,0.0442185,0.0713401,0.305789,0.378509,3.49265,0.470836,0.247559,0.416031,0.396378
63.761995465,0.30175,0.603817,0.566937,0.192685,0.394279,0.294822,0.000378734,3.79884,0.498369,0.0453334,0.734472,0.155645
63.808435374,0.144892,0.588035,0.257081,0.256765,0.213801,0.264499,0.0589612,3.68092,0.432653,0.0408364,0.773679,0.27413
63.854875283,0.151954,1.13963,0.448272,0.710028,0.0295719,0.799875,0.3215,2.44785,0.449767,0.0433322,0.184958,0.277892
63.901315193,0.589708,1.65352,0.10871,0.74676,0,1.24799,0.340826,1.98033,0.438294,0.0996142,0.523288,0.629967
63.947755102,1.07081,1.47044,0.00542629,0.725564,0,1.49161,0.0391378,1.68161,0.399933,0.306207,0.519976,0.694015
63.994195011,1.11902,1.48998,0.0851196,0.407137,0,2.68178,0,1.10669,0.352865,0.383247,0.400655,0.837867
64.040634921,1.17921,1.14153,0.557622,0.0225101,0.00354744,2.69004,0,0.877203,0.106146,0.393926,0.0602425,0.924654
64.087074830,1.50448,0.479509,0.995167,0.307488,0.0269479,2.69463,0,0.747234,0.0101868,0.398369,0.331133,0.801149
64.133514739,1.3304,0.994448,0.721945,0.630336,0.0103061,2.36329,0.122617,0.64112,0.0275501,0.314626,0.258725,1.03402
64.179954649,0.871745,1.43659,0.611793,1.00199,0.150381,1.41643,0.0755928,0.958233,0.0491395,0.118645,0.998845,0.954593
64.226394558,0.19143,1.40365,0.286875,1.85286,0.480731,0.555075,0.064604,0.817441,0.191248,0.107269,1.61351,0.619282
64.272834467,0.0313233,1.46199,0.021365,2.55612,0.372441,0.0473842,0.0520434,0.752326,0.459901,0.103477,1.82351,0.600811
64.319274376,0.0296265,0.961006,0.0581006,2.80859,0.0346237,0.243191,0.0302739,0.975882,0.798326,0.153819,1.79215,0.582322
64.365714286,0.0297485,0.810475,0.00835902,2.48374,0.0172715,0.0603332,0.0329758,1.65064,0.619934,0.592536,1.27937,0.61192
64.412154195,0.210666,0.752437,0.333894,2.02054,0.0195918,0.445791,0,1.73387,0.926687,0.59458,0.729767,0.803263
64.458594104,0.358158,0.664323,0.474047,1.8015,0.044808,0.572052,0,1.5892,0.957037,0.511197,0.841284,0.718115
64.505034014,0.348404,0.52574,0.294343,2.04406,0.0118402,0.479386,0,1.44397,0.84013,0.510097,0.950792,0.585511
64.551473923,0.307322,0.233795,0.096304,2.81751,0.0101888,0.194598,0.000951861,1.25242,0.666932,0.495218,1.15151,0.649565
64.597913832,0.230667,0.200209,0.778802,2.94903,0.0069604,0.0443695,0.0280923,0.67937,0.348422,0.333622,1.35417,0.440632
64.644353741,0.165089,0.2704,2.09702,1.92555,0,0.00890424,0.19578,0.479595,0.328943,0.186721,1.07598,0.0971514
64.690793651,0.0305711,0.17867,3.01262,1.19315,0.128197,0.14548,0.142175,0.0480065,0.185958,0.285208,0.341926,0.0226216
64.737233560,0.0891921,0.700273,2.63996,0.404761,0.274364,0.0940448,0.0790533,0.22059,0.0973301,0.238841,0.886258,0.242844
64.783673469,0.448954,0.846622,2.05367,0.0898912,0.760733,0.104482,0.316421,0.489804,0.271031,0.0238098,0.785828,0.272061
64.830113379,0.830742,0.890454,1.25025,0.0997666,0.612713,0.224375,0.464595,1.20249,0.467457,0.0555269,0.404349,0.262505
64.876553288,0.869115,1.28337,0.0418638,0.157486,0.527043,0.679672,0.569957,1.1824,0.705389,0.13966,0.00899779,0.0939331
64.922993197,0.458622,1.74946,0.0015578,0.25132,0.311594,0.698326,0.434777,1.15476,0.955868,0.234277,0.0944775,0.067031
64.969433107,0.223045,1.71622,0.121234,0.333135,0.142068,0.551466,0.118354,1.07025,1.01094,0.523764,0.350392,0.279555
65.015873016,0.266024,1.3298,0.330135,0.679334,0.0537127,0.401778,0.239451,1.25605,0.893943,0.679554,0.33307,0.149711
65.062312925,0.752803,1.4325,1.15669,0.332182,0.00677051,0,0.811149,1.33889,0.917127,0.320426,0.0418314,0.0811394
65.108752834,1.1033,1.08756,1.54759,0.133152,0.0172935,0,0.884972,0.974381,0.746722,0.433454,0.711207,0.674006
65.155192744,0.889357,1.2506,1.56839,0.139202,0.0283328,0.224017,0.957576,1.02352,0.463173,0.685484,0.795034,0.807005
65.201632653,0.635564,1.42887,1.47338,0.0590636,0.0391994,0.550803,0.876001,0.857073,0.253858,0.816531,0.796903,0.824706
65.248072562,0.453882,1.3457,1.30106,0.058359,0.216943,0.622151,0.716019,0.11168,0.0457185,0.801383,0.678458,1.14029
65.294512472,0.895437,1.30254,0.659309,0.0153469,0.150457,0.183099,0.587337,0.389885,0,0.780498,0.452833,1.18237
65.340952381,0.985889,1.53839,0.109907,0.00254459,0.033704,0.100863,0.275081,1.44952,0.140547,0.434303,0.046617,0.621283
65.387392290,0.492484,0.919939,0.790776,0.364872,0.0392204,0.38186,0.148893,2.57558,0.523111,0,0.33256,0.62169
65.433832200,0.248906,1.14589,0.860343,0.48773,0.0433516,0.293305,0.115232,2.71716,0.586928,0.0189437,0.433522,0.49504
65.480272109,0.377741,1.14062,0.691843,0.49328,0.0402599,0.356229,0.0378356,2.82182,0.699797,0.0463639,0.448928,0.497977
65.526712018,0.952006,0.609603,0.465538,1.01251,0.0602656,0.0316553,1.14299,2.48912,0.326891,0.185992,0.138832,0.397709
65.573151927,1.06011,0.141191,0.718387,0.810792,0.318665,0.0312222,1.40291,1.73816,0.305554,0.926442,0.0658742,0.20786
65.619591837,1.1952,0.177493,1.95834,0.0651909,0.0946574,0.0292473,1.81079,0.977038,0.281296,1.09677,0.0284074,0.172108
65.666031746,0.770192,0.0230484,2.51217,0.0149029,0.00644094,0.0661174,1.84603,0.54974,0.178134,1.04696,0,0.182741
65.712471655,0.578917,0.145262,2.65476,0.0313521,0,0.0331216,1.72795,0.428489,0.172835,1.03916,0.000292184,0.286902
65.758911565,0.331749,0.612323,2.0807,0.0443603,0.0503546,0.00415043,0.627045,1.00642,0.442051,1.25629,0.497865,0.0873514
65.805351474,0.184103,0.816385,1.99756,0.0827647,0.380748,0.474261,0.0439867,1.20048,0.415653,1.31272,0.809702,0.0914249
65.851791383,0,0.645742,1.98638,0.171235,0.0533123,0.297683,0.346749,1.07368,0.462659,1.22939,0.526936,0.0567618
65.898231293,0.188018,0.466989,1.50049,0.617028,0,0.734674,0.299282,0.741541,0.881508,1.39534,0.0678168,0.0283548
65.944671202,0.342532,0.812001,1.53252,0.824179,0,0.867664,0.289027,0.85158,0.578785,0.966889,0.00484246,0.128915
65.991111111,0.452117,0.920304,1.48146,0.769691,0,0.832334,0.380265,0.863597,0.383368,0.80872,0.00248453,0.281741
66.037551020,0.321239,0.496897,2.22657,0.345129,0.00822315,0.672244,0.215553,0.839576,0.413218,0.792172,0.00837904,0.398552
66.083990930,0.33208,0.327304,2.6326,0.0156914,0.0572492,0.204651,0.144378,0.923027,0.206434,1.02833,0.0638735,0.298274
66.130430839,0.167202,0.496697,2.61861,0.360828,0.153942,0.271577,0.147544,0.605553,0.0194777,1.3037,0.356459,0.798698
66.176870748,0.0874094,0.425593,2.32003,0.647016,0.0418259,0.638929,0.28015,0.46818,0.0463665,1.33906,0.270851,1.00185
66.223310658,0.124467,0.317345,2.37982,0.842509,0.0544056,0.592133,0.363263,0.324426,0.0755824,1.32869,0.327269,1.01396
66.269750567,0.0196738,0.183435,2.82477,0.687734,0.344333,0.36668,0.431596,0.102216,0.18554,1.18315,0.670368,0.85108
66.316190476,0.0364908,0.225637,3.11991,0.925767,0.321362,0.172583,0.349525,0.0866104,0.496498,1.09017,0.809868,0.839311
66.362630385,0.091962,0.760152,2.83349,0.947531,0.035939,0.322391,0.291411,0.320847,0.579966,1.11923,0.990674,0.541897
66.409070295,0.139479,0.594988,1.8435,1.05339,0.0732052,0.628932,0.232949,1.12426,0.609233,1.21032,0.520453,0.703506
66.455510204,0.395855,0.56461,1.17738,1.1438,0.115571,0.724983,0,1.21678,0.742971,0.929863,0.244583,0.884813
66.501950113,0.412211,0.395561,1.11915,1.12039,0.110419,0.699903,0,1.09252,0.76865,1.28284,0.115094,0.829208
66.548390023,0.410521,0.278824,2.4632,0.952524,0.114005,0.566072,0,0.800655,0.707753,1.21942,0.220698,0.679976
66.594829932,0.351729,0.184715,3.59531,0.927678,0.105035,0.0619691,0,0.595193,0.535957,1.14428,0.660536,0.190572
66.641269841,0.296934,0.622788,3.52139,1.17778,0.0871869,0,0.158129,0.212474,0.0754808,0.858335,0.80285,0.12668
66.687709751,0.422118,0.734549,2.96243,1.19049,0.0804539,0,0.258245,0.183943,0.338162,0.444612,0.608901,0.204668
66.734149660,0.817656,0.769261,2.92117,1.3156,0.158332,0.0578833,0.439065,0.158757,0.07188,0.365928,0.280038,0.165127
66.780589569,0.584476,1.5414,2.90956,0.0583715,0.165142,0.188979,0.288061,0.477509,0.421405,0.370372,0.86503,0.202282
66.827029478,0.191065,1.13719,2.71036,0,0.306776,0.43235,0.534171,0.507523,0.651292,0.162321,1.35198,0.197495
66.873469388,0.161561,0.954368,2.49605,0.0361489,0.0605413,0.526264,0.419994,0.640487,0.879327,0.0503189,1.20578,0.201295
66.919909297,0.0556316,0.704201,2.60807,0.0030061,0.0645489,0.764164,0.42465,0.395653,1.06893,0.0860902,0.942191,0.0874639
66.966349206,0.0943141,0.698479,2.42222,0.00184086,0.084817,0.817602,0.399324,0.788207,0.991604,0.283658,0.670306,0.303619
67.012789116,0.405093,0.644236,2.34649,0.00529315,0.0765903,0.64581,0.4201,0.818777,0.923029,0.980299,0.175018,0.468088
67.059229025,0.369064,0.58675,2.49513,0.00655089,0.0928936,0.401833,0.362319,1.13662,0.590119,1.08386,0.0100735,0.300189
67.105668934,0.771836,0.801931,2.69576,0.0619542,0.112799,0.000939246,0.257346,1.30483,0.259851,0.929327,0.0764509,0.0747115
67.152108844,1.12495,1.00697,2.6356,0.118381,0.0343496,0.22508,0.33899,0.937854,0.101808,1.04956,0.109879,0.0682015
67.198548753,0.845525,0.926388,2.42914,0.151619,0.0306239,0.679374,0.635821,1.09594,0,1.08617,0.272383,0.267225
67.244988662,0.602417,1.44091,1.97484,0.194902,0.0407902,0.96591,0.339693,0.785694,0,1.06167,0.369607,0.20169
67.291428571,0.135362,2.22012,1.02317,0.157903,0.198673,0.80727,0.252957,0.895836,0.665581,0.0719492,0.16999,0.178978
67.337868481,0.476817,2.10179,0.640785,0.440948,0.118502,0.472151,0.186614,1.30786,0.429551,0.0184896,0.00131213,0.319154
67.384308390,0.49407,2.20291,0.305699,0.159569,0.230636,0.553772,0.0257779,1.7752,0.391653,0.000754128,0.0751919,0.175779
67.430748299,0.522821,1.8614,0.268339,0.228209,0.227957,0.555929,0.130277,2.15745,0.477411,0.0243623,0.151279,0.043979
67.477188209,1.0009,1.49616,0.358493,0.30958,0.0832848,0.332573,0.0384865,2.58682,0.679361,0.0951879,0.108417,0.0702249
67.523628118,1.74516,0.96873,0.233459,0.319177,0.0763004,0.440911,0,2.76662,0.996931,0.036844,0.0892436,0.0629021
67.570068027,2.95679,0.138052,0.249867,0.601682,0.126255,0.0345103,0.941247,2.15382,0.405453,0.00497567,0.0885575,0.0876827
67.616507937,3.29487,0.120211,0.155002,0.648918,0.235218,0.00541418,1.10415,1.99259,0.39832,0.00587954,0.0605949,0.117822
67.662947846,3.47556,0.190453,0.01187,0.860551,0.119188,0.00612678,1.18987,1.81675,0.31631,0.00655223,0,0.180538
67.709387755,3.06313,0.0218415,0.0317889,0.780344,0.121747,0.00472671,1.4649,1.44329,0.00702444,0.00141747,0,0.0838932
67.755827664,2.04209,0.129763,0.00669864,0.715924,0.0893906,0.015656,1.42043,1.25487,0.402779,0.194929,0,0.518178
67.802267574,1.33693,0.229233,0.708028,0.960513,0.533665,0.0586665,0.0163793,1.2528,0.553956,1.17733,0.606716,0.671891
67.848707483,0.710121,1.22756,0.760415,0.661073,0.598037,0.49868,0.0979763,1.1475,0.488389,1.29013,0.78319,0.311142
67.895147392,0.456805,1.04413,0.187561,0.587467,0.11666,0.410604,0.483827,1.30989,0.734035,1.25638,0.357601,0.0903543
67.941587302,0.209084,1.87095,0.00628339,1.1061,0.266732,0.932064,0.563292,1.10901,0.561733,0.313866,0.381552,0.127174
67.988027211,0.508719,1.8584,0.0955468,0.98651,0.452022,0.832505,0.560095,1.2472,0.197642,0.39066,0.494832,0.461666
68.034467120,0.60004,1.35877,0.45902,0.640145,0.394364,0.745712,0.388186,1.52924,0.176136,0.354172,0.534855,0.605099
68.080907029,0.497073,0.632511,0.980432,0.524857,0.0144246,0.47069,0.313086,1.47186,0.35821,0.219925,0.650614,0.551589
68.127346939,0.486962,0.215889,0.756475,1.16731,0.0204209,0,0.209064,1.45973,0.283307,0.0901,0.736674,0.0958169
68.173786848,0.549036,1.11423,1.06817,1.134,0.0095919,0,0.318512,0.838197,0.790339,0.353161,0.665773,0.48792
68.220226757,0.986156,1.58038,0.841326,0.676488,0.0135293,0.0329979,0.281934,0.720618,1.14812,0.127799,0.21408,0.762321
68.266666667,1.00636,2.31982,0.929323,0.112205,0.0223966,0.292864,0.233503,0.692619,1.06734,0.098823,0.0982883,0.718612
68.313106576,0.970338,2.76595,0.920271,0.106998,0.785397,0.307147,0.0986659,0.759845,0.86485,0.0548207,0.13494,0.554704
68.359546485,1.88923,2.4259,0.591184,0.100934,1.11543,0.00887325,0.0412025,1.19946,0.842478,0.0527764,0.163649,0.590555
68.405986395,2.08796,1.29889,0.306358,0.0158334,0.97077,0.36943,0.0122951,1.8227,0.874729,0,0.000479302,0.532649
68.452426304,1.64329,0.724653,0.0804772,0,0.784487,0.388118,0.00698925,2.51836,0.310872,0.48373,0.256771,0.775139
68.498866213,1.66541,0.657355,0.262082,0,0.542195,0.334759,0.0143035,2.17153,0.669835,0.472495,0.586394,0.737258
68.545306122,1.53099,0.580147,0.627601,0.00510149,0.107836,0.169178,0.0671095,2.11917,0.783596,0.455442,0.576499,0.674164
68.591746032,1.49988,0.830351,0.714129,0.00994498,0.0327531,0.244573,0.00125201,2.114,0.614915,0.484783,0.51642,0.742527
68.638185941,1.44823,1.03701,0.630634,0.0157319,0.511519,0.301206,0.0060059,2.00722,0.295554,0.255644,0.148749,0.645835
68.684625850,2.24536,0.684926,0.705963,0.114534,0.377691,0,0.304007,1.50145,0.133306,0.190006,0.220583,0.125588
68.731065760,2.44711,0.417845,0.763052,0.147744,0.418884,0,0.443071,1.48874,0.0684829,0.116133,0.200983,0.0351454
68.777505669,2.2716,0.368132,0.843255,0.19245,0.464187,0.354364,0.263762,1.27715,0.234343,0.0780128,0.0892167,0.0848315
68.823945578,1.74218,0.383343,1.67121,0.328241,0.423024,0.478058,0.128017,0.894365,0.427028,0.600018,0.663022,0.175722
68.870385488,0.0625077,0.897346,0.951691,0.184345,0.407556,0.775061,0.180171,1.33865,0.45354,0.999605,0.915876,0.70112
68.916825397,0.00128569,0.736057,0.574374,0.437847,0.0272165,0.860942,0.390874,1.22353,0.48752,1.00474,0.425665,0.326722
68.963265306,0.286809,0.981517,0.864666,0.876094,0.0595924,1.06011,0.366309,1.4137,0.502453,0.596968,0.108317,0.141934
69.009705215,0.351557,1.46715,0.611586,0.886365,0.0994027,1.10716,0.0610845,1.76712,0.443306,0.107089,0.288291,0.251338
69.056145125,0.31361,1.76143,0.744075,0.849769,0.121612,0.946803,0.0067382,1.60869,0.377433,0.148629,0.411261,0.297426
69.102585034,0.319003,1.26027,0.639777,1.30349,0.151413,0.587411,0.363022,0.838371,0.396681,0.0584884,0.713138,0.377035
69.149024943,0.296333,1.07861,0.597361,1.76979,0.0173947,0.0125083,0.451231,0.91324,0,0.013669,0.75926,0.237302
69.195464853,0.0993881,0.988263,0.512167,2.07249,0.0227521,0,0.373033,0.888722,0.0114552,0.0660157,1.15715,0.750873
69.241904762,0.141574,0.694915,0.282126,2.622,0.0871528,0,0.330647,0.66309,0.154418,0.110437,1.16774,0.777481
69.288344671,0.193136,0.554949,0,2.68851,0.242442,0.0574763,0.126705,0.458549,0.419439,0.189825,1.15206,0.682539
69.334784580,0.170981,0.788557,0,2.83942,0.31457,0.0451246,0.128043,0.455207,0.629532,0.0016415,1.00489,0.718444
69.381224490,0.217194,0.960149,0,3.10636,0.0343674,0.0502686,0.0795272,1.12982,0.450101,0.0953714,0.677918,0.607702
69.427664399,0.219314,0.95021,0.457058,2.43456,0.0444906,0.103599,0.189275,1.4101,0.634688,0,0.552876,0.000364289
69.474104308,0.740884,0.413143,1.147,1.17444,0.038716,0.112369,0.443235,1.73971,1.05687,0,0.567385,0
69.520544218,0.931486,0.35766,1.68883,0.207397,0.0225375,0.317095,0.547865,1.93002,0.992031,0.343655,0.444413,0.0585481
69.566984127,0.986152,0.216787,1.79462,0.0655085,0.111207,0.366595,0.464982,1.85906,0.96587,0.558524,0.323179,0.0821902
69.613424036,1.25743,0.117684,1.81327,0.0072849,0.800985,0.126977,0.196332,1.69962,0.869403,0.902429,0.393096,0.0498306
69.659863946,1.37272,0.286059,2.30573,0.00795571,1.04663,0,0.134986,1.04987,0.607808,0.630449,0.665563,0.0891239
69.706303855,0.829197,0.353212,3.1389,0.0286731,0.574951,0,0.291185,0.62827,0.382169,0.120792,0.721023,0.156175
69.752743764,0.745587,0.293926,2.83729,0.00670268,0.14551,0,0.0224098,1.71657,0.405161,0,0.218421,0.0478194
69.799183673,1.26631,0.371187,1.80783,0.0110016,0.298853,0.00130712,0.0168142,2.3129,0.370678,0,0.00163529,0.0899617
69.845623583,1.53617,0.218051,1.51872,0.0514685,0.347351,0.00755639,0.00701467,2.26249,0.189774,0,0,0.212171
69.892063492,1.93675,0.286702,0.923195,0.0185027,0.122882,0.0102995,0.081414,2.2235,0.397526,0.129867,0.388234,0.30321
69.938503401,1.74185,0.65706,0.668264,0.301281,0.059886,0.0264197,0.278327,1.40857,0.770459,0.466114,0.349967,0.193995
69.984943311,1.00908,0.489657,0.336561,0.690703,0.270463,0.320144,0.113119,1.5204,0.862314,0.482757,0.503703,0.322309
70.031383220,1.70569,0.536075,0.403253,0.604053,0.490366,0.463643,0.0562556,1.95259,0.712023,0.442692,0.538954,0.193096
70.077823129,2.52933,0.351736,0.292387,0.458592,0.519753,0.438653,0.0166369,2.09922,0.674265,0.428864,0.328374,0.000360786
70.124263039,3.16305,0.271171,0.210994,0.458884,1.36825,0,0,1.83989,0.569202,0.237124,0.173019,0
70.170702948,3.38673,0.209261,0.148502,0.304347,1.57211,0.00472319,0,1.69524,0.384047,0.150081,0.249673,0
70.217142857,3.72833,0.175941,0.113601,0.0166161,1.27339,0.0033012,0.000778801,1.60463,0.201638,0.123197,0.185711,0
70.263582766,3.89489,0.0703191,0.103453,0.0750706,0.878275,0.00869151,0.0333868,1.45621,0.0493411,0.0232531,0.065881,0.00876067
70.310022676,3.68496,0.00256276,0.128925,0.112619,0.782714,0.0124377,0.0544192,1.41209,0.122129,0.0141888,0.0195129,0.000227075
70.356462585,3.19203,0.00170274,0.145492,0.136937,0.677589,0.00604697,0.0582932,1.35436,0.120585,0.0130222,0,0.0270602
70.402902494,2.19123,0.163686,0.140837,0.240142,0.0612754,0.0108115,0.0506341,1.55003,0.597866,0.206292,0.0724785,0.148244
70.449342404,0.583197,0.903083,0.0338461,0.830706,0.0597944,0.293745,0.251681,1.75664,0.774851,0.704123,0.41069,0.125396
70.495782313,0.393893,0.699142,0.51992,0.975778,0,0.345458,0.105251,1.26379,1.13534,0.763345,0.653879,0.446007
70.542222222,0.755129,0.755683,0.851307,0.762853,0.00897029,0.52085,0.0875332,1.36314,0.926149,0.788106,0.69338,0.434767
70.588662132,0.97504,0.662128,0.698964,1.09011,0.0118192,0.379023,0.0565815,1.53549,0.797017,0.699289,0.709055,0.43619
70.635102041,1.11521,0.421487,0.410739,1.79826,0.922601,0,0.0855632,1.45169,0.597009,0.377604,0.819224,0.0738213
70.681541950,1.54545,0.211717,0.221834,2.20333,0.897523,0,0,1.47611,0.297191,0.118825,0.972946,0.000249936
70.727981859,1.63438,0.179242,0.18199,2.3242,0.81225,0,0.000501848,1.64739,0.12229,0.103991,1.27232,0.00793341
70.774421769,1.06831,0.0752,0.614936,2.14453,0.836939,0,0,1.84868,0.432123,0,0.786418,0.00534605
70.820861678,0.526553,0.108628,0.978915,0.89835,1.02241,0.00615325,0,1.7691,1.14581,0.460145,0.750718,0.295184
70.867301587,0.493959,0.287039,0.989906,0.183052,0.968586,0.0172209,0,1.09069,1.19412,0.862874,0.444568,0.235841
70.913741497,0.344904,0.473168,1.01537,0.127741,0.90016,0.0535279,0,1.50199,1.24564,0.315767,0.517294,0.589636
70.960181406,0.0921005,0.674345,1.14612,0.0929598,0.0232594,0.438818,0.0902981,1.63732,1.26175,0.223808,0.4351,0.851261
71.006621315,0.444375,0.604619,1.54047,0.00695266,0,0.653649,0.126715,1.57221,1.12311,0.803573,0.329384,0.484807
71.053061224,0.831405,0.473069,2.32408,5.13247e-05,0.0081025,0.69133,0.18148,1.57175,1.0309,0.916549,0.232927,0.361211
71.099501134,1.07358,0.410974,2.67508,0.00437735,0.040186,0.540564,0.248264,1.06257,1.10706,1.20326,0.194587,0.207161
71.145941043,1.27757,0.308762,2.78937,0.00498159,0.73755,0,0.457453,0.413093,0.980369,1.31157,0.464717,3.72541e-05
71.192380952,1.30452,0.285912,2.76847,0.104206,0.663165,0,0.249403,0.671778,0.749092,0.695194,0.772037,2.60219e-05
71.238820862,0.744832,0.57104,1.87638,0.877452,0.120715,0.0164169,0.758611,1.67131,0.594673,0.16807,0.427787,0.0737447
71.285260771,1.00772,0.890725,1.17696,1.18453,0.0605746,0.0670672,0.783874,1.23641,0.489663,0.80344,0.438965,0.0861434
71.331700680,1.06721,0.877666,1.77477,0.928783,0.0197038,0.236962,0.834673,1.15453,0.52825,0.986792,0.155891,0.101747
71.378140590,0.739467,0.512213,2.20079,0.549834,0.0215031,0.71946,0.884078,0.778513,0.805238,1.01477,0.117604,0.104361
71.424580499,0.684699,0.576142,1.84056,0.424444,0.0473361,0.978042,0.866532,0.475181,0.950592,0.986332,0.0714956,0.0864384
71.471020408,0.312549,0.749682,1.49161,0.326214,0.0255923,0.853966,0.554471,0.733801,0.678086,0.557687,0.2771,0.61059
71.517460317,1.33909,0.106448,1.12436,0.0965018,0.485618,0.775564,0.687233,0.791894,0.373492,0.0337876,0.662971,0.770708
71.563900227,1.31712,0.0780134,1.31392,0.0152808,0.777771,0.900413,0.418804,1.2429,0.596113,0.0341272,0.230552,0.744801
71.610340136,1.5348,0,1.33608,0.0229341,0.994741,0.702839,0,1.63431,0.853092,0.0296884,0.0499487,0.489208
71.656780045,2.78682,0,0.921952,0.0352404,0.819748,0.417707,0,1.61089,0.968469,0.0103254,0.0328569,0.15586
71.703219955,3.70179,0.124044,0.163873,0.13382,0.531449,0.148979,0.0216558,1.6771,0.479443,0.00699481,0.0237834,0.138252
71.749659864,3.85445,0.112419,0.143798,0.108973,0.947689,0.000477455,0.00197998,1.43276,0.281601,0.102146,0.0392551,0.0643606
71.796099773,3.96051,0.000649601,0.147515,0.0450722,0.772767,0.0133629,0.0400277,1.37475,0.307862,0.1167,0.000274011,0.000379612
71.842539683,3.79981,0.00344028,0.133187,0.151643,0.330129,0.0142623,0,1.40715,0.431941,0.372287,0.000184545,0.0120912
71.888979592,3.35816,0.000883253,0.11412,0.568568,0.164714,0,0,1.47232,0.732325,0.21073,5.13784e-05,0.0528303
71.935419501,2.43243,0.0423987,0.084547,0.787017,0.0749456,0.0131873,0,1.54358,0.96238,0.0429124,0.0131925,0.163684
71.981859410,1.42346,0.00180431,0.232887,0.746333,0.156723,0.0387166,0,1.40737,0.990137,0.106916,0.126831,0.118679
72.028299320,1.15035,0.00797888,0.917862,0.854867,0.545677,0.0369789,0.0191075,0.934245,0.619114,0.126288,0.0471853,0.13302
72.074739229,0.751125,0.520957,1.49957,0.258208,0.639179,0.231032,0.0675862,0.886374,0.839065,0.480622,0.0451981,0.068368
72.121179138,0.452747,0.661133,1.61803,0.00189258,0.565882,0.370506,0.198586,0.767692,0.696501,0.459742,0.156842,0.0975512
72.167619048,0.976454,0.228783,2.2724,0.0223586,0.226047,0.147087,0.332835,1.231,0.610596,0.315007,0.118144,0.481753
72.214058957,0.470785,0.209356,3.07094,0,0.766575,0,0.577521,1.45671,0.041715,0.970998,0.0879352,0.363751
72.260498866,0.313104,0.141609,3.18549,0.304008,0.742998,0,0.674403,0.865019,0.0145892,1.031,0.139016,0.439154
72.306938776,0.166925,0,3.15778,0.455995,0.575464,0,0.719294,0.554526,0.0809008,0.836266,0.446986,0.358511
72.353378685,0.12721,0.00769605,2.77934,1.14988,0.359647,0,0.614369,0.632157,0.0654026,0.559907,0.94463,0.241538
72.399818594,0.0925633,0.0251029,1.71751,2.3748,0.0743144,0.045955,0.5212,1.07268,0.227503,0.32465,1.16184,0.0283695
72.446258503,0.0986729,0.0406679,0.436068,3.31631,0.017662,0,0.152499,1.03536,0.0601197,0.530792,1.52013,0.133725
72.492698413,0.145537,0.188417,0.0103875,3.76078,0.00434326,0.0252538,0.0342998,1.19116,0.369152,0.509035,1.6899,0.411963
72.539138322,0.423329,0.202841,0.821555,2.34309,0.0714039,0.0201291,0.0585719,0.777617,0.44818,0.469967,1.43312,0.551016
72.585578231,0.378225,0.170464,1.95968,1.08932,0.622438,0,0.18532,0.858046,0.506298,0.3884,1.30693,0.398114
72.632018141,0.317157,0.157898,3.41609,0.704811,0.513953,0.187133,0.323734,0.909981,0.373404,0.806836,1.00972,0.328667
72.678458050,0.263405,0.165768,3.80108,0.848944,0.0650076,0,0.40675,0.642953,0.274714,1.11703,0.847846,0.302282
72.724897959,0.178674,0.16655,3.76312,0.928581,0.0620007,0,0.444668,0.199531,0.117752,1.00973,0.932794,0.121239
72.771337868,0.144363,0.171659,3.6563,0.956759,0.0649937,0,0.42614,0.119516,0.0861136,1.04562,0.983186,0.110286
72.817777778,0,0.179319,3.80988,0.834906,0.0750932,0,0.244187,0.020686,0.387046,0.90672,0.866463,0.0311431
72.864217687,0.139432,0.526301,3.82862,0.799384,0.0803246,0.0303272,0.104622,0.00429628,1.12258,0.965415,0.00708911,0.0652596
72.910657596,0.228116,0.775608,3.53027,0,0.0797657,0.0427122,0.128466,0.0524101,0.913526,0.953601,0.154731,0.0884255
72.957097506,0.356511,0.395198,3.46946,0,0.0544972,0.0513553,0.18766,0.190569,0.816536,1.04648,0.0291766,0.112983
73.003537415,0.415846,0.189833,3.16104,0,0.0143738,0.0675956,0.23099,0.458924,0.583309,1.32775,0.0420724,0.0885937
73.049977324,0.630774,0.182239,3.22233,0.0138872,0.103185,0.106144,0.273376,0.589921,0.357768,1.45888,0.00461078,0.199645
73.096417234,0.822876,0.166303,2.55046,0.0789594,0.00739664,0.127427,0.412114,0.875011,0.232644,1.16177,0.0645339,0.36081
73.142857143,1.13568,0.195546,1.96501,0.194646,0,0.289001,0.367762,1.16742,0.339121,0.747181,0.0985241,0.333837
73.189297052,1.36944,0.1822,2.02367,0.188626,0,2.25386,0.220032,0.90028,0.300262,0.767689,0.0949321,0.106631
73.235736961,1.82405,0.240256,1.55142,0.152233,0.00123798,3.51603,0,0.30624,0.175196,0.690335,0.0694822,0.0918931
73.282176871,1.83716,0.141489,0.228835,0.676977,0.0156979,3.54239,0,0,0.964984,0.349264,0.0909173,0.000132278
73.328616780,1.33382,0.276204,0.184794,1.36022,0.0970666,1.97994,0.0742814,0.16947,0.824993,0.134538,0.68793,8.93001e-05
73.375056689,0.648646,0.431917,0.123594,2.42088,0.679206,1.06087,0.0931119,0.130652,0.397116,0.026329,0.699688,7.31825e-05
73.421496599,0.329962,0.474925,0.137824,2.72179,0.450397,0.0326088,0.500781,0.082142,0.249998,0.057708,0.527313,0.314749
73.467936508,0.61168,0.187516,0.127477,2.50871,0,0.0222959,0.450384,0.145938,0.360481,0.077973,0.650718,0.000444906
73.514376417,0.656067,0.13541,0.171565,2.06115,0,0.0229126,0.413769,1.02087,0.433932,0.302694,0.620877,0.000473205
73.560816327,0.666665,0.109253,0.34227,1.61059,0.177512,0.0379052,0.319854,1.37996,0.45444,0.130758,1.06543,0.000366755
73.607256236,1.06503,0.283782,0.360471,1.71594,0.0281199,0.0657363,0.261177,0.905422,1.26715,0.31442,1.03379,0.11639
73.653696145,1.176,0.313557,0.12366,1.96707,0,0.0885993,0.121624,0.766064,1.30871,0.212064,0.88625,0.346274
73.700136054,1.02871,0.259687,0.598191,1.86861,0,0.109991,0.0586206,1.26164,1.05017,0.133326,0.42976,0.332857
73.746575964,1.41723,0.219373,1.11935,0.554917,0,0.329664,0.0245701,1.1174,1.32336,0,0.0211719,0.177061
73.793015873,1.16476,0.497403,1.46411,0.0691114,0,0.140885,0.106132,1.31243,1.07894,0,0.00099879,0.122867
73.839455782,0.45676,0.617962,1.34669,0.256605,0.0150495,0.0396434,0.422577,1.74869,0.703682,0,0,0.422059
73.885895692,0.4073,0.643199,0.731836,0.525586,0.0348341,0,0.410371,1.93159,0.476254,0.350969,0,0.900682
73.932335601,0.283895,0.136458,0.19537,1.02806,0,0,0.637886,2.03034,0.677072,0.195133,0.520799,1.55106
73.978775510,0.22997,0.0860983,0.131361,1.0268,0.0108617,0.0347717,0.954388,1.34051,0.538201,0.0286632,1.21501,1.8817
74.025215420,0.0117795,0.00719634,0.845251,0.591166,0.315245,0.822104,1.01146,0.222007,0.471488,0.0404553,0.593846,1.28217
74.071655329,0.232242,0.314075,1.25597,0.0315648,0.303221,1.25017,0.165567,0.46716,0.298326,0.135919,0.870187,0.858394
74.118095238,0.314374,0.41353,1.26963,0.25279,0.305962,0.0860008,0.204324,0.954851,0.421203,0.326919,0.836161,1.32422
74.164535147,0.285936,0.317789,1.35954,0.122869,0.296841,0.0321645,0.182324,1.13998,0.418767,0.347099,0.762369,1.5886
74.210975057,0.415219,0.182551,1.37715,0.968597,0.0302572,0.146539,0.0113714,0.597724,0.791248,0.272192,0.390384,1.56057
74.257414966,0.256951,0.219012,0.711087,1.91044,0.922364,0,0.0684136,1.30324,0.172209,0.0574894,0.74475,0.517988
74.303854875,0.144581,0.121965,0.432008,2.82826,0.677881,0,0.0823825,1.21337,0.0734833,0.0527171,0.896759,0.615395
74.350294785,0.0367633,0.0313118,0.00211691,3.56225,0.51297,0,0.138735,0.923994,0.0704295,0.0289987,1.0643,0.514801
74.396734694,0.0329003,0.0403732,0.00118034,3.91346,0.327557,0,0.0556742,0.843678,0.0851906,0.00784743,1.23299,0.384434
74.443174603,0.0306015,0.0487108,0,4.13486,0.0608476,0.0226511,0.106088,1.05207,0.275374,0.000109059,1.30884,0.101031
74.489614512,0.0277791,0.0497874,0.00118789,4.22234,0,0.0353059,0.0910287,1.1672,0.0690341,0.723129,1.31414,0.111561
74.536054422,0.0118337,0.0829916,1.89038,2.40877,0,0,0.252475,1.37978,0.173702,0.967616,1.02083,0.0624749
74.582494331,0.0310762,0.0504402,3.12335,0.526674,0.133516,0,0.488042,1.12112,0.10746,1.2373,1.16414,0.0226325
74.628934240,0.242852,0.0233713,3.21664,0.0157738,0.583555,0.00550533,0.498209,0.970571,0.20987,1.25809,1.22207,0.0702252
74.675374150,0.311999,0.18597,3.25629,0.00203899,0.450249,0.0386274,0.461661,0.796724,0.389116,1.35073,1.03487,0.0919974
74.721814059,0.270188,0.172293,3.38269,0.800243,0.0331099,0,0.377704,0.667278,0.275117,1.35827,0.850038,0.22179
74.768253968,0.181492,0.16141,3.52348,0.917919,0.052168,0,0.335559,0.305168,0.123161,1.3815,0.92406,0.112878
74.814693878,0.140874,0.156037,3.60109,0.951216,0.0521882,0,0.329308,0.105969,0.0989229,0.894121,0.875185,0.111716
74.861133787,0.0062228,0.133159,3.70589,0.899366,0.173618,0.00491233,0.323038,0.0283598,0.609085,0.911633,0.507853,0.0341842
74.907573696,0.205916,0.685151,3.7483,0.495434,0.0617282,0,0.289145,0.0286312,0.918809,1.0121,0.00176527,0.0557713
74.954013605,0.24771,0.633266,3.64592,0,0.0632562,0.002162,0.350765,0.0529153,0.827222,1.07689,0.0972283,0.0206216
75.000453515,0.273277,0.281164,3.6251,0,0.192301,0.0110428,0.486301,0.499101,0.839482,1.07866,0.028892,0.0147139
75.046893424,0.143231,0.307998,3.09327,0.00227032,0.0781064,0.0298341,0.575417,1.14431,0.580367,1.27327,0.137107,0.0220596
75.093333333,0.391479,0.297714,2.19082,0.160623,0.169885,0,0.555355,1.31708,0.417002,1.10268,0.354433,0.338108
75.139773243,0.813122,0.512367,0.480245,0.238686,0.590646,0.00829854,0.422718,1.23433,0.523907,0.796142,0.474995,0.525484
75.186213152,1.29016,0.405129,0.314644,0.195394,0.845595,0.0569225,0.0815273,1.15032,0.66243,0.5596,0.424458,0.552343
75.232653061,1.53734,0.262756,0.291129,0.298993,1.04478,0.538341,0.00337396,1.01166,0.612767,0.434146,0.0665842,0.399101
75.279092971,1.75049,0.120107,0.224803,1.71934,0.108387,0.705106,0.00525975,0.68777,0.641758,0.644114,0.0974573,0.0945904
75.325532880,1.11661,0.148887,0.232565,2.55883,0.0197233,0.452682,0.00274354,0.807874,0.840214,0.230142,0.211966,0.0057191
75.371972789,0.750016,0.329581,0.131009,2.8661,0.0271399,0.25343,0.00659559,0.99295,0.739585,0.200452,0.0934637,0.00112096
75.418412698,0.622758,0.427374,0.914421,2.36787,0.149069,0.0386893,0,0.830172,0.424279,0.0599243,0.437122,0.0626928
75.464852608,0.414309,0.417819,1.7989,1.22263,0.205897,0.00234512,0.0587337,0.332233,0.101641,0.226176,0.347586,0.00123305
75.511292517,0.629629,0.297982,2.13181,0.592618,0.182507,0.01115,0.241407,0.428993,0.0170469,0.607957,0.168468,0.0331117
75.557732426,0.619616,0.214584,0.734491,1.68065,0.144143,0.0372573,0.623811,0.764644,0.15152,0.744104,0.10578,0.0442475
75.604172336,0.765094,0.277857,0.0522836,2.80268,0.0160687,0.149639,0.534263,0.804899,0.202935,0.111556,0.199539,0.143392
75.650612245,0.683008,0.265442,0.00534845,3.08299,0.0216383,0.097284,0.338016,0.681066,0.295979,0.0938909,0.633868,0.27275
75.697052154,0.50934,0.242053,0.0765468,3.06179,0.0232367,0.0856549,0.185378,0.557902,0.407053,0.000467932,1.05226,0.322984
75.743492063,0.359999,0.273544,0.431956,2.35265,0.0179501,0.0765908,0.494438,0.535931,0.394687,0.0661173,1.07317,0.151351
75.789931973,0.339497,0.420583,1.3577,1.0128,0.00405262,0.114464,0.357537,0.731794,0.559976,0.167874,0.331509,0.0772573
75.836371882,0.468354,0.24182,1.66042,0.434332,0.0319834,0.118472,0.274169,0.927728,0.577439,0.153884,0.00236281,0.0742984
75.882811791,0.523874,0.121588,1.47509,0.0473217,0.0646096,0.124793,0.172069,1.47103,0.892302,0.135768,0.00123461,0.126537
75.929251701,0.695813,0.150009,1.15346,0.422452,0.117424,0.0024831,0.022958,1.72562,0.943636,0.267143,7.84407e-05,0.201106
75.975691610,0.91608,0.156565,0.151212,0.830701,0.0884756,0,0.0568546,1.84181,1.14271,0.117968,0,0.353698
76.022131519,0.781884,0.0159255,0.0119108,0.848134,0.0686758,0.0185526,0.0519316,1.84076,0.630291,0.044211,0,0.49832
76.068571429,0.580842,0.0036547,0.324508,0.607146,0.513969,0.134838,0.0345319,1.28618,0.30824,0.303686,0.0854532,0.918651
76.115011338,0.552899,0.168144,0.923383,0.497813,0.888119,0.448077,0.0944055,1.09761,0.0358767,0.41344,0.039325,1.20078
76.161451247,0.213722,0.864157,1.37947,0.339633,1.04535,0.383987,0.0487553,0.988725,0.0472693,0.507766,0.51467,1.26632
76.207891156,0.341521,0.537332,1.44777,0.230289,0.999177,0.219837,0.0270564,0.823552,0.287327,0.405935,0.401439,1.35513
76.254331066,0.289755,0.198367,0.901525,1.68352,0.14879,0.352892,0.0549258,1.00175,0.148579,0.163266,0.892232,1.27789
76.300770975,0.301567,0.206079,0.129081,2.72517,0.941191,0,0.0577384,0.959951,0.0132081,0.0370263,0.933575,0.862277
76.347210884,0.165188,0.0367734,0.0422338,3.21572,0.623934,0.00457169,0.00740625,0.724457,0.0671995,0.0637799,0.992921,0.905957
76.393650794,0.0512514,0.0163295,0.00270516,3.64134,0.474968,0.018607,0.0437769,0.551458,0.048891,0,1.15733,0.689022
76.440090703,0.0326954,0.0274931,0.00237883,3.93768,0.223269,0.0257354,0.135901,0.779328,0.137859,4.05735e-05,1.20678,0.463207
76.486530612,0.0302988,0.0671944,0,4.14127,0.0218543,0.0589875,0.12198,0.817715,0.0711472,0.0235194,1.32589,0.0745941
76.532970522,0.031626,0.0471206,0,3.89302,0,0.0577411,0.0488533,0.579803,0.101845,0.782996,1.55023,0.117227
76.579410431,0.0388023,0.0412571,0.186439,3.53318,0,0.0616544,0.0590273,0.579849,0.249961,0.417216,1.62199,0.391605
76.625850340,0.201834,0.0176727,0.898912,2.19186,0.250926,0.118901,0.325365,0.406442,0.263018,1.01058,1.63712,0.286796
76.672290249,0.260467,0.0648253,1.81446,0.693494,0.392364,0.351199,0.283218,0.321554,0.382912,1.24353,1.17244,0.268081
76.718730159,0.270715,0.210464,2.42065,0.0116998,0.410186,0.259178,0.242457,0.219181,0.422473,1.31653,1.07553,0.367438
76.765170068,0.217468,0.186066,3.34558,0.945594,0.128372,0,0.27451,0.0598011,0.262608,1.24732,0.91489,0.403285
76.811609977,0.161703,0.174295,3.67219,0.952206,0.132603,0,0.294024,0.100784,0.126229,1.25673,0.961987,0.114426
76.858049887,0.0991653,0.162312,3.77637,0.952797,0.123083,0,0.34136,0.0583381,0.11006,0.948963,0.930445,0.0708963
76.904489796,0,0.117396,3.7989,1.03333,0.20721,0.00821406,0.376507,0,0.816334,1.00478,0.444649,0.0241766
76.950929705,0.228435,0.729244,3.54912,0.0786592,0.140448,0.00829586,0.275324,0.0181921,0.871528,0.991962,0.0160419,0.112216
76.997369615,0.234382,0.659811,3.19213,0,0.121303,0.00554939,0.363339,0.0536009,0.857895,1.05941,0.0994277,0.0569158
77.043809524,0.0673565,0.591354,3.03054,0.00486555,0.336633,0.0404435,0.464441,0.820152,0.793482,0.996096,0.0290139,3.71418e-05
77.090249433,0.117936,0.411142,2.98863,0.00591734,0.132856,0.0335794,0.489301,1.24356,0.571064,1.14165,0.00730335,0.0285058
77.136689342,0.241013,0.362761,2.49343,0.174878,0.137503,0.110211,0.444379,1.48935,0.572755,1.00572,0.317741,0.284301
77.183129252,0.205114,0.813985,1.13852,2.10073,0.105843,0.102658,0.251635,1.55767,0.392377,0.795303,0.553799,0.720747
77.229569161,0.309577,0.481201,0.151716,3.10709,0.0281106,0.357142,0,1.42265,0.363714,0.412625,0.550004,0.804163
77.276009070,1.22903,0.437232,0.0995168,2.67285,0.0860491,1.69598,0,0.894751,0.296767,0.449564,0.336981,0.610135
77.322448980,1.69575,0.197554,0.179855,0.926775,0.0678231,2.60025,0,0.435596,0.36317,0.99993,0.17395,0.115766
77.368888889,1.22446,0.829765,0.401678,0,0.715871,2.5082,0.000807114,0.522067,0.591299,0.438015,0.000137781,0
77.415328798,1.18967,1.09548,0.282744,0.13498,0.959929,2.15469,0.00214331,0.471745,0.635032,0.37937,0.0610071,0
77.461768707,0.627108,0.958288,0.456876,0.939322,1.2388,1.40548,0.0433635,0.556356,0.35037,0.575601,0.183034,0.126768
77.508208617,0.273581,0.415078,2.71493,0.724056,0.621155,0,0.563511,0.200466,0.0551799,0.201078,0.361075,0.00057039
77.554648526,0.368672,0.204244,2.70838,0.0447908,0.0246317,0,0.785259,1.44163,0.327679,0.631201,0.293975,0.000489082
77.601088435,0.392833,0.198355,2.35236,0.0800714,0.0148764,0.00922035,0.803153,1.6714,0.3201,1.08413,0.200559,0.000460756
77.647528345,0.590978,0.37733,1.91243,0.171727,0,0.0243881,0.664987,1.60937,0.394874,1.26284,0.187897,0.0202306
77.693968254,0.630078,0.413425,1.50829,0.388055,0,0.0563884,0.517891,1.58846,0.41624,1.29495,0.272555,0.153378
77.740408163,0.712847,0.518633,1.51687,0.697836,0,0.040132,0.384066,1.47017,0.48106,0.737547,0.816745,0.414542
77.786848073,0.712972,0.0922211,1.25098,1.24793,0,0.0669561,0.220089,1.59278,0.550453,1.04609,0.0260068,0.322251
77.833287982,0.932096,0.0542599,2.13007,0.67922,0,0.0704006,0.20613,0.910776,0.605732,0.699399,0.00154294,0.177276
77.879727891,0.658285,0.0926856,2.6693,0.155838,0.00184822,0.109409,0.0976871,0.56853,0.598319,0.347281,0,0.14586
77.926167800,0.471158,0.175177,2.40206,0.00313101,0.0300964,0.15841,0.043472,0.835031,0.805188,0.380158,0,0.15771
77.972607710,0.366119,0.276592,1.51789,0.268261,0.0621166,0,0.0504383,1.5403,0.940332,0.414446,0,0.164091
78.019047619,0.325283,0.210386,0.511781,0.952595,0.0171613,0.00351286,0.0989429,1.77529,1.04894,0.159636,0,1.016
78.065487528,0.0997271,0.383613,0.0742513,0.890625,0.217854,0.188684,0.499952,1.5174,0.509375,0.244779,0.0287,1.42811
78.111927438,0.0880173,0.317745,0.0253906,0.804615,0,0.357059,0.889358,1.61438,0.0486144,0.428464,0.0612736,2.01725
78.158367347,0.188506,0.600518,0.500694,0.781667,0.00737386,0.666829,1.24706,0.94975,0.0110292,0.492657,0.124154,2.12553
78.204807256,0.210662,0.539961,1.0354,0.568046,0.219307,0.71201,0.980087,0.788176,0.0949031,0.636454,0.520019,2.01429
78.251247166,0.398542,0.393644,2.54805,0.0412161,0.00747391,0.679326,0.453361,1.00412,0.241326,1.16919,0.0414374,1.12188
78.297687075,0.400689,0.20604,2.74647,0.0589284,0.339673,0.413563,0.548778,1.28124,0.0923391,0.866733,0.111517,0.623141
78.344126984,0.293655,0.197859,2.13348,0.373496,0.829042,0,0.529478,1.11989,0.0161663,0.851079,0.17461,0.456325
78.390566893,0.126526,0.007584,1.81035,0.705442,0.577852,0.000675417,0.534201,0.622026,0.0881765,0.805982,0.353695,0.475818
78.437006803,0.0511573,0.145059,1.55286,1.1027,0.439055,0,0.61477,0.446341,0.039385,0.726855,0.542251,0.284822
78.483446712,0,0.62751,1.28636,1.27971,0.112105,0.0270956,0.700414,0.565063,0.0922819,0.798247,0.676277,0.0368402
78.529886621,0.124893,0.533909,1.47694,1.48118,0.0560357,0.0129942,0.438418,0.321184,0,1.05541,0.666474,0.208726
78.576326531,0.0688033,0.103732,0.956607,1.30363,0.0129537,0.305067,0.300529,0.461595,0.554694,1.459,0.30866,0.869371
78.622766440,0.264002,0.38056,0.614568,0.860869,0,0.5658,0.168803,0.56606,0.798316,1.11471,0.106189,1.17179
78.669206349,0.300414,0.289275,0.534555,0.324456,0.331388,0.846926,0.397671,0.756251,0.488065,0.91461,0.452807,0.989802
78.715646259,0.31476,0.274174,0.480149,0.408905,0.463437,0.83382,0.310927,0.805021,0.443062,0.967284,0.949359,0.799053
78.762086168,0.365555,0.295369,0.293085,0.651791,0.210356,0.437009,0.215517,0.711612,0.401181,1.21901,1.49659,0.55901
78.808526077,0.226608,0.45002,0.663933,1.46962,0.362794,0.107331,0.14326,0.295586,0.344558,1.27085,1.15187,0.547272
78.854965986,0.636555,0.209304,0.696553,1.75353,0.0745032,0,0.424118,0.177044,0.405701,1.3964,0.572411,0.504843
78.901405896,0.456735,0.114386,0.510181,1.46178,0.0740511,0,0.514698,0.416155,0.378475,1.33426,0.682833,1.22121
78.947845805,0.462623,0.00173811,0.544811,1.37214,0.320902,0.0869504,0.744824,0.0963698,0.758171,1.03979,0.110177,1.49279
78.994285714,0.870453,0.741106,0.315722,0.571422,0.432135,0.0902281,0.802852,0.0663336,0.832103,1.03807,0.111783,1.34635
79.040725624,0.976168,0.693771,0.178124,0.423048,0.400417,0.112681,0.71798,0.125595,0.770496,0.962574,0.0780749,1.23889
79.087165533,1.17065,0.527617,0.0714016,0.646327,0.221236,0.109598,0.700298,0.60807,0.613842,0.918637,0.0307579,0.89661
79.133605442,1.13208,0.42653,1.08715,0.616256,0,0.313788,0.700099,0.982919,0.610716,1.38431,0.0088594,0.729122
79.180045351,0.504544,0.523977,2.26463,0.295557,0.0203979,0.451484,0.795632,1.28168,0.515008,1.38756,0.00987468,0.464799
79.226485261,0.343984,0.496396,2.39361,0.0537813,0.039494,0.414071,0.792076,1.40953,0.384981,1.40698,0.0582766,0.225694
79.272925170,0.509832,0.235743,2.24759,0.00107612,0.0257447,1.30705,0.754844,1.54716,0.360482,1.50887,0.134569,0.153786
79.319365079,1.49604,0.204852,1.5187,0.0136278,0.0149521,2.20806,0.202431,1.29559,0.0384446,1.22682,0.0650529,0.15942
79.365804989,1.7403,0.366536,0.0792079,0.0669774,0.0192386,2.74665,0.106526,1.35211,0.0193671,0.968412,0.177402,0.129439
79.412244898,1.75394,0.655431,0.0635178,0.0220077,0.0209145,2.93798,0.033948,0.990595,0.298318,0.871373,0.26015,0.0654299
79.458684807,1.33321,0.530622,0.210342,0.763148,0.17477,2.45672,0.115821,0.792496,0.660299,0.766525,0.806629,0.0811836
79.505124717,0.669538,0.503638,0.16643,1.81192,0.488752,0.948044,0.134062,0.848583,0.631279,0.493841,1.04945,0.000307478
79.551564626,0.62636,0.305251,0.140497,2.00794,0.385865,0.0584417,0.106737,1.03169,0.689062,0.00849248,1.18519,0.00029075
79.598004535,0.590582,0.411096,0.554793,2.02682,0.167789,0.00496034,0.22138,1.58163,0,0.209755,1.1318,0.000270666
79.644444444,0.754644,0.306838,0.451562,1.49833,0.0157394,0.100797,0.829021,1.77649,0.0400736,0.269937,1.08143,0.136135
79.690884354,1.10604,0.393582,0.198937,1.15869,0.0250241,0.157422,0.953058,1.47442,0.402057,0.396288,0.955857,0.30959
79.737324263,1.11435,0.630679,0.257951,1.0075,0.0631046,0.321254,0.916248,1.21067,0.699821,0.514243,0.328202,0.520339
79.783764172,0.460386,1.04073,1.45325,0.413659,0.0390701,0.30918,0.022374,0.458581,1.10387,0.32098,0.0857824,0.53644
79.830204082,1.20751,0.847616,1.37733,0.110584,0.104764,0.190574,1.02314,0.794621,0.808447,0.246443,0.0529527,0.0982839
79.876643991,2.10856,0.517673,1.22644,0.00411977,0.367165,0.146357,1.25187,0.851162,0.675684,0.192699,0.0023832,0.120547
79.923083900,2.90729,0.0926069,1.02421,0.000702008,0.566207,0.00705537,1.32964,1.09668,0.310845,0.243401,0.011136,0.0275602
79.969523810,3.79229,0.00353773,0.15365,0,0.630215,0.0359296,0.379911,1.75442,0.268501,0.454692,0.125096,0.0255272
80.015963719,3.71187,0.0975917,0.00307994,0.622313,0.495045,0.0192195,0.0183144,1.87439,0.671609,0.274178,5.56117e-05,0.0439114
80.062403628,3.45007,0.0547095,0.0128513,0.546105,0.413116,0.0206419,0.0169858,2.10291,0.857723,0.0910192,2.94553e-05,0.100886
80.108843537,2.56759,0.000308045,0.0253507,0.375883,0.443571,0.128103,0.0172506,2.37198,0.994606,0.057133,0.0313689,0.0511895
80.155283447,1.22685,0.769342,0.175906,0.796133,0.253251,0.885049,0.00882063,2.05284,0.684588,0.438076,0.0461921,0.451974
80.201723356,0.149838,1.22203,0.737953,0.90947,0,0.933448,0.206724,0.660673,0.391677,0.896464,0,0.469165
80.248163265,0.304692,1.29872,0.675554,0.937584,0,1.25555,0.141946,0.677289,0.245902,1.04363,0.198201,0.45561
80.294603175,0.311221,0.946854,0.893461,0.453691,0.115034,1.77207,0,0.587884,0.272916,0.900197,0.365181,0.508373
80.341043084,0.462704,0.254122,0.760339,0.229107,0.649311,1.74711,0,1.06499,0.0367234,0.819119,0.414795,0.884998
80.387482993,0.592024,0.823313,0.340244,0.462931,1.0288,1.65037,0.0475908,0.895866,0,0.444992,0.260089,1.32943
80.433922902,0.861881,0.88299,0.0332374,1.60252,0.84746,0.176776,0.218441,0.654546,0.058191,0.451601,0.707,1.31368
80.480362812,0.122815,0.793625,0.00142853,2.33496,0.702264,0,0.324934,0.862785,0.0325212,0.19667,1.32462,1.14103
80.526802721,0.0302609,0.622414,0,2.73436,0.326369,0.0271436,0.351313,0.940651,0.0707233,0.0613243,1.65714,1.08834
80.573242630,0.0316794,0.108816,0.0117241,3.02303,0.201603,0.001106,0.44224,0.547372,0.0118486,0.310118,1.74894,0.922923
80.619682540,0.0226437,0.311265,0.067411,2.76677,0.00648616,0.0802377,0.120296,1.1274,0.307867,0.867686,1.94644,0.265973
80.666122449,0.0662739,0.763959,0.45275,1.59888,0,0.589156,0.0767621,1.00075,0.661366,0.830549,1.94374,0.459324
80.712562358,0.0914465,0.776748,0.514756,1.51002,0.00842133,0.892757,0.00135505,0.907049,0.654588,0.621197,1.16632,0.494229
80.759002268,0.241113,0.632537,0.261479,1.99691,0.00762317,0.70882,0,0.966658,0.6371,0.565841,0.890998,0.488738
80.805442177,0.322816,0.308053,0.16085,2.34954,0.00190226,0.354389,0.00868935,1.04291,0.676405,0.667487,1.11358,0.561557
80.851882086,0.444039,0.200492,0.610538,3.03125,0,0.0596778,0.327476,0.622473,0.259026,0.58961,1.21675,0.232457
80.898321995,0.9348,0.176582,1.96716,1.90895,0,0.0625259,0.258771,0.215131,0.201814,0.794078,0.427772,0.118298
80.944761905,0.756959,0.0506716,2.90885,0.966743,0.222655,0.0359009,0.123739,0.0660154,0.245758,0.557396,0.273786,0.222526
80.991201814,0.66891,0.319302,2.9481,0.894345,0.199328,0.063834,0.0618381,0.055961,1.25734,0.349827,0.0608705,0.0934113
81.037641723,0.567019,0.804632,2.61274,0,0.117563,0.0869912,0.0414377,0.601381,1.13556,0.146711,0.0698613,0.152036
81.084081633,1.51571,0.698306,1.82229,0,0.345051,0.155773,0.0320064,1.24873,0.804081,0,0.00839664,0.125107
81.130521542,2.13833,0.901525,0.196919,0,0.359075,0.493782,0.239395,1.79763,0.457053,0.00560364,0.0599222,0.00384699
81.176961451,1.5272,1.43814,0.0145257,0.0077253,0.378378,0.634935,0.125633,2.21565,0.384466,0.132335,0.0889556,0.049041
81.223401361,0.797812,1.56371,0.087396,0.00834062,0.326868,0.736044,0.00233544,2.17618,0.638531,0.167997,0.53202,0.184569
81.269841270,0.328483,1.65731,0.110194,0.0156486,0.148618,0.655762,0.042979,1.65913,0.659764,0.19948,0.772499,0.247203
81.316281179,0.558785,1.3586,0.383125,0.0156608,0.109506,0.475909,0.203656,1.24534,0.397487,0.235759,0.721835,0.267015
81.362721088,2.11971,1.40604,0.254807,0,0.183222,0.000798165,0.223999,1.33776,0.171749,0.108829,0.264414,0.506153
81.409160998,1.66481,1.89019,0.0850681,0.232983,0.186279,0.00327972,0.236376,1.37246,0.0472724,0.0933037,0.502971,1.156
81.455600907,1.5795,1.24632,0.132143,1.02685,0.105749,0.00542502,0.353702,1.15381,0.0394478,0.160689,0.292319,1.2671
81.502040816,0.871763,0.923201,0.478041,1.00222,0.0358482,0.00442364,0.417397,0.522807,0.103597,0.934802,0.035454,1.08619
81.548480726,0.372779,0.968949,1.6041,0.729512,0.00184964,0.0230363,0.405391,0.122807,0.320535,0.876718,0.0157579,1.0254
81.594920635,0.157559,1.19339,2.3543,0.508091,0.0292678,0,0.385092,1.14631,0.28954,0.876405,0,0.582274
81.641360544,0.222147,0.784618,2.73916,0.35878,0.016757,0.12508,0.616855,1.37777,0.286222,1.06348,0,0.0703786
81.687800454,0.102158,0.767625,2.34173,0.119049,0.0181346,0.432292,0.681755,1.60636,0.400746,1.39727,0.00353529,0.0193327
81.734240363,0.185689,0.877862,2.05377,0.186278,0.0401677,0.493181,0.688197,1.82942,0.345798,1.55211,0.062588,0.0375998
81.780680272,0.326947,0.579981,2.01332,0.153263,0.0484474,0.0361601,0.742288,2.17531,0.373964,1.53689,0.102746,0.0505616
81.827120181,0.711856,0.180734,1.76654,0.397325,0.0422238,0.0027851,1.61898,1.32164,0.335723,1.22586,0.0732953,0.0990088
81.873560091,0.959097,0.113403,1.85114,0.510904,0.0377393,0.00323215,1.58671,1.03043,0.349149,0.704187,0.152022,0.145718
81.920000000,0.664521,0.0783478,2.08764,0.366722,0.0271311,0.00582836,1.70883,0.634831,0.301994,0.647383,0.0613445,0.112897
81.966439909,0.634814,0.539056,2.58623,0.0763972,0.0168833,0.0374983,1.65284,0.499109,0.0492557,0.960256,0.0231064,0.190446
82.012879819,0.479202,0.253303,3.37827,0.0386733,0.0227474,0,0.787101,0.564551,0.408537,1.36333,0.000358606,0.190493
82.059319728,0.310592,0.0352523,3.26777,0.203171,0.0319497,0,0.345517,0.769985,0.762993,1.2603,0.00127837,0.0626761
82.105759637,0.210106,0.108656,2.38238,0.329777,0.0175656,0.0271194,0.358087,0.782613,1.38669,1.38976,0.1175,0.127001
82.152199546,0.0902255,0.318839,1.94174,0.343189,0,0.268129,0.344544,0.73922,1.42785,1.59091,0.141064,0.109699
82.198639456,0.205527,0.34893,1.91488,0.846874,0.0149522,0.594907,0.199733,0.900201,0.848284,1.07277,0.206605,0.716885
82.245079365,0.318212,0.306353,2.07071,1.09712,0.0742688,0.753985,0.351693,1.14576,0.67019,0.800573,0.0330055,0.920402
82.291519274,0.313711,0.426668,1.8029,0.830432,0.113077,1.40424,0.0611297,0.951661,0.560489,0.684161,0.00515618,1.11998
82.337959184,0.671474,0.526866,0.788745,0.146899,0.33253,2.09927,0,0.945329,0.503255,0.399662,0.0309009,0.620201
82.384399093,0.713051,0.65957,0.601633,0.302073,0.263709,2.1974,0,1.01198,0,0.182135,0.0836049,0.635627
82.430839002,0.865392,1.3355,0.13644,0.36317,0.436977,2.25066,0,0.600888,0.0235609,0.345471,0.113175,0.920012
82.477278912,0.710287,1.28598,0.378992,0.45971,0.458718,1.85511,0.053396,0.324703,0.0586991,0.351804,0.54414,0.890526
82.523718821,0.577148,1.00669,0.550778,1.2081,0.34828,0.257779,0.19833,0.241846,0.461772,0.383282,1.01821,0.913855
82.570158730,0.426729,1.04081,0.636409,1.17144,0.134158,0,0.566145,0.270019,0.510657,0.455769,1.17679,0.982874
82.616598639,0.488267,0.730283,1.51407,1.04283,0.123027,0,0.74247,0.253108,0.832348,0.56339,1.1583,1.01242
82.663038549,0.283595,0.772607,0.875737,1.22174,0.283661,0.401184,0.258214,1.11154,0.706109,0.753081,0.93242,0.751624
82.709478458,0.255585,0.947501,0.539521,1.4789,0.00806018,0.913491,0.0230463,1.23991,0.855664,0.811346,0.732133,0.878413
82.755918367,0.246428,0.962805,0.461502,1.7089,0.0159073,0.924053,0,1.28779,0.755667,0.637299,0.677742,0.814868
82.802358277,0.270584,0.783773,0.142465,2.32679,0.0108162,0.801732,0,1.3533,0.734198,0.593374,0.831903,0.779949
82.848798186,0.294711,0.25016,0.128814,3.14866,0.00445534,0.342913,0.0045878,1.28969,0.788275,0.57035,1.06981,0.669822
82.895238095,0.562051,0.27184,1.50193,2.61011,0,0.040005,0.260734,0.280306,0.304462,0.64931,1.35515,0.125451
82.941678005,0.82625,0.336537,2.48832,1.64372,0,0.0203161,0.192243,0.190996,0.290756,0.662232,0.329483,0.117653
82.988117914,0.272151,0.199391,3.34157,1.00868,0.0353505,0.0587877,0.0873217,0.0785666,0.324714,0.428671,0.361824,0.198582
83.034557823,0.250453,0.628985,3.18536,0.733959,0.181235,0.0542636,0.0494609,0.0583418,1.04179,0.314954,0.0644083,0.101676
83.080997732,0.42945,0.854993,2.83619,0,0.149372,0.0766161,0.0416996,0.544252,1.03108,0.15656,0.0560701,0.122733
83.127437642,1.62953,0.904369,1.68826,0,0.16063,0.16438,0.266276,0.91031,0.77835,0.0599761,0,0.084162
83.173877551,2.26335,0.725704,0.488781,0,0.189047,0.452515,0.32279,1.56082,0.718521,0.380519,0,0
83.220317460,1.75352,1.21384,0.0298578,0.138779,0.154873,0.537851,0.120299,2.01774,0.635462,0.788596,0.0294926,0.0756409
83.266757370,1.0475,1.34114,0.101106,0.127869,0.0631809,0.570859,0.0671552,1.85713,0.762509,0.722636,0.274081,0.253023
83.313197279,0.898426,1.2701,0.293741,0.184546,0.0363998,0.468422,0.236266,1.45458,0.828249,0.642849,0.360972,0.103731
83.359637188,0.966725,1.10832,0.270555,0.606663,0.0085241,0.152322,0.708117,1.44268,0.338136,0.54588,0.266163,0.0623067
83.406077098,1.14114,1.43562,0.71637,0.743584,0.017596,0.00575589,0.876967,1.08947,0.129263,0.569158,0.411292,0.0699601
83.452517007,1.54561,1.64608,0.710574,0.592104,0.0720106,0.000718422,0.182641,1.07647,0.25663,0.395494,0.715367,3.81946e-06
83.498956916,2.00571,1.2709,0.466228,0.434964,0.14025,0,0.000302958,0.825208,0.410493,0.414827,0.762926,0.000154667
83.545396825,2.06578,1.23072,0.445921,0.378289,0.334692,0,0.00114462,0.317453,0.381247,0.380741,0.823538,0.00023048
83.591836735,2.1372,1.18624,0.606545,0.47317,0.497933,0,0.0014157,0.0480589,0.00479975,0.304887,0.847409,0.000255384
83.638276644,2.37667,1.022,0.346826,0.277152,0.738231,0.0307786,0.0723347,0.645307,0.000808837,0.29466,0.549712,0.242532
83.684716553,0.406187,0.953752,0.358195,0.55365,0.523163,0.643563,0.153957,1.88662,0.314927,0.23838,0.221385,0.698534
83.731156463,0.301102,1.26014,0.187526,0.476189,0.535385,1.09627,0.0341068,2.06347,0.507403,0.29114,0.265192,0.401379
83.777596372,0.518339,1.28381,0.15015,0.607212,0.450323,1.17513,0.00718937,2.20495,0.609292,0.168201,0.19107,0.313651
83.824036281,0.908272,0.970041,0.203381,1.03771,0.442599,0.693751,0.527545,2.22946,0.396366,0.125697,0.0849983,0.312457
83.870476190,1.36723,0.254586,0.166409,1.12533,0.178735,0.029369,1.09683,1.84164,0.311473,0.152525,0.0668398,0.113576
83.916916100,1.50755,0.406555,0.307129,0.917641,0.0801723,0.0366731,1.31641,1.46402,0.36627,0.384467,0.122624,0.156683
83.963356009,2.72326,0.168677,0.0656027,0.900001,0.391752,0.0549059,1.3127,1.10501,0.398811,0.0787991,0.396765,0.0798698
84.009795918,3.43087,0.00043085,0.0924204,0.455712,0.447088,0.108508,1.24582,1.2762,0.294646,0.0328484,0.316033,0.119726
84.056235828,3.18135,0.00231648,0.142892,0.151049,0.186927,0.143046,0.43078,0.902829,1.08612,0.591471,0.000137104,0.0342376
84.102675737,2.48003,0.293476,0.165235,0.394643,0.112134,0.266487,0.00337343,0.678842,1.70265,0.479188,0,0.0852228
84.149115646,1.73629,0.483332,0.155861,0.365546,0.0971766,0.374974,0.207149,0.356701,1.97688,0.352299,0.0123026,0.185332
84.195555556,0.426966,0.962121,0.234441,0.737911,0.0753343,1.00509,0.209083,1.45619,1.10282,0.350499,0.775212,0.172435
84.241995465,0.156564,1.51182,0.196029,0.97688,0.0043003,1.04399,0.0675174,1.64698,0.577066,0.355973,0.875131,0.295812
84.288435374,0.425083,1.44172,0.33288,1.02015,0.0151502,0.830558,0.146604,1.75435,0.387155,0.240089,0.610292,0.391394
84.334875283,0.398781,1.42114,0.359817,0.824941,0.0127676,0.874101,0.138265,1.86429,0.348685,0.236875,0.45727,0.611324
84.381315193,0.458625,1.39506,0.979727,0.111512,0.00876783,0.589574,0.0489975,2.01896,0.311273,0.20949,0.639601,0.892613
84.427755102,1.65134,0.793762,1.35716,0.00163533,0.0166263,0.0517917,0.244832,1.06682,0.97516,0.0344787,0.0954631,0.952555
84.474195011,2.05133,0.987701,0.617649,0,0.0481521,0.0701257,0.302634,0.777742,1.08794,0.154071,0.139051,0.8258
84.520634921,2.28753,0.960184,0.449819,0,0.122686,0.092675,0.373914,0.895966,1.08108,0.0426816,0.0679118,0.556164
84.567074830,2.33455,0.690368,0.177238,0.00102892,0.160838,0.0999549,0.507597,1.14844,1.00735,0.0616687,0.00384127,0.495138
84.613514739,2.49857,0.83313,0.2083,0.00346972,0.0820149,0.105624,0.741123,1.14566,0.894238,0.0576299,0.00707876,0.308331
84.659954649,1.86508,0.696785,0.132042,0.02991,0.0844583,0.106791,0.805435,1.31955,0.518253,0.0992074,0.499754,0.250877
84.706394558,0.517781,1.17497,0.688365,0.158375,0.143475,0.300469,0.252824,1.46118,0.458489,0.447929,0.937468,0.221256
84.752834467,0.0939467,1.67064,0.692269,0.085011,0.000187708,0.481672,0.111335,1.77881,0.621306,0.565822,0.879615,0.505995
84.799274376,0.211522,1.68301,0.839689,0.0936996,0.0406711,0.572586,0.09839,1.78458,0.766444,0.382823,0.658226,0.401181
84.845714286,0.202895,1.74127,0.824262,0.0816512,0.062329,0.605362,0.0837556,1.94418,0.744545,0.252741,0.602823,0.392344
84.892154195,0.314566,1.60974,0.83434,0.0981468,0.0887735,0.357922,0,2.29746,0.557846,0.212982,0.508474,0.434879
84.938594104,1.47075,1.03399,1.02447,0.264837,0.032531,0,0.58106,1.08093,0.206537,0.0475975,0.796756,0.239302
84.985034014,1.51472,0.879385,1.12025,0.445991,0,0,0.710488,1.15593,0.140753,0.0844039,0.850518,0.145788
85.031473923,1.53439,0.897075,1.2525,0.635305,0.126018,0,0.871377,0.9923,0.239343,0.0547018,0.595114,0.0547319
85.077913832,1.11509,1.01194,1.28413,0.902945,0.16593,0,0.306129,1.11004,0.790246,0.233019,0.605251,0.191412
85.124353741,0.504296,0.929993,1.16538,0.866122,0.165664,0,0.107238,0.809338,1.51798,0.382498,0.95876,0.180701
85.170793651,0.190218,0.512829,0.8647,0.90356,0.229855,0.215051,0.110829,0.844004,1.4685,0.551628,1.2688,0.0738863
85.217233560,0.169157,0.719003,0.804226,0.958731,0.533193,0.612986,0.0470198,1.13291,1.0543,0.428198,1.13301,0.059519
85.263673469,0.524446,0.717231,0.626333,0.893863,0.511083,1.0015,0.00809193,0.963584,0.935308,0.121444,0.917181,0.0887783
85.310113379,0.675836,0.67328,0.653442,0.964635,0.507552,1.0296,0.00588642,1.02052,0.669841,0.0633375,0.516197,0.113318
85.356553288,0.683434,0.881779,0.648226,0.930084,0.386915,1.71868,0.00141077,0.612415,0.382558,0.128617,0.33071,0.368408
85.402993197,0.7029,0.945083,1.03081,0.125778,0.0144965,2.6235,0,0.807867,0.191515,0.210276,0.19475,0.325993
85.449433107,0.613538,1.06345,0.677546,0.408627,0.0198713,2.93049,0.00214806,0.828533,0.00528585,0.206132,0.125731,0.809292
85.495873016,0.426371,1.4782,0.511611,0.434007,0.023036,2.89648,0.0843699,0.357216,0.049272,0.12445,0.171964,1.13397
85.542312925,0.573101,1.66771,0.441503,0.2595,0.0303807,2.15987,0.0113953,1.83336,0.035614,0,0.324296,1.04627
85.588752834,0.159693,1.64585,1.01509,0.00230967,0.0145663,0.849369,0.00467455,3.01658,0.421813,0.00567535,0.278424,1.11153
85.635192744,0.255463,1.5727,1.0193,0.000892446,0.0298443,0.0673997,0.00379923,3.39981,0.151387,0.312638,0.181432,0.987428
85.681632653,0.319685,1.30286,0.794758,0.00780348,0.0402784,0.0838465,0.129773,3.57973,0,0.0037864,0.0855538,0.328443
85.728072562,0.331397,0.675761,0.792295,0.416682,0.0141795,0.391419,0.116084,3.023,0.474749,0.0381766,0.0932501,0.287611
85.774512472,1.09429,0.461093,0.758051,0.478284,0.00522706,1.37456,0.125714,2.05109,0.701623,0.247296,0.124835,0.176985
85.820952381,1.26458,0.446665,0.299708,0.517221,0.0147603,2.15566,0.0100085,1.20907,0.676618,0.344794,0.0497398,0.12802
85.867392290,1.49231,0.27512,0.338257,0.491338,0.657945,2.14828,0,1.00389,0.534442,0.395853,0.0715508,0.0356767
85.913832200,1.7732,0.14361,0.237469,0.236828,0.967177,2.01183,0.0636874,0.905099,0.431774,0.375601,0.203931,0.0680415
85.960272109,1.97381,0.166432,0.0849297,0.0359525,0.808041,2.51331,0.103324,0.585814,0.266305,0.360697,0.113943,0.154947
86.006712018,1.72883,0.0746571,0.036012,0.0288224,0,3.34563,0.124071,0.410476,0.0314721,0.31148,0.00127902,0.0901977
86.053151927,1.50216,0.11937,0.0369023,0.0327996,0.0178233,3.50132,0.0951951,0.465688,0.024344,0.365633,0.0216653,0.103564
86.099591837,1.3207,0.044465,0.0339067,0.0258293,0,3.66358,0.0298437,0.568084,0.0253797,0.332256,0.150067,0.0404129
86.146031746,0.911623,0.172201,0.0432031,0.0258495,0.00246609,3.62585,0,0.613902,0.0212179,0.385095,0.00040568,0.0547772
86.192471655,0.83586,0.971944,0.0605867,0.0228906,0.0302011,3.18049,0.213679,0.618294,0.25665,1.28457,0.000485877,0.0585281
86.238911565,1.08415,0.888301,0.507561,0.0412184,0.0225109,2.84222,0.0687056,0.502735,0.552197,1.26453,0.0119291,4.903e-06
86.285351474,1.07635,0.661432,0.963162,0.015245,0.019422,2.70425,0.226179,0.473353,0.714357,1.08322,0.0697341,0.242112
86.331791383,1.27449,0.690293,0.805721,0.0166027,0.016924,2.67999,0.353183,0.600925,0.674024,0.991875,0.12572,0.316575
86.378231293,1.64369,0.784174,0.86839,0.0177098,0.0638848,2.58817,0.405228,0.536117,0.509961,0.903039,0.103844,0.0794772
86.424671202,1.69504,0.857954,0.735525,0.411287,0.710777,0.764701,0.358344,1.64902,0.360592,0.484576,0.087269,0.113914
86.471111111,1.28409,0.211567,0.846674,0.819281,0.684852,0.0993549,0.659774,2.16387,0.194026,0.168939,0.0614266,0.16692
86.517551020,0.93594,0.110028,0.795843,1.24274,0.29041,0.00544176,0.740915,2.4732,0,0.014442,0,0.154651
86.563990930,0.474552,0.0448265,1.48122,1.62365,0.0242451,0.00799848,0.902837,2.4064,0,0.17719,0.0556032,0.0663456
86.610430839,0.521929,0.00276955,2.53387,1.15584,0.0139908,0.00552608,1.08946,1.7247,0,0.107122,0.110934,0.0519782
86.656870748,0.625803,0.0784899,2.95983,0.489554,0.0130285,0.00636471,0.789893,1.40091,0.00255828,0.382752,0.295536,0.0645154
86.703310658,0.437653,0.169346,2.53822,0,0.021557,0.193342,0.658254,1.37823,0.80682,1.15769,0.298886,0.0877132
86.749750567,0.342369,0.387972,2.43264,0.0740586,0.00108595,0.545632,0.387628,1.06853,0.754947,1.22531,0.176649,0.269424
86.796190476,0.690686,0.253705,1.53326,0.415321,0.0103904,0.567091,0.421845,1.38291,0.662763,0.717235,0.646551,0.392004
86.842630385,0.931791,0.302685,0.770296,1.19367,0.012323,0.641354,0,1.76589,0.617268,0.710071,0.671379,0.467983
86.889070295,1.10169,0.300212,0.261857,2.10273,0.490013,0.171951,0,1.79842,0.580416,0.439764,0.676778,0.257716
86.935510204,1.20343,0.260713,0.00960746,2.69067,0.76265,0.00240955,0,1.46803,0.356183,0.252339,0.912093,0.00068249
86.981950113,1.0022,0.255218,1.51094,1.39404,0.775116,0.0577877,0.0155809,0.703953,0.21233,0.955483,0.315829,0.0319224
87.028390023,0.713542,0.206023,2.70813,0.135774,0.679161,0.0731657,0,0.339455,0.088354,0.422131,0.00132295,0.0831215
87.074829932,0.487768,0.132567,2.87381,0.0106927,0.465592,0.106197,0,0.508537,0.0958772,0.418076,0.00208597,0.0277631
87.121269841,0.581514,0.114817,2.52448,0,0.191339,0.113859,0.00999501,0.901284,0.174298,0.256474,0.00189907,0.0864234
87.167709751,1.36439,0.177918,1.81398,0,0.215024,0.130022,0.00980509,1.58713,0.567375,0.0652639,0.000583593,0.124052
87.214149660,2.28304,0.212662,0.881779,0.000450529,0.265047,0.425015,0.119439,1.76323,0.826345,0.203795,0.0223717,0.0775921
87.260589569,2.15274,0.349386,0.341794,0.169711,0.30581,0.445974,0.0386438,1.319,0.901474,0.591918,0.11947,0.0344109
87.307029478,1.516,0.403911,0.404594,0.435011,0.187656,0.343715,0.0404597,1.71684,0.836415,0.749078,0.178431,0.33605
87.353469388,1.04442,0.376985,0.569195,0.592542,0.0484594,0.21688,0.0845832,2.00599,0.735726,0.754607,0.433155,0.449098
87.399909297,1.08475,0.281714,0.323713,1.10999,0.924846,0,0.0551807,2.24296,0.599513,0.537883,0.572431,0.178343
87.446349206,1.31516,0.261637,0.207762,1.64352,0.942864,0,0,2.11905,0.873708,0.256262,0.806238,5.10933e-05
87.492789116,0.858007,0.825131,0.307487,1.94008,0.0253927,0.0245449,0.121031,2.33069,0.836317,0.156919,0.409092,0.318871
87.539229025,0.790475,1.19879,0.116982,1.5147,0.0248429,0.0349721,0.00223433,2.09173,0.909678,0.0385693,0.49142,0.514297
87.585668934,1.0622,0.883609,0.0573624,1.71578,0.0246108,0.108297,0,1.59374,1.1432,0.0481055,0.421209,0.812902
87.632108844,1.17716,0.374789,0.0891177,1.74224,0.504081,0.0512466,0,1.04748,1.23592,0.139314,0.196895,1.04225
87.678548753,1.21141,0.202226,0.0614322,1.41479,1.35675,0,0.727179,0.58685,1.15617,0.258151,0.087887,1.01196
87.724988662,1.16636,0.348538,0.46108,0.432325,0.950423,0,2.36102,0.257656,0.335639,0.107237,0.0388801,0.991824
87.771428571,0.576941,0.806762,1.14633,0.0580296,0,0.16436,2.36449,0.527361,0.0699805,0.164134,0.191227,0.890783
87.817868481,0.660056,0.481239,0.924614,0.226813,0,0.00686588,1.99835,1.372,0,0.0563923,0.215216,0.825485
87.864308390,0,0.14481,1.37284,0.268091,0,0.0405938,1.27694,2.80461,0.140064,0,0.48051,0.674035
87.910748299,0.0619863,0.274986,1.80315,0.0251419,0.00556203,0.369453,0.674715,2.88797,0.30663,0,0.00990479,1.01094
87.957188209,0.244445,0.267843,2.17362,0.0212542,0.0268592,0.298097,1.15609,1.92244,0.229178,0.0184765,0.244892,0.690132
88.003628118,0.611261,0.262753,2.03691,0.0150913,0.0368867,0.0563207,2.04402,1.01546,0.0326966,0,0.456961,0.269469
88.050068027,1.21452,0.240205,1.0492,0.00601748,0.0573667,0.441191,2.69726,0.190792,0.0726118,0.056301,0.796507,0.231942
88.096507937,0.745425,0.383469,0.120467,0.0139287,0.273585,1.37418,2.44075,0.0374551,0.0722802,0.195877,0.883157,0.075531
88.142947846,0.498311,0.556922,0.0359395,0.026097,0.501175,1.99006,1.69257,0.0254581,0.0520345,0.294838,0.647576,0.000188102
88.189387755,0.815968,0.564151,0.00861513,0.000839939,0.828708,1.92257,0.785124,0,0.0654108,0.368368,0.13095,0.000169336
88.235827664,1.0569,0.396637,0.0717025,0,1.49231,1.08638,0.0336051,0.033541,0.289563,0.740896,0.043466,0.0716716
88.282267574,0.598266,0.324884,0.371904,0.421831,1.90986,0.394619,0.00996271,0.0582123,0.190844,0.953392,0.38992,0.577651
88.328707483,0.0943791,0.268767,0.757512,1.03146,1.53126,0.224065,0.0386852,0.0735537,0.281432,1.29331,0.566584,0.475645
88.375147392,0.0425662,0.529665,1.64669,0.993998,0.446864,0.108858,0.231561,0.848176,0.28099,1.2214,0.617375,0.546391
88.421587302,0.347971,0.323147,2.02959,0.655611,0.464888,0.0519079,0.923846,1.09676,0.0920275,1.21024,0.602805,0.661002
88.468027211,0.927553,0.867815,1.17664,0.563365,0.0642734,0.0485778,0.56326,1.60166,0.0745174,1.52823,0.226833,0.156743
88.514467120,0.0715057,2.08784,0.26478,0.687461,0.0539891,0.165992,0.7522,1.79104,0.212308,1.48573,0.264882,0.166458
88.560907029,0,2.37142,0.373053,0.571231,0.0321053,0.503689,1.11283,0.55597,0.0206286,1.47469,0.199696,0.127183
88.607346939,0,1.79015,0.812721,0.116417,0.0313245,0.696077,1.44012,0.156171,0.0110474,0.797546,0.152602,0.153134
88.653786848,0,1.74884,0.922665,0.454057,0.0188108,0.553637,1.2369,0.695695,0.314876,0.563284,0.0350004,0.148233
88.700226757,0.0259974,1.25653,1.16699,0.424741,0.0842006,0.412153,0.95219,0.636617,1.86232,0.411019,0.00143975,0.262697
88.746666667,0.100717,0.0877117,1.3798,0.44905,0.0180831,0.208925,0.512681,0.439639,2.98309,0.0524294,0.331604,0.16799
88.793106576,0.0945761,0.0835585,0.757233,0.847618,0.0373368,0.21802,0.235028,0.206273,3.2142,0,0.723583,0.0919841
88.839546485,0.0491752,0.468207,0.488434,0.655355,0.0533188,0.124678,0.0428124,0.0599361,3.0992,0.161493,0.97372,0.0485651
88.885986395,0.145681,0.406508,0.233796,0.64343,0.0440253,0.0335639,0.0317782,0.132504,3.11959,0.365094,0.892123,0.0427975
88.932426304,0.180011,0.498235,0.0554427,0.963545,0.0323049,0.0903578,1.18647,0.442379,2.77875,0.765675,0.567117,0.0609497
88.978866213,0.145779,0.382797,0.248421,0.64502,0.0381571,0.207,2.44951,0.507785,1.09725,0.644084,0.107805,0.116815
89.025306122,0.000428891,0.500825,0.486077,0.542591,0.0342092,0.294156,2.58946,0.52783,0.369569,0.00598818,0.141531,0.544641
89.071746032,0.000437137,0.410878,0.993685,0.211524,0.0319863,0.375023,2.44066,1.17489,0.581108,0,0.28166,0.72328
89.118185941,0.000525234,0.405946,1.11062,0.00315014,0.0299382,0.273381,2.16349,1.47172,0.699416,0,0.506628,0.46796
89.164625850,0.0126762,0.219701,0.996997,0.00320294,0.027569,0.364338,1.75421,1.37824,0.562723,0,0.539376,0.459911
89.211065760,0.810021,0.195864,0.6275,0.00869812,0.0118318,0.680344,1.56628,0.699598,0.616818,0,0.425051,0.588693
89.257505669,1.19642,0.394696,0.149308,0.0103977,0.161973,1.17685,1.75632,0.25574,0.295121,0,0.469555,0.37776
89.303945578,1.33616,0.344317,0.0292442,0.10075,0.334263,0.768805,1.82282,0.0849755,0.0805118,0.0456116,0.657597,0.305934
89.350385488,1.0019,0.823876,0.23393,0.130621,0.244416,0.87848,1.47696,0.143315,0.0916711,0.127529,0.627172,0.0526316
89.396825397,0.47856,0.710397,0.379239,0.0217583,0.433287,1.0922,1.61833,0.547833,0.178271,0.0798283,0.232053,0.0429477
89.443265306,0,0.771622,0.747961,0.0734081,0.200078,0.630609,1.41273,1.16195,0.421692,0.0406406,0.278292,0.341518
89.489705215,0,0.658813,1.12984,0.0892649,0.107342,0.53747,1.30996,1.07435,0.379998,0.0155506,0.599124,0.535788
89.536145125,0,0.327514,0.863527,0.0501677,0.10616,0.919344,1.29797,0.548822,0.241128,0.0540628,0.950127,0.301144
89.582585034,0.287875,0.197366,0.463891,0.253715,0.0817635,2.3161,1.00901,0.0260361,0.0791407,0.516727,0.760587,0.392725
89.629024943,0.595839,0.0975719,0.245835,0.0920007,0.0348914,3.07198,0.0789889,0.0403797,0.0469568,0.598919,0.762884,0.574266
89.675464853,0.633557,0.00370818,0.149047,0.0937299,0.0253833,3.14184,0.0933571,0.0425366,0.0350543,0.813802,0.66161,0.748724
89.721904762,0.752188,0.045162,0.0216611,0.0664402,0.00524743,2.89153,0.0705993,0.112533,0.0546139,1.20807,0.558304,0.790944
89.768344671,0.692375,0.117109,0.0489735,0.0179432,0.0224512,2.345,0.00758277,0.0946119,0.0708403,1.25383,0.559332,0.655093
89.814784580,0.307961,0.310454,0.0785828,0.963312,0.415232,1.02654,0.395801,0.0613232,0.0837345,0.842395,1.15575,0.173024
89.861224490,0.00718344,0.559798,0.0866794,1.33475,0.781353,0.582032,0.0884738,0.809294,0.51774,0.179592,1.17683,0.145196
89.907664399,0.0785325,0.356009,0.0654462,1.19617,0.371239,1.60859,0.044589,1.67075,0.627815,0.0777724,0.774516,0.252754
89.954104308,0.257276,0.233044,0.515099,0.4739,0.147465,1.98529,0.0437403,1.65689,0.827683,0.0260583,0.264981,0.810263
90.000544218,0.529668,0.0588362,0.657903,0.237665,0.126478,1.66037,0.0565253,1.50144,1.00229,0.0530856,0.10899,0.646654
90.046984127,0.440205,0.0754993,1.07089,0.177378,0.0133133,0.935579,0.0809117,1.6741,1.68399,0.0525077,0.249199,0.410877
90.093424036,0.201397,0.650278,1.54182,0.108307,0.0289177,0.0489693,0.0861595,1.71609,2.06126,0.096955,0.317203,0.30809
90.139863946,0.281138,1.61378,1.34385,0.136514,0.0322079,0.0454331,0.186905,1.73559,1.63022,0.10049,0.120704,0.231622
90.186303855,0.603066,1.57027,1.44863,0.134359,0.032993,0.0360488,0.48,2.16998,0.801044,0.0999115,0.216252,0.336227
90.232743764,0.453653,1.34457,1.36954,0.0875272,0.0259573,0.134541,0.34135,3.02663,0.0347199,0,0.824695,0.562926
90.279183673,0.370028,0.800936,1.24969,0.151727,0.0466024,0.539448,0.0418854,3.53664,0.101894,0,0.825611,0.0854386
90.325623583,0.0434337,0.00524471,1.32931,0.791359,0.0507534,0.409673,0.188323,3.0774,0.661241,0.00339446,0.350566,0.0152108
90.372063492,0.0944186,0.298633,1.00018,0.827485,0.00666537,0.250301,0.611309,1.55967,0.407754,0.633072,1.2854,0.352324
90.418503401,0.311279,0.23447,0.393374,1.03202,0.00933462,0.236686,0.364568,0.374631,0.100591,1.01581,1.91156,0.304967
90.464943311,0.280198,0.348144,0.245668,1.05897,0.0223917,0.226707,0.342477,0.392602,0.118422,0.989681,2.16585,0.0919863
90.511383220,0.116013,0.52312,0.275576,0.805671,0.00047737,0.377053,0.221803,0.478478,0.102886,0.817828,2.30785,0.0923684
90.557823129,0,0.425228,1.58138,0.0137794,0.0511893,0.590131,0.0647238,0.0545545,0.412687,0.383674,2.76494,0.120724
90.604263039,0,0.055461,1.8493,0.0125471,0.0394018,1.18738,0.0303311,0.0578854,0.562369,0.305283,2.48411,0.0777706
90.650702948,0.0186392,0.155114,1.37383,0.107846,0.578573,0.901921,0.026938,0.0817749,0.624601,0.738355,1.52986,0.115008
90.697142857,0.0790311,0.195424,1.46889,0.160839,0.515193,0.367438,0.259947,0.0825279,0.585755,1.67092,0.929341,0.153976
90.743582766,0.113487,0.562863,1.29695,0.0974284,0.339131,0.0748986,0.511824,0.0842717,0.38507,2.33806,0.482152,0.264141
90.790022676,0.0446467,0.998191,1.11269,0.0916936,0.299945,0.272022,0.234845,0.0780392,0.28422,2.41055,0.239564,0.472463
90.836462585,0.0210128,0.922691,0.618683,0.0243469,0.661943,0.836896,0.386854,0.0880493,0.675324,2.19057,0.210378,0.200644
90.882902494,0.218786,0.74385,0.246289,0.0172127,0.702162,1.00918,1.42969,0.101722,0.905366,1.64503,0.112674,0.0238911
90.929342404,0.357152,0.559406,0.0551863,0.104332,0.795989,0.739203,1.81311,0.29202,0.858311,1.19949,0.0900339,0
90.975782313,0.930183,0.455619,0.0598474,0.268386,0.987034,0.83883,1.69318,0.295875,0.379306,0.192136,0.1752,0.193126
91.022222222,1.24897,0.23061,0.0941546,0.589607,1.20909,0.397161,1.55258,0.105649,0.0833363,0.394907,0.129709,0.289022
91.068662132,1.03914,0.613561,0.1247,0.659687,1.11291,0.0899407,1.12726,0.014712,0.0580304,0.69084,0.676021,0.535583
91.115102041,0.444901,0.827513,0.0047499,0.626904,0.672393,0.806133,0.578793,0.0512501,0.0346737,0.806308,1.53903,1.63594
91.161541950,0.00149756,0.37537,0.172495,0.444603,0.167079,1.43688,0.389528,0.0129665,0.0362306,0.323232,0.831197,2.41291
91.207981859,0.243813,0.200369,0.0570615,0.494165,0.157205,1.54136,0.349271,0.174084,0.021745,0.413126,0.446649,2.35428
91.254421769,0.840121,0.00649839,0.10037,0.460082,0.133132,1.62252,0.254708,0.319144,0.0171741,0.584485,0.241458,1.98531
91.300861678,1.74029,0.00433243,0.160139,0.653977,0.304841,1.58013,0.351323,0.359582,0.0258941,0.420164,0.134258,1.34168
91.347301587,2.74155,0.0510449,0.121242,0.849698,0.455817,1.20762,0.249778,0.715083,0.0320884,0.129145,0.125278,0.351448
91.393741497,3.35358,0.0884202,0.00327935,0.718008,0.669707,0.765663,0.150672,1.29884,0.0368312,0.137468,0.151264,0.105921
91.440181406,3.23746,0.0636429,0.00234852,0.873582,0.567152,0.983881,0.106337,1.27303,0.00137487,0.234158,0.175342,0.0280483
91.486621315,3.20534,0.0104785,0.00231783,0.857411,0.72206,0.915553,0.229651,1.29265,0.000965548,0.240647,0.166747,0.112645
91.533061224,3.31174,0.00266485,7.72969e-05,0.754923,0.875337,0.792131,0.422292,1.22455,0.0403401,0.407209,0.100286,0.0138841
91.579501134,3.32507,0.0372866,0,0.398011,0.891363,0.652859,0.137697,0.987812,0.787598,0.566349,0.0080904,0.101662
91.625941043,3.05764,0.308865,0.427742,0.575096,0.499726,0.0359196,0.00971208,0.886944,1.30435,0.353337,0.154065,0.0275751
91.672380952,1.01985,0.230984,1.17333,0.793368,0.306912,0.159368,0.111331,1.67558,0.868899,0.775038,0.00029048,0.135743
91.718820862,0.682615,0.518121,1.0349,0.802199,0.131799,0.180569,0.0639583,1.36353,0.673051,0.790699,0.0304593,0.326563
91.765260771,0.79925,0.502854,0.890131,0.84031,0.4367,0.161993,0.033382,1.39333,0.603458,0.511981,0.0966759,0.490518
91.811700680,1.03087,0.417608,0.505356,0.839233,0.750979,0.330098,0,1.54842,0.652924,0.473655,0.04363,0.764165
91.858140590,1.72911,0.340723,0.14436,0.789397,0.48519,0.756938,0.93218,0.789152,0.347826,0.252296,0.071627,1.02789
91.904580499,2.3313,0.297192,0.164964,0.666274,0.205304,1.46233,1.31221,0.741352,0.338471,0.26032,0.0495314,1.15385
91.951020408,2.09446,0.193806,0.190845,0.708142,0.022142,1.15772,1.21296,1.38802,0.497501,0.198369,0,0.687042
91.997460317,0.777346,0.065654,0.560714,0.722387,0.0169832,0.720615,0.298321,3.18097,0.101761,0.0052029,0,0.606022
92.043900227,0.442065,0.739575,0.900094,0.122589,0.0654832,0.041242,0,3.69323,0.289146,0.106168,0.0584805,0.345091
92.090340136,0.335156,0.901448,0.620098,0.124738,0.456514,0.156815,0.00251664,3.64301,0.462045,0.146204,0.355461,0.168975
92.136780045,0.352642,1.08051,0.0744165,0.135659,0.486883,0.370216,0.00713671,3.39907,0.416935,0.474852,0.49181,0.198152
92.183219955,0.561464,0.949838,0.00228907,0.518931,0.0539894,0.564579,0.335583,2.75578,0.44875,0.663608,0.131806,0.09065
92.229659864,0.461293,1.54038,0.0451906,0.604214,0.0879329,1.5105,0.365802,1.5899,0.563654,0.685561,0.0493451,0.186709
92.276099773,0.407697,1.34323,0.128003,0.912832,0.0713554,2.00916,0.151659,1.08623,0.437517,0.0688921,0.335199,0.699061
92.322539683,0.453626,1.34645,0.348821,0.885969,0,2.47283,0,1.01295,0.340815,0.171005,0.350913,0.856086
92.368979592,1.04729,1.00351,0.22023,0.442603,0.00297313,2.71759,0,0.968578,0.365184,0.251893,0.339231,0.786217
92.415419501,1.44083,0.785512,0.726982,0.183493,0.0238703,2.75304,0.000531547,0.929031,0,0.139124,0.0813243,0.366236
92.461859410,1.13898,1.44202,0.790565,0.436575,0.0354283,2.13263,0.0158435,0.646835,0.0180601,0.218846,0.341635,0.955227
92.508299320,0.407659,1.86059,0.11681,0.717364,0.0142845,1.80537,0.205462,0.687222,0.0565658,0.331092,0.179703,1.01853
92.554739229,0.026279,1.7257,0.232001,1.26262,0.157404,1.16126,0.289093,0.552011,0.13098,0.240013,0.361257,0.799996
92.601179138,0,1.81588,0.419601,1.89998,0.271593,0.398272,0.275421,0.403882,0.390761,0.094998,0.602291,0.613787
92.647619048,0.00793607,1.74859,0.426815,2.60905,0.111452,0.252367,0.208139,0.399919,0.68008,0.0908187,0.73021,0.820273
92.694058957,0.0184477,1.2544,0.0790347,2.77787,0.00210786,0.210951,0.00440723,1.29291,0.248525,0.311739,0.756433,0.796815
92.740498866,0.000863454,0.995262,0.00200137,2.98914,0,0.29579,0.0314379,1.55487,0.793612,0.250633,0.192647,0.987193
92.786938776,0.245567,0.600042,0.0904136,2.90997,0,0.35356,0,1.29723,0.987238,0.502937,0.0102577,0.889021
92.833378685,0.306818,0.473594,0.284686,2.57337,0.00248199,0.320935,0,0.793178,1.06054,1.01063,0.00978906,0.576109
92.879818594,0.302811,0.431667,1.25232,1.54106,0.00551363,0.262425,0.0128419,0.500901,1.04535,0.880969,0.0970839,0.607317
92.926258503,0.250723,0.562559,2.01866,1.30257,0.0096429,0.091701,0,0.346859,0.395595,0.643498,0.726657,0.482939
92.972698413,0.143099,1.2553,1.92391,1.15448,0.00609109,0.184645,0.0363629,0.210128,0.265785,0.362361,0.886173,0.12186
93.019138322,0.521235,1.47135,1.22745,1.22273,0,0.258666,0.233489,0.0401808,0.422805,0.209241,0.491798,0.138549
93.065578231,0.39179,1.23655,1.24588,1.03673,0.180134,0.213754,0.283782,0.926889,0.0578341,0.731616,0.929398,0.287769
93.112018141,0.0629103,2.01995,1.53807,0.0922,0.209699,0.339558,0.363,0.701102,0.118427,0.732802,1.02343,0.556574
93.158458050,0.217663,1.74922,1.10102,0.047408,0.102658,0.472187,0.503968,0.770543,0.307425,0.751681,1.0008,0.650392
93.204897959,0.16695,1.70013,0.470112,0.350401,0.0207235,0.64851,0.525098,0.968819,0.40799,0.764791,0.75509,0.371256
93.251337868,0.0959695,1.79655,0,1.1541,0.0469452,1.05139,0.430668,1.12144,0.542759,0.201799,1.14371,0.156664
93.297777778,0.165358,1.371,0.0122758,1.57375,0,1.00634,0.0357841,1.26783,0.62927,0.112413,1.21337,0.479228
93.344217687,0.243296,0.677395,0.00646206,1.69586,0,0.741143,0.0295749,1.26795,0.749365,0.238167,1.01186,0.453973
93.390657596,0.824651,0.515155,0.130658,1.66458,0.00465611,0.294923,0.0697359,1.4577,0.340582,0.362152,0.912469,0.297463
93.437097506,1.46164,0.592013,0.380787,1.23579,0.0137525,0,0.0997464,0.898596,0.220198,0.589511,1.35207,0.569325
93.483537415,1.22627,0.572189,0.452055,0.43386,0.0240149,0.364138,0.0768472,1.12211,0,0.857629,0.91977,0.999207
93.529977324,0.849866,0.807764,1.07052,0.230333,0.0322709,0.587319,0.190033,1.14187,0.0700924,0.703244,1.13559,0.770799
93.576417234,0.456113,1.25166,1.10742,0.286369,0.0671394,0.493118,0.217171,0.759426,0.124883,0.654223,1.36429,0.671764
93.622857143,0.188979,1.58324,0.963812,0.353387,0.181407,0.186069,0.216225,0.764987,0.167746,0.577842,1.3618,0.591551
93.669297052,0.382337,1.53623,0.545623,0.676837,0.102231,0.102078,0.122282,1.33358,0.91207,0.0180207,0.903776,0.529719
93.715736961,0.18283,1.1301,0.313313,1.42767,0.030652,0.20348,0.146203,2.07424,0.598947,0.0125822,0.296061,0.421154
93.762176871,0.0481714,0.873756,0.45125,1.11811,0.0240909,0.181197,0.108229,2.22757,0.781717,0.218732,0.248647,0.49758
93.808616780,0.211196,0.6596,0.867784,0.746268,0.0181276,0.17882,0.273954,1.97353,0.823466,0.653419,0.145592,0.620975
93.855056689,0.508906,0.258596,1.42166,0.344314,0.0640463,0.201597,0.46994,1.79277,0.831681,1.28391,0.0898772,0.454424
93.901496599,0.602187,0.120612,2.6001,0.326555,0.0911725,0,1.50003,1.28576,0.337103,1.31202,0.0764967,0.325
93.947936508,0.159087,0.143737,2.68172,0.385382,0.0973203,0,1.57505,1.36444,0.338821,1.41481,0.0677678,0.12363
93.994376417,0.465647,0.128831,2.88011,0.310033,0.0652054,0.00562948,1.52116,0.678631,0.2943,1.36058,0,0.101559
94.040816327,0.499598,0.0249881,3.07133,0.210023,0.0550916,0.0075499,1.56995,0.524558,0.0194011,1.07922,0,0.114075
94.087256236,0.392904,0.0303575,3.24049,0.0170554,0.0829769,0,1.02688,0.710717,0.410105,1.2653,0.305544,0.0827273
94.133696145,0.274984,0.647585,2.88644,0.0542833,0.470552,0.0845821,0.333963,1.0262,0.440118,1.34914,0.798207,0.0393644
94.180136054,0.115537,1.10239,2.50818,0.171437,0.167549,0.114947,0.28631,0.841937,0.34283,1.43871,0.763573,0.0779037
94.226575964,0.0651524,1.17774,1.54397,0.516333,0.0154965,0.583554,0.522123,0.780456,0.823634,1.57507,0.123311,0.0176205
94.273015873,0.312025,1.71202,1.11449,0.860157,0.0456615,1.00995,0.39187,0.692363,0.639749,1.1164,0.0577933,0.351551
94.319455782,0.362484,1.08091,1.16931,0.838784,0.133429,1.19896,0.244605,1.19392,0.604815,0.204534,0.285685,0.844569
94.365895692,0.32162,0.923443,1.92361,0.501327,0.129156,1.12018,0.208616,1.24294,0.693747,0.360036,0.290891,0.990497
94.412335601,0.300178,0.261434,3.11165,0.00181077,0.0829215,0.720885,0.136999,1.03756,0.74172,0.884965,0.15027,0.860874
94.458775510,0.493294,0.362176,2.7457,0.464017,0.0624173,0.00201318,0.0412445,0.794365,0.304901,1.02696,0.386959,0.304702
94.505215420,0.865918,1.16591,1.46432,1.14871,0.0854608,0.296508,0.211488,0.527844,0.164518,1.18868,0.332956,0.847104
94.551655329,0.660578,1.46696,0.884548,1.4231,0.0258044,0.52353,0.200078,0.429374,0.0471006,1.58291,0.235957,0.923476
94.598095238,0.342571,1.26618,1.12352,1.22342,0.213377,0.40365,0.317145,0.193393,0.280225,1.66076,0.450107,0.75603
94.644535147,0.281016,1.04585,2.0893,0.70934,0.291161,0.118831,0.282475,0.0906871,0.401291,1.46369,0.795481,0.656029
94.690975057,0.031369,0.626713,2.61888,0.935469,0.0969861,0.209032,0.253898,0.17548,0.712617,1.3121,0.885001,0.55535
94.737414966,0.164503,0.681051,1.7153,1.33876,0.169723,0.016864,0.326099,0.929193,0.578328,0.489891,1.53086,0.0953317
94.783854875,0.255254,0.746855,1.28701,1.70477,0.122277,0.289522,0.0974812,1.06397,0.877045,0.183689,1.15483,0.38669
94.830294785,0.50932,0.770316,0.819886,1.95222,0.0618901,0.316247,0.0494451,0.919249,0.882269,0.0935124,0.954374,0.554362
94.876734694,0.541863,0.609843,0.150439,2.30318,0.0237375,0.253791,0.0709484,0.842285,0.799262,0.055521,0.880984,0.679459
94.923174603,0.438977,0.188362,0.400434,2.33625,0.0108492,0.0758125,0.0829716,0.827306,0.656629,0.292894,0.926087,0.67972
94.969614512,0.232458,0.155087,2.01127,1.82008,0.010498,0,0.1524,0.362821,0.42396,0.618548,1.12176,0.365909
95.016054422,0.146359,0.608268,2.7764,1.30933,0.0245195,0,0.132359,0.240509,0.303014,0.641797,0.772541,0.106934
95.062494331,0.269114,1.0761,2.4163,0.936739,0.0188565,0.0473757,0.0985856,0.0796418,0.101771,0.646881,0.502498,0.153052
95.108934240,2.07454,1.13444,1.0994,0.414507,0.155778,0.00980944,0.130952,0.0367911,0.0432593,0.343386,0.599393,0.183263
95.155374150,2.59505,1.0623,0.997916,0.0724712,0.224004,0.352701,0.241233,0.109848,0.365155,0.294634,1.16193,0.223061
95.201814059,2.52466,0.895778,0.878115,0.0225929,0.0154167,0.725604,0.212733,0.382895,0.641364,0.410152,1.02087,0.231802
95.248253968,2.13753,1.20233,0.411748,0.037167,0,1.2126,0.442622,0.237696,0.933066,0.570615,0.53311,0.0734057
95.294693878,0.32633,2.34682,0.0433534,0.00489327,0.0237902,1.69522,0.251061,0.272898,1.41201,0.136154,0.521596,0.177691
95.341133787,0.284315,2.20685,0.0226129,0.00342046,0.00875363,1.47223,0.0649364,0.540546,1.8415,0.312429,0.255916,0.40488
95.387573696,0.472462,1.89841,0.115182,0.00885377,0.00427488,1.12899,0.0680331,0.713325,1.8949,0.330682,0.104248,0.393384
95.434013605,1.51928,1.32362,0.207167,0.00564112,0.0108039,0.524673,0.0488048,0.970023,1.29904,0.180392,0.131657,0.521356
95.480453515,1.53353,0.998285,0.373801,0.00735482,0.016953,0.268392,0.0878188,1.00096,1.00019,0.249271,0.15464,0.825182
95.526893424,0.343791,1.00998,0.725474,0.0243215,0.0118322,0.772195,0.325531,1.91643,0.349527,0.433117,0.344476,0.933358
95.573333333,0.272436,1.52016,0.447462,0.01127,0.036032,0.983206,0.274383,2.02325,0.341595,0.588275,0.308303,0.691917
95.619773243,0.0804671,1.62006,0.537183,0.010994,0.0489461,0.796363,0.289464,2.14258,0.297716,0.496951,0.266165,0.647861
95.666213152,0.0824881,1.84127,0.510025,0.136026,0.0124668,0.439518,0.46951,1.79874,0.420291,0.291697,0.140024,0.562461
95.712653061,0.420173,1.99436,0.414116,0.255669,0.00912614,0.0167564,0.563316,0.888314,0.446917,0.401197,0.4303,0.19424
95.759092971,0.115322,2.17442,0.559611,0.478567,0.0225973,0.0767186,0.482736,1.76054,0.206773,0.446442,0.49014,0
95.805532880,0.0616512,1.64683,0.960084,1.21417,0.0198259,0.173862,0.189247,1.71547,0.257312,1.36011,0.182819,0.0849227
95.851972789,0.349749,1.09244,1.64885,1.0144,0.0212101,0.269797,0.197037,1.15246,0.497772,1.63386,0.0189722,0.0679147
95.898412698,0.486319,0.671167,2.25536,0.656649,0.095335,0.0715341,0.995284,0.942879,0.504181,1.5058,0.0286835,0
95.944852608,0.369991,0.34437,2.85911,0.443019,0.122449,0.00250843,1.57896,0.696147,0.380572,0.980297,0.0401524,0.0473017
95.991292517,0.321332,0.257569,2.79629,0.338721,0.120878,0,1.6413,0.788804,0.305226,1.17397,0.0347507,0.13976
96.037732426,0.558538,0.191136,2.70844,0.14829,0.111668,0,1.7351,0.539097,0.247724,1.42107,0.000224411,0
96.084172336,0.533204,0.319666,2.63633,0.0378821,0.109507,0.0284065,1.58378,0.606841,0.390789,1.41944,0.000396812,0.0110068
96.130612245,0.446111,0.239101,2.67905,0.0121906,0.125846,0,0.404059,0.93327,0.472313,1.49251,0.307269,0.021442
96.177052154,0.292637,0.467445,2.65794,0.0288301,0.342689,0.282617,0.343546,1.20748,0.482248,1.17624,0.695121,0.0642413
96.223492063,0.154225,0.856931,2.08538,0.0776611,0.185049,0.27146,0.141273,1.32626,0.414459,1.07991,0.647554,0.156984
96.269931973,0.163204,1.0116,1.53456,0.47736,0.0361092,0.698818,0.212792,0.887863,0.774041,1.23015,0.120261,0.270199
96.316371882,0.319267,0.969885,1.8631,0.828574,0.0368158,1.07438,0.141737,1.21033,0.569981,0.664062,0.167216,0.661024
96.362811791,0.420445,0.500596,2.15545,0.727014,0.198596,1.06823,0.25036,1.4476,0.551926,0.447381,0.202409,0.824379
96.409251701,0.316377,0.24923,3.07958,0.0882136,0.258719,0.909882,0.2775,1.38668,0.704066,0.556505,0.193721,0.795784
96.455691610,0.299013,0.248753,3.38991,0.00164025,0.103357,0.504289,0.364216,0.9728,0.63522,0.934757,0.148335,0.484285
96.502131519,0.294552,0.306425,3.36973,0.291875,0.135819,0.157804,0.222388,0.864913,0.00962537,0.884769,0.387322,0.421138
96.548571429,0.13548,0.76328,2.7981,0.638536,0.070613,0.686406,0.313383,0.702048,0.0293186,0.878735,0.132533,0.943565
96.595011338,0.141756,1.27195,2.1599,0.927105,0.0489686,0.886986,0.262644,0.537814,0.0526536,1.04322,0.0735324,0.955631
96.641451247,0.161289,1.20517,2.22116,0.800732,0.265478,0.656198,0.279636,0.229965,0.202058,1.08761,0.505065,0.741137
96.687891156,0.143967,1.0725,2.36797,0.844574,0.376344,0.250808,0.170881,0.0870196,0.469323,1.0589,0.808707,0.544369
96.734331066,0.0596591,0.688251,2.15448,0.87587,0.146045,0.143185,0.154603,0.363918,0.808424,1.29543,0.920097,0.145094
96.780770975,0.000573878,1.30471,1.44279,1.3279,0.144779,0,0.174032,1.17301,0.656498,0.482478,1.11642,0.546565
96.827210884,0.0193108,1.01779,1.03784,1.90774,0.0457047,0.264845,0.108224,1.39987,0.986413,0.363851,0.798614,0.739551
96.873650794,0.294504,0.892917,0.665329,2.14448,0.00979437,0.265106,0.111562,1.15785,0.972824,0.302841,0.66617,0.736351
96.920090703,0.304811,0.570353,0.587153,2.29945,0.00758385,0.197088,0.220094,0.971614,0.892507,0.583526,0.511222,0.738645
96.966530612,0.29013,0.179874,1.99436,1.90547,0.00790237,0.003434,0.214007,0.763735,0.69692,0.843778,0.648678,0.632914
97.012970522,0.209965,0.150998,3.44269,1.37208,0.0086383,0,0.1873,0.216967,0.308929,0.752586,0.818322,0.0989628
97.059410431,0.134218,0.599575,3.14541,0.837014,0.00371237,0,0.150724,0.197136,0.157252,0.5606,0.650643,0.0903976
97.105850340,0,0.939023,2.2596,0.830717,0.116933,0.0660124,0.161089,0.0779885,0.079816,0.40369,0.601691,0.0735675
97.152290249,0.0448995,1.54565,1.50619,0.192004,0.225445,0.0309866,0.273027,0.294886,0.0405444,0.648702,0.908517,0.267618
97.198730159,0.174058,1.77782,1.07652,0.0641208,0.329837,0.0645239,0.553948,0.469928,0.0465651,0.753297,1.08964,0.263185
97.245170068,0.278641,1.90231,0.908939,0.094247,0.030591,0.237558,0.545739,0.662187,0.304384,0.807024,0.896782,0.365386
97.291609977,0.418269,2.094,0.461878,0.0770177,0.0066204,0.848776,0.748237,0.410771,0.580406,1.03737,0.357611,0.19472
97.338049887,0.514331,1.35505,0.64755,0.0065975,0.0299253,0.842306,0.725439,0.709496,0.9227,0.69452,0.384284,0.0851495
97.384489796,1.11271,1.14766,0.577777,0.00988892,0.0362415,0.748728,0.543871,0.830167,0.94149,0.811319,0.336011,0.206698
97.430929705,1.91296,0.790999,0.891377,0.0404679,0.0326964,0.473257,0.4754,0.974101,0.975671,0.760412,0.166449,0.0757471
97.477369615,2.25836,0.923487,1.13719,0.154359,0.0172462,0.0110713,0.643695,1.1818,0.303051,0.644824,0.0868234,0.0736455
97.523809524,1.37019,1.31683,0.49889,0.174143,0.0186107,0,0.252115,1.18799,0.122013,0.715243,0.502954,0.831434
97.570249433,0.940331,1.37593,0.559461,0.228406,0.0285706,0.317751,0.378906,1.21449,0,0.916279,0.853825,0.998715
97.616689342,0.665038,1.30849,0.868796,0.164054,0.0385876,0.591976,0.41291,0.958285,0.00454255,0.870224,0.848964,0.926731
97.663129252,0.209642,1.59166,0.941542,0.195602,0.108708,0.491254,0.414078,0.423525,0.0751791,0.806435,0.938499,0.951797
97.709569161,0.440474,1.82962,0.790903,0.256536,0.0365997,0.023485,0.284922,0.622263,0.190799,0.728188,0.944773,0.879453
97.756009070,0.202452,1.72663,0.0584096,1.25351,0.041759,0.0821347,0.105439,1.88804,0.526102,0.0390927,0.816996,0.357849
97.802448980,0.169318,1.14433,0.288947,1.44241,0.0392368,0.147952,0.364113,1.94966,0.352546,0.104749,0.931976,0.168528
97.848888889,0.192965,0.906593,0.705235,1.14402,0.0252245,0.148457,0.310404,1.90835,0.461713,0.529368,0.832768,0.178361
97.895328798,0.316089,0.69433,1.19464,0.697329,0.0226359,0.287882,0.294375,1.76522,0.464303,1.20319,0.407156,0.261478
97.941768707,0.499644,0.169709,2.48728,0.205853,0.0915991,0.0150822,1.20404,1.42696,0.335329,1.3186,0.08475,0.372885
97.988208617,0.424029,0.120257,2.96645,0.335638,0.123711,0.00357857,1.44995,1.35297,0.339218,1.24049,0.0817917,0.0956827
98.034648526,0.420961,0.184474,2.93964,0.221144,0.115102,0,1.53348,1.09731,0.311208,1.31772,0.0443775,0.159191
98.081088435,0.554983,0.0367624,2.98305,0.0034227,0.0924222,0.0427978,1.67987,0.606413,0.219301,1.27362,0.000164737,0.374763
98.127528345,0.499447,0.00107073,3.17173,0.00464942,0.101111,0.0213329,1.44753,0.601724,0.169788,1.06521,0,0.380233
98.173968254,0.303868,0.0639475,2.9711,0.0098592,0.163471,0.00584883,0.342219,1.14673,0.383159,1.28569,0.565233,0.139282
98.220408163,0.209698,0.479125,2.73109,0.0433792,0.492497,0.153536,0.136807,1.08919,0.440641,1.20855,0.915195,0.0856217
98.266848073,0.0130107,0.854127,1.76246,0.1802,0.0656614,0.13368,0.38923,1.00898,0.697608,1.3682,0.585412,0.0742421
98.313287982,0.152013,1.37666,1.63103,0.732617,0.0239962,0.722303,0.449113,0.833066,0.550767,0.947315,0.075223,0.298266
98.359727891,0.276546,1.11585,1.67945,0.8097,0.0897648,0.936879,0.755442,1.25087,0.473872,0.483573,0.153545,0.503884
98.406167800,0.351265,1.25365,1.6396,0.787515,0.110807,0.997256,0.70196,1.44612,0.448725,0.533842,0.133438,0.567519
98.452607710,0.308662,0.873061,2.38562,0.445774,0.0988666,0.740804,0.663356,1.49034,0.521048,0.743522,0.166564,0.505042
98.499047619,0.286523,0.226367,3.41977,0,0.0655317,0.138454,0.499465,1.25687,0.476048,1.12303,0.088801,0.133598
98.545487528,0.153442,0.530823,3.1104,0.332951,0.238028,0.126311,0.10758,0.562413,0.148964,1.2283,0.374123,0.781513
98.591927438,0.0762257,0.520263,2.79613,0.603644,0.0389305,0.573018,0.113386,0.47591,0.235447,1.39981,0.205148,1.06126
98.638367347,0.131505,0.594296,2.14702,0.827441,0.0196148,0.638514,0.167963,0.325676,0.173495,1.56236,0.336465,1.01363
98.684807256,0.00378076,0.42677,2.31759,0.669016,0.300086,0.48044,0.215575,0.111264,0.23384,1.53725,0.686466,0.795497
98.731247166,0.0222819,0.599768,2.44033,0.86234,0.350275,0.133712,0.19274,0.0933126,0.523779,1.43987,0.898557,0.6403
98.777687075,0.0832113,0.744885,1.41632,1.53147,0.188822,0.196682,0.056717,0.198383,0.627609,1.2289,1.38225,0.0899304
98.824126984,0.165153,1.03036,0.852428,1.54142,0.523551,0.667184,0.0804044,0.674577,0.857353,0.327056,1.50738,0.0282313
98.870566893,0.266528,1.1962,0.545623,1.52138,0.359535,0.831707,0.0504233,0.938489,0.806497,0.353001,1.34983,0.357865
98.917006803,0.445638,1.04732,0.444994,2.01012,0.076016,0.757959,0,0.882267,0.797727,0.286042,1.17995,0.489039
98.963446712,0.440287,0.617436,0.111725,2.54594,0.0238709,0.501607,0,0.851532,0.737753,0.310272,1.15043,0.572213
99.009886621,0.309874,0.220631,0.0777192,2.92693,0.010221,0.00574465,0.0380057,0.558207,0.586798,0.408219,1.4452,0.586269
99.056326531,0.193105,0.170429,0.823581,2.54694,0.0309758,0,0.0482477,0.23808,0.330394,0.249441,1.33222,0.124533
99.102766440,0.0999566,0.169735,1.92524,1.61105,0.0413978,0,0.0250702,0.254054,0.385248,0.421441,0.803349,0.107401
99.149206349,0.0663225,0.261882,2.63609,1.14204,0.203933,0,0.0328502,0.10989,0.108906,0.528288,0.561808,0.0481087
99.195646259,0.0349241,1.16476,1.92394,0.0764196,0.220766,0.0435382,0.0956805,0.474428,0.421555,0.537748,0.9369,0.202986
99.242086168,0.619858,1.18891,1.10062,0.00910456,0.309833,0.0749916,0.398043,0.43156,0.458014,0.562907,1.15863,0.195746
99.288526077,1.07013,1.25061,0.782646,0.0758703,0.00993339,0.187286,0.388385,0.531064,0.597352,0.562601,0.935519,0.18503
99.334965986,1.189,1.59882,0.299304,0.0478575,0.0305677,0.785903,0.421244,1.07404,0.725462,0.256011,0.630612,0.0265119
99.381405896,0.739589,1.74801,0.00325588,0.0177848,0.132446,0.973995,0.04743,1.77201,0.727808,0.534192,0.278879,0.434911
99.427845805,1.30469,1.58151,0.0378692,0.00750201,0.316529,0.864706,0.0269782,1.88717,0.740621,0.690393,0.00138221,0.383976
99.474285714,2.21202,1.1098,0.126634,0.00861566,0.420929,0.595064,0.124177,2.13872,0.541199,0.485163,0.0116689,0.229382
99.520725624,3.52507,0.882459,0.0861786,0.0937745,0.414945,0.104851,0.143228,2.01287,0.298286,0.150875,0.0827413,0.0783006
99.567165533,3.43124,0.69605,0.00712468,0.231846,0.24203,0.166511,0.17529,1.85955,0.150568,0.22897,0.0993187,0.0755835
99.613605442,2.94056,0.766698,0.0747711,0.298697,0.205028,0.53066,0.266975,1.89036,0.0185315,0.236763,0.0258596,0
99.660045351,2.57741,1.10563,0.0975154,0.318143,0.189379,0.644985,0.246275,1.78905,0.0274533,0.194037,0.000442666,0
99.706485261,2.44331,1.24426,0.00461227,0.200599,0.320381,0.320489,0.2168,1.7147,0.482807,0.13053,0,0.231309
99.752925170,1.59885,2.01752,0.0368908,0.446021,0.313475,0.078208,0.0274087,1.99513,0.061516,0.0728924,0,0.400195
99.799365079,1.28597,1.76581,0.93328,0.273143,0.374603,0.315625,0.0463241,1.6526,0.0359745,0.146989,0,0.0759707
99.845804989,0.0277817,1.36212,1.56077,0.0238321,0.228065,0.327122,0.043568,1.76066,0.331041,0.641772,0.140562,0.0787966
99.892244898,0.169262,1.27709,1.64825,0.0228888,0.181952,0.749448,0.118878,1.40267,0.337684,0.672218,0.190727,0.130522
99.938684807,0.686126,0.975454,1.5047,0.0142223,0.24191,1.22277,0.141791,1.29225,0.365551,0.348941,0.058161,0.560303
99.985124717,1.14841,0.624845,0.862422,0.00394658,0.0920178,1.4972,0.566622,1.21807,0.35959,0.0356202,0.0347018,0.872608
100.031564626,1.20069,0.310594,0.170266,0.766319,0.0688869,1.19945,1.17397,0.837604,0.412073,0.029736,0.0228423,0.638019
100.078004535,1.30034,0.19141,0.257346,0.954573,0.0190589,0.85241,1.25288,1.54323,0.350887,0.016789,0,0.258703
100.124444444,1.22584,0.109233,0.463573,1.01327,0.00821998,0.195685,0.573155,2.73808,0.163682,0.0117977,0,0.120994
100.170884354,0.537291,0.189099,1.00616,0.242863,0.00270432,0.0557841,0.169482,3.22023,0.323092,0.161404,0.0840813,0.167872
100.217324263,0.776407,0.43534,0.895931,0.0942204,0.18738,0.297277,0.155824,2.99504,0.452533,0.215003,0.467027,0.26166
100.263764172,0.806168,0.759529,0.417957,0.0534401,0.433055,0.724672,0.269189,2.65907,0.466931,0.175805,0.628604,0.191438
100.310204082,0.899088,0.974367,0.000672276,0.204093,0.0591092,0.728825,0.313081,2.21748,0.303208,0.126813,0.349561,0.156159
100.356643991,0.815831,1.65353,0.0723126,0.602123,0.134929,1.46121,0.223523,1.64975,0.646844,0.061464,0.0613083,0.0628988
100.403083900,0.932355,1.65478,0.0391129,0.763168,0.160809,1.75475,0.0420293,1.45747,0.576277,0.0962468,0.138335,0.151368
100.449523810,0.785554,1.50882,0.0926516,0.758837,0.0154238,2.40354,0,1.26053,0.460744,0.26551,0.184575,0.298599
100.495963719,1.05687,1.26391,0.188512,0.302109,0.0056739,2.93089,0,1.01053,0.439331,0.23701,0.187734,0.30786
100.542403628,1.23202,0.708554,0.720108,0.167726,0.0077693,3.30297,0,0.884686,0,0.132507,0.073445,0.106065
100.588843537,1.20877,1.09552,0.851865,0.447306,0.0838606,2.80215,0.010128,0.69135,0.0206999,0.112555,0.27487,0.93489
100.635283447,0.706976,1.60979,0.426633,0.725402,0.014294,1.57296,0.366698,0.729158,0.0411015,0.0991787,0.858167,1.01186
100.681723356,0.260025,1.50125,0.420978,1.26414,0.0174935,0.774999,0.510915,0.713344,0.075441,0.127322,1.3727,0.904939
100.728163265,0.123626,1.62937,0.499652,1.75906,0.231625,0.190006,0.1614,0.510677,0.447827,0.097542,1.64229,0.763473
100.774603175,0.0226634,1.67091,0.540785,2.28579,0.221744,0.178195,0.164495,0.426607,0.602631,0.101037,1.76533,0.669055
100.821043084,0.0462041,0.736465,0.470371,2.19635,0.0512224,0.193438,0.11247,1.40928,0.519754,0.666832,1.43593,0.171425
100.867482993,0.135683,1.01612,0.338953,2.27946,0.0103676,0.204479,0.0585699,1.72998,0.609074,0.941895,0.994311,0.35889
100.913922902,0.188067,0.86206,0.210878,2.19349,0.0101642,0.273411,0,1.75157,0.80459,0.755699,0.917943,0.43454
100.960362812,0.246615,0.732619,0.185012,2.12139,0.00861555,0.263348,0,1.44366,0.823798,0.671755,0.884398,0.501761
101.006802721,0.300948,0.551632,0.337234,1.91839,0.00905157,0.192919,0.00460536,0.880457,0.818867,0.890429,0.746764,0.556263
101.053242630,0.240223,0.63775,1.23904,1.5953,0.00868022,0.00250466,0.012308,0.702673,0.448034,0.819052,0.97308,0.542669
101.099682540,0.152777,1.25034,1.95526,1.05755,0.00530365,0,0.0370325,0.153564,0.282808,0.747437,1.24072,0.0988849
101.146122449,0.478398,1.39051,1.34478,1.17757,0,0.121384,0.299453,0.130105,0.493212,0.65908,0.645635,0.0647423
101.192562358,0.550318,1.2675,1.24141,1.06516,0.202581,0.0709921,0.616981,0.288346,0.378982,0.427144,1.0131,0.130633
101.239002268,0.0533207,1.84744,1.62239,0.0993649,0.266017,0.22376,0.283867,0.576853,0.161914,0.943864,1.09136,0.648539
101.285442177,0.237537,1.69681,1.47406,0.266901,0.122809,0.32239,0.512819,0.411502,0.149086,0.89483,0.909072,0.727779
101.331882086,0.362912,1.0825,1.33948,0.388821,0.0149907,0.161962,0.773593,0.502781,0.163917,0.644899,0.946744,0.6107
101.378321995,0.441069,0.394073,1.00464,0.957263,0,0.308969,0.664556,0.55369,0.166062,0.452779,0.946843,0.407924
101.424761905,0.535205,0.258235,0.536153,1.43775,0,0.319372,0.570021,0.702209,0.0808063,0.563438,0.81055,0.0298544
101.471201814,0.707107,0.642001,1.07951,1.31782,0,0.174197,0.518618,0.803494,0.0623638,0.468474,0.314571,0.000731015
101.517641723,0.721736,1.13351,1.503,0.843654,0,0,0.47133,0.757486,0.0112292,0.351187,0.386289,0.109794
101.564081633,0.190595,1.3782,1.73903,0.372033,0.0317916,0.0403216,0.715997,0.13231,0.0923321,0.531355,0.429576,0.155166
101.610521542,0.0259121,1.63828,1.44423,0.482481,0,0.0268531,0.717991,0.272671,0.0279917,0.933528,0.0425364,0.0482068
101.656961451,0.108853,1.98078,0.777208,0.617707,0,0.27959,0.287457,0.0377668,0.0247331,1.14056,0.0432992,0.209438
101.703401361,0.584631,1.98461,0.255744,0.611066,0.59933,0.0894261,0.130535,0.0809324,0.266899,0.0635441,1.25723,0.411532
101.749841270,0.171814,1.43046,0.237413,1.85635,0.74502,0.173977,0.342099,0.561791,0.511375,0.00105431,1.21428,0.747842
101.796281179,0.608586,0.901301,0.687666,1.43487,0.0600412,0.13419,0.288245,1.96574,1.1548,0.0667634,0.831777,0.206122
101.842721088,0.394129,0.571032,0.263101,1.37221,0.00834804,0.0493679,0.310292,2.26769,1.1247,0.109514,0.388922,0.0201514
101.889160998,0.438622,0.47496,0.526263,1.44451,0,0.0571027,0.205505,2.13134,0.994076,0.695858,0.101797,0.0187228
101.935600907,0.478256,0.402242,1.09716,1.17442,0,0.129562,0.111802,1.6173,0.893864,1.23629,0.0266245,0.0323492
101.982040816,0.582895,0.228205,1.70805,0.80161,0.0045597,0.013318,0.346628,1.52436,0.85383,1.67032,0.0890974,0.0758774
102.028480726,0.668261,0.148897,2.19827,0.721175,0.0857824,0.00628679,1.42607,1.13608,0.308511,1.53681,0.0779784,0.0992922
102.074920635,0.268033,0.14472,2.337,0.623401,0.108862,0.000487018,1.58507,1.26942,0.321476,1.4758,0.0724595,0.122497
102.121360544,0.474715,0.323058,2.54405,0.00782273,0.0913669,0,1.64016,0.734735,0.230935,1.54359,0.00013464,0.151625
102.167800454,0.485015,0.26941,2.61094,0.0103452,0.0746404,0.227857,1.64429,0.49363,0.000831775,1.49101,0.000287579,0.119315
102.214240363,0.439571,0.196194,2.7832,0.0141225,0.0732517,0.0733175,0.954756,0.473357,0.355449,1.56438,0.156881,0.11854
102.260680272,0.249671,0.174543,2.44246,0.0152809,0.359395,0.117032,0.0493617,1.21004,0.420621,1.48079,0.703485,0.0907797
102.307120181,0.175056,0.622212,2.30856,0.076988,0.342223,0.243325,0.0466233,1.09959,0.358541,1.22574,0.778027,0.133284
102.353560091,0,0.595545,1.73564,0.273789,0.0452665,0.379735,0.481098,0.961278,0.834004,1.43393,0.120774,0.0632989
102.400000000,0.241298,0.756042,1.72788,0.554648,0.0356325,0.688489,0.520275,0.922186,0.807676,1.1354,0.036787,0.0672526
102.446439909,0.395988,0.577397,1.841,0.777383,0.0775918,0.770971,0.440289,1.22937,0.652229,0.757743,0.137049,0.255894
102.492879819,0.365086,0.641162,2.00381,0.767407,0.0936045,0.703079,0.223616,1.27848,0.619822,0.84068,0.145944,0.46218
102.539319728,0.318223,0.333597,2.41963,0.45468,0.0821522,0.574946,0.181715,1.21878,0.625895,1.14497,0.0620643,0.580904
102.585759637,0.434389,0.449538,2.45151,0.178452,0.0675958,0.575026,0.0707165,0.884548,0.161697,1.04216,0.15119,0.426842
102.632199546,0.822734,1.17569,1.0473,0.333542,0.241634,1.03049,0.194794,0.457768,0.120477,1.42405,0.318199,0.787512
102.678639456,0.621703,1.30161,0.696682,0.684482,0.0393209,1.17002,0.161047,0.422243,0.0542778,1.48039,0.208271,0.971229
102.725079365,0.229854,1.03781,1.0887,0.796556,0.216997,0.958053,0.129526,0.22395,0.123228,1.47704,0.498989,0.854504
102.771519274,0.00894576,0.714197,1.72992,0.716113,0.322071,0.568198,0.100191,0.110117,0.212137,1.37195,0.795265,0.802097
102.817959184,0.0195144,0.709662,2.07163,1.00749,0.170152,0.176682,0.142301,0.0847282,0.646917,1.3535,0.866316,0.680198
102.864399093,0.160204,0.839445,1.56083,1.50047,0.074307,0.377764,0.152748,0.710974,0.687773,1.18808,0.699008,0.263798
102.910839002,0.42613,1.10588,0.636985,1.86517,0.0897741,0.434564,0.0379817,1.24755,0.918464,0.499426,0.749643,0.54347
102.957278912,0.499702,0.92353,0.415918,1.74802,0.0940648,0.533216,0,1.08758,0.979426,0.485181,0.809058,0.554657
103.003718821,0.528102,0.601815,0.467008,1.66908,0.0778806,0.496509,0,0.889474,1.00256,0.494438,0.736389,0.582069
103.050158730,0.476468,0.297818,0.977411,1.40512,0.0283665,0.327116,0,0.696223,0.954733,0.480115,0.896794,0.541049
103.096598639,0.543287,0.305382,1.57254,1.25584,0.101714,0,0,0.485936,0.492485,0.498348,1.1917,0.0925345
103.143038549,0.890583,0.6809,1.56419,1.16298,0.115082,0,0,1.01951,0.116685,0.214018,0.562737,0.110982
103.189478458,1.49138,0.813476,1.4858,1.02024,0.104436,0,0.0755916,1.09659,0.182165,0.0944533,0.13697,0.0599665
103.235918367,2.3515,1.06941,0.632236,0.844299,0.413262,0,0.122204,1.0651,0.059069,0.453963,0.000450144,0.108421
103.282358277,2.34243,1.23707,0.41533,0.156353,0.196819,0.0583846,0.274724,1.11716,0.258654,0.789752,0.107318,0.203032
103.328798186,1.59073,1.47044,0.399493,0.0297906,0.0209172,0.48717,0.351909,0.997805,0.509179,0.923971,0.607884,0.19915
103.375238095,1.43726,1.42984,0.379073,0.0376684,0.0274554,0.875119,0.422776,0.64546,0.812261,0.579809,0.687445,0.0966642
103.421678005,0.263655,2.04203,0.459186,0.0477262,0.0689649,1.2025,0.429635,0.780747,0.923521,0.484349,0.580304,0.0346961
103.468117914,0.178506,1.72621,0.219148,0.063376,0.0733377,1.08877,0.0831684,0.657194,0.887395,1.06396,0.520217,0.221375
103.514557823,0.337957,1.03211,0.168607,1.28997,0.0541066,0.495433,0.115865,0.719359,1.09811,1.0347,0.492199,0.218511
103.560997732,0.739272,0.455126,0.238769,2.14131,0.000390796,0.0697905,0.233766,1.02297,0.342777,0.618081,0.807207,0.0722844
103.607437642,1.22758,0.460951,0.309418,2.69429,0.0130338,0,0.111662,0.945064,0.135983,0.243266,0.640407,0.0974761
103.653877551,1.20576,0.636333,0.661022,2.54726,0.0261697,0.181519,0.188818,0.863487,0.00601489,0.395908,0.778374,0.0380464
103.700317460,0.785606,1.08674,0.906364,2.17923,0.0342772,0.541033,0.411254,0.778084,0.00362463,0.351444,0.778161,0.182804
103.746757370,0.400558,1.31228,1.33953,1.61164,0.0826507,0.591211,0.466634,0.329329,0.0390818,0.681669,0.405356,0.173523
103.793197279,0.109354,1.73863,1.1048,0.810135,0.0926959,0.19421,0.422955,0.450922,0.0146051,0.930356,0.329823,0.451037
103.839637188,0.31811,1.78738,0.809736,0.622127,0.0388834,0.17559,0.370437,0.973151,0.0140079,1.12469,0.173148,0.493085
103.886077098,0.846436,1.48866,1.02894,0.329968,0.0305915,0.303245,0.302438,1.14628,0.5039,1.04001,0,0.266619
103.932517007,2.12986,1.56943,0.199491,0.064919,0.021682,0.373447,0.0389955,2.23503,0.458154,0.314668,0.0659946,0.276056
103.978956916,2.41316,1.16572,0.121772,0.0933,0.270029,0.393354,0.00715267,2.50141,0.571338,0.105996,0.116551,0.106301
104.025396825,2.84618,0.855519,0.173061,0.416112,0.364516,0.170511,0.124593,2.66491,0.630593,0.0457845,0.0922936,0.0727313
104.071836735,3.40471,0.127475,0.202778,0.8771,0.400754,0.0071002,1.0251,2.10954,0.378042,0.02971,0.0776258,0.0985072
104.118276644,3.55734,0.141515,0.0967924,0.833894,0.524746,0.00168003,1.07851,1.91114,0.344839,0.00816069,0.0485191,0.134487
104.164716553,3.62048,0.136437,0.000923139,0.41127,0.496317,0.00821253,1.23247,1.55719,0.304409,0.00582548,0.00125927,0.113155
104.211156463,3.70914,0.104687,0.00286949,0.10809,0.415296,0.0562325,1.33743,1.59567,0,0.0758766,0.00341997,0.0403672
104.257596372,3.47623,0.309157,0.0052572,0.0594464,0.466498,0.0214709,0.725848,1.90209,0.246042,0.962063,0.00250977,0.0391234
104.304036281,2.57654,0.839987,0.43824,0.0695608,0.648953,0.232491,0.185845,1.73642,0.467153,1.3192,0.407656,0.0251282
104.350476190,1.44849,1.11677,0.371784,0.179602,0.193943,0.450143,0.133977,1.32523,0.462376,1.50187,0.538727,0.0870274
104.396916100,0.365615,0.981507,0.325146,1.0113,0,0.724801,0.382535,1.44633,0.669657,1.1854,0.0969604,0.027011
104.443356009,0.280703,1.03281,0.682153,1.2244,0.00315257,1.00617,0.270889,1.39588,0.660001,0.551256,0.0252711,0.0997023
104.489795918,0.515877,0.588954,1.26989,1.21213,0,0.905781,0.305714,1.5412,0.514697,0.42506,0.00272536,0.382546
104.536235828,0.495361,0.345064,0.467045,2.47328,0,0.560712,0.105791,1.83533,0.602576,0.69214,0.00552997,0.601556
104.582675737,0.46128,0.279617,0.390201,2.81758,0.00743376,0.287817,0.00677395,1.71168,0.370663,0.23531,0.77737,0.445505
104.629115646,0.45493,0.251616,0.455389,2.7388,0.00569805,0.00484293,0.0177561,1.32656,0.009952,0.465895,1.03365,0.404031
104.675555556,0.66032,0.918448,0.464408,2.29369,0.00916274,0,0.188954,0.753205,0.660501,0.444694,0.770536,0.865922
104.721995465,0.872032,1.81763,0.0319449,1.65393,0.0189413,0.1122,0.344108,0.546995,0.761611,0.573054,0.277839,0.893943
104.768435374,0.782915,2.21577,0.0816047,0.131949,0.0549532,0.187325,0.291643,0.557343,0.82341,0.865403,0.242749,0.849733
104.814875283,0.769765,2.39933,0.124591,0.0690154,0.248428,0.0470301,0.115559,0.629408,0.759979,0.906774,0.150545,0.787204
104.861315193,0.957812,2.23358,0.329341,0.229322,0.0109004,0.185623,0.310343,0.745971,0.794399,0.723034,0.0980748,1.18143
104.907755102,1.08657,1.54977,0.103263,0.431827,0.0593657,0.497734,0.159987,1.48226,0.0965569,0.605907,0.301807,0.755647
104.954195011,1.16433,1.73571,0.313496,0.101961,0.183809,0.419324,0.10896,2.06395,0.37048,0.639375,0.328251,0.480831
105.000634921,1.45234,1.65994,0.523972,0.0431729,0.344027,0.550261,0.0704877,2.2355,0.428418,0.402014,0.0738425,0.411398
105.047074830,2.03426,1.19569,0.562113,0.0255774,0.391531,0.535305,0.0293166,2.30176,0.512179,0.246904,0.00472205,0.481669
105.093514739,2.14993,0.34199,0.168455,0.0196781,0.386395,0.395765,0,2.40036,0.449687,0.197663,0.0366291,0.599921
105.139954649,2.35917,0.152741,0.114697,0.104933,0.308105,0,0.00151881,2.13971,0.344568,0.00120782,0.129811,0.609532
105.186394558,2.1347,0.223462,0.14848,0.281655,0.0341655,0,0.523874,1.80718,0.335229,0.056406,0.198169,0.791886
105.232834467,1.88655,0.730239,1.02889,0.321736,0.0487314,0.0155226,0.676536,1.0361,0.271762,0.510877,0.114941,0.608194
105.279274376,0.700008,0.791447,2.36789,0.200402,0.161175,0.106539,0.231759,1.35364,0.324337,0.522914,1.02758,0.124444
105.325714286,0.304718,0.497292,2.1641,0.522539,0.489333,0.23247,0.0945232,1.31626,0.427421,0.626183,0.914215,0.206857
105.372154195,0.173344,0.344863,1.45124,0.629574,0.412121,0.31244,0.0927647,1.67776,0.345339,0.734967,0.439921,0.430784
105.418594104,0.76753,0.696139,0.87086,0.973115,0.101331,0.445737,0.258163,1.31863,0.706414,0.945574,0.0020957,0.128655
105.465034014,0.844947,1.23424,0.583003,0.826466,0.112428,0.607584,0.285392,0.975203,0.857115,0.332478,0.408832,0.386138
105.511473923,0.752739,1.09768,0.647488,0.819303,0.032396,0.63885,0.593168,0.721807,0.872373,0,0.494773,0.67722
105.557913832,0.507031,0.774313,0.546627,1.18094,0.0315869,0.531736,0.587369,0.738293,0.890082,0.110049,0.642819,0.967995
105.604353741,0.442713,0.672878,0.964178,1.21222,0.0383215,0.21208,0.326534,0.975026,0.794984,0.205603,0.749976,0.739804
105.650793651,0.390705,0.700591,0.865803,2.03485,0.0216338,0,0.236389,1.16082,0.00510803,0.184911,1.17725,0.473245
105.697233560,0.167139,0.659224,0.915294,2.54964,0.0256641,0,0.647829,0.963298,0.0213922,0.0673061,1.17717,0.674048
105.743673469,0.126057,0.395665,1.2967,2.25607,0.110157,0,0.65073,0.73136,0.0370411,0.354399,1.10378,0.740737
105.790113379,0.112418,0.573908,1.87439,1.21629,0.348595,0.0354535,0.630081,0.492629,0.297724,0.56132,0.79791,0.779008
105.836553288,0.184881,0.976161,2.0096,0.361048,0.295803,0.0369937,0.564013,0.699245,0.319778,0.711172,0.553131,0.735971
105.882993197,0.212326,1.50065,1.83938,0,0.145139,0.0451608,0.428751,1.01177,0.294841,0.820911,0.0931254,0.444979
105.929433107,0.183878,1.29712,1.34342,0.377645,0.0432776,0.428139,0.693777,1.29937,0.606099,0.446124,0.346249,0.000115293
105.975873016,0.817701,1.08815,0.596508,0.683492,0.0553439,0.513147,0.312894,1.88771,1.10308,0.0523391,0.672618,0.151821
106.022312925,1.81339,0.669542,0.576546,0.615844,0.0715521,0.472512,0.0149093,2.14016,1.14976,0.00270069,0.720242,0.124393
106.068752834,2.34057,0.149688,0.369462,0.863181,0.496544,0.296672,0.00846417,2.24551,1.11993,0.013103,0.764997,0.0436923
106.115192744,3.36811,0.0929423,0.271259,1.19796,1.02185,0.106758,0.00223008,1.99465,0.960714,0.050817,0.758006,0.0606293
106.161632653,3.54813,0.131922,0.156292,1.38812,1.0087,0,0.0202387,1.72384,0.428271,0.0720812,0.586243,0.119183
106.208072562,3.63448,0.0612787,0.115636,1.02322,1.20332,0,0.0381041,1.6114,0.283618,0.0422992,0.46188,0.0739827
106.254512472,3.99766,0.108562,0.0825576,0.136683,1.57763,0.00942078,0.00753771,1.69804,0.139462,0.0016676,0.0957119,0.0205442
106.300952381,3.86351,0.200606,0.0566064,0,1.52685,0.0133235,0.018034,1.75963,0.181131,0.000880046,0.409937,0.0288051
106.347392290,4.02621,0.171288,0.0079165,0,1.29559,0.019197,0.0172487,1.65288,0.126905,0.000534245,0.375552,0.0524323
106.393832200,3.84785,0.386426,0,0.00289761,0.667233,0.215489,0.0533472,1.98018,0.750158,0.228535,0.106222,0.166487
106.440272109,2.20541,1.1743,0.176261,0.375637,0.649802,0.532279,0.0263908,1.81389,0.772684,0.439381,0.0702896,0.351425
106.486712018,1.01535,1.31446,0.222875,0.518631,0.186418,0.562712,0.0218109,1.33476,0.775518,0.610345,0.166784,0.489
106.533151927,1.136,1.39126,0.171871,1.33335,0.170153,0.380216,0.0839136,1.3075,0.795819,0.644549,0.412457,0.349959
106.579591837,1.14209,1.28421,0.099247,2.54128,0.0707273,0.0488094,0,1.26392,0.619819,0.702509,0.724121,0.0596387
106.626031746,1.14944,0.664595,0.00576992,3.4163,0.413497,0,0.00163201,0.932053,0.429292,0.562935,0.725717,0
106.672471655,1.03706,0.297988,0.0500832,3.54985,0.43375,0,0.0185355,0.836765,0.212761,0.0632653,0.764822,0.000134235
106.718911565,0.580697,0.165553,0.319779,3.14532,0.320927,0,0.0768259,0.743757,0.00171292,0.342493,0.315349,0.0875618
106.765351474,0.576415,0.252909,1.68325,1.57174,0.579794,0.0142385,0.0967403,0.372936,0.165541,0.348794,0.230703,0.0534675
106.811791383,0.879092,0.965792,1.93722,1.0153,0.557746,0.0116847,0.0219027,0.287945,0.0373052,0.28448,0.00204072,0.029671
106.858231293,1.59446,1.41511,0.840083,0.727928,0.20662,0.0346253,0,0.425602,0.0210732,0.413046,0.00241498,0.066925
106.904671202,1.47896,0.931059,0.0564753,0.0158296,0.0877041,0.171324,0,1.15677,0.935368,0.59247,0.257408,0.083688
106.951111111,0.960513,0.533399,0.628192,0.441754,0.0167843,0.242889,0.12652,1.90653,0.848103,0.58953,0.632465,0.402015
106.997551020,1.49122,0.251424,0.639216,0.441145,0.0468787,0.31715,0.0655501,1.77231,0.803221,0.793403,0.417958,0.382261
107.043990930,3.06027,0.283819,0.287,0.397132,0.196696,0.361401,0.0446024,1.8409,0.647689,0.724028,0.239784,0.138927
107.090430839,3.66864,0.269233,0.191903,0.459186,0.545791,0.140004,0.0353233,1.76802,0.51272,0.419737,0.000646831,0.000265106
107.136870748,3.42329,0.22835,0.16331,0.489013,1.0555,0.0062731,0.00263086,1.75442,0.494102,0.107236,0.0274508,0.000356692
107.183310658,3.06001,0.198455,0.181455,0.575966,1.06122,0.00204525,0,1.74236,0.346513,0.0919973,0.0704313,0.000358838
107.229750567,2.90528,0.123761,0.165558,0.750359,0.974491,0,0,1.67396,0.0667993,0.0198693,0.0950738,0.0113059
107.276190476,2.50567,0.0443944,0.026319,0.801521,1.02342,0.00545657,0.0024719,1.73101,0.0904575,0.135504,0.0917533,0.0445048
107.322630385,2.06174,0.037306,0.00132359,1.18263,1.03033,0.00555057,0,1.66698,0.0106904,0.421859,0.000113832,0.132609
107.369070295,0.754633,0.567213,1.23131,0.920531,1.02453,0.00728245,0,1.43111,0.170487,0.648876,0.000706004,0.371594
107.415510204,0.27247,1.2745,0.90225,0.729918,0.362926,0.0984413,0.0509591,1.66274,0.443928,0.915584,0.144602,0.440475
107.461950113,0.255806,1.52023,0.880276,0.703982,0.197411,0.434019,0.0152923,1.16223,0.609392,0.970923,0.021888,0.475764
107.508390023,0.710906,1.39497,0.85146,0.642363,0.0770694,0.456163,0.00489439,0.794501,0.785025,0.992114,0.0400095,0.508524
107.554829932,0.951746,1.14181,0.764016,0.810014,0.106161,0.416215,0.00905029,0.778567,0.913695,0.947215,0,0.433321
107.601269841,1.12498,0.656666,0.550236,1.39982,0.630537,0,0.0948454,0.912761,0.811516,0.841658,0.571563,0.0713699
107.647709751,1.23356,0.277015,0.197908,2.51059,0.757845,0,0.0591365,0.659679,0.455411,0.356193,0.932596,0.000174443
107.694149660,1.06835,0.371394,0.0506774,3.16585,0.0225423,0.00190252,0.153168,0.974275,0.597458,0.293374,0.7573,0.000342161
107.740589569,0.830429,0.614693,0.0950702,2.83346,0.0266785,0.00571008,0.0875534,1.3546,0.502746,0.0994565,0.794254,0.0586734
107.787029478,1.13089,0.634744,0.674987,2.21425,0.0248919,0.00855617,0.107754,1.37923,0.599039,0.0714866,0.769903,0.0749653
107.833469388,1.02833,0.464841,1.707,1.00644,0.0178999,0.283026,0.184908,1.35784,0.779448,0.0128746,0.446951,0.150505
107.879909297,0.665659,0.177182,1.70437,0.419459,0.124661,0.970929,0.367074,0.804519,1.1038,0.0702273,0.0543998,0.123689
107.926349206,0.694302,0.0420217,1.09028,0.385366,0.140269,1.2595,0.350739,0.653281,1.26816,0.185606,0,0.325268
107.972789116,1.3499,0.0952566,0.471014,0.495696,0.0162131,1.17595,0.243529,1.07381,1.06131,0.220164,0,0.579797
108.019229025,2.64453,0.0531706,0.028079,0.576311,0.0127859,0.865641,0.27157,1.59559,0.809382,0.0844771,0,0.453455
108.065668934,3.34416,0.180343,0.0402437,0.235444,0.0435323,0.308052,1.30822,1.26158,0.693231,0.191744,0.0130941,0.150283
108.112108844,3.79093,0.254462,0.00695591,0.494433,0.226426,0.0154983,1.35722,1.29519,0.550573,0.0859096,0,0.0347407
108.158548753,3.76744,0.218928,0.00273145,0.76387,0.386482,0.00906994,1.28544,1.2082,0.338806,0.00777178,0,0
108.204988662,3.2421,0.0681828,0.00570202,0.823701,0.4561,0.0074099,1.23741,1.4018,0.26605,0.00722329,0,0.0129222
108.251428571,2.5386,0.0397596,0.00616344,0.711478,0.420183,0.0474649,1.23343,1.35547,0.246501,0.0027581,0,0.0717099
108.297868481,1.64645,0.029315,0.012091,0.401518,0.273339,0.106602,1.14054,1.29709,0.310625,0.120856,0.00988748,0.560996
108.344308390,1.08782,0.00757422,0.126622,0.810574,0.163688,0.0735656,0.00243763,1.01175,0.737867,0.305558,0.0588781,0.82701
108.390748299,0.681025,0.00863557,0.454087,0.809481,0.156849,0.218057,0.0146127,1.2321,1.27146,0.170056,0.0611281,0.99002
108.437188209,1.0513,0.0518878,0.667308,0.511034,0.163128,0.27593,0.0127427,1.20938,1.88801,0.18076,0.0449179,0.930297
108.483628118,1.42387,0.084614,0.638755,0.251445,0.250352,0.242387,0.03305,1.25337,1.85735,0.147749,0.0711159,0.981225
108.530068027,1.01317,0.157803,0.312818,0.424539,0.667524,0.0979776,0.0487202,1.71218,1.30346,0.0778109,0.114625,1.50932
108.576507937,0.550674,0.316884,0.570008,0.459588,0.850668,0.0678334,0.0859412,2.14249,0.876073,0.0354232,0.293398,1.61941
108.622947846,0.854002,0.330081,0.550636,0.482958,0.651732,0.0426031,0.0589101,2.43508,0.379043,0.0225991,0.222882,1.42669
108.669387755,1.43614,0.688113,0.52089,0.861879,0.31375,0.0345999,0.0397885,1.85281,0.0391344,0.00422795,0.0271981,0.497313
108.715827664,1.03585,1.04973,0.853693,0.163654,0.324144,0.136847,0.0506275,1.24224,0.617692,0.198408,0.102311,0.991128
108.762267574,0.946927,1.24541,0.68965,0.0119997,0.233107,0.262907,0.0571964,0.839447,0.767719,0.294143,0.07479,1.13202
108.808707483,0.913508,1.16167,0.504088,0.0418,0.237873,0.303376,0.061445,0.910063,0.875396,0.164711,0.0464858,1.18717
108.855147392,0.814425,0.883283,0.514779,0.0847322,0.241529,0.323962,0.0725745,0.989877,0.927013,0.165596,0.00419406,1.31518
108.901587302,1.08245,0.442349,0.432493,0.0778758,0.454991,0.319212,0.152838,1.00124,0.983496,0.214318,0.00372009,1.54265
108.948027211,2.49311,0.00369144,0.131251,0.0939945,0.629693,0.166293,0.0477347,1.62249,0.186017,0.464117,0.348924,0.921149
108.994467120,2.75028,0.000796546,0.437869,0.193383,0.384476,0.0345951,0.0308448,1.96471,0.0869941,0.409678,0.728171,0.508625
109.040907029,3.46747,0.000196505,0.394344,0.327455,0.32402,0.282019,0.113687,1.68792,0.289629,0.329066,0.00181207,0.168401
109.087346939,3.52512,0,0.319671,0.262646,0.507526,0.292375,0.165659,1.69066,0.379738,0.260914,0.00102629,0.159663
109.133786848,3.71423,0,0.31167,0.196814,0.635698,0.0321821,0.0511841,1.70458,0.134958,0.201963,0.0105218,0.102273
109.180226757,3.78728,0,0.297179,0.091181,0.636563,0.0295113,0.00101986,1.88233,0.0212449,0.0553828,0.0655909,0.0906
109.226666667,3.2959,0.00257563,0.273558,0.142673,0.419433,0.0283379,0.0595665,1.92944,0.134794,0.00240778,0.161927,0.0182492
109.273106576,2.69214,0.00443331,0.276575,0.301439,0.0774164,0,0.0924992,1.68397,0.391474,0.000790445,0.18112,0.197764
109.319546485,2.06639,0.00205306,0.160649,0.286177,0.197187,0.00193766,0.16907,1.36602,0.520257,0.0456295,0.169291,0.326644
109.365986395,1.46391,0.00144532,0.204553,0.657532,0.105716,0.0213618,0.0901213,0.895503,0.60065,0.372591,0.0251909,0.701423
109.412426304,0.865135,0.00285036,0.18867,0.688866,0.172163,0.0273673,0.242026,0.43811,0.712953,0.290775,0.576561,1.12852
109.458866213,0.436542,0.708951,0.549945,0.496211,0.230583,0.0952208,0.503114,0.200772,0.944237,0.222822,1.17048,0.85942
109.505306122,0.0522755,0.893634,1.88977,0.183167,0.0028947,0.649993,0.0426134,0.538015,0.919579,0.358893,0.814068,0.020243
109.551746032,0.0296893,0.665198,2.34714,0.0787942,0,0.596271,0.0506325,1.28905,0.606046,0.241289,0.316912,4.00819e-05
109.598185941,0.0306539,0.445824,2.66517,0.0459727,0.00141742,0.546393,0.0834205,1.55903,0.479907,0.237617,0.0759976,8.01346e-05
109.644625850,0.0125642,0.290715,2.79736,0.0270127,0.00164985,0.48765,0.0660896,1.86877,0.331154,0.395317,0.0487821,0.000115026
109.691065760,0.0449362,0.182072,2.64468,0.513391,0,0.205354,0.00835562,2.16639,0.0230886,0.798404,0.140471,0.000150697
109.737505669,0.206435,0.197743,1.27945,2.06885,0,0.0368341,0.00520092,1.81966,0.154119,0.488172,0.305726,0.897088
109.783945578,0.394696,0.342562,0.806277,1.91897,0,0,0.116489,1.37007,0.13961,0.790655,0.241691,1.27925
109.830385488,0.284397,0.46374,1.0107,1.67426,0,0,0.168125,1.24445,0.119023,0.790366,0.291569,1.30733
109.876825397,0.204917,0.768451,1.13148,1.14716,0,0,0.129338,1.1187,0.198123,0.686183,0.218093,1.2005
109.923265306,0.344898,1.15872,0.975675,0.0611469,0.00505305,0.0890107,0.058677,0.485932,0.156512,0.663605,0.0775656,1.01034
109.969705215,2.33801,1.35424,0.338262,0.00688658,0.24395,0.337669,0.0497251,0.842099,0.14929,0.206787,0.00147876,0.259906
110.016145125,3.40107,0.504555,0.118937,0.0177491,0.415762,0.0110143,0.159028,1.62412,0.228589,0.0302374,0.00246399,0.302917
110.062585034,3.39741,0.351128,0.32587,0.0840566,0.210302,0.0132651,0.145541,1.57262,0.442957,0.0237795,0.00210512,0.380041
110.109024943,3.25957,0.473059,0.352725,0.117575,0.0967075,0.025947,1.08678,1.22863,0.501225,0.0293845,0.000890234,0.295523
110.155464853,3.19571,0.426492,0.0809108,0.64584,0.0588724,0.0338088,1.24353,1.01524,0.466208,0.0340109,0,0.0688015
110.201904762,2.49855,0.290322,0.000440762,0.962052,0.0471955,0.0338109,1.30293,1.18262,0.245209,0.00321125,0,0.0243654
110.248344671,2.16999,0.150092,0.00358617,0.902024,0.0590141,0.0150828,1.32109,1.09545,0.22393,0.0054588,0,0.0736294
110.294784580,2.27349,0.0694156,0.0368342,0.504852,0.122381,0,1.33582,0.95136,0.193454,0.0979665,0,0.168815
110.341224490,2.30226,0.217082,0.12899,0.350651,0.0892257,0.285118,1.38613,0.587353,0.25564,0.389775,0,0.292309
110.387664399,1.76018,0.488189,0.556887,0.480532,0.148252,0.498248,0.0270515,0.326862,1.14481,0.427889,0.000183116,0.606107
110.434104308,1.42571,0.455061,0.530849,0.553553,0.185159,0.531156,0.0179056,0.450115,1.78676,0.246586,0.000498877,0.620859
110.480544218,0.977087,0.21947,0.476241,0.520257,0.208482,0.561453,0.0218954,0.620038,2.05541,0.1727,0.0071105,0.399557
110.526984127,0.788433,0.27693,0.257912,0.0916997,0.652534,0.348969,0.0410461,0.799273,1.82998,0.352233,0.0505387,0.585645
110.573424036,0.362361,0.504407,0.315644,0.233716,0.898644,0.0387334,0.0763778,1.15768,1.31368,0.335078,0.209374,1.02104
110.619863946,0.393316,0.370448,0.47766,0.241484,0.950572,0.0261278,0.199462,1.46365,1.00666,0.189929,0.2348,1.10936
110.666303855,0.619218,0.205646,0.507254,0.319227,1.01523,0.0166409,0.0327764,2.00669,0.588589,0.0079099,0.290843,1.15881
110.712743764,0.851461,1.00454,0.942813,0.357485,0.0757002,0.00604809,0.0799697,1.66197,0.101942,0.0795014,0.913871,0.96152
110.759183673,0.416808,1.4995,1.02666,0.198802,0.000642316,0.000270372,0.0897896,0.865395,0.776035,0.0775542,0.719024,1.3922
110.805623583,0.610106,1.42633,0.779544,0.0408894,0.0284829,0.0340597,0.0934634,0.649272,1.33263,0.0746614,0.356685,1.76254
110.852063492,0.792276,1.21161,0.804857,0.0553214,0.0572001,0.065288,0.125771,0.621731,1.52121,0.0986784,0.228079,1.99345
110.898503401,0.944561,0.748415,0.741986,0.0674546,0.134764,0.10781,0.271157,0.875883,1.55418,0.140332,0.129683,2.24331
110.944943311,1.19501,0.22528,0.419077,0.0667743,0.516646,0.143841,0.350055,0.961437,1.498,0.207317,0.0483789,2.01015
110.991383220,2.21337,0.37936,0.26921,0.0558056,0.0328859,0.156423,0,1.6637,0.618385,0.0497489,0.0103445,1.11051
111.037823129,2.89029,0.443787,0.202194,0.0248008,0.190237,0.0714588,0.0952654,1.82984,0.728068,0.130777,0.00425609,0.467813
111.084263039,3.35199,0.300254,0.296477,0.164896,0.30862,0.0573992,0.182874,1.62861,0.317655,0.138655,0.00383332,0.378817
111.130702948,3.68299,0.117881,0.233796,0.18002,0.353423,0.0393207,0.273465,1.71864,0.246119,0.134499,0.00288053,0.231152
111.177142857,3.78653,0.00230899,0.0332912,0.165265,0.411251,0.0102956,0.268391,1.89956,0.164256,0.139414,0.00132901,0.0671663
111.223582766,3.4133,0.00258424,0.0303622,0.089281,0.419978,0.00332289,0.0718232,1.92173,0.0540076,0.170846,0.0654071,0.000759145
111.270022676,3.03824,0.011816,0.0335,0.282722,0.255374,0,0.0515838,1.68219,0.130619,0.169766,0.0702173,0.162196
111.316462585,2.7299,0.0824756,0.0357177,0.258318,0.24567,0.0431106,0,1.49964,0.220252,0.0683162,0.0481781,0.3406
111.362902494,2.62668,0.175503,0.027273,0.125377,0.661072,0.00227434,0,1.5244,0.262499,0.144356,0.0305635,0.362652
111.409342404,2.72092,0.0606663,0.0333649,0.321889,0.758348,0.000650684,0,1.44083,0.598373,0.341465,0.000194845,0.367607
111.455782313,2.70292,0,0.0338042,0.329368,0.79305,0.00250446,0.0189661,1.22095,0.88141,0.197592,0.00881383,0.359919
111.502222222,2.7092,0.111623,0.00475265,0.199318,0.797969,0.00797762,0.0353796,1.06526,1.17235,0.14434,0.034028,0.131721
111.548662132,2.93034,0.227844,0.0406538,0.12061,0.894511,0.0238741,0.0283524,1.11502,0.990134,0.473695,0.0570042,0.000631036
111.595102041,2.66856,0.230244,0.397094,0,0.811488,0.0485822,0.0150787,1.22583,0.536548,0.695528,0.0825121,6.01937e-05
111.641541950,2.82985,0.0624455,0.308409,0,0.7778,0.0699286,0.0101147,2.01172,0.224249,0.282647,0.183467,0.0351893
111.687981859,3.25026,0.0703939,0.233411,0.00812428,0.554901,0.0481144,0.0161966,2.32359,0.0507109,0.0704185,0.278232,0.0221313
111.734421769,3.62461,0.106912,0.311497,0.100219,0.570965,0.0281447,0.000966809,2.33306,0,0.0500791,0.118938,0.00631927
111.780861678,3.79588,0.221396,0.378632,0.292454,0.516881,0.000917703,0.000927863,2.28904,0.0328319,0.137449,0.0955343,0
111.827301587,3.45034,0.586927,0.702029,0.326319,0.294107,0.0205215,0.018682,1.95514,0.651559,0.304798,0.03753,0
111.873741497,2.23931,1.0994,0.449008,0.178108,0.229326,0.0405272,0.0904718,1.71043,0.74738,0.291644,0.0327909,8.18693e-05
111.920181406,2.2962,1.08924,0.36022,0.0739116,0.311966,0.046836,0.121061,1.42916,0.434347,0.183822,0.0502656,0.0269157
111.966621315,2.805,1.19738,0.0749841,0.124054,0.407333,0.0108687,0.0976103,1.33865,0,0.441741,0.029144,6.10283e-05
112.013061224,3.46625,1.05942,0.105615,0.103,0.416635,0.0239155,0.0640145,1.16101,0.000164891,0.164796,7.223e-05,0.0626995
112.059501134,3.42381,1.00545,0.379334,0.00507774,0.541994,0.0411417,0.037261,1.63226,0.321415,0.0414062,0.000115517,0.232552
112.105941043,3.06384,1.13911,0.469897,0,0.585502,0.0284985,0.493168,1.66893,0.443334,0.042418,0.000245398,0.212519
112.152380952,2.53698,0.995417,0.524673,0.563747,0.653567,0.0282921,0.980077,1.13771,0.843522,0.130635,0,0.02816
112.198820862,1.59088,0.413274,0.633578,1.93286,0.401391,0.0261597,1.15824,0.799367,0.450333,0.133834,0.547301,0
112.245260771,0.489457,0.334959,0.466886,2.64221,0.0202676,0.0364173,1.20809,0.820989,0.0202692,0.056173,0.998524,0
112.291700680,0.617534,0.133588,0.292783,2.93688,0.000451278,0.0314434,1.26821,0.550689,0.0380251,0.0316068,1.06987,0.0223536
112.338140590,0.585074,0.0577914,0.19606,3.01866,0,0.0458977,1.29673,0.702529,0.00775187,0.028543,1.04984,0.0275729
112.384580499,0.533543,0.0181751,0.56375,2.71779,0.00254738,0.0669473,0.894786,0.656971,0.406708,0.256534,0.890773,0.0390632
112.431020408,0.42263,0.053012,0.94961,2.42923,0.00374938,0.0824798,0.10295,0.799435,0.843939,0.164357,0.680327,0.0544104
112.477460317,0.316467,0.0774849,1.39522,1.6115,0,0.0848203,0.0575826,0.956817,1.12389,0.201392,0.511118,0.096833
112.523900227,0.242967,0.198794,1.77167,0.664267,0,0.093774,0.0150327,1.01361,1.75025,0.0594433,0.012713,0.316942
112.570340136,1.08707,0.135194,1.86487,0.0217561,0.0392387,0.0749062,0.00772086,1.09928,1.7122,0,0.0791525,0.247362
112.616780045,1.78892,0.0969728,1.37918,0.0356054,0.20916,0.0678587,0.0663746,1.29848,1.27484,0.100013,0.252494,0.0359629
112.663219955,2.91508,0.0460048,0.969128,0.0358221,0.422377,0.0166649,0.115903,1.85139,0.736079,0,0.192503,0.0191251
112.709659864,3.82109,0.003093,0.300826,0.0282797,0.668049,0.00839901,0.0385396,2.31537,0.0715985,0.0366016,0.110913,0.000513174
112.756099773,3.56572,0.509486,0.83147,0.0677343,0.568467,0.0568357,0.0255776,1.85606,0.357749,0.0137047,0.0472537,0.112016
112.802539683,3.22197,0.817186,0.743114,0.00992196,0.374746,0.0867587,0.0042899,1.51179,0.706034,0.0017601,0.000490674,0.269293
112.848979592,2.67567,0.952772,0.605708,0.0147045,0.242039,0.091403,0.00506755,1.45901,1.02537,0.0461604,0.0156114,0.807552
112.895419501,1.88341,1.06961,0.300819,0.0165817,0.370755,0.0865659,0.0928674,1.70912,1.22143,0.000577501,0.0427094,1.01084
112.941859410,1.73457,0.822382,0.195738,0.0204618,0.265928,0.0786683,0.220417,1.86242,1.24269,0.0579024,0.057069,1.06187
112.988299320,1.53838,0.782183,0.0558433,0.0187224,0.48682,0.201129,0.266485,1.76084,1.14647,0.0119339,0.0896362,0.844846
113.034739229,1.30481,1.57928,0.120884,0.336833,0.550145,0.0181074,0.0930282,0.690277,1.11385,0.228594,0.00890325,0.105735
113.081179138,1.05901,1.56137,0.368727,0.401642,0.57516,0.0279092,0.155119,0.989079,0.531136,0.420538,0.0346635,0.13162
113.127619048,1.02963,1.62036,1.33384,0.448083,0.462404,0.101442,0.423675,0.959105,0.227598,0.438371,0.0934668,0.142852
113.174058957,1.05458,1.30322,2.5145,0.387263,0.242811,0.157347,0.49349,0.900409,0.205883,0.356597,0.0187212,0.0343702
113.220498866,1.03361,0.359776,3.26753,0.202055,0.0639999,0.0558946,0.433792,0.951592,0.269302,0.36919,0.000367803,0.806791
113.266938776,0.988953,0,2.15062,1.29818,0.0391293,0,0.612253,1.08841,0.0325541,0.582861,0,1.05018
113.313378685,0.714752,0,1.90576,1.2562,0.0624195,0.0260283,0.58577,1.22055,0.101222,0.625346,0,0.875042
113.359818594,0.771469,0.0225397,2.48139,0.927934,0,0.0803653,0.483097,1.1006,0.0273152,0.457399,0.084318,0.346356
113.406258503,0.842265,0.242486,2.37745,0.566046,0,0.0997599,0.340862,1.17235,0.0850355,0.35202,0,0.128782
113.452698413,0.703088,0.250837,1.23709,0.673796,0.143476,0.113038,0.150332,1.19536,0.580528,0.512044,0.0949883,0.0879479
113.499138322,0.657849,0.446642,0.301998,0.902486,0.722895,0.303626,0.0805923,1.289,1.02959,0.510498,0.290005,0.136693
113.545578231,0.673105,0.343485,0.11202,1.09624,0.919911,0.656354,0.0444453,1.31713,1.05579,0.582504,0.144821,0.308189
113.592018141,0.748769,0.209913,0.224249,1.27268,0.964217,0.821851,0.0411449,1.09108,0.82082,0.422673,0.174129,0.74182
113.638458050,0.837255,0.187009,0.591249,0.841442,0.940569,0.430893,0.0306389,0.654479,1.0418,0.619213,0.0745743,0.615805
113.684897959,1.28381,0.107494,1.08395,0.312258,1.23885,0.0619805,0.0846256,0.442875,1.80367,0.782019,0.0572918,0.21759
113.731337868,0.461496,0.078658,0.461683,0.381951,0.508487,0.052201,0.854891,0.279386,1.1728,0.638208,0.0418581,2.08357
113.777777778,0.348614,0.223657,0.0499987,0.703477,0.0250319,0.0326634,1.52934,0.060088,0.106109,0.652492,0.0336925,3.25207
113.824217687,0.235165,0.291995,0.32996,0.577797,0.029928,0.0143357,1.03033,0.0523951,0.358551,0.553109,0.0812996,3.35517
113.870657596,0.112417,0.590551,0.0068551,0.581378,0.0222869,0.32394,1.00646,0.0686627,0.040468,0.35788,0.0901009,3.45401
113.917097506,0.0470932,0.42897,0.0397513,0.55796,0.0340519,0.15842,1.10787,0.0371409,0.00195338,0.573064,0.657953,3.60734
113.963537415,0.0768108,0.14257,0.124158,0.490407,0.07527,0.0439335,1.34694,0.0163772,0.851381,0.633766,1.25581,2.92036
114.009977324,0.639361,0.161969,0.177489,0.198954,0.0914222,0.145107,1.64761,0.149796,1.03693,0.46261,1.25787,0.807468
114.056417234,2.27152,0.268251,0.348562,0.0143523,0.480297,0,0.261962,1.15728,1.2027,0.284791,0.54073,0.219461
114.102857143,2.60346,0.295409,0.359605,0.0679427,0.661499,0.00674715,0.0854426,1.3454,1.27429,0.0769159,0.0831176,0.0994626
114.149297052,3.57025,0.270034,0.356044,0.0793449,0.612282,0.0198381,0.0647198,1.08171,0.917136,0.00163159,0.206579,0.046611
114.195736961,3.82761,0.350705,0.297445,0.0544437,0.639225,0.0225872,0.0438122,1.0729,0.568935,0.0146939,0.0624292,0.00602252
114.242176871,3.89101,0.38893,0.238829,0.0528099,0.651965,0,0.0187213,1.38674,0.310341,0.0369653,0.0448923,0.00901079
114.288616780,3.73723,0.287176,0.266851,0.110034,0.595894,0,0,1.62565,0.0853641,0.0544931,0.0516571,0.0441512
114.335056689,3.60307,0.188707,0.0612202,0.0722612,0.507599,0,0.0724823,1.38111,0.233349,0.0668135,0.0554119,0.099449
114.381496599,3.28468,0.0740334,0.0447622,0.305508,0.311833,0,0.068272,1.14262,0.288711,0.091534,0.105382,0.36325
114.427936508,2.90429,0.131006,0.025158,0.323798,0.172653,0.109707,0.294657,1.08659,0.184986,0.0974722,0.0928885,0.536087
114.474376417,2.47585,0.0749954,0.190064,0.373276,0.0548227,0.0615761,0.248747,0.955303,0.127624,0.198336,0.0572081,0.396517
114.520816327,2.03824,0.0507139,0.474027,0.525527,0.0546094,0.0566042,0.216035,0.594074,0.0511298,0.311656,0.0748342,0.135465
114.567256236,1.46945,0.142753,0.00312608,0.400284,0.0898591,0.0458483,0.13091,0.180171,0.00754827,0.414979,1.51249,0.727031
114.613696145,0.746069,0.110848,0,0.358585,0.10703,0.0347717,0.245112,0.250461,0.0140418,0.471497,2.68406,0.783063
114.660136054,0.145351,0.00603351,0.00227312,0.386059,0.198357,0.440561,0.126237,0.309147,0.265667,0.276185,3.05763,0.550605
114.706575964,0,0.0224246,0.159061,0.156338,0.152167,0.924721,0.00377169,0.307129,0.273304,0.191763,2.92983,0.289598
114.753015873,0.383275,0.134973,0.0506633,0.756764,0.0397179,0.0587691,0.294687,0.813634,0.0015921,0.534719,2.11456,0.000110707
114.799455782,2.13099,0.440264,0.148131,0.63276,0.694035,0.317383,0.256423,0.972248,0.0607501,0.246708,0.732395,0.100898
114.845895692,2.77775,0.22377,0.142948,0.535746,0.756673,0.782778,0.141354,1.11785,0.308811,0.224931,0.122662,2.79025e-05
114.892335601,3.09714,0.165651,0.220999,0.293627,0.781803,0.830511,0.0830636,1.14776,0.497036,0.164258,0.129112,0.00160633
114.938775510,3.29459,0.0898049,0.230631,0.0890601,0.831323,0.686399,0.0384051,1.29516,0.510106,0.0757627,0.100911,0.0168465
114.985215420,2.94094,0.0844858,0.229738,0.0688187,0.948152,0.433671,0.023804,1.43703,0.460845,0.262132,0.104605,0.0924929
115.031655329,2.18941,0.0821574,0.157652,0.125411,0.948094,0.25286,0.191703,1.6153,0.32492,0.524131,0.100543,0.637585
115.078095238,1.27841,0.147148,0.0928927,0.185186,0.29003,0.165715,0.305013,1.63655,0.0956547,0.161921,0.12477,1.54315
115.124535147,0.540455,0.0922222,0.511927,0.428295,0.295911,0.22847,0.0300316,0.9451,0.00326766,0.129278,0.516941,2.2863
115.170975057,0.375445,0.137328,1.05127,0.562987,0.492937,0.329884,0.0426996,0.605799,0.114664,0.105214,0.643761,2.15097
115.217414966,0.712344,0.0359034,1.39864,0.277309,0.609777,0.224041,0.0404813,0.706809,0.30875,0.876514,0.457467,0.860692
115.263854875,1.17186,0,1.95014,0.0606459,0.853566,0.156957,0.223105,0.789405,0.857455,1.3554,0.137798,0.367198
115.310294785,1.15863,0,1.67887,0.323512,0.722252,0.161597,0.694259,0.286456,0.892413,1.70123,9.7865e-05,0.352088
115.356734694,1.20224,0.243161,1.35576,0.598058,0.366355,0.307202,1.15275,0.274975,0.7329,1.65218,0.00150745,0.229095
115.403174603,1.22243,0.184369,0.883632,0.403231,0.299642,0.322184,1.14301,0.0822465,0.549059,1.3819,0.155684,0.186988
115.449614512,0.886501,0.311906,0.670974,0.216303,0.295721,0.251146,1.12612,0.0756496,0.628143,1.58015,0.431694,0.230438
115.496054422,0.879744,0.500751,0.431755,0.174083,0.384358,0.0256363,1.01279,0.131963,0.691462,1.80066,0.301971,0.180713
115.542494331,0.49225,0.378709,1.55616,0.0240003,0.233814,0.0940377,0.723587,0.0646656,0.992233,1.53561,0.251363,0.103882
115.588934240,0.00117245,0.460323,1.99032,0.0948074,0.0345175,0.0766851,0.199079,0.0946518,1.13086,1.23247,0.110419,0.223514
115.635374150,0.113267,0.802445,1.42097,0.0152329,0.0100526,0.046323,0.10661,0.468331,0.863187,0.828506,0.135046,0.165853
115.681814059,0.186531,0.917922,1.15916,0.0101066,0.00975081,0.0420109,0.085254,0.648478,0.341541,0.346355,0.91282,0.185556
115.728253968,0.193414,0.83562,0.836317,1.11159,0.075945,0.0461943,0.0273367,0.611769,0.448331,0.160974,1.46288,0.0783748
115.774693878,0.157151,0.734118,0.190661,2.46597,0.112933,0.0446025,0,0.765729,0.545769,0.0880546,1.50432,0.0536826
115.821133787,0.0982593,0.241795,0.0130817,3.24096,0.15574,0.0323115,0.00136449,0.588459,0.608229,0.158174,1.34227,0.0499988
115.867573696,0.0338448,0.232543,0,3.63979,0.0223302,0.395823,0.0524716,0.340763,0.220412,0.421423,0.928185,1.58061e-05
115.914013605,0.494738,0.0308798,0,3.76181,0.0230406,0.244866,0.30505,0.189348,0.00718035,0.383885,1.00867,0.204622
115.960453515,0.508921,0.0328297,0,3.75733,0.0268944,0.173182,0.399073,0.124806,0.0192246,0.151749,1.04727,0.329245
116.006893424,0.513048,0.0388373,0.000332309,3.49072,0.025303,0.477497,0.422531,0.134103,0.264662,0.0570899,0.951345,0.3204
116.053333333,0.295918,0.381237,0.301771,2.83602,0.127208,0,0.186176,0.743624,0.00649551,0.0570237,0.811833,0.171602
116.099773243,0.457438,0.353412,1.88787,1.9056,0.150092,0,0.0356829,0.807156,0.00192415,0.148674,0.617327,0.133429
116.146213152,0.529796,0.188318,3.04926,0.894162,0.102914,0,0.257518,0.716531,0,0.771795,0.448637,0.112548
116.192653061,0.559028,0.0935843,3.49873,0.0601988,0.0839038,0,0.404464,0.59636,0,0.976603,0.0208559,0.080484
116.239092971,0.528047,0.0485714,3.5356,0.00150768,0.0846727,0,0.222585,0.532821,0.0310754,0.924863,0.11423,0.0663958
116.285532880,0.499713,0.0212704,3.5296,0.00473572,0.0814391,0.00839469,0.151136,0.543081,0.0423081,0.911501,0.149066,0.058583
116.331972789,0.483978,0.0285436,3.49633,0.0108262,0.0759362,0.0255895,0.202551,0.578605,0.0401189,0.933039,0.0988878,0.053542
116.378412698,0.492549,0.0618671,3.32583,0.0119901,0.0692142,0.016127,0.284342,0.641398,0.024951,1.07381,0.083381,0.0524268
116.424852608,0.487871,0.0382048,3.50049,0.00451103,0.0808269,0.0258285,0.279966,0.659695,0.324897,1.05796,0.00154136,0.0464416
116.471292517,0.388382,0,3.57136,0.00123752,0.0946286,0.0211953,0.31484,0.743937,0.479051,1.2252,0.00157376,0.0632368
116.517732426,0.280061,0.0238093,3.38366,0,0.0880224,0.00314459,0.330461,0.884415,0.639063,1.12716,0.308385,0.0874612
116.564172336,0.247697,0.0749265,2.7723,0.507958,0.024223,0.00672279,0.320092,0.821899,0.652422,1.28367,0.674098,0.117288
116.610612245,0.191127,0.192733,2.80809,0.257811,0.029591,0.0209018,0.138304,0.637036,0.640709,1.13093,0.740125,0.139607
116.657052154,0.00519431,0.0626744,2.6888,0.0284219,0.0517422,0.304819,0.0121337,1.05807,0.453031,1.10145,0.715116,0.093063
116.703492063,0.216275,0.00207226,2.28618,0,0.085679,1.73023,0.163076,1.14644,0.0494526,0.900398,0.376259,0.0295686
116.749931973,0.625707,0,1.33434,0.00945267,0.070801,2.38787,0.167741,1.21349,0.0955587,0.494776,0.00164803,0.145511
116.796371882,0.967307,0.000178655,1.04053,0.0314069,0.010419,2.69305,0.10949,1.12302,0.0503122,0.128893,0.0405737,0.399026
116.842811791,0.895383,0.557063,0.988342,0.00974781,0,2.57104,0.18302,1.06295,0.712448,0.160277,0.0691451,3.87374e-05
116.889251701,0.588201,0.676488,2.35264,0,0,1.99663,0.0885595,0.907313,0.822422,0.910882,0.0473974,1.05618e-05
116.935691610,0.459868,0.470726,3.16223,0,0.0465771,0.295934,0.569235,0.615939,0.903124,1.15038,0.0132408,0.00568177
116.982131519,0.508395,0.249056,3.19173,0,0.0520873,0.0227039,0.617565,0.660223,0.783936,1.19252,0.00112023,0.00418907
117.028571429,0.716086,0.28262,3.12128,0.00165349,0.0667029,0.0402558,0.567102,0.740105,0.379585,1.2093,0.000771881,0
117.075011338,0.740209,0.545127,2.76195,0.0123277,0.148081,0.132683,0.427003,0.984636,0.0332964,1.33865,0.000231406,0
117.121451247,1.58426,0.0389936,1.1737,1.68475,0.0713609,0,0.366009,0.764406,0.390062,0.860758,0.0905984,0.115067
117.167891156,1.67321,0.00395733,0.805432,1.67618,0,0,0.584607,0.830525,0.352745,0.726139,0.0719563,0.00928806
117.214331066,1.58977,0.00255301,1.48995,1.24314,0,0,0.690179,0.89512,0.353889,0.714719,0.00489954,0.00628864
117.260770975,1.56844,0.00137615,2.35508,0.75496,0.0161541,0,0.737284,0.91852,0.263028,0.705353,0,0.00233828
117.307210884,1.44826,0.00155432,3.46376,0.0578996,0.0204403,0.00199171,0.67347,0.883938,0.0298514,0.741974,0.000379799,0.117513
117.353650794,1.2008,0.0930415,3.06148,0.00579294,0.0145296,0.0173144,0.586047,0.951608,0.00531947,0.973933,0.0013306,0.0866444
117.400090703,1.04012,0.322099,2.11995,0.0110532,0.0281607,0.0340879,0.567311,1.04407,0.000466446,1.14568,0.0761897,0.0481758
117.446530612,1.40859,1.08144,1.00289,0,0.273416,0.0620272,0.164202,1.44871,0.422879,0.617982,0.0188361,0.129165
117.492970522,1.88105,1.2957,0.144111,0.0763095,0.337245,0.0722536,0.0119517,1.86409,0.80655,0.205648,0.00114527,0.226781
117.539410431,2.46785,0.765776,0.0560995,0.608621,0.168045,0.0553897,0.0308131,1.51721,1.14277,0.176367,0.000805369,0.24796
117.585850340,2.1665,0.491655,0.00109927,0.379624,0.176496,0.0212097,0.0308896,1.45467,1.28571,0.0553577,0.000478516,0.142669
117.632290249,1.78183,0.015593,0.107341,0.264343,0.091254,0.00418632,0.0372903,1.39781,1.1367,0.0273919,1.95586e-05,0.0817804
117.678730159,1.68087,0,0.178254,0.209735,0.151895,0.0104204,0.37975,1.47415,0.670952,0.124427,0.0294559,0.12499
117.725170068,1.6808,0,0.28372,0.16317,0.209497,0.0132759,0.56222,1.40154,0.210856,0.115529,0.0587101,0.512028
117.771609977,1.35073,7.01573e-05,0.363732,0.215587,0.457797,0.0330038,0.624447,1.54001,0.11535,0.123216,0,0.94305
117.818049887,2.32026,0.0460408,0.421318,0.162765,0.503115,0,0.837963,1.89189,0.0637696,0,0.067677,0.602663
117.864489796,2.4685,1.00163,0.455872,0.220515,0.153749,0.708945,0.183947,1.19177,0.517985,0.0257054,0,0.0136223
117.910929705,1.87131,1.19449,0.591266,0.17391,0.160156,0.453759,0,0.710953,0.805731,0.126006,0.000195625,0.0334212
117.957369615,1.53937,1.40464,0.597151,0.0569768,0.157171,0.491043,0,0.469027,0.851669,0.168915,0.000230436,0.0690067
118.003809524,1.7459,1.47144,0.706024,0.00234571,0.138918,0.571399,0,0.27203,0.777632,0.118614,0.000194508,0.123219
118.050249433,2.16838,0.993486,0.366883,0.0616677,0.0940787,0.467486,0,0.251714,0.510872,0.265022,0,0.245947
118.096689342,2.40882,0.511337,0.0965835,0.14214,0.271664,0.190076,0,0.465122,0.0649362,0.0722165,4.11929e-05,0.358937
118.143129252,2.02123,0.00319444,0.00144849,0.183869,0.752681,0.0577712,0,0.829357,0.110413,0.11351,0.000189391,0.647186
118.189569161,1.23958,0.0015348,0.00377662,0.263563,0.994032,0.0652825,0,0.87636,0.086686,0.0968392,0.0055329,1.23615
118.236009070,0.814911,0.011798,0.166061,0.213166,1.27407,0.0211104,0,1.44092,0.507634,0.00802295,0.0946284,1.69322
118.282448980,1.9927,1.26715,0.0613912,0,1.11432,0.0265651,0.0547507,1.38025,0.380628,0.00229903,0.034412,0.0705805
118.328888889,2.73645,1.14079,0.0638309,0.00568593,0.561907,0.201505,0.0402514,1.28557,0,0.0119313,0.00354962,0.0377911
118.375328798,2.80616,0.802143,0.0041329,0.00539531,0.488796,0.382213,0.0335018,1.38232,0.0530583,0.018775,0.00400268,0.0710141
118.421768707,2.9427,0.43872,0.00401615,0.00381675,0.41444,0.408132,0.0249458,1.44794,0.0977599,0.0220327,0.00603341,0.100726
118.468208617,3.33734,0.03374,0.00382661,0.0230926,0.305085,0.178422,0.0096095,1.59444,0.472272,0.160977,0.0297151,0.0518321
118.514648526,3.67741,0,0.0223516,0.0497808,0.263261,0.0713277,0.00166204,1.76959,0.631092,0.284037,0.13522,0.0483875
118.561088435,3.66409,0.0150675,0.000829909,0.577249,0.288446,0.0538302,0,1.76956,0.666918,0.264353,0.165041,0.0706416
118.607528345,3.04945,0.0834986,0.000296445,1.31032,0.258925,0.0484296,0.00166832,1.50378,0.576022,0.685251,0.869601,0.0960687
118.653968254,1.18981,0.0433266,0.199887,2.06926,0.0499039,0.0507281,0.008152,1.5443,0.323656,0.623155,1.38336,0.29098
118.700408163,0.270769,0.00154291,0.0866611,2.51314,0.0770374,0.0539548,0.0110454,1.12636,0.0717379,0.703841,1.32739,0.450636
118.746848073,0.174607,0.000895344,0.0282333,2.58245,0.00233969,0.0718357,0.00463076,1.54531,0.0769786,0.643946,1.24365,0.660869
118.793287982,0.161853,0,0.0417999,2.80875,0.0224044,0.642638,0.0211291,1.65717,0.0231061,0.090686,1.03307,0.539274
118.839727891,0.300631,0.459049,0.63996,1.01412,0.0294824,2.80819,0.00695288,1.61698,0.00589278,0.0590056,1.23257,0.168696
118.886167800,0.798225,0.675533,0.512329,0.0527873,0.0276849,3.33353,0.0474634,1.81479,0,0.148558,0.221943,0.0698314
118.932607710,0.613338,0.807389,1.06035,0.0544829,0,2.13121,0.196262,2.34625,0,0,0.294372,0.0136338
118.979047619,0.272167,0.774978,1.12679,0.0507077,0,1.26321,0.404562,2.38978,0.0285657,0.0014784,0.268955,0.0280911
119.025487528,0.799115,0.767067,0.802231,0.0168981,0,0.687226,0.498688,2.87818,0.0225188,0.00310183,0.234991,0.00038439
119.071927438,1.711,0.67166,0.791524,4.70951e-05,0.00557314,0.0122157,0.087702,2.90481,0,0.00275124,0.194438,0.000593807
119.118367347,2.09975,0.104493,0.805174,0.0038669,0.26738,0.182464,0.038975,2.85305,0,0.00217527,0.125936,0.01599
119.164807256,2.47637,0.0640702,0.385299,0.0134951,0.0851936,2.52644,0.0351367,2.01602,0.00210476,0.164058,0.0422525,0.0949192
119.211247166,2.14598,0.000680824,0.023409,0.0488644,0.00160541,3.61642,0.105454,0.226581,0.0757707,0.419925,0.000787808,0.0250017
119.257687075,1.95734,0.00117077,0.0323489,0.141251,0,3.91602,0.0476111,0.0607881,0.112771,0.393877,0.000745891,6.27913e-05
119.304126984,2.10563,0.00137605,0.0346376,0.174635,0,3.89691,5.22151e-05,0.0425506,0.100112,0.410795,0.000669539,3.50016e-05
119.350566893,2.47135,0.00213485,0.0353765,0.0909719,0,3.68794,0.0122784,0.0409933,0.0650458,0.436276,0.000667646,3.07478e-05
119.397006803,2.32638,0.216949,0.0337925,0.0291437,0,3.3561,0.000213021,0.046786,0.0267291,0.434423,0.0153989,0.00599949
119.443446712,2.16826,0.089645,0.0324417,0.024603,0.0473641,3.32291,0.0478876,0.0501393,0.0238281,0.278253,0.115092,0.100156
119.489886621,2.01954,0.000172316,0.0383391,0.0187225,0.022608,3.46349,0.136683,0.0978709,0.154058,0.202025,0.0955641,0.119842
119.536326531,1.47066,0,0.0599719,0.0116624,0,3.43972,0,0.218013,0.703718,0.376637,0.0531951,0.108512
119.582766440,0.947563,0,0.108845,0.138438,0.00575867,3.06998,0,0.277893,1.04415,0.310328,0.0888948,0.219093
119.629206349,0.541063,0,0.120694,0.35713,0.0146993,2.50618,0.0165005,0.377152,1.05473,0.269316,0.102414,0.523105
119.675646259,0.473394,0.0285332,0.0638902,0.188058,0.0715554,2.13659,0.0184003,0.634465,0.858397,0.340812,0.134227,0.756106
119.722086168,0.405601,0.0159154,0.161616,0.04694,0.0675304,2.49413,0.234142,0.977825,0.355177,0.258669,0.0840272,0.72759
119.768526077,0.501746,0,0.413184,0.00136749,0.0366336,2.71622,0.146364,1.0849,0.107536,0.230059,0.00488337,0.648288
119.814965986,0.555881,0,0.568839,0.00590585,0.0323105,2.77207,0.0318759,1.0941,0.138115,0.153606,0.00135906,0.381169
119.861405896,0.596603,0.0425187,0.633342,0.716189,0.143494,2.63025,0,1.49353,0.0702875,0.220177,0.00191937,0.051942
119.907845805,0.636849,0.21875,1.14644,1.51721,0.223654,1.18254,0.000290988,1.57832,0.370123,0.756788,0,0
119.954285714,0.157427,0.411045,1.57435,1.58794,0.329862,0,0,1.13436,0.893061,0.355739,0,0
120.000725624,0.214456,0.904214,1.41349,1.20489,0.226393,0,0.0227451,1.36448,0.969537,0.22123,0,0
120.047165533,0.239156,1.39673,1.18564,0.563141,0.0797976,0.0116486,0,1.43939,0.701268,0.000691958,0,0.136739
120.093605442,0.356098,1.4376,0.150615,0.501336,0.107143,0.115488,0.00298864,1.22621,0.325992,0.46607,0,0.636586
120.140045351,0.530519,1.00092,0.00277517,0.567674,0.827708,0,0.18031,1.09035,0.0222687,0.502264,0.662998,0.830812
120.186485261,0.559506,0.367699,0.397575,0.646827,1.07028,1.19042,0.49327,0.570812,0.0708463,0.148056,1.36352,0.246878
120.232925170,1.08137,0.122237,0.759737,0.315524,1.51375,0.736977,0.274745,0.650877,0.70985,0.00844705,1.02087,0.285268
120.279365079,1.86092,0.00263937,0.599981,0.544533,1.70264,0.149776,0.101722,0.694661,0.266356,0.0137878,0.891656,0.287254
120.325804989,2.68174,0.0198264,0,0.119323,1.55584,0.0111558,0.199926,0.862805,0.0744462,0.102792,0.00151997,0.313424
120.372244898,2.50863,0.0320517,0,0.0967452,1.23606,0.428433,0.455035,0.840197,0.0600491,0,0,0.373116
120.418684807,2.47545,0.00112706,0.000807298,0.204385,0.714598,0.613376,0.465469,0.744591,0.00964462,0,0,0.57385
120.465124717,2.59987,0.00248251,0.00234941,0.287999,0.348778,0.534148,0.465808,0.630494,0.0118349,0,0,0.768425
120.511564626,2.94912,0.000605251,0.00209776,0.196759,0.316686,0.00796394,0.218484,1.06993,0.487127,0.469518,0,0.498482
120.558004535,3.47058,0,0.00145788,0.320804,0.521486,0.0118232,0.0246272,1.69079,0.671514,0.40189,0.00409906,0.0570052
120.604444444,3.69695,0.0275022,0.001359,0.457547,0.640995,0.0187366,0.00178359,1.77766,0.710889,0.213778,0.0333838,0.0825586
120.650884354,3.4938,0.578102,0,0.369357,0.690729,0.0110624,0.00786442,1.68727,0.722962,0.10205,0,0.112842
120.697324263,2.6664,1.68174,0.125944,0.143369,0.726591,0.00959872,0.0493934,1.59834,0.944334,0.186026,2.07499e-05,0.126854
120.743764172,1.05301,2.09739,0.710103,0,0.577671,0.0193788,0.0770635,1.27088,1.01994,0.3647,0.000665082,0.0537529
120.790204082,0.182534,1.84403,1.57022,0.188471,0.111002,0,0.0944795,1.01051,0.855421,0.239684,0.00079948,3.07714e-05
120.836643991,0.205245,1.18623,1.83902,0.126889,0.107635,0.0309115,0.0908454,1.46416,0.64034,0.333021,0.0157226,4.99073e-05
120.883083900,0.194728,0.804326,2.01831,0,0.112187,0.270128,0.096749,1.16707,1.3567,0.258446,0.0480481,0.000471266
120.929523810,0.0244438,1.42891,1.47124,0,0,0.534965,0.0142998,0.881373,1.71214,0.0612703,0.299485,0.182739
120.975963719,0.17872,1.70415,1.1843,0,0,0.490081,0.059183,0.797556,1.63647,0.0828093,0.617432,0.155499
121.022403628,1.18208,1.57774,0.731948,0,0.20601,0.0217256,0.0478673,2.26592,0.650846,0,0.526701,0.0779873
121.068843537,2.57065,1.1069,0.000147321,0.0241017,0.231168,0.0275492,0.15336,2.17194,0.355256,0,0.194169,0.0895005
121.115283447,3.12459,0.633296,0.000421797,0.06931,0.239822,0.0334544,0.218751,1.96632,0.189261,0,0.0749678,0.079397
121.161723356,3.65905,0.516187,0,0.0864905,0.273937,0.0300837,0.034831,1.85891,0.0673512,0.00603117,0.0240776,0.0923566
121.208163265,3.56511,0.137851,1.47903,0.0268718,0.569238,0.0248895,0.0229671,1.56062,0.064339,0.0318491,0.0551732,0.104941
121.254603175,2.61898,0.0625733,2.34756,0.089132,0.526514,0.0652428,0.294927,1.46051,0.0404721,0.221343,0.211083,0.105791
121.301043084,1.19753,0,2.17437,0.310406,0.170308,0.0809191,0.434116,1.62917,0.0282938,0.515309,0.252148,0.102531
121.347482993,1.10519,0,2.12197,0.66056,0.143362,0.0423011,0.443069,1.03672,0.0399187,0.700415,0.227421,0.0893027
121.393922902,0.999698,0,2.63099,0.468658,0.141736,0.0286912,0.27327,1.04443,0.0830108,0.856143,0.190535,0.0651838
121.440362812,0.960976,0.00801872,3.08821,0.0983733,0.161273,0.051886,0.126923,1.01163,0.0926853,0.974294,0.109164,0.0408853
121.486802721,1.13169,0.266326,2.8621,0.0102503,0.0552217,0.100817,0.0476906,1.15783,0.0513114,0.971573,0.0292257,0.0581321
121.533242630,2.58562,0.605031,0.931261,0.0007561,0.488224,0.0463096,0.0415773,2.17508,0.13465,0.405078,0.0636507,0.0184952
121.579682540,3.26781,0.55406,0.0407999,0.247008,0.587772,0.0493506,0.0141918,1.91279,0.594317,0.245888,0.0330274,0.000540406
121.626122449,3.35314,0.38978,0.0269126,0.494639,0.558951,0.0245123,0.01455,1.67125,0.746984,0.106412,0.00514629,0.000619733
121.672562358,2.28824,0.0365612,1.79161,0.360832,0.31091,0.0591015,0.0291607,1.61107,0.781299,0.153466,0.312318,0.00107534
121.719002268,0.0150265,0.0530934,2.95624,0.000420291,0.0264012,0.0963803,0.0352986,1.15032,0.718351,0.630075,1.0106,0.0360999
121.765442177,0.0406396,0.100128,3.18445,0.00135128,0.0300579,0.0636806,0.171032,0.843158,0.347632,0.815021,0.765,0.0330805
121.811882086,0.108659,0.134523,3.21179,0.00928296,0.0479421,0.0190135,0.290423,1.16545,0.0553084,0.811708,0.300124,0.0159784
121.858321995,0.176668,0,2.6138,0.883504,0.0635186,0.0189172,0.461474,1.22619,0.0128072,0.680269,0.190657,0.0441508
121.904761905,0.219101,0.17535,1.43234,1.83955,0.0837715,0.0128625,0.436224,1.10425,0,0.363611,0.208609,0.0586331
121.951201814,0.124612,0.440819,1.13356,1.7678,0.0665511,0,0.427572,0.828607,0.434412,0.389164,0.143895,0.0431086
121.997641723,0.86117,0.782026,0.538489,1.29205,0.0176291,0,0.449102,1.19881,0.566993,0.573474,0.0408845,0.0697634
122.044081633,2.23345,1.08936,0.515679,0.337128,0.00514686,0,0.258971,1.61103,0.669601,0.290773,0.00182808,0.00584741
122.090521542,3.13295,0.837867,0.292028,0,0.365579,0.00622168,0.00236814,1.44909,0.650538,0,0.000385123,0.00101393
122.136961451,3.12397,0.428765,0.00360237,0.507647,0.797607,0.0374985,0.00931665,1.36145,0.302324,0.251907,0,0.0943066
122.183401361,1.20448,0.416573,0.00230431,2.75967,0.582512,0.0643331,0.072934,0.672957,0.00749422,0.0815865,0.556729,0.466357
122.229841270,0.501567,0.183103,0,3.21015,0.273806,0.147098,0.121271,0.341728,0.00864383,0.0213031,0.674217,0.16636
122.276281179,0.505428,0.158505,0,3.32709,0,0.0858948,0.132321,0.441918,0.0185679,0.0326838,0.656876,0.107128
122.322721088,0.487649,0.171887,0.10366,3.22393,0,0.0186546,0.241469,0.478192,0.0853779,0.134087,0.527192,0.132087
122.369160998,0.438849,0.187856,1.45025,2.3882,0,0.00478367,0.34386,0.513682,0.146025,0.335549,0.440833,0.171097
122.415600907,0.521379,0.618216,2.19837,0.66509,0,0,0.63776,0.585816,0.193053,0.58939,0.552808,0.0871331
122.462040816,1.31712,0.716485,2.07167,0.250514,0,0.541959,0.885817,0.0375412,0.142964,0.685685,0.083189,0.079877
122.508480726,2.30243,0.428493,1.43994,0.406657,0,0.327936,1.08529,0.0259429,0.343702,0.719917,0.00629459,0.267739
122.554920635,3.45774,0.0335919,0.320024,0.468223,0,0.048314,0.93866,0.225102,0.577186,0.528725,0.111929,0.149373
122.601360544,3.46177,0,0.21774,0.26688,0.153027,0.0558291,0.588939,0.449448,0.4026,0.360924,0.370124,0.0574723
122.647800454,2.99914,0.000478948,0.100321,0.216116,0.282225,0.251713,0.669297,0.616599,0.169475,0.709901,0.30766,0.0266762
122.694240363,2.46636,0.00149465,0.0700911,0.458063,0.411648,0.222282,0.475911,0.601177,0.127393,0.803803,0.370703,0.278471
122.740680272,2.12969,0.0017704,0.00284277,0.501745,0.61617,0.354139,0.551958,0.36246,0.258179,0.480135,1.0029,0.396333
122.787120181,2.01191,0.00191426,0.00217888,0.581718,0.670649,0.317365,0.735599,0.135632,0.314147,0.56798,1.01812,0.291883
122.833560091,1.81964,0.317572,0.0546957,0.410074,0.698728,0.274812,0.577233,0.0886993,0.228516,0.550451,0.808623,0.441091
122.880000000,1.60363,0.890785,0.118936,0.438172,0.42511,0.104516,0.2132,0.0155233,0.288766,0.372817,0.667183,0.741753
122.926439909,1.61519,0.80882,0.540618,0.556098,0.415282,0.0244304,0.0644769,0.0213071,0.328037,0.136516,0.708263,0.972656
122.972879819,1.78071,0.344191,0.707883,0.893925,0.601528,0.0312183,0.274123,0.153054,0.0158032,0.319864,0.497466,0.739669
123.019319728,1.64162,0.21882,0.333704,0.623314,0.715857,0.0509558,0.255226,0.404355,0.00808544,0.419805,0.268455,0.806004
123.065759637,1.85172,0.184192,0.360933,0.518521,0.31042,0.203832,0.236996,0.10501,0.00750529,0.162026,0.588829,1.14861
123.112199546,2.22134,0.122927,0.454615,0.6294,0.377366,0.473488,0.429235,0.0308054,0.152915,0.00860153,0.643469,0.998711
123.158639456,2.6704,0.538464,0.123968,0.61534,0.123034,0.166953,1.27575,0.42249,0.359117,0.322362,0.45719,0.529023
123.205079365,1.50314,0.663953,0.139733,0,0.0298603,0.106614,0.486021,0.39079,1.95083,0.797181,0.818809,0.133156
123.251519274,1.26581,1.07961,0.202222,0.0237156,0,0.247924,0.135842,0.303227,2.74784,0.786844,0.573549,0.190124
123.297959184,1.2882,0.752409,0.450411,0.0578563,0.0144075,0.281452,0.0145261,0.330942,2.84551,0.559984,0.303383,0.28059
123.344399093,1.66484,0.245035,0.698933,0.113758,0.395065,0.227084,0,0.586736,2.39605,0.294402,0.0909594,0.170249
123.390839002,2.20601,0.240622,0.758551,0.0993041,1.33949,0.0285461,0.0521257,0.814497,1.59033,0.145741,0.0438298,0.143074
123.437278912,2.37972,0.284762,0.654945,0.0538276,1.64207,0,0.193608,1.16313,0.519029,0.116622,0.0386436,0.0950298
123.483718821,2.16161,0.289282,0.510739,0.0727398,1.48621,0,0.155881,1.21383,0.125465,0.0851404,0.0269928,0.125815
123.530158730,1.70171,0.345092,0.152637,0.0566768,1.46463,0.0370113,0.0690005,1.03834,0.0190296,0,0.0987874,0.752762
123.576598639,1.31641,0.267367,0.00320423,0.0760037,1.35318,0.0378348,0.00917691,0.955418,0.147368,0.00393199,0.191769,1.55921
123.623038549,1.63928,0.332981,0.00277974,0.0902782,1.13869,0.0423086,0.117702,0.856113,0.117333,0.00450307,0.10769,1.71721
123.669478458,1.66948,0.191608,0.00416316,0.456119,0,0.108331,0.0374724,1.08718,0.00757153,0.129049,0.218173,1.9041
123.715918367,1.04202,0.455626,0,0.578597,0,0.332455,0.0658482,2.04483,0.665496,0.554432,0.0521242,1.13288
123.762358277,1.11047,0.587814,0.614933,0.696137,0,0.292762,0.0712982,2.07826,0.870885,0.81823,0.00186048,0.640721
123.808798186,0.703747,0.541046,1.00396,1.06463,0.0136599,0.258741,0.163584,1.72119,0.755151,0.829966,0.154792,0.356006
123.855238095,0.828326,0.52749,0.957117,1.21657,0.0145895,0.0569876,0,1.67375,0.625609,0.711263,0.450071,0.242944
123.901678005,1.05971,0.292119,0.834904,1.85506,0.0154912,0.0401947,0.00361568,1.30813,0.480025,0.262863,0.642326,0.184687
123.948117914,1.03272,0.311474,0.622553,2.4686,0.0199744,0.0560924,0.0259138,1.49245,0.261997,0.161964,0.424343,0.302145
123.994557823,0.708054,0.405656,0.449124,2.73228,0.0251156,0.183585,0.216908,1.87063,0.375737,0.111486,0.176193,0.278835
124.040997732,0.977417,0.572913,0.252326,2.29819,0.0240828,1.13744,0.316761,1.63961,0.678058,0.150753,0.0247171,0.586197
124.087437642,1.22731,0.687037,0.167353,1.33253,0.0178503,1.83751,0.312335,1.37193,0.793281,0.241165,0.0678051,0.680557
124.133877551,1.48754,0.439656,0.230119,0.482114,0.683987,2.07399,0.4034,0.936749,0.579558,0.401771,0.0729085,0.137795
124.180317460,1.41177,0.193729,0.204819,0.516782,0.641043,1.70452,0.422748,0.525168,0.567442,0.613634,0.0440274,0.225896
124.226757370,1.28807,0.397326,0.239476,0.869345,0.499984,0.849321,0.577896,0.864436,0.791336,1.2056,0.00129374,0.162097
124.273197279,1.03151,0.651273,0.2183,1.45727,0.49334,0.237146,0.655018,1.25061,0.402044,0.920087,0.339219,0.120146
124.319637188,0.748204,0.80467,0.469825,1.45607,0.372612,0.394097,0.48634,1.33101,0.169337,0.630607,0.659554,0.0416712
124.366077098,0.705025,0.842523,0.573469,1.49218,0.0875974,0.280637,0.0816306,2.50853,0,0.477959,0.781088,0.349171
124.412517007,0.89444,0.395984,0.532125,1.51121,0.0736494,0.333727,0,2.74771,0.099604,0.588258,0.620788,0.229255
124.458956916,0.959303,0.456129,0.392124,1.37185,0.213461,0.465,0,2.71569,0.351157,0.926953,0.176678,0.221269
124.505396825,0.994546,0.293389,0.0905485,1.67514,0.191837,0.905842,0.00370507,2.49644,0.625693,0.963254,0.148852,0
124.551836735,1.0862,0.19738,0.00211119,2.13044,0.116196,1.35679,0.0170994,2.37541,0.0824722,0.856995,0.0239542,0.0207363
124.598276644,0.72986,0.863453,0.00370481,1.23276,0,1.37626,0.00328026,2.42545,0.494919,1.04538,0.0385272,0.549935
124.644716553,0.445994,1.15228,0.306277,0.106052,0.221986,1.03034,0.0251914,1.8761,0.528816,1.08167,0.62191,0.567478
124.691156463,0.345529,1.09932,0.000422443,0.254153,0.103642,0.837469,0.0261578,1.91001,0.467028,1.11079,0.654939,0.486603
124.737596372,0.129928,1.30442,0.0187775,0.841546,0.00547097,0.937974,0.306902,1.46201,0.433608,1.06557,0.132258,0.23088
124.784036281,0.239841,1.80025,0.138398,0.969652,0.00727093,1.30881,0.291524,1.48324,0.468337,0.300997,0.14936,0.487878
124.830476190,0.408912,1.38931,0.304218,0.866362,0.0946516,1.40111,0,1.4355,0.354123,0.0257008,0.987588,0.546089
124.876916100,0.424036,1.44039,0.294168,0.645262,0.069626,1.74342,0.00247967,0.939378,0.290546,0.295688,1.0952,0.51511
124.923356009,0.41588,1.29277,0.788733,0.0538871,0.00627933,1.79899,0,0.842613,0.334628,0.57498,0.724878,0.569759
124.969795918,0.922333,1.24383,1.19616,0.138968,0.00831067,1.06324,0.0153103,1.52212,0.120485,0.516388,0.698816,0.434781
125.016235828,1.04517,1.84472,0.913267,0.460958,0.00952988,1.04247,0.169514,0.9799,0.149544,0.706792,0.33235,0.929994
125.062675737,0.975552,2.06745,0.250834,0.853094,0.0133315,1.30615,0.326724,0.814139,0.0478393,0.489138,0.168423,0.931061
125.109115646,0.639529,1.98192,0.324892,0.865589,0.302936,1.23854,0.407139,0.628821,0.147295,0.32923,0.348776,0.706543
125.155555556,0.0868609,2.13522,0.335416,0.899374,0.467865,1.07131,0.462406,0.401877,0.328836,0.369658,0.603991,0.625806
125.201995465,0.0384263,2.19314,0.340656,1.1604,0.179257,0.926632,0.318729,0.162064,0.606851,0.142877,0.859246,0.777525
125.248435374,0.00116552,1.31647,0.86917,0.915361,0.0331881,0.809245,0.227216,0.858998,0.335355,0.354605,1.49336,0.740878
125.294875283,0.000761619,1.0627,0.897419,1.02639,0,0.804002,0.0519572,1.31123,0.767086,0.382764,1.15268,0.874245
125.341315193,0.183819,0.848789,1.03968,1.06093,0.00495952,0.62988,0.0283242,1.33715,0.720595,0.325807,1.15804,0.704196
125.387755102,0.281562,0.8602,1.04696,0.986845,0.00700072,0.669364,0,0.916344,0.590702,0.29194,1.55248,0.601253
125.434195011,0.280444,0.901977,0.813598,0.972115,0.0075765,0.921025,0,0.54801,0.486981,0.664312,1.6884,0.603396
125.480634921,0.21323,0.88454,0.759424,1.49684,0.00622368,0.407487,0.0151561,0.220007,0.488494,0.96162,1.4731,0.718595
125.527074830,0.719501,0.995633,1.1371,1.36863,0.000865616,0.202314,0.226276,0.169564,0.758651,0.586686,0.503551,0.117672
125.573514739,0.67617,0.984123,1.54084,1.15371,0.00376882,0.313236,0.322185,0.0330448,0.795039,0.513808,0.272715,0.0428254
125.619954649,0.179445,1.31371,2.06686,0.464736,0.203793,0.0639885,0.120417,0.554112,0.0611754,0.697597,1.17225,0.590396
125.666394558,0.0495937,2.05952,1.66781,0.0503591,0.296424,0.261291,0.426288,0.587089,0.106413,0.568545,1.25315,0.779616
125.712834467,0.119648,1.93193,1.29609,0.0192137,0.0566994,0.454152,0.418894,0.671149,0.411803,0.594492,1.13618,0.943984
125.759274376,0.0572217,2.3386,0.66883,0.0500129,0.0339558,1.064,0.685759,0.37339,0.619015,0.75193,0.673272,0.36029
125.805714286,0.0199604,2.32826,0.402351,0.00082552,0.0424671,1.38205,0.474088,0.571195,0.817944,0.29615,0.403723,0.172495
125.852154195,0.20688,2.00688,0.560573,0.00322531,0,1.32716,0.0986578,0.934489,0.829792,0.359969,0.877231,0.437458
125.898594104,0.244125,1.48823,0.758439,0.00638682,0,1.23812,0.0746232,0.939066,0.701544,0.264451,1.13183,0.237148
125.945034014,0.749246,1.42643,0.632979,0.00434417,0.00647534,0.975875,0.109508,1.22053,0.347916,0.48656,0.915769,0.194034
125.991473923,1.24976,1.34092,0.341452,0.06349,0.0164654,0.143365,0.0427268,0.990431,0.178482,0.703613,1.22659,0.617738
126.037913832,0.998756,1.21851,0.397934,0.253885,0.0253666,0.324729,0.108984,1.27683,0,1.01035,1.02032,0.64452
126.084353741,0.691299,1.2068,0.795741,0.309414,0.0349237,0.645468,0.155382,1.0737,0,0.697689,1.45164,0.622409
126.130793651,0.240401,1.49841,0.83937,0.3807,0.142473,0.560999,0.161782,0.619233,0.0032001,0.365147,1.68754,0.607518
126.177233560,0.175119,1.69214,0.711578,0.37148,0.079552,0.434065,0.254474,0.797207,0.00913246,0.357261,1.5761,0.54546
126.223673469,0.197654,1.98707,0.105184,0.021583,0.0338475,0.79572,0.160977,1.07799,0.318479,0.128178,0.765409,0.456592
126.270113379,0.146045,1.49023,0.911472,0.19249,0.0360664,0.794098,0.121159,2.4501,0.453925,0.0128334,0.631212,0.301806
126.316553288,0.152157,1.37999,0.833505,0.140689,0.0308017,0.384989,0.0219691,2.86397,0.578129,0.0497557,1.03025,0.235973
126.362993197,0.302688,1.12465,0.776512,0.201583,0.0224976,0.467514,0,2.7146,0.622708,0,1.41963,0.270984
126.409433107,0.396219,0.73663,0.534125,0.735136,0.018202,0.568936,0.774058,2.15692,0.472919,0.0836901,1.31814,0.222925
126.455873016,0.635816,0.440265,0.311375,1.16875,0.0142382,0.63066,1.34548,1.36155,0.350878,0.483006,0.875023,0.100651
126.502312925,1.0446,0.51417,0.0480133,1.15805,0.00610551,0.718149,1.45856,1.2425,0.305302,0.782998,0.364293,0.150624
126.548752834,1.13416,0.378138,0.00133144,0.984729,0,1.07358,1.48871,0.787138,0.246361,1.05554,0,0.077059
126.595192744,0.476097,0.448835,0.353793,0.328813,0,1.43501,1.29047,0.609465,0.352963,1.06769,0.0933235,0.321359
126.641632653,0.476824,1.31011,0.775328,0.0734688,0.14973,0.880189,0.00337577,1.35384,0.779493,1.36806,0.579487,0.584622
126.688072562,0.370683,1.37657,0.713787,0.124854,0.42657,0.615595,0.0554294,1.23677,0.614252,1.26324,0.857581,0.397436
126.734512472,0.292189,1.20506,0.156238,0.398608,0.138213,0.554537,0.363984,1.27689,0.610021,1.25574,0.581388,0.307765
126.780952381,0.304765,1.18012,0.0593676,0.793212,0.00671669,1.35685,0.515486,1.2602,0.790893,0.812299,0.0879082,0.50908
126.827392290,0.277721,1.34956,0.151288,0.693245,0.0309958,1.77416,0.230349,1.2887,0.453673,0.0942368,0.132166,0.920617
126.873832200,0.706845,1.3534,0.294072,0.675075,0.278741,1.98716,0.0702317,1.02511,0.172124,0.00857592,0.437981,0.456269
126.920272109,0.755703,1.30804,0.264732,0.410683,0.355556,2.35194,0.0165491,0.773207,0.126275,0.216278,0.509633,0.309208
126.966712018,0.73432,0.730838,0.672651,0,0.183285,2.44468,0.0376376,0.858826,0.0132814,0.398428,0.371967,0.282019
127.013151927,0.85428,0.922968,0.843309,0.223245,0.028993,2.1257,0.195715,0.788559,0.0283426,0.502113,0.619679,0.588892
127.059591837,0.721502,1.24657,0.588436,0.564196,0.00967021,2.05049,0.436431,0.558948,0.127123,0.503779,0.358661,0.866096
127.106031746,0.685254,1.41954,0.571768,0.769244,0.0139134,1.6143,0.357079,1.34015,0.243805,0.106632,0.209228,0.930002
127.152471655,0.70705,1.40241,0.619169,0.653795,0.299255,1.08453,0.285979,1.45203,0.378129,0.101519,0.490554,0.780109
127.198911565,0.807229,1.47691,0.486782,0.812187,0.278605,0.6266,0.0370849,1.61048,0.675528,0.105063,0.704133,0.819634
127.245351474,0.699847,1.52354,0.418946,1.0406,0.0216834,0.79005,0.0243148,1.83997,0.630169,0.0846846,0.837399,0.754512
127.291791383,0.0309942,1.25932,0.23837,1.11198,0.0237016,1.23015,0.0107404,2.59438,0.270996,0.228628,0.796037,1.00021
127.338231293,0.462141,1.23723,0.261698,1.21169,0.0181148,0.794282,0.00667021,2.21509,0.876264,0.153422,0.478566,0.840206
127.384671202,0.513677,1.10125,0.405959,1.19662,0.0533903,0.567695,0.021126,1.1974,2.05584,0.0744824,0,0.673296
127.431111111,0.540904,1.02697,0.523368,1.07793,0.077955,0.601391,0.0357241,0.756203,2.48009,0.0498032,0.00251128,0.51518
127.477551020,0.505499,0.956395,0.573106,1.18207,0.0244796,0.410591,0.0513644,0.39681,2.46208,0.344002,0.0102327,0.612122
127.523990930,0.383146,1.01525,0.638427,1.40694,0.00863529,0.196651,0.0685175,0.296383,2.61333,0.503436,0.0551399,0.719911
127.570430839,0.711615,1.04962,1.01967,1.18443,0,0.482125,0.0721502,0.20819,2.77492,0.218779,0.106729,0.110943
127.616870748,0.337034,0.896387,1.37205,0.876866,0.145431,1.32857,0.0948832,0.0405516,2.61792,0.0897601,0.0133978,0
127.663310658,0.160333,1.52945,1.52584,0.383142,0.410981,1.98352,0.193891,0,1.16187,0.163559,0.536847,0.222246
127.709750567,0.0381073,1.74588,1.27477,0.0384354,0.458443,2.1442,0.467267,0,0.425005,0.839913,0.780176,0.446699
127.756190476,0,1.89088,1.21208,0.0276973,0.230733,2.20157,0.362882,0.33342,0.557071,0.858988,0.539933,0.192777
127.802630385,0.053543,1.92343,1.23132,0,0,2.38592,0.369214,0.153886,0.86468,1.10966,0.0170729,0.138929
127.849070295,0.0432858,1.45404,0.547826,0.00341079,0,1.83241,0.253583,0.449457,1.04895,1.05259,0.0234311,0.481542
127.895510204,0.197592,1.44718,0.140912,0.0126849,0,1.32724,0.359661,1.02888,0.915512,0.62725,0.553694,1.00636
127.941950113,0.266503,1.53939,0.136843,1.3745,0.0345308,1.15134,0.0599151,0.83876,0.750906,0.549241,0.68982,0.460715
127.988390023,0.691544,1.55127,0.106364,2.226,0.0390839,0.692928,0,1.10759,0.320891,0.607385,0.413583,0.153614
128.034829932,0.954509,1.33697,0.0290211,2.51244,0.105715,0.431779,0.242508,0.94399,0.14723,0.338773,0.175127,0.0808344
128.081269841,0.960061,1.17654,0.0175856,2.62539,0.16525,0.444935,0.291077,0.9471,0.129616,0.409037,0.325994,0.000697051
128.127709751,0.702665,1.21296,0.384154,1.81952,0.194678,0.511269,0.281983,0.90115,0.0309089,0.215263,0.618325,0.248462
128.174149660,0.1731,1.33209,0.818554,1.13355,0.406207,0.680142,0.234621,0.667326,0.467364,0.0658016,0.694597,0.200963
128.220589569,0.327096,1.4112,1.09925,0.852962,0.170321,1.61816,0.0346449,0.440322,0.495525,0.140644,0.660969,0.432962
128.267029478,0.255646,1.34954,0.708968,0.285168,0.0445685,2.37262,0.0233581,0.504899,0.360327,0.345361,0.589695,0.333136
128.313469388,0.0970511,1.23984,0.442247,0.167408,0.063668,2.33209,0.102879,1.02903,0.426718,0.542392,0.52341,0.148263
128.359909297,0.163029,1.54239,0.45607,0.144752,0.0171657,2.36053,0.0127794,1.05242,0.287822,0.593862,0.827156,0.330879
128.406349206,0.303916,1.76697,0.691503,0.0516725,0.0182699,2.2436,0,1.13346,0.286707,0.592755,0.810677,0.316005
128.452789116,0.241288,1.03228,1.21199,0.00630625,0.0169083,1.67393,0,1.11349,0.567684,0.437201,0.384235,0.270898
128.499229025,0.544113,0.675166,0.763519,0.763635,0.0163099,1.1319,0.0155799,1.1086,0.694408,0.0747963,0.0372574,0.158844
128.545668934,0.594739,0.512759,0.599179,0.673072,0.00903315,0.992103,0.00847005,1.84404,0.561789,0.00707585,0.0257086,0.0372539
128.592108844,0.946885,0.308444,0.405596,0.493618,0,0.897268,0.119805,2.48271,0.253333,0.0088895,0,0.00534545
128.638548753,0.624211,0.274266,0.327481,0.00562736,0,0.432164,0.0153717,3.06621,0.449158,0.120745,0.0222055,0.0969589
128.684988662,0.674086,0.402898,0.981582,0.0904796,0.0359093,0.65789,0.0118268,3.06924,0.496838,0.227058,0.362131,0.294155
128.731428571,0.377058,0.835082,1.03113,0.113389,0.227783,1.05655,0.0342648,2.85534,0.469158,0.257412,0.585681,0.324701
128.777868481,0.280292,1.17253,0.427454,0.241719,0.00581975,1.06115,0.0384398,2.50082,0.602949,0.723886,0.518408,0.230482
128.824308390,0.178735,1.69887,0.407498,0.843558,0.0315991,0.935465,0.335337,2.03305,0.626388,0.0991153,0.133906,0.216735
128.870748299,0.251114,1.54277,0.602325,0.868029,0.0260478,0.745376,0.273703,2.15431,0.475942,0.105739,0.427691,0.451556
128.917188209,0.325127,1.6334,0.610069,0.763728,0.0221293,0.711789,0,2.01473,0.399464,0.202588,0.660353,0.541177
128.963628118,0.303048,1.68881,0.586661,0.421011,0.00760787,1.05763,0,1.37343,0.375759,0.842498,0.24816,0.419737
129.010068027,0.282462,1.40982,1.71182,0.00258679,0.0572576,0.867291,0,1.49486,0.511112,0.483866,0.17876,0.303268
129.056507937,0.877097,1.34069,1.64573,0.329631,0.157231,0.418513,0.331408,1.05113,0.34083,0.561432,0.392497,0.676239
129.102947846,0.896295,2.16235,0.829202,0.655001,0.0117628,0.872113,0.395933,0.929097,0.245908,0.320192,0.167477,0.956131
129.149387755,0.707299,2.04187,0.563547,0.942995,0.0130738,1.04727,0.397186,0.772093,0.071009,0.250924,0.226667,0.906377
129.195827664,0.195533,1.96145,0.513648,0.842825,0.304093,1.12991,0.334506,0.512685,0.242473,0.338399,0.483858,0.658709
129.242267574,0.234652,2.19923,0.326691,1.02322,0.430655,1.19518,0.115765,0.24035,0.416322,0.273816,0.8617,0.548886
129.288707483,0,2.08923,0.212638,0.884068,0.185161,1.3149,0,0.362658,0.411757,0.292831,1.45338,0.395157
129.335147392,0.000510503,1.53898,0.32986,0.916119,0.0709761,1.09152,0,1.11179,0.603747,0.471886,1.45142,0.69342
129.381587302,0.257481,1.20184,0.63639,0.869262,0.0210562,0.745424,0,1.2427,0.70689,0.42712,1.53768,0.537671
129.428027211,0.291203,1.23512,0.656562,0.839394,0.0172109,0.901141,0,0.988463,0.558292,0.425603,1.44012,0.4424
129.474467120,0.382806,1.37765,0.472286,0.881022,0.0119466,1.42675,0,0.687787,0.422011,0.947969,1.01271,0.405849
129.520907029,0.274495,1.22608,0.331066,1.23177,0.169895,1.50073,0.00228147,0.603545,0.388576,1.38582,0.991039,0.40892
129.567346939,0.686067,1.0398,0.83243,1.58511,0.14993,1.10339,0.0652165,0.158154,0.502532,1.19446,0.623718,0.121819
129.613786848,0.611415,0.972167,1.22491,1.27753,0,1.0453,0.378656,0.152275,0.683003,0.625399,0.239832,0.0643063
129.660226757,0.601262,0.865658,1.35349,1.0531,0.214619,1.01194,0.270531,0.132371,0.426067,0.341578,0.948201,0.0361588
129.706666667,0.0426132,1.68066,1.79114,0.0380916,0.272868,0.793546,0.200584,0.496823,0.058748,0.80171,1.24687,0.632616
129.753106576,0.097018,1.75427,1.48832,0.0114766,0.357613,0.848381,0.424328,0.328795,0.111072,0.717939,1.09465,0.738902
129.799546485,0.0632193,1.5872,0.970338,0.0934052,0,1.11236,0.388329,0.542421,0.463687,0.836624,0.647004,0.654857
129.845986395,0.0955185,2.12477,0.490408,0.0662836,0.00904242,1.47426,0.51666,0.332558,0.601082,1.03681,0.255555,0.28719
129.892426304,0.0756749,1.67024,0.484834,0.0044474,0,1.17736,0.285294,0.752791,0.750431,0.378111,0.852362,0.258619
129.938866213,0.206026,1.69506,0.583884,0.0090686,0,1.08021,0.0700854,0.623936,0.796926,0.487778,0.876853,0.36604
129.985306122,0.369633,1.49407,0.618099,0.0087747,0.000704416,1.31653,0.0098995,0.988385,0.478128,0.749705,0.676377,0.209571
130.031746032,1.14292,1.48463,0.567268,0.00457339,0.0089824,1.10522,0,0.88098,0.259386,0.74075,0.405684,0.087452
130.078185941,1.07297,1.23481,0.358008,0.0814674,0.020439,0.879373,0.0922197,1.04171,0.311957,0.995904,0.964213,0.713912
130.124625850,0.852027,1.28139,0.640717,0.182224,0.0298433,1.10442,0.136905,1.12962,0.37214,0.898412,0.84725,0.685252
130.171065760,0.601577,1.42668,0.830014,0.164173,0.0403881,1.19444,0.142419,0.825604,0,0.872545,1.09364,0.703154
130.217505669,0.16528,1.75848,0.758217,0.189889,0.163912,1.20302,0.107166,0.615844,0.0138185,0.710597,1.27858,0.769697
130.263945578,0.435807,1.89463,0.327463,0.105064,0.0466549,1.39535,0.0966166,1.12746,0.0434811,0.399227,1.10573,0.69849
130.310385488,0.211932,1.43798,0.676053,0.0826357,0.0372567,1.64664,0.0596692,1.30244,0.344483,0,0.736392,0.185147
130.356825397,0.12712,1.07927,0.787088,0.283722,0.0310426,1.21429,0.118569,2.00116,0.604935,0.0282367,0.622976,0.321702
130.403265306,0.297228,1.11228,0.783791,0.327094,0.0238952,0.925803,0.0437888,2.33851,0.597629,0.0362038,0.625693,0.415365
130.449705215,0.412751,1.15682,0.589754,0.397737,0.0198303,1.02962,0.0152083,2.35047,0.617786,0.1211,0.734567,0.35319
130.496145125,0.482312,0.754476,0.24346,0.919336,0.0173117,0.989291,1.22946,1.51465,0.37484,0.626738,0.43484,0.215762
130.542585034,0.845873,0.570905,0.133459,0.950538,0.0137685,1.10211,1.29374,1.47448,0.692755,0.744991,0.0685016,0.103909
130.589024943,1.70378,0.536833,0.0187015,0.459284,0.0037054,1.49806,1.1541,1.06882,0.970849,0.623145,0,0.17672
130.635464853,1.95745,0.431623,0.001469,0.0084229,0,2.0085,1.40972,0.640933,0.735138,0.186627,0,0.209062
130.681904762,1.40574,0.999858,0.663839,0.0225724,0.0700198,1.75656,1.14004,0.678582,0.412368,0.812252,0.151619,0.549824
130.728344671,1.04609,1.41188,0.523016,0.0880336,0.499645,1.11368,0.0256353,1.28243,0.526481,1.3603,0.845172,0.53981
130.774784580,0.22367,1.43499,0.450477,0.164037,0.451641,0.86931,0.0304258,1.27608,0.656795,1.21124,0.825899,0.498231
130.821224490,0.14056,1.09672,0.0414356,0.403577,0.479109,1.02172,0.379864,1.01961,0.982054,1.21232,0.1875,0.262816
130.867664399,0.312058,1.29562,0.00458396,0.617577,0.923882,1.50097,0.151439,1.0605,0.731525,0.528403,0.0362778,0.449517
130.914104308,0.528667,1.09966,0.192391,0.475976,0.826451,2.00883,0.297006,0.990533,0.565584,0.0949353,0.441661,0.600344
130.960544218,0.528975,1.16401,0.285297,0.362553,0.321975,2.68653,0.049695,0.699461,0.356475,0.0790359,0.640253,0.588268
131.006984127,0.612041,1.06544,0.322423,0,0.013782,2.9909,0.00127934,0.738894,0.269773,0.315479,0.460299,0.504698
131.053424036,0.838625,0.779324,0.785316,0.0455894,0.0104087,2.97815,0.00409415,0.835439,0.0838132,0.378161,0.29541,0.305628
131.099863946,1.01876,0.488643,0.809064,0.382409,0.128099,2.5373,0.697835,0.565326,0.342657,0.458765,0.343978,0.788563
131.146303855,0.984989,0.648201,0.329264,0.721179,0.0395037,2.12567,1.00509,0.516126,0.257214,0.0915662,0.392442,0.873255
131.192743764,0.871332,0.763266,0.571704,0.895442,0.0791331,1.66284,0.776479,1.114,0.0958933,0.132467,0.713195,0.839028
131.239183673,0.373437,0.888851,0.729637,0.86613,0.355462,0.499374,0.382905,2.05009,0.176035,0.0911388,0.795874,0.715001
131.285623583,0.0619015,1.13608,0.639167,1.28555,0.314917,0.153346,0.0356669,2.28015,0.368023,0.0963778,0.591056,0.791774
131.332063492,0.108386,1.22429,0.555135,1.1578,0.0621666,0.491704,0.0166835,2.41076,0.102964,0.271656,0.71901,0.561877
131.378503401,0.142174,1.04467,0.771512,1.08605,0.0825552,0.782148,0,2.34935,0.390168,0.424123,0.62837,0.775755
131.424943311,0.330975,0.883778,1.02024,0.98919,0.0280971,0.808978,0,2.21412,0.662084,0.428985,0.989768,0.75447
131.471383220,0.288295,0.997934,0.839169,1.00445,0.0179039,1.08057,0,1.72077,0.816441,0.527661,0.978857,0.510909
131.517823129,0.28446,1.06617,0.334341,0.705748,0.0560748,1.78483,0.00308529,0.821672,0.874713,1.0743,0.564828,0.49996
131.564263039,0.232932,0.772299,0.0805129,0.756818,0.0920414,2.35256,0.00828777,0.693958,0.562732,1.39565,0.221291,0.620705
131.610702948,0.688444,0.910107,0.0452654,0.806998,0.00166813,2.91181,0.00756673,0.606194,0.253293,0.776072,0.298211,0.0912301
131.657142857,1.19713,0.867781,0.322305,0.835446,0,3.17368,0.000737308,0.386518,0.632653,0.20068,0.215566,0.0178889
131.703582766,1.31538,0.809589,0.257543,0.751249,0.129166,2.97548,0.0407742,0.555602,0.443718,0.0214754,0.626373,0.0985014
131.750022676,0.634349,1.02125,0.243729,0.214156,0.023923,2.30488,0.415466,0.654864,0.0774543,0.0208435,0.969304,0.196467
131.796462585,1.01445,0.918818,0.663499,0.130764,0.0807635,1.54426,0.713972,1.36889,0.0538082,0.00577723,1.16121,0.201535
131.842902494,0.331893,1.31876,0.642412,0.0626135,0.048249,0.775424,1.06857,2.62003,0.106605,0.00260517,0.713357,0.152787
131.889342404,0.000630161,1.94754,0.856558,0.0426772,0.0792592,0.452911,0.46995,3.06274,0.180485,0.0139357,0.333433,0.151553
131.935782313,0.068365,1.60725,0.749659,0.016542,0.0574361,0.955238,0.233342,2.89585,0.286583,0.096107,1.00749,0.310585
131.982222222,0.196231,1.69216,0.545627,0.00496154,0.0208946,1.42181,0.0225264,2.35332,0.371344,0.241449,1.17874,0.335124
132.028662132,0.532683,1.41573,0.470111,0.00616445,0,1.71927,0.174812,1.15661,0.322782,0.858304,0.889245,0.250635
132.075102041,1.2714,1.19969,0.226458,0.0528164,0.00895654,2.10263,0.168086,0.568021,0.232293,1.05918,0.377813,0.0725123
132.121541950,1.64415,1.39242,0.228686,0.430181,0.0220994,2.27099,0.333768,0.515491,0.0207186,1.09593,0.0733713,0.0469776
132.167981859,1.13962,1.49333,0.131021,0.470328,0.0610517,2.57651,0.27251,0.489979,0,0.547257,0.200653,0.264911
132.214421769,0.523437,1.50717,0.160671,0.499444,0.176773,2.55934,0.264778,0.478841,0,0.286818,0.5965,0.321209
132.260861678,0.601427,1.82444,0.225631,0.261179,0.18458,2.02183,0.212347,0.633502,0,0.0661745,0.337888,0.239709
132.307301587,0.61034,1.78912,0.372063,0.109266,0.0404137,1.3502,0.316994,1.77491,0.00102327,0.0239913,0,0.331096
132.353741497,0.474396,1.79584,0.940608,0.0406368,0.0342789,0.210795,0.23615,2.75135,0.00223826,0.0259143,0,0.0531169
132.400181406,0.174093,1.24422,1.62837,0,0.0332804,0.242698,0.0482762,2.89912,0.289714,0.169893,0.0225858,0.128592
132.446621315,0.149544,1.23946,1.86197,0.00106475,0.0189721,0.402482,0,2.57688,0.343772,0.402095,0.146237,0.341681
132.493061224,0.219917,1.20678,1.66675,0.00339008,0.0187521,0.730751,0,2.38895,0.391328,0.44497,0.564184,0.276279
132.539501134,0.250618,0.836958,0.783979,0.710763,0.34621,0.58745,1.0521,2.0321,0.449653,0.500168,0.383402,0.201079
132.585941043,0.572604,0.563963,0.19443,0.664007,1.35073,0.615915,0.859116,1.62827,0.360163,0.821352,0.0605058,0.18989
132.632380952,0.589991,0.456133,0.00100139,0.250156,1.3879,0.828489,0.533133,1.39585,0.632195,0.775909,0.00024142,0.0148075
132.678820862,0.846077,0.135561,0.00168749,0.395367,1.12339,1.31163,0.0387867,0.851166,1.00482,0.0705112,0.000609466,0.159443
132.725260771,1.17348,0.03901,0.00463605,0.979192,0.719587,0.456581,0,0.460648,1.0247,0.26786,0.118108,0.224236
132.771700680,1.10822,0.0139128,0.00116008,1.24988,0.677552,0.282546,0,0.718181,0.958842,0.526903,0.498796,0.335565
132.818140590,0.952577,0.146598,0.000110393,1.62274,0.680576,0.417459,0.00228218,0.872579,0.927343,0.505646,0.44638,0.302781
132.864580499,0.939049,0.227082,0.062554,2.31773,0.259989,0.0850273,0.0537097,1.44404,0.71103,0.423453,0.142018,0.132533
132.911020408,0.320064,1.30112,0.221535,2.23189,0.0855765,0.395835,0.104048,1.93308,0.642774,0.163555,0.188595,0.139836
132.957460317,0.26929,1.61616,0.433657,1.42207,0.108717,0.992065,0.0335781,1.89162,0.395755,0,0.471636,0.197531
133.003900227,0.422351,1.57443,0.485961,1.00205,0.066161,1.44881,0.0498107,1.19519,0.717347,0.0392692,0.548702,0.360617
133.050340136,0.36126,1.20369,0.375308,0.86992,0.00793683,1.39912,0.0578637,0.880464,1.49024,0.52784,0.335142,0.654052
133.096780045,0.346186,0.745744,1.37946,0.573912,0.0104471,0.911096,0.0641389,0.777013,2.22831,0.272576,0.17066,0.766481
133.143219955,0.66819,0.909098,1.14806,0.64609,0.0114526,0.7382,0.140156,0.638712,2.41457,0.108821,0.407257,1.05103
133.189659864,0.563416,1.37548,0.670379,0.958982,0.0130191,1.07041,0.07842,0.567677,1.33344,0.0840253,0.244273,1.07853
133.236099773,0.327656,1.41323,0.744575,0.991704,0.201802,0.96524,0.0544822,0.720291,0.50995,0.117765,0.33014,0.873447
133.282539683,0.0866671,1.29249,0.853603,0.766076,0.271109,0.35114,0.0394658,1.96687,0.287777,0.0883349,0.561249,0.749147
133.328979592,0.00986735,1.22749,0.932362,1.23742,0.04071,0.281124,0.0363804,2.41099,0.490671,0.121647,0.506712,0.899186
133.375419501,0.053804,1.18595,0.865343,1.06691,0.0245733,0.192548,0.0182781,2.62107,0.129878,0.474418,0.739512,0.705921
133.421859410,0.0511778,1.1731,0.908125,1.01315,0.00902186,0.330741,0,2.77479,0.392911,0.448259,0.533507,0.952879
133.468299320,0.193672,1.00618,0.820436,0.870506,0.0123807,0.511306,0,1.90283,0.768117,0.286938,0.343395,1.01306
133.514739229,0.283535,0.98895,0.754501,0.915335,0.0104559,0.48562,0,1.61658,0.816529,0.237352,0.252071,0.925101
133.561179138,0.282063,0.930595,0.56582,0.994196,0.00875203,0.547461,0,1.40354,0.692897,0.205902,0.48682,0.863201
133.607619048,0.241368,0.780193,0.806704,1.50492,0.00532764,0.439195,0,0.910337,0.562512,0.116946,0.51699,1.01691
133.654058957,0.696597,0.860653,0.845047,1.49874,0,0.176865,0,1.64719,0.477389,0.0540316,0.17248,0.313325
133.700498866,0.701899,0.791881,1.00024,1.19768,0,0.0292487,0.00953176,2.45485,0.149551,0.0903135,0.0822664,0.259481
133.746938776,0.369719,0.867069,0.98689,0.838945,0.187944,0.0446345,0.197073,2.71319,0.0625415,0,0.893592,0.356649
133.793378685,0.0346767,1.43735,1.50633,0.321362,0.304168,0.197022,0.427808,1.41307,0.0666929,0.503123,1.2129,0.304196
133.839818594,0.0754007,1.27854,0.866511,0.239274,0.0973942,0.663001,0.454958,0.47031,0.227133,0.789234,1.25195,0.51738
133.886258503,0.126259,1.62507,0.509484,0.176376,0.0101603,1.2261,0.520089,0.374212,0.488949,0.7749,0.703304,0.246265
133.932698413,0.0995009,2.07776,0.568991,0.0204226,0,1.37503,0.516876,0.412207,0.730658,0.387863,0.688422,0.190955
133.979138322,0.19517,1.84452,0.666046,0.00658945,0,1.10092,0.178926,0.705618,0.831284,0.370142,0.945922,0.371499
134.025578231,0.232902,1.58056,0.764421,0.0107633,0,0.767901,0.097963,0.758179,0.787386,0.415732,1.11184,0.257904
134.072018141,0.645357,1.42012,0.717476,0.0445692,0.235769,0.147118,0.162121,1.2455,0.375054,0.581452,0.964724,0.203485
134.118458050,1.34496,1.25729,0.455292,0.0385084,0.30386,0,0.0400108,1.02546,0.156674,0.549451,0.873431,0.528863
134.164897959,1.07913,1.44713,0.360922,0.120224,0.255346,0.0916572,0.0940265,1.40462,0.102815,1.09888,0.667897,0.736085
134.211337868,0.843359,1.28139,0.673826,0.0664928,0.417766,0.527644,0.210098,1.23833,0,1.07456,0.610461,0.834489
134.257777778,0.474645,1.46073,0.594067,0.0682438,0.605155,0.541547,0.205448,0.678054,0.00616725,0.983562,0.770797,0.768119
134.304217687,0.335852,1.44989,0.23863,0.666822,0.477871,0.295589,0.186325,0.832814,0.0916428,0.839682,0.981763,0.854344
134.350657596,0.433039,1.5149,0,1.034,0.281884,0.0903423,0.101952,1.78376,0.638926,0.0168918,0.524971,0.57414
134.397097506,0.23324,1.22233,0.230401,1.46774,0.0334401,0.210723,0.17714,2.23229,0.738008,0.016645,0.347111,0.288821
134.443537415,0.0981302,1.06011,0.660293,1.05298,0.0235967,0.183371,0.103044,2.60441,0.875553,0.0358508,0.356927,0.467405
134.489977324,0.203967,0.859152,0.863321,0.70842,0.0203831,0.315023,0.0253979,2.69264,0.713963,0,0.543085,0.585328
134.536417234,0.405553,0.633165,0.91811,0.791392,0.0183454,0.30506,0.264731,2.56621,0.594653,0,0.73172,0.552956
134.582857143,0.651183,0.303154,0.957164,1.07168,0.0853776,0.234533,1.07363,1.66712,0.348627,0.403435,0.658702,0.282412
134.629297052,1.33632,0.41188,0.772353,1.08602,0.00881408,0.0437559,1.1738,1.52967,0.540435,0.770739,0.155251,0.13702
134.675736961,1.96715,0.35088,0.61461,0.177434,0,0.0575635,1.31245,1.12481,0.80334,0.875089,0,0.132602
134.722176871,1.63961,0.370392,0.972599,0.00846391,0,0.598117,1.57318,1.01239,0.632533,0.541672,0,0.393176
134.768616780,0.79195,1.5327,1.60091,0.0738035,0.00888365,0.169036,0.325184,1.20061,0.485566,1.12284,0.608767,0.429778
134.815056689,0.226132,1.8928,1.00045,0.0859652,0.184726,0.262836,0.0163432,1.46931,0.521855,1.0494,0.926864,0.0909823
134.861496599,0.0327191,1.58774,0.721156,0.28124,0.106405,0.550874,0.347587,1.37661,0.441582,0.94183,0.665638,0.0899563
134.907936508,0.0862233,1.10892,0.610251,0.600363,0.0909036,0.7866,0.578305,1.22844,0.714648,0.813244,0.125151,0.0182024
134.954376417,0.292511,0.855627,1.10933,0.624629,0.069552,1.02347,0.542429,0.880591,0.82232,0.176162,0.0400167,0.263024
135.000816327,0.347676,0.434636,1.34669,0.658807,0,0.86075,0.106327,0.838391,1.54047,0.0456262,0.237439,0.333999
135.047256236,0.430663,0.292457,1.48814,0.709029,0,0.500646,0,0.869685,1.82346,0.0670323,0.286295,0.215854
135.093696145,0.454562,0.29307,1.34136,0.708379,0.00484759,0.100241,0,0.943989,1.79374,0.0137896,0.177433,0.253968
135.140136054,0.44109,0.812407,1.01882,0.19883,0.16601,0.0585795,0,0.954838,1.52058,0.0222035,0.187155,0.290346
135.186575964,0.366172,0.856206,0.897078,0.62026,0.0590725,0.0268738,0.238756,0.861622,0.760282,0.0999307,0.179199,0.993905
135.233015873,0.19016,0.975754,0.722406,1.33684,0.0896497,0,0.18051,1.23028,0.101036,0.0859591,1.33851,0.980706
135.279455782,0.205963,0.829439,0.577165,1.76322,0.315785,0.00856448,0.0364377,0.947089,0.231188,0.0985347,1.94844,0.669205
135.325895692,0.0332733,0.579237,0.59546,1.65121,0.754431,0.194289,0.0365845,1.73444,0.489184,0.0889862,1.95944,0.664574
135.372335601,0.0298555,0.448781,1.02691,1.47201,0.58545,0.280602,0.0323934,2.15507,0.84268,0.178098,1.75906,0.917478
135.418775510,0.039163,0.718155,0.808901,1.60881,0.0125214,0.0414502,0.0130994,2.36296,0.271446,0.446548,1.3796,0.438131
135.465215420,0.0352255,0.64015,0.417583,1.72433,0.000539939,0.321705,0.0378201,2.35011,0.256175,0.488555,0.603655,0.573438
135.511655329,0.280379,0.697339,0.600482,1.26696,0.00644739,0.318371,0.0581876,2.05502,0.325919,1.15052,0.174682,0.537802
135.558095238,0.28719,0.790442,1.76208,0.964307,0.00866561,0.253773,0.117438,1.24155,0.360634,1.12336,0.100647,0.564813
135.604535147,0.27482,0.914587,2.26832,0.83445,0.0076327,0.0159487,0.284588,0.678314,0.316665,0.998499,0.129961,0.366521
135.650975057,0.204876,0.900238,2.03044,1.10129,0.00413155,0,1.6092,0.352894,0.243496,0.91153,0.22556,0.0890755
135.697414966,0.141041,0.953053,1.5276,1.17714,0.000583677,0,2.15754,0.269634,0.263815,0.804455,0.193609,0.0854558
135.743854875,0.0188236,0.841784,1.37407,1.46322,0.000250193,0.039244,1.85489,0.310846,0.119705,0.452832,0.279042,0.204393
135.790294785,0.0311159,0.83744,0.876355,1.48157,0.154791,0.0266629,0.631518,1.81656,0.0595395,0.126312,0.82317,0.366422
135.836734694,0.0367826,1.05784,0.709303,1.40976,0.281891,0.049602,0.22443,2.05395,0.0590216,0.0574849,0.847224,0.441017
135.883174603,0.456194,1.19806,0.766665,1.5072,0.0712169,0.0830572,0.227153,2.06585,0.12039,0.121294,0.541388,0.462892
135.929614512,0.0994767,1.40774,1.44587,0.975632,0.0198534,0.15176,0.432049,2.03225,0.508159,0.179142,0.14736,0.258391
135.976054422,0.0845983,1.4825,1.8662,0.240216,0,0.38848,0.351153,1.94195,0.936648,0.396773,0.242552,0.22764
136.022494331,0.20183,1.05456,1.91307,0.00045439,0,0.887521,0.372754,0.630828,0.998607,1.05863,0.388634,0.490576
136.068934240,0.231346,0.776582,2.38385,0.000921742,0,0.624192,0.386983,0.692858,0.933838,0.86048,0.443682,0.262858
136.115374150,0.568032,0.876148,2.20556,0.322317,0.00752374,0.143508,0.432531,1.4296,0.353289,0.652395,0.429193,0.101377
136.161814059,0.927299,0.864205,1.96429,0.801505,0.0162457,0.016773,0.484559,1.24914,0.200442,0.46001,0.433049,0.0899248
136.208253968,1.13719,0.95574,1.25288,1.42915,0.0270582,0.210883,0.728061,1.0366,0,0.188199,1.06222,0
136.254693878,0.835602,1.21647,0.983643,1.07738,0.0467947,0.479854,0.707314,0.835545,0,0.0444073,1.29889,0.108714
136.301133787,0.353838,1.34159,1.19464,1.07828,0.137618,0.498052,0.503387,0.701818,0.303895,0.000116353,1.171,0.180611
136.347573696,0.637905,1.98347,0.108234,1.24208,0.0677678,0.047489,0.254482,0.806515,0,0.0952099,1.08383,0.240069
136.394013605,0.7252,2.00191,0.110299,1.01183,0.537306,0.0455672,0.279079,0.659164,0.00601406,0.220724,0.907855,0
136.440453515,0.748563,1.84968,0.187548,0.720921,0.700642,0.0307653,0.380793,0.449559,0.00757216,0.432117,0.88281,0.0110623
136.486893424,0.603765,1.61864,0.221329,0.631879,0.799765,0.00167321,0.379489,0.499388,0,0.462079,1.0807,0.0260773
136.533333333,0.548612,1.35329,0.585207,0.439899,0.718209,0.00240162,0.408222,1.02081,0,0.496492,1.66293,0.0535182
136.579773243,0.563497,1.43053,0.497379,0.701936,0.592051,0,0.394208,1.45675,0,0.403641,1.4987,0.0833872
136.626213152,0.556495,1.59634,0.130669,1.50664,0.367091,0,0.450145,1.67342,0,0.132685,0.700366,0.078909
136.672653061,0.542129,0.98231,0.222248,1.63095,0.507456,0,0.970364,1.52437,0.509536,0.0969892,0.261355,0.0875362
136.719092971,0.538868,1.03554,1.18594,0.923554,0.0227272,0.248814,1.28473,0.0963397,0.0882825,0.499013,0.272117,0.132663
136.765532880,0.589404,1.12902,0.84122,0.353564,0.209162,0.96784,0.641565,0.455262,0.00204851,0.00613133,0.181968,0.55651
136.811972789,0.500994,0.910939,0.893583,0.403204,0.384061,1.13817,0.797622,0.505927,0.175701,0.00612984,0,0.478068
136.858412698,0.503941,0.90402,1.04353,0.419099,0.460743,1.13617,0.776543,0.448547,0.265133,0.0054127,0.034891,0.48343
136.904852608,0.590442,0.915358,1.15707,0.469301,0.45707,1.13823,0.799292,0.372086,0.265982,0.00553627,0.0703523,0.46896
136.951292517,0.642744,0.963004,1.28423,0.542977,0.477571,1.19131,0.809736,0.294777,0.244149,0.0113004,0.0876846,0.480582
136.997732426,0.595769,0.985508,1.44388,0.645432,0.484602,1.14192,0.885098,0.117832,0.169905,0.175761,0.111155,0.428276
137.044172336,0.57133,1.3615,1.3076,0.241484,0.558303,0.411672,0.49419,0.0345399,0,0.675942,0.200048,0.248868
137.090612245,0.203243,1.21269,1.18183,0.407351,0.23389,1.34258,1.0607,0.348114,0.198763,0.00898056,0.108503,0.466146
137.137052154,0.200695,1.04719,1.15071,0.356538,0.188943,1.22488,1.3588,0.284483,0.364316,0.0762566,0.242837,0.511368
137.183492063,0.219567,0.908982,1.23719,0.404383,0.187427,1.27603,1.32268,0.255738,0.424293,0.00432577,0.25481,0.543221
137.229931973,0.251795,0.950854,1.26158,0.610142,0.0818838,1.26334,1.2739,0.264436,0.430668,0.00456482,0.238537,0.57187
137.276371882,0.283786,0.976815,1.26036,0.740261,0,1.27444,1.18129,0.242813,0.431501,0.0047498,0.197308,0.519036
137.322811791,0.352312,1.25088,1.37691,0.854009,0,1.16195,1.01486,0.195524,0.301684,0.00324262,0.16658,0.396583
137.369251701,0.302323,1.473,1.04885,0.871834,0.820762,1.15148,0.949803,0.0829537,0.173513,0.0418166,0.119238,0.290684
137.415691610,0.733111,1.45021,0.725734,0.574278,0.839787,0.193924,0.255274,0.432724,0.120657,0.47017,0.164015,0.270742
137.462131519,1.0289,0.599966,0.312711,1.59034,0.637141,0.0843384,0.543115,0.673072,0.0919909,0.870526,0.0537677,0.612614
137.508571429,0.924629,0.114267,0.100668,1.54516,0.477384,0,0.740063,1.02332,0.106481,1.10067,0.00602163,0.631958
137.555011338,0.744351,0.0258705,0.221132,1.55453,0.468629,0,0.76134,1.1353,0,0.966857,0.062338,0.219045
137.601451247,0.607933,0.514971,0.319727,1.18993,0.712865,0.0852745,0.728343,0.373181,0.0486808,0.824085,0.0127605,0.55113
137.647891156,1.06534,1.06663,0.928688,0.901921,0.496534,0.0540383,0.701947,0.531987,0.0630733,0.276098,0.0403221,0.558231
137.694331066,0.335555,1.36586,0.893923,0.678501,0.0496968,0.957835,0.605146,0.46461,0.299893,0.304537,0,0
137.740770975,0.195037,1.5023,1.0002,0.746883,0.0857907,1.01827,0.165118,0.40897,0.825373,0.386055,0,0
137.787210884,0.155259,1.51204,1.01321,0.550184,0.12519,1.01874,0.175573,0.272411,0.932447,0.111859,0.112992,0
137.833650794,0.226205,1.50754,0.971786,0.600295,0.210556,0.996886,0.276962,0.226682,0.947237,0.0558415,0.145285,0
137.880090703,0.263553,1.43493,0.888011,0.592837,0.294753,1.0133,0.407836,0.199278,0.880607,0.0576666,0.148706,0
137.926530612,0.416816,1.53251,0.688559,0.661183,0.405415,0.838432,0.0949657,0.330027,0.794415,0.256789,0.146165,0
137.972970522,0.364645,2.37594,0.569335,0.429906,0.361523,0.037836,0.0649264,0.891484,1.15454,0.569075,0.278605,0.15222
138.019410431,0.343739,1.72707,1.27942,0.306799,0.192753,0.240628,0.057253,0.82454,1.09369,0.285272,0.309918,0.212153
138.065850340,0.146125,1.62219,1.28218,0.735024,0.105517,0.481923,0.246123,0.862477,0.549323,0.665117,0.384153,0.165495
138.112290249,0.194553,1.23096,1.18165,0.907208,0.184365,1.08086,0.298074,0.517881,0.363677,0.725883,0.121042,0.0950067
138.158730159,0.793784,1.23409,0.713227,1.01239,0.26095,0.948089,0.635079,0.0891875,0.0687027,0.402122,0.105333,0.37844
138.205170068,0.69743,1.30297,0.732972,1.06093,0.0404633,1.02142,0.665333,0.072953,0.165107,0.186889,0.311554,0.487438
138.251609977,0.741426,0.973894,0.882328,1.28539,0,0.476797,0.718406,0.354663,0.347568,0.0680175,0.702868,0.444435
138.298049887,1.00563,0.938413,0.530584,1.39205,0.0567028,0.17048,1.01983,0.559756,0.391842,0.0715724,1.45514,0.144338
138.344489796,0.834965,0.395252,0.092609,1.4844,0.935714,0.168375,1.08104,0.449776,0.638486,0.0682019,1.62958,0.147484
138.390929705,0.341316,0.408529,0.261646,0.8737,0.629554,0.18788,0.770535,0.872216,0.530074,0,1.31865,0.470683
138.437369615,0.216148,1.18137,0.536598,0.789212,0.390218,0.191741,0.0434509,1.52346,0.0180007,0,1.48156,0.475941
138.483809524,0.672513,0.533733,0.486104,0.803453,0.519682,0.958687,0.0289682,1.62801,0.358338,0.126348,0.715,0.751545
138.530249433,0.736141,0.691323,0.546185,0.75753,0.350702,1.00497,0.00374409,1.68135,0.643752,0.175332,0.887977,0.709763
138.576689342,0.975824,0.712018,0.511658,0.485006,0.0390036,0.986289,0.171415,1.49347,0.826911,0.305211,0.940459,0.737147
138.623129252,1.4495,1.23578,0.709787,0.467234,0.0221292,0.508888,0.296813,0.388289,0.961119,0.223711,0.402555,0.840289
138.669569161,0.713534,1.59286,0.4949,0.210816,0.0284858,1.16,0.333433,0.290856,0.673314,0.568594,0.016385,0.619359
138.716009070,0.688476,1.57997,0.689504,0.304824,0.349649,1.04703,0.260026,0.316609,0.842635,0.535496,0.100646,0.646981
138.762448980,0.36388,1.36661,0.749386,0.566386,0.431043,1.008,0.433278,0.449463,0.737847,0.345938,0.0997765,0.722331
138.808888889,0.209206,1.51472,0.750952,0.578635,0.429835,1.04168,0.515635,0.508965,0.278073,0.186684,0.153943,0.636758
138.855328798,0.129189,1.51074,0.629043,0.628083,0.228564,1.16755,0.615663,0.507527,0.0633445,0.450774,0.174424,0.560594
138.901768707,0.11124,1.29506,1.28586,0.748257,0,0.643326,1.77704,0.0171075,0.363383,0.626506,0.628485,0.230962
138.948208617,0.0548439,0.454523,2.07719,0.841964,0,0.0462012,2.1264,0.0290148,0.414075,0.327396,0.687732,0.0574644
138.994648526,1.21027e-05,0.893642,1.79605,0.452944,0.1766,0.276301,1.77774,0.0321442,0.205669,0.168729,1.16305,0.160488
139.041088435,0.0351102,0.808702,1.39432,0.268421,0.476885,0.515994,1.31199,0.0213508,0.691054,0.0129616,1.39661,0.217132
139.087528345,0,0.955833,1.02388,0.107348,0.530072,0.515799,0.914927,0.0560547,1.08125,0.034131,1.08821,0.268309
139.133968254,0.0345832,1.15514,0.869028,0.0535852,0.58883,0.592881,0.583324,0.186358,1.13736,0.0175405,0.790639,0.31518
139.180408163,0.163827,1.20115,0.753523,0.0488915,0.683761,0.66225,0.349435,0.20604,1.07006,0.00394916,0.546765,0.431453
139.226848073,0.606341,1.26948,0.907688,0.507586,0.753334,0.0727395,0.331785,0.399624,0.593023,0.0603506,0.390828,0.590036
139.273287982,1.00382,1.21046,0.773556,0.842509,1.72366,0.01673,0.427916,0.491035,0.723265,0.134843,0.470324,0.303157
139.319727891,1.05942,0.959494,0.692368,0.804482,1.34952,0.00959178,0.622043,0.437295,0.990154,0.355541,0.463536,0.220097
139.366167800,1.0212,0.693924,0.643469,0.743961,0.792213,0.0758177,1.4348,0.633512,0.918639,0.630226,0.465064,0.2119
139.412607710,0.943215,0.687666,0.5483,0.952235,0.0126171,0,2.04362,1.1006,0.511624,0.875165,0.456728,0.204889
139.459047619,0.252602,0.93213,0.234584,1.02903,0.0064588,0.122166,1.98863,1.41552,0.247441,0.990012,0.256211,0.415803
139.505487528,0.261229,1.18101,0.729402,0.32963,0.418109,0.260432,0.639626,1.09521,1.19399,0.834751,0.00162878,0.901247
139.551927438,0.326148,1.56449,1.54018,0.0688837,0.100667,0,0.277909,0.393434,0.722638,0.639021,0.0702265,0.364622
139.598367347,0.439224,1.62887,1.45811,0.221358,0.86622,0.141979,0.717269,0.244662,0.0143203,0.780148,0.343811,0
139.644807256,0.349639,1.37111,1.0755,0.376348,1.1539,0.170927,0.984671,0.0891255,0.0532428,0.872777,0.630296,0.0326027
139.691247166,0.325659,1.14164,1.00179,0.852974,0.361217,0.374958,1.00945,0.0860741,0.112991,0.931535,0.628431,0.0932558
139.737687075,0.306178,1.12734,0.927029,1.05932,0.502282,0.481796,0.894637,0.0652719,0.253413,0.456124,0.653727,0.155161
139.784126984,0.265314,1.17879,0.768643,1.30468,0.0721955,0.625305,0.751165,0.150388,0.315496,0.553036,0.655372,0.287115
139.830566893,0.1967,1.5911,0.840002,1.15181,0.00669925,0.234628,0.143651,0.886124,0.39063,0.366476,0.183978,0.23747
139.877006803,0.192463,1.68921,1.11954,0.191225,0.526187,0.0378654,0.151108,1.08101,1.50125,0.138738,0.318533,0.153647
139.923446712,0.112823,1.42242,0.950849,0.160965,0.348311,1.0617,0.00845168,1.36984,0.566258,0.230913,0.342829,0.1721
139.969886621,0.386669,1.11987,0.569096,0.25899,0.525518,1.67302,0,1.25836,0.138114,0.20917,0.222681,0.292732
140.016326531,0.564124,1.07653,0.772442,0.384634,0.56141,1.72986,0,0.86651,0.105723,0.0238933,0.114755,0.233044
140.062766440,0.578394,1.06421,1.01728,0.386411,0.438278,1.75405,0.0106552,0.384973,0.0997735,0.0101683,0.0348416,0.200374
140.109206349,0.692109,1.09713,1.13019,0.521397,0.377978,1.72341,0.0292779,0.325187,0.06283,0.00975086,0.0466297,0.32584
140.155646259,0.701281,1.17232,1.2321,0.711672,0.284437,1.57756,0.0396043,0.250156,0.0139353,0.0112589,0.100433,0.45361
140.202086168,0.597545,1.26366,1.44449,0.448524,0.148664,1.06216,0.196459,0.0513429,0,0.330714,0.162871,0.454822
140.248526077,0.999603,1.1821,1.07393,0.0787689,0.406783,0.173967,0.0645359,0.285086,0.200096,0.662758,0.638866,0.315717
140.294965986,0.98931,0,0.567433,1.70761,0.451616,0.653606,0.133848,0.218883,0.472454,1.1666,0.567352,0.0981041
140.341405896,1.00567,0,0.70418,1.4631,0.577395,0.432297,0.166054,0.185165,1.02265,1.14692,0.648956,0.217043
140.387845805,0.920307,0.058892,0.950577,1.44865,0.354412,0.488944,0.394061,0.0416643,0.859007,0.975687,0.434264,0.56396
140.434285714,0.242759,0.153722,0.863941,1.1961,0.177462,0.4902,0.860047,0.146726,0.138445,1.04797,0.316595,1.05191
140.480725624,0.22593,1.4558,0.843509,0.491313,0.0181835,0.955009,0.36445,0.313757,0.732973,0.611997,0.0769067,0
140.527165533,0.260237,1.44943,0.967796,0.427451,0.145922,0.831259,0.2255,0.244751,0.827076,0.316048,0.250743,0
140.573605442,0.190866,1.32418,1.11593,0.478629,0.252536,0.817945,0.329853,0.219259,1.00261,0.306403,0.34228,0
140.620045351,0.162516,1.31812,1.10094,0.578042,0.255021,0.899505,0.452627,0.252473,1.04844,0.148448,0.22443,0
140.666485261,0.182146,1.2819,1.06944,0.666887,0.294458,0.903988,0.555433,0.240868,1.02232,0.160729,0.212628,0
140.712925170,0.319135,1.1926,0.999511,0.75908,0.305906,0.859475,0.598664,0.260718,0.916114,0.212723,0.235704,0
140.759365079,0.45805,1.30304,0.880952,0.934238,0.254237,0.811593,0.717914,0.343311,0.636161,0.440828,0.193687,0
140.805804989,0.62211,1.38601,0.802149,1.01335,0.0309537,0.409609,0.848097,0.283974,0,0.359803,0.161104,0.466774
140.852244898,0.385843,1.73599,1.16738,0.207847,0.226873,0.80547,0.635489,0.0547656,0.532787,0.120722,0.234777,0.0110038
140.898684807,0.314519,1.45857,0.940742,0.370388,0.0470928,0.799953,0.562915,0.0214381,0.629524,0.42946,0.104539,0.00327942
140.945124717,0.263788,1.38719,0.921091,0.423655,0,0.806504,0.48938,0.0136537,0.770378,0.0708946,0.152171,0
140.991564626,0.274927,1.41278,0.855619,0.685665,0.0111451,0.639296,0.523933,0.101153,0.713888,0.0289156,0.311399,0
141.038004535,0.263279,1.36688,0.769101,0.766403,0.0800423,0.550854,0.587352,0.198664,0.584728,0.00973507,0.401646,0
141.084444444,0.333289,1.32086,0.624471,0.783742,0.155688,0.581907,0.688938,0.321743,0.462832,0.00722237,0.413483,0.0094455
141.130884354,0.458743,1.33027,0.384995,0.504808,0.354656,0.874175,0.675449,0.349789,0.479727,0.29974,0.236982,0.0562255
141.177324263,0.516764,1.57064,0.36611,0.400423,0.955467,0.569989,0.243404,0.236088,0.717534,0.646,0.406967,0.364689
141.223764172,0.283476,0.183456,0.131844,1.08175,0.628191,0.6522,0.367931,0.024903,1.27097,0.815105,0.061683,1.58202
141.270204082,0.122163,0.0190876,0.397802,1.65946,0.758609,0.639384,0.146238,0.0529107,0.97673,0.942813,0.0685416,1.70997
141.316643991,0.217371,0.0292691,0.272195,1.56846,0.728028,0.513106,0.0179109,0.50905,0.0855706,1.31276,0.352066,1.62313
141.363083900,0.436592,0.296535,0.749934,0.874421,0.550599,0.864362,0.0261686,0.329383,0.0223866,1.1039,0.382589,1.3723
141.409523810,0.669351,1.62718,1.47732,0.0114546,0.258629,0.621808,0.0306424,0.12322,0.056538,0.592146,0.0132352,0.495988
141.455963719,0.186766,1.88957,1.52096,0.457637,0.256435,1.16044,0.0333838,0.0372744,0.0401522,0.47674,0,0.248243
141.502403628,0.0410693,1.53232,1.49431,0.37449,0.158127,1.19247,0.0547199,0.0170888,0.694492,0.371355,0,0.193224
141.548843537,0.026949,1.48027,1.28436,0.404306,0.101996,1.12096,0.204414,0.0597627,0.842103,0.132774,0.0896086,0.0480188
141.595283447,0.0654842,1.54459,1.08914,0.546233,0.130102,0.9909,0.412834,0.0994169,0.825222,0.0404016,0.15436,0
141.641723356,0.125019,1.58413,0.8933,0.604382,0.162927,0.910324,0.633108,0.189151,0.724112,0.0345025,0.172768,0
141.688163265,0.317884,1.85324,0.507721,0.69975,0.328151,0.481809,0.292898,0.674169,0.639524,0.356888,0.226571,0.0776139
141.734603175,0.230635,2.05644,0.663424,0.277363,0.837572,0.0358766,0.183802,0.833275,1.52419,0.458925,0.258325,0.196373
141.781043084,0.184249,1.51899,1.29096,0.576158,0.351275,0.0290616,0.0554986,0.906673,0.965942,0.377347,0.236153,0.198606
141.827482993,0.136935,1.41814,1.15676,0.863971,0.150139,0.833487,0.232341,0.723541,0.382477,0.729215,0.49318,0.120251
141.873922902,0.284018,1.48621,0.87974,0.636323,0.260243,1.02899,0.417893,0.442853,0.0537886,0.433233,0.542243,0.117535
141.920362812,0.828427,1.22739,1.32554,0.461988,0.156641,1.05879,0.932277,0.0980941,0.0298257,0.0402546,0.378224,0.213061
141.966802721,1.00162,1.07863,1.3241,0.386031,0.025617,0.80898,1.09321,0.264832,0.0203734,0.0635379,0.45562,0.0953274
142.013242630,1.02275,0.962317,1.14797,0.286314,0.0014895,0.608467,0.939269,0.459688,0.525768,0.00281015,0.604088,0.309764
142.059682540,1.00627,0.910891,1.09849,0.365954,0,0.484065,0.601514,0.558129,1.21928,0.0781743,0.778421,0.482469
142.106122449,1.20683,0.239977,1.23249,0.795393,0.00364978,0.233388,0.468678,0.739842,1.51149,0.249123,0.199644,0.41271
142.152562358,1.14925,0.476697,1.33386,0.612593,0.397301,0.352188,0.672077,0.406651,1.49785,0.399116,0.0618313,0.199326
142.199002268,0.633397,0.176301,1.612,0.346435,0.447136,0.506647,0.841832,0.43519,0.976524,0.426949,0.408696,0.10722
142.245442177,0.568576,0.257455,1.89249,0.284856,0.571571,0.0785909,0.176314,0.724934,0.495553,0.0881988,1.44837,0.593817
142.291882086,0.255006,1.15095,1.70648,0.4319,0.67644,0.0241215,0.344248,0.756245,0.690448,0.1484,1.25417,0.406764
142.338321995,0.183794,1.67559,1.67338,0.72167,0.669677,0,0.57751,0.404108,0.752853,0.180866,0.959073,0.0515273
142.384761905,0.110603,1.63799,1.38454,0.616224,0.193019,0.00729267,0.796043,0.322017,0.201448,0.169879,0.880427,0.0860447
142.431201814,0.625201,1.54512,0.90897,0.452136,0.858435,0.034577,1.09477,0.121294,0.439493,0.133306,0.357249,0.0625582
142.477641723,0.47101,1.25459,0.991317,1.01273,0.88567,0.35676,0.933574,0.254219,0.725159,0.213383,0.0210225,0.202696
142.524081633,0.494521,1.11645,1.01384,0.967316,0.715072,0.393708,0.802896,0.611791,0.694627,0.380923,0.0768477,0.345233
142.570521542,0.516152,1.25315,0.96522,0.881649,0.464711,0.363376,0.85951,0.616992,0.606872,0.515195,0.0938697,0.261148
142.616961451,0.241906,1.34013,0.701895,0.949195,0.359151,0.109111,1.13233,0.358785,0.69591,0.395081,0.111781,0.0438339
142.663401361,0,1.8634,1.10742,0.391536,0.288662,0.0120338,1.60541,0.464024,0.802292,0.214015,0.22795,0.351137
142.709841270,0.0326197,1.35908,1.81095,0,0.700453,0.0334769,0.614216,0.480907,0.851564,0.00023212,0.371491,0.218806
142.756281179,0.171642,0.67776,1.50575,0.0572724,0.170956,0.0932115,1.25119,0.339663,0.133731,0.651441,0.80911,0.0790376
142.802721088,0.70243,0.65696,1.61994,0.360729,0,0.180082,0.945144,0.221623,0.252253,0.490504,0.185191,0.237155
142.849160998,1.02374,0.682409,1.36047,0.582317,0,0.308376,0.795715,0.157109,0.548498,0.302336,0.0985794,0.170739
142.895600907,1.01462,0.79565,0.684502,0.759604,0.0516922,0.436163,0.798684,0.184598,0.535902,0.300617,0.11501,0.146946
142.942040816,0.446342,1.13557,0.825822,0.727728,0.230031,0.703238,0.639952,0.358277,0.315498,0.207862,0.139089,0.70864
142.988480726,0.109406,1.34288,0.537223,0.492076,0.72199,1.10056,0.216543,0.713086,0,0.098544,0.410251,0.731177
143.034920635,0.0448497,0.690437,0.676582,0.812615,0.903683,1.05285,0.135129,0.991972,0.0571052,0.320222,0.742258,0.651537
143.081360544,0.148526,0.373278,0.750012,0.761402,0.63269,0.918164,0.275693,0.995796,0.0916735,0.484366,0.655123,0.646143
143.127800454,0.169016,0.273492,0.763304,0.739583,0.663605,0.831539,0.375103,1.10917,0.0896002,0.468148,0.244846,1.14617
143.174240363,0.583227,0.15508,0.523494,1.09667,0.41731,0.599862,0.351733,1.06256,0.0429011,0.680676,0.163239,1.55917
143.220680272,0.861513,0.304422,0.891859,0.930858,0.122777,0.665713,0.566394,0.606038,1.1477,0.944984,0.131071,1.41915
143.267120181,0.926278,0.844547,1.04983,0.798042,0.16272,0.258826,0.532982,0.520382,0.902741,0.9959,0.361928,0.32229
143.313560091,0.872467,1.08581,1.57855,0.125702,0.0808095,0.434668,0.292112,0.0757869,0.304763,0.727709,0.977252,0.0646441
143.360000000,0.560525,1.56297,1.08068,0.163864,0.115562,0.977718,0.785773,0.082825,0.0556502,0.76256,0.880831,0.198268
143.406439909,0.174631,1.54991,0.833425,0.542214,0.000710356,1.05192,0.882833,0.170458,0.126584,0.643942,0.387166,0.214546
143.452879819,0.050416,1.43681,0.931925,0.806516,0,1.07621,0.890652,0.144633,0.39244,0.416346,0.180652,0.340312
143.499319728,0.0535843,1.47708,0.870194,0.93743,0,0.925464,0.91767,0.149074,0.402721,0.406191,0.283853,0.359029
143.545759637,0.0878865,1.36668,0.685257,1.07804,0,0.871463,0.725316,0.20019,0.370366,0.310711,0.268736,0.307408
143.592199546,0.177758,2.01359,0.656307,0.994063,0.00577678,0.0415901,0.0391929,1.05074,0.913365,0.354806,0.256939,0.178852
143.638639456,0.153751,1.5791,1.29759,0.219607,0.248025,0.0298994,0.071164,1.12478,1.45685,0.201963,0.302698,0.176127
143.685079365,0.15621,1.13612,0.496511,0.0958223,0.403002,1.42855,0.0079333,1.48041,0.444411,0.252514,0.336728,0.235647
143.731519274,0.518966,1.06657,0.481123,0.289555,0.549744,1.75288,0,1.17829,0.124494,0.224403,0.202654,0.291689
143.777959184,0.534656,1.06392,0.706184,0.372855,0.54411,1.78874,0.00259775,0.695033,0.10441,0.0100177,0.112513,0.241257
143.824399093,0.608918,1.05627,0.933938,0.39787,0.390528,1.80601,0.0151867,0.39932,0.0950161,0.00988004,0.0466942,0.241457
143.870839002,0.716742,1.1011,1.04544,0.658489,0.362223,1.76508,0.0327363,0.342444,0.0759773,0.00898382,0.0643272,0.37589
143.917278912,0.667842,1.18705,1.17971,0.719222,0.251277,1.62993,0.0403,0.23062,0,0.0136491,0.114888,0.603813
143.963718821,0.543396,1.34786,1.46336,0.370625,0.384344,0.4269,0.0760695,0.0767934,0,0.382524,0.411528,0.24416
144.010158730,0.685651,0.802586,1.07251,0.382468,0.762713,0.366329,0.0337536,0.365416,0.377472,0.984495,0.549196,0.47657
144.056598639,0.911434,0.0156972,0.535291,1.23717,0.829098,0.568671,0.074975,0.306691,0.313211,1.35441,0.43536,0.689274
144.103038549,0.632324,0.146389,0.452287,1.32106,0.958541,0.69033,0.474628,0.286603,0.0805756,1.31915,0.589854,0.467358
144.149478458,0.212532,0.302075,0.357605,1.19254,1.11582,0.858291,0.379914,0.222088,0.0841658,0.964445,0.657777,1.01491
144.195918367,0,0,0,0,0,0,0,0,0,0,0,0
144.242358277,0.300849,1.56482,0.766087,0.501329,0.0928078,0.768535,0.22137,0.464379,0.534579,0.60237,0.224759,0
144.288798186,0.265634,1.37648,0.993192,0.453857,0.238471,0.80943,0.263001,0.283754,0.928116,0.34738,0.265634,0
144.335238095,0.210146,1.32614,1.1208,0.397689,0.197644,0.884359,0.38729,0.176204,1.02107,0.149402,0.222338,0
144.381678005,0.194911,1.35163,1.08492,0.592039,0.217525,0.8917,0.434117,0.224431,1.07487,0.126078,0.182283,0
144.428117914,0.199733,1.32289,1.04556,0.677275,0.279216,0.884817,0.540359,0.22167,1.04489,0.140724,0.189543,0
144.474557823,0.385643,1.21045,0.959156,0.777981,0.287994,0.825997,0.607175,0.270625,0.917113,0.223837,0.196595,0
144.520997732,0.543205,1.34162,0.815195,0.933556,0.192506,0.717023,0.838041,0.347758,0.535189,0.652094,0.19568,0
144.567437642,0.619525,1.47125,1.15905,0.652092,0.472604,0.810035,0.677871,0.19979,0.0515364,0.461933,0.19286,0.0149528
144.613877551,0.238379,1.78295,0.708135,0.611178,0.109411,0.728783,0.173948,0.0428511,0.253909,0.838367,0.453668,0.0294241
144.660317460,0.19511,1.69186,0.956264,0.762443,0.095844,0.951402,0.22708,0,0.431985,0.542268,0.117112,0.0697953
144.706757370,0.108956,1.56832,0.955855,0.852324,0.221296,0.993932,0.280192,0,0.65384,0.450609,0.128858,0.271813
144.753197279,0.0871686,1.47101,0.917456,0.874633,0.294475,0.995534,0.412648,0,0.6609,0.500854,0.133683,0.207906
144.799637188,0.0917365,1.35078,0.856908,0.892545,0.418163,0.871023,0.579066,0.0049302,0.641009,0.575039,0.149433,0.0602536
144.846077098,0.329369,1.23468,0.743913,0.703519,0.55755,0.474239,0.748136,0.135036,0.502137,0.293795,0.206913,0.0321832
144.892517007,0.321086,1.73558,0.465625,0.622542,0.645903,0.0307462,1.31388,0.14383,0.287745,0.602959,0.457715,0.0117581
144.938956916,0.103364,0.957711,1.04439,0.366849,0.830311,0.372534,0.494821,0.0482529,1.46766,0.699087,0.546341,0.388963
144.985396825,0.607717,0.220107,1.13827,0.613181,0.850297,0.662492,0.5919,0.05359,1.29711,0.959698,0.234684,0.549688
145.031836735,0.946417,0.0501121,1.10941,0.707115,0.802844,0.876947,0.436334,0.069618,0.695648,0.664609,0.61623,0.665822
145.078276644,0.782782,0.0117746,1.22153,0.625457,1.18219,0.882598,0.696352,0.0180838,0.0652631,0.69775,0.718491,0.753555
145.124716553,0.749713,0.511141,0.746582,0.883549,1.45019,0.632638,0.646356,0.0282103,0.213851,1.02908,0.505659,0.505669
145.171156463,1.30288,2.00662,0.897206,0.261659,0.0560426,0.185117,0.468284,0.0274359,0.0130708,1.23344,0.0258313,0.000154663
145.217596372,0.299354,1.95252,0.706854,0.56886,0.042448,1.01607,0.11841,0.235106,0.469628,0.582739,0,0.304024
145.264036281,0.035233,1.66467,0.889075,0.444162,0.0912624,1.15702,0.0850181,0.0483983,0.891003,0.114584,0.0178006,0.383336
145.310476190,0.0302399,1.70444,0.858745,0.608639,0.120403,1.07495,0.206976,0.124468,0.814948,0.132942,0.0934744,0.285229
145.356916100,0.0826185,1.763,0.796774,0.75322,0.140597,1.01998,0.371367,0.162742,0.655588,0.160009,0.109143,0.0771375
145.403356009,0.309623,1.8357,0.709837,0.719537,0.178108,0.9388,0.483383,0.229032,0.32769,0.182033,0.145434,0
145.449795918,0.553016,1.79278,0.900254,0.384849,0.342576,0.101112,0.0888662,0.927928,0.387537,0.189893,0.424669,0.129536
145.496235828,0.373719,1.62716,0.950082,0.222709,0.364983,0.429926,0.164411,0.815484,1.42865,0.697621,0.363738,0.240251
145.542675737,0.410506,1.55203,1.44894,0.52628,0.0899391,0.11547,0.0537335,0.906662,0.532421,0.41029,0.29136,0.201366
145.589115646,0.274925,1.41012,1.60376,0.343473,0.177194,0.766907,0.229951,0.653939,0.189046,0.888981,0.425098,0.114976
145.635555556,0.586207,1.42352,1.1446,0.317198,0.411417,0.769012,0.491064,0.151383,0.0337124,0.763835,0.361316,0.112193
145.681995465,0.708718,1.7973,0.657531,0.313006,0.677159,0.699177,0.763109,0.0601419,0.0705917,0.444533,0.336083,0.0758484
145.728435374,1.06956,1.72162,0.470654,0.246757,0.848277,0.406313,0.851021,0.0501944,0.194575,0.0351708,0.819554,0.0475493
145.774875283,1.19366,1.59959,0.642635,0.20965,0.835046,0.0733351,0.984597,0.0337699,0.662706,0.325106,0.709117,0.0253059
145.821315193,0.900746,1.64517,0.782253,0.639572,0.45961,0.0658085,0.604686,0.43,1.10243,0.271884,0.458206,0.122621
145.867755102,1.26247,0.146016,0.511456,0.896444,0.201123,0.384879,0.56325,0.225213,1.6098,0.447216,0.584229,0.439526
145.914195011,1.10373,0.12853,0.330018,1.10665,0,0.592178,0.421574,0.127679,1.65854,0.632084,0.619429,0.434055
145.960634921,0.293178,0.576184,0.846428,1.72057,0,0.217989,0.036916,0.424308,1.5209,0.536762,0.49565,0.00826713
146.007074830,0.46495,0.617541,1.10934,1.4214,0.20522,0.0287329,0.441002,0.576994,1.44212,0.658075,0.805216,2.04947e-05
146.053514739,0.666365,0.347149,0.589333,1.32538,0.131605,0.00159416,1.22399,0.57121,0.540509,0.967773,1.22151,0
146.099954649,0.333365,0.891249,1.08951,0.283964,0.251944,0.00422492,1.55348,0.583511,0.252925,0.908462,1.41003,0.323056
146.146394558,0.200574,0.784752,1.1559,0.14258,0.446923,0.218046,0.896377,0.111256,0.175875,0.607326,1.36238,0.248414
146.192834467,0.251488,0.955587,1.14595,0.368136,0.591289,0.482132,0.377532,0.251232,0.141063,0.429134,0.845133,0.387964
146.239274376,0.756053,1.17642,1.02605,0.716239,0.485438,0.55952,0.648227,0.210436,0.307535,0.481302,0.25517,0.193801
146.285714286,0.867338,1.47123,0.794309,0.435965,0.59945,0.389905,0.648681,0.237179,0.285097,0.294775,0.515645,0.182324
146.332154195,1.08472,1.47626,0.671636,0.123702,1.02568,0.233279,0.841842,0.288902,0.0702631,0.182026,0.602253,0.188278
146.378594104,0.96393,0.986659,1.00981,1.06033,0.417378,0.0760688,1.27586,0.82681,0.0351502,0.186435,0.271955,0.125817
146.425034014,0.959082,0.795407,1.31141,1.23031,0,0.0114121,0.918833,1.33046,0.270426,0.569484,0.398876,0.00221888
146.471473923,0.407221,0.611927,1.83575,0.990144,0.0179436,0.14455,0.759702,0.778407,0.43881,0.47736,1.12371,0.0430268
146.517913832,0.0235761,1.16227,1.65675,0.118318,0.522897,0.251851,0.438852,0.424395,0.380046,0.036737,1.27796,0.415848
146.564353741,0.0213316,1.2899,1.87446,0.223059,0.139646,0.234413,0.472362,0.0486128,0.657383,0.0503169,0.915318,0.470438
146.610793651,0.0214152,1.37747,1.54156,0.531798,0.00775981,0.376852,0.455922,0.301249,0.899252,0.0367519,0.713162,0.52135
146.657233560,0.0198333,1.33235,1.3461,0.548464,0.00193833,0.619387,0.705603,0.38899,0.838593,0.0209924,0.474755,0.513498
146.703673469,0.171321,1.11994,1.16974,1.19743,0.30682,0.921359,0.823561,0.398647,0.000875855,0.0999242,0.139669,0.395858
146.750113379,0.484066,1.4977,0.755635,1.43703,1.09482,0.28636,0.109904,0.819736,0.327094,0.15222,0.153451,0.304443
146.796553288,0.48651,0.0056648,1.56837,0.992608,1.42338,0.30308,0.0521596,0.851496,0.937039,0.066341,0.355571,0.246729
146.842993197,0.266507,0.0439166,1.89025,1.12634,1.21991,0.555319,0,0.857411,0.638504,0.149622,0.0993779,0.383384
146.889433107,0.0994318,0.0713098,1.90714,1.15644,1.04736,0.377871,0,0.998718,0.321476,0.531269,0.0934715,0.773562
146.935873016,0.0813968,0.273636,1.91218,0.727023,0.866706,0.467061,0.0368118,0.727054,0.27842,0.491571,0.164346,1.21755
146.982312925,0.0547549,0.600455,1.23687,0.390221,1.07565,0.431506,0.312025,0.412114,0.0340969,0.45066,0.979409,1.26289
147.028752834,0.44123,0.674613,1.29808,0.595477,0.745886,0.222673,0.619505,0.672262,0.199853,0.413844,1.04969,1.0004
147.075192744,0.239556,1.34535,1.44568,0.485207,0.331441,0.252958,0.468081,0.758875,0.111641,0.00227591,0.491274,0.606436
147.121632653,0.272728,1.4382,1.44038,0.462292,0.358194,0.287222,0.418049,0.436817,0.0711633,0.000929531,0.54158,0.419935
147.168072562,0.199499,1.25027,1.53866,0.282507,0.252836,0.311649,0.580265,0.219792,0.40392,0.104857,0.42144,0.183998
147.214512472,0.0839458,1.16271,1.32829,0.755523,0.0395298,0.820443,0.707099,0.0931063,0.408494,0.419347,0.0957231,0.107744
147.260952381,0.0681193,1.31715,1.32849,0.833447,0.0736761,1.00264,0.748735,0.0611224,0.321096,0.357188,0.127989,0
147.307392290,0.244545,1.62112,1.09954,0.908429,0.135551,0.956758,0.396829,0.354019,0.340589,0.393025,0.194913,0.00154758
147.353832200,0.157483,2.09527,0.621752,0.806865,0.160561,0.04064,0.116947,1.02514,1.43924,0.315183,0.268467,0.165021
147.400272109,0.156153,1.62118,1.27175,0.224422,0.254077,0.0814594,0.017172,1.152,1.18313,0.287929,0.252607,0.153736
147.446712018,0.252324,1.15425,0.383395,0.0498564,0.454778,1.54511,0.00421137,1.42386,0.344163,0.26488,0.308961,0.267196
147.493151927,0.599636,1.07336,0.587843,0.311464,0.567919,1.74585,0,1.10104,0.106905,0.139211,0.164334,0.273078
147.539591837,0.639951,1.08092,0.845807,0.372716,0.519612,1.75824,0.00173898,0.480629,0.095093,0.0100652,0.0495457,0.211556
147.586031746,0.755673,1.08603,1.00941,0.425461,0.444011,1.75419,0.016713,0.336285,0.0784245,0.0100345,0.0335032,0.221691
147.632471655,0.845301,1.14035,1.10378,0.648631,0.416707,1.6969,0.0348876,0.275671,0.0725587,0.0107517,0.0872364,0.362202
147.678911565,0.784438,1.24106,1.22035,0.672201,0.274143,1.52177,0.124432,0.096718,0,0.0140943,0.127862,0.563286
147.725351474,0.894165,1.38231,1.50237,0.224999,0.461612,0.165206,0.0886902,0.182476,0,0.220671,0.619531,0.203094
147.771791383,0.791557,0.0537347,0.713939,0.913968,0.912295,0.37341,0.0217552,0.397192,1.35919,1.00483,0.584755,0.112489
147.818231293,0.552129,0.230229,0.551431,1.23485,0.958202,0.608098,0.0048233,0.262927,1.16538,1.15675,0.561,0.414573
147.864671202,0.333523,0.55571,0.469946,1.09977,1.109,0.749041,0.0750316,0.30584,0.71447,1.19145,0.702867,0.565226
147.911111111,0.207709,0.266995,0.388702,0.942178,1.24329,0.938022,0.372703,0.242693,0.433761,1.07196,0.658691,0.55649
147.957551020,0.645649,1.68188,0.854145,0.426079,0.449676,1.14705,0.470677,0.16274,0.422691,0.221711,0.185315,0.0411656
148.003990930,0.280344,1.5968,0.898658,0.501127,0.145817,0.812339,0.0914471,0.220293,0.696801,0.356642,0.274777,0.0562967
148.050430839,0.271257,1.46863,1.10793,0.52115,0.237424,0.794063,0.241933,0.163671,0.855264,0.296112,0.369649,0
148.096870748,0.181634,1.404,1.12079,0.581347,0.261119,0.876012,0.32619,0.232448,0.953682,0.154245,0.296548,0
148.143310658,0.171143,1.38559,1.06025,0.656716,0.321385,0.864614,0.42965,0.292212,0.971784,0.154293,0.330914,0
148.189750567,0.218829,1.32975,1.02007,0.734864,0.299801,0.887673,0.549372,0.283085,0.94996,0.185334,0.283714,0
148.236190476,0.397707,1.19309,0.955035,0.850696,0.293778,0.900131,0.532467,0.324392,0.814429,0.240086,0.25992,0
148.282630385,0.447497,1.48752,0.87399,0.901749,0.12295,0.657596,1.0519,0.361496,0.284591,0.814287,0.1948,0
148.329070295,0.658771,1.48243,1.14367,0.531306,0.123419,0.867323,0.501816,0.154554,0.371084,0.459256,0.145104,0.474303
148.375510204,0.390434,1.49476,0.896747,0.470138,0.0801552,0.86424,0.587558,0.0444217,0.270221,0.532545,0.158035,0.021929
148.421950113,0.280327,1.32654,0.982508,0.365142,0.0144447,0.944008,0.526803,0.0963977,0.709027,0.4412,0.149372,0
148.468390023,0.303647,1.25574,0.965278,0.421644,0.0705829,0.981296,0.617791,0.2584,0.888529,0.194227,0.101586,0
148.514829932,0.46945,1.18183,0.950283,0.348891,0.158612,0.956757,0.71963,0.202594,0.898259,0.0375806,0.127419,0
148.561269841,0.550631,1.03572,0.889052,0.159213,0.188605,0.908075,1.08447,0.180499,0.812452,0.0079372,0.182273,2.38553e-05
148.607709751,0.370746,0.893409,0.749081,0.747853,0.135819,0.589839,1.50709,0.128148,0.235702,0.0810917,0.439531,0.022058
148.654149660,0.044584,1.16337,0.832422,1.21888,0.725177,0.0146038,1.32786,0.196589,0.0478852,0.310024,1.10515,0.0190423
148.700589569,0.33739,0,1.54289,1.41619,0.794204,0.212014,1.11475,0.517994,0.331747,0.311043,0.896725,0.122467
148.747029478,0.199758,0.296188,1.38672,1.21671,1.00325,0.115026,1.19699,0.504971,0.326728,0.353503,0.768768,0.15328
148.793469388,0.277962,0.64198,0.748455,1.05562,1.57635,0.0641212,0.542033,0.410623,0.101754,0.435828,0.766942,0.224949
148.839909297,0.313676,0.887496,0.535635,1.03478,1.69063,0,0.125046,0.509095,0,0.34576,0.915679,0.453978
148.886349206,0.293252,1.22543,0.704524,0.802262,1.36705,0.118435,0.347068,0.287799,0,0.422564,1.29313,0.677645
148.932789116,0.371498,1.69549,0.916072,0.283815,0.75679,0.913594,0.117516,0.0772881,0.139881,0.0951404,0.057024,0.603517
148.979229025,0.328611,1.57168,1.22469,0.248747,0.694933,0.65425,0.0363681,0,0.629171,0.232895,0.486271,0.068564
149.025668934,0.214283,1.49169,1.16989,0.309136,0.546708,0.687966,0.163592,0.168405,0.681399,0.177133,0.467636,0
149.072108844,0.197191,1.464,1.03439,0.385183,0.541756,0.692875,0.297542,0.240382,0.637022,0.166261,0.441175,0
149.118548753,0.185609,1.5056,0.903136,0.409427,0.500777,0.757073,0.455879,0.243258,0.569895,0.175766,0.338954,0
149.164988662,0.219226,1.58582,0.773934,0.409227,0.418175,0.749602,0.492989,0.177018,0.436486,0.291429,0.273105,0
149.211428571,0.224981,1.75854,0.199775,0.587559,0.584639,0.0389499,0.0765491,0.793673,0.844827,0.570423,0.440523,0.155654
149.257868481,0.167415,1.54588,0.55769,0.287986,0.786653,0.0359147,0.0716756,1.14416,1.43099,0.209508,0.833343,0.214046
149.304308390,0.212171,1.72904,0.834828,0.450086,0.252481,0.181314,0.209091,0.986694,0.336791,0.729546,0.480237,0.25626
149.350748299,0.333929,1.54781,1.16357,0.80658,0.284442,0.760275,0.24668,0.785133,0.0816115,0.606161,0.258248,0.100535
149.397188209,0.318222,1.61419,0.872224,0.490836,0.321075,0.838108,0.649447,0.432466,0.0786128,0.500223,0.294531,0.0765071
149.443628118,0.223035,1.85936,0.548582,0.482082,0.144167,0.985104,0.80879,0.572411,0.0482409,0.311919,0.259155,0.10576
149.490068027,0.0799251,1.98784,0.667634,0.699259,0.0579046,1.15166,0.740974,0.678008,0.0204029,0.228144,0.1226,0.477291
149.536507937,0.248908,1.78804,0.840105,0.704448,0.23657,1.06377,0.135254,0.868248,0.0175606,0.0481345,0.143581,0.64828
149.582947846,1.14606,1.53958,0.25911,0.703209,0.92896,0.853125,0.0497849,0.728338,0.0975035,0.466396,0.771363,0.0617587
149.629387755,1.25191,0.649473,0.49476,0.350151,0.869996,0.978362,0.0623703,0.623008,0.392358,0.13717,1.31115,0.143596
149.675827664,0.421773,0.222298,0.217028,0.768124,0.98359,0.768786,0.311948,1.09944,0.659217,0.340706,1.33698,0.0471172
149.722267574,0.0626668,0.555505,0.228225,0.522454,1.17501,0.545312,0.702154,1.26824,0.728604,0.132445,1.73021,0
149.768707483,0.101403,0.656092,0.177961,0.214569,1.49375,0.00866852,1.14501,0.765746,0.676815,0.451799,1.53282,0.0136611
149.815147392,0.119386,0.681184,0.385939,0,1.35035,0.0293049,0.788206,0.802088,0.850238,0.367091,1.36138,0.17882
149.861587302,0.159329,1.13978,0.422564,0.177071,0.761851,0.3202,0.0617799,1.40658,0.283982,0.456451,1.12035,0.35971
149.908027211,0,0,0,0,0,0,0,0,0,0,0,0
149.954467120,0,0,0,0,0,0,0,0,0,0,0,0
150.000907029,0,0,0,0,0,0,0,0,0,0,0,0
150.047346939,0,0,0,0,0,0,0,0,0,0,0,0
150.093786848,0,0,0,0,0,0,0,0,0,0,0,0
150.140226757,0,0,0,0,0,0,0,0,0,0,0,0
150.186666667,0,0,0,0,0,0,0,0,0,0,0,0
150.233106576,0,0,0,0,0,0,0,0,0,0,0,0
150.279546485,0,0,0,0,0,0,0,0,0,0,0,0
150.325986395,0,0,0,0,0,0,0,0,0,0,0,0
150.372426304,0,0,0,0,0,0,0,0,0,0,0,0
150.418866213,0,0,0,0,0,0,0,0,0,0,0,0
150.465306122,0,0,0,0,0,0,0,0,0,0,0,0
150.511746032,0,0,0,0,0,0,0,0,0,0,0,0
150.558185941,0,0,0,0,0,0,0,0,0,0,0,0
150.604625850,0,0,0,0,0,0,0,0,0,0,0,0
150.651065760,0,0,0,0,0,0,0,0,0,0,0,0
150.697505669,0,0,0,0,0,0,0,0,0,0,0,0
150.743945578,0,0,0,0,0,0,0,0,0,0,0,0
150.790385488,0,0,0,0,0,0,0,0,0,0,0,0
150.836825397,0,0,0,0,0,0,0,0,0,0,0,0
150.883265306,0,0,0,0,0,0,0,0,0,0,0,0
150.929705215,0.267117,0.950057,0.975304,0.448857,0.18065,0.0477305,0.0993871,0.117514,0,1.03005,1.50041,0.814883
150.976145125,0.00295471,0.964031,1.00925,0.207912,0.606377,0.0174579,0.096979,0.281169,0.0305129,1.4088,1.58867,0.399804
151.022585034,0.000166079,0.753209,0.654716,0.117056,0.784591,0.0940737,0.170728,0.295417,0.0358117,1.82738,1.40115,0.407848
151.069024943,0.0111211,0.878619,0.577987,0.102332,0.936669,0.10971,0.200743,0.378059,0.0466615,2.07923,1.11042,0.349055
151.115464853,0.0248516,1.00864,0.444965,0.0866365,1.0735,0.0399977,0.272037,0.600776,0.056481,2.51427,0.964983,0.251337
151.161904762,0.0263289,0.920346,0.357519,0.0358872,1.20494,0.00982829,0.18063,0.686621,0.0676107,3.08679,0.721446,0.134168
151.208344671,0.0135127,0.94992,0.0935272,0.0432668,1.43364,0.00969118,0.282059,0.445205,0.0503949,3.5986,0.606353,0.000270781
151.254784580,0.144559,0.878867,0.00738406,0.0851249,1.37583,0.0122918,0.387018,0.302077,0.0122009,4.01025,0.364026,0.000196359
151.301224490,4.34052e-05,0.826585,0.0219981,0.107249,1.21876,0.203989,0.235746,0.188754,0.0107153,4.19378,0.0526932,0.191553
151.347664399,0.196737,0.714156,0.183257,0.181738,1.27686,0.313329,0.12135,0.0755686,0.00964583,3.88043,0.0426918,0.254933
151.394104308,0.187079,0.643994,0.187128,0.195325,1.32097,0.229975,0.15507,0.0443267,0.0398215,3.82824,0.0265818,0.205009
151.440544218,0.1635,0.520777,0.0132406,0.757029,0.814033,0.504627,0.615458,0,0.018495,3.61517,0.43555,0.382027
151.486984127,0.0750452,0.357286,0.00402046,0.54151,0.339293,1.69988,0.586221,0.101937,0.481932,2.1821,1.76346,0.346508
151.533424036,4.31879e-05,0.317037,0.392122,0.122604,0.19989,1.94962,0.365833,0.100936,0.567454,0.257049,2.991,0.319293
151.579863946,0.296095,0.166416,0.358067,0.00352776,0.10064,2.04681,0.136028,0.416553,0.667974,0.0337382,3.05325,0.129044
151.626303855,1.92898,0.164305,0.0606332,0.326876,0.336354,1.47423,0.0680676,1.0655,0.362315,0.0574274,1.79462,0.0501964
151.672743764,2.88516,0.373088,0.0765491,0.763143,0.638576,0.540719,0.0478206,2.13097,0.00181462,0.102225,0.553992,0.0469633
151.719183673,3.11607,0.0880145,0.0631198,0.856863,0.779196,0.00705736,0.463379,2.3677,0.0791916,0.17891,0.371684,0.000461272
151.765623583,3.03205,0.0505033,0.0511419,0.679339,1.02308,0.0209748,0.499965,2.26614,0.205273,0.235974,0.275937,0.197952
151.812063492,2.80693,0.137886,0.123495,0.408161,1.02373,0.0704249,0.391947,1.99678,0.255265,0.325648,0.114792,0.44376
151.858503401,2.63464,0.606288,0.211602,0.124422,0.959818,0.0768511,0.417323,1.56663,0.176795,0.343444,0.0992531,0.0950145
151.904943311,3.00433,0.113609,0.217392,0.145563,0.634648,0.0774404,0.632917,1.03538,0.0417634,0.360158,0.113565,0
151.951383220,2.83127,0,0.191891,0.257387,0.373204,0.0733562,0.747634,0.633202,0.052375,0.40676,0.145878,0.00614824
151.997823129,2.32675,0.00749927,0.170846,0.387233,0.411739,0.0724428,0.715793,0.255906,0.0678181,0.413006,0.163567,0.13261
152.044263039,1.85481,0.0187223,0.12326,0.382496,0.463359,0.0738915,0.238149,0.245269,0.0842387,0.410285,0.15806,0.426748
152.090702948,1.32018,0.0283437,0.117702,0.379265,0.181013,0.0818127,0.239855,0.255972,0.106407,0.377144,0.226288,0.983617
152.137142857,0.792488,0.220216,0.287469,0.830911,0.014225,0.120162,0.405265,0.244531,0.0468034,0.75477,0.261938,2.01668
152.183582766,0.264658,0.41447,0.508853,0.839895,0.015747,0.101918,0.439038,0.281923,0.0675276,0.260548,0.195496,3.09399
152.230022676,0.135906,0.459626,0.530811,0.87075,0.0363962,0.0834736,0.515109,0.265371,0.0357929,0.0989621,0.217204,3.46467
152.276462585,0.00396924,0.487372,0.537531,0.853289,0.0493949,0.051562,0.677887,0.246298,0.0324583,0.0233603,0.25387,3.69683
152.322902494,0.0227439,0.469446,0.427629,0.936755,0.1381,0.154485,1.07755,0.215562,0.00254121,0.00190628,0.395039,3.59473
152.369342404,0.244095,0.242424,0.28824,0.887948,0.103879,0.359329,1.28835,0.250504,0.0458584,0.0178077,0.199466,3.53758
152.415782313,0.0252978,0.276714,0.14459,0.361483,0.0640549,0.0383297,1.46044,0.429812,0.0358547,0.214594,0.114575,3.53289
152.462222222,0.000220939,0.155656,0.0687728,0.416399,0.0642749,0.265261,1.36143,0.0697789,0.183466,0.219302,0,3.66929
152.508662132,0.000623407,0.167862,0.0577572,0.255349,0.0705104,0.366844,1.16214,0.0253327,0.434144,0.124738,0.0161173,3.69052
152.555102041,0.00072545,0.166073,0.154985,0.0812387,0.0641396,0.364476,1.08168,0.0360818,0.456182,0.0605879,0.186861,3.76248
152.601541950,0.00071729,0.149431,0.236724,0.0854735,0.0860471,0.369508,1.0727,0.0647227,0.372013,0.041717,0.195106,3.71048
152.647981859,0.000723222,0.141637,0.394682,0.241359,0.0761101,0.107803,1.11175,0.0793554,0.452424,0.0620569,0.000123614,3.62252
152.694421769,0.000432023,0.284527,0.457763,0.762238,0.0871105,0.165522,1.10428,0.0471909,0.117452,0.0554803,0.061969,3.49566
152.740861678,0.000204228,0.650427,0.694982,0.502948,0.212498,0.0551463,1.05225,0.090998,0.113965,0.0325443,0.198778,3.11354
152.787301587,0.000217222,0.908962,0.729654,0.304945,0.171939,0.268715,0.973927,0.0849953,0.122657,0.0717343,0.269933,2.677
152.833741497,0.000179824,1.03436,0.701247,0.333615,0.00850789,0.833216,0.900278,0.087521,0.0436534,0.0530023,0.172842,2.17471
152.880181406,0.000109319,0.920272,0.416468,0.330473,0,2.05313,0.0640616,0.117351,0.0427146,0.0925405,1.05567,1.68274
152.926621315,0.032864,0.461625,0.166511,0.236915,0.252478,1.74585,0.0248281,0.304532,0.0120538,0.163287,2.40908,0.763105
152.973061224,0.0371271,0.613563,0.284917,0.0134324,0.552087,1.54997,0.0130919,0.364884,0.0526678,0.440997,2.511,0.380498
153.019501134,0.128359,0.648258,0.102098,0.00367197,0.857598,1.34644,0.0351813,0.56033,0.0755526,0.642327,2.30633,0.207706
153.065941043,0.0403327,0.852805,0.350483,0.0298837,0.764705,1.57801,0.140376,0.531253,0.0851485,0.862349,1.66973,0.12958
153.112380952,0.331458,0.861752,0.194653,0.245087,0.352353,1.10464,0.762972,0.100232,0.586272,0.919887,1.49204,0.130665
153.158820862,0.380153,0.712339,0.1897,0.410511,0.260342,0.817521,0.841721,0.0955237,0.742637,0.82314,1.52515,0.126451
153.205260771,0.388929,0.64662,0.269736,0.315511,0.0339035,1.66374,0.94622,0.0763584,1.31862,0.698344,1.32014,0.105506
153.251700680,0.358972,0.678068,0.00593956,0.312411,0.547096,1.72452,0.814593,0.0241214,1.80774,0.702773,0.9161,0.0501052
153.298140590,0.731617,1.17793,0,0.305163,0.929005,0.36147,0.725188,0.0350781,1.32348,0.245418,0.673534,0.216498
153.344580499,0.114037,0.757886,0.680207,0.092976,0.771727,0.50867,1.11094,0.758087,0.200713,0.145302,1.35898,0.385223
153.391020408,0.00594922,0.725032,1.2819,0.04437,0.452541,0.70006,0.604603,1.28168,0.0838477,0.0701741,1.40385,0.73399
153.437460317,0,0.73359,1.15863,0.00350346,0.224557,0.929294,0.481383,1.65057,0,0.0656322,1.76517,0.784795
153.483900227,0,0.566994,0.801267,0.0101856,0.103018,0.902894,0.772405,1.64982,0.000107975,0.0647157,1.87323,0.72913
153.530340136,0,0.429959,0.479847,0.137129,0.605281,0.36778,1.22638,1.48365,0.068083,0.104134,1.77624,0.640927
153.576780045,0.0362988,0.876438,0.0500992,0.150559,1.03738,0.0281723,0.905472,1.68261,0.0420868,0.214012,1.74144,0.298895
153.623219955,0.0128982,1.16397,0.056405,0.0440508,1.04854,0,0.249841,1.96526,0.0245068,0.299946,1.31475,0.403723
153.669659864,0.0391253,1.39273,0.0880803,0.1464,0.604501,0.107621,0.0157334,1.86646,0.00559788,0.473541,0.570362,0.592961
153.716099773,0.13574,1.62999,0.561953,0.161612,0.593378,1.23999,0.0793208,1.28308,0.0246664,0.411261,0.811136,0.372069
153.762539683,0.189125,1.45684,0.692016,0.143817,0.295776,1.5879,0.663771,0.68287,0.0193892,0.357264,1.08823,0
153.808979592,0.190363,1.23837,0.87814,0.151539,0.0669557,0.926711,0.857588,1.0595,0.0228763,0.27411,0.922355,0.0149914
153.855419501,0.261475,0.903982,0.733687,0.0190667,0.0656986,0.378816,0.887399,1.42908,0.0328152,0.25526,0.899903,0.188248
153.901859410,0.346729,0.0626304,0.460322,0,0.034352,0.448322,0.757704,1.71748,0.0472097,0.358366,1.01276,0.233164
153.948299320,0.0255153,0,0.380841,0.1789,0.0676556,1.43146,0.772939,1.57309,0.252784,0.158976,1.2105,0.125609
153.994739229,0.00525343,0.163785,0.65907,0.813362,0.0322551,2.2584,0.786132,0.904101,0.103425,0.146574,1.08594,0.0184911
154.041179138,0.0209192,0.178253,0.57354,0.652734,0.189093,1.83406,0.447425,1.59322,0.0248387,0.0757074,0.311012,0.239414
154.087619048,0.00989813,0.180503,0.592268,0.480115,0.353823,0.714008,0.288734,2.28867,0.231616,0.113994,0.512986,0.231406
154.134058957,0.00665474,0.184086,0.737824,0.461344,0.403434,0.579344,0.77729,2.03533,0.391442,0.0413749,0.719749,0.139119
154.180498866,0,0.123772,0.796233,0.43919,0.443365,1.20206,0.656486,1.56912,0.366254,0.00639449,1.04392,0.0734104
154.226938776,0,0.322625,1.04734,0.13564,0.547715,1.56243,0.310417,0.939609,0.23293,0,1.25783,0.0238213
154.273378685,0.0108391,0.194874,1.33445,0,0.427387,1.79724,0.288399,1.42069,0.268309,0.245795,0.848118,0.00169166
154.319818594,0.0138458,0.0270984,0.8854,0.00748873,0.380349,1.80378,0.0226938,2.35934,0.164876,0.329142,0.426834,0.240305
154.366258503,0.0471821,0.0248015,0.691315,0.0675333,0.461689,1.13909,0.198765,2.51576,0.264308,0.270873,0.364036,0.0916644
154.412698413,0.092994,0.0151415,0.708056,0.112507,0.56057,0.373243,0.694924,2.11751,0.38338,0.21519,0.453844,0.000878009
154.459138322,0.109874,0.0416938,0.890539,0.11977,0.803534,0.741577,1.28693,1.41147,0.233927,0.0155637,0.503439,0.000728802
154.505578231,0.104429,0.0503314,0.808052,0.114367,1.07289,1.08453,1.7318,0.634914,0.221786,0,0.673259,0.228667
154.552018141,0.0540292,0.359222,0.752908,0.52908,1.25134,1.53467,2.02902,0.0558852,0.275715,0.0412469,0.680262,0.00367269
154.598458050,0.0526459,1.25529,0.860904,0.685982,0.445135,1.9544,1.14552,0.0144106,0.0317899,0.11553,0.185808,0.00693155
154.644897959,0.0464695,1.31266,0.865398,0.673809,0.0963043,1.67744,1.10569,0.0241234,0.0842071,0.12506,0.121845,0.244827
154.691337868,0.117284,1.48064,0.627162,0.336938,0.334405,1.94833,0.905741,0.0512383,0.0375268,0.0824332,0.237278,0.00842552
154.737777778,0.319048,1.55741,0.245914,0.543975,0.297883,1.92939,0.529419,0.0562003,0,0.404982,0.147469,0.0184606
154.784217687,0.161452,1.32022,0.193553,0.686209,0.188894,1.78441,0.745494,0.0675377,0.0111085,0.539939,0.153535,0.000121071
154.830657596,0.125374,1.06371,0.121908,0.513313,0.0936558,1.39175,1.44915,0.102309,0,0.290926,0.145149,0.0101305
154.877097506,0.0831751,0.693694,0,0.547399,0.0985819,1.10571,2.11522,0.362202,0.0705061,0.25242,0.175654,0.0682128
154.923537415,0.332359,0.663107,0.0271984,0.336503,0.25646,1.362,2.10286,0.747339,0.0726796,0.0888705,0.383625,0.281777
154.969977324,1.01283,0.633929,0.136423,0.15103,0.400287,1.57815,1.80363,0.307192,0.00360481,0.0210507,0.590981,0.132011
155.016417234,0.703037,0.351716,0.440749,0.328709,0.554447,1.41857,1.42137,0.255982,0.00364386,0.00173269,0.38114,0
155.062857143,0.654468,0.515663,0.190869,0.540528,0.449884,1.70666,1.10879,0.0579095,0.0244158,0.438071,0.311409,0.0389372
155.109297052,0.745001,0.543453,0.133503,0.485503,0.560017,2.40435,0.448397,0.0511047,0.501374,0.521761,0.588942,0.251629
155.155736961,0.516871,0.208594,0.761176,0.304162,0.382654,2.67993,0.0555389,0.211696,0.989621,0.439076,0.432878,0.690192
155.202176871,0.305809,0.186977,0.837546,0.394288,0.440545,2.11275,0.124917,0.626127,0.88493,0.343933,0.584467,1.05965
155.248616780,0.177205,0.0988029,0.52,0.518536,0.438262,1.16149,0.646869,1.18745,0.354042,0.468545,0.510656,1.19497
155.295056689,0.0624361,0.159035,0.890941,0.702787,0.353747,0.852366,0.66849,1.2005,0,0.274767,0.817595,1.08375
155.341496599,0,0.716384,0.772219,0.63741,0.219252,1.04466,0.503326,0.923234,0,0.212064,0.943126,0.302325
155.387936508,0.295286,0.584486,0.180399,0.520333,0.123719,0.831325,0.80133,0.439135,0.00762093,0.126542,1.38588,0.248813
155.434376417,0.370012,0.786914,0.0859393,0.507979,0.425733,0.494854,1.20771,0.512173,0.0442866,0.113381,1.4749,0.15158
155.480816327,0.354821,0.918003,0.125399,0.42719,0.891828,0.098012,1.20079,0.919472,0.0421746,0.172233,1.2519,0.174787
155.527256236,0.227101,1.06078,0.167434,0.140892,1.03799,0.0487418,0.929567,1.0886,0.0562975,0.250629,0.873002,0.764436
155.573696145,0.760858,1.20806,0.387632,0.135529,0.845114,0.312841,0.116986,1.19698,0.037312,0.283405,0.673981,0.885818
155.620136054,1.15428,1.33909,0.813861,0.222391,0.56445,0.927088,0,1.23928,0.0120115,0.385252,0.106485,0.837416
155.666575964,0.993929,1.02097,1.33096,0.11447,0.395935,0.532291,0.0294526,1.62498,0.0197474,0.348153,0.215752,0.62553
155.713015873,0.336499,0.834975,1.47803,0.218782,0.15991,0.0825952,0.315925,1.82083,0.0281449,0.27742,0.248861,0.631971
155.759455782,0.137396,0,1.26052,0.509642,0.0311764,0.141403,0.79009,1.64128,0.0991255,0.284201,0.191916,0.778536
155.805895692,0.0149267,0,0.969256,0.549878,0.0121786,0.864832,0.885778,1.32256,0.113225,0.243273,0.210034,1.24576
155.852335601,0.00222417,0.0381167,0.644342,0.456306,0.31703,1.6127,0.717655,0.772961,0.41473,0.0444843,0.267014,1.10549
155.898775510,0.0589703,0.182542,1.11039,0.682185,0.362498,1.68893,0.188102,0.608634,0.140148,0.0276712,0.10679,0.661907
155.945215420,0.0984685,0.130848,0.925047,0.37295,0.774638,0.719692,0.393947,1.82706,0.247528,0.0506223,0.218894,0.0057055
155.991655329,0.209805,0.0674042,0.880945,0.231304,0.600446,0.122697,0.758898,1.58323,0.254843,0.0295556,0.254269,0.0426246
156.038095238,0.0720848,0.00257314,0.887645,0.278427,0.336815,0.589034,1.04825,1.26543,0.290466,0.000740366,0.350063,0.137954
156.084535147,0.234023,0.00205461,0.793588,0.491699,0.203012,1.65965,1.203,0.674567,0.326388,0.00278575,0.398603,0.240075
156.130975057,0.394559,0.0237989,0.230363,0.312029,0.205629,2.83343,0.901842,0.481625,0.836985,0.00694347,0.252802,0.211108
156.177414966,0.380002,0.0445092,0.0404526,0.138239,0.178656,0.608313,0.141792,2.7029,0.898109,0.162971,0.148442,0.756318
156.223854875,0.000344272,0,0.541793,0.0395967,0.362416,0.0775643,0.221914,2.59723,0.59505,0.152958,0.175575,0.576374
156.270294785,0.0455196,0.00975968,0.613998,0.0809793,0.32787,0.0126409,0.382912,2.24899,0.401401,0.0599288,0.178174,0.159924
156.316734694,0.0767894,0.0814842,0.609822,0.280683,0.363414,0.122004,0.408197,1.86128,0.366812,0.116953,0.217105,0.100881
156.363174603,0.125628,0.149532,0.438952,0.0451385,0.358428,0.589477,0.545293,1.43386,0.212705,0.1985,0.378706,0.104218
156.409614512,0.0561523,0.19297,0.124883,0.167012,0.322565,1.09934,0.881106,1.09838,0.125702,0.175208,0.494709,0.362954
156.456054422,0,1.24883,0.52806,0.0254899,0.260929,1.54848,0.923407,0.496007,0.199746,0.0640571,0.595719,0.0772712
156.502494331,0.0583132,1.43808,0.715889,0.0590105,0.362332,1.84962,0.340607,0,0.269448,0.0603645,0.363185,0.0553624
156.548934240,0.00409242,1.45338,0.746605,0.0676257,0.693309,1.52019,0.324833,0,0.478828,0.108605,0.44374,0.00685696
156.595374150,7.96145e-05,1.41899,0.860544,0.676818,0.180733,1.11748,0.131855,0.21681,0.200834,0.153697,0.232694,1.20881
156.641814059,0.361484,1.11585,0.586505,0.742132,0.294328,0.425781,0.679081,0.447841,0.0136323,0.231948,0.334365,1.20604
156.688253968,0.631203,1.17079,0.309405,0.531507,0.20395,0.125909,0.0960996,0.839901,0.639721,0.709351,1.03429,1.04932
156.734693878,0.387495,0.38302,0.533369,0.0926198,0.328527,0.158797,0.107619,1.59624,0.960775,0.657753,1.77371,0.303319
156.781133787,0.0338806,0.493079,0.505172,0.142573,0.2147,0.0634436,0.0562901,1.78582,1.03025,0.635522,1.7388,0.215015
156.827573696,0.107873,1.45731,0.329777,0.157752,0.196979,0.401084,0.0881535,2.82971,0.297431,0.0034075,1.27403,0.548552
156.874013605,0.11893,1.18482,0.433083,0.25998,0.244838,0.507832,0.129151,2.9007,0.0395983,0.0036985,0.27908,0.650547
156.920453515,0.0686311,0.926799,0.547975,0.247446,0.297669,0.377667,0.118849,3.13031,0.0310257,0.0017443,0.0574576,0.438257
156.966893424,0.08608,0.562047,0.734563,0.211852,0.28057,0.195831,0.142697,3.0783,0.0261093,0,0.1094,0.162635
157.013333333,0.0906982,0.380988,0.646615,0.113153,0.254745,0.0246033,0.12632,2.82326,0.045865,0.384984,0.54144,0.130343
157.059773243,0.118968,0.49952,0.2522,0,0.382627,0,0.151402,2.23893,0.0091728,0.974583,0.666349,0.293825
157.106213152,0.109223,0.539735,0.230291,0.0867323,0.924332,0.0452679,0.42294,1.01175,0,1.85452,0.585943,0.265003
157.152653061,0.101829,0.458283,0.315724,0.10406,0.868974,0.72741,0.220229,0.48029,0.112291,1.95948,0.382077,0.208354
157.199092971,0.193017,0.186726,0.355187,0.395705,0.338585,0.961872,0.222831,0.16991,1.03571,1.46295,0.407561,0.14284
157.245532880,0.359029,0.378757,0.36643,0.395832,0.270687,0.793149,0.0747412,0.0796359,2.0863,0.234077,0.947668,0.0844527
157.291972789,0.0886741,0.737469,0.555432,0.422951,0.436704,0.156027,0.269895,1.09742,1.74381,0.0839509,0.808465,0.0844384
157.338412698,0.0803702,1.33478,0.696847,0.366909,0.644376,0.0680082,0.281805,1.87651,0.695498,0.132662,0.542499,0
157.384852608,0.0552864,1.53006,0.828055,0.0133661,0.725103,0,0.0969822,1.87422,0.298694,0.247286,0.427026,0.23437
157.431292517,0,1.76057,0.971641,0.215229,0.87453,0.144226,0.00833834,1.99957,0.0326099,0.261145,0.198069,0.780704
157.477732426,0,1.74191,0.609852,0.405795,0.842699,0.120105,0,2.94827,0.0202098,0.27991,0.0991354,0.83341
157.524172336,0,1.61909,0.428911,0.4655,0.496777,0.0708703,0.0392412,3.47199,0.0364068,0.279899,0.121709,0.546994
157.570612245,0.00296183,1.55436,0.525536,0.349374,0.253261,0.022737,0.0774238,3.55749,0.047849,0.27167,0.205737,0.347212
157.617052154,0.0301647,0.995414,0.588133,0.786346,0.166021,0.0191025,0.0629807,3.46646,0.0588017,0.267772,0.176402,0.242574
157.663492063,0.00417124,0.122004,0.213908,1.36528,0.154004,0.141817,0,2.8982,0.946133,0.330037,0.152762,0.50906
157.709931973,0.120292,0.136915,0.21082,1.33377,0.195972,0.400128,0.00197368,1.99307,1.48528,0.0782442,0.222435,0.902363
157.756371882,0.183992,0.183232,0.0438652,1.51051,0.0215995,0.403113,0.0740015,2.51959,0.822912,0.299809,0.125917,0.657201
157.802811791,0.0799685,0.861005,0.111351,1.27895,0.0128548,0.347695,0.0475414,3.3584,0.207201,0.380447,0.0798905,0.346705
157.849251701,0.0643211,1.05479,0.301725,0.143612,0.216594,0.115016,0.0399856,3.4413,0.193072,0.170879,0.275476,0.15294
157.895691610,0.0829463,1.08243,0.454222,0.0941332,0.36723,0.105986,0.00891452,3.22215,0.167264,0.108314,0.369637,0.206377
157.942131519,0.079879,0.862874,0.610033,0.0248489,0.3426,0.0791927,0.0252091,3.14353,0.221773,0.0537748,0.381095,0.30814
157.988571429,0,0.203702,1.20824,0.00164566,0.0608427,0.435033,0.0944479,2.91277,0.232117,0.00905787,0.228335,0.426626
158.035011338,0.146928,0.0769836,1.15604,0.0191786,0.0240439,0.435553,0.293795,2.77293,0.122843,0,0.0649964,0.48115
158.081451247,0.256132,0.103293,1.20707,0.142111,0.0400765,0.38363,0.123213,3.16839,0.106825,0.0137257,0.000130844,0.595254
158.127891156,0.322752,0.149755,1.30401,0.105656,0.0913106,0.309049,0.0723147,3.4291,0.199605,0.00879284,0,0.556894
158.174331066,0.304809,0.0177223,1.36754,0.109905,0.156056,0.187093,0.0828422,3.59372,0.332865,0.0577,0,0.461463
158.220770975,0.071807,0.000223993,1.23904,0.0551284,0.202478,0.025263,0.0774375,3.72173,0.542534,0.0634907,0.0451909,0.366225
158.267210884,0.0450971,0.344461,1.04987,0.0470218,0.110345,0.0359852,0.0584721,3.62662,0.457556,0.0349119,0.0546135,0.261741
158.313650794,0.0555648,0.0610426,1.16976,0.218978,0.0732079,0.0375139,0.0225499,3.4651,0.20795,0.14525,0.0693571,0.154823
158.360090703,0.0902438,0.0921395,1.12174,0.328544,0.0391118,0.00459474,0,3.49518,0,0.348934,0.094446,0.121573
158.406530612,0.188227,0.168247,0.966077,0.285919,0.032625,0.0256376,0.0254545,3.54504,0.00734125,0.418659,0.155736,0.0240885
158.452970522,0.286984,0.40931,0.818945,0.213373,0.0285486,0.0564736,0.0898836,3.50692,0.00195655,0.285227,0.303619,0.0209049
158.499410431,0.247977,0.475654,0.757534,0.151907,0.0529231,0.0674812,0.298609,3.29173,0.00120057,0.0446556,0.383025,0.0254227
158.545850340,0.183382,0.325501,0.790401,0.0856097,0.0731621,0.0321557,0.920389,2.88132,0.0042402,0.00152777,0.193394,0.236779
158.592290249,0.310889,0.125362,0.894753,0,0.0674115,0.0744697,1.02012,2.83112,0.115495,0,0.124256,0.613993
158.638730159,0.356815,0.0665886,0.470196,0.827408,0.0049133,0.147921,0.861428,3.05096,0.183754,0.0475454,0.000545319,0.715121
158.685170068,0.335199,0.0123748,0.0653152,1.01374,0.268369,0.450417,0.509692,3.19205,0.352654,0.321662,0.0336708,0.681008
158.731609977,0.94589,0.0965416,0.0342039,1.1841,0.20239,0.702106,0.293357,2.21957,0.358081,1.60176,0,0.452183
158.778049887,0.993681,0.150155,0.062709,1.0604,0.213258,0.905562,0.109676,0.735975,0.331264,2.58566,0,0.0395919
158.824489796,0.820458,0.307182,0.349979,1.13183,0.382703,1.5885,0.290042,0.000359782,0.0102565,2.44088,0.00181878,0.0277891
158.870929705,0.236492,0.519465,1.08231,0.892137,0.267922,1.63757,0.535366,0.00586381,0,1.7734,0.517659,0.38931
158.917369615,0.000175621,0.505228,1.45853,0.338973,0.47658,0.973854,0.704571,0.370112,0.364728,1.06653,0.965983,0.761736
158.963809524,0.000331332,0.317525,0.868256,0.281464,0.547562,1.30415,0.533213,0.381569,0.705156,0.517749,2.02668,0.942649
159.010249433,0.0890338,0.0637834,0.736737,0.204892,0.39478,1.78545,0.590384,0.15558,0.919685,0,2.22501,0.847345
159.056689342,0.63536,0.00342738,0.894107,0.221403,0.257874,1.62987,0.349846,0.678419,0.567641,0,2.04039,0.241346
159.103129252,2.06523,0.00346109,0.329304,0.0094606,0.0669882,1.26433,0.190952,1.55364,0.197649,0.0504918,1.36728,0.0759678
159.149569161,2.90309,0.155595,0.0679914,0.336014,0.223608,0.497444,0.0878422,2.02969,0.00552104,0.150359,0.40321,0.0154018
159.196009070,2.8212,0.201945,0.064467,0.787493,0.58208,0.277739,0.145469,2.20315,0.01664,0.185302,0.426196,0.0326378
159.242448980,2.53812,0.294065,0.0594949,0.714103,0.849101,0.176705,0.202514,2.24459,0.186606,0.227947,0.283378,0.0698576
159.288888889,2.5023,0.477124,0.142443,0.218802,0.843412,0.021788,0.179814,2.13329,0.0290637,0.298854,0.146419,0.379893
159.335328798,2.81078,0.85206,0.545365,0.143987,0.836631,0.0273514,0.0602575,1.71004,0.0199343,0.278143,0.184552,0.287843
159.381768707,3.17217,0.691787,0.506299,0.000241482,0.857073,0.091638,0.10986,1.38259,0.0256491,0.284118,0.233984,0.000167917
159.428208617,3.09215,0.101596,0.293126,0.0272683,0.928616,0.0973906,0.228495,1.097,0.0719539,0.27075,0.170396,0.000182159
159.474648526,2.06187,0,0.224505,0.513184,0.484208,0.0649826,1.18479,0.0594394,0.0531999,0.464178,0.153892,0.660057
159.521088435,1.39666,0.0435031,0.140162,0.55889,0.518432,0.0850817,1.37726,0.0350607,0.0728929,0.44325,0.168488,1.50908
159.567528345,0.783859,0.119308,0.0265506,0.595502,0.514889,0.09698,1.28973,0.0207735,0.0605042,0.379985,0.187486,2.43372
159.613968254,0.0117716,0.256861,0.0796104,0.490141,0.0538151,0.149372,1.21576,0.588163,0.27424,0.160201,0.200108,3.24952
159.660408163,0,0.769212,0.189229,0.561246,0.119412,0.471284,1.02169,0.752881,0.124173,0.00899019,0.1693,2.95846
159.706848073,0,0.935012,0.23894,0.395422,0.00820384,0.63919,0.984844,0.74689,0.0940369,0.00278108,0.346802,2.34129
159.753287982,0,0.829352,0.285374,0.66591,0.012975,0.711974,1.03096,0.629136,0.112093,0.000978125,0.361724,2.45557
159.799727891,0,0.679933,0.407469,0.727012,0.14521,0.723221,1.09788,0.322264,0,2.09324e-05,0.28747,2.70168
159.846167800,0.0147877,0.291973,0.306772,0.789206,0.268972,0.501783,1.1484,0.233677,0.0207089,0,0.182566,2.92622
159.892607710,0.333115,0.0901382,0.342789,0.639836,0.168032,0.126652,0.992933,0.287013,0.0656349,0.0156522,0.201793,2.86432
159.939047619,0.100737,0.00569611,0.36481,0.164125,0.00239646,0.354369,1.12366,0.189841,0.277672,0.0882898,0.418306,2.67432
159.985487528,0.0475677,0.0547318,0.256111,0.410697,0.0109201,0.410041,1.14501,0.177199,0.254916,0.128524,0.660028,2.21378
160.031927438,0.00679284,0.107492,0.194817,0.347834,0.0477512,0.00820312,0.933711,0.556385,0.294742,0.259719,0.552909,1.97113
160.078367347,0,0.36079,0.0626629,0.127352,0.766384,0.0198265,0.924585,0.733294,0.23936,1.42999,0.459622,1.67747
160.124807256,0,0.490988,0.0041811,0.0172956,1.13377,0,0.582319,0.683194,0.262431,3.15848,0.278217,0.978034
160.171247166,0.0736326,0.537221,0.105617,0.0277245,1.49206,0.020086,0.026396,0.380937,0.362529,3.66002,0.00409132,0.206648
160.217687075,0.0779232,1.10741,0.386444,0.364991,1.44647,0.0206304,0.0644869,0.20545,0.370715,3.39289,0.0970552,0.0591882
160.264126984,0.079259,1.35028,0.626297,0.408373,1.08628,0.0761535,0.0953161,0.145708,0.280589,2.81087,0.361056,0.01804
160.310566893,0.130482,1.44328,0.684211,0.193276,0.427156,0.143493,0.120327,0.186061,0.203922,2.30525,0.452733,0.0712591
160.357006803,0,1.25316,0.640127,0.0268876,0.160475,1.20591,0.129084,0.212963,0.180622,1.88778,0.596661,0.106929
160.403446712,0,0.712158,0.399381,0.0336808,0,1.50905,0.169293,0.326233,0.0965027,0.513721,2.72777,0.0953975
160.449886621,0.0376691,0.185252,0.177144,0.0126419,0.147994,1.25769,0.119827,0.456545,0.0226847,0,3.03445,0.0832363
160.496326531,0.102065,0.270301,0,0,0.200947,1.04337,0.0641622,0.541069,0.0996118,0.0877816,3.00124,0.108168
160.542766440,0.132499,0.196406,0,0.0466457,0.244348,0.997837,0.0717632,0.770736,0.122375,0.301286,2.67596,0.143673
160.589206349,0.0856878,0.301327,0.417212,0.277427,0.190382,1.49651,0.458157,0.622144,0.204557,0.560875,2.01656,0.132532
160.635646259,0.106039,0.249974,0.576838,0.590212,0.331754,1.41511,0.533069,0.203694,0.229173,0.41704,1.71691,0.130323
160.682086168,0,0.255209,0.510728,0.397503,0.339006,1.44878,0.492765,0.0928215,0.507083,0.302953,1.75951,0.0844621
160.728526077,0.0331176,0.0888309,0.210253,0.354822,0.116327,1.58506,1.02917,0.0597306,1.12505,0.616553,1.55898,0.0547841
160.774965986,0.188107,0.230084,0,0.488604,0.0507414,1.27341,0.916939,0.00236741,1.32001,0.813598,1.27809,0.282482
160.821405896,1.27593,0.709503,0,0.992805,0.260088,1.16275,0.883189,0,1.34011,0.0637277,0.470514,0.453579
160.867845805,0.741331,0.303604,0,0.978875,0.240243,1.79049,0.193013,0.0649383,0.653377,0.180754,0.638309,0.851349
160.914285714,0.444261,0.189807,0.964716,0.707704,0.0967829,1.96838,0,0.0683202,0.0132559,0.592685,1.03442,0.698038
160.960725624,0.233165,0.0476412,1.13959,0.667771,0.00389057,1.92626,0.0233332,0.117803,0.00631082,0.59511,1.85299,0.438456
161.007165533,0.0835459,0.244108,0.656208,0.625635,0.00462255,1.70385,0.0718934,0.618251,0.0127309,0.342428,2.657,0.334486
161.053605442,0,0.747671,0.0012598,0.89982,0.634859,0.790162,0.0706732,0.956059,0.00768308,0.2655,2.31011,0.477027
161.100045351,0.0789956,1.11325,0.277917,0.678207,1.34655,0.633822,0.183105,0.942246,0.106506,0.177491,1.56369,1.12106
161.146485261,0,1.53449,0.354425,0.436169,1.57357,0.269382,0.29242,0.819514,0.473444,0.714445,1.08045,1.14048
161.192925170,0,2.01125,0.183578,0.0312394,1.01009,0.0974655,0.399608,0.614584,0.409745,1.66148,0.936688,0
161.239365079,0.00563668,2.00839,0.390093,0.0531484,0.645972,0.398814,0.154394,0.291726,0.297416,1.90724,0.607499,0.524578
161.285804989,0,1.39534,1.11698,0.0690237,0.233891,0.255251,0,0.789528,0.62083,1.60968,0.41863,0.750507
161.332244898,0.0618899,0.702233,0.942797,0.0307133,0.10059,0.120261,0,2.733,0.910395,0.636185,0.127586,0.893063
161.378684807,0.0111283,0.341583,0.850398,0.0590799,0.10986,0.10193,0,3.17543,0.450465,0.466102,0.150581,0.938799
161.425124717,0.0024792,0,1.04264,0.0569629,0.175375,0.0814768,0.204921,2.93919,0.0915584,0.444336,0.362425,0.832165
161.471564626,5.09233e-05,0,1.22836,0.0295632,0.392431,0.0308807,0.875922,2.33597,0.341095,0.0984245,0.715484,0.356114
161.518004535,0.000341635,0.83175,0.716525,0.809351,0.309926,0.221306,1.44832,1.3163,0.000126243,0.0313423,0.642867,0.114215
161.564444444,0,1.17918,0.610822,0.724765,0.00744038,1.9336,1.40913,0.422535,0.0392134,0.28698,0.541555,0.119091
161.610884354,0.0183824,1.6468,1.04341,0.201301,0,2.9254,0.119266,0.139121,0.164901,0.313391,0.422989,0.206151
161.657324263,7.05224e-05,1.46334,1.16985,0.138502,0.456607,2.78397,0.0402996,0.129926,0.214383,0.229144,0.35084,0.220202
161.703764172,0.213295,1.39566,0.986296,0.0851011,1.19392,2.24304,0.0417162,0.160678,0.249711,0.215619,0.304044,0.0177061
161.750204082,0.455796,0.937078,0.819173,0.0273419,2.04262,1.22601,0.0426379,0.391085,0.263553,0.175738,0.206005,0.237167
161.796643991,0.494426,0.829179,0.813744,0.101224,2.20838,0.395194,0.376081,0.444641,0.498265,0.0346115,0.140994,0.533547
161.843083900,0.424947,0.76356,0.452719,0.598074,1.33626,0.384241,1.61404,0.260718,0.218936,0.159922,0.499099,0.455886
161.889523810,0.166871,0.673034,0.0301561,0.767005,0.880153,0.627242,2.32317,0.153113,0.426007,0.11453,0.474336,0.398449
161.935963719,0.133437,0.70924,0.0576775,0.569938,0.174027,0.400978,2.64204,0.188764,0.568635,0.0316978,0.466665,0.3119
161.982403628,0.106363,0.877764,0.0037503,0.292086,0.285289,0.23488,2.43658,0.762377,0.477873,0.0334427,0.537757,0.187374
162.028843537,0.0298117,1.02374,0.00996816,0.0253244,0.630564,0.060631,1.77637,1.54429,0.475087,0,0.65966,0.0397332
162.075283447,0.0497507,1.28135,0.140852,0.200845,0.302859,0.167291,0.603105,2.03616,0.844207,0.0037766,0.608653,0.113072
162.121723356,0.411495,1.26025,0.132854,0.568299,0.24115,0.733118,1.09749,1.46853,0.221856,0.0309672,0.184922,0.113632
162.168163265,0.388924,1.29679,0.392154,0.724293,0.682062,1.20889,1.03584,0.650448,0.140333,0.0920214,0.378607,0
162.214603175,0.385964,1.18838,0.608767,0.733334,0.559035,1.45714,1.23369,0.0756206,0.114113,0.059412,0.332114,0
162.261043084,1.45557,0.667637,0.152883,0.271971,0.467759,2.1854,0.436311,0.0709551,0.302304,0.177934,0.163334,0
162.307482993,1.38782,0.122038,0.110647,0.491979,0.270385,3.35376,0.22149,0.107132,0.157444,0.103845,0.12083,0.151115
162.353922902,1.10099,0.198764,0.0600286,0.421481,0.102079,3.36496,0.964493,0.108758,0.169195,0,0.00334777,0.336846
162.400362812,1.04188,0.253115,0,0.54417,0,2.93486,1.44695,0.265054,0.250422,0.0895784,0.0269127,0.52815
162.446802721,1.3528,0.472057,0,0.393404,0.021938,2.42137,1.95911,0.156464,0.212517,0.0848153,0.309918,0.411657
162.493242630,1.01893,0.399289,0,0.400832,0.0236044,2.31893,1.81644,0.123107,0.178858,0.259245,0.28621,0.0101847
162.539682540,0.803868,0.139505,0.235733,0.181866,0.0208982,3.17563,1.01404,0.161154,0.21916,0.745093,0,0.225967
162.586122449,0.580796,0.328893,0.28918,0.105839,0.0324307,3.46901,0.126325,0.118409,0.333697,0.772781,0.228541,0.138688
162.632562358,0.340377,0.164136,0.830516,0,0.123805,2.82653,0.136355,0.10513,0.736207,0.370857,0.519211,0.504081
162.679002268,0.0418257,0.0385463,1.50331,0.00225034,0.698016,1.67631,0.107969,0.252765,0.851261,0.00807334,0.592321,0.603082
162.725442177,0.0226832,0.00872356,1.45306,0.00755605,1.05771,0.319023,0.630713,0.060256,0.992142,0,1.05664,0.622836
162.771882086,0,0.178419,1.26426,0.00547036,1.08833,0.508449,1.08757,0.0239289,1.05456,0,0.971029,0.6097
162.818321995,0,0.487729,1.18918,0.0110608,0.696822,0.857058,1.34081,0.00599987,0.641276,0.000370005,1.94901,0.313442
162.864761905,0.63327,0.209244,0.279326,0.00998266,0.284337,1.8268,0.805911,0.205133,0.4447,0.0329541,2.11823,0.153057
162.911201814,0.98345,0.669597,0.0263147,0.91464,0.0411832,1.82411,0.55102,0.89211,5.94429e-05,0.525359,1.07411,0.305215
162.957641723,0.87389,0.851956,0.0358599,0.98365,0.238273,1.64654,0.679978,1.04608,0.00441317,1.13978,0.727024,0.000690926
163.004081633,0.838826,1.04322,0.030125,0.930273,0.127546,1.7403,0.468858,1.04174,0.00886736,1.30436,0.613917,0.000578477
163.050521542,0.608659,1.01322,0.136565,0.763896,0.0993706,1.97986,0.138527,0.779492,0.0096703,1.35799,0.28671,0.515439
163.096961451,0,1.43212,0.516072,0.633219,0.0518799,1.65472,0,0.423185,0.0142838,1.18199,0.283884,0.832926
163.143401361,0,1.73178,0.631315,0.17149,0.106086,1.39948,0.0245263,0.0853772,0.0190272,0.414164,0.845398,0.868773
163.189841270,0.0165257,1.76379,0.640669,0.0878418,0.059723,1.05704,1.55684,0.00715108,0.0309314,0.393542,0.998379,0.619409
163.236281179,0.139585,1.62395,0.396667,0.0574896,0.00079016,0.816728,1.95768,0.0414467,0.0401758,0.178737,1.00144,0.291158
163.282721088,0,1.64932,0.103212,0,0.534779,1.35765,1.63888,0.114007,0.0486409,0.182728,1.11005,0.182711
163.329160998,0,1.6333,0.137181,0.115849,1.35089,1.38196,0.873633,0.0243548,0.0205052,0.112176,1.44691,0.458543
163.375600907,0,0.885394,0.485156,0.0346441,1.97849,1.13059,0.123121,0.0480714,0.00267969,0.0813285,1.22511,0.685675
163.422040816,0,1.20755,0.736655,0.187162,1.4412,1.7624,0,0.520808,0.0132685,0.454837,0.500879,0.421374
163.468480726,0.0975538,1.25621,0.470893,0.35349,0.78605,2.50862,0,0.630997,0.00926961,0.607919,0.113843,0.125441
163.514920635,0.155656,1.16206,0.678427,0.272201,0.650696,2.32401,0.0965362,0.598725,0.0574442,0.396213,0.116348,0.321971
163.561360544,0.369503,0.970512,0.752323,0.375175,1.34796,1.74134,0.226388,0.500552,0.0526565,0.187201,0.103623,0.520304
163.607800454,0.313964,0.464501,0.629079,0.702845,2.04366,0.804316,0.477815,0.456833,0.00703268,0.0120906,0.167873,0.689434
163.654240363,0,0.338232,0.54801,1.15132,1.63684,0.850904,0.713068,0.249056,0,0,0.186434,0.971701
163.700680272,0,1.04483,0.480148,0.0831784,0.0819001,2.37318,0.22714,0.511612,0.0801161,0.0976656,0.135689,0.729282
163.747120181,0,0.937706,0.521871,0,0.502912,2.31071,0.262267,0.329948,0.264072,0.114813,0.120466,0.772065
163.793560091,0,0.963904,0.473267,0.0117934,1.5008,1.73967,0.127032,0.20675,0.69386,0.0539981,0.250327,0.555392
163.840000000,0,0.869266,0.401931,0,2.65596,0.987974,0.031101,0.121177,0.523697,0.00787537,0.373067,0.804557
163.886439909,0.0357143,0.202965,0.272708,0.0782709,3.30696,0.331444,0.032717,0.0813792,0.539791,0,0.258527,1.16675
163.932879819,0.0262318,0.783738,0.841305,0.424477,3.13786,0.211651,0.0859938,0.000506299,0.31357,0.106184,0.0424587,0.86695
163.979319728,0.358516,1.52662,0.97207,0.956118,1.17341,0.203235,0.123888,0,0.0391829,0.0505943,0.00278499,0.0320789
164.025759637,0.311011,1.47387,1.1305,1.32342,0.316122,0.256164,0.17738,0.097133,0.184801,0.116566,0,0
164.072199546,0.156944,1.44866,1.3024,0.702777,0.266324,0.71895,0.283353,0.108011,0.484045,0.218819,0.0903879,0.000615023
164.118639456,0.480096,1.30658,0.762939,0.91753,0.542588,0.510449,0.702809,0.0717161,0.23437,0.406419,0.292869,0
164.165079365,0.945479,1.15321,0.564296,0.824637,0.558126,0.0631999,1.06684,0.19037,0.182385,0.612606,0.751178,0
164.211519274,0.118187,0.996358,0.11989,0.369681,0.376808,0.528149,1.23626,0.934496,0.389046,0.658474,1.40717,0.188845
164.257959184,0.0203116,0.686973,0,0,0.58369,1.12645,0.682626,1.16891,0.388762,0.0505125,1.38582,0.221005
164.304399093,0.0195157,1.07494,0.157564,0.0808983,0.813352,1.44405,0.627189,1.25019,0.282188,0.252259,1.05251,0.104274
164.350839002,0.0161994,1.40293,0.433415,1.05188,0.427129,1.67763,0.401046,0.718493,0.0870325,0.208283,0.554318,0.0886887
164.397278912,0.113043,1.08928,0.550399,1.3828,0.31694,1.78136,0.49849,0.0618851,0.0527296,0.0704217,0.131758,0.0654853
164.443718821,0.166285,0.57994,0.542743,1.20873,0.215067,1.98051,0.140155,0.0598684,0.115633,0.0313947,0.0913458,0.158873
164.490158730,0.115115,0.0567069,0.872336,0.344705,0.776937,2.0198,0.0474805,0.0417428,0.706932,0,0.0909308,0.708636
164.536598639,0.113844,0.262103,0.700637,0.0276982,1.53727,1.56972,0.0534989,0.0121629,0.700221,0.23718,0.351652,0.856235
164.583038549,0.102735,0.136891,0.623497,0,1.903,1.06849,0.0529615,0.0200254,0.866109,0.0529297,0.632138,1.25428
164.629478458,0.0159473,0.349778,0.883051,0,1.40158,0.441529,0.875504,0.247951,0.30986,0.0463159,0.665825,1.50705
164.675918367,0,0.896384,1.29167,0.00439706,0.326548,1.22427,1.07613,0.391991,0,0.0410207,0.931097,0.390766
164.722358277,0.135359,0.763119,0.795737,0.193202,0.00444203,1.57271,0.827268,0.457874,0.00123074,0.1705,1.35358,0.297741
164.768798186,0.171969,1.14156,0.295248,0.203558,0.0091676,1.95621,0.0079773,0.739665,0.00266851,0.357112,1.3656,0.173138
164.815238095,0.592856,1.07146,0,0.444583,0.0596881,2.16694,0.0595582,1.08552,0.00316611,0.55628,0.953907,0.0627316
164.861678005,0.549529,1.17211,0,0.491741,0.156567,2.54523,0.0781298,1.09157,0.000717144,0.807522,0.568379,0
164.908117914,0.391805,1.21187,0.0218104,0.384707,0.291907,3.05056,0.0554282,0.644765,0.00653242,0.97809,0.201772,0.000268216
164.954557823,0.45154,1.2947,0.0616269,0.398066,0.431771,2.8071,0.0445052,0.502463,0.0134133,0.806918,0.116648,0.000465842
165.000997732,0.863356,1.35635,0.346986,0.165069,0.534949,1.81166,0.167419,0.119554,0.104187,0.316355,0.64964,0.000312644
165.047437642,1.01062,1.07179,0.45013,0.0152087,0.928675,0.64172,0.408225,0.206664,0.169816,0.183748,1.0973,0.228044
165.093877551,0.810407,0.217719,0.207871,0.0113943,1.3949,0.569409,0.776742,0.475339,0.198955,0.181629,1.15524,0.194665
165.140317460,0.242308,0.0262878,0.5906,0.00878406,2.08117,0.365541,0.484376,0.564783,0.203401,0.133871,1.01193,0.564553
165.186757370,0.478218,0.228892,0.25994,0.00506026,2.6922,0.237777,0.248558,0.430211,0.727821,0.139753,0.911211,0.321392
165.233197279,0.695025,0.686,0.0117648,0.000780633,2.24648,0.365865,0.156435,0.607712,0.813224,0.180378,0.649118,0.170299
165.279637188,0.966003,0.838412,0,0.0258304,1.64704,0.731124,0.164495,0.648806,0.150653,1.0954,0.68261,0.266309
165.326077098,0.616355,0.933303,0,0.0606861,0.47536,2.37109,0.0887227,0.558975,0.0404618,1.14445,0.524417,0.614667
165.372517007,0.614859,1.16959,0.14594,0.00099769,0.211221,2.80595,0.0654874,0.515254,0.0202148,1.04082,0.196366,0.825311
165.418956916,0.638598,1.50279,0.651562,0.0496572,0.37748,2.20896,0.0488153,0.179632,0.0179324,0.682479,0.125058,0.749683
165.465396825,0.493,1.7767,0.870524,0.0703423,0.562417,1.88941,0.0162445,0.260369,0.0237078,0.337391,0.215958,0.361252
165.511836735,0.703696,1.8817,0.912273,0.0782879,0.51207,2.49329,0.00962398,0.136399,0.0629881,0.214029,0.142919,0.0400947
165.558276644,1.76946,0.495631,0.286487,0.0380174,0.597421,2.43157,0.0745365,0.375455,0.732337,0.185648,0.378071,0.332961
165.604716553,1.47653,0.396138,0.621407,0.0031793,0.582039,2.28053,0.079721,0.653144,0.687078,0.247585,0.362283,0.320605
165.651156463,1.19037,0.333952,0.729035,0.00253317,0.23463,2.60968,0.0665165,0.535435,0.517554,0.1022,0.464018,0.199197
165.697596372,1.11656,0.609857,0.320796,0.0666367,0.369351,2.30215,0.0557792,1.05975,0.121833,0.0835521,0.656597,0.200999
165.744036281,1.11455,0.983601,0,0.197407,0.621401,1.69269,0.0798873,1.37535,0,0.119485,0.724606,0.0262017
165.790476190,1.12139,1.31532,0.0165745,0.308142,0.835969,1.09855,0.182973,1.56432,0.11744,0.336822,0.517852,0.0460079
165.836916100,0.996973,1.34504,0.0375054,0.218666,1.13643,0.572805,0.552999,1.30254,0.344149,0.556083,0.300086,0.229414
165.883356009,0.070582,1.59046,0.33306,0.185824,1.6004,0.10899,0.764345,0.740436,0.312335,0.306274,0.547442,0.469701
165.929795918,0.0171049,1.61374,0.642,0.00685916,1.75616,0.116693,0.610414,0.468377,0.393442,0.384301,0.56523,0.37775
165.976235828,0.0198703,1.3381,0.844058,0.00589582,2.07475,0.134877,0.557922,0.113738,0.556292,0.471488,0.364014,0.419986
166.022675737,0,0.767163,0.702711,0.00826723,2.4506,0.129906,0.458866,0.144311,0.939376,0.404632,0.588948,0.545075
166.069115646,0.916326,0.152477,0.847385,0.00101703,1.91217,0.720939,0.357914,0.0917255,1.0958,0.0450237,1.12869,0.217867
166.115555556,0.719027,0.234793,0.885943,5.23687e-05,0.605103,1.75104,0.0875946,0.582871,0.596129,0.0533803,1.48278,0.136906
166.161995465,0.90199,0.310411,0.487435,0.013177,0.230473,2.0166,0.0353203,0.794358,0.19478,0.060762,1.3642,0.114855
166.208435374,0.77164,0.62801,0.23059,0,0.136115,2.08563,0.0701571,0.822698,0.137249,0.107175,0.910677,0.245157
166.254875283,0.310069,0.830299,0.463598,0,0.13382,2.27725,0.0351085,0.570013,0.136221,0.12384,0.479559,0.633413
166.301315193,0.0665558,0.708885,0.820906,0,0.229415,2.01994,0.0358118,0.020537,0.742095,0.0540043,0.4911,0.730752
166.347755102,0,0.860317,1.41847,0.00529935,0.491372,1.4002,0.00600029,0.0675902,1.24765,0,0.537402,0.651597
166.394195011,0,0.840044,1.60384,0.217775,1.01936,0.599084,0.0418365,0.0779895,1.25697,0,0.396819,0.501303
166.440634921,0.0868119,0.652989,1.41087,0.193888,1.1358,0.811131,0.0412232,0.304124,1.329,0,0.343044,0.78218
166.487074830,0.297774,0.0191721,1.08448,0.153713,0.569968,1.55454,0.0482259,0.347472,1.24031,0.0187222,0.256743,0.744762
166.533514739,0.325006,0.0225405,1.07607,0.081539,0.280664,1.6276,0.07388,0.370458,0.977751,0,0.285799,0.536766
166.579954649,0.149728,0.304671,0.975536,0,0.273138,1.12409,0.150588,0.413893,0.721759,0.00178599,1.28798,0.274464
166.626394558,0.0571779,0.517015,0.646341,0.217763,0.418572,0.625853,0.430325,0.851864,0.375825,0.11115,1.63738,0.163542
166.672834467,0.0507336,0.934601,0.3949,0.640816,0.430882,0.0890507,0.669115,1.76038,0.079789,0.126444,1.12247,0.101539
166.719274376,0.1328,0.825678,0.670366,0.304469,0.383558,0.245594,0.449163,2.90423,0.00217984,0.147097,0.834594,0.775578
166.765714286,0.0899814,1.00782,0.824103,0,0.610657,0.00635387,0.1347,3.31039,0,0.211721,0.679064,1.14453
166.812154195,0.0316264,1.22104,0.82758,0.077228,0.384851,0,0.0531684,3.36302,0,0.321738,0.161828,1.33042
166.858594104,0.0658293,1.40855,0.685579,0.162702,0.405019,0.0302644,0.0428364,3.34979,0.0158091,0.38493,0.115245,1.14805
166.905034014,0.0945027,1.43384,0.688383,0.142459,0.487013,0.0712082,0.0253999,2.74061,0.0546028,0.324031,0.141119,0.994418
166.951473923,0.102917,1.43376,0.634234,0.0706403,2.27015,0.248373,0.354112,0.0789743,1.02651,0.235881,0.293888,0.340594
166.997913832,0.137129,0.36008,0.177473,0.0415743,3.07734,0.115419,0.352472,0.030908,1.35502,0.206204,0.418072,0.476898
167.044353741,0,0,0.151746,0.0272374,3.58906,0,0.325027,0.0312751,1.53099,0.129349,0.484753,0.522207
167.090793651,0,0.00709674,0.153004,0.00612391,3.73789,0.00429998,0.326383,0.0823354,1.57454,0.0664442,0.209533,0.547778
167.137233560,0.000310944,0.468418,0.986534,0.410619,3.08713,0.0881832,0.482757,0.141183,1.15122,0.000902869,0.0702052,0.0681151
167.183673469,0.0879186,0.392086,1.1924,0.555547,1.28115,0.0815243,1.38518,1.48315,0.101644,0.210172,0,0
167.230113379,0.0261437,0.155755,1.19699,0.598401,0,0.0966315,0.892175,2.19241,0.0190095,0.307843,0.0830886,0.398386
167.276553288,0.0591161,0.14125,1.32808,0.588545,0,0.0981461,0.508436,2.82236,0.00848288,0.303055,0.0987224,0.495869
167.322993197,0.0555821,0.233338,1.38214,0.188441,0,0.117013,0.0688927,3.45847,0,0.233686,0.124024,0.542648
167.369433107,6.45481e-05,0.11231,1.36099,0.0165522,0.604738,0.505881,0.0526614,3.70079,0,0.206754,0.14947,0.627227
167.415873016,0,0.106041,0.794466,0.0723261,0.824906,1.38745,0.0350107,1.75678,0.0599993,0.125982,0.131339,0.698687
167.462312925,0,0.114125,0.32985,0.165798,1.11266,1.4897,0.046318,0.223068,0.827567,0.103334,0.115396,0.294178
167.508752834,2.82134e-05,0.0596297,0.309288,0.207947,1.44059,1.18508,0.0782046,0.197399,1.0095,0.127454,0.106543,0.336261
167.555192744,0.00398592,0.032403,0.252688,0.247142,1.93583,0.605101,0.171481,0.198099,1.17573,0.180486,0.0075418,0.436715
167.601632653,0,0.0102909,0.165938,0.955071,2.18214,0.110775,0.32818,0.191691,1.26869,0.102225,0.00203561,0.595982
167.648072562,0.118638,0,0.78933,1.55472,0.328456,0.161318,1.62164,0.871253,0.339796,0.198481,0,0.429487
167.694512472,0.200281,0,1.1316,1.37004,0.0169447,0.000922399,1.2994,1.40808,0.188947,0.360035,0,0.365179
167.740952381,0.211382,0.145243,1.19447,1.05801,0.0177856,0.0119722,0.803446,2.05059,0.0423354,0.418464,0,0.345163
167.787392290,0.0476765,0.746627,0.784107,0.171178,0.024045,0.0611442,0.327879,2.95858,0,0.463891,0.118384,0.297922
167.833832200,0,0.981839,0.571439,0.105669,0.0396547,0.350335,0.124593,3.30225,0,0.384699,0.236731,0.252056
167.880272109,0,0.975672,0.792664,0.120713,0.0935645,2.10805,0.0257941,1.88695,0,0.08552,0.373206,0.179634
167.926712018,0.703928,0.453736,0.259335,0.083718,0.00776221,3.08138,0.068951,0.795369,0.0947016,0.102034,0.354243,0.143122
167.973151927,0.8351,0.226268,0.144184,0.0517865,0,3.21804,0.064808,0.673308,0.200131,0.0365907,0.362163,0.0871008
168.019591837,0.738251,0.143431,0.0657712,0.185174,0,3.22137,0.0264092,0.751291,0.215561,0.0644965,0.145225,0.129855
168.066031746,0.23115,0.469433,0.183482,0.185423,0.440394,2.82146,0.0120034,1.08751,0.0896467,0.270916,0.0488045,0.136957
168.112471655,0.115538,0.674495,0.0725091,0.261719,0.705209,1.32824,0.566747,1.06727,0.0738541,0.379041,0.542424,0.130436
168.158911565,0.19535,0.475174,0.0956053,0.28284,0.717539,0.0642901,1.01706,1.71021,0.1462,0.514916,0.530903,0.138588
168.205351474,0.0889032,0.441296,0.359752,0.318081,0.569864,0.0264527,0.720809,2.36164,0.237916,0.354895,0.33498,0.205957
168.251791383,0.0689536,0.441237,0.332653,0.152249,0.11867,0.00408037,0.206051,3.03769,0.138487,0.461446,0.29809,0.348638
168.298231293,0.272934,0.825077,0.62513,0.00238028,0.220785,0.0504839,0,3.36996,0.0550643,0.358117,0.566008,0.805792
168.344671202,0.0829177,0.595069,0.745843,0,0.229545,0.701607,0.265655,2.30537,0.291895,0.227698,0.532534,1.25063
168.391111111,0,0.421375,0.497501,0,0.303369,2.23039,0.272145,0.685418,0.73885,0.0777498,0.482181,0.801224
168.437551020,0,0.409439,0.911047,0,0.222618,2.25893,0.0193204,0.559811,0.715767,0.050738,0.539964,0.568473
168.483990930,0.0989709,0.578287,0.58403,0.000785987,0.450731,1.73545,0.0109658,0.61744,0.424884,0.0836931,1.00508,0.214221
168.530430839,0.600794,1.01712,0.000267759,0.53499,0.609995,0.427941,0.0144403,0.99409,0.0653569,0.353008,0.879715,0.149934
168.576870748,0.227689,1.04946,0,0.860585,0.636334,0,0.0857753,2.1081,0.0838043,0.316019,0.522391,0.275166
168.623310658,0.00886611,1.00835,0.43521,0.645167,0.571709,0.0250872,0.112404,2.44105,0.0969265,0.452145,0.349774,0.805932
168.669750567,0.00119408,1.0893,0.56381,0.538481,0.483123,0.00684947,0.116047,2.65109,0.00668961,0.560077,0.131329,0.954294
168.716190476,0.000903773,1.65821,0.350441,0.281619,0.486058,0.0365606,0.155012,2.97972,0.00878801,0.713422,0.12128,0.624861
168.762630385,0,1.68526,0.269722,0.172183,0.383516,0.114841,0.198654,2.93473,0.0204692,0.715921,0.113821,0.424156
168.809070295,0.0498772,1.8191,0.374943,0.156218,0.475929,0.736868,0,1.91079,0.131206,0.430644,0.142413,0.591848
168.855510204,0.0740218,0.996278,0.425346,0,1.09747,0.983408,0.0848797,0.0855245,1.06337,0.266967,0.156693,0.405894
168.901950113,0,0.0625865,0.378487,0,1.76725,0.729481,0.187501,0.0546669,1.31126,0.335499,0.157864,0.481936
168.948390023,0.0111751,0.0396726,0.326128,0.0783762,2.62708,0.280965,0.331748,0.0249493,1.32889,0.197525,0.148154,0.522055
168.994829932,4.70393e-05,0.205483,0.245966,0.328228,3.00614,0.0435103,0.295666,0.168092,1.68517,0.058338,0.121026,0.636258
169.041269841,0.167079,1.01978,0.168723,1.18425,1.96206,0.0780831,0.159649,2.0986,0.282427,0.309862,0.0172275,0.13164
169.087709751,0.140032,0.740197,0.239081,1.21122,1.26082,0.0707059,0.0715323,2.6527,0.0969065,0.374009,0.0747392,0.144628
169.134149660,0.078744,0.620394,0.238265,1.07589,0.940314,0.038547,0.0373862,2.9325,0.00603016,0.366493,0.127368,0.210152
169.180589569,0.0732397,0.506802,0.264546,0.83528,0.250969,0.0182819,0.0406547,3.21023,0,0.364441,0.22409,0.410147
169.227029478,0.225718,0.237213,1.22566,0.171914,0.0208998,0.0350581,0.0457588,3.30072,0,0.265821,0.237675,0.39781
169.273469388,0.467985,0.0636529,1.35206,0.174951,0.0190734,0.042389,0.0704626,3.27736,0.00883496,0.26004,0.184164,0.402248
169.319909297,0.469174,0.122129,1.30673,0.405689,0.0265642,0.0400177,0.315563,2.79351,0.229405,0.304545,0.165675,0.530638
169.366349206,0.233486,0.167324,0.978993,0.469168,0.0253726,0.0984841,0.3324,2.59982,0.398808,0.111468,0.76491,0.616926
169.412789116,0.133482,0.209694,0.975525,0.141652,0,0.286962,0.324684,2.99567,0.658059,0.0338995,0.529691,0.664893
169.459229025,0.000119754,0.136903,0.711514,0.133597,0.092945,0.515512,0.196549,3.5093,0.162298,0,0.242338,1.0593
169.505668934,0.0619216,0.145579,0.744606,0.0687832,0.200295,0.63524,0.222023,3.3351,0.069524,0,0.0147039,1.03223
169.552108844,0.0572922,0.00333061,0.826556,0.150363,0.40704,0.232026,0.679601,3.09863,0.0197811,0,0.0709931,1.03627
169.598548753,0.000367527,0.00208908,0.618845,0.10283,0.605166,0.320923,0.837694,2.95616,0.0458543,0.527028,0.0433278,0.923551
169.644988662,0.000433953,0.117997,0.379999,0.199564,0.248655,0.263638,0.844272,3.19899,0.100497,0.887756,0.0317593,0.820861
169.691428571,0.163509,0.630038,0.32176,0.20454,0.0069175,0.184635,0.080196,3.58403,0,0.684209,0.13863,0.674873
169.737868481,0.118588,0.826431,0.344708,0.123168,0.0113599,0.123213,0.0362308,3.75676,0.0137954,0.326028,0.21036,0.53875
169.784308390,0.000391348,0.86071,0.355973,0.0715903,0.0732488,0.0522183,0.0338316,3.78802,0.0644149,0.22777,0.508535,0.416272
169.830748299,0.00731092,0.332915,0.089813,0.0994725,0.885339,0.0449093,0.0789567,2.9757,0.0234778,0.786985,0.845468,0.534096
169.877188209,0.113564,0.271807,0,0.298174,0.953768,0.201768,0.430343,1.03914,0.189717,2.11737,0.718721,0.166521
169.923628118,0.0244942,0.355042,0.12846,0.286294,0.861801,0.312992,0.530657,0.633419,0.00955571,2.72938,0.553624,0.000447507
169.970068027,0.0242831,0.581276,0.376054,0.0620363,0.725806,0.576824,0.384383,0.330533,0,3.15985,0.367318,0.00057697
170.016507937,0.260714,0.64003,0.436034,0.380327,0.374529,0.900195,0.193939,0.153404,0,3.08841,0.0359647,0.178297
170.062947846,0.451224,0.46049,0.559972,0.691754,0.106577,1.55903,0.188151,0.0101899,0,2.42122,0.00287849,0.209853
170.109387755,0.539138,0.28507,1.28778,0.0971913,0.114384,1.82218,0.104994,0.0752198,0.780949,1.48234,0,0.157356
170.155827664,0.197128,0.174621,1.35292,0.0717082,0.336488,1.04916,0.405881,0.209085,1.44695,0.438143,0.0197536,0.488285
170.202267574,0.00594002,0.142018,1.24006,0.086879,0.434909,0.992753,0.791322,0.297369,1.61316,0.0551593,0.48141,0.888957
170.248707483,0.000357231,0.299312,0.742362,0.223072,0.43974,1.81572,0.33988,0.657927,1.37369,0.0365485,0.539572,0.957953
170.295147392,3.39225e-05,0.438704,0.906393,0.142046,0.374567,2.15163,0.0563784,0.757708,1.09807,2.73894e-05,0.542098,0.699961
170.341587302,0,0.289875,1.04694,0,0.146931,2.03128,0.174813,0.692363,0.661734,0.0177037,0.777339,0.199671
170.388027211,0.0001682,0.291847,0.602548,0.0629895,0.370498,1.50354,0.482629,1.09987,0.12665,0.0745632,1.12615,0.0470355
170.434467120,0.0487579,0.928294,0.114468,0.790336,0.577867,0.207832,0.51147,1.4819,0.00571457,0.178862,1.00969,0.0912035
170.480907029,0.0590411,1.10669,0.0908703,0.701108,0.632546,0,0.758904,2.03497,0.00727803,0.180668,0.900388,0.463681
170.527346939,0.0333176,1.27284,0.333712,0.407015,0.581367,0.0745249,0.596561,2.27195,0,0.244257,0.399192,0.91086
170.573786848,0.010326,1.55403,0.369436,0.179494,0.542946,0.0312477,0.319814,2.72738,0.000697494,0.303719,0.234537,1.01595
170.620226757,0.0117072,1.71793,0.281615,0.19448,0.432309,0.0633633,0.219185,3.06966,0.0148054,0.34131,0.110413,0.869403
170.666666667,0.217339,1.90497,0.218818,0.221629,0.137223,1.36271,0,2.76102,0.026149,0.293627,0.139547,0.488774
170.713106576,0.578909,1.38821,0.303788,0.11328,0,2.66211,0,0.709765,0.0445171,0.361346,0.13337,0.166066
170.759546485,0.91717,0.205102,0.256559,0.00585859,0,2.70737,0.0388719,0.696133,0.37043,0.435676,0.112658,0.0503522
170.805986395,0.558681,0.0492867,0.371088,0,0.0718208,2.3495,0.0910115,0.573757,0.348169,0.237443,0.0996095,0.068601
170.852426304,0.332658,0.253563,0.465254,0.457839,0.419442,1.7052,0.380305,0.55679,0.258557,0.0952846,0.0338487,0
170.898866213,0.000130821,1.24353,0.0864112,0.960505,0.324651,0.473297,0.739632,1.34939,0.0911301,0.196266,0.00150031,0
170.945306122,0.0121016,0.991835,0.000968498,1.53665,0,0.120592,1.13602,2.10924,0.0938327,0.0795778,0.0531877,0.0729791
170.991746032,0.0197131,0.81772,0.391696,1.39906,0,0.0508525,0.812377,2.50223,0.0649682,0.0811125,0.0801488,0.243841
171.038185941,0.0235711,0.658627,0.625993,1.05089,0.0203124,0,0.426392,2.8903,0.0465055,0.0309751,0.102719,0.254419
171.084625850,0.0404754,0.460909,0.959842,0.149098,0.634605,0.016063,0.177041,3.25231,0.225282,0.0245831,0.122015,0.248179
171.131065760,0.627769,0.319554,0.983198,0.0269181,0.7553,1.24815,0.0372344,2.62104,0.169096,0.030233,0.136637,0.202407
171.177505669,0.548223,0.396902,0.584572,0.0589534,0.184766,2.61433,0.253837,0.878465,0.146412,0.163769,0.239608,0.0123337
171.223945578,0.658853,0.229037,0.483667,0.0260905,0.0296098,2.91214,0.190397,0.661448,0.24382,0.151193,0.14499,0.0892183
171.270385488,0.555892,0.22581,0.485209,0.0015274,0.0209918,2.75803,0.0616661,0.239279,0.30457,0.17836,0.111122,0.117859
171.316825397,0.425613,0.131468,0.362718,0.307808,0.650081,2.01375,0.205521,0.105447,0.259588,0.197398,0.00136024,0.135248
171.363265306,0.0548297,0.192052,1.16358,0.88403,0.430788,0.755148,0.408118,1.68204,0.125434,0.122504,0.0178274,0.324459
171.409705215,0.23683,0.0109476,1.26336,1.40174,0.285092,0.0461818,0.442708,2.38873,0.00834443,0.163827,0.00776362,0.410426
171.456145125,0.223231,0,1.32003,0.996214,0.20227,0.0655904,0.278813,2.61429,0.15658,0.229383,0.00139972,0.212008
171.502585034,0.180606,0.513758,0.936752,0.655577,0.233343,0.00573974,0.298857,2.7289,0.170433,0.287886,0.174464,0.100059
171.549024943,0.0280136,1.02644,0.373202,0.479304,0.786191,0.0378456,0.242626,2.88471,0.337746,0.389477,0.345991,0
171.595464853,0.0134646,1.32769,0.258544,0.160052,1.1358,0.390046,0.218802,2.36079,0.262194,0.346276,0.368595,0
171.641904762,0,1.00832,0.628538,0.0231537,1.43228,1.35251,0.141653,0.251726,0.75799,0.0130627,0.299851,0.0149682
171.688344671,0.0285222,0.223317,0.635289,0,1.29212,1.10911,0.143802,0.239568,0.853433,0.00596312,0.216105,0.217095
171.734784580,0.0236545,0.314831,0.450113,0,1.0743,0.928893,0.216839,0.138925,0.83693,0.0115889,0.280471,0.150342
171.781224490,0.100483,0.263468,0.399292,0.00751337,0.962764,0.832894,0.232729,0.111338,0.813718,0.118369,0.074599,0.0908053
171.827664399,0.0912855,0.848514,0.563822,0.584185,0.681661,0.50498,0.421789,0.628694,0.41201,0.115263,0.129768,0.0689287
171.874104308,0.107278,0.73176,0.254958,1.11707,0.233457,0.0251053,1.06419,1.88602,0.0716681,0.219362,0.226379,0.0895327
171.920544218,0.0890611,0.563477,0.580633,0.950236,0.105424,0.0184668,0.83253,2.21013,0.0607695,0.349465,0.274977,0.0892724
171.966984127,0.0812377,0.536083,0.723376,0.858814,0.04892,0,0.387404,2.42886,0.0535109,0.295964,0.216272,0.0926126
172.013424036,0.200429,0.590473,0.450491,0.273241,0.585772,0.0316304,0.148244,2.58757,0.0596694,0.495142,0.147638,0.118136
172.059863946,0.296914,0.815008,0.548683,0.277236,0.8025,0.0335192,0.263527,2.20884,0.00384261,0.577868,0.438308,0.24463
172.106303855,0.588186,0.733485,0.569635,0.215103,0.563873,2.03933,0.684748,0.721798,0.118293,1.42123,0.414517,0.220452
172.152743764,0.66681,0.606991,1.06538,0.164125,0.253696,2.62806,0.40792,0.691353,0.144653,0.989378,0.754593,0.208387
172.199183673,0.496903,0.370304,0.891177,0.00596656,0.0632935,2.51897,0.25637,0.692381,0.0548944,0.485196,1.63435,0.18492
172.245623583,0.209806,0.591381,0.584556,0.0053931,0.104419,2.2204,0.0311787,0.80657,0.00612982,0.490651,1.63099,0.221042
172.292063492,0.287612,0.753953,0.355578,0.330332,0.12943,1.24844,0.0865771,1.58174,0.00300475,0.558345,1.07182,0.149906
172.338503401,0.0667463,0.780651,1.06519,0.223234,0.454133,0.310808,0.08634,3.17396,0.00136516,0.235838,0.741811,0.492171
172.384943311,0.0677486,0.957296,1.02366,0.0500383,0.655901,0.035726,0.0852042,3.47681,0.00252268,0.353333,0.416421,0.760028
172.431383220,0.0548684,1.29618,0.613305,0.115857,0.493024,0,0.0884794,3.3482,0,0.506204,0.179847,0.84889
172.477823129,0.0327605,1.54544,0.261082,0.198037,0.389753,0.0492794,0.0864583,3.02359,0.0108054,0.598348,0.165645,0.559535
172.524263039,0,1.66063,0.300949,0.174445,0.305211,0.558172,0.260853,2.43561,0.022433,0.759723,0.170242,0.0194274
172.570702948,0.485168,1.60705,0.123148,0.0958811,0,2.72521,0.563907,0.464719,0.0334122,0.793701,0.213821,0.0136338
172.617142857,1.39797,0.70839,0.0301739,0.0842868,0,3.23779,0.334471,0.413974,0.0445636,0.64449,0.259832,0.0235141
172.663582766,1.17114,0.000119587,0.0493462,0.049187,0,3.36641,0.14582,0.481395,0.296112,0.564427,0.206831,0.135411
172.710022676,0.920521,0.010847,0.0653198,0.0712518,0.363707,3.04633,0.00699678,0.844072,0.33534,0.513562,0.148253,0.0532003
172.756462585,0.387469,0.188973,0,1.06269,0.737288,1.5439,0.032283,2.05059,0.117732,0.534139,0.194804,0
172.802902494,0.342345,0.273936,0.267984,1.23333,1.06078,0.0644002,0.128837,2.84673,0.256788,0.316085,0.416608,0.0426297
172.849342404,0.421985,0.451087,0.532048,1.11973,0.857244,0.065977,0.176835,2.97366,0.237855,0.346853,0.41276,0.0515057
172.895782313,0.544754,0.661883,0.621876,0.963341,0.469681,0.0459792,0.107629,3.14914,0.109587,0.366491,0.385177,0.106683
172.942222222,0.514749,0.916392,0.992174,0.535698,0.0340446,0.112702,0.0604212,3.47038,0,0.339657,0.278563,0.162535
172.988662132,0.0197654,0.714145,1.44054,0.16572,0,0.213503,0.056221,3.80619,0,0.123322,0.106831,0.402149
173.035102041,0,0.393662,1.45888,0.120039,0.0205455,0.710579,0.143477,3.37693,0,0.211417,0.192047,0.437346
173.081541950,0.0506878,0.940529,0.937427,0.421439,0.632087,0.461125,0.0861897,2.49703,0.279151,1.11259,0.186464,0.202645
173.127981859,0.0133625,0.92715,1.10318,0.255124,0.375276,0.0229747,0.0520299,2.61895,0.306062,1.16345,0.114815,0.538575
173.174421769,0.0647622,0.650509,0.000417393,1.23067,0.209174,0.206269,0.0967314,1.70728,1.46195,0.908413,0,0.913854
173.220861678,0.399306,0.173426,0.0926561,1.20485,0.122467,0.343541,0.154843,1.37737,2.15561,0.411589,0.0823009,0.642947
173.267301587,0.342295,0.12531,0,0.964802,0.049579,0.39844,0.120918,0.960491,2.49228,0.360255,0.184737,0.438416
173.313741497,0.176942,0.168165,0.0212196,0.877634,0,0.472423,0.31298,0.944102,2.46626,0.181479,0.173012,0.5666
173.360181406,0.096924,0.113531,0.184879,0.867891,0.00766725,0.516628,0.522944,0.814905,2.60641,0.108962,0.124244,0.662622
173.406621315,0.0366245,1.17939,0.0912473,0.604641,0.024067,0.45251,0.648665,0.700832,2.40389,0.363732,0.174071,0.410286
173.453061224,0.0281605,1.33612,0.185833,0.384424,0.15649,0.16885,0.537013,0.474995,2.0749,1.26286,0.270414,0.0497802
173.499501134,0,1.51253,0.268287,0.317572,0.460111,0.149262,0.225563,0.167491,1.28299,2.57118,0.304789,0.0333802
173.545941043,0,1.04393,0.218132,0.336921,0.831945,0.147049,0.386007,0.130388,0.806068,3.23059,0.18902,0.337489
173.592380952,0.130217,0.570546,0.147318,0.0140814,0.552171,0.198716,0.937861,0.159941,0.106514,1.75985,0.0658413,2.45454
173.638820862,0.17091,0.279731,0.23454,0.181217,0.333058,0.313163,1.15281,0.240435,0.10615,0.328786,0,2.55001
173.685260771,0.013385,0.0572881,0.308712,0.0294505,0.0804855,0.762103,1.30195,0.18415,0.167773,0.0989935,0.143338,2.40279
173.731700680,0.00714756,0.214632,0.495996,0.351256,0.0932663,0.789175,1.13535,0.0234997,0.215966,0,0.302098,2.01627
173.778140590,0.00016667,0.502425,0.72739,0.376475,0.083882,0.834918,0.389447,0.00260899,0.418539,0.39026,0.454369,1.4448
173.824580499,0.0624267,0.955974,0.657539,0.215079,0.0148176,1.31536,0.306931,0,0.457156,1.14516,0.544739,0.837432
173.871020408,0.672742,1.37463,0.53809,0.138217,0,1.41083,0.279282,0,0.347198,1.81603,0.278335,0.170377
173.917460317,0.855546,1.235,0.545349,0.198508,0,1.63122,0.0762896,0.357001,0.182184,1.88942,0.302353,0.144918
173.963900227,1.13649,0.79185,0.85115,0.0644743,0.11061,2.37042,0.212239,0.387025,0.162656,1.31696,0.317641,0.0993608
174.010340136,1.24969,0.171569,0.633632,0.0078023,0.241996,2.07112,0.283206,0.432763,0.986544,0.790162,0.309864,0.13889
174.056780045,0.94972,0.0456416,0.955323,0.001076,0.964454,1.55865,0.375137,0.350386,1.48063,0.0349112,0.622286,0.36751
174.103219955,0,0.19422,0.854635,0.0182142,1.86046,0.914853,0.645659,0.393821,1.38624,0.0420535,0.998626,0.742635
174.149659864,0,0.690038,0.552912,0.00280995,2.43964,0,0.780233,0.857845,1.04063,0.0641519,1.08756,0.414827
174.196099773,0.0103598,1.0438,0.659675,0.452819,1.44858,0,0.371516,2.7047,0.00402694,0.123836,0.701109,0.203236
174.242539683,0.0176249,1.07304,1.00165,0.144626,0.567804,0.0518161,0,3.22849,0.00526335,0.186485,0.399488,0.43111
174.288979592,0.0193297,1.35724,0.985159,0.079352,0.506073,0.128171,0,3.2445,0,0.23695,0.200286,0.659142
174.335419501,0.018369,1.57791,0.683073,0.0859533,0.553869,0.111586,0,3.29727,0.00562684,0.372433,0.155818,0.544078
174.381859410,0.00944102,1.5764,0.633396,0.0622173,0.493859,0.0976616,0.0662142,3.20198,0.0195905,0.429554,0.139437,0.470092
174.428299320,0,1.54901,0.446889,0.0901328,0.339179,2.25469,0,2.21718,0.0265393,0.685757,0.225852,0.00572652
174.474739229,0.770289,1.27467,0.0267609,0.0754606,0,3.17699,0.0278617,0.727592,0.0355471,0.805353,0.306517,0.0191233
174.521179138,1.22314,0.0485607,0,0.0293014,0,3.44059,0.032623,0.642434,0.0587109,0.767413,0.19948,0.185033
174.567619048,1.01815,0.0655281,0.00117967,0.0667923,0.110887,3.26422,0.0146448,0.619703,0.0598677,0.661292,0.18449,0.0477069
174.614058957,1.02223,0.38857,0.105086,0.211305,0.900447,2.39881,0.0313113,0.580199,0.0127462,0.614343,0.114337,0.0407481
174.660498866,0.0829343,1.14772,0.136503,0.224883,0.884785,1.214,0.135143,2.8653,0,0.220197,0,0.0722896
174.706938776,0.361971,1.20172,0.282503,0.253132,0.927359,0.0464836,0.0833895,3.5808,0,0.137541,0.0549043,0.292022
174.753378685,0.370625,1.18941,0.363279,0.138984,0.723378,0.0158434,0.0420761,3.80471,0,0.196376,0.137857,0.308565
174.799818594,0.250618,0.926736,0.64144,0.235381,0.424932,0,0.0414607,3.86171,0,0.16602,0.139499,0.308469
174.846258503,0.057416,0.31752,1.00862,0.345788,0.886307,0.0338401,0.0434588,3.61689,0.0373822,0.149992,0.119306,0.270495
174.892698413,0.866984,0.0511122,1.06189,0.103168,0.913754,1.57399,0.168661,1.94806,0.3255,0.169746,0.109545,0.14523
174.939138322,0.66524,0.0459372,0.197596,0.154245,0.364692,2.72146,0.28926,0.120487,0.461743,0.270802,0,0.111851
174.985578231,0.473503,0.0515121,0.162441,0.082707,0.12201,2.58843,0.196847,0.111145,0.509013,0.345099,0,0.0880233
175.032018141,0.22965,0.104705,0.33108,0,0.250352,2.10731,0.0718744,0.102685,0.708905,0.0823419,0,0.115931
175.078458050,0.0405101,0.122096,0.965657,0.147142,0.958356,1.03705,0.110231,0.0586015,0.788875,0.115108,0,0.321893
175.124897959,0.0255824,0.256153,1.15617,0.3641,0.515442,0.247576,0.394095,2.36345,0.412402,0.289623,0.0116989,0.73604
175.171337868,0.0511459,0.207538,1.30984,0.522362,0.247955,0.0462722,0.384555,2.98929,0.0261966,0.41743,0.0909958,0.492414
175.217777778,0.12224,0.31743,1.37977,0.41436,0.220541,0.0313253,0.244675,3.10118,0.0838688,0.283289,0.0236237,0.292232
175.264217687,0.120352,0.703429,1.18752,0.413476,0.145333,0.0289779,0.101153,3.21795,0.0957501,0.294478,0.0940908,0.301059
175.310657596,0.100366,0.820224,0.926661,0.232102,0.910078,0.0751507,0.0887253,3.27424,0.108538,0.369382,0.410373,0.288444
175.357097506,0.000273171,0.866014,1.2363,0.168214,0.810576,1.81082,0.191461,1.73528,0.148294,0.645438,0.131611,0.216064
175.403537415,0.000309449,0.971493,0.773011,0.109477,0.396278,2.93996,0.218576,0.196621,0.130952,0.612118,0.111248,0.0186474
175.449977324,0.569886,0.192552,0.304819,0.023126,0,3.29346,0.136607,0.0881504,0.307493,0.534579,0.0730898,0.115479
175.496417234,0.519674,0.363904,0.118283,0.171178,0,3.33028,0.00310502,0.0805326,0.20525,0.674838,0,0.118783
175.542857143,0.34274,0.251859,0.711104,0.503878,0,2.85267,0.00398764,0.404998,0.199876,0.477111,0.039028,0.116
175.589297052,0.00141091,0.375103,0.84366,1.17059,0.0138202,1.69495,0,1.58706,0.0936047,0.817026,0.0929118,0.32409
175.635736961,0.31191,0.293883,0.721423,1.43874,0,0.548486,0,2.57537,0.0286592,0.84653,0.0843068,0.723052
175.682176871,0.387408,0.357834,0.776935,1.329,0,0.238812,0,2.87743,0.0590398,0.752066,0.0833256,0.657057
175.728616780,0.323308,0.413172,0.853684,1.03814,0,0.100768,0.0164085,3.20493,0.145056,0.523148,0.110564,0.529975
175.775056689,0.225119,0.78289,0.737292,0.203702,0.579205,0.04466,0.010173,3.3663,0.111319,0.63001,0.364596,0.390027
175.821496599,0.254458,0.198313,0.927266,0.476012,0.571754,0.441795,0.213577,2.33162,0.0139013,0.590205,0.422185,1.13612
175.867936508,0.122506,0.0350986,0.710608,0.554516,0.0747244,1.61732,0.410643,0.338851,0.425942,0.985431,0.909643,1.19428
175.914376417,0.210492,0.0440408,1.10129,0.25319,0,1.81655,0.486437,0.188273,0.509591,0.717816,1.3975,0.77653
175.960816327,0.320721,0.268037,1.21115,0.0931464,0,1.8531,0.398982,0.145154,0.292091,0.507917,1.58858,0.34698
176.007256236,0.395053,0.696195,0.577318,0.506867,0.0679739,1.94369,0,0.531702,0.0551887,0.458026,1.44048,0.170756
176.053696145,0.0508409,1.04456,0,1.025,0.393292,0.844757,0,1.9044,0,0.410293,0.843932,0.374972
176.100136054,0.0118878,1.18501,0.0466723,0.920353,0.514931,0.0909714,0,2.83642,0.00828138,0.508003,0.483254,0.961663
176.146575964,0.0155429,1.38355,0.20355,0.400939,0.476382,0.000959303,0.0398608,2.98001,0.00871501,0.60795,0.225011,1.37042
176.193015873,0.0162318,1.91214,0.00236959,0.127455,0.481622,0.0181495,0.0215631,3.01163,0.014736,0.575043,0.111478,1.18615
176.239455782,0.0514494,1.90603,0.00123018,0.107075,0.304737,0.229037,0,2.79479,0.0171166,0.764549,0.123347,0.807174
176.285895692,0,1.84284,0.108819,0.0783863,0.391333,0.662525,0.175323,1.85884,0.0266885,1.5072,0.260256,0.571365
176.332335601,0.0893515,1.81714,0.0612833,0.0189936,0,2.62928,0.48242,0.357696,0.036252,1.54455,0.414679,0.0301056
176.378775510,1.03884,0.734431,0,1.3723e-05,0,3.15128,0.43144,0.180786,0.0440848,1.40608,0.25989,0.0548252
176.425215420,0.995479,0.0094021,0,0.00375513,0,3.46252,0.125903,0.179805,0.0488958,1.26072,0.262677,0.176336
176.471655329,0.976816,0.019386,0.128892,0.257525,0,3.50285,0.0384138,0.233098,0.0800039,0.88837,0.257173,0.114839
176.518095238,0.0600539,0.771119,0.370601,0.835737,0.439265,1.93603,0.0518484,1.5879,0.0539348,0.250088,0.641114,0.243276
176.564535147,0,1.11218,0.227718,0.625543,0.814486,0.777859,0.0102585,2.45462,0,0.177089,0.7723,0.45146
176.610975057,0,1.21944,0.306855,0.456241,0.810821,0.194856,0.0171787,2.71149,0.222378,0.231196,0.746449,0.590072
176.657414966,0,1.23217,0.284915,0.334442,0.534684,0.182178,0.0268558,2.85978,0.279602,0.266543,0.629568,0.680644
176.703854875,0.0256115,1.04475,0.25729,0.427852,0.0208712,0.213967,0.0347777,2.82758,0.194697,0.299833,0.311436,0.77761
176.750294785,0.644989,0.599222,0.728494,0.683577,0,0.176147,0.0471867,2.17586,0.0176679,0.344879,0.302152,0.881095
176.796734694,1.33815,0.144153,0.52609,0.77177,0.150587,0.0424245,0.0453194,1.2092,0.0181674,0.232987,1.13643,0.850553
176.843174603,1.31176,0.812157,0.00649444,0.30633,0.289244,0.902206,0.263324,0.784992,0.10228,0.93879,1.1028,0.457311
176.889614512,1.24409,1.2819,0.0216191,0.230433,0.340512,1.3292,0.159537,0.819835,0.0991386,0.777694,0.918106,0.245039
176.936054422,0.111189,2.08571,0.194864,0.254915,1.36265,0.446563,0.00187742,0.542535,0.0128115,1.8302,0.680207,0.069718
176.982494331,0.0334686,1.74009,0.168417,0.054552,1.29916,0.118182,0.0153199,0.238502,0.0682897,2.3567,1.0042,0
177.028934240,0.0600658,1.24713,0.344067,0.0477866,1.23305,0.0922224,0,0.161338,0.496666,2.27127,1.02254,0.0518429
177.075374150,0.0566589,0.882066,0.452534,0.144436,1.34455,0.334105,0.277301,0.296996,0.805216,2.36383,0.491724,0.096957
177.121814059,0.000287261,0.856909,0.626417,0.186527,0.635813,0.83234,0.12103,0.435255,0.353099,2.92617,0.36275,0.275842
177.168253968,0.000549609,0.955959,0.777662,0.192011,0.247792,0.741713,0.0732844,0.487227,0.0679516,2.92983,0.349196,0.459961
177.214693878,0.0363316,0.952322,0.677937,0.391306,0.350241,0.264559,0.055929,0.610532,0.00282745,2.93336,0.0902923,0.373798
177.261133787,0.000565657,1.11303,0.407934,0.6108,0.647516,0.0460725,0.0555011,0.62856,0,3.18254,0.0879432,0.209373
177.307573696,1.36976,0.161835,0.218351,0.683944,1.02474,0.0150712,0.0499347,0.564194,0,3.08454,0.11494,0.147312
177.354013605,2.8545,0.164045,0.0679734,0.356703,0.405746,0.0470166,0.0140442,1.10158,0.0565637,1.77712,0.558501,0.192626
177.400453515,3.20773,0.0303599,0.00204549,0.321938,0.0787562,0.064996,0.231764,1.07245,0.0596329,0.845721,0.22554,0.1767
177.446893424,2.90221,0.0204594,0.000417191,0.314583,0.0224808,0.802977,0.439639,1.00342,0.0118536,0.195101,0.0835699,0.102846
177.493333333,2.51861,0,0.0581407,0.610902,0.025969,1.07243,0.339588,0.973994,0.399999,0.0877679,0.0878563,0.165658
177.539773243,1.49776,0.281852,0.353429,0.630232,0.0315511,1.2433,0.227851,0.991401,0.457922,0.0688706,0.0610081,0.725127
177.586213152,0.382037,0.242064,0.929039,0.193499,0.0460989,1.46357,0.0782033,0.707816,0.738902,0.00472628,0.222025,1.78979
177.632653061,0.0319012,0.20651,1.13673,0.068863,0.0685301,1.27535,0.03353,0.578477,0.97608,0.00570486,0.380463,2.1942
177.679092971,0.0378455,0.210164,1.05981,0.140645,0.818924,0.456752,0.3782,1.24802,1.09153,0.0604415,0.433234,1.61073
177.725532880,0.0157438,0.0602973,0.748338,0.0819545,0.461785,0.475998,0.422092,1.62521,1.24768,0,0.523029,1.19417
177.771972789,0,0.182331,0.798037,0.271397,0.397603,0.687369,0.0199644,1.51801,1.21922,0.00948283,0.600114,0.854932
177.818412698,0,0.355005,0.782913,0.204923,0.237099,0.752036,0.00732722,1.18055,1.03601,0.0254588,1.04031,0.346347
177.864852608,0.000109262,0.611823,0.45341,0.352877,0.0717944,0.652909,0.273118,1.49062,0.170175,0.0743923,1.48341,0.153502
177.911292517,0.00805122,1.03783,0.0166291,0.527274,0.351813,0.357235,0.239881,1.62739,0.166638,0.147541,1.24621,0.100883
177.957732426,0.166739,0.962,0.0817008,0.836964,0.683811,0,0.250476,1.25934,0.224212,0.857705,0.483373,0
178.004172336,0.0676306,1.06138,0.0863355,0.496249,1.00297,0.0709715,0.14508,1.1674,0.388129,1.15183,0.342662,0.445099
178.050612245,0.0515887,1.35229,0.0793946,0.220078,0.723247,0.127889,0.0628521,0.969268,0.467784,1.35467,0.0965012,0.704802
178.097052154,0.0471093,1.52643,0.366306,0.122053,0.67362,0.0552845,0.0281545,0.776783,0.37249,1.50974,0.0933506,0.49473
178.143492063,0,1.63886,0.527703,0.118442,0.616041,0.967456,0,0.630101,0.0319503,1.46739,0.128537,0.230015
178.189931973,0.0854877,1.65405,0.199606,0.331667,0.0999966,2.51684,0.354436,0.385594,0.0307124,0.985026,0.273443,0
178.236371882,0.757305,1.11574,0.00184825,0.508192,0,2.88024,0.301786,0.328587,0.0368247,0.816706,0.546003,0.0234064
178.282811791,1.24729,0.123717,0,0.520584,0,3.33803,0.129974,0.309035,0.0461992,0.78021,0.38724,0.117497
178.329251701,1.40273,0.00175116,0.000901847,0.52023,0.0353642,3.45442,0.0966918,0.295747,0.0471868,0.588232,0.247898,0.121049
178.375691610,1.11931,0.253894,0.0489561,0.534525,0.248999,3.03786,0.0797303,0.425637,0.114715,1.0111,0.15951,2.9497e-05
178.422131519,0.0861661,1.3103,0.297502,0.749133,1.0666,1.22579,0.0329707,0.845475,0.318663,2.27067,0.302662,0
178.468571429,0.0645819,1.32407,0.349915,0.526986,1.46121,0.138045,0.0426774,0.811823,0.29774,2.63825,0.339848,0
178.515011338,4.71303e-05,1.33479,0.353073,0.200986,1.44938,0.470676,0.0473779,0.77844,0.254661,2.35483,0.560522,0.00688466
178.561451247,5.02656e-05,0.984181,0.628321,0.0737988,0.527459,0.745678,0.0459903,1.02613,0.415781,1.61008,1.62942,0.0214801
178.607891156,0.033788,0.372065,0.708605,0,0.00179405,0.688532,0.370084,1.19272,0.606711,0.493841,2.18952,0.013604
178.654331066,0,0.442688,0.34133,0.0427949,0.310149,0.219976,0.921868,1.76093,0.519345,0.162713,1.85388,0.566478
178.700770975,0.0344033,0.576096,0,0.214193,0.391431,0,1.59473,1.65752,0.328869,0.102199,1.27796,0.299379
178.747210884,0.000173772,0.359963,0,0.23091,0.49082,0.475813,1.81487,1.34657,0.352689,0.183361,1.21149,0.0336813
178.793650794,0.114559,0.159158,0.00189782,0.351771,0.583674,1.50203,1.60932,0.761035,0.297768,0.231999,0.970904,0.0995461
178.840090703,0.0372713,0.00419832,0.0148294,0.549601,0,1.32707,1.20254,0.797376,0.394883,0.0561753,0.521952,1.87417
178.886530612,0.000435573,0.00419119,0.0593073,0.570373,0.148097,0.919001,1.04038,0.866072,0.366758,0.115087,0.341332,2.43517
178.932970522,0.000188488,0.0353685,0.0110892,0.557482,0.354394,0.494965,1.09234,0.829085,0.244449,0.179085,0.463315,2.60873
178.979410431,0.0281843,0.444455,0.0999433,0.511836,0.523404,0.141738,1.13968,0.732911,0.0885251,0.0829814,0.680568,2.67349
179.025850340,0,0.966893,0.287618,0.726771,0.219194,0.2181,0.727919,0.763308,0.0547299,0.0654617,0.509819,2.57877
179.072290249,0,1.04842,0.798541,0.515405,0.0180664,0.315073,0.242121,0.118206,0.401839,0.418668,0.625266,2.17633
179.118730159,4.68837e-05,0.888137,0.632412,0.140126,0.404546,0.175718,0.0351632,0.530514,1.29841,0.667312,0.731329,0.829612
179.165170068,0,0.768059,0.437235,0.0322142,0.797898,0.0397041,0.138391,0.781374,1.52158,0.579174,0.606147,0.502902
179.211609977,0,0.384706,0.265102,0.0559636,1.59387,0.0576558,0.281181,0.945986,1.60357,0.400453,0.448844,0.530706
179.258049887,0,0.193917,0.520623,0.453091,1.4399,0.0488188,0.322512,1.30048,0.905384,0.274733,0.300443,1.60322
179.304489796,0.239727,0.116572,0.343416,0.35107,0.75485,0.439764,0.899251,0.705345,0.488602,0.337402,0.260882,2.16135
179.350929705,0.450706,0.158042,0.228376,0.226436,0.224141,0.648624,1.13099,0.523415,0.602799,0.490362,0.146696,1.91752
179.397369615,0.51982,0.508358,0.267052,0.041564,0.00687421,0.605292,0.897783,0.639724,0.3476,0.495679,0.246956,1.89318
179.443809524,0.514984,1.05407,0.316525,0.0765421,0,0.359429,0.66281,0.765446,0.231961,0.480796,0.247503,1.5031
179.490249433,0.478878,1.48625,0.700741,0.470291,0.0048653,0.065531,0.330473,0.28178,0.521399,0.58056,0.161663,0.469523
179.536689342,0.427571,1.3321,0.46832,0,0.12922,0.0621831,0.774089,0.302588,0.388208,1.27664,0.422676,0.559441
179.583129252,0.68695,0.821645,0,0.495274,0,0.509809,0.875307,0.559639,0.99344,1.34933,0.36909,0.575001
179.629569161,0.435207,0.0798534,0.437248,0.216383,0.02699,1.0658,0.67714,0.942846,1.24317,0.965919,0.427678,0.61043
179.676009070,0.198225,0.363887,1.33563,0.0925341,0.102285,1.43662,0.126179,0.596779,1.26506,0.0329158,1.48821,0.721881
179.722448980,0.157468,0.439374,1.02543,0.234358,0.00865298,1.46791,0,0.341338,0.994291,0.0404689,2.11782,0.652591
179.768888889,0,0.634876,0.253608,0.767992,0.137268,0.651472,0.132487,1.07987,0.190837,0.0674857,1.49574,1.44121
179.815328798,0.271845,0.977791,0,1.02599,0.522912,0.036067,0.199247,1.45133,0.240425,0.1299,0.756211,1.44263
179.861768707,0.458064,1.22724,0.000439978,0.963039,0.872109,0,0.0648791,1.53973,0.190095,0.330114,0.340549,1.62291
179.908208617,0.574815,1.71024,0.0029906,0.663374,0.679688,0.069618,0.0304986,1.36346,0.113529,0.496362,0.114636,1.58816
179.954648526,0.636199,2.19148,0.00395979,0.22297,0.472912,0.137915,0.062566,0.987343,0.00681908,0.676884,0.0864158,0.947444
180.001088435,0.416967,2.2746,0.00254127,0.112366,0.329944,0.337241,0.443733,0.799638,0.0186937,0.931301,0.109632,0.158582
180.047528345,0.0963508,2.14124,0.116366,0.111099,0.250222,0.421134,0.597805,0.581974,0.028756,1.14454,0.225213,0
180.093968254,0.0953123,1.82091,0.398612,0.219953,0.229486,0.996665,0.284011,0.23393,0.050044,1.58884,0.446966,0.105368
180.140408163,0.514394,1.55629,0.0415815,0.229129,0.519024,1.11401,0.0237423,0.0593551,0.104329,1.62357,1.29634,0.170079
180.186848073,0,0.0159226,0.457622,0.955314,1.00165,0.864493,0.0799279,0.222214,0.591849,0.753137,1.36278,0.651025
180.233287982,0,0.673632,1.53102,0.289732,0.780564,0.46599,0.452573,2.41869,1.08984,0.0591337,0.715931,0.257674
180.279727891,0.186322,1.29096,1.4374,0.136961,0.613624,0.00463657,0.291213,2.66894,1.31144,0.0591642,0.610409,0.180691
180.326167800,0,1.65006,1.25852,0.471169,0.437779,0.0090474,0,2.77152,1.0738,0.0562086,0.520023,0.166195
180.372607710,0.182399,1.82414,1.21277,0.569689,0.291927,0.0254194,0,2.675,1.00639,0.047473,0.396256,0.124323
180.419047619,0.628592,2.03818,0.928495,0.764795,0.150316,0.0280997,0.0332456,2.37151,0.672115,0.0399681,0.126963,0.375708
180.465487528,1.33227,2.19121,0.635246,0.936387,0.0641792,0.0202192,0.260947,0.783542,0.198291,0.0417354,0.14695,0.448723
180.511927438,1.22492,1.66353,0.246254,0.711064,0.498305,0.942389,0.250452,0.0768143,0.496364,0.768133,0.147798,0.926834
180.558367347,1.04134,0.683548,0.0966965,0.485679,0.446698,1.34767,0.123183,0.0719804,0.631361,1.03244,0.51375,1.02435
180.604807256,0.445567,0.338636,0.380622,0.249739,0.607718,1.22315,0.276731,0.329198,0.799074,1.11059,0.61905,0.512021
180.651247166,0.246116,0.122237,0.566548,0.00961116,1.37861,0.871839,0.412872,0.202793,0.786952,0.765934,0.325714,0.672149
180.697687075,0.895947,0.33802,0.638707,0,1.12622,0.416711,0.0318182,0.620311,1.11261,0.125699,0.255657,0.889317
180.744126984,0.959011,0.229339,1.28079,0,0.0649027,0.581059,0.03697,0.499592,1.10247,0.0838375,0.0989996,1.31632
180.790566893,0.923841,0.318089,1.41078,0,0.0312499,0.883484,0.0296236,0.505741,1.01351,0.0817987,0.118568,1.23052
180.837006803,0.986204,0.909154,1.20927,0.183445,0.0137566,0.886899,0.102367,0.465512,1.02641,0.0609113,0.0574522,0.989432
180.883446712,0.742104,0.964581,1.69807,0.264686,0.01218,0.677499,0.111775,0.116534,1.12554,0.283805,0.0909659,0.30393
180.929886621,0.070075,1.21714,1.69015,0.272919,0,0.97856,0.606214,0.105263,0.859516,0.219301,0.114131,0
180.976326531,0.000245862,1.31486,1.48262,0.547932,0,1.18076,0.844914,0.163107,0.712667,0.252588,0.199519,0.0191899
181.022766440,0.222463,1.41266,1.14194,0.720358,0,1.09803,0.753625,0.24228,0.626088,0.311241,0.446446,0.185213
181.069206349,0.439675,1.76505,0.906855,0.639174,0.0612573,0.661065,0.183911,1.02259,1.32309,0.256918,0.35076,0.0243301
181.115646259,0.0709262,1.12386,0.974226,0,0.758989,0.393667,0.336712,1.35821,1.46352,0.392222,0.0175736,0.8165
181.162086168,0.217895,1.53732,0.530664,0.298746,0.378936,0.388598,0.167754,0.477449,1.34541,0.993696,0.203726,0.892918
181.208526077,0.246714,1.44047,0.238627,0.301701,0.0741605,0.570024,0.732739,0.380236,1.03652,1.13329,0.411706,0.920849
181.254965986,0.0541753,1.10843,0.81156,0.247674,0,1.0809,0.445683,0.31665,0.886865,0.667059,0.463995,1.12787
181.301405896,0,1.41621,1.18994,0.34788,0.0174647,1.31358,0.13082,0.177177,0.737012,0.0447263,1.06452,1.00366
181.347845805,6.83206e-05,1.38715,0.982469,0.512785,0.0687672,1.25594,0,0.0443915,0.666173,0.0350036,1.77591,0.5994
181.394285714,0.000131985,0.785423,0.759769,0.74534,0.215705,0.982712,0.0314042,0.585088,0.225601,0.058949,2.06265,0.0778783
181.440725624,0.0793057,0.700812,0.207674,1.43826,0.505489,0.509458,0.346857,0.92389,0.0461215,0.0883204,1.54518,0.0262519
181.487165533,0.257207,0.87298,0.162878,1.50779,0.735962,0.352697,0.758169,1.16217,0.0650928,0.136223,0.766203,0.050342
181.533605442,0.0797404,1.10626,0.14898,1.40055,0.909368,0.603971,0.576963,1.19913,0.274302,0.144195,0.382917,0.242045
181.580045351,0.0850851,1.39848,0.119024,1.32096,0.884605,0.519103,0.187691,1.2282,0.423164,0.247869,0.30083,0.891216
181.626485261,0.117975,0.857572,0.797315,0.663525,0.611802,0.995416,0.202635,1.01277,0.137317,0.243248,0.185624,1.38237
181.672925170,0.610737,1.4809,0.0747704,0.611817,0.628097,1.87543,0,0.631689,0.2279,0.443801,0.186299,0.5637
181.719365079,0.0792181,1.56733,0.814612,0.316776,0,1.88113,0.00657306,0.445389,0.347579,0.129399,0.154986,0.196266
181.765804989,0.325273,1.42793,1.05984,0.148339,0.0266977,1.29732,0.0479078,0.0331082,0.862988,0.0561729,0.0829407,0.0805703
181.812244898,0.220714,1.30124,1.16269,0.32192,0.059091,1.14095,0.205163,0.12386,0.923925,0.134142,0.194032,0.0375522
181.858684807,0.217734,1.24101,1.19955,0.367316,0.0859618,1.13202,0.392261,0.0708701,0.963659,0.193297,0.176718,0
181.905124717,0.233082,1.33676,1.22374,0.48968,0.182979,1.06818,0.468047,0.0460365,0.958424,0.176987,0.20034,0
181.951564626,0.356455,1.34046,1.17391,0.509286,0.234415,1.00313,0.502068,0.0567278,0.890187,0.203963,0.22656,0
181.998004535,0.86033,1.24138,1.20559,0.503675,0.23006,0.531068,0.400022,0.0491957,0.766589,0.173204,0.253846,0.246132
182.044444444,0.835766,1.53929,0.352327,0.201363,0.241105,0.00303087,0.555721,1.00995,0.861211,0.185521,0.658348,0.948463
182.090884354,0.702959,1.58656,0.684327,0.524118,0.535901,0.0593675,0.197022,0.367757,0.695835,0.30494,0.715056,0.0599445
182.137324263,0.472568,1.4309,0.706353,0.544123,0.273574,0.46647,0.180954,0.318934,0.722994,0.287022,0.429717,0.0353906
182.183764172,0.262115,1.35707,0.806402,0.587105,0.366732,0.685105,0.277256,0.258361,0.845019,0.141778,0.250188,0.0392601
182.230204082,0.21026,1.37347,0.898916,0.577284,0.458916,0.801869,0.375918,0.14973,0.86168,0.0215535,0.150497,0.00884659
182.276643991,0.152574,1.3798,0.944335,0.552746,0.381648,0.922962,0.476617,0.0980711,0.777994,0.00179334,0.110408,0.100961
182.323083900,0.209547,1.42226,1.00437,0.28178,0.204361,0.83866,0.550272,0.424984,0.558467,0.00152884,0.161587,0.505803
182.369523810,0.0774003,1.10372,0.641022,0.176219,0.124935,0.430508,1.43881,0.765947,0.0918086,0.0601383,0.453513,0.648793
182.415963719,0.0575376,1.91452,0.605604,0.631397,0,0.429991,0.979626,1.48611,0.00035509,0.338446,0.536112,0.509178
182.462403628,0.143279,0.822451,1.64643,1.08707,0.312351,0.241432,1.01039,1.46953,0.0390977,0.146352,0.318298,0.37455
182.508843537,0.497722,0.989021,1.53394,1.14877,0.418567,0.490612,0.860898,0.894466,0.0795978,0.33459,0.105364,0.50244
182.555283447,0.85009,1.1243,0.847509,0.667884,0.643077,0.821717,0.49845,0.457215,0.249725,0.545509,0.132896,0.539373
182.601723356,1.10988,0.791694,0.372804,0.149027,0.868979,0.778847,0.157657,0.314428,1.12792,0.439432,0.00616556,0.378818
182.648163265,1.09324,0.592927,0.152296,0.186311,0.638316,0.732529,0.1185,0.0921222,0.926509,0.540033,0.381298,0.774178
182.694603175,1.44146,0.761595,0.0169728,0.223535,0.656262,0.556149,0.291954,0.0533061,0.42468,0.72646,0.295791,1.17481
182.741043084,2.02437,0.639804,0.0475289,0.0024191,0.725752,0,0.725403,0.20498,0.0888302,0.788664,0.710815,1.18652
182.787482993,2.16956,0.625172,0.119188,0.00699653,0.988094,0.0481941,0.929933,0.123134,0.302298,0.5588,0.888359,0.922143
182.833922902,2.52338,0.394154,0.347276,0.105406,0.687837,0.0750327,0.908599,0.207838,0.794575,0.581004,0.804719,0.309447
182.880362812,1.6555,0.657042,0.396854,0.40097,0.13182,0.849396,0.799683,0.446025,1.05489,0.620246,0.910549,0.178509
182.926802721,1.12743,1.25846,0.574322,0.554664,0.265183,1.68077,0,0.465069,1.0539,0.248213,0.909663,0.000829195
182.973242630,0.729696,1.28123,0.553571,0.872838,0.3884,1.61938,0.00629406,0.660885,0.89699,0.912802,0.921848,0.000168495
183.019682540,0.47603,0.675934,0.133333,1.25888,0.585486,1.45103,0.00704451,0.770592,0.717,1.50316,0.681431,0.250038
183.066122449,0.53896,0.275732,0.182076,1.20841,0.890847,1.29374,0.0260813,0.403746,0.829494,1.49686,0.815887,0.5692
183.112562358,0.592039,0.135412,0.193182,0.844568,1.16175,1.04291,0.0490964,0.147708,0.509506,1.37123,1.00131,0.641862
183.159002268,0.661725,0.0442057,0.220304,0.245454,0.874924,0.696273,0.0453507,0.278423,0.521191,1.52175,1.12225,0.786977
183.205442177,0,0,0,0,0,0,0,0,0,0,0,0
183.251882086,0,0,0,0,0,0,0,0,0,0,0,0
183.298321995,0,0,0,0,0,0,0,0,0,0,0,0
183.344761905,0,0,0,0,0,0,0,0,0,0,0,0
183.391201814,0,0,0,0,0,0,0,0,0,0,0,0
183.437641723,0,0,0,0,0,0,0,0,0,0,0,0
183.484081633,0,0,0,0,0,0,0,0,0,0,0,0
183.530521542,0,0,0,0,0,0,0,0,0,0,0,0
183.576961451,0,0,0,0,0,0,0,0,0,0,0,0
183.623401361,0,0,0,0,0,0,0,0,0,0,0,0
183.669841270,0,0,0,0,0,0,0,0,0,0,0,0
183.716281179,0,0,0,0,0,0,0,0,0,0,0,0
183.762721088,0,0,0,0,0,0,0,0,0,0,0,0
183.809160998,0,0,0,0,0,0,0,0,0,0,0,0
183.855600907,0,0,0,0,0,0,0,0,0,0,0,0