TIME,A,Bb,B,C,C#,D,Eb,E,F,F#,G,Ab
0.000000000,0.000351556,0.00174886,3.1612,0.0723152,0.469176,0.01609,2.3219,0.0305025,0.0557119,2.34118,0.19225,0
0.046439909,0.000260389,0.0014285,3.16397,0.189242,0.440164,0.0131079,2.49746,0.0761763,0.0502801,2.50521,0.0981861,0
0.092879819,1.74318e-06,0.0530709,3.12641,0.350675,0.407632,0.0111929,2.61197,0.128813,0.0722651,2.49807,0.00570468,0.0161859
0.139319728,0,0.169931,3.04478,0.303799,0.386148,0.0145726,2.68985,0.126959,0.11535,2.34091,0,0.0933852
0.185759637,0.0134039,0,3.06123,0.166351,0.483297,0.0291344,2.63594,0.0688887,0.199208,2.24156,0,0.0859389
0.232199546,0.0308556,0.0358605,2.98799,0.0322638,0.591075,0.0402799,2.4848,0.186138,0.2273,2.23072,0.0170401,0.0787935
0.278639456,0.0231077,0.0026028,2.93864,0.00359691,0.480018,0.0641901,2.42621,0.229345,0.154751,2.27824,0,0.0688772
0.325079365,0.0300539,0.000583836,2.93645,0.00389336,0.363624,0.0735249,2.36902,0.295064,0.132148,2.24987,0,0.0507368
0.371519274,0.0378581,0,3.22399,0.0113033,0.308511,0.0724644,2.36866,0.157555,0.154958,2.25278,0,0.0350917
0.417959184,0.000161986,0,3.36581,0.0249284,0.5249,0.114892,1.9858,0.0759576,0.467484,2.24528,0.0698921,0
0.464399093,0.000176275,0.22806,2.97161,0.0153195,0.703499,0.0712469,2.02068,0.216488,0.506917,2.61301,0,0
0.510839002,0.000229391,0.739253,2.82765,0.000679856,0.588129,0.131323,1.94502,0.255543,0.689259,2.49146,0,0
0.557278912,3.57217e-05,0.825125,2.84415,0,0.402442,0.156534,1.95185,0.207787,0.7566,2.38232,0,0
0.603718821,0,0.68201,2.88143,0.0475861,0.299241,0.151012,1.9529,0.146394,0.728125,2.2153,0,0
0.650158730,0,0.453049,2.99019,0.0999284,0.310685,0.143747,2.04591,0,0.637491,2.15184,0,7.43283e-06
0.696598639,0.00746865,0.360449,2.95388,0.161012,0.433352,0.135538,2.07284,0.00168652,0.511249,2.17708,0,1.64315e-05
0.743038549,0,0.545777,2.89512,0,0.495633,0.14248,1.96729,0.000379662,0.403544,2.16634,0,2.8139e-05
0.789478458,0,0.607304,2.94692,0,0.484784,0.150082,2.01737,4.78192e-05,0.476983,2.2419,0,3.68613e-05
0.835918367,0,0.661214,2.97027,0.000847915,0.513721,0.140716,2.04354,0.0016601,0.567086,2.24677,0.00906823,0.0223903
0.882358277,0,0.73923,2.98521,0.0174263,0.527861,0.144377,2.03372,0.000411422,0.696385,2.0235,0,0.0872213
0.928798186,0,0.42476,2.91692,0.0330953,0.476493,0.167503,2.01448,0.000306855,1.24822,1.67773,0.0179546,0.368801
0.975238095,0.0212965,0.28495,2.82091,0.147828,0.157122,0.0944368,1.73776,0,1.7034,1.32004,0.0570097,0.623734
1.021678005,0.0417625,0.0953033,2.71773,0.25491,0.022499,0.0161945,1.68223,0.0393269,1.84841,1.22732,0.0254191,0.709865
1.068117914,0.0227857,0.0976138,2.71654,0.293054,0.0303617,0.0147726,1.67377,0.0336059,1.53709,1.1433,0,0.881985
1.114557823,0.0382206,0.123266,2.74382,0.345064,0.111642,0.0307653,1.77866,0.0261217,1.34774,0.876294,0,1.31763
1.160997732,0.0672996,0.000657245,2.74939,0.518471,0.0489539,0.045627,1.73134,0.0177029,1.71954,0.997192,0.0267918,1.83179
1.207437642,0.0411698,0.00117727,2.65686,0.763016,0.0158805,0,1.59746,0.0390966,2.03334,1.13744,0.106016,2.09643
1.253877551,0.0189979,0.00317816,2.7019,0.922033,0,0.00102731,1.52048,0.0377271,2.04905,1.17338,0.117897,2.03959
1.300317460,0.0101432,0.00300481,2.87237,1.09261,0,0.00288687,1.54662,0.0140834,2.05695,1.37735,0,1.86498
1.346757370,0.0592288,0.0029745,2.92508,0.941891,4.21681e-05,0.0698346,1.60434,0.00657127,1.88689,1.26582,0,1.63564
1.393197279,0.0650603,0.000954857,2.91173,0.818437,0.0177212,0.0441936,1.74773,0.012531,1.58946,1.21005,0,1.42403
1.439637188,0.0351692,0,2.82511,0.821072,0,0.00187086,1.94766,0.0291205,1.42117,1.45729,0.0529176,1.18039
1.486077098,0.0178326,0.650666,2.37631,0.846159,0.771897,0.00292079,1.85628,0.0556108,1.17778,1.80799,0.0731389,0.743669
1.532517007,0.0328522,1.69593,1.47402,0.767586,1.64761,0.00256935,1.62193,0.0554943,0.767101,1.7045,0.0668026,0.544969
1.578956916,0.0503104,2.10194,0.737066,0.628396,2.1268,0.0479744,1.70661,0.0238501,0.811866,1.46972,0,0.504636
1.625396825,0.0712984,2.08073,0.276849,0.501312,2.15359,0.111855,1.74594,0,0.897574,1.54678,0,0.458988
1.671836735,0.268113,2.12276,0.121872,0.504443,2.02366,0.0991037,1.68857,0,0.828102,1.69351,0,0.355844
1.718276644,0.39987,2.13275,0.063599,0.527041,1.93267,0.0169645,1.67711,0.0130559,0.739209,1.83114,0,0.307843
1.764716553,0.204673,1.99055,0.0720052,0.642099,1.87899,0,1.6768,0.0192966,0.668438,2.00039,0.0372506,0.396591
1.811156463,0.107785,1.87715,0.240464,0.684851,2.065,0.0126626,1.75319,0.01988,0.588906,1.91048,0.26752,0.324694
1.857596372,0.294651,2.12055,0.239269,0.4994,1.96384,0,1.68234,0,0.535616,2.0926,0.154845,0.28618
1.904036281,0.383614,2.29232,0.238172,0.439963,1.96478,0.0160749,1.68048,0,0.447338,2.11125,0.118822,0.259309
1.950476190,0.440361,2.67012,0.259933,0.00644827,2.49856,0.0421795,1.37591,0.00512784,0,3.26913,0.104472,0.034256
1.996916100,0.167471,2.99756,0.0828955,0,2.25315,0.0628015,1.3904,0.00199202,0.0466826,3.45463,0.115332,0.0325085
2.043356009,0.00045987,3.23073,0.0241413,0,2.22626,0.0822761,1.37632,0.00128009,0.103833,3.31982,0.278203,0.0264065
2.089795918,0.000619698,3.24401,0.00148031,0,2.24117,0.203355,1.45387,0.000739162,0.332257,3.15358,0.167141,0
2.136235828,0.000665148,3.20165,0.000816855,0,2.2337,0.334976,1.45161,0.0117031,0.370926,2.96617,0.106409,7.13936e-05
2.182675737,0.000549549,3.1712,0.001897,0,2.18786,0.361933,1.4536,0.0113086,0.375817,2.90326,0.230839,0.000152333
2.229115646,0.143398,3.22523,0.00542414,0.00885318,2.16255,0.324216,1.29785,0.023806,0.370181,2.81556,0.141274,0.0693915
2.275555556,0.17441,3.34702,0.00547625,0.0135752,2.10268,0.244884,1.13384,0.0258046,0.431361,2.92788,0,0.157992
2.321995465,0.353217,3.28759,0.00494187,0.0202009,2.16569,0.0531846,1.12841,0.0192448,0.401602,3.18815,0,0.154911
2.368435374,0.34345,3.04676,0.00224136,0.0202431,2.27484,0.0511761,1.19109,0.00174958,0.300271,3.28933,0,0.139068
2.414875283,0.0674922,2.59419,0.0128189,0.0959603,2.4687,0.0570647,1.57297,0.00202734,0.191986,3.20432,0,0.0646814
2.461315193,0.0159324,2.01229,0.0263393,0.0299354,2.49162,0.0322745,1.9774,0,0.189674,2.75323,0.0231805,0
2.507755102,0.0345044,1.85853,0.108628,0.0223683,2.43146,0.0446804,1.93672,0,0.160461,1.83645,0.103573,0
2.554195011,0.121689,1.93383,0.188625,0.00586775,2.49656,0.0660444,1.70324,0,0.0993726,1.46698,0.144884,0.390427
2.600634921,0.197824,1.89983,0.20731,0.0167327,2.71984,0.0236011,1.82926,0.00668037,0.0665229,1.60702,0.0625321,0.719016
2.647074830,0.0493818,1.86194,0.135058,0.0526357,2.93941,0.024824,1.90927,0,0.0343569,1.65286,0.0409709,0.859605
2.693514739,0.00376667,1.85037,0.0804288,0.0785618,3.06582,0.0222663,1.80991,0,0.0461109,1.70495,0.00528969,0.757955
2.739954649,0,1.88311,0.0522844,0.089146,3.13565,0.0265087,1.6885,0,0.0485663,1.72623,0,0.622466
2.786394558,0.000100535,1.81276,0.00452284,0.0831631,3.14241,0.0403932,1.5916,0,0.0453024,1.83949,0,0.573686
2.832834467,0.0372668,1.76789,0.00239799,0.0618762,3.00842,0.0431944,1.56811,0.0259404,0.0222809,2.00877,0,0.614906
2.879274376,0.0196414,1.83302,0.00472907,0.0558608,2.93745,0.0652339,1.6222,0.0129024,0.021697,1.88422,0,0.589427
2.925714286,0,1.99913,0.00881995,0.0684178,2.94001,0.0895424,1.67349,0,0.0218755,1.53782,0.065799,0.812831
2.972154195,0.00333542,1.94938,0.00712998,0.148505,3.22438,0,1.51647,0,0.0245067,0.978753,0.057498,1.84751
3.018594104,0.00295711,1.31751,0.00225353,0.147275,3.83812,0,1.16762,0,0.124783,0.293657,0.0650904,2.45852
3.065034014,0,0.463373,0.000424917,0.121254,4.18321,0,0.524861,0.00708658,0.485697,0.0366517,0.0812162,2.66159
3.111473923,0.000126963,0,0.000465431,0.176618,4.08029,0,0.259194,0.00653886,0.674814,0.209868,0.0855621,2.72588
3.157913832,0.000350959,0,0,0.301429,3.80077,0.00652213,0.319446,0,0.777742,0.483572,0.0744507,2.86347
3.204353741,0.00061802,0.00107517,0.00046457,0.333526,3.87678,0.0139933,0.215502,0,0.771524,0.195645,0.0519582,2.96772
3.250793651,0.0006371,0.00138813,0.000390894,0.237257,4.03353,0.0267563,0.215433,0,0.81984,0.206371,0.0762352,2.80619
3.297233560,0.000364039,0.00251758,0.00255501,0.137373,4.07841,0.0102844,0.225605,0,0.867444,0.180364,0.0928757,2.70757
3.343673469,2.53315e-05,0.0026524,0.00410188,0.0979829,4.10368,0.0489066,0.260617,0.00457043,0.903987,0.119229,0.0584511,2.64774
3.390113379,0,0.00151071,0.00524289,0.0217305,4.05588,0.140161,0.24252,0.0325425,0.965415,0.153455,0,2.60708
3.436553288,0,0.469147,0.0877891,0.197052,3.54413,0.127731,0.0698475,0.193068,1.05995,0.412891,0,2.26194
3.482993197,0.000255611,1.06391,0.120558,0.208179,2.97685,0.137949,0,0.209994,1.04024,0.567446,0,1.90446
3.529433107,0.000173965,1.13606,0.048901,0.092728,3.04027,0.125101,0,0.19691,0.977612,0.926133,0,1.70829
3.575873016,4.84749e-05,1.10236,0.00380408,0.0523379,3.22179,0.102323,0,0.0284703,0.800307,1.1549,0,1.65399
3.622312925,0.000562877,1.0263,0.00339213,0.0193232,3.3357,0.209529,0.0120338,0.00504088,0.639703,1.27482,0,1.51982
3.668752834,0.0235514,0.964548,0.000111175,0.0176646,3.17014,0.193006,0,0.0104495,0.608392,1.44685,0,1.55427
3.715192744,0.0347812,1.20621,0,0.0102838,3.11123,0.0969961,0,0.00491417,0.946907,1.47198,0,1.61382
3.761632653,7.09825e-05,1.44479,0,0.00286157,3.23074,0.108522,0,0.00316679,1.14018,1.42795,0,1.61877
3.808072562,4.91293e-05,1.57614,0.182696,0.0408893,3.41885,0.122996,0.0134033,0.00509241,1.17304,1.36698,0,1.59734
3.854512472,0.000189964,1.55582,0.126006,0.0646913,3.55545,0.126669,0.0254197,0.133376,0.972413,1.411,0,1.50407
3.900952381,0.000141914,1.28989,1.1163e-05,0.0112743,3.73424,0.112617,0.0306099,0.0577571,0.941771,1.20815,0,1.50369
3.947392290,0.00702957,0.681019,0.00351464,0.272463,3.70597,0.0635004,0.147475,0,1.06366,0.738603,0.00446461,1.62227
3.993832200,0.0849815,0.136195,0.00303799,0.520897,3.18018,0.00902221,0.138884,0,1.25879,0.37383,0,1.81136
4.040272109,0.150349,0,0,0.473182,2.71904,0,0.168005,0,1.32667,0.447842,0,1.87649
4.086712018,0.17384,0.000882919,0.000457267,0.470158,2.71448,0,0.328751,0,1.22734,0.597635,0.0136302,2.00638
4.133151927,0.223236,0.00208221,0.000522645,0.604367,2.85374,0,0.390227,0,1.38255,0.494774,0.00126612,2.25398
4.179591837,0.274268,0.00301772,0.0021629,0.754225,3.17535,0,0.457967,0,1.85265,0.0449385,0,2.41138
4.226031746,0.13161,0.00308011,0,0.72607,3.06971,0.0126424,0.471999,0,2.2175,0.113438,0.0890337,2.66001
4.272471655,0.0656549,0.00236221,0.00109501,0.691699,3.04494,0.0808441,0.462754,0,2.43913,0.146488,0.152599,2.68145
4.318911565,0.0812977,0.00158861,0.00405422,0.703545,3.03667,0.187458,0.464025,0,2.40286,0.149611,0.032059,2.43694
4.365351474,0.103557,0.000221896,0.00431493,0.747567,3.16036,0.184486,0.466359,0.0239487,2.09313,0.0559941,0,2.02486
4.411791383,0.135606,0,0.168563,0.718775,3.14882,0.0339472,0.329591,0.0045589,1.70131,0.0492577,0,1.99375
4.458231293,0.120383,0,1.16513,0.698752,2.89412,0.0191998,0.240665,0,1.41281,0.0328371,0,2.32603
4.504671202,0.0673876,0.000425641,1.92661,0.932743,2.01777,0.0165312,1.42434,0.00183049,1.04529,0.0706956,0.0601071,2.31237
4.551111111,0.0771062,0.00256737,2.28492,0.903338,0.61237,0.0134403,1.99756,0,0.9749,0.568196,0.0819235,2.29498
4.597551020,0.0462803,0.00262206,2.51192,0.729572,0.00831769,0.00730834,2.12287,0,0.91801,0.732685,0.0116444,2.21243
4.643990930,0.0214589,0.00196074,2.64089,0.630677,0,0.00654084,2.09592,0,0.935544,0.729657,0,2.14272
4.690430839,0.0550536,0.00211728,2.65423,0.577447,0,0.00756682,2.09171,0,0.809347,0.833211,0,1.93827
4.736870748,0.10769,0.00346846,2.57015,0.601735,0,0.00803603,2.1458,0.0106176,0.739958,1.00927,0,1.79306
4.783310658,0.133299,0.00435525,2.57505,0.705952,0.091921,0.00670371,2.17877,0.027894,0.656409,1.06325,0,1.611
4.829750567,0.0143834,0.0982439,2.67844,0.680868,0.0296818,0.00758136,2.28951,0.0303462,0.723539,1.08022,0.000250894,1.64093
4.876190476,0.0371189,0.053538,2.71466,0.672272,0.0493502,0.00591131,2.25144,0,0.699514,1.08382,0.00586773,1.65085
4.922630385,0.0128626,0.224484,2.71473,0.407506,0.0489139,0.0586533,2.29911,0,0.740968,1.0578,0.00181712,1.59143
4.969070295,0,0.988105,2.55233,0.0238175,0.0188038,0.149728,2.21985,0,0.710412,1.42473,0,1.49479
5.015510204,0.0113137,1.24212,2.5402,0.0198299,0.0915546,0.141794,2.18483,0,0.677808,1.51819,0,1.57154
5.061950113,0,1.31752,2.53214,0.0128473,0.0762055,0.162908,2.19097,0,0.671802,1.45504,0,1.58682
5.108390023,0.0232943,1.34023,2.53765,0.0125952,0.028037,0.148188,2.24294,0,0.665967,1.44112,0,1.53884
5.154829932,0.095474,1.26187,2.5607,0.00844932,0.0938398,0.199788,2.26239,0,0.646986,1.38483,0,1.45699
5.201269841,0.0476935,1.05078,2.55495,0.00757765,0.211004,0.210205,2.31073,0.011856,0.544851,1.49078,0,1.29739
5.247709751,0.0289939,0.959447,2.61154,0.0086369,0.292821,0.130851,2.37087,0,0.50862,1.58527,0,1.17118
5.294149660,0,0.903405,2.62199,0.0115926,0.508884,0.128056,2.41809,0,0.492445,1.70068,0.0127445,1.05207
5.340589569,0,0.99054,2.56441,0.0125804,0.731823,0.129387,2.32561,0,0.421555,1.68404,0.0663421,1.08369
5.387029478,0.00364952,0.992848,2.51647,0.0193771,0.66052,0.133277,2.14057,0,0.756951,1.4354,0.109155,1.32979
5.433469388,0.0756691,0.765687,2.46107,0.118434,0.239143,0.123678,2.01591,0.000325849,1.23846,1.28038,0.110844,1.61349
5.479909297,0.147719,0.509413,2.44844,0.306325,0.0338226,0.0966903,2.00283,0,1.67652,0.894724,0.00170247,1.71252
5.526349206,0.182867,0.123791,2.34958,0.503162,0.000695712,0.00707916,2.0212,0.00928039,1.78715,0.325624,0.00130307,1.834
5.572789116,0.193086,0.00252835,2.27094,0.505624,0,0,2.32284,0.0542292,1.53053,0.277014,0,1.83219
5.619229025,0.0428153,0.380107,2.3551,0.344657,0.0342439,0.0606407,2.67492,0.0217774,1.06413,0.377545,0.13572,1.72799
5.665668934,0.000289111,0.705621,2.38571,0.226027,0.130651,0.398472,2.42029,0.00394224,0.574915,0.499243,0.242469,1.47749
5.712108844,0.000188989,0.641599,2.28207,0.0787175,0.237221,0.602844,2.08438,0.0055187,0.487311,0.624483,0.310136,1.29095
5.758548753,0.000341671,0.559462,2.22053,0.0824159,0.065149,0.686224,1.92168,0.00625194,0.652994,0.734233,0.279717,1.53041
5.804988662,0.000397459,0.491121,2.27913,0.0970162,0.038321,0.688076,2.09841,0.00719322,0.85013,0.708124,0.205265,1.61924
5.851428571,0.000342306,0.447281,2.14443,0.10706,0.0169254,0.691853,2.26477,0.00721468,0.964173,0.895272,0.0761712,1.55788
5.897868481,0.00131587,0.489247,2.40955,0.124754,0.0105932,0.763276,2.19711,0.00774141,0.835947,0.791452,0.0792865,1.54971
5.944308390,0,0.506936,2.59023,0.119866,0.0262132,0.769572,2.16275,0.00783646,0.538391,1.06234,0.148673,1.38409
5.990748299,0.000293099,0.406625,2.58,0.077052,0.0563192,0.706383,2.19995,0.00859757,0.396722,1.62914,0.250296,0.999724
6.037188209,0.000384063,0.310925,2.6566,0.0606647,0.0680328,0.592168,2.25575,0.00808961,0.492037,1.86168,0.268919,0.365625
6.083628118,0.000249793,0.110149,2.93279,0.19385,0.0735123,0.451982,2.24031,0.00747817,0.646108,1.90168,0.173173,0.109764
6.130068027,0.0233814,0.104708,2.94318,0.282837,0.0856485,0.283172,2.0916,0.00591929,0.612268,1.96906,0.124217,0.0884402
6.176507937,0.0106636,0.120478,2.86707,0.252653,0.12111,0.183148,2.19808,0.0265456,0.467093,2.00829,0.149109,0.0489046
6.222947846,0.0457385,0.13275,2.80157,0.197296,0.102869,0.243899,2.18022,0.0518754,0.369486,2.05511,0.19458,0.0229888
6.269387755,0.0652151,0.112928,2.78535,0.177163,0.0769137,0.335294,2.06402,0.0604128,0.343709,2.09874,0.192967,0.019779
6.315827664,0.0816033,0.063487,2.81937,0.234126,0.0496136,0.353819,2.01509,0.0689532,0.444151,2.13986,0.134981,0.0264867
6.362267574,0.0642449,0.0511427,2.93126,0.330378,0.0517353,0.364445,2.06548,0.0457146,0.455431,2.17529,0.0621246,0.0697328
6.408707483,0.0543528,0.0425089,2.93268,0.212212,0.126199,0.218887,2.10244,0.0341194,0.401326,2.21756,0,0.0282519
6.455147392,0.00778022,0.0489752,2.8752,0.093221,0.56895,0,2.13833,0.046933,0.191951,2.64729,0,0
6.501587302,0,0.257111,2.80434,0.134634,0.710522,0.000772338,2.15227,0.0730644,0.253911,2.72666,0,0
6.548027211,0.000217134,0.572299,2.89458,0.179009,0.739486,0.0151701,2.11636,0.0310329,0.316886,2.71934,0,0
6.594467120,0.000187884,0.776992,2.92731,0.326904,0.798355,0.0323898,2.21527,0.0128701,0.416149,2.76245,0.0462576,0
6.640907029,0,0.905161,2.88756,0.299009,0.810953,0.0667541,2.27159,0.00844554,0.503093,2.71277,0.0944876,0
6.687346939,0,0.932521,2.85458,0.274591,0.650271,0.0776341,2.33596,0.00523873,0.543518,2.59032,0.110137,0
6.733786848,0,0.885508,2.91995,0.199986,0.570609,0.110959,2.3659,0.00285258,0.57572,2.42012,0.0522504,0
6.780226757,0.000416561,0.840246,2.94978,0.190034,0.617872,0.12841,2.33693,0.00497902,0.567055,2.32109,0,2.86769e-05
6.826666667,0.000548825,0.805786,2.94341,0.216399,0.639226,0.130333,2.30484,0.009029,0.557031,2.34058,0,0.000175341
6.873106576,0.000585136,0.790673,2.93094,0.286425,0.590904,0.128203,2.31056,0.00842367,0.544589,2.45134,0,0.000229746
6.919546485,0.00053735,0.769178,2.9105,0.303603,0.515527,0.148812,2.25745,0.00590048,0.962012,2.26208,0,0.000127577
6.965986395,0.00042081,0.599871,2.85128,0.29217,0.361222,0.138867,2.11945,0.00486783,1.61931,1.70446,0.0327181,0.46954
7.012426304,0.0174669,0.197618,2.79292,0.421915,0.0863617,0.0838081,2.02823,0.0203631,2.1578,1.28297,0.0413714,0.939047
7.058866213,0.0333127,0,2.60278,0.622533,0.0480628,0.0324468,1.70372,0.214929,2.13468,1.12556,0.0630057,0.965544
7.105306122,0.077665,0,2.66369,0.778835,0.0175909,0.0360694,1.6995,0.140539,1.94572,1.13024,0.0706448,1.18686
7.151746032,0.157539,0,2.7091,1.01693,0.0193392,0.0374871,1.70781,0.171483,2.00602,1.03185,0.0127639,1.54792
7.198185941,0.168969,0.053287,2.68469,0.886656,0.11956,0.0235385,1.7061,0.124382,2.32925,0.95034,0.000667345,1.98119
7.244625850,0.161166,0.193339,2.70254,0.879542,0.149511,0,1.80174,0.0623417,2.40386,1.32136,0.00169746,2.36246
7.291065760,0.131857,0.136691,2.67971,0.916649,0.234416,0,1.91475,0.0613521,2.35878,1.57781,0.00208104,2.44962
7.337505669,0.0341728,0,2.77874,0.943724,0.128722,0,1.94381,0.0371323,2.27081,1.6134,0.00206042,2.37123
7.383945578,0.0199772,0,2.80379,1.04946,0.0755406,0,1.95792,0.0442444,2.04315,1.43775,0.000574987,1.898
7.430385488,0.0373601,0.0515761,2.584,0.996097,0.237482,0.00329368,2.21741,0.0685594,1.77424,1.49198,0,1.02453
7.476825397,0.0214266,1.05072,1.83181,0.773541,1.09913,0.00433762,2.22421,0.0745998,1.52574,1.37305,0,0.491017
7.523265306,0,1.92542,0.887419,0.694072,1.7142,0.0510608,2.01637,0.0788739,1.27684,1.39063,0.00982206,0.319581
7.569705215,0.0235931,2.08337,0.550123,0.686008,1.98181,0.171281,1.9109,0.0719715,0.958102,1.41534,0.0398787,0.336694
7.616145125,0.0334321,2.03943,0.285984,0.71398,2.14254,0.262797,1.93467,0.0277209,0.65291,1.30504,0.00830727,0.441774
7.662585034,0.0163185,2.10654,0.158714,0.716624,2.18818,0.314094,1.76146,0,0.570206,1.3532,0,0.63047
7.709024943,0.119047,2.21258,0.164988,0.753172,2.19063,0.158316,1.67302,0,0.923336,1.41987,0.193958,0.531113
7.755464853,0.603845,2.16936,0.185923,0.817764,2.06033,0.00667156,1.69655,0.0152506,1.13181,1.5507,0.16471,0.184161
7.801904762,0.748873,2.21826,0.137442,0.930766,1.86304,0,1.64668,0.0527954,0.915378,1.72048,0.078688,0.0471069
7.848344671,0.505602,2.29864,0.0662818,0.833538,1.83988,0,1.64373,0.0575832,0.73769,1.9137,0.236003,0.134793
7.894784580,0.373419,2.43896,0.0928845,0.691613,1.83588,0.00985692,1.44257,0.0248263,0.633956,1.95762,0.323261,0.299555
7.941224490,0.243206,3.08673,0.218928,0.0735968,2.29414,0.0404606,1.03195,0.00530324,0.15787,3.1403,0.289979,0.154291
7.987664399,0.235417,3.26866,0.183812,0,2.1752,0.0705435,1.17235,7.63606e-05,0.412241,2.84175,0.161761,0.102788
8.034104308,0.373227,3.34268,0.123172,0.121159,2.0303,0.0737328,1.32481,0,0.476867,2.59153,0.0304261,0.0240004
8.080544218,0.458358,3.32454,0.0960506,0.101995,1.90622,0.0895187,1.36396,0,0.494955,2.50158,0,0.00321822
8.126984127,0.376097,3.27988,0.154462,0.0246923,1.86256,0.110334,1.40586,0,0.540577,2.50371,0,0
8.173424036,0.144,3.27329,0.19003,0.0221924,1.90981,0.148077,1.3659,0,0.548632,2.53578,0.142678,0.00771841
8.219863946,0.123278,3.26603,0.193829,0.0194846,1.95784,0.248298,1.37152,0,0.533868,2.58826,0.147362,0.0145035
8.266303855,0.289898,3.18408,0.161917,0.0160889,1.95825,0.363321,1.37708,0,0.460904,2.57525,0,6.43939e-06
8.312743764,0.354805,3.1066,0.111483,0.00206817,1.87972,0.176721,1.26868,0,0.395025,2.54351,0,0.0307039
8.359183673,0.283094,3.07231,0.0786093,0,1.85542,0.0913336,1.42555,0.0158759,0.32129,2.32938,0,0.0945188
8.405623583,0.315093,2.97121,0.127285,0,1.9425,0.0802628,1.94149,0.0150374,0.270084,1.78537,0,0.0806928
8.452063492,0.500109,2.59508,0.166921,0.017102,1.93622,0.0536626,2.40052,9.80039e-05,0.19294,1.43138,0.153113,0.259487
8.498503401,0.504378,2.1202,0.192035,0.0360991,1.95099,0.000616584,2.5113,0,0.116043,1.27277,0.327421,0.184491
8.544943311,0.37203,1.71306,0.233616,0.189629,2.26488,0.0073714,2.18431,0,0.252835,1.52791,0.290083,0.300227
8.591383220,0.108463,1.70945,0.233993,0.231823,2.59451,0.00524159,1.74479,0,0.218373,1.69353,0.0312681,0.578122
8.637823129,0.00106492,1.6623,0.0865749,0.246809,2.5347,0,1.6517,0,0.0597073,1.8412,0,0.690989
8.684263039,0.0724047,1.57073,0.00385795,0.245508,2.49182,0,1.79777,0.0178702,0.0585251,1.9161,0,0.561487
8.730702948,0.115964,1.61746,0.0055554,0.209004,2.50798,0,1.89582,0.0106927,0.0559646,1.97047,0,0.583688
8.777142857,0.0701169,1.70103,0.0141329,0.141721,2.72204,0.0119182,1.94868,0,0.053713,1.98104,0,0.527972
8.823582766,0.061546,1.6729,0.0925204,0.0828508,2.78949,0.036547,1.95783,0,0.0395219,2.05249,0,0.423829
8.870022676,0.0991098,1.66627,0.0203363,0.0922349,2.76508,0.0329642,1.80711,0.0260433,0.0208476,2.00347,0,0.405895
8.916462585,0.116771,1.74412,0,0.124579,2.6923,0,1.70702,0.0686979,0.0226895,1.87728,0.0254498,0.752825
8.962902494,0.0424997,1.97177,0.000844156,0.128311,2.79635,0,1.46192,0.0596001,0.038961,1.27759,0.0632013,1.46469
9.009342404,0.0335421,1.67588,0,0.119809,3.55697,0,1.31331,0.0564212,0.0647743,0.492729,0.102427,2.07509
9.055782313,0.0107618,0.821985,0,0.131799,4.09299,0,0.807352,0.0458125,0.292855,0.0896165,0.111286,2.42732
9.102222222,0,0,0,0.127321,4.15064,0,0.388319,0.010473,0.558384,0.11013,0.0967629,2.64436
9.148662132,0,0,0.000983147,0.142561,4.12533,0,0.512609,0,0.587003,0.130787,0.100514,2.58502
9.195102041,0,0,0.00207045,0.154228,3.87797,0.0678077,0.277774,0,0.677874,0.484224,0.0452141,2.36647
9.241541950,0.00272253,0,0.00174069,0.0921605,3.913,0.147325,0.283798,0,0.760764,0.419623,0,2.20757
9.287981859,0,0,0.000170089,0.0328861,4.10681,0.0823837,0.232543,0,0.799375,0.186986,0.110665,2.35847
9.334421769,0,0,0.00238838,0.0234693,4.30924,0.103627,0.172249,0,0.796309,0.111079,0.0304735,2.5695
9.380861678,0,0.141375,0.00347986,0.0253114,4.28538,0.202721,0.0693432,0,1.25313,0.0403151,0,2.42821
9.427301587,0,0.86146,0.00259151,0.0270476,3.75172,0.358857,0,0,1.0961,0,0.00234253,1.98401
9.473741497,0,1.03614,0.00173887,0.100806,3.52798,0.140774,0,0,1.01311,0.137332,0,1.95754
9.520181406,0,1.16699,0,0.102728,3.52021,0.129872,0.115994,0.0143259,0.992902,0.544143,0,1.84873
9.566621315,0,1.20249,0,0.0584349,3.44442,0.112604,0.102778,0.0159063,1.00005,0.959769,0,1.77769
9.613061224,0,1.17178,0.000149085,0.0221891,3.43894,0.10578,0,0.0404038,1.01113,1.24638,0,1.5828
9.659501134,0.00155521,1.10657,2.55451e-05,0.0171256,3.43297,0.103751,0,0.0448822,0.90362,1.65275,0.0755844,1.42874
9.705941043,0.0192832,1.13083,1.68548e-05,0.015472,3.41605,0.104684,0,0.0163421,0.743125,1.89207,0.0540857,1.37774
9.752380952,0.042211,1.14738,0.000501963,0.00846125,3.18688,0.111016,0,0.000359158,0.784957,2.15975,0.0288105,1.46249
9.798820862,0.0433173,1.16219,0,0.00553977,3.13654,0.11589,0,0.000239357,0.910622,2.24917,0.0426451,1.46955
9.845260771,0.000105184,1.17851,0,0.0765291,3.32899,0.114283,0.00929109,0.00102694,0.996136,2.00857,0.0507022,1.5429
9.891700680,0.000191579,1.17062,0,0.0423355,3.58172,0.0890458,0.0312187,0.0146436,1.38292,1.47464,0.0953233,1.62968
9.938140590,0.0441144,0.902527,0,0.211525,3.57851,0.0524496,0.0174797,0.0554414,2.00963,0.817806,0.11055,1.59937
9.984580499,0.12212,0.378363,0.0018565,0.382089,3.40548,0.109472,0.0102227,0.0593199,2.55539,0.264065,0.0277913,1.65054
10.031020408,0.19353,0.0814134,0.00324758,0.515368,3.12216,0.0278987,0.0576337,0,2.74517,0.0986843,0.0616563,1.70266
10.077460317,0.195256,0.0934056,0.00393768,0.560422,2.9641,0.0334815,0.214969,0,2.53717,0.241548,0,1.71185
10.123900227,0.00104794,0.464104,0.00106562,0.201963,2.84559,0.132109,0.514207,0.0207331,1.95317,0.340315,0.0950941,1.66244
10.170340136,0.000392982,0.801889,0.00167171,0.0637411,3.00535,0.454452,0.475548,0.0373357,1.01656,0.0588602,0.19533,1.52529
10.216780045,0.005511,0.847111,0.0227897,0.0550548,2.88199,0.678422,0.131183,0.0514677,0.80643,0.307534,0.177499,1.56454
10.263219955,0,0.816805,0.0276774,0.0391655,2.88294,0.748387,0.0291432,0.0552463,0.637385,0.363557,0.236035,1.66863
10.309659864,0,0.617599,0.000171577,0.00366644,2.94289,0.640429,0.0347741,0.0387193,0.496697,0.268397,0.27955,1.78756
10.356099773,0,0.430669,0,0,2.99019,0.569649,0.0183871,0.0184428,0.465595,0.168248,0.252407,1.85618
10.402539683,0,0.407554,0,0,3.0925,0.466856,0.00643228,0.0092341,0.613084,0.0663033,0.178324,1.84262
10.448979592,0.052923,0.239137,0.0476509,0.196568,3.33276,0.261869,0.0209533,0.00158917,1.02997,0.0447139,0.130021,1.95143
10.495419501,0.166367,0.140996,0.115222,0.362252,3.78373,0.0323964,0.0349261,0,1.64061,0.0256878,0.0395807,2.14475
10.541859410,0.170115,0.0202493,0.14889,0.417927,3.68345,0.0317459,0.0311615,0,2.18445,0.0232878,0.0381174,2.14607
10.588299320,0.162623,0,0.245623,0.328769,3.05345,0.0320572,0.0271437,0.105738,2.46028,0,0.0361388,1.80822
10.634739229,0.161954,0,0.269433,0.224142,2.23281,0.295899,0.0331866,0.18533,2.47299,0,0.409716,1.29874
10.681179138,0.180793,0,0.2335,0.0439128,1.97681,0.246133,0.0404131,0.220645,2.11607,0,0.158534,1.3848
10.727619048,0.261062,0.011938,0.249481,0.085223,1.83795,0.206649,0.0433232,0.282856,1.70461,0,0.235435,1.16899
10.774058957,0.303743,0.186434,0.249147,0.317895,1.9334,0.0829328,0.0437807,0.279084,1.54724,0,0.168557,0.632705
10.820498866,0.30033,0.817653,0.103122,0.616389,2.06196,0.0126972,0.56514,0.324201,1.23166,0,0.0540027,0.653826
10.866938776,0.453017,1.62697,0.106712,0.545019,2.01233,0.00677315,1.79355,0.293684,0.911208,0.0181007,0.169571,0.520436
10.913378685,0.317152,2.16379,0.189138,0.218479,1.59038,0.0451579,2.17111,0.194717,0.605199,0,0.514418,0.540449
10.959818594,0.000244333,2.13048,0.230514,0.105979,1.21091,0.185128,1.84395,0.0988492,0.499123,0.0188853,0.509133,0.757344
11.006258503,0,1.66165,0.257044,0.0506777,1.26748,0.431888,1.40914,0.27705,0.430334,0.0210304,0.437301,0.739302
11.052698413,0,1.24818,0.230927,0.107374,0.965276,0.512086,1.16685,0.411786,0.346583,0.135784,0.610828,0.867569
11.099138322,0,0.94115,0.0969736,0.152191,1.03026,0.462441,1.25119,0.343092,0.182868,0.142227,0.553846,0.810551
11.145578231,0,0.908965,0.000575339,0.248418,1.447,0.233263,1.2032,0.110818,0.223077,0.153095,0.323836,0.806637
11.192018141,0.186161,0.85575,0.090543,0.288211,1.94236,0.0210574,0.941112,0.170226,1.34488,0.533866,0.200108,0.458274
11.238458050,0.552171,0.709649,0.299003,0.42884,2.18506,0.0336941,0.297438,0.222375,2.12935,0.593162,0.0659928,0.482717
11.284897959,0.559691,0.579509,0.258812,0.433828,2.18686,0.143794,0.101438,0.167091,2.7435,0.51782,0.00175979,0.219961
11.331337868,0.55935,0.516653,0.271738,0.405277,1.49026,0.140974,0.365928,0.0513521,2.60643,0.387533,0.000857512,0.480821
11.377777778,0.544562,0.460561,0.485255,0.403696,0.492489,0.126513,0.543067,0.261393,1.94834,0.347576,7.25106e-05,0.643341
11.424217687,0.32409,0.12012,0.757903,0.385058,0.271511,0.10589,0.784376,0.485702,1.8896,0.212015,0,0.567959
11.470657596,0.24243,0.00779774,0.838116,0.850316,0.118752,0.145511,0.8379,0.524042,2.26554,0.00679079,0.000271249,0.409596
11.517097506,0.446049,0.00131191,0.479655,1.09016,0.0257573,0.00914767,0.52779,0.366533,3.03357,0.148068,0.173375,0.186092
11.563537415,0.758779,0.145602,0.413468,0.769216,0.033953,0.0183688,0.0195642,0,3.58407,0.438083,0.357953,0.199214
11.609977324,0.920199,0.0634577,0.0234928,0.938914,0.295735,0.0212222,0.352904,0.0157984,3.64949,0.292386,0.0204675,0.161711
11.656417234,0.642728,0,0.100022,1.12116,0.0438276,0.0174522,0.581666,0.0899032,3.76424,0.142127,0.00407471,0.709186
11.702857143,0.764272,0,0.210662,1.10694,0.0308495,0.00780172,0.681206,0.0737583,3.87326,0.049692,0.00621448,0.776443
11.749297052,0.726861,0.023131,0.290607,1.0859,0.0145556,0.00273185,0.752809,0.0522589,3.83125,0.0308528,0.318583,0.786162
11.795736961,0.489441,0.0747161,0.228581,1.09878,0.0209767,0.00595621,0.824067,0.176254,3.74361,0.0375227,0.461945,0.529504
11.842176871,0.196179,0.0578276,0.358093,1.2235,0.0283277,0.238897,0.334231,0.450067,3.73465,0.0559433,0.463433,0.296707
11.888616780,0.21447,0.247479,1.5725,0.952672,0.198285,0.00896913,0.048739,0.0970921,3.57369,0.786089,0.0403523,0
11.935056689,0.13235,0.392143,2.45927,0.313934,0.50417,0.00255772,0.212868,0.111697,1.38663,2.59956,0.126533,0.000143768
11.981496599,0,0.255157,2.67171,0.0867535,0.702082,0.00145268,0.528482,0.115153,0.00518469,3.23302,0.147791,0.000325759
12.027936508,0,0.235138,2.80202,0.0913029,0.779469,0,0.724551,0.110133,0.015511,3.33978,0.0854433,0.000501086
12.074376417,0,0.22929,2.89082,0.187282,0.811393,0.00207754,0.893046,0.0954982,0,3.37126,0.0184215,0.000708584
12.120816327,0,0.234388,2.95782,0.279745,0.87199,0.0138576,0.949562,0.0548974,0,3.28643,0,0.000915014
12.167256236,4.55277e-06,0.234543,2.89347,0.150993,0.94166,0.0117723,0.917742,0.0949701,0,3.02558,0,0.000946774
12.213696145,3.2349e-05,0.23228,2.74422,0,0.953964,0.00971233,1.01444,0.292812,0,3.02761,0,0.000523594
12.260136054,0.000625046,0.323726,2.93146,0,0.817887,0.0263112,1.14358,0.0764192,0,3.00968,0,0
12.306575964,0.000476425,0.292045,2.84928,0,0.670883,0.0172331,0.982409,0.115571,0,2.80453,0,0
12.353015873,0,0.267042,2.826,0,0.580928,0.0117059,0.782326,0.128726,0,2.66983,0.00267959,0
12.399455782,0,0.295404,2.9801,0.0106547,0.578087,0,0.587495,0.0518783,0.0314059,2.59471,0,0
12.445895692,0,0.328685,2.96183,0.0147612,0.662027,0.0044205,0.522257,0.0364904,0.0378723,2.66796,0,1.19287e-05
12.492335601,0,0.399364,2.95822,0.0152684,0.874081,0.0118013,0.597551,0.0698618,0.0350691,2.77796,0.00130609,0
12.538775510,0,0.349584,2.94953,0.00979695,0.911293,0,0.74254,0.111782,0.0343596,2.67545,0.00640704,0
12.585215420,0.000200551,0.322691,2.98168,0.00746999,0.921939,0,0.838239,0.0318947,0.028512,2.81843,0,0
12.631655329,0.000370107,0.213822,2.91811,0.00992472,0.910007,0,0.908871,0.0335148,0.100467,3.08384,0,1.11255e-05
12.678095238,3.88036e-05,0.165938,2.9443,0.0206147,0.880898,0,0.93096,0.0212987,0.142098,3.23827,0,0.000167417
12.724535147,0,0.223355,2.93304,0.111018,0.908335,0.0029614,0.871654,0.0480639,0.0966863,3.20426,0,0.000317592
12.770975057,0.000119686,0.292658,2.95675,0.0593065,0.894428,0.0138177,0.863688,0.0114935,0,3.14868,0,0.000325365
12.817414966,0.00014471,0.329774,2.97944,0,0.866685,0.015424,0.897092,0.0149855,0,3.16213,0,0.000314145
12.863854875,7.74431e-05,0.344232,2.99476,0,0.847206,0.0119128,0.856718,0.0178418,0,3.06977,0.00804757,0.000385369
12.910294785,0,0.370009,2.99399,0.00338224,0.864877,0.0142637,0.784658,0.0145872,0.0860894,2.85644,0.000160136,0.000550195
12.956734694,0,0.326171,2.95427,0.0108614,0.855086,0.0616254,0.729426,0.0115019,0.0553495,2.96837,0.000185231,0.000628127
13.003174603,0.0222712,0.214303,2.92693,0.020197,0.846862,0.0307945,0.802656,0.0264712,0,3.2,0,0.000596356
13.049614512,0,0.177344,2.88885,0.0216732,0.83417,0.00674692,0.910764,0.0403137,0,3.25381,0,0.000693097
13.096054422,0,0.176431,2.78527,0.0195091,0.899632,0.00823503,0.950246,0.224697,0,3.13981,0,0.00719102
13.142494331,0,0.23109,2.79609,0.0159625,0.903196,0.00551124,0.95923,0.21146,0,3.18644,0,0.00104845
13.188934240,0,0.302868,2.83011,0.012253,0.89966,0.00527396,1.01102,0.168444,0,3.19774,0,0.00109607
13.235374150,0,0.488836,2.96715,0.0178676,0.720586,0.00789952,1.20185,0.0737398,0,3.10046,0.000204248,0.000586744
13.281814059,0,0.538493,3.00008,0.0235984,0.608878,0.00534829,1.42923,0.0897896,0,2.93705,0.0103962,0
13.328253968,0,0.508767,2.94202,0.0229443,0.717527,0.000332821,1.43359,0.0841807,0,2.35691,0.301338,0
13.374693878,0,0.337799,2.95427,0.0427102,0.770402,0.00291939,1.27825,0.0457806,0,2.58569,0.147965,0
13.421133787,0,0.269299,2.9256,0.00665566,0.759052,0.00441143,1.27803,0.0495968,0,3.00556,0,0
13.467573696,0,0.446018,2.76291,0.00116549,1.13409,0.00609614,1.33549,0.105003,0,3.15342,0,0
13.514013605,0,1.42546,1.96978,0.0132388,1.88636,0.00840666,1.48702,0.0255966,0,3.21936,0,0
13.560453515,0,2.03593,0.872171,0.0834177,2.37882,0.00239216,1.51877,0.0354893,0,3.16897,0.0403499,0
13.606893424,0,2.32595,0.171327,0.0900946,2.48662,0,1.55158,0.0370038,0,3.42115,0.0899708,0.000105845
13.653333333,0.0746277,2.3132,0.07293,0.0741172,2.5115,0,1.31837,0.00661226,2.27145,1.22022,0.137741,0.00019803
13.699773243,0.555171,1.96996,0.112811,0.499518,2.07625,0.00847301,1.19883,0,2.8003,0.457423,0.0915127,0
13.746213152,0.52051,1.77272,0.107564,0.616238,1.88068,0,1.1941,0,3.0649,0.281387,0.0937836,0
13.792653061,0.19572,1.74662,0.207706,0.585858,1.72927,0,1.21457,0,3.19612,0.45121,0.149242,0
13.839092971,0.215245,1.84116,0.267919,0.579115,1.68421,0,1.09715,0,3.2036,0.424114,0.185683,0.0324786
13.885532880,0.236461,1.99666,0.132472,0.623215,1.71228,0.0121809,0.976307,0,3.12489,0.383407,0.120037,0.0463223
13.931972789,0.425822,2.05654,0.0780781,0.666882,1.7621,0.0234375,0.977322,0,3.08747,0.29756,0.115032,0.0481108
13.978412698,0.482925,2.08564,0.0670374,0.633004,2.02177,0.0217248,1.07238,0,2.99799,0.357813,0.14534,0.0331118
14.024852608,0.456033,1.94718,0.0785086,0.523753,2.06717,0.0144115,1.19953,0.000969741,2.03611,2.00964,0.207919,0.0346313
14.071292517,0.432749,1.84789,0.134805,0.683217,2.18015,0.022461,1.18064,0.00544363,0,3.19255,0.199846,0.0252886
14.117732426,0.32558,1.79972,0.127288,0.314978,2.28549,0.0413174,1.23594,0.00378246,0,3.50402,0.119873,0.0361981
14.164172336,0.123132,1.96427,0.137837,0.16038,2.34891,0.0786762,1.22219,0.00339385,0,3.65112,0.0563536,0.0500561
14.210612245,0,2.05715,0.111501,0,2.43024,0.0539388,1.20329,0.00455354,0.092387,3.71705,0.165412,0.0585641
14.257052154,5.76156e-05,1.87945,0.00320459,0,2.38673,0.0425467,1.44069,0.017172,0.0741418,3.75461,0.0306373,0.000163688
14.303492063,0.000216262,1.94041,0,0,2.30481,0.0427876,1.50583,0.00790309,0.0811462,3.73941,0.0342623,0.000332779
14.349931973,0.144631,1.88945,0.096461,4.3936e-05,2.25928,0.0435708,1.4322,0.00747586,0.0746297,3.6859,0,0.00877325
14.396371882,0.25488,1.85889,0.17248,0.027148,2.20997,0.0546727,1.2802,0.00307884,0.0472792,3.48083,0,0.0488374
14.442811791,0.25095,2.01255,0.167747,0.261467,2.1246,0.0611659,1.13222,0.0676469,0.782897,2.84081,0,0.0875923
14.489251701,0.24155,1.9929,0.0678569,0.430416,1.96457,0.0630284,1.33536,0,2.07184,1.70867,0.00787179,0
14.535691610,0.332879,1.985,0.0370981,0.510397,1.75367,0.0532302,1.43304,0,2.52007,0.768735,0.0295852,0
14.582131519,0.552605,2.07853,0.00608756,0.60079,1.68118,0.0875464,1.38603,0.00605752,2.30102,1.05299,0.0689851,0
14.628571429,0.398236,2.13525,0.00840933,0.307651,2.71359,0.133934,1.2473,0.0208774,1.60032,1.88325,0.0594619,0
14.675011338,0.256367,2.0667,0.0202205,0.00911693,3.16272,0.294463,1.22234,0.0533931,0.712253,2.13298,0.0290147,0.42366
14.721451247,0.220135,1.96502,0.026555,0.011364,3.30587,0.362588,1.26472,0.0608327,0.616152,2.12232,0.0137563,0.504379
14.767891156,0.197197,1.83872,0.0502731,0.00489622,3.37135,0.148186,1.29463,0,0.46858,2.23603,0.0695565,0.557041
14.814331066,0.337287,1.70469,0.0123605,0,3.2082,0.0486999,1.31896,0,0.353656,2.51712,0.110212,0.662233
14.860770975,0.31927,1.76459,0.0112738,0.0166307,3.16561,0.0340331,1.38159,0,0.315753,2.55459,0.126808,0.629383
14.907210884,0.135172,1.80424,0.151442,0,3.2,0.0293326,1.35986,0,0.464513,2.34777,0.0929641,0.582139
14.953650794,0.161136,1.81284,0.160773,0.00961693,3.12792,0.000282322,1.19905,0,0.472335,1.97465,0.0701829,1.07954
15.000090703,0.194941,1.44929,0.0926872,0.0624808,3.40094,0,1.05404,0,0.37256,1.55632,0.0424779,1.62162
15.046530612,0.202166,0.913764,0.0291001,0.0778086,3.91495,0.00305968,0.307777,0.00605669,0.602657,1.15831,0.000628944,1.90533
15.092970522,0.182372,0.095788,0.0255133,0.124307,3.91421,0.190983,0.0929598,0,1.07029,0.893236,0.000410157,2.15434
15.139410431,0.198115,0,0.00212786,0.313844,3.90579,0.0412093,0.0728267,0,1.15714,1.02226,0.000129253,2.14609
15.185850340,0.189038,9.45426e-05,0,0.284954,3.54865,0.0159908,0.0515506,0,1.12337,1.50362,0,2.13474
15.232290249,0.176644,0,0,0.229618,3.4384,0.039707,0.0213146,0.00189822,0.997776,1.77042,0,2.14066
15.278730159,0.183297,0.00380649,0.00102846,0.0688698,3.67257,0.0223156,0.0191121,0.00568406,1.03216,1.33008,0,1.88376
15.325170068,0.198421,0.0050267,0.00395599,0.0210121,3.87061,0.0726727,0.0198355,0.00755763,1.04856,0.994612,0,1.71346
15.371609977,0.210046,6.25941e-05,0.00518769,0.0208875,3.82271,0.1547,0.027746,0.0073957,0.925313,1.21999,0,1.66314
15.418049887,0.206033,0,0.00337422,0.0236364,3.67258,0.162392,0.0244967,0.00804728,0.894031,1.50229,9.58358e-05,1.71332
15.464489796,0.22171,0,0,0.145398,3.51427,0.109353,0.0228972,0.0114045,1.0918,1.51621,0.000860961,1.94523
15.510929705,0.231452,0,0,0.336367,3.71153,0.0349359,0.0432533,0.00779644,1.17783,1.22344,0.000447087,1.98856
15.557369615,0.235994,0,0,0.297203,3.82033,0.0395746,0.0436269,0.0127117,1.12789,1.07841,1.07906e-05,2.02412
15.603809524,0.247973,0.00390872,0.00113107,0.23388,3.77522,0.0327012,0.0315924,0.0456677,1.00565,1.19471,0,1.89187
15.650249433,0.256321,0.00454828,0.00138138,0.134486,3.66523,0.0321017,0.0421274,0.028942,0.974533,1.35,0,1.71138
15.696689342,0.258705,0.00857596,0.00138359,0.0201127,3.61935,0.0107487,0.0694164,0.00551736,1.14525,1.42567,0,1.59102
15.743129252,0.246157,0.00496705,0.00473664,0.0103175,3.82796,0.0273168,0.04465,0.0502218,1.37749,1.05846,0,1.50482
15.789569161,0.237161,0,0.00464508,0.015094,3.94412,0.0568631,0.0228645,0.00544361,1.40505,0.670403,0,1.65536
15.836009070,0.221352,0.00665891,0.00402425,0.0190314,3.94779,0,0.0141969,0.0171322,1.23083,0.519198,0.000143949,1.65583
15.882448980,0.206584,0.00991113,0.00508852,0.0506578,3.92366,0.00387043,0.144852,0.0357514,1.06682,0.515702,9.64725e-05,1.78672
15.928888889,0.201639,0.00432441,0.00500976,0.061848,3.8731,0,0.215681,0.068963,0.974962,0.658281,0,1.86854
15.975328798,0.264253,0.00465538,0.00410442,0.00514433,3.93776,0.011557,0.186426,0.0479849,0.970691,0.539588,0.00101727,1.89577
16.021768707,0.28686,0.0017453,0.0011545,0.00984876,3.99407,0.0226841,0.101768,0.00711796,1.03277,0.375091,0.0277837,1.86108
16.068208617,0.241812,0.00199521,0.000426831,0,3.85133,0.000671451,0.107342,0.00802088,1.25323,0.474112,0.0325854,1.91261
16.114648526,0.238644,0.0306518,0,0,3.8987,0.00103505,0.155063,0.00770245,1.22622,0.0349409,0.0485128,1.92558
16.161088435,0.215112,0.0373498,0,0,3.86714,0.00104821,0.179923,0.00536414,1.30677,0.153642,0,1.97082
16.207528345,0.192935,0.0385489,0,0.00498437,3.85388,0.0254957,0.135835,0.0050656,1.40839,0.130543,0,1.97011
16.253968254,0.151141,0.0542051,0,0.00665486,3.94632,0.0307494,0.148002,0.0300725,1.41231,0.0517447,0,1.89221
16.300408163,0.177302,0.0624219,0.000545602,0.00107315,3.96939,0.151346,0.0941931,0.0613428,1.3917,0.155949,5.61701e-05,1.92405
16.346848073,0.221397,0.0282051,0.00202721,0,3.98923,0.120268,0.0593136,0.0521965,1.30798,0.254546,0,1.90336
16.393287982,0.217754,0.0144472,0.0343293,0.0100968,3.90674,0.0469231,0.14243,0.0134025,1.20671,0.239976,0.00628561,1.95633
16.439727891,0.225047,0.00348899,0.897674,0.0411673,3.69021,0.0196709,0.277381,0.0165665,0.833681,0.495477,0.00102782,2.18423
16.486167800,0.220298,0,2.08205,0.221507,2.84829,0.0275167,1.49356,0.0206566,0.444234,1.05508,0,2.14153
16.532607710,0.228704,0,2.8493,0.238856,1.20648,0.0288919,2.2497,0.0439546,0.0696776,1.50293,0,2.11394
16.579047619,0.229616,0,3.10776,0.098792,0.00722735,0.0305188,2.66154,0.0525765,0.0164431,1.60183,0,1.90512
16.625487528,0.221706,0.182551,3.12545,0.0274624,0,0.0195807,2.70978,0.0427199,0.0368479,1.55309,0,1.74035
16.671927438,0.189428,0.242269,3.09601,0.0369782,0.00318147,0.0876997,2.64174,0.0195563,0.0841873,1.64229,0.00256702,1.68578
16.718367347,0.167261,0.0874922,3.14325,0.0596992,0.0467768,0.104328,2.54741,0.0446465,0.137697,1.65665,0.00559716,1.6544
16.764807256,0.133905,0.175357,3.19219,0.0556594,0.105786,0.171452,2.4197,0.0570485,0.168788,1.69224,0.00145527,1.57718
16.811247166,0.10146,0.249031,3.1412,0.0841968,0.112861,0.263384,2.27548,0.0664034,0.234593,1.71647,0,1.53352
16.857687075,0.11661,0.162554,3.07681,0.129748,0.0540246,0.214808,2.21372,0.0448752,0.331951,1.75923,0,1.61067
16.904126984,0.178822,0.025133,3.16835,0.227884,0.102271,0.0906045,2.29035,0.0518082,0.279298,1.82149,0,1.57692
16.950566893,0.18486,0.00259846,3.21252,0.257729,0.118305,0.0457213,2.34585,0.0643687,0.191368,1.88602,0,1.52139
16.997006803,0.174997,0.0204071,3.34746,0.0964005,0.125942,0.113737,2.35178,0.0909624,0.25876,1.75665,0,1.4686
17.043446712,0.192078,0,3.474,0.0324186,0.0221306,0.183148,2.35235,0.119565,0.274944,1.51272,0,1.41633
17.089886621,0.178469,0,3.50198,0.0225543,0,0.193389,2.5004,0.0964323,0.355585,1.29581,0,1.39039
17.136326531,0.131475,0.000847995,3.32978,0.0166661,0,0.222874,2.64551,0.0705029,0.257059,1.15195,0,1.33721
17.182766440,0,0.00019501,3.21476,0.0158605,0,0.454956,2.59816,0.0724726,0.149192,1.04689,7.87573e-05,1.38571
17.229206349,0.000521218,0,3.25545,0.016505,0,0.458448,2.53842,0.0731156,0.0950962,0.966632,0.00019955,1.44669
17.275646259,0,0.0121601,3.33081,0.0151135,0,0.379292,2.55791,0.105791,0.0777684,0.908391,0.000147673,1.44037
17.322086168,0.0491869,0.0269881,3.21199,0.0683456,0.00809162,0.0703396,2.14597,0.211749,0.212243,0.588163,0.000286946,1.60115
17.368526077,0.11542,0.000106882,2.87809,0.143478,0.00533855,0.0486723,1.86299,0.208491,1.70639,0,0.00230811,1.50776
17.414965986,0.131181,0.0144583,2.70568,0.101814,0.0510582,0.0120131,1.44852,0.132441,2.43662,0,0.00543818,1.26845
17.461405896,0.150326,0.0211293,2.68528,0.141489,0.125626,0.00978462,1.17153,0.110792,2.61038,0,0.0054629,1.22856
17.507845805,0.181255,0,2.61891,0.239029,0.236626,0.0167088,1.2497,0.0946643,2.58645,0.0162807,0.00523876,1.1812
17.554285714,0.152885,0.0249835,2.62394,0.186705,0.0456912,0.0241677,1.51596,0.0585366,1.49941,1.16702,0.00315889,1.45207
17.600725624,0.0565337,0.00437155,2.54628,0.0030305,0.199215,0.0151515,1.49308,0.0350241,0.282873,1.88267,0.0041948,1.41944
17.647165533,0.0907246,0.0253673,2.54549,0.0711601,0.211339,0.000283202,1.27911,0.0531774,1.28563,1.339,0.00656158,1.3667
17.693605442,0.149793,0.0609333,2.57378,0.293656,0.199085,0.00266931,1.20493,0.0447946,2.26975,0.608647,0.00719592,1.29281
17.740045351,0.206659,0.0867315,2.51948,0.467182,0.0482506,0.00167227,1.08887,0.0169192,3.02766,0.0349817,0.00740649,1.28669
17.786485261,0.22109,0.0464683,2.33557,0.463982,0,0,1.0214,0.00228392,3.31901,0.0225904,0.0213329,1.25144
17.832925170,0.222058,0.00224142,2.29756,0.420649,0,0,1.02349,0.000362771,3.34191,0.0136189,0.00744495,1.2089
17.879365079,0.223977,0.00257431,2.27659,0.375625,0.140624,0,1.19211,0.00298948,3.20563,0.0166871,0.00708702,1.2343
17.925804989,0.177806,0.177986,2.48007,0.366484,0.263081,7.40982e-05,1.34964,0.0368618,2.40374,0.947179,0.00293278,1.23852
17.972244898,0.000104991,0.14493,2.77417,0.0102734,0.742436,0.0228595,1.39164,0.0350896,0.429948,2.52874,0,0.875804
18.018684807,0.00089182,0.136415,2.65728,0.126153,0.919889,0.0159284,1.27419,0.064627,0.00440435,3.09922,0,0.275465
18.065124717,0.0281285,0.19812,2.81869,0.186901,0.975707,0.00849404,1.16347,0.0798253,0,3.2377,0,0.0167232
18.111564626,6.41479e-06,0.241617,2.86239,0.227275,0.991939,0.00210657,0.960555,0.0753456,0.000732814,3.28956,0,0.000651664
18.158004535,0,0.278943,2.84398,0.190563,0.986652,0,0.873186,0.0617889,0.0352567,3.26508,0,0.000849708
18.204444444,5.3672e-05,0.289154,2.92761,0.14095,0.956442,0,0.804711,0.0162278,0.0391142,3.19238,0,0.00113094
18.250884354,0.0100352,0.252358,2.9525,0.105423,1.00775,0.0142209,0.724763,0.00990583,0.0751565,2.9394,0.00084985,0.00117452
18.297324263,0.158128,0.169841,2.9591,0.176307,0.971678,0.0149695,0.579546,0.00592592,1.22854,1.93195,0.00349766,0.000730914
18.343764172,0.249144,0.0907516,2.7534,0.431104,0.584422,0.0278107,0.585379,0.000507572,1.98119,1.4637,0.00445378,0.000401612
18.390204082,0.250222,0.000209157,2.69731,0.480491,0.271526,0.0329692,0.525694,0,2.55601,1.02019,0.00491122,0.000187904
18.436643991,0.233145,0.000824429,2.62279,0.610035,0.341286,0.0225896,0.499861,0.047992,3.06199,0.752325,0.00498099,1.67608e-05
18.483083900,0.1504,0.161845,2.67763,0.754436,0.462956,0.0161025,0.680825,0.0563626,3.09774,1.00412,0.00431159,0.000128319
18.529523810,0.000490311,0.298187,2.91306,0.703727,0.696513,0.0182283,0.753242,0.0406876,2.35554,2.11762,0.00190193,0.000938891
18.575963719,0.000551708,0.322196,2.95164,0.471483,0.867353,0.0255606,0.645256,0.0230979,1.55024,2.68482,0,0.00121517
18.622403628,0.000579333,0.328804,2.95281,0.346413,0.899454,0.0178966,0.635501,0.0140739,0.680501,3.06092,0,0.00122874
18.668843537,0.000463299,0.334658,2.99369,0.195898,0.895765,0,0.796544,0.0145915,0.00461685,3.22522,0,0.00117957
18.715283447,0,0.423228,3.01204,0.186932,0.862963,0.00149271,0.878752,0.0370469,0,3.27324,0,0.00113381
18.761723356,0,0.377529,2.93353,0.158122,0.826927,0,0.964892,0.0666033,0,3.21467,0,0.00112375
18.808163265,0,0.375588,2.97167,0.0647734,0.81159,0,1.16221,0.0427749,0.0233965,3.08337,0,0.00113331
18.854603175,0,0.447233,3.05368,0.0583831,0.73504,0,1.51182,0.0272564,0.0771691,3.02801,0,0.00108497
18.901043084,0.000112206,0.434638,3.02294,0.235288,0.854978,0.0119299,1.4147,0.0138442,0.0343496,3.13467,0,0.000931099
18.947482993,0.000172898,0.327156,2.97122,0.2894,0.932532,0.0115901,1.00945,0.0136748,0.0146047,3.21336,0,0.000835886
18.993922902,0.000239108,0.289801,2.93666,0.269079,0.963638,0.014724,0.777394,0.0132642,0,3.19883,0,0.000804369
19.040362812,0.000540871,0.292067,2.93673,0.217202,0.957483,0.0158788,0.769553,0.0156814,0.00032295,3.20822,0,0.000785245
19.086802721,0.000618705,0.311465,2.96571,0.265625,0.954952,0.022219,0.814231,0.0233189,0,3.22651,0,0.000759298
19.133242630,0.000318621,0.333534,2.99683,0.296355,0.954451,0.0317525,0.916695,0.0305079,0,3.19633,0,0.000712611
19.179682540,0,0.338873,3.04212,0.272641,0.922193,0.0340147,1.19511,0.0371889,0,3.11549,0,0.000630884
19.226122449,0,0.47601,3.09628,0.164582,0.876989,0.0192293,1.61542,0.035233,0,2.93487,0,0.000286845
19.272562358,0,0.455399,3.16522,0.276307,0.848568,0.00981662,1.59588,0.0429396,0,2.8732,0.0546982,0.0168898
19.319002268,0,0.322365,3.02115,0.23358,0.914886,0.00541526,1.20268,0.0716831,0,2.98866,0.0375256,0.000719582
19.365442177,0,0.323881,2.83232,0.156886,0.93752,0.00159926,0.949757,0.179499,0,3.10429,0.00910482,0.00051609
19.411882086,5.86213e-05,0.323467,2.75373,0.256876,1.00142,0,0.852064,0.0932277,0,3.19276,0,0.000715832
19.458321995,0.000263018,1.01351,2.19502,0.261344,1.34576,0,1.04161,0.0394866,0,3.32144,0,0.000903729
19.504761905,0.000326255,1.80526,1.23017,0.123716,1.82594,0.0665312,1.35547,0.021939,0,3.64121,0,0.00106397
19.551201814,0.000289523,2.04939,0.730875,0.00747854,2.08888,0.118355,1.46934,0.0117064,0.00860978,3.65072,0,0.00108203
19.597641723,0.000257812,2.16295,0.28602,0.000191836,2.26425,0.194666,1.46626,0.00993445,0.0379612,3.39447,0,0.0752269
19.644081633,0.0120133,2.04279,0,0.000609129,2.26835,0.195263,1.5367,0.0223974,0.0710669,3.64003,0,0.0546602
19.690521542,0.0286992,1.9544,0.0522475,0.00569548,2.21215,0.132873,1.50002,0.018216,0.0866719,3.73987,0.15356,0.00115818
19.736961451,0.182404,2.04709,0.178771,0.00590818,2.17683,0,1.39816,0.0120445,0.102279,3.79245,0.147342,0.00113276
19.783401361,0.152238,2.06231,0.195217,0.00411267,2.18042,0,1.38155,0.00969605,0.0847353,3.79126,0.0830717,0.000980836
19.829841270,0.12152,1.96959,0.172289,0.00985151,2.17933,0,1.3846,0.0096334,0.0700993,3.78002,0.0698606,0.000846328
19.876281179,0.126609,1.90794,0.132303,0.0179769,2.18588,0,1.39118,0.00787704,0.0639465,3.71645,0.0467685,0.000946379
19.922721088,0.303242,2.06475,0.0556794,0.0172513,2.22646,0,1.35158,0.00569854,0.0779469,3.63493,0.06725,0.00116207
19.969160998,0.350439,2.13086,0.0193689,0.015914,2.31778,0,1.35306,0.00545681,0.0628103,3.39871,0.0600181,0.0012097
20.015600907,0.31206,2.04878,0.00976366,0.110233,2.26079,0.00609137,1.30185,0.0203494,0.0611093,3.19248,0.0275758,0.0011066
20.062040816,0.338428,2.01784,0.0884749,0.0869498,2.21258,0.00289516,1.23986,0.0293185,0.0331902,3.47453,0.000113641,0.000983162
20.108480726,0.298192,1.98792,0.124949,0,2.23561,0.0764477,1.21648,0.0268577,0.0433312,3.66442,0.0378527,0.00107734
20.154920635,0.150898,1.95345,0.0950618,0,2.28519,0.136012,1.24788,0.0415456,0.0645828,3.71574,0.19844,0.00124878
20.201360544,0.0867639,2.03592,0.0979921,0,2.30416,0.187832,1.2485,0.0446617,0.0431589,3.64293,0.236715,0.00136079
20.247800454,0.129131,2.11702,0.0601203,0.00685437,2.30868,0.159561,1.17554,0.0430789,0.0160606,3.55825,0.0241153,0.0272048
20.294240363,0.358005,2.06343,0.00647842,0.0199633,2.3221,0.248475,1.24604,0.0531813,0,3.37538,0,0.00124487
20.340680272,0.24734,1.81719,0.00738865,0.0194972,2.45291,0.221703,1.79181,0.00916255,0,2.51927,0.0770102,0.225514
20.387120181,0.189289,1.58626,0.0287955,0.0316515,1.88504,0.272174,2.08631,0.00498726,0.0190863,0.976158,0.0825139,1.73775
20.433560091,0.317884,1.35626,0.0894297,0.102251,1.68444,0.405043,2.17016,0.000898768,0.0219652,0.544786,0.0343967,2.4023
20.480000000,0.32178,1.29114,0.209741,0.114488,1.78563,0.263822,2.11536,0,0.0517199,0.257428,0.00371775,2.64046
20.526439909,0.278598,1.27059,0.207128,0.11071,1.93962,0.0308767,1.92996,0,0.0894403,0.191446,0,2.75593
20.572879819,0.185686,1.23623,0.179093,0.13524,2.01441,0,1.8435,0,0.102037,0.12565,0,2.82049
20.619319728,0.0658438,1.13275,0.00825115,0.158979,1.95895,0.0112297,1.98786,0,0.0822506,0.226655,0,2.72066
20.665759637,0.157002,1.10721,0.00440075,0.179712,1.92596,0,2.06134,0,0.0522676,0.244148,0.0101281,2.62197
20.712199546,0.239791,1.16324,0.12204,0.189911,1.90997,0,2.12573,0,0.0595814,0.314527,0.0298406,2.48784
20.758639456,0.157983,1.31879,0.165721,0.178983,1.87512,0,2.02775,0,0.0893672,0.468586,0.028818,2.4509
20.805079365,0.0254319,1.33945,0.237044,0.163707,1.7561,0,1.94836,0,0.089041,0.648049,0,2.48396
20.851519274,0.00072486,1.30391,0.211428,0.141063,1.7182,0,2.09327,0,0.105631,0.678425,0,2.45537
20.897959184,0.000743739,1.31541,0.0777818,0.211789,1.74503,0,2.09912,0,0.0628911,0.644375,0,2.42082
20.944399093,0.000598664,1.65613,0.00018176,0.253212,1.79362,0,1.86097,0,0.0680468,0.424088,0,2.70662
20.990839002,0.000569319,1.61501,0,0.148946,1.86192,0,1.51777,0.00954251,0,0.114308,0,3.32008
21.037278912,0.0458803,0.979504,0,0.185058,2.79975,0.0106142,1.41938,0.0160928,0,0.00352874,0,3.16727
21.083718821,0.06553,0.383275,0.0392305,0.176318,3.1006,0,0.848806,0.00098941,0.167541,0.00957663,0,3.18169
21.130158730,0,0,0.00109122,0.235115,3.20875,3.84006e-05,0.820612,0.00922794,0.292026,0.0247513,0,3.13993
21.176598639,0,0.000983539,0.00277019,0.360004,3.14157,0.00229037,0.709772,0,0.289443,0.167223,0,3.17638
21.223038549,0.000162504,0.00155265,0.000532318,0.407921,3.12377,0.020383,0.748122,0.0571252,0.33427,0.081395,0,3.20913
21.269478458,0,0.000966023,0.00270344,0.265236,3.24095,0.0170583,0.746611,0.0334909,0.459591,0.0427725,0.0148832,3.12708
21.315918367,0,0.00109489,0.00472513,0.150146,3.29421,0.0669098,0.72837,0,0.549017,0.0645738,0,3.09423
21.362358277,0,6.46273e-05,0.0052554,0.157028,3.31749,0.0990577,0.744225,0,0.544837,0.147558,0,3.04017
21.408798186,0,0,0.00125231,0.160652,3.21372,0.138023,0.741756,0.00208894,0.469812,0.227727,0,3.04418
21.455238095,5.12808e-05,0,0.00181432,0.150707,3.18205,0.0712243,0.842309,0.0525641,0.468722,0.147356,0,3.02544
21.501678005,5.9717e-05,0.00466897,0.00292257,0.305693,3.33443,0,0.916517,0.0519293,0.504611,0.0959212,0,3.02837
21.548117914,6.37404e-05,0.0557619,0.00216032,0.283005,3.59894,0,0.694115,0.107525,0.38041,0.734817,0,2.83741
21.594557823,6.23215e-05,0.119735,0.00183703,0.153785,3.8011,0,0.492521,0.116531,0.212885,1.49621,0,2.66262
21.640997732,4.35643e-05,0.19005,0.00268093,0.0155462,3.90679,0,0.384039,0.0850684,0.17362,1.82857,0,2.52126
21.687437642,0,0.219898,0.00387846,0.0137681,3.9736,0,0.342867,0.0632281,0.215249,1.87484,0,2.44629
21.733877551,0,0.219738,0.00474669,0.0109426,3.97922,0,0.347283,0.0271201,0.356346,1.61379,0,2.50709
21.780317460,0.00026531,0.216013,0.00124079,0,3.88061,0.00538519,0.38334,0.0132576,0.469243,1.23172,0.0394453,2.66337
21.826757370,5.43254e-05,0.224961,0.00010695,0.00606692,3.77716,0.00890493,0.476576,0.0761518,0.487128,1.18054,0,2.58027
21.873197279,0,0.221036,0,0.135533,3.63495,0.0291232,0.548002,0.0749069,0.523188,0.871865,0,2.62966
21.919637188,0,0.192435,0,0.0823706,3.36077,0.0166102,0.652845,0.0787223,0.649865,0.47142,0,2.82128
21.966077098,0,0.128106,0,0.0205421,3.25322,0.00160353,0.696527,0.0534067,0.708235,0.179568,0.00177614,3.00103
22.012517007,0,0.0552969,0,0.0580489,3.26255,7.91337e-05,0.715972,0.0305165,0.712604,0.127058,0.0464152,3.03787
22.058956916,0,0.0178085,0.00426004,0.118046,3.2456,0,0.742866,0.0282459,0.695483,0.213491,0,3.0037
22.105396825,0,0.000796183,0.00543273,0.157902,3.22341,0,0.781974,0.0341137,0.648207,0.245496,0,2.92236
22.151836735,0,0.00131748,0.00628178,0.180974,3.0545,0,0.738866,8.75617e-05,0.601755,0.306034,0.0559989,3.03358
22.198276644,0,0.00163373,0.00545741,0.184942,2.92409,0,0.724427,0,0.530356,0.330625,0.0259567,3.14487
22.244716553,0.000356264,0.000135094,0.0023725,0.177387,2.98024,0.0799461,0.708421,0,0.493552,0.135878,0,3.18577
22.291156463,0.000297741,0.000115231,0.00257985,0.169308,3.19031,0.115624,0.731991,0,0.46604,0.00385111,0,3.07509
22.337596372,5.6711e-05,0.00134372,0.00361398,0.158399,3.23322,0.0878933,0.742338,0.0102661,0.407336,0.00350161,0,3.01864
22.384036281,0,0,0.00313636,0.16925,3.23205,0.0570014,0.73555,0.012304,0.402849,0.0143644,0,3.02088
22.430476190,0.0544261,0,0.598814,0.189596,3.08243,0.000389272,0.753075,0.00288292,0.287568,0.00193395,0,3.17625
22.476916100,0.00470567,0,1.47052,0.247874,2.574,0.0035838,1.60761,0.00817353,0.116177,0.00167862,0,3.33828
22.523356009,0,0,2.05463,0.346227,1.40631,0.00767636,2.47183,0.002769,0,0.239051,0,3.56077
22.569795918,0.000108026,0,2.34668,0.29715,0.152733,0.028342,2.65988,0,0,0.455339,0.00530575,3.77394
22.616235828,0.000335639,0,2.49227,0.165865,0.000249601,0.0280844,2.65642,0,0,0.579653,0.00464114,3.76485
22.662675737,0.000262851,0.00143279,2.58984,0.17394,0,0.0192569,2.69342,0,0,0.558165,0,3.65162
22.709115646,0.0905793,0.0588314,2.45276,0.186956,0,0.00693103,2.75709,0.020784,0,0.740464,0.00201162,3.52069
22.755555556,0,0.140926,2.49025,0.199531,0.0929164,0.00279691,2.78379,0,0,0.760801,0,3.32305
22.801995465,0,0.149466,2.6269,0.197098,0.163184,0.0122691,2.79591,0,0,0.684616,0,3.08491
22.848435374,0.00991792,0.0946988,2.54486,0.187865,0.0604102,0.0145737,2.78821,0,0,0.848856,0,3.17044
22.894875283,0.0438276,0.0035336,2.65133,0.202859,0.0596053,0.00389254,2.76029,0,0,0.845168,0,3.32795
22.941315193,1.05577e-05,0.00405506,2.68714,0.245023,0,0.000799641,2.73557,0,0,0.932604,0,3.45842
22.987755102,0.000327214,0.0645984,2.68635,0.17352,0,0,2.68596,0,0.02512,1.05496,0,3.4854
23.034195011,0.000346313,0.127396,2.64358,0.119529,0.12365,0,2.6441,0.0212219,0.074163,1.64734,0,3.39709
23.080634921,0.00015501,0.215336,2.59575,0.0440232,0.502748,0,2.45753,0.032605,0.0436807,2.11909,0,3.02586
23.127074830,0,0.307097,2.57411,0.0180559,0.58084,0,2.28012,0.0393076,0.0285444,2.39381,0,2.59612
23.173514739,0.0190953,0.244584,2.74553,0.0528401,0.408602,0,2.13039,0.0261928,0.0422242,2.30222,0,2.2695
23.219954649,0.0741048,0.287101,2.59977,0.0724728,0.137179,0.0194914,2.01306,0.0270946,0.280217,1.63919,0,2.25337
23.266394558,0.0529126,0.417519,2.42846,0.0461329,0.488853,0.0296397,1.83803,0.0832375,0.855911,0.749804,0.0172595,1.99833
23.312834467,0.0306961,0.457685,2.37009,0.037191,1.12424,0.0371075,1.74825,0.0807035,0.969152,0.0598932,0.0162282,1.88023
23.359274376,0.000659875,0.383498,2.16778,0.0366333,1.23139,0.0953,2.02758,0.107031,0.817274,0,0.0180471,1.8759
23.405714286,0.000190669,0.272546,2.15252,0.0524303,0.810328,0.0690302,2.29185,0.1895,1.37603,0,0,1.93504
23.452154195,0.00043106,0,2.24778,0.105727,0.303256,0.061373,1.99835,0.0923034,2.27464,0,0.00014303,2.04181
23.498594104,0.00381848,0.000239142,2.38941,0.128275,0,0.0491484,1.60585,0.0223448,2.68864,0.0533828,0.000362281,2.24075
23.545034014,0.0282546,0,2.67036,0.150705,0.275795,0.0384267,1.3063,0.00345726,2.56827,0.182967,0.00047869,2.1942
23.591473923,0.00927864,0.0162789,2.6812,0.169177,0.174646,0.00841189,1.23031,0,2.45856,0.460772,0.000128537,1.78832
23.637913832,0.000503796,0.0111874,2.53034,0.385917,0.0665009,0,1.27278,0,2.48619,0.496562,0.0496854,1.65056
23.684353741,0.000845756,0.00928372,2.52247,0.511712,0.00719938,0,1.22397,0.00261736,2.87313,0.0862724,0.0611986,1.90199
23.730793651,0.00607175,0.024875,2.38936,0.540964,0,0,1.3201,0.00433526,3.36609,8.10587e-05,0.0979952,2.17664
23.777233560,0.0570856,0.0830702,2.35076,0.559539,0.00256211,0,1.45905,0,3.53382,0.0256737,0.0738332,2.23114
23.823673469,0.186013,0.0869333,2.36606,0.549718,0.0130145,0.00394777,1.68526,0,3.44551,0.105061,0.00699638,2.18981
23.870113379,0.296672,0.0529879,2.37487,0.513546,0.00664935,0.000195757,1.62613,0.00239192,3.27817,0.0569392,0.00681854,2.14796
23.916553288,0.187197,0,2.6088,0.474704,0.056618,0.0614731,1.89267,0.0211661,2.81003,0.038417,0.00586525,1.89079
23.962993197,0.00223727,0.117738,2.85432,0.284445,0.468724,0.19964,2.31545,0.0320304,1.37672,1.70752,0,1.52029
24.009433107,0,0.238646,2.83903,0.208871,0.796253,0.147556,1.98519,0.239332,0,2.8524,0,0.828849
24.055873016,0,0.28365,2.8644,0.28717,0.881609,0.098051,1.59939,0.389078,0,3.10081,0,0.319026
24.102312925,0,0.302095,2.91301,0.243764,0.95567,0.0477663,1.15653,0.399365,0,3.14247,0,0.218413
24.148752834,0,0.317132,2.81566,0.0811899,1.06328,0.00670419,1.2413,0.482701,0.0231395,3.10271,0,0.229252
24.195192744,0,0.481066,2.68304,0.000708674,1.10982,0.000108687,1.32471,0.598276,0.0818665,3.00992,0.0258487,0.461909
24.241632653,3.38593e-05,0.501473,2.72513,0,1.03777,0,1.43266,0.482895,0.285628,2.93184,0.127186,0.837368
24.288072562,0.000201936,0.413671,2.7051,0,1.06473,0,1.39005,0.36815,0.192074,3.05981,0.159842,0.716759
24.334512472,0,0.384928,2.73991,0.0121885,1.16283,0.00351697,1.17575,0.208577,0,3.11941,0.142612,0.40407
24.380952381,0,0.351756,2.7981,0.0132566,1.14764,0.0169633,0.962358,0.114116,0,2.97795,0.101078,0.246753
24.427392290,0,0.431047,2.95577,0,1.02888,0.0210758,0.922207,0.0915928,0.00833612,2.78814,0.0858095,0.22237
24.473832200,0.0135771,0.382175,2.92335,0.000586354,0.802056,0.00920002,1.10696,0.107243,0.064321,2.61412,0.0728731,0.154174
24.520272109,0.0507987,0.174157,2.8881,0.0149197,0.662319,0.00403432,1.57741,0.00654103,0.0799271,2.95334,0.0322171,0
24.566712018,7.12919e-06,0.149308,2.82716,0.0111212,0.825652,0.202887,1.37727,0.00735791,0,3.24879,0.0284255,0
24.613151927,0.000233972,0.220147,2.82397,0,0.939069,0.10636,1.19619,0.0112517,0.0160353,3.28402,0.038896,0
24.659591837,0.000525112,0.260827,2.84937,0,0.957545,0.0164419,1.27465,0.0181047,0.00334385,3.24694,0.0175738,0
24.706031746,0.000557429,0.259602,2.86366,0,0.891092,0.00910821,1.36614,0.0357158,0,3.2323,0,8.89825e-05
24.752471655,0.000531103,0.241292,2.82134,0.0100964,0.847996,0,1.51344,0.0527838,0,3.27765,0,0.00038489
24.798911565,0.000324044,0.307659,2.80333,0.00897524,0.825125,0,1.47005,0.0699586,0,3.29134,0,0.000485683
24.845351474,0.000484246,0.461859,2.7999,0.0282244,0.790472,0,1.45069,0.08287,0,3.25838,0.0102011,0.000392116
24.891791383,0.000337142,0.610813,2.82835,0.015685,0.746779,0,1.43806,0.0811549,0,3.22338,0,0.000229843
24.938231293,0.000302247,0.653061,2.84192,0,0.710074,0,1.5326,0.0905558,0,3.15991,0,0.000139819
24.984671202,0.000219554,0.624705,2.84298,0,0.755677,0,1.53442,0.0874819,0,3.15122,0,0.000144929
25.031111111,0,0.530616,2.77823,0.00740449,0.801989,0.00766421,1.36234,0.129168,0,3.26341,0,0.000192149
25.077551020,0,0.479348,2.78695,0.0586971,0.835267,0,1.10433,0.0884204,0,3.37521,0,0.000224791
25.123990930,0,0.504126,2.80327,0.010329,0.900354,0,0.942209,0.0677487,0.0156162,3.35525,0,0.000370082
25.170430839,0,0.479723,2.80979,0.0103954,0.887455,0,1.17784,0.058101,0.0213191,3.30355,0,0.00053565
25.216870748,0,0.440229,2.76442,0.00673891,0.855656,0,1.45391,0.0761725,0.00592994,3.28857,0,0.000661531
25.263310658,0,0.377094,2.72767,0.0157378,0.906375,0.0073557,1.48907,0.0829603,0,3.30814,0,0.000785745
25.309750567,0,0.3146,2.67415,0.001768,0.946677,0.0111969,1.49405,0.155085,0,3.29156,0,0.000948452
25.356190476,0,0.308932,2.67565,0,0.995797,0.023032,1.5225,0.286481,0,3.07004,0,0.00115646
25.402630385,0,0.397239,2.85154,0.0102752,0.89691,0.00498031,1.51297,0.0867889,0.0101185,2.89475,0,0.0926907
25.449070295,0.000444126,0.760683,2.64096,0.00664224,0.970642,0.000593726,1.4387,0.0862019,0.0707859,3.0722,0,0.133204
25.495510204,0.000589401,1.46063,1.74665,0.00628642,1.69465,0,1.34211,0.190233,0.0135072,3.58731,0,0.0879917
25.541950113,0.000546239,2.08959,0.723297,0.0182429,2.09923,0,1.41895,0.147346,0,3.81958,0,0.0601597
25.588390023,0.000210837,2.41037,0.237317,0.00938178,2.13262,0,1.5299,0.246539,0,3.5087,0.0141126,0.134246
25.634829932,0.0111971,2.67037,0.174308,0.024117,2.17746,0,1.49537,0.227676,0.652713,2.51146,0.0293418,0.200258
25.681269841,0.125175,2.50818,0.438583,0.0743388,2.29697,0.00208883,1.30443,0.0158998,2.42869,1.31253,0.0080718,0
25.727709751,0.155595,2.39133,0.473489,0.281288,2.14431,0.0123825,1.18218,0,2.96891,0.928498,0.00720227,0
25.774149660,0.185821,2.32712,0.453491,0.450875,1.9444,0.016438,1.06797,0,3.09076,0.874291,0.0106987,0
25.820589569,0.200685,2.26998,0.317979,0.515461,1.83214,0.00225196,1.07394,0.0272493,3.10299,0.948262,0.174544,0
25.867029478,0.19247,2.38716,0.13548,0.519202,1.75897,0,1.10282,0.069084,3.09324,1.04966,0.0818327,0
25.913469388,0.19036,2.5025,0.179615,0.422614,1.76487,0.00117156,1.19969,0.0497713,3.09189,1.15189,0.00672565,0
25.959909297,0.184108,2.51384,0.271268,0.196598,1.85626,0,1.26637,0.0255211,3.03004,1.34801,0.00762779,0
26.006349206,0.175323,2.45069,0.33848,0.0950858,1.91697,0.0251465,1.39406,0.0181439,2.64227,1.64,0.00817799,0
26.052789116,0.162684,2.44523,0.292396,0.111009,1.96918,0.00725548,1.63431,0.000775146,1.73461,2.4107,0.0140559,0
26.099229025,0.173654,2.41538,0.217668,0.121727,1.98332,0.0326141,1.82295,0.00167077,0.85111,3.02397,0.0291159,0.0377395
26.145668934,0.20215,2.39542,0.0640048,0.106175,1.98228,0.0241929,1.82216,0.0345711,0.469604,3.4748,0.0117163,0.253706
26.192108844,0.220888,2.34131,0.00300252,0.11275,1.98492,0.00988563,1.73819,0.0892959,0.322582,3.55151,0.00792586,0.378328
26.238548753,0.234695,2.52116,0.00409978,0.156531,1.99563,0,1.64776,0.0899554,0.489961,3.28677,0.00633407,0.391818
26.284988662,0.217225,2.52181,0.00477172,0.13637,2.05224,0,1.61963,0.076102,0.932387,2.93688,0.0276726,0.353958
26.331428571,0.160877,2.52095,0.0042764,0.0989809,2.01516,0,1.63479,0.0647233,1.13604,2.56804,0.0958599,0.306704
26.377868481,0.246708,2.2452,0.00477795,0.429337,1.84501,0,1.61003,0.0364692,1.876,1.90784,0.02863,0.283473
26.424308390,0.300089,2.04303,0.0052705,0.584685,1.73749,0,1.53844,0.0143435,2.64887,1.02982,0.000530879,0.273753
26.470748299,0.314516,2.06355,0.0180712,0.630797,1.6833,0,1.45049,0.0126579,2.86056,0.686354,0.00147478,0.114782
26.517188209,0.306601,2.1146,0.128,0.679429,1.62268,0.00340985,1.38954,0.0138273,2.82284,0.736101,0.00221645,0
26.563628118,0.246638,2.28315,0.223923,0.688258,1.70507,0,1.24886,0.00937169,2.38192,0.811262,0.0739409,0.0284337
26.610068027,0.159303,2.53948,0.265178,0.426706,1.87287,0.00908169,1.10805,0.00556593,1.40206,1.0095,0.0492396,0.0880203
26.656507937,0.107239,2.54358,0.224278,0.0415652,1.99658,0.00235683,1.29298,0.041686,0.702565,1.04139,0.0237098,0.00753392
26.702947846,0.12915,2.62718,0.241191,0.0611041,2.19422,0.016057,1.30958,0.0448036,0.624742,1.27266,0.00709829,0.0842819
26.749387755,0.151311,2.6043,0.269391,0.143879,2.23833,0.0591803,1.25124,0.0216723,0.551716,1.98696,0.00756275,0.298409
26.795827664,0.0833984,2.45969,0.221094,0.19562,2.33456,0.130823,1.08055,0.0763188,0.233633,1.86556,0.0649365,0.502395
26.842267574,0.0797003,2.18915,0.123017,0.265454,2.27634,0.0337855,1.00435,0.203584,0.24136,1.66869,0.168831,0.549012
26.888707483,0.0672282,1.81437,0.0844179,0.332073,2.0913,0.00232101,1.15052,0.237678,0.205728,1.57348,0.134218,1.00817
26.935147392,0.0301675,1.71433,0.00092847,0.221442,2.06338,0.00759913,1.08183,0.158716,0.0281339,1.65213,0.0631719,1.32688
26.981587302,0,1.76398,0.000783753,0.208619,2.14762,0.0393862,0.778607,0.126339,0.0341743,1.45873,0.00844149,1.84948
27.028027211,0,1.60425,0.00202717,0.129679,2.57611,0.254459,0.572313,0.276691,0.305353,1.10421,0.00869268,1.91538
27.074467120,0,1.25567,0.0120795,0.0544584,3.09603,0.214456,0.0393061,0.220021,0.672654,0.834094,0.0618993,2.31096
27.120907029,0,1.04802,0.0258218,0.0417397,3.87559,0.0345171,0.0423224,0.11656,0.833545,0.685983,0.129271,2.47474
27.167346939,0,0.895675,0.0383092,0.0245752,4.25375,0.0384549,0.0584275,0.0624451,0.965899,0.534253,0.100632,2.55212
27.213786848,0,1.16278,0.0652723,0.0081459,4.30402,0.032027,0.0562507,0,1.21718,0.488586,0.0514543,2.43627
27.260226757,0,1.24707,0.0823447,0.0192533,4.32526,0,0.0587567,0.0556544,1.68117,0.5122,0.0405056,2.18254
27.306666667,0,1.05076,0.0525449,0.020974,4.18826,0,0.0693505,0.026536,1.88077,0.645524,0.0448926,2.1087
27.353106576,0,0.961879,0.0535406,0.147594,4.21312,0,0.0625526,0.00733686,1.62809,0.709516,0.0495555,2.16259
27.399546485,0,1.07628,0.0579998,0.394702,4.0939,0,0.0603374,0,1.2123,0.497913,0.00853957,2.24365
27.445986395,0.0382318,1.18749,0.0598161,0.409205,3.95937,0,0.0635448,0.014641,1.15296,0.119238,0.00957406,2.1005
27.492426304,0.0365211,1.12611,0.0607016,0.35206,3.70316,0,0.0427585,0.0213945,1.60034,0.0600378,0.0390261,1.86355
27.538866213,0,0.747474,0.0531664,0.441165,3.38283,0,0,0.0208833,1.95877,0.0697986,0.135665,1.9331
27.585306122,0,0.422171,0.0377168,0.468277,3.21128,0,0,0.014329,2.20761,0.162232,0.102857,2.14511
27.631746032,0.0269426,0.20031,0.0295439,0.50155,3.12894,0.00787896,0,0.00469811,2.17616,0.456441,0.0439078,2.12247
27.678185941,0.18466,0.336942,0.029702,0.486938,3.14212,0.00725566,0,0.00169619,2.29017,0.329006,0.0166733,2.06909
27.724625850,0.277611,0.495679,0.0373365,0.487221,3.19127,0.00151286,0,0,2.3822,0.232524,0.0153765,1.94706
27.771065760,0.23514,0.74619,0.0479711,0.487936,3.36246,0.0152261,0.00628967,0,2.31984,0.208242,0.0461576,2.04382
27.817505669,0.246136,0.706531,0.0465355,0.5479,3.38005,0.0151291,0.00882567,0,2.18113,0.206488,0.0846968,2.13673
27.863945578,0.234132,0.780717,0.0206979,0.584014,3.28635,0.0134144,0.00354604,0,2.10556,0.24027,0.0974561,2.24327
27.910385488,0.190255,0.748106,0,0.597606,3.22885,0.0115708,0,0,2.15838,0.254826,0.109272,2.42316
27.956825397,0.0580065,0.642695,0,0.65177,3.16768,0.0115011,0,0.00750273,2.0403,0.299979,0.123372,2.40456
28.003265306,0,0.37665,0,0.717153,3.16473,0.0120979,0,0,1.77894,0.317828,0.136407,2.36793
28.049705215,0,0.054641,0,0.6409,3.20824,0.0101705,0.0385688,0,1.66487,0.284538,0.13332,2.57361
28.096145125,0,0,0.00318767,0.389843,3.40839,0.00559576,0.176384,0.00792399,1.61672,0.42009,0.133596,2.75886
28.142585034,0,0,0.00186897,0.222998,3.60518,0.00867119,0.180042,0.00489109,1.83827,0.417121,0.0391114,2.85867
28.189024943,0,0,0.000438015,0.388317,3.59095,0.00643176,0.119015,0.00161851,2.16025,0.335789,0,2.9103
28.235464853,0.0129289,0.0523743,0.00193088,0.513518,3.55882,0,0,0.00229661,2.35687,0.391009,0,2.82416
28.281904762,0.0313152,0.0481014,0.00302799,0.626246,3.50945,0.000113539,0,0.00192408,2.35483,0.298948,0,2.66999
28.328344671,0.031347,0.0104937,0.00189383,0.684661,3.4123,0.00368528,0,0.00135326,2.33264,0.303744,0,2.59099
28.374784580,0.0212676,0.00386539,0.000129831,0.6664,3.31809,0.00841898,0,0.0031189,2.32727,0.258202,0.00532497,2.67564
28.421224490,0.028677,0,0.0680021,0.708267,3.27592,0.00126518,0,0.00801477,1.99774,0.222054,0,2.72335
28.467664399,0.0688642,0,0.82925,0.803429,3.04833,0.00953751,0.346305,0.0093156,1.19381,0.284154,0.304692,2.71508
28.514104308,0.000486442,0.000231919,1.94238,0.677327,2.20305,0.0806726,1.44606,0.00742638,0.513209,0.601676,0.370044,2.67512
28.560544218,0.000673663,0.000764315,2.73336,0.539296,0.884783,0.03926,2.11213,0.00425273,0.412856,0.791237,0.236843,2.65907
28.606984127,0.000552906,0.000807364,3.0771,0.399993,0.49495,0.0058745,2.23563,0.0015628,0.336282,0.997535,0.0602621,2.51168
28.653424036,0.0739183,0.00163955,3.0462,0.261318,0.665327,0.0593622,2.3816,0.0064804,0.209921,1.59873,0.00771536,2.1903
28.699863946,0.0550684,0.0333534,3.00612,0.232106,0.931136,0,2.4498,0.0298223,0.0696619,1.88831,0,2.02773
28.746303855,0.000195832,0.108818,3.0099,0.26168,0.92885,0,2.5316,0.0157291,0.0207242,2.03447,0,2.02137
28.792743764,0.000660781,0.108114,2.98307,0.343908,0.812334,0,2.77159,0.00687959,0.0364588,2.26865,0,1.8685
28.839183673,0.000572352,0.0678453,3.0618,0.328574,0.514032,0,2.81132,0.0164018,0.00977288,2.45156,0,1.78604
28.885623583,0.000422591,0.0521775,3.11141,0.203768,0.198974,0,2.9689,0.0109371,0,2.47774,0,1.66744
28.932063492,0.0540793,0.0683324,3.18512,0.0504437,0.340579,0,2.91024,0.0227117,0,2.50652,0,1.40011
28.978503401,0.0732604,0.0719229,3.27738,0.022422,0.540832,0.00261919,2.80147,0.00876147,0,2.42563,0,1.3568
29.024943311,0.0616151,0.0378014,3.3133,0.0489129,0.618158,0.001521,2.80381,0.0240328,0.00635165,2.45866,0.0417038,1.24154
29.071383220,0.0554277,0,3.18667,0.0648601,0.636386,0.00400898,2.88383,0.0738167,0.00464523,2.57025,0.054074,1.10643
29.117823129,0.00629967,0.00224657,3.10762,0.0818598,0.844696,0.00272837,2.59661,0.0408203,0.00194593,2.5812,0.00888129,1.14729
29.164263039,0.000265468,0.00252174,3.06477,0.0494346,1.02074,0,2.30028,0.0585072,0.00187135,2.48844,7.4111e-05,1.46551
29.210702948,0.000112634,0.00254335,3.04769,0.0206359,0.885136,0,2.24325,0.0558558,0.00118415,2.37086,0.000440727,1.41001
29.257142857,0,0.0766061,3.04958,0.00417822,0.815209,0,2.14119,0.0570851,0,2.39356,0.0494742,1.42556
29.303582766,0,0.186284,3.07928,0.0153805,0.825843,0,2.10061,0.0438638,0,2.4769,0.0170006,1.33865
29.350022676,0,0.617521,3.00419,0.014474,0.882536,0.00246976,1.95846,0,0.422042,2.3442,0.00652918,1.2987
29.396462585,0.00739737,0.543957,2.81961,0.0531707,0.750533,0.119963,1.39777,0,1.83388,1.51133,0.00665877,1.1272
29.442902494,0.000241545,0.471029,2.81206,0.0602068,0.655981,0.150887,1.2229,0,2.62212,1.0686,0.00547941,1.13126
29.489342404,0.000388856,0.477751,2.77248,0.252189,0.594652,0.00069688,1.22339,0.0118237,2.87713,0.778466,0.0038309,1.2598
29.535782313,0.0241094,0.450062,2.75179,0.323526,0.593314,0,1.3898,0.0372211,2.7763,0.680257,0.00256759,1.31238
29.582222222,0.120974,0.493926,2.71564,0.366879,0.520285,0,1.55952,0.0462856,2.46525,0.814584,0.0406379,1.35758
29.628662132,0.138093,0.467612,2.87991,0.191596,0.487668,0,1.52857,0.0131497,2.5551,0.614792,0.0401942,1.39467
29.675102041,0.133356,0.480795,3.0298,0.197323,0.717306,0,1.51959,0.00765584,2.54174,0.341705,0.041881,1.29595
29.721541950,0.120862,0.532675,3.09882,0.188996,0.671558,0,1.73284,0,2.47152,0.323389,0.0150927,1.28491
29.767981859,0.140217,0.623211,2.95395,0.165051,0.503149,0,1.75151,0.0178274,2.71712,0.319285,0.00579291,1.15039
29.814421769,0.162212,0.65052,2.74646,0.110494,0.529194,0.00164293,1.59289,0.0279131,2.98424,0.352447,0.00668163,1.0546
29.860861678,0.184985,0.567008,2.58528,0.132486,0.705514,0.0322174,1.54846,0.0346852,2.95061,0.385908,0.00623762,1.03928
29.907301587,0.190374,0.679705,2.58242,0.0122263,0.859364,0,1.58743,0.0390547,2.37221,0.595213,0.00565103,0.869731
29.953741497,5.01032e-05,0.548989,2.62479,0.00954601,0.718492,0.00157074,1.86818,0.0293962,0.747587,2.02132,0.0457139,0.946182
30.000181406,0,0.411262,2.66912,0.137952,0.818291,0.00164965,1.94399,0.0509676,0.0817652,2.34453,0.0896282,0.615454
30.046621315,0,0.324091,2.81329,0.140727,0.955398,0.00165193,1.89032,0.0834993,0,2.5869,0.0534192,0.237028
30.093061224,0,0.296487,2.97854,0.0865832,0.945277,0,1.75399,0.0901895,0,2.91558,0,2.87774e-05
30.139501134,0,0.290433,2.96875,0.0177571,0.867803,0,1.7161,0.0724574,0.0136854,3.14871,0,0.030626
30.185941043,0,0.327196,2.93258,0.0108522,0.782115,0,1.69196,0.0635005,0.039789,3.2036,0,0.0986685
30.232380952,0,0.602051,2.88933,0.00331718,0.718309,0,1.52546,0.11788,0.0213265,3.17667,0,0.0994526
30.278820862,0,0.800264,2.8545,0,0.734169,0,1.31273,0.18852,0,3.10751,0,0.125174
30.325260771,7.0733e-05,0.855305,2.80301,0,0.839798,0.00214608,1.42165,0.350225,0,3.05039,7.19334e-05,0.161355
30.371700680,0,0.770635,2.75711,0,0.787332,0,1.7308,0.445289,0,2.97012,0.000376023,0.176846
30.418140590,0,0.630483,2.85034,0.00642377,0.746421,0.0020266,1.83054,0.462237,0,2.88183,0.000182055,0.181453
30.464580499,0,0.684828,2.98453,0.00745013,0.744457,0.023944,1.80242,0.394505,0,2.68698,0.000144852,0.27568
30.511020408,0,0.766502,2.96866,0.00344464,0.757588,0.0230017,1.80635,0.298677,0,2.66099,3.28071e-06,0.306997
30.557460317,0,0.825039,2.90863,0.00803218,0.812066,0.0200187,1.74523,0.314089,0,2.60089,0,0.332986
30.603900227,0,0.765831,2.82642,0.00833452,0.778635,0.00221364,1.61583,0.326647,0,2.86001,0,0.227049
30.650340136,0,0.751607,2.88546,0.0160475,0.743998,0.0161034,1.53921,0.303791,0,2.94908,0,0.176531
30.696780045,0,0.783846,2.94828,0.0213797,0.717858,0.0346632,1.68075,0.247122,0,3.01674,0.000247205,0.105399
30.743219955,0,0.789569,2.92199,0.0336887,0.665844,0.0255961,1.78884,0.211062,0,3.03922,0,0.191986
30.789659864,0,0.798307,2.9203,0.029767,0.775186,0.0268936,1.76784,0.198953,0,2.94943,0,0.287746
30.836099773,0,0.814678,2.91225,0.0122296,0.873502,0.00980786,1.56193,0.173028,0,3.06085,0,0.378506
30.882539683,0,0.827795,2.92762,0.0364374,0.870083,0.00455247,1.39443,0.142958,0.000623479,2.66724,0.0376676,0.271574
30.928979592,0,0.662666,2.56339,0.319661,0.653873,0.00270071,1.22544,0.116744,0.0593313,2.8298,0.0246712,0.200983
30.975419501,0,0.466861,2.53864,0.360448,0.718299,0.00205297,1.31688,0.102978,0.161766,2.89704,0.0639668,0.209519
31.021859410,0,0.464893,2.7445,0.17184,0.917523,0.00442298,1.37545,0.0854707,0.17776,2.82293,0.130703,0.143108
31.068299320,0,0.576623,2.91044,0.0131312,1.03809,0.0164504,1.33927,0.0253369,0.117749,3.06174,0,0.0920236
31.114739229,0,0.706377,2.87994,0.0156278,1.05895,0.012331,1.18091,0.0120299,0.106319,3.22154,0,0.0487396
31.161179138,0,0.775079,2.90807,0.016211,1.05861,0.00303431,0.929336,0.0105413,0.150408,3.23754,0,0.000409699
31.207619048,0,0.826784,2.8601,0.0132759,1.00897,0,0.90189,0.0570807,0.11483,3.22326,0,0.000358873
31.254058957,0,0.819804,2.83604,0.0140169,1.01404,0,0.802309,0.0697087,0.0505567,3.17748,0,0.000157428
31.300498866,0,0.687861,2.81868,0.00974431,1.10084,0,0.802029,0.0653519,0,3.14713,0,0
31.346938776,0.000117597,0.537039,2.89625,0.00551029,1.09066,0,1.08878,0.0699467,0,3.13914,0,0
31.393378685,0.000296782,0.582098,2.87212,0,1.07367,0,1.1858,0.0821077,0,3.14944,0.0409635,0
31.439818594,0.000147692,1.37588,2.23983,0.0121103,1.1384,0,1.07479,0.338602,0,3.26638,0.0103327,0
31.486258503,0.000398134,1.84208,1.40939,0.00227458,1.62542,0,1.32204,0.358131,0,3.34536,0.000200859,8.54476e-06
31.532698413,0.000474408,2.25254,0.714878,0.00304814,2.04742,0,1.516,0.271512,0,3.28572,0,7.85243e-05
31.579138322,0.000377166,2.4496,0.417037,0.019215,2.23193,0,1.5147,0.153079,0,3.11655,0,0.000119206
31.625578231,3.0648e-05,2.41447,0.345882,0,2.2652,0.0136471,1.42391,0.177716,0,3.23739,0,0.000133144
31.672018141,0,2.416,0.392775,0,2.36884,0.0167391,1.28258,0.0872721,0,3.04318,0.000597187,0.000274198
31.718458050,0,2.29922,0.452139,0.0141307,2.39884,0,1.25442,0.0527727,0,3.05127,0.00898022,0.000454226
31.764897959,0,2.21738,0.499759,0.0153399,2.27965,0,1.3405,0.0218227,0,3.45618,0.0292838,0.000549585
31.811337868,0,2.18927,0.49435,0.01494,2.10195,0.0315719,1.50329,0.0308211,0,3.76666,0.097424,0.016768
31.857777778,0,2.08649,0.426674,0.0129239,2.00784,0.00313382,1.67395,0.0607287,0.00401184,3.90447,0.124377,0.000373146
31.904217687,0,2.02731,0.407914,0.00702332,2.09803,0.00450063,1.72597,0.138477,0.00804508,3.80134,0.0386143,0.00018544
31.950657596,0,2.03786,0.336517,0.000670068,2.27762,0.00402517,1.72068,0.232913,0.00568189,3.39129,0.00350492,0
31.997097506,0.000144255,1.76415,0.267474,0,2.2315,0.00248347,1.74609,0.206136,0,3.4688,0.0931029,0
32.043537415,0.000344247,1.4905,0.266091,0,2.25538,0,1.74542,0.0196406,0,3.58932,0.28139,0
32.089977324,0.000229631,1.47553,0.274447,0,2.19096,0,1.70823,0.0137106,0,3.84696,0.213754,0
32.136417234,0.000889454,1.6114,0.29536,0,2.09673,0,1.71244,0.0210001,0,4.00467,0.0790689,0
32.182857143,0.000104578,1.81893,0.377658,0,1.97304,0.00301356,1.65552,0.0113889,0,4.08163,0.0806621,0.00826406
32.229297052,0.000195813,2.04004,0.379128,0,1.87673,0.00799476,1.64798,0.0187616,0,4.08278,0.0999304,0.000594999
32.275736961,0.000276078,2.2126,0.313889,0,1.83712,0,1.58205,0.029368,0,4.05821,0.121126,2.72279e-05
32.322176871,0.000229891,2.26859,0.1201,0,1.81674,0,1.4781,0.064973,0,4.01423,0.156024,0.00134773
32.368616780,0.000211447,2.19436,0.0102697,0.0390109,2.03719,0,1.18343,0.0512814,0,3.65555,0.15827,0.497638
32.415056689,0.000297361,1.86766,0.0283649,0.0836667,2.45294,0,1.17447,0.0437573,0,1.71013,0.144379,1.55908
32.461496599,0,1.59233,0.0127798,0.110171,2.56623,0,1.32079,0.0221595,0.00426052,1.22233,0.119793,1.86941
32.507936508,0,1.32467,0.00673382,0.146108,2.65185,0,1.38369,0.0141377,0.0378324,1.12397,0.0560333,2.0304
32.554376417,0.0124208,0.996984,0.0047129,0.177167,2.68257,0,1.49108,0.0136083,0.0510398,1.12641,0,2.1588
32.600816327,0.0138444,0.748251,0.0274048,0.200652,2.61868,0,1.95509,0,0.0168029,0.885331,0,2.33966
32.647256236,7.62617e-05,0.908232,0.00469086,0.191998,2.29922,0.00778241,2.16483,0,0.000651675,0.883306,0,2.49888
32.693696145,0.125205,1.03957,0.0131341,0.17715,2.103,0,2.24893,0,0.00105815,1.05113,0.0240466,2.50922
32.740136054,0.199979,1.20544,0.0749913,0.138722,2.03278,0,2.21736,0,0.00421832,1.25186,0.0813806,2.3621
32.786575964,0.109246,1.44029,0.0577072,0.0897356,2.03347,0.00909632,2.14795,0.00862851,0.0320342,1.28125,0.102533,2.20407
32.833015873,0,1.58473,0.124392,0.079688,2.08368,0.0120328,1.97546,0.00445077,0.0223493,1.30358,0.122017,2.21739
32.879455782,0,1.60121,0.159782,0.106465,2.20053,0.00210505,1.97103,0,0,1.30355,0.083547,2.22282
32.925895692,0.159892,1.52088,0,0.134007,2.18643,0.0171544,1.95774,0.0239358,0,1.153,0.0243347,2.28563
32.972335601,0.0596489,1.31536,0.00213559,0.170328,2.10784,0.0477227,2.09573,0.0456194,0,0.820983,0,2.73806
33.018775510,0.0146242,0.973761,0.00468324,0.188309,2.57346,0.14674,1.94796,0.0315735,0,0.425438,0,2.86584
33.065215420,0,0.625875,0.00465151,0.268101,2.99806,0.0890744,1.46482,0.0228262,0.0931901,0.230633,0.0726295,2.88857
33.111655329,0,0.125998,0.00433476,0.433429,3.13823,0.0346895,1.27918,0.0143497,0.279169,0.0816333,0.155165,2.9331
33.158095238,0,0.107548,0.00412794,0.487729,3.13839,0,1.15892,0.00304052,0.454282,0.173456,0.0247938,2.97344
33.204535147,6.16013e-05,0.212926,0.00379588,0.397216,3.16078,0,0.96427,0.00568584,0.838389,0.0565581,0,2.90759
33.250975057,0,0.456614,0.00518574,0.368364,3.08057,0,0.776645,0.00441701,1.00961,0.141888,0.200881,2.87587
33.297414966,0.000172346,0.722904,0.00977612,0.524413,3.02764,0,0.594902,0,1.02793,0.144898,0.338697,2.8646
33.343854875,0.000387659,0.611187,0,0.679123,2.92709,0,0.598828,0,0.932314,0.129679,0.300333,3.01789
33.390294785,0.000343924,0.625623,0,0.6801,2.92286,0,0.569441,0,0.92349,0.203026,0.212093,3.08385
33.436734694,6.8706e-06,0.629327,0,0.579622,3.04575,0.000891053,0.559093,0.0036257,1.17875,0.350935,0,3.01249
33.483174603,0,0.599352,0,0.532974,3.05782,0.0335968,0.528911,0,1.4634,0.326511,0,2.96031
33.529614512,0,0.487185,0.00109287,0.441831,3.16551,0.0242819,0.353376,0.0106188,1.60439,0.591434,0.00654529,2.78399
33.576054422,0,0.470626,0.000325783,0.346101,3.32707,0.00258457,0.165214,0.0125249,1.53962,1.26931,0.0885589,2.56876
33.622494331,0,0.283234,0.00047687,0.308445,3.40104,0.00111256,0.0222906,0.0119247,1.56059,1.78294,0.0979773,2.47166
33.668934240,0,0.292866,0.00111997,0.289414,3.55451,0.000563214,0,0.012932,1.51497,1.77021,0.0636057,2.33787
33.715374150,0.0288313,0.397242,0,0.270545,3.68943,0.00642597,0.00471009,0.0169446,1.33213,1.80078,0.0275462,2.09858
33.761814059,0.125363,0.440486,0,0.109241,3.63351,0.0118947,0.117438,0.0227711,1.16408,1.7357,0.121554,2.07321
33.808253968,0.13035,0.576049,0,0.0978213,3.60281,0.02339,0.174945,0.0253563,1.09498,1.93279,0.240145,2.07204
33.854693878,0.0265792,0.571021,0.000266017,0.275955,3.45673,0.0118777,0.051421,0.0231943,1.57605,1.48221,0.0916298,2.32903
33.901133787,0,0.445195,0.00438362,0.469793,3.20869,0.00538684,0.0131975,0.012041,1.93964,0.966885,0.0525705,2.5561
33.947573696,0,0.343251,0.00316966,0.628451,3.15801,0,0.058545,0.00961523,1.96427,0.678342,0.0638222,2.71911
33.994013605,0,0.260877,0,0.633438,3.08064,0.00953814,0.106408,0.00701547,1.90342,0.609409,0.260267,2.88867
34.040453515,0,0.247516,0,0.685085,3.15009,0.0137319,0.0861284,0.00566598,1.71497,0.52263,0.222437,2.92711
34.086893424,0,0.228425,0,0.617386,3.22338,0.00679324,0,0.00554684,1.90836,0.374891,0.0102665,3.02987
34.133333333,0,0.140285,0,0.572194,3.23113,0.000790405,0.0979671,0.00302592,2.09349,0.243838,0,3.12282
34.179773243,2.7807e-05,0.0628151,0,0.558067,3.33462,0,0.319872,0.00147516,2.18924,0.206368,0,3.0553
34.226213152,0,0.0102739,0.000225288,0.515308,3.34038,0,0.457413,0.00325117,2.26765,0.185632,0,3.0078
34.272653061,0.00135269,0,0.0175623,0.504475,3.29584,0,0.542072,0,2.2397,0.166872,0,3.02145
34.319092971,0,0,0.0343406,0.449882,3.15934,0.000266967,0.570377,0,2.10263,0.168057,0,3.11074
34.365532880,0.00139766,0.00502297,0.0156291,0.450282,3.05324,0.00022876,0.50506,0,1.79595,0.178114,0,3.19032
34.411972789,0,0.0121965,0,0.58913,3.05222,0,0.401557,0.000807777,1.22338,0.230275,0.0284162,3.19285
34.458412698,0,0.0066153,0.347755,0.705519,2.97124,0,0.88479,0.00409497,0.586573,0.229309,0.344704,3.22846
34.504852608,0,0.00143998,1.35021,0.72551,2.13114,0,1.95105,0.00716764,0.136057,0.334061,0.381793,3.52584
34.551292517,0.000392458,0.00220847,2.04277,0.641399,0.945773,0,2.31131,0.000204139,0.0424081,0.643171,0.222549,3.94655
34.597732426,0.000508119,0.00198908,2.32899,0.551281,0.806369,0,2.38137,0.000120028,0,0.790149,0.0567357,3.76588
34.644172336,0.000547704,0.000575771,2.40325,0.477941,1.11056,0,2.57511,0.0125006,0,0.701908,0.143667,3.16215
34.690612245,0.000143175,0.000511542,2.40976,0.347817,1.04802,0.00388904,2.69281,0.0115753,0,0.94618,0.143249,3.21757
34.737052154,0,0.0867009,2.30714,0.254082,0.803195,0.0016769,2.76891,0.0128169,0,1.03686,0.152368,3.58577
34.783492063,0.0249388,0.0693499,2.31363,0.153911,0.585763,0.00314915,2.83813,0.0131768,0,1.26836,0.0212326,3.5025
34.829931973,0.109871,0.0110662,2.51418,0.170656,0.269528,0.000196021,2.93064,0.0114474,0.00530387,1.7109,0,3.09114
34.876371882,0.0788612,0.154989,2.77478,0.129808,0.0860544,0.000852,2.75086,0.0077353,0.0809241,1.97191,0,2.94874
34.922811791,0.000400812,0.299824,2.90666,0.0926867,0.00319205,0,2.60846,0,0.041053,2.05612,0,2.69465
34.969251701,0.000303044,0.273261,2.87775,0.0711034,0.14613,0.00823819,2.40945,0.0151739,0,2.17852,0.0486534,2.69291
35.015691610,0.000284385,0.153508,2.94726,0.0505957,0.39575,0.0115875,2.22724,0.0355813,0,2.16968,0.0946182,2.80728
35.062131519,0.000177051,0.0891905,2.95112,0.0558091,0.66062,0.0109125,2.26113,0.0459889,0,2.13709,0.139962,2.79048
35.108571429,0.000179831,0.11196,2.97644,0.0886906,0.824949,0.027186,2.23443,0.0630358,0,2.06693,0.0746801,2.75174
35.155011338,0.000167093,0.144032,2.74194,0.0991294,0.794994,0.0201816,2.14405,0.0321195,0,2.02426,0.119598,2.65287
35.201451247,7.11451e-05,0.32588,2.61771,0.00787376,0.612454,0.0131142,2.05043,0.00767071,0,1.92193,0.11059,2.53695
35.247891156,0.0962695,0.49044,2.39375,0.0273072,0.62711,0.0244326,2.29132,0.0492773,0.00634073,1.89671,0.0975011,2.19596
35.294331066,0.0778388,0.601337,1.97921,0.0249361,1.4925,0.0322593,2.0256,0.208275,0.00471525,1.936,0.388782,1.34338
35.340770975,0.245876,0.506501,1.51713,0.0409265,1.85563,0.129009,1.33577,0.552232,0.00518724,2.14787,0.583762,0.702152
35.387210884,0.177969,0.574062,1.94066,0.0368607,1.80335,0.0698392,0.6183,0.129202,0,2.68761,0.186043,0.702478
35.433650794,0.024707,0.67062,1.96301,0.309772,1.66718,0.0295874,0.30441,0.0210189,0,2.16336,0.65338,0.786399
35.480090703,0.0400631,0.552066,1.86257,0.558275,1.25265,0.0174512,0.621171,0.0232854,0.0140171,1.45331,0.820733,0.789816
35.526530612,0.00752528,0.357013,2.11066,0.439218,0.625759,0,0.797704,0.0403875,0.0127441,1.85516,0.602156,1.02515
35.572970522,0.00716853,0.198898,2.16011,0.122015,0.845914,0,0.782057,0.0824579,0.153158,2.58754,0.0453761,0.996154
35.619410431,0,0.167191,2.22349,0.00884615,1.16922,0,0.818133,0.0903095,0.119612,3.02407,0,0.959343
35.665850340,0,0.208486,2.17022,0.0475939,1.23378,0,0.804251,0.104014,0.0328762,3.36561,0,0.965246
35.712290249,0,0.22844,1.97165,0.197773,1.18886,0.0036694,0.832469,0.0946193,0,3.63961,0.0293793,0.899232
35.758730159,0,0.230695,1.69494,0.0416807,1.13072,0.0144278,0.926983,0.0792446,0,3.77275,0.0922619,0.974013
35.805170068,0.0118145,0.200678,1.20903,0.0169329,1.02595,0.0589333,0.913086,0.049421,0,3.70589,0.100838,1.00245
35.851609977,0.0152871,0.18494,1.16458,0.0120668,0.879263,0.404212,0.905929,0.00921218,0.0443186,3.06424,0.0876384,1.15608
35.898049887,0,0.15449,1.44517,0,0.710551,0.485106,0.560561,0.095301,0.316608,2.47343,0.0682321,0.926485
35.944489796,0.270661,0.218188,1.55025,0.0159811,0.798518,0.305387,0.429703,0.187529,0.269783,2.4246,0.295624,0.943
35.990929705,0.316573,0.410986,1.47234,0.0405387,0.824566,0.234925,0.818724,0.272027,0.199987,2.27888,0.422417,0.591111
36.037369615,0.318996,0.382724,1.16995,0.0149848,1.14408,0.10451,0.969547,0.336701,0.186452,2.41284,0.369927,0.527116
36.083809524,0.316055,0.30997,1.33796,0.0332338,1.28507,0,0.925629,0.379013,0.153976,2.58587,0.244423,0.478617
36.130249433,0.154078,0.691812,2.06865,0.0149085,0.75822,0,0.261777,0.357599,0.0652449,2.51564,0.122579,0.771378
36.176689342,0,0.791144,2.3414,0.0119158,0.815285,0,0.558582,0.174003,0.44085,2.26169,0.0693398,0.0488983
36.223129252,0,0.898458,2.42594,0.0131157,0.850436,0,0.565554,0.012123,1.08782,1.63825,0.00900985,0.000230754
36.269569161,0,0.795846,2.44658,0.0146922,0.907102,0,0.669105,0.00737822,1.17682,1.24495,9.58285e-05,5.80992e-05
36.316009070,0,0.598211,2.47055,0.0147994,0.993163,0,1.18715,0.0241893,0.680054,1.46689,0.00838132,0
36.362448980,0.0223664,0.170191,2.12179,0.0141791,1.1856,0,1.66827,0.0115713,0.155191,2.60455,0.0191725,2.86917e-05
36.408888889,0.0233071,0.198554,2.01773,0.0143109,0.913232,0,1.37187,0.0292872,0,3.08007,0.176705,0
36.455328798,0.0150854,0.247249,2.20308,0.0157454,0.588137,0,1.2574,0.10784,0,3.10012,0.0774569,0
36.501768707,0.145866,0.296315,2.80649,0.12681,0.248663,0.0212084,1.1685,0.401197,0,3.05016,0,0.143159
36.548208617,0.479409,0.338349,2.80523,0.112209,0.026751,0.00571689,0.953757,0.447275,0,2.90579,0,0.699194
36.594648526,0.539312,0.382897,2.58504,0.0972517,0,0.0141559,0.758077,0.561681,0.0638337,2.46494,0.00750897,1.05374
36.641088435,0.640766,0.618316,2.16347,0.0880817,0,0.0176759,0.644795,0.765272,0.191149,1.96663,0.010538,1.23751
36.687528345,0.87566,0.872297,0.591453,0.0735865,0,0.119298,0.716698,0.427848,0.424701,2.14668,0.00214588,0.864887
36.733968254,0.941982,0.768771,0.635197,0.12533,0.345673,0.0499801,0.789276,0.0946056,0.419026,2.02214,0.259482,0.907779
36.780408163,0.592483,0.483476,0.852071,0.126253,0.784119,0.355639,1.24413,0.275706,0.340194,1.93492,0.389622,0.569221
36.826848073,0.0899402,0.55248,0.754962,0.0997698,1.09244,0.241545,1.24818,0.37975,0.538583,1.76219,0.312199,0.603058
36.873287982,0.0943222,0.504878,0.372719,0.0109076,1.50991,0.193026,1.00996,0.527722,0.759167,1.03512,0.164233,0.735601
36.919727891,0.0750774,0.557172,0.246821,0.0157949,1.36831,0.119684,0.573024,0.263719,0.869017,0.725602,0.405568,0.377091
36.966167800,0.0243662,0.566924,0.560481,0.0434927,0.926034,0,0.620972,0.207247,0.998123,1.21192,0.177395,0.386147
37.012607710,0,0.484203,0.568731,0.0738975,0.725315,0,0.791846,0.230009,0.87827,2.34955,0,0.356948
37.059047619,0.433899,0.96564,0.501393,0.0156451,0.518506,0,0.512515,0.288466,0.20108,3.13661,0,0.856158
37.105487528,0.616353,0.837579,0.814796,0.0856432,0.405444,0,0.163106,0.528882,0.0717449,2.81412,0,1.25014
37.151927438,0.629238,0.657365,0.915923,0.227871,0.225653,0,0.0612708,0.600158,0.315438,2.48745,0,1.37981
37.198367347,0.639741,0.569035,0.868661,0.256486,0.163127,0.00981112,0.0647729,0.609717,0.518974,2.19888,0,1.57172
37.244807256,0.528373,0.477249,0.600867,0.273653,0.213088,0.0242066,0.0395593,0.398204,0.83655,1.76608,0,1.99322
37.291247166,0.378902,0.306779,0.400064,0.0888558,0.405484,0,0.130383,0.00251089,1.01713,2.06214,0,2.07209
37.337687075,0.271432,0.316919,0.773404,0.327838,0.503203,0,0.605453,0.00282647,0.950729,2.25755,0,1.37934
37.384126984,0.731143,0.338956,0.162902,0.313098,0.3617,0.159808,0.288424,0,0.864113,2.39724,0,0.833848
37.430566893,0.452326,0.747806,0.224892,0.0668497,0.842435,0.345171,0.503851,0.0775699,1.06077,2.45604,0,0.561581
37.477006803,0.369988,1.22677,0.443525,0.0319287,0.984541,0.282846,0.566708,0.0771778,1.04381,2.68144,0.193007,0.618796
37.523446712,0.648752,1.58846,0.41556,0.0340248,0.885661,0.00572289,0.548444,0.0585652,0.831944,2.98534,0.289881,0.552159
37.569886621,0.684819,1.86734,0.316909,0,0.888399,0.0236603,0.520014,0.0162631,0.728339,2.98513,0.294208,0.327015
37.616326531,0.703247,1.94549,0.00560997,0.00184205,0.848358,0.0293866,0.92256,0.00794599,0.780398,3.2129,0.112483,0.178137
37.662766440,0.267681,2.17503,0,0,0.7885,0.0358579,1.0326,0.00861902,0.471146,3.25637,0.100498,0.11948
37.709206349,0.0580271,2.40374,0,0,0.759245,0.0362306,1.2064,0.0159422,0.132513,3.41169,0,0.162418
37.755646259,0,2.24834,0,0,0.621827,0.0309258,1.55394,0.0504516,0.107044,3.68812,0,0
37.802086168,0,2.21222,0,0,0.528779,0.0305979,1.63258,0.0510336,0.0855076,3.93338,0,0
37.848526077,0,2.28383,0,0,0.513735,0.0295061,1.50324,0.0528336,0.0979042,4.00772,0,0.0135568
37.894965986,0,2.05355,0,0.0838006,0.629838,0.0279212,1.34694,0.0524942,0,4.1322,0,0.013803
37.941405896,0,1.75113,0,0.0366138,0.722416,0.0293463,0.973711,0.0525402,0,4.32484,0,0.0674095
37.987845805,0,1.70841,0.327825,0.0161756,0.569827,0.0295779,0.479791,0.096244,0,4.3543,0,0.0681486
38.034285714,0.144138,1.13042,1.25565,0.0944835,0.493348,0.0399493,0.448059,0.244421,0,4.00847,0,0.441907
38.080725624,0.255727,0.849106,1.50096,0.154803,0.438197,0.125294,0.544794,0.668931,0,3.5469,0,0.503835
38.127165533,0.283888,1.0163,1.44524,0.158732,0.429495,0.0861653,0.621521,1.1188,0.0666638,2.6652,0,0.589139
38.173605442,0.434034,1.47009,0.955373,0.0858631,0.498513,0.0536574,0.707265,0.737981,0.256708,2.21527,0,0.628141
38.220045351,0.419323,1.0158,0.345192,0.100009,0.691029,0.621807,0.901223,0.0502484,0.589153,1.94673,0.0157541,0.575514
38.266485261,0.262673,0.714446,0.419339,0.604835,0.739317,0.576122,1.03634,0.0625287,0.361574,2.17962,0.0566343,0.24946
38.312925170,0.0596808,0.943765,0.190412,0.948667,1.1941,0.132623,0.891895,0.160048,0.390926,2.69262,0.321365,0.227177
38.359365079,0.0429092,1.00545,0.00545391,0.655261,1.83763,0.0283666,0.741598,0.0718949,0.505842,3.29479,0.188252,0.205526
38.405804989,0.0732801,1.23981,0,0.219164,2.38847,0.0464039,0.186324,0.109284,0.97372,3.24667,0.182573,0.193663
38.452244898,0.0595169,1.49023,0,0.0469622,2.01928,0.0394118,0.601912,0.00987535,0.968991,2.79196,0.585988,0.188122
38.498684807,0.124258,1.50911,0,0,1.58668,0.0322966,0.6952,0.000818958,0.802624,3.20913,0.320525,0.123579
38.545124717,0.0254971,1.33466,0.163529,0,1.11643,0.0290696,0.70156,0.267897,0.298366,3.68387,0,0.146775
38.591564626,0.482065,0.861251,0.458891,0.0288121,0.913972,0.0376239,0.358557,0.566662,0,3.59601,0,0.901094
38.638004535,0.518764,0.599549,0.520628,0.482521,1.17737,0.0411148,0.206779,0.587525,0.075967,3.24201,0,1.12506
38.684444444,0.539027,0.427851,0.716462,0.613004,1.36084,0.0383783,0.167397,0.611479,0.197067,2.93626,0,1.40521
38.730884354,0.471683,0.370978,0.538994,0.546784,1.66979,0.0339285,0.114214,0.686548,0.287573,2.8562,0,1.71157
38.777324263,0.292781,0.632579,0.166367,0.164193,1.89775,0.0311481,0.304294,0.234139,0.407301,2.86046,0,1.63722
38.823764172,0.171299,0.88258,0.0325325,0.00977102,1.78831,0.032628,0.582294,0.0485399,0.203191,3.04414,0,1.36461
38.870204082,0.167035,0.556719,0,0.0059672,1.70864,0.0329966,0.79246,0.0365991,0.161906,3.0749,0,0.970515
38.916643991,0.319276,0.306648,0.123125,0.185357,2.05762,0.168533,0.560703,0.238259,0.231332,2.53224,0,0.959266
38.963083900,0.0682659,0.173356,0.147777,0.0785801,2.31944,0.230529,0.55357,0.347342,0.138988,2.40428,0.171453,0.792917
39.009523810,0.195343,0.292836,0.294581,0.0450787,2.35869,0.0228893,0.321654,0.411489,0.0952279,2.33146,0.234966,0.710294
39.055963719,0.165787,0.303351,0.196157,0.0104893,2.2375,0,0.258158,0.318003,0.438952,2.59227,0.269574,0.667385
39.102403628,0.152643,0.30611,0.034685,0.00691879,2.63225,0,0.193206,0.0869912,0.887808,2.49816,0.176198,1.01575
39.148843537,0.118042,0.307948,0,0.0411082,2.8013,0.00677053,0.264289,0.0130929,1.02323,2.39366,0.162482,1.06907
39.195283447,0.0669451,0.324674,0,0.0497459,2.96748,0.00839634,0.229129,0.0229191,1.29033,2.3126,0.103954,1.01007
39.241723356,0.0161302,0.328027,0,0.00342122,3.11021,0.0099694,0.146697,0.0338193,1.40028,2.3917,0.0137905,0.950968
39.288163265,0.00933025,0.281865,0,0.00559255,3.29482,0.0117727,0.129004,0.0247898,1.33828,2.83472,0,0.728197
39.334603175,0,0.225697,4.56504e-05,0.00631687,3.1924,0.0243274,0.18707,0,0.987689,2.97294,0.00038197,0.551654
39.381043084,0,0.185343,0,0.00598576,3.03625,0.0476209,0.235391,0,0.937317,2.31208,0.00071371,0.457363
39.427482993,0,0.195425,0,0.00581769,3.03047,0.0581463,0.272325,0.000303698,1.01181,1.69977,0.000787248,0.549608
39.473922902,0,0.161026,0.253725,0.0354841,2.84987,0.0475875,0.197119,0.224119,1.04117,1.31556,0.000776132,0.933186
39.520362812,0.122306,0.250553,0.730194,0.11168,2.22872,0.0580394,0.117994,0.445645,0.938681,1.19194,0.0149723,1.18782
39.566802721,0.467845,0.249899,1.08123,0.0864424,1.51167,0.0415986,0.130801,0.628053,1.13889,1.09068,0.0128665,0.939456
39.613242630,0.57976,0.493876,1.17265,0.0840979,0.973647,0.0188517,0.144659,0.59724,1.21798,1.03379,0.0121973,0.756508
39.659682540,0.487606,0.301316,1.04493,0.134505,0.898353,0.0178627,0.219736,0.307651,1.58734,0.764893,0.0490608,0.59345
39.706122449,0.473388,0.34292,1.05422,0.168654,1.08314,0.0296002,0.284232,0.0589034,1.92946,0.253237,0.040284,0.193741
39.752562358,0.374564,0.38092,1.1378,0.162088,1.10832,0.227878,0.287595,0.0124127,1.73228,0.0689881,0.17508,0.251337
39.799002268,0.237183,0.58443,1.1312,0.132661,1.20748,0.286292,0.184011,0.264129,1.41135,0.313817,0.211192,0.277267
39.845442177,0.142701,0.63052,1.04363,0.0427298,1.295,0.15807,0.0315973,0.507569,0.878327,2.0158,0.11504,0.43046
39.891882086,0.158162,0.712728,0.787873,0.0218096,1.26782,0.000692262,0,0.515086,0.287139,3.05921,0.127966,0.643114
39.938321995,0.0849084,0.733804,0,0.361062,1.57139,0.01293,0,0.00421502,0.588141,3.48091,0.0987294,0.556796
39.984761905,0.0176801,1.12702,0,0.000122977,1.83377,0.143101,0,0.0062972,0.844274,3.44006,0.113584,0.287966
40.031201814,0,0.957716,0.224721,0.00770594,1.97593,0.442213,0.0119874,0.01191,0.942027,3.21538,0.00426614,0.441425
40.077641723,0.376746,0.92679,1.00456,0.0184863,1.00151,0.476675,0.101592,0.457154,1.02454,2.62061,0,1.45246
40.124081633,0.532683,0.602648,1.09794,0.19243,0.321842,0.219088,0.108538,0.544706,0.787339,1.55701,0,2.82673
40.170521542,0.670197,0.347944,0.932374,0.467073,0.573558,0.131429,0.15946,0.51353,0.546622,0.757009,0,3.29071
40.216961451,0.62514,0.359609,0.646201,0.796635,0.877215,0.0462784,0.287441,0.530152,0.385225,0.501273,0,3.38924
40.263401361,0.57912,0.237777,0.124407,1.08794,1.10639,0.0158763,0.44896,0.306109,0.870075,0.516389,0,3.26357
40.309841270,0.575626,0.026681,0,0.862002,0.796738,0.0134881,0.413699,0.106912,2.02584,0.426431,0,2.77207
40.356281179,0.721923,0,0,0.630227,0.590583,0.0135185,0.514087,0.000613473,1.92655,0.510014,0,2.5982
40.402721088,0.670344,0.32783,0.167697,0.425365,0.614761,0.399592,0.666597,0,0.817576,0.381508,0,2.90446
40.449160998,0.3694,0.167637,0.172486,0.205104,0.624491,0.467537,0.757956,0.0144977,0.534479,0.451374,0.490274,3.4324
40.495600907,0.147806,0.0138912,0.375133,0.112513,0.58768,0.852527,1.1579,0.0400631,0.309702,0.605401,0.506293,3.42868
40.542040816,0.0895882,6.85961e-05,1.24977,0.127333,0.5523,0.646833,1.58404,0.09148,0.123094,0.552529,0.324313,3.18117
40.588480726,0.0137056,7.45474e-05,1.56822,0.111287,0.28118,0.142225,1.91729,0.545211,0.214407,0.550039,0.114126,3.01335
40.634920635,0.00724345,0.202493,1.51987,0.200792,0.246246,0.11492,1.84564,0.681256,0.416811,0.569063,0.0890993,3.04303
40.681360544,0.00348642,0.106101,1.74533,0.21663,0.3367,0.0891791,1.79083,0.445193,0.713549,1.26296,0.0488129,3.01283
40.727800454,0.00748282,0.0726094,2.06529,0.380502,0.466181,0,1.63895,0,0.869638,1.32676,0.0234384,3.08593
40.774240363,0.0444332,0.00870256,1.98098,0.68628,0.597492,0,1.33722,0,1.1239,1.41325,0.0172001,3.286
40.820680272,0.000227148,0.00143562,1.71856,0.770041,0.544819,0,1.26981,0,1.17067,1.67491,0.0231481,3.58051
40.867120181,0.0388268,0.00784132,1.52519,0.739548,0.490819,0,1.14681,0,1.06982,1.72829,0.0296126,3.63877
40.913560091,0.046947,0.000735804,1.40947,0.618255,0.476306,0,0.973575,0,1.12958,1.65396,0.033655,3.5649
40.960000000,0.000216279,0.000364501,1.7151,0.460987,0.439721,0,0.845983,0.000503828,1.20944,1.40561,0.030914,3.54587
41.006439909,0.0733836,0,2.22963,0.214083,0.0119694,0.123826,0.602908,0.413043,0.916822,0.938738,0.0356818,3.36222
41.052879819,0.674174,0.184267,2.34335,0.169032,0.0173495,0.208653,0.739164,0.670213,0.611432,0.523697,0.123298,2.75608
41.099319728,0.72385,0.420256,2.46449,0.182051,0.0770994,0.206196,0.791124,0.850124,0.425456,0.362491,0.029884,2.50928
41.145759637,0.714181,0.624202,2.41733,0.165632,0.154976,0.139937,0.96929,0.632747,0.545002,0.325256,0,2.52724
41.192199546,0.804516,0.771438,1.92298,0.131013,0.173568,0.449846,0.414571,0.103724,0.816485,0.706808,0.000242782,2.5762
41.238639456,0.644604,0.100016,0.849578,0.106294,0.584181,0.953238,0.460124,0.0262889,0.870678,1.07043,0.122218,2.69226
41.285079365,0.328593,0.0459443,1.13137,0.094978,0.88748,0.82767,0.349254,0.41762,0.850515,0.896938,0.400696,2.52911
41.331519274,0.209261,0.467584,1.00422,0.217068,1.17305,0.739512,0.252306,0.631417,0.800511,0.810709,0.560671,2.30858
41.377959184,0.0642197,1.20264,0.349338,0.481934,1.21969,1.138,0.0804754,0.379609,1.21833,0.782553,0.447303,1.87719
41.424399093,0.1932,0.817033,0,0.360324,0.402096,1.32306,0.579068,0.00758286,2.74163,1.13645,0.138512,1.73367
41.470839002,0.230265,0.271494,0.015803,0.0743003,0.235739,1.14263,0.737612,0,2.86622,1.18537,0.108036,1.16244
41.517278912,0.237194,0.101212,0.00169845,0.0623509,0.0114577,0.855146,0.466474,0.015417,2.73041,1.11408,0.0428729,0.986851
41.563718821,0.480845,0.431992,1.13816,0.305363,0.0535724,0.118048,0.237324,0.210075,2.24384,0.630504,0.012141,1.20684
41.610158730,0.717235,0.641192,1.27648,0.492364,0.145872,0,0.0829986,0.511362,1.80578,1.15207,0.026329,1.22773
41.656598639,0.386462,0.699075,1.3481,0.23951,0.23082,0.0185659,0.0852722,0.604474,1.69857,1.66844,0.0284588,1.22033
41.703038549,0.278236,0.720977,1.33419,0.199949,0.260323,0.0329102,0.149824,0.620819,1.3699,2.14844,0.0156133,1.1737
41.749478458,0.174768,1.05332,1.17616,0.212006,0.268135,0.0679845,0.500193,0.518667,0.679334,2.52403,0.00578522,1.08163
41.795918367,0.125814,1.51827,0.425006,0.418021,0.135971,0.0462892,0.624356,0,0.779948,2.45248,0.0388014,0.776532
41.842358277,0.114311,1.59298,0,0.656167,0.0332084,0.0423582,0.604677,0,1.4896,2.54311,0,0.451756
41.888798186,0.443063,1.63504,0.0135961,0.786628,0.0288282,0.0384375,0.423006,0.0105485,2.16931,1.41164,0.000569293,0.46838
41.935238095,0.579452,0.771374,0.15692,0.748862,0.0663546,0.108914,0.375591,0.198359,3.01984,0.40272,0.131581,1.03297
41.981678005,0.422885,0.651342,0.70425,0.774487,0.257348,0.174123,0.229441,0.154234,2.84882,0.638206,0.142297,0.765851
42.028117914,0.308509,0.545171,0.862904,0.849924,0.471451,0.0893384,0.179099,0.199792,2.10786,1.62674,0.129181,0.658485
42.074557823,0.397766,0.0344481,1.30292,0.48485,0.849847,0.118883,0.213273,0.254293,1.35438,2.01888,0.127396,0.568547
42.120997732,0.412479,0.000304731,1.45102,0.326283,0.499958,0,0.0728458,0.26145,1.67728,1.66841,0.144464,0.671407
42.167437642,0.291745,0.000866363,1.40461,0.640906,0.0690695,0,0.0609115,0.179798,2.09322,1.08036,0.151587,0.197646
42.213877551,0.256983,0.00112366,1.69045,0.713333,0.0437133,0,0.680239,0,2.42598,0.613806,0.0355059,0.00257275
42.260317460,0.24083,0.00143428,1.82745,0.758648,0.0614744,0,0.780345,0,2.46433,0.670251,0,0.0265184
42.306757370,0.224068,0.0189988,1.81389,0.76088,0.0946142,0,1.07271,0,2.3418,0.880702,0,0
42.353197279,0.116764,0.176428,1.40257,1.20386,0.122584,0.00185131,1.21488,0.0549813,1.05375,1.92269,0.00859873,0
42.399637188,0,0.335485,1.44576,0.696657,0.466978,0,1.38365,0.00931734,0.0422426,2.68999,0.386018,0
42.446077098,0,0.309772,1.30588,0.547183,0.417607,0,1.44789,0.0116427,0,3.15343,0.190765,0
42.492517007,0.0365481,0.164256,1.61503,0.313544,0.228806,0,1.47519,0.0709382,0,3.33652,0,0.0319125
42.538956916,0.480357,0.0673493,1.58824,0.82463,0.0426787,0,1.00002,0.166137,0,3.44109,0,0.987785
42.585396825,0.573121,0.0857729,1.65918,0.938169,0.0705541,0.00248821,0.924966,0.217545,0,3.00988,0,1.14274
42.631836735,0.609731,0.270452,1.62033,0.772906,0.198623,0.00390591,0.855965,0.336736,0.00378377,2.63008,0,1.11821
42.678276644,0.752701,0.992198,1.22117,0.218062,0.327877,0,0.142458,0.174174,0.1566,2.6445,0.00490916,0.917246
42.724716553,0.986763,0.944759,0.426008,0.199419,0.803976,0.0682999,0.524503,0.00243808,0.413116,2.79125,0.148394,0.871116
42.771156463,0.899892,0.827846,0.203141,0.17946,1.05593,0.392948,0.832316,0.123542,0.444481,2.59411,0.239778,0.559143
42.817596372,0.769999,0.861541,0.00492196,0.208576,1.14857,0.209394,0.806349,0.1599,1.49768,1.93664,0.271802,0.434308
42.864036281,0.625496,1.12139,0.116323,0.203474,1.40373,0.153058,0.4864,0.124943,1.81657,1.0726,0.182923,0.592291
42.910476190,0.0965663,0.908219,0.267186,0.623809,1.35222,0.136004,0.175256,0.126386,1.73124,1.3911,0.117741,0.417275
42.956916100,0.0100249,0.975102,0.64254,0.229679,0.867578,0,0.524938,0.021264,1.62988,1.92174,0.0876651,0.155339
43.003356009,0,1.13918,0.578039,0.012539,0.75498,0,0.847858,0.0266352,1.37842,2.4621,0.0109444,0
43.049795918,0.124377,1.83724,0.982558,0.0151479,0.621889,0,0.694898,0.213805,0.61384,2.77655,0,0.167269
43.096235828,0.615595,2.13496,1.0943,0.0149799,0.525276,0,0.0225115,0.593551,1.03169,2.0673,0.0142441,1.24685
43.142675737,0.75959,1.63918,1.05975,0.0542957,0.498114,0,0.0301185,0.660549,1.17049,1.91241,0.00986051,1.67419
43.189115646,0.678494,1.35471,1.01412,0.082761,0.476151,0.0235231,0.0142444,0.578648,0.907015,2.38376,0,1.55664
43.235555556,0.489704,1.25905,0.926147,0.0137463,0.597039,0,0,0.367405,1.15804,2.43639,0,1.4288
43.281995465,0.377897,1.10405,0.689287,0.014634,0.633612,0.0853834,0.0753012,0.0112282,1.30974,2.37549,0,1.65225
43.328435374,0.276224,1.12542,0.223611,0.0573274,0.498558,0.0118431,0.38085,0.0137177,1.22005,2.71977,0,1.46904
43.374875283,0.671432,0.946379,0.239231,0.521856,0.118135,0.0936562,0.502067,0.0141939,1.52042,2.27994,0,1.19552
43.421315193,0.577747,0.605276,0.342579,0.652898,0.239056,0.414221,0.685352,0.0787674,1.96775,1.69694,0,0.910312
43.467755102,0.410229,0.583106,0.527797,0.559611,0.484553,0.538703,1.25266,0.077826,1.83955,1.4781,0.402937,0.449901
43.514195011,0.861246,1.03431,0.434564,0.375929,0.492748,0.402258,1.35168,0.0542176,1.53514,1.65644,0.294323,0.344465
43.560634921,0.93888,1.46006,0.232022,0.657224,0.532467,0.368572,1.07566,0.00920581,1.65137,1.61472,0.155198,0.247573
43.607074830,0.725747,2.06223,0,0.882314,0.278222,0.147107,0.737313,0,2.19214,1.29919,0.134606,0.37304
43.653514739,0.307407,2.42501,0,0.670964,0.176666,0.0357028,1.14837,0,2.55502,1.05233,0.118469,0.274718
43.699954649,0.284491,2.65977,0,0.623971,0,0.0381327,1.29764,0,2.62507,1.12217,0.0402827,0.155225
43.746394558,0.230953,2.51214,0,0.612008,0,0.0345937,1.41202,0.0382272,2.71922,1.21726,0.00385014,0.192083
43.792834467,0.316293,2.35674,0,0.603135,0,0.0320461,1.17354,0.0406094,2.75854,1.28274,0.00349946,0.301686
43.839274376,0.260867,2.09481,0,0.492477,0.294425,0.0297874,1.09352,0.0427474,2.58749,1.72784,0.00387911,0.0350802
43.885714286,0.0482455,1.9612,0,0.248585,0.545749,0.0278942,0.766115,0.0508815,1.51948,3.34367,0.00377604,0.217654
43.932154195,0,1.98997,0,0.188971,0.587378,0.0294675,0.738313,0.0521341,0.168483,3.98516,0.00115952,0.183449
43.978594104,0,1.89363,0.435537,0.083934,0.540865,0.0307755,0.786996,0.0489894,0,4.07768,0,0.11336
44.025034014,0.158749,1.49965,1.38006,0.118446,0.337613,0.0385927,0.684987,0.198798,0,3.7029,0,0.445831
44.071473923,0.358935,1.10476,1.73583,0.210281,0.109026,0.119579,0.778528,0.465228,0,3.075,0.00570945,0.69481
44.117913832,0.39522,1.27661,1.63994,0.224515,0.0903328,0.0810326,0.801074,0.950667,0.0226429,2.43134,0.0765659,0.635324
44.164353741,0.469085,1.809,1.37234,0.213171,0.0950645,0.0720957,0.72605,0.828514,0.38872,2.20503,0.089369,0.437439
44.210793651,0.308306,2.18447,0.700063,0.0812989,0.427973,0.179158,0.768185,0.0513961,1.11465,2.01927,0.00167916,0.496553
44.257233560,0.234528,1.73731,0.475112,0.0611193,0.702053,0.33721,0.814478,0.0707148,1.4629,1.74091,0.180337,0.319794
44.303673469,0.065109,1.53045,0.180505,0.0688235,1.17978,0.305237,1.17969,0.0908148,1.42665,1.58484,0.585637,0.236462
44.350113379,0.0382886,1.78935,0.0810943,0.0370636,1.66349,0.0259953,1.57063,0.0821916,1.23657,1.1057,0.531472,0.221838
44.396553288,0.0410181,1.7123,0.0146314,0.0693798,1.63579,0.0395196,1.858,0.0523479,0.697277,1.71475,0.296351,0.47966
44.442993197,0.030531,1.38153,0,0.054737,0.72186,0.0385994,2.31033,0.00163403,0.461838,2.49344,0.672832,0.167166
44.489433107,0.0660821,1.33129,0,0.0588646,0.549443,0.0324022,2.22491,0.0471049,0.378914,3.09239,0.241168,0.26344
44.535873016,0,1.23085,0,0,0.737472,0.0270865,1.80632,0.176978,0.28708,3.23942,0,0.157296
44.582312925,0.433398,1.1507,0.378849,0,1.48485,0.0361248,0.517439,0.566221,0.832285,2.61165,0,0.960999
44.628752834,0.491228,0.794159,0.349506,0.00787947,1.57374,0.0372121,0.280116,0.678784,1.60893,2.06904,0,1.12003
44.675192744,0.439164,0.73478,0.404645,0.0134271,1.61666,0.0344188,0.176844,0.693374,1.61389,2.21505,0,1.12864
44.721632653,0.381861,0.804032,0.219281,0.0162363,1.73401,0.0307101,0.226489,0.604076,1.14862,2.60144,0,1.14659
44.768072562,0.310134,1.11454,0,0,1.77774,0.0281373,0.548355,0.226773,0.767267,2.90836,0,1.21456
44.814512472,0.228664,1.19165,0,0,1.41141,0.0283493,0.800923,0.048754,0.259327,3.41879,0,1.26932
44.860952381,0.131632,0.997368,0,0,1.56448,0.0328212,0.661633,0.0326363,0.215133,3.41355,0,1.12429
44.907392290,0.298557,0.6458,0.13851,0.125587,2.03124,0.701051,0.357261,0.249818,0.367922,2.43689,0,1.1509
44.953832200,0.0378604,0.801305,0.0977571,0.0452924,2.16666,0.290114,0.286658,0.438401,0.880194,1.92632,0.25749,1.17982
45.000272109,0.117356,0.891495,0.235826,0.0933325,2.13895,0.0365501,0.361669,0.499038,1.59257,0.388284,0.231518,1.17174
45.046712018,0.186154,0.796196,0.304807,0.0947669,2.15264,0.0303306,0.219847,0.415019,1.77076,0.240089,0.262165,0.991404
45.093151927,0.229695,0.264251,0.0257537,0.0875909,3.16322,0.028448,0.171405,0.293828,1.6937,0.50241,0.179877,0.796179
45.139591837,0.120006,0.266496,0,0.145241,3.31086,0.00639104,0.142447,0.145436,0.447482,2.32037,0.297052,0.824325
45.186031746,0.057909,0.242799,0,0.416886,3.394,0.00959207,0.0580231,0.0742294,0.59744,2.83889,0.180704,0.693995
45.232471655,0.00524163,0.161133,0,0.0785471,3.41313,0.0106749,0.0913597,0.0789378,0.617775,3.00677,0.237994,0.700187
45.278911565,0,0.137649,7.92109e-06,0.0798029,3.42605,0.0116729,0.16631,0.0210989,0.657393,3.13323,0.0907384,0.768773
45.325351474,0,0.154205,3.88708e-06,0.093585,3.56502,0.0106505,0.231068,0.0103235,1.0927,2.91675,0,1.24679
45.371791383,0,0.127546,4.15644e-06,0.0693923,3.44978,0.0115694,0.223349,0.0111064,1.22379,2.43307,0,1.63704
45.418231293,0,0.152623,0,0.0675456,3.44302,0.0134916,0.189506,0.0124293,1.26575,2.32924,0.000851033,1.53402
45.464671202,0,0.182297,0.0955987,0.0530133,3.28737,0.0130299,0.191336,0.182203,1.48377,2.03454,0.0025257,1.4947
45.511111111,0.0110035,0.294234,0.86938,0.0398957,2.6076,0.0126584,0.127302,0.368125,1.74121,1.60521,0.0286525,1.26414
45.557551020,0.235398,0.471435,1.48268,0.0172851,1.76333,0.0139562,0.062443,0.366491,1.83326,1.51148,0.0156402,0.931271
45.603990930,0.275247,0.56556,1.89637,0.00600285,0.88053,0.016636,0.00416644,0.329205,1.71295,1.89931,0.0171016,0.662524
45.650430839,0.341586,0.641794,1.83408,0.0923442,0.873793,0.018849,0,0.254732,0.741106,2.46092,0.0413674,0.629236
45.696870748,0.285633,0.98343,1.28204,0.00595498,1.36851,0.0287841,0.00531254,0.0994629,0.251067,2.52393,0.0100247,0.6297
45.743310658,0.245488,1.23651,1.12183,0.0506249,1.364,0.144897,0.30715,0.199648,0.0799778,2.28272,0.183505,0.639227
45.789750567,0.14866,0.971821,1.18733,0.108444,0.98336,0.417378,0.434046,0.480531,0.0987742,1.94396,0.290697,0.840644
45.836190476,0.138904,0.827875,0.905739,0.025952,1.1223,0.30595,0.156084,0.346038,0.207587,2.39243,0.175802,0.944901
45.882630385,0.129488,1.17451,0.200257,0.00257387,1.74842,0,0.0487418,0.221034,0.264996,2.97181,0.111883,0.775214
45.929070295,0.0756574,1.22229,0,0.0797733,1.99222,0.0115907,0.0230524,0.0125814,0.94623,3.00014,0.0966916,0.520425
45.975510204,0.0262079,1.1095,0.0394867,0.0463755,2.08073,0.00517369,0.0444649,0.0132319,1.20409,2.96413,0.115388,0.287968
46.021950113,0,0.92399,0,0.0824385,1.95928,0.00600671,0.00457929,0.0135891,1.39003,2.88918,0.0017057,0.419105
46.068390023,0.382744,1.00703,0.38357,0.121962,2.00056,0.014409,0,0.264841,1.01054,2.5558,0.311211,0.89528
46.114829932,0.604927,0.659653,0.518794,0.246876,2.25788,0.017005,0,0.505768,0.412137,1.91848,0.536029,1.36318
46.161269841,0.624692,0.350275,0.435656,0.312953,2.22874,0.0167078,0.0778147,0.551727,0.288005,1.50721,0.429128,2.4208
46.207709751,0.621017,0.112978,0.351661,0.311163,2.15976,0.0242491,0.227375,0.411927,0.30601,0.793826,0.139819,3.13633
46.254149660,0.537682,0.100425,0.0444366,0.306616,2.13509,0.0187047,0.559037,0.112508,0.489347,0.0310888,0.0209059,2.96741
46.300589569,0.400391,0.104085,0.0275585,0.377545,1.83518,0.0155064,0.797574,0.00109068,0.957381,0.288899,0,2.45863
46.347029478,0.289769,0.172999,0.0621539,0.312293,1.81394,0.0164439,0.671514,0,1.22856,0.480987,0,2.44009
46.393469388,0.31446,0.291694,0.025219,0.163113,1.68125,0.0176406,0.698411,0,0.608917,0.713971,0,2.79867
46.439909297,0.25141,0.163058,0.208825,0.107467,1.67913,0.0271902,0.68246,0,0.199308,0.43062,0.427864,3.45261
46.486349206,0.161512,0.0108349,0.887281,0.13758,1.30605,0.242489,0.87189,0.0296863,0.108279,0.319665,0.519579,3.45355
46.532789116,0.113639,0.0851843,1.21079,0.151474,0.896556,0.360316,1.13586,0.0330655,0.0680728,0.145867,0.448038,3.23019
46.579229025,0.0419649,0.000218375,1.59869,0.163,0.558534,0.186791,1.43787,0.0843291,0.274682,0.156692,0.174617,3.11673
46.625668934,0,0,1.87076,0.201749,1.04649,0.137707,1.43984,0.20339,0.515724,0.446187,0.0718381,2.94218
46.672108844,0.0220136,0,1.79071,0.184721,1.53084,0.135837,1.30149,0.116267,0.545228,1.25746,0.0424191,2.47608
46.718548753,0.0774488,0,1.69439,0.172384,1.5171,0.0547183,1.05348,0.0118471,0.472435,1.79978,0.00910591,2.20303
46.764988662,0.164663,0,1.49514,0.206457,1.47714,0.0121916,1.128,0.0133429,0.415752,1.76458,0.00918848,2.07574
46.811428571,0.151036,0.00258281,1.88941,0.250751,1.23166,0,1.14905,0.0236479,0.384641,1.63908,0.0224749,2.27009
46.857868481,0.0359043,0,2.15201,0.249054,0.931028,0.119192,1.38877,0.0442167,0.468795,1.52171,0.0256577,2.27019
46.904308390,0.034078,0,1.99077,0.226698,0.770588,0.255121,1.37649,0.0421236,0.457938,1.905,0.0313965,2.1104
46.950748299,0.0353355,0,1.63851,0.172526,0.806448,0.173313,1.10463,0.0342755,0.495355,2.10047,0.0486276,1.95992
46.997188209,0.0330526,0.0285069,1.58369,0.200153,0.555384,0,0.809159,0.26236,0.340129,2.15049,0.0311804,1.86545
47.043628118,0.441757,0.075292,2.15184,0.186897,0.251478,0,0.69227,0.367986,0.269311,2.04613,0.0507517,1.80004
47.090068027,0.546431,0.0847842,2.22235,0.186178,0.0695602,0.0136242,0.808782,0.378208,0.251399,1.91235,0.0721757,1.75245
47.136507937,0.585444,0.0760311,2.08061,0.207604,0.321633,0.023521,0.896478,0.26433,0.262573,1.47688,0.0332266,1.61509
47.182947846,0.706185,0,2.28736,0.230335,0.487286,0.00365169,0.556262,0.18596,0.20759,1.1069,0.738977,1.48763
47.229387755,0.582599,0.0571023,1.48621,0.185854,0.370191,0.635678,0.421659,0.0135026,0.216598,1.32115,1.12062,0.723681
47.275827664,0.352412,0.0184325,1.01274,0.307173,0.759283,0.871219,0.357814,0.141762,0.171292,1.44476,1.055,0.410943
47.322267574,0.266457,0.0466795,0.46392,0.218781,0.961906,0.768602,0.234556,0.247113,0.0268375,2.18788,0.682633,0.33815
47.368707483,0.111857,0.0238542,0.132897,0.447745,1.39035,0.512782,0.30193,0.0969798,0.0432111,3.23903,0.229094,0.232744
47.415147392,0,0.0321101,0,0.174837,2.26398,0.091853,0.720148,0.0202284,0.0118117,3.60774,0.179197,0.419219
47.461587302,0.00980425,0.158395,0.013927,0.0906117,2.15304,0.0190932,0.767821,0.0155238,0.0129488,3.78093,0.122138,0.658334
47.508027211,0.0193903,0.184589,0.281246,0.053237,1.95871,0.0113505,0.47331,0.0367687,0.00229474,3.68376,0.0491016,0.615764
47.554467120,0.0716596,0.410014,0.539504,0.0221932,1.95199,0.0145014,0.414469,0.24308,0.00358774,3.25461,0.0191809,0.464716
47.600907029,0.339832,0.552284,0.643384,0.00862854,1.60602,0.026144,0.0872834,0.555887,0,3.16266,0.0342839,0.828015
47.647346939,0.297037,0.501909,0.715063,0.00755604,1.44259,0.0362875,0.0778841,0.630639,0.320531,3.12179,0.0315879,0.911842
47.693786848,0.242997,0.522706,0.916764,0.00340025,1.5333,0.0260952,0.0594602,0.608127,0.457994,3.23191,0.00903181,0.871634
47.740226757,0.160718,0.458139,0.985048,0,1.71622,0.038702,0.0216288,0.411495,0.499189,3.37679,0.00103198,0.874289
47.786666667,0.137856,0.135745,0.653335,0,1.78151,0.0411734,0.00289976,0.0592038,0.328855,3.5365,0.0292222,0.853817
47.833106576,0.099031,0.073037,0.0263908,0.00735868,1.76541,0.017104,0,0.0135689,0.991657,3.5748,0.0100034,0.373079
47.879546485,0.365547,0.327853,0.178151,0.0342819,1.64721,0.0163301,0,0.0137608,1.29616,2.61184,0.0330502,0.27571
47.925986395,0.501229,0.242337,0.149116,0.393229,0.968553,0.00609515,0.264533,0.410705,1.42067,2.48355,0.214988,0.733914
47.972426304,0.427661,0.00027272,0.000291324,0.425472,0.798547,0.0408804,0.321021,0.262072,1.29854,2.4859,0.452737,1.5539
48.018866213,0.449155,0,0.000699792,0.206341,0.762103,0.0301896,0.438985,0.239215,0.907076,2.07415,0.505769,2.70492
48.065306122,0.477214,3.88207e-05,0.402596,0.155015,0.864589,0.00545321,1.216,0.284856,0.585186,1.2492,0.421202,3.04327
48.111746032,0.383311,0.000211458,1.30829,0.141518,0.881456,0.00394723,1.46476,0.299418,0.315275,0.613726,0.204557,3.30148
48.158185941,0.0861045,0.0288837,1.62731,0.0794429,0.525792,0,1.2067,0.279154,0.29969,0.97421,0.106348,3.04214
48.204625850,0,0.0478349,1.99212,0.0745621,0.721162,0,0.828744,0,0.433797,0.886973,0.0020216,3.11453
48.251065760,0,0.0258013,2.02425,0.0958422,0.733937,0,0.851365,0,0.341402,0.892507,0.0665854,3.18702
48.297505669,0,0.016788,1.86917,0.192227,0.603895,0,1.30348,0,0.135723,1.00359,0.0804929,3.22228
48.343945578,0,0.00167659,1.81347,0.264026,0.566472,0,1.919,0.000521613,0,1.05647,0.0482596,3.27695
48.390385488,0,0.00161976,1.83081,0.153839,0.935271,0,2.34604,0.000405726,0,0.974875,0.00462005,3.22564
48.436825397,0.0292675,0.00135937,1.89226,0.143542,1.0836,0,2.50499,0.00633847,0,0.909515,0,3.0968
48.483265306,0.269539,0.00120076,1.78293,0.0900088,0.312197,0.0842058,2.50647,0.105836,0,0.995482,0,2.38731
48.529705215,0.660011,0.309712,1.59556,0.0630028,0.0392212,0.131441,2.15514,0.157917,0.105113,1.11725,0,2.01998
48.576145125,0.608875,0.590576,1.52518,0.0335796,0.0772772,0.0901093,1.78497,0.149412,0.351251,1.28961,0,1.61143
48.622585034,0.470458,0.926977,1.55819,0.0125024,0.0724721,0.110613,1.34454,0.165476,0.610509,1.80513,0.000168132,1.22173
48.669024943,0.55668,0.896456,1.60514,0.0150767,0.0549156,0.0964516,1.23471,0.0701076,0.760918,2.23515,0.000658357,0.757533
48.715464853,0.605624,0.681941,1.42417,0.0287473,0.293822,0.0397099,0.729695,0.00840679,0.644953,2.78979,0.0342495,0.748797
48.761904762,0.43699,0.728175,1.27825,0.138509,0.605698,0.22783,0.391657,0.0330816,0.501131,2.67885,0.075033,0.685747
48.808344671,0.118447,0.821477,1.48841,0.225211,1.03146,0.219252,0.167244,0.119491,0.370779,2.51735,0.135714,0.396121
48.854784580,0.0730759,0.961977,1.73952,0.158631,1.18814,0.242272,0,0.154269,0.131769,2.73263,0.13526,0.333456
48.901224490,0.0480556,1.26149,2.47816,0.0602134,1.16471,0.0806347,0.00881442,0.0862157,0.100328,2.82205,0.0975827,0.187939
48.947664399,0,1.08321,2.71683,0.00996234,0.922553,0.00317054,0.498704,0.00812673,0.124028,3.06988,0.0180848,0.202478
48.994104308,0,1.05887,2.60456,0.0129676,0.979589,0,0.63356,0.00408775,0.154889,3.02031,0,0.170706
49.040544218,0,0.93048,2.55856,0.0161832,0.941453,0,0.816289,0.17102,0.107461,2.68812,0,0.0542701
49.086984127,0.511156,0.77788,2.3599,0.13011,0.587285,0,0.654881,0.531629,0.0569901,2.30065,0.0685697,0.293693
49.133424036,0.601018,0.69556,1.96277,0.283317,0.332956,0,0.6935,0.651687,0.0680966,2.19216,0.059149,0.741302
49.179863946,0.548754,0.603355,1.46908,0.236626,0.43886,0,0.923319,0.691365,0.202608,2.06779,0.0166241,1.16642
49.226303855,0.722164,0.841471,1.24733,0.138702,0.627827,0,0.926728,0.597608,0.641441,1.81387,8.68071e-05,1.35368
49.272743764,0.946497,0.782541,1.28073,0.03961,0.53967,0,1.05595,0.00983117,1.44319,1.63837,0.00106969,1.39115
49.319183673,0.662663,0.814014,1.40803,0.015469,0.338527,0,1.00171,0.00614191,1.83094,1.50994,0.00275068,1.6367
49.365623583,0.319,1.0873,2.01248,0.0141114,0.26049,0.00149465,0.778961,0,2.03736,0.9787,0.00233807,1.80085
49.412063492,0.295944,1.09082,2.11168,0,0.289897,0.111764,1.10134,0.0608377,1.91733,1.00923,0.00192901,1.3042
49.458503401,0,1.29964,1.75774,0.000611833,0.243489,0.254219,0.578467,0.0774791,1.62848,1.31006,0.238616,1.15075
49.504943311,0.0389224,1.31338,0.484249,0.69445,0.566314,0.0762726,0.533256,0.0658053,1.12947,2.22958,0.375416,0.822815
49.551383220,0.204831,0.983087,0.284661,0.631251,1.267,0.0205578,0.48089,0.0510337,1.08815,2.33926,0.344212,0.597861
49.597823129,0.171478,1.40939,0.159,0.315811,1.76565,0.0319116,0.484205,0.350781,1.21301,1.96252,0.268182,0.892981
49.644263039,0.0761571,1.84384,0.907675,0.00481587,1.22412,0.0702364,0.506094,0.267531,1.11607,1.46835,0.120777,0.951725
49.690702948,0.0335088,2.11804,1.0949,0.0134161,0.604073,0.0810176,0.487556,0.226828,0.29879,2.02672,0.0127941,0.919343
49.737142857,0,1.85201,1.17095,0.254996,0.312578,0.0621073,0.975627,0.0824613,0.181037,2.96318,0.000978667,0.518326
49.783582766,0,1.61947,0.933356,0.502942,0.357612,0.0368568,1.19702,0.0743075,0.182407,3.00986,0.000494509,0.19983
49.830022676,0.00410801,1.67184,0.408011,0.739651,0.65999,0.0300582,1.28131,0.0398048,0.287174,2.98473,0.00183584,0.0707014
49.876462585,0.023279,2.20655,0.0369061,0.926376,1.34072,0.0270751,1.54821,0.0466055,0.291117,2.90665,0.000366422,0.270798
49.922902494,0,2.17173,0.0153945,0.47725,1.66709,0.0254496,1.84983,0.0500608,1.01127,2.39554,0,0.39745
49.969342404,0.0595276,1.82831,0.116914,0.523063,1.42052,0.0270676,2.04163,0.306043,0.870217,2.20135,0,0.437537
50.015782313,0.194114,1.44669,0.443805,0.408847,1.03793,0.0495452,1.65228,0.435249,0.368974,2.37799,0,0.817661
50.062222222,0.372559,1.21889,0.445794,0.227121,1.21623,0.069095,1.44939,0.392568,0.194284,2.43997,0.000258133,1.00104
50.108662132,0.378741,1.03842,0.231785,0.128524,1.83824,0.0567043,1.33385,0.342308,0.353236,2.32553,0,0.966947
50.155102041,0.353638,1.00995,0.055046,0.0425774,2.1523,0.0327155,1.37296,0.145455,0.560361,2.18394,0,0.956072
50.201541950,0.207518,1.47522,0,0.028609,2.48346,0.0581622,1.33914,0.0435563,0.724709,1.70169,0.000234808,0.824176
50.247981859,0.166713,1.38479,0,0.086749,2.6659,0.131272,0.658924,0.0643065,0.884872,1.77547,0.0413539,0.52959
50.294421769,0.12406,0.972649,0.000508638,0.112072,2.59007,0.109129,0.672541,0.0771514,0.839053,2.12411,0.229225,0.499408
50.340861678,0.0963459,1.07906,0,0.241221,2.6296,0.0446157,0.641894,0.0776621,0.745715,2.48066,0.274882,0.513352
50.387301587,0.131548,1.13654,0,0.331061,3.08123,0.0612372,0.652977,0.0338391,0.547841,2.67435,0.143488,0.508766
50.433741497,0.0850823,0.837519,0,0,3.02196,0.07316,1.05153,0,0.418926,2.57774,0.21274,0.925387
50.480181406,0.2175,0.480703,0.305962,0.00924529,2.5711,0.0510516,1.64925,0,0.211996,1.81404,0.000211115,1.67603
50.526621315,0.182009,0.201374,0.29945,0.0190811,2.28308,0.0357388,2.12211,0.0031449,0,1.13445,0,1.94049
50.573061224,0.373501,0.100612,0.166303,0,1.84237,0.0369669,2.41553,0.224934,0,0.774717,0.0509686,2.23986
50.619501134,0.48286,1.48621,0.0416782,0,1.42212,0.038041,2.17654,0.510131,0.0019858,0.950513,0.0512588,2.17905
50.665941043,0.444154,2.36552,0,0,1.1466,0.0464874,1.64094,0.612724,0.156162,1.229,0.000380797,1.53746
50.712380952,0.356002,2.46711,0,0,1.1473,0.0642921,1.39748,0.459663,0.410665,1.32208,0.000178174,1.03899
50.758820862,0.24268,2.52054,0.0299142,0.00709869,1.7709,0.0552515,1.45038,0.140704,0.487943,1.11618,0,0.945014
50.805260771,0.183125,2.44558,0.0785648,0.130637,2.24007,0.0353644,1.57905,0.0290586,0.394398,1.11796,0,1.42825
50.851700680,0.122257,2.24129,0.0459664,0.205006,2.32531,0.0352151,1.56101,0.0243978,0.197593,1.18751,0,2.56518
50.898140590,0.176182,1.88176,0.034911,0.284953,2.22926,0.0658869,1.73212,0.0252984,0.0194729,1.05176,0,2.69667
50.944580499,0,1.41339,0.206207,0.190297,2.27971,0.0947896,1.26306,0.00137868,0.204555,0.322968,0.286079,2.81623
50.991020408,0,0.803517,0.145532,0.08283,1.49827,0.101945,0.814588,0.195802,0.573771,0.126047,0.145707,3.2443
51.037460317,0.0652994,0.300325,0.175619,0.0990037,1.27414,0.1436,0.459702,0.210131,1.14703,0.122741,0.240555,3.37214
51.083900227,0.122626,0.304006,0.174496,0.139235,1.75412,0.0693198,0.646376,0.110535,1.40254,0.129093,0.233518,3.34215
51.130340136,0.104195,0.127731,0.127084,0.159202,2.36386,0.00361228,0.60071,0,1.50015,0.134203,0.146306,3.30745
51.176780045,0.0611456,0,0,0.173912,2.5296,0.0105019,0.49669,0,1.54908,0.0999507,0.110914,2.80588
51.223219955,0.0238681,0,0,0.1791,2.70295,0.0102249,0.476007,0.000323908,1.34544,0.085168,0.0254199,2.58364
51.269659864,0.000771166,0,0,0.171315,2.89701,0.0106968,0.346367,0.0208312,1.36927,0.070079,0.0933175,2.3718
51.316099773,0.00775585,0.681322,0,0.128484,3.12686,0.00908762,0.13288,0.112218,1.51976,0.0371802,0.0922316,2.14961
51.362539683,0.0657318,1.94303,0,0.056146,3.19779,0.00999414,0.0389902,0.106276,1.78025,0.0197211,0.0505988,1.61227
51.408979592,0.0333325,2.68267,2.76932e-05,0.00514918,3.12919,0.0281003,0.0409079,0.039446,1.88278,0.000735259,0.00214028,1.07939
51.455419501,0,2.94662,0.0275607,0.00548352,3.04276,0.0617971,0.0353701,0.00377202,2.12854,0,0.000562962,0.865784
51.501859410,0,2.59969,0.143631,0.0558356,2.63636,0.0662829,0.0347867,0.228477,2.26997,0.080604,9.5147e-05,0.683657
51.548299320,0.303576,1.58645,0.430566,0.11058,2.26085,0.104786,0.0569939,0.355953,1.7827,0.0716051,0.0544221,1.01544
51.594739229,0.343758,1.01935,0.596205,0.123914,1.96623,0.115604,0.0877157,0.430014,1.06601,0.0791178,0.176324,1.63173
51.641179138,0.369154,0.960678,0.366846,0.171972,1.89862,0.177752,0.0952261,0.590703,0.561757,0.148455,0.0400763,2.31065
51.687619048,0.358957,1.01733,0.126272,0.242729,1.97105,0.128341,0.0939259,0.226845,0.71724,0.251434,0.00263302,2.59692
51.734058957,0.201981,1.05435,0.219221,0.286528,1.6504,0.334187,0.192566,0,0.792591,0.28699,0.0165089,2.77318
51.780498866,0.136625,1.08158,0.19971,0.178218,1.70748,0.607862,0.165418,0.2473,0.570838,0.225083,0.0529871,2.88137
51.826938776,0.233063,0.919109,0.0542463,0.139913,1.777,0.407352,0.153915,0.324451,0.418523,0.291782,0.102235,2.94077
51.873378685,0.390869,0.462477,0.0395889,0.277582,2.00162,0,0.262697,0.189811,0.711556,0.356392,0.106887,2.90897
51.919818594,0.0771991,0.226428,0,0.189658,2.45407,0.0332905,0.307927,0.0318191,1.47361,0.130173,0.0805723,2.81614
51.966258503,0.00798637,0.20213,0,0.140035,2.53937,0.0368297,0.301952,0.00751804,1.93258,0.142017,0.00950954,2.64106
52.012698413,0.0126704,0.112574,0,0.110087,2.63644,0.0194737,0.229226,0,2.06994,0.121477,0.00225521,2.46442
52.059138322,0.273086,0.597842,0,0.0981567,2.59146,0.00479186,0.0813417,0.339187,1.6001,0.178813,0.103789,2.18253
52.105578231,0.605555,1.1369,0,0.0460099,2.38513,0.0129962,0.0973398,0.59905,0.874229,1.1395,0.133804,1.76292
52.152018141,0.657954,1.62273,0.0597481,0.0247538,2.07668,0.013452,0.0963732,0.606802,0.405227,2.0281,0.106081,1.6266
52.198458050,0.541013,2.10704,0.0756509,0.0432474,1.97374,0.0152353,0.0920638,0.516821,0.37393,2.6628,0.0654194,1.38739
52.244897959,0.427736,2.08845,0,0.0992536,2.03418,0.0184514,0.0821822,0.272324,0.49154,3.09161,0.0105546,1.09604
52.291337868,0.320097,1.50776,0,0.182339,2.18786,0.0161293,0.150507,0.0082919,0.883921,3.06298,0,1.08161
52.337777778,0.290049,0.894913,0,0.266161,2.49318,0.0161104,0.17028,0.00206423,1.28356,2.74031,0,1.3396
52.384217687,0.336125,0.421,0,0.379149,2.80449,0.0156318,0.250131,0.000484335,1.32535,2.43433,0,1.54436
52.430657596,0.148031,0.21882,0.19567,0.543531,2.95123,0.0373641,0.400732,0,1.03788,1.97793,0.384085,1.76598
52.477097506,0.283787,0.0297292,0.14197,0.402356,1.65336,0.365182,0.515901,0.0261609,0.655152,2.32926,0.653443,1.68156
52.523537415,0.14753,0.00901266,1.09173,0.176203,1.27385,0.663241,0.651289,0.0321874,0.27575,2.40682,0.575836,1.09492
52.569977324,0.0500958,0.0623184,1.97701,0.176061,1.21135,0.344406,0.966378,0.109038,0.149169,2.57018,0.280002,0.599967
52.616417234,0,0.122524,2.32694,0.15389,0.97248,0.151251,1.17165,0.185597,0.13226,2.61289,0.226916,0.70628
52.662857143,0,0.171734,2.46646,0.110885,1.03343,0.0719775,1.20461,0.137397,0.118295,2.46109,0.0501473,1.11299
52.709297052,0.00289309,0.224218,2.51747,0.0947033,0.886339,0,1.25646,0.00704241,0.123862,2.74983,0.0147684,1.23892
52.755736961,0.0207428,0.257385,2.46579,0.0320962,0.751667,0,1.258,0.00563805,0.15054,2.9823,0.0022697,1.27357
52.802176871,0.0376738,0.271216,2.44166,0.00560577,0.815131,0,1.07302,0.00685658,0.192357,2.99558,0.0134699,1.22618
52.848616780,0.0429476,0.26103,2.52761,0,0.725145,0,0.860364,0.00808494,0.285804,2.91588,0.0183497,1.24595
52.895056689,0.00392119,0.360727,2.67682,0,0.638746,0,0.804765,0.00483093,0.338169,2.73255,0.022764,1.20325
52.941496599,0.0179493,0.40551,2.71009,0,0.626887,0,0.800556,0.00600193,0.35919,2.61245,0.0206,1.06852
52.987936508,0.0416381,0.409879,2.70186,0.0190636,0.658051,0,0.811063,0.271843,0.184702,2.6121,0.00997423,0.905033
53.034376417,0.343936,0.264442,3.01699,0.126657,0.479526,0.00614922,1.02461,0.361159,0.123377,2.633,0.0171153,0.943663
53.080816327,0.573062,0.161454,3.16003,0.1942,0.14797,0.106153,1.17052,0.358172,0.164894,2.51254,0.0522952,1.03494
53.127256236,0.642669,0.178335,3.14656,0.197776,0.0158615,0.157633,1.29112,0.300115,0.378036,2.43763,0.00042354,1.05749
53.173696145,0.710773,0.381879,2.93761,0.124254,0.302754,0.0760411,1.43124,0.182074,0.636161,2.26712,0.000919356,0.8385
53.220136054,0.623604,0.168798,2.37039,0.184347,0.296934,0.224538,1.40056,0.00263154,0.755049,1.68024,0.00271915,0.494485
53.266575964,0.47371,0.0242074,1.81705,0.250904,0.232641,0.547142,0.745427,0.117548,0.469906,1.62101,0.356748,0.219439
53.313015873,0.272425,0.0397869,1.70262,0.248,0.290339,0.474992,0.110165,0.50093,0.390258,1.53145,0.740775,0.260676
53.359455782,0.107064,0.0457041,1.63978,0.428156,1.76471,0.211623,0.519844,0.584143,0.418697,1.67156,0.517226,0.268349
53.405895692,0,0.0560734,1.72287,0.327814,2.01158,0.0211385,1.19327,0.0456611,0.603226,2.37428,0.188441,0.634414
53.452335601,0,0.489192,1.75171,0.151184,2.08611,0.0236797,1.04976,0.0352377,0.671077,2.32181,0.0987744,1.63685
53.498775510,0,0.566053,1.55365,0.0464039,2.12328,0.031411,0.975885,0.047601,0.801449,1.74464,0.0177087,1.83427
53.545215420,0.000844877,0.357737,1.36604,0.210657,1.89012,0.165732,1.16671,0.0852409,0.794964,1.36431,0.0111943,1.79868
53.591655329,0.551997,0.573708,1.0464,0.346888,1.09852,0.0201225,1.09592,0.376071,0.458997,1.33332,0.0708458,1.53756
53.638095238,0.599849,1.73251,0.883464,0.423701,0.546971,0.0503037,0.889753,0.463668,0.278311,1.18003,0.0742471,1.24884
53.684535147,0.403913,2.37195,0.873931,0.476383,0.0855766,0.0879444,1.0211,0.431338,0.496035,0.983443,0.0353636,1.26689
53.730975057,0.191915,2.58081,0.963629,0.214785,0.0230116,0.115918,1.40283,0.308059,0.690063,0.994632,0.00637192,1.28938
53.777414966,0.0915848,2.4707,1.25079,0.00691342,0.0220629,0.132718,1.63073,0,0.685607,1.40704,0,1.15677
53.823854875,0.0847169,2.24272,1.48775,0.011039,0.0145921,0.110729,1.78869,0,0.64971,1.58116,0.0199108,1.00302
53.870294785,0.018272,2.27842,1.45673,0,0.0288317,0.108194,2.03888,0,0.559495,1.55118,0.0138488,0.69148
53.916734694,0.172049,2.46992,0.597377,0,0.0168523,0.090468,2.2499,0.407929,0.491501,1.67522,0.145298,0.674358
53.963174603,0.245386,2.74093,0.85806,0.0113204,0.132085,0.22726,1.89597,0.240783,0.834425,0.687804,0.127305,0.778134
54.009614512,0.158105,2.79752,0.945474,0.0150097,0.300841,0.0932634,1.67272,0.219676,1.21765,0.187534,0.144895,0.628793
54.056054422,0.237607,2.80592,0.808723,0.0188498,0.560262,0.109966,1.33396,0.244733,1.17333,0.0908735,0.152126,0.582486
54.102494331,0.258397,2.77791,0.956167,0.0239655,1.62638,0.0945111,0.363659,0.27437,0.7635,0.584406,0.219188,0.581079
54.148934240,0.13727,2.42479,1.04625,0.0153956,2.14092,0.0632049,0,0.313754,0.92829,0.859846,0.43321,0.501517
54.195374150,0,1.88783,1.22926,0.0135795,2.27202,0.0014498,0.450784,0.0293341,1.17914,0.938143,0.305365,0.388694
54.241814059,0,1.23679,1.17318,0.0138634,2.11417,0.00482983,0.924825,0.00363248,1.18077,1.53459,0.200227,0.338546
54.288253968,0,1.03798,1.12324,0.0142461,1.71449,0.0133764,1.3581,0,0.84867,2.24881,0.147577,0.158702
54.334693878,0,0.944228,1.22526,0.323029,0.988889,0.130771,1.5248,0,0.63687,2.51602,0.186886,0.0391003
54.381133787,0,1.19633,1.50958,0.674415,0.420988,0.125087,1.55778,0,0.619679,2.32466,0.162915,0.000464484
54.427573696,0,1.80226,1.77043,0.893902,0,0.112443,1.68124,0,0.623266,1.92146,0.126512,0.00045613
54.474013605,0,2.17211,1.8253,0.472855,0.0530579,0.104344,2.05284,0.115361,0.482484,1.2607,0.0367655,0.092949
54.520453515,0.467584,2.09788,1.93769,0.078075,0.285199,0.107852,2.11133,0.301699,0.168286,1.32631,0.000270556,0.456
54.566893424,0.541734,1.7412,1.96518,0.105833,0.0225577,0.107968,1.82511,0.337374,0.25608,1.65998,0.00358021,0.823631
54.613333333,0.534483,1.8897,1.87106,0.0889644,0,0.132511,1.50661,0.321117,0.319328,1.69046,0.00901789,0.957733
54.659773243,0.603567,2.49424,1.69569,0.0313895,0.108398,0.114922,1.08281,0.248348,0.391549,1.66793,0.00472145,1.01659
54.706213152,0.666524,2.99663,0.951634,0.027067,0.556224,0.0706818,0.951292,0.0438579,0.373473,1.67669,0.0600332,0.860525
54.752653061,0.554845,3.00807,0.126105,0.0667198,0.950314,0.124783,1.10576,0.0253669,0.137777,1.96419,0.0855381,0.503473
54.799092971,0.178794,2.98189,0.320833,0.104626,0.994599,0.165554,1.04721,0.0662415,0.207982,1.80427,0.134513,0.230325
54.845532880,0.0972437,2.94411,0.630981,0.224111,1.33638,0.150588,1.14441,0.0940092,0.307489,1.71546,0.14852,0.211672
54.891972789,0.0770545,2.71937,1.29511,0.0539428,1.83524,0.0762006,1.46486,0.0869393,0.350659,1.80047,0.127462,0.207248
54.938412698,0,2.21948,1.80559,0.00776938,1.81321,0.0399681,1.76143,0.00251479,0.357378,2.31975,0.0503004,0.187317
54.984852608,0,1.9461,1.89738,0.0130784,1.87073,0,1.73842,0.00324995,0.73399,1.92066,0.00111139,0.204884
55.031292517,0,1.51985,1.94255,0.0206818,1.54767,0.00435456,1.59495,0.018177,1.09875,1.6114,0.000354355,0.141219
55.077732426,0.492458,0.421093,1.82443,0.0182173,0.673199,0,0.991162,0.401557,0.739664,1.76682,0.0798475,0.607733
55.124172336,0.801431,0.81963,1.24902,0.176933,0.285763,0,0.563409,0.561288,0.303698,2.47319,0.0747762,0.978858
55.170612245,0.684933,0.935653,0.886672,0.31748,0.337135,0,0.593533,0.612733,0.0357803,2.82455,0.0452762,1.09075
55.217052154,0.487179,1.08795,1.36741,0.0308301,0.606522,0,0.572403,0.557274,0.136994,2.89654,0.00804267,1.1136
55.263492063,0.352388,1.10626,2.14581,0.0137748,0.703019,0,0.492527,0.204857,0.524689,2.73066,0,1.13446
55.309931973,0.253809,0.84629,2.42773,0.0327498,0.703681,0,0.804595,0.00263869,0.646393,2.6212,0,1.1854
55.356371882,0.223075,0.712229,2.55178,0.0647262,0.776002,0,0.861459,0.00580797,0.676338,2.51852,0,1.15234
55.402811791,0.381485,0.755724,2.42257,0.0614126,0.736043,0.128416,1.10758,0.0464251,0.60056,2.75096,0,0.493943
55.449251701,0,1.53119,1.76903,0.0866166,0.931411,0.181228,0.988405,0.0644631,0.316829,2.93862,0.186956,0.306286
55.495691610,0,1.79708,0.540611,0.106808,1.17934,0.0454397,0.886501,0.0656136,0.580559,3.18489,0.211603,0.342825
55.542131519,0.0519707,2.03343,0.159912,0.0771152,1.27546,0.0178251,0.789259,0.0271434,0.64282,3.18787,0.174028,0.242875
55.588571429,0.0636957,2.20529,0,0.008446,1.17162,0.0272999,0.908494,0.00426626,0.550589,3.59708,0.141254,0.130552
55.635011338,0.0543307,2.08542,0,0,1.20056,0.033029,1.0035,0.00924202,0.200028,4.06402,0.0918409,0.114918
55.681451247,0.0227187,2.28914,0,0,1.30268,0.0380828,1.1183,0.00565279,0,4.07681,0,0.197389
55.727891156,0,2.655,0.0302082,0,1.44349,0.0349466,0.973125,0.0292088,0,3.87088,0,0.162714
55.774331066,0,2.93776,0,0.00983504,1.3206,0.0292892,0.877586,0.0404585,0.0231705,3.65481,0,0.0871638
55.820770975,0,2.9207,0,0.031866,1.21827,0.0285916,1.0824,0.0466523,0.0275482,3.4537,0,0.000633146
55.867210884,0.00324446,2.34435,0,0,1.08401,0.0259928,1.08075,0.0534684,0,3.67499,0,0.0263876
55.913650794,0,1.93436,0,0,1.18137,0.0255213,0.964373,0.054168,0,4.01128,0,0.000966066
55.960090703,0,2.02037,0,0,1.28676,0.0277732,0.91914,0.0500069,0,4.18383,0,0.00101428
56.006530612,0,1.97037,0.0849798,0.0256282,1.15009,0.0329418,0.916971,0.136972,0,4.21903,0,0.189702
56.052970522,0.210256,1.84884,0.519408,0.0374536,1.09027,0.0389762,0.752679,0.281422,0,3.97204,0,0.394028
56.099410431,0.249601,2.007,0.57295,0.0290717,1.07928,0.0368033,0.777075,0.333984,0,3.69382,0.00277376,0.490985
56.145850340,0.293985,2.51944,0.254745,0,1.06363,0.0337063,0.608699,0.308369,0.24206,3.40318,0.00246219,0.591708
56.192290249,0.290958,3.29949,0.0295873,0,1.16536,0.0491223,0.293589,0.129568,1.07564,2.28159,0.00148015,0.505723
56.238730159,0.226663,3.33267,0,0,1.08303,0.0473417,0.197018,0.0527104,1.32561,1.89,0.0402645,0.196675
56.285170068,0.122277,2.4772,0.0194084,0.000720393,0.76295,0.279401,0.708708,0.0697841,1.21247,1.8126,0.17655,0.181209
56.331609977,0.0650817,2.40981,0.118049,0.191949,0.687208,0.312358,0.940646,0.0787557,0.895805,1.80277,0.372642,0.15926
56.378049887,0.0646124,3.28203,0.160737,0.0831791,0.789356,0.41542,1.35711,0.0340016,0.485611,2.24448,0.210629,0.152573
56.424489796,0.0163073,3.17835,0.0598836,0,0.860885,0.347915,2.38462,0.061482,0.288837,2.85504,0.182056,0.176237
56.470929705,0,2.93804,0.226321,0,0.840601,0.0912953,2.89069,0,0.271303,2.73098,0,0.259542
56.517369615,0,2.89652,0.305601,0,0.927966,0.067951,2.79155,0,0.328009,2.27304,0,0.247964
56.563809524,0.141235,2.46761,0.165442,0,1.26387,0.0382556,2.36966,0.510503,0.136038,1.37501,0.0330587,1.1633
56.610249433,0.441754,1.8,0.0135234,0.25075,1.5824,0.0416793,1.87015,0.651782,0,0.651902,0.039405,2.08417
56.656689342,0.433507,1.45715,0,0.341673,1.84366,0.0394064,1.56634,0.656437,0,0.459285,0,2.56755
56.703129252,0.372355,1.2252,0.0136626,0.290829,2.20359,0.0347826,1.36951,0.571397,0,0.472762,0,3.06689
56.749569161,0.191997,1.15093,0.0571443,0.168217,2.32826,0.0309444,1.60312,0.291613,0,0.753788,0,3.35183
56.796009070,0.139238,1.17656,0.0413192,0.140436,2.21049,0.0289503,1.8618,0.0296012,0.00249678,1.48372,0,3.24611
56.842448980,0.0960913,1.09345,0.0244441,0.164293,2.1402,0.0332457,1.85891,0.027283,0.0238918,1.77736,0,3.29743
56.888888889,0.299925,1.04736,0.206583,0.153903,2.08601,0.0415667,1.83601,0.00600883,0.0366009,1.54634,0,3.06373
56.935328798,0,1.07417,0.227617,0.309929,2.30216,0.055785,1.89593,0,0.0922587,0.952842,0.107613,2.88414
56.981768707,0,0.610466,0.482046,0.220919,1.8339,0.15884,1.60441,0.0103578,0.112107,0.474377,0.138753,2.86676
57.028208617,0.0214082,0,0.79956,0.21977,1.51311,0.0208127,1.20173,0.163851,0.213798,0.191619,0.206894,2.74304
57.074648526,0.0925593,0,0.758779,0.140958,1.56378,0.161322,0.770274,0.21712,0.0826709,0.126454,0.207151,3.06578
57.121088435,0.115902,0.0106665,0.437011,0.144353,2.22578,0.18117,0.739239,0.203053,0,0.186518,0.162909,2.80273
57.167528345,0.0613766,0.348077,0.0913887,0.543214,2.63311,0.0363089,0.649302,0.0140305,0.241889,0.267241,0.228775,2.68862
57.213968254,0.00602296,0.64636,0.00270264,0.442121,2.71803,0.0128876,0.676526,0,0.504686,0.258097,0.357677,2.25947
57.260408163,0,0.762392,0,0.483816,2.63915,0.0110515,0.610482,0,0.814779,0.164942,0.384207,2.36116
57.306848073,0,0.551308,0,0.251082,3.09438,0.009019,0.475808,0,1.50529,0.104639,0.0754888,3.09692
57.353287982,0,0.145209,0,0.202905,3.256,0.00936523,0.447843,0.000107657,1.54249,0.024645,0.0428023,3.38416
57.399727891,0,0.0174368,0,0.233952,3.29537,0.012246,0.392296,0,1.39341,0.00324149,0,3.38757
57.446167800,0,0.017874,3.22383e-05,0.357122,3.27717,0.013333,0.372885,0,1.23132,0.00380059,0,3.31609
57.492607710,0,0,9.76288e-06,0.41952,3.0028,0.0119364,0.224076,0.188176,1.20412,0.0730935,0,3.12982
57.539047619,0.240431,0,0.240409,0.333701,2.57877,0.0307774,0.0684623,0.27265,1.20094,0.0685438,0.0102025,2.96443
57.585487528,0.434008,0,0.476829,0.390723,2.48291,0.165836,0.0104143,0.583804,1.09806,0.0165215,0.00684394,2.92524
57.631927438,0.482247,0,0.429209,0.616769,2.36874,0.142957,0.0110512,0.659241,1.19406,0.0735279,0.00538879,2.70438
57.678367347,0.359278,0.00544675,0.108741,0.388815,2.52172,0.0188464,0.0230279,0.13153,1.26401,0.229813,0.033125,2.67637
57.724807256,0.210662,0.334107,0.0940288,0.292716,2.20581,0.434288,0.0458658,4.4278e-05,0.761889,0.507625,0.0234759,2.73523
57.771247166,0.171942,0.549557,0.181917,0.259823,2.28944,0.715881,0.125763,0.0604737,0.143805,0.456124,0.0504779,2.58675
57.817687075,0.13678,0.564309,0.164038,0.186105,2.28118,0.665427,0.425939,0.16266,0.130592,0.227441,0.103404,2.74062
57.864126984,0.144837,0.348469,0.131537,0.203308,2.38172,0.352682,0.615798,0.206181,0.23699,0.10485,0.117432,2.98435
57.910566893,0.0924058,0.287988,0.0253429,0.276086,2.91045,0.218846,0.559477,0.0922217,0.395645,0.294972,0.0855134,2.86467
57.957006803,0,0.443809,0.00972676,0.301823,3.4884,0.0154895,0.135759,0.00417991,1.02194,0.29542,0,2.61233
58.003446712,0,0.553686,0.0449217,0.224357,3.44675,0.00456575,0.0559523,0.00271579,1.84737,0.242564,0,2.46266
58.049886621,0.0227339,0.81708,0,0.16473,3.10501,0.00205976,0.0791607,0.15079,2.20686,0.0963738,0.0775704,2.44648
58.096326531,0.576949,0.756837,0.105901,0.049286,2.78368,0.0115699,0.134097,0.493799,1.89204,0.0509836,0.101537,2.48453
58.142766440,0.609305,0.57077,0.211826,0.102201,2.685,0.0129431,0.0881389,0.616164,1.49109,0.0338431,0.0919636,2.76807
58.189206349,0.528281,0.480248,0.213609,0.116644,2.7035,0.0149753,0.078588,0.605345,1.48488,0.0307265,0.0631377,3.01024
58.235646259,0.492394,0.485302,0.123862,0.129186,2.70799,0.0185717,0.164755,0.372247,1.69106,0.00277813,0.00651883,3.08389
58.282086168,0.386706,0.334323,0,0.128729,2.57001,0.0156825,0.283733,0,1.86106,0.00378635,0,3.05073
58.328526077,0.278893,0.274821,0,0.131827,2.50571,0.0156274,0.326291,0,1.84858,0.00390901,0.0350439,3.03785
58.374965986,0.324034,0.346739,0,0.167431,2.6365,0.0148345,0.333735,0,1.79205,0.0509354,0.0758916,3.14276
58.421405896,0.148685,0.275525,0.529458,0.239467,2.39637,0.0274161,0.341731,0,1.5183,0.081559,0.369387,3.26509
58.467845805,0.238078,0.0621773,1.26869,0.19148,2.03914,0.025604,0.68823,0.024166,1.15078,0.00614705,0.698861,2.79805
58.514285714,0.157377,0.0193741,1.45448,0.161656,1.41482,0.289276,1.31494,0.0343006,0.666481,0.000696343,0.764413,2.27228
58.560725624,0.0777281,8.61165e-05,1.81662,0.0651474,1.12434,0.431895,1.5362,0.0483044,0.520539,0,0.513238,2.11163
58.607165533,0.0109997,0,2.24381,0.0290124,1.1651,0.165461,1.8472,0.136716,0.905537,0,0.0690642,2.34205
58.653605442,0,0,2.10191,0.0771857,1.37091,0.121627,2.00774,0.110628,0.920579,0.391454,0.043826,2.25618
58.700045351,0.028906,0,1.85475,0.111376,1.53508,0.0493895,1.64604,0,0.909904,0.597342,0.0129143,2.34848
58.746485261,0.0867187,0,1.68757,0.106759,1.37692,0,1.48295,0,0.970123,0.679578,0.0112772,2.41344
58.792925170,0.097218,0,2.21464,0.119145,1.12189,0,1.42268,0.0186043,1.15519,0.751281,0.0092112,2.21729
58.839365079,0.0422382,0,2.44492,0.179986,0.859524,0,1.64572,0.0447292,1.26668,1.04521,0.0367049,1.99346
58.885804989,0.0465286,0,2.43142,0.190748,0.64098,0,1.78586,0.0016081,1.17801,1.28186,0.0608329,2.41071
58.932244898,0.000179367,0,2.36375,0.189204,0.449017,0,1.64257,0.000667965,0.908486,1.55916,0.0354228,2.62129
58.978684807,0.000352741,0.00220642,2.34695,0.163314,0.366495,0,1.28785,0.0587757,0.773646,1.76233,0.0178426,2.22378
59.025124717,0.0559725,0.00158965,2.57204,0.196996,0.0315519,0.0131339,1.3253,0.236528,0.492653,1.82852,0.0450405,2.10149
59.071564626,0.508238,0.000525938,2.64652,0.207821,0.0394742,0.0431739,1.26229,0.313135,0.236839,1.80153,0.115492,2.14872
59.118004535,0.598769,0.000322628,2.47548,0.240288,0.133394,0.0517239,0.716406,0.298159,0.146719,1.87612,0.00279364,2.29343
59.164444444,0.724936,0.000909533,1.97416,0.23186,0.39108,0.0340445,0.552446,0.2678,0.204382,1.78885,0.00833652,2.22466
59.210884354,0.59379,0,1.47221,0.226292,0.469601,0.20602,0.906551,0.111073,0.44718,1.47359,0.254848,2.01822
59.257324263,0.421951,0.0184639,1.34138,0.176674,0.582049,0.433696,1.21212,0.00443364,0.618786,1.29645,0.665658,1.46231
59.303764172,0.286017,0.0286029,1.45471,0.6217,0.604563,0.461286,1.07509,0.0342038,0.580112,1.13361,0.99218,1.58996
59.350204082,0.1609,0.0174072,1.68794,0.753974,1.18869,0.183583,1.01626,0.255102,0.523689,0.894387,0.74046,2.08519
59.396643991,0,0.011117,1.73905,0.404047,1.29803,0.124554,1.07977,0.371478,0.810266,1.35831,0.339339,2.33694
59.443083900,0.0651162,0.102941,1.98761,0.344065,1.19831,0.0660351,0.800262,0.291012,0.922871,1.69447,0.110825,2.11131
59.489523810,0.0590203,0.152698,2.1558,0.194542,1.24514,0.0495034,0.558713,0.602015,1.08705,1.77122,0.0156548,1.62542
59.535963719,0.0263154,0.0861058,2.05949,0.286672,1.58702,0.132264,0.0677287,0.951719,1.07578,1.80779,0.000621952,1.4031
59.582403628,0.405033,0.502753,1.27258,0.828457,1.09006,0.108751,0.0863607,0.63031,0.536559,1.06287,0.0450581,1.68256
59.628843537,0.45911,0.147757,0.78308,0.96976,0.46004,0.155463,0.0820428,0.587525,0.532766,0.875264,0.0695086,2.05747
59.675283447,0.261779,0.0641638,0.723882,0.943692,1.02253,0.0696749,0.141681,0.587693,0.630011,0.630576,0.0229231,2.06155
59.721723356,0.100121,0.038167,0.660835,0.746385,1.24933,0.0227513,0.350737,0.559884,1.00974,0.77978,0.000915869,2.05085
59.768163265,0.106022,0.000968964,0.891919,0.266659,1.46273,0.022065,0.573973,0.285269,1.04969,1.77232,0.00201648,2.37208
59.814603175,0.0987963,0,1.07175,0.190916,1.76504,0.158047,0.790513,0.13767,0.0854885,2.41341,0.00923891,1.91648
59.861043084,0.0379257,0,1.0166,0.220227,1.41557,0.178646,0.821304,0.128034,0.0141001,2.62915,0.0142908,1.68781
59.907482993,0.0144448,0,1.15713,0.220817,1.15709,0.156213,0.866499,0.113981,0.0400712,2.58101,0.00472213,1.74534
59.953922902,0.0178641,0.0123329,1.81875,0.227698,1.13357,0.138351,1.07267,0.108226,0.0965827,1.93508,0.0780757,1.71314
60.000362812,9.03773e-05,0.00159388,2.56585,0.0810606,1.06339,0.192903,1.41612,0.0554725,0.0503968,1.56591,0.102269,1.50904
60.046802721,0.000630536,0.152502,2.6148,0.00277263,0.789092,0.118655,1.04112,0.0193936,0.461277,2.13537,0.0928137,1.38533
60.093242630,0.0912479,0.162467,2.69154,0.01317,0.43856,0.101644,0.789475,0.00806621,0.882636,2.41328,0.0440047,0.853416
60.139682540,0.191032,0,2.87484,0.00944626,0.212063,0.466811,0.755428,0.00764489,1.23382,2.22207,0.0158405,0.546749
60.186122449,2.10508e-05,0,2.94835,0.0868507,0.291744,0.481329,1.37812,0.0279768,1.34644,1.23533,0.0428506,0.596173
60.232562358,0,0.0708992,2.73458,0.174395,0.177874,0.433029,2.20315,0.0908138,0.496372,0.477749,0.266071,0.38705
60.279002268,0.00131469,0.452036,2.67582,0.217039,0.339687,0.257982,2.80956,0.0013799,0.24072,0.522373,0.33489,0.213523
60.325442177,0.0249009,0.686044,2.5952,0.196628,0.370233,0.10637,3.49323,0.149542,0.211023,0.977123,0.32804,0.0575407
60.371882086,0.0897964,1.2811,1.99471,0.115243,0.215214,0.102687,3.36208,0.174033,0.0242163,1.32441,0.329132,0.0758379
60.418321995,0.018723,1.32303,1.67031,0.0723869,0.0188169,0.109738,3.20622,0.0854926,0.00980187,1.25805,0.613513,0.190402
60.464761905,0.0157447,1.36707,1.66582,0.0246095,0.0101025,0.0600412,3.32208,0.0354253,0.0455615,1.05384,0.602933,0.369856
60.511201814,0.00433877,1.59064,1.61929,0.018657,0.044386,0.0159416,3.45477,0.0184078,0.0596945,0.757251,0.765387,0.31118
60.557641723,0,1.68945,1.5711,0.0133952,0.0617172,0,3.5265,0.0567255,0.0726512,0.642613,0.84597,0.100745
60.604081633,0,1.61416,1.59319,0.0157893,0.0563901,0.0437523,3.4438,0.0041763,0.0341162,0.576519,0.852469,0.10891
60.650521542,0,1.44956,1.58735,0.103642,0.0404599,0,3.34451,0.0483072,0.0314284,0.845086,0.803108,0.193679
60.696961451,0,1.07467,1.76768,0.286023,0.0211358,0.000758089,2.99177,0.0999973,0.00976908,1.24956,0.536913,0.451654
60.743401361,0.000126791,0.299895,2.53339,0.238468,0.0814861,0.134306,2.47804,0.0663574,0,1.92101,0.510016,0.422927
60.789841270,0.0940954,0.107713,2.9046,0.0607557,0.662345,0.535021,1.59905,0.0190214,0.00252591,2.742,0.0108124,0.350277
60.836281179,0.442575,0.130199,2.72263,0.223196,0.5781,0.0744183,1.42007,0.0269467,0.2477,2.93519,0.0780251,0.215667
60.882721088,0.614754,0.174803,2.75201,0.264438,0.490886,0.0842297,1.41552,0.0272091,0.429495,2.62397,0.0686403,0.356013
60.929160998,0.658786,0.125383,2.80635,0.220273,0.440131,0.151589,1.65565,0.0466656,0.573812,2.11743,0.0269354,0.357457
60.975600907,0.505766,0.138205,2.79628,0.0773064,0.341051,0.199426,2.02375,0.0373735,0.816877,1.75154,0.00146886,0.322867
61.022040816,0.114191,0.111943,2.73303,0,0.300019,0.282498,2.24846,0.0653753,0.861307,1.54758,0.044641,0.211169
61.068480726,0.0003303,1.02118,2.24633,0.0272069,0.157354,0.491751,2.12727,0.319811,0.606071,1.08675,0.128622,0.174593
61.114920635,0.000312988,1.31124,1.80602,0.00702619,0.0487324,0.532377,2.48677,0.422426,0.678385,0.738133,0.399468,0.113018
61.161360544,0.0880549,1.17992,1.86416,0.0439379,0.0720477,0.356598,2.98119,0.280461,0.484535,0.536874,0.558626,0.142278
61.207800454,0.0262928,1.0803,1.93795,0.054573,0.198362,0.136358,3.28883,0.108429,0.422495,0.514718,0.445286,0.149676
61.254240363,0,1.14485,2.02942,0.0162854,0.176342,0.141639,3.17138,0.0722878,0.349261,0.494907,0.272676,0.262514
61.300680272,0,1.24544,2.07581,0.0101213,0.203865,0.19984,3.07378,0.0666239,0.262672,0.459049,0.299746,0.258036
61.347120181,0,1.26756,2.07698,0.00724972,0.203758,0.207998,3.32847,0.0620274,0.276909,0.739228,0.343749,0.196312
61.393560091,0.000319245,1.35217,1.9936,0.00612328,0.158586,0.140555,3.77987,0.0526325,0.189115,0.92188,0.390976,0.112915
61.440000000,0.0019909,1.47448,1.81636,0,0.0632811,0.0794952,4.04249,0.0601543,0.0729818,0.936746,0.398575,0.0910143
61.486439909,0.0138418,1.75775,1.28279,0,0.131003,0.10405,4.14999,0.0656339,0.037437,0.844288,0.455836,0.0408535
61.532879819,0.0128083,2.05473,0.882326,0,0.607759,0.12987,4.10874,0.00850794,0.0907912,0.561397,0.652243,0.000602478
61.579319728,0.00540908,2.06216,0.486477,0.00595789,0.858146,0.260359,4.19344,0.0137404,0.101805,0.537364,0.604393,0.0285472
61.625759637,0.000128828,1.97305,0.171975,0.00886863,1.02295,0.334882,3.97876,0.0139455,0,0.812045,0.249484,0.183652
61.672199546,0,2.08147,0.194017,0.0262886,1.40112,0.151527,3.29508,0.0223694,0.0231857,0.940609,0.0207604,0.26464
61.718639456,0.0512206,1.94424,0.132083,0.0131117,2.45393,0.0936741,2.16538,0.0673979,0.0536004,0.97476,0.0447416,0.514937
61.765079365,0.000965272,1.83561,0.0321656,0.0134797,3.30407,0.0905129,1.46705,0.113803,0,0.95256,0.0904985,0.878368
61.811519274,0.0253619,1.81009,0.0598132,0.0119132,3.43454,0.0929029,1.26392,0.17881,0.0227663,0.860167,0.0666284,0.937933
61.857959184,0.0722266,1.75993,0.0940194,0.00712715,3.32622,0.104412,1.1259,0.276945,0.169035,0.581288,0.0702893,1.18182
61.904399093,0.0505643,1.56532,0.103417,0.00553869,3.52943,0.109148,0.926992,0.116018,0.175479,0.42828,0.0356594,1.76445
61.950839002,0.0297491,1.64971,0.0739592,0.0129293,3.74845,0.0794434,0.817324,0.0715404,0.033341,0.331401,0.063306,1.77095
61.997278912,0.0286024,1.81794,0.0432645,0.0189036,3.76687,0.188291,0.859803,0.0866139,0.0395292,0.169389,0.0172368,1.58098
62.043718821,0.0404821,2.25921,0.0391849,0.0160603,3.46553,0.276999,1.07936,0.0919567,0.169009,0.193314,0.00313745,1.13433
62.090158730,0.109637,2.60422,0.0424373,0.000306582,2.546,0.447846,1.43556,0.0922106,0.698539,0.521383,0.00270871,0.243617
62.136598639,0,3.23895,1.62968e-05,0,1.99903,0.610834,1.36873,0.156351,1.0293,0.509149,0.0489705,0.000578806
62.183038549,0,3.261,0.00182376,0.000286188,1.97963,0.601829,1.32423,0.156573,1.29476,0.306646,0.112694,0.05875
62.229478458,0.0954377,3.36889,0.000682601,0.0441897,1.85323,0.280246,1.35911,0.025298,1.62813,0.215509,0.11516,0.145885
62.275918367,0.13004,3.50192,0,0.256776,1.61318,0.320022,1.44199,0.0139178,1.67883,0.211044,0.0611577,0.194841
62.322358277,0.0278165,3.62724,0.00106948,0.167484,1.54891,0.444633,1.50524,0.0339724,1.70796,0.179414,0.0979194,0.1828
62.368798186,0.000166971,3.66588,0.0016931,0.122756,1.55687,0.315396,1.64928,0.0516621,1.92562,0.104842,0.0934132,0.102088
62.415238095,0.0118359,3.66078,0.0309341,0.062252,1.48569,0.176737,1.5231,0.122131,2.04337,0.115994,0.000765569,0.08147
62.461678005,0.0577483,3.55728,0.0641561,0.0933716,1.44294,0.478041,1.15426,0.0311918,2.07246,0.182254,0.00233481,0.120928
62.508117914,0,3.49525,0.10262,0.251898,1.51851,0.669671,1.0543,0.0613427,1.90926,0.319276,0.0140979,0.119885
62.554557823,0,3.519,0.0939099,0.443325,1.57067,0.619007,1.23695,0.129955,1.77684,0.192748,0.0643175,0.0743355
62.600997732,0,3.36365,0.0207535,0.618911,1.54246,0.525049,1.25105,0.182751,1.67551,0.106105,0.0928778,0.0905821
62.647437642,0,3.1558,0.0227802,0.68007,1.47021,0.620878,1.21847,0.232162,1.61715,0.0578605,0.0980446,0.13877
62.693877551,0.0394332,2.70513,0.202792,0.67756,1.29352,0.679056,1.26389,0.356701,1.52919,0.226377,0.0474201,0.258958
62.740317460,0.0761573,2.13731,0.641538,0.417447,1.90462,0.57315,1.61261,0.395221,1.00627,0.556226,0,0.492717
62.786757370,0.0888643,1.58539,0.922285,0.198771,3.11494,0.0474532,1.7108,0.100695,0.43886,0.528169,0.0211173,0.414492
62.833197279,0.0651465,1.51914,0.593518,0.205885,3.78658,0.00414076,1.24234,0.0550126,0.373724,0.504982,0.185084,0.597311
62.879637188,0.0371868,1.51789,0.0856984,0.179688,4.02987,0.00132954,0.991307,0.0606607,0.422369,0.441272,0.27736,0.875324
62.926077098,0.0394279,1.66923,0.148119,0.0939084,4.03775,0.0177265,0.723821,0.0905405,0.395982,0.33138,0.197214,1.05177
62.972517007,0.040248,1.51282,0.0917535,0.000889484,3.88351,0.0100611,0.285301,0.144987,0.18481,0.949288,0.181903,1.58296
63.018956916,0.0062606,0.8794,0.127864,0.0693006,3.33152,0,0.000903636,0.147407,0.01644,1.40071,0.108215,1.52105
63.065396825,0.0222437,0.547622,0.514001,0.125705,3.0041,0.000984199,0.00295726,0.0374523,0.150455,1.536,0.0113893,1.57926
63.111836735,0.0152232,0.859766,0.548876,0.148337,3.1398,0.00221334,0,0.0262408,0.603512,1.34443,0.00706799,1.55302
63.158276644,0.195402,1.14736,0.0231442,0.216727,3.36582,0.000988286,0,0.0886892,0.876509,0.886377,0.0582731,1.51904
63.204716553,0.0993771,0.762377,0,0.745621,3.36179,0.0173972,0.000363434,0.130911,0.751248,0.231464,0.1815,1.67563
63.251156463,0.057354,0.0871627,0.000140808,0.811744,3.40753,0.0521272,0.00139755,0.150803,0.21678,0.160723,0.363664,2.00328
63.297596372,0.0769498,0.0807991,0.000638918,0.673043,3.27404,0.160131,0.0695739,0.140195,0.0458398,0.475509,0.350692,2.26618
63.344036281,0.092193,0.142797,0.000836807,0.689118,3.0828,0.175939,0.457243,0.0977392,0.213651,0.583981,0.233736,2.41097
63.390476190,0.149348,0.130997,0.0440162,1.06811,2.75115,0.0386161,0.638292,0.0667566,0.360295,0.415774,0.0662994,2.51393
63.436916100,0.171336,0.218914,0.025181,1.29095,2.58897,0.00151447,0.747857,0.0422575,0.194468,0.293645,0.0202546,2.43409
63.483356009,0.11755,0.277144,0.066503,1.49242,2.52046,0,0.619104,0.0367671,0.115523,0.429994,0.0736851,2.39798
63.529795918,0.0363216,0.360343,0.390761,1.71959,2.29914,0.0379296,0.421881,0.0239851,0.0627808,0.576932,0.13192,2.31193
63.576235828,0.0169385,0.572867,1.06759,1.51848,1.96925,0.352397,0,0.0128616,0.0660774,0.832994,0.0605149,2.15352
63.622675737,0.0908521,0.808813,1.53305,0.321686,2.07932,0.405509,0,0.0170148,0.597667,1.05302,0.00490029,1.90432
63.669115646,0.264106,1.26798,1.47559,0.315941,2.05354,0.343379,0,0.00830839,0.89074,1.08835,0.0232384,1.93219
63.715555556,0.246774,1.53421,1.17704,0.114611,2.5609,0.380071,0,0,1.06003,0.484171,0.140268,2.01731
63.761995465,0.144744,1.21119,1.05672,0.0925694,3.25451,0.119457,0.00228162,0.0315831,0.892508,0.602836,0.156326,2.02942
63.808435374,0.053842,0.312887,1.09314,0.358616,3.56647,0.0144376,0.00564166,0.043512,0.244151,0.737097,0.0859079,2.05761
63.854875283,0,0.133544,0.83301,0.532474,3.60163,0.0195588,0.00599053,0.0180501,0,0.718345,0.003479,2.03112
63.901315193,0.0251843,0.13771,0.165101,0.52002,3.80376,0.0239304,0.00462264,0.00997232,0.0897219,0.816666,0.0599323,2.03155
63.947755102,0.0228444,0.362288,0,0.421981,3.93828,0.00355808,0.00468006,0.0563465,0.574953,0.346425,0.0806821,1.98613
63.994195011,0.00183678,0.418371,0,0.333068,4.04386,0.0133897,0.015598,0.10755,0.824897,0.245255,0.0220562,1.95142
64.040634921,0.0123899,0.395268,0.028007,0.19197,3.97651,0.00490999,0.0211968,0.14553,0.834428,0.281743,0.00766832,2.02046
64.087074830,0.0310322,0.306844,0.0186948,0.0410873,4.01376,0.00740771,0.0234478,0.159075,0.852995,0.303619,0.0834555,2.04961
64.133514739,0.00910672,0.315078,0.00671829,0.0192931,4.02853,0.0171589,0.0256107,0.124893,0.794901,0.304452,0.139737,2.08288
64.179954649,0.000300593,0.354087,0.00557478,0.0571594,4.05727,0.0329227,0.0113248,0.0995796,0.716419,0.411411,0.176073,2.16916
64.226394558,0.000248161,0.259671,0.0876025,0.668836,3.85728,0.0588096,0.0041687,0.0781016,0.569357,0.510581,0.126366,2.25513
64.272834467,0.000312889,0.115445,0.0629908,0.953037,3.71786,0.0430354,0.0142598,0.057367,0.640149,0.369792,0.080543,2.33977
64.319274376,0.000217936,0.128297,0.0653724,0.827564,3.69861,0.0250607,0.0283207,0.0517265,0.711236,0.122741,0.0544261,2.21621
64.365714286,0.00433623,0.227436,0.133624,0.436996,3.8304,0.0327723,0.0317729,0.097361,0.704376,0.156586,0.11306,1.9701
64.412154195,0.000133364,0.392326,0.336028,0.176321,3.82483,0.0731482,0.0415017,0.0676233,0.620956,0.398681,0.196517,1.75904
64.458594104,0,0.41589,1.4171,0.315465,3.48014,0.0912279,0.272193,0.0480515,0.449369,0.430778,0.244588,2.02397
64.505034014,0,0.143889,2.08638,0.718152,2.23803,0.0724931,1.38308,0.0708042,0.28448,0.646429,0.223156,2.17128
64.551473923,0.0285885,0.144126,2.22398,0.583147,0.913269,0.0426599,2.04465,0.102666,0.227722,1.05235,0.269727,2.07267
64.597913832,0,0.366648,2.29889,0.330492,0.379456,0.0330311,2.28869,0.112918,0.238655,1.21444,0.237278,1.85438
64.644353741,0,0.435222,2.3426,0.252545,0.426774,0.0286866,2.21105,0.0988839,0.283536,1.31962,0.221661,1.7638
64.690793651,0,0.513922,2.39475,0.329812,0.403573,0.018301,2.17936,0.0487642,0.418116,1.49416,0.212892,1.8111
64.737233560,0,0.546933,2.39811,0.393007,0.39717,0.0110583,2.27101,0.038743,0.487089,1.49142,0.116102,1.72587
64.783673469,0,0.560557,2.42907,0.465265,0.329685,0.00409159,2.25903,0.0463758,0.427603,1.47937,0.053314,1.75122
64.830113379,0.0167086,0.545775,2.52517,0.567109,0.218837,0.0053543,2.15711,0.045046,0.336119,1.46105,0.0664546,1.81304
64.876553288,0,0.367891,2.67038,0.555693,0.253869,0.00554498,2.12357,0.0421193,0.174319,1.47522,0.139462,1.79427
64.922993197,0,0.209808,2.69242,0.513594,0.375248,0,2.21254,0.090914,0.0138021,1.61433,0.137883,1.6615
64.969433107,0,0.234977,2.61018,0.592891,0.309688,0,2.16843,0.0725169,0.0180398,1.65732,0.0111876,1.81449
65.015873016,0,0.218216,2.75768,0.66924,0.316006,8.87394e-05,2.03422,0.03205,0.0930962,1.61668,0,2.03336
65.062312925,0,0.115134,3.02412,0.647835,0.252943,0.00907643,2.03336,0,0.112193,1.57785,0,2.00656
65.108752834,0,0,3.20153,0.37369,0.318684,0.0417259,2.02618,0.00466702,0.110119,1.40896,0.00155959,1.75742
65.155192744,0.0284342,0,3.147,0.152757,0.403227,0.0405707,1.97868,0.00598255,0.0916795,1.23006,0.00110067,1.72866
65.201632653,0,0,2.97286,0.150378,0.459997,0.023888,1.99317,0.0162781,0.071101,1.22584,0.000487465,1.70133
65.248072562,0,0.0145932,2.75519,0.191217,0.468027,0.00125297,2.11333,0.0535906,0.0477728,1.50197,0.000405486,1.58542
65.294512472,0,0.0861029,2.93047,0.193477,0.415407,0.00556164,2.30789,0.0957868,0.0533423,1.51009,0.0606931,1.40676
65.340952381,0,0.336571,2.90563,0.153723,0.424731,0.094731,2.38136,0.0920072,0.0763266,1.23395,0.145421,1.33733
65.387392290,0,0.404731,2.71066,0.171639,0.432977,0.0818231,2.41776,0.0617318,0.0528788,0.993547,0.169122,1.34676
65.433832200,0,0.291318,2.58604,0.195195,0.386317,0.045924,2.43363,0.0199055,0.0303484,0.91894,0.0805459,1.38085
65.480272109,0.0109023,0.161781,2.73751,0.139654,0.546043,0.0356998,2.41831,0.0388264,0.0702788,0.850335,0.00639095,1.36699
65.526712018,0.327532,0.0368289,2.60921,0.264032,0.535982,0,2.06396,0.0680538,0.400273,0.520802,0.156049,1.53332
65.573151927,0.519715,0,2.33198,1.14378,0.402467,0,1.38172,0.407993,1.72367,0,0.103113,1.27777
65.619591837,0.533264,0.124886,1.9537,1.33181,0.266919,0,1.05111,0.488676,2.4476,0.000195109,0.0834914,1.12676
65.666031746,0.553361,0.136678,1.76103,1.29991,0.322083,0.00243863,0.878457,0.418068,2.75934,0,0.0632467,0.925991
65.712471655,0.588843,0.0309062,1.78879,1.16635,0.114925,0.00688098,0.973501,0.268905,3.05643,0,0.0631669,0.899617
65.758911565,0.696766,0,2.06481,1.1382,0.0459777,0.0025043,1.16402,0.0625792,3.2132,0.0414207,0.0325534,0.856501
65.805351474,0.747941,0,2.22909,1.17774,0.0469208,0,1.13611,0.0214369,3.19232,0.0867375,0.00417602,0.801035
65.851791383,0.752929,0.000884887,2.08694,1.17374,0.32406,0,0.90147,0.000210129,3.51664,0.0339887,0.102868,0.851053
65.898231293,0.738256,0.000314061,2.08429,1.07559,0.279073,0.0387742,0.825461,0.00809655,3.66985,0.0031523,0.11757,0.801032
65.944671202,0.48994,0.307349,2.24774,0.773664,0.0243651,0.105973,1.02564,0.0282065,3.50519,0.220782,0.0699195,0.793352
65.991111111,0.284772,0.317566,2.14381,1.00938,0.0495826,0.0203886,1.34105,0.284969,1.23261,2.18133,0.0246123,0.732662
66.037551020,0.0518121,0.830764,2.23024,0.14783,0.834272,0.0215904,0.301235,0.400774,0.0340458,3.07737,0.0249929,0.661324
66.083990930,9.699e-05,0.871464,2.29042,0.0124843,1.14371,0.0227072,0.300792,0.192323,0,3.28977,0.0295739,0.322729
66.130430839,0.000263631,0.805177,2.21846,0.0130016,1.23799,0.19935,0.461543,0.207492,0.0658065,3.37646,0.00187136,0.293765
66.176870748,0,0.512474,2.3356,0.0993581,1.04378,0.349225,1.19608,0.180428,0.114271,3.32523,0.00149438,0.2839
66.223310658,0,0.140329,2.54548,0.170371,0.638335,0.404431,2.28743,0.112523,0.12464,2.97318,0.000924068,0.326318
66.269750567,0,0.153164,2.60804,0.207679,0.0398557,0.730804,3.03558,0.112988,0.133452,2.14845,0.00121458,0.360414
66.316190476,0.0119544,0.475984,2.53969,0.237922,0.0320878,0.348221,3.16233,0.0544406,0.0864224,1.56007,0.153376,0.253087
66.362630385,0.129962,0.936463,2.24857,0.142982,0.0640733,0.150909,3.31574,0.0547276,0,1.4725,0.414735,0.179548
66.409070295,0.0310331,1.35259,1.69415,0.0180617,0.114083,0.14906,3.44937,0.17229,0,1.2555,0.497815,0.146881
66.455510204,0.0286907,1.45296,1.50287,0.00966422,0.0788299,0.0658409,3.53734,0.22072,0.0106254,1.16379,0.509103,0.159895
66.501950113,0.0246624,1.6717,1.54888,0.00118568,0,0.0169374,3.595,0.108354,0.0523724,1.07792,0.650719,0.192837
66.548390023,0.000630903,1.71354,1.55451,0,0.0191295,0.0806062,3.53591,0.0499534,0.212624,0.875997,0.789701,0.225103
66.594829932,0.000377313,1.61142,1.60436,0.00335694,0.0473276,0.131,3.39782,0.0330905,0.344766,0.84559,0.801963,0.31076
66.641269841,0.000459943,1.50669,1.57839,0.132943,0.145487,0,3.40231,0.117056,0.178794,1.06875,0.773479,0.28269
66.687709751,0,1.48646,1.47733,0.00880007,0.0184682,0,3.32384,0.288632,0.162848,1.2173,0.69,0.322509
66.734149660,0,1.39772,1.57917,0.0134317,0.00456143,0.00814445,3.18675,0.24953,0.0230215,1.45106,0.558526,0.365106
66.780589569,0,0.978551,2.1127,0.0139335,0.327509,0.094763,2.91343,0.220417,0,1.6612,0.623439,0.315245
66.827029478,0,0.838927,2.54313,0.0185504,0.873526,0.240823,2.35136,0.30116,0.0112786,2.08011,0.278086,0.332845
66.873469388,0,0.558141,2.49365,0.125067,1.01752,0.00434895,2.23481,0.277836,0.0220964,2.94874,0.0564059,0.334035
66.919909297,0,0.31338,2.55846,0.191673,0.894326,0.014162,2.31153,0.230941,0.0237018,3.0914,0.0239014,0.339071
66.966349206,0.00646473,0.325257,2.60541,0.372412,0.584843,0.0281795,2.26784,0.198077,0.0274726,3.06135,0,0.388664
67.012789116,0.00889023,0.383226,2.60698,0.456458,0.287832,0.104773,2.18276,0.176013,0.145659,2.85569,0,0.43663
67.059229025,0.0649803,0.567793,2.64102,0.415546,0.0658306,0.166112,1.98104,0.321202,0.453778,2.54609,0.00103433,0.415673
67.105668934,0.0327888,0.783407,2.54636,0.323209,0.0126429,0.121963,2.21683,0.395518,0.406366,2.18538,0.00135381,0.273403
67.152108844,0,0.932268,2.41955,0.233538,0.198307,0.276496,2.888,0.292593,0.190082,1.47782,0.283503,0.190353
67.198548753,0,1.07627,2.00625,0.0825534,0.253955,0.203025,3.42007,0.10738,0.18215,0.908565,0.576238,0.213992
67.244988662,0,1.16444,1.76041,0,0.254189,0.0538324,3.91334,0.096994,0.245516,0.76365,0.765439,0.213703
67.291428571,0.000398483,1.18084,1.89641,0.215684,0.0208138,0.0458915,3.99528,0.071918,0.247951,0.691931,0.714603,0.171163
67.337868481,0.000469611,1.29338,1.92951,0.188692,0.120734,0.0374294,3.93021,0.0331032,0.282043,0.405654,0.740228,0.110047
67.384308390,0.000386345,1.45163,1.91988,0.210966,0.189599,0.0468787,3.93915,0.0367602,0.321984,0.311741,0.843118,0.0587763
67.430748299,0.00789836,1.60721,1.93085,0.243302,0.401409,0.0605846,3.7662,0.0443867,0.244174,0.382182,0.856618,0.0544763
67.477188209,0.0370214,1.9372,1.41395,0.233716,0.614733,0.100172,3.32776,0.114573,0.254037,0.962907,0.564675,0.0849388
67.523628118,0.0498031,2.56618,0.597169,0.00434876,0.917052,0.142656,3.12351,0.0924963,0.140099,1.52706,0.378649,0.0533556
67.570068027,0.0462767,2.75193,0.23492,0,1.09385,0.161261,3.33502,0.0768482,0.00673343,1.35543,0.312238,0.00055601
67.616507937,0.0396468,2.68027,0.00781422,0,1.12786,0.243605,3.33638,0.0866981,0.05266,1.20993,0.0785609,0.470397
67.662947846,0.0391674,2.44547,0.024689,0,1.40615,0.115896,3.05263,0.0915665,0.0818463,1.48265,0.0516604,0.629724
67.709387755,0.0155903,2.34528,0.0429025,0.00598285,1.85075,0.0386502,2.43449,0.110046,0.0866263,1.46507,0,0.307994
67.755827664,0,2.32477,0.0827888,0.0359183,2.35227,0.0378277,1.78559,0.10613,0.0820996,1.03956,0.126217,0.380437
67.802267574,0.0170929,2.14338,0.201363,0.10634,2.74251,0.15572,1.13667,0.0980679,0.0913691,0.897247,0.182795,0.760055
67.848707483,0.0303776,1.94655,0.243024,0.120595,2.9216,0.219067,0.910254,0.0750639,0.16521,1.07978,0.114641,1.14821
67.895147392,0.0367832,1.58122,0.195121,0.0622692,3.29801,0.11887,1.03566,0.101758,0.10614,0.910387,0.0679226,1.39887
67.941587302,0.0380577,1.33488,0.0806099,0.0550689,3.38452,0.127469,1.10215,0.290933,0,0.710487,0.0847627,1.42342
67.988027211,0.0368513,1.40806,0.0806492,0.0766086,3.27139,0.128812,1.13649,0.0555128,0,0.59346,0.0702766,1.41462
68.034467120,0.0304503,1.96169,0.124813,0.284998,2.77853,0.130505,1.38262,0.0414106,0,0.470626,0.0438585,1.19197
68.080907029,0.000576069,2.63892,0.101028,0.716516,1.92698,0.579929,1.40175,0.0847375,0,0.473649,0.0086297,0.679889
68.127346939,0.000471574,3.11408,0.239322,0.66606,1.33765,1.22944,1.21698,0.176106,0.454829,0.415229,0.012757,0.114387
68.173786848,0.000261587,3.14841,0.085046,0.492634,1.44266,1.13284,1.26207,0.183555,0.98063,0.444107,0.0357102,7.20698e-06
68.220226757,0.000182713,3.13167,0.0133091,0.182604,1.55331,1.19661,1.34911,0.149361,1.22954,0.290207,0.143822,0.0057902
68.266666667,0.00023812,3.26413,0.0299241,0.145982,1.65394,1.3538,1.29499,0.0707262,1.23776,0.252756,0.132942,0.125439
68.313106576,0.000222762,3.4781,0.0146792,0.294266,1.74586,1.369,1.07249,0.066333,1.01604,0.398687,0.0583881,0.614694
68.359546485,0,3.41152,0.00270106,0.429469,1.82515,1.26525,1.14322,0.0423172,0.754391,0.558249,0.101066,0.903494
68.405986395,0.0167069,2.9939,0.00786484,0.155699,1.90823,0.869985,1.38794,0.0830067,0.691472,0.608168,0.0690121,0.714995
68.452426304,0.27967,2.80176,0.0739617,0.0101523,1.92231,0.0973954,1.47939,0.106837,0.960417,0.78253,0.00152769,0.633202
68.498866213,0.0926922,3.27184,0.0725925,0.00385435,1.99688,0.183238,1.25881,0.077945,1.15475,0.790962,0.00210214,0.621219
68.545306122,0.193841,3.46221,0.0986274,0.0362223,1.7891,0.37547,1.05237,0.0316131,1.64275,0.735563,0.00250565,0.609582
68.591746032,0.133569,3.56701,0.0779914,0.185338,1.50565,0.230719,0.909444,0.0388095,1.52948,0.560321,0.00216593,0.856535
68.638185941,0.132957,3.4224,0.0335133,0.211968,1.40549,0.213915,0.997438,0.0732942,1.33078,0.470137,0.00173081,1.07197
68.684625850,0.135875,3.14939,0,0.226905,1.41063,0.197095,1.19669,0.0958242,1.17659,0.493778,0.00113006,1.23081
68.731065760,0.146888,3.04152,0,0.11391,1.50326,0.219004,1.48238,0.107117,0.682261,0.803486,0.000656096,1.28499
68.777505669,0.0915113,2.84637,0.00268348,0.0704882,1.83453,0.318854,1.57269,0.0419487,0.0208633,1.189,0.000745898,0.991757
68.823945578,0.380531,2.44638,0.000613474,0.0419841,2.2479,0.604727,1.62153,0.0196996,0.050452,0.7971,0.0513108,0.404382
68.870385488,0.496105,2.03695,0.00172549,0.0833947,3.00878,0.262678,1.37219,0.0239612,0,0.373854,0.0802337,0.782947
68.916825397,0.354183,1.81269,0.0153633,0.0877582,3.49414,0.0106807,1.13641,0.0266647,0,0.066998,0.195554,1.19776
68.963265306,0.0297921,1.64418,0.0235935,0.0170744,3.68868,0.0219081,0.976327,0.0216851,0,0.0273018,0.203867,1.58286
69.009705215,0.0832944,1.35794,0.117215,0,3.22137,0.02161,0.753994,0.095906,0,0.0187372,0.121417,1.93984
69.056145125,0.574014,0.919215,0.160333,0.00954879,2.55639,0.0812047,0.603581,0.0529382,0.0411434,0.0610848,0.118284,2.05743
69.102585034,0.78105,0.558253,0,0.0919116,2.55129,0.0343544,0.550992,0.0304873,0.0429579,0.10002,0.168672,2.03694
69.149024943,0.185518,1.05626,0.0894298,0.178568,2.87027,0.0299182,0.302229,0.0313215,0.0258747,0.222622,0.246071,2.2664
69.195464853,0.000338078,1.08522,0.17921,0.16855,3.06147,0.0517162,0.488634,0.0167417,0.0735117,0.272099,0.132932,2.58369
69.241904762,0.000179509,0.865992,0.206911,0.182865,3.03901,0.0439946,0.634011,0.0104182,0.307169,0.279521,0.0886466,2.76386
69.288344671,0.0742672,0.620755,0.164727,0.214095,3.09558,0.0660682,0.783765,0.00971215,0.571746,0.275552,0.132879,2.68543
69.334784580,0.0775851,0.491529,0.0609912,0.351999,3.21664,0.207571,1.20214,0.0210859,0.593277,0.113103,0.196913,2.34893
69.381224490,0.0183349,0.399273,0.0413672,0.540968,3.04096,0.167429,1.30973,0.030034,0.357416,0.109831,0.207396,2.54227
69.427664399,0.103171,0.271174,0.150063,0.632396,2.62308,0.0515887,1.23258,0.0170123,0.218132,0.19224,0.107983,2.61939
69.474104308,0.192765,0.349945,0.218008,0.489566,2.34968,0,1.13034,0.00710991,0.113222,0.313214,0.0940897,2.75614
69.520544218,0.264414,0.501655,0.246057,0.574502,2.32661,0.000836277,0.977999,0.00238697,0.0869013,0.319222,0.00662929,2.61764
69.566984127,0.22647,1.27348,0.250755,0.709289,2.4024,0.0398459,0.83793,0.00197526,0.095686,0.281908,0.00661984,2.26209
69.613424036,0.12143,2.19786,0.18494,0.475342,2.58507,0.264401,0.510618,0.0550372,0.543625,0.0666789,0.00623481,1.87918
69.659863946,0.046675,2.49944,0.0524679,0.137706,2.31374,0.449625,0.279613,0.0842337,0.844084,0.154579,0.0796109,1.7228
69.706303855,0.0245209,2.40864,0.0529777,0.11286,2.19417,0.454071,0.290337,0.0684588,1.09803,0.194147,0.125387,1.69361
69.752743764,0,2.03339,0.0699343,0.110121,2.65743,0.217802,0.472369,0.00604244,1.29596,0.158167,0.159183,1.83628
69.799183673,0.00979666,1.40955,0.129957,0.0566236,3.33263,0.0165453,0.520111,0.00690155,1.19837,0.0106849,0.200536,2.11112
69.845623583,0.0384919,0.957362,0.20779,0.105629,3.42657,0.0191947,0.486549,0.0526412,0.660971,0.0056495,0.189692,2.28088
69.892063492,0.00613027,0.60994,0.188201,0.208765,3.42272,0.237226,0.511355,0.0448245,0.32319,0.0217937,0.161792,2.29336
69.938503401,0,0.0935628,8.54528e-05,0.18693,3.39442,0.317957,0.499394,0.00950984,0.554867,0.0399315,0.196887,2.32503
69.984943311,0,0.00156394,0.00321324,0.134049,3.50403,0.445423,0.470392,0.00488384,0.768962,0.0373627,0.181409,2.37427
70.031383220,0.0326452,0.123105,0.00816094,0,3.45837,0.437873,0.375442,0.00904607,0.797172,0.0418767,0.194905,2.28439
70.077823129,0.0365133,0.274342,0.00303888,0,3.7524,0.276307,0.198918,0.0809515,0.683613,0.0296699,0.145297,2.15432
70.124263039,0.000394062,0.259385,0.000552149,0.0137637,3.78831,0.0020754,0,0.715801,0.831481,0.0132137,0.125251,1.90187
70.170702948,0.373916,0.208174,0,0.0108143,3.45791,0.00115252,0.00102304,0.917007,0.262118,0.0531848,0.0630209,1.68412
70.217142857,0.243307,0.234962,6.60709e-07,0.0132122,3.09783,0.0032259,0,1.00546,0.147305,0.0481315,0.178405,1.63555
70.263582766,0.062802,0.295509,0.00147689,0.0111674,3.04713,0.000292482,0.0281934,0.987597,0.264694,0.032264,0.288648,2.05982
70.310022676,0.0887585,0.391267,0.00243726,0.00768611,3.12268,0,0.342393,0.60473,0.457884,0.0199137,0.355766,2.21708
70.356462585,0.0693727,0.306915,0.0025354,0.00673321,3.29611,0,0.735198,0.197991,0.887997,0.00203354,0.403536,2.21291
70.402902494,0.00694765,0.322848,0.0032048,0.203979,3.48921,0.00651973,0.199764,0.273081,1.0618,0.0150598,0.364518,2.25804
70.449342404,0,0.0605221,0.00146008,0.00737237,3.82891,0.0096579,0.0480729,0.472122,1.01322,0.226568,0.0792137,2.26066
70.495782313,0,0.0278379,0.013579,0.00462452,3.85701,0.00907426,0.0390916,0.46879,0.764869,0.252273,0,2.61783
70.542222222,0,0,0.0249934,0.00156617,3.83889,0.0212384,0.0374216,0.533138,0.507295,0.246693,0,2.66324
70.588662132,0,0,0.0179138,0.00207282,4.34074,0.0360911,0.0399004,0.448579,0.462839,0.0839235,0.291425,2.1943
70.635102041,0,0,0.108094,0.280471,4.39366,0.0508317,0.0281352,0.0193408,0.706375,0.0930934,0.538948,1.41841
70.681541950,0,0.65663,0.963295,0.359402,3.73362,0.265701,0.0130366,0.0451784,0.690895,0.0965582,0.534197,1.05895
70.727981859,0.0875349,2.04432,1.14741,0.280108,2.25205,0.458143,0.0304162,0.00351695,0.354178,0.357355,0.0508257,1.57812
70.774421769,0.000368141,3.04225,0.699051,0.15434,1.02964,0.398593,0.0326376,0.035637,0.0573161,0.463137,0.0659448,1.19757
70.820861678,0.00018043,3.48025,0.0219824,0.0283129,1.95741,0.987616,0.00899861,0.181808,0.351976,0.346908,0.180661,0.715145
70.867301587,0.0263644,2.26119,0.00969805,0.000599062,2.73533,0.599282,0,0.225698,0.870249,0.309687,0.526662,1.29206
70.913741497,0.183092,0.282872,0.0133175,0.0115413,3.78772,0.144094,0.00490016,0.211779,0.853018,0.218098,0.65727,1.37806
70.960181406,0.0631633,0.157976,0.00592595,0.0212131,4.12446,0,0.0103669,0.250296,0.417257,0.152068,0.0720058,1.44424
71.006621315,0.032895,0.111777,0.6681,0.0957061,3.64478,0.0557821,0.319001,0.299136,0.76769,0.160909,0.00162937,1.25367
71.053061224,0,1.1424,1.09366,0.111295,2.26258,0.0836875,0.428306,0.143581,1.1927,0.1391,0.0512838,0.881018
71.099501134,0.188823,2.46365,1.2492,0.0251831,1.589,0.155768,0.182725,0.0160695,1.31875,0.109623,0.167703,0.108389
71.145941043,0.33033,2.96347,0.759712,0,0.470152,0.184792,0.220639,0.323227,1.32445,0.00913239,0.391731,0.0221638
71.192380952,0.374629,2.78316,0.1714,0.0379284,1.19678,0.295657,0.731586,0.408015,1.5297,0.0280803,0.390663,0.00233194
71.238820862,0.190575,1.36254,0.203927,0.0507344,2.42428,0.395043,0.357686,0.450272,1.19286,0.0411514,0.562744,0.961033
71.285260771,0.12983,0.209649,0.148343,0.0352494,3.05697,0.111106,0.184559,0.522857,0.978023,0.501003,0.759447,1.12808
71.331700680,0.109603,0.159764,0.0849355,0.00964404,3.493,0.0333729,0.116886,0.393784,0.981301,0.722342,0.491588,1.12893
71.378140590,0.140049,0.147326,0.0416052,0.00163209,3.75391,0.0107914,0.272619,0.13079,0.846716,0.652729,0.203528,1.09068
71.424580499,0.0968088,0.0993849,0.0271248,0.0582186,4.07533,0.114685,0.26114,0.0609406,0.812183,0.0517703,0.0830766,1.07985
71.471020408,0.383276,0.086645,0.0296846,0.3312,3.63596,0.00598278,0.13963,0.0420281,0.812411,0.174859,0.0124865,1.08007
71.517460317,0.204597,0.0072047,0.0253666,0.189634,3.89456,0.0231078,0.04212,0.0430984,0.881087,0.178646,0.076204,1.30454
71.563900227,0,0.00205685,0.0188334,0.0612608,4.33434,0.0153195,0.0371831,0.0665825,0.724449,0.000357734,0.0754423,1.23073
71.610340136,0.000137895,0,0.0527464,0,4.47499,0.0161638,0.0482839,0.0461317,0.844975,0.000866849,0.0739102,1.46578
71.656780045,0.00054274,0,0.0872575,0.0475297,4.3564,0.0261076,0.255437,0.16095,0.981612,0.00525641,0.0560144,1.4217
71.703219955,0.25071,0,0.011542,0.188698,3.70343,0.424342,0.0508251,0.0212907,0.668405,0.291432,0.067178,1.06108
71.749659864,0.307385,0,0.00412867,0.467258,3.60247,0.352482,0,0.0502249,0.64885,0.308298,0.0513821,1.04301
71.796099773,0.27326,0,0.000975319,0.565792,3.62464,0.252861,0,0.0626464,0.680826,0.278599,0.0328495,1.06246
71.842539683,0.262084,0.0177017,0.00820484,0.393863,3.81031,0.0455951,0.00968384,0.0514425,0.714052,0.243402,0.0702091,1.0352
71.888979592,0.195962,0.0632421,0.00379016,0.00315262,3.85678,0.0472027,0.0499055,0.0453934,0.735274,0.46556,0.231949,1.43648
71.935419501,0.369179,8.79777e-05,0.000771191,0.0609339,3.62856,0.239532,0.287059,0.0876761,0.509117,1.26657,0.206288,1.72416
71.981859410,0.342625,0.111023,0.0552897,0.119469,3.47158,0.266893,0.178535,0.0537489,0.406931,1.31578,0.130031,1.561
72.028299320,0.283989,0.185296,0.0636401,0.137577,3.24516,0.155779,0.1322,0.181047,0.455622,1.49568,0.119828,1.52395
72.074739229,0.291644,0.038105,0.864605,0.133707,2.69384,0.0288272,0.512942,0.350731,0.586481,1.49957,0.132114,1.5489
72.121179138,0.214186,0.0795781,1.80213,0.0351874,1.1135,0,1.50614,0.353708,0.78745,1.09225,0.565641,1.83299
72.167619048,0,0.037413,2.17887,0.0119676,0.0268859,0,2.30856,0.240289,0.771228,0.612939,0.661194,1.5212
72.214058957,0,0.40081,2.39242,0.0126909,0.00667418,0,2.41944,0.00641286,0.56968,0.477827,0.633218,1.42914
72.260498866,0,0.517089,2.39264,0.0144725,0,0.0095015,2.55755,0.0070156,0.372525,0.568018,0.643087,1.6703
72.306938776,0,0.242513,2.43604,0.0150251,0.0268808,0.162071,2.79847,0,0.110283,0.900184,0.574853,1.73187
72.353378685,0,0.0319271,2.42594,0.0143431,0.0535331,0.303232,2.99176,0,0.18669,1.45898,0,1.42585
72.399818594,0,0.0258917,2.69251,0.0141009,0.353693,0.0175698,2.73946,0,0.438066,1.4559,0,1.40911
72.446258503,0,0.00141967,2.95145,0.118505,0.250272,0,2.62956,0.217655,0.258007,1.36584,0,1.28856
72.492698413,0.0667387,0.0012461,3.13876,0.27842,0.0927193,0.0123851,2.37999,0.405115,0.0371649,1.24651,0,1.04649
72.539138322,0.508013,0.00136861,2.86599,0.266301,0.338776,0.148133,2.07505,0.382057,0.0577742,1.26575,0.130375,1.54763
72.585578231,0.563569,0.00167269,2.66215,0.254345,0.48318,0.342985,1.68925,0.345362,0.117901,1.44588,0.217094,1.84814
72.632018141,0.613398,0.0016838,2.6345,0.229757,0.689492,0.415169,1.19891,0.520621,0.170073,1.54736,0.122492,2.04033
72.678458050,0.686192,0.00158621,2.53844,0.176426,1.00329,0.265015,0.841195,0.537001,0.315869,1.62615,0.00309609,2.01921
72.724897959,0.903711,0.00195859,1.93009,0.10256,1.40145,0.204649,0.289767,0.185855,0.646167,1.58864,0.15941,1.87597
72.771337868,0.65959,0.0015433,1.63301,0.0927323,1.6874,0.404265,0.381613,0.393734,0.603985,1.43714,0.339472,1.77444
72.817777778,0.323231,0.000866546,1.52239,0.108406,1.66583,0.275709,0.857121,0.416552,0.46707,1.33479,0.506031,1.68215
72.864217687,0.0976773,5.0042e-05,1.69238,0.115919,1.8107,0.930347,1.53419,0.140346,0.374402,1.06611,0.272915,1.76691
72.910657596,0.0732128,0,1.80865,0.0093836,2.23151,0.878193,1.62791,0.00322624,0.289969,0.984566,0.130289,1.43026
72.957097506,0.0360944,0.000766343,1.75606,0.0120857,2.31504,0.595301,1.70606,0.00304624,0.299771,0.724992,0.151705,1.47026
73.003537415,0.000930904,0.00136739,1.6371,0.0136637,3.04312,0.290101,1.81769,0.00979721,0.352578,0.667855,0.0260487,1.13565
73.049977324,0,0.0014925,1.65872,0.0267559,3.09854,0,1.29372,0.167432,0.305276,0.997666,0,1.26389
73.096417234,0.531043,0.00188628,1.42419,0.0334496,3.00364,0,0.702111,0.578478,0.00262047,1.28724,0.0165902,1.3111
73.142857143,0.632069,0.066389,0.505576,0.0292022,3.06395,0.0323527,0.0613924,0.577757,0.00465621,1.2127,0.059809,1.3971
73.189297052,0.616358,0.0867897,0.383638,0.0270437,3.15862,0.0271273,0.0587899,0.443425,0.0177573,1.20923,0.108575,1.29659
73.235736961,0.541686,0.0572464,0.739292,0.0199843,3.2605,0.000446025,0.0338891,0.243895,0.242042,1.20406,0.141625,1.39399
73.282176871,0.406461,0.00135017,1.41379,0.0150595,3.1043,0,0.0279847,0,0.663872,1.26084,0.137086,1.57146
73.328616780,0.258559,0.00126001,1.46198,0.0147795,2.93923,0,0.045843,0,0.68407,1.28101,0.000269006,1.78915
73.375056689,0.300345,0.00253978,1.48495,0.0118289,2.92305,0,0.0693666,0,0.668236,1.22456,0.000275455,1.48477
73.421496599,0.273449,0.0011696,1.12341,0.0507121,2.59888,0.204505,0.356754,0.080166,0.720236,1.39125,0.00029198,0.80935
73.467936508,0.0398672,0.0407609,1.27178,0.0998439,2.51482,0.234329,0.413589,0.240804,1.5739,0.539496,0.241362,0.88555
73.514376417,0.261628,0.0265156,0.751619,0.0674907,2.64109,0.0268063,0.430256,0.503967,1.77183,0.549134,0.180433,1.10897
73.560816327,0.532041,0.34463,0.453544,0.00753579,3.23799,0.022227,0.381916,0.381895,1.66869,0.567538,0.151361,1.25978
73.607256236,0.761761,0.530288,0.177214,0,3.4044,0.0275581,0.534977,0.00609106,1.29801,1.19409,0.127751,1.20524
73.653696145,0.703157,1.16911,0.213556,0,2.90623,0.0305238,0.946252,0,0.644294,1.49762,0.121555,0.862697
73.700136054,0.793,1.62012,0.52563,0,1.5365,0.033086,1.8147,0,0.0108635,1.86966,0.0496826,0.584972
73.746575964,0.553475,2.06084,0.254499,0.0190383,0.655648,0.0303943,2.52666,0.0426828,0.225354,1.89837,0.00184729,0.234738
73.793015873,0.264686,2.43407,0,0.0497057,0.636672,0.14464,2.44905,0.0434482,0.360965,1.64391,0.000581571,0.000218976
73.839455782,0.188003,2.45314,0,0.0544801,1.00275,0.0537093,1.79907,0.0445578,0.700623,1.81417,0.000429621,0.00790379
73.885895692,0.157543,2.25856,0,0.0694277,1.45468,0.168713,1.57367,0.049387,0.640503,2.17241,0.000428583,0.11921
73.932335601,0.0408066,2.11473,0,0.0893085,1.39085,0.730187,1.35825,0.0545374,0.224219,2.42027,0.000913948,0.294016
73.978775510,0,2.56923,0.056843,0.139875,1.10205,0.977554,0.93113,0.430105,0.0160627,2.51945,0.0319253,0.292122
74.025215420,0.232093,2.36888,0.500435,0.325177,1.12139,0.094992,0.874445,0.399207,0.00144734,2.40822,0.0376324,0.440405
74.071655329,0.387666,1.89897,1.54948,0.590085,0.695554,0.034904,0.850535,0.357079,0,2.16462,0.0201806,0.658434
74.118095238,0.449095,1.44007,2.48914,0.404683,0.368859,0.0299098,0.714136,0.405622,0,1.90289,0.0233789,0.62072
74.164535147,0.511195,1.4691,2.55543,0.0341725,0.218821,0.173868,0.803779,0.329255,0,1.71863,0.0205642,0.613771
74.210975057,0.265055,1.93351,1.83225,0,0.294506,0.416178,0.954772,0.0563548,1.11842,0.957459,0.0281877,0.74123
74.257414966,0.134592,2.11165,0.756396,0,0.288294,0.519889,1.1878,0.0584414,1.14268,0.925378,0.25912,0.749221
74.303854875,0.0502362,2.53556,0.276104,0.0013,0.364782,0.588958,1.22147,0.0829075,1.1028,0.995942,0.417934,0.775666
74.350294785,0.0559196,2.85627,0.0138355,0,1.00187,0.480537,1.15981,0.0826738,0.891157,1.06453,0.281104,0.669423
74.396734694,0.049386,3.33942,0.066688,0,1.63373,0.419647,0.941552,0.0482852,0.663738,0.957265,0.137478,0.524231
74.443174603,0.039604,3.3954,0.0407956,0,1.35455,0.678632,0.978466,0.00120869,1.15039,0.862866,0.133525,0.451964
74.489614512,0.074224,3.60292,0,0.0244079,1.07827,0.738019,0.929654,0.000911583,1.23276,0.937663,0.0629879,0.337149
74.536054422,0,3.6655,0,0.0368029,0.972676,0.728304,1.08361,0.0452969,1.20283,1.06089,0,0.0806568
74.582494331,0.386595,3.75605,0,0.0884934,0.894032,0.601063,0.906659,0.291888,1.07601,1.0089,0,0.0520625
74.628934240,0.519599,3.60909,0,0.285012,0.849967,0.132239,0.910749,0.728019,0.548788,1.04145,0,0.359434
74.675374150,0.477399,3.543,0,0.322868,1.01787,0.12601,0.890558,0.963207,0.213436,0.87437,0,0.558997
74.721814059,0.397508,3.53691,0,0.248824,1.54633,0.1169,0.873906,0.912094,0.0941241,1.01581,0,0.756498
74.768253968,0.314663,3.60948,0.0375178,0.152885,2.11673,0.114709,0.729968,0.621892,0.354829,1.19855,0,0.709599
74.814693878,0.196298,3.65096,0.0289774,0.102334,1.89482,0.483653,0.709874,0.0399145,0.900234,1.15599,0,0.655657
74.861133787,0.139068,3.68207,0.0206106,0.043048,1.37169,0.655599,0.6743,0.0323357,0.928558,0.890821,0,0.587314
74.907573696,0.268574,3.72177,0.123457,0.202936,1.15407,0.68953,0.886874,0.00372151,0.92467,0.879528,0.00116135,0.000124866
74.954013605,0.0472751,3.88859,0.099076,0.0992021,1.15803,0.693755,0.163237,0.362953,0.799904,0.0910923,0.576711,0.0150347
75.000453515,0.0237502,3.27681,0.323822,0.0523911,1.1902,0.423657,0.040411,0.734977,0.659721,0.117402,0.951376,0.467582
75.046893424,0.0733871,1.73483,2.10843,0.0116529,1.02209,0.454718,0.0595411,0.847724,1.5217,0.109171,0.638713,1.08578
75.093333333,0.0888558,0.571237,3.08076,0.00760706,0.799859,0.404411,0.0707965,0.602328,1.51886,0.790657,0.232338,1.91291
75.139773243,0.0933611,0.555843,3.20765,0.00378709,0.972503,0.160546,0.385176,0.0881474,1.16656,0.988911,0.198371,2.16281
75.186213152,0.0540639,0.778644,2.8668,0.000572082,1.26423,0.0413802,0.461885,0.00168571,1.26948,0.980439,0.245699,1.74665
75.232653061,0,0.81157,2.92413,0.00279278,1.27233,0.0104951,0.481266,0.00165862,1.53031,0.758589,0.194248,1.64208
75.279092971,0,0.786117,3.12922,0.00527962,1.40846,0.0115278,0.460362,0.00272406,1.68584,0.585664,0.176598,1.658
75.325532880,0,1.07206,3.09136,0.00564216,1.51925,0.156446,0.109149,0.00420974,2.17279,0.155887,0.0387992,1.62099
75.371972789,0,1.98158,2.05522,0.00500501,1.69394,0.245469,0.0413971,0.00444537,2.53945,0.00985483,0.000729856,1.28533
75.418412698,0,3.07428,0.895024,0.00445432,1.83919,0.31941,0.00410421,0.00198288,2.49708,0.00393956,6.8488e-06,1.14515
75.464852608,0,3.73291,0.160386,0.116175,1.90885,0.419371,0,0.000849057,2.08687,0.00250243,0.0110706,0.946104
75.511292517,0.029111,3.8032,0.273291,0.140679,2.07912,0.453135,0.00106984,0.0956725,1.46952,0.0589764,0.00460695,0.875063
75.557732426,0.321365,3.44869,0.498024,0.129698,1.93427,0.478481,0.0283779,0.387063,0.983435,0.0473994,0.0193742,1.01042
75.604172336,0.390973,3.24844,0.606306,0.113785,1.85524,0.547793,0.0441724,0.69391,0.838885,0.0340886,0.0190818,1.19191
75.650612245,0.433099,3.41541,0.376886,0.119099,1.87107,0.660975,0.0390915,0.645137,0.85299,0.0608094,0.0490891,1.12257
75.697052154,0.2947,3.69695,0.122234,0.124554,1.97331,0.592514,0.0166964,0.114916,0.906609,0.219294,0.122025,0.807553
75.743492063,0.206035,3.81747,0.0652159,0.122563,1.94615,0.709134,0.0127941,0.0410288,0.880319,0.585484,0.310364,0.403907
75.789931973,0.139321,3.88814,0.0857493,0.122369,1.81635,0.878114,0.00930695,0.208704,0.754909,0.651791,0.317651,0.433164
75.836371882,0.137082,3.99876,0.173926,0.109275,1.63188,0.800442,0.00539251,0.263277,0.912814,0.52577,0.247947,0.639874
75.882811791,0.130157,4.2499,0.0631351,0.10191,1.5468,0.542364,0.00454589,0.154647,1.28117,0.250493,0.10571,0.660919
75.929251701,0.0809663,4.22418,0,0.13828,1.75506,0.510601,0.00834993,0.00547157,1.21063,0.0683933,0.10185,0.683608
75.975691610,0.0330275,4.2203,0,0.124675,1.82705,0.49419,0.0121841,0.00631224,1.01149,0.0610113,0.114,0.710426
76.022131519,0.00818444,4.18007,0,0.135806,2.12789,0.495329,0.0138275,0.00607394,1.02812,0.00172799,0.00209217,0.863232
76.068571429,0.338136,3.37255,2.84152e-05,0.583889,2.24827,0.395845,0.0709318,0.160417,1.16421,0.00088621,0,1.54383
76.115011338,0.546948,0.693536,0,0.583685,2.16227,0.0462293,0.69469,0.513423,0.798128,0,0,2.34359
76.161451247,0.558898,0.103076,0.00458377,0.625135,1.89116,0.0194,1.11156,0.542853,0.0959218,0.0172314,0.00223828,2.71464
76.207891156,0.536297,0.0782657,0,0.594787,1.75779,0.0182957,1.22213,0.469162,0,0.0843054,0.0316289,3.024
76.254331066,0.480627,0.156138,0,0.581195,1.81262,0.0169471,1.34543,0.204663,0,0.164382,0.0211929,3.24809
76.300770975,0.354185,0.128715,0,0.539331,1.99577,0.0224822,1.39776,0.00834341,0,0.190762,0,3.3157
76.347210884,0.294645,0.287074,0,0.571872,2.10908,0.0301508,1.32817,0.00733001,0,0.180868,0,3.26455
76.393650794,0.403203,0.647165,0.000479585,0.622966,2.02481,0.0332508,1.14747,0.00687459,0,0.514409,0,3.29256
76.440090703,0.169829,0.564281,0.416849,0.0912018,3.02824,0.0303443,0.838695,0.00601381,0.242135,0.0370662,0.364922,2.85316
76.486530612,0.163505,1.25349,0.590984,0.0724025,2.17394,0.0666126,0.875656,0.0375636,0.770085,0.327142,0.761027,2.18182
76.532970522,0.11522,2.3465,0.718338,0.222395,0.469074,0.171868,1.64936,0.0718655,0.389863,1.46033,0.630705,1.09584
76.579410431,0.0351841,2.28124,1.7005,0.333645,0.256051,0.110523,2.22043,0.168803,0.151163,1.65289,0.191684,0.641972
76.625850340,0,1.885,2.31643,0.315634,0.1935,0.282222,2.32877,0.266175,0.0189691,1.19548,0.0815068,0.647252
76.672290249,0,1.3731,2.56034,0.221705,0.215427,0.205081,2.34482,0.243785,0,1.41514,0.0938078,0.900656
76.718730159,0.000480135,0.713724,2.8525,0.154291,0.0213305,0.018239,2.10592,0.124635,0,1.86736,0.188437,1.40221
76.765170068,0.0443317,0.0756151,3.05082,0.0574517,0.0850165,0.00929629,2.0498,0.0112188,0,2.57796,0.186318,1.45275
76.811609977,0.000444856,0.0113133,3.06845,0.098089,0.527089,0.0258085,2.12275,0,0,2.95735,0.0448332,1.31623
76.858049887,0.0378361,0.0449028,2.81474,0.528872,0.396765,0.0317448,2.2062,0,0,3.03398,0.0129838,1.24021
76.904489796,0.0436234,0.00420656,2.50263,0.596909,0.414559,0.0352238,2.12369,0.00233597,0,2.93299,0.0180874,1.35858
76.950929705,0.0546337,0,2.22316,0.503431,0.286513,0.0403347,2.18805,0.0702377,0.00103415,2.775,0.0304796,1.41932
76.997369615,0.0573053,0,2.46017,0.197965,0.211187,0.033026,1.92883,0.299182,0.0262321,2.4943,0.0318829,1.49752
77.043809524,0.540185,0.158443,2.52926,0.158233,0.189424,0.0261971,1.70666,0.343483,0.105754,2.3988,0.0386324,1.38883
77.090249433,0.602263,0.255502,2.45901,0.132541,0.264627,0.0365838,1.38668,0.369367,0.164005,2.44076,0.0204391,1.18519
77.136689342,0.644979,0.284838,2.35441,0.0790275,0.398063,0.0326498,1.08679,0.382662,0.177948,2.67085,0.0102333,0.99446
77.183129252,0.728116,0.299168,2.75446,0.0593128,0.755694,0.0188007,1.056,0.387107,0.172759,2.52577,0.00977046,0.774298
77.229569161,0.623575,0.258081,2.2524,0.0191747,0.896008,0.275948,1.41998,0.0345534,0.0752823,1.95221,0.117169,1.32148
77.276009070,0.348259,0.265858,1.86738,0.0747591,0.469431,0.377446,1.06702,0.391887,0.848813,1.2355,0.296534,1.7409
77.322448980,0.238048,0.862888,1.43789,0.0659949,0.297454,0.805288,1.05692,0.448341,1.31711,0.563587,0.463109,1.77862
77.368888889,0.0811335,2.01134,1.49895,0,0.37851,0.777153,1.35175,0.414505,1.46648,0.138612,0.20529,1.29753
77.415328798,0,2.79485,1.3355,0.0461431,0.321853,0.763568,1.47533,0.0648514,1.36915,0.395274,0.146711,0.843263
77.461768707,0,2.94402,1.13284,0.121034,0.241683,0.596944,1.53869,0.00613741,1.2841,1.00163,0.115503,0.840874
77.508208617,0,2.82578,1.38849,0.100419,0.00667547,0.457005,1.40524,0.0559877,1.28029,0.862938,0.0470158,0.791291
77.554648526,0.0317814,2.05115,1.86396,0.267635,0.000735525,0.421023,1.4972,0.28579,1.2643,0.452258,0.0122622,0.669714
77.601088435,0.515981,0.485949,2.10728,0.408049,0,0.135576,1.64834,0.53079,1.02545,0.0671921,0.0260165,1.75314
77.647528345,0.649873,0.0885167,1.97844,0.342216,0,0.0117445,2.0979,0.520869,0.621884,0,0.0201614,3.15569
77.693968254,0.494936,0.097457,1.91198,0.39332,0.000111769,0.0225805,2.31434,0.382267,0,0.00090897,0.00782744,3.61753
77.740408163,0.110594,0.167014,1.90587,0.536968,0.00712929,0.0386976,2.41611,0.160854,0,0.00210573,0,4.14961
77.786848073,0.000429308,0.178612,2.02695,0.6934,0.00749261,0.0495413,2.38645,0.0119783,0,0.00251056,0,4.43644
77.833287982,0.0698049,0.18546,2.02026,0.675378,0.0429245,0.0339787,2.35224,0.0113212,0,0.00559252,0,4.13384
77.879727891,0.125546,0.198504,2.07687,0.352337,0.0547295,0.0519472,2.18724,0.236838,0.452473,0.00946864,0.0176222,3.75203
77.926167800,0.32611,0.245692,1.76882,0.251437,0.00699958,0.0183462,2.02374,0.691858,0.417687,0.0922351,0.372675,2.76986
77.972607710,0.358624,0.237646,1.84054,0.180599,0.138038,0.128073,2.18605,0.774579,0.530791,0.195944,0.533953,1.46978
78.019047619,0.505581,1.04822,1.26453,0.136083,0.360332,0.0659338,2.33616,0.459611,0.218283,0.246492,0.849897,0.967602
78.065487528,0.475904,1.71304,0.781229,0.104516,0.386979,0.0618632,2.95838,0.335471,0,0.127369,1.29189,0.829024
78.111927438,0.375112,1.55954,0.910985,0.0288961,0.0846452,0.0552532,3.48383,0.247203,0,0.686025,1.14846,0.937997
78.158367347,0.174738,1.59505,1.09312,0.0130335,0.0495039,0.0545618,3.68058,0.32235,0.0410133,0.940979,1.08799,0.199884
78.204807256,0.00583335,1.56902,1.51471,0.0113948,0.0827917,0.0290513,3.54005,0.0250605,0.123825,0.945933,1.05716,0.0271539
78.251247166,0.00289481,1.58474,1.594,0.0140543,0.0786988,0.00295038,3.34632,0.00968239,0.108996,1.02983,1.08834,0.000553487
78.297687075,0.0145722,1.62746,1.64059,0.0151961,0.0585173,0.00719899,3.18907,0.00611665,0.0142246,1.29542,1.07267,0.000808695
78.344126984,0.0169405,1.6309,1.67702,0.0180027,0.0742174,0.036408,2.93107,0.00202821,0,1.3955,0.986155,0.00184982
78.390566893,0.00297463,1.54005,1.81388,0.0138668,0.203588,0.0743792,2.69196,0.0123044,0,0.853568,0.677298,0.0627855
78.437006803,0.00191279,1.42997,1.78997,0.0150948,0.202208,0.0838851,2.88146,0.018853,0.0021112,0.766628,0.327806,0.0698204
78.483446712,0.0266662,1.12757,1.83158,0.144555,0.15169,0.0676828,3.02386,0.263351,0.010443,0.839566,0.179123,0.00421861
78.529886621,0.526093,0.825688,2.32574,0.221445,0.0946803,0.049526,2.97373,0.299643,0.0185985,0.676405,0.0356657,0.37264
78.576326531,0.559554,0.586214,2.46544,0.246147,0.0569466,0.0211833,2.72172,0.274481,0.0162647,0.521617,0,0.774915
78.622766440,0.570511,0.648573,2.39711,0.226669,0.0688167,0.0153446,2.82254,0.219745,0.014682,0.428386,0,0.823312
78.669206349,0.635437,0.800243,2.04301,0.217737,0.0799726,0.000563001,3.20199,0.183525,0.00683016,0.744432,0.0124453,0.632866
78.715646259,0.764002,0.933536,1.08786,0.231698,0.340764,0,3.12399,0.111844,0,1.1267,0.677371,0.626638
78.762086168,0.621226,0.172973,0.599728,1.00068,0.598632,0.29289,1.89886,0.10674,0.224104,1.00222,0.497063,2.04989
78.808526077,0.416841,0.000874772,0.595908,1.32687,0.891759,0.245747,0.948063,0.0945241,0.289118,0.663999,0.440853,2.34056
78.854965986,0.16917,0.000112122,0.642308,1.27832,0.699094,0.140772,1.13668,0.193258,0.280835,0.556937,0.445616,2.4591
78.901405896,0.111851,0.000109679,1.83699,0.91272,0.315087,0.12607,1.40918,0.0774047,0.022185,1.37046,0.116155,2.08029
78.947845805,0.0353778,0.00105145,2.65587,0.331071,0.0359105,0.183213,1.5416,0.0170143,0.277619,1.57287,0.124213,0.884561
78.994285714,0,0.304141,2.47057,0.162376,0.0340124,0.331573,1.76679,0.0445938,0.713319,1.42171,0.0575186,0.123589
79.040725624,0,1.6128,2.22496,0.0148093,0,0.361923,1.57358,0.02502,0.718925,1.20519,0,0.00987554
79.087165533,0.363203,2.82255,1.565,0.0143076,0,0.239377,1.28045,0.305936,0.489264,0.991204,0.00554694,0.179927
79.133605442,0.657489,2.80241,0.951829,0.378879,0,0,0.912877,0.490996,0.248345,0.725611,0,0.824038
79.180045351,0.673066,1.50786,1.21702,0.384544,0,0,0.681344,0.783996,0.452823,0.44722,0,1.97165
79.226485261,0.596289,0.0354792,1.54856,0.420124,0,0.00648975,0.838219,0.703518,0.232084,0.338327,0,2.70822
79.272925170,0.421294,0.129194,1.6277,0.510973,0,0.0128909,1.15124,0.426859,0.0176827,0.259288,0,3.08664
79.319365079,0.263243,0.194723,1.69776,0.588175,0.033166,0.0175067,1.1633,0.0565753,0,0.268028,0,3.73102
79.365804989,0.218007,0.0917352,1.92259,0.628397,0.0859955,0.00516607,1.07757,0.113335,0,0.129812,0,3.67775
79.412244898,0.231906,0.00135045,1.90758,0.741,0.0139305,0.130006,1.63224,0.0873598,0.288214,0.172769,0.211881,2.60716
79.458684807,0.292822,0.159002,1.89759,0.577236,0.317828,0.288427,1.79573,0.0930521,0.589246,1.07396,0.669814,1.18884
79.505124717,0.630693,0.701277,1.59161,0.205295,0.972529,0.0628551,1.60336,0.0884473,0.589293,1.57525,0.831807,0.173074
79.551564626,0.680013,1.19844,1.05042,0.675368,1.04369,0.0196535,1.36239,0.0294777,0.661645,1.24279,0.686005,0.0602808
79.598004535,0.198324,1.68764,0.370261,1.07577,0.701022,0.0445357,1.17191,0.00440819,0.405296,1.47029,0.568139,0.621146
79.644444444,0.0985955,1.77531,0.0101002,1.14644,0.773792,0.0506283,1.02023,0.0751982,0,1.91283,0.211905,1.47267
79.690884354,0.0905879,1.8709,0.241734,0.679201,0.804769,0.0794844,1.27445,0.0383053,0,1.84653,0.0680797,2.11061
79.737324263,0.0437905,1.88825,0.395484,0.210417,0.949516,0.298963,1.37055,0.0380256,0.175007,1.45679,0.00254172,2.20083
79.783764172,0,2.10628,0.347006,0.188002,1.13607,0.415331,1.25865,0.0474533,0.420376,1.16133,0.00147733,2.07314
79.830204082,0,2.58563,0.164909,0.167041,1.24372,0.449151,1.17895,0.0504905,0.468222,1.1434,0,1.74405
79.876643991,0,3.02351,0,0.313169,1.1866,0.366949,1.23777,0.0515763,0.460295,1.82558,0.0159504,1.10454
79.923083900,0,2.79507,0,0.790116,1.16485,0.170878,1.61729,0.0726818,0.359915,2.20691,0.0141425,0.245708
79.969523810,0,2.11262,0.0892014,0.939494,1.30195,0.0465535,2.09677,0.379916,0.253078,1.82141,0,0.000691502
80.015963719,0.13903,1.88248,0.633134,0.567881,1.25198,0.0622736,2.26877,0.384203,0,1.63479,0,0.46106
80.062403628,0.308445,1.72403,0.902538,0.342487,1.17027,0.064254,2.06262,0.360851,0,1.45748,0,0.520197
80.108843537,0.367829,1.66114,0.852674,0.218655,1.1778,0.0599227,1.92594,0.409702,0,1.76315,0.0190901,0.514307
80.155283447,0.417444,1.7715,0.747052,0.187067,1.12165,0.0536736,1.72673,0.268001,0,2.14398,0.0307332,0.497028
80.201723356,0.309791,2.19341,0.559715,0.375309,1.05506,0.129856,1.07088,0.651374,0.0140451,1.80738,0.0587515,0.433291
80.248163265,0.430646,2.40857,0,0.252335,0.868696,0.153546,0.404637,1.52911,0.138511,1.38321,0.396827,0.182996
80.294603175,0.321023,1.81558,0.873877,0.142827,0.564125,0.128994,0.345999,1.64404,0.230265,1.36057,0.457136,0.166999
80.341043084,0.205718,2.09539,0.887413,0.25164,1.2289,0.0654937,0.145335,1.27493,0.110399,1.52913,0.36863,0.149643
80.387482993,0.0966632,2.45122,0.602309,0.179638,2.46567,0.0364487,0.44403,0.270997,0.0184161,1.18417,0.165905,0.765986
80.433922902,0.0575358,2.31123,0.0349943,0,3.10843,0.0457259,0.822862,0,0.167704,1.1124,0.130123,0.650228
80.480362812,0.0500213,2.1676,0,0,3.08448,0.0328019,0.756437,0,0.322003,1.22713,0.0869588,0.734655
80.526802721,0,2.04947,0,0,3.31019,0.0267836,1.00266,0.042948,0.386889,1.4043,0.000129647,0.660686
80.573242630,0.317228,1.93526,0.0274308,0,3.42047,0.0338469,0.984859,0.352054,0.160667,1.29421,8.73328e-05,0.682702
80.619682540,0.411764,1.91645,0,0.0672374,3.22876,0.0357333,0.803329,0.509476,0.0280539,1.19397,0,1.06063
80.666122449,0.322571,2.00185,0,0.115169,3.29696,0.0347778,0.847381,0.547556,0.0171283,1.1571,0,1.33906
80.712562358,0.242155,2.14236,0.0336605,0.0712448,3.43135,0.0317856,0.684834,0.405981,0.0689156,1.23166,0,1.32968
80.759002268,0.1497,2.07498,0.047239,0,3.4901,0.0317344,0.867956,0.144239,0.350984,1.36019,0.000154344,1.39148
80.805442177,0.112245,2.10504,0.0195057,0,3.55502,0.0296715,0.809768,0.035066,0.416951,1.40255,0.000187753,1.22599
80.851882086,0.119671,2.22528,0,0,3.49913,0.0305652,0.783716,0.0337293,0.375719,1.39956,0.000129394,1.24504
80.898321995,0.544196,2.22136,0.108715,0.187391,3.08055,0.0422198,1.10022,0.000224301,0.283256,1.48979,0.0289325,0.669808
80.944761905,0.842632,2.12924,0.0951461,0.25216,2.94874,0.119395,1.26659,0.00705735,0.316606,0.810786,0.550121,0.000112313
80.991201814,0.531596,1.41639,0.195519,0.130392,2.20005,0.140556,1.41689,0.00570072,0.47775,0.596028,0.631372,0.832739
81.037641723,0.134901,0.663033,0.150299,0.121452,2.88135,0.0126937,0.550278,0.0872241,0.663396,0.565441,0.717299,1.19398
81.084081633,0.104405,0.157899,0.0791263,0.121559,3.43674,0.0072962,0.0332491,0.227254,0.566008,0.443346,0.56138,1.41253
81.130521542,0.109095,0,0,0.26798,3.58098,0.00504007,0,0.165787,0.0435897,0.436487,1.02396,1.61455
81.176961451,0.0621868,0.0413674,0,0.275638,3.68295,0.00985049,0,0,0.544823,0.770974,1.0354,1.78694
81.223401361,0,0.108391,0,0.124294,3.95228,0.0107676,0,0.00503745,0.684888,0.830466,0.945914,1.7104
81.269841270,0,0.0651127,0.0333407,0.00574943,3.98963,0.0113254,0,0.063305,1.18297,0.590935,0.852575,1.65113
81.316281179,0,0.301719,0.110488,0.00960611,3.75993,0.0109752,0.00994768,0.0643865,2.14712,0.315308,0.362395,1.38773
81.362721088,0,1.0552,0.0809763,0.0318247,3.00647,0.0113283,0.152663,0.0894817,2.31805,0.00756964,0.00106513,1.60559
81.409160998,0,1.46599,0.0155171,0.358347,2.11132,0.013688,0.846102,0.0808757,2.03096,0.0121612,0,2.03623
81.455600907,0,1.46705,0.00010611,0.557615,1.89508,0.0141344,1.30141,0.071188,1.515,0.0272906,0,2.53438
81.502040816,0,0.907361,0.205735,0.528064,2.31752,0.0123082,1.33959,0.313816,1.1393,0.106586,0,2.46987
81.548480726,0.253662,0.253927,0.800539,0.167898,2.56227,0.0134414,0.822469,0.619199,1.3284,0.0128785,0,2.37783
81.594920635,0.360853,0.332861,1.02834,0.0664694,2.6188,0.0130844,0.30226,0.805654,1.21072,0.0102549,0.0172375,2.1833
81.641360544,0.359836,0.349193,1.01912,0.077849,2.55804,0.0214128,0.191764,0.835755,0.862202,0.0270875,0.035087,2.20348
81.687800454,0.236064,0.330009,0.737767,0.190373,2.49042,0.0344893,0.368858,0.725975,0.824427,0,0.0255268,2.30671
81.734240363,0.232296,0.254016,0,0.611587,2.42372,0.054533,1.20064,0.55987,0.692289,0.0224065,0.298163,2.58109
81.780680272,0.166924,0.018372,0.00021255,0.879637,1.85405,0.190451,1.52386,0.726654,0.319411,0.065312,0.29872,3.04066
81.827120181,0.135495,0,0,0.930884,1.57473,0.129529,1.48846,0.725342,0,0.10204,0.19023,3.39443
81.873560091,0.144117,0.0132341,0,0.866194,1.69465,0.00317544,1.47682,0.428221,0.00276351,0.145226,0.112092,3.56761
81.920000000,0.102941,0.169364,0,0.802687,1.84824,0.0119448,1.45016,0.0154977,0.292919,0.17402,0.100099,3.5673
81.966439909,0.0577973,0.262079,0,0.736752,1.92546,0.00821568,1.48481,0.0156429,0.534879,0.163921,0.109979,3.39054
82.012879819,0.0198854,0.213889,0,0.723863,2.04464,0.00502599,1.49587,0.0161248,0.5179,0.105278,0.0138874,3.2658
82.059319728,0.115205,0.321187,0.00030524,0.611697,2.12937,0.0141321,1.29861,0.376476,0.369907,0.0420532,0,3.06597
82.105759637,0.569768,1.45317,0.0262513,0.31353,2.16107,0.191177,0.63354,0.665374,0.349228,0.0150428,0.00967556,2.37256
82.152199546,0.684071,2.75664,0.0105873,0.0473743,1.90012,0.286257,0.0892936,0.587315,0.597802,0.0190069,0.0497843,1.57514
82.198639456,0.617111,3.25762,0.0107004,0.00386624,1.73062,0.324579,0.0564474,0.428244,0.486481,0.011004,0.0673211,1.02728
82.245079365,0.487481,3.7186,0.00862013,0.00492185,1.74522,0.368641,0.0133589,0.218204,0.64155,8.07504e-05,0.0272143,0.76326
82.291519274,0.354876,3.94022,0,0.038759,1.92371,0.42886,0.00120677,3.19877e-05,1.01195,0.000367017,0,0.681805
82.337959184,0.267465,3.9159,0,0.0678123,2.00331,0.492379,0,0.000390494,1.10056,0.000397248,0,0.700318
82.384399093,0.306225,3.84948,0,0.0968006,1.75893,0.418979,0,0.00114131,1.15012,0.188696,0,0.770149
82.430839002,0.160855,3.7473,0.13968,0.092972,1.49927,0.309685,0.0155824,0.00368064,1.15413,0.314833,0.307158,0.937318
82.477278912,0.120184,3.22633,0.384357,0.109056,0.804483,0.338653,0.0613341,0.035465,1.27523,0.495171,0.412431,0.909082
82.523718821,0.157946,2.50887,1.00774,0.0993101,0.435871,0.659791,0.359602,0.0378004,1.49533,0.285571,0.305328,0.822921
82.570158730,0.0856501,2.10704,2.3551,0.051871,0.401815,0.597745,0.906706,0.0287254,0.990912,0.140258,0.135104,0.755844
82.616598639,0.0247046,0.725285,3.56411,0.0170797,0.307916,0.424136,2.16227,0.104319,0.446821,0.628778,0.157585,0.63216
82.663038549,0.00884331,0,3.95545,0,0.291485,0.148826,2.32678,0.153246,0.287856,1.12431,0.0741782,0.6789
82.709478458,0.0055928,0,3.93998,0,0.202986,0.0939303,2.23115,0.0983226,0.215378,1.38922,0.0085357,0.992532
82.755918367,0.0616047,0,3.87444,0,0.0554337,0,2.25414,0.0799001,0.256688,1.08121,0.0102924,1.55857
82.802358277,0.0210439,0.00168508,3.86026,0.000481179,0.0989208,0,2.35264,0.0335645,0.36145,0.703574,0.00086603,1.68595
82.848798186,0.000171833,0,3.8131,0,0.144203,0.0371291,2.39321,0,0.426818,0.659793,0.168995,1.57422
82.895238095,0.04702,6.00333e-05,3.78283,0,0.135946,0.0377179,2.26309,0.014864,0.361833,0.803534,0.36716,1.43169
82.941678005,0.0475207,0.00134658,3.58194,0,0.0384673,0,2.08058,0.500116,0.392674,0.925583,0.383249,1.71134
82.988117914,0.0392639,0.450945,2.91084,0.00599088,0,0.0463717,2.10704,0.486297,0.541472,1.1972,0.113094,1.54905
83.034557823,0.3811,1.85716,1.80336,0.00838519,0,0.108773,2.10401,0.399477,0.47684,1.12779,0.0161396,1.13078
83.080997732,0.599607,2.45492,1.08709,0.00210296,0,0.134754,1.8826,0.356532,0.419369,1.02214,0.0233348,0.852907
83.127437642,0.651307,2.83987,0.973207,0.022364,0,0.167231,1.55419,0.296359,0.713398,1.01781,0,0.733789
83.173877551,0.68427,3.15005,1.15506,0.0895425,0.0909483,0.406206,1.30826,0.165666,0.933605,1.12783,0,0.424765
83.220317460,0.572772,3.45174,1.03803,0.104904,0.104499,0.849819,0.847217,0.118307,1.06638,1.11065,0.0340151,0.166006
83.266757370,0.389613,3.2827,0.952857,0.104797,0.174134,0.873552,0.776301,0.343548,1.00925,1.04997,0.383448,0.125364
83.313197279,0.238937,3.38616,0.811195,0.111084,0.26417,0.784993,0.59164,0.581759,0.800148,0.864862,0.652461,0.096065
83.359637188,0.0979243,3.01917,1.1055,0.104246,0.333609,0.707696,1.24986,0.706383,0.867121,0.527883,0.408082,0.204832
83.406077098,0,1.97857,1.76565,0.126882,0.401806,0.65594,1.57693,0.383063,1.42675,0.363958,0.18245,0.716266
83.452517007,0,2.31579,1.60746,0.0650723,0.323546,0.472057,1.5199,0.070017,1.43851,0.32512,0.127697,0.954985
83.498956916,0,2.93873,1.3967,0.0165726,0.0822044,0.305429,1.36222,0.0502265,1.4333,0.251772,0.0704407,0.911559
83.545396825,0.0322079,3.30512,1.24996,0.0479376,0.0674495,0.298675,1.35837,0.0717463,1.39987,0.169501,0,0.743086
83.591836735,0.281876,3.3997,1.0551,0.0068903,0,0.223589,1.72946,0.389843,1.19901,0.264249,0.0231501,0.392789
83.638276644,0.370551,3.07406,1.11028,0,0.00193043,0.193803,1.64199,0.528265,0.675227,0.209906,0.0282474,0.385512
83.684716553,0.365121,2.54965,1.44324,0,1.36153,0.183842,1.12457,0.5877,0.560216,0.220022,0.0392274,0.479581
83.731156463,0.142855,1.55451,1.67625,0,2.44004,0.214726,0.772566,0.536186,0.483389,0,0.0218192,0.750522
83.777596372,0.0578041,0.157832,1.33716,0.00427616,3.2454,0.134257,0.60731,0.477343,0.0348507,0.147804,0.00355873,1.29343
83.824036281,0.0740171,0.00406006,0.899914,0.0308635,3.85935,0.0401413,0.462209,0.195089,0.215766,0.255867,0.00180874,2.34482
83.870476190,0.0417453,0,1.11723,0.0455486,3.63312,0.0308922,0.642659,0.10692,0.232291,0.0653966,0.0849738,2.12596
83.916916100,0.353898,0.00579326,1.19333,0.1179,2.26023,0.0220637,1.43033,0.54823,0.436136,0.857934,0.451951,1.28281
83.963356009,0.47264,0.432778,1.76464,0.0995905,0.516016,0.352683,2.02864,0.295327,1.33243,1.29498,0.559324,0.840306
84.009795918,0.401312,1.80024,0.723134,0.0977966,0.27666,0.302526,1.35853,0.229957,1.53086,1.25344,0.547235,0.129594
84.056235828,0.484085,2.72839,0.414872,0.101534,0.309826,0.397792,0.972748,0.272277,1.465,1.41312,0.424734,0.132517
84.102675737,0.446276,3.23914,0.743605,0.0960583,0.181951,0.383073,0.536373,0.304313,1.67673,1.33493,0.178998,0.193908
84.149115646,0.2366,3.05012,1.07526,0.0942189,0,0.283155,0.563271,0.324923,2.218,0.927544,0.320031,0.167271
84.195555556,0,2.37857,1.70631,0.0773115,0,0.0202447,1.14441,0.106726,2.3816,0.475813,0.274597,0.19896
84.241995465,0,1.33427,1.91303,0.0479633,0,0,1.6569,0.0266192,1.982,0.502825,0.0422332,1.51051
84.288435374,0,0.211843,1.93945,0.262494,0,0,1.94361,0.0236169,0.905777,0.515375,0,2.53054
84.334875283,0.00263387,0.0971126,1.88199,0.597636,0,0.000449216,2.27488,0.0165266,0.00081913,0.53261,0.00548185,2.98321
84.381315193,0,0.0940346,1.90405,0.671463,0,0.000846149,2.28602,0.0157917,0.000272154,0.577646,0,3.37261
84.427755102,0,0.0934106,1.93908,0.684229,0,0.000516704,2.37684,0.0152671,0,0.589051,0,3.66934
84.474195011,0,0.0562263,2.00447,0.711438,0,0.00384394,2.403,0.0400501,0,0.601315,0,3.62664
84.520634921,0.237841,0.00113514,2.28756,0.631404,0,0.00731452,2.23203,0.217762,0.00027891,0.496022,0,3.26502
84.567074830,0.502796,0.00142162,2.34286,0.520735,0,0.0195109,1.83593,0.294131,0.0228821,0.364711,0,3.28491
84.613514739,0.57451,0.0017479,2.32487,0.431994,0,0.0319759,1.50594,0.296232,0.0520289,0.4313,0,3.4731
84.659954649,0.627373,0.00156651,2.4718,0.42587,0.0459252,0.0175865,1.65756,0.304747,0.0443441,0.39814,0,3.50626
84.706394558,0.598707,0.00181525,2.41122,0.366265,0.171881,0.0123986,1.88315,0.119266,0.195654,0.621114,0.0507837,3.18141
84.752834467,0.446871,0.389022,1.97041,0.132792,0.980355,0.243489,1.16909,0.0182276,1.08625,1.04082,0.447059,2.42462
84.799274376,0.191717,1.58195,1.47354,0.12547,1.00711,0.210108,0.79772,0.0767484,1.42796,1.05348,0.484467,1.25678
84.845714286,0.0751658,1.87503,1.28142,0.116217,0.44555,0.308755,1.01407,0.251277,1.69339,1.24038,0.292173,0.764997
84.892154195,0.0479296,1.86204,1.78057,0.0388018,0.363858,0.312592,1.53955,0.223483,1.66676,1.51191,0.123631,0.487381
84.938594104,0,1.42737,2.28718,0.00788736,0.131163,0.221829,2.17222,0.0188426,1.39315,1.36542,0.0432776,0.573281
84.985034014,0,1.00319,2.45852,0.012099,0.00743762,0.0361515,2.61208,0.0126209,1.62148,1.03347,0.00221268,0.716385
85.031473923,0,0.807422,2.50559,0.150962,0,0,2.45679,0.337489,1.64128,0.651125,0,0.405103
85.077913832,0.378455,0.800036,2.34649,0.124672,0.476981,0,1.50312,0.613711,1.38226,1.04001,0.077219,0.0827924
85.124353741,0.58588,0.927168,2.10635,0.0905858,0.570705,0,1.00483,0.62969,0.957149,1.76401,0.108959,0.346915
85.170793651,0.553887,0.767238,1.86224,0.30015,0.694493,0,0.92024,0.610664,0.543255,2.40251,0.0649884,0.514643
85.217233560,0.490855,0.417423,1.98149,0.715592,0.499682,0,0.942555,0.546728,0.114985,2.47647,0.0168743,1.36643
85.263673469,0.402904,0.0769132,2.08968,0.924487,0.166885,0.052252,1.13013,0.334396,0,2.03517,0.00069765,2.98772
85.310113379,0.282692,0.111653,2.04276,1.17516,0,0.0885184,1.02252,0,0.00412496,1.25866,0,3.89931
85.356553288,0.173752,0.116872,2.19633,1.13277,0,1.27312e-05,0.958438,0,0,0.509651,0,4.21098
85.402993197,0.291181,0.0285211,2.21916,0.98365,0.0118625,0.0257855,1.40307,0.04938,0.0697983,0.289164,0.031775,3.93229
85.449433107,0.00480124,0,2.23806,0.767607,0.0238672,0.185553,1.59945,0.0937862,0.354037,0.0736875,0.523681,3.47093
85.495873016,0.0307303,0.0402071,1.99832,0.67221,0.282612,0.0768301,1.87442,0.100134,1.01927,0.121359,0.601636,2.51017
85.542312925,0.281459,0.895823,1.06019,0.682887,0.720872,0.0311687,1.41564,0.0213083,1.2643,0.338449,0.501316,2.1349
85.588752834,0.209213,1.68239,0.441758,0.778122,1.37992,0.0354553,1.21444,0.00361928,1.40269,1.22575,0.46312,0.909036
85.635192744,0.0674117,2.57249,0.125889,0.84816,1.51085,0.190701,1.36276,0.0686982,1.10118,1.8511,0.174082,0.218784
85.681632653,0.0369422,2.82809,0.125606,0.373008,1.33037,0.186665,1.57824,0.0847561,0.342484,2.10587,0.00298488,0.308407
85.728072562,0,2.8803,0.0979474,0.339717,1.16738,0.118609,1.81324,0.12321,0.139848,2.05878,0,0.288024
85.774512472,0.00660375,2.73008,0.0222942,0.28916,1.09471,0.0270714,2.49018,0.137963,0.152509,2.06727,5.73151e-06,0.251094
85.820952381,0.146238,2.61867,0,0.0950665,1.97174,0.484842,2.046,0.0412311,0.320812,2.09511,0,0.375527
85.867392290,0.193119,2.11164,0.0076044,0,2.6537,0.545334,1.5365,0.047309,0.119895,2.21582,1.30437e-05,0.606935
85.913832200,0.187426,1.63439,0.0119501,0,2.84914,0.485121,1.43221,0.0489719,0.146331,2.22299,7.73799e-05,0.6744
85.960272109,0.169885,1.38673,0.0160349,0.213975,2.92241,0.38696,1.33197,0.0457893,0.140848,2.17021,0,0.68294
86.006712018,0.0152845,1.54088,0.1935,0.670448,2.7327,0.112085,1.04065,0.153276,0.203902,2.11923,0,0.689098
86.053151927,0.355534,1.47163,1.10244,0.841193,1.62646,0.0752325,0.939176,0.410998,0.465062,1.97681,0,0.607595
86.099591837,0.342879,1.71711,1.29832,0.675633,0.874055,0.0868016,0.902394,0.88435,0.593082,1.48734,0,0.518699
86.146031746,0.395188,1.98759,1.08536,0.382933,0.923224,0.0813184,1.05378,0.760884,0.619299,1.35482,0,0.569452
86.192471655,0.318856,2.64741,0.581253,0.334083,1.305,0.0643425,0.808461,0.195988,0.619567,1.27502,0.00255398,0.573522
86.238911565,0.233872,2.44031,0,0.668042,2.09244,0.105507,0.600457,0.0513568,0.702034,1.21179,0.17973,1.00612
86.285351474,0.18603,1.69977,0.000503894,0.617436,3.00023,0.110592,0.642289,0.0668757,0.0826279,1.22092,0.322191,1.04663
86.331791383,0.0635337,1.46229,0,0.208657,3.42761,0.0582625,0.752682,0.0767416,0.0475898,1.11931,0.501252,1.07158
86.378231293,0.0306575,1.5551,0.00674192,0.156163,3.44576,0.0337927,0.941824,0.0386198,0,1.29782,0.200307,0.891917
86.424671202,0.0135565,2.04604,0.363925,0.206541,2.7136,0.0495683,1.17475,0.030512,0.449014,1.68664,0.168096,0.512746
86.471111111,0,2.03795,0.874464,0.181409,1.93419,0.0361692,1.13533,0,1.02733,1.39921,0.00390801,0.347057
86.517551020,0,2.23262,0.787719,0.101062,1.52392,0.0296013,1.13194,0.00399935,1.30253,1.19042,0,0.236318
86.563990930,0.162343,1.87521,0.642473,0.631532,1.37272,0.0315364,0.966484,0.374182,1.19002,1.1438,0.0604465,0.630826
86.610430839,0.456848,1.04962,0.445744,0.938661,1.64041,0.0379233,0.879518,0.531502,0.646589,1.09401,0.0651152,1.27051
86.656870748,0.474331,1.14753,0.331583,0.993665,1.92128,0.0372812,0.805418,0.540281,0.0227313,1.01584,0,1.44406
86.703310658,0.473156,1.45026,0.0489551,0.988928,1.98639,0.0317929,1.00752,0.532574,0.0243821,1.06962,0,1.59118
86.749750567,0.252103,1.83952,0.0857738,0.744972,1.77076,0.0286532,1.07025,0.52982,0.0279571,1.14338,0,1.53289
86.796190476,0.133176,2.21477,0.134655,0.556838,1.23288,0.263447,0.921332,0.0392888,1.39798,0.834742,0,1.19287
86.842630385,0.0834215,2.75653,0.372011,0.309038,0.621965,0.7125,0.794196,0.0445585,1.62392,0.579418,0,0.916293
86.889070295,0.250234,3.0471,0.44812,0.0757994,0.633016,0.727087,1.00537,0.024172,1.54074,0.551824,0,0.213652
86.935510204,0,3.93317,0.120093,0.12048,1.37262,0.534278,0.50424,0.0739825,1.56628,0.184243,0.206845,0.0298747
86.981950113,0,3.29843,0.169892,0.0175297,1.0258,0.470951,0.0734422,0.683363,1.84768,0.125729,0.196384,0.205896
87.028390023,0.0193566,1.58667,0.861865,0.0134029,0.738291,0.340348,0.0132414,0.931415,2.05392,0.113825,0.28334,0.559372
87.074829932,0.0679907,0.731308,1.19344,0.00934496,1.66959,0,0,0.703043,1.7565,0.122035,0.285447,1.72034
87.121269841,0.0774256,0.056762,1.07178,0.00572189,2.56554,0.00212544,0.00919981,0.303316,1.36875,0.260498,0.293972,2.60569
87.167709751,0.0458494,0,0.434855,0.0036981,3.70077,0.0108407,0.0231037,0.00224267,1.50491,0.126281,0.281036,2.54156
87.214149660,0,0,0.0108773,0.00256094,4.11545,0.0123036,0.038727,0,2.27975,0.0711613,0.147149,2.4226
87.260589569,0,0,0.0126442,0.00382425,4.07923,0.0102573,0.0510554,0,2.69638,0.0549535,0.130898,2.35307
87.307029478,0,0,0.012521,0.00325657,3.90344,0.00885023,0.063046,0.00166152,2.6761,0.0242857,0.146297,2.29528
87.353469388,0,1.69078,0.0896776,0.00381414,2.73715,0.0473607,0.102972,0.208551,1.69977,0.000659646,0.287411,1.26417
87.399909297,0.0944105,1.39369,0.0774938,0.317946,2.1405,0.0132646,0.107522,0.28911,1.38879,0.000864349,0.284108,1.22242
87.446349206,0.162081,1.09424,0.0502434,0.478327,1.91086,0.0145644,0.545106,0.171346,1.23814,0.00133037,0.268,1.61218
87.492789116,0.0901464,0.695712,0.0598083,0.87399,1.87804,0.0121729,0.90256,0.272158,0.924223,0.04014,0.0486448,2.08308
87.539229025,0.166473,0.244748,0.174098,0.880467,1.86631,0.0200669,0.975694,0.311053,0.646754,0.0279665,0.000855413,2.51882
87.585668934,0.316253,0,0.44829,0.818612,1.84203,0.0519459,0.953236,0.47829,0.389511,0,0.00903201,2.6729
87.632108844,0.335411,0,0.432237,0.815378,1.8058,0.0692174,0.894936,0.563903,0.150811,0.00652507,0.00596209,2.71873
87.678548753,0.291731,0,0.123888,0.796332,1.83047,0.0291732,0.93744,0.318141,0.0528621,0.0304959,0.0127651,2.78647
87.724988662,0.255325,0.0258954,0.0296993,0.7182,1.77783,0.221681,1.09344,0.0191907,0.0975996,0.015981,0.259582,2.84784
87.771428571,0.220783,0.00943823,0.0511011,0.856731,1.5697,0.557342,1.07578,0.0124992,0.168793,0.00470883,0.323369,2.97318
87.817868481,0.177334,0,0,1.10362,1.69681,0.430965,1.06133,0.0343478,0.106477,0.0119749,0.321148,3.00162
87.864308390,0.171478,0,0.0130545,1.12476,1.76131,0.00219424,1.0416,0.0330211,0,0.0587171,0.207211,3.24488
87.910748299,0.0979249,0.087329,0,0.754218,1.76472,0.00915094,1.17362,0.0168043,0,0.135056,0.0895516,3.60168
87.957188209,0.00638663,0.06596,0.0252056,0.55167,1.91812,0.0145044,1.28747,0.0160842,0,0.174537,0,3.52224
88.003628118,0.00741814,0.012577,0.0230218,0.655577,1.92268,0.00402325,1.29558,0.0149905,0,0.17666,0,3.46787
88.050068027,0,0.189621,0.0112581,0.637915,1.98456,0.00236556,1.02277,0.448688,0.000893918,0.118084,0.0746851,3.14196
88.096507937,0.504983,0.228246,0.0818801,0.588166,1.93552,0.0134625,0.782269,0.654193,0.00065853,0.0915201,0.0869911,2.94283
88.142947846,0.603919,0.116323,0.275715,0.567972,1.90832,0.014474,0.625168,0.69048,0,0.0864347,0.0619124,2.90176
88.189387755,0.600537,0.0287552,0.45831,0.507327,1.98851,0.0141228,0.511878,0.704999,0.145798,0.0756827,0.0233244,2.71167
88.235827664,0.645969,0.0770411,0.504046,0.446262,2.4593,0.0302609,0.190275,0.710154,0.313897,0.0174602,0,2.47809
88.282267574,0.495084,0.0521988,0.183186,0.416189,3.28335,0.0148049,0.0672208,0.678323,0.518965,0.0170906,0,2.21231
88.328707483,0.337814,0.010779,0.295145,0.445571,3.25498,0.0219289,0.00893625,0.358474,0.767924,0.00111134,0.0235095,2.70516
88.375147392,0.581482,0.171109,0.162681,0.586884,3.14005,0.0143814,0.130721,0.222155,0.567634,0.0281361,0,2.54728
88.421587302,0.294284,1.20832,0.591637,0.154048,2.43397,0.391565,0.220381,0.00324627,0.725943,0.222091,0.75692,1.84056
88.468027211,0.254503,2.17104,0.486885,0.119397,1.5133,0.367633,0.330902,0.401632,0.654372,0.501612,0.933795,1.42536
88.514467120,0.185109,2.77039,0.349236,0.132058,0.643758,0.43372,0.96648,0.573395,0.583013,0.669007,0.813152,0.643616
88.560907029,0.0618969,2.97198,0.525779,0.19406,0.367859,0.618371,1.69425,0.577021,0.618719,0.722506,0.409624,0.376276
88.607346939,0,2.88835,1.11968,0.191807,0.286376,0.713413,2.15257,0.285845,0.638531,0.766509,0.101152,0.427637
88.653786848,0,1.76281,2.78868,0.172854,0.207655,0.736863,2.29875,0.0848849,0.524794,1.13545,0.0660137,0.677907
88.700226757,0.0150416,0,3.52535,0.128875,0.228267,0.267248,2.46112,0.0180875,0.0632755,1.46502,0.00316593,1.04158
88.746666667,0.0621055,0,3.68993,0.0169802,0.0183154,0,2.28118,0.00854024,0.00505747,1.52361,0.0182071,1.33069
88.793106576,0.0741991,0.00140131,4.00135,0.0121655,0.0458491,0,2.07414,0.0115977,0.00417612,1.65216,0.0111677,1.31384
88.839546485,0.0775735,0.00109169,4.16148,0,0.0707908,0,2.01505,0.0131383,0.00269937,1.97712,0.0116716,1.22375
88.885986395,0.0772554,0.000796364,4.19719,0,0.0891846,0,1.90464,0.0119889,0.000554374,2.12234,0.0111953,1.18049
88.932426304,0.0687279,0.000349688,3.98316,0,0.099313,0,1.94104,0.00867134,0,2.18125,0.0177053,1.15483
88.978866213,0.0225897,0.00102518,3.37895,0.0347356,0.0899332,0.00328815,2.05338,0.0229852,0,2.14746,0.0143624,1.05654
89.025306122,0.325068,0.00100183,3.02709,0.136527,0.0434291,0.0684461,1.85478,0.274359,0.00747904,1.86079,0.078201,0.815035
89.071746032,0.635965,0.0010838,3.20701,0.157732,0.0371015,0.0925958,1.42797,0.322987,0.081815,1.33122,0.123496,0.78823
89.118185941,0.769143,0.0130399,3.6979,0.134471,0.0476915,0.0868253,1.33215,0.306751,0.067782,0.955974,0.183776,0.819333
89.164625850,0.727943,0,4.12309,0.0852029,0.190331,0.0378406,1.64885,0.21399,0.0192517,1.37536,0.000900576,0.767181
89.211065760,0.545017,0,4.12002,0.103628,0.178919,0.0926564,1.78377,0.0183139,0.0696911,1.54026,0.000457177,0.452578
89.257505669,0.429724,0.0028829,3.82752,0.153664,0.286412,0.422242,1.50093,0.00767541,0.295501,1.56282,0.125124,0.233307
89.303945578,0.276643,0.021365,3.61607,0.172577,0.331489,0.521419,1.40539,0.0100876,0.383028,1.53221,0.378067,0.12173
89.350385488,0.172855,0.0277793,3.64304,0.165749,0.328745,0.464327,1.81949,0.0121007,0.455786,1.47856,0.401631,0.164467
89.396825397,0,1.98316,2.39202,0.102778,0.324764,0.465647,2.31252,0.0966404,0.970399,0.98047,0.546327,0.264948
89.443265306,0,2.87958,1.22852,0.00991235,0.234529,0.701871,1.81607,0.0343498,1.06404,0.446262,0.392595,0.741345
89.489705215,0,3.31211,1.13168,0.0154365,0.00966746,0.707723,1.56076,0.0110086,1.02556,0.375106,0.0228782,0.808244
89.536145125,0.00402617,3.43088,0.926735,0.0104661,0.00963557,0.837446,1.60663,0.104074,0.939328,0.224173,3.8931e-05,0.841063
89.582585034,0.353778,3.03024,1.3812,0.120438,0,0.254146,1.94129,0.503935,0.557781,0.632776,0.0385272,0.633614
89.629024943,0.534405,1.70307,2.64246,0.216386,0,0.0393614,1.82243,0.593746,0.218213,0.922294,0.0504243,0.828185
89.675464853,0.399571,0.350253,3.40141,0.185738,0,0.0233217,1.57238,0.556825,0.0238618,0.904042,0.0171264,1.13692
89.721904762,0.235314,0.0272772,3.57836,0.113166,0,0.0346873,1.73821,0.58273,0.011438,0.814007,0.00594433,1.18619
89.768344671,0.143808,2.56636,1.88936,0.00132203,0,0.0307656,1.85555,0.358015,0.190228,0.777031,0.00064582,0.778891
89.814784580,0.0799219,3.61555,0.552465,0.0911656,0,0.370021,1.50532,0.00243426,0.779334,0.246657,0,0.879365
89.861224490,0.0305551,3.6895,0.517153,0.124302,0.028677,0.624012,1.53988,0.0173796,0.750535,0.238216,0.00293909,0.596425
89.907664399,0.149647,3.29157,0.492606,0.146277,0.0248562,0.652706,1.9425,0.333284,0.892417,0.48875,0.0779382,0.243679
89.954104308,0.275889,3.04832,0.817747,0.127019,0.00370414,0.735063,1.83367,0.250641,1.03575,0.582613,0.173755,0.210258
90.000544218,0.293553,2.95897,1.20015,0.11904,0.202018,0.634638,1.31207,0.198597,1.15444,0.452581,0.159116,0.239294
90.046984127,0.366095,2.59022,1.34844,0.141361,0.326085,0.633905,0.87888,0.221176,0.991459,0.803362,0.157152,0.264958
90.093424036,0.375854,1.64635,1.57763,0.146175,0.634709,0.496821,0.0590252,0.210692,0.980599,1.36953,0.136195,0.84198
90.139863946,0.248433,0.739115,1.55987,0.0202179,1.91455,0.0749066,0.00953395,0.23542,1.05859,1.67908,0.373102,0.946743
90.186303855,0.0214497,0.00103558,2.07449,0.015429,2.29054,0,0.179009,0.105354,1.01871,1.32702,0.420885,0.997442
90.232743764,0,0.0013603,2.2673,0.0136654,2.10097,0,0.640011,0.000281085,0.956447,1.2347,0.337007,1.18676
90.279183673,0,0.00154793,2.60816,0.0147388,1.11492,0.0304144,1.3883,0,1.23954,1.39917,0.255191,1.3511
90.325623583,0,0.722883,2.69567,0.0137973,0,0.509065,1.74068,0.0164681,1.35682,1.29992,0.0336252,0.393703
90.372063492,0,2.01909,2.10713,0.0135236,0,0.435582,1.43282,0.0289025,0.951173,0.98699,0,0.177128
90.418503401,0,3.09241,1.29435,0.0143674,0,0.420968,1.21585,0.0266092,0.858462,0.794733,0,0.150882
90.464943311,0,3.43005,1.06094,0.139106,0,0.557629,1.17748,0.0262545,0.615312,1.13211,0.00763565,0.0349887
90.511383220,0.319485,2.8947,1.10581,0.222052,0,0.545568,1.57346,0.250713,0.448204,1.32433,0.0164467,0.158019
90.557823129,0.564686,2.52071,1.265,0.252237,0,0.579975,1.54099,0.320716,0.490487,1.21799,0.0158202,0.480667
90.604263039,0.594025,2.50072,1.41692,0.245519,0,0.528496,1.36441,0.758962,0.521837,0.996744,0.0143564,0.566337
90.650702948,0.636494,2.79903,1.21488,0.204638,0,0.545382,1.0917,0.629113,0.529426,1.35195,0.0124867,0.560092
90.697142857,0.620903,3.31015,0.653831,0.172237,0,0.458575,0.585448,0.120068,0.822356,1.68128,0.0159022,0.494708
90.743582766,0.514515,3.41723,0.268972,0.131119,0.421644,0.539128,0.0179086,0.00340155,0.992966,1.67033,0.392903,0.360502
90.790022676,0.283042,3.07949,0.512634,0.112524,0.713149,0.555568,0.130464,0.00385657,1.1776,1.41626,0.404703,0.23775
90.836462585,0.070916,2.01368,1.32756,0.104891,0.70562,0.52812,0.436674,0.0964277,1.56771,1.56021,0.23405,0.704467
90.882902494,0.0604616,0.336616,2.43379,0.124088,0.676638,0.406412,1.36482,0.0149418,1.36178,1.84227,0.116952,1.0233
90.929342404,0.0160825,0.27536,2.74392,0.00834276,0.855055,0.367968,1.53029,0,1.02804,1.89801,0.0462117,1.28001
90.975782313,0,0.234968,2.73403,0.0125621,0.616191,0.414665,1.63714,0,1.22667,1.58164,0.000716283,1.41245
91.022222222,0,0.136203,2.81171,0.0652674,0.0310875,0.475673,1.86789,0.333462,1.20073,1.54735,0.000323743,1.20873
91.068662132,0.20995,0.0393778,2.85994,0.61325,0,0.101673,1.67519,0.694523,0.508267,1.40273,0.0713254,0.944229
91.115102041,0.608231,0.176729,2.65541,0.638107,0.0519272,0,0.98322,0.712382,0.431172,1.1807,0.130354,0.978567
91.161541950,0.707522,0.555171,2.41777,0.770126,0.13287,0.000859768,0.396788,0.715281,0.484191,0.952477,0.227922,0.954143
91.207981859,0.663056,0.75869,2.32757,0.632762,0.131426,0.00905579,0.417151,0.82627,0.618314,0.871786,0.155819,0.876058
91.254421769,0.721588,0.816976,2.29363,0.483971,0,0.400944,0.952621,0.724281,0.62026,0.565565,0.127727,1.24806
91.300861678,0.708151,0.0344755,2.18265,0.367101,0,0.425043,1.54663,0.0243926,0.55339,0.414993,0.0934896,2.59615
91.347301587,0.602068,0.152387,2.01161,0.601996,0.002439,0.215804,1.50444,0.0799769,0.210196,0.160781,0.0736105,3.21724
91.393741497,0.555226,0.137759,1.89218,0.684279,0.000961648,0.119998,1.98717,0.0328089,0.119167,0.0977824,0.0480937,3.23039
91.440181406,0.012993,0.131111,1.71142,0.757673,0.0494745,0.256831,2.42898,0.100361,0.39516,0.0794478,0.207698,3.00898
91.486621315,0.126151,0.975279,0.874284,0.629747,0.503742,0.245395,2.4208,0.109082,0.742513,1.08978,0.588051,1.96072
91.533061224,0.304201,1.68635,0.485273,0.161541,1.15733,0.352638,1.65223,0.171488,1.09962,1.01608,0.56038,1.19041
91.579501134,0.0777559,2.02997,0.34893,0.197841,1.22603,0.527364,1.22197,0.117752,1.09463,0.699814,0.451556,1.76951
91.625941043,0.0563581,2.06873,0,0.232236,1.0433,0.845257,0.788706,0.234278,0.238761,1.46136,0.0956577,2.12067
91.672380952,0.0402141,1.94878,0,0.236397,1.39477,0.509088,0.830779,0.579485,0.00414417,2.29333,0.497381,1.23956
91.718820862,0.00485157,2.19138,0,0.179803,1.55611,0.0550504,0.906362,0.483941,0.0102444,2.98325,0.785983,0.582036
91.765260771,0,2.39473,0.00258835,0.0234964,1.92725,0.0249374,0.993531,0.39904,0.0110013,3.63188,0.71823,0.18108
91.811700680,0,2.46348,0,0.0203828,2.13827,0.0311288,1.14452,0.212122,0.00506015,4.03348,0.0689991,0.155415
91.858140590,0,2.30123,0.00282337,0.0147876,2.26229,0.0287641,1.15644,0.150577,0,4.06111,0.00090355,0.1972
91.904580499,0,2.12958,0.0127008,0.00580156,2.28433,0.0271127,1.10884,0.156831,0,4.0059,0.00115184,0.235987
91.951020408,0,2.09312,0.0199472,0,2.28835,0.0254614,1.042,0.232012,0,3.89858,0.00151435,0.241667
91.997460317,0.0119115,2.02403,0.612073,0.181186,1.85903,0.0244313,1.01978,0.376946,0,3.43264,0.0476384,0.000334692
92.043900227,0.259122,1.78796,0.717231,0.24018,1.47017,0.0316605,0.78057,0.429405,0,2.17818,0.516944,0.343534
92.090340136,0.286188,1.7834,0.653407,0.230227,1.30068,0.269545,0.681553,0.478619,0.0538341,1.63923,0.529946,0.355642
92.136780045,0.288821,1.92748,0.60492,0.184146,1.17994,0.190584,0.412851,0.465898,0.00949764,2.42532,0.34675,0.587532
92.183219955,0.271363,2.42581,0.535178,0.0928547,1.48434,0.114073,0.108228,0.352742,0.0187132,3.61224,0.0326007,0.679283
92.229659864,0.182763,2.57923,0,0.116329,1.93908,0.113017,0.05007,0.0724524,0.0210849,4.17818,0.0370333,0.292971
92.276099773,0.169543,2.14462,0,0.24206,2.05165,0.0608246,0.0665791,0.0767784,0.0224512,4.18116,0.065001,0.205289
92.322539683,0.0758405,2.19644,0.0116786,0.355853,2.2667,0.0181889,0.0414311,0.0884182,0.0544321,4.15769,0.262005,0.215203
92.368979592,0.0779841,2.64206,0,0.251845,2.44222,0.02865,0.0507836,0.0986295,0.0878743,4.00307,0.297754,0.233089
92.415419501,0.0460416,2.70009,0,0.073848,2.37671,0.0450062,0.61694,0.215628,0.00584681,3.76902,0.421921,0.245653
92.461859410,0,2.35132,0.0477086,0.0150246,2.20081,0.0335755,0.804111,0.133937,0.00643065,3.89124,0.110724,0.201406
92.508299320,0,2.35332,0.259925,0.00978158,2.24553,0.0285122,0.746136,0.184261,0.0084349,3.79802,0.0840693,0.156451
92.554739229,0.173055,2.04094,0.10263,0.220996,1.8276,0.0268167,0.933255,0.503061,0.0167396,3.48654,0.0276386,0.0852114
92.601179138,0.526231,1.82727,0.0356983,0.556252,1.76676,0.0324383,0.889085,0.668859,0.0133514,2.46281,0.0493067,0.146408
92.647619048,0.587701,1.70525,0.0211106,0.573947,1.8631,0.0312404,0.835661,0.716344,0.011231,1.99531,0,0.195139
92.694058957,0.510122,1.90876,0.00673258,0.541522,1.86279,0.0263751,0.790381,0.743097,0.00795538,1.79373,0,0.229242
92.740498866,0.262903,2.32522,0.00507974,0.203222,1.83506,0.0258523,0.670342,0.738963,0.131217,2.46113,0,0.342723
92.786938776,0.183119,2.19252,0.0164748,0,1.91853,0.0298133,0.562402,0.430898,0.011011,3.74518,0.000164749,0.382845
92.833378685,0.127919,1.97935,0.0215467,0.0135804,1.85892,0.0318854,0.628604,0.348548,0.0148013,4.01794,0.000256197,0.431085
92.879818594,0.283453,1.96611,0.0907898,0.0723804,1.73845,0.0334755,0.699909,0.293546,0.0197259,3.94998,6.68966e-05,0.130263
92.926258503,0.161739,1.82743,0.15075,0.330882,1.61263,0.0420107,1.0777,0.174309,0.0921139,3.72477,0.0868912,0.000150742
92.972698413,0.0320027,1.6661,0.38972,0.161701,1.70756,0.154725,1.50528,0.0721093,0.0339342,3.24087,0.256375,0.00028498
93.019138322,0.0911986,1.05854,0.739802,0.168826,1.64156,0.0233404,1.2819,0.113834,0.0184448,1.99274,0.569275,0.0671151
93.065578231,0.175445,0.32392,0.78573,0.177504,1.53918,0.0445784,0.622983,0.094884,0.0014516,1.86106,0.371884,0.151889
93.112018141,0.0870261,0.306671,0.379421,0.186595,1.75407,0.0194351,0.0956406,0.0951498,0,2.33178,0.321524,0.443788
93.158458050,0.073122,0.748493,0,0.180907,2.41083,0.0230188,0.0743063,0.0985761,0.0761595,2.31224,0.752677,0.602085
93.204897959,0.0312207,0.947041,0,0.0346937,2.79068,0.0121416,0.0716412,0.28595,0.269832,2.31721,0.910608,0.616395
93.251337868,0.0243209,1.00911,0.0057947,0.0226865,2.94494,0.00929289,0.0775521,0.385989,0.293269,2.30924,1.06153,0.675027
93.297777778,0,0.787103,0.114388,0.157726,2.8854,0.00762798,0.109774,0.273217,0.888787,2.08837,0.953694,0.867039
93.344217687,0.22492,0.105325,0.209997,0.61102,2.343,0.00892995,0.587702,0.0288973,2.01016,0.728305,0.230118,1.07603
93.390657596,0.415917,0.0216447,0.186372,0.897265,1.62875,0.0116404,0.493752,0.00199755,2.60049,0.525661,0.0431657,0.90891
93.437097506,0.376998,0.0292775,0.139909,1.02059,1.3799,0.0132271,0.379215,0.0132626,3.12854,0.310558,0,0.800268
93.483537415,0.309172,0.0230332,0.318128,1.03535,1.43989,0.0121397,0.155791,0.153386,3.34324,0.0781406,0,0.778294
93.529977324,0.152217,0.0234611,0.548321,0.964244,1.52065,0.0398745,0.0769932,0.381796,3.32474,0,0.00106755,1.02034
93.576417234,0.230605,0.0201629,0.733719,0.982886,1.52188,0.0687619,0.0441203,0.367801,3.24286,0,0.00207702,1.13572
93.622857143,0.237105,0.0176435,0.722096,1.04752,1.48518,0.0846025,0.0235936,0.368817,3.21145,0,0.00253932,1.21316
93.669297052,0.372959,0.018032,0.636838,1.17149,1.41739,0.0650881,0.0686723,0.354435,3.3948,0,0.0151378,1.20835
93.715736961,0.743825,0.0192608,0.146466,1.50812,1.39047,0.042494,0.227193,0.00900256,3.63984,0,0.20823,1.0056
93.762176871,0.711078,0.0200374,0.0895401,1.5052,1.4118,0.174648,0.324562,0,3.63429,0.0217062,0.319289,0.81898
93.808616780,0.682665,0.0225365,0.158333,1.58905,1.49179,0.154834,0.301681,0.027189,3.59892,0.0267067,0.371833,0.637659
93.855056689,0.748822,0.0237382,0.202491,1.63781,1.45815,0.011629,0.166073,0.0106306,3.64242,0.0593879,0.381605,0.670654
93.901496599,0.762046,0.0305722,0.129335,1.60677,1.46768,0.00771937,0.11683,0.0260864,3.69107,0.0756936,0.245113,0.89113
93.947936508,0.647182,0.0052411,0.0581471,1.45112,1.60303,0.0150393,0.246624,0.00176975,3.67073,0.108062,0.181719,1.02682
93.994376417,0.536124,0.00655093,0.0743155,1.4025,1.62921,0.00573275,0.447864,0,3.60404,0.112502,0.186618,0.918343
94.040816327,0.187397,0.0766681,0.0370948,1.24305,1.66397,0.00160312,0.464176,0.367755,3.35362,0.123603,0.044237,0.861456
94.087256236,0.487894,0.376527,0.0276274,1.08162,1.78058,0.0113021,0.239821,0.640209,3.15257,0.278074,0.11261,0.819189
94.133696145,0.617286,0.261259,0.0220944,0.32154,2.5414,0.0128847,0.0920872,0.718134,2.30795,1.4378,0.139884,0.741542
94.180136054,0.566849,0.139721,0.0235848,0.0556482,2.71721,0.0171455,0.0891065,0.699091,1.19958,2.47953,0.140547,0.684864
94.226575964,0.485999,0.311023,0.030776,0.019133,2.67182,0.020624,0.083567,0.591682,0.516719,3.17838,0.0965461,0.708637
94.273015873,0.420269,0.544813,0.0239498,0.0380293,2.74726,0.0234102,0.0489666,0.253206,0,3.7591,0.0693996,0.86242
94.319455782,0.315572,0.717134,0.0119278,0.0402631,2.95652,0.0268618,0,0,0,4.10501,0.0538702,0.835361
94.365895692,0.324017,0.718147,0.00833367,0.0420979,2.94293,0.0273264,0,0.0394273,0,4.11918,0.00363701,0.785777
94.412335601,0.169678,0.822178,0.479777,0.184898,2.68891,0.0384831,0.0302316,0.0294024,0,3.69684,0.390201,0.840878
94.458775510,0.181994,0.655298,1.00318,0.144372,2.13136,0.025774,0.0643381,0.0131281,0.120096,2.90403,0.953534,0.796821
94.505215420,0.164282,0.576444,1.43901,0.208574,1.11069,0.178677,0.774791,0.0349239,0.205523,1.99779,0.957254,1.03975
94.551655329,0.133888,0.423354,1.79568,0.246708,0.784989,0.333134,1.49945,0.0341846,0.228881,1.48108,0.739385,0.895852
94.598095238,0.0673056,0,2.30047,0.228557,0.778798,0.16707,1.91409,0.0763359,0.279455,1.15155,0.530604,0.860361
94.644535147,0.0531504,0,3.15287,0.11614,0.766541,0.146354,2.22081,0.128437,0,0.978375,0.224746,1.03141
94.690975057,0.0551449,0,3.46944,0.00138417,0.892092,0.112257,2.17377,0.127858,0,1.31257,0,1.18245
94.737414966,0.074205,0,3.49459,0.00489625,0.876202,0,2.11951,0.110202,0,1.25098,0.002528,1.59245
94.783854875,0.0817142,0,3.37112,0.0114766,0.952007,0.00529258,1.98715,0.390375,0,0.755773,0,1.47637
94.830294785,0.43644,0,2.90894,0.00502742,0.552498,0.100299,1.86386,0.460519,0.106477,0.905258,0.0743103,1.42136
94.876734694,0.606811,0,2.79902,0.00184999,0.012729,0.187274,1.55465,0.440913,0.344842,1.2216,0.174175,1.33585
94.923174603,0.324338,0,2.6092,0.00307722,0.16462,0.678623,0.840129,0.526259,0.358317,1.48253,0.114153,1.23843
94.969614512,0.000372416,0.000330936,2.84916,0.0593761,0.451632,0.838576,0.632454,0.747835,0.255497,1.52297,0.0263069,1.19268
95.016054422,0.0810905,0.000724664,3.11524,0.166065,0.466374,0.654215,0.7485,0.573388,0.138431,1.5033,0.106514,1.19102
95.062494331,0.520744,0.0104811,3.22418,0.177115,0.414151,0.231423,0.937714,0.511997,0.0382521,1.32496,0.147247,1.25536
95.108934240,0.684135,0.0296181,3.41302,0.180377,0.246408,0.0586242,1.27177,0.428179,0.0331656,1.16478,0.00858698,1.18644
95.155374150,0.668441,0.280373,3.31038,0.171088,0.292865,0.0837129,1.60207,0.29212,0.0559301,1.63523,0.00195848,0.800316
95.201814059,0.538365,0.347027,2.94987,0.191942,0.216207,0.25473,1.82488,0.122637,0.129037,1.96519,0.00416311,0.372788
95.248253968,0.458889,0.0784847,2.59687,0.212484,0.127071,0.955516,1.17179,0.0102561,0.180299,1.37332,0.445862,0.567774
95.294693878,0.309008,0.0355955,2.26779,0.210311,0.199348,1.3109,0.933558,0.194526,0.260768,0.845106,0.705876,0.561505
95.341133787,0.196788,0.0591328,2.21261,0.242134,0.209063,1.40785,1.39843,0.116652,0.426644,0.440964,0.812365,0.420589
95.387573696,0.0165082,0.0365168,2.61197,0.089758,0.311414,1.21,1.47407,0.049451,0.739879,0.345541,0.775288,0.40164
95.434013605,0,0.0586729,2.8997,0.183622,0.285553,1.25149,1.36656,0.00972081,0.0185745,1.8394,0.259385,0.84496
95.480453515,0,0.224645,2.76248,0.101059,0.693345,0.199801,1.63332,0.0884032,0,2.5813,0.15581,0.740016
95.526893424,0.021505,0.228979,2.45651,0.223045,0.761894,0.152225,1.54529,0.460948,0,2.91885,0.0415378,0.594896
95.573333333,0.196577,0.413312,2.42575,0.524734,0.672363,0.0204346,1.23632,0.550567,0.00746469,2.77695,0.0318594,0.597996
95.619773243,0.465081,0.190308,2.28512,0.472386,0.640801,0.0197636,0.95641,0.55785,0.0213603,2.99428,0.0525175,0.576445
95.666213152,0.34447,0.0441006,2.33946,0.388262,0.876016,0.0378419,0.787718,0.532784,0.0288277,3.1448,0.015492,0.539137
95.712653061,0.16775,0.0991529,2.32306,0.361678,1.12591,0.0528467,0.918145,0.462391,0.0300722,3.34078,0.00243036,0.498946
95.759092971,0.134882,0.349572,2.34519,0.262268,1.16051,0.0433492,1.26543,0.326702,0.0251467,3.50015,0.00407502,0.582897
95.805532880,0.109342,0.609572,2.45671,0.105436,0.934999,0.0458935,1.65238,0.16201,0.00925406,3.38044,0.00471837,0.865216
95.851972789,0.0617323,0.770857,2.51665,0.0259654,0.594762,0.0527586,1.80528,0.205586,0,3.0274,0.00602174,1.1306
95.898412698,0.0442596,0.931948,2.48291,0.0405031,0.555894,0.0255329,1.5991,0.250035,0,2.94996,0.00521113,0.958459
95.944852608,0.0173641,0.970032,2.66734,0.088934,0.552115,0.148912,1.36712,0.211985,0,2.87335,0.00438714,0.730167
95.991292517,0,0.894757,2.76982,0.157077,0.721402,0.195192,1.30957,0.248001,0,2.75117,0.00357476,0.570255
96.037732426,0,0.709689,2.84619,0.239709,0.612805,0.0226412,1.54721,0.357574,0,2.79735,0.0295989,0.392283
96.084172336,0.000173538,0.594054,2.94912,0.211141,0.623751,0.0239767,1.7532,0.375536,0.257359,2.48013,0.00624907,0.230024
96.130612245,0.000327119,1.61482,2.61967,0.10448,0.279729,0.14347,1.54974,0.00200902,1.22765,1.67706,0,0.0875097
96.177052154,5.55309e-05,2.62652,2.10336,0.126253,0.00889149,0.130913,1.31935,0.0349191,1.05705,1.39437,0,0.0483849
96.223492063,0,3.02153,1.49071,0.0849822,0,0.148921,1.35482,0.0541048,0.964859,1.46426,0.0747638,0.0820655
96.269931973,0,3.06847,1.23233,0.0808208,0,0.221698,1.40903,0.0554554,1.00314,1.57494,0.138738,0.112855
96.316371882,0,2.74278,1.26123,0.0818267,0,0.318563,1.58057,0.0795151,1.05768,1.92031,0.12536,0.138618
96.362811791,0,1.61659,2.11652,0.426619,0.0153415,0.0315833,2.50208,0.0543811,0.889043,1.98431,0.0358095,0.791877
96.409251701,0.00526116,0.343329,2.35318,0.328495,0.0188781,0.0250459,2.39182,0.0106641,0.0341575,1.3127,0.0100257,2.24291
96.455691610,0.0109636,0.288509,1.98755,0.225847,0.0378223,0.0268889,2.36688,0.0118355,0,0.586233,0.0594147,2.66782
96.502131519,0.000167559,0.29083,1.87536,0.23303,0.0453161,0.0328744,2.30089,0.0121331,0,0.434107,0.0858775,2.89029
96.548571429,0.00025957,0.275028,1.98952,0.33388,0.0762968,0.0396651,2.22258,0.0120942,0,0.488156,0.0518737,2.87464
96.595011338,0.000249004,0.242224,2.09244,0.500022,0.102123,0.0415557,2.26522,0.010876,0.00884034,0.713032,0.00484383,2.58547
96.641451247,0,0.409032,2.22825,0.569807,0.284997,0.039041,2.30362,0.00804368,0,0.931296,0.0122191,2.27754
96.687891156,0,0.518232,2.41312,0.385834,0.462573,0.0204857,2.3985,0.00521295,0,1.2062,0.0610766,1.91274
96.734331066,0,0.618667,2.44949,0.0058374,0.400206,0.539687,1.98366,0.251792,0.0303674,2.10048,0.101682,1.19402
96.780770975,0,0.423887,2.18278,0.00826823,0.532884,0.747299,1.58824,0.594127,0.0646245,2.24066,0.19507,0.0921838
96.827210884,0,0.381486,2.09685,0.070908,0.785211,0.519411,1.54434,0.498485,0.0608142,2.08673,0.342665,0.000547615
96.873650794,0,0.145984,2.22521,0.738588,0.543258,0.225388,2.02493,0.307226,0.0370224,2.01138,0.100851,0.554364
96.920090703,0.000104295,0.143538,2.37964,0.909629,0.000357205,0.0261185,2.32034,0.0907368,0.000326607,1.70882,0,2.1247
96.966530612,0.000232546,0.166276,2.41073,0.870723,0,0.00883341,2.27863,0.026942,0.000205098,1.24651,0,3.06387
97.012970522,0,0.174278,2.35003,0.815688,0,0.00800127,2.256,0.0931677,0,1.0869,0.00153162,3.35313
97.059410431,0,0.178784,2.35164,0.733631,0,0.00543957,2.21335,0.109999,0.0255876,1.03953,0.00517833,3.44531
97.105850340,0,0.173832,2.17169,0.682759,0,0.00284837,2.21472,0.110108,0,0.989966,0,3.49596
97.152290249,0,0.13834,2.08424,0.550429,0.539992,0.00161024,2.02177,0.067662,0,1.36178,0,3.24994
97.198730159,0,0.256823,2.04432,0.164517,1.31908,0.0151861,1.75708,0.0496881,0,2.02689,0,2.23744
97.245170068,7.98691e-05,0.674719,2.02942,0.0595527,1.61059,0.0302499,1.15868,0.0619641,0,2.58217,0.00050133,0.651143
97.291609977,0,0.793465,1.90363,0.0505527,1.60092,0.0343821,0.828321,0.185025,0,2.96681,0.00163448,0.0825815
97.338049887,0,0.775044,1.87225,0.0171492,1.56412,0.0357806,0.844271,0.275603,0.00206743,3.00442,0.0330565,0.0506199
97.384489796,0,0.631162,1.8682,0.193326,1.56837,0.0295169,0.677788,0.200237,0,2.88684,0.0465744,0.000661111
97.430929705,0.0441381,0.50753,1.77801,0.758836,1.38739,0.00153954,0.4465,0.114814,0.463342,2.52852,0.00586728,0.000675844
97.477369615,0.158694,0.950743,1.05588,1.23945,1.29744,0,0.347409,0.294289,0.78439,2.02932,0.00375871,0.0996296
97.523809524,0.151679,1.03092,0.517359,1.34432,0.928308,0.0148503,0.731952,0.391493,0.860545,1.85589,0,0.313196
97.570249433,0.0615722,1.14919,0.405707,1.20751,0.99065,0.025885,1.27031,0.446894,0.281912,1.73204,0,0.328295
97.616689342,0.000140649,1.4437,0.438881,1.09279,1.50449,0.0276226,1.89855,0.278756,0.000382302,2.04785,0,0.27616
97.663129252,0.00036672,1.34701,0.63105,0.838896,1.48561,0.0279681,2.82926,0.0904477,0.00047898,2.11327,0.00392745,0.854179
97.709569161,0.000423818,1.28152,0.574914,0.865215,1.22052,0.0103352,3.35728,0.00977836,0.000785999,1.87255,0.046646,1.21002
97.756009070,0.00050515,1.34052,0.66986,0.867966,1.20856,0.0219541,3.45852,0.0119616,0.000237043,1.67851,0.0195112,1.43499
97.802448980,4.0494e-05,1.45354,0.737951,0.777074,1.41682,0.028144,3.44576,0.0138806,0,1.67756,0.0899998,1.3749
97.848888889,0,1.687,0.702099,0.73934,1.40359,0.0106059,3.36208,0.0405529,0.0102643,1.71529,0.104508,1.38927
97.895328798,0.00969094,1.81428,0.562915,0.625348,1.66146,0.0186784,3.41161,0.0627055,0,1.5824,0.0148572,1.09955
97.941768707,0.096622,1.9401,0.325855,0.351609,1.92657,0.0128537,3.40979,0.0500947,0.00181378,1.88653,0,0.811004
97.988208617,0.113965,2.12471,0.14361,0.0748974,2.36794,0.00798543,3.0167,0.0689593,0.00285905,1.94681,0.00102617,0.674836
98.034648526,0.161198,2.39956,0.207684,0.0192949,2.54795,0.0015812,2.30227,0.0770902,0.021555,2.06912,0.00269994,0.556286
98.081088435,0.116003,2.31116,0.298701,0.0142869,2.58442,0.0255878,2.00544,0.053444,0.193204,1.86239,0.0037045,0.419396
98.127528345,0.144571,2.25396,0.216831,0.0371707,2.51449,0.00980593,1.95936,0.133425,0.00206674,1.88674,0.00359949,0.524428
98.173968254,0.0159261,2.43965,0.130455,0.0487121,2.42091,0.0141682,1.7227,0.177391,0,1.74649,0.175909,0.561666
98.220408163,0.0746671,2.25946,0.139024,0.373296,2.4848,0.00669627,1.39286,0.256663,0,1.98397,0.533042,0.453165
98.266848073,0.0761898,2.17869,0.150151,0.4,2.5244,0.00705562,1.11831,0.279713,0,2.02007,0.594743,0.413347
98.313287982,0.0252011,2.20184,0.105357,0.125314,2.58557,0.00772699,1.1673,0.234011,0,2.34453,0.463376,0.396645
98.359727891,0,2.25034,0.0585982,0.189906,2.47712,0.0195788,1.50985,0.180886,0,2.83401,0.11678,0.526059
98.406167800,0.000200333,2.13534,0.0674816,0.563885,2.07302,0.0256613,1.83109,0.0977841,0,3.24623,0.0741546,0.462483
98.452607710,9.43738e-05,1.9798,0.0995223,0.759147,1.88101,0.0232302,2.06219,0.0236831,0,3.06093,0.0710241,0.507173
98.499047619,0,1.76524,0.0701204,0.723067,1.94988,0.0103086,1.96837,0.0182083,0,3.27549,0.00380388,0.54905
98.545487528,0,1.62597,0.00848914,0.312066,2.18964,0.00649436,1.75637,0.0169222,0,3.72671,0.00609715,0.316437
98.591927438,2.39797e-05,1.74083,0.00606993,0.0604031,2.20801,0.0186101,1.51469,0.0308524,0,3.94017,0.0069219,0.260574
98.638367347,2.96573e-05,1.91818,0.0128911,0.0449914,2.21543,0.0295296,1.40792,0.0393647,0,3.9195,0.00529876,0.295809
98.684807256,0,1.99971,0.0111749,0.0293495,2.11875,0.0260037,1.26947,0.0595172,0,3.79681,0.00336344,0.592835
98.731247166,8.67932e-05,2.0684,0.00405758,0.0392971,2.073,0.0266886,1.3675,0.0675158,0,3.59952,0.00392671,0.448246
98.777687075,0.000207836,2.01818,0.00304864,0.0937045,2.01984,0.0261358,1.49993,0.233585,0,3.09763,0.159709,0.148823
98.824126984,0.0937877,2.00137,0.000677168,0.0984123,1.77557,0.167219,1.5702,0.406734,0,3.25186,0.290943,0.0315116
98.870566893,0.0167673,1.91162,0.0014031,0.0263984,1.84681,0.136119,1.41287,0.426797,0,3.51293,0.165582,0.126321
98.917006803,0,1.9731,0.00190824,0.0260558,1.94985,0.0300919,0.995783,0.435914,0,3.98783,0.0611696,0.278604
98.963446712,0,1.84878,0.00207537,0.0282558,1.98284,0.0275245,0.674831,0.447868,0,4.17559,0.00286254,0.402718
99.009886621,0,1.7597,0.00229768,0.0522,2.39898,0.278288,0.531252,0.495659,0,3.9283,0.0026373,0.547196
99.056326531,0.000213135,1.94394,0.00314129,0.107432,2.67612,0.238963,0.131458,0.396601,0,3.77841,0.00230466,0.740113
99.102766440,0.0019559,2.43045,0.0039003,0.314108,2.82543,0.17816,0,0.159347,0.331623,2.86819,0.143897,1.13246
99.149206349,4.85852e-06,3.04847,0.00401939,0.4623,2.51128,0.194622,0.00213664,0.0106739,1.26515,1.01023,0.0994707,1.10672
99.195646259,0,3.32969,0.00409469,0.23829,2.24164,0.469285,0.00500417,0.0051773,1.61489,0.349303,0.0844289,1.02015
99.242086168,0.133951,3.23679,0.00181544,0.133629,2.09585,0.564767,0.0131281,0.0139517,1.82087,0.183071,0.0222129,1.07692
99.288526077,0.12387,2.94365,0,0.122211,2.24933,0.64276,3.93061e-05,0.0153621,1.92031,0.257703,0.019473,1.32532
99.334965986,5.30391e-05,1.98765,0,0.517826,2.73132,0.619173,0,0.00650201,2.06142,0.346617,0,1.75522
99.381405896,0.26186,0.042327,0.0397936,0.562708,2.83518,0.148312,0.650598,0.0192639,1.488,0.334835,0,2.15158
99.427845805,0.335471,0.00091807,0.0547031,0.472732,2.66296,0.0243857,0.732896,0.0166085,0.18558,0.279959,0,2.60112
99.474285714,0.196983,0.129564,0.0321621,0.429934,2.44848,0.0127563,0.798265,0.0162351,0.311903,0.16565,0,2.95083
99.520725624,0.0114056,0.179526,0.00477613,0.522933,2.29007,0.022013,0.812897,0.0162395,0.630193,0.175794,0,3.22319
99.567165533,0.000309204,0.163492,0,0.67549,2.37706,0.031065,0.961408,0.0128782,0.768583,0.175276,0,3.27131
99.613605442,0.000277839,0.24665,0.000118719,0.740552,2.4916,0.0139314,1.22148,0.00768598,0.701659,0.119598,0,3.14063
99.660045351,0,0.148746,0,0.660143,2.33558,0.0110195,1.41016,0.016932,0.779958,0.215337,0,3.05197
99.706485261,0,0.14216,0,0.539937,2.26852,0.0741753,1.4633,0.00932199,0.886598,0.276059,0,2.9857
99.752925170,0.0910423,0.222583,0.0150949,0.578556,2.68702,0.0725888,1.24007,0.020227,0.59395,1.24811,0.0599759,2.54594
99.799365079,0.204431,0.335018,0.021622,0.691924,2.7518,0,0.383579,0.0846627,0,2.84841,0.168522,1.83092
99.845804989,0.11228,0.253334,0.013645,0.73388,2.51991,0,0.0122117,0.147431,0,3.41804,0.258754,1.37816
99.892244898,0.0899521,0.177092,0.00389035,0.809081,2.40221,0.00311841,0.196476,0.136504,0,3.21468,0.19164,1.73342
99.938684807,0.249775,0.202212,0.00352483,0.721122,2.4402,0.0112008,0.625568,0.0681282,0.36369,2.25091,0.1659,2.29701
99.985124717,0.295649,0.252466,0.00296057,0.565513,2.87111,0.0163594,0.894723,0.0253553,1.0303,0.575716,0.107622,2.61559
100.031564626,0.201226,0.302392,0.00143935,0.550676,3.03421,0.0195531,0.648433,0.00646753,1.37641,0.147714,0.137318,2.68372
100.078004535,0.0761031,0.313937,0,0.660286,3.05712,0.0892629,0.564779,0.00324836,1.42192,0.275848,0.107434,2.39786
100.124444444,0.338437,0.140139,0,0.393449,3.33039,0.55702,0.33832,0,1.21686,0.32175,0.220813,2.2903
100.170884354,0.301418,0.0305241,0,0,3.69471,0.661523,0.0757891,0,1.01895,0.246487,0.173675,2.15177
100.217324263,0.205986,0.0110301,0.0133542,0.00503731,4.15103,0.244261,0.0901517,0.0129291,0.907138,0.299164,0.039141,1.8682
100.263764172,0.0415957,0,0.023183,0.00591554,4.26207,0.0716891,0.0961013,0.0337674,1.036,0.225702,0.00769884,1.92561
100.310204082,0.0249961,0,0.0146362,0,4.2438,0.0460588,0.0858624,0.0445149,1.48059,0.148701,0.0412394,2.13239
100.356643991,0.00825056,0,0,0,4.05,0.0296998,0.0757534,0.049455,1.78839,0.263493,0.044841,2.2111
100.403083900,0,0.0123471,0,0,3.94326,0.0205487,0.0703978,0.0536155,1.86653,0.311115,0.0624231,2.18995
100.449523810,0.00269456,0.0244769,0.00621908,0,3.96297,0.0099911,0.0673652,0.0539027,1.64055,0.30648,0.128835,2.1035
100.495963719,0.0445963,0.0386516,0.325987,0.00518355,3.96319,0,0.208812,0.0562335,1.14473,0.384927,0.0598165,2.23336
100.542403628,0.0661611,0.0245614,1.13534,0.0134675,3.83595,0.000185554,0.684225,0.058405,0.745067,0.496726,0.00985925,2.36694
100.588843537,0.0865081,0.0265536,1.71386,0.0435163,3.89249,0,0.687385,0.0683683,0.484077,0.360041,0.00403291,2.48859
100.635283447,0.0967266,0.0311548,1.90768,0.158577,3.79487,0,0.711788,0.147067,0.455669,0.122316,0,2.50835
100.681723356,0.125548,0.0732651,1.91354,0.20233,3.52415,0.000921516,0.900918,0.143982,0.255679,0.258437,0.00875815,2.44959
100.728163265,0.103877,0.139495,1.92285,0.277843,3.0087,0.0264976,1.269,0.109551,0.120866,0.573982,0,2.28817
100.774603175,0.0204026,0.157762,2.17421,0.341158,2.46216,0.0347664,1.82776,0.0921292,0.123398,1.0905,0.0266791,1.77437
100.821043084,0,0.163568,2.6319,0.377535,1.50466,0.0446818,2.10214,0.0917992,0.106966,1.81927,0.0127369,1.47613
100.867482993,0,0.251762,2.98517,0.199455,0.53054,0.0549548,2.36784,0.0647915,0.0208953,2.10193,0.000367448,1.53981
100.913922902,0.0360289,0.234936,3.09663,0.051144,0.618625,0.025591,2.45743,0.0143479,0.00953857,1.97091,0.00045121,1.5285
100.960362812,0.100445,0.298211,3.00542,0.0581745,0.87335,0.0207238,2.42904,0.0346044,0.00952325,1.76958,0.000591706,1.55978
101.006802721,0.122661,0.336018,2.89005,0.0306835,1.09601,0.0117823,2.45041,0.0672271,0.0137146,1.54352,0.0252373,1.61433
101.053242630,0.0463598,0.321881,2.87398,0.0248016,1.10621,0.0115504,2.33104,0.129505,0.026246,1.54942,0.121534,1.83353
101.099682540,0.000340733,0.280029,2.78391,0.0306275,1.08855,0.00949522,2.19389,0.124628,0.0290753,1.58353,0.0673724,1.99489
101.146122449,0.000336352,0.151367,2.72018,0.0150424,1.27261,0.004607,2.14864,0.134696,0.16073,1.52459,0.0504047,2.23432
101.192562358,0.000494711,0.207341,2.78845,0.00914648,1.27532,0,1.97092,0.408274,0.105856,1.84075,0.0546671,2.0227
101.239002268,0.000508864,0.569097,2.40978,0.104453,1.02649,0,1.68861,0.400371,0.0466286,2.30452,0.245021,1.10419
101.285442177,0.000522227,0.599434,2.21963,0.0154047,1.28471,0.0695857,1.38003,0.380732,0.0394793,2.30445,0.338782,0.810645
101.331882086,0.000606324,0.49262,2.12181,0.0138419,1.32437,0.0743364,1.33072,0.339545,0,2.63853,0.166393,0.813878
101.378321995,0.000748061,0.402891,2.05008,0.0124131,1.36516,0.0982153,1.30648,0.282305,0,3.12227,0.00166084,0.721027
101.424761905,0.000685168,0.420509,1.99221,0.00320282,1.43616,0.131978,1.29114,0.309815,0,3.41023,0.00189867,0.663386
101.471201814,0.000493344,0.468217,1.9584,0.0408044,1.42084,0.0865414,1.31666,0.295686,0,3.59534,0.000943675,0.568639
101.517641723,0.000568672,0.507223,1.98665,0.229514,1.28316,0.0426631,1.36546,0.227418,0,3.68515,0.000127075,0.721488
101.564081633,0.000539103,0.479477,2.18519,0.149021,1.30144,0.0461318,1.26824,0.143881,0,3.45986,0,0.759447
101.610521542,0.000646593,0.521735,2.35301,0.227297,1.3087,0.0237111,1.15782,0.130528,0.0378798,3.12959,0.000533868,0.739271
101.656961451,0.000364295,0.575042,2.28061,0.0306939,1.59228,0.0201629,1.02314,0.166496,0.0593698,3.10808,0.00260918,0.5554
101.703401361,0.000123712,0.512052,2.09157,0.0123332,1.68708,0.0193959,1.12333,0.184489,0.0672756,3.41221,0.00353288,0.603011
101.749841270,0.0430274,0.423947,1.92085,0.041257,1.74224,0.0190199,1.39645,0.255668,0,3.40035,0.0671831,1.05541
101.796281179,0.0267538,0.512512,1.9032,0.0250698,1.92221,0.0167536,1.37425,0.355725,0,3.10844,0.0557712,1.23451
101.842721088,0.0121243,0.59644,2.03389,0.0233881,2.03602,0.0199215,1.24428,0.368781,0,3.01157,0.0137149,1.17135
101.889160998,0.0508712,0.644382,2.05981,0.0200583,1.80759,0.0224212,1.16561,0.28968,0.0680485,3.46204,0.00267109,1.09081
101.935600907,0.111219,0.688813,2.05318,0.0248819,1.40248,0.0234602,1.19689,0.154225,0.0544873,3.62321,0.0030281,1.067
101.982040816,0,0.746882,1.91374,0.138729,1.40957,0.0226769,1.26336,0.12784,0,3.62668,0.00316956,0.738822
102.028480726,0,0.804726,2.03236,0.294753,1.53025,0.0256327,1.00636,0.184721,0,3.35534,0.00627113,0.469279
102.074920635,0,0.727839,2.27165,0.265252,1.62123,0.0412089,0.878879,0.196911,0.173998,2.96104,0.0103804,0.250448
102.121360544,0,2.27304,2.12375,0.0724318,0.76082,0.115209,0.824405,0.103532,0.623602,2.30845,0.00345731,0.16906
102.167800454,0,3.40758,1.39846,0.136249,0,0.309229,0.934217,0.0353743,0.680832,1.63762,0.000719632,0.204506
102.214240363,0,3.63604,0.966287,0.134748,0,0.388371,1.17767,0.0707094,0.72406,1.52542,0.00044774,0.169107
102.260680272,0,3.60048,0.840938,0.130485,0,0.451691,1.28746,0.0736091,0.844281,1.55812,0.000311431,0.235716
102.307120181,0,3.43462,0.975428,0.128678,0,0.518764,1.43215,0.0659045,0.987155,1.65142,0.000148591,0.251901
102.353560091,0.132312,2.09146,1.49842,0.199999,0.00321775,0.409868,1.9279,0.11763,1.09901,1.7061,0,0.358701
102.400000000,0.320073,0.27045,1.52868,0.402238,0,0.0150423,2.59361,0.121344,0.260017,1.37735,0,1.60213
102.446439909,0.374334,0.00232321,1.96311,0.346304,0,0.000764728,2.38499,0.0690447,0.0849455,0.816881,0.00278326,2.65801
102.492879819,0.109817,0.0617676,2.04842,0.333758,0.00555565,0.0204112,2.20608,0.0971065,0.157039,0.667977,0,3.12893
102.539319728,6.45838e-05,0.080466,2.08072,0.388358,0.018317,0.021929,2.09749,0.208646,0.222369,0.750399,0.0129836,3.31313
102.585759637,0,0.115404,2.36104,0.520838,0.028655,0.0235943,2.04634,0.0739302,0.0269092,0.879548,0.0204876,3.31367
102.632199546,0,0.119324,2.46009,0.744233,0.0209184,0.0288919,2.18635,0.0166098,0.00742481,0.94963,0,3.11548
102.678639456,0,0.084505,2.49186,0.862348,0.00295976,0.0123514,2.50767,0.0559204,0.00519123,1.21532,0,2.62889
102.725079365,0.000243032,0.058688,2.61431,0.786558,0.253448,0.0104166,2.73599,0.0421376,0.00144847,1.54351,0,1.64422
102.771519274,0.00537978,0.333927,2.452,0.14034,0.896497,0.0426497,1.90759,0.666803,0,1.63815,0.502548,0.179885
102.817959184,0.00309127,0.344078,2.14635,0.136822,0.838067,0.000564992,1.75251,0.819976,0,1.63819,0.692857,0
102.864399093,0,0.342153,2.0947,0.466568,0.527607,0.00142531,1.79144,0.565154,0.00111806,1.66047,0.396582,0.693816
102.910839002,0,0.30635,2.04809,0.595778,0.0640583,0.0147402,1.938,0.239107,0.0210634,1.51958,0.127274,2.0426
102.957278912,0,0.216773,2.1745,0.638026,0.00368189,0.0153868,2.11949,0.028911,0.0260795,1.15824,0,3.19057
103.003718821,0,0.167128,2.20659,0.605072,0,0.0109847,2.29688,0.0767903,0.0127752,0.758326,0,3.64947
103.050158730,0,0.18611,2.2451,0.539881,0.022533,0.00855075,2.3251,0.0872208,0.0148055,0.564611,0,3.75621
103.096598639,0.000424634,0.171514,2.21303,0.483382,0.117921,0.00671777,2.2442,0.0549415,0.00968369,0.391067,0,3.63053
103.143038549,0.000426872,0.325332,2.07966,0.456167,0.515928,0.00289167,2.21121,0.0759207,0.0338727,0.704173,0.29033,2.79736
103.189478458,6.74374e-05,0.349343,1.96028,0.363082,1.19626,0.00882867,1.75682,0.206736,0.0508913,1.70816,0.694668,1.36344
103.235918367,0,0.435209,1.84232,0.122043,1.5022,0.0283628,0.866046,0.226092,0,2.59333,0.817386,0.433721
103.282358277,0,0.43769,1.89753,0.100825,1.54297,0.0345889,0.750247,0.192449,0,3.15504,0.545015,0.0337059
103.328798186,0.000103158,0.499667,1.89548,0.0133414,1.46422,0.0272127,0.77008,0.165269,0,3.47688,0.00475307,0.000447179
103.375238095,0.000113279,0.562929,1.77675,0.0200082,1.44253,0.012616,0.378964,0.158612,0.977717,2.94661,0.0117567,0.000467118
103.421678005,0.0123793,1.19058,1.60667,0.102638,1.26554,0,0.0231359,0.31062,1.94477,2.1945,0.00307122,0.000444594
103.468117914,0.100906,1.80584,1.34299,0.34643,1.32344,0,0.931904,0.464507,2.23387,1.27036,0.00216362,0.000543371
103.514557823,0.088309,2.40942,0.895381,0.396134,1.5429,0,2.10781,0.426166,1.49938,0.359762,0.000295523,0.000512568
103.560997732,0.0731678,2.60855,0.47351,0.0314002,1.75702,0.0264522,2.87448,0.312916,0.428858,0.902726,0.115193,0.000416654
103.607437642,0.0146264,2.44282,0.179248,0.147234,1.93178,0.0387047,3.06765,0.190003,0.198061,1.48933,0.165764,0.0239859
103.653877551,0,2.13368,0.487533,0.482518,2.03768,0.0592427,3.12028,0.0496459,0.0846446,1.18583,0,0.00731974
103.700317460,0,1.6567,0.627782,0.625122,1.73804,0.0294764,3.31742,0.0258297,0,1.08789,0,1.05535
103.746757370,0,1.31798,0.639235,0.718287,1.56951,0.0324395,3.46479,0.0176945,0,1.09042,0,1.53721
103.793197279,0,1.30863,0.59934,0.672527,1.55638,0.0205476,3.4367,0.0150844,0,1.10029,0.0973441,1.48005
103.839637188,0.0269551,1.41488,0.402894,0.494667,1.69542,0.0556045,3.09292,0.0240198,0.00817562,0.565598,0,1.33031
103.886077098,0.014294,1.35988,0.250563,0.400169,0.907282,0.0919364,2.71975,0.384296,0.434005,0.92946,0,1.23433
103.932517007,0,1.43819,0.125232,0.308698,1.12693,0.0933309,2.55227,0.556833,0.530476,1.23433,0,0.810485
103.978956916,0.00101342,1.5827,0.204083,0.167863,1.88023,0.111372,1.65877,0.408835,0.308878,1.58787,0.00662361,0.335204
104.025396825,0.0557548,1.33502,0.247882,0.391304,1.75312,0.0456709,1.62716,0.0450523,0.0725932,2.71467,0.148313,0.223355
104.071836735,0.0700918,1.28449,0.762484,0.30578,1.79196,0.0111021,1.82309,0.0144563,0.213422,2.66797,0.192401,0.279931
104.118276644,0.0598559,1.40428,1.21716,0,2.0124,0.000850423,1.91705,0.0277577,0.164915,2.43273,0.290986,0.269149
104.164716553,0.0413742,1.88124,0.756085,0.0235072,2.14924,0,2.25345,0.0411725,0.0167127,2.40483,0.319628,0.0774099
104.211156463,0.0272853,1.81545,0.431582,0,2.14253,0.0183051,2.65134,0.104296,0,2.33823,0.295669,0.0907951
104.257596372,0.00550681,1.28918,1.57059,0,1.53222,0.0234585,2.70833,0.126665,0,2.15813,0.15568,0.0351665
104.304036281,0.0516514,1.16029,2.13538,0,1.16414,0,2.48951,0.131097,0,2.28707,0.263946,0
104.350476190,0.0915014,1.18829,2.01923,0.00502194,1.45989,0,1.79693,0.0764765,0,2.35271,0.412395,0.199341
104.396916100,0.199652,1.19815,1.40131,0.00857634,2.08617,0,1.30659,0.0376922,0.344891,2.11607,0.321107,0.340299
104.443356009,0.212194,1.64643,0.458415,0.00733049,2.19294,0,1.13115,0.0292008,0.531789,2.19342,0.159607,0.361294
104.489795918,0.0323958,1.7775,0.226246,0.00366017,2.14681,0.0187362,1.28489,0,0.6176,2.17435,0.0816458,0.426017
104.536235828,0.0710879,1.84762,0.141733,0.00780859,2.28666,0.00722158,1.60707,0,0.608805,2.10735,0.000561728,0.452884
104.582675737,0,1.97137,0.0377975,0.01824,2.53646,0.0184593,1.91609,0,0.515567,2.26756,0.000640751,0.556959
104.629115646,0.00879987,1.82881,0.0161838,0.0201148,2.80167,0.0361531,1.66345,0,0.393558,2.0781,0.000440193,0.951375
104.675555556,0,1.67391,0.00236175,0.0156393,3.11891,0.011365,1.23159,0,0.154846,1.97417,0,1.0952
104.721995465,0,1.51421,0.0767234,0,3.28147,0.0446562,1.19064,0.00126951,0.152483,1.943,0,1.07199
104.768435374,0.0741284,1.41135,0.0569242,0,3.2441,0.0397895,1.20611,0.0480885,0.211319,2.0411,0,1.07026
104.814875283,7.3389e-05,1.40221,0.0378028,0,2.99474,0.0246831,1.29471,0.0598153,0.348465,2.24501,0,1.12778
104.861315193,0.000384648,1.46866,0.000216812,0,2.89402,0.139379,1.31819,0.0267582,0.393122,2.43345,0.0164915,1.0544
104.907755102,0.127786,1.38856,0.000457747,0,3.01802,0.132579,1.00569,0,0.39719,2.17155,0.0166829,1.06331
104.954195011,0.0324575,1.35251,0.00550242,0,3.32764,0.0593496,0.943496,0.0194793,0.377321,1.74288,0,1.13301
105.000634921,0,1.48681,0.0278088,0,3.78239,0.206816,0.947629,0.334669,0.456926,1.19815,2.81236e-06,1.33514
105.047074830,0,1.25899,0.0401386,0.00416564,3.88745,0.251435,0.755252,0.198591,0.637078,0.577128,0.000116102,1.78751
105.093514739,0,0.890063,0.0333348,0.00110086,4.15367,0.191088,0.296453,0.0970529,1.12287,0.110251,0.0900003,2.20373
105.139954649,0,0.84386,0.0128675,0.048141,4.1883,0.0681592,0.144937,0.0263973,1.45947,0.000461794,0.135322,2.3231
105.186394558,0,1.95216,0.408657,0.137003,3.54081,0.274768,0.070092,0.0303521,1.59295,0.10998,0.00621301,2.04783
105.232834467,0,2.72932,0.536609,0.163788,2.6164,0.414902,0.0904516,0.0269183,1.3234,0.165377,7.57263e-06,1.71508
105.279274376,0.000160019,3.12765,0.415362,0.137856,2.46647,0.432986,0.0962756,0.0161794,1.26199,0.165781,0.000232162,1.4337
105.325714286,0.000416971,3.04049,0.269882,0.140809,2.54684,0.427986,0.190349,0.0170705,1.31684,0.221904,0.000255164,1.30051
105.372154195,0.073181,2.11435,0.79675,0.118577,2.35511,0.318015,0.0877573,0.0584578,1.61843,0.381185,0,1.47413
105.418594104,0.018211,1.59223,1.24819,0.102256,2.08189,0.393632,0.00183666,0.0493335,2.00272,0.287256,0,1.00612
105.465034014,0.000128999,1.94406,1.18784,0.100467,1.8011,0.401538,0,0.0287976,2.12662,0.137059,0,0.687484
105.511473923,0.000535809,2.85511,0.846887,0.0898859,1.7065,0.425463,0,0.0108953,2.06298,0.137074,0,0.614865
105.557913832,0.000654183,3.62442,0.161383,0.109395,1.80319,0.453595,0,0.000966317,2.04333,0.15392,0,0.643283
105.604353741,0.000697093,3.61988,0,0.114068,1.89889,0.494128,0,0.000763363,2.10993,0.158403,0.0323443,0.68145
105.650793651,0.000589533,3.40962,0,0.170216,2.05082,0.520843,0,0.000563171,2.08417,0.109474,0.0598688,0.763975
105.697233560,0.212969,2.74459,0.0918743,0.127991,2.51958,0.353289,0.0824224,0,2.25702,0.0427747,0.0430545,0.965379
105.743673469,0.475163,1.45231,1.15017,0.049877,2.61077,0.320744,0.0985945,0,2.53633,0.002028,0,1.45407
105.790113379,0.718687,0.0560949,2.60272,0.22895,2.10633,0.00450152,0.321908,0,2.00024,0.00274478,0,1.65347
105.836553288,0.697423,0.0230388,3.05724,0.289092,1.80971,0.00837804,0.373119,0.022354,1.62162,0.0860383,0,1.48339
105.882993197,0.550573,0,3.06935,0.357219,1.60796,0,0.303076,0.0040374,1.84131,0.264106,0,1.65443
105.929433107,0.301173,0,2.92866,0.359062,1.88631,0.00243146,0.252418,0.00251757,1.99567,0.141343,0.0144735,1.93671
105.975873016,0.141545,0,2.55227,0.32003,2.39328,0,0.291169,0.0134146,2.21013,0.0980331,0.064014,2.10352
106.022312925,0.0214883,0,1.79393,0.278951,2.78839,0.0591821,0.209046,0.00503231,2.38838,0.134957,0.0654354,2.31993
106.068752834,0,0.298117,0.79682,0.185972,2.97399,0.328869,0.0505549,0.0400289,2.30768,0.152806,0,2.21442
106.115192744,0,2.01691,0.41869,0.00261756,2.56739,0.403735,0.00214499,0.0926445,2.00262,0.135146,0.0780569,1.68166
106.161632653,0,3.09728,0.262147,0.00500477,2.14984,0.321023,0.00280846,0.0776251,1.86408,0.126128,0.038895,0.89172
106.208072562,0,3.66417,0.119413,0.00627663,2.231,0.221255,0.00410384,0.0604784,1.76886,0.0846553,0,0.223152
106.254512472,0.0298846,3.93801,0.20712,0.00439931,2.27684,0.22232,0.00303166,0.00821444,1.75471,0.083574,0,0.0677121
106.300952381,0.0528267,3.93133,0.239811,0.0207871,2.35392,0.289003,0.000279961,0.00663373,1.71177,0.126587,0,0.380044
106.347392290,0.000708483,3.75946,0.24016,0.0356119,2.33478,0.357929,0,0,1.67456,0.20933,0,0.718519
106.393832200,0.000611621,3.73766,0.220815,0.0613153,2.47705,0.414559,0,0,1.59103,0.272676,0.0668911,0.863722
106.440272109,0,3.74712,0.159936,0.111002,2.47322,0.458566,0.00773996,0.039095,1.60636,0.32943,0.0231973,0.802884
106.486712018,0,3.86096,0.102271,0.182917,2.29047,0.468705,0.0163079,0.0560293,1.5872,0.271377,0,0.622184
106.533151927,0,4.11005,0.0470709,0.369167,1.8629,0.468551,0.0123767,0.0586883,1.51192,0.139514,0,0.22543
106.579591837,0,4.34917,0.175729,0.371223,1.10028,0.486551,0.00442724,0.0324691,1.28585,0.00722505,0,0.0566786
106.626031746,0.046881,4.46025,0.297566,0.184938,0.370408,0.611715,0.0051295,0.419974,0.769792,0,0.0211781,0.0478577
106.672471655,0.0781386,4.49725,0.147089,0.0527085,0.0414136,0.479127,0.152637,0.172532,0.860748,0.0164485,0.0423596,0.0585719
106.718911565,0,4.54651,0.129717,0.0805909,0.0674562,0.469222,0.0379148,0.152455,0.940923,0.000313307,0,0.0632784
106.765351474,0.0339372,4.35961,0.0882499,0.13375,0.0315098,0.416097,0.495368,0.269499,0.887951,0.000877397,0,0.060775
106.811791383,0.102646,4.32094,0,0.0427963,0.0281175,0.454429,0.516356,0.905912,0.956217,0.0165534,0.0738467,0.0132644
106.858231293,0.0943368,4.55749,0,0.140277,0.0313615,0.596749,0.0157329,0.420216,0.860509,0.563454,0.148387,2.88424e-05
106.904671202,0.00241411,4.32399,0.00411105,0.185363,0.0347752,0.489398,0.0205114,0.214731,0.876461,1.44372,0.32499,0.0481199
106.951111111,0,3.73486,0.0530288,0.128847,0.188538,0.369058,0.0191263,0.1733,0.891691,2.11389,0.277439,0.280223
106.997551020,0.107214,2.462,0.046196,0.037998,0.578338,0.136016,0.0154295,0.0483852,1.08015,2.51948,0.142715,0.415099
107.043990930,0.412798,1.06343,0.0452289,0.0627537,0.796906,0.0275269,0.033478,0.0360888,1.72906,2.87311,0.0057979,0.0662764
107.090430839,1.01963,1.08668,0.0119428,0.419179,0.78798,0.0381454,0.0205438,0.0405318,2.00506,2.45276,0.0776887,0.0528803
107.136870748,1.20296,1.1944,0.00292574,0.858689,0.603767,0.0465524,0.11108,0.0482361,2.13907,2.00348,0.171712,0.0427798
107.183310658,0.584765,1.05405,0.000282522,0.287828,1.4336,0,0.0540553,0.211421,1.83163,1.46093,0.499282,0.01974
107.229750567,0.115914,0.892408,0.00239685,0.0672708,1.76507,0,0.0298889,0.248894,0.865118,2.37187,0.730645,0.000607533
107.276190476,0.0142637,0.430221,0.00175815,0.138676,1.58858,0.000702457,0.173074,0.117659,0,3.43552,0.78278,0.000434411
107.322630385,0.0147966,0.429602,0.00122929,0.141927,1.59704,0.00771012,0.158289,0.0305151,0.00115903,4.02754,0.483809,0.000517202
107.369070295,0.0505689,0.497732,0.00167621,0.151141,1.56067,0.0834005,0.125739,0.00880745,0.00300274,4.52166,0.0585478,0.000638168
107.415510204,0.00689501,0.612942,0.00198851,0.135847,1.5648,0.0378477,0.0587673,0.00944224,0.00571859,4.7114,0.00117479,0.000678717
107.461950113,0.0204209,0.675415,0.167307,0.102022,1.54083,0.0396255,0.0197725,0.0169179,0.028482,4.53318,0.00122382,0.0583584
107.508390023,0.0457951,0.713437,0.181402,0.0754168,1.53439,0.0499433,0.0108693,0.128195,0.0968978,4.10516,0.00146114,0.0260355
107.554829932,0.0557868,0.625234,0.226153,0.158274,1.5084,0.0493167,0.00991696,0.219995,0.084562,3.79283,0.00406428,0.000813086
107.601269841,0.0333698,0.654671,0.00996297,0.257918,1.50278,0.00369497,0.0102902,0.193517,0.0349051,4.32355,0.0214356,0.000881137
107.647709751,0.0111391,0.633242,0.00561112,0.271846,1.53714,0.00182366,0.0214903,0.0784428,0.0486184,4.54513,0.00116509,0.000773918
107.694149660,0.00422981,0.612224,0.0041565,0.13347,1.52667,0.0442169,0.026719,0.0654516,0.0553712,4.60254,0.00108447,0.000560567
107.740589569,0.144854,0.630417,0.00730194,0.122953,1.50432,0.0417775,0.0255858,0.0513512,0.0355609,4.70018,0.000896183,0.00045442
107.787029478,0.165387,0.655952,0.00662101,0.345465,1.49902,0.0454496,0.00916983,0.0148139,0.00574373,4.70048,0.000617046,0.0086073
107.833469388,0.129155,1.15697,0.0631893,0,1.65806,0.0227766,0.0032375,0.0151252,0.449684,4.43595,0.000810018,0.000282486
107.879909297,0,1.08749,0.000596347,0.00744876,1.83027,0.0389593,0.0492472,0.058742,0.847758,3.67555,0.122736,0.0726415
107.926349206,0.169409,0.457529,0.184196,0.0809435,1.83191,0.0376561,0.2202,0.400328,1.0611,3.33675,0.160625,0.513732
107.972789116,0.248528,0.272981,0.369431,0.0705794,1.81726,0.266866,0.465924,0.303947,0.9965,2.80903,0.370311,1.10133
108.019229025,0.31722,0.164072,0.391909,0.0338607,0.897444,0.180849,1.32013,0.332873,0.651326,1.90362,0.298001,2.30227
108.065668934,0.322682,0.184712,0.400408,0.226357,0.907675,0.0644635,1.77906,0.368995,0.196494,1.05635,0.189385,2.80815
108.112108844,0.188207,0.253188,0.446614,0.15518,0.844726,0.0370116,1.63361,0.374747,0.0492179,0.686352,0.129792,3.76673
108.158548753,0,0.197781,0.788564,0.20351,0.496762,0.0634513,1.58908,0.25786,0.396867,0.69208,0.0966491,3.9731
108.204988662,0,0.0863716,0.899599,0.311969,0.338737,0.00582822,1.6296,0.0168161,0.564929,0.738748,0.0400243,4.04899
108.251428571,0,0.0506843,0.79753,0.388823,0.231147,0.00742803,1.88921,0.00912316,0.474432,0.841993,0,4.08725
108.297868481,0,0.0992487,0.710264,0.514308,0.172967,0.00905654,2.34799,0.00598897,0.207868,0.935847,0,4.08825
108.344308390,0,0.133631,0.606485,0.561431,0.427995,0.010259,2.50524,0.0055054,0,0.905439,0,4.05232
108.390748299,0,0.150415,0.508939,0.546572,0.301663,0.00938893,2.54294,0.00421835,0,0.884085,0,4.03209
108.437188209,0,0.172365,0.526674,0.415841,0.189573,0.00722006,2.53051,0.0164096,0,0.809914,0,4.00854
108.483628118,0.130085,0.321486,0.618906,0.172618,0,0.00470991,2.27348,0.143322,0.207958,0.561408,0,3.65236
108.530068027,0.555788,0.788329,0.343759,0.0820562,0.0111469,0.00386915,1.52783,0.161093,1.05629,0.302822,0,3.01356
108.576507937,0.645622,2.10608,0.202191,0.0234987,0.0243578,0.165953,0.897463,0.226739,1.26246,0.0533968,0.0010473,2.32648
108.622947846,0.667125,3.35399,0.170717,0.0130031,0.0275756,0.331353,0.50033,0.416179,1.09128,0.118693,0,1.63556
108.669387755,0.633525,3.68569,0.168723,0.0151906,0,0.426133,0.649536,0.00628056,1.17699,1.01597,0.0873114,0.5938
108.715827664,0.628807,3.51995,0.14248,0.0179796,0.321284,0.396309,0.0482678,0.0292265,1.33272,1.41857,0.355562,0.353618
108.762267574,0.497949,2.56106,0.0742524,0.0973897,1.07854,0.572234,0.0180065,0.196857,0.82926,2.11686,0.445219,0.184268
108.808707483,0.228918,1.19108,0.00388127,0.425238,1.8448,0.287023,0.0208777,0.205747,0.328637,3.13484,0.315922,0.165193
108.855147392,0.0854701,0.936987,0.00364973,0.599822,1.86655,0.172359,0,0.135019,0.304901,3.84524,0.151182,0.156426
108.901587302,0.0701265,0.900645,0.00403839,0.71955,1.80465,0.134311,0,0.0513992,0.393618,3.99478,0.129202,0.144481
108.948027211,0.0334688,0.873058,0.619521,0.662653,1.59615,0.00240547,0,0.0530483,0.441535,3.78648,0.0828698,0.135332
108.994467120,0,0.872657,0.551719,0.0135061,1.59599,0,0.145122,0.0958769,0.445381,3.66107,0.0344806,0.03155
109.040907029,0.0814567,1.30154,0.287425,0.014685,1.55624,0,0.132089,0.0870624,0.296451,3.67962,0.00151638,0.0436734
109.087346939,0.616352,1.14586,0.195221,0.0178354,1.26847,0,0.0504159,0.341205,0.123116,3.49974,0.000918609,0.267142
109.133786848,0.638823,0.918764,0.217903,0.0707477,1.17931,0,0.0741899,0.514709,0.0639556,3.46833,0.000371439,0.41148
109.180226757,0.601231,0.784415,0.341319,0.13193,1.21404,0.00151878,0.0764012,0.582193,0.0479041,3.44151,0.000138878,0.56025
109.226666667,0.79857,0.533179,0.208945,0.136749,1.17248,0.0481959,0.0893632,0.451286,0.317949,3.3184,0.000601103,1.11047
109.273106576,0.857625,0.908922,0.198039,0.0148249,0.906087,0.0237578,0.127165,0,1.24255,2.29571,0.00179184,1.73838
109.319546485,0.625625,1.42791,0.216648,0.0160914,0.85261,0.198665,0,0.00134342,1.8802,1.22775,0.299563,1.85029
109.365986395,0.430546,2.02738,0.207073,0.0147171,0.934343,0.413852,0,0,1.99668,0.825007,0.466154,1.73074
109.412426304,0.615753,1.94444,0.229783,0.0767341,0.926848,0.635117,0.243071,0.06728,1.74913,0.366408,0.00167487,1.44161
109.458866213,0.129304,1.51541,0.249447,0.0703342,0.840263,1.01698,0.449566,0.083118,1.81758,1.07634,0.180362,0.640865
109.505306122,0.296268,1.45478,0.283347,0.20657,0.410659,1.06089,0.56918,0.0653864,1.72389,1.94291,0.222546,0.684273
109.551746032,0.573873,1.13948,0.278048,0.280905,0.59065,0.99341,0.495909,0.0172571,1.13219,2.48204,0.236408,0.395529
109.598185941,0.595408,1.32035,0.124997,0.43739,1.45483,0.680291,0.364143,0.2404,0.899036,2.46491,0.138438,0.566062
109.644625850,0.240864,0.596447,0.914893,0.521615,1.42912,0.242791,0.401654,0.366967,0.727723,1.77238,0.126313,0.900397
109.691065760,0.0952891,0.934108,1.04493,0.348362,0.315659,0.0945123,0.722664,0.352116,0.189502,2.31262,0.0837542,0.873151
109.737505669,0.0256076,0.904972,0.961082,0.524716,0,0.0772934,1.28631,0.0543759,0.19477,2.88486,0.002326,0.486232
109.783945578,0,0.800289,0.620565,0.805027,0,0.046427,1.62657,0.0427273,0.225456,3.10602,0.00290324,0.308713
109.830385488,0.00707087,1.27473,0.314591,1.10308,0,0.0284179,1.54865,0.0424529,0.244923,3.07669,0.00502386,0.51715
109.876825397,0.0407524,1.62571,0.0412508,1.37134,0.344495,0.0260752,1.43827,0.0483426,0.419028,3.15562,0.00338152,0.802601
109.923265306,0.0990854,1.67951,0,0.954766,0.648429,0.0255325,1.40284,0.0954355,0.391295,3.16456,0,1.04378
109.969705215,0.128747,1.41559,0.254116,0.588362,0.356601,0.0540873,1.43484,0.332892,0.216249,3.05765,0,1.02538
110.016145125,0.285288,1.10576,0.640417,0.270613,0.504489,0.0370406,0.92283,0.58097,0.00469256,2.42563,0,1.16438
110.062585034,0.391107,0.581338,0.474873,0.229936,1.13395,0.17258,0.638645,1.18237,0,2.1053,0,1.02587
110.109024943,0.397557,0.523562,0.214326,0.147817,1.58884,0.105096,0.57643,1.15875,0.0791227,2.14871,0,1.10353
110.155464853,0.439934,0.721719,0.0170137,0.0623452,1.8052,0.035621,0.542574,0.722485,0.409022,2.33761,0,0.953861
110.201904762,0.280912,0.614954,0,0.0314497,2.27929,0.434538,0.707026,0.0569872,0.818805,1.78236,3.89845e-05,0.941344
110.248344671,0.247825,0.335092,0.00014192,0.0894094,2.35794,0.34128,0.988221,0.0640928,0.767455,1.80694,0.0520315,0.71005
110.294784580,0.302626,0.554918,0.0389263,0.116167,2.40868,0.153445,1.06155,0.076615,0.615957,1.83054,0.220297,0.489329
110.341224490,0.383004,1.11921,0,0.160806,2.50573,0.118023,0.829522,0.0804845,0.579257,2.27522,0.222435,0.457653
110.387664399,0.520292,1.24366,0,0.49613,2.65027,0.0730319,0.27627,0.0674239,0.624759,2.2171,0.134435,0.831624
110.434104308,0.368951,1.06727,9.64158e-05,0.703341,2.31528,0.0864678,0.494668,0,0.531637,1.69893,0.236681,1.50229
110.480544218,0.451197,0.885143,0.00861251,0.0312139,1.56203,0.0509693,1.8355,0,0.344682,1.87986,0.106904,2.01659
110.526984127,0.365782,0.754244,0.00306146,0.0379399,1.21744,0.0312291,2.16128,0.0375149,0.0704879,1.87769,0,2.12967
110.573424036,0.488471,0.410827,0,0.00887625,1.00081,0.0344621,1.7406,0.119236,0,1.92843,0.000240557,2.70636
110.619863946,0.656831,1.75059,0.0681741,0.00377311,0.952083,0.0343644,0.889895,0.439793,0.0431274,1.31947,0.000493871,2.72326
110.666303855,0.610093,2.91996,0,0.119532,1.18396,0.0348793,0.572361,0.976207,0.347765,0.738594,0.000394856,1.66253
110.712743764,0.496772,3.03838,0,0.177337,1.16225,0.0447172,0.139551,0.960066,0.667758,0.868063,0.000154773,1.17139
110.759183673,0.38193,2.86716,0.0408773,0.212731,1.43572,0.0329712,0.114799,0.509319,0.689145,0.661008,0,1.20615
110.805623583,0.318895,2.61948,0.0799027,0.0978153,1.52556,0.0337188,0.41835,0.0428141,0.501785,1.0633,0,1.89136
110.852063492,0.208307,1.90089,0,0.156725,1.49476,0.0355791,0.634041,0.0307889,0.409034,1.25936,0,2.89285
110.898503401,0.479112,0.731847,0.0436029,0.263186,1.70718,0.04762,0.81639,0.221826,0.386692,0.229652,0,3.31977
110.944943311,0.159406,0.466945,0.168573,0.162605,2.04912,0.164453,0.601377,0.406382,0.199984,0.152135,0.283452,3.26842
110.991383220,0.350939,0.258086,0.153571,0.038611,2.37238,0.033782,0.482404,0.438426,0.0517593,0.118682,0.148063,3.34019
111.037823129,0.393358,0.106125,0.166837,0.0290684,2.38826,0.00290837,0.196769,0.26274,0.383491,0.119574,0.273809,3.47398
111.084263039,0.25572,0.144559,0.139783,0.0676924,2.59254,0.00174694,0.39066,0.124988,0.887263,0.270546,0.252396,3.40989
111.130702948,0.13684,0.0450172,0.0624417,0.0910135,2.54213,0.00280455,0.517127,0,1.13069,0.547376,0.170575,3.2988
111.177142857,0.0809484,0,0,0.19204,2.58498,0.00751624,0.551549,0,1.28205,0.536588,0.131048,2.86491
111.223582766,0.0261026,0,0,0.134754,2.64154,0.00895218,0.522227,0,1.25888,0.303546,0.0659553,2.75174
111.270022676,0.012309,0,0,0.14639,2.97521,0.0109466,0.375637,0.0190123,1.33156,0.0637131,0.0424579,2.43305
111.316462585,0.069204,0.241343,8.31475e-05,0.132649,3.26852,0.0121825,0.158841,0.0913962,1.50039,0.0121019,0.0145146,1.89482
111.362902494,0.207193,1.76783,0.000225992,0.0882665,3.1977,0.0118851,0,0.0733326,1.59292,0.0167857,0.00301054,1.34785
111.409342404,0.0285786,2.72368,0.000209439,0.0355072,3.09725,0.0513026,0,0.024033,1.75534,0.0973237,0.00297269,0.80884
111.455782313,0,3.02953,0.000270643,0.0569265,2.8114,0.0725501,0,0,1.74297,0.181647,0.000844166,0.638117
111.502222222,0.0114079,2.69433,0.131598,0.129317,2.33225,0.0508441,0.161068,0.117182,1.47428,0.21968,0.000288044,0.63467
111.548662132,0.492425,1.89111,0.417436,0.197504,1.93376,0.0136871,0.202513,0.625201,0.767558,0.168412,0.0187785,1.28064
111.595102041,0.53389,1.1742,0.571802,0.205745,1.65373,0.014598,0.107823,0.871477,0.630814,0.13526,0.0239988,2.12012
111.641541950,0.430631,0.983204,0.36658,0.156774,1.56068,0.0163567,0.100418,0.816799,0.663006,0.181462,0.0363134,2.59035
111.687981859,0.454614,0.685585,0.216376,0.0749682,1.71391,0.0213855,0.288949,0.173972,0.852652,0.159933,0,2.74275
111.734421769,0.40333,0.725115,0.121149,0.0718545,1.78941,0.26347,0.459408,0.00139625,0.899803,0.168035,0.102258,2.54573
111.780861678,0.39819,0.268894,0.139724,0.0793409,1.58841,0.681879,0.333323,0.0518704,0.808814,0.180669,0.176674,2.56246
111.827301587,0.464039,0.405183,0.0713616,0.086619,1.54054,0.765358,0.176744,0.184021,0.704105,0.118767,0.156074,2.60277
111.873741497,0.565386,0.568696,0.13489,0.117707,1.71518,0.166695,0.24989,0.177473,0.763655,0.251137,0.107563,2.5937
111.920181406,0.347335,0.504199,0,0.205274,2.02561,0.0286341,0.23518,0.0886796,1.5922,0.254762,0.10647,2.54037
111.966621315,0.150539,0.482577,0,0.114681,1.82356,0.0400851,0.147806,0.00878398,2.02289,0.389947,0.124279,2.30042
112.013061224,0.00286878,0.370159,0,0.127075,1.95934,0.0912864,0.142875,0.000208551,1.99614,0.394774,0.042275,2.00551
112.059501134,0.294156,0.86221,0.166161,0.12587,1.54417,0.0875741,0.0796805,0.300984,1.62786,0.380207,0.0016186,1.7689
112.105941043,0.556238,0.836969,0.872578,0.271553,1.01317,0.132419,0.090946,0.601637,1.04731,1.3046,0.000725263,1.01983
112.152380952,0.709939,1.07088,0.988334,0.361061,0.730862,0.0184484,0.0932268,0.62515,0.388655,2.12137,0.0315286,0.985466
112.198820862,0.549753,1.52057,0.730518,0.372477,0.801961,0.0201205,0.088475,0.601938,0.245605,2.59019,0.00734024,0.957519
112.245260771,0.460507,1.65536,0.423703,0.513619,1.05114,0.0198424,0.249306,0.412808,0.148979,3.08201,0,0.803593
112.291700680,0.379952,1.29959,0,0.578175,1.46802,0.0160265,0.376089,0,0.619417,3.13816,0,0.71816
112.338140590,0.331286,0.761803,0,0.343037,1.84026,0.0161455,0.302809,0,1.21549,2.8828,0,0.828345
112.384580499,0.504921,0.381756,0.0329208,0.212558,1.81315,0.0152159,0.384865,0,0.792381,2.7179,0,0.728912
112.431020408,0.413196,0.252187,0.18251,0.244269,1.22193,0.28886,0.630268,0,0.878301,2.62135,0.418567,0.661762
112.477460317,0.165777,0.376814,0.27462,0.24555,0.784058,0.867413,0.895109,0.0312852,0.326043,2.64484,0.786924,0.590986
112.523900227,0.113048,0.20675,0.900024,0.222664,1.06275,0.864715,0.738325,0.0384768,0.164016,2.45547,0.717338,0.330514
112.570340136,0.0443847,1.65428e-05,1.81089,0.295266,1.0965,0.590803,0.562063,0.0625296,0.134717,2.57456,0.270725,0.400625
112.616780045,0,0.0629659,2.1034,0.317871,0.982413,0.173788,0.984999,0.157604,0.135313,2.6789,0.0988012,0.64991
112.663219955,0.010616,0.0691092,2.35695,0.128515,0.958361,0.0849404,0.951221,0.150218,0.203543,2.87167,0.0566613,1.15186
112.709659864,0.00595525,0.167236,2.49676,0.100256,0.948956,0.0492815,0.971171,0.0592019,0.235603,2.81912,0.0146129,1.39372
112.756099773,0.0357481,0.280943,2.38732,0.0385316,1.00006,0,0.909001,0.0110222,0.193677,3.05777,0.0140687,1.29478
112.802539683,0.000174104,0.304471,2.08724,0.0874707,1.05831,0,0.819659,0.0103381,0.0666313,3.32644,0.00403001,1.07461
112.848979592,0.000405432,0.580816,1.87399,0.110736,1.09378,0,0.560122,0.0112365,0,3.48691,0.0244764,0.884104
112.895419501,0.000256834,1.09339,1.56485,0.0911492,1.08939,0,0.384806,0.00805892,0.039586,3.56104,0.0292444,0.847534
112.941859410,0.0494799,1.22188,2.04326,0.0167457,0.996478,0,0.382525,0.00821155,0.235054,3.18426,0.0291461,0.80152
112.988299320,0.0485576,0.730656,2.27783,0.0248381,0.656435,0,0.430276,0.26718,0.142748,2.69746,0.0362318,0.82591
113.034739229,0.46645,0.506874,2.57943,0.128382,0.399213,0.00625465,0.678947,0.352517,0.0265539,2.44575,0.147694,0.968552
113.081179138,0.704539,0.518383,2.77037,0.186428,0.0704366,0.0377438,0.807032,0.385556,0.0189008,2.18742,0.122165,1.14295
113.127619048,0.753581,0.69089,2.75339,0.189931,0,0.0563002,0.851008,0.560678,0.150935,1.89976,0.0179192,1.16642
113.174058957,0.854161,0.888479,2.67349,0.180453,0.122922,0.0320422,0.701525,0.194012,0.442049,1.80323,0.00817666,0.71717
113.220498866,0.837068,0.0216074,1.69774,0.19676,0.125397,0.626017,0.785246,0.0106024,0.649794,1.853,0.0570454,0.147486
113.266938776,0.589474,0.00893427,1.47165,0.17571,0.209101,0.666017,0.680903,0.0523045,0.441529,1.58038,0.367856,0.174963
113.313378685,0.294246,0.0303125,1.18754,0.278007,0.291785,0.458691,0.25821,0.396022,0.290302,1.773,0.694829,0.147294
113.359818594,0.111042,0.0425775,0.602077,0.39089,1.87159,0.311987,0.00660387,0.61921,0.316418,1.88186,0.560104,0.241821
113.406258503,0,0.0692381,0.190524,0.770984,2.3026,0.129738,0.177004,0.268201,0.622487,2.44251,0.249543,0.624712
113.452698413,0,0.262219,0,0.905639,2.22559,0.0557992,0.638568,0,1.27907,2.56642,0.110468,1.17976
113.499138322,0,0.373245,0.00885372,0.618301,2.06907,0.0131641,0.435531,0,1.54694,2.02801,0.0527214,1.28487
113.545578231,0.0312603,0.310445,0.328232,0.245821,2.04948,0.00521981,0.389624,0.0887871,1.3073,1.44325,0.000146577,1.3958
113.592018141,0.649197,0.962727,0.11377,0.492002,1.19491,0.0326868,0.730475,0.383999,0.721633,1.27659,0.0115905,1.19846
113.638458050,0.617637,1.83068,0.205972,0.488836,0.50764,0.0781946,0.591437,0.451801,0.730836,1.0921,0.0184807,0.911957
113.684897959,0.463533,2.62216,0.479093,0.447829,0.151558,0.101772,0.656346,0.513175,0.695129,0.616151,0.0159897,0.923205
113.731337868,0.277574,3.12832,0.461091,0.00218816,0.0113197,0.122287,0.8252,0.461395,0.930493,0.260598,0.0012504,0.98033
113.777777778,0.18808,3.542,0.0528451,0.00474833,0.200501,0.139968,1.05921,0.00688063,1.10912,0.282758,8.44516e-06,0.855064
113.824217687,0.154874,3.58911,0,0.00702045,0.0279683,0.12817,1.2289,0,0.975981,0.97779,2.30908e-05,0.434415
113.870657596,0.2166,3.76698,0.0389781,0,0.139873,0.104523,1.24701,0,0.924612,0.452192,0.0127531,0.306104
113.917097506,0.432657,3.13545,0,0.127401,0.0770665,0.0660004,1.4683,0.305268,0.998322,0.431757,0.118008,0.688304
113.963537415,0.387111,3.04764,0.528107,0.0419673,0.255923,0.240821,0.884268,0.172339,1.00629,0.235377,0.120642,0.748132
114.009977324,0.190497,3.09379,0.697345,0.0395363,0.320796,0.0813626,0.697658,0.202456,0.889246,0.257711,0.153401,0.62943
114.056417234,0.246149,2.97636,0.760402,0.0447612,0.587601,0.119711,0.646018,0.256767,0.737737,0.413281,0.163787,0.605634
114.102857143,0.240113,2.80566,0.958162,0.0245634,1.66364,0.101459,0.239807,0.258965,0.449297,1.07723,0.17832,0.648861
114.149297052,0.116047,2.57059,0.832006,0.0148624,2.22301,0.0712238,0,0.24454,0.557342,1.08421,0.420324,0.680726
114.195736961,0,1.88599,0.95779,0.0110752,2.2863,0.0217104,0.536872,0.0155831,0.859593,1.07213,0.359933,0.247578
114.242176871,0,1.31628,1.10462,0.0136972,2.31278,0.0136725,0.777522,0.00233801,1.02905,0.973598,0.307436,0.194008
114.288616780,0,1.13958,1.30412,0.015019,1.91138,0.0376746,0.888821,0,0.881708,1.40088,0.309037,0.109803
114.335056689,0,1.05376,1.43889,0.310448,0.777219,0.132955,1.19787,0,0.599607,1.95244,0.0951225,0.0862671
114.381496599,0,1.41263,1.54907,0.657988,0.286749,0.125648,1.54576,0,0.611704,1.66039,0.0852114,0.0351697
114.427936508,0,2.04475,1.60561,0.885538,0,0.112667,1.68545,0.0284522,0.571945,1.26784,0.0589579,0.027502
114.474376417,0,2.40299,1.27823,0.521518,0.000955209,0.100496,1.72761,0.0995887,0.575109,0.873079,0.0193441,0.000341574
114.520816327,0.42331,2.54457,0.449575,0.427789,0.559751,0.0906703,1.47102,0.288557,0.274014,0.418642,0.00590785,0.808435
114.567256236,0.607181,2.41892,0.359912,0.913987,0.44363,0.0679899,1.00963,0.273829,0.162825,0.864529,0.000643766,1.22747
114.613696145,0.625861,2.4073,0.389184,0.831778,0.23409,0.064971,0.952756,0.25432,0.133488,1.18116,0.000776353,1.1655
114.660136054,0.715928,2.93907,0.389999,0.0720253,0.176824,0.0882712,0.355057,0.250796,0.244658,1.32177,0.016369,0.982531
114.706575964,0.930819,3.10728,0.050118,0.0399108,0.509786,0.0339667,0.324777,0.129847,0.47655,1.44005,0.198207,0.835683
114.753015873,0.788994,2.95818,0.00789355,0.0948635,0.895848,0.266148,0.580938,0.33539,0.237448,1.30849,0.332509,0.611104
114.799455782,0.51595,2.90506,0.00463544,0.0913539,0.903856,0.230028,0.562177,0.587512,0.17475,1.29894,0.357397,0.369932
114.845895692,0.130088,3.03556,0.00435154,0.0562033,1.17426,0.236584,0.0638359,0.812113,0.135265,1.36839,0.225566,0.408711
114.892335601,0.157273,2.95953,0.0505976,0.107967,1.90205,0.225603,0.423204,0.486249,0.533469,1.49138,0.108427,0.38415
114.938775510,0.060845,2.94548,0.652066,0.419449,2.1545,0.120934,0.603371,0.0216859,1.25886,1.37654,0.0807354,0.182506
114.985215420,0.216341,2.39285,0.750513,0.0144096,1.96934,0.0195571,0.891565,0.0255895,1.64994,1.37393,0.0711326,0.0942355
115.031655329,0.0873146,1.8217,0.909024,0.0150284,1.54572,0.00886024,0.915138,0.00939248,1.8451,1.26842,0.000169955,0.0220864
115.078095238,0.661574,1.73499,0.430318,0.0149257,0.593903,0.000622944,0.0885142,0.474835,1.35693,1.63942,0.0291505,1.27292
115.124535147,0.854673,1.70965,0.251613,0.108117,0.272206,0,0.0930628,0.553747,0.68012,2.05432,0.031529,1.55248
115.170975057,0.764151,1.7019,0.225792,0.260467,0.237757,0,0.0896683,0.523633,0.747381,2.50575,0.00989066,1.39224
115.217414966,0.54624,1.76126,0.340772,0.0982047,0.466363,0,0.0556184,0.411104,0.88073,2.63913,0.000513325,1.31782
115.263854875,0.420473,1.76932,0.317741,0.0154393,0.545156,0.0800794,0.014164,0.0690142,1.11579,2.66706,5.88987e-05,1.45112
115.310294785,0.346317,1.80737,0.237521,0.0165438,0.610585,0.158778,0.254277,0,0.881522,2.66089,0.00377872,1.63512
115.356734694,0.302169,1.91357,0.217804,0.183108,0.694066,0.0177631,0.294134,0.00237523,0.600656,3.04648,0.00135741,1.11236
115.403174603,0.71378,1.80738,0.45811,0.0630515,0.67644,0.228405,0.281702,0.0417741,0.639317,3.0506,0.00174772,0.619378
115.449614512,0.184326,1.85343,0.688485,0.0981977,0.921832,0.329563,0.49728,0.0725157,0.551561,3.04784,0.198739,0.390253
115.496054422,0.275814,1.7158,0.382893,0.113246,0.89402,0.222721,0.833512,0.0752073,0.581281,3.01729,0.317979,0.296143
115.542494331,0.323392,1.72528,0.229425,0.0903335,0.739437,0.156426,0.852689,0.0367771,0.588688,3.17954,0.216149,0.269626
115.588934240,0.0704832,1.96493,0.0724244,0.0238336,0.755932,0.0396006,0.879347,0.00703117,0.423967,3.66092,0.140979,0.149369
115.635374150,0.0541575,2.34239,0,0,0.826011,0.033879,0.979761,0.0123663,0,4.09438,0.114825,0.092168
115.681814059,0.0539622,2.5852,0,0.102705,0.727363,0.034851,1.11853,0.00596784,0.0532624,4.11099,0.0855491,0.139552
115.728253968,0.0404696,2.67934,0,0.232618,0.713375,0.0336004,0.962593,0.0313325,0.0378143,4.02552,0,0.0890845
115.774693878,0,2.51061,0,0.412593,0.671863,0.0309162,0.91557,0.0445923,0.0748091,3.84332,0,0.0173368
115.821133787,0,2.14157,0,0.602516,0.592401,0.031427,0.906913,0.0463172,0.128458,3.60618,0,0.000203171
115.867573696,0.00244716,1.64018,0,0.444925,0.503848,0.0799645,0.686755,0.0543239,0,3.75763,0,0.0133606
115.914013605,0,1.23099,0,0.105546,0.555582,0.076132,0.602453,0.0565505,0,3.7834,0,0.0117199
115.960453515,0,1.04911,0.0653537,0.103745,0.661344,0.0314698,0.71484,0.0520387,0,3.76059,0,0.000907417
116.006893424,0.0127397,0.924348,1.06336,0.171583,0.597455,0.123756,0.593676,0.132642,0,3.69547,0,0.189876
116.053333333,0.21674,0.912021,1.32991,0.192299,0.501062,0.361095,0.6324,0.261344,0,3.39912,0,0.613485
116.099773243,0.302407,1.11983,1.2308,0.218806,0.48254,0.214733,0.650528,0.307701,0,3.06753,0.00138985,0.65618
116.146213152,0.318368,1.32486,0.868251,0.0892783,0.627126,0.035071,0.625853,0.284515,0.74482,2.66561,0.0789555,0.550184
116.192653061,0.306123,1.93139,0.0560981,0,0.876784,0.0509001,0.434655,0.099109,1.37342,2.35609,0.00604185,0.321077
116.239092971,0.227796,2.2285,0,0.00915703,1.23316,0.0510348,0.517979,0.0553301,1.30887,1.74767,0.244145,0.239982
116.285532880,0.113768,2.23317,0.00822444,0.0226142,0.944492,0.242026,0.811649,0.0679584,1.1332,1.49155,0.477371,0.225251
116.331972789,0.0664173,2.37878,0.105569,0.0739845,0.868176,0.329598,0.932964,0.0796895,0.799661,1.14852,0.599902,0.312717
116.378412698,0.0182097,2.45128,0.131349,0.43412,0.954525,0.448817,1.00003,0.0719853,0.426848,1.10963,0.140925,0.507822
116.424852608,0.0261726,2.27236,0.0426912,0.553447,0.751839,0.179754,1.73839,0.0661928,0.54409,1.90245,0.685856,0.191812
116.471292517,0.0358565,2.16272,0,0,0.586111,0.089373,2.31963,0,0.676892,1.54333,0.363634,0.788388
116.517732426,0,1.67464,0.018852,0,0.641024,0.0804179,2.36516,0.0305675,0.812429,1.07061,0,1.51369
116.564172336,0.265294,0.963865,0,0,1.05381,0.0459919,1.43457,0.656937,0.326209,0.716177,0,2.32236
116.610612245,0.520041,0.79709,0,0.204849,1.59441,0.0422543,0.423615,0.724415,0,0.56128,0,2.97013
116.657052154,0.533375,0.216261,0,0.330492,1.63916,0.0407286,0.29497,0.658081,0.269657,0.526483,0,3.26308
116.703492063,0.453644,0.112713,0,0.320444,1.73554,0.0368422,0.279372,0.744483,0.414555,0.497267,0,3.75178
116.749931973,0.366401,0.0675503,0,0.212903,1.75659,0.0461481,0.556637,0.544208,0.475479,0.535319,0,3.98335
116.796371882,0.234599,0.209698,0.00272321,0.140408,1.74983,0.0597992,1.05205,0.0491126,0.127612,0.550823,0,4.13528
116.842811791,0.133332,0.194964,0.0177861,0.135004,1.8012,0.0385725,1.35919,0.0311097,0.1363,0.726471,0,3.9824
116.889251701,0.463099,0.0424996,0.154955,0.205878,2.0042,0.0886591,0.963622,0.0253988,0.150743,0.0467388,0,3.64037
116.935691610,0.0689573,0.017215,0.216242,0.327192,1.97517,0.180988,0.531087,0.433455,0.259274,0.542768,0.089218,3.39485
116.982131519,0.035029,0,0.449331,0.230463,1.87617,0.153232,0.39601,0.486476,0.196624,0.797514,0.112825,3.0647
117.028571429,0.0726547,0,0.538072,0.213436,1.64968,0.0586381,0.46655,0.468178,0.193333,0.785405,0.156984,2.97128
117.075011338,0.128392,0,0.543019,0.139435,2.01998,0.221577,0.424198,0.323817,0.103515,0.468158,0.174518,3.17767
117.121451247,0.131192,0,0.234248,0.152194,2.51073,0.269614,0.499145,0.261946,0,0.119619,0.173885,3.12001
117.167891156,0.0764506,0.0333611,0.0129556,0.566297,3.00909,0.148293,0.635265,0.0564682,0.458009,0.198448,0.213357,2.64417
117.214331066,0.0116326,0,0,0.290937,3.53084,0.0109955,0.633956,0.0539787,0.80755,0.199553,0.522237,1.98996
117.260770975,0,0,0,0.20712,3.73352,0.0116766,0.310016,0.0501828,0.972187,0.209906,0.53436,2.05681
117.307210884,0,0,0.000155336,0.2084,3.75437,0.0119728,0.250121,0,1.36498,0.105356,0.223212,2.56522
117.353650794,0,0,6.90389e-05,0.194563,3.53479,0.0113631,0.312884,0,1.26706,0.0064675,0,3.12555
117.400090703,0,0,5.80562e-05,0.191311,3.40859,0.0129518,0.368938,0,1.03687,0.00443781,0,3.23351
117.446530612,0,0,0.000116713,0.187559,3.3645,0.0135112,0.334759,0,1.04491,0.00369118,0,3.31173
117.492970522,0,0.000895439,0.0574094,0.188522,3.00525,0.0116233,0.279478,0.130942,1.09693,0.0721042,0.0132186,3.26769
117.539410431,0.206057,0.0319195,0.699192,0.184486,2.33713,0.105306,0.254229,0.220347,1.23139,0.00186444,0.0208039,3.08012
117.585850340,0.352771,0.0652198,1.08336,0.319809,1.02919,0.197499,0.179199,0.535786,1.08052,0.000989799,0.0187886,3.10902
117.632290249,0.411081,0.0135502,0.933816,0.682556,0.404921,0.22171,0.133299,0.607559,0.276543,0.0657073,0.0258367,3.24839
117.678730159,0.359494,0.0205434,0.528213,0.452999,0.548835,0.374811,0.186471,0.0647577,0.342406,0.422113,0.0173048,3.07401
117.725170068,0.238287,0.152503,0.220869,0.228103,0.790196,0.843205,0.25367,0.0823093,0.193951,0.660602,0.102982,2.62309
117.771609977,0.188951,0.153009,0.230645,0.184428,0.846706,0.947931,0.265967,0.344332,0.0682607,0.538936,0.182405,2.43181
117.818049887,0.139329,0.0805021,0.231798,0.145116,0.841127,0.843652,0.25739,0.50375,0.131635,0.396129,0.119958,2.80439
117.864489796,0.142177,0.0958295,0.258222,0.192932,1.01055,0.612776,0.360452,0.529578,0.321909,0.170569,0.108143,3.08419
117.910929705,0.122077,0.21272,0.146326,0.238818,1.71185,0.491755,0.482855,0.141701,0.90301,0.160889,0.0976219,2.96384
117.957369615,0.0550332,0.417493,0.0223651,0.235324,2.42686,0.076101,0.224425,0,1.85558,0.240333,0.108588,2.21443
118.003809524,0.00386816,0.555974,0.0268117,0.174245,2.62464,0.0176235,0,0,2.41608,0.60212,0.0769166,1.97978
118.050249433,0.012635,0.826122,0.385439,0.23274,2.30779,0.0100683,0.0602136,0.124893,2.42514,0.696093,0,1.89315
118.096689342,0.614691,0.935402,0.631361,0.279388,2.38492,0.0163274,0.447998,0.543493,1.49337,0.678481,0.00878809,1.62585
118.143129252,0.763481,0.699418,0.692469,0.32866,2.6846,0.0150484,0.42783,0.675406,0.622323,0.159233,0.134033,1.71018
118.189569161,0.721332,0.578649,0.677733,0.314943,2.70161,0.0195138,0.266081,0.685403,0.565164,0.113845,0.104602,1.90696
118.236009070,0.577756,0.579956,0.5747,0.298898,2.58846,0.0174355,0.35737,0.528737,0.656955,0.0991966,0,1.99601
118.282448980,0.365417,0.266869,0.217662,0.31446,2.18462,0.0176889,0.697488,0,1.36781,0.500899,0,1.94363
118.328888889,0.218379,0.275346,1.95479e-05,0.285435,1.90315,0.0177734,0.876119,0,1.99557,0.519266,0,1.66287
118.375328798,0.279894,0.493599,9.15431e-05,0.15808,1.94861,0.0160881,0.9844,0,1.52162,0.228657,0.0348809,1.58169
118.421768707,0.165513,0.41698,0.6161,0.245745,1.81721,0.0341642,0.980243,0.000550325,1.18188,0.293145,0.468493,1.6488
118.468208617,0.171256,0.262774,1.21852,0.164982,1.56769,0.0323355,0.93749,0.0279657,0.269339,0.180927,0.913024,1.62416
118.514648526,0.12856,0.0819966,1.54884,0.0693549,1.13782,0.201856,1.25816,0.0397224,0.195332,0.0198738,0.865333,1.46015
118.561088435,0.064153,0.00033439,1.72943,0.0281771,0.781006,0.249465,1.62392,0.123196,0.349964,0,0.567575,1.701
118.607528345,0,0,2.23538,0.0586197,0.654039,0.167746,2.00998,0.196978,0.70766,0.00197489,0.0977742,1.79066
118.653968254,0.0509137,0,2.29495,0.221571,1.35834,0.152467,1.78982,0.168445,0.722057,0.418016,0.0550022,1.41111
118.700408163,0.141857,0,1.9091,0.204046,1.65192,0.130407,1.29903,0.0474563,0.596513,1.28699,0.0108589,1.33139
118.746848073,0.228048,0,1.56332,0.190765,1.72607,0,0.973166,0,0.629054,1.15885,0.0158354,1.62616
118.793287982,0.240945,0.000396417,1.62991,0.191426,1.58697,0,0.997425,0.0176956,0.739073,0.839197,0.0500775,1.6262
118.839727891,0.0914486,0.000367261,2.0176,0.148841,1.18992,0.0694257,1.23451,0.0509022,0.874089,0.643235,0.0792618,1.71188
118.886167800,0.0279899,0.00026719,1.94182,0.194599,0.884867,0.300934,1.38722,0.048255,0.817368,1.46349,0.0819004,1.77867
118.932607710,0.000464727,0.0549897,1.67624,0.143777,0.549994,0.227722,1.15971,0.0398101,0.749676,1.86555,0.112565,2.00478
118.979047619,0.000502107,0.135395,1.48786,0.133424,0.493566,0.0442773,0.738392,0.123822,0.510234,2.1468,0.110461,1.93737
119.025487528,0.195204,0.124853,1.8779,0.157974,0.358241,0,0.581682,0.365748,0.282865,2.15764,0.099076,1.87425
119.071927438,0.521448,0.0748794,2.10031,0.164424,0.128483,0.0109169,0.764982,0.386435,0.235905,2.05512,0.164702,2.04682
119.118367347,0.647043,0.0395708,2.09768,0.174196,0.190567,0.00129593,0.885756,0.287446,0.2529,1.78744,0.0540164,1.97959
119.164807256,0.678816,0.0172139,2.12084,0.212042,0.615773,0.00414235,0.847699,0.224787,0.241295,1.07064,0.0896214,1.44964
119.211247166,0.611687,0.0753685,1.85305,0.155095,0.23502,0.362449,0.476562,0.0233379,0.174422,1.17916,1.05964,0.887991
119.257687075,0.508138,0.0632839,1.30091,0.232746,0.719962,0.83136,0.385139,0.0892462,0.140584,1.16627,0.96266,0.569863
119.304126984,0.302393,0.0462387,0.818432,0.149774,0.90858,0.80612,0.186421,0.442204,0.0350767,1.80811,0.675429,0.403502
119.350566893,0.181129,0.0673681,0.333154,0.22945,0.969032,0.571763,0.0498256,0.411483,0.0400465,2.89085,0.346258,0.357164
119.397006803,0.0055554,0.0610672,0.0112444,0.38654,1.80214,0.21318,0.620801,0.0333943,0.0276519,3.56388,0.200849,0.20896
119.443446712,0.00860222,0.212699,0,0.143691,1.9997,0.0566029,0.866624,0.0107273,0.00794702,3.7067,0.14074,0.483344
119.489886621,0.0228411,0.293108,0.220061,0.0158757,1.83118,0.0026115,0.585148,0.00947249,0,3.77249,0.0908806,0.609172
119.536326531,0.0695751,0.166584,0.397095,0.000826893,1.78184,0.0204284,0.454362,0.0762665,0.0371231,3.49001,0.0266066,0.40248
119.582766440,0.290552,0.563243,0.729068,0.000493089,1.67681,0.0235713,0.120556,0.521553,0,3.02519,0.0302986,0.665285
119.629206349,0.317139,0.477529,0.69286,0.00148667,1.53794,0.0380687,0.072754,0.649788,0.294955,3.06323,0.0366487,0.8159
119.675646259,0.282054,0.433732,0.86518,0,1.53,0.0246527,0.0599799,0.662982,0.495582,3.14393,0.0183369,0.912095
119.722086168,0.157417,0.425483,1.0012,0,1.74659,0.0363269,0.0347512,0.526015,0.560177,3.3264,0.00274774,0.944705
119.768526077,0.146803,0.332161,0.988219,0,1.85529,0.0418947,0.0100361,0.212657,0.484416,3.49007,0,0.959871
119.814965986,0.124042,0.0592115,0.251426,0.00196166,1.93453,0.0175839,0,0.0114569,0.859844,3.31449,0.016664,0.794893
119.861405896,0.171591,0.124457,0.0923314,0.00925804,1.97911,0.013972,0,0.0142852,1.21513,2.59974,0.015619,0.331711
119.907845805,0.420474,0.278138,0.160753,0.244298,1.16529,0.0164257,0.0231496,0.243268,1.38638,2.50861,0.178358,0.726642
119.954285714,0.566968,0.00187623,0.148951,0.373017,0.595064,0.114706,0.29905,0.2661,1.45841,2.4771,0.325077,1.65356
120.000725624,0.447243,0,0.0020804,0.275402,0.648334,0.0376923,0.268862,0.213163,1.1266,2.23045,0.479061,2.53458
120.047165533,0.502906,3.06097e-05,0.00899915,0.1775,0.764311,0.00862254,1.02362,0.260068,0.684613,1.51841,0.439755,2.98616
120.093605442,0.43524,6.60092e-05,1.05106,0.138145,0.824222,0.00250043,1.41667,0.289842,0.393878,0.998258,0.266887,3.27178
120.140045351,0.206937,0.0201837,1.55793,0.100482,0.64391,0,1.11017,0.285927,0.205745,0.996302,0.137085,3.17054
120.186485261,0,0.04691,1.93452,0.0825339,0.813431,0.039308,0.780472,0.0490552,0.415943,0.943461,0.0319907,3.07492
120.232925170,0,0.019122,2.02669,0.0957732,0.914581,0,0.701569,0.00123709,0.423691,0.877979,0.0458444,3.13538
120.279365079,0,0.0250051,1.96561,0.120301,0.86492,0,0.887705,0,0.223807,0.841605,0.140927,3.15722
120.325804989,0,0.00162941,1.81637,0.191198,0.708517,0,1.59442,0.000319377,0.0336113,0.920145,0.166476,3.16033
120.372244898,0,0.00173141,1.78242,0.150767,0.819169,0,2.41726,0.000522234,0,1.01092,0.0931169,3.15493
120.418684807,0,0.00152436,1.79496,0.152346,1.0672,0,2.55839,0,0,1.00688,0,3.07603
120.465124717,0.219227,0.00123084,1.81554,0.0967935,0.647539,0,2.50972,0.0685243,0,1.06106,0,2.56501
120.511564626,0.492145,0.23121,1.68721,0.0673047,0.15745,0.118335,2.22277,0.148992,0.042404,1.11745,0,2.18358
120.558004535,0.690411,0.466436,1.57957,0.0406099,0.117344,0.115109,1.8127,0.147078,0.255267,1.25424,0,1.79093
120.604444444,0.463086,0.878154,1.63593,0.0143733,0.0672125,0.11234,1.31736,0.134193,0.484861,1.64405,0.000135691,1.44981
120.650884354,0.51124,1.09011,1.68955,0.0129709,0.00454087,0.124129,0.83762,0.102467,0.711519,2.14009,0.000369111,0.776765
120.697324263,0.5753,0.722455,1.6039,0.0169227,0.18351,0.0503044,0.678795,0.0296673,0.715499,2.69787,0.0118033,0.684756
120.743764172,0.543033,0.743132,1.32429,0.0875899,0.543021,0.0238642,0.168504,0.00333277,0.53396,2.87187,0.0743779,0.820513
120.790204082,0.199894,0.781303,1.44005,0.217732,0.847119,0.235593,0.0346332,0.0329334,0.446693,2.64983,0.105532,0.516977
120.836643991,0.0660779,0.875062,1.63395,0.174237,1.061,0.28814,0,0.126124,0.219462,2.95039,0.146532,0.422167
120.883083900,0.0596444,1.20115,2.155,0.116959,1.16718,0.100406,0,0.104909,0.101391,3.13687,0.119685,0.196604
120.929523810,0.00702748,1.12423,2.75932,0.00823767,1.02657,0.0709073,0.258473,0.00991827,0.127798,3.08286,0.0523666,0.19075
120.975963719,0,1.07471,2.75264,0.0123707,0.827223,0,0.489505,0.00584931,0.156198,3.07476,0,0.177493
121.022403628,0,1.04011,2.71473,0.0147488,0.786665,0,0.561897,0.00220873,0.129807,2.89205,0,0.115366
121.068843537,0.306714,0.944535,2.5366,0.0486725,0.658804,0,0.562522,0.421025,0.0642241,2.41745,0.0584987,0.0428817
121.115283447,0.566837,0.731781,2.28944,0.241368,0.339372,0,0.36242,0.619726,0.0873056,2.14731,0.0621209,0.412192
121.161723356,0.541388,0.718859,1.88426,0.295693,0.299675,0,0.354081,0.683445,0.164884,2.03539,0.0312531,0.828738
121.208163265,0.512645,0.848573,1.41781,0.228499,0.454816,0.0158453,0.678939,0.689248,0.287832,1.92471,0,1.26353
121.254603175,0.894673,0.772579,1.36521,0.0534255,0.452762,0,1.05916,0.310832,1.11933,1.7625,0.000413594,1.35632
121.301043084,0.767927,0.690918,1.4414,0.0263245,0.222389,0,1.43026,0.00650678,1.55796,1.65336,0.00231126,1.46846
121.347482993,0.354086,0.839313,1.84518,0.0149674,0.118658,0.00287801,1.38237,0.00468605,1.71005,1.3406,0.00255668,1.72092
121.393922902,0.381689,0.967112,2.16232,0,0.0874724,0.0232924,1.50282,0.000570246,1.73921,1.12207,0.00211584,1.38683
121.440362812,0,1.09719,1.77884,0,0.0893149,0.218362,1.69008,0.138175,1.55352,1.28544,0.143743,1.29576
121.486802721,0,1.24314,1.18109,0.15925,0.239736,0.197864,1.39667,0.0644298,1.47293,1.85214,0.365958,0.972243
121.533242630,0.113006,1.41994,0.0227748,0.659548,0.785345,0.0117099,0.7821,0.0350839,0.926106,2.43926,0.392558,0.607405
121.579682540,0.174778,1.60335,0.0197095,0.324089,1.52342,0.0239796,0.493914,0.259668,1.11916,2.38864,0.342852,0.584092
121.626122449,0.0869621,1.80257,0.74747,0.0459553,1.4804,0.0572191,0.510524,0.271797,1.10665,1.35129,0.205854,0.98096
121.672562358,0.0586598,2.06447,0.930157,0.01468,0.780661,0.0778667,0.587372,0.203239,0.621981,1.72171,0.0515462,0.959348
121.719002268,0.00114624,1.88313,0.923145,0.394764,0.262126,0.0678686,1.14029,0.103573,0.198543,2.86881,0.00171364,0.727375
121.765442177,0,1.70614,0.792075,0.664564,0.138089,0.0374478,1.34076,0.0393842,0.166122,3.01124,0.00151751,0.388531
121.811882086,0,1.77761,0.385363,0.970898,0.185409,0.0294919,1.42592,0.0384102,0.208897,2.97654,0.00304524,0.12694
121.858321995,0.0106234,2.30976,0.11874,1.11194,0.499505,0.0281552,1.54776,0.0449356,0.273424,3.03478,0.00302737,0.224057
121.904761905,0.0139299,2.53554,0.0292903,0.688819,1.1775,0.0250624,1.61926,0.0479333,0.298907,2.88255,0,0.335842
121.951201814,0.00908956,2.44492,0.0434065,0.526475,1.3279,0.0263584,1.45238,0.0718179,0.800765,2.44073,0,0.445162
121.997641723,0.141213,2.22839,0.390596,0.495226,1.11155,0.029414,1.12801,0.422568,0.301582,2.35174,0,0.451594
122.044081633,0.347616,1.80847,0.517597,0.299576,1.06377,0.0553233,0.83051,0.41031,0.134881,2.44507,0.0174669,0.837361
122.090521542,0.4252,1.1563,0.346579,0.1818,1.55331,0.0805945,0.679639,0.485389,0.286425,2.44238,0.00114241,0.845141
122.136961451,0.41184,1.11721,0.109632,0.080584,2.02741,0.0378278,0.684975,0.298168,0.484797,2.32468,0,0.892899
122.183401361,0.325645,1.60407,0,0.0223178,2.2991,0.0456164,0.542657,0.0673263,0.562631,2.18214,0,0.651986
122.229841270,0.191061,1.72244,0,0.0727074,2.59609,0.441327,0.475812,0.057568,0.767948,1.93288,0.022322,0.541965
122.276281179,0.131424,1.38275,0.000268921,0.115546,2.57065,0.429865,0.601514,0.0767198,0.749139,2.12586,0.0788842,0.501952
122.322721088,0.070561,1.16534,0.000744861,0.103532,2.62761,0.121601,0.669465,0.0905807,0.721778,2.32736,0.38428,0.492144
122.369160998,0.125478,1.56282,0,0.113401,2.64948,0.045004,0.666255,0.0551396,0.583441,2.77226,0.155836,0.493084
122.415600907,0.0859651,1.6279,0,0,2.64619,0.0757531,1.20918,0.10243,0.471071,3.01412,0.104509,0.696213
122.462040816,0.0712868,1.14177,0.130881,0.00577338,2.36187,0.05438,1.77239,0,0.330446,2.1341,0.00124895,1.60255
122.508480726,0.0552143,1.05639,0.32968,0.0325328,2.03924,0.0463147,1.99107,0,0.101585,1.51025,0,1.86054
122.554920635,0.0429113,0.828935,0.201879,0.0015742,1.72956,0.0371412,2.24526,0.0848882,0,1.82406,0.0258094,1.75374
122.601360544,0.387621,1.39457,0.126378,0,1.56064,0.0432055,2.13801,0.379363,0,1.84338,0.0602954,1.71942
122.647800454,0.401363,2.42111,0,0,1.4698,0.0433079,1.61943,0.585744,0.00691373,1.87769,0.000487861,1.33309
122.694240363,0.389597,2.71694,0,0,1.40256,0.0565495,0.918962,0.566338,0.232126,1.79677,0.000308149,0.843863
122.740680272,0.281013,2.83464,0,0.00557601,1.6811,0.055852,0.694243,0.302938,0.360533,1.9463,2.40376e-05,0.632447
122.787120181,0.232443,2.95205,0,0.102805,2.19927,0.0349175,0.664996,0.041433,0.451738,1.71263,0,0.855439
122.833560091,0.22102,2.40352,0.0271672,0.184522,2.36147,0.0297313,0.995026,0.0320803,0.307671,1.48705,0,2.01187
122.880000000,0.250037,1.82496,0.0164602,0.104306,2.19726,0.0351686,1.44151,0.0164574,0.0901804,1.17042,0,2.71574
122.926439909,0.0692261,1.61308,0.148386,0.261352,2.34693,0.0528013,1.63598,0.00309645,0.102275,0.0803789,0.0724256,2.80472
122.972879819,0,1.36165,0.0749409,0.107065,1.6455,0.119606,1.24921,0.183314,0.157283,0.126844,0.15448,3.19735
123.019319728,0.0486884,0.996419,0.144721,0.108542,1.3379,0.0803409,0.773868,0.250456,0.55386,0.128653,0.200603,3.3016
123.065759637,0.104138,0.571404,0.168251,0.125545,1.47554,0.103028,0.56816,0.160168,1.16756,0.128649,0.289732,3.33061
123.112199546,0.116538,0.191329,0.153283,0.149959,2.24997,0,0.555694,0,1.34065,0.125356,0.163358,3.45639
123.158639456,0.0712226,0,0,0.165179,2.59886,0.00902707,0.491216,0,1.38392,0.112313,0.144522,2.96645
123.205079365,0.030799,0,0,0.176321,2.71118,0.0112753,0.504203,0,1.19519,0.0873505,0.00730787,2.66869
123.251519274,0.0179559,0,0,0.179355,2.71617,0.00936488,0.422941,0.00850248,1.14362,0.0766439,0.0407022,2.55178
123.297959184,0.00796104,0.0265313,0,0.148962,2.96077,0.00955225,0.194747,0.0919115,1.2453,0.0459348,0.0893302,2.4866
123.344399093,0.0681063,1.02765,0,0.0918675,3.10752,0.00929473,0.0434723,0.122956,1.47784,0.0255777,0.0725961,2.2124
123.390839002,0.0790358,2.20887,3.69236e-06,0.0294257,3.01799,0.0121182,0.0456282,0.0740041,1.56279,0.0959876,0.0257342,1.52273
123.437278912,7.9452e-05,2.84331,0.000118851,0.00524677,2.95854,0.0361087,0.0425909,0.0117137,1.77214,0.149887,0.00153921,1.191
123.483718821,0,2.95259,0.00434347,0.0375604,2.71265,0.052997,0.0292036,0.0354522,1.96156,0.109201,5.64686e-05,1.00378
123.530158730,0.278936,2.24372,0.179238,0.11419,2.31245,0.0867502,0.0463346,0.299993,1.82869,0.0525453,0.0250486,1.08061
123.576598639,0.34943,1.28447,0.418027,0.153388,1.83309,0.25274,0.0802518,0.482183,1.39493,0.0618327,0.0934537,1.72226
123.623038549,0.330787,0.939564,0.291936,0.338929,1.67819,0.215945,0.0905492,0.740048,0.710839,0.119405,0.0879183,1.96796
123.669478458,0.376648,0.959671,0.102488,0.355288,2.13019,0.166076,0.0919855,0.52485,0.541073,0.21091,0.0368909,2.02862
123.715918367,0.204829,1.34389,0.249804,0.294884,2.33391,0.276695,0.147414,0.0295367,0.536129,0.299542,0.00233745,2.06011
123.762358277,0.165787,1.30725,0.361869,0.132145,1.77861,0.580012,0.199188,0.235955,0.333221,0.29412,0.0451162,2.42783
123.808798186,0.112018,1.12398,0.22193,0.128637,1.53519,0.601393,0.105878,0.397113,0.368106,0.26054,0.0926069,2.68438
123.855238095,0.354731,0.808211,0.0904371,0.372099,1.87328,0.0981572,0.185138,0.28301,0.624631,0.403503,0.115672,2.71619
123.901678005,0.184446,0.283768,0,0.422554,2.71496,0.0208714,0.346128,0.0513431,1.3398,0.239599,0.0969812,2.47125
123.948117914,0.0124443,0.183093,0,0.418874,2.6531,0.0374426,0.31357,0.00990144,1.9635,0.152115,0.0297383,2.5788
123.994557823,0,0.448852,0.0130902,0.292295,2.53823,0.0256456,0.227928,0.00222285,2.07977,0.171883,0.00166158,2.53507
124.040997732,0.0768925,0.547823,0,0.104522,2.77237,0.00951176,0.0607579,0.140915,1.65355,0.10165,0.0518028,2.32152
124.087437642,0.546092,1.01748,0,0.0559984,2.58727,0.00990424,0.0915454,0.556989,0.839123,0.620404,0.136297,1.95323
124.133877551,0.662238,1.73633,0,0.0307351,2.154,0.011274,0.0973037,0.61437,0.0405268,2.05768,0.142797,1.40966
124.180317460,0.548609,2.13885,0,0.0351607,2.02404,0.0130555,0.0952808,0.559577,0.00612042,2.65162,0.0960749,1.15615
124.226757370,0.462019,2.28807,0,0.07739,2.03125,0.0181998,0.083808,0.404098,0.0963722,3.06822,0.0496243,1.02418
124.273197279,0.377986,1.70406,0,0.131087,2.10418,0.0176175,0.144633,0.0172072,0.738037,3.10183,0.00709185,1.16554
124.319637188,0.309281,1.07421,0,0.298219,2.56521,0.016002,0.176125,0.00222567,0.977316,2.89643,0,1.16041
124.366077098,0.341744,0.463895,0,0.418589,2.87084,0.0149131,0.228172,0.000910727,1.12389,2.53898,0,1.37609
124.412517007,0.184435,0.307198,0.178966,0.599004,2.4436,0.0287422,0.354053,0,0.988472,2.35039,0.0616814,1.88854
124.458956916,0.194139,0.0903522,0.131451,0.546129,1.8658,0.154186,0.41021,0.0175819,0.946582,2.15273,0.575835,2.2328
124.505396825,0.175662,0.0137386,0.490502,0.196564,1.31859,0.648357,0.373857,0.0315002,0.316617,2.29969,0.644922,1.71328
124.551836735,0.105924,0.0453274,1.72019,0.204186,1.29136,0.563315,0.506204,0.0285831,0.221156,2.41013,0.34108,1.2053
124.598276644,0.00590674,0.124133,2.35114,0.156302,1.06723,0.19726,1.02073,0.118504,0.13973,2.55869,0.102835,0.777455
124.644716553,0,0.120908,2.49605,0.107856,1.00273,0.0969454,1.1744,0.168077,0.128949,2.57115,0.064136,1.00181
124.691156463,0,0.161683,2.54933,0.110201,0.95668,0.0501784,1.24371,0.00836131,0.116467,2.74641,0.0187649,1.23728
124.737596372,0.0166362,0.235267,2.4586,0.0498131,0.620041,0,1.27734,0.00620299,0.145761,3.03803,0.0129827,1.38903
124.784036281,0.0340984,0.276552,2.34794,0.0232144,0.717155,0,1.183,0.00640678,0.164287,3.16498,0,1.31275
124.830476190,0.0486415,0.280289,2.40423,0,0.751572,0,1.03781,0.00841101,0.241956,3.22782,0.0197362,1.20513
124.876916100,0.0450458,0.31913,2.42686,0.020238,0.656884,0,0.838662,0.00616539,0.32676,3.19223,0.0208915,1.03424
124.923356009,0.0500631,0.433249,2.60358,0.0171876,0.673579,0,0.819007,0.00623902,0.35068,2.9706,0.0194252,0.832894
124.969795918,0.000198413,0.445092,2.57883,0,0.707981,0,0.744409,0.147805,0.293633,2.75971,0.0138628,0.874211
125.016235828,0.113113,0.312438,2.87085,0.0707663,0.595349,0.00388615,0.856146,0.340504,0.110986,2.64952,0.0471971,1.00996
125.062675737,0.51496,0.177506,3.10962,0.157522,0.325664,0.0591798,1.07853,0.368759,0.126237,2.42102,0.0867945,1.06759
125.109115646,0.619922,0.16377,3.18011,0.169783,0.0560665,0.138053,1.08299,0.330987,0.24359,2.38097,0.0007255,1.1527
125.155555556,0.618303,0.391144,3.02569,0.126296,0.25721,0.124711,1.14909,0.242494,0.521585,2.40271,0.000562526,1.07563
125.201995465,0.695512,0.36865,2.7058,0.129488,0.301647,0.187226,0.634118,0.0747444,0.708095,1.91312,0.00229026,0.951871
125.248435374,0.529562,0.0492654,1.83974,0.193929,0.225464,0.670527,0.468299,0.0682736,0.737056,1.71771,0.185491,0.447102
125.294875283,0.295403,0.0456074,1.52677,0.232294,0.296103,0.517128,0.0396048,0.351075,0.496996,1.63735,0.62036,0.598825
125.341315193,0.169029,0.0599675,1.47425,0.516715,1.19061,0.275939,0.0100913,0.49472,0.387621,1.7044,0.690862,0.702601
125.387755102,0,0.0127475,1.38213,0.652191,1.81965,0.0207302,0.761884,0.258379,0.520759,2.68023,0.261475,0.411439
125.434195011,0,0.333958,1.52184,0.3823,1.93624,0.0251683,1.09192,0.0386888,0.620896,2.67674,0.118746,1.22803
125.480634921,0,0.60664,1.50536,0.0365507,1.96482,0.02593,0.877676,0,0.94566,2.12067,0.0494698,1.65836
125.527074830,0,0.367822,1.30282,0.0861467,1.75571,0.192954,1.04637,0,1.10427,2.11559,0.00475668,1.52989
125.573514739,0.454766,0.584866,1.07118,0.339889,1.01183,0.0010473,1.25171,0.253369,0.570495,2.34372,0.036906,1.22592
125.619954649,0.617211,1.18878,0.836624,0.426423,0.480991,0.04264,0.991817,0.436188,0.239332,2.4152,0.0715191,1.1564
125.666394558,0.456021,1.98966,1.06456,0.558795,0.103537,0.0812946,0.915758,0.432111,0.209238,2.00695,0.0430215,1.06095
125.712834467,0.172599,2.38818,1.2727,0.419005,0.0871108,0.118848,1.24562,0.367775,0.430842,1.47492,0.0173792,1.03596
125.759274376,0.109246,2.47264,1.30377,0.00684176,0.0751747,0.130907,1.60452,0.123629,0.648183,1.58243,0.00382577,0.859917
125.805714286,0.0907069,2.32154,1.44717,0.00934394,0.0583362,0.12357,1.80545,0,0.57307,1.89203,5.31971e-05,0.753197
125.852154195,0.0360837,2.41051,1.50315,0.011086,0.00936044,0.110904,1.96332,0,0.473001,2.06734,0.000200341,0.65133
125.898594104,0.0376729,2.47534,1.21748,0,0.0279229,0.115855,2.17435,0.169193,0.513165,2.14591,0.02689,0.244069
125.945034014,0.150995,2.67662,0.595188,0.00897027,0.0403844,0.196912,1.8586,0.270031,0.403333,1.76755,0.133507,0.843253
125.991473923,0.133735,2.77603,0.852777,0.0143158,0.246373,0.138283,1.77757,0.183076,0.699865,0.998196,0.142757,0.669359
126.037913832,0.21113,2.81843,0.814211,0.0178298,0.334226,0.153883,1.44444,0.209142,0.848119,0.558526,0.151251,0.594599
126.084353741,0.286091,2.80263,0.809013,0.0231152,1.35255,0.0864139,0.764428,0.251664,0.547653,0.389425,0.202146,0.529484
126.130793651,0.224449,2.6255,0.875256,0.0178721,1.96971,0.0809074,0,0.326094,0.630213,1.02664,0.375745,0.574826
126.177233560,0.00456234,2.04011,1.03254,0.0515158,2.09138,0.0134644,0.277189,0.22859,0.878715,1.23467,0.448257,0.309823
126.223673469,0,1.50106,1.14439,0.0140151,2.10825,0,0.622492,0,1.00348,1.71674,0.239019,0.306448
126.270113379,0,1.06394,1.23199,0.014577,1.83132,0.00923266,1.28333,0,0.85389,2.19324,0.134359,0.151557
126.316553288,0,0.923335,1.33447,0.190032,1.19054,0.113437,1.60805,0,0.603483,2.4776,0.168163,0.0882402
126.362993197,0,1.01449,1.50288,0.536254,0.475233,0.129484,1.69487,0,0.539054,2.38257,0.164238,0.0335442
126.409433107,0,1.55375,1.65241,0.821674,0,0.117348,1.87794,0,0.567609,2.09559,0.1423,0.00620974
126.455873016,0,2.02069,1.74754,0.816042,0,0.107046,2.22359,0,0.553832,1.73511,0.071667,0.000433271
126.502312925,0.359633,2.24321,1.4837,0.058121,0.399539,0.100019,2.31152,0.252697,0.25033,1.4768,0.0074582,0.379741
126.548752834,0.560414,2.15189,1.50747,0.109323,0.463383,0.103696,1.74556,0.319921,0.201461,1.423,0.00570932,0.997043
126.595192744,0.563893,2.09073,1.48471,0.121916,0.334679,0.118895,1.51509,0.328499,0.184512,1.36711,0.00961952,1.04373
126.641632653,0.59672,2.43644,1.34717,0.0738474,0.320569,0.130062,1.3108,0.281099,0.268155,1.40057,0.000752192,1.05277
126.688072562,0.647038,2.96051,1.08916,0.0175634,0.354141,0.0897604,1.13984,0.116129,0.390865,1.60017,0.0338913,0.869189
126.734512472,0.616355,3.03732,0.184413,0.0590923,1.05713,0.0360321,0.953583,0.00140398,0.212177,1.92904,0.0728218,0.698285
126.780952381,0.352681,3.18266,0.161127,0.206586,1.35625,0.36683,0.251211,0.053998,0.160323,1.76712,0.132013,0.26563
126.827392290,0.120933,3.04551,0.463616,0.32224,1.32454,0.15003,0.70885,0.16704,0.234334,1.66041,0.147957,0.211578
126.873832200,0.0964716,2.83629,0.823089,0.202471,1.70062,0.101641,1.29406,0.129569,0.341645,1.67843,0.142118,0.207971
126.920272109,0.0157753,2.44486,1.622,0.00820245,1.73336,0.0953027,1.36677,0.00256645,0.343751,2.43332,0.0765306,0.198555
126.966712018,0,2.07348,1.87546,0.0127094,1.73878,0,1.44333,0.00146433,0.497585,2.34681,0.000699713,0.239453
127.013151927,0,1.81704,1.87543,0.0136016,1.6013,0,1.22107,0,0.863073,2.22007,0.000417767,0.146104
127.059591837,0.20123,1.16762,1.72599,0.0278419,0.987687,0,1.23274,0.262161,0.795445,1.97102,0.0619666,0.341653
127.106031746,0.798497,0.897371,1.36407,0.0814398,0.540911,0,0.973273,0.528083,0.400704,2.06094,0.0748434,0.783803
127.152471655,0.744745,0.881816,0.864821,0.227969,0.384335,0,0.871599,0.604771,0.230766,2.08419,0.0574634,1.12181
127.198911565,0.5539,0.984927,0.851856,0.261672,0.577996,0,0.732448,0.586453,0.311581,2.75503,0.0280916,1.21167
127.245351474,0.398906,1.13638,1.6244,0.0132492,0.73472,0,0.460633,0.399219,0.627182,2.8592,4.97497e-05,1.08025
127.291791383,0.293839,1.0323,2.31894,0.0173233,0.758992,0,0.490179,0.00270346,0.857623,2.59248,0,1.1115
127.338231293,0.200165,0.704902,2.5166,0.0562511,0.793881,0,0.649758,0.00444492,0.9237,2.41291,0,1.24969
127.384671202,0.375907,0.790517,2.60875,0.0595246,0.839141,0,0.605677,0.00932068,0.951347,2.232,0,0.911943
127.431111111,0.107979,1.39428,2.06623,0.0698515,0.899934,0.143759,0.765908,0.0663836,0.607055,2.55428,0.096087,0.413606
127.477551020,0,1.81388,0.554922,0.0967778,1.30643,0.149958,0.95799,0.0724299,0.559091,2.99792,0.281185,0.314461
127.523990930,0.0356352,2.02371,0.192086,0.0875683,1.35649,0.0081695,0.876688,0.051721,0.646366,3.14822,0.155176,0.32896
127.570430839,0.0613037,2.29563,0,0.0258236,1.22981,0.0244278,0.898242,0.00927327,0.569763,3.44458,0.160254,0.134178
127.616870748,0.0577577,2.32774,0,0,1.12796,0.0311071,0.890221,0.00959393,0.273412,4.01583,0.111102,0.107753
127.663310658,0.0400143,2.34336,0,0,1.23598,0.0356271,0.906444,0.00723969,0,4.14762,0.0506212,0.15683
127.709750567,0,2.41525,0,0,1.41908,0.0374348,0.956344,0.014584,0,3.97817,0,0.200694
127.756190476,0,2.68304,0.0267941,0.00310826,1.39896,0.030721,0.957905,0.0382771,0,3.70454,0,0.135013
127.802630385,0,2.79067,0,0.0495798,1.14615,0.0293273,1.10919,0.0416149,0.070811,3.43537,0,0.0309129
127.849070295,0,2.56137,0,0,1.05798,0.0274603,1.14303,0.0519741,0,3.619,0,0.0257535
127.895510204,0.000458959,2.17014,0,0,1.07768,0.0256995,1.14457,0.054297,0,3.94413,0,0.000927611
127.941950113,0,2.01364,0,0,1.3326,0.0272903,1.3709,0.0511989,0,3.9033,0,0.00100261
127.988390023,0,1.8799,0,0.0131519,1.41286,0.0287348,1.41978,0.0600988,0,3.99169,0,0.00108203
128.034829932,0.217754,1.60797,0.592159,0.0352463,1.35923,0.0354469,1.18137,0.239869,0,3.71801,0,0.494815
128.081269841,0.28353,1.4686,1.1203,0.0291756,1.35047,0.0414062,0.978347,0.32768,0,3.25001,0.0030777,0.68709
128.127709751,0.287723,1.67643,1.00304,0.00755497,1.35689,0.0343559,1.05164,0.332413,0,2.9665,0,0.64775
128.174149660,0.390829,2.47292,0.0987191,0,1.38563,0.0381158,0.883037,0.233988,0.788746,2.71181,0.000329108,0.597363
128.220589569,0.307816,2.83722,0,0,1.04812,0.0536648,0.693299,0.0443437,1.31127,2.17535,0.0162543,0.284126
128.267029478,0.147375,2.30796,0,0.0083062,0.868839,0.157876,0.719424,0.0633713,1.24731,1.932,0.148032,0.204943
128.313469388,0.06486,2.19823,0.0802351,0.143151,0.683961,0.307118,0.898,0.0785073,0.970691,1.73338,0.461925,0.17885
128.359909297,0.0622749,2.80482,0.168541,0.224079,0.750062,0.324677,1.03433,0.0571149,0.645455,1.89669,0.377449,0.154352
128.406349206,0.0434553,3.48074,0.106462,0,1.00146,0.350641,1.56028,0.0967875,0.260767,2.45997,0.168171,0.143093
128.452789116,0,3.16061,0,0,0.959892,0.234899,2.34756,0,0.252333,2.84386,0.031631,0.181748
128.499229025,0,3.17338,0.335486,0,1.00652,0.0865159,2.31978,0,0.296871,2.50327,0,0.222474
128.545668934,0,2.74555,0.218416,0,1.21406,0.0306353,1.95688,0.324603,0.234311,2.1662,0.00261166,0.683898
128.592108844,0.415294,1.95534,0.122128,0.104914,1.57061,0.0400416,1.60275,0.616005,0.0174957,1.39356,0.0576997,1.97231
128.638548753,0.464012,1.20939,0.0122413,0.306573,1.773,0.0417103,1.36129,0.66445,0,1.05503,0,2.46109
128.684988662,0.422385,1.02245,0.0232684,0.302436,2.04035,0.036504,1.07918,0.620269,0,0.974037,0,2.87196
128.731428571,0.236225,1.13412,0,0.200445,2.22357,0.0325213,1.16577,0.449414,0,1.05798,0,3.26413
128.777868481,0.155965,1.25075,0.0549106,0.146272,2.28524,0.0328775,1.54663,0.0379335,0,1.14504,0,3.29928
128.824308390,0.122423,1.22122,0.0367955,0.155913,2.22415,0.0327642,1.63867,0.0267942,0.00143012,1.50138,0,3.3111
128.870748299,0.154838,1.01034,0.0853658,0.146192,2.24735,0.0344559,1.54532,0.01718,0.00266544,1.5305,0,3.32578
128.917188209,0.0890089,0.975754,0.249449,0.305108,2.44016,0.0612518,1.62809,0,0.0694168,1.07474,0,2.88154
128.963628118,0,0.858922,0.160999,0.20097,2.17148,0.148347,1.26993,0.00622584,0.0811421,0.831764,0.146066,2.92073
129.010068027,0,0,0.554956,0.222596,1.69061,0.0570864,0.823699,0.0549383,0.350816,0.139222,0.164399,3.03086
129.056507937,0.0570593,0,0.47454,0.189545,1.63766,0.0339179,0.443014,0.161716,0.339021,0.125606,0.200766,3.24854
129.102947846,0.102475,0.0174504,0.315723,0.15411,2.50674,0.0466954,0.521151,0.159018,0.116732,0.179739,0.175883,2.92927
129.149387755,0.0700959,0.0288096,0.0439065,0.283383,2.95134,0.00984444,0.448871,0.0786289,0.0566579,0.406404,0.210771,2.75012
129.195827664,0.013793,0.0451576,0.00225252,0.248589,3.17308,0.0142836,0.481243,0.0304058,0.594231,0.216359,0.265264,2.5327
129.242267574,0,0.127013,0,0.244925,3.09427,0.0110945,0.539335,0,0.701358,0.111668,0.376837,2.53092
129.288707483,0,0.490008,0,0.213504,3.03741,0.0099375,0.505147,0,1.4539,0.183204,0.28244,2.73452
129.335147392,0,0.453848,0,0.186042,3.2522,0.00867617,0.467769,0,1.47554,0.352495,0.0603763,3.16317
129.381587302,0,0.230094,0,0.205209,3.32367,0.0113389,0.50308,0.000376061,1.26055,0.348898,0.0166814,3.24527
129.428027211,0,0,0,0.232307,3.27058,0.0133698,0.517001,0.000439918,1.25286,0.227069,0,3.26882
129.474467120,0,0,0,0.255494,3.19163,0.0126729,0.50988,0.0656157,1.2685,0.192485,0.00738595,3.14614
129.520907029,0.11559,0,0.263348,0.199911,2.71913,0.0139886,0.396066,0.241548,1.28053,0.204102,0.0319324,2.88088
129.567346939,0.359419,0,0.634252,0.197418,2.50989,0.0679188,0.297756,0.279049,1.29879,0.151673,0.0362132,2.84112
129.613786848,0.420296,0,0.655532,0.304185,2.43602,0.0573356,0.229272,0.419857,1.3683,0.290382,0.0243724,2.69891
129.660226757,0.402234,0,0.365796,0.422457,2.60035,0.0170295,0.10297,0.305861,1.30671,0.228693,0.0496279,2.71396
129.706666667,0.204593,0.120024,0,0.308719,2.90569,0.073805,0.0992803,0.021172,0.956234,0.412897,0.00369952,2.88595
129.753106576,0.198545,0.221164,0.0927281,0.261739,2.46131,0.747727,0.119619,0.00322954,0.271698,0.563288,0.0298353,3.01757
129.799546485,0.120442,0.284842,0.0636821,0.196069,2.23514,0.931354,0.166014,0.0500252,0.0807434,0.50306,0.0769886,3.05602
129.845986395,0.133893,0.258973,0.0997425,0.169804,2.19416,0.760033,0.194917,0.07831,0.18475,0.154814,0.128395,3.21928
129.892426304,0.124496,0.393424,0.0380278,0.144619,2.97071,0.0578519,0.252435,0.00389484,1.05648,0.193252,0.109864,2.9297
129.938866213,0.0225678,0.772967,0,0.144622,3.6823,0.0161782,0.0814271,0.0060661,2.13053,0.258778,0.0431843,2.35805
129.985306122,0,0.828325,0.036732,0.0750649,3.66736,0.00867346,0.0434483,0.00561888,2.66382,0.284211,0,2.04406
130.031746032,0,0.672271,0.0122722,0.151794,3.20722,0.00280729,0.0632614,0.00804581,2.64745,0.199527,0,2.26436
130.078185941,0.490314,0.861635,0.0815125,0.185204,2.84427,0.00892462,0.171662,0.430327,1.84217,0.0534794,0.0903849,1.98858
130.124625850,0.628621,0.541176,0.315754,0.17184,2.64425,0.0119474,0.37944,0.631196,1.39267,0.0497944,0.0939149,2.04574
130.171065760,0.518181,0.400134,0.329018,0.176335,2.60926,0.0163574,0.303935,0.680727,1.27913,0.052565,0.0525376,2.46444
130.217505669,0.485019,0.438239,0.217109,0.151527,2.6821,0.0277558,0.0786429,0.591021,1.60382,0.000263428,0.0185903,2.76109
130.263945578,0.400093,0.496136,0,0.220825,2.56985,0.0425687,0.0552145,0.165868,2.17744,0,0,2.94079
130.310385488,0.287805,0.767118,0,0.200323,2.49592,0.0434565,0,0.00454687,2.29365,0.000201541,0.0014465,2.94848
130.356825397,0.262778,0.747255,0,0.163884,2.48327,0.0409108,0.0245567,0.00444099,2.29438,0.0427995,0.0735492,2.80357
130.403265306,0.191373,0.539508,0.154192,0.296956,2.10613,0.0384979,0.16737,0.00240055,2.00821,0.334284,0.23387,2.90591
130.449705215,0.154093,0.260122,0.111166,0.140693,2.15851,0.0360198,0.240067,0.0246194,1.81446,0.188974,0.773914,2.86077
130.496145125,0.113753,0.0924435,0.122602,0.162266,1.48125,0.678792,0.575331,0.0515476,1.93535,0.589108,0.823117,2.50041
130.542585034,0.0965506,0.0396515,0.33142,0.270109,1.26676,0.973604,0.789673,0.0419918,1.66619,0.702743,0.643645,1.84489
130.589024943,0.0290008,0.0051874,0.348816,0.439267,1.51851,1.0037,0.49922,0.0722673,1.26786,0.501814,0.303574,2.14795
130.635464853,0,0.152548,0.247862,0.449752,2.40286,0.307417,0.301359,0.134286,1.15909,0.193051,0.107921,2.02497
130.681904762,0.0162318,0.176027,0.244199,0.0620408,2.34002,0.0653231,0.376137,0.0216872,1.48026,0,0.259331,2.18005
130.728344671,0.0370239,0.120367,0.253539,0.000794362,2.03307,0,0.403962,0,1.62769,0,0.0187461,2.44069
130.774784580,0.0494078,0.0149089,0.258636,0.0091331,1.81466,0.0175473,0.359502,0,1.98535,0,0.000468578,2.40427
130.821224490,0.0386236,0.123614,0.235004,0.00668433,1.3898,0.0716933,0.339595,0,2.35424,0,0.0395372,2.47076
130.867664399,0.0322358,0.269954,0.224686,0.213439,0.632609,0.05654,0.38369,0,2.61159,0,0.131229,2.75329
130.914104308,0.0361404,0.341704,0.247394,0.311184,0.339887,0.0827359,0.581756,0,2.46037,0,0.116753,2.9931
130.960544218,0.038614,0.306014,0.255097,0.133743,0.538237,0.160662,0.694266,0,2.0847,0,0.0409068,3.04447
131.006984127,0.000272224,0.222181,0.239709,0.0620287,0.823034,0.164423,0.71921,0,1.64679,0,0.0146586,3.08206
131.053424036,0.00013373,0.319023,0.21832,0.0149995,0.857602,0.34029,0.69724,0,1.25303,0,0.0557552,3.13118
131.099863946,0.0399702,0.354582,0.204016,0,0.667092,0.492046,0.662771,0,0.981216,0,0.119519,3.09848
131.146303855,0.0396691,0.27015,0.187131,0.0153267,0.561364,0.550332,0.727444,0,0.83529,0,0.149704,2.91744
131.192743764,0.000118317,0.210874,0.162194,0.0223306,0.614799,0.510456,0.836337,0.000679652,0.816682,0,0.186278,2.8725
131.239183673,0.0460459,0.129456,0.139349,0.0476627,0.70163,0.399376,0.933492,3.97809e-05,0.910151,0,0.266298,2.95563
131.285623583,0.0538395,0.0403761,0.182538,0.0813853,0.842789,0.296617,0.931468,0,1.3273,0,0.311238,2.98849
131.332063492,0.0453281,0.031609,0.21063,0.244036,1.04122,0.175753,0.752349,0,1.71368,0,0.24374,2.79638
131.378503401,0.0367585,0.13807,0.228966,0.412462,1.14235,0.20041,0.774856,0,1.59175,0,0.123887,2.09637
131.424943311,0.0691282,0.112848,0.234724,0.332582,1.2809,0.295648,0.745277,0,1.69908,0,0.0905909,1.68811
131.471383220,0.0550136,0.189078,0.247757,0.232216,1.40841,0.408311,0.686445,0,1.895,0,0.0383322,1.8689
131.517823129,0.0491324,0.29714,0.26575,0.22618,1.64086,0.368844,0.518533,0.0300554,1.68918,0,0.183088,2.27245
131.564263039,0.000361565,0.823814,0.278279,0.219414,1.33131,0.291879,0.583917,0,1.30475,0,0.185687,2.47954
131.610702948,0.2212,0.873472,0.279612,0.139669,0.882667,0.0987221,0.588325,0.065851,0.966792,0.00321293,0.282982,2.34588
131.657142857,0.549479,1.91674,0.266563,0.0933933,0.850794,0.0412331,0.724874,0.190903,0.78712,0.0650066,0.273358,1.67073
131.703582766,0.405355,2.73842,0.213844,0.0710862,0.985923,0.0527525,0.538893,0.270662,0.995192,0.00583174,0.205109,0.808356
131.750022676,0.0416699,3.32928,0.0434043,0.0192761,1.00174,0.138163,0.418219,0.279683,1.07983,0.00039225,0.0751438,0.517061
131.796462585,0.052775,3.35388,0.000675795,0.0177139,1.07832,0.0986793,0.455959,0.0634725,1.23546,0.00310496,0.0171695,0.511519
131.842902494,0.0262805,3.11636,0.00038834,0.0675538,1.33209,0.0668849,0.311411,0.0976986,1.36067,0.00845526,0.0172391,1.34437
131.889342404,0.0234804,2.25224,0,0.183882,1.19467,0.0214956,0.545317,0.065918,1.37797,0.114275,0.0503523,2.30588
131.935782313,0.000220641,0.721854,0.530311,0.332099,0.181082,0.206326,0.625431,0,1.0324,0.650348,0,3.10299
131.982222222,0.0242882,0.0718802,0.80739,0.505306,0.367502,0.296085,0.700546,0,0.804844,0.574486,0.0171408,3.08042
132.028662132,0.0161475,0.000161656,0.989652,0.447957,0.314072,0.238447,0.899887,0.00342524,0.693713,0.572726,0.0140777,3.03316
132.075102041,0.00293552,0,1.01511,0.358944,0.292805,0.0565645,1.14176,0,0.564166,0.580988,0.0207166,3.138
132.121541950,0.000564325,0.28302,1.09852,0.219815,0.340181,0.0056823,1.14147,0,0.188544,1.51242,0.041938,2.31262
132.167981859,0.000615134,0.493844,1.15344,0.25382,0.731798,0.0362831,1.11562,0.00200644,0,2.32323,0.000488714,0.96929
132.214421769,0.000382175,0.751774,1.20528,0.258473,0.863838,0.0685728,1.0759,0.0108082,0,2.90448,0.000161062,0.441447
132.260861678,0,1.09288,1.17251,0.166446,0.905048,0.0471739,1.02322,0.0129107,0,3.40806,0,0
132.307301587,0,1.4996,1.32086,0.00989158,0.834289,0.0103286,0.948846,0.0292961,0,3.42726,0,0.0528653
132.353741497,0,1.80429,1.60495,0.0118629,0.515742,0.0057809,1.11814,0.0459045,0,3.31514,0,0.116402
132.400181406,0,2.1263,1.71255,0.0174974,0.26486,0.0221857,1.27748,0.0139632,0,3.26728,0,0.0414153
132.446621315,0,2.34187,1.72233,0.0169621,0.330278,0.0708187,1.248,0.0119657,0.0245149,3.12087,0,6.67564e-05
132.493061224,0,2.20242,1.75503,0.0397394,0.393716,0.0477612,1.27588,0.0267506,0.205871,2.88384,0,0.000317527
132.539501134,0,1.82485,1.8142,0.0846779,0.349061,0.0377864,1.22444,0.0290551,0.893341,2.54918,0,0.14711
132.585941043,0,1.43522,1.76848,0.113655,0.268483,0.111541,0.963458,0.0363388,1.35585,2.14919,0,0.309282
132.632380952,0.000409009,1.11257,1.66738,0.126949,0.308382,0.12765,0.872423,0.0166917,1.63599,1.93694,0,0.297112
132.678820862,0.000390578,0.699374,1.63075,0.0996983,0.576307,0.0997176,1.0544,0.0160286,1.56961,2.27709,0,0.181076
132.725260771,0.000334457,0.759638,1.60364,0.0503077,0.701818,0.0172787,1.25206,0.0187311,1.08555,2.79699,0,0.0907552
132.771700680,0.000233891,1.08413,1.26249,0.0331589,0.746139,0.00659251,1.39049,0.0183768,0.527456,3.06526,0,0.0615126
132.818140590,0.000135003,1.30593,1.03548,0.0791471,0.838858,0.00198537,1.46022,0.0282695,0.505177,3.07582,0,0.138087
132.864580499,0.000252479,1.3946,0.843045,0.11885,0.910196,0,1.42021,0.0373918,0.897676,2.71089,0,0.432472
132.911020408,0,1.24054,0.685471,0.0829633,0.77502,0,1.51849,0.0672304,1.56723,2.30589,0,0.605756
132.957460317,0,1.21946,0.866536,0.131945,0.783338,0,1.30988,0.0549279,2.17719,1.2914,0,0.569245
133.003900227,0,1.20465,0.941796,0.13653,0.653459,0.0062706,1.09068,0.0491891,2.28561,0.880005,0,0.672672
133.050340136,0,0.991694,0.912671,0.12128,0.234246,0.229735,1.19099,0.0478567,2.16464,0.98561,0,1.00573
133.096780045,0,0.731567,1.25777,0.087625,0.00115152,0.394666,1.55434,0.0440253,1.95636,0.993892,0.000849188,1.14563
133.143219955,0.00277839,0.940773,1.34646,0.0860365,0,0.348721,2.32329,0.170389,1.51736,0.826633,0.00156688,1.11881
133.189659864,0,1.44041,1.18767,0.220823,0,0.184736,3.12173,0.0529599,1.0435,0.618326,0.00265018,1.05895
133.236099773,0.0128296,1.52801,1.10227,0.299205,0.0347582,0,3.7446,0.0620489,0.750433,0.739214,0.00443532,0.968953
133.282539683,0.00016052,1.25373,1.32603,0.238683,0.993499,0,3.65826,0.0390934,0.465305,0.687326,0.00227355,0.969026
133.328979592,0.000363571,1.00614,1.51659,0.041058,1.66227,0.00563604,3.09021,0.0130627,0.725783,0.331907,0.000653085,0.96702
133.375419501,0.000520628,0.680223,1.5929,0.0714854,1.75336,0.00194945,2.51156,0.0344889,1.07674,0.706229,0.000769321,0.383432
133.421859410,0.000139845,0.508376,1.52371,0.035758,1.91783,0.0049513,1.73313,0.202941,1.21604,1.39127,0.0643684,0.243168
133.468299320,4.77703e-05,1.0995,1.30333,0.00148608,1.58445,0.0834595,0.678651,0.0884356,0.820884,2.19923,0.365715,0.356501
133.514739229,6.34009e-05,1.64533,1.3289,0.0624959,1.03786,0.249,1.07978,0.0440154,0.505271,2.53384,0.281526,0.599545
133.561179138,9.2583e-05,1.88416,1.38837,0.0686294,0.773209,0.260193,1.39235,0.0456519,0.520391,2.73715,0.21979,0.600147
133.607619048,0.000274381,1.9951,1.31276,0,0.403146,0.16512,1.51348,0.0165873,0.431948,3.00936,0.0511699,0.599114
133.654058957,0.000572971,2.15597,0.818993,0,0.184052,0.0470194,1.60294,0.0216586,0.338364,3.37233,0.0495208,0.354691
133.700498866,0.000473158,2.25838,0.406067,0,0.376901,0,1.60998,0.0246824,0.31434,3.641,0.068883,0.0468114
133.746938776,0.0021526,2.32443,0.311214,0,0.571204,0,1.47493,0.0210817,0.284424,3.91447,0.125573,0.0149034
133.793378685,0.00258515,2.32537,0.300099,0.00433234,0.59874,0.00180461,1.21512,0.014185,0.175704,4.2506,0.137657,0.0436055
133.839818594,0.000234158,2.38636,0.338833,0.00697677,0.562141,0.00401028,1.13674,0.0130217,0.0580202,4.33328,0.130645,0.0440653
133.886258503,0,2.52229,0.369032,0.00079097,0.330271,0.0219438,1.35159,0.0234132,0.0312882,4.18832,0.133952,0
133.932698413,0,2.52117,0.520076,0.00300436,0.275288,0.057806,1.79586,0.00781631,0.0964621,3.93683,0.0818416,2.85779e-05
133.979138322,0.00465938,2.35258,0.448935,0.0266393,0.239621,0.0880416,2.04225,0.00931267,0.187186,3.7965,0.0125787,0.00182861
134.025578231,0.0145243,2.14054,0.304526,0.083561,0.271466,0.070621,1.95939,0.0559496,0.240706,3.85978,0.0175247,0.0136693
134.072018141,0.0156166,1.91149,0.349661,0.0911846,0.455106,0.0715042,1.60215,0.0425025,0.282274,3.79409,0.0227421,0.0622117
134.118458050,0.0151103,1.45241,0.467371,0.105037,0.886431,0.0665514,1.33414,0.01755,0.33057,3.50176,0.0986294,0.0920037
134.164897959,0.0117649,1.39718,0.567841,0.0979449,1.0841,0.0652331,1.0971,0.0146992,0.398605,3.1371,0.136089,0.0999592
134.211337868,0.0322469,1.33347,0.3911,0.012699,1.66893,0.00602938,1.14854,0.0141446,0.388374,3.05113,0.0337692,0.0472361
134.257777778,0.194474,1.1981,0.366297,0.0034878,1.74667,0.268016,1.26704,0.0138258,0.267326,2.94217,0,0.11741
134.304217687,0.20258,1.10502,0.410399,0.00140115,1.52565,0.738459,2.01754,0,0.0382804,2.55289,0,0.0456607
134.350657596,0.233712,0.927609,0.412551,0,1.0378,0.868005,2.60742,0.000929815,0.0375212,2.19871,0,0.0625512
134.397097506,0.324311,0.867353,0.317595,0,0.255903,0.519642,3.34333,0.00558567,0.0332548,2.18094,0,0.0238132
134.443537415,0.291616,1.20804,0.272318,0,0.0104477,0.0714341,3.61291,0.00855533,0.0320626,2.30662,0,0.0478059
134.489977324,0.145898,1.3443,0.267212,0,0.0665615,0.0373637,3.6074,0.00716371,0.117574,2.47105,0,0.109651
134.536417234,0.0801626,1.19121,0.360205,0.128696,0.10106,0.17579,3.33263,0.0168472,0.385554,2.41008,0,0.142466
134.582857143,0.0357127,1.25886,0.460235,0.148639,0.0822898,0.815003,2.70037,0.0261022,0.44208,2.29106,0.000762694,0.128266
134.629297052,0.028226,1.16976,0.449813,0.150171,0.742024,0.616712,2.70032,0.00387975,0.453653,2.02917,0.000842307,0.0603413
134.675736961,0.0182284,1.08144,0.422141,0.147297,0.968441,0.409974,2.75435,0.00323807,0.496617,1.84728,0.000153966,0.0956926
134.722176871,0.0126024,1.35187,0.543181,0.130481,1.15618,0.168071,2.8838,0.00148191,0.416033,1.72891,0,0.151934
134.768616780,0.059276,1.67537,0.663481,0.0427276,1.23694,0.0242655,3.01092,0,0.0247479,1.61985,0.00219788,0.234268
134.815056689,0.128185,1.67083,0.780494,0.0162376,1.10388,0.0544465,2.70125,0.0228904,0.00245386,1.71454,0.0231183,0.221701
134.861496599,0.158012,1.29884,0.868862,0.00685158,0.977724,0.176689,2.61048,0.0518028,0.0168285,2.01323,0,0.0505201
134.907936508,0.12638,0.953386,0.507567,0.0120721,0.848661,0.279008,2.44379,0.043216,0,2.98108,0,0.0465858
134.954376417,0.0406974,1.02523,0.00147655,0,0.671899,0.45275,1.14291,0.0163163,0.142582,3.58015,0.36305,0.103768
135.000816327,0.0393391,0.557178,0.0026715,0.060998,1.64556,0.250709,0.914143,0.0130998,0.185386,3.37937,0.341232,0.574084
135.047256236,0.0189731,0.123922,0.0603072,0.0614001,2.19036,0.558819,0.715126,0.0230035,0.202235,3.36061,0.172762,0.769187
135.093696145,0.000656656,0.174173,0.073768,0.0162223,2.38669,0.664313,0.676078,0.0375179,0.421938,3.22876,0.0592785,0.767206
135.140136054,0.000654956,0.213297,0.123262,0.00663201,2.44876,0.406167,0.643154,0.0389732,0.538522,3.28923,0.0510546,0.66181
135.186575964,0.000586769,0.105372,0.000226467,0.00975341,2.43731,0.110079,0.544672,0.0284654,0.56225,3.52438,0.0475726,0.791624
135.233015873,0.000520464,0.0907409,9.00426e-06,0.0698936,2.4104,0.00218605,0.32322,0.0148993,0.380311,3.65656,0.0130333,1.03842
135.279455782,0.000386904,0.140572,0,0.140385,2.4503,0.021372,0.180266,0.00748492,0.650707,3.59432,0,1.17053
135.325895692,0,0.189948,0,0.130321,2.67627,0.0320092,0.168209,0.0369732,1.16691,3.41553,0,1.24093
135.372335601,0,0.249916,0,0.117361,2.65498,0.0260978,0.273769,0.0540798,1.28522,3.16912,0,1.3144
135.418775510,0.0023303,0.382359,0.0808263,0.144493,1.9323,0.0292797,0.341365,0.0791065,1.11664,3.09805,0.0131969,1.70097
135.465215420,0,0.479573,0.0961678,0.135285,1.53413,0.0333224,0.37307,0.0464501,0.984037,3.20187,0,1.76683
135.511655329,0,0.349851,0.196055,0.0720959,1.37075,0.0205897,0.294324,0.319698,0.915326,3.2849,0.000138744,1.76504
135.558095238,0,0.255977,1.04549,0.0405279,1.3658,0.0137626,0.0288738,1.46333,1.02527,2.82442,9.34995e-05,1.49005
135.604535147,0,0.183386,1.84729,0.0155709,1.33169,0.00472715,0.0101808,2.03551,0.993035,2.03843,2.56382e-05,0.917734
135.650975057,0,0.289691,2.69024,0.0578643,1.24159,0.00866963,0,2.18482,1.05613,1.28902,0.00581825,0.175016
135.697414966,0,0.30533,2.7423,0.137247,0.835697,0.029072,0.0433638,1.91016,1.57524,0.909163,0,0.150434
135.743854875,0,0.207375,1.95521,0.18937,1.13582,0.0308915,0.0599502,1.18384,1.93777,1.0272,0,0.523811
135.790294785,0,0.0929822,1.30794,0.241603,2.60615,0.0274914,0.0495112,0.429492,1.90546,1.19126,0,0.562625
135.836734694,0,0,0.396104,0.178567,3.5601,0.0262556,0.293016,0.328462,2.0741,0.846221,0,0.528944
135.883174603,0,0.141521,0.00175466,0.192427,3.70411,0.02459,0.562026,0.254814,1.83131,0.555059,0.0297235,1.06379
135.929614512,0,0.259626,0.0503803,0.136734,3.56705,0,1.22714,0.0882405,1.8888,0.278064,0.0498076,1.31151
135.976054422,0,0.283274,0.0805995,0.0596317,3.50778,0,1.54105,0.0821073,1.74457,0.388596,0.0261356,1.33832
136.022494331,0,0.263099,0.0986291,0.0497715,3.46098,0,1.56891,0.0485167,1.52057,0.435025,0.00522986,1.39183
136.068934240,0.00650931,0.00487918,0.303988,0.0782891,3.5725,0.0172804,1.41174,0.0552931,1.61583,0.55592,0.000484274,1.68221
136.115374150,0.0831152,0,0.933583,0.0844189,3.42292,0.0442262,0.710185,0.0604716,1.61805,0.667908,0,1.77521
136.161814059,0,0.196406,1.14493,0.0746799,2.67366,0.195627,0.287428,0.0121605,1.5141,0.544529,0,2.10959
136.208253968,0,0.720769,1.16147,0.0584027,2.74835,0.195294,0.187284,0.00186726,1.83363,0.443193,0,1.98317
136.254693878,0,0.941605,1.38852,0.0165052,2.95596,0.0940312,0.0105804,0.00212611,1.76045,0.395269,0,1.74976
136.301133787,0,0.950545,1.54797,0.00425011,2.80087,0.0590373,0.00868301,0.0427389,1.31862,0.427749,0,1.57285
136.347573696,0,0.616749,1.24357,0.0352408,3.49949,0.031758,0.0162412,0.417963,1.05727,0.403486,0,1.57144
136.394013605,0,0.136822,0.955994,0.000737352,4.0244,0.00192697,0.0148364,0.901166,0.743178,0.149171,0,1.60175
136.440453515,0.0155632,0,0.63246,0.0170941,4.2016,0.0422042,0,0.91499,0.865765,0.302291,0,1.53429
136.486893424,0.0598445,0.125637,0.138178,0.070125,4.03482,0,0,0.653821,1.13395,1.06903,0.0565844,1.26136
136.533333333,0.0476704,0.061989,0.622687,0.0837095,3.9081,0.00637106,0,0.15263,1.10196,1.17453,0.0693952,0.958628
136.579773243,0.0164441,0,0.984744,0.0801464,3.74054,0.0109667,0.278782,0.0930678,0.898706,1.18979,0.0597698,1.07217
136.626213152,0,0,1.12522,0.0468378,3.53551,0.0121354,0.639373,0.100348,0.671318,1.43085,0.0663016,1.50428
136.672653061,0,0.00233662,1.25707,0.0720806,3.37888,0,0.848592,0.0418637,0.688712,1.61122,0.0841225,1.87989
136.719092971,0.000165169,0.00261894,1.40579,0.0308461,3.34571,0,0.839466,0.0319241,0.743294,1.40784,0.0854766,2.13639
136.765532880,3.58146e-05,0.00201912,1.54012,0.014813,3.41555,0,0.660159,0.0305025,0.729603,1.24531,0.0838242,1.90034
136.811972789,0,0.000908082,1.69358,0.00156235,3.30374,0,0.349124,0.120666,0.779552,1.54855,0.0906045,1.40656
136.858412698,0,0,2.16605,0.00697795,2.89786,0,0.54366,0.0613959,0.749314,2.13502,0.0884263,1.14931
136.904852608,0,0,2.82176,0.0065591,2.03879,0,0.68514,0.0214338,0.605012,2.53405,0.10401,0.762306
136.951292517,0.000344054,0.00430316,3.23259,0.00726334,1.13195,0.0594859,0.885457,0,0.299526,2.75521,0.120652,0.736672
136.997732426,0.000519276,0.0262484,3.28574,0.0572849,0.807477,0,1.19973,0.000837973,0.157346,2.47266,0.461056,0.627367
137.044172336,0.00096797,0.629772,2.67982,0.039194,0.55972,0,0.941677,0.00738895,0.329543,1.98033,0.678177,0.664753
137.090612245,0.00744571,1.37262,1.62091,0.0315039,0.713524,0,0.838304,0.00657486,0.563706,1.97787,0.64141,0.559135
137.137052154,0.00888349,1.80912,1.1128,0.00521847,0.927401,0.00132101,0.743707,0.0321081,0.746745,1.93255,0.575864,0.405234
137.183492063,0.00459887,2.19208,0.955277,0,1.19229,0,0.529988,0.274976,0.812058,1.96446,0.483173,0.45969
137.229931973,0,1.94767,1.23205,0.126093,1.14162,0,0.641633,0.218212,1.12965,1.87486,0.377493,1.43793
137.276371882,0.0349813,1.01655,1.38612,0.151185,0.922772,0,1.04207,0.117256,1.26711,1.80954,0.191607,2.0329
137.322811791,0.0755304,0.490878,1.4959,0.16415,0.922041,0,1.09715,0,1.10742,1.68662,0.0901782,2.60403
137.369251701,0.0519145,0.386906,1.39027,0.214896,1.00163,0,1.28575,0.00219962,0.850681,1.62706,0.0832014,2.82936
137.415691610,0.0297612,0.317705,1.31542,0.249933,1.08171,0,1.38124,0.00919275,0.515106,1.60033,0.0878172,2.75802
137.462131519,0.00906709,0.194212,1.39604,0.244087,1.32403,0,1.38473,0.0118153,0.222654,1.46615,0.0873423,2.73445
137.508571429,0,0.0606285,1.43733,0.165944,1.34069,0,1.43885,0.00957235,0.220705,1.43434,0.0773193,2.83311
137.555011338,0.000197283,0.800747,1.35121,0.157565,1.07761,0.249582,0.744703,0.00221445,0.264932,1.49523,0.415722,2.43856
137.601451247,0.000441572,1.86707,1.20459,0.175205,0.266077,0.256887,0.491214,0.00213782,0.301985,1.56233,0.708511,1.6534
137.647891156,0.000555097,2.16358,1.14234,0.155637,0.291828,0.19354,0.266985,0.00288719,0.374826,1.25206,0.640069,1.43844
137.694331066,0.000621806,2.2234,1.12376,0.196671,0.235384,0.156359,0.128072,0.00379232,0.406108,1.19536,0.461336,1.45502
137.740770975,0.000579889,2.1174,1.0472,0.234791,0.244291,0,0.301582,0.0124888,0.491349,1.08459,0.286039,1.32066
137.787210884,0.000610513,2.17504,1.04716,0.223685,0.356865,0,0.375129,0.00321942,0.368457,0.893928,0.559053,1.24571
137.833650794,9.1006e-05,1.76623,0.910583,0.190824,0.365406,0,0.46941,0.168048,0.317745,1.02561,0.69904,1.18402
137.880090703,0.0475543,1.41207,0.853916,0.180877,0.36463,0.00474735,0.430404,0.234833,0.367991,1.20217,0.653589,1.153
137.926530612,0.0457751,0.805822,1.00567,0.161662,0.246244,0.0906134,0.793538,0.158713,0.432983,1.04163,0.465055,2.06489
137.972970522,2.28275e-05,0.236086,1.05588,0.137424,0.573483,0.15559,1.35741,0.2159,0.225805,0.516635,0.136801,2.80591
138.019410431,5.32495e-05,0.245942,1.09514,0.0722783,0.88725,0.157807,1.59136,0.273617,0.27655,0.306561,0.0224984,2.89696
138.065850340,4.46853e-05,0.311924,1.21426,0.0442436,0.423507,0.11458,1.94206,0.297274,0.326267,0.343669,0,2.92698
138.112290249,0,0.228928,1.6684,0.0735182,0.080289,0.0543627,1.92285,0.173552,0.302548,1.25431,0,2.74692
138.158730159,0,0.247049,1.82521,0.0374362,0.618364,0.0128564,1.60409,0.132297,0.268487,2.36323,0.00829013,1.9352
138.205170068,3.13457e-06,0.275909,1.80603,0.0792059,1.10887,0.00930718,1.25515,0.036511,0.0630116,3.17283,0.030994,0.948427
138.251609977,0.000225014,0.509441,1.63791,0.0556583,1.2817,0.00236482,1.24652,0.0279676,0,3.23862,0.0247472,0.165519
138.298049887,5.49416e-05,1.30457,1.18015,0.00329927,0.945916,0,1.45218,0.0191278,0,3.33737,0.0213583,0.0704767
138.344489796,0,1.70608,1.20088,0.00747924,0.45996,0,1.65572,0.0598257,0,3.30869,0.01495,0.0158288
138.390929705,0,1.96388,1.3827,0.0249529,0.270465,0.0450395,1.71282,0.0480824,0,2.89442,0.00996348,0.0191463
138.437369615,0,2.09822,1.38496,0.0172773,0.220719,0.0779123,1.75379,0.0754886,0.0155482,2.43994,0.0318419,0.0524203
138.483809524,0,2.04232,1.36114,0.0180441,0.200006,0.0749126,1.7475,0.0611412,0.128059,2.3967,0.0408067,0.077266
138.530249433,0,1.54982,1.36541,0.0493077,0.267804,0.0292189,1.77224,0.050558,1.19885,1.97032,0.00765033,0.0686324
138.576689342,0,1.18994,1.30969,0.084937,0.310369,0,1.78688,0.0932276,1.71865,1.313,0.137496,0.177447
138.623129252,0,1.02061,1.19125,0.111188,0.224582,0,1.66859,0.177439,1.89685,1.31511,0.198552,0.377239
138.669569161,0,0.682476,1.1202,0.0941511,0.346046,0,1.6934,0.17626,1.81318,1.89585,0.213917,0.623802
138.716009070,0,0.698833,1.18777,0.0417579,0.557985,0,1.59914,0.123105,1.32903,2.65846,0.175701,1.00068
138.762448980,0,0.781644,1.10513,0,0.731117,0,1.42415,0.104307,0.849004,3.04141,0.110873,1.36487
138.808888889,0,0.914377,1.06765,0,0.748847,0,1.25616,0.0974613,0.812972,3.01878,0.041242,1.32398
138.855328798,0,0.95909,1.11427,0,0.740953,0,0.942909,0.000571415,1.04412,2.94053,0.0577896,1.05476
138.901768707,0,0.515994,1.06676,0.0117933,0.637652,0.00356423,1.18385,0.00435771,1.62109,2.22085,0.0397066,0.982813
138.948208617,0,0.57907,1.01283,0.113736,0.576203,0,1.17345,0.0238539,2.09448,1.07565,0.0837691,1.04894
138.994648526,0,0.723116,0.946215,0.144898,0.254431,0.00267755,0.918543,0.0128599,2.3457,0.639557,0.136599,1.13276
139.041088435,0,0.868669,0.914177,0.116765,0.0792294,0.212786,0.826451,0.0111038,2.34147,0.45268,0.055545,1.37383
139.087528345,2.78702e-05,1.0363,1.07348,0.0711563,0.114957,1.0694,0.996449,0.00401454,1.88548,0.320626,0.0555829,1.43903
139.133968254,0,1.34424,1.2102,0.0538343,0.112548,0.923647,2.09442,0.00233945,1.36386,0.264604,0.0534647,1.40979
139.180408163,0.000211293,1.61554,1.15848,0.0602664,0.0406117,0.504393,3.01381,0.00241704,1.10048,0.38499,0.0611774,1.05669
139.226848073,4.76954e-05,1.70989,1.04321,0.0186995,0,0.143859,3.62643,0.076156,0.848648,0.402066,0.0599274,0.633493
139.273287982,1.38196e-05,1.93799,1.10266,0,0.899792,0.0964907,3.47664,0.125796,0.697603,0.174961,0.041868,0.638533
139.319727891,0,1.54728,1.29076,0,1.4985,0.0668805,3.03623,0.12367,0.859285,0,0.0359092,0.850105
139.366167800,4.18215e-06,0.942341,1.39869,0,1.77001,0.0232031,2.73546,0.0525595,1.0974,0.298106,0.0765425,0.394525
139.412607710,0,0.722762,1.30279,0,1.8098,0.000677992,2.6192,0.119275,0.944164,1.2731,0.100515,0.280906
139.459047619,0.0302131,1.47657,1.09953,0.00413644,1.38127,0.0120071,2.15328,0.217646,0.499899,2.45725,0.0874393,0.179874
139.505487528,0.12,2.29317,1.13337,0.00219495,0.790405,0.148668,1.10333,0.0246516,0.309735,2.75005,0.0399275,0.153417
139.551927438,0.153741,2.74166,0.93044,0.131689,0.185524,0.159226,1.01542,0.0320947,0.22432,3.01924,0.00675581,0.104593
139.598367347,0.11893,2.87744,0.683561,0.0834136,0.0766264,0.0824138,1.0444,0.0514229,0.278057,3.26803,0,0.0898684
139.644807256,0.0100111,2.90411,0.575982,0.0860631,0.129923,0.00979079,0.770468,0.0644012,0.279172,3.44648,0,0.059699
139.691247166,0,2.8283,0.196529,0.176841,0.358116,0.00862213,0.8031,0.0498519,0.253365,3.65247,0,2.40476e-05
139.737687075,0.000279689,2.58015,0.14231,0.171239,0.249058,0.00511395,0.98667,0.0133838,0.190121,3.87402,0,0.00988663
139.784126984,0.000405063,2.54019,0.142487,0.134699,0.154338,0.0205354,1.1477,0.0156209,0.0804248,3.96284,0,0.0212591
139.830566893,0.000324152,2.59356,0.130011,0.108503,0.145034,0.0683908,1.18781,0.0254372,0.0141638,3.94875,0.022801,0.0486844
139.877006803,0,2.90552,0.444627,0.0905292,0.192017,0.129913,0.760682,0.0293623,0.0416265,3.611,0.0399899,0.101353
139.923446712,0.00423353,2.64129,0.548468,0.0467061,0.247158,0.201649,0.725926,0.0151612,0.0591276,3.22127,0.0609362,0.126891
139.969886621,0.00995581,2.53286,0.519254,0,0.294656,0.336533,1.06581,0.00761081,0.121842,3.19712,0.0639146,0.0996648
140.016326531,0.0187058,2.443,1.13136,0.0202282,0.266187,0.358333,1.43616,0.00820279,0.255288,3.12918,0.061566,0.0702415
140.062766440,0.0181812,1.92734,1.55824,0.0281315,0.558695,0.287182,1.45833,0.0109402,0.309819,2.82813,0.302827,0.104179
140.109206349,0.0082998,1.5321,1.49982,0.284442,0.833146,0.172455,1.06445,0.0432677,0.396541,1.97784,0.825878,0.171646
140.155646259,0.00012655,1.5141,0.997222,0.481371,1.94969,0.0837821,0.655706,0.0745135,0.567574,1.58757,0.975793,0.167144
140.202086168,0,1.23533,0.191192,0.332158,2.89541,0.0343357,0.468323,0.0667179,0.472722,1.90899,0.866949,0.180459
140.248526077,0.0972364,0.929245,0.105626,0.116738,3.51021,0.063824,0.4257,0.0532437,0.442425,1.68725,0.165992,0.380913
140.294965986,0.289451,0.848346,0.123725,0.0602139,3.67677,0.45942,0.43764,0.0554351,0.2689,1.21038,0.0439691,0.667638
140.341405896,0.346067,0.996049,0.207754,0,3.59484,0.606885,0.294365,0.0731902,0.18229,0.745598,0.0429288,1.22879
140.387845805,0.35183,1.02267,0.108702,0.00255531,3.52866,0.330862,0.960396,0.0745057,0.132703,0.944386,0.0161068,1.37761
140.434285714,0.268117,0.699045,0.0356282,0,3.6304,0.00856016,1.71863,0.0745233,0.104181,1.38686,0,1.31797
140.480725624,0.123505,0.460546,0.0208816,0.00135619,3.57601,0.00869522,1.95054,0.0664273,0.216595,1.5734,0,1.38337
140.527165533,0,0.458492,0.0436076,0.00123466,3.52658,0.00974327,1.88195,0.0562404,0.340989,1.61343,0,1.29676
140.573605442,0,0.35806,0.152774,0.0507295,3.19346,0.0639617,2.25128,0.0178216,0.467959,1.4545,0,1.18131
140.620045351,0,0.426046,0.09109,0.0879915,2.18165,0.192567,2.62393,0.0419529,0.469736,1.59437,0.0367846,0.930373
140.666485261,0.0297361,0.843834,0.240381,0.0909201,1.41903,0.158833,2.44786,0.0213942,0.476098,1.60426,0.027784,0.665107
140.712925170,0,0.842499,0.322721,0.0648591,1.4597,0.0884331,2.68954,0.00435832,0.48718,1.63152,0.0225628,0.318209
140.759365079,0,0.879597,0.280489,0,1.32151,0.0291265,3.05733,0.0217209,0.31391,1.55189,0,0.402369
140.805804989,0,0.785658,0.495901,0.0111291,1.06361,0.0133769,3.00477,0.0138795,0.0799677,1.28308,0.236361,1.19398
140.852244898,0,0.522139,0.746531,0.0508678,1.62307,0.0894793,2.70183,0.0404515,0.00730144,1.58367,0.34937,0.770951
140.898684807,0,0.495466,0.542084,0.0136824,2.40667,0.225413,1.91731,0.081264,0.107293,2.50862,0.122799,0.45955
140.945124717,0,0.481726,0.258823,0.0144191,2.86695,0.455655,1.13111,0.119328,0.347865,2.82175,0.0123045,0.289874
140.991564626,0.00285453,0.227946,0.259137,0.0177303,3.4251,0.210078,0.409304,0.0414577,0.524795,2.70962,0.074394,0.73853
141.038004535,0.0412649,0.167965,0.182784,0.0370607,3.4718,0.0320629,0.0712773,0.029756,0.758718,2.56599,0.0273245,1.00582
141.084444444,0.0997335,0.14484,0.128068,0.0363057,3.66711,0.0322651,0.0320576,0.0234337,0.929167,2.48879,0.00115866,0.749676
141.130884354,0.070915,0.0777609,0.155039,0.00497432,3.63971,0.0464047,0.188218,0.0212833,1.0889,2.67576,0,0.395197
141.177324263,0,0.125517,0.169992,0.00463903,3.58619,0.0109052,0.42968,0.0446901,0.937165,3.05357,0,0.035561
141.223764172,0,0.141075,0.0691458,0.0117025,3.43279,0,0.567332,0.0628337,0.896172,3.46983,0,0.102021
141.270204082,0,0.152219,0.0375924,0.00708515,3.34575,0,0.375857,0.0883894,0.914743,3.57418,0,0.390709
141.316643991,0,0.14833,0.0421623,0.0399569,3.39097,0,0.280586,0.102263,0.952552,3.42422,0,0.760756
141.363083900,0.000122645,0.131163,0.0423537,0.124033,3.44931,0,0.341931,0.0788319,0.999089,3.16953,0,1.03792
141.409523810,0,0.10246,0.010271,0.198072,3.41719,0,0.425936,0.0685717,0.927575,3.02369,0,1.35155
141.455963719,0,0.0432647,4.32883e-06,0.158035,3.37256,0.0170566,0.494046,0.0481282,0.726149,2.88739,0,1.6328
141.502403628,0.00538133,0.0473388,0.0600703,0.0222071,3.41793,0.0485889,0.460559,0.378307,0.610936,2.30578,0.00021489,1.9118
141.548843537,0.0230592,0.109148,0.174557,0.0168038,2.78243,0.0172107,0.180937,1.54362,0.766952,1.13249,0.000378951,2.06359
141.595283447,0.000312296,0.123025,0.39718,0.0202065,2.37759,0.030012,0.0433619,2.11648,1.02273,0.883802,0.000447305,1.7819
141.641723356,0.000168181,0.122402,0.620082,0.0309927,2.32301,0.327061,0.0107859,2.27105,1.09827,1.01577,0.000412453,1.53231
141.688163265,0,0.105312,0.270473,0.158586,2.01608,0.325058,0.00290513,2.07806,1.59445,1.33109,0.000181271,1.24085
141.734603175,0.00684784,0.0731893,0.116485,0.187203,2.04446,0.00987512,0,1.41608,2.49886,1.32443,0.169894,0.910998
141.781043084,0.000880728,0.0128434,0.104234,0.192499,2.34005,0,0.0930063,0.594181,3.05107,0.960521,0.230144,1.06344
141.827482993,0,0,0.0426184,0.182816,2.67393,0,0.119529,0.5653,3.06285,0.695176,0.133059,1.19096
141.873922902,0,0.0410727,0.0423538,0.191021,2.38515,0.00981596,0.316385,0.782275,2.51341,0.937515,0.0354545,1.39331
141.920362812,0,0.239372,0.0342938,0.168493,2.04127,0.0130919,1.2081,0.448376,2.24568,1.13415,0.0329086,1.42476
141.966802721,0,0.306497,6.10783e-05,0.117284,1.91364,0.0210387,1.62925,0.360371,1.90147,1.41,0.0437407,1.27094
142.013242630,7.64785e-06,0.341246,0.000674268,0.0911148,1.98988,0.0282054,1.87643,0.218974,1.56363,1.3728,0.0456034,0.989318
142.059682540,0.00958316,0.137823,0.646051,0.107131,2.25672,0.114716,1.74548,0,1.8703,0.600224,0.0572236,1.00784
142.106122449,0.0430527,0,1.1158,0.104385,2.73181,0.309209,1.10495,0.0106016,1.97471,0.0145075,0.0156222,1.06358
142.152562358,0.0276415,0,1.15253,0.101961,3.06489,0.327706,0.571645,0.0219825,1.9842,0,0.0231476,1.04263
142.199002268,0,0,1.2021,0.127398,3.38318,0.269006,0.302048,0.0136667,1.90213,0.0481537,0.0186562,1.36058
142.245442177,0,0.0383543,1.158,0.137161,3.61294,0.0387965,0.329668,0.00739873,1.52691,0.179345,0.0144961,1.8208
142.291882086,0.261474,0.0120224,1.26037,0.135083,3.52334,0.00728426,0.438617,0.00123789,0.542783,0.49404,0.00341238,1.55758
142.338321995,0.106513,0.0112569,1.18851,0.124601,3.49662,0.00697918,0.405867,0.432146,0.0811085,0.486807,0.00603639,1.14445
142.384761905,0,0,0.981342,0.145405,3.45669,0.00159955,0.388193,0.76091,0.599704,0.792114,0,0.852127
142.431201814,0.0159545,0.0642998,0.737808,0.00948024,3.43982,0,0.35636,0.678269,1.08931,1.21527,0.186627,0.482172
142.477641723,0.149007,0.0842548,0.521792,0.00434777,3.65321,0,0.336003,0.294283,1.36268,1.11127,0.145261,0.56793
142.524081633,0.0958134,0.104572,0.724814,0.00463964,3.45982,0,0.750431,0.153539,1.35983,0.873807,0.107031,0.568408
142.570521542,0.0532208,0.000190986,0.723318,0.00779876,3.21319,0.0125291,0.902743,0.146541,1.27164,0.786272,0.0646164,0.724781
142.616961451,0.0179071,0.000264379,1.05575,0.0137273,2.91818,0.0334664,0.91797,0.133182,1.05174,0.833671,0.041375,0.765398
142.663401361,0.00864546,0.097013,1.28075,0.00725998,2.60677,0.037708,0.884923,0.140882,0.753124,1.26292,0.0502277,0.695276
142.709841270,0.0134836,0.163333,1.24569,0,2.59035,0.0482237,0.783166,0,0.516649,1.46369,0.0561311,0.830095
142.756281179,0.0133629,0.034427,0.942714,0,2.74217,0.000650253,0.954245,0,0.228457,1.50888,0.0557213,0.803366
142.802721088,0.0012631,0,1.15318,0.00984622,2.86191,0.0381931,0.811154,0.0420542,0.0363633,1.36425,0.0412215,0.855887
142.849160998,0,0,1.96906,0.0268358,2.48838,0.191817,0.69219,0.0344595,0.0311284,1.56031,0.0399759,0.861477
142.895600907,0,0,2.79098,0.0233648,1.693,0.300561,0.671635,0.0749744,0.0512189,1.71469,0.115916,0.829303
142.942040816,0.000205869,0,3.25913,0.00757272,0.846936,0.330106,0.530972,0.0330267,0.173619,1.74958,0.19832,0.743684
142.988480726,0.00022393,0.175497,3.295,0.00738305,0.574855,0.239113,0.602254,0.0473952,0.222365,1.48886,0.865033,0.625116
143.034920635,0,0.485918,2.79051,0.0146345,0.793788,0.279734,0.817281,0.0850191,0.294141,1.41018,0.967631,0.42317
143.081360544,0.00400478,1.29818,1.78953,0.0116473,1.21201,0.180349,0.841756,0.164213,0.455645,1.46771,0.935007,0.375692
143.127800454,0.00570643,1.77925,1.22896,0.0154212,1.42403,0.00481521,0.824023,0.170281,0.668133,1.34879,0.908954,0.389893
143.174240363,0.0543123,2.11239,0.959766,0.0426871,1.27559,0.00552894,0.844538,0.0850946,0.775631,1.52873,0.847308,0.392781
143.220680272,0.121815,1.98824,0.749765,0.194668,1.13559,0.08661,1.00884,0.0794003,0.94129,1.51169,0.545733,1.10951
143.267120181,0.132089,1.10805,0.565459,0.186329,1.22751,0.116718,1.47409,0.135692,1.07705,1.48763,0.42651,1.59716
143.313560091,0.0484586,0.5426,0.635718,0.194709,1.71609,0,1.30585,0.227558,0.663095,1.24423,0.299488,2.0353
143.360000000,0,0.605647,0.546016,0.191936,1.95678,0.00214486,1.01666,0.268853,0.460426,1.12822,0.162592,2.5414
143.406439909,0.000201614,0.669963,0.407515,0.178554,1.89806,0,0.828642,0.190247,0.606644,1.17178,0.382872,2.4467
143.452879819,5.94122e-05,0.443755,0.0301807,0.180726,1.88081,0,0.940344,0.249773,0.662576,1.39499,0.371603,2.28481
143.499319728,0,0.211589,0.451367,0.185392,2.10072,0.0380258,0.947883,0.327717,0.678696,1.30259,0.0584487,2.24832
143.545759637,0.023254,0.0794928,1.02834,0.175521,2.09123,0.122674,0.690561,0.157886,0.931634,1.08295,0.0547381,2.45052
143.592199546,0.0229129,0,1.28299,0.176933,1.88867,0.16881,0.426775,0.00835397,0.755859,0.880074,0.66404,2.22024
143.638639456,0.0574288,0,1.29818,0.1986,1.32385,0.107967,0.402361,0.0821362,0.75588,0.402724,0.873927,2.10698
143.685079365,0.134592,6.18964e-05,1.34357,0.19866,0.192593,0.103736,0.570962,0.13874,0.731243,0.514673,0.88243,2.54356
143.731519274,0.081057,0.105097,1.29058,0.227228,0.434964,0.22815,0.964771,0.231831,0.546999,0.640248,0.762112,2.65239
143.777959184,0.00904209,0.167842,0.649074,0.320204,0.57851,0.300917,1.42089,0.185579,0.329713,0.770167,0.842365,2.16174
143.824399093,0.0418208,0.150702,0.318024,0.387228,0.702156,0.319082,1.52289,0.0179172,0.345199,0.834206,0.876653,1.8626
143.870839002,0.110445,0.045847,0.339478,0.387691,0.640534,0.253122,1.43212,0,0.381511,0.927746,0.842277,1.83853
143.917278912,0.0937176,0.000329162,0.429899,0.322134,0.708652,0.221389,1.43022,0.00221169,0.255298,1.02608,0.75611,1.83004
143.963718821,0.0460899,0.000360217,0.636656,0.330181,1.10884,0.148754,0.814178,0.0830868,0.233297,0.88805,0.586761,1.91855
144.010158730,0.00012024,6.19259e-05,0.931077,0.353609,1.09267,0.35728,0.480768,0.189414,0.608468,0.746734,0.252136,2.0299
144.056598639,0.000293714,0,1.18158,0.408362,0.720103,0.114084,0.545295,0.212999,0.787647,0.669527,0.2745,2.212
144.103038549,0.00031871,0.00599235,0.965074,0.449396,0.804618,0.0109211,0.962659,0.30293,0.868318,0.924354,0.296479,1.95286
144.149478458,0.000209267,0.0117721,1.24618,0.46883,0.657476,0.0336452,1.15314,0.143209,0.550834,1.11455,0.458675,1.82017
144.195918367,0,0.0190484,1.60298,0.566236,0.811244,0.0330162,1.0195,0.0207628,0.17209,1.38217,0.259299,2.20041
144.242358277,0,0.219246,1.47095,0.466322,0.737496,0.0748454,1.19129,0.100118,0,1.55361,0,2.43956
144.288798186,0.0018386,1.6097,1.09211,0.362238,0.0473635,0.0561059,1.26219,0.0372574,0.235755,1.28028,0.0152329,1.78646
144.335238095,0.00884145,2.17907,1.39556,0.132603,0.0602745,0.0578765,1.0938,0.0307723,0.569693,0.491565,0,0.957833
144.381678005,0.0479793,2.22781,1.64675,0.061286,0.0667862,0.0307289,1.27895,0.0219911,0.628155,0.31318,0.0153505,0.315192
144.428117914,0.0928561,2.16433,1.63277,0.0204156,0.0769015,0,1.39152,0.0782284,0.706701,0.220017,0.00194132,0.254882
144.474557823,0.087341,2.12953,1.43608,0.014374,0.0733472,0,1.44097,0.252073,1.57899,0,0,0.314112
144.520997732,0.06321,2.12802,1.34638,0.014401,0.0536917,0,1.33928,0.356481,1.74119,0.0047997,0,0.552398
144.567437642,5.81591e-05,1.99978,1.26451,0.0410989,0.0255733,0,1.11761,0.361365,1.877,0.0124567,5.52184e-05,0.814608
144.613877551,2.9621e-05,1.62046,1.27737,0.0827512,0.0247713,0,1.11623,0.285442,1.87166,0.0123937,0.000597582,1.03022
144.660317460,0,1.19141,1.47755,0.078852,0.159219,0.00370384,1.1953,0.148087,1.80957,0.210274,0.0022683,1.19982
144.706757370,0,1.11107,1.52554,0.104257,0.387337,0.00749528,1.30169,0.00133682,1.38495,0.992613,0.0062371,1.18094
144.753197279,0.00946358,1.47124,1.3046,0.062809,0.655165,0.0504818,1.22838,0.00427972,0.699577,1.57565,0.00101527,0.640925
144.799637188,0.121391,1.46885,1.0208,0.0284966,0.525566,0.237223,1.23952,0.0164064,0.330778,1.79954,0.000626854,0.472928
144.846077098,0.0394237,1.27077,1.22962,0,0.3037,0.175092,1.33081,0.0157831,0.915846,1.64853,0.000253476,0.559869
144.892517007,0.04865,1.26743,1.131,0,0.290373,0.217428,1.43415,0.00640912,1.31454,1.20806,0.000254982,0.461574
144.938956916,0.0166732,1.28021,1.03489,0,0.205866,0.159401,1.29142,0.00400793,1.78868,0.391348,0.000532964,0.632051
144.985396825,0,1.26023,1.03458,0,0.169621,0.0748144,0.850785,0.119337,1.95391,0.0977752,0.0498943,0.955443
145.031836735,0,1.30293,0.948058,0.0172832,0.130914,0.0439545,0.532457,0.234559,2.08393,0.244468,0.150903,1.10732
145.078276644,0,1.46598,0.771727,0.00106192,0.118512,0,1.46602,0.264618,1.99337,0.468182,0.0646445,1.25434
145.124716553,0.000278221,1.60411,0.750675,0,0.140329,0,2.78096,0.177607,1.62364,0.708783,0.0429153,0.849041
145.171156463,0.000376925,1.98494,0.778639,0.538371,0.214169,0,2.84578,0.0940054,0.93259,0.705926,0.0181501,0.366367
145.217596372,0.0279732,2.25681,0.779149,0.849172,0.0910879,0.047022,2.52285,0.447397,0.938975,0.13265,0.0520395,0.275043
145.264036281,0.0535842,1.5391,1.03667,0.75709,0.987416,0.17339,2.49252,0.406646,1.23847,0,0.0024276,0.489185
145.310476190,0.0720007,0.646213,1.10218,0.408798,1.62297,0.159984,2.047,0.626783,1.41807,0.0648443,0,0.637486
145.356916100,0.0338214,0.220161,1.10243,0.0219816,1.91341,0,1.17078,0.960937,1.59753,0.449526,0.00561379,0.742146
145.403356009,0,0.233465,1.24661,0.0106643,1.90443,0.00356082,0.782118,1.19791,1.50217,0.787934,0.0258218,0.398273
145.449795918,6.13594e-05,1.03512,1.03877,0.06188,1.58502,0,0.378853,1.06878,1.20123,1.69641,0.0936607,0.295201
145.496235828,9.19724e-05,2.00662,0.86683,0.00419167,1.38371,0.0660788,0.343706,0.900875,1.22617,2.0458,0.238794,0.302698
145.542675737,0.0289111,2.23241,0.771311,0.182461,1.04345,0.150903,0.524622,1.11043,0.927123,2.13435,0.270486,0.291396
145.589115646,0.0725628,2.23941,0.613524,0.137198,0.740935,0.119752,0.848089,0.953228,0.853948,2.22022,0.198273,0.310969
145.635555556,0.000396768,2.26759,0.536364,0,0.602948,0.0587356,1.03067,0.504338,1.28932,2.13834,0.0185901,0.233494
145.681995465,0.000591073,2.50186,0.388016,0,0.343132,0.0128194,1.11268,0.270087,1.52532,1.69129,0,0.0801684
145.728435374,0.0351723,2.72245,0.301387,0,0.332598,0.00673002,0.958975,0.363612,1.64703,1.16521,0,0.0369673
145.774875283,0.0859753,2.71968,0.209596,0.00425923,0.244119,0,0.982467,0.415602,1.60819,1.24626,0,0.0813257
145.821315193,0.0577439,2.6002,0.152313,0.011464,0.224517,0,1.15182,0.334974,1.48503,1.65642,0,0.222498
145.867755102,0.0453251,2.31582,0.0869581,0.0132308,0.189258,0.0093593,2.0296,0.111569,1.39235,1.78612,0,0.286376
145.914195011,0.000422752,2.43471,0.0184487,0.00788484,0.184954,0.00501885,2.24556,0.159419,1.10954,1.6431,0,0.173073
145.960634921,0.0138724,2.5637,0.0678294,0.00556631,0.17845,0.022262,2.05769,0.275983,0.894686,1.39721,0,0.0779839
146.007074830,0.17938,2.7188,0.165576,0.0144635,0.172759,0.0323003,1.91526,0.252237,0.688286,1.2095,0,0.0448186
146.053514739,0.202818,2.81094,0.147325,0,0.168553,0.0109168,1.81765,0.304048,0.571398,1.35653,0,0.0394455
146.099954649,0.136033,2.63047,0.31668,0,0.30337,0,1.34884,0.344541,0.694124,1.63834,0,0.0292827
146.146394558,0.111378,2.21025,0.351216,0,0.82939,0.0164845,0.829214,0.434476,0.836198,1.54883,0,0.0221749
146.192834467,0.0425683,1.69462,0.413076,0.0650228,1.03562,0.0274705,0.844448,0.484652,0.696309,1.80351,0,0.164809
146.239274376,0.209255,1.23615,0.511625,0.0308999,1.28162,0.146629,0.999979,0.429062,0.570589,1.34237,0,0.232188
146.285714286,0.294597,1.34643,0.499611,0.0276328,1.36726,0.577592,1.31831,0.389155,0.169878,0.773269,0,0.263047
146.332154195,0.351762,1.4305,0.473138,0.0108136,1.2283,0.77677,1.73966,0.298105,0.0348941,0.494508,0,0.21742
146.378594104,0.40299,1.30645,0.395029,0.00666939,0.747755,0.637351,2.60207,0.23221,0.371542,0.316136,0,0.205398
146.425034014,0.401893,1.25264,0.197123,0,0.070274,0.199717,3.22152,0.218246,0.562559,0.640631,0,0.164405
146.471473923,0.19443,1.45072,0.282195,0,0.0544424,0.0131787,3.10561,0.321526,0.448732,0.957305,0.000809619,0.114225
146.517913832,0.089497,1.89662,0.255024,0,0.0677841,0.0162233,2.93121,0.612489,0.0219168,0.966091,0.020834,0.134144
146.564353741,0.178183,1.96209,0.167045,0,0.10832,0.064606,2.78646,0.522495,0.0267193,1.15269,0.0271459,0.338331
146.610793651,0.194543,1.9834,0.0148771,0.107633,0.539734,0,2.34598,0.351317,0.0850905,1.44353,0.00888117,0.361239
146.657233560,0.220386,1.73511,0,0.320618,0.980022,0,1.79443,0.563714,0.227735,1.58307,0,0.440267
146.703673469,0.197888,1.74134,0.228027,0.273235,1.29586,0.00430422,1.48497,1.0394,0.273613,1.52748,0,0.393253
146.750113379,0.208298,1.97361,0.615579,0.063133,1.17401,0.0311084,0.976003,0.939566,0.373507,1.47682,0,0.409492
146.796553288,0.178198,2.00644,0.64054,0.0329478,1.02395,0.104253,1.0134,0.539497,0.334391,1.54401,0,0.335191
146.842993197,0.144184,2.31291,0.699677,0.205158,0.863932,0.384048,0.720264,0.589045,0.250679,1.46835,0,0.376916
146.889433107,0.33203,2.24526,0.489866,0.236518,0.729046,0.0362914,1.20998,0.587592,0.415046,1.32692,0.10287,0.349943
146.935873016,0.350985,2.10325,0.0236032,0.0337181,0.963839,0.0720923,1.42138,0.503447,0.340214,1.54442,0.0697071,0.23459
146.982312925,0.00699821,1.47911,0.000135704,0.010296,1.50076,0.558187,1.03013,0.752805,0.205426,1.63082,0.0276617,0.0415236
147.028752834,0.015121,0.855611,0.0163608,0.00893481,2.10273,0.710776,0.581466,0.685586,0.107691,1.23243,0.14233,0.325479
147.075192744,0.0795487,0.615942,0.0305713,0.0488982,2.47068,1.04937,0.279998,0.356462,0.570765,0.508474,0.322434,0.551784
147.121632653,0.284192,0.664372,0.295828,0.0351159,2.475,0.824739,0.50569,0.212305,1.01165,0.0657897,0.489786,0.66093
147.168072562,0.429925,0.376724,0.271748,0.016138,1.84616,0.441642,1.24807,0.271646,1.13106,0.177347,0.581174,0.818277
147.214512472,0.420347,0.198005,0.404865,0.129556,1.23971,0.137885,1.5235,0.553484,1.17855,0.175305,0.474731,1.2639
147.260952381,0.290237,0,0.44801,0.294764,1.43914,0.385073,1.17663,0.371954,0.84338,0.129455,0.329436,2.28584
147.307392290,0.120627,0.000557245,0.0835787,0.319716,1.69161,0.244688,1.46546,0.0142456,0.81321,0.00418549,0.198258,3.13846
147.353832200,0,0,0.188924,0.204504,1.55345,0.0388565,1.44645,0.00324291,0.826165,0.0996775,0.218151,3.24308
147.400272109,0,0.155873,0.383322,0.271808,1.53143,0.0735301,1.28921,0.00943554,0.802739,0.152693,0.00219408,3.09021
147.446712018,0.00399369,0.703708,0.472638,0.232958,1.44534,0.0526093,1.00053,0.000383064,0.860963,0.0656117,0.0101574,3.01342
147.493151927,0.00927524,0.865115,0.248606,0.0913158,1.22868,0.0144186,0.755152,0.829164,0.944159,0.00538805,0.0229468,3.03883
147.539591837,0,0.697962,0.968705,0.0422679,0.489432,0.00199762,0.54038,1.58531,0.926251,0.000589887,0.0809706,2.91473
147.586031746,0,0.301367,1.89952,0.00486422,0.208067,0.0274935,0.102559,2.28958,1.05241,0.126914,0.0840099,2.25864
147.632471655,0,0.122233,2.53194,0.0183987,0.401766,0.0230922,0.0182378,2.40638,1.16409,0.395381,0.0737002,1.08932
147.678911565,0,0.306704,2.74827,0.102616,0.386829,0.0255782,0.0642792,2.17591,1.73004,0.433795,0.0434074,0.228281
147.725351474,0,0.395197,2.38842,0.19694,0.422522,0.029504,0.085831,1.55704,2.30829,0.562807,0.00781619,0.0262497
147.771791383,0,0.239509,1.71318,0.344499,1.55499,0.0329431,0.0719219,0.692988,2.17462,0.559494,0,0
147.818231293,0.03694,0.109871,0.903396,0.215812,3.15078,0.0270961,0.160946,0.378882,1.62912,0.518697,0,0
147.864671202,0.0314384,0.068967,0.100609,0.168659,3.464,0.0162023,0.260743,0.313643,1.23977,0.471489,0.000157494,0.48193
147.911111111,0,0.1159,0.185354,0.140676,3.40658,0,0.956872,0.0911273,1.14636,0.560067,0.143337,1.18214
147.957551020,0.00534736,0.218031,0.175037,0.10457,3.47346,0.00948518,1.54298,0.070233,1.0356,0.230184,0.133926,1.48537
148.003990930,0.0995062,0.234088,0.0923253,0.0846617,3.35007,0.0437014,1.74671,0.0781437,0.857035,0.0428601,0.124337,1.5418
148.050430839,0.211205,0.177533,0.0721093,0.0848916,3.38404,0.0412846,1.67442,0.132495,0.565381,0.077274,0.0554896,1.89483
148.096870748,0.325264,0.0970168,0.247778,0.0751055,3.58386,0,1.45958,0.0162435,0.264432,0.100094,0,1.86719
148.143310658,0.241473,0.168027,0.482277,0.0673188,3.58335,0,0.981814,0.0460246,0.254614,0,0,1.98183
148.189750567,0.000203408,1.17936,0.473376,0.0580769,3.60313,0,0.257569,0.130859,0.529747,0,0.0845735,2.15625
148.236190476,0.0441286,1.36722,0.151317,0.00185364,3.59575,0.032477,0.00147736,0.0350464,0.865359,0.0522475,0.0948563,1.74176
148.282630385,0,1.39057,0.102104,0.0435988,3.27158,0.0390285,0.0105577,0.0861917,0.863718,0.386221,0.0768751,1.47882
148.329070295,0,1.08613,0.132488,0.0613522,3.23819,0.0421684,0,0.57419,0.568306,0.434389,0.0182476,1.64821
148.375510204,0.0385714,0.437483,0.174623,0.0747452,3.76561,0.0358961,0,0.820684,0.145792,0.058957,0.0548587,1.5083
148.421950113,0.128682,0.382588,0.0302456,0.0562529,3.92765,0.00803553,0,0.843337,0.371294,0.0928165,0.0325242,1.34557
148.468390023,0.108431,0.662759,0.0125735,0.000427847,3.94478,0.0276721,0.0290845,0.603864,0.92565,0.0632708,0.112777,1.43496
148.514829932,0,0.691712,0.0120115,0,4.06264,0.0205126,0.223426,0.415804,1.10067,0.00150245,0.143862,1.51253
148.561269841,0.0532356,0.440068,0.227505,0.0553056,4.16471,0.0111496,0.336139,0.256304,1.08142,0,0.118915,1.33349
148.607709751,0.0550565,0.0579446,0.570973,0.0990579,4.22927,0.0114072,0.404222,0.038632,0.911408,0,0.102466,1.54838
148.654149660,0.0520191,0,0.776579,0,4.11949,0.0331979,0.327037,0.0666475,0.700859,0.482899,0.106283,1.87938
148.700589569,0.0177445,0,1.02834,0,3.94315,0.0120804,0.155357,0.000792048,0.999031,0.634282,0.108894,2.13197
148.747029478,9.79027e-06,0.125845,1.02246,0.00416013,3.7946,0,0.0926869,0,1.21565,0.729692,0.0982314,2.17743
148.793469388,0,0.168659,0.968898,0.00929699,3.7934,0,0.0463377,0.000121084,1.24064,0.790074,0.0797912,2.03109
148.839909297,0,0.111432,1.37508,0.00890603,3.64614,0.130109,0.0298479,0.0138035,1.0417,0.979583,0.0780515,1.57694
148.886349206,0,0,2.26255,0.00189417,3.06148,0.176594,0.129314,0.0172324,0.922246,1.27469,0.0981854,0.818908
148.932789116,0,0.00571328,2.69558,0,1.90209,0.206502,0.107984,0,0.820702,1.45206,0.101386,0.514086
148.979229025,0,0.145719,2.98677,0.0174609,1.03458,0.338767,0.231159,0,0.642172,1.52837,0.082771,0.538149
149.025668934,0.000116876,0.739007,2.60869,0.00679334,0.823236,0.418062,0.619324,0,0.824339,1.41991,0.0862169,0.483671
149.072108844,0.000270315,1.82627,1.63231,0.0162309,1.07252,0.335373,0.463181,0,0.794714,1.36647,0.0870966,0.491624
149.118548753,0.000477414,2.36678,0.999494,0.00890675,1.21993,0.151761,0.400859,0,0.937974,1.29236,0.0902859,0.495464
149.164988662,0.448211,2.50728,0.853483,0.0213606,1.33645,0.0552904,0.384233,0,0.826933,1.33327,0.0812748,0.39881
149.211428571,0.622501,2.21163,0.781454,0.0622799,1.59056,0.100215,0.366774,0,1.13726,1.39656,0.0719747,0.553537
149.257868481,0.712096,1.46942,0.915594,0.0843292,1.6228,0.251359,0.769248,0,1.28292,1.40031,0.0814132,1.26533
149.304308390,0.399387,0.878752,1.02053,0.110828,1.65692,0.250717,0.88018,0.102668,1.16467,1.36905,0.0969348,1.74306
149.350748299,0,0.78866,0.992247,0.147533,1.86647,0.0468906,0.785573,0.273935,0.869342,1.37831,0.106033,2.10388
149.397188209,6.04103e-05,0.771351,0.881184,0.159699,1.98787,0.113412,0.687819,0.0807949,0.908641,1.43309,0.106828,2.18753
149.443628118,0.00700509,0.777015,0.75569,0.142188,2.0857,0.0741961,0.59831,0,0.833832,1.45367,0.094026,2.1
149.490068027,0.0192274,0.731407,0.809473,0.129427,2.24838,0.152116,0.383429,0.0065284,0.501991,1.45382,0.0626167,2.11821
149.536507937,0.0154378,0.693726,0.804792,0.148796,2.07511,0.327825,0.456964,0.00753738,0.189555,1.37184,0.0330727,2.18833
149.582947846,0.0376699,0.757439,0.842646,0.191327,1.68708,0.316795,0.551682,0.00336811,0.0613815,1.35619,0.0179391,2.38415
149.629387755,0,0.452798,1.06885,0.200462,1.83299,0.330692,0.651163,0,0.277699,1.12528,0.0101839,2.46097
149.675827664,0.0155467,0.385754,1.27685,0.193307,1.68458,0.40888,0.645802,0.000189186,0.356034,0.981488,0.0157297,2.55271
149.722267574,0,0.591639,1.09157,0.179133,1.28547,0.2467,0.603282,0.00626637,0.347795,0.959168,0.051351,2.48909
149.768707483,0.0136991,0.668428,0.781393,0.1671,1.11734,0.00363251,0.685689,0.226351,0.364185,1.08466,0.0790977,2.49546
149.815147392,0.00567314,0.695877,0.388454,0.162497,1.21995,0.0100697,0.763075,0.586392,0.297584,1.0735,0.0781744,2.48626
149.861587302,0.00345432,0.672073,0.266254,0.192902,1.47804,0.211215,0.782245,0.561449,0.197713,0.981406,0.124476,2.44631
149.908027211,0,0.738698,0.199652,0.184349,1.58424,0.407811,0.812655,0.268063,0.34249,1.11509,0.0862655,2.42001
149.954467120,1.05626e-05,0.869086,0.192838,0.342777,1.49302,0.294254,1.00752,0.28134,0.684795,1.15992,0.0852434,2.36759
150.000907029,0.0515507,1.03283,0.46498,0.22388,1.85473,0.196419,1.04569,0.452736,0.753135,0.56798,0.0297354,1.96736
150.047346939,0.000314093,1.03541,1.01042,0.0370131,1.71707,0.285583,1.23488,0.596615,0.759204,0.201611,0.0102579,1.76605
150.093786848,0.000409671,1.03533,1.23752,0.0421061,1.05984,0.285896,1.52844,0.500589,0.752945,0.314204,0.00572104,1.97701
150.140226757,0.000256265,0.999123,1.37586,0.140825,1.20234,0.072529,1.36642,0.298644,0.610578,0.454611,0.00181744,1.94881
150.186666667,0.0153709,0.80278,1.44251,0.175964,1.34852,0.0587316,1.15884,0.239278,0.476324,0.504393,0.0292397,2.02765
150.233106576,0.0652851,0.266958,1.41805,0.118963,1.4891,0.0755212,1.12949,0.213318,0.444615,0.216471,0.0397292,1.98506
150.279546485,5.76226e-05,1.54075,1.08666,0.0473923,1.2199,0.00172343,1.3357,0.246416,0.863841,0,0.0316483,1.44038
150.325986395,0,2.24678,0.751895,0.0633532,0.797006,0.0531717,1.3789,0.386204,0.802912,0,0.0255588,0.46237
150.372426304,0,2.67879,0.814228,0.0637523,0.748797,0.119676,1.2224,0.3564,0.769863,0.245214,0.0324616,0
150.418866213,0,2.6776,0.872712,0.0637339,0.583781,0.135038,1.17689,0.40033,0.729151,0.544831,0,0
150.465306122,0,2.60865,1.01907,0,0.802395,0.105228,1.34556,0.0703054,1.66403,0.328159,0,0
150.511746032,5.4442e-05,2.44712,0.927724,0.0811805,1.05057,0.0483379,1.45798,0.0518482,1.80533,0,0.0268565,0.175313
150.558185941,0,2.07001,1.03761,0.135155,0.848136,0.00208616,1.49567,0.155702,1.85378,0,0.100611,0.381666
150.604625850,0.000547559,1.75844,1.21189,0.127805,0.357485,0,1.3913,0,1.90477,0,0.182169,0.701741
150.651065760,0.000168426,1.42583,1.08803,0.10102,0.0617367,0.0438658,1.14083,0.233551,1.87051,0.12884,0.264236,0.995065
150.697505669,0,1.23001,0.966319,0.0665741,0.421087,0.0677142,1.13262,0.411861,1.54849,0.893559,0,1.03825
150.743945578,0,1.30307,0.891977,0.0232291,0.625668,0.0994479,0.988223,0.368384,1.07882,1.56838,0,1.17239
150.790385488,0,1.27895,0.840849,0,0.49126,0.153224,0.954046,0.189864,0.905336,1.90472,0.0114807,1.01143
150.836825397,0,1.17678,0.862173,0,0.390525,0.247339,0.977337,0,1.13589,1.86073,0.0348985,0.724826
150.883265306,0,0.988063,1.10116,0.0236339,0.284584,0.106495,1.29984,0.000992676,1.34228,1.38558,0.0389481,1.01095
150.929705215,0.0810965,0.959062,0.994264,0.108593,0.783173,0.0160409,1.35773,0.00297649,1.67613,0.678421,0.017679,1.30782
150.976145125,0.106276,0.865154,0.55607,0.133794,1.13945,0.0209034,1.26655,0.00800721,1.85952,0.325445,0.0125896,1.41902
151.022585034,0.110731,0.910659,0.587083,0.127775,1.16759,0.0173908,0.937496,0.00715752,1.9455,0.14823,0.116343,1.26861
151.069024943,0.0712346,1.1918,0.723081,0.105218,1.04981,0.0142879,1.38939,0.00394182,1.98083,0.113093,0.226623,1.30976
151.115464853,0,1.43821,1.02406,0.0541424,0.518019,0.0092104,2.67331,0.0535789,1.63627,0.611374,0.0414515,0.958233
151.161904762,0.000138507,1.46422,0.967083,0.47608,0.00635596,0.00306976,3.21848,0.0809061,1.31009,0.821583,0.0424959,0.347894
151.208344671,0,1.70995,0.825218,0.944021,0,0.00764233,3.18179,0.150515,0.72634,0.609181,0.0269908,0.494795
151.254784580,0.00651445,1.78078,0.657723,1.08746,0.565175,0.0133235,3.08643,0.32914,0.568558,0.234203,0.0170443,0.600605
151.301224490,0.0501552,1.62007,0.715666,0.724474,1.28696,0.0762929,2.68631,0.371687,0.723374,0,0.0210972,0.889315
151.347664399,0,0.995906,0.840953,0.162757,1.73395,0.123891,1.84065,0.278642,1.28365,0,0.0347007,1.18429
151.394104308,0,0.890016,0.723072,0.0793482,2.47388,0.052299,1.19116,0.173773,1.60311,0.0723586,0.190957,0.786444
151.440544218,0,1.66486,0.560098,0.0547294,2.49744,0.165972,0.938619,0.292956,1.66623,0.867529,0.371792,0.230869
151.486984127,0,2.39274,0.666502,0.0295287,1.68159,0.337147,0.656338,0.0362023,1.25023,1.75606,0.103075,0.216083
151.533424036,0,2.80302,0.601627,0.0980504,0.896566,0.290742,0.679207,0,0.780098,2.2019,0.0878863,0.222626
151.579863946,0,2.86955,0.515633,0.0755943,0.357234,0.214644,1.0081,0,0.577019,2.54996,0,0.249459
151.626303855,0.0727045,2.95479,0.484798,0.00700875,0.357947,0.129543,0.791745,0,0.683893,2.41409,0,0.530675
151.672743764,0.141777,3.13075,0.527783,0.00337159,0.247114,0.135451,0.591336,0,0.952312,1.83519,0,0.493668
151.719183673,0.293958,2.98447,0.251139,0,0.0958769,0.124568,0.704506,0.0176314,1.29822,1.24574,0,0.222723
151.765623583,0.426648,2.82362,0.168193,0,0.0130802,0.110773,1.00818,0.0261681,1.46129,1.31036,0,0.0318884
151.812063492,0.535228,2.99093,0.202855,0,0.0180864,0.137392,1.09953,0,1.41277,1.15055,0,0.0305553
151.858503401,0.000119324,3.31222,0.696465,0.0327386,0,0.173884,0.962083,0,1.39114,1.06667,0,0.0283341
151.904943311,0.000102553,3.4793,0.59548,0,0.00819994,0.252246,1.25713,0.000705952,1.30008,1.13309,0,0
151.951383220,0,3.42852,0.438888,0,0,0.414913,1.5985,0.000434229,1.26389,1.14843,0.0214244,0
151.997823129,0,3.24742,0.872144,0.00128555,0,0.48702,1.65412,0.0608731,1.09128,1.25792,0.0236722,0
152.044263039,0,2.73547,1.5212,0.00933433,0,0.443193,1.35681,0.0752488,0.992814,1.50247,0.0172134,0.072393
152.090702948,0,2.23557,1.66714,0.108893,0.330363,0.257962,0.859422,0.0420544,1.32059,1.60674,0.0600407,0.198776
152.137142857,0,1.55442,1.3456,0.585195,1.41717,0.0554747,0.755345,0.0398994,1.40014,1.70854,0.263907,0.160724
152.183582766,0,0.856392,0.518242,0.663948,2.49335,0.0421703,0.681678,0.0746295,0.906181,2.01437,0.330964,0.203104
152.230022676,0.0168143,0.779217,0.242992,0.160923,3.1564,0.0129853,0.59717,0.0646403,0.510089,1.7601,0.204449,0.530785
152.276462585,0.228811,0.666005,0.269017,0.100898,3.44659,0.527086,0.405703,0.0476069,0.415075,1.23028,0.022808,0.836408
152.322902494,0.33665,0.392805,0.128315,0.0170154,3.44706,0.692294,0.230085,0.0640246,0.287303,1.09483,0.0653678,1.19502
152.369342404,0.270107,0.216272,0.0261501,0,3.35147,0.658986,0.929656,0.014621,0.181772,1.12664,0.0787582,1.43535
152.415782313,0.243235,0.153226,0.0519752,0,3.33449,0.336077,1.9168,0.0150915,0.0998849,1.12097,0.0814684,1.50531
152.462222222,0.185224,0.159562,0.0563502,0,3.31857,0.0177279,2.2965,0.0267747,0.0898653,1.10911,0.100034,1.45144
152.508662132,0.152398,0.285045,0.0851598,0,3.24077,0.0139168,2.34766,0.0283537,0.120563,1.15499,0.0410766,1.49926
152.555102041,0.219401,0.240149,0.196803,0,3.09234,0.00922543,2.28801,0.0194411,0.172169,1.24918,0,1.63093
152.601541950,0.0822304,0.373304,0.279926,0,2.97629,0.0261049,1.95294,0.000671409,0.224553,1.1372,0,1.91453
152.647981859,0.0459634,1.36312,0.182241,0.00202341,2.30181,0.10491,1.23854,0.0126758,0.287681,1.17283,0,1.34667
152.694421769,0,1.57381,0.159236,0,1.67878,0.209938,0.839569,0.15806,0.306236,1.17459,0.0028731,0.719481
152.740861678,0,1.48147,0.102101,0,1.61733,0.424044,0.694019,0.0725247,0.389764,1.27775,0.0767689,0.506515
152.787301587,0,1.37726,0.295866,0.00372415,1.44382,0.264401,0.814058,0.00504708,0.498625,1.36254,0.130211,1.09861
152.833741497,0.0300053,1.09667,0.50354,0.0618836,1.91561,0.264992,0.723697,0.0400885,0.220789,1.18099,0.127751,0.943207
152.880181406,0.0744302,0.727472,0.581479,0.0115913,2.32104,0.309257,0.999679,0.0444256,0.182675,0.940361,0.0554731,0.739703
152.926621315,0.0414564,0.997635,0.264174,0.00676022,2.84056,0.361697,1.23117,0.0894972,0.137631,0.788395,0.0495535,0.768802
152.973061224,0,1.08786,0.292592,0.00865754,3.2628,0.100164,0.792603,0.116246,0.274272,0.364516,0.0127316,1.13442
153.019501134,0.0313102,0.446138,0.478353,0.00826967,3.98204,0.0518362,0.056216,0.056931,0.572295,0.105502,0.00528091,1.61525
153.065941043,0.0640876,0.00303141,0.243824,0.0293136,4.26891,0.160771,0.068663,0.0447627,1.08115,0.00681906,0,1.52157
153.112380952,0.0719858,0.000470353,0.106087,0.00477474,4.30397,0.182079,0.0907259,0.0304227,1.4461,0.00895481,1.06841e-05,1.5658
153.158820862,0.0664322,0,0.0816589,0,4.33571,0.048838,0.196757,0.0290137,1.55246,0.00284672,0.00050293,1.6836
153.205260771,0.0174457,0.0581786,0.066754,0,4.28281,0.0326129,0.310975,0.0577167,1.46541,0.0175384,0.00801103,1.87543
153.251700680,0.0103379,0.117949,0.0588486,0.0012152,4.20008,0.00223177,0.256332,0.0751928,1.52809,0.0694011,0.0013699,1.97743
153.298140590,0.0265942,0.278544,0.0610635,0.00565694,4.06122,0,0.126696,0.0773048,1.62903,0.0790507,0.000416444,2.09909
153.344580499,0.0149526,0.251378,0.0506576,0.0812291,3.95875,0,0.343098,0.0570921,1.64301,0.0754537,0.0140181,2.48846
153.391020408,0.00010971,0.20505,0.00808615,0.141763,3.81123,0.00457328,0.597113,0.0108224,1.48381,0.0387025,0,2.6256
153.437460317,0.000236746,0.182378,0,0.219824,3.02201,0.0020066,0.623822,0,1.09206,0.274407,5.5104e-05,2.93862
153.483900227,0.000110665,0.172225,0.0430089,0.143831,2.70763,0.0291932,0.647524,0.592789,0.847916,0.470064,0.000676262,2.99855
153.530340136,0.000663358,0.017677,0.205054,0.00688986,2.3885,0.0337197,0.674478,1.38571,0.729925,0.482394,0.0213988,2.54702
153.576780045,3.80712e-05,0,0.292406,0.000832255,1.7689,0.0250745,0.379772,2.21226,0.869684,0.469897,0.000924474,2.21554
153.623219955,0.00031885,0.075296,0.489709,0.00302224,1.29907,0.0455612,0.0101266,2.56983,0.919772,0.253792,0.11217,2.05611
153.669659864,0,0.355936,0.744484,0.113481,1.58765,0.197918,0.00523966,2.45491,1.13973,0.0211812,0.325948,1.55849
153.716099773,0,0.457958,0.907928,0.23378,1.63794,0.0917437,0.0217059,1.81378,1.8184,0.00136914,0.289842,1.462
153.762539683,0,0.325519,0.703981,0.219743,1.4617,0.0204579,0.0283589,0.931603,2.36647,0.00082424,0.327056,1.39723
153.808979592,0.0766144,0.0705537,0.500327,0.359936,1.25171,0.0361991,0.0675021,0.53113,2.82032,0.0865383,0.052968,1.4713
153.855419501,0.194491,0.000112719,0.584651,0.422566,0.869733,0.106127,0.00776604,0.562608,2.80969,0.332488,0.0213826,1.7535
153.901859410,0.190859,0.166046,0.760521,0.164555,0.900393,0.00340561,0.931121,0.446887,2.52576,0.089082,0.153044,2.00854
153.948299320,0.169762,0.298889,0.353113,0.124511,1.16646,0.00153655,1.58233,0.0896595,1.7598,0,0.491692,1.81637
153.994739229,0.137186,0.597709,0.00168925,0.0882887,1.07067,0.00277038,1.80599,0.0763265,1.25194,0,0.594191,1.89563
154.041179138,0.0431407,0.18474,0.539622,0.0966201,0.873205,0.0226795,1.73725,0.265793,1.22573,0,0.595055,1.99635
154.087619048,0.000256375,0.0356426,0.806655,0.0939408,1.32081,0.0586474,1.95178,0.360049,1.23876,0.0319822,0.440617,1.82077
154.134058957,0.00033512,0.000759746,0.776779,0.0492475,1.85229,0.0933313,1.34494,0.345888,1.16569,0,0.192987,1.51038
154.180498866,0.00038469,0.193475,0.581845,0.0796051,2.20332,0.11926,1.12654,0.21978,0.957032,0,0.00605452,1.3148
154.226938776,0.0353704,0.540001,0.122179,0.0639595,2.61668,0.245077,1.05203,0.152265,0.901406,0.000716791,0.0885967,1.44869
154.273378685,0.170439,0.480925,0.00149779,0.0199489,2.78373,0.379954,0.584608,0.100246,0.425348,0.0747244,0.114715,1.72518
154.319818594,0.168086,0.459388,0.168332,0.0305123,2.59934,0.450336,0.162959,0.242637,0.434279,0.00845345,0.198035,1.77561
154.366258503,0.0635389,0.359868,0.545086,0.0290481,2.95549,0.784873,0.428673,0.645059,0.663541,0.00959382,0.127799,1.28482
154.412698413,0.044922,0.301732,0.250153,0.00978094,2.87015,1.17238,0.562714,0.722584,0.831567,0.0254484,0.210615,1.26477
154.459138322,0.216808,0.166715,0.271325,0.00640887,2.78256,0.934436,0.514849,0.0812394,1.44376,0.104021,0.350938,1.6431
154.505578231,0.0617587,0.160784,0.282239,0.00580506,2.70047,0.960066,0.370352,0.00351846,1.42935,0.159485,0.359263,1.90231
154.552018141,0.0148353,0.385652,0.0173702,0.00619211,2.78841,0.933167,0.0339751,0.00141311,1.10753,0.673387,0.351996,1.70014
154.598458050,0.0574715,0.341731,0.0183315,0.00512087,3.27937,0.864546,0.0314373,0,0.805035,0.253404,0.360873,1.67219
154.644897959,0.236799,0.0187883,0.0202148,0.119585,3.51113,0.0232496,0.0858566,0.399005,0.94468,0.207768,0.109636,1.53528
154.691337868,0.0064486,1.40614,0.306648,0.0492881,2.87593,0.199819,0.029468,0.00510088,1.12521,0.169928,0.114799,1.384
154.737777778,0,2.9249,0.26623,0.0717006,2.34767,0.195519,0.0285037,0.00499094,0.71397,0.244917,0.083425,0.823792
154.784217687,0,3.38444,0.0732471,0.0744579,2.17539,0.260589,0.0490849,0.0623267,0.768977,0.103282,0.0981011,0.381309
154.830657596,0.000174185,3.10304,0.217444,0.0327313,2.05057,0.300427,0.298754,0.0521025,0.893341,0.0257377,0.194833,0.83193
154.877097506,0.000135036,1.81992,1.19677,0.198738,2.18965,0.344738,0.364942,0.0365145,1.14144,0.0215969,0.289434,1.28717
154.923537415,0,0.763105,1.8695,0.239878,2.82239,0.503006,0.311158,0.0175954,0.896806,0,0.201508,1.3191
154.969977324,0,0.204858,1.84708,0.308908,3.2135,0.630434,0.00209096,0.0659649,0.627258,0,0.0840949,1.24865
155.016417234,0,0.477654,1.43161,0.00577808,3.25014,0.574097,0.00613732,0.0944042,0.796993,0,0.047786,1.0601
155.062857143,0.000241776,2.39543,1.11697,0.00347813,2.8796,0.513207,0.0326059,0.0995971,0.986112,0.0173666,0,0.439226
155.109297052,0.0229956,3.57644,0.532213,0.0484755,1.68563,0.364045,0.334691,0.0895496,1.1701,0.0778746,0,0.111829
155.155736961,0.263635,3.95524,0.190684,0.0616542,0.951284,0.534837,0.683059,0.052963,1.12662,0.0240972,0.0423964,0
155.202176871,0.571192,3.72393,0.0424589,0.091795,1.45028,0.515539,0.459028,0.0428521,1.19165,0.00412019,0.015646,0.107283
155.248616780,0.248173,2.94054,0.00138227,0.149096,2.64117,0.27322,0.291921,0.0535786,1.10771,0,0,1.0507
155.295056689,0.207697,1.63905,0.0353601,0.149987,3.23977,0.357542,0.119496,0.124933,1.16889,0,0,1.91016
155.341496599,0.199644,0.538936,0.120914,0.186988,3.06451,0.328152,0.00192298,0.114013,1.23874,0.00826478,0,2.2119
155.387936508,0.0853508,0.572834,0.274576,0.484086,2.58395,0.0151913,0,0.00531824,1.15654,0.0987521,0.0939519,2.36795
155.434376417,0.0422019,2.05027,0.760243,0.59957,1.86455,0.00396394,0,0.00092036,1.28119,0,0.111583,2.3456
155.480816327,0.131739,3.33499,0.846125,0.505195,0.541486,0.391507,0,0.00541496,1.04631,0.0645506,0.131693,1.91287
155.527256236,0.159939,3.53221,0.585736,0.210242,0.430587,0.504305,0.00127118,0.00953746,1.1322,0.140421,0.0162566,1.57668
155.573696145,0.248556,3.01047,0.1679,0.228444,0.52224,0.513968,0.134654,0.0116664,1.25122,0.163069,0,1.79608
155.620136054,0.224102,2.13181,0.226537,0.353518,2.14406,0.422049,0.115631,0.0178631,1.25836,0.167759,0.0374102,1.99972
155.666575964,0.137227,0.91931,0.181596,0.187291,3.14877,0.367171,0.0560852,0.00750736,1.27645,0.0533598,0.00875186,2.53851
155.713015873,0.0743303,0.0805157,0.220074,0.29674,3.31208,0.216034,0.270426,0.0162671,0.845568,0,0.0945354,2.70826
155.759455782,0.216254,0.443629,0.405457,0.247663,2.89163,0.00596506,0.511954,0.00165417,1.35443,0.113282,0.0490298,2.58542
155.805895692,0.162083,2.21223,0.588803,0.047887,1.29392,0.0679735,0.286402,0.198967,1.46679,0.215994,0.00626715,2.44265
155.852335601,0.151096,3.63103,0.114457,0.24013,0.0395067,0.295504,0.0773807,0.333806,1.30211,0,0.131623,1.71133
155.898775510,0.165817,3.6926,0.0186453,0.0988688,0.326139,0.344638,0.0453798,0.178643,1.25095,0.154334,0.142114,1.53104
155.945215420,0.290216,3.24979,0.157038,0.139322,0.646553,0.491766,0.352923,0.245039,1.26548,0.131148,0.146631,1.50101
155.991655329,0.290324,2.44249,0.474133,0.135513,0.565424,0.248802,0.406751,0.300957,1.2877,0.429815,0.156009,1.53766
156.038095238,0.306237,1.32911,1.15786,0.164288,0.343676,0.113096,0.545959,0.308363,0.635613,1.27055,0.183139,1.9013
156.084535147,0.31811,0.668407,1.59606,0.185761,1.16424,0.0049327,0.401048,0.340426,0.0319071,1.49553,0.181005,2.16556
156.130975057,0.149791,0.065007,1.41681,0.0956649,2.68021,0,0.311348,0.324125,0.92906,0.820614,0.641345,1.63561
156.177414966,0,0.00105189,1.68632,0.0113777,3.19968,0,0.612673,0.178579,1.1811,0.525175,0.657894,1.25957
156.223854875,0,0.00114188,1.82467,0.0127767,3.26548,0,0.638958,0.00302214,1.24297,0.51824,0.627286,1.21349
156.270294785,0,0.00149181,1.91196,0.0146144,3.29551,0,0.728667,0,1.03832,0.601726,0.667983,1.20523
156.316734694,0.0226296,0.00164133,2.06204,0.0146224,2.95599,0,1.09872,0.00140756,0.686526,0.651185,0.691094,1.23094
156.363174603,0.132058,0.00176615,2.39339,0.0139379,1.97465,0,1.40745,0.00302569,0.252478,0.982298,0,1.21919
156.409614512,0.0868433,0.00164891,2.55148,0.0143331,0.744253,0,1.6544,0.0042606,0.320222,1.43107,0.000288166,0.893112
156.456054422,0.00235775,0.00136353,3.02561,0.0155959,0.401466,0,1.7808,0.0275958,0.97084,1.33736,0.000458806,0.520403
156.502494331,0.219735,0.00127373,3.08536,0.0157941,0.0887297,0,2.17326,0.381771,0.482127,1.15232,0.000201786,0.90428
156.548934240,0.502407,0.00158479,2.40904,0.0877633,0.068347,0,2.069,0.39805,0.119191,1.24942,0,2.39975
156.595374150,0.567947,0.0467369,1.71446,0.116686,0.0769712,0,1.89286,0.366743,0.00525648,1.01178,0,3.03554
156.641814059,0.603775,0.164232,1.56515,0.107209,0.12208,0,1.58017,0.357525,0.00525451,0.877219,0,3.43914
156.688253968,0.611062,0.224903,1.47748,0.455174,0.106852,0,1.4886,0.216062,0,0.739635,0,3.58818
156.734693878,0.714055,0.215429,0.773081,0.634107,0.497441,0.191751,1.38178,0.18276,0,0.57429,0.0731177,3.10487
156.781133787,0.433002,0.2231,0.318487,0.50387,0.757544,0.572258,1.52481,0.248176,0.107911,0.305713,0.11143,2.81614
156.827573696,0.158066,0.212196,0.0789911,0.781013,0.482458,0.661326,1.58326,0.288539,0.234048,0.236095,0.231286,2.89138
156.874013605,0.0920097,0.212448,0.00313301,0.834822,0.370123,0.68906,1.69697,0.212973,0.284713,0.402985,0.153541,3.02332
156.920453515,0.0493633,0.243077,1.16375,0.513107,0.252894,0.11453,1.70106,0.0166555,0.336334,0.556868,0.153791,3.24522
156.966893424,0.17341,0.169486,1.45613,0.517238,0,0.00428291,1.73133,0.00792754,0.32301,0.891344,0.102765,3.43379
157.013333333,0.21016,0.171174,1.37039,0.509146,0,0.0560124,1.77923,0.00562045,0.232101,0.694715,0.00160691,3.59954
157.059773243,0.1032,0.135545,1.13838,0.473858,0,0.00556355,1.72603,0.246213,0.00480443,0.527208,0.00107027,3.7978
157.106213152,0.553279,0.0712868,0.997767,0.428042,0,0.106438,1.45,0.431768,0.00518361,0.268512,0,3.74814
157.152653061,0.648752,0.0760299,0.790701,0.396363,0.0510262,0.122013,1.1874,0.511609,0.0688534,0.215893,0,3.79632
157.199092971,0.636032,0.0911644,0.635969,0.425342,0.00891714,0.0735855,1.08066,0.527365,0.0888614,0.151156,0,4.00923
157.245532880,0.539281,0.151726,0.424116,0.468759,0.00709765,0.0251968,0.990873,0.559414,0.0176423,0.154805,0,4.30968
157.291972789,0.415987,0.173354,0.256886,0.607146,0.0200036,0.0164526,0.976953,0.157537,0,0.129292,0,4.56918
157.338412698,0.269404,0.131996,0.315444,0.711291,0.0244545,0.0175114,1.25404,0.0120724,0,0.107139,0,4.66052
157.384852608,0.500457,0.077222,0.363144,0.729936,0.055164,0.354366,0.947563,0.0141192,0.00800303,0.0915231,0,4.45992
157.431292517,0.1059,0.0702346,0.238558,0.859332,0.0794746,0.361024,1.34461,0.0816811,0.082158,0.118447,0,4.19658
157.477732426,0,0.066025,0.0768107,0.825246,0.0908519,0.159863,1.3968,0.0924969,0.316817,0.237306,0.207434,4.06365
157.524172336,0.0406774,0.0315212,0.139281,0.759984,0.231434,0.0597126,1.19907,0.0844794,0.547807,0.58334,0.139245,3.48991
157.570612245,0.0622331,0.541613,0.264633,0.664769,0.25077,0.0212926,0.95722,0.0888984,0.658304,1.37541,0.145507,2.14604
157.617052154,0.065535,0.805023,0.544497,0.257681,1.51262,0.0257955,0.68159,0.0737133,0.691229,1.78347,0.116601,1.73743
157.663492063,0.0692954,0.90756,0.431789,0,2.48583,0.0316582,0.773409,0.15338,0.652937,2.20477,0.107622,1.18256
157.709931973,0.0689298,0.972521,0,0,3.04344,0.0328914,1.30177,0.0538764,0.527493,2.06079,0.0498868,0.910868
157.756371882,0,0.968108,0,0,3.23498,0.0288929,1.52056,0.0434367,0.54104,1.873,0.12496,0.890572
157.802811791,0,0.938825,0,0,3.05509,0.0289865,1.45249,0.0445527,0.503981,2.09062,0,0.990988
157.849251701,0,1.00252,0,0,3.01983,0.027955,1.28723,0.0476103,0.388163,2.35972,0,1.01933
157.895691610,0,0.940211,0,0,2.94383,0.0263645,1.1367,0.050664,0.288798,2.5479,0,1.06555
157.942131519,0,0.759044,0.000721685,0,3.0515,0.0276442,0.966111,0.0488245,0.380308,2.58716,0,1.01911
157.988571429,0,0.614362,0.140336,0.0475504,3.0214,0.028505,0.905842,0.0709018,0.431091,2.54784,0,1.01498
158.035011338,0.268134,0.349822,0.414069,0.151019,2.84879,0.036513,0.746344,0.214093,0.302879,2.35095,0.00483441,1.48132
158.081451247,0.381067,0.285611,0.497976,0.174309,2.73801,0.0344981,0.631931,0.565342,0.254162,2.04243,0.150162,1.49131
158.127891156,0.384818,0.161441,0.463031,0.149009,2.73774,0.0342456,0.597345,0.732895,0.327368,1.68648,0.366093,1.64716
158.174331066,0.454595,0,0.481069,0.0771571,2.87038,0.0425519,0.695194,0.241656,0.471759,1.23227,0.0149924,1.64332
158.220770975,0.347941,0.0506122,0.319752,0.0638396,3.26145,0.0669343,0.664867,0.0488103,0.457308,1.1355,0.0107434,1.59337
158.267210884,0.184872,0.122503,0.340519,0.0753439,3.4774,0.263233,0.657192,0.197922,0.477047,0.981184,0.0882621,1.419
158.313650794,0.0700646,0.245234,0.215497,0.0689252,3.72434,0.115055,0.578293,0.420699,0.58125,0.810923,0.258608,1.34827
158.360090703,0.0551374,0.273145,0.202928,0.039264,3.57383,0.0262574,0.607899,0.466547,0.672434,1.03022,0.168241,1.32181
158.406530612,0.0258952,1.53144,0.849314,0,2.32852,0.0454446,1.20707,0.12096,0.751946,1.0116,0.153843,1.07871
158.452970522,0.0251725,1.78603,0.880687,0,0.952368,0.0460947,1.65777,0,0.449705,1.41546,0.108437,0.546858
158.499410431,0.0898575,1.94192,0.571381,0,0.171232,0.250731,1.69766,0,0.369337,1.54125,0.000675669,0.38504
158.545850340,0,1.96922,0.188375,0.0212103,0,0.228166,1.72119,0.641142,0.0221082,1.36759,0.0170462,0.127676
158.592290249,0.426335,2.3417,0.599963,0.184725,0,0.0421939,1.32856,0.552969,0.0171088,0.926293,0.0138218,0.41373
158.638730159,0.486033,2.46302,1.00728,0.236188,0,0.108301,1.34215,0.607317,0.57977,0.676318,0.000485516,0.538214
158.685170068,0.533993,2.89508,0.837486,0.0634147,0,0.159813,0.999048,0.696404,0.928811,0.340856,0.0202375,0.501894
158.731609977,0.480225,3.40904,0.425893,0.235219,0,0.0645092,0.995629,0.815501,0.822126,0.257799,0,0.567617
158.778049887,0.335235,2.98027,0.179852,0.567227,0.0250444,0.0297805,1.23363,0.195712,0.395401,0.123749,0,1.75637
158.824489796,0.215017,1.44011,0,0.641218,0.0281792,0.0398264,1.53627,0.046273,0.487988,0.193627,0.00189659,2.88272
158.870929705,0.145221,0.268931,0.0298213,0.554479,0.0346301,0.0561133,1.54664,0.0695009,0.339662,0.164158,0.00532995,3.63649
158.917369615,0.153423,0.397509,0.110378,0.689997,0.0539945,0.0678627,1.86177,0.0416797,0.0759371,0.242596,0.00580839,3.54186
158.963809524,0,0.565037,0.272305,0.27207,0.350962,0.117709,1.98684,0.0838882,0.0495556,0.249635,0.25281,2.87236
159.010249433,0.0173585,0.578097,0.463471,0.233811,0.678511,0.0330699,1.32586,0.306334,0.178894,0.127192,0.287082,2.74182
159.056689342,0.115476,0.63265,0.430204,0.0367603,1.51499,0.00413788,0.360293,0.228175,1.50931,0.11228,0.186705,2.63109
159.103129252,0.141969,0.276003,0.199992,0.0465018,2.39144,0,0.0920227,0.0776837,2.13751,0.0948059,0.178069,2.37435
159.149569161,0.107307,0.196059,0.018637,0.399418,2.42231,0.0133265,0.0915891,0.00491687,2.26003,0.072086,0.15987,2.2001
159.196009070,0.0643344,0.233032,0.0548867,0.587422,2.3839,0.0152416,0.106408,0.00331475,2.36955,0.0602754,0.0969281,2.39019
159.242448980,0.00250271,0.28912,0.0118803,0.457653,2.77789,0.0170288,0.181944,0.00324462,2.36067,0.0569199,0.00181909,2.43137
159.288888889,0,0.324355,0.00447885,0.497088,2.74033,0.0192968,0.309968,0.00497546,2.2758,0.0926595,0.000878231,2.62976
159.335328798,0,0.350092,1.2841,0.124154,1.99215,0.0187373,0.397532,0.00792284,2.07658,0.348585,0.00188587,2.61237
159.381768707,0,0.292107,2.38163,0.00597913,1.78386,0.0152563,0.357019,0.0129175,1.85125,0.976821,0.000562965,1.59074
159.428208617,0.011775,0,2.98851,0.00607555,1.66597,0.0141841,0.146827,0.0120961,1.80714,0.880843,0.000597963,0.97574
159.474648526,0.00994214,0.0184176,2.77983,0.0884902,2.36566,0.0131907,0.00701584,0.0246133,1.6189,0.630772,0.0298056,0.794051
159.521088435,0.119513,0.0512377,2.11617,0.18407,3.09883,0.0129911,0,0.260375,1.1835,0.0988145,0.0900931,0.933154
159.567528345,0.403654,0.0452413,1.18157,0.190295,3.50433,0.0321724,0,0.451042,0.741752,0.0935704,0.202193,1.28036
159.613968254,0.417721,0.0443827,0.659885,0.187995,3.48059,0.0421098,0.014417,0.697519,0.717536,0,0.278995,1.16204
159.660408163,0.445923,0.038284,0.563217,0.16244,3.40699,0.0360209,0.0373787,0.726197,1.05465,0,0.0679472,1.55145
159.706848073,0.495633,0.0688257,0.53251,0.0814611,2.7672,0.0408115,0.0228012,0.353861,1.59822,0.896227,0.272132,1.33783
159.753287982,0.403524,0.0359418,1.06211,0.0658002,1.7093,0.254317,0.136554,0.250344,1.71814,0.852874,0.449453,1.47404
159.799727891,0.143116,0.0142295,1.10577,0.0626622,1.48474,0.296325,0.142373,0.662828,1.44965,0.714761,0.567993,1.67839
159.846167800,0.164883,0.0185761,0.797385,0.0695221,1.99513,0.152495,0.00957646,0.782663,1.219,0.416542,0.531114,2.41497
159.892607710,0.13198,0.0583437,0.126383,0.279968,2.81681,0.0059534,0.0449178,0.452537,1.03025,0.0954361,0.355114,2.66728
159.939047619,0.0712243,0.0710122,0,0.846737,2.53751,0.0199469,0.0448764,0,1.30662,0.0977005,0.105915,3.13116
159.985487528,0.0303944,0.1553,0,0.518865,2.07901,0.0145885,0.0524729,0,1.31724,0.0869767,0.113138,3.24737
160.031927438,0,0.212129,0.0567809,0.670327,1.57678,0.0187901,0.0595067,0.351642,0.897691,0.0585604,0.00471806,3.2012
160.078367347,0.304918,0.599984,0.0184412,0.668332,1.26542,0.0275129,0.642649,0.478285,0.792745,0.0465375,0.000103121,3.18322
160.124807256,0.561781,0.401691,7.36756e-05,0.583109,1.32679,0.0252353,1.18873,0.490059,0.223989,0.382257,0,3.06515
160.171247166,0.582947,0.180475,0,0.526036,1.24545,0.0191991,1.24146,0.441217,0.000400125,0.87261,0,2.85484
160.217687075,0.511764,0.137075,0.0585881,0.55976,1.07205,0.0212216,1.12633,0.410413,0.00267498,1.02828,0,3.19986
160.264126984,0.493492,1.00872,0.226919,0.278725,1.09397,0.19311,0.840866,0.037181,0.0639833,0.884528,0.0834295,3.33216
160.310566893,0.359826,1.10609,0.301596,0.0459437,1.10399,0.616893,0.62079,0.000684778,0.618508,0.442898,0.113116,2.56988
160.357006803,0.313339,0.784795,0.52038,0.00622759,1.22976,0.709735,0.0251078,0.00342466,0.866322,0.132367,0.123931,1.82774
160.403446712,0.232882,0.25541,0.864758,0.198891,1.09649,0.717264,0.397858,0.00499849,0.420613,0.723932,0.0165323,1.19459
160.449886621,0.155314,0.103092,1.50392,0.330136,0.828419,0.433218,0.359461,0.00508463,0.252518,1.41652,0.688841,1.12873
160.496326531,0.126144,0,2.25476,0.279695,1.00468,0.0969482,0.77675,0.0272974,0.107216,1.44254,0.841985,0.930612
160.542766440,0.0807767,0,3.31997,0.252427,0.85649,0.138901,0.948211,0.154115,0.0109465,1.85847,0.49551,0.648209
160.589206349,0.0632174,0,3.70513,0.205617,0.355979,0.126949,1.8484,0.099304,0,1.97364,0.0954549,0.483347
160.635646259,0.0441759,0,3.96897,0.061928,0.281609,0.0944094,2.36451,0.142178,0.000648584,1.88449,0.0710618,1.02692
160.682086168,0,0,4.07899,0,0.288577,0.0750005,2.51749,0.0701507,0.00175775,1.99633,0.0382295,1.5388
160.728526077,0.0098108,0,4.18094,0,0.0747452,0,2.47921,0.00621439,0.00230253,1.94586,0.0163394,1.93665
160.774965986,0.0463876,0,4.13816,0.00511428,0.0755182,0,2.54913,0.00664312,0.00266845,1.99618,0.00731418,1.91088
160.821405896,0.0548256,0,4.01442,0.000315353,0.0787969,0,2.43882,0.00692685,0.00337953,2.20177,0.0179359,1.98461
160.867845805,0.0446924,0.000666003,3.69117,0.0436369,0.0663745,0,2.20583,0.0077585,0.00352861,2.47841,0.0169189,1.72511
160.914285714,0.05451,0,3.78273,0.0647501,0.0488257,0,2.07938,0.00738614,0.00325294,2.59258,0.0228921,1.3906
160.960725624,0.0266089,0.000909405,3.90208,0.0216802,0.0462919,0,2.01964,0.00622114,0.00302106,2.49287,0.0197486,1.42779
161.007165533,0.026183,0.000161542,3.56976,0.0440099,0.0675218,0.00111972,1.70085,0.173528,0.00293046,2.22029,0.0271442,1.9778
161.053605442,0.626304,0.000177152,3.11363,0.0232528,0.206496,0,1.44924,0.503304,0.00159698,1.06977,0.0957917,2.61411
161.100045351,0.592145,0.000124286,3.12508,0,0.401965,0.0102471,1.46818,0.737812,0.0551807,0.00194291,0.0469829,2.74715
161.146485261,0.562893,0.000203799,3.36779,0,0.421263,0.0127965,1.66034,0.475754,0.0564182,0.00127294,0.0290903,2.68295
161.192925170,0.863238,0,3.63829,0.00618442,0.436189,0.158451,1.3239,0.301549,0.0571785,0.294871,0.0355995,2.40784
161.239365079,0.701845,0,3.52957,0.0320573,0.19229,0.841804,1.28413,0.00769139,0.136468,1.15268,0.340401,1.40004
161.285804989,0.397424,0.0277496,3.34086,0.103673,0.24399,0.879767,0.785233,0.0258363,0.0902649,1.28839,0.569127,0.494635
161.332244898,0.259808,0.0595283,3.53874,0.0996334,0.304368,0.698481,0.450596,0.211571,0.0845341,1.30303,0.629232,0.25959
161.378684807,0.037418,0.200995,3.75516,0.0178377,0.344101,0.486534,0.411781,0.381006,0.304358,1.18614,0.393897,0.183269
161.425124717,0,1.46141,3.06599,0.0998992,0.303918,0.229765,1.38103,0.00837296,0.55797,1.39736,0.175581,0.437593
161.471564626,0,2.65972,1.57907,0.0728929,0.165018,0.245701,1.46827,0.00284186,0.718156,1.53418,0.101828,0.6191
161.518004535,0.000633209,3.34516,0.287923,0.0717505,0.00804404,0.399169,1.21859,0.00840551,1.09649,1.35509,0.0984822,0.521513
161.564444444,0.286907,3.59989,0.0212576,0.0616054,0,0.318526,0.827506,0.315356,1.23422,0.583882,0.46334,0.28215
161.610884354,0.531742,3.16061,0.0209336,0.23424,0.0735895,0.00730264,0.469355,0.821348,0.988121,0.233338,0.480063,0.345018
161.657324263,0.431514,2.44213,0.021336,0.158502,0.0688833,0.0266217,0.300873,0.933091,0.682544,0.426843,0.259109,1.069
161.703764172,0.288232,2.05797,0.0687223,0,0.0242899,0.0352545,0.428764,0.661831,0.603108,0.382807,0.17004,1.78548
161.750204082,0.18542,1.69705,0.194108,0.0096897,0.061684,0.0493557,0.419746,0.574892,1.10055,0.210313,0.386103,1.95639
161.796643991,0.46999,1.27734,0.462529,0.0614101,0.0748063,0.0469593,0.0235947,0.307783,1.83318,0.155525,0.334246,1.82534
161.843083900,0.750401,0.0632607,0.62177,0.29235,0.0721717,0.0251694,0,0.165854,2.13409,0.876717,0.270686,1.3376
161.889523810,1.06774,0.305342,0.865585,0.433387,0.33282,0.0264498,0,0.131555,1.33899,2.50935,0.325663,0.344915
161.935963719,0.86037,0.254639,1.0273,0.507668,0.518183,0.19006,0.325314,0.105515,0.53536,3.17842,0.410563,0.0453097
161.982403628,0.314085,0.417028,1.11075,0.14873,0.915973,0.142106,0.307696,0.0606286,0.1774,3.24205,0.438814,0.111796
162.028843537,0.180197,0.443196,0.8453,0.15242,1.19221,0.0805587,0.223365,0.102547,0.117888,3.23009,0.431144,0.225234
162.075283447,0.138152,0.606671,1.00661,0.153144,1.393,0.0844759,0.0895451,0.227927,0.114276,3.10823,0.428061,0.259235
162.121723356,0.0723369,0.71772,1.26627,0.14403,1.40435,0.0109559,0.00526935,0.357998,0.0460584,2.97479,0.353186,0.167913
162.168163265,0,1.12082,1.45593,0.0117725,1.57743,0.00141313,0,0.305688,0.0513814,3.01017,0.171656,0.0462652
162.214603175,0,1.07834,1.73759,0.0156296,1.71175,0,0.513311,0.0284252,0.174161,2.78267,0.106038,0.000115751
162.261043084,0,1.12049,1.69863,0.0380489,1.67082,0,0.722173,0.00970969,0.111947,2.86754,0.0153424,0.000150559
162.307482993,0,1.10073,1.45042,0.0451435,1.50227,0.00120738,0.961259,0.0438732,0.0189976,2.91619,0.12022,0.000250157
162.353922902,0,0.861774,1.54205,0.0250194,1.37724,0.0800022,1.23098,0.0886045,0.00306078,2.66751,0.0924774,0.000500632
162.400362812,0,0.477323,1.69014,0.0142415,1.38827,0.121682,1.2793,0.0838336,0,2.72506,0.0134541,0.000607712
162.446802721,0,0.504615,1.7854,0.119564,1.44664,0.0378238,1.26619,0.145451,0.00399014,2.75859,0,0.000514831
162.493242630,0.0630461,0.493953,1.90975,0.425709,1.18335,0.0225912,1.49287,0.242532,0.00393596,2.43718,0,0.298347
162.539682540,0.500171,0.168075,1.97827,0.741693,0.373389,0.0306517,1.5961,0.272005,0.00314597,2.0001,0,1.85069
162.586122449,0.546491,0.0015904,2.08349,0.782026,0,0.0237312,1.45818,0.247908,0.00674416,1.12492,0,3.03923
162.632562358,0.622412,0.00165234,2.14624,0.788277,0,0.0240292,1.43842,0.300356,0.00547253,0.511534,0,3.59116
162.679002268,0.676581,0.00149224,2.12357,0.804003,0,0.00499701,0.902981,0.19337,0.032669,0.23152,0,3.63704
162.725442177,0.724688,0.00162957,1.71291,0.749343,0.176523,0.0128171,1.37298,0.238697,0.00954446,0.462213,0.276659,3.03497
162.771882086,0.597125,0.00136811,1.12882,0.741501,0.478459,0.385034,1.76625,0.421897,0.0914466,0.988804,0.330852,1.87322
162.818321995,0.425305,0.316468,0.58717,0.285892,1.34846,0.250452,1.6261,0.593605,0.0793079,1.84781,0.47618,0.594857
162.864761905,0.285095,0.476278,1.11197,0.178347,1.66189,0.182183,0.684537,0.684919,0.0637321,2.19327,0.501204,0.431823
162.911201814,0.0873145,0.707222,2.21404,0.178431,2.28455,0.131593,0.287661,0.417581,0.0131686,1.97984,0.179618,0.52738
162.957641723,0.0178495,1.00965,2.63312,0.112274,1.97352,0,0.815423,0.0361983,0.0141079,1.92516,0.0895369,0.293511
163.004081633,0,0.849604,2.67558,0.0668804,1.69142,0,1.4712,0.0280756,0.0462526,1.59004,0.0418991,0.150631
163.050521542,0.125528,0.595644,2.65953,0.0511858,0.972621,0,1.40126,0.630567,0,1.68609,0.0300674,0.598451
163.096961451,0.706626,0.665375,2.40692,0.211216,0.425036,0,1.16483,0.684995,0,0.97668,0.288785,1.31837
163.143401361,0.752735,0.240683,2.27109,0.207107,0.577742,0,0.930406,0.702354,0.304635,0.466975,0.485239,1.59993
163.189841270,0.726502,0.1792,2.03353,0.172174,0.717691,0,0.795145,0.710613,0.419867,0.528305,0.520252,1.52692
163.236281179,0.681127,0.265596,1.38155,0.400927,0.688476,0.00315036,0.774702,0.723427,0.393774,0.78695,0.423576,1.4765
163.282721088,0.743987,0.289099,0.717497,0.712916,0.309115,0.0312274,1.31136,0.70012,1.56192,0.883072,0,1.31023
163.329160998,0.562041,0.0852041,0.586953,0.819753,0.0692397,0.0598964,1.96175,0.328,1.23077,1.04751,0.000344676,1.39293
163.375600907,0.529288,0.126768,0.627076,0.781497,0.0796183,0.106521,1.99985,0.171202,0.835775,0.971907,0.00143306,1.29229
163.422040816,0.40925,0.0850968,0.76878,0.761447,0.133027,0.355495,2.10085,0.123202,0.520593,1.15935,0.0726656,1.00245
163.468480726,0.162659,0.239144,0.893262,0.422901,0.736149,0.408028,2.00476,0.0757916,0.22043,1.40873,0.569554,0.79761
163.514920635,0.590892,0.654703,0.839991,0.0187104,0.922432,0.225256,1.70737,0.278557,0.2033,1.36857,0.627352,0.553978
163.561360544,0.790376,1.30096,0.569128,0.0338701,0.734832,0.414325,1.04179,0.458991,0.295211,1.49966,0.635761,0.424058
163.607800454,0.772483,1.82445,0.0150268,0.0632245,0.664896,0.522104,1.36038,0.487283,0.164147,2.20212,0.191802,0.301894
163.654240363,0.244242,1.8874,0.0213824,0.0801464,1.89954,0.0284326,1.54146,0.353297,0,2.88696,0.124063,0.419498
163.700680272,0.118808,2.05779,0.122583,0.0805432,2.35447,0.03228,1.20737,0,6.05011e-05,3.18353,0.0402644,0.562779
163.747120181,0.0028075,1.73022,0.0064887,0.0621016,2.61799,0.0300608,1.46529,0.0404411,0.00537622,3.27359,0,0.367432
163.793560091,0,1.50072,0,0,2.84644,0.0280004,1.55075,0.0428757,0.0103651,3.23878,0.000163508,0.313247
163.840000000,0,1.17823,0,0,2.8738,0.0269634,1.42678,0.044076,0.0202337,3.16365,0.000298505,0.604722
163.886439909,0,0.837459,0,0,2.96348,0.0259226,1.29894,0.0464255,0.121815,3.01429,0.000296397,0.801258
163.932879819,0,1.04381,0.00921629,0,3.13883,0.0269768,1.09137,0.045874,0.148485,2.8217,0.000395797,0.807147
163.979319728,0,1.45587,0.0344649,0.0928562,3.16001,0.0296054,1.03104,0.0695412,0.0663527,2.48487,0.000320228,0.720988
164.025759637,0.286352,1.65179,0.299973,0.197508,2.30529,0.170864,0.967071,0.295945,0.0195649,2.27254,0.0281005,0.795876
164.072199546,0.455468,1.32484,0.296179,0.188998,2.50994,0.328365,0.775123,0.558906,0.00833368,1.74454,0.0295429,1.01848
164.118639456,0.478478,1.11644,0.164308,0.190498,2.80261,0.132475,0.900582,0.759103,0.0127,1.57533,0.0263304,0.833718
164.165079365,0.585225,1.01313,0.0115413,0.232416,2.60534,0.0332628,1.29695,0.743184,0.0190418,2.00585,0.0284692,0.428548
164.211519274,0.599371,1.1922,0.166462,0.146154,2.63424,0.064658,0.91358,0.480759,0.363136,1.54441,0.290172,0.468286
164.257959184,0.45989,0.722088,0.169786,0.148389,2.76133,0.217219,0.359276,0.504991,0.714329,1.43288,0.329278,0.485779
164.304399093,0.17833,0.681077,0.00117912,0.153909,3.1198,0.189512,0.102509,0.532002,0.839303,1.0506,0.320859,0.7442
164.350839002,0.149162,1.2092,0,0.143194,3.44608,0.025797,0.137472,0.195805,0.91093,0.616238,0.259712,0.950219
164.397278912,0.0442246,1.30586,0.976375,0,2.61274,0.0516124,1.47394,0.053919,1.84174,0.471117,0.15631,0.623116
164.443718821,0.0324186,1.81204,1.64278,0.193539,0.565994,0.371328,1.79587,0.0131018,1.62685,0.117491,0.587084,0.192218
164.490158730,0.0846258,2.64727,1.24756,0.113098,0.0851298,0.412376,1.83113,0.0107983,1.49786,0.168763,0.207037,0.203645
164.536598639,0.00313179,2.93743,0.209751,0,0,0.460943,1.90521,0.0523404,1.42182,0.578033,0,0.036458
164.583038549,0.35531,3.23922,0,0.147448,0.0384522,0.253577,1.46002,0.186703,1.35894,0.594336,0,0.359454
164.629478458,0.413325,3.19499,0,0.287119,0.203929,0.121773,1.37695,0.302677,1.59409,0.417491,0,0.723339
164.675918367,0.353316,3.49484,0.145149,0.175458,0.159466,0.116419,1.28893,0.309535,1.59691,0.225757,0,0.808704
164.722358277,0.294791,3.55273,0.172819,0.0627154,0.0651787,0.0980268,1.32994,0.239932,1.56902,0.239659,0,0.757595
164.768798186,0.272676,3.24199,0,0.153999,0.0270372,0.0657151,1.242,0.074986,1.13698,0.0801363,0,1.63936
164.815238095,0.183506,1.53953,0,0.310285,0.0287351,0.0393192,1.5083,0.0455189,0.984992,2.45719e-05,0,3.09289
164.861678005,0.110449,0.190164,0,0.513499,0.0775825,0.049411,1.52164,0.0411204,0.694867,0.00201757,0,3.857
164.908117914,0.16687,0.0227204,0.137549,0.721821,0.108159,0.195658,1.82577,0.13381,0.343209,0.0550136,0.15498,3.7134
164.954557823,0,0.00262747,0.166349,0.91952,0.19484,0.21342,1.98235,0.31424,0.319292,0.104609,0.351589,3.24624
165.000997732,0.0728908,0,0.642696,0.924669,0.228115,0.0733259,1.65888,0.385068,0.461735,0.126648,0.461547,3.01058
165.047437642,0.207307,0,1.01058,0.135176,1.02571,0,0.923322,0.349065,1.0471,0.117706,0.601071,2.4439
165.093877551,0.151215,0.0429504,0.775158,0.10552,2.01736,0.00310416,0.463394,0.311611,1.25382,0.105163,0.474065,2.44208
165.140317460,0.112449,0.109808,0.0207443,0.70308,1.53028,0.0141677,0.483734,0.124718,1.32039,0.167015,0.173341,2.6661
165.186757370,0.135694,0.134214,0,0.730691,1.68957,0.017747,0.488249,0.0995682,1.74229,0.135401,0.262369,2.41709
165.233197279,0.00354334,0.140999,0.0067408,0.654941,1.83308,0.0175701,0.547736,0.120632,2.22768,0.0721293,0.228348,2.35848
165.279637188,0,0.160653,0.101551,0.745905,1.90069,0.0197487,0.597585,0.0459207,2.8387,0.0336428,0.0928191,2.28421
165.326077098,0,0.160364,1.02506,0.186294,1.83355,0.230348,0.424355,0.0119486,2.5195,0.0636763,0.000415238,1.49673
165.372517007,0.0682452,0.0372216,1.44057,0.124163,1.72552,0.292795,0.129395,0.0429953,2.16665,0.167188,0,0.969264
165.418956916,0.0503628,0,1.33972,0.00582318,2.34913,0.274666,0.0116822,0.0458759,2.13985,0.257884,0,1.05795
165.465396825,0,0.0128174,1.01318,0.0432028,3.33839,0.0757427,0,0.0324452,2.35102,0.328083,0,1.3556
165.511836735,0.000217197,0.0370666,0.629836,0.153931,3.86195,0.0134161,0,0.185119,2.20276,0.332676,0,1.57075
165.558276644,0.239715,0.0390396,0.57993,0.160533,3.78083,0.0138394,0,0.279496,2.09206,0.0685599,0.00617448,1.8116
165.604716553,0.32646,0.0393953,0.723177,0.149475,3.72448,0.0160021,0.00339828,0.287517,1.99021,0,0.00614245,1.87303
165.651156463,0.346914,0.0381103,0.613287,0.129615,3.78414,0.0183082,0.00599797,0.22683,1.84643,0.0102909,0.0372858,2.13609
165.697596372,0.211331,0.0263916,0.197876,0.105028,3.87031,0.0420583,0.00911309,0.0856358,2.31177,0,0,1.91775
165.744036281,0.216131,0.00408391,0.225497,0.0812581,3.51705,0.169641,0.010762,0.0403378,2.01612,0.303742,0.324084,1.83125
165.790476190,0.139001,0,0.660265,0.0880086,2.45147,0.380743,0.13217,0.474324,1.316,0.610363,0.464043,1.85996
165.836916100,0.116418,0,0.576968,0.134674,2.24356,0.199731,0.142559,0.693887,0.689679,0.650495,0.516963,2.22661
165.883356009,0.109879,0.0148512,0.0300368,0.218274,2.30617,0.0136402,0.250217,0.635539,0.610959,0.257418,0.479175,2.67516
165.929795918,0.0820574,0.188053,0,0.178828,2.93298,0.0188219,0.304002,0.105331,1.49483,0.081964,0.212299,2.57553
165.976235828,0.0279664,0.18353,0,0.10428,3.23744,0.016183,0.132543,0.174104,1.52589,0.116591,0.245736,2.19316
166.022675737,0.196576,0.0974315,0,0.0775275,3.55851,0.0055956,0.0682171,0.468796,1.16923,0.0554717,0.0611988,2.20453
166.069115646,0.33046,0.436679,0.0534819,0.204876,2.92443,0.0157125,0.217141,0.682853,0.0583901,0.208046,0.487442,2.0382
166.115555556,0.600914,0.224771,0,0.266304,2.12064,0.0226268,0.714601,0.698607,0,0.29685,0.340501,2.33392
166.161995465,0.583336,0.045244,0.0881833,0.279884,1.80808,0.0238769,0.983445,0.6196,0,0.534077,0.172114,2.50879
166.208435374,0.496646,0.00129634,0.0729156,0.31127,1.88316,0.037651,1.03456,0.438902,0.000444422,0.726113,0.0559025,3.10391
166.254875283,0.440658,0,0,0.36202,2.19559,0.0348484,1.04172,0.186127,0.0023,0.656625,0.0445922,3.33392
166.301315193,0.920667,0.0730213,0.000130016,0.159038,2.60698,0.0618367,0.605477,0.271188,0.175847,0.375104,0.0228396,2.70391
166.347755102,1.38008,1.43136,4.15541e-05,0.0594595,2.57781,0.376129,0.1504,0.289746,0.616356,0.284789,0,1.65027
166.394195011,1.11082,2.82604,0.0135133,0.101938,1.94165,0.373425,0.111632,0.223729,0.430035,0.413205,0,0.817555
166.440634921,0.265206,3.39671,0.166892,0.092726,1.59867,0.42941,0.0890892,0.0820112,0.491213,0.669921,0.563655,0.727815
166.487074830,0.148278,3.40426,0.181759,0.0835474,1.30385,0.503181,0.371863,0.0311242,0.582937,0.797719,0.681284,0.583553
166.533514739,0.114866,3.03996,0.875171,0.0939514,0.924319,0.432736,0.732986,0.0305098,0.30938,1.04826,0.617581,0.47573
166.579954649,0.0707785,1.26889,2.90607,0.124749,0.318311,0.250845,1.25486,0.0355102,0.0774674,0.764437,0.327908,0.452752
166.626394558,0.0475191,0,3.82762,0.0367719,0.349193,0.125281,1.76117,0.102429,0.0250882,0.852833,0.168211,1.12244
166.672834467,0.0704978,0,4.04604,0.0146025,0.324689,0.115015,2.15936,0.0296174,0.00496112,1.09728,0.13907,1.26622
166.719274376,0.131476,0,4.07921,0,0.372882,0.0163086,2.3188,0.00955559,0.00557893,1.46242,0.00822828,1.27474
166.765714286,0.18122,0,3.99281,0,0.526881,0,2.36818,0.00578794,0.00532743,1.4534,0.00418891,1.38428
166.812154195,0.177377,0.003014,3.9371,0,0.720777,0,2.34034,0.000886842,0.00361206,1.38415,0.000407506,1.45978
166.858594104,0.189668,0,3.86553,0,0.771016,0,2.34165,0,0.000417922,1.41219,0.012685,1.53678
166.905034014,0.204807,0,3.88086,0,0.724894,0,2.34101,0,0,1.36614,0.0106942,1.60241
166.951473923,0.249573,0,3.73608,0,0.88956,0,2.27496,0,0.00236106,1.54291,0.01108,2.04738
166.997913832,0.223339,0,3.5634,0,0.701121,0,2.03281,0,0.0515647,1.75237,0.0151932,2.28285
167.044353741,0.157441,0,3.57834,0,0.122716,0.0093417,1.59453,8.0397e-05,0.0114498,2.03086,0.0176216,2.37635
167.090793651,0.112178,0,3.59691,0.0013227,0.0801518,0,1.50932,0.00645077,0.000221871,2.02349,0.014686,2.05376
167.137233560,0.0819754,0,3.59703,0,0.0784495,0,1.48153,0.00784546,0.000446908,1.66205,0.0193796,2.01907
167.183673469,0.102344,0,3.76227,0,0.0954178,0,1.28501,0.00654449,0.00033853,1.55376,0.0383562,1.9138
167.230113379,0.153374,0,3.80858,0,0.117569,0,1.09033,0.00473891,0.0664972,1.69211,0.072589,1.5688
167.276553288,0.204505,0,3.83261,0,0.121612,0,0.897253,0.0086681,0.1381,1.83019,0.115973,0.931493
167.322993197,0.268897,0,4.04138,0,0.100749,0,0.548982,0.0119631,0.160205,1.58948,0.161048,0.348205
167.369433107,0.278441,0.0577578,4.24912,0,0.0802464,0,0.439555,0.0351823,0.326347,1.19979,0.375163,0.587103
167.415873016,0.210685,2.05943,2.93558,0.0184461,0.035951,0.0848495,0.759452,0.0896611,0.254621,1.54093,0.000804074,0.538509
167.462312925,0.000423984,3.1161,1.77491,0.255404,0,0.180231,0.856063,0.0689818,0.773574,0.825084,0.0190284,0.635738
167.508752834,0.0325897,3.62247,1.4718,0.0755868,0,0.195266,0.723606,0.34068,0.703189,0.564679,0.134316,0.50012
167.555192744,0.000179597,3.79554,1.12018,0.110678,0,0.193789,0.751583,0.526874,0.576111,0.577798,0.0589056,0.401338
167.601632653,0.000275668,3.99842,0.836915,0.132778,0,0.182732,0.816115,0.379041,0.683446,0.586026,0.000108951,0.348708
167.648072562,0.000160945,4.07986,0.573034,0.141227,0.00658503,0.153457,0.580277,0.177985,0.513827,0.443856,0.0177432,0.388016
167.694512472,0.0394625,3.91738,0.412006,0.124387,0.0112704,0.0842016,0.293041,0.184938,0.482623,0.268946,0.0475344,1.01973
167.740952381,0.059577,3.24317,0.312991,0.0488146,0.0390791,0.0320069,0.0816133,0.0103939,0.438166,0.943929,0.0569013,1.68066
167.787392290,0.302982,2.33385,0.356013,0.0190219,0.297212,0.0272201,0.1676,0.0201445,0.252142,1.74779,0.0368325,2.11009
167.833832200,0.364507,0.611839,0.710283,0.0181031,0.250899,0.0629283,0.292036,0.0694084,0.00606928,2.16394,0.0325606,2.31668
167.880272109,0.174868,0.845991,0.92644,0,0.2582,0.0189786,0.429056,0.11243,0.0531666,2.2161,0.135941,1.88351
167.926712018,0.499013,0.0311965,0.993144,0,0.650256,0.032594,0.832512,0.28618,0.0686417,2.3162,0.139265,1.6765
167.973151927,0.519515,0.000333313,0.985643,0.0139065,1.2091,0.158591,0.737046,0.19684,0.484876,2.36298,0.350066,1.27565
168.019591837,0.468767,0.4189,0.723009,0.0166734,1.75766,0.0202843,0.53678,0.333239,0.532709,2.66065,0.469009,0.859583
168.066031746,0.432811,0.68185,0.989512,0.0239344,1.75092,0.0123637,0.217489,0.443879,0.448949,2.84157,0.493015,0.541037
168.112471655,0.319195,0.690289,1.32469,0.0448018,1.96525,0.0154624,0.0988693,0.422907,0.228485,2.63859,0.372627,0.68997
168.158911565,0.0850407,0.674457,1.71082,0.0179302,2.08644,0.00951451,0.501252,0.36562,0.022736,2.58487,0.105357,0.350528
168.205351474,0,0.735317,2.13449,0.0125125,2.10374,0.00379894,0.503612,0.0978895,0.0482639,2.50621,0.0171248,0.317051
168.251791383,0,0.794769,2.16545,0.0132796,1.97083,0,0.561487,0.125232,0.0309714,2.46158,0.0021469,0.289474
168.298231293,0,0.784083,2.14267,0.0144619,1.61031,0,0.946536,0.133449,0,2.88451,0.0119242,0.109088
168.344671202,0.191475,0.53065,2.08243,0.035715,1.06628,0.0235803,1.86984,0.00339587,0,2.35534,0.0115408,1.85001
168.391111111,0.222971,0.242696,2.12092,0.556512,0.0741002,0.0292407,2.53991,0.00292613,0,1.08546,0.0037353,3.14543
168.437551020,0.163031,0.079436,1.91771,0.562304,0,0.0297497,2.61639,0.00586105,0.00113231,0.703051,0.00435775,3.6003
168.483990930,0.0821687,0.0566854,1.90413,0.573858,0,0.0280368,2.58314,0.0108541,0,0.624936,0.0038257,3.64561
168.530430839,0.339057,0.00118527,2.18235,0.62523,0,0.017565,2.36633,0.0963929,0,0.655877,0.00182535,3.38347
168.576870748,0.477174,0.00150007,2.27044,0.567978,0,0.00957657,2.10971,0.20108,0,0.938365,0,3.15657
168.623310658,0.507454,0.00182542,2.19829,0.531876,0,0.0201093,1.97095,0.217366,0.00633331,1.08721,0,3.09808
168.669750567,0.547163,0.0274497,2.12294,0.668201,0,0,2.22176,0.104062,0,1.07652,0,3.20815
168.716190476,0.514504,0.00739065,1.83697,0.782107,0.107717,0.00767631,2.30643,0.0137316,0,1.07109,0.090293,3.34786
168.762630385,0.315591,0.0120376,1.68723,0.77973,0.429143,0.261979,2.22091,0.0102017,0,0.716995,0.228843,3.3265
168.809070295,0.13148,0.0314014,1.8029,0.813445,0.41839,0.105751,2.10429,0.0837631,0,0.46385,0.259489,3.34557
168.855510204,0.0728627,0.0878664,1.94656,0.890144,0.371998,0.0923028,1.99241,0.242515,0,0.354551,0.131971,3.77628
168.901950113,0.0460107,0.163548,2.27509,0.834536,0.293453,0.0825312,1.97376,0.00684752,0,0.238547,0.0976086,4.04612
168.948390023,0,0.193801,2.31826,0.863055,0.0248054,0.0219512,2.11813,0.00823278,0,0.504911,0.00931901,4.22702
168.994829932,0,0.214819,2.28169,0.853624,0.0212579,0.0207441,2.22967,0.0082133,0,0.687981,0.000465382,4.15122
169.041269841,0,0.21268,2.19496,0.729896,0.0984539,0.0267609,2.21357,0.354382,0.0181213,0.778516,0.00121463,3.9152
169.087709751,0.387005,0.557365,1.91166,0.288034,0.0315768,0.393572,1.76364,0.600608,0.272082,0.737621,0.0825425,3.10105
169.134149660,0.603405,0.791928,1.53216,0.0825674,0,0.558692,1.40362,0.591877,0.994496,0.183909,0.0833943,2.38297
169.180589569,0.633945,2.29436,1.24139,0.0640384,0,0.564569,1.0403,0.502158,0.753885,0.293123,0.0536103,1.55384
169.227029478,0.556564,3.22877,1.23367,0.0879377,0,0.55896,1.00391,0.33226,0.483219,0.526276,0.00446715,0.943275
169.273469388,0.376036,3.50997,1.25197,0.132914,0,0.514352,1.01201,0.103355,0.613627,0.773194,0,0.791338
169.319909297,0.254717,3.37318,1.32959,0.143032,0,0.380432,1.02992,0,0.820988,1.01741,0,0.983341
169.366349206,0.262261,2.78944,1.78561,0.185499,0,0.241759,1.09628,0,0.848662,0.917776,0,1.30216
169.412789116,0.323825,1.09612,2.11553,0.198825,0.0711428,0.224374,1.54892,0.0722808,1.00742,0.825706,0.0665842,1.53623
169.459229025,0.0369268,0.0646257,2.4428,0.165134,0.0588259,0.247802,1.71886,0.159361,0.838244,0.166425,0.703604,2.01118
169.505668934,0.0701821,0.0539967,2.2611,0.201934,0.483489,0.0487869,1.94048,0.0706255,0.792856,0.119452,0.620284,1.63478
169.552108844,0.132616,1.29685,1.18516,0.210633,1.00619,0.0277827,1.76442,0.0245121,0.822872,0.849589,0.60785,0.68789
169.598548753,0.110287,2.28731,0.377021,0.157205,1.59155,0.0303497,1.82209,0.030462,0.870836,1.87614,0.458789,0.148518
169.644988662,0.0528071,2.7937,0.0856987,0.148723,1.87909,0.162022,1.59592,0.0608419,0.704356,2.20528,0.0876758,0.172276
169.691428571,0.0219255,3.05354,0.109069,0,1.35395,0.1531,1.44733,0.0771233,0.133101,2.48973,0,0.37352
169.737868481,0,3.06484,0.213529,0,1.27449,0.0883436,1.35049,0.0898205,0.000465644,2.79226,0.00958476,0.315778
169.784308390,0,2.8516,0.119612,0.049095,1.29142,0.0248436,1.32101,0.493001,0,3.21284,0.0312932,0.097938
169.830748299,0.200463,2.58065,0,0.104546,1.43629,0.0272003,1.1623,0.868385,0,2.58484,0.0136393,0.554413
169.877188209,0.237193,2.31798,0,0.0544367,1.55472,0.0251895,1.23504,0.749782,0.232025,2.21883,0.00590537,0.891041
169.923628118,0.0184728,2.18719,0.0242059,0.0037591,1.73393,0.209127,1.14855,0.44848,0.480046,2.28131,0.00725446,0.813282
169.970068027,0,1.98986,0.0604956,0.0384154,1.89978,0.306833,0.945011,0.28485,0.757791,2.25872,0.00691219,0.396327
170.016507937,0.154909,1.62474,0.404664,0.189528,1.71357,0.157995,0.823647,0.372336,0.823316,2.23518,0.0212198,0.267062
170.062947846,0.30146,1.33444,0.877036,0.297912,1.23599,0.0532542,0.81372,0.459222,0.797381,2.2148,0.124191,0.32504
170.109387755,0.306131,1.54528,1.0123,0.487026,0.85259,0.0605242,1.01853,0.518383,0.730446,2.10924,0.0319697,0.492275
170.155827664,0.346662,1.76764,0.774992,0.423112,0.905543,0.0607999,1.32368,0.524431,0.671676,2.0926,0.000369649,0.844816
170.202267574,0.310941,1.99143,0.298568,0.246834,1.66813,0.0837321,1.42501,0.428178,0.601719,1.79354,0.00925804,0.72792
170.248707483,0.255587,1.2804,0,0.290553,2.30012,0.311291,1.17911,0.0693993,0.826106,1.59283,0.488977,0.565109
170.295147392,0.126666,0.386218,0.00154499,0.483408,2.32763,0.230787,0.715922,0.124221,0.721368,2.50012,0.584366,0.360108
170.341587302,0.081681,0.477469,0.00562092,0.48905,2.02946,0.0491853,0.634181,0.127732,0.11277,3.62701,0.42905,0.226673
170.388027211,0.0926124,0.946837,0.00591733,0.229274,1.76098,0.139983,0.835142,0.0462825,0.274346,3.45253,0.12446,0.238902
170.434467120,0.290647,1.39152,0.0546443,0.0657246,1.65902,0.161673,1.21325,0,0.786503,2.23053,0.0749262,0.223148
170.480907029,0.314385,1.05173,0.288709,0.0337751,1.59143,0.128859,1.45039,0,1.03617,1.425,0.000967221,0.208091
170.527346939,0.151454,1.00356,0.269208,0.0860811,1.68812,0.0874858,1.35892,0.16792,0.640062,1.74222,0.000920823,0.231995
170.573786848,0.328786,0.990493,0.0881291,0.203212,1.60658,0.0376681,1.26783,0.520111,0.125564,2.64784,0.198649,0.33575
170.620226757,0.418508,1.11823,0.0502634,0.418451,1.39451,0.0390933,1.04475,0.637369,0,3.3281,0.218518,0.620036
170.666666667,0.381715,1.41969,0.0425355,0.417683,1.25202,0.0342872,1.15878,0.610004,0,3.60228,0.000508861,0.748822
170.713106576,0.287231,1.80297,0.088451,0.213816,1.59893,0.0466638,1.24778,0.451537,0,3.76497,0.00183316,0.700547
170.759546485,0.241773,2.04265,0.0921801,0.00113208,1.91064,0.0537209,1.19193,0.184202,0,4.05035,0.00332752,0.64205
170.805986395,0.156783,1.98738,0.134678,0,2.04931,0.0550622,1.15796,0.15326,0,4.14223,0.0032865,0.68642
170.852426304,0.128335,1.86148,0,0.101949,2.0396,0.0553771,1.18218,0.248175,0,4.13444,0.00306017,0.808706
170.898866213,0.285242,1.97053,0.0671584,0.216036,2.01554,0.0660088,1.34583,0.351697,0,3.92385,0.00334906,0.268575
170.945306122,0.00477263,1.98632,0.139173,0.130322,2.1241,0.106333,0.491525,0.414656,0.064362,3.65213,0.272328,0.0969273
170.991746032,0.0416613,1.65827,0.270651,0.120271,1.67031,0.0844488,0.040002,0.435848,0.0276665,3.69067,0.223641,0.0419121
171.038185941,0.0742534,1.57411,0.394232,0.101334,1.32744,0,0.0602111,0.495659,0.0642336,3.67189,0.180619,0.406053
171.084625850,0.124403,1.05576,0.216044,0.0267848,2.06359,0,0.0283459,0.344635,1.04553,2.65799,0.181925,1.24612
171.131065760,0.121102,0.724406,0.0310391,0.1333,2.67104,0.00731264,0,0.187985,1.74313,1.35306,0.164119,2.23967
171.177505669,0.0666895,0.77689,0.0304852,0.00262848,2.88055,0.00972505,0.00815685,0.328459,1.48451,0.856342,0.345138,1.70168
171.223945578,0.0311031,0.72504,0.0266591,0.00504922,2.86784,0.0087598,0.00932756,0.368588,0.991048,1.74185,0.218856,1.38425
171.270385488,0.0585823,0.875995,0.0139116,0.076885,2.82628,0.0217808,0.00904295,0.40321,0.817297,2.53467,0.0150835,1.35244
171.316825397,0.21715,1.28492,0,0.118741,2.75768,0.0154552,0.0117395,0.485703,0.892554,2.52221,0.0789644,1.19002
171.363265306,0.313717,2.2778,0,0.312978,2.52244,0.0498889,0.0153769,0.51502,0.909973,1.92816,0.0383293,0.671227
171.409705215,0.220132,3.15399,0,0.519979,2.17966,0.081996,0.0106063,0.537032,1.04522,1.53602,0,0.585957
171.456145125,0,3.53457,5.27204e-05,0.616619,1.91294,0.271091,0.188029,0.418367,1.4056,0.721058,0,0.618751
171.502585034,0.193483,2.72937,0.304079,0.297724,1.72329,0.0797678,0.995976,0.241569,1.48859,0.0154564,0,0.940295
171.549024943,0.770305,2.13404,0.396162,0.267601,1.56884,0.0622076,1.26586,0.14427,1.04463,0,0,1.5823
171.595464853,1.07775,1.16747,0.448858,0.280337,1.56581,0.0423805,1.12931,0.205715,0.679719,0,0,2.45687
171.641904762,0.759086,0.308264,0.437355,0.347253,1.60272,0.0463259,1.20702,0.235384,0.926127,0.00924992,0,2.92469
171.688344671,0.210884,0.0157051,0.345645,0.605325,1.68585,0.0286206,1.45343,0.0550843,1.17979,0,0.0110509,2.84422
171.734784580,0.232672,0.0283178,0.191442,0.708399,1.94386,0.0504612,1.52095,0.00585979,0.83629,0.559912,0.328798,2.28167
171.781224490,0.226999,0.5616,0.155895,0.189844,2.20944,0.160729,0.779542,0.0298717,0,2.58679,0.907089,0.630043
171.827664399,0.196217,0.586638,0.0017336,0.189648,2.28886,0.0908817,0.0563689,0.0421626,0,3.0853,0.86522,0.572969
171.874104308,0.134108,0.535861,0.0413013,0.335447,2.27359,0.00704737,0.175879,0.0182136,0.00902813,2.9363,0.555124,1.30877
171.920544218,0.0730779,0.647694,0,0.624546,2.07248,0.0344891,0.549362,0.0115112,0,2.55017,0.206859,2.14156
171.966984127,0.000296536,0.463134,0,0.759118,1.95073,0.0198093,0.821119,0.0109628,0.537806,1.16903,0.0768902,2.42288
172.013424036,0.00697876,0.0807719,0,0.786611,1.84938,0.00256085,0.906326,0.00890204,0.631463,0.582916,0.0260716,2.91834
172.059863946,0.102183,0.372886,0,0.746722,1.94419,0.00530022,0.776582,0.295566,0.315898,0.351274,0.106987,3.07963
172.106303855,0.643253,0.327826,0,0.450211,1.85415,0.0563976,0.415287,0.860837,0.511938,0.320602,0.155082,2.76094
172.152743764,0.597182,0.692796,0,0.307528,1.7748,0.790317,0.101475,1.08728,0.735991,0.198082,0.11984,1.97697
172.199183673,0.674366,0.789485,0,0.404311,2.24262,0.686008,0.103543,1.04718,0.703711,0.108908,0.119,1.80305
172.245623583,0.730847,0.738314,0,0.488322,2.90674,0.186589,0.0975166,0.774184,0.944898,0.0235353,0.056788,1.80696
172.292063492,0.451132,0.26239,0.00882126,0.400713,3.25833,0.0129345,0.0855746,0.063016,1.65844,0,0.0122107,2.04895
172.338503401,0.311374,0,0,0.375009,2.99136,0.0138267,0.107028,0.0487045,1.87997,0,0,2.31587
172.384943311,0.262694,0.155024,0.000322323,0.745619,2.66234,0.0165194,0.184181,0.0574652,1.75597,0.0967588,0,2.38276
172.431383220,0.134008,0.181324,0.273057,0.479084,3.01713,0.0371706,0.26663,0.0127083,1.58542,0,0.674464,2.38116
172.477823129,0.280096,0.0187786,0.712532,0.137311,2.95206,0.0267581,0.583016,0.0435305,1.06908,0.286249,0.92779,2.21298
172.524263039,0.138973,0.00282556,1.06736,0.099223,1.31439,0.50322,1.47352,0.0792699,0.736893,0.606708,1.08086,2.25973
172.570702948,0.0481622,0,2.4462,0.164757,0.584237,0.135833,2.22565,0.170678,0.188377,1.1963,0.991238,1.55499
172.617142857,0,0,2.66805,0.389087,0.299004,0.0957438,2.39681,0.189845,0.729377,1.17449,0.789751,0.980913
172.663582766,0,0,2.59306,0.553052,0.32366,0.135608,2.41625,0.0668594,0.830189,0.883991,0.502483,1.41348
172.710022676,0.00548885,0,2.57881,0.575038,0.146337,0.0397337,2.35413,0.147801,0.923308,0.801171,0.298577,1.64292
172.756462585,0.0218038,0,2.60242,0.569144,0.0721696,0.0336102,2.36227,0.0698099,0.799699,0.913275,0.200062,1.86633
172.802902494,0.0478389,0.169932,2.66065,0.412694,0.217338,0.386201,2.11653,0.0713554,0.399697,1.17214,0.246039,1.93284
172.849342404,0.0410888,0.45643,2.07083,0,0.514467,0.68103,1.44393,0.415427,0,2.36861,0.0214469,1.61764
172.895782313,0.0459684,0.578785,1.74534,0.0125334,0.631596,0.608682,1.04679,0.42667,0,2.80121,0.0290907,1.59613
172.942222222,0.0472857,0.651899,1.95425,0.0239145,0.823362,0.514296,0.884951,0.460448,0,3.12323,0.023954,1.2169
172.988662132,0.0131308,0.622594,2.38041,0.0820399,0.780308,0.140383,0.624815,0.462551,0.000686023,3.2679,0.0193406,0.834195
173.035102041,0.349392,0.350266,3.03916,0.237192,0.297896,0.166653,0.457665,0.400738,0.0101052,3.24425,0.0470926,0.428436
173.081541950,0.56784,0.276671,3.11699,0.251651,0.0729381,0.30916,0.362615,0.320235,0.0215389,3.23645,0.059353,0.59671
173.127981859,0.66638,0.234269,2.98748,0.257829,0.205587,0.214037,0.475916,0.289491,0.0265115,3.2222,0.026964,0.715988
173.174421769,0.794188,0.0886415,2.79344,0.20905,0.412546,0.153887,0.943956,0.314295,0.022459,3.11537,0.00402709,0.748345
173.220861678,0.729531,0.350446,2.50604,0.197837,0.63692,0.17615,0.345842,0.904875,0.619366,1.7011,0.359358,0.940992
173.267301587,0.554151,0.986919,2.21946,0.197088,0.633713,0.244323,1.44241,0.576894,1.02277,0.0612268,0.465864,0.758592
173.313741497,0.345454,1.35469,1.79347,0.186446,0.507654,0.184122,1.95213,0.716605,0.894141,0.104943,1.19712,0.595646
173.360181406,0.155079,1.71117,1.63506,0.121206,0.489596,0.0221531,2.37436,0.911352,0.739313,0.0951602,0.919082,0.457958
173.406621315,0.090326,1.4926,1.65932,0.0468707,0.444612,0.0254152,3.11001,0.895923,0.27501,0.38829,0.692371,0.412965
173.453061224,0.0146806,1.20412,1.75157,0,0.280722,0.0255439,3.59729,0.268204,0.000476349,1.20946,0.749846,0.815531
173.499501134,0.0240598,1.3608,1.77618,0.00110131,0.119398,0.0298091,3.61915,0.140077,0.00148698,1.12399,0.907266,0.616747
173.545941043,0.125094,1.42629,1.7423,0.0124516,0.233301,0.231399,3.57128,0.0385042,0.00455128,0.835178,0.976579,0.635602
173.592380952,0.641755,1.57167,1.58292,0.0267218,0.284502,0.0123254,3.28422,0.449504,0,0.432598,0.898375,1.12275
173.638820862,0.805133,1.20146,1.56497,0.355971,0.184641,0.00362518,2.67411,0.706142,0.00090533,0.205767,0.320599,1.41603
173.685260771,0.639584,0.751984,1.8994,0.49711,0.247022,0.045384,2.27433,0.691319,0.00334869,0.0808299,0.00744863,1.66196
173.731700680,0.107997,1.48864,1.9284,0.217685,0.44291,0.0907687,2.42473,0.685504,0,0.164905,0.00200369,1.54539
173.778140590,0.0763775,1.68763,1.7932,0.0820853,0.469307,0.110865,2.85876,0.547139,0,0.476594,0.141748,1.21865
173.824580499,0.0368222,1.91819,1.68002,0.121351,0.467379,0.101293,3.1465,0.0185394,0,0.421315,0.420214,0.877352
173.871020408,0.0317415,1.65178,1.55358,0.0119712,0.444629,0.0430932,3.25005,0.0594683,0.000985171,0.404024,0.49484,0.939857
173.917460317,0.364189,1.14379,1.00283,0.11473,0.549274,0.0913474,3.4009,0.503513,0.0568128,0.293038,0.918926,0.224011
173.963900227,0.318737,0.817909,1.21228,0.125274,0.60511,0.983623,2.22706,0.44586,0.0240864,0.106227,0.768152,0.709785
174.010340136,0.404531,0.312337,1.14126,0.108333,0.734682,1.04943,1.42625,0.467394,0.221761,0.837098,0.207854,1.22214
174.056780045,0.434164,0.237643,1.20595,0.0658211,0.852392,0.79534,0.975651,0.554664,0.362368,1.62378,0.155173,0.97983
174.103219955,0.281529,0.491609,1.64754,0.0361216,0.737693,0.507116,0.304164,0.681969,0.207378,2.54924,0.162357,0.688144
174.149659864,0.131799,0.713129,1.87126,0.0256189,1.06596,0,0.311427,0.967202,0.10391,2.80618,0.439164,0.419175
174.196099773,0,0.879346,1.98154,0.137015,1.17303,0,0.629038,0.596381,0.0391404,2.84228,0.323261,0.195435
174.242539683,0,0.943778,1.86129,0.0792842,1.27496,0,0.929071,0.554393,0.0182061,2.99636,0.18848,0.096086
174.288979592,0,0.910739,1.88929,0.0190161,1.41475,0,1.20884,0.532236,0.456604,2.90277,0.00840267,0.0484524
174.335419501,0,1.54054,1.70595,0.0132306,0.912573,0.269446,1.51554,0.438295,0.949015,2.17695,0.0190252,0.098874
174.381859410,0,2.60896,1.05497,0.0264372,0,0.429624,1.58867,0.156788,1.07855,1.50135,0,0.239696
174.428299320,0,3.06172,0.838507,0.121761,0,0.467725,1.51946,0.0165564,0.987158,1.42579,0,0.162544
174.474739229,0,2.99324,1.22379,0.0910192,0,0.475839,1.64849,0.0306016,0.93763,1.33625,0,0.0289653
174.521179138,0.384397,1.73673,2.08045,0.235067,0,0.544962,1.65586,0.172232,0.820377,1.17168,0,1.07004
174.567619048,0.508869,0.041944,2.52463,0.458649,0,0.316284,1.91015,0.204154,1.0032,1.04033,0.00434593,2.30386
174.614058957,0.548349,0.00160061,2.51107,0.723543,0,0.0494245,2.14068,0.165954,0.419467,0.939059,0.00515113,2.94775
174.660498866,0.574987,0.00152533,2.34005,0.923726,0.0708858,0.0327563,2.06334,0.109753,0,1.04291,0,2.90776
174.706938776,0.618311,0.0018312,1.88415,1.07198,0.36583,0.00508856,2.45005,0.0316117,0,1.27972,0.0364032,1.93188
174.753378685,0.558251,0.120683,1.03429,0.476355,1.63059,0.132985,2.42527,0.00343142,0.394542,1.9041,0.389123,0.768197
174.799818594,0.236986,0.809681,0.657382,0.189429,1.97968,0.14703,1.18724,0.00506452,0.44342,2.24169,0.496752,0.207552
174.846258503,0.0967646,0.837022,0.908265,0.214682,1.32717,0.107267,0.770422,0.0250437,0.3401,2.36501,0.515821,0.229117
174.892698413,0.0624205,0.731754,1.42393,0.514712,0.786603,0.0809372,1.00408,0.026212,0.0184834,2.35846,0.11964,0.927955
174.939138322,0.00242819,0.679802,1.53004,0.747432,0.605018,0.0715255,1.4331,0.020853,0.000806621,1.84532,0.0653288,2.11857
174.985578231,0,0.454592,1.41273,0.93244,0.255423,0.00838458,1.76706,0.0432229,0,0.899892,0.00124038,3.01872
175.032018141,0,0.252889,1.32818,0.972267,0.0151413,0.00212298,1.86924,0.10587,0.0138035,0.744662,0,3.45639
175.078458050,0.172431,0.617012,1.53995,0.609191,0.210018,0.213843,1.09712,0.501928,0.115736,0.647039,0.0699688,3.10381
175.124897959,0.831182,0.859105,1.21859,0.248674,0.132182,1.01665,0.371815,0.645077,0.576824,0.849849,0.0765538,1.98783
175.171337868,1.23029,0.849592,0.698536,0.174762,0.324927,1.25064,0.410067,0.657996,0.812287,1.08218,0.138648,0.82309
175.217777778,1.45066,0.880381,0.71245,0.133122,1.51842,0.698638,0.20011,0.623653,0.727014,1.34718,0.00935234,0.563234
175.264217687,1.23272,0.742171,0.735818,0.0529413,2.53259,0.244308,0.0882151,0.559246,0.508857,1.50146,0,1.0126
175.310657596,0.43481,0.383363,0.877632,0.0163702,3.14906,0.0405814,0.394375,0.144689,0.719023,1.54422,0.000131259,1.64308
175.357097506,0.189883,0.278736,0.99355,0.0465727,3.17791,0.0261057,0.519907,0.0365392,0.881904,1.60836,0.000251485,1.6805
175.403537415,0.353136,0.237295,1.22922,0.0903352,2.75606,0.00697923,1.14236,0.0644704,1.10314,1.84888,0.024456,0.791481
175.449977324,0.0596635,0.785928,1.64661,0.109911,2.17847,0.18535,1.85511,0.149811,0.857968,2.05087,0.563424,0.374159
175.496417234,0.0612927,1.24121,1.47847,0.148075,1.20725,0.099707,2.39758,0.0608253,0.447678,1.88701,0.663802,0.000110672
175.542857143,0.160001,1.87705,0.341832,0.1531,1.03043,0.0191586,2.33741,0.104777,0.581839,1.59573,0.649541,0.071168
175.589297052,0.105791,2.41569,0.00745557,0.147018,1.16433,0.0258033,2.33578,0.00447828,0.499486,1.47442,0.697511,0.127037
175.635736961,0.0603632,2.40373,0.0133894,0.296026,0.975418,0.0307596,2.1162,0.0646505,0.156989,1.80506,0.607718,0.177991
175.682176871,0.0365678,2.44576,0.165616,0.273466,0.849424,0.0355946,2.35357,0.116941,0,2.04761,0.240493,0.316257
175.728616780,0,2.44706,0.219055,0.309012,1.12589,0.0327789,2.54991,0.136411,0,2.50628,0.0221015,0.20655
175.775056689,0,2.42716,0.203108,0.182984,1.44649,0.0266865,2.29426,0.123721,0,3.09884,0.0173799,0.0419503
175.821496599,0,2.45867,0.0767677,0,1.86175,0.0249883,1.24693,0.0906288,0,3.7116,0.212269,0.000960424
175.867936508,0,2.18111,0.0114375,0,2.06281,0.0226461,0.956921,0.214949,0,3.99789,0.168207,0.193514
175.914376417,0,2.16996,0,0.000430159,2.05627,0.0218185,1.0322,0.278256,0,3.99913,0.0618123,0.317763
175.960816327,0,2.2675,0,0.00128405,1.97043,0.0273396,1.07168,0.374355,0,3.78528,0.000926792,0.340348
176.007256236,0.0128741,1.83729,0.488442,0.112139,1.62799,0.0397143,0.945905,0.46929,0.00401899,3.71199,0.0332322,0.435853
176.053696145,0.333616,1.43866,0.776867,0.205528,1.17434,0.076903,0.70748,0.48049,0.0060017,3.45416,0.0300934,0.471409
176.100136054,0.374324,1.50223,0.843183,0.249846,1.02933,0.108892,0.578463,0.469879,0.00889431,3.38139,0.0338354,0.391861
176.146575964,0.440767,1.87678,0.773413,0.23583,1.0474,0.118675,0.340311,0.439477,0.0130843,3.34354,0.0413346,0.465771
176.193015873,0.326291,2.47839,0.480746,0.14585,1.2438,0.102904,0.312284,0.34659,0,2.95791,0.0797013,0.543638
176.239455782,0.198354,2.75037,0.154569,0.132379,1.63377,0.33352,0.621919,0.102964,0.574441,2.07002,0.202668,0.193052
176.285895692,0.114485,2.49305,0.183391,0.114804,1.39119,0.696044,0.549238,0.0801876,0.594809,2.26572,0.216581,0.223854
176.332335601,0.0615579,2.76268,0.0274166,0.0869749,1.54455,0.436672,0.409375,0.0832641,0.416999,2.62016,0.39629,0.239355
176.378775510,0.0631957,2.6448,0.0134423,0.0646484,2.08818,0.0465614,0.168153,0.0691917,0,3.47402,0.176021,0.249181
176.425215420,0.0244448,2.29253,0,0.0107902,2.27763,0.0644445,0.61838,0.0759485,0,3.55875,0.180641,0.352632
176.471655329,0,1.94062,0.151383,0.00626422,2.25266,0.0460896,0.88054,0.102766,0.00851053,3.50363,0.0386076,0.453192
176.518095238,0,2.15116,0.243669,0.00894964,2.29548,0.0318623,0.792526,0.196532,0.0131686,3.32271,0.0781877,0.382875
176.564535147,0.206462,2.29459,0.129715,0.12218,1.97004,0.0306267,0.782461,0.563938,0.000130784,2.8227,0.0902511,0.090712
176.610975057,0.462223,2.34338,0.0992893,0.333448,1.66022,0.0355658,0.784449,0.659677,0.103215,1.64667,0.0502911,0.215702
176.657414966,0.489269,2.15111,0.153399,0.338915,1.81101,0.0349175,0.701333,0.653066,0.424614,0.744882,0,0.287754
176.703854875,0.495023,2.24297,0.188928,0.273321,1.95124,0.0307637,0.65879,0.598806,1.1867,0.397005,0,0.432689
176.750294785,0.408077,2.30512,0.198381,0.694705,1.27719,0.0299971,0.49014,0.490692,2.48355,0.167565,0,0.427744
176.796734694,0.800671,1.99292,0.188635,0.984665,0.919055,0.0319895,0.437994,0.0346993,3.18555,0.211977,0.0527654,0.46064
176.843174603,0.90903,1.82803,0.141719,1.08162,0.925018,0.031758,0.593091,0.03185,3.48914,0.180635,0.0926564,0.551541
176.889614512,1.36621,1.71747,0.0104054,1.40624,0.770865,0.0374601,0.846084,0.029518,3.46735,0.361158,0.001814,0.0607184
176.936054422,1.19096,1.76333,0.145916,1.67592,0.792335,0.0430355,1.10785,0.00503033,3.1163,0.33309,0.154548,0.000847532
176.982494331,0.999871,1.91157,0.117264,1.65071,0.572041,0.10009,1.26108,0.00982299,2.39037,0.777028,0.138578,0.000657253
177.028934240,0.333206,2.11188,0.154705,1.00462,1.2406,4.8148e-05,0.563598,0.108525,1.14053,1.37169,0.24191,0.120709
177.075374150,0.326035,0.962353,0.0716732,0.127879,1.84251,0,0.187642,0.111071,1.03838,2.42597,0.378697,0.180379
177.121814059,0.174135,0.789748,0.152732,0.0202477,2.54075,0.0182851,0.0778834,0.0873285,0.206475,3.50184,0.219048,0.806797
177.168253968,0.0599335,0.80381,0.00747498,0.0719959,2.71109,0.0269589,0.10464,0.0552294,0,3.83702,0.363771,1.13366
177.214693878,0.0205289,0.740233,0.000486447,0.0171001,2.70818,0.0233742,0.0395495,0.0591049,0,3.8479,0.349783,1.37612
177.261133787,0.011044,1.0516,0,0.063041,2.69312,0.0134462,0.00678958,0.0742638,0,3.82457,0.303754,1.56426
177.307573696,0,1.28943,0.0197778,0.139989,2.61866,0.0164022,0.0125582,0.153191,0.170497,3.75344,0.0821358,1.60646
177.354013605,0,1.18853,0.0279397,0.493871,2.22115,0.0637651,0.160118,0.251518,0.564553,3.09523,0.0481528,1.72188
177.400453515,0,1.92075,0.0141992,0.848411,1.73409,0.0662585,0.331038,0.160282,1.04508,1.64482,0.00586966,2.257
177.446893424,0,2.6675,0.00787548,0.774086,1.72752,0.184102,0.247493,0.193806,1.63532,0.59426,0.00957096,2.032
177.493333333,0.2368,2.48534,0.469218,0.221289,1.77151,0.0561711,0.776415,0.233929,1.47509,0.0238226,0,1.69036
177.539773243,0.645065,1.69698,0.592976,0.21734,1.5082,0.0556623,1.06197,0.22125,0.898195,0.00122363,0,1.98832
177.586213152,0.667586,0.221393,0.553977,0.197929,1.44011,0.0467162,1.05879,0.408963,0.57484,0,0,2.51259
177.632653061,0.433077,0,0.782824,0.174232,1.37156,0.0184567,1.13845,0.520694,0.1933,0.011104,0.00645435,2.7771
177.679092971,0.251668,0.054634,0.840198,0.178325,1.44535,0.0225897,1.23301,0.16379,0,0.057494,0.00110107,2.88101
177.725532880,0.196047,0.0877001,0.307211,0.752245,1.05522,0.405112,1.3388,0.00109276,0.213348,0.197393,0.00450912,2.53991
177.771972789,0.160053,0.551695,0.333896,0.35524,1.40932,0.28764,1.02548,0.0110128,0.451221,0.76617,0.242053,1.07065
177.818412698,0.106948,0.619571,0.160342,0.168725,1.60849,0.211919,0.490061,0.0515512,0.682562,1.03234,0.339431,0.762574
177.864852608,0.117777,0.515854,0.0905576,0.255073,1.80945,0.0991827,0.571151,0.0546182,0.544782,0.813826,0.197863,1.36492
177.911292517,0.0805862,0.390032,0.0264924,0.519118,1.80072,0.10979,0.597374,0.0143446,0.176174,0.627311,0.0841312,1.94264
177.957732426,0.00234825,0.323725,0,0.718834,2.01999,0.0550279,0.916946,0.000732292,0,0.382091,0.000513799,2.46931
178.004172336,0.077397,0.0987441,0.0358688,0.655384,2.00359,0.00422121,1.07738,0,0.179066,0.219767,0,2.7837
178.050612245,0.100094,0.445196,0,0.560291,2.08303,0.00271854,1.06492,0.112416,0.502924,0.207751,0.0906867,2.80025
178.097052154,0.535559,0.63287,0,0.526559,2.02315,0.0137177,1.0182,0.572921,0.703655,0.296256,0.0996983,2.62456
178.143492063,0.529919,0.930059,0,0.440116,1.85321,0.0923527,0.797343,0.685165,0.968001,0.271933,0.0791219,1.85085
178.189931973,0.493676,1.04756,0,0.402336,1.95179,0.451241,0.623516,0.693332,1.0576,0.218894,0.0460366,1.28585
178.236371882,0.534069,1.10913,0,0.424523,2.60318,0.414953,0.0886363,0.660308,1.08922,0.0885886,0,1.33305
178.282811791,0.644454,0.389728,0,0.291069,3.11664,0.0653588,0.0606009,0.42573,1.68826,0.00329634,0,1.9066
178.329251701,0.277822,0,0.0556678,0.376909,3.15598,0.0147866,0.11687,0.151096,1.78545,0,0,2.26188
178.375691610,0.245428,0.0438316,0.0588264,0.587547,3.04806,0.011005,0.167072,0.100008,1.9045,0.0332545,0,2.24476
178.422131519,0.12576,0.24991,0.173282,0.648901,2.99915,0.0374784,0.2404,0.054032,1.76344,0.0748124,0.60438,2.21465
178.468571429,0.162634,0.167135,0.988258,0.62256,2.10458,0.239959,0.223553,0.0696448,1.19046,0.291291,0.935363,2.49442
178.515011338,0.144271,0.113826,1.63863,0.0997338,1.12521,0.749265,0.775315,0.0757094,0.746276,0.296399,0.93005,2.36768
178.561451247,0.110182,0.0514009,1.77456,0.144849,0.813655,0.744389,1.13405,0.0482819,0.295378,0.413027,0.702518,1.50466
178.607891156,0.0736025,0,1.69269,0.153668,0.638404,0.310949,1.93273,0.108001,0.4675,0.513742,0.348,1.30996
178.654331066,0.0636862,0,1.62971,0.484103,0.651005,0.150914,2.39239,0.0318328,0.0550884,0.550442,0.0311431,1.24506
178.700770975,0.0620736,0,1.93604,0.552445,0.680325,0.0635632,2.42502,0.00280526,0.138522,0.797136,0.0188589,1.50738
178.747210884,0.0601113,0,2.16512,0.568179,0.557141,0,2.41646,0.00245606,0.192467,0.866356,0.0102399,2.11063
178.793650794,0.0418818,0,2.59872,0.536806,0.626464,0,2.40243,0,0.0503968,0.90423,0,2.64566
178.840090703,0.0468366,5.24161e-05,3.04011,0.263057,0.697926,0,2.63218,0,0.0747258,1.09374,0.0183353,2.63663
178.886530612,0.0443959,0.000168084,3.30415,0.115526,0.48324,0,2.71499,0.0470891,0.161272,1.43852,0.015359,1.95621
178.932970522,0.0470378,0.00121735,3.38987,0.13503,0.144743,0,2.72559,0.203168,0.17076,1.88396,0.0111691,1.27271
178.979410431,0.000358987,0.00238466,3.40587,0.32846,0,0.2819,2.40295,0.389087,0.012692,1.98877,0.10385,0.704946
179.025850340,0.0335862,0.00252034,2.89255,0.289538,0,0.480668,2.06591,0.423082,0.0072525,2.09672,0.585867,0.452665
179.072290249,0.497657,0.00906948,2.19192,0.271142,0,0.432931,1.97568,0.402149,0.00944722,2.58292,0.589352,0.255624
179.118730159,0.609165,0.224582,1.90769,0.247956,0,0.358125,1.55565,0.37595,0.0306671,3.00407,0.254431,0.258677
179.165170068,0.741191,0.494633,2.15985,0.203748,0.250408,0.164889,1.15218,0.345683,0.0238898,3.08487,0.0183939,0.25702
179.211609977,0.894523,0.341837,2.13118,0.108205,0.631591,0.340228,0.995699,0.19226,0.913065,2.64062,0.110218,0.178035
179.258049887,1.24076,0.00559426,1.87356,0.358783,0.639883,0.7751,0.784333,0,1.9945,1.51661,0.476805,0.0535145
179.304489796,1.08932,0.0128525,1.49489,1.16039,0.455084,0.565309,0.540884,0,3.30305,0.211509,0.604308,0.0432117
179.350929705,0.922911,0.0213755,1.43111,1.47282,0.339845,0.152063,0.360945,0,3.95266,0.134529,0.531565,0.117282
179.397369615,0.516524,0.0346013,1.76343,1.17574,0.362708,0.0195588,0.475469,0.024668,4.06629,0.0716194,0.323607,0.20963
179.443809524,0.368402,0.0258479,1.86326,1.0685,0.39637,0.0270625,0.483528,0.0187666,3.95365,0.049408,0.362635,0.689615
179.490249433,0.333752,0.0114954,2.08813,0.864098,0.288447,0.0263157,0.650689,0,3.95874,0.0633105,0.33044,0.703054
179.536689342,0.420234,0.125981,2.2637,0.580814,0.431202,0.18758,0.626,0.0153743,3.86416,0.0396785,0.394165,0.573853
179.583129252,0.428648,1.01478,2.27003,0.281853,0.466533,0,0.246945,0.623741,3.01262,0.433401,0.422311,0.473576
179.629569161,0.449873,0.797266,2.41294,0.0330881,0.840025,0.194802,0.053106,0.760513,2.08858,1.11125,0.280877,0.58797
179.676009070,0.264747,0.48382,2.29694,0.0288475,1.00578,0.198921,0.234553,0.622163,1.53665,1.82955,0.0526851,0.607275
179.722448980,0.127234,0.329761,2.33265,0.00960384,1.07194,0.100347,0.667269,0.404654,0.787497,2.38109,0.000622603,0.660586
179.768888889,0.181513,0.169017,2.30931,0.12902,0.979577,0.0360804,1.11905,0.170058,0.327,2.70935,0.00363555,0.820206
179.815328798,0.272345,0.161302,2.29179,0.4286,0.668677,0.0736728,1.09025,0.0632606,1.25132,1.89391,0.00861723,0.843176
179.861768707,0.36275,0.152414,2.2285,0.571746,0.31664,0.106645,1.22766,0.00781807,1.89385,1.03785,0.00811794,0.682393
179.908208617,0.413934,0.114223,2.53415,0.371379,0.337039,0.283112,1.30383,0,2.31999,0.496469,0.00300201,0.789167
179.954648526,0.104496,0.336044,3.08256,0.0508631,0.538869,0.472246,1.51282,0,1.90547,0.543671,0.00565301,0.732183
180.001088435,0,0.311505,3.02476,0.0119797,1.2952,0.397897,1.63864,0.0534393,0.536067,1.59729,0.0726261,0.537138
180.047528345,0,0.298056,2.73234,0.16407,1.53943,0.00900483,1.49826,0.0819384,0.221062,2.2383,0.130988,0.342345
180.093968254,0.000172914,0.384739,2.62183,0.236611,1.44963,0.00810672,1.33283,0.156949,0.0143062,2.49956,0.0383215,0.335087
180.140408163,0.000378236,0.415292,2.64847,0.195759,1.52025,0.000911281,1.25424,0.372066,0.00529933,2.31567,0.00569255,0.421885
180.186848073,0.000229415,0.387204,2.50335,0.105307,1.6285,0.00615254,1.20438,0.446202,0,2.31545,0.214343,0.539348
180.233287982,0.000131871,0.354878,2.32531,0.0437156,1.44049,0.000761107,1.15582,0.387038,0,2.48508,0.306895,0.64175
180.279727891,0.000230291,0.521797,2.41912,0.0067861,1.38656,0.0064743,1.14292,0.294836,0.016597,2.23408,0.210691,0.750566
180.326167800,9.065e-05,0.742793,2.15341,0.00634217,1.60914,0.0124743,1.15524,0.682854,0.0064618,2.11569,0.261142,0.338705
180.372607710,0,0.853506,1.93093,0.00807424,1.61253,0.0266335,0.991909,0.670687,0,2.51902,0.16637,0.203362
180.419047619,0,0.834852,2.01309,0.0089385,1.51216,0.0332321,0.931012,0.36987,0,2.78254,0.00503197,0.152046
180.465487528,0,0.795444,2.14143,0.0431879,1.49169,0.0229489,0.854464,0.310175,0,2.83308,0.00554544,0.199055
180.511927438,0,0.720796,2.34742,0.027591,1.39023,0.0238849,1.26486,0.480867,0,2.66466,0.00575452,0.110348
180.558367347,0,0.783659,2.54412,0.0660327,1.17301,0.211711,1.46746,0.55698,0.00609562,2.43278,0.00416941,0.245765
180.604807256,0,0.739696,2.49791,0.0709005,1.2887,0.186593,1.50239,0.486239,0.00880424,2.51731,0.00391935,0.286188
180.651247166,0,0.686391,2.54321,0.0766226,1.44282,0.0816278,1.56925,0.358392,0.161174,2.53088,0.0184334,0.332023
180.697687075,0,0.493091,2.71126,0.082102,1.45228,0.00580905,1.6202,0.214619,0.00526516,2.46014,0.0288425,0.346833
180.744126984,0.119055,0.211593,3.32439,0.0540058,0.851557,0,1.86736,0.0795394,0,2.61485,0.0126005,0.0830424
180.790566893,0.132861,0.224375,3.95852,0.0598282,0.418466,0.00197227,1.99447,0.00178052,0,2.38796,0.00161709,0.0196638
180.837006803,0.115251,0.00137042,3.96751,0.274123,0.28087,0.0271799,1.74223,0.00246257,0.00469858,2.11993,0.00110065,0.0883251
180.883446712,0.0907056,0.00118986,3.67067,0.198949,0.844619,0.0290987,1.22926,0.00284999,0.00138561,2.11007,0.00121,0.331112
180.929886621,0.0341149,0,3.21085,0.0716283,2.13839,0.0328114,0.799891,0.00229199,0.0151257,1.98183,0.00114999,0.694636
180.976326531,0,0.0115254,2.53088,0.0200529,3.08135,0.0335722,0.607457,0,0.306092,1.35071,0.000713853,1.00499
181.022766440,0,0.0280317,2.13396,0.012795,3.25508,0,0.619889,0.0117741,0.415032,1.33476,0.000448167,1.10932
181.069206349,0,0.0212557,2.16282,0.016385,3.09916,0,0.724949,0,0.349697,1.57242,0.000623517,1.13541
181.115646259,0,0.403976,2.31859,0.0501921,2.59864,0.0825209,0.787912,0.00045334,0.675988,1.59856,0.00540924,0.700375
181.162086168,0,1.63065,2.25747,0.318942,1.32891,0.275937,0.741791,0.00467237,0.940408,1.25025,0.00544043,0.182304
181.208526077,0,2.80001,2.01205,0.469583,0.265006,0.335138,0.783747,0.0330341,1.21627,1.10361,0.00398922,0.056842
181.254965986,0,3.42565,1.75745,0.169965,0.0194107,0.425708,1.04609,0.0304232,1.17483,1.14969,0.00167307,0.0477413
181.301405896,0.000220182,3.46835,1.71779,0.105517,0.00351785,0.564521,1.2452,0,1.13311,1.22978,0.000110413,0.112027
181.347845805,0.000532781,3.33046,1.71545,0.0993171,0,0.62327,1.4167,0,1.0384,1.27754,0,0.131445
181.394285714,0.000439802,3.2682,1.79275,0.105085,0,0.633726,1.47192,0,1.04781,1.22357,0,0.0841485
181.440725624,8.2923e-05,3.11938,1.60988,0.0946566,0,0.627018,1.53747,0.259303,1.15052,1.24556,0,0.083516
181.487165533,0,2.91652,1.33189,0.0774389,0.531712,0.647675,1.57398,0.43745,1.20852,1.3447,0,0.0582837
181.533605442,3.18134e-05,3.09886,0.780708,0.0726351,1.19488,0.656362,1.41056,0.355083,0.986451,1.59354,0,0.0299255
181.580045351,0.000678587,2.66305,0.762061,0,1.61979,0.424658,1.62861,0.00834886,0.425821,2.14771,0.000122934,0.0537302
181.626485261,0.00378726,1.76668,0.609513,0.0099675,2.47057,0,1.88556,0,0.0130872,2.16699,0.000713277,0.300659
181.672925170,0,1.52803,0.568826,0.051582,2.61717,0.0181345,1.65449,0,0.0237845,2.0302,0.000574352,0.887908
181.719365079,0,1.76107,0.570509,0.0622918,2.70703,0.0253503,1.52043,0,0.0296254,1.88118,0.000458663,1.10402
181.765804989,0,1.96656,0.661364,0.0289682,2.84581,0.0292211,1.41285,0,0.393585,1.70105,0.0176782,1.0438
181.812244898,0,2.17166,0.769192,0.0139037,2.9049,0.0482665,1.28276,0,0.415755,1.72902,0.0870669,0.862958
181.858684807,0,2.4139,0.768753,0.00298376,2.86685,0.156504,1.18878,0.171847,0.333716,1.7063,0.12535,0.60919
181.905124717,0.0155408,2.57045,0.766111,0,2.80365,0.170396,1.14758,0.176812,0.39547,1.83263,0.0852924,0.142229
181.951564626,0.000108783,2.63401,0.876724,0,2.63901,0.362299,1.05418,0,0.618504,1.57995,0.118542,0.046597
181.998004535,2.47721e-05,2.34615,0.765844,0,2.41445,0.439256,0.9955,0,0.630605,2.04463,0.176682,0.151466
182.044444444,0,1.77307,0.730367,0,2.47071,0.33328,1.0075,0.0253379,0.122134,2.96489,0.181748,0.212329
182.090884354,0,1.37448,0.695759,0,2.43293,0.134085,1.11154,0.0680717,0,3.58036,0.0071444,0.255459
182.137324263,0,1.29689,0.656179,0,2.40776,0.0493393,1.33155,0.194469,0.00233089,3.7833,0.00641771,0.333996
182.183764172,3.97882e-05,1.6483,0.514418,0.00372804,2.2967,0.0462033,1.4619,0.300354,0.0185527,3.81953,0.0049394,0.426887
182.230204082,0,2.11387,0.421597,0.0117896,2.15209,0.0432784,1.46743,0.304707,0.0608766,3.69531,0.010439,0.484914
182.276643991,0,2.17057,0.395425,0.0243698,2.0255,0.0150754,1.5943,0.249585,0.10813,3.63432,0.00352696,0.419661
182.323083900,0,2.14184,0.293841,0.0192275,2.0025,0.00785036,1.52634,0.240009,0.106861,3.71812,0.00566454,0.416566
182.369523810,0.000100735,2.14681,0.181019,0.0139302,2.10827,0.0058269,1.4119,0.203695,0.0858102,3.83404,0.00730115,0.382731
182.415963719,0.0243234,2.03426,0.0153504,0.0057535,2.25607,0.00482377,1.23729,0.140384,0.0685455,4.03918,0.00750965,0.343603
182.462403628,0.117199,1.94878,0.0196659,0.000731842,2.26494,0.00180975,1.1404,0.128258,0.045229,4.0645,0.0067697,0.313862
182.508843537,0.20708,1.88502,0.0598549,0.00374479,2.24809,0,1.22225,0.102855,0,3.97168,0.00587669,0.333964
182.555283447,0.198547,1.97933,0.0377878,0.00769259,2.30113,0.00399036,1.23306,0.135341,0,3.68868,0.131307,0.385264
182.601723356,0.0320008,1.90192,0.00673643,0.00481509,1.88776,0.00308923,1.23712,0.216179,0,3.672,0.236349,0.432302
182.648163265,0.01651,1.86928,0.0160596,0.0117231,1.68247,0.00613669,1.18231,0.221823,0.00524059,3.80442,0.142634,0.394492
182.694603175,0.0637817,2.20904,0.00566677,0.0241216,1.77329,0.0046799,1.05826,0.162639,0.00650866,3.98432,0.0329281,0.366343
182.741043084,0.0992771,2.38057,0.00225868,0.024824,1.80891,0.00133097,1.04252,0.151674,0.0145868,3.98105,0.0047343,0.359227
182.787482993,0.11455,2.46131,0.00234247,0.0239044,1.75557,0,0.992666,0.155304,0.021829,3.90154,0.00360289,0.365192
182.833922902,0.113102,2.46956,0.00331364,0.0256647,1.65662,0,0.998406,0.162845,0.0216002,3.84915,0.00394384,0.365646
182.880362812,0.0733268,2.3339,0.0960604,0.0249196,1.65872,0,1.21861,0.145113,0.0176001,3.82532,0.0183818,0.350907
182.926802721,0.0304873,2.25494,0.0614904,0.117281,1.6202,0.01951,1.24601,0.159903,0.398143,3.45298,0.226928,0.469085
182.973242630,0.37914,1.52408,0,0.341257,1.36096,0.0722468,1.0862,0.191536,1.63397,2.22841,0.249254,0.532147
183.019682540,0.427111,1.21087,0.0383433,0.36312,2.07557,0.149813,0.844101,0.110609,2.44219,0.621192,0.432964,0.457485
183.066122449,0.623805,1.2237,0.0190288,0.64149,2.43848,0.188772,0.20779,0.0453282,3.09887,0.0543531,0.631138,0.458972
183.112562358,0.745425,0.941868,0.0108215,0.721837,2.47187,0.0823101,0.13271,0.0509528,3.48036,0.169707,0.637846,0.555755
183.159002268,0.987236,0.714398,0.017867,0.655394,2.2595,0.000778202,0.117606,0.0378238,3.67615,0.471863,0.346724,0.670547
183.205442177,1.03973,0.447132,0.0240461,0.684921,1.94432,0.00459483,0.072881,0,3.58849,0.553261,0.304706,0.803568
183.251882086,0.987655,0.335171,0.0337027,0.804974,1.92141,0.0145101,0.0510562,0,3.65061,0.421664,0.241535,0.890903
183.298321995,0.974026,0.35513,0.0370567,0.918912,2.29669,0.0197655,0.0488768,0.0198161,3.54019,0.0295289,0.15499,0.999523
183.344761905,1.11053,0.214815,0.0343198,1.0901,2.53855,0.0219023,0.191217,0.118068,2.85843,0.121116,0.12369,1.11521
183.391201814,0.790852,0.00841143,0.0207473,1.10317,2.32488,0.0858393,0.202528,0.108065,2.73128,0.258498,0.335419,1.32536
183.437641723,0.538444,0.0238804,0.011973,1.04663,2.13563,0.104344,0.179444,0.0216431,3.28175,0.0876716,0.411554,1.196
183.484081633,0.528259,0.0367652,0.000688308,1.10065,2.17195,0.0184242,0.124934,0.00521032,3.65834,0.0858011,0.418576,1.00711
183.530521542,0.534322,0.0364662,0,1.17686,2.35205,0.0136805,0.0383679,0,3.80565,0.0965012,0.404072,0.890708
183.576961451,0.482049,0.0370641,0,1.28692,2.17161,0.00776505,0.0372289,0,3.82585,0.114172,0.348187,0.845688
183.623401361,0.413864,0.032532,0,1.36222,2.10546,0.0402781,0.0442033,0.0082289,3.65491,0.086233,0.318142,0.7614
183.669841270,0.430406,0.0383446,0,1.30728,1.9394,0.0685397,0.0600991,0.0415482,3.59973,0.277303,0.300758,0.788656
183.716281179,0.205401,1.3805,0.00026432,0.93446,1.81271,0.0575381,0.102652,0.0481603,3.14356,0.561674,0.362775,0.716472
183.762721088,0.0281259,2.66146,0,0.129472,2.00652,0.176419,0.0622609,0.102963,2.08801,0.549111,0.208093,0.513338
183.809160998,0.0625216,3.08342,0.0327759,0.112896,2.28268,0.16167,0.0166643,0.0812685,0.997096,0.662503,0.075664,0.418348
183.855600907,0.014037,2.60627,0.155623,0.0375031,3.00931,0.00677795,0.00668746,0.00520398,1.14302,0.566771,0.00108897,1.43613
183.902040816,0,1.27068,0.239009,0,3.93324,0.0132211,0,0,1.46408,0.542098,0.0122224,2.06534
183.948480726,0,0.000227386,0.153764,0.00427595,4.27269,0.0144742,0.00174608,2.86869e-05,1.46357,0.358041,0.0295527,2.43125
183.994920635,0,0,0.00981651,0.00797225,4.39044,0.0111354,0,0,1.28663,0.116198,0.05086,2.6115
184.041360544,0,1.84601e-05,0.0196072,0,4.47856,0,0.00089902,0.0350102,1.39601,0.0924363,0.0608535,2.5846
184.087800454,0,0,0.323707,0,4.0515,0.00889992,0.0816112,0.0392427,1.11679,0.93038,0.0484848,2.33212
184.134240363,0,0.147831,1.0576,0,2.85012,0.261126,0.108031,0.0132879,1.2272,0.921858,0.0674869,1.80364
184.180680272,0.000200148,1.2288,0.83676,0.0170604,2.34458,0.423045,0.00515031,0,1.55187,0.773141,0.102282,1.44598
184.227120181,0.000433181,2.7237,0.220508,0.125408,2.36979,0.475998,0.00859223,0,1.65841,0.593342,0.118109,0.992777
184.273560091,0.000487011,3.5239,0.0177343,0.193612,2.42618,0.480106,0.00756137,0,1.69168,0.241718,0.0815602,1.00643
184.320000000,0.000571903,3.63612,0,0.19674,2.35121,0.459218,0.00161498,0,1.78406,0.162356,0,1.10698
184.366439909,0.00066369,3.70552,0,0.193868,2.5688,0.406474,0,0,1.64436,0.0718593,0,1.13728
184.412879819,0.000644913,3.57124,0,0.181369,2.60783,0.354533,0,0,1.57917,0.0909742,0,1.24959
184.459319728,0.000572387,3.09675,0.123091,0.156923,2.38989,0.331681,0.478268,0,1.30538,0.142313,0.382692,1.43035
184.505759637,0.00047724,2.41592,0.927149,0.126013,1.4973,0.370483,1.51789,0,0.979718,0.247509,0.277198,1.68013
184.552199546,0.000395295,1.67202,1.96726,0.0779528,0.55198,0.397618,1.84283,0.000145381,0.868472,0.283151,0.115814,1.84916
184.598639456,0.000333555,0.871412,2.59211,0.0225271,0.59255,0.00373506,1.93869,0.0266105,0.699511,0.242405,0.0221099,2.14331
184.645079365,0,0.359446,2.71723,0.00207549,1.36314,0.0265393,1.79017,0.0533648,0.545994,0.291603,0.000197406,2.61877
184.691519274,0,0,2.61099,0.00638551,1.5425,0.0253714,1.76065,0.0464788,0.471347,0.49047,0.000284481,2.92431
184.737959184,0,0,2.32058,0,1.64151,0.041967,1.95279,0.0376968,0.57606,0.657301,0.00633302,2.83005
184.784399093,0.0152818,0.0593666,2.25719,0,1.55359,0.0783196,2.29307,0.0295332,0.557364,1.037,0.0232187,2.61566
184.830839002,0.016716,0.231651,2.4438,0,1.20475,0.157317,2.38762,0,0.324285,1.50522,0.0255188,2.5123
184.877278912,0.0109578,0.253893,2.81685,0.020439,0.686468,0.0758388,2.45761,0.00515819,0,1.844,0.00540826,2.40178
184.923718821,0.064674,0.103822,2.89979,0.0628769,0.730808,0.10585,2.47645,0.00535361,0.0328398,1.51524,0.069888,2.08485
184.970158730,0.0950625,0.108981,2.78763,0.0175161,0.828529,0.469918,2.44278,0.0521843,0.235211,0.996246,0.138415,1.69482
185.016598639,0.0568508,0.263874,2.57134,0.00916802,0.63899,0.630923,2.3515,0.114493,0.528156,0.435132,0.0728547,1.77728
185.063038549,0.000166863,0.368194,2.20464,0,0.350091,0.88763,2.26991,0.165692,0.529335,0.619984,0.00409292,1.85063
185.109478458,0.00738942,0.428082,2.122,0,0.210166,0.818593,2.27912,0.132298,0.537849,1.16038,0.00319351,1.64525
185.155918367,0,0.536051,2.40474,0.0138315,0.683827,0.450499,1.92141,0.000362238,0.864517,1.13948,0.0470065,1.53164
185.202358277,0,0.569963,2.63257,0.0152749,0.782025,0.406301,1.64494,0.0259635,0.947649,1.04508,0.125853,1.1924
185.248798186,0.0737556,0.513567,2.9687,0.0142954,0.594649,0.346188,1.79598,0.0189349,0.902854,1.26687,0.105999,0.900401
185.295238095,0.058103,0.48337,3.02043,0.0143396,0.602555,0.288292,1.99805,0.000290668,0.817161,1.1779,0.0713801,0.931855
185.341678005,0.0161447,0.436503,2.90813,0.0158198,0.601901,0.232336,2.2962,0.0121153,0.597071,1.02838,0.0648175,1.04022
185.388117914,0,0.370139,2.77747,0.0101817,0.505247,0.2813,2.26883,0.0494266,0.209537,1.2087,0.10584,1.66307
185.434557823,0.0825401,0.914014,2.29243,0.0274382,0.395617,0.463201,2.0881,0.0369195,0.277672,1.17029,0,1.91301
185.480997732,0.0592362,1.85169,1.61424,0.133197,0.239182,0.551425,2.10268,0.00636985,0.483326,1.21356,0,1.91736
185.527437642,0.000766963,2.65998,1.09656,0.176998,0.142884,0.472029,2.36506,0,0.577387,1.29655,0,1.71691
185.573877551,0.000862994,2.88914,0.904255,0.286749,0.217661,0.233594,2.51289,0,0.698281,1.77624,0,1.20513
185.620317460,0.000663297,2.77299,0.832538,0.323677,0.267729,0.0772022,2.57868,0,0.70267,2.03571,0,0.823636
185.666757370,0.022677,2.35119,1.34546,0.228039,0.429115,0.0397279,2.61859,0,0.533614,2.12165,0,0.789805
185.713197279,0.0433777,1.4952,2.34079,0.02624,0.424874,0.0317602,2.59951,0.00234895,0.334023,2.22478,0.000609863,0.70001
185.759637188,0.0287741,0.471308,3.22523,0.026416,0.399503,0.1948,2.53882,0.00366854,0.278918,2.1359,0.00513064,0.816753
185.806077098,0.0225486,0.30544,3.49251,0.0443863,0.428466,0.269625,2.52098,0.00329672,0.206999,1.97673,0.0149998,0.845809
185.852517007,0.0227946,0.277929,3.33125,0.228962,0.431308,0.263883,2.6116,0.00158071,0.213989,2.24539,0.000821621,0.839856
185.898956916,0.0342466,0.280836,3.25619,0.21223,0.443552,0.122097,2.73036,0.000661441,0.378422,2.30231,0.000435076,0.612678
185.945396825,0.189129,0.334679,3.30181,0.096672,0.427137,0.0439593,2.72536,0.00125443,0.431893,2.04024,0.000290673,0.630548
185.991836735,0.735242,0.348327,3.19941,0.262953,0.413234,0,2.55101,0.00126662,0.364213,1.87391,0.0296984,0.638965
186.038276644,0.805256,0.224107,3.53092,0.28941,0.251162,0,2.36043,0.00308655,0.216059,1.9774,0.0195139,0.433942
186.084716553,0.409038,0.00184016,4.00638,0.269321,0.332768,0.0519917,2.10202,0.0065898,0.00178573,1.93999,0.00316338,0.119058
186.131156463,0.0253635,0.00114873,3.89757,0.174826,0.3821,0.00325898,1.91612,0.00836919,0,1.96429,0,0.113011
186.177596372,0.00598787,1.3349,2.92417,0.110507,0.365966,0.0612266,1.93831,0.00627802,0.019795,2.17835,0,0.382556
186.224036281,0,2.59388,1.66383,0.183672,0.393041,0.231747,2.0923,7.29654e-05,0.133371,2.30335,0,0.43159
186.270476190,9.61183e-05,3.15013,1.05584,0.2111,0.292369,0.319592,2.06145,0.00982068,0.142605,2.45568,0,0.35871
186.316916100,0.000283071,3.27117,0.969032,0.210144,0.124204,0.298125,2.10064,0.0374802,0.238415,2.57757,0,0.167007
186.363356009,0.000402215,3.218,1.35698,0.182468,0.0295629,0.233554,2.11252,0.0320996,0.38593,2.35803,0,0.0395166
186.409795918,0.0285704,2.69201,2.30004,0.101468,0.134303,0.00794679,2.22623,0,0.501661,2.13341,0,0.0275041
186.456235828,0.0472831,1.37599,3.59882,0,0.15402,0.0248478,2.32228,0.00122639,0.44633,2.10387,0,0.0157983
186.502675737,0.0464794,0.378238,4.05167,0.00539692,0.153828,0.080211,2.29016,0.0035661,0.168075,2.11154,0,0.0484701
186.549115646,0.0312517,1.06091,3.62945,0.00361743,0.167594,0.141954,2.08369,0.00360316,0.107421,1.85754,0,0.194006
186.595555556,2.09846e-05,2.14404,2.49881,0.0661713,0.50172,0.256308,2.10308,0.135803,0.33523,1.66522,0.0265184,0.206798
186.641995465,0.000378447,2.86338,1.81382,0.153443,0.596608,0.24744,2.08193,0.00603435,0.534613,1.6397,0,0.167086
186.688435374,0.000371095,3.0908,1.41394,0.180242,0.572938,0.224576,2.08479,0.0250922,0.653439,1.7767,0,0.0114846
186.734875283,0.0299843,2.53331,2.26095,0.12856,0.613863,0.114032,1.93404,0.0498794,0.676991,1.77242,0,0.0174159
186.781315193,0.156916,1.11165,3.45683,0.0128638,0.559747,0.000325327,1.86322,0.075149,0.401371,1.94727,0,0
186.827755102,0.165083,0.0167657,3.71731,0.0134329,1.23867,0,1.37935,0.0825834,0.338864,2.18473,0,0
186.874195011,0.0881387,0.300842,3.27237,0.0149991,2.17865,0,0.668941,0.0709243,0.534858,2.21187,0.000148741,0
186.920634921,0.0102889,0.573265,2.10208,0.014746,2.68668,0,0.377748,0.0646503,0.598872,2.3584,0.000498007,0.192536
186.967074830,0.0262459,0.616118,1.35329,0.0137621,2.82826,0.00303099,0.365433,0.0697463,0.599421,2.3991,0.000429399,0.324109
187.013514739,0.0769423,0.610381,1.46226,0.011446,2.72408,0.043698,0.424205,0.0658787,0.547555,2.26555,0.00100834,0.285309
187.059954649,0.0975162,0.706395,1.88837,0.0755133,2.37434,0.0620939,0.566573,0.00470281,0.442229,2.20062,0.0362566,0.228772
187.106394558,0.0577718,0.630167,2.11679,1.04087,1.21447,0.0518101,0.90295,0,0.166249,2.39773,0.0638385,0
187.152834467,0.0575693,0.413439,2.79364,1.00696,0.730425,0.0141002,1.15693,0.00304838,0.0197168,2.66885,0.00184737,0
187.199274376,0.0528529,0.367261,3.28208,0.471424,0.658771,0.00478149,1.1345,0.0380027,0,2.57126,0.00322623,0
187.245714286,0.0397127,0.979907,3.05953,0.00626855,0.528627,0.0274929,1.24189,0.0436234,0.00949095,2.39639,0.00483383,0.0414019
187.292154195,0.00431409,2.2923,2.13909,0.0528313,0.49318,0.16839,1.3516,0.0179464,0.453174,2.21538,0.00467083,0.0884519
187.338594104,0,3.13912,1.41671,0.0951534,0.45191,0.259806,1.42724,0,0.75282,1.939,0.00226843,0.0845654
187.385034014,9.48023e-05,3.48424,1.16964,0.121172,0.341065,0.253021,1.59842,0,0.830195,1.81106,0.0112813,0.0519959
187.431473923,0.000339599,3.60505,1.04274,0.119124,0.304574,0.255185,1.64203,0.0825879,0.842887,1.79897,0,0.039143
187.477913832,0.00044195,3.51626,0.730729,0.114075,0.599605,0.318775,1.7124,0.168802,0.898386,1.7324,0,0.0290136
187.524353741,0.000444268,3.48722,0.526021,0.10891,1.10754,0.32097,1.57929,0.0941946,0.915553,1.48548,0.000977591,0.0129901
187.570793651,0.000203078,3.23747,0.339603,0.121209,1.74591,0.092794,1.56836,0.123552,1.01925,1.50988,0.0149703,0.0455244
187.617233560,0,2.69029,0.274812,0.161942,2.18724,0.0444034,1.59007,0.121766,1.12454,1.64753,0.0292341,0.19152
187.663673469,0,2.40002,0.436515,0.192385,2.57449,0.00290516,1.5046,0.041113,0.889805,1.98196,0.0431974,0.0134016
187.710113379,0,2.48077,0.496263,0.182842,2.81002,0.00324136,1.46479,0.00847922,0.804688,2.00486,0.00512197,0.0420483
187.756553288,0,2.41903,0.525972,0.140455,2.79779,0.0196304,1.54229,0.00402257,0.776251,1.97028,0,0.0352644
187.802993197,2.94332e-05,2.34505,0.573005,0.0722837,2.69395,0.0290727,1.61881,0.00238254,0.8573,1.85626,0.0681435,0.000103068
187.849433107,0.00544521,2.57302,0.580324,0.0203564,2.43001,0.0233426,1.75087,0.00528602,0.731005,1.76206,0.107649,0
187.895873016,0.0351122,2.6798,0.501615,0.0346521,2.18694,0.0120749,1.86193,0.033245,0.561841,1.61794,0.0825567,0.0682458
187.942312925,0.116477,2.60552,0.27671,0.0550782,1.87154,0.00687214,1.89418,0.047486,0,2.4183,0.0525216,0.201294
187.988752834,0.126946,2.54348,0.448028,0.0489082,1.87147,0.00398696,1.76543,0.00530679,0.00720757,2.48317,0.0285252,0.144304
188.035192744,0.0541371,2.55136,0.467455,0.0182898,1.96901,0.134562,1.92402,0.00622273,0.409972,2.27884,0.118328,0.0035725
188.081632653,0.0130919,2.599,0.450834,0.00349271,1.94489,0.143672,2.05696,0.0495807,0.58381,2.13776,0.100485,5.15331e-05
188.128072562,0.0198515,2.56568,0.396452,0.0080533,1.93267,0.0120593,2.18351,0.0727732,0.538037,2.10212,0.0216661,0
188.174512472,0.00931555,2.64872,0.230538,0.0202829,2.15787,0.0166332,1.96277,0.079206,0.475897,1.80716,0.0363907,0.301578
188.220952381,0,2.6154,0.116377,0.0471476,2.04315,0.0449277,1.72905,0,0.316425,1.80899,0.00440508,1.47216
188.267392290,0,2.24267,0.0511332,0.0365991,1.91107,0.0429985,2.17352,0.0524904,0.316989,1.66763,0.0052256,2.16036
188.313832200,0,1.95691,0.00264182,0.0451871,1.80714,0.0240172,2.54313,0.0726749,0.238204,1.52074,0.00511968,2.44292
188.360272109,0.000153046,1.83003,0.00041704,0.0519931,1.6836,0.00618212,2.60533,0.066554,0.0679002,1.56272,0.00481815,2.48826
188.406712018,0.000517567,1.84792,0,0.0423245,1.66705,0,2.66263,0.0481329,0.072154,1.51797,0.0342401,2.42397
188.453151927,0.000497249,2.07991,0.019424,0.0188301,1.6693,0,2.53012,0.103649,0.0765875,1.88583,0.0651034,2.09614
188.499591837,0.000270502,2.18155,0.00104095,0.00271786,1.64294,0,1.86903,0.211596,0.263947,2.88586,0.0675158,1.38366
188.546031746,0,2.32525,0.0232797,0.00492105,1.79092,0.00880476,1.50831,0.187195,0.363481,3.2814,0.081688,0.311951
188.592471655,0.0213676,2.27073,0.0115392,0.00922339,1.73869,0.0188818,1.44274,0.100899,0.324379,3.33357,0.0777261,0.230451
188.638911565,0.110394,2.02622,0.000276647,0.543358,1.38534,0.0197765,1.6497,0.0572461,0.198154,3.15128,0.0263982,1.42513
188.685351474,0.129117,1.62288,0.000934104,0.749146,1.43226,0.0143321,1.95115,0.0254282,0.0653038,2.55778,0.0246364,2.39709
188.731791383,0.114737,1.43017,0.00324814,0.66036,1.80232,0.00972794,2.01096,0.0068083,0.0612171,1.58243,0.0302838,2.9122
188.778231293,0.0051865,1.49107,0.0322872,0.463762,2.11554,0.0192312,2.02349,0.0141853,0.228418,0.882083,0.0309333,2.95613
188.824671202,0.0672089,1.53524,0.0745869,0.34763,2.18882,0.00371239,2.00582,0.0199931,0.268441,0.661451,0.004203,2.98346
188.871111111,0.000123342,1.50134,0.140414,0.399354,2.21931,0.00597385,1.93224,0.0151227,0.198919,0.860459,0.00452493,3.02211
188.917551020,0.000346332,1.30348,0.00112513,0.479137,2.1742,0.00817225,2.006,0.00507342,0.0828414,1.18448,0.00491303,3.0593
188.963990930,0.000480163,1.25576,0.00272424,0.569057,2.00817,0.00959768,1.88792,0.00422531,0.0265251,1.22846,0.00465526,3.08174
189.010430839,0.000420756,1.29438,0.00360689,0.737998,2.47308,0.249182,1.67715,0.199837,0.0984296,0.945535,0.110479,2.55642
189.056870748,0.000430242,0.779484,0.00309693,0.837645,2.79103,0.226044,1.27245,0.0225019,0.232459,0.557771,0.137001,2.57085
189.103310658,0.00054925,0.50728,9.63599e-06,0.678211,2.92847,0.170179,1.0674,0.00566586,0.459111,0.309097,0.121976,2.76991
189.149750567,0.0689976,0.406911,0,0.491666,2.85647,0.0306416,1.12811,0.00369952,0.415101,0.505951,0.127346,2.62406
189.196190476,0.0996432,0.605923,0,0.245698,2.72129,0.0266684,0.879642,0,0.455549,1.39272,0.00196594,2.40518
189.242630385,0.000684148,0.775349,0,0.118464,2.99604,0.0202113,0.39081,0.0330887,0.537569,2.27992,0.036685,2.00416
189.289070295,0.0401666,0.798835,0.000980261,0.024776,2.97365,0.0158038,0.275261,0.0636818,0.55181,2.93177,0.0495805,1.64597
189.335510204,0.0867542,0.712434,0,0.141274,2.87507,0.0219554,0.499043,0.126835,0.49924,3.11506,0.104625,1.38477
189.381950113,0.0850621,0.445463,0,0.7051,2.7717,0.0374733,0.840937,0.114063,0.142714,2.70925,0.190586,1.84422
189.428390023,0.028081,0.0900462,0.00354749,0.901659,2.51632,0.0270505,1.10646,0.00126398,0.0686539,1.77148,0.0239782,2.58865
189.474829932,0,0.0795766,0.00158973,0.697324,2.60706,0.0201313,1.16718,0.00402208,0.464712,0.965219,0,2.89198
189.521269841,2.7758e-05,0.134821,0.000545659,0.539138,2.87345,0.0113859,1.11437,0.00501521,0.725081,0.711022,0,2.7025
189.567709751,0,0.0707421,0,0.486982,2.78769,0.0139541,0.849531,0.0193701,0.745629,1.81454,0.0368551,2.03878
189.614149660,0,0.360039,0.00672681,0.541019,3.0139,0.0444217,0.210383,0.0772075,0.46352,2.68967,0.0545952,1.1036
189.660589569,6.8266e-05,0.41244,0.0160287,0.465064,3.09111,0.0550254,0.00831717,0.107472,0.501342,3.02575,0.0747932,0.827868
189.707029478,0.0634285,0.194519,0.702172,0.579798,2.97122,0.0599833,0.0325264,0.0856012,0.746636,2.85676,0.00832851,0.909498
189.753469388,0.366873,0,2.04551,0.28112,2.76143,0.055053,0.424844,0.00649984,0.919672,2.33325,0.0661824,1.03735
189.799909297,0.574647,0,3.0684,0.0562875,2.03141,0.041922,0.831088,0.0138048,0.698447,1.44341,0.38787,1.0622
189.846349206,0.414512,0,2.99865,0.0404035,1.77175,0.0348067,0.73852,0.0868624,0.600796,0.813424,0.430591,1.39372
189.892789116,0.0990227,0,2.57418,0,2.51009,0.0209044,0.372098,0,1.08721,1.18187,0.0688278,1.74002
189.939229025,0.00592774,0.000131492,1.30236,0,3.39147,0.0153992,0.071189,0,1.33269,0.989325,0.0405823,2.16612
189.985668934,0.000384785,0,0.123217,0,3.90088,0.00653204,0.0257012,0,1.45037,0.38928,0.0755199,2.29748
190.032108844,0.127755,0.109809,0.0734157,0.026793,3.8208,0.0562218,0.0290605,0.0194828,1.52291,0.0564948,0.230362,2.22191
190.078548753,0.235022,0.27789,0.0432502,0.165033,3.44225,0.0123326,0.0436109,0.0570531,1.39867,0.0747433,0.179767,2.05256
190.124988662,0.000141803,0.310744,1.36189,0.0577539,2.9157,0.250715,0.0165153,0.0947415,1.51645,0.281228,0.0401499,1.73566
190.171428571,0.000463333,1.45961,1.57507,0.0694521,2.35253,0.509518,0.00745678,0.0387059,1.73512,0.189717,0,1.30149
190.217868481,0.000686816,2.8055,0.827351,0.110965,2.17601,0.457543,0.00965504,0.0317237,1.78695,0.0782353,0,1.12529
190.264308390,0.000627952,3.55941,0.041516,0.140639,2.27601,0.467823,0.0105068,0.0294545,1.80926,0.0287393,0,1.00331
190.310748299,0.000718184,3.86336,0,0.181963,2.3127,0.553214,0.000250084,0.0180517,1.65606,0.0034695,0,0.960046
190.357188209,0.000696252,3.82038,0,0.205157,2.3359,0.633841,0,0.00600027,1.5244,0.00317884,0,1.00616
190.403628118,0.000753559,3.70578,0,0.180977,2.2763,0.662173,0,0.00658067,1.53684,0.0621123,0,1.1125
190.450068027,0.000769354,3.70442,0.0164776,0.202653,2.19485,0.628888,0.0168663,0.0142835,1.45505,0.00175968,0,1.14076
190.496507937,0.115064,3.37181,0.434457,0.142042,1.50272,0.514928,1.04081,0.0151789,1.48203,0.0417165,0.0565266,1.25757
190.542947846,0.343023,2.98379,0.804026,0.0937399,0.475519,0.389272,2.0457,0.010717,1.49847,0.206167,0.106069,1.45306
190.589387755,0.51977,2.59417,1.24515,0.0778182,0.102934,0.18611,2.78503,0.00770988,1.31565,0.216023,0.144396,1.39252
190.635827664,0.439105,1.79115,1.85295,0.0728633,0.400644,0.0410272,2.96149,0.00488045,1.02364,0.302477,0.174598,1.59544
190.682267574,0.0877547,0.801637,2.15728,0.0736936,1.52179,0.0211035,2.46149,0.0113045,0.558059,0.74912,0.165895,2.27587
190.728707483,0,0.415086,2.1253,0.0591099,2.04929,0.043869,1.93247,0.000586329,0.591097,0.682402,0.0759114,2.55862
190.775147392,0.0146783,0.439065,2.07138,0.0567426,1.81749,0.0450336,1.87537,0.0129197,0.581504,0.553432,0.0564289,2.46381
190.821587302,0.0206146,0.576617,2.2613,0.0556643,1.36234,0.0602854,1.98382,0.0355351,0.437146,0.551587,0.0234995,2.21169
190.868027211,0.00888761,0.570808,2.64426,0.0352863,0.658305,0.0726816,2.30763,0.0374032,0.391185,0.850347,0.0261727,1.84424
190.914467120,0.000490924,0.647454,3.0434,0.0111922,0.130353,0.258117,2.42244,0.0017914,0.611273,0.983328,0.000342716,1.71336
190.960907029,0,0.632028,2.96218,0.0104082,0.18078,0.336338,2.59546,0.0128609,0.78492,1.05616,0.00155917,1.30763
191.007346939,0,0.756818,2.81317,0.0703577,0.0832701,0.313137,2.47793,0.0212478,0.782553,0.965571,0.00232604,1.43761
191.053786848,0,0.806068,2.59651,0.0254353,0.039753,0.461588,2.39648,0.0245565,0.700511,0.964589,0.0167135,1.74
191.100226757,0.00261454,0.720712,2.54705,0.0195918,0.325029,0.653071,2.44749,0.0237818,0.569124,0.94465,0.00250732,1.76226
191.146666667,0.110845,0.632455,2.48278,0.0881514,0.341291,0.827012,2.37381,0.0211297,0.42022,0.996425,0.00206276,1.76983
191.193106576,0.242515,0.618126,2.41223,0.49323,0.358243,0.77405,1.61297,0.0144588,0.757046,0.780176,0.000518959,1.98925
191.239546485,0.435035,0.526962,1.88631,0.618584,2.05464,0.173705,1.40178,0.00352213,0.879988,0.462182,0.00279064,2.03813
191.285986395,0.445126,0.23479,1.25743,0.424678,2.96022,0.161626,1.13645,0.00595572,0.586011,0.327781,0.00498022,2.00895
191.332426304,0.36693,0.113339,0.91669,0.0803712,3.43369,0.151714,0.804227,0.0267214,0.38435,0.483153,0.00573969,1.99168
191.378866213,0.155921,0,0.841161,0.0729706,3.55804,0.131147,0.540224,0.0384589,0.428661,0.56597,0.0285947,2.02595
191.425306122,0.000844388,0,1.106,0.28488,3.2442,0.0990436,0.458907,0.0226617,0.533278,0.600092,0.132407,2.13714
191.471746032,0.0165836,0,2.06601,0.300083,2.27728,0.0900538,0.397476,0.00899653,0.338339,0.70363,0.607217,1.90882
191.518185941,0.0774176,0.000801414,3.18863,0.192691,1.17088,0.124,0.581578,0.0125567,0.226502,1.22884,0.564625,1.3091
191.564625850,0.144224,0.00150981,3.42503,0.11348,0.691994,0.144602,0.99157,0.136267,0.482106,1.31992,0.193216,1.53626
191.611065760,0.131501,0.0025364,2.98598,0.0131698,1.34494,0.141129,1.30937,0.105816,1.03361,0.870178,0.110911,1.49459
191.657505669,0.0666129,0.00291301,2.46723,0,2.55336,0.100673,1.01584,0,1.09792,0.831068,0.0728738,1.55189
191.703945578,0.0726484,0.0129371,1.28798,0.032955,3.3694,0.0481019,0.792,0,1.11002,0.656662,0.00647057,1.69352
191.750385488,0.0807189,0,0.642476,0.129361,3.45771,0.0213187,0.683509,0.0430568,1.12455,0.806185,0.0418999,1.90154
191.796825397,0.155766,0.00704963,1.37118,0.221599,2.89249,0.0245612,0.914932,0.0620069,1.00766,0.745156,0.0690996,1.88619
191.843265306,0.205831,0.0125772,2.58534,0.20864,1.85765,0.0357139,1.19576,0.133946,0.200234,0.440403,0.0642466,1.53086
191.889705215,0.152977,0.00108413,3.04308,0.0872651,0.927759,0.0137692,1.3315,0.315849,0.0432694,0.850803,0.464716,0.730708
191.936145125,0.286677,0.0756696,2.87567,0,0.767442,0.0667537,1.17282,0.575266,0.02079,1.13601,0.157547,0.617504
191.982585034,0.555893,0.0497563,2.14032,0,1.74929,0.275242,0.737801,0.25767,0.0574712,0.727679,0.301549,1.34265
192.029024943,0.446775,0.0670711,0.431402,0,2.63234,0.295013,0.883359,0.0824239,0,1.11504,0.348107,2.11274
192.075464853,0.275703,0.16861,0.0726883,0,3.33173,0.285091,0.448082,0.00832155,0.0156443,1.3524,0.333093,2.10827
192.121904762,0.223415,0.0233873,0.221649,0,3.48395,0.265414,0.379726,0.000995732,0.0492828,1.39559,0.257928,2.07835
192.168344671,0.133871,0.17188,0.916444,0,3.32858,0.276346,0.319853,0,0.0601849,1.39909,0.11892,2.05003
192.214784580,0.135991,0.306215,1.31821,0,2.67516,0.27133,0.280141,0,0.147115,1.39416,0.119466,1.87899
192.261224490,0.020627,0.326882,1.54982,0.0928287,1.73308,0.0681882,0.706886,0.0661305,0.422197,1.11981,0.028528,1.88225
192.307664399,0.0363303,0.330548,1.58991,0.0634181,0.818817,0.0495042,1.21706,0,1.04448,0.89635,0.00048636,1.89067
192.354104308,0.802426,0.143475,1.45401,0.056894,1.70723,0.217654,1.47927,0.00780459,0.602386,0.569181,0,1.88846
192.400544218,0.642846,0.0957722,1.14454,0.036765,2.82735,0.153671,0.8944,0,0.350569,0.651462,0.000101346,1.91742
192.446984127,0.481534,0.016713,0.948264,0,3.2368,0.105247,0.576944,0,0.311963,0.757435,0.012143,1.95079
192.493424036,0.213198,0.00365536,0.851831,0,3.50474,0.131399,0.528772,0.0957446,0.333707,0.805234,0.000580871,1.94206
192.539863946,0.359041,0.0180794,0.987396,0.00132943,3.31296,0.129426,0.509135,0.127654,0.487366,0.861694,0.0430885,1.98124
192.586303855,0.41272,0.0272399,1.43365,0.326601,2.49393,0.127942,0.549069,0.130417,0.677206,1.06306,0.04662,1.94343
192.632743764,0.36781,0.00354042,1.78537,0.368226,0.719965,0.0886018,0.669958,0.0200214,0.780484,1.32735,0.0061327,1.97271
192.679183673,0.312292,0.155097,2.16432,0.220388,0.168597,0.0307741,0.928893,0.0716387,0.660803,1.69859,0.00246795,1.24739
192.725623583,0.262765,0.00120633,1.48831,0,1.98708,0.403454,0.557955,0.141831,0.812883,0.918169,0.0281568,1.93453
192.772063492,0.455627,0.00858488,0.303021,0,2.7249,0.448869,0.129737,0.000812796,0.462276,1.33171,0.125223,1.95911
192.818503401,0.417358,0,0.30316,0,3.14799,0.348236,0.0527351,0.00972584,0.300546,1.29405,0.240118,1.91166
192.864943311,0.335395,0,0.227934,0,3.12124,0.268796,0.0735187,0.0677008,0.286622,1.39902,0.306225,1.872
192.911383220,0.327849,0.00707272,0.987703,0.0370075,2.23625,0.215977,0.164339,0.269216,0.132133,1.16363,0.193368,2.00602
192.957823129,0.29826,0.0264317,1.99523,0.352134,0.825126,0.310847,0.230524,0.301435,0.153921,1.12044,0.101104,2.1369
193.004263039,0.316561,0.556518,2.37228,0.471716,0.00637379,0.229898,0.282151,0.202055,0.148572,0.806914,0.10424,1.06289
193.050702948,0.13627,0.683951,2.39436,0.281253,0.000777436,0.379066,0.248521,0.210629,0.134609,0.832402,0.0666299,0.297884
193.097142857,0.158727,0.567113,1.9788,0.0867582,1.2988,0.515721,0.0526295,0.230092,0.130456,0.170206,0.000564332,1.42262
193.143582766,0.6266,0.122456,0.949777,0.00726567,2.91396,0.0408131,0.0976426,0.121352,0.0186555,0.794181,0.0467105,1.52285
193.190022676,0.635004,0.0847396,0.76704,0.0100234,3.23694,0.0453324,0.120732,0.00753322,0.0380239,0.873163,0.0522678,1.66266
193.236462585,0.530359,0.00039295,0.69377,0.00917551,3.44568,0.106722,0.190629,0.0127301,0.266273,0.935315,0.0528342,1.58495
193.282902494,0.384144,0.000511864,0.679338,0.00454362,3.58247,0.140253,0.227349,0.012986,0.503512,0.9361,0.0454851,1.64094
193.329342404,0.185719,0.000591208,0.746878,0,3.62813,0.153078,0.300813,0.0193261,0.685984,0.863726,0.0430395,1.69285
193.375782313,0.0874787,0.000787809,0.873602,0,3.38797,0.158049,0.292884,0.0563936,0.770432,0.701061,0.0820482,1.58072
193.422222222,0.140656,0.00143336,0.846899,0,2.76104,0.173776,0.542937,0.458365,0.914902,0.720267,0.0250049,1.58241
193.468662132,0.00182371,0.228787,1.21899,0.205781,1.19286,0.255078,1.24946,0.0136335,1.34165,1.18516,0.254583,2.44773
193.515102041,0.209989,0.826799,0.322987,1.45166,0.438526,0.329948,1.42453,0.221565,0.48857,0.87311,0.522022,0.924024
193.561541950,0.293919,1.15515,0.228465,1.47564,0.240533,0.351157,1.6387,0.0805861,0.219651,1.03641,0.233375,0.459844
193.607981859,0.313751,1.17789,0.372018,1.34851,0.180341,0.324233,1.61257,0.0325883,0.00154579,1.64809,0.0412847,0.583978
193.654421769,0.255859,1.10075,0.226873,1.16979,0.152956,0.277212,1.27424,0.0419278,0.0143821,2.34378,0.0536655,0.889608
193.700861678,0.224106,1.54269,0.228554,0.397338,0.490086,0.191727,1.39663,0.052215,0.00768742,2.7252,0.118871,0.890045
193.747301587,0.19261,1.54803,0.0418781,0.0225118,0.593017,0.0802901,1.77089,0.380113,0.0313267,2.77265,0.180533,0.604772
193.793741497,0.791986,1.70563,0.130277,0.00988086,0.815673,0.0458958,2.15161,0.782903,0.00311329,1.72968,0.185198,0.116384
193.840181406,0.567138,1.20865,0.1413,0.00876794,0.722506,0.397074,2.07142,0.845308,0,1.41057,0.142314,0.889569
193.886621315,0.300209,0.800527,0.423206,0.0448902,0.524986,0.647306,2.06779,0.390061,0,1.19885,0.213082,1.15089
193.933061224,0.0686075,0.558018,0.691887,0.0491949,0.345876,0.689693,1.98783,0.197274,0.0133498,1.00914,0.321504,1.17871
193.979501134,0.235653,0.82055,0.705534,0.0935306,0.0496173,0.815664,1.69931,0.146011,0,1.08371,0.41001,1.41682
194.025941043,0.904341,1.30977,0.114163,0.119789,0.014121,0.781939,1.56867,0.191706,0,1.44231,0.0916426,1.25503
194.072380952,1.177,1.11994,0.0589351,0.170198,0.00260578,0.727593,1.25439,0.297799,0.0038981,1.73075,0.147368,0.645264
194.118820862,1.11169,0.997423,0.0501754,0.216451,0.0234997,0.791638,1.11042,0.388912,0.181106,1.97808,0.249596,0.518948
194.165260771,0.839334,0.864927,0.0357076,0.0694844,0.0277845,0.987499,0.967204,0.191136,0.279464,1.89789,0.318883,0.891758
194.211700680,0.949194,0.321273,0.355093,0.0055462,1.40944,0.689747,0.607277,0.819545,0.243144,0.423834,0.561442,1.71214
194.258140590,0.860103,0.0906738,0.57381,0.0017358,1.73669,0.747883,0.721948,0.567572,0,0,0.756269,1.63556
194.304580499,0.798399,0.0404159,0.815439,0.00499985,1.73661,0.700512,0.757603,0.439088,0,0.0248783,0.745024,1.57044
194.351020408,0.579041,0.125592,0.852219,0.0323392,1.78084,0.524218,0.723365,0.307537,0,0.358708,0.51113,1.34311
194.397460317,0.117404,0.564295,1.13292,0.260405,1.11184,0.46379,0.78798,0.0617032,0,0.454191,0.238478,1.17781
194.443900227,0.309572,0.567031,2.15652,0.16939,0.769133,0.490399,1.05312,0.0147496,0,0.96393,1.10078,0.176176
194.490340136,0.221547,0,2.32353,0.588421,0.610466,0.383898,1.16059,0.000917337,0.0267415,1.0719,0.456386,0.196211
194.536780045,0.0528256,0.0766519,2.20883,0.826003,0.592443,0.143605,1.32064,0.0373999,0.0499864,1.20513,0.223239,0.157258
194.583219955,0.0262248,0,1.69092,1.08704,1.65764,0.131454,1.02234,0.0829536,0.0129614,1.08272,0.0618496,1.01967
194.629659864,0.304927,0.00294471,0.598037,0.970571,2.82905,0.0923168,0.800664,0.103702,0.227718,0.512794,0.295558,1.7561
194.676099773,0.296169,0.00107651,0.269083,0.295305,3.62651,0.0594277,0.482718,0.110299,0.247825,0.326396,0.353545,2.04694
194.722539683,0.256126,0.304771,0.293512,0,3.86613,0.0749137,0.320649,0.0838998,0.236869,0.242657,0.142531,2.11556
194.768979592,0.174153,0.0974688,0.157123,0,3.76526,0.102153,0.204407,0.0458206,0.370634,0.431914,0.0325356,2.12022
194.815419501,0.314021,0,1.02651,0.00749736,2.29137,0.109367,0.874421,0.00144507,0.211138,1.31872,0.05707,0.883311
194.861859410,0.284531,0.000684705,1.91214,0.174673,1.16514,0.0916673,0.852839,0.0543474,0.149823,1.17831,0.058506,0.478669
194.908299320,0.199127,0.000920405,2.35766,0.147474,0.588473,0.0285274,1.13782,0.0972909,0.185704,1.21938,0.0854643,0.349032
194.954739229,0.10951,0,2.36061,0.0234142,0.644518,0.293643,1.3259,0,0.186202,0.974042,0.229476,0.926494
195.001179138,0.108473,0.245078,1.5624,0,2.7497,0.362689,0.459792,0.0547363,1.12491,0.0276094,0.278967,1.84593
195.047619048,0.119504,0.357368,0.820345,0,3.56018,0.327494,0.288068,0.0308073,1.68916,7.16457e-05,0.264905,1.82707
195.094058957,0.148692,0.11349,0.189218,0,3.76761,0.281624,0.352087,0.00835303,2.03765,0.00408217,0.306083,1.69382
195.140498866,0.155434,0.0413407,0.109973,0.00463123,3.62931,0.221528,0.441667,0.00730856,2.2229,0.0130607,0.271851,1.60217
195.186938776,0.116451,0.867439,0.232949,0.00984302,2.1467,0.302976,0.497856,0.00265017,2.03391,0.0396153,0.244175,1.40651
195.233378685,0.110237,1.78111,0.223765,0.0319725,0.794267,0.617853,0.431138,0.0135791,1.51944,0.425846,0.463607,0.726363
195.279818594,0.0417598,1.85743,0.682999,0.109561,1.23155,0.694685,0.391405,0.0220648,1.59274,0.360764,0.353822,0.505631
195.326258503,0.0476879,1.71647,1.30143,0.12446,1.09201,0.722668,0.34785,0.0205623,1.56091,0.291518,0.234931,0.689273
195.372698413,0.0654487,1.19635,1.25792,0.0375893,1.38834,0.735971,0.147886,0.0412879,1.28424,0.41115,0.187058,1.56399
195.419138322,0.101761,0.142358,0.67001,0.00580124,3.497,0.0480005,0.0432665,0.196908,1.15194,0.163596,0.244383,1.88554
195.465578231,0.0406344,0,0.136481,0.0481511,4.20256,0.0313392,0.0454964,0.0466218,1.43452,0.0788466,0.186471,2.06783
195.512018141,0.093188,0.034171,0.0496,0.00767541,4.3878,0.0628731,0.0251238,0.053289,1.62541,0,0.0506563,2.20445
195.558458050,0.173914,0.297179,0.474234,0.0396766,2.46363,0.671215,0,0.434148,1.17887,0.213133,0.193084,1.72546
195.604897959,0.266945,0.770127,0.402539,0.138966,1.98195,0.85739,0.0131132,0.398811,0.613388,0.558793,0.632138,0.827255
195.651337868,0.288254,1.43569,0.337398,0.201761,1.61195,0.888556,0.00518893,0.250034,0.591859,0.478463,0.352649,0.902077
195.697777778,0.0579178,1.40142,0.727061,0.236432,0.698844,1.22887,0.0164203,0.147681,0.852279,0.0458499,0.0544748,1.20393
195.744217687,0.160616,1.18497,0.729984,0.0587434,1.73866,1.38007,0.00353502,0.14022,0.919866,0,0,1.17945
195.790657596,0.205401,0.954483,0.340944,0.000158889,3.2252,0.656707,0.0559507,0.150864,0.682202,0,0.369606,1.6189
195.837097506,0.131626,0.101404,0.0142457,0.000937075,3.80566,0.387712,0.0476617,0.051765,1.22418,0.00186002,0.478588,2.13047
195.883537415,0.121784,0.0583568,0.0155394,0,3.81155,0.334143,0.161801,0.0331228,1.27777,0.0184074,0.302612,2.31926
195.929977324,0.187004,0.00603711,0.567373,0.171006,2.4115,0.373996,0.626463,0.0936421,0.762428,0.0462822,0.270929,2.49637
195.976417234,0.644788,0.0246714,1.44259,0.128862,1.54988,0.380237,0.931062,0.174377,0.789183,0.283566,0.736662,1.20324
196.022857143,0.488261,0.017936,2.13406,0.0981372,0.815594,0.0145278,0.706743,0.243562,0.682968,0.495982,0.596419,0.927396
196.069297052,0.208789,0.0315929,2.52089,0.0569963,0.617452,0.0169045,0.508317,0.163667,0.563089,0.618287,0.27353,1.04028
196.115736961,0.44707,0.115639,2.45226,0.032203,0.94291,0.00497487,0.617743,0.200481,0.6763,0.630419,0.0597649,0.824825
196.162176871,1.06492,0.00100732,0.732729,0.0120736,2.91299,0.0659754,0.571172,0.0620708,0.436999,0.0167766,0.0170454,1.90418
196.208616780,0.860176,0.117578,0.364492,0,3.33357,0.122904,0.601022,0.0513953,0.772646,0.0174643,0,1.90321
196.255056689,0.6457,0.0860836,0.323355,0,3.59948,0.144513,0.60343,0.0245071,0.975754,0,0,1.97749
196.301496599,0.353255,0.0555464,0.266542,0.000186864,3.70383,0.155129,0.55371,0.0147073,1.19276,0.0191474,0,2.14716
196.347936508,0.0279605,0.0622963,0.179345,0,3.57577,0.164011,0.453623,0.0427973,1.42677,0.0587562,0.0375472,2.32041
196.394376417,0.37034,0.113987,0.104623,0,3.17455,0.103289,0.360729,0.0710745,1.68758,0.0672176,0.0252453,2.25359
196.440816327,0.547894,0.0479835,0.187485,0,2.76692,0.2077,0.646718,0.372747,1.37836,0.32559,0.123382,2.06211
196.487256236,1.18016,0.0218312,1.99405,0.00316125,1.27541,0.34095,0.520334,0.0484812,0.251548,0.252809,0.342669,1.71724
196.533696145,1.02826,0.00587976,2.51401,0.166944,0.584183,0.473868,0.961291,0.340574,0.176613,0.0636831,0.235748,1.38808
196.580136054,0.849258,0.00854364,2.57004,0.256042,0.670013,0.527799,1.31349,0.581775,0.063201,0,0.226814,1.26037
196.626575964,0.581865,0.00918016,2.45682,0.262148,0.708395,0.543867,1.51758,0.657832,0.0247815,0.525783,0.317727,1.16482
196.673015873,0.209802,0.00491539,2.24518,0.131057,0.857737,0.500716,1.55954,0.65455,0.0180789,1.01077,0.347768,1.17818
196.719455782,0.12554,0,1.80802,0.0117398,1.23399,0.199639,1.38278,0.466572,0.210105,1.20081,0.305148,1.69635
196.765895692,0.118326,0,1.5247,0.0163996,1.46508,0.00822391,1.70478,0.00910758,0.366481,1.30869,0.116575,2.33381
196.812335601,0.0151468,0.000359144,1.49552,0.0251739,0.973728,0.0318508,1.64831,0.124954,0.451689,1.4056,0.0976888,2.45729
196.858775510,0.111696,0.0874916,1.64398,0.000964652,0.391323,0.0410636,1.28166,0.375957,0.423257,1.81395,0.0941686,1.82796
196.905215420,0.0161023,0.140127,1.90312,0.0825849,0.156185,0.036974,0.958963,0.335028,0.349943,1.88507,0.109147,1.57498
196.951655329,0.241436,0.160322,2.14871,0.0790209,0.40753,0.0151691,0.897265,0.0945782,0.305277,1.73162,0.10575,1.46538
196.998095238,1.07741,0.0957754,2.16348,0.00750546,0.469382,0.00735376,1.31294,0.0776891,0.436614,1.4744,0.0901229,0.785933
197.044535147,1.04208,0.036808,2.1381,0.0136483,0.102648,0.252194,1.34596,0.117003,0.47787,1.30174,0.0676401,1.05033
197.090975057,0.703632,0.000992168,2.18962,0.0246205,0.0821268,0.444784,1.17772,0.173054,0.385834,1.25666,0.108274,1.07375
197.137414966,0.640072,0.0021949,2.26519,0.0752146,0.0745859,0.416999,1.24143,0.267169,0.28682,1.34251,0.12513,0.963561
197.183854875,0.716079,0.0063111,2.22105,0.0790507,0.133782,0.152728,1.35523,0.247481,0.235054,0.418159,0.702033,1.4226
197.230294785,0.818285,0,2.47263,0.198708,0.327537,0.568322,1.21797,0.12455,0.263751,0.0362133,0.56503,0.797969
197.276734694,0.782727,0,2.64853,0.139168,0.464783,0.496021,1.15669,0,0.180963,0,0.52788,0.591065
197.323174603,0.627696,0,2.85503,0.0444264,0.578381,0.383609,1.21587,0,0.193205,0,0.61408,0.650259
197.369614512,0.410292,0,3.21357,0.00583213,0.588798,0.325875,1.2066,0.0336867,0.116803,0.00223682,0.631119,0.662252
197.416054422,0.167883,0.0104296,3.4033,0.0172943,0.445601,0.329447,1.1634,0.1208,0.0616025,0.367923,0.288192,0.533733
197.462494331,0.130863,0.026441,3.47442,0,0.456141,0.304423,1.12092,0.206383,0.00844526,0.483761,0.311858,0.311948
197.508934240,0.176532,0.0984396,3.35289,0.0155898,0.221863,0.123713,1.25555,0.256233,0.0495471,0.540814,0.325015,0.27547
197.555374150,0.0400799,0.0400346,3.11553,0.0566237,0.0481544,0.0810125,0.987585,0.217453,0.0982809,0.532485,0.400982,0.471634
197.601814059,0.312978,0.0577743,2.19985,0.728126,0.535043,0.0670992,1.3932,0,0,0,1.17797,0.486729
197.648253968,0.394696,0.137762,2.28435,0.790168,0.559479,0.160404,1.63525,0,0,0.475847,0.963931,0.318027
197.694693878,0.350201,0.0612801,2.44649,0.651453,0.605823,0.181964,1.62357,0,0.0105451,0.816983,0.802356,0.26854
197.741133787,0.295974,0.0711132,2.88538,0.404289,0.566914,0.169194,1.43198,0.000501329,0.0155822,0.925503,0.657795,0.310447
197.787573696,0.243341,0.0644357,3.01091,0.0209488,0.476802,0.23035,1.31596,0.00740541,0.0949942,1.54962,0.0377737,0.353733
197.834013605,0.041869,0.309575,2.37374,0.534172,0.0349438,0.961674,1.03374,0.0153905,0.87634,0.920869,0,0.947321
197.880453515,0.0662341,0.861776,1.70633,0.424521,0.0499055,1.16815,1.25313,0.12981,1.22517,0.581186,0.00831573,0.884624
197.926893424,0.000132076,1.57206,0.597211,0.467771,0.0388224,1.31505,1.23095,0.449205,1.2515,0.376493,0,0.925574
197.973333333,0.153255,1.73773,0.91398,0.628936,0.121504,1.24095,1.65554,0.00873786,0.81358,0.429451,0.00115386,0.775922
198.019773243,0.349289,0.675398,2.27497,0.432777,0.307093,0.423281,1.80804,0.00289105,0.453269,1.62296,0.101021,0.188532
198.066213152,0.31251,0.0219487,3.07146,0.155879,0.42307,0.353717,1.49406,0.00307544,0.00709285,1.91335,0.23623,0.180659
198.112653061,0.242684,0.0266265,3.28712,0.17201,0.422426,0.311825,1.12482,0.0067347,0.0174405,1.88895,0.261153,0.150317
198.159092971,0.216717,0.00581649,3.28366,0.1496,0.392629,0.302244,0.917597,0.0729427,0.0580842,1.81127,0.136782,0.155521
198.205532880,0.195542,0.44852,2.84011,0.225038,0.324026,0.269525,1.05405,0.240739,0.0732359,1.84363,0.122029,0.172119
198.251972789,0.0715574,1.52541,1.71488,0.252601,0,0.302576,1.06545,0.29863,0.0739291,1.7074,0.229108,0.154151
198.298412698,0,2.36339,1.6275,0.0797127,0.02548,0.691362,1.23593,0.0802866,0.254871,0.803169,0.203819,0.285838
198.344852608,0.139736,1.65899,2.64739,0.0520696,0.17435,0.4434,2.38117,0.0179568,0.239015,1.12948,0.116883,0.0144307
198.391292517,0.361266,0.424587,3.49927,0.0447702,0.410884,0.159666,2.45157,0,0.166024,1.22869,0.00369583,0.057248
198.437732426,0.271755,0.177256,3.8722,0.0691755,0.427378,0.183313,2.16535,0,0.000420428,1.3158,0,0.000976156
198.484172336,0.257633,0.187677,3.856,0.0701487,0.372607,0.157473,2.00727,0.0278365,0.1505,1.35887,0,0.000454837
198.530612245,0.177095,0.139483,3.35919,0.0475578,0.291327,0.1382,1.937,0.155115,0.382094,0.963394,0,0.120199
198.577052154,0.0836069,0.406198,2.18176,0.0261333,0.0669704,0.257953,1.76904,0.491906,0.386057,0.990865,0.0330856,0.609921
198.623492063,0.0865463,1.38832,0.932924,0,0,0.793065,0.894909,0.556235,0.349423,0.904335,0.00200886,1.14213
198.669931973,0.218019,1.98508,0.501332,0.127249,0.0334991,1.01918,0.0934743,0.51371,0.263894,0.99935,0,1.21371
198.716371882,0.195862,1.71533,0.583791,0.247183,0.0915061,1.07551,0.227711,0.441817,0.175485,1.4968,0.0159587,1.02944
198.762811791,0.259203,0.0836503,2.26077,0.932391,0.159449,0.732601,0.465662,0.441683,0.00498246,1.68016,0.34544,0.233317
198.809251701,0.225748,0,2.77967,0.720899,0.180847,0.361267,0.72525,0.425555,0.0154543,1.85689,0.132819,0.221757
198.855691610,0.256073,0,3.05579,0.313782,0.193239,0.376107,0.707745,0.388911,0.00663835,1.90438,0.144826,0.191758
198.902131519,0.362153,0,3.20961,0.036607,0.236833,0.38412,0.754257,0.395859,0.00156572,1.86556,0.0872647,0.215454
198.948571429,0.513986,0.196581,3.25421,0.00352784,0.281241,0.748344,0.896352,0.21537,0,1.81934,0.0812103,0.244187
198.995011338,0.124183,1.98887,2.00695,0,0.0719992,1.29542,0,0.410605,0.796381,1.03676,0.149287,0.315191
199.041451247,0,3.3484,0.759431,0,0.0402381,1.25914,0.0249442,0.295526,1.22583,0.799063,0.067482,0.221076
199.087891156,0,3.74032,0.685942,0.0437794,0.000719139,0.957819,0.0646315,0.13625,1.2442,0.839949,0.04519,0.216709
199.134331066,0,3.61116,0.994201,0.0572926,0.00330802,0.849313,0.0416687,0.108288,1.13217,0.814587,0.0026155,0.448378
199.180770975,0,3.42591,1.06821,0.0462503,0.0166591,0.956601,0.0617105,0.118037,1.14124,0.845009,0.00357312,0.529142
199.227210884,0,3.3278,1.02809,0.048581,0.0291406,0.990225,0.0735609,0.194834,1.09968,0.878824,0.00278638,0.484949
199.273650794,0,2.78645,0.865309,0,0.578091,0.983237,0.0604132,0.309844,1.12258,0.84166,0.000869098,0.334441
199.320090703,0,1.77894,0.662771,0,2.6942,0.6612,0.05702,0.308816,1.13634,0.952459,0.00638802,0.490557
199.366530612,0,0.680443,0.803137,0,3.74512,0.0928279,0.232006,0.097049,1.1405,0.724069,0.000217648,0.900461
199.412970522,0.000467426,0.034414,0.702076,0.00463316,3.87602,0.0387647,0.438341,0.011743,0.864956,0.835901,0.000161541,1.41735
199.459410431,0.119064,0.0047535,0.286903,0,3.90611,0.25688,0.608699,0.0535405,0.669094,1.04586,0.37921,1.68328
199.505850340,0.147754,0,0.154044,0.0703002,3.45311,0.290103,0.480036,0.0678414,0.793094,1.08756,0.454037,1.90123
199.552290249,0.152795,0.0308842,0.78999,0.165784,2.72759,0.222026,0.561794,0.0718583,0.928397,1.05416,0.409646,1.83536
199.598730159,0.141305,1.18549,1.4568,0.583006,0.968003,1.23783,0.873359,0.0675982,0.487498,1.15541,0.229312,0.978987
199.645170068,0.126114,2.14,0.980123,0.372511,0.215479,1.78028,0.868364,0.0589653,0.945771,1.16433,0.0713963,0.371489
199.691609977,0.1147,2.68957,0.315664,0.273145,0.205576,1.75208,1.13541,0.0559572,1.41202,0.967939,0.0794062,0.240793
199.738049887,0.0936029,2.76766,0.206235,0.262042,0,1.54842,1.07317,0.0645299,1.67064,0.756925,0.119581,0.242982
199.784489796,0.0555168,2.68702,0.221175,0.302206,0.0063382,1.36385,1.12374,0.0587618,1.63548,0.646549,0.14764,0.328797
199.830929705,0.000200604,2.52044,0.224268,0.257696,0.0222195,1.24854,1.04165,0.0503452,1.43107,0.675658,0.189834,0.530289
199.877369615,0,2.20829,0.0490558,0.297313,0.0289042,1.3702,1.17596,0.464784,0.930857,0.682437,0.36573,0.340615
199.923809524,0,1.91678,0.287882,0,0.529772,1.40587,1.03255,0.501834,0.60609,0.834309,0.361538,0.0298287
199.970249433,0,1.37493,0.908355,0.303438,0.404459,0.98452,0.876987,0.00802412,0.680632,1.41456,0.540511,0.0107281
200.016689342,0.140732,0.311666,2.62299,0.359687,0,0.968104,0.820125,0.0320416,0.700821,0.614243,0.326933,0.656098
200.063129252,0.146508,0.335838,2.88915,0.123274,0.00641303,0.627538,0.845795,0.0304265,0.274181,0.837776,0.484298,0.556508
200.109569161,0.286328,0.000705257,2.97123,0.0663503,0,0.311406,1.06924,0.0504036,0.593812,0.860299,0.624582,0.622796
200.156009070,0.342151,0.0026461,2.89763,0.00924392,0.00514672,0.153558,1.19221,0.0595349,0.977987,0.690515,0.562863,0.779747
200.202448980,0.44504,0.128814,2.72232,0,0.059399,0.244826,1.80753,0.0197003,1.10686,0.522017,0.443544,0.706166
200.248888889,0.186408,1.63277,1.67459,0.100734,0.173604,0.834997,1.86229,0.047502,0.63361,0.770342,0.443645,0.672585
200.295328798,0.142196,2.27417,1.14736,0.166493,0.240115,0.928643,1.58169,0.0955726,0.578633,1.22239,0.0396735,0.488188
200.341768707,0.147263,2.61916,1.1107,0.122298,0.232859,0.917876,1.4204,0.0938133,0.554125,1.32844,0.0838197,0.334428
200.388208617,0.149689,2.75138,1.10231,0.0758031,0.23937,0.961411,1.45124,0.100379,0.467549,1.3524,0.0713663,0.347397
200.434648526,0.137908,2.6488,0.814807,0.324681,0.24027,1.0275,1.50474,0.0927584,0.658653,1.13272,0.0826173,0.569833
200.481088435,0.173123,1.64415,0.236697,0.766848,0.0358,0.491762,1.96591,0.0477919,0.420223,0.83187,0.256158,2.08139
200.527528345,0.125975,0.088083,0.0263033,1.48693,0,0.293186,2.00566,0.000230062,0.113287,0.311779,0.430945,2.88261
200.573968254,0.223651,0.111484,0.0147399,1.46193,0,0.329493,2.07474,0,0,0.287766,0.44938,2.56119
200.620408163,0.781266,0.247755,0.120803,0.931933,0,0.105959,2.34156,0.0601892,0,0.30398,0.144035,2.3656
200.666848073,0.746239,0.155237,0.251027,1.30807,0.00326479,0.0636115,2.45792,0.0285117,0.0441888,0.233799,0.0196905,2.50295
200.713287982,0.523043,0.192707,0.0426214,1.35432,0.0200867,0.0155911,2.73574,0.00488083,0.0326406,0.0701771,0,2.62252
200.759727891,0.208841,0.460468,0.00324496,1.19973,0.0250147,0.0454236,2.87582,0.0259261,0.0110509,0.0476238,0,2.86333
200.806167800,0.0384174,0.523099,0,1.05256,0.0143041,0.0675102,2.92002,0.0525646,0.00693423,0.0549132,0,3.32705
200.852607710,0,0.57464,0.0298308,0.830903,0.0242036,0.0766056,2.76642,0.0844309,0.0108163,0.0524115,0,3.59582
200.899047619,0.00290757,0.613511,0.095393,0.279458,0.259946,0.109713,2.29666,0.213745,0,0.0400583,0.0659405,3.60134
200.945487528,0.000338901,0.83481,0.155244,0.133667,0.405351,0.322414,1.63636,0.318222,0.224021,0.0817162,0.1945,3.15149
200.991927438,0.208398,0.812142,0.118505,0.436524,0.805394,0.548312,0.861254,0.419336,0.526862,0.0362319,0.612562,2.05057
201.038367347,0.259541,0.865749,0.0332834,0.395901,0.70202,0.382994,1.39493,0.734785,0.762084,0.408899,0.422205,1.67422
201.084807256,0.32703,0.504529,0.181019,0.706454,0.431206,0.394863,1.74626,0.307624,0.621088,0.344043,0.0662183,2.0748
201.131247166,0.234984,0.242575,0.0344205,1.4345,0.0885346,0.395538,1.84777,0.0684245,0.208925,0.0412584,0.037073,2.82482
201.177687075,0.142138,0.165266,0,1.40124,0.0149216,0.3635,1.7185,0.0534008,0.0551558,0.0364461,0.0513264,3.42903
201.224126984,0.0758908,0.104331,0.0148717,1.1891,0.545297,0.187348,1.70908,0.0486955,0.508577,0.103346,0.0950938,3.19719
201.270566893,0,0.17309,0.0116404,1.03099,0.546614,0.273491,1.22804,0.0471803,0.476602,0.311032,0.21622,2.74436
201.317006803,0.0238792,0.294616,0,0.865614,0.469555,0.0880702,0.626691,0.110486,0.360356,0.595986,0.544214,2.17737
201.363446712,0.222911,0.202208,0.000721082,0.0624618,1.84988,0.322693,0.878652,0.103358,0.517304,0.935226,0.959592,1.63215
201.409886621,0.00450477,0.186208,0.0274753,0.0408547,3.24816,0.0549814,0.556605,0.0653588,0.60449,0.49044,0.687902,1.34626
201.456326531,0.00797512,0.0613732,0.0186359,0.091861,3.87041,0.176127,0.25624,0.0292051,0.666238,0.192721,0.0720568,1.05053
201.502766440,0.62744,0.253286,0.00546619,0.134573,3.78318,0,0.0901822,0.0318871,0.536146,0.48608,0.332078,0.516432
201.549206349,0.715648,1.27356,0,0.177508,3.42934,0,0.0517995,0.00628331,0.396661,0.584924,0.176151,0.458449
201.595646259,1.02126,1.35909,0.0792267,0.144878,2.21948,0,0.271388,0.0474176,0.28411,0.595381,0.225362,0.932586
201.642086168,0.980129,1.22012,0.301949,0.100529,0.557438,0.0311867,0.811473,0.00830976,0.113281,0.80946,0.291197,1.16529
201.688526077,1.06013,1.29337,0.311692,0.16481,0.430793,0.0614741,1.24715,0.0655588,0.00857277,0.973212,0.112696,1.01203
201.734965986,0.849334,0.746952,0,0.0289172,0.791099,0.353491,1.26898,0.00432247,0.417712,0.604937,0.0955664,1.64963
201.781405896,0.801429,0.293345,0,0.281308,0.568792,0.515026,0.898706,0.179506,0.823692,0.166186,0.321987,2.18857
201.827845805,0.858894,0.0489159,0.100723,0.949576,0.529062,0.487228,0.485231,0.0975278,0.965608,0.0684286,0.282446,2.16161
201.874285714,0.771607,0.00842244,0.0762199,0.888468,0.583255,0.425177,0.91601,0.0908594,0.681528,0.092372,0.256407,2.1444
201.920725624,0.566019,0.00723915,0,0.948674,0.861085,0.253527,1.06577,0.205424,0.323699,0.107111,0.791793,2.0645
201.967165533,0.41546,0.00103454,0,1.00503,1.0685,0.162142,0.667579,0.38229,0.316225,0.0996777,0.461521,2.1177
202.013605442,0.679947,0.154316,0,0.595197,0.511744,0.00359508,0.429548,1.03899,0.451659,0.095811,0.529846,1.42671
202.060045351,0.889363,0.0104818,0.0150002,0.237748,0.832582,0.649215,0.0593836,0.399244,0.0658589,0.196151,0.507405,1.78113
202.106485261,1.07954,0.0911549,0.0390926,0.0103045,2.18078,0.582844,0.00286585,0.286132,0.290953,0.105611,0.172989,1.90974
202.152925170,0.831353,0.0133503,0.0505954,0,3.30542,0.418896,0.0111308,0.0880428,0.485345,0.403974,0.105656,1.40877
202.199365079,0.326766,0.00529015,0.737394,0,3.54562,0.176267,0.0243555,0.0630542,0.582788,0.980038,0.245534,1.06116
202.245804989,0.0316239,0,1.6846,0,3.61795,0.105951,0.0301433,0.0162103,0.640823,0.715058,0.207444,1.1118
202.292244898,0,0.0924836,2.29138,0,3.42125,0.0498454,0.0162646,0,0.633117,0.694778,0.215309,1.18072
202.338684807,0,0.642418,2.51566,0.173176,2.8777,0.0380891,0.0238517,0.0324732,0.499114,0.747284,0.0497943,1.08887
202.385124717,0.0280756,1.06192,2.43881,0.00545126,2.14192,0.164828,0.271393,0.0200862,0.476576,0.67786,0.0653734,1.10132
202.431564626,0.43958,1.0457,2.02022,0.0887802,1.28884,0.388519,0.830033,0.36788,0.209061,0.690351,0.116203,1.19099
202.478004535,0.595841,1.12556,1.75075,0.124033,0.946529,0.407301,0.893259,0.00865297,0.252301,0.61112,0.232472,1.37752
202.524444444,0.0978057,1.00785,1.37653,0.0964732,1.32562,0.310103,0.0908624,0.0164961,0.688332,0.191507,0.356709,1.40994
202.570884354,0.0804558,1.53682,1.4085,0.00744937,0.364092,0.786234,0,0.143728,1.0431,0.0361382,0.628328,1.31181
202.617324263,0.0748235,2.46613,0.95624,0.202622,0.216571,0.833049,0,0.263112,1.59362,0.0462654,0.32984,0.785558
202.663764172,0.0704504,3.23084,0.488949,0.265965,0.198718,0.681446,0.0217662,0.230273,1.62721,0.046857,0.102949,0.623345
202.710204082,0.0571658,3.74251,0.0412055,0.353377,0.216722,0.672601,0.156841,0.102113,1.58216,0.0411519,0.11647,0.431174
202.756643991,0.066747,3.937,0.0196022,0.355841,0.0571025,0.75359,0.246925,0.183452,1.56671,0.0857313,0.113303,0.296035
202.803083900,0.169626,3.92127,0,0.00181287,0.125344,1.06283,0.325146,0.563275,1.19528,0.0291382,0.0245521,0.186199
202.849523810,0.7602,2.95128,0.221786,0.0660233,1.19107,0.937057,0.43262,0.688313,0.578707,0,0.411049,0.0475514
202.895963719,1.02312,0.949041,0.258595,0.34085,1.20665,1.18953,0.120118,0.104655,0.261786,0.685466,0.473219,0.174953
202.942403628,0.986122,0.49766,0.228452,0.511665,0.979802,1.18841,0.0634562,0.0118741,0.259007,1.16453,0.217948,0.416452
202.988843537,0.563435,0.568268,0.191643,0.79292,0.904705,0.765202,0.314145,0.0302365,0.408249,1.23967,0.683869,0.358923
203.035283447,0.0740073,1.07494,0.278756,0.592296,0.805387,0.113698,0.611718,0.514062,0.367872,0.853989,1.0286,0.0362323
203.081723356,0.244604,0.857945,0.163323,0.0857937,0.350201,0.0229965,1.28001,1.01902,0.744051,0.5017,0.61963,0.000442475
203.128163265,0.250731,0.930415,0.0500905,0.356985,0.9025,0.0867211,2.13851,0.636762,0.335736,0.150603,0.0466513,0.000418641
203.174603175,0.25076,0.605645,0.221838,0.356986,0.20004,1.36231,2.30064,0.482483,0.247436,0.0428824,0.683716,0.438043
203.221043084,0.145833,0.300459,0.181791,0,1.32234,1.75463,1.14012,0.337919,0.6157,0.0664047,0.874812,0.9875
203.267482993,0.162281,0.203854,0.26153,0,2.26036,1.40874,0.850823,0.301295,0.840279,0.162759,0.646385,1.01018
203.313922902,0.0119641,0.125428,0.683062,0.0849747,2.64464,1.20812,0.635677,0.18244,0.99674,0.14744,0.260563,1.03614
203.360362812,0,0,0.548208,0.288041,3.25295,0.888068,0.490509,0.0343221,0.868206,0.0649377,0.109473,1.06825
203.406802721,0,0,0.353715,0.339956,3.7131,0.235899,0.100118,0.027547,0.548985,0.109417,0,1.02435
203.453242630,0,0,0.220064,0.378451,3.92934,0.119373,0.0232984,0.216685,0.557742,0.0776591,0.0893734,1.09076
203.499682540,0,0.00199036,0.100407,0.15278,3.90222,0.117628,0.0216378,0.138342,0.566571,0.0922924,0.0951562,1.24413
203.546122449,0.19179,0.00143522,0.0236971,0.0903696,3.81,0.166377,0.0203716,0.0159082,0.552356,0.147688,0.0882688,1.17601
203.592562358,0.234136,0.102597,0.00100596,0.101296,3.56835,0.63612,0.249974,0.00470684,0.608323,0.205667,0,1.32845
203.639002268,0.198324,0.274883,0,0.128503,3.63172,0.501494,0.361538,0.00346236,0.711076,0.235505,0.075905,1.52028
203.685442177,0.162646,0.0282486,0.0182476,0.0827151,4.14337,0.163596,0.27964,0.0372173,0.720141,0.155204,0.063918,1.41051
203.731882086,0.00162793,0.133678,0.0356807,0.0322279,4.42827,0,0.0941179,0.283317,0.597886,0.147895,0.0250189,1.36001
203.778321995,0.00178959,0.00607888,0.104052,0.111764,4.28279,0.0147452,0.170462,0.12661,0.520498,0.103014,0.298188,1.563
203.824761905,8.35248e-05,0.0153205,0.0388881,0.215653,4.43809,0.0179409,0.0819399,0,0.430437,0.0512631,0.143714,1.68054
203.871201814,0.0207494,0.0843609,0.0335857,0.00390833,4.35724,0.0570003,0.0750111,0.0119463,0.342356,0.312528,0.290346,2.10488
203.917641723,0.12181,0.00838557,0.0146822,1.84516e-05,4.2134,0.0648516,0.076363,0.250494,0.587763,0.299434,0.170725,2.23263
203.964081633,0.400978,0.000166556,0.0810425,0.0545988,3.80302,0.214677,0.219768,0.0593251,0.729705,0.827013,0.14033,1.57188
204.010521542,0.532863,0,0.356385,0.107111,3.59408,0.137087,0.147236,0.133002,0.706959,1.23551,0.140001,1.40027
204.056961451,0.484126,0.00740527,1.17668,0.117324,3.17844,0.058424,0.223519,0.261253,0.65273,1.55424,0.162721,1.43078
204.103401361,0.429794,0.160211,1.77615,0.0679289,2.28545,0,0.417235,0.286632,0.733103,1.8412,0.329407,1.60187
204.149841270,0.156328,0.48822,2.46088,0.0136872,1.27733,0.304998,0.828078,0.25923,1.09181,1.36039,0.63026,1.41915
204.196281179,0,0.400094,2.69596,0.0126635,1.79513,0.311199,0.892244,0.000788659,0.969929,0.957948,0.602284,0.911473
204.242721088,0,0.342316,2.47357,0.0135824,2.33955,0.0655214,0.597747,0.0015155,0.864723,1.11885,0.67065,0.848732
204.289160998,0,0.507576,2.28043,0.0148516,1.78421,0,1.67463,0,0.430585,1.51527,0.68886,0.434971
204.335600907,0,0.528989,2.11833,0.0139538,0.961015,0,2.66058,0,0.00551116,1.73928,0.303125,0.293824
204.382040816,0,0.988478,2.22352,0.0136377,0.451633,0.018007,3.25491,0,0.0170276,1.43905,0.263939,0.0349229
204.428480726,0,1.03663,2.58787,0.0165892,0.0620834,0.0313516,3.5619,0,0.023781,1.13441,0.27404,0.000163358
204.474920635,0,0.907699,2.59515,0.0196211,0.0112773,0,3.69376,0,0.0269574,1.2221,0.177287,0
204.521360544,0.362378,0.80912,2.26903,0.11741,0.47123,0.0394543,2.98608,0.00253998,0.0217097,1.38895,0.0437834,0.427511
204.567800454,0.555412,0.479256,1.97725,0.260528,0.899109,0.0230238,1.50504,0.145613,0.558812,1.74234,0.0422282,1.1724
204.614240363,0.638609,0.0643251,2.05757,0.374554,1.45112,0.00392979,0.340393,0.193624,1.1049,1.68343,0,1.57166
204.660680272,0.732831,0.001452,1.93376,0.318094,1.62306,0.000135938,0.0659033,0.453704,1.57322,1.57522,0,1.57796
204.707120181,0.836232,0.232798,1.6009,0.0879849,1.51294,0.00766962,0,0.232056,1.97321,1.57986,0.0404407,1.5865
204.753560091,0.741221,0.632231,1.3084,0.0826674,2.06878,0.123456,0.224922,0.414485,1.5634,1.37549,0.103759,0.962212
204.800000000,0.293479,0.522707,1.09584,0.0586484,2.81439,0.205489,0.380164,0.535719,0.274992,1.43597,0.121978,0.773241
204.846439909,0.198008,0.539616,1.00813,0.0118092,2.96111,0.114908,0.177464,0.430709,0.253298,1.51159,0.14467,1.13296
204.892879819,0.131,0.538259,1.14459,0.0115213,2.73775,0.0494326,0.0968994,0.166357,0.26126,2.02031,0.120355,1.4011
204.939319728,0.0343409,1.05794,1.48074,0.00841331,2.39913,0.053206,0.149101,0,0.582263,2.01555,0.0387376,1.08616
204.985759637,0.00733081,2.22013,1.49544,0.0139643,1.87256,0.0245194,0.513016,0.000961003,1.1489,1.46876,0,0.478084
205.032199546,0,2.9945,1.15689,0.0145156,0.760923,0.182062,1.03941,0.171021,1.31052,1.05759,0,0.164862
205.078639456,0.40342,3.17644,0.722409,0.427676,0,0.0414753,1.18928,0.492428,1.02175,0.857388,0.0547301,0.56542
205.125079365,0.594307,2.92946,0.540846,0.529524,0.0251636,0.0394684,1.04085,0.560286,0.651046,0.877906,0.0373384,1.13882
205.171519274,0.571797,2.9672,0.468005,0.527943,0.0706137,0.0361888,0.829529,0.576999,0.335128,0.977371,0,1.34509
205.217959184,0.513366,3.19302,0.409571,0.616794,0.106901,0.0462337,0.666848,0.547125,0.529572,0.989149,0,1.52694
205.264399093,0.462363,2.94641,0.423065,0.754725,0.476175,0.0534496,0.459266,0.173309,1.23474,1.06773,0,2.01555
205.310839002,0.339281,2.02252,0.719616,0.66547,1.42052,0.031752,0.195737,0.00448036,1.3632,0.892063,0,2.32278
205.357278912,0.222629,0.832089,1.33359,0.506914,2.32726,0,0.0844144,0,1.48815,0.709457,0,2.47031
205.403718821,0.211884,0.0954001,1.46731,0.269157,2.75104,0.0203131,0.401968,0.0552838,1.55123,0.703744,0,1.96692
205.450158730,0,0.110007,1.57392,0.0299094,2.64613,0.198221,0.754742,0.0862884,1.73151,0.445035,0.206649,1.91003
205.496598639,0.00456422,0.0437153,1.4468,0.0331425,2.4041,0.0851549,0.929606,0.0751492,1.90974,0.327271,0.251989,1.34008
205.543038549,0.10848,0.977035,0.495302,0,2.74888,0.0157458,0.78772,0.0274189,1.54476,0.814112,0.170329,0.769544
205.589478458,0.0894409,1.48235,0.291053,0,2.87315,0.0240662,0.950196,0,1.2934,1.28506,0.139371,0.848643
205.635918367,0.0754909,1.77188,0.188755,0.159768,2.34659,0.0269666,1.22912,0,1.23648,1.45019,0.0972996,0.79341
205.682358277,0.0432924,2.18014,0.267414,0.330721,1.36576,0.0334829,1.32467,0.00486541,0.848609,1.7158,0.0193142,0.766208
205.728798186,0,2.37761,0.254706,0.402218,0.904259,0.0318794,1.53177,0.034695,0.798234,1.79773,0,0.574299
205.775238095,0,2.68616,0.129531,0.452972,0.801435,0.0533375,1.64208,0.050688,0.881631,1.81736,0,0.468065
205.821678005,0,2.86955,0.0592923,0.458124,0.933518,0.213242,1.71699,0.053563,1.04227,1.80624,0,0.295265
205.868117914,0,2.65655,0.180597,0.407591,0.978336,0.19126,1.74965,0.0607831,1.06026,1.92017,0,0.249924
205.914557823,0,2.08383,0.764467,0.335127,1.05859,0.101545,1.72332,0.0633798,0.98493,1.96113,0,0.321253
205.960997732,0,1.80192,1.09722,0.252657,1.27684,0.0651542,1.55159,0.236214,0.921917,1.86516,0,0.406585
206.007437642,0.0370228,1.83092,1.08694,0.353859,1.53983,0.0544562,0.985115,0.40327,0.610075,1.84302,0,0.555212
206.053877551,0.309489,2.00829,0.975663,0.449911,1.56083,0.091225,0.738669,0.761024,0.26996,1.78722,0.0325851,0.532678
206.100317460,0.351399,2.09061,1.01956,0.439261,1.33632,0.104098,0.695365,1.04115,0.25011,1.75278,0.0195687,0.468388
206.146757370,0.425596,2.57257,0.798758,0.338098,1.45622,0.115112,0.69356,0.79817,0.381823,1.68624,0,0.458147
206.193197279,0.298706,2.97193,0.0943173,0.133702,2.76432,0.101295,0.750677,0.0679361,0.41913,1.62582,0.00210716,0.340735
206.239637188,0.258579,2.30329,0,0.183357,3.14861,0.0693335,0.686265,0.0581912,0.449461,1.29849,0.0361351,0.546779
206.286077098,0.102396,1.80241,0.000931973,0.19195,3.42355,0.084684,0.72623,0.0743629,0.483135,1.14369,0.0975822,0.656708
206.332517007,0.0466497,1.70561,0,0.13817,3.77269,0.0396244,0.750241,0.0813581,0.46511,1.20367,0.348586,0.957523
206.378956916,0.0372801,1.78457,0.00142667,0.0102447,3.746,0.0345771,0.800507,0.0418147,0.388931,1.45768,0.299028,1.18689
206.425396825,0,2.04538,0.0576062,0,3.6359,0.0497646,0.922553,0,0.300902,1.47541,0.211151,0.915042
206.471836735,0,1.86004,0.233508,0,3.63614,0.0365983,0.74932,0,0.27463,1.02844,0.000436487,0.685326
206.518276644,0,1.6671,0.30932,0,3.71329,0.0305517,0.78728,0.00239877,0.315623,0.742531,0.000273468,0.597245
206.564716553,0.201756,1.42207,0.159664,0.0726871,3.28984,0.0346794,0.981816,0.484918,0.0941364,0.656214,0.0359932,0.736757
206.611156463,0.415184,1.29932,0.0724527,0.191562,3.16005,0.0385003,0.86889,0.582456,0.0248514,0.4973,0.0464936,1.19768
206.657596372,0.411709,1.35014,0.031787,0.129902,3.30785,0.03719,0.844276,0.575022,0.0231374,0.610137,0,1.42791
206.704036281,0.383925,1.47234,0.0284449,0.0418076,3.51872,0.0317609,0.839292,0.489741,0.0256363,0.704719,0,1.37318
206.750476190,0.287429,1.50417,0.0253646,0.0394956,3.69398,0.0287215,0.86802,0.258921,0.184393,0.82775,0,1.33278
206.796916100,0.193808,1.47627,0.0692934,0.0680104,3.73622,0.0275634,0.831346,0.038277,0.40104,0.865962,9.68404e-06,1.35805
206.843356009,0.139827,1.30582,0,0.106983,3.87739,0.030943,0.759321,0.034732,0.454735,0.769845,0.000119941,1.54866
206.889795918,0.342553,1.18824,0,0.106892,3.63164,0.0374044,1.04147,0.0220832,0.483991,0.68856,0.000221834,1.4141
206.936235828,0.0711984,1.41478,0.13472,0.247922,3.90526,0.0382174,0.588368,0,0.573078,0.113504,0.170096,1.41798
206.982675737,0.00458626,1.2932,0.140679,0.109977,4.00528,0.0797221,0.0791819,0.344619,1.06925,0.122594,0.137721,1.52286
207.029115646,0.366612,0.482453,0.128882,0.0769315,3.88667,0,0.03473,0.352309,1.71561,0.124391,0.18754,1.82604
207.075555556,0.137972,0,0.0961192,0.0102488,3.93506,0,0.0594685,0.24697,2.09524,0.114389,0.190049,2.35584
207.121995465,0.0929192,0,0.0368045,0.00654122,4.04588,0.00284087,0.0675535,0.0232132,2.03094,0.101141,0.1841,2.51728
207.168435374,0.0313813,0,0.0128328,0.00326277,4.03135,0.0117352,0.0726231,0,1.96752,0.0865415,0.247746,2.33202
207.214875283,0,0,0.0188117,0.00249583,4.00258,0.0119154,0.0775204,0,1.97101,0.0719308,0.176372,2.33631
207.261315193,0,0.00612897,0.0283063,0.00387575,4.04301,0.00991144,0.103708,0,2.00691,0.0595414,0.19792,2.36871
207.307755102,0,0.51261,0.0385277,0.0033814,3.50578,0.253302,0.343526,0,1.60691,0.0796959,0.157236,2.3737
207.354195011,0,0.886375,0.0401554,0.00412906,2.7352,0.345438,0.680612,0,1.23671,0.565341,0.0684739,2.20672
207.400634921,0,0.902485,0.0255149,0.00498411,2.211,0.334672,1.56454,0,1.07624,0.826839,0.0891762,1.90475
207.447074830,0,0.957786,0.000138245,0.00537084,1.80376,0.181828,2.46041,0,0.928644,0.923549,0.178008,1.81684
207.493514739,0,0.88555,0.000172264,0.0616828,2.1342,0.0119619,2.51772,0,0.801917,0.728456,0.15408,2.04113
207.539954649,0.242879,0.426114,0.479014,0.121714,2.75629,0.0127632,1.82724,0.0153274,0.938486,0.365793,0,2.59019
207.586394558,0.364759,0.240902,0.787416,0.0795696,3.09522,0.0124564,0.308489,0.334176,1.27432,0.0141256,0,2.78395
207.632834467,0.423218,0.281616,0.676262,0.0279088,3.2222,0.0136026,0,0.946,1.49749,0.0070341,0.0144345,2.49368
207.679274376,0.387216,0.297159,0.43593,0.0251504,3.33897,0.0182174,0.00523756,0.658444,1.65655,0.373575,0.013246,2.13733
207.725714286,0.199591,0.324048,0.183507,0.109817,3.55209,0.127571,0.0232696,0.000918662,1.61785,0.794015,0.0128259,1.86229
207.772154195,0.145541,0.45388,0.181982,0.140039,3.38038,0.355805,0.0290468,0.00594169,1.07638,0.495484,0.049141,2.06491
207.818594104,0.103669,0.326785,0.0400276,0.146202,3.60888,0.249951,0.0319171,0.0329467,0.870759,0.200468,0.0984074,2.31597
207.865034014,0.125463,0.268104,0,0.102785,3.94924,0.000737754,0.0209822,0,0.691889,0.184133,0.115022,2.58142
207.911473923,0.0838032,0.351259,0,0.00724438,4.00146,0.0178373,0.0455131,0,0.787982,0.512963,0.0888709,2.55809
207.957913832,0.0144759,1.32719,0,0.0171252,3.48168,0.0268278,0.154569,0,1.19782,0.775476,0.00183321,2.11185
208.004353741,0.0162599,2.49825,0.0905267,0.0128978,2.67139,0.386178,0.108241,0,1.27789,0.675294,0,1.40718
208.050793651,0.0517474,3.34569,0.0135802,0.00575693,2.08052,0.510717,0.0492124,0,1.01571,0.214369,0.0730353,0.997834
208.097233560,0.489394,3.34551,0.00177792,0.00457172,1.69224,0.432181,0.0792522,0.261845,0.730598,0.152084,0.0752895,0.958878
208.143673469,0.585214,3.2778,0.00416023,0.00346134,1.43936,0.510384,0.0896071,0.425451,0.794668,0.138189,0.0393379,1.09541
208.190113379,0.536536,3.28245,0.000738898,0.0241181,1.30445,0.562781,0.0864183,0.447884,1.1326,0.0819853,1.87193e-05,1.15418
208.236553288,0.443577,3.26713,0,0.122947,1.43114,0.469684,0.0580167,0.178634,1.45348,0.0188306,0,1.09774
208.282993197,0.308081,2.80949,0.219136,0.187141,2.12022,0.460253,0.00485266,0,1.79746,0.00338518,0,1.29765
208.329433107,0.259208,1.91814,0.409375,0.180358,2.93759,0.392104,0,0,2.00682,0.0138823,0,1.72512
208.375873016,0.357784,0.54076,0.331406,0.178907,3.33846,0.141519,0,0,2.13274,0.112443,0,2.04504
208.422312925,0.154109,0.218809,0.166988,0.339243,3.54748,0.0351037,0.0155591,0,1.70795,0.343273,0.298148,2.24673
208.468752834,0.128947,0.0697512,0,0.194348,3.06731,0.0282853,0.169873,0.0252418,1.59292,1.06826,0.467995,2.19975
208.515192744,0.0800943,0.0287486,0.685017,0.131053,2.12339,0.221102,0.415608,0.0342267,1.1743,1.13461,0.486405,2.17638
208.561632653,0.0640319,0,1.25619,0.164492,1.78542,0.119905,0.893229,0.152739,0.902568,0.977277,0.198579,1.99917
208.608072562,0.017649,0,1.45216,0.199439,2.1027,0.116693,1.24543,0.192148,0.566873,0.976054,0.104452,1.79311
208.654512472,0.0100587,0,1.61227,0.171301,1.84398,0.107544,1.37267,0.124137,0.740028,1.51164,0.0618618,1.85166
208.700952381,0,0.54902,1.77106,0.113153,1.17657,0.0588941,1.63462,0,1.30516,1.46717,0.0216603,1.55771
208.747392290,0.0160138,1.56413,1.63708,0.0933836,0.321653,0.0499906,1.64804,0,1.46134,1.23724,0.0262973,1.19004
208.793832200,0.026543,2.2307,1.45903,0.125181,0.00042926,0.304543,1.35847,0,1.45958,1.08205,0.0212629,1.19126
208.840272109,0.0341011,2.4049,1.35412,0.138368,0.00229386,0.342391,1.30429,0,1.46052,1.36289,0.0308763,1.25869
208.886712018,0.0386899,2.34045,1.40897,0.136793,0,0.35057,1.26966,0,1.47551,1.51007,0.0311284,1.36018
208.933151927,0.050556,1.96624,1.41102,0.125947,0,0.37696,1.30753,0,1.56745,1.52233,0.0295584,1.53685
208.979591837,0.0552416,1.18805,1.66834,0.124542,0,0.29321,1.3485,0.248498,1.48507,1.43136,0.0297344,1.55433
209.026031746,0.361958,0.057162,2.4775,0.43453,0,0.0641702,1.53322,0.411242,1.26441,1.23796,0.0423123,1.81641
209.072471655,0.623866,0.102455,2.42239,0.77839,0.00466649,0.188707,1.36142,0.382249,0.893693,1.01128,0.0449229,1.68007
209.118911565,0.73674,0.159516,2.14317,0.899277,0.00346381,0.230129,1.18481,0.350704,0.758411,1.04646,0.0107776,1.56847
209.165351474,0.767321,0.440363,2.82866,0.321465,0.0651482,0.15624,1.51171,0.229686,0.878415,1.13562,0.000352643,1.33338
209.211791383,0.634302,0.740472,3.00789,0.144275,0.393214,0.140346,1.75202,0.0280913,0.624402,1.35852,0.00294924,0.751282
209.258231293,0.46043,0.224678,3.57842,0.162587,0.311176,0.251405,1.52455,0.0196268,0.39438,1.27156,0.122463,0.25513
209.304671202,0.267083,0.17592,3.82738,0.130226,0.342083,0.228841,1.38449,0.089696,0.273744,1.22504,0.427306,0.0647296
209.351111111,0.152537,0.157301,3.9985,0.0441307,0.416046,0.158496,1.69128,0.0147828,0.318388,1.25137,0.486055,0.151572
209.397551020,0.0976874,0.342295,3.77338,0.0370306,0.44987,0.0940655,2.01914,0,0.305286,1.44814,0.305758,0.342926
209.443990930,0.133178,0.402369,3.16268,0.130767,0.318625,0.0384591,2.09781,0,0.656524,1.91234,0.0996385,0.74827
209.490430839,0.126391,0.213169,3.54898,0.150537,0.0874418,0.0281153,1.7916,1.26544e-06,0.77441,1.68735,0,0.913504
209.536870748,0.0747622,0.12992,3.82361,0.112143,0.0702768,0.222079,1.74561,0.00252334,0.708368,1.48468,0.00019029,0.78839
209.583310658,0.30142,0.550191,3.77058,0.0843369,0,0.0164906,1.90096,0.144934,0.328532,1.21991,0.0280632,0.494405
209.629750567,0.438044,0.213892,3.7065,0.0159821,0,0.0347978,1.93759,0.409996,0.323433,0.655843,0.0398843,0.48445
209.676190476,0.315878,0.194363,3.67368,0.00674101,0.00435155,0.041585,1.7814,0.468749,0.321633,0.823759,0.0151982,0.6274
209.722630385,0.127981,0.142721,3.95021,0,0.0588223,0.0259499,1.82326,0.291987,0.372303,1.11319,0.000774815,0.946058
209.769070295,0.0785893,0.0841972,3.87057,0,0.0648943,0.029388,2.08183,0.00785355,0.462548,1.36467,0.000872565,1.2419
209.815510204,0.140005,0.116107,3.26349,0.000986968,0.0988972,0.0266767,2.24977,0.00717047,0.442126,1.24001,0.000838491,1.24207
209.861950113,0.0159013,0.493296,2.92848,0.00127263,0.0946033,0.287529,1.8295,0.0104636,0.426062,1.25942,0.00394525,1.13624
209.908390023,0.124766,1.39795,1.8831,0.21909,0.0354567,0.422716,2.1685,0.340574,0.832976,1.32703,0.100213,0.349248
209.954829932,0.209175,2.33599,1.0465,0.0631295,0.0534172,0.591125,2.08176,0.343613,1.02753,0.983496,0.175801,0.265017
210.001269841,0.206768,3.01994,0.882049,0.0895716,0.336899,0.547107,1.66191,0.281099,1.41622,0.780255,0.178778,0.158837
210.047709751,0.248966,3.2864,1.05401,0.100634,0.366745,0.493146,1.06958,0.288056,1.41578,0.901373,0.162009,0.174223
210.094149660,0.216567,3.49882,1.24568,0.102383,0.244935,0.595737,0.3088,0.253134,1.1645,1.40379,0.134547,0.19838
210.140589569,0.0628019,2.95717,1.66533,0.0798324,0.177297,0.535802,0.57461,0.248182,1.26457,1.48738,0.290949,0.174733
210.187029478,0.0731631,1.34216,2.78221,0.0675009,0.0188201,0.0948534,1.15834,0.0471389,0.627138,2.20686,0.340821,0.145487
210.233469388,0.16081,0.427843,3.23924,0.0132632,0.065493,0.0365743,1.63104,0,0.356082,2.35191,0.228448,0.0734035
210.279909297,0.136614,0.0141073,3.56127,0.0145229,0.0968891,0,2.22481,0,0.380034,2.42913,0.161974,0.000162291
210.326349206,0.0749895,0.0832056,3.98257,0.0139819,0.110462,0,2.53573,0,0.188895,2.55881,0.00560381,0.000167807
210.372789116,0.0190127,0.122301,4.08194,0.013817,0.0994674,0,2.62895,0.00579329,0.0944756,2.59159,7.99004e-05,0.000241399
210.419229025,0.0377569,0.0953738,3.77182,0.0147545,0.0871759,0,2.36149,0.0139313,0.00238108,2.71636,0.000113921,0.000123561
210.465668934,0.0348177,0.0903536,3.1766,0.0162103,0.0613715,0,2.30756,0.0331444,0.117517,2.72553,1.60295e-05,0.00600147
210.512108844,0.335829,0.626662,2.20416,0.169777,0.00358493,0,2.05106,0.14704,1.05966,2.09659,0,0.237936
210.558548753,0.531009,1.52827,1.13402,0.267285,0,0.00117397,1.43849,0.404051,1.36812,1.3628,0,0.777947
210.604988662,0.567367,2.09886,1.0107,0.266871,0,0.015821,1.21854,0.658978,1.28848,1.19633,0,0.870135
210.651428571,0.646872,2.61831,1.37746,0.201345,0,0.0126401,0.884997,0.464887,1.2556,1.47676,0,0.928447
210.697868481,0.702257,2.43219,1.70403,0.128935,0.173579,0.0147041,0.30981,0.0395934,1.4665,1.78726,0.0305304,0.86756
210.744308390,0.708641,1.28768,1.1059,0.0792889,1.20003,0.512013,0.230765,0.067532,1.7027,1.54556,0.200672,1.53321
210.790748299,0.470435,1.23358,0.508211,0.0921903,1.60175,0.771997,0.482929,0.0454272,1.07633,1.07447,0.239557,1.92585
210.837188209,0.143528,1.23419,0.611747,0.0744595,1.27771,0.589022,1.01648,0.0833276,0.746898,1.19575,0.154112,2.21973
210.883628118,0.0682796,1.16163,1.08298,0.0269877,0.562136,0.197411,1.15549,0.0399041,0.73727,1.77386,0.119257,2.3566
210.930068027,0.00653718,0.906403,1.77069,0.0237838,0.500115,0.118071,1.31432,0.00137919,0.709866,2.25047,0.0461035,2.12143
210.976507937,0,0.484337,2.45302,0.0606889,0.287928,0.016102,1.39779,0.00815455,0.644976,2.45041,0,1.56843
211.022947846,0,0.265255,3.12338,0.0870262,0.00447455,0,1.52317,0.00732589,0.517403,2.49698,0,0.956376
211.069387755,0.256248,0.225185,3.23681,0.142933,0,0,1.19476,0.272249,0.406785,2.31769,0.0628292,0.929146
211.115827664,0.555988,0.429965,2.87181,0.449913,0,0,0.544298,0.53918,0.26926,2.24201,0.0738212,1.25698
211.162267574,0.537654,0.325846,2.4884,0.606427,0,0,0.445381,0.580473,0.220128,2.24047,0.0520553,1.69637
211.208707483,0.499071,0.300326,2.19956,0.635078,0,0,0.615874,0.503463,0.581528,2.14406,0.0168058,2.34546
211.255147392,0.42921,0.483783,1.90394,0.376519,0.169331,0,0.87806,0.210475,2.03796,1.45261,0,2.79436
211.301587302,0.312758,0.729077,1.73304,0.196015,0.292147,0,0.889746,0,2.73812,1.11,0,2.77438
211.348027211,0.195126,0.897472,1.98699,0.163388,0.284922,0,0.780946,0,2.69451,0.99212,0.000165375,2.23195
211.394467120,0.331644,0.595991,2.30414,0.144712,0.235429,0.00683822,1.08397,0.0136653,2.61129,0.923002,0.0136812,1.38617
211.440907029,0,0.793858,1.94203,0.125161,0.681512,0.234597,1.53982,0.0772654,2.17505,0.975337,0.188299,0.609141
211.487346939,0,0.904005,1.13934,0.0906613,1.32086,0.127375,1.89274,0.0735415,1.6657,1.59691,0.406413,0.251957
211.533786848,0.0578754,1.45481,0.555081,0.0867804,1.67435,0.0188018,1.77483,0.187421,1.41762,1.88742,0.388693,0.247871
211.580226757,0.063678,1.87698,0.380154,0.0934751,1.69586,0.0315288,1.79148,0.103606,1.25887,1.88792,0.336659,0.16451
211.626666667,0.0549635,2.08032,0.120141,0.637856,1.17808,0.0306896,2.13422,0,0.820466,2.25272,0.094816,0.583208
211.673106576,0.0361285,2.33904,0.0724463,0.404126,0.956289,0.0348246,2.39417,0,0.647694,2.37974,0.0238798,0.676975
211.719546485,0.00375182,2.50537,0.384856,0.28206,1.06412,0.0343468,2.38852,0.0203397,0.49992,2.32533,0,0.516767
211.765986395,0,2.43303,0.469455,0.235221,1.28278,0.028701,2.28661,0.0380856,0.529691,2.33653,0,0.49445
211.812426304,0,2.30871,0.530329,0.326144,1.47397,0.0287241,2.14698,0.0396381,0.456779,2.49256,0,0.470177
211.858866213,0,2.03211,0.662145,0.43529,1.56562,0.0272409,2.06255,0.044359,0.526068,2.56036,0.0260036,0.388365
211.905306122,0,1.67427,0.607359,0.80683,1.31067,0.0256156,1.98397,0.0613356,0.474464,2.63367,0.243082,0.105115
211.951746032,0,1.83503,0.632274,1.13186,1.16409,0.026297,1.47976,0.169665,0.637759,2.53959,0.30083,0.130012
211.998185941,0.00311244,1.95394,0.685063,1.18608,0.884482,0.0296473,0.981011,0.488342,0.542951,2.16105,0.00385452,0.0655318
212.044625850,0.345242,2.20725,0.75686,1.14776,0.788645,0.0764588,0.612123,0.421785,0.212257,1.63755,0.00773198,0.907185
212.091065760,0.46734,2.51149,0.655016,0.755553,1.01946,0.0928327,0.513906,0.95232,0,1.13712,0.0272562,0.906861
212.137505669,0.462059,3.14937,0.4382,0.245154,1.3849,0.104971,0.318392,1.07407,0.00884995,1.58511,0.0453875,0.606383
212.183945578,0.382257,3.63612,0.236781,0.0979115,1.05571,0.241261,0.0986545,0.23159,0.285633,1.91489,0.200853,0.604342
212.230385488,0.16172,3.35348,0.00348249,0.145439,0.920368,0.371495,0.278466,0.0554585,0.237417,1.18205,0.30741,0.388796
212.276825397,0.150259,2.8276,0.0645127,0.154113,0.934964,0.518257,0.326826,0.0887219,0.167905,1.07169,0.483513,0.181698
212.323265306,0.079323,2.78043,0.0237809,0.148501,1.29443,0.433966,0.195767,0.161516,0.121351,1.75765,0.605325,0.154302
212.369705215,0.0660027,2.95737,0,0.0012176,1.60242,0.266653,0.225665,0.213491,0.0765364,2.91332,0.310438,0.196978
212.416145125,0.0236888,3.12231,0,0,2.09659,0.0595968,0.599828,0.215562,0.0303344,3.41375,0.105167,0.212629
212.462585034,0,2.93121,0.061793,0.00333827,2.20261,0.0381687,0.937082,0.0910533,0,3.39879,0.00110821,0.323684
212.509024943,0,2.86573,0.258336,0.0071395,2.26643,0.0394878,1.04514,0.0762355,0,3.44127,0.00174189,0.340385
212.555464853,0.0714665,2.52548,0.145486,0.00890311,2.19834,0.0341928,1.10987,0.289985,0.0297778,3.45803,0.0289051,0.162788
212.601904762,0.417751,2.24262,0.0675491,0.107815,2.08245,0.0395005,0.997176,0.617254,0,3.40317,0.0986528,0.175399
212.648344671,0.410894,1.90967,0,0.205451,2.09195,0.040352,0.880941,0.670902,0,3.13149,0.0457511,0.50803
212.694784580,0.367588,1.88895,0,0.278501,2.03947,0.03379,0.770284,0.662956,0,3.20727,0.0305555,0.801527
212.741224490,0.342806,1.99496,0,0.236806,2.09993,0.0290021,0.748398,0.527507,0.00853699,3.38659,0.00328281,0.957419
212.787664399,0.267381,2.0582,0,0.123259,2.25949,0.0273183,0.816535,0.142968,0.0179923,3.52881,0.00146415,0.989406
212.834104308,0.186218,1.9535,0,0.119312,2.37733,0.0308931,0.878323,0.0486755,0.0425774,3.16377,0,1.25322
212.880544218,0.386451,1.71381,0,0.10772,2.46377,0.0200981,0.988687,0.0980384,0.0304608,2.72468,0.131902,0.995705
212.926984127,0.514265,1.78379,0.0017972,0.106496,2.55256,0,1.08374,0.0931946,0.0723634,3.00347,0.208368,0.520902
212.973424036,0.292157,1.45098,0.357771,0.133768,2.41424,0.162578,0.910339,0.0814836,0.0215035,3.01207,0.190482,0.226864
213.019863946,0.117695,0.866838,0.496891,0.209391,2.03768,0.169385,0.584695,0.0939614,0.0192386,3.1604,0.347186,0.110101
213.066303855,0.0668517,0.617079,0.439683,0.37075,1.41823,0.131972,0.33012,0.135515,0.0132353,3.36693,0.304781,0.205622
213.112743764,0.0249553,0.434802,0.246744,0.748235,1.50517,0.0788497,0.28825,0.196057,0.0842529,3.58245,0.197476,0.310068
213.159183673,0.0229181,0.484907,0,0.983756,1.70449,0.0258462,0.0916923,0.28425,0.0669889,3.66129,0.195896,0.357236
213.205623583,0.00254362,0.223531,0.00449225,1.06888,1.69078,0,0.151354,0.201179,0.0534278,2.74697,0.120178,0.461262
213.252063492,0.439797,0,0.00447884,0.545432,1.48148,0.038479,0.233993,0.117209,0.481588,1.63053,0.0045362,0.398618
213.298503401,0.553842,0.00235719,0.151857,0.870577,1.13525,0.0305335,0.166821,0.119939,1.26074,1.03631,0,0.179985
213.344943311,0.763332,0.335146,0.502309,1.31035,0.823947,0.0168559,0.0954241,0.119579,2.01303,0.308285,0.000438784,0.233065
213.391383220,0.8528,0.397267,0.522841,1.6855,0.147087,0.0071869,0.035784,0.0453765,3.06356,0.0581576,0.00184823,0.251275
213.437823129,0.84459,0.302759,0.239164,1.63274,0.0163889,0.00106564,0.0327423,0.042143,3.71661,0.0353081,0.11734,0.318871
213.484263039,0.793557,0.0362025,0.0695992,1.2819,0.0149159,0,0.165881,0.0429991,4.08624,0.265021,0.206815,0.206059
213.530702948,0.411929,0.00893632,0.0892515,1.29381,0.00688776,0.00303341,0.376138,0.30073,4.15948,0.161365,0.202652,0.118443
213.577142857,0.45302,0.00258493,0.0813679,1.40168,0.00678494,0.0083289,0.52012,0.245675,4.23878,0.119873,0.0733279,0.000638673
213.623582766,0.563014,0,0.0602238,1.47543,0.103376,0.047203,0.61294,0.156593,4.19273,0,0,0.000447257
213.670022676,0.740769,0,0.045333,1.54572,0.0896954,0.0543703,0.544425,0.0830663,4.18985,0,0,0.000145077
213.716462585,0.946001,1.17587,0.219058,0.881054,0.0415914,0.0319967,0.0057663,0.0663874,3.88856,0,0,0.0224064
213.762902494,0.508934,2.73625,0.401919,0.21126,0.0242484,0.266911,0,0.0494695,3.23217,0,0.0294193,0.021714
213.809342404,0.0231231,3.1949,0.600288,0.164873,0.028094,0.359977,0,0.0429805,2.86978,0.212919,0.284523,0.146229
213.855782313,0.00826271,2.81698,0.893665,0.103843,0.0444089,0.33767,0.0684637,0.0393303,2.22454,0.427663,0.360411,0.233214
213.902222222,0.000611573,2.52977,0.990464,0.0808211,1.50239,0.281418,0.161514,0.0270202,1.87509,0.335614,0.123402,0.402334
213.948662132,0.000588884,2.10837,0.890437,0.114654,2.84956,0.177202,0.250447,0.053091,1.94532,0.342016,0.00851871,0.319976
213.995102041,0.000474068,1.13413,0.591414,0.0852241,4.04169,0.0180233,0.238926,0.0535555,1.94816,0.157886,0.000384743,0.689682
214.041541950,0,0,0.0357435,0.00869174,4.40341,0.029529,0.116233,0.0572959,1.78121,0.00599393,0.000910655,0.885276
214.087981859,0,0.0323493,0.0539992,0.0101575,4.45153,0.015852,0.0289253,0.368672,1.70947,0.00423224,0.00121,0.870752
214.134421769,0,0.000591377,0.063269,0.0168191,4.46505,0,0.0211167,0.439154,1.78574,0.0040243,0.00144666,0.966936
214.180861678,0.000439326,0.00324759,0.169967,0,4.32045,0,0.020074,0.144363,1.68592,0.0945357,0.040288,1.02428
214.227301587,0.000683158,0.00318239,0.208066,0,4.24488,0,0.0225922,0.00212448,1.41712,0.114187,0.149413,1.18531
214.273741497,0.000477532,0.00313998,0.144223,0,4.32184,0,0.0385842,0.0329722,1.33673,0.0890208,0.00090479,1.13079
214.320181406,0.0424882,0.00240863,0.0522599,0,4.40008,0.0135944,0.0566066,0.0148805,1.47292,0.0898014,0.000743892,1.06161
214.366621315,0.0275739,0.0463423,0.0497454,0.0089346,4.3808,0,0.051651,0.0742249,1.42766,0.190819,0.105866,1.13232
214.413061224,0.00574161,0.037645,0.0454689,0.0112206,4.32156,0.100834,0.0399252,0.0276336,1.18326,0.15272,0.322837,1.25652
214.459501134,0.000366524,0.0220089,0.0439786,0.000979841,4.28998,0.268988,0.0263582,0,1.08796,0.178017,0.342213,1.26666
214.505941043,0.000523372,0.0018096,0.0500421,0.00881837,4.25371,0.197096,0.0473035,0,0.920941,0.40012,0.00030757,1.30134
214.552380952,0.0703115,0.000380383,0.0502542,0,4.32024,0.241508,0.0278234,0.0663747,0.656351,0.347023,0.015609,1.20559
214.598820862,0,0,0.048334,0.0022652,4.46414,0.2402,0.0267154,0.0401127,0.647369,0.0894557,0.0107551,1.24762
214.645260771,0,0.000719035,0.0488392,0.00119462,4.45278,0.211255,0.0638803,0.00215466,0.676301,0.0967907,0.374247,1.27483
214.691700680,0.0201641,0.00184673,0.0498544,0,4.44312,0.146216,0.160108,0.0420115,0.700016,0.101134,0.397675,1.2817
214.738140590,0.131749,0.00118145,0.0540923,0,4.39572,0,0.141737,0.00698436,0.724779,0.260814,0.0921631,1.31805
214.784580499,0.153869,0.000607301,0.0615394,0.00248121,4.3936,0,0.018409,0.0087497,0.769878,0.152813,0.000519718,1.29783
214.831020408,0.143355,0.0431172,0.0501325,0,4.42455,0,0.0164009,0.0020913,0.859648,0.0215209,0.000572491,1.26314
214.877460317,0.115911,0.109237,0.0488206,0.0121249,4.41302,0,0.0151233,0,0.833482,0.118137,0.145185,1.2533
214.923900227,0.0769081,0.104149,0.0483777,0.0449207,4.4844,0,0.0144414,0.00698631,0.694413,0.106594,0.344374,1.23607
214.970340136,0,0.0950022,0.0494571,0.0958419,4.54291,0.000847841,0.0162842,0.0253504,0.62508,0.0920659,0.37332,1.21549
215.016780045,8.34395e-05,0,0.0500549,0.0238862,4.56049,0.00731051,0.0304166,0.0798819,0.575704,0.0538323,0.349945,1.23545
215.063219955,0.000689411,0,0.0463754,0,4.47751,0.0162912,0.0563935,0.0583995,0.578523,0.0564516,0.158044,1.22412
215.109659864,0.0679115,0.0013577,0.0444959,0,4.49741,0.114109,0.0600603,0.127699,0.653278,0.120427,0.00124716,1.02878
215.156099773,0,0.236459,0.00753131,0.067773,4.47934,0.0681618,0.0504238,0.287719,0.394958,0.0723197,0.0268951,0.771969
215.202539683,0.00352954,0.407997,0.00575633,0.181902,3.85465,0.0760471,0.151897,0.396192,0.0226502,0.426706,0.39206,0.727563
215.248979592,0.154701,0.767787,0.029192,0.193227,3.07931,0.110494,0.2234,0.303333,0.0749217,0.760512,0.51323,1.07471
215.295419501,0.384614,1.02631,0.105559,0.0111917,2.47498,0.135067,0.348474,0.194881,0.0525064,0.846791,1.34264,0.635291
215.341859410,0.454552,1.14517,0.118339,0.0164547,2.38951,0.120365,0.463773,0.126581,0.065064,0.545443,1.30986,0.683231
215.388299320,0.226019,0.864907,0.0408568,0.222966,2.48332,0.144601,0.646856,0.0574426,0.124041,0.363832,1.28727,0.659387
215.434739229,0.0421345,0.753017,0.226277,0.250879,2.11182,0.151675,0.701214,0.0136873,0.110032,1.55485,1.16786,0
215.481179138,0.202038,0.521962,0.472088,0.500459,1.74361,0.0600365,0.358464,0.00387293,0.0228019,1.81024,0.823879,0
215.527619048,0.184184,0.406704,0,0.237876,1.97766,0.0310962,0.225228,0.000773052,0,2.20057,0.527114,0.158884
215.574058957,0.147263,0.351216,0,0.0680249,2.42998,0.0393043,0.175125,0.00408629,0,2.58631,0.0158584,0.375035
215.620498866,0.10883,0.632712,0.00038047,0.0263034,2.76564,0.043236,0.136732,0.011533,0,2.90794,0.0452437,0.491569
215.666938776,0.135664,1.04271,0.00332441,0.14923,2.67232,0.0188218,0.107579,0.0393072,0.22124,3.11551,0.0296089,0.448596
215.713378685,0.10037,1.37816,0.00525699,0.011753,2.73364,0.00532555,0.0954747,0.0768362,0.592113,3.124,0.16993,0.326602
215.759818594,0.0306905,1.66179,0.00490722,0,2.89157,0.00559754,0.137659,0.117951,0.385869,3.10868,0.597125,0.148928
215.806258503,0.020397,1.17536,0.000936372,0.00758269,2.81122,0,0.368895,0.111238,0.0120116,3.05399,0.673326,0
215.852698413,0.304581,0.703318,0.00165812,0.0455062,2.7701,0.0310986,0.269965,0.0298305,0.099901,2.86393,0.182666,0.695113
215.899138322,0.583914,0,0.287183,0.0518431,2.23581,0.035023,0.141259,0.0806134,0.222054,2.70183,0.256934,0.645865
215.945578231,0.604338,0.0293203,0.897463,0.0860064,1.48507,0.300488,0.421588,0.144075,0.408301,2.35586,0.1675,0.862383
215.992018141,0.553488,0.270211,1.15096,0.0721931,1.16438,0.233457,0.878438,0.24164,0.436293,2.12911,0.27825,0.491433
216.038458050,0.42812,0.421939,0.922336,0.0251242,1.38001,0.103125,1.0234,0.305015,0.273224,2.45078,0.281927,0.445571
216.084897959,0.338706,0.353401,0.937486,0.0142451,1.49716,0,0.930371,0.35229,0.21738,2.593,0.240819,0.421236
216.131337868,0.153912,0.69844,1.94343,0.0148482,0.904422,0,0.303648,0.358797,0.0858586,2.52655,0.119098,0.714352
216.177777778,0,0.851129,2.22501,0.0118293,0.8104,0,0.564732,0.177255,0.416359,2.21335,0.0673269,0.0450718
216.224217687,0,1.02598,2.33836,0.0248336,0.772732,0,0.597423,0.0131647,0.887501,1.54663,0.00738721,0.00237755
216.270657596,0.341257,0.859781,2.38731,0.0647919,0.720008,0,0.958656,0.00262323,0.923695,1.21736,0,0.00132584
216.317097506,0.424656,0.68185,2.38709,0.0539424,0.920781,0,1.49089,0.0345864,0.619809,1.70165,0,3.83142e-05
216.363537415,0.227558,0.542571,1.87747,0.0141492,1.19646,0,1.76485,0.00764138,0.132184,2.74359,0.0111609,2.79873e-05
216.409977324,0.0473992,0.429942,1.58371,0.0143782,1.0543,0,1.50445,0.0290747,0,3.18474,0.225317,0
216.456417234,0.0166918,0.392433,1.71258,0.0157368,0.706442,0,1.27158,0.0503443,0,3.24519,0.139165,0
216.502857143,0.183268,0.341233,2.58266,0.0694207,0.279379,0.0442512,1.15547,0.369556,0,3.1056,0,0.131206
216.549297052,0.505856,0.350447,2.64522,0.111909,0.0591274,0.0374897,0.954353,0.418726,0,3.0132,0.00133088,0.636079
216.595736961,0.580307,0.385654,2.44328,0.0978431,0,0.0125493,0.751438,0.520514,0.0525139,2.60079,0.0105171,0.982421
216.642176871,0.674133,0.540264,2.04715,0.0790075,0,0.0175667,0.688194,0.749726,0.179408,2.10673,0.0142677,1.16363
216.688616780,0.916737,0.922417,0.598689,0.0826304,0.0190906,0.161923,0.708807,0.496039,0.402861,2.01032,0.0100065,0.887489
216.735056689,0.950929,0.950729,0.517728,0.11765,0.373119,0.0614914,0.967633,0.172766,0.391404,1.69475,0.255755,0.895321
216.781496599,0.524241,0.489669,0.80161,0.114171,1.14366,0.30047,1.46365,0.372883,0.321667,1.61679,0.363224,0.663749
216.827936508,0.127766,0.291596,0.850442,0.0899084,1.56333,0.213463,1.51401,0.472741,0.550996,1.39455,0.30294,0.701457
216.874376417,0.0908658,0.559119,0.409454,0.0226312,1.72132,0.189184,1.0972,0.599521,0.815315,0.93074,0.161507,0.773234
216.920816327,0.0720361,0.60667,0.292524,0.119604,1.57213,0.120659,0.586991,0.290379,0.835316,0.767902,0.389914,0.282976
216.967256236,0.0204064,0.58708,0.569956,0.0743268,0.970475,0,0.616491,0.20358,0.977706,1.12386,0.294217,0.376591
217.013696145,0.0289118,0.49248,0.74957,0.0136089,0.687805,0,0.772831,0.25551,0.846275,2.12564,0.0507209,0.519649
217.060136054,0.479349,0.942189,0.374627,0.015859,0.461154,0,0.513424,0.296581,0.190943,3.00698,0.183215,0.997531
217.106575964,0.6421,0.799011,0.823792,0.0693131,0.363193,0,0.163198,0.546792,0.16219,2.69002,0.0436002,1.19707
217.153015873,0.634024,0.628153,0.875591,0.220263,0.213554,0,0.0605647,0.617629,0.416978,2.4864,0,1.31135
217.199455782,0.634647,0.548901,0.779859,0.245648,0.164223,0.0130684,0.0630911,0.621413,0.658162,2.19585,0,1.52144
217.245895692,0.524782,0.5101,0.524119,0.229433,0.247675,0.0266527,0.0388696,0.396667,1.02193,1.67733,0,1.95476
217.292335601,0.382719,0.374859,0.200585,0.0312909,0.571286,0,0.0859059,0.00079843,1.23083,2.0255,0,2.05022
217.338775510,0.311896,0.309715,0.166786,0.215847,0.581428,0,0.610542,0.000395912,0.993054,2.12531,0,1.42527
217.385215420,0.773825,0.333665,0.178136,0.331527,0.46788,0.154867,0.295917,0,0.905057,2.45202,0,0.73117
217.431655329,0.464525,0.817918,0.229233,0.0136422,0.894669,0.339594,0.553435,0.0787874,1.04799,2.49055,0,0.493168
217.478095238,0.384939,1.29036,0.378385,0,1.0242,0.274133,0.608565,0.0788051,1.00503,2.72988,0.198287,0.530684
217.524535147,0.644701,1.65758,0.347787,0.0136005,0.923191,0.00632795,0.543801,0.0616049,0.823519,2.9719,0.292102,0.48305
217.570975057,0.681452,1.90001,0.251174,0,0.89119,0.0237315,0.527693,0.0166829,0.718558,3.00802,0.280246,0.30246
217.617414966,0.695971,1.95819,0,0.00523903,0.84722,0.0295469,0.911485,0.00813326,0.767789,3.21371,0.11332,0.180108
217.663854875,0.195112,2.27917,0,0,0.803052,0.0356057,1.04999,0.00892603,0.414323,3.23286,0.102358,0.128078
217.710294785,0.0572434,2.45321,0,0,0.773144,0.0357265,1.24313,0.0175167,0.123591,3.39834,0,0.159805
217.756734694,0,2.29695,0,0,0.625545,0.0303225,1.59607,0.0506388,0.0941283,3.73191,0,0
217.803174603,0,2.16761,0,0,0.532226,0.030222,1.67444,0.0510566,0.0687937,3.95246,0,0
217.849614512,0,2.25516,0,0,0.522346,0.029485,1.55543,0.053,0.075732,3.98403,0,0.0079456
217.896054422,0,2.04853,0,0.0746187,0.563095,0.0278325,1.40698,0.0522519,0,4.13834,0,5.44356e-05
217.942494331,0,1.77643,0,0.0184421,0.641415,0.0293503,1.05175,0.0520887,0,4.32675,0,0.063432
217.988934240,0,1.77201,0.299119,0.0166492,0.55326,0.0298005,0.487301,0.0883869,0,4.34194,0,0.0786932
218.035374150,0.1438,1.22745,1.20315,0.098079,0.483114,0.040128,0.454907,0.236766,0,4.00775,0,0.450753
218.081814059,0.253489,0.862879,1.50877,0.158584,0.440923,0.164278,0.544433,0.615382,0,3.5253,0,0.51359
218.128253968,0.284879,1.0058,1.45857,0.156541,0.413882,0.0861947,0.620588,1.03001,0.0746269,2.75552,0,0.595539
218.174693878,0.447279,1.39752,1.00688,0.081674,0.418342,0.0557126,0.71695,0.635358,0.24906,2.4372,0,0.650006
218.221133787,0.42223,0.986281,0.363153,0.0944054,0.923293,0.542837,0.878199,0.0547319,0.593496,1.99159,0.0195682,0.52235
218.267573696,0.274899,0.782808,0.415558,0.359615,0.927421,0.597362,0.996644,0.0703345,0.457763,2.13244,0.066326,0.288271
218.314013605,0.0598331,1.04301,0.236863,0.75019,1.3539,0.299137,0.860695,0.0873636,0.51447,2.63841,0.351802,0.227771
218.360453515,0.0416624,1.24919,0.000897158,0.457946,1.95923,0.0282201,0.577771,0.0735331,0.78591,3.0865,0.206229,0.223583
218.406893424,0.0681161,1.44266,0,0.0728223,2.45089,0.0483026,0.364991,0.115438,1.41372,2.613,0.169851,0.192153
218.453333333,0.0614443,1.53054,0,0,1.73336,0.0408284,0.846605,0.158504,1.13223,2.93721,0.136535,0.176061
218.499773243,0.113591,1.57326,0,0,1.40104,0.0357941,0.926251,0.00229935,0.867713,3.31469,0,0.111613
218.546213152,0.0131599,1.50283,0.155322,0,0.881915,0.0314371,0.847302,0.297087,0.25133,3.74146,0,0.0722305
218.592653061,0.489388,0.928376,0.481919,0.0287944,0.815689,0.0354938,0.374697,0.570282,0,3.62527,0,0.917369
218.639092971,0.545107,0.652383,0.549484,0.449135,1.21569,0.0370485,0.201773,0.593066,0.149658,3.05335,0,1.22158
218.685532880,0.561495,0.475538,0.765269,0.551094,1.51527,0.0352959,0.165042,0.636141,0.319017,2.57604,0,1.45236
218.731972789,0.480488,0.464785,0.587489,0.491936,1.80535,0.0328258,0.125322,0.686483,0.339515,2.55499,0,1.74119
218.778412698,0.288723,0.645763,0.156316,0.277449,2.01338,0.0323281,0.358489,0.221767,0.368713,2.63547,0,1.6323
218.824852608,0.175065,0.919226,0.0475632,0.0249505,1.78798,0.0310304,0.590546,0.0485264,0.206191,2.94784,0,1.34686
218.871292517,0.170808,0.821692,0,0.0073313,1.99884,0.0300052,0.806922,0.0412952,0.211254,2.39323,0,0.918978
218.917732426,0.30419,0.349911,0.128532,0.183264,2.12435,0.0535486,0.644591,0.238149,0.530515,2.12216,0,0.992311
218.964172336,0.0443596,0.21574,0.180036,0.121093,2.34173,0.225548,0.491812,0.381168,0.206107,2.09842,0.183511,0.795577
219.010612245,0.164412,0.42429,0.260109,0.0798879,2.31338,0.0162678,0.27533,0.399993,0.197845,2.19866,0.262239,0.699171
219.057052154,0.139033,0.427609,0.186941,0.0104926,2.19142,0,0.234708,0.284675,0.5216,2.39014,0.304895,0.663234
219.103492063,0.152734,0.307023,0.0418074,0.00688665,2.63779,0,0.194254,0.0978099,0.906204,2.45526,0.175256,1.00662
219.149931973,0.11702,0.308983,0,0.0500891,2.78096,0.00684606,0.25829,0.012836,1.00657,2.46071,0.160708,1.1112
219.196371882,0.0655177,0.326554,0,0.0451289,2.95141,0.00851871,0.222987,0.0210537,1.28319,2.38702,0.101035,1.07085
219.242811791,0.0157505,0.327609,0,0.00361768,3.10907,0.0102105,0.146948,0.0318223,1.39149,2.46203,0.00452825,0.989524
219.289251701,0.0086013,0.29576,0,0.00557462,3.27732,0.0117587,0.13929,0.0222758,1.32746,2.88452,0,0.752129
219.335691610,0,0.238578,0,0.00627261,3.15212,0.0310786,0.200509,0,0.978796,2.97025,0.000395186,0.515515
219.382131519,0,0.183367,0,0.00597627,2.95332,0.0542151,0.240715,0,0.944734,2.27776,0.000730328,0.438908
219.428571429,0,0.204572,0,0.0058344,2.95169,0.0600904,0.251731,0,1.01506,1.6812,0.000792249,0.623891
219.475011338,0.0563458,0.251416,0.283586,0.0309948,2.78023,0.0467751,0.177258,0.239888,1.0383,1.34403,0.000742156,0.925146
219.521451247,0.124679,0.357492,0.768504,0.107752,2.20416,0.0620885,0.11742,0.460422,0.933518,1.5081,0.0114821,1.07642
219.567891156,0.471864,0.291573,1.15188,0.0889478,1.51276,0.0489842,0.122568,0.693929,1.16381,1.28397,0.013618,0.835655
219.614331066,0.599915,0.456114,1.19471,0.113927,1.00452,0.0266047,0.13688,0.628061,1.25493,1.0961,0.0110974,0.731936
219.660770975,0.534665,0.275634,1.0355,0.131813,0.950113,0.117193,0.218341,0.316177,1.58701,0.781752,0.0395066,0.596319
219.707210884,0.47165,0.354482,1.05386,0.172386,1.06159,0.0299259,0.295367,0.04457,1.90743,0.224587,0.0466047,0.198582
219.753650794,0.357385,0.390157,1.13356,0.162439,1.07512,0.227239,0.306521,0.0136203,1.73364,0.0398214,0.164715,0.249937
219.800090703,0.226615,0.609392,1.10851,0.133327,1.16392,0.280945,0.189251,0.29639,1.39947,0.343874,0.195206,0.285066
219.846530612,0.142739,0.635425,1.02674,0.0424898,1.28442,0.152102,0.0318242,0.545675,0.827131,2.02488,0.117394,0.435335
219.892970522,0.140396,0.723042,0.730873,0.0109923,1.33319,0.000749279,0,0.536735,0.270696,3.0771,0.12479,0.64625
219.939410431,0.0805933,0.743039,0,0.347617,1.50843,0.0106704,0,0.00384196,0.676027,3.46074,0.099896,0.715343
219.985850340,0.0128858,1.10698,0,0.000205508,1.7639,0.139633,0,0.0048255,0.863733,3.37152,0.111186,0.499667
220.032290249,0,0.971763,0.224493,0.00773502,1.84739,0.429806,0.0429842,0.0143722,0.976878,3.10763,0.00154219,0.589831
220.078730159,0.407056,1.01253,1.01974,0.00787232,0.936778,0.451856,0.132344,0.437112,1.02434,2.43507,0,1.46888
220.125170068,0.539511,0.620693,1.08591,0.112082,0.373289,0.0486847,0.116545,0.544936,0.845938,1.38813,0,2.76804
220.171609977,0.674443,0.38927,0.925872,0.278619,0.610218,0.0648426,0.162474,0.529854,0.723036,0.632326,0,3.20416
220.218049887,0.62899,0.413267,0.642849,0.606809,0.941833,0.0328396,0.273729,0.549194,0.855906,0.382806,0,3.30896
220.264489796,0.584624,0.206137,0.0906394,1.01607,1.23262,0.016011,0.426656,0.414126,1.14607,0.280555,0,3.1737
220.310929705,0.61471,0.0883041,0,1.04856,0.860959,0.0127053,0.421368,0.237968,1.56815,0.133817,0,2.70571
220.357369615,0.775071,0,0,0.811692,0.617242,0.0129306,0.531118,0,1.59651,0.331071,0,2.58456
220.403809524,0.672079,0.309533,0.227038,0.404918,0.479662,0.386027,0.762248,0,0.852332,0.306691,0,2.97836
220.450249433,0.358266,0.155417,0.177077,0.16439,0.627612,0.489371,0.767135,0.0151997,0.560272,0.437296,0.489581,3.50438
220.496689342,0.147417,0.0116821,0.362748,0.0927016,0.658999,0.867866,1.14921,0.0390346,0.330999,0.573497,0.502805,3.42035
220.543129252,0.0885738,0.000117076,1.25611,0.105634,0.60415,0.67369,1.50844,0.0825779,0.201941,0.518128,0.319588,3.1537
220.589569161,0.0122761,8.54416e-05,1.58905,0.100909,0.294673,0.145771,1.84622,0.496533,0.286527,0.540345,0.114922,2.98435
220.636009070,0.000309649,0.180225,1.59578,0.152589,0.250912,0.113328,1.80197,0.580921,0.622326,0.56873,0.0890816,3.0401
220.682448980,0,0.102912,1.9515,0.132511,0.330357,0.0862844,1.73863,0.25824,1.13855,1.24718,0.0472136,3.05525
220.728888889,0.00838667,0.0209172,2.28012,0.321185,0.43303,0,1.60856,0,1.5112,1.2934,0.0223917,2.87911
220.775328798,0.0455424,0,2.06271,0.62209,0.581722,0,1.33126,0,1.654,1.26451,0.0169044,3.07022
220.821768707,0.0465702,0.000425136,1.81907,0.72775,0.553262,0,1.25045,0,1.3849,1.71361,0.0215933,3.29439
220.868208617,0.0398736,0.000144342,1.62989,0.747323,0.515861,0,1.14846,0,1.13931,1.8677,0.0294232,3.3512
220.914648526,0.045326,1.30318e-05,1.52942,0.631962,0.38923,0,0.980822,0,1.25868,1.80412,0.0328585,3.37913
220.961088435,0.000383777,0,1.90531,0.518319,0.031941,0.00646856,1.01466,0,1.35339,1.5938,0.0295837,3.28207
221.007528345,0.0503537,0.0599576,2.3554,0.240869,0.00929038,0.151687,0.717663,0.379076,1.11395,1.13738,0.0406342,2.7854
221.053968254,0.687055,0.311096,2.34582,0.163808,0.0264367,0.180013,0.62812,0.798877,0.701965,0.470416,0.114007,2.55064
221.100408163,0.730011,0.496305,2.43867,0.181,0.0817089,0.158941,0.657503,0.957587,0.472005,0.134329,0.022687,2.46595
221.146848073,0.709112,0.605622,2.38906,0.172654,0.211591,0.111058,0.798106,0.694849,0.519271,0.248533,0,2.53681
221.193287982,0.797606,0.670462,2.02045,0.134009,0.374939,0.507601,0.3516,0.0726604,0.794552,0.730581,0.000320954,2.59337
221.239727891,0.657986,0.0306412,0.910877,0.0741705,0.765781,0.892174,0.376553,0.028228,1.10169,1.0525,0.136034,2.59178
221.286167800,0.340639,0.105311,1.0757,0.0516455,1.05637,0.680858,0.151024,0.390799,1.1672,0.833323,0.414544,2.5159
221.332607710,0.212978,0.521301,0.893741,0.175542,1.30559,0.495155,0.0217052,0.582134,1.03634,0.740393,0.548222,2.28718
221.379047619,0.0777226,1.1591,0.281218,0.433368,1.3002,1.03258,0,0.427437,1.21263,0.80244,0.312138,1.84778
221.425487528,0.193272,0.804819,0,0.360099,0.41786,1.33917,0.503262,0.00706119,2.74156,1.20989,0.137568,1.52521
221.471927438,0.230274,0.231342,0.0137524,0.0601698,0.214892,1.18047,0.650011,0,2.84207,1.23416,0.109962,1.08617
221.518367347,0.236926,0.0980024,0.011733,0.0705465,0.0160305,0.894382,0.490984,0.0213865,2.65877,1.08814,0.0432352,0.923995
221.564807256,0.478531,0.440921,1.1858,0.236939,0.0675002,0.127377,0.219567,0.225261,2.21144,0.807699,0.00607252,1.15752
221.611247166,0.638012,0.551549,1.38548,0.375061,0.185467,0,0.082937,0.529133,1.73009,1.32104,0.0271948,1.20492
221.657687075,0.320376,0.621788,1.32869,0.187167,0.244052,0.0194091,0.0933787,0.62054,1.62002,1.83251,0.0296997,1.18582
221.704126984,0.240938,0.72998,1.28611,0.184203,0.269678,0.0335172,0.177757,0.636431,1.29807,2.25145,0.0168802,1.11317
221.750566893,0.184068,1.15548,1.11198,0.219606,0.261333,0.0694368,0.556574,0.5248,0.608315,2.57436,0.00903497,1.03687
221.797006803,0.133643,1.58203,0.501314,0.47029,0.0847786,0.042932,0.736577,0,0.700411,2.42801,0.0477587,0.725199
221.843446712,0.148861,1.58147,0.177456,0.648697,0.0343303,0.0362607,0.670799,0,1.61097,2.0725,0,0.474507
221.889886621,0.493872,1.566,0.0109586,0.758617,0.0286369,0.0306424,0.425597,0.0192902,2.28015,1.20382,0.00904522,0.488417
221.936326531,0.592501,0.801776,0.120081,0.752547,0.0734475,0.121753,0.370412,0.179274,3.04083,0.424056,0.140394,1.04298
221.982766440,0.45663,0.77436,0.636471,0.760663,0.263499,0.175317,0.261109,0.142443,2.84714,0.702629,0.198229,0.752976
222.029206349,0.320831,0.704272,0.857616,0.747423,0.570907,0.0931715,0.229654,0.189535,2.07573,1.63166,0.231629,0.62709
222.075646259,0.424957,0.231481,1.24833,0.323825,0.890771,0.12011,0.320437,0.24328,1.32366,1.97401,0.140482,0.53049
222.122086168,0.432505,0.000316434,1.45571,0.284414,0.521549,0,0.0819644,0.251143,1.71013,1.69382,0.145153,0.665622
222.168526077,0.303121,0.000847674,1.46557,0.623627,0.0685888,0,0.069818,0.16714,2.17054,1.13144,0.149348,0.140964
222.214965986,0.253644,0.001112,1.70748,0.689118,0.0435179,0,0.67745,0,2.48435,0.638558,0.0329816,0.00431032
222.261405896,0.229984,0.0151282,1.84633,0.72307,0.0666864,0,0.779568,0,2.47019,0.706232,0,0.0331651
222.307845805,0.20594,0.0507051,1.81852,0.66806,0.1014,0,1.05089,0,2.32113,0.943626,0,0.00560768
222.354285714,0.109529,0.154153,1.38769,1.09868,0.109556,0,1.18714,0.0663777,1.20937,1.99984,0.0303451,0
222.400725624,0,0.255911,1.44693,0.821549,0.43877,0,1.36213,0.00857898,0.0501132,2.86691,0.340188,0
222.447165533,0,0.243688,1.30702,0.533934,0.419417,0,1.43769,0.0118084,0,3.23746,0.171723,0
222.493605442,0.0427372,0.158241,1.69826,0.282758,0.199274,0,1.46776,0.0531479,0,3.35959,0,0.0343786
222.540045351,0.482324,0.0729868,1.6675,0.798744,0.0348055,0,1.02012,0.144668,0,3.43433,0,0.978149
222.586485261,0.576816,0.0846657,1.71628,0.867896,0.0911483,0.00580352,0.917156,0.24892,0,2.96295,0,1.11362
222.632925170,0.612995,0.261097,1.63535,0.666358,0.245789,0.00291539,0.908674,0.383239,0.00730187,2.55242,0,1.07362
222.679365079,0.784155,0.974099,1.23072,0.194735,0.415973,0,0.14428,0.193671,0.23206,2.57205,0.000655981,0.873132
222.725804989,1.00855,1.06004,0.516415,0.139823,1.08158,0.0261148,0.485039,0.00381904,0.821498,2.38132,0.126346,0.854845
222.772244898,0.836764,0.855721,0.253066,0.111692,1.43806,0.386534,0.710059,0.25076,1.09051,2.04389,0.1926,0.544315
222.818684807,0.720747,0.93239,0.00489938,0.182794,1.64322,0.196273,0.646149,0.171864,1.82804,1.46855,0.237039,0.459468
222.865124717,0.55311,1.15654,0.0174081,0.163689,1.58823,0.148142,0.422928,0.118624,1.80134,1.07762,0.19629,0.54244
222.911564626,0.0948487,0.883098,0.299672,0.570129,1.3921,0.135625,0.155168,0.130118,1.73092,1.32576,0.118217,0.400828
222.958004535,0.0100288,0.980688,0.648794,0.186608,0.859589,0,0.514225,0.0211378,1.64993,1.74715,0.0904238,0.151111
223.004444444,0,1.17331,0.628036,0.012738,0.761582,0,0.820278,0.0250556,1.38812,2.33179,0.00460025,0.0183472
223.050884354,0.14215,1.8792,0.941374,0.0152353,0.621897,0,0.697005,0.230933,0.539512,2.6903,0,0.168061
223.097324263,0.617362,2.14774,1.03344,0.0214189,0.531796,0,0.0718017,0.584661,0.792103,2.16485,0.0149478,1.18118
223.143764172,0.762385,1.68266,0.955105,0.296029,0.450451,0,0.0262963,0.691874,0.643114,2.16681,0.00186785,1.57493
223.190204082,0.689563,1.44622,0.909155,0.284364,0.449285,0,0.0115755,0.559407,0.566474,2.50874,0,1.46583
223.236643991,0.484962,1.32497,0.934091,0.109632,0.575051,0,0,0.352117,0.999023,2.53718,0,1.38009
223.283083900,0.376307,1.15378,0.736823,0.0145797,0.609549,0.0714982,0.0892967,0.0111562,1.27161,2.46696,0.00571464,1.64055
223.329523810,0.277018,1.14005,0.216432,0.033566,0.474005,0,0.456473,0.0135528,1.2369,2.75606,0,1.51625
223.375963719,0.714225,1.02766,0.227388,0.440512,0.120419,0.0947449,0.494341,0.0139202,1.57247,2.14612,0,1.21564
223.422403628,0.554117,0.645495,0.34674,0.628743,0.276962,0.439822,0.661243,0.0818364,2.00376,1.59947,0,0.887495
223.468843537,0.39331,0.584073,0.535654,0.589874,0.550701,0.613145,1.2521,0.082338,1.84053,1.2925,0.386958,0.382725
223.515283447,0.834207,1.05663,0.403272,0.424238,0.49322,0.462408,1.31897,0.055702,1.55239,1.55427,0.262746,0.313376
223.561723356,0.89169,1.48586,0.208556,0.701324,0.478868,0.387879,1.02504,0.0087728,1.78667,1.49408,0.154698,0.223122
223.608163265,0.650742,2.10083,0.00625286,0.900052,0.280327,0.137239,0.727949,0,2.27652,1.24573,0.132958,0.352848
223.654603175,0.306775,2.4285,0,0.65577,0.307187,0.0350683,1.10509,0,2.56323,1.17922,0.117622,0.20925
223.701043084,0.286481,2.64125,0,0.596698,0.0362224,0.0377174,1.23669,0,2.61968,1.2411,0.0354164,0.263153
223.747482993,0.232507,2.4894,0,0.603452,0,0.0341402,1.38112,0.0386745,2.71669,1.2877,0.00381782,0.185064
223.793922902,0.316337,2.35598,0,0.604007,0,0.0319005,1.16605,0.0405743,2.75632,1.30879,0.00346446,0.302233
223.840362812,0.265819,2.10299,0,0.508356,0.23632,0.0294868,1.10277,0.0426185,2.57117,1.80075,0.00382812,0.0276967
223.886802721,0.0595018,1.94259,0,0.282949,0.514865,0.0276069,0.773525,0.0501683,1.46974,3.43345,0.00381747,0.188883
223.933242630,0.00285269,1.99992,0,0.223124,0.582901,0.0293286,0.745057,0.0513894,0.132671,4.03145,0.00123223,0.157491
223.979682540,0,1.8405,0.54664,0.0906322,0.54171,0.0305274,0.809423,0.048243,0,4.08623,0,0.0979067
224.026122449,0.162715,1.26892,1.47121,0.140356,0.307551,0.0663361,0.703182,0.205157,0,3.72048,0,0.489439
224.072562358,0.355842,1.04839,1.7344,0.231372,0.047617,0.219514,0.784964,0.490358,0,3.09467,0.00967351,0.73041
224.119002268,0.384234,1.28532,1.62321,0.237332,0.0720938,0.161302,0.82677,0.884423,0.00734215,2.49845,0.0914518,0.697021
224.165442177,0.472943,1.87928,1.43478,0.20161,0.140887,0.0661413,0.764125,0.672003,0.488744,2.02008,0.128132,0.505512
224.211882086,0.297975,2.1913,0.748907,0.033963,0.488889,0.158827,0.758416,0.0502773,1.16034,1.74115,0.0025546,0.602831
224.258321995,0.251412,1.49639,0.546537,0.0136537,0.716709,0.415091,0.819821,0.0681819,1.4798,1.60385,0.188775,0.460203
224.304761905,0.0679535,1.20126,0.210417,0.0237563,1.24395,0.370771,1.26396,0.0867933,1.45272,1.39845,0.540011,0.240054
224.351201814,0.0418235,1.41859,0.101503,0,1.67909,0.0261075,1.54551,0.0789367,1.21722,1.09255,0.527596,0.305528
224.397641723,0.0394285,1.44629,0.0186165,0.123506,1.50326,0.0402389,1.80163,0.0643236,0.711193,1.59495,0.330101,0.544537
224.444081633,0.0294138,1.42538,0,0.0887598,0.676717,0.038636,2.27327,0.00151076,0.450702,2.40768,0.668897,0.17079
224.490521542,0.0734273,1.35908,0,0.0178831,0.567805,0.0317417,2.19821,0.0284955,0.385183,3.13325,0.200111,0.248737
224.536961451,0,1.07745,0.0171975,0,0.688638,0.0265289,1.71605,0.176246,0.32193,3.31454,0,0.160909
224.583401361,0.442353,1.12246,0.345266,0,1.47324,0.0365132,0.481173,0.567827,0.797255,2.54735,0.00041788,1.0136
224.629841270,0.49219,0.765526,0.281741,0.0105072,1.527,0.0377695,0.258981,0.677493,1.56204,2.09116,0.0018736,1.14294
224.676281179,0.442327,0.73153,0.378185,0.042377,1.53723,0.0341959,0.159573,0.68974,1.51251,2.30932,0,1.13551
224.722721088,0.383373,0.818196,0.196764,0.0466667,1.71108,0.0305845,0.222705,0.602216,1.03102,2.63975,0,1.15118
224.769160998,0.315484,1.06247,0,0,1.83765,0.0292704,0.549438,0.222841,0.714018,2.85205,0,1.23123
224.815600907,0.244515,1.1309,0,0,1.7033,0.0276515,0.881241,0.0492205,0.32581,2.95053,0,1.362
224.862040816,0.164307,1.07788,0,0,1.86564,0.0284727,0.680479,0.0324626,0.226828,2.92583,0,1.1077
224.908480726,0.305236,0.570171,0.355017,0.144191,2.09953,0.575674,0.349087,0.0305724,0.455918,2.37292,0,1.15783
224.954920635,0.0476532,0.795813,0.35677,0.0423309,2.15413,0.305792,0.160497,0.292029,0.80163,1.86687,0.22738,1.2115
225.001360544,0.0904081,0.873373,0.481205,0.0853146,2.06728,0.0884805,0.208916,0.432012,1.45727,0.432139,0.304915,1.18711
225.047800454,0.207987,0.830021,0.519373,0.082223,2.10885,0,0.192353,0.375114,1.66883,0.254309,0.294774,1.0361
225.094240363,0.238788,0.24726,0.187167,0.0856431,3.16861,0,0.206125,0.292187,1.59918,0.410556,0.184727,0.829303
225.140680272,0.115604,0.108324,0,0.142405,3.31155,0.00670829,0.162562,0.138034,0.526533,2.23883,0.295242,0.831451
225.187120181,0.0569682,0.135835,0,0.408966,3.41039,0.0097696,0.0728025,0.0775696,0.618255,2.81233,0.173838,0.693072
225.233560091,0.00410117,0.0714591,0,0.0908007,3.40309,0.0111947,0.0976798,0.0739062,0.631144,3.02278,0.202882,0.704971
225.280000000,0,0.076429,0,0.0996595,3.41355,0.0115713,0.166591,0.0158035,0.806868,3.11754,0.0393507,0.793093
225.326439909,0,0.1594,2.09747e-05,0.0995432,3.55228,0.0106608,0.234438,0.00859815,1.23861,2.80334,0,1.21047
225.372879819,0,0.138851,0,0.0621511,3.4891,0.0116771,0.234671,0.00930256,1.38553,2.34353,0,1.55546
225.419319728,0,0.179391,0,0.0633543,3.50303,0.0134175,0.204197,0.0101099,1.24705,2.49896,0.000860795,1.44477
225.465759637,0,0.220986,0.113628,0.0627891,3.30391,0.0128996,0.206263,0.176095,1.48163,2.2077,0.00268614,1.40962
225.512199546,0.0193583,0.310461,0.86052,0.0304983,2.66042,0.0126745,0.13044,0.359556,1.74355,1.68669,0.0297897,1.23254
225.558639456,0.232534,0.488384,1.50869,0.0102904,1.84918,0.0133853,0.0674331,0.361841,1.80162,1.63705,0.0178803,0.885022
225.605079365,0.267264,0.585203,1.92715,0.00574342,0.842402,0.0163463,0.0113635,0.32534,1.63939,1.99361,0.0187271,0.679477
225.651519274,0.330547,0.653819,1.82162,0.00452894,0.845946,0.0187894,0.00939334,0.253395,0.699673,2.51745,0.0461294,0.660056
225.697959184,0.299245,1.0356,1.20006,0.00594059,1.44582,0.0286403,0.0305336,0.090668,0.239063,2.54436,0.0100432,0.633925
225.744399093,0.306377,1.30542,0.986322,0.0491473,1.5063,0.152911,0.315898,0.266699,0.0407415,2.33297,0.170893,0.639885
225.790839002,0.1475,1.06063,0.988599,0.102986,1.32471,0.37109,0.440115,0.582024,0.0616767,2.09363,0.260472,0.725118
225.837278912,0.140616,0.890867,0.705444,0.0154417,1.42073,0.275037,0.185114,0.403261,0.199169,2.54665,0.152027,0.819613
225.883718821,0.136183,1.14462,0.169448,0.00236202,1.79398,0.000661493,0.0430043,0.185662,0.216479,2.99753,0.109927,0.753044
225.930158730,0.0759225,1.17504,0.00216176,0.109707,1.98509,0.011737,0.0200572,0.0126882,0.927853,3.018,0.09645,0.492314
225.976598639,0.0222431,1.05089,0.571396,0.0297887,2.0101,0.00535682,0.0161192,0.0132537,1.2344,2.82276,0.119518,0.281979
226.023038549,0,0.834462,0,0.167351,1.8873,0.00702164,0.00938175,0.013536,1.39186,2.89839,0.00366974,0.442426
226.069478458,0.394231,0.814279,0.414215,0.140623,1.71906,0.0136551,0,0.271701,0.994802,2.71971,0.244027,0.928702
226.115918367,0.613371,0.588402,0.512525,0.267795,2.12758,0.0162524,0,0.504029,0.510894,2.12545,0.482477,1.35633
226.162358277,0.61487,0.273095,0.447287,0.324285,2.18208,0.0205013,0.107684,0.540452,0.425451,1.56901,0.38598,2.41704
226.208798186,0.620753,0.0926912,0.368978,0.314814,2.13146,0.0246576,0.249248,0.398589,0.469001,0.787628,0.111268,3.13227
226.255238095,0.546665,0.0894705,0.0276758,0.307883,2.11202,0.017949,0.593288,0.100877,0.679247,0.0467892,0.0190963,2.92592
226.301678005,0.396283,0.105765,0.0246359,0.366865,1.80563,0.0155492,0.787982,0.0012195,1.13045,0.296985,0,2.41113
226.348117914,0.297814,0.182709,0.0634655,0.292868,1.72965,0.0164571,0.6349,0,1.35808,0.513331,0,2.46483
226.394557823,0.324169,0.297592,0.0334954,0.158243,1.5602,0.0180526,0.657385,0,0.588063,0.743902,0,2.81825
226.440997732,0.191617,0.161994,0.206554,0.108784,1.55313,0.0267489,0.646253,0.000455831,0.209109,0.461607,0.467541,3.49889
226.487437642,0.154127,0.012645,0.870802,0.137444,1.0664,0.345791,0.837213,0.0301841,0.127331,0.403597,0.547851,3.50663
226.533877551,0.110805,0.0872669,1.2027,0.142726,0.66411,0.407162,1.09253,0.0353048,0.0859178,0.235631,0.463665,3.30243
226.580317460,0.0391548,0.000247187,1.5625,0.162082,0.485088,0.200736,1.40951,0.0904877,0.301865,0.162997,0.17292,3.23465
226.626757370,0,0,1.83582,0.201941,1.12186,0.143404,1.41324,0.192865,0.509387,0.558757,0.0700083,3.05758
226.673197279,0.0283224,0,1.82003,0.182204,1.55139,0.134745,1.22981,0.111995,0.554171,1.49915,0.0368339,2.55176
226.719637188,0.0737063,0,1.73917,0.18981,1.55335,0.0420933,0.940802,0.0122334,0.474879,2.06188,0.00822891,2.21059
226.766077098,0.161376,0,1.57492,0.230641,1.48493,0.00326564,0.983048,0.0139376,0.423175,2.02069,0.00847235,1.97357
226.812517007,0.130245,0.00203735,1.89962,0.272905,1.249,0,1.04708,0.0242351,0.389391,1.83834,0.0164565,2.10646
226.858956916,0.0826377,0,2.17809,0.261771,0.962238,0.0623216,1.3551,0.0450048,0.444371,1.66702,0.027104,2.20809
226.905396825,0.0204536,0,2.08856,0.233586,0.923453,0.16567,1.37695,0.0424449,0.422289,2.13815,0.0501141,1.99523
226.951836735,0.0357683,4.45725e-05,1.90982,0.155692,0.756564,0.095328,1.05981,0.0332031,0.481939,2.42423,0.0901732,1.99301
226.998276644,0.0355231,0.0766068,1.76399,0.173104,0.40461,0,0.716343,0.232134,0.354563,2.39265,0.0699975,1.66098
227.044716553,0.461476,0.0699713,2.1449,0.190151,0.236192,0,0.689133,0.339018,0.282502,2.12616,0.0695179,1.6557
227.091156463,0.548065,0.0345077,2.18289,0.197041,0.103601,0.0130697,0.84189,0.335673,0.250729,1.89114,0.0578661,1.84987
227.137596372,0.618078,0.0488821,2.02774,0.200765,0.518042,0.00344583,0.945447,0.243739,0.236889,1.4075,0.0667597,1.7291
227.184036281,0.502537,0.16941,1.78787,0.219593,0.857019,0,0.972299,0.156123,0.182943,1.31683,0.790797,1.20486
227.230476190,0.284059,0.352275,1.07544,0.105713,1.30897,0,1.15682,0,0.120816,2.05563,0.920281,0.820671
227.276916100,0.116499,0.186142,0.870939,0.0631293,1.44731,0,0.946395,0.00345442,0,2.58149,0.780761,0.666262
227.323356009,0.00992848,0.131699,0.464655,0.05656,1.84872,0,0.632098,0.00726939,0,3.03349,0.600858,0.738256
227.369795918,0.00027294,0.0566963,0.0314333,0.059181,1.9723,0,0.637202,0.00934334,0,3.57662,0.113536,0.875101
227.416235828,0.0343107,0.12062,0.0359738,0.0667017,2.02561,0,0.53418,0.0109784,0,3.73366,0,0.973941
227.462675737,0.0466954,0.115488,0.154289,0.0705427,1.92354,0,0.479187,0.0105037,0,3.8175,0,0.861793
227.509115646,0.0586628,0.118908,0.232011,0.0614315,1.85953,0,0.449264,0.00847101,0.0161072,3.69432,0.00161784,0.64764
227.555555556,0.106983,0.512836,0.412028,0.0200781,1.89996,0.00845269,0.430806,0.308427,0,3.15175,0.148115,0.50581
227.601995465,0.413849,0.61148,0.601256,0.00695398,1.61628,0.0164663,0.0770793,0.606954,0,2.95333,0.165163,0.694814
227.648435374,0.368992,0.522617,0.716723,0.00608214,1.42742,0.0197817,0.0687858,0.677559,0.177678,3.09188,0.0517442,0.71018
227.694875283,0.268661,0.514232,0.92279,0.00157632,1.51431,0.0217807,0.0418719,0.630876,0.361072,3.25174,0.01172,0.688099
227.741315193,0.161445,0.446996,0.996822,0,1.64863,0.0379801,0.011426,0.408044,0.427012,3.40386,0.000967384,0.714511
227.787755102,0.128292,0.101421,0.722385,0,1.73852,0.0439832,0.0218244,0.0631621,0.387405,3.51394,0.0286091,0.835848
227.834195011,0.0597656,0.0720265,0.0132724,0,1.92844,0.0459114,0.0192994,0.0145166,0.959129,3.08513,0.176356,0.391632
227.880634921,0.307842,0.198129,0.175284,0,1.74218,0.0416796,0.0115042,0.0139316,1.22127,2.50425,0.922344,0.24126
227.927074830,0.294862,0.108898,0.252141,0.30502,0.965854,0.0446197,0.228808,0.445922,1.45394,2.39686,0.222034,0.579808
227.973514739,0.415226,0.0522136,0.238235,0.280236,0.893216,0.0499212,0.28484,0.33127,1.30586,2.40283,0.412579,1.56078
228.019954649,0.513645,0,0.0858681,0.0897083,0.968212,0.0684161,0.383215,0.286646,0.898086,2.05707,0.437288,2.58821
228.066394558,0.583418,0,0.527788,0.102335,1.14506,0.0098524,1.27419,0.3027,0.570319,1.17257,0.331478,2.93928
228.112834467,0.459907,0.00010038,1.36107,0.108574,1.12575,0,1.68461,0.297106,0.326956,0.51755,0.1331,3.28101
228.159274376,0.0465123,0.000654649,1.7178,0.0680782,0.746207,0,1.39307,0.269843,0.330255,0.904518,0.0958063,3.06104
228.205714286,0,0.00132527,2.08336,0.0792981,0.898409,0,1.09582,0.00356591,0.432292,0.883707,0.00159839,3.1082
228.252154195,0,0.0122948,2.08579,0.106647,0.870289,0,0.961799,0.0168777,0.35565,0.939985,0.0215439,3.18386
228.298594104,0,0.0014855,1.94468,0.128258,0.768224,0,1.47832,0,0.124631,0.968559,0.0375011,3.22545
228.345034014,0,0.00149271,1.89433,0.19822,0.670765,0,2.21766,0.000217754,0.0129005,1.03252,0.0131181,3.25058
228.391473923,0,0.00159701,1.91837,0.146402,0.883935,0,2.40178,0.000242904,0.00411926,0.971255,0.00355837,3.19709
228.437913832,0.0556419,0.00135193,1.90128,0.134623,1.10022,0,2.42903,0.00176973,0.00757269,0.889869,0,3.0597
228.484353741,0.256107,0.00119024,1.77952,0.0831747,0.55494,0,2.47863,0.118713,0,0.904502,0,2.35905
228.530793651,0.611749,0.378298,1.62153,0.0598081,0.222908,0.0808694,2.13538,0.162882,0.0799849,1.03208,0,2.078
228.577233560,0.597835,0.588373,1.58621,0.0329816,0.207485,0.0371763,1.89388,0.145561,0.326111,1.229,0,1.63773
228.623673469,0.506825,0.88233,1.7555,0.0123529,0.171065,0.12388,1.5496,0.162611,0.582828,1.64611,0.000490297,1.27965
228.670113379,0.563254,0.794112,1.87904,0.0150404,0.183193,0.0508726,1.70183,0.0798505,0.71873,2.25681,0.0010148,0.706645
228.716553288,0.610647,0.508506,1.72368,0.0281429,0.345599,0.0271231,1.31207,0.0164862,0.614174,2.84317,0.00251013,0.758713
228.762993197,0.443621,0.61154,1.47965,0.101201,0.828419,0.214269,0.730196,0.067774,0.492144,2.78136,0.0888551,0.750264
228.809433107,0.128786,0.766154,1.62126,0.187775,1.01905,0.167956,0.269775,0.0820172,0.372968,2.69542,0.133887,0.487338
228.855873016,0.0699914,0.883709,1.90143,0.125849,1.14984,0.121577,0.186197,0.156141,0.142617,2.84403,0.134097,0.354105
228.902312925,0.0418296,0.993393,2.58214,0.00937561,1.19527,0.0785032,0.654704,0.0183085,0.11853,3.01744,0.0952747,0.190245
228.948752834,0,0.864477,2.79659,0.0103478,0.867557,0.00330326,0.948753,0.00819696,0.133759,3.05552,0.0083253,0.196395
228.995192744,0,0.902962,2.76884,0.0129917,0.886804,0,0.845069,0.00467462,0.178706,3.00098,0,0.161963
229.041632653,0,0.89697,2.74394,0.0165542,0.868016,0,0.854689,0.207489,0.131407,2.62289,0,0.0553076
229.088072562,0.429556,0.864561,2.57683,0.128234,0.555936,0,0.631522,0.54591,0.0869858,2.00992,0.0419702,0.313644
229.134512472,0.600706,0.621323,2.31361,0.283922,0.332964,0,0.681367,0.654848,0.132183,1.69107,0,0.829981
229.180952381,0.556054,0.568101,1.78251,0.296745,0.437614,0,1.01207,0.706647,0.243806,1.50268,0,1.23639
229.227392290,0.714345,0.794833,1.31079,0.190211,0.581688,0,1.12245,0.601154,0.660412,1.20165,0.0145545,1.52768
229.273832200,0.86372,0.724848,1.34394,0.0654343,0.451496,0,1.43719,0.0126552,1.39664,1.05204,0.0401493,1.59951
229.320272109,0.557905,0.733302,1.65104,0.0275942,0.321214,0,1.51849,0.0101752,1.60691,1.16509,0.0589272,1.73906
229.366712018,0.252661,0.954823,2.07102,0.0122995,0.250838,0.00241727,1.26981,0.00327682,1.62037,1.18187,0.0647487,1.80327
229.413151927,0.199569,0.986306,2.15202,0,0.128854,0.0262075,1.83299,0.0112212,1.43966,1.63296,0.00340046,1.15192
229.459591837,0,1.12473,1.68267,0.00828038,0.114868,0.251962,1.72722,0.0997384,1.47974,1.71553,0.182668,1.13685
229.506031746,0.0942728,1.1543,0.359358,0.473812,0.503439,0.0276467,1.27655,0.0510861,1.15476,2.3175,0.336465,0.754118
229.552471655,0.243633,1.0626,0.188948,0.564822,1.27329,0.0217666,0.474994,0.0139938,1.06018,2.40309,0.347024,0.578345
229.598911565,0.175525,1.57412,0.0890974,0.314428,1.8311,0.0324686,0.476957,0.325248,1.14454,2.06947,0.270086,0.778537
229.645351474,0.0715646,1.91892,0.786622,0.016836,1.50372,0.0729789,0.501123,0.239934,1.06402,1.48923,0.109808,0.83218
229.691791383,0.0309183,2.01331,0.999935,0.0843628,0.533546,0.0841621,0.847859,0.121338,0.225129,2.39683,0.00908957,0.809204
229.738231293,0,1.77137,1.06785,0.367635,0.176383,0.0648676,1.12817,0.0715058,0.218386,3.03661,0.0013529,0.500909
229.784671202,0,1.5604,0.804478,0.613114,0.184822,0.0359972,1.18356,0.0724092,0.209698,3.0865,0.00172137,0.240843
229.831111111,0,1.89572,0.353112,0.868425,0.448477,0.0286457,1.12585,0.0411844,0.282169,3.20288,0.00331392,0.198649
229.877551020,0.0220862,2.55058,0.022514,0.838391,1.04806,0.0259764,1.20374,0.0464861,0.269588,3.17155,0.00147342,0.253555
229.923990930,0.00869995,2.71323,0.0392605,0.404923,1.18579,0.0253338,1.27069,0.0503649,0.894841,2.57002,0,0.358843
229.970430839,0.0665936,2.55362,0.0983318,0.58355,0.963278,0.0267014,1.13289,0.317478,0.813631,2.33574,0,0.384543
230.016870748,0.217796,2.04025,0.432866,0.440073,0.514525,0.0542692,1.2952,0.429263,0.416102,2.36784,0,0.690335
230.063310658,0.375483,1.27586,0.45656,0.214529,0.952234,0.077476,1.38123,0.375714,0.465507,2.39643,0.000170248,0.901307
230.109750567,0.376182,0.949895,0.256165,0.108238,1.69965,0.0801366,1.33924,0.261313,0.631635,2.31858,0,0.929172
230.156190476,0.33399,1.2261,0.0592681,0.0324523,2.05346,0.0357124,1.45975,0.126616,0.681876,2.2292,0,0.935049
230.202630385,0.194258,1.67093,0,0.0379958,2.28812,0.0588742,1.40746,0.0422556,0.730664,1.94635,0.000243432,0.778428
230.249070295,0.159098,1.38731,0,0.0976408,2.62711,0.0796589,1.01219,0.0632585,0.862325,1.83799,0.0397801,0.522489
230.295510204,0.104058,0.991489,0.000597898,0.120744,2.64895,0.114411,0.774898,0.0754583,0.873557,2.03725,0.22973,0.49722
230.341950113,0.061884,1.18018,0,0.185097,2.69169,0.0563738,0.702053,0.0762167,0.699264,2.34494,0.273328,0.515563
230.388390023,0.113278,1.00961,0,0.218522,2.89401,0.0627638,1.44626,0.0462682,0.577766,2.46052,0.146666,0.567311
230.434829932,0.0661114,1.09115,0.00335826,0,2.87359,0.0697949,1.89158,0,0.456554,1.96828,0.294267,1.22841
230.481269841,0.170855,0.918069,0.271667,0.0290038,2.6213,0.0490298,2.08458,0,0.218897,1.01714,0.0843469,1.81624
230.527709751,0.113654,0.908928,0.264419,0.0390168,2.37869,0.0338244,2.25458,0.00614334,0,0.652581,0.0944754,1.90251
230.574149660,0.32907,0.904279,0.152854,0,1.85873,0.0360745,2.55972,0.212419,0,0.700389,0.0548545,1.78675
230.620589569,0.465471,1.98852,0.00222517,0,1.49156,0.0401554,2.34029,0.508986,0.000918154,0.456798,0.0577415,1.76997
230.667029478,0.434037,2.94832,0,0,1.29277,0.0496059,1.82218,0.591658,0.177079,0.527802,0.000419204,1.29873
230.713469388,0.371197,3.1173,0,0,1.13607,0.0651587,1.59015,0.433156,0.351528,1.10415,0.000190898,0.960422
230.759909297,0.25819,2.97453,0,0.0518291,1.49788,0.055407,1.582,0.128187,0.480447,1.29576,0,0.974312
230.806349206,0.165266,2.78326,0.0487743,0.17757,1.90933,0.0378513,1.6094,0.0263294,0.433339,1.23468,0,1.5605
230.852789116,0.0818521,2.28836,0.0501942,0.209874,2.00229,0.0335805,1.72348,0.0164265,0.406288,1.1056,0,2.72373
230.899229025,0.19857,1.60234,0.036403,0.226659,1.80009,0.0531149,2.18544,0,0.490326,0.928651,0,2.79717
230.945668934,0,1.09579,0.163478,0.155865,1.85381,0.110758,1.64633,0.0204133,0.728347,0.0998908,0.308082,3.01079
230.992108844,0,0.826614,0.123293,0.0691835,1.52883,0.102744,1.24549,0.246953,0.80605,0.125162,0.151123,3.18903
231.038548753,0.0667446,0.439542,0.152269,0.0899307,1.53067,0.116951,0.85677,0.245652,1.18818,0.121225,0.222994,3.2104
231.084988662,0.118386,0.324451,0.16721,0.134633,1.85408,0.0517816,0.586331,0.143212,1.3797,0.127981,0.231639,3.32635
231.131428571,0.102057,0.168347,0.122294,0.161853,2.26077,0.00383047,0.613267,0,1.22266,0.132104,0.147628,3.35917
231.177868481,0.0597294,0,0,0.177288,2.48877,0.0105324,0.514097,0,1.28194,0.100234,0.094701,2.81304
231.224308390,0.0230303,0,0,0.18331,2.69821,0.010331,0.498833,0,1.2576,0.0814751,0.00273216,2.54549
231.270748299,0.00253431,0,0,0.171554,2.90232,0.0108501,0.350323,0.0218824,1.358,0.0621661,0.0507464,2.30252
231.317188209,0.00778643,0.622757,0,0.115956,3.13467,0.00878469,0.0957467,0.111412,1.50791,0.0310609,0.0962407,2.24848
231.363628118,0.060763,1.95714,6.10256e-06,0.0414997,3.15588,0.0102849,0.0834331,0.103307,1.64688,0.0437915,0.0587161,1.64923
231.410068027,0.0332864,2.7858,0.000160954,0.00489349,2.99819,0.0161669,0.276101,0.0358045,1.72391,0.244295,0.00937647,0.97301
231.456507937,0,3.31572,0.000214709,0.00532287,2.79217,0.0439096,0.184383,0.00535445,1.95593,0.370053,0.00204692,0.711299
231.502947846,0,3.00451,0.000194218,0.0632563,2.42839,0.040905,0.0426313,0.172505,2.12031,0.426797,0.000103475,0.483939
231.549387755,0.363325,2.18034,0.281994,0.129029,2.27401,0.0566434,0.0667002,0.365835,1.62425,0.199222,0.0323344,0.975929
231.595827664,0.454623,1.59183,0.374048,0.13917,1.94668,0.0820536,0.0926207,0.595115,1.03037,0.0498405,0.0775256,1.96261
231.642267574,0.410248,1.22388,0.255608,0.213823,2.07918,0.14144,0.0949821,0.619424,0.669185,0.0937264,0.0301118,2.33932
231.688707483,0.34542,1.6033,0.0256613,0.350009,2.23939,0.0410151,0.0914198,0.219243,0.772922,0.263397,0,2.2539
231.735147392,0.179959,1.5627,0.219763,0.448326,1.56753,0.21672,0.129043,0.0118122,0.766921,0.270859,0.0158666,2.52224
231.781587302,0.129834,1.34333,0.169108,0.398845,1.57402,0.512568,0.122458,0.388911,0.511355,0.252118,0.053791,2.74096
231.828027211,0.26804,1.02676,0,0.2325,1.70119,0.270964,0.146283,0.450382,0.435882,0.317336,0.0998576,2.88203
231.874467120,0.400732,0.530023,0.00650549,0.188066,2.23145,0,0.2928,0.193459,0.816002,0.343778,0.105972,2.76167
231.920907029,0.061476,0.239513,0,0.115043,2.84944,0.0306143,0.323689,0.0236445,1.69431,0.128293,0.0753045,2.58025
231.967346939,0,0.156954,0,0.119544,2.77862,0.0324927,0.286517,0.00870077,2.08355,0.162331,0.00640904,2.52967
232.013786848,0,0.0787035,0,0.111532,2.618,0.0168612,0.190157,0.000573203,2.1415,0.156361,0.0023132,2.48755
232.060226757,0.270307,0.588029,0,0.0944219,2.45339,0.00478151,0.0814939,0.346172,1.51644,0.175457,0.0976433,2.31016
232.106666667,0.607957,1.15831,0,0.0232281,2.49295,0.0126052,0.0961347,0.601104,0.8354,1.02029,0.138494,1.83095
232.153106576,0.653954,1.66682,0.00237407,0.0165087,2.29284,0.0134378,0.0979582,0.616818,0.0826071,1.98994,0.108405,1.5895
232.199546485,0.539977,2.01968,0.027002,0.037856,2.23015,0.0158082,0.0931677,0.510331,0.150132,2.57357,0.0711308,1.50773
232.245986395,0.447556,1.96527,0,0.10353,2.28002,0.017146,0.105462,0.250241,0.423726,3.06463,0.0232466,1.15538
232.292426304,0.334968,1.46576,0,0.249127,2.49138,0.0149426,0.179904,0.00949949,0.878531,3.0203,0,0.893857
232.338866213,0.293471,0.808844,0,0.403669,2.84305,0.0160802,0.226695,0.00327384,1.24125,2.73229,0,0.846069
232.385306122,0.334297,0.371322,0,0.536733,2.8063,0.0163519,0.321623,0.000578491,1.33097,2.55861,0,1.0713
232.431746032,0.136024,0.219409,0.170271,0.766936,2.83564,0.0370764,0.463311,0,0.848618,2.17919,0.362997,1.28455
232.478185941,0.141381,0.0188606,0.181292,0.67436,1.66783,0.545818,0.546077,0.0251288,0.425191,2.53002,0.714161,0.911686
232.524625850,0.100276,0.020084,1.4257,0.185857,1.39561,0.808917,0.453442,0.0361561,0.277019,2.40088,0.567408,0.678381
232.571065760,0.0487918,0.0920103,2.18472,0.173668,1.25705,0.458318,0.752425,0.0331394,0.161769,2.56139,0.237369,0.558541
232.617505669,0,0.139482,2.43793,0.147435,0.985798,0.168091,1.12496,0.148627,0.143888,2.62153,0.0945274,0.707094
232.663945578,0,0.0978987,2.49812,0.0987848,1.00843,0.0692846,1.24564,0.143271,0.134248,2.4585,0.0466512,1.1409
232.710385488,0.00282294,0.158135,2.55005,0.0885997,0.799328,0,1.25846,0.00697918,0.135448,2.61106,0.0153441,1.61759
232.756825397,0.0219782,0.247338,2.50004,0.0305953,0.710326,0,1.23115,0.00547676,0.154671,2.80534,0.00526861,1.70645
232.803265306,0.0404981,0.260703,2.53434,0.00410515,0.75137,0,1.03834,0.00793291,0.201189,2.83536,0.0195575,1.60472
232.849705215,0.0389823,0.250373,2.5792,0,0.660367,0,0.827759,0.00906475,0.294049,2.79164,0.0197205,1.48146
232.896145125,0.000229784,0.304904,2.73485,0.00411924,0.629762,0,0.869491,0.00457799,0.348036,2.60736,0.0228609,1.22024
232.942585034,0.0117619,0.305488,2.72101,0,0.646181,0,0.950963,0.0063627,0.367457,2.68868,0.0202061,0.815124
232.989024943,0.047505,0.28751,2.70292,0.00956853,0.664457,0,0.78622,0.289282,0.169573,2.70951,0.00909296,0.93101
233.035464853,0.355292,0.21852,3.05179,0.0970741,0.508848,0.00816564,0.831514,0.373691,0.107662,2.67546,0.0117736,1.01543
233.081904762,0.566809,0.186112,3.19542,0.143555,0.175403,0.109152,0.890626,0.368572,0.151386,2.60199,0.0582943,1.14887
233.128344671,0.594436,0.205113,3.1675,0.137284,0.0810487,0.167427,1.18173,0.307228,0.364038,2.60769,0.000898296,1.14499
233.174784580,0.691023,0.432127,2.97219,0.107277,0.390541,0.0793327,1.45037,0.184728,0.626573,2.41856,0.00104114,0.922366
233.221224490,0.597776,0.178925,2.50186,0.147885,0.364727,0.268404,1.09673,0.00303265,0.723652,1.62769,0.0589747,0.586749
233.267664399,0.508726,0.0283349,1.7224,0.235036,0.236007,0.608273,0.692338,0.00124078,0.456572,1.63622,0.414646,0.0862806
233.314104308,0.279807,0.0393757,1.5568,0.489094,0.281185,0.440811,0.289146,0.305206,0.40135,1.68677,0.759337,0.0955934
233.360544218,0.093554,0.0366524,1.35976,0.77333,1.44806,0.294212,0.0159407,0.496496,0.437786,2.38713,0.557201,0.280641
233.406984127,0,0.246486,1.29213,0.790293,1.88689,0.0204918,0,0.114155,0.557452,2.94674,0.214842,0.598108
233.453424036,0,0.492236,1.56481,0.269281,1.96354,0.0246533,0.636321,0.0261365,0.640616,2.62957,0.0998215,1.38842
233.499863946,0,0.488581,1.51365,0.0571797,1.91638,0.0319281,0.836763,0.0601205,0.983987,2.16279,0.0211274,1.43875
233.546303855,0.0016627,0.243144,1.4593,0.298897,1.50769,0.148386,1.06932,0.0597662,0.946729,2.12365,0.0157454,1.37703
233.592743764,0.556973,0.69782,1.21797,0.485656,0.620398,0.019186,0.980127,0.350274,0.44173,2.21432,0.0704385,1.36292
233.639183673,0.592868,1.65198,1.12539,0.333117,0.317953,0.0535835,0.830394,0.449081,0.523902,1.91243,0.0763221,1.22872
233.685623583,0.426171,2.33318,1.05865,0.365599,0,0.0819402,1.0061,0.420732,0.660965,1.53078,0.0409418,1.2796
233.732063492,0.270291,2.58033,1.06543,0.135117,0,0.0994491,1.34866,0.296978,0.666692,1.35507,0.00579822,1.28436
233.778503401,0.139654,2.50043,1.15208,0.0123313,0.024189,0.121916,1.55442,0,0.656316,1.72797,0.00270588,1.2294
233.824943311,0.101733,2.36257,1.25762,0.0136283,0.0137967,0.195935,1.70426,0.00247833,0.587935,1.94959,0.0224705,1.18547
233.871383220,0.0170355,2.4514,1.15822,0,0.0316222,0.0974251,1.96498,0.00188757,0.490871,1.96478,0.0173366,0.948673
233.917823129,0.197083,2.58871,0.385804,0,0.0140855,0.0755953,2.14171,0.447065,0.451184,1.84927,0.155357,0.720073
233.964263039,0.189019,2.82022,0.710256,0.0111771,0.120883,0.227579,1.96157,0.257184,0.65799,0.731061,0.134056,0.504435
234.010702948,0.208155,2.84442,0.677043,0.0148736,0.275769,0.140922,1.76186,0.260856,0.975199,0.248283,0.151691,0.391048
234.057142857,0.23279,2.8001,0.760335,0.0189875,0.678138,0.11253,1.4193,0.276799,0.859585,0.107034,0.156462,0.397034
234.103582766,0.266914,2.73677,0.891367,0.0239821,1.69933,0.0950271,0.60552,0.302624,0.521727,0.618568,0.203025,0.478524
234.150022676,0.16695,2.40446,1.06994,0.0157167,2.09901,0.0607546,0.0369173,0.324746,0.765247,1.20669,0.337622,0.485534
234.196462585,0,1.86607,1.34797,0.105725,2.15409,0,0.414458,0.0233114,1.0271,1.39868,0.187078,0.402371
234.242902494,0,1.33876,1.19302,0.0139561,2.06004,0.00255406,0.662677,0.00406067,1.04163,1.89931,0.185087,0.377282
234.289342404,0,1.06239,1.1761,0.0142701,1.69394,0.0114864,1.25965,0,0.797594,2.23845,0.153836,0.186742
234.335782313,0,0.947186,1.43968,0.312727,0.877192,0.130224,1.59226,0,0.586049,2.46967,0.176052,0.0675816
234.382222222,0,1.0885,1.84007,0.646674,0.32142,0.127453,1.71836,0,0.561331,2.25377,0.153683,0.000485916
234.428662132,0,1.68244,2.18868,0.82926,0,0.115358,1.86931,0,0.541604,1.88774,0.128917,0.000470796
234.475102041,0,2.07919,2.19177,0.304042,0.0553595,0.106736,2.24453,0.132727,0.419115,1.57298,0.0563987,0.192347
234.521541950,0.473544,2.25689,1.77942,0.0806922,0.346631,0.103072,2.06796,0.291694,0.116946,1.62047,0.000273713,0.595366
234.567981859,0.554555,2.01968,1.64204,0.109916,0.158537,0.0982786,1.59304,0.330337,0.185506,1.78995,0.00927903,0.91884
234.614421769,0.559812,2.10087,1.64504,0.092327,0.0698913,0.117212,1.22701,0.318791,0.269346,1.77445,0.00676079,1.00109
234.660861678,0.609892,2.68606,1.6256,0.0358106,0.221348,0.103622,0.620561,0.264505,0.348096,1.7273,0.0079208,0.955914
234.707301587,0.641306,3.01528,1.08186,0.0327715,0.769443,0.0688257,0.61192,0.0331854,0.377901,1.6572,0.0615828,0.752085
234.753741497,0.509729,3.02242,0.403255,0.0738146,1.28413,0.138794,0.631378,0.022395,0.241619,1.89621,0.103222,0.471824
234.800181406,0.176702,3.11722,0.417187,0.201993,1.32894,0.156684,0.352184,0.0965211,0.21965,1.7295,0.174021,0.217668
234.846621315,0.105414,3.08067,0.69489,0.31044,1.54973,0.144082,0.518798,0.118849,0.284941,1.80759,0.147557,0.237392
234.893061224,0.0935565,2.89526,1.38385,0.0853186,1.87483,0.0611505,0.742623,0.108539,0.432375,1.82124,0.216426,0.185956
234.939501134,0,2.46187,1.95652,0.00861714,1.9158,0.0423855,1.12244,8.07155e-05,0.318186,1.94585,0.438098,0.188328
234.985941043,0,2.04651,2.12016,0.01299,1.7267,0,1.15584,0.000130902,0.396721,2.17035,0.00103666,0.167751
235.032380952,0,1.49945,2.16023,0.0213918,1.36125,0.00432558,1.17587,0.00302412,0.630419,2.14944,0.000249328,0.0827734
235.078820862,0.466329,0.448542,2.01162,0.0288906,0.659191,0,1.10319,0.377901,0.457156,2.09276,0.0776334,0.752169
235.125260771,0.766422,0.753286,1.59374,0.192156,0.490295,0,0.733243,0.53951,0.27611,1.85832,0.0683166,1.18443
235.171700680,0.644344,0.815972,1.41382,0.350991,0.408197,0,0.671621,0.586332,0.251726,2.26608,0.038057,1.28552
235.218140590,0.447664,0.874106,1.8344,0.171381,0.666228,0,0.635059,0.515672,0.435813,2.52864,0.00471705,1.18652
235.264580499,0.337037,0.831222,2.3431,0.0141995,0.776635,0,0.637546,0.163974,0.902491,2.5686,0,1.07719
235.311020408,0.257466,0.627289,2.51613,0.0254353,0.825146,0,0.893162,0.00247743,1.01802,2.42028,0,1.19631
235.357460317,0.179251,0.730274,2.60009,0.0598454,0.859629,0,0.80657,0.00647709,0.864837,2.40029,0,1.13125
235.403900227,0.337912,1.03071,2.3358,0.0596133,0.750271,0.094952,0.974234,0.0572634,0.613115,2.7964,0,0.400632
235.450340136,0,1.61788,1.70856,0.0834197,0.857614,0.182189,0.884199,0.0635681,0.250262,3.08908,0.196202,0.280356
235.496780045,0,1.78848,0.652884,0.0975573,1.13978,0.0415193,0.607252,0.0649795,0.523948,3.28434,0.218333,0.352232
235.543219955,0.0510587,2.02429,0.247513,0.0666979,1.30412,0.0183441,0.525487,0.0255106,0.588868,3.27853,0.178457,0.259185
235.589659864,0.063158,2.2605,0.0310294,0.00174005,1.24862,0.0275856,0.81484,0.00610674,0.441169,3.72231,0.143661,0.124819
235.636099773,0.0538034,2.21329,0,0,1.26852,0.0330229,1.17164,0.00964933,0.0486417,4.12023,0.0912952,0.115433
235.682539683,0.0210277,2.26931,0,0,1.37996,0.037962,1.3095,0.00556724,0,4.05869,0,0.206377
235.728979592,0,2.35264,0.0370097,0,1.56335,0.0345628,1.11394,0.0294538,0,3.84664,0,0.160255
235.775419501,0,2.71779,0,0.0161663,1.35885,0.0292034,0.927032,0.0400116,0.0350177,3.67468,0,0.084692
235.821859410,0,2.79654,0,0.0471206,1.32672,0.0287538,1.16475,0.0474625,0.0233584,3.46369,0,0.000662422
235.868299320,0.0042554,2.40005,0,0,1.1422,0.0360493,1.19695,0.0549322,0,3.63955,0,0.0240354
235.914739229,3.18763e-05,2.07156,0,0,1.34728,0.0253304,1.03931,0.0540386,0,3.96851,0,0.000985024
235.961179138,0,1.92106,0,0,1.51294,0.0270447,1.0543,0.050021,0,4.24806,0,0.00105003
236.007619048,0.0247657,1.75437,0.110942,0.027867,1.43654,0.032515,0.937414,0.152813,0,4.24966,0,0.230463
236.054058957,0.247677,1.64725,0.628731,0.0361538,1.27151,0.0429632,0.648927,0.289691,0,4.00198,0,0.382841
236.100498866,0.273495,1.70405,0.812938,0.0283159,1.24272,0.0416679,0.558804,0.340039,0,3.7437,0.00551825,0.369526
236.146938776,0.313354,2.28755,0.390519,0,1.27692,0.0346212,0.446326,0.316504,0.0622521,3.57223,0.0052969,0.444707
236.193378685,0.309898,3.10673,0.0165784,0,1.42628,0.0515453,0.107612,0.154427,0.882311,2.69053,0.00151522,0.376978
236.239818594,0.257412,2.96136,0,0.0302883,1.07745,0.0458818,0.100168,0.0518012,1.25985,2.31303,0.0334379,0.202898
236.286258503,0.11769,2.2083,0.0261102,0.00274215,0.665688,0.24051,0.680366,0.0715371,1.09749,2.24159,0.130461,0.183504
236.332698413,0.0622783,2.37365,0.134535,0.125021,0.589611,0.267821,0.904899,0.0785969,0.822942,2.18685,0.351906,0.152029
236.379138322,0.0590001,3.20682,0.168945,0.0448369,0.708317,0.367026,0.975208,0.0321658,0.372058,2.86858,0.174451,0.146035
236.425578231,0.0141771,3.52038,0.0648058,0,1.03835,0.290356,1.36459,0.0579569,0.267821,3.38192,0.119071,0.177772
236.472018141,0,3.20015,0.226494,0,1.35259,0.0915769,2.09881,0,0.233521,3.05036,0,0.183381
236.518458050,0,3.04479,0.305545,0,1.5298,0.0629005,1.94984,0,0.278893,2.71253,0,0.14828
236.564897959,0.179275,2.26901,0.168954,0.00660054,1.72956,0.0352902,1.77191,0.493407,0.145674,2.20376,0.0379551,1.09425
236.611337868,0.44682,1.38537,0.0368545,0.283361,1.72616,0.0384044,1.41321,0.643557,0.000456299,1.63692,0.0447458,2.1401
236.657777778,0.453594,1.09023,0,0.383415,1.89015,0.0373318,1.08178,0.664579,0,0.980519,0,2.63598
236.704217687,0.424269,1.00138,0.000893227,0.311854,2.24021,0.0347286,0.98378,0.585642,0,0.764951,0,3.01597
236.750657596,0.229226,1.01175,0.0277137,0.161904,2.34248,0.0336836,1.20733,0.341486,0,0.967248,0,3.3285
236.797097506,0.133807,0.956728,0.0297089,0.13478,2.27552,0.0324694,1.4923,0.0294917,0.00169071,1.30875,0,3.39166
236.843537415,0.0855143,0.8387,0.0216753,0.156137,2.22711,0.0355594,1.56072,0.0266539,0.0208201,1.46667,0,3.44581
236.889977324,0.298895,0.933783,0.176515,0.153139,2.19636,0.0435057,1.73303,0.00197859,0.0249365,1.11463,0,3.12973
236.936417234,0.0207322,1.2098,0.176915,0.303492,2.42518,0.0497412,1.59329,0,0.0943106,0.4112,0.112233,2.922
236.982857143,0,1.30341,0.246804,0.212639,1.73331,0.173787,0.957801,0.0214726,0.129132,0.457062,0.13018,3.07635
237.029297052,0.023841,0.557748,0.544472,0.223659,1.41702,0.0185492,0.51938,0.156127,0.274588,0.248242,0.190147,2.97483
237.075736961,0.09148,0.000345283,0.44687,0.162711,1.59183,0.0530067,0.597462,0.182761,0.301284,0.127517,0.196469,3.15915
237.122176871,0.103328,0,0.119494,0.170554,2.55384,0.0581614,0.651331,0.0697716,0.0112972,0.219153,0.178198,2.88987
237.168616780,0.04811,0,0.00476138,0.368974,3.00598,0.0126788,0.419928,0.102904,0.486002,0.206518,0.217808,2.84363
237.215056689,0.00562866,0,0.00154208,0.221753,3.07407,0.0126143,0.503911,0.0362444,0.629501,0.16551,0.327299,2.66537
237.261496599,0,0,0,0.284759,2.79479,0.0104935,0.501971,0,0.921392,0.111534,0.352656,2.90539
237.307936508,0,0,0,0.246858,3.19137,0.00910809,0.500753,0,1.53199,0.123621,0.141423,2.95352
237.354376417,0,0,0,0.27963,3.24681,0.00981994,0.591737,0,1.58857,0.0869782,0.0425376,3.09014
237.400816327,0,0.0197232,8.62662e-05,0.289724,3.28874,0.0125835,0.540994,0.000522622,1.5289,0.00700312,0,3.24154
237.447256236,0,0.0264887,7.28438e-05,0.403668,3.16597,0.0133758,0.51403,0.000313905,1.51784,0.00471088,0,3.28045
237.493696145,0.00197518,0.0808985,0.0437175,0.43954,2.84986,0.0119689,0.395045,0.164755,1.47155,0.0812424,0,2.90955
237.540136054,0.260075,0.168945,0.452411,0.620167,2.22832,0.0215327,0.265583,0.259995,1.32408,0.0384253,0,2.61928
237.586575964,0.441084,0.0962553,0.715541,0.673345,1.9745,0.0454606,0.173536,0.551923,1.30547,0,0.00413157,2.70265
237.633015873,0.445748,0.0451009,0.628256,0.435492,2.28094,0.0491077,0.130678,0.592847,1.43047,0.0696246,0.0215969,2.78679
237.679455782,0.284581,0.0541466,0.257421,0.254847,2.80872,0.0202836,0.0512023,0.140268,1.32039,0.0711424,0.0405532,2.92668
237.725895692,0.203382,0.18601,0.0951082,0.240302,2.68857,0.385627,0.0847622,0.00278567,0.872818,0.275205,0.0304731,2.98161
237.772335601,0.169748,0.310334,0.209146,0.208286,2.41546,0.79858,0.111857,0.00313555,0.273596,0.37217,0.0555581,3.0119
237.818775510,0.127104,0.368865,0.162596,0.172355,2.25686,0.791098,0.297299,0.0731624,0.136112,0.273999,0.13737,2.98676
237.865215420,0.137756,0.277872,0.101241,0.224919,2.39488,0.524079,0.429691,0.0892087,0.31558,0.0696914,0.12385,2.96431
237.911655329,0.0789518,0.52764,0,0.257412,3.44907,0.0111278,0.422014,0.00537972,1.45856,0.268211,0.0889586,2.3464
237.958095238,0,0.96773,0,0.226103,3.64686,0.0147508,0.0402977,0.00620569,2.34267,0.279952,0,2.09958
238.004535147,0,0.864119,0.0467582,0.291213,3.52239,0.00383693,0.0518187,0.00442225,2.62818,0.266707,0,2.04831
238.050975057,0.0170552,1.00999,0,0.244932,3.03182,0.00224534,0.0801983,0.188851,2.68508,0.0926628,0.0779273,2.38542
238.097414966,0.581194,0.804043,0.195255,0.14051,2.79333,0.010937,0.0843987,0.539401,2.33442,0.0452628,0.100739,2.24419
238.143854875,0.603918,0.436107,0.379271,0.0538068,2.72056,0.012316,0.172441,0.660768,1.85748,0.0339325,0.0902035,2.22894
238.190294785,0.510462,0.325592,0.357491,0.0236739,2.70618,0.0147664,0.147594,0.670462,1.64405,0.0259903,0.070982,2.36058
238.236734694,0.478596,0.315591,0.210901,0.0985337,2.70212,0.0227899,0.0903461,0.461041,1.83049,0,0.0254728,2.63699
238.283174603,0.388296,0.470063,0,0.18041,2.61478,0.0422594,0.0938652,0.0205853,2.07414,0,0,2.93677
238.329614512,0.288592,0.666291,0,0.250016,2.64953,0.0405313,0.0376528,0.00461397,1.88108,0.000732359,0.0392817,2.90826
238.376054422,0.299364,0.730221,0,0.175422,2.48111,0.0313444,0.0842662,0.00330903,1.73278,0.049193,0.113301,2.93861
238.422494331,0.148269,0.396644,0.431358,0.242043,2.09773,0.0380769,0.226695,6.47772e-05,1.51799,0.100709,0.530244,3.0556
238.468934240,0.162233,0.114525,1.05812,0.144275,1.62893,0.032404,0.322611,0.0256187,1.50596,0,0.846447,3.18482
238.515374150,0.131533,0.0242857,1.41799,0.0991921,0.894278,0.50658,0.775466,0.0342763,1.27599,0.0278526,0.856564,3.00424
238.561814059,0.0722121,0.000120426,1.80222,0.168495,1.0354,0.496968,1.04489,0.0785574,0.85212,0,0.587715,2.55155
238.608253968,0.0252989,0,2.18384,0.276274,1.57525,0.165293,1.25463,0.159156,1.01077,0,0.146972,2.3231
238.654693878,0.02302,0,2.34656,0.194264,1.73562,0.135962,1.42517,0.0839946,0.855696,0.369879,0.0383497,1.96083
238.701133787,0.0620554,0,2.24954,0.0909755,1.64653,0.0633836,1.41672,0,0.987763,0.873734,0.00660907,1.72175
238.747573696,0.0945108,0,1.84121,0.142485,1.53416,0,1.46442,0,0.960351,1.05532,0.0118792,1.69183
238.794013605,0.0962163,0,2.31301,0.168596,1.50041,0,1.40433,0.0235401,0.89876,1.02982,0.00282597,1.55304
238.840453515,0.0429391,0,2.59554,0.203683,1.09426,0,1.57008,0.0496256,0.784387,1.45193,0.0308024,1.23256
238.886893424,0.0454059,0.105939,2.50861,0.124569,0.707882,0.163859,1.55473,0.0433488,1.01997,1.98976,0.0897091,1.04487
238.933333333,0.00296396,0.412891,2.39321,0.040476,0.516012,0.188093,1.10559,0.0367342,0.92968,2.17867,0.0787091,1.06524
238.979773243,0.000309916,0.401124,2.36831,0.0319043,0.49643,0.0191667,0.784166,0.0941627,0.870795,2.2087,0.0154497,0.900192
239.026213152,0.10125,0.0430125,2.78572,0.127763,0.324145,0.00271327,0.883036,0.318785,0.531379,2.31254,0.0269293,1.11155
239.072653061,0.513756,0.000534427,2.75724,0.220014,0.180964,0.0187332,0.939965,0.372291,0.163181,2.41682,0.0769014,1.30596
239.119092971,0.588957,0.000250533,2.56065,0.257929,0.223033,0.0650863,0.71156,0.354376,0.176693,2.31773,0.0307364,1.41253
239.165532880,0.729516,8.47358e-05,2.16987,0.148212,0.536211,0.0555736,0.648032,0.297688,0.194576,2.14178,0.00994709,1.30797
239.211972789,0.622788,0,1.62151,0.159648,0.656551,0.161703,1.09105,0.0840941,0.24169,2.14656,0.311899,0.878086
239.258412698,0.416947,0.0193245,1.11601,0.259691,0.761221,0.495111,1.14607,0.0029688,0.256486,2.01024,0.69836,0.104894
239.304852608,0.302136,0.0261399,1.12351,0.723825,1.04475,0.671819,0.872593,0.00509179,0.0177728,2.13444,0.590542,0.0622567
239.351292517,0.193147,0.0318591,1.27901,0.606687,1.47204,0.321912,0.600752,0.0080439,0.0237216,2.91641,0.40101,0.131793
239.397732426,0.0328231,0.0297587,1.51833,0.088338,1.62592,0.0531033,0.775673,0.12569,0.00605389,3.75735,0.199228,0.184031
239.444172336,0,0.0774488,1.8738,0.181757,1.62035,0.0263924,0.750203,0.0102914,0.00817391,3.79356,0.105676,0.618103
239.490612245,0.0144225,0.281019,2.16532,0.0216204,1.48565,0.0307764,0.520685,0.00762211,0,3.37113,0.00752556,0.768242
239.537052154,0.0347581,0.299972,2.09611,0.025416,1.32077,0.179104,0.274988,0.111696,0.0993888,3.25627,6.46356e-05,0.763149
239.583492063,0.260976,0.69371,1.81629,0,0.987468,0,0.0919563,0.492191,0.0538023,3.09033,0.0645821,0.773872
239.629931973,0.26645,0.344283,1.59098,0,0.791467,0,0.0879063,0.601715,0,3.30716,0.0976254,1.0344
239.676371882,0.13325,0.287915,1.74506,0,1.2514,0.00818049,0.0726994,0.614803,0,3.35394,0.0343974,1.0417
239.722811791,0.000662728,0.195669,1.95093,0,1.41226,0.0311185,0.14954,0.496203,0,3.47043,0.000151646,0.938728
239.769251701,0.000520562,0.103856,1.97019,0,1.3342,0.0327958,0.696856,0.161403,0,3.65925,0,0.746359
239.815691610,0.109003,0.0799473,1.9335,0.0102232,1.21562,0.0201804,0.920753,0.0123829,0.207939,3.60281,0.00186873,0.644969
239.862131519,0.0559292,0.160963,1.75569,0.0402577,1.15759,0.020906,0.790047,0.0146787,0.912296,3.09211,0.00167705,0.547792
239.908571429,0.0571693,0.299747,1.98405,0.0943251,1.01744,0.0468876,0.633183,0.0159312,1.13123,2.68282,0.00186316,0.611312
239.955011338,0.143875,0.527157,2.16917,0.30449,0.855894,0.0669908,0.605731,0.068068,0.908212,2.28193,0.000562113,1.45564
240.001451247,0.172833,0.574539,2.18458,0.202339,0.890414,0.0669814,0.962323,0.00345394,0.51961,1.73079,0.0230771,2.45819
240.047891156,0.0685983,0.268601,2.07039,0.0605472,0.745956,0.0213508,1.65309,0.000679167,0.0779002,1.22221,0.431028,3.10389
240.094331066,0.0168359,0.0165984,2.03563,0.0697554,0.618828,0.175015,2.07191,0,0.00930571,1.46619,0.226635,3.17322
240.140770975,0.000322241,0.0545635,2.11726,0.0642601,0.72469,0.255998,2.20689,0.000299773,0.00244358,1.67591,0,3.16756
240.187210884,0.000277237,0.110682,2.1486,0.0776691,0.811802,0.0772445,2.13237,0,0,1.53269,0.0492787,3.32013
240.233650794,0.000436089,0.110121,2.06352,0.157667,0.731593,0.0206918,2.07023,0,0,1.09637,0.0415026,3.59967
240.280090703,0.000315221,0.0741158,2.0123,0.13234,0.458169,0.0108619,2.14343,0,0.0502518,1.22939,0.0118914,3.71872
240.326530612,0.0220696,0.100054,1.74685,0.159764,0.358198,0,2.01672,0.0349699,0.371785,1.18828,0.00182912,3.54987
240.372970522,0,0.673225,1.62085,0.175535,0.239111,0,1.84866,0.0421265,0.446122,0.83481,0,3.47552
240.419410431,0,0.99457,1.6364,0.179259,0.22413,0,1.51775,0.0403017,0.343114,0.669192,0.00295464,3.40116
240.465850340,0.223376,1.17257,1.62247,0.0932628,0.286364,0.00358171,1.30611,0.0332901,0.619653,0.632412,0.0336409,3.04183
240.512290249,0.325873,1.77949,1.50467,0.0980026,0.0642813,0.0116523,0.714608,0.137914,1.48766,0.68068,0,2.12601
240.558730159,0.47774,1.9541,1.52566,0.0755172,0.0654384,0.00749758,0.852047,0.079796,1.60995,0.816356,0,1.16172
240.605170068,0.259063,2.07195,1.70633,0.0177925,0.0491638,0.00709564,0.830944,0.00788452,1.67632,1.13735,0,0.736193
240.651609977,0.069338,1.92124,2.06254,0.0138397,0.225892,0.00980854,0.643995,0,1.68015,1.66324,0.114074,0.611153
240.698049887,0.128625,1.18511,2.4178,0.0130963,0.252071,0.0122345,0,0.000791459,1.66576,2.03799,0.310083,0.595023
240.744489796,0.105151,0.978852,2.35127,0.0838315,0.163952,0.0047776,0.218277,0.0306634,1.14274,2.50592,0.19736,0.414732
240.790929705,0.000440413,1.3284,2.17813,0.409456,0.607785,0.0794376,0.341892,0.100581,0.696997,2.95818,0.127602,0.187788
240.837369615,0.000296675,1.47865,2.2941,0.234513,0.98744,0.0599983,0.298624,0.158334,0.136075,3.37898,0.0659125,0.095153
240.883809524,0.0748704,1.41999,2.60386,0,1.14468,0,0.277469,0.117854,0.000958778,3.34837,0.00877595,0.120297
240.930249433,0.0645508,1.05992,2.82696,0,1.21568,0,0.257371,0.0369733,0.334795,3.21815,0.00350117,0.134739
240.976689342,0.0298002,0.707949,2.93462,0.00533317,1.00721,0,0.0179917,0.0113944,0.719327,3.04821,0,0.122472
241.023129252,0.125863,0.608737,2.90476,0.010818,0.913285,0,0.00517038,0.00702759,1.04449,2.66396,0,0.0467782
241.069569161,0.131187,0.564071,2.7196,0.0150018,0.916649,0,0.328492,0.202118,1.0078,2.3878,0,0.0118373
241.116009070,0.109016,0.729239,2.38524,0.0102066,0.685443,0,1.14204,0.476416,0.644173,2.11942,0,0.000794989
241.162448980,0.0528816,1.07538,2.25128,0.0774649,0.617441,0.0539932,1.80313,0.487121,0.479681,1.85119,0.00130704,0.116055
241.208888889,0.450074,0.99753,2.19061,0.0289145,0.414332,0.0728173,2.38099,0.306425,0.305225,1.53296,0.00659977,0.517673
241.255328798,0.54351,1.13064,1.61369,0,0.280645,0.162782,2.62614,0.00744367,0.675864,1.23298,0.0966786,1.13862
241.301768707,0.419071,0.888775,1.36473,0.00123587,0.743158,0.135779,2.22798,0.0160467,1.01662,1.2071,0.111947,1.0986
241.348208617,0.222404,0.959062,1.39066,0.00496964,0.947025,0.0313945,1.32315,0.0258117,1.37461,1.44405,0.103252,1.01627
241.394648526,0,0.927989,1.49679,0.0587748,1.04825,0.010904,1.11711,0.0825174,1.50054,1.54937,0.00778292,0.923302
241.441088435,0,0.953258,1.52093,0.0944924,0.884903,0.00292006,1.20744,0.055501,1.06594,2.44106,0.165406,0.430865
241.487528345,0.0173342,1.74196,1.03439,0,0.889875,0.0114851,1.36544,0.0472947,0.52611,2.69224,0.51878,0.124824
241.533968254,0.192283,2.38818,0.36758,0,1.28794,0.170512,1.26166,0,0.50363,2.63169,0.56707,0.15666
241.580408163,0.327918,2.52085,0.111293,0.000555071,2.09433,0.201951,0.980879,0.550152,0.310493,2.38693,0.464981,0.18938
241.626848073,0.482866,2.4866,0.0109499,0,2.38884,0.217362,0.959704,0.536386,0.0269439,2.01087,0.277337,0.243099
241.673287982,0.169225,2.37517,0.516695,0.00605712,1.80824,0.291427,0.962785,0.50444,0,1.83914,0.104523,0.272092
241.719727891,0.184799,2.17528,0.985711,0.327624,1.26145,0.203985,0.927516,0.242757,0.0749467,2.1844,0.00161747,0.159388
241.766167800,0.0400944,1.87694,0.878551,0.520766,1.13577,0.172228,0.98085,0,0.262589,2.46476,0.000650238,0.156817
241.812607710,0.010222,1.88516,0.501943,0.665388,1.14652,0.0960101,1.00319,0,0.393069,2.24771,0.00209295,0.320354
241.859047619,0.000271604,2.33486,0.104406,0.584309,1.40572,0.0378756,1.0521,0,0.563482,2.21598,0.0219717,0.329629
241.905487528,0,2.96676,0.0228717,0.331985,1.4643,0.118904,1.35675,0,0.61376,1.92746,0.0921766,0.10548
241.951927438,0.0572738,3.20662,0.0376873,0.18966,1.34352,0.133316,1.39021,0,0.902863,1.48843,0.167699,0.0537572
241.998367347,0.510508,2.95132,0.00186728,0.15806,1.50737,0.116893,1.31381,0.0957918,0.535678,1.27556,0.164197,0.302161
242.044807256,0.592469,2.65424,0,0.138024,2.10309,0.0788037,1.25348,0.239993,0.136623,1.06139,0.239196,0.478352
242.091247166,0.486339,2.0177,0.000496527,0.16098,2.68993,0.0302404,1.19538,0.197677,0.0171201,1.10165,0.231374,0.463423
242.137687075,0.574805,1.76264,0,0.159105,3.08975,0.0206008,1.08245,0.102332,0.0232518,1.11811,0.266508,0.4275
242.184126984,0.478829,1.75706,0.034929,0.13957,3.19333,0.0352354,1.03633,0.0166768,0.0312442,1.26884,0.0981236,0.414667
242.230566893,0.531386,1.57978,0,0,2.96748,0.00770313,1.05113,0.0340977,0.0753101,1.86137,0,0.424726
242.277006803,0.461567,1.2581,0,0.260455,2.80083,0,1.0207,0.0814752,0.12389,2.07945,0,0.442772
242.323446712,0.238361,1.37098,0.0622248,0.321987,2.83214,0.0410872,0.955501,0.145092,0.0502898,2.08962,0,0.482898
242.369886621,0.205125,1.38084,0.243544,0.0319069,2.92862,0.139059,1.24162,0.0992881,0.0357661,1.95311,0,0.535998
242.416326531,0.131204,1.38797,0.346311,0.00339089,2.71613,0.00786689,2.37823,0,0.0322384,1.67767,0,0.638847
242.462766440,0.0522454,1.48662,0.234429,0.0327333,2.12986,0,3.01094,0.0451323,0.0105297,1.43621,0.26987,1.0294
242.509206349,0.255077,1.67053,0.251083,0.055225,1.68193,0.00303838,3.04456,0,0,1.29449,0.0329674,1.34362
242.555646259,0.143554,1.77948,0.226328,0.1343,1.40456,0.031754,2.86682,0.0385245,0,1.15438,0,1.61743
242.602086168,0.199679,2.5011,0.188687,0,1.99029,0.0468952,2.52026,0.122468,0.00334514,0.649003,0,1.43529
242.648526077,0.393566,2.84274,0.124957,0,2.20928,0.297,1.86995,0.171883,0.294104,0.451803,0,0.796139
242.694965986,0.485823,3.20787,0.0997675,0,1.95074,0.228926,1.32851,0.136014,0.412982,0.510893,0,0.388253
242.741405896,0.417148,3.30469,0.0401773,0,1.88627,0.153885,0.948991,0.0342154,0.506752,0.365347,0,0.322075
242.787845805,0.25974,3.18113,0.000956925,0.0560937,2.0156,0.0645722,0.719595,0,0.870286,0.0904009,0,0.430999
242.834285714,0.0963219,2.77597,0,0.0986333,2.06551,0.0330649,0.885385,0,0.656773,0.00150657,0.00763151,1.74535
242.880725624,0.000642369,2.34967,0.0140001,0.106828,2.17675,0.155122,1.31192,0,0.141962,0.00204114,0.0167908,2.5549
242.927165533,0.000173419,1.84454,0.0143654,0.117115,2.23047,0.0204708,1.25041,0,0.0186569,0.00238477,0.244982,2.84793
242.973605442,0.0275761,1.17375,0.00406106,0.0899872,2.30089,0,1.43759,0.018779,0,0.0619136,0.380012,3.341
243.020045351,3.16133e-05,0.546485,0.201962,0.0892377,2.36592,0.126626,1.36548,0.0417612,0.0244649,0.0484998,0.413071,3.59526
243.066485261,5.61281e-05,0.469305,0.578335,0.130552,2.8643,0.277478,1.16505,0.030672,0.131183,0.0365228,0.209247,3.34934
243.112925170,0.0364212,0.402659,0.641964,0.157215,2.91141,0.535716,1.12454,0,0.192486,0.0733617,0.173268,3.20515
243.159365079,0.0194247,0.0471721,0.552752,0.182162,2.51698,0.457876,1.42272,0,0.0783796,0.108015,0.0836025,2.87259
243.205804989,0.0532321,0.0969014,0.334658,0.204357,2.19839,0.0145514,1.35917,0,0.0384088,0.377467,0.0495175,2.8751
243.252244898,0.168278,0.0345731,0.197368,0.225207,2.33387,0.231996,1.11058,0.00576188,0.0486844,0.371755,0.184797,2.89622
243.298684807,0.239374,0.000376057,0.0466234,0.209236,2.66529,0.0963312,0.890684,0.0886867,0.0948931,0.458807,0.000106686,2.67832
243.345124717,0.401647,0.643473,0.00659983,0.223988,2.77001,0.00511954,0.398048,0.093014,0.302517,0.538655,0.00270119,2.3988
243.391564626,0.324109,1.46783,0.00600576,0.175704,2.73673,0.042515,0.233321,0.0465332,0.536688,0.540293,0.00389694,1.9947
243.438004535,0.216047,1.96635,0.00579507,0.0156612,2.66383,0.0665157,0.234073,0.00925112,0.733045,0.45737,0.00255893,1.91444
243.484444444,0.111082,2.12102,0.00195705,0.014455,2.56422,0.264702,0.310551,0.556334,0.505498,0.385431,0.000154739,2.00774
243.530884354,0.117181,2.20892,0.000616456,0.00644282,2.47397,0.208702,0.354125,1.35537,0.238499,0.0340314,0,2.13926
243.577324263,0.318464,1.60077,0.0574402,0.0574368,2.25161,0.0294531,0.233959,2.02543,0,0.00909674,0,2.32147
243.623764172,0.417863,0.940651,0.106524,0.0958844,2.1888,0.0192034,0.177529,2.12697,0,0.0158789,0,2.35909
243.670204082,0.419821,0.690564,0.068389,0.19751,2.20465,0.0121362,0.221053,1.99545,0.0515156,0.0500174,0,2.59176
243.716643991,0.485879,0.573121,0.0352721,0.158616,2.41793,0,0.39006,1.40782,1.07724,0.0590761,0,2.61969
243.763083900,0.423001,0.617484,0.00380166,0.149762,2.58181,0,0.698733,0.553666,1.77175,0.0960619,0.00747485,2.52977
243.809523810,0.262238,0.487458,0,0.151757,2.74651,0,0.823781,0.216711,1.89437,0.121343,0.300535,2.38674
243.855963719,0.247871,0.431579,0,0.160726,2.78426,0,1.01511,0.373475,1.641,0.139886,0.312075,2.30448
243.902403628,0.125118,0.331904,0,0.135078,2.35071,0.00463733,1.48307,0.454778,1.4609,0.0812722,0.192313,2.45662
243.948843537,0.113107,0.19132,0,0.124266,1.89176,0.0179754,1.76521,0.245463,1.20008,0.159881,0.203792,2.70963
243.995283447,0.101935,0.0524139,0.0332424,0.149276,1.86593,0.0214442,1.73856,0.0729678,0.788644,0.117007,0.354939,2.60186
244.041723356,0.356446,0.00102127,0,0.141193,2.00883,0.0111579,1.64163,0.1834,0.463961,0.22707,0.284635,2.14134
244.088163265,0.15465,0.35393,0.366814,0.09433,2.57641,0.0162874,1.06857,0.324507,0.137337,0.938237,0.12747,1.86182
244.134603175,0.102438,0.979456,0.659964,0,2.92882,0.0210355,0.444019,0.202655,0.29158,2.03416,0.0644349,1.40131
244.181043084,0.186081,1.47273,0.561534,0,3.06066,0.00302083,0.153187,0.147646,0.230698,2.56602,0.0138556,0.959397
244.227482993,0.0760716,1.58158,0.434033,0.00998383,3.1852,0.0184116,0.136773,0.0486963,0.167976,2.93624,0.000886102,1.01617
244.273922902,0.000243878,1.37022,0.850996,0.0138127,3.18567,0.0224905,0.154585,0.00299165,0.190534,2.99126,0,1.23814
244.320362812,0.0328838,1.07132,1.05358,0.0122686,3.1951,0,0.130781,0.0194048,0.123443,2.82777,0.0877183,1.20262
244.366802721,0,0.561145,1.02669,0.0474618,3.06558,0,0,0.118196,0.0390191,2.66505,0.0934129,1.26995
244.413242630,0.101653,0.182992,0.965829,0.013241,3.18298,0.0278113,0.000595726,0.286697,0.277922,2.55073,0.0498585,1.2607
244.459682540,0.0695216,0.000970333,0.70426,0.0438829,3.39411,0.0295998,0.0212983,0.21882,0.205594,2.34297,0,1.4214
244.506122449,0.0593641,0.0837088,0.546767,0.0185665,3.09662,0.313756,0.510466,0.0313502,0.293858,2.2201,0.112687,1.68906
244.552562358,0.046206,0.0784025,1.26601,0.0526003,2.67827,0.352357,0.877945,0.00500207,0.235811,2.43641,0.00586223,1.34261
244.599002268,0.000575949,0.0610327,1.56512,0.00172763,2.35226,0.311569,1.12606,0.00723209,0.0630752,2.58667,0.01681,1.22584
244.645442177,0.000400662,0.0326364,1.62873,0,2.3805,0.297325,1.13703,0.00879565,0.00468905,2.69492,0.0381028,1.46707
244.691882086,0.000315123,0.00325107,1.65001,0,2.41835,0.264743,1.15882,0.00896464,0.00599408,2.68776,0.0624131,1.56154
244.738321995,0.0004527,0.132882,1.73131,0,2.42492,0.0196071,1.34448,0.00727758,0.00906458,2.76654,0,1.46194
244.784761905,0.000527539,0.166199,1.67948,0,2.30237,0.0188412,1.35892,0.00657041,0.00367326,2.86551,0,1.23027
244.831201814,0.0429749,0.210076,2.07262,0.0090438,2.28958,0.0121745,1.14752,0.00703474,0,2.82962,0,1.21476
244.877641723,0.0701066,0.541871,2.4498,0.0126403,1.75713,0.0040862,1.04082,0.00593781,0,2.80002,0,1.20422
244.924081633,0.0534893,0.753179,2.74727,0.0190329,1.08692,0.00799655,1.02871,0.00603489,0,2.82421,0,1.26127
244.970521542,0,0.801077,2.87446,0.0184753,0.983586,0.0232152,1.05268,0.00737222,0,2.83054,0,1.22618
245.016961451,0,0.66291,2.83052,0.000280944,0.943118,0.0227508,1.06143,0.214558,0,2.88589,0.0217412,0.942724
245.063401361,0.238172,0.952645,2.74257,0.0116743,0.892073,0.00922396,1.26432,0.370408,0.084547,2.60764,0.00439671,0.82244
245.109841270,0.592436,1.57204,2.29099,0,0.901997,0.0306815,1.59864,0.350602,0.251476,2.08677,0,0.915982
245.156281179,0.485052,1.9527,2.05912,0.0124896,1.12074,0.0658598,1.86775,0.183278,0.611603,1.60722,0.00439955,0.982011
245.202721088,0.627853,1.05505,2.51419,0,0.72743,0.0240026,1.85643,0.0739996,0.65477,1.09169,0,1.3436
245.249160998,0.619079,0.00879633,2.67276,0.0637174,0.117839,0.106977,1.36701,0.0852262,0.394656,0.546602,0.142076,1.95597
245.295600907,0.502688,0,2.46469,0.344145,0,0.102428,1.2857,0.13869,0.0362036,0.315612,0.314691,2.09829
245.342040816,0.143556,0,2.30979,0.325473,1.02933,0.0812065,1.40583,0.160418,0.0359404,0.160037,0.352566,2.21844
245.388480726,0.111511,0,1.98507,0.32044,2.42496,0,1.29883,0.11653,0.024026,0.221509,0.27557,2.29691
245.434920635,0.127161,0,1.76577,0.189383,2.90874,0,1.26935,0.0674649,0.0201758,0.38033,0.145738,2.3799
245.481360544,0.0259002,0,1.72707,0.051015,2.79568,0.18978,1.33065,0,0.0286235,0.419378,0.0181702,2.77662
245.527800454,0.000701917,0.011192,1.54078,0.0540493,2.74948,0.025326,1.32532,0.040424,0.0289533,0.442381,0.000117596,2.96057
245.574240363,0.00085811,0.660958,1.47275,0.0597092,2.28829,0.072813,1.31425,0.39439,0.148372,0.321061,0.0176992,2.6435
245.620680272,0.0159941,1.15861,1.47772,0.269778,1.34477,0.108119,1.03754,0.577609,0.421564,0.00795436,0.00964678,2.18876
245.667120181,0.161154,1.67253,1.48772,0.512708,0.401891,0.120012,0.844063,0.408351,0.569637,0.000800292,0.022954,2.24612
245.713560091,0.151096,1.94127,1.48875,0.458063,0.0220037,0.118678,0.776717,0.269445,0.596736,0.0927467,0.0797022,2.47121
245.760000000,0.115251,1.913,1.52519,0.00901383,0.231192,0.113988,1.30463,0.0569791,0.628546,0.0883151,0.0616268,2.43438
245.806439909,0.00018962,1.76272,1.69682,0.0229685,0.390147,0.109299,1.602,0.0259081,0.651184,0,0.0319751,2.46142
245.852879819,0.0973147,1.62669,1.68254,0.0503507,0.337966,0.0907302,1.76918,0.066109,0.658498,0,0.00205688,2.55146
245.899319728,0.113758,1.71,1.72771,0.0237291,0.4961,0.0992787,1.77074,0,0.600648,0,0.000155754,2.47606
245.945759637,0.0378811,1.87758,1.79863,0.00643313,0.345097,0.0933799,1.86894,0,0.576996,0.230285,0.0323272,2.26329
245.992199546,0.0449546,2.23635,1.38716,0.140864,0.0147223,0.0936214,1.93983,0.0880149,0.507137,0.737676,0.0829507,1.67307
246.038639456,0.0784427,2.43931,1.08383,0.432756,0.106588,0.273876,1.81277,0.068226,0.363183,1.19233,0.17544,0.727131
246.085079365,0.0642243,2.47585,1.56898,0.0239146,0.806407,0.417616,1.5261,0,0.25211,1.29746,0.252875,0.284919
246.131519274,0.0587738,2.71093,1.63619,0.00137337,1.84595,0.416653,0.102739,0.0390564,0.819123,1.49883,0.274641,0.352168
246.177959184,0.0086403,2.36783,1.64714,0.000857976,2.23988,0.266627,0,0.0743494,0.807271,1.63792,0.369229,0.450654
246.224399093,0.000109827,2.12293,1.49777,0,2.42351,0.0101577,0,0.22229,0.859757,1.39033,0.301105,0.612031
246.270839002,0.000310341,1.67398,1.55022,0.157531,2.15233,0.0269364,0,0.195689,0.989527,1.19949,0.114827,0.999762
246.317278912,0.000292231,1.79958,1.52568,0.306779,1.37393,0.0871964,0.922834,0.231732,0.450005,1.27922,0.238952,0.710028
246.363718821,0.0189151,2.52648,1.50304,0.52148,0.653238,0.0840092,0.695359,0.280448,0.374018,1.22235,0.54118,0.186325
246.410158730,0.000230737,2.85223,1.67005,0.501454,0.22149,0.0927644,0.645081,0.151513,0.395508,1.06281,0.578705,0.102664
246.456598639,0.000245371,2.90824,1.5242,0.133143,0.0881628,0.0822707,1.01781,0.182938,0.683608,1.05869,0.280667,0.0473524
246.503038549,0.000188291,3.02702,1.38374,0.0322782,0.0285114,0.10411,0.988533,0.306397,1.55348,0.755926,0,0.0130044
246.549478458,0,2.96154,1.44234,0.00907508,0.0250011,0.130995,1.00532,0.347836,1.66477,0.588782,0.0123629,0.207623
246.595918367,0,2.69046,1.73441,0.220955,0.0146024,0.0849857,0.880984,0.192345,1.74667,0.583055,0.000424582,0.643439
246.642358277,0,2.51447,1.96426,0.251023,0.0171351,0.100807,0.86035,0.201347,1.76526,0.956631,0.000377835,1.05558
246.688798186,0,2.68207,2.00955,0.0374615,0.0946755,0.0880921,1.11982,0.091444,1.48284,1.54259,0.000203208,0.867748
246.735238095,0.0644988,2.81684,1.75118,0,0.111791,0.0506978,1.13721,0.138963,1.00911,2.11838,0.00937912,0.45595
246.781678005,0.112587,2.82482,1.64006,0.269017,0.122436,0.27861,0.955949,0.180538,0.934408,2.30582,0.0277172,0.305138
246.828117914,0.085467,2.77559,1.71677,0.00032142,0.126438,0.291466,0.981402,0.152413,0.916826,2.3596,0.0352696,0.255281
246.874557823,0.0896361,2.6623,1.83473,0,0.513309,0.155449,1.15981,0.082534,1.25013,2.25181,0.0327179,0.255475
246.920997732,0.0975756,2.58264,1.8447,0.0134737,1.10361,0,0.914852,0.0764481,1.87661,1.66253,0.0712972,0.430671
246.967437642,0.0258574,2.38752,1.66624,0.226411,1.79073,0,0.400456,0.173762,1.999,0.861814,0.19727,0.306461
247.013877551,0.0382046,1.91182,1.72493,0.144279,1.82139,0,0.317287,0.122956,2.11228,0.919889,0.28943,0.0942602
247.060317460,0.0539457,0.768577,1.76793,0.151124,1.01264,0,0.67155,0.14693,1.89259,1.54041,0.212364,0
247.106757370,0.270839,0.513973,2.13159,0.183349,0.510974,0.140206,1.52792,0.122514,1.29985,1.89628,0.0542953,0.0538232
247.153197279,0.253265,1.21987,2.14557,0.24693,0.487707,0.223754,1.77133,0.0482411,0.263039,2.63465,0.00296786,0.288732
247.199637188,0.138821,1.44566,2.09481,0.101133,0.70464,0.202633,1.68384,0.0105814,0.0820366,2.86985,0.00143521,0.467868
247.246077098,0,1.55754,1.91822,0.012298,0.845274,0.144921,1.63055,0.00863391,0.0293876,3.19247,0.0233873,0.429119
247.292517007,0,1.34075,1.75285,0.0147432,1.25758,0.117703,1.44723,0.00560498,0.00315234,3.46759,0.107128,0.305069
247.338956916,0,1.00917,1.66705,0.011532,1.59813,0.00460717,1.12905,0.0071861,0.0309952,3.47222,0.134446,0.0972141
247.385396825,0,0.915783,1.64546,0.0193926,1.69723,0.0343273,0.563612,0.0154327,0.081106,3.49241,0.0970966,0.16937
247.431836735,0,1.34075,1.6511,0.00721654,1.68815,0.0144468,0.292659,0.039196,0.00689084,3.57529,0,0.000476549
247.478276644,0.0462616,1.73415,1.54216,0,1.64353,0.0514415,0.498819,0.0497652,0,3.42728,0.114732,0.025125
247.524716553,0.113545,1.90169,1.39163,0,1.90011,0.211617,0.853423,0.0207957,0.223005,2.70154,0.217137,0.0509745
247.571156463,0.0574806,2.34752,1.06278,0,1.75526,0.322921,1.01255,0.00901543,0.105661,2.90583,0.252844,0.101227
247.617596372,0.0474266,2.68115,0.583021,0,1.86798,0.314244,1.07821,0.00742205,0.015691,3.26986,0.29216,0.131028
247.664036281,0.0403945,2.84849,0.0991438,0,2.02452,0.31624,0.953663,0.00500157,0.0530621,3.42705,0.195545,0.203853
247.710476190,0.000252108,3.08507,0.000850983,0,2.0437,0.267273,0.718746,0.0212787,0.0820666,3.33204,0.199794,0.308371
247.756916100,0.0107747,2.98909,0.00244472,0.00263078,1.96988,0,0.824468,0.0497745,0.113141,3.32842,0.173067,0.219923
247.803356009,0.0175071,2.93297,0.0032758,0.0180787,1.95345,0,0.937978,0.0334766,0.144166,3.13612,0.173687,0.132161
247.849795918,0.025533,2.85309,0.00447804,0.0188233,1.98047,0.00952642,1.03889,0.0147404,0.0460277,2.936,0.388479,0.103221
247.896235828,0.00437981,2.64826,0.00411414,0.00998719,1.82566,0.141411,1.08218,0.0137963,0.0678556,3.01852,0.302313,0.118746
247.942675737,0.000403158,2.64088,0.00155279,0,1.83955,0.155431,0.947264,0.0244648,0.0605708,3.05566,0.0389021,0.240505
247.989115646,0.000569469,2.59629,8.67331e-05,0,1.7658,0.0610672,0.86076,0.0263073,0.0022648,3.39443,0,0.318143
248.035555556,0.000798249,2.37394,0.000294944,0,1.65341,0.00856549,0.814908,0.0617753,0,3.58644,0,0.323283
248.081995465,0.112285,2.11403,0.092424,0,1.58643,0,0.805727,0.187313,0,3.61612,0.0034477,0.284086
248.128435374,0.296679,2.023,0.103591,0,1.96648,0,0.772599,0.225572,0.0204222,3.47271,0.00764185,0.305045
248.174875283,0.556189,1.80198,0.00259609,0,2.43022,0,1.00849,0.172675,0.521961,3.07353,0.00155168,0.15266
248.221315193,0.615941,2.03798,0.000613317,0.167291,2.73546,0.0285839,1.07498,0.00755132,1.12661,2.41891,0,0.0569665
248.267755102,0.487485,2.14928,0.00900869,0.338848,2.76201,0.131202,0.994243,0.00196213,1.32843,1.57205,0.0567501,0.0565413
248.314195011,0.268065,2.29601,0.118156,0.358983,2.41073,0.40601,1.22373,0,1.15126,1.04302,0.399614,0.0879154
248.360634921,0.174599,2.36195,0.289104,0.291837,2.02623,0.451956,1.57547,0,0.626621,0.88057,0.419827,0.10337
248.407074830,0.166968,2.1354,0.393293,0.0131569,1.40918,0.256905,2.6174,0,0.0162188,1.77859,0.299434,0.111393
248.453514739,0.142121,2.09749,0.137326,0.00489515,1.28789,0.0132486,3.15772,0,0.0180824,1.94172,0.233479,0.0831756
248.499954649,0.0711084,2.21188,0.0147516,0,1.54334,0,3.40995,0,0.0255803,1.96884,0.496713,0.0302949
248.546394558,0.0145226,1.56641,0.0533278,0.175708,1.66225,0,3.13462,0.274162,0.0673011,1.1546,0.607123,1.13833
248.592834467,0.325704,1.4645,0.161108,0.46937,1.73108,0.107277,2.5771,0.421976,0.0239122,0.222743,0.0890701,2.02057
248.639274376,0.603301,1.20713,0.178978,0.468613,1.88289,0.161035,2.09947,0.37731,0.026994,0.217795,0,2.6562
248.685714286,0.577107,1.09283,0.176084,0.42243,2.05846,0,1.81554,0.292187,0.0721334,0.138078,0,2.92518
248.732154195,0.452372,1.18146,0.0997915,0.319639,2.21536,0,1.62276,0.170177,0.0685875,0.0441063,0,2.86246
248.778594104,0.488698,1.28576,0.00134579,0.117237,2.26136,0,1.64151,0.0590036,0.0273131,0.0076058,0,2.75414
248.825034014,0.441495,1.30814,0.00231433,0.116958,2.02168,0.0104772,1.83779,0,0,0.278367,0.0307583,2.70045
248.871473923,0.326752,1.32038,0,0.152221,1.79294,0.106885,2.1552,0.0208576,0,0.483182,0.0261461,2.69088
248.917913832,0.0720486,1.75131,0,0.177191,1.78797,2.54956e-05,2.00124,0.0572666,0,0.344631,0.218843,2.67202
248.964353741,0,1.65095,0.301604,0.315348,1.66126,0.0375018,1.92641,0,0,0.157875,0.316691,3.00887
249.010793651,0.0212017,0.955603,0.285208,0.478924,1.61816,0.0463709,1.43073,0,0.0671807,0.168204,0.378729,3.34969
249.057233560,0.0553978,0.368115,0.164596,0.196695,2.1736,0.0643941,0.770261,0,0.326793,0.207434,0.415283,3.24043
249.103673469,0.0832733,0.0273545,0.115085,0.131288,2.67689,0.247123,0.818545,0,0.263748,0.130805,0.438029,3.04536
249.150113379,0.0774557,0.00099404,0.163183,0.177301,2.76631,0.226605,1.01237,0,0.163415,0.074544,0.469235,3.04183
249.196553288,0.0690918,0.000577115,0.240763,0.278493,2.8196,0.0697745,1.08883,0.000680328,0.208764,0.0579177,0.243764,2.90827
249.242993197,0,0,0.124408,0.34793,2.97613,0.0131125,1.1042,0.381191,0.355313,0.0732548,0.0883296,2.70139
249.289433107,0.000365666,0.0422143,0.157397,0.208696,3.26642,0,1.01006,0.0825914,0.271429,0.128632,0.0437551,3.21961
249.335873016,0.000438454,0.0237413,0.179746,0.214252,3.22372,0.16566,0.914029,0.0445636,0.177119,0.171413,0,3.3962
249.382312925,0.0003919,0.0184092,0.240768,0.212153,3.05884,0.300639,0.710306,0,0.0809713,0.134318,0,3.391
249.428752834,0.000269468,0,0.197068,0.232646,3.0259,0.137692,0.724168,0,0.0696335,0.124443,0.214436,3.30589
249.475192744,0.000279525,0,0.0525974,0.195593,2.93671,0.011081,0.685414,0.251353,0.0461177,0.14382,0.249207,3.27407
249.521632653,0.143283,0.000332118,0,0.161555,2.74407,0.107549,0.613057,1.05179,0,0.159989,0.119834,3.23309
249.568072562,0.577787,0.000682414,0.177664,0.174552,2.44427,0.0473247,0.590722,1.50639,0,0.155435,0.0289005,3.12883
249.614512472,0.635669,0.00100641,0.281108,0.200639,2.23715,0,0.497023,1.75323,0,0.130478,0.00396535,3.15662
249.660952381,0.57328,0.00121051,0.109022,0.213553,2.33602,0,0.422491,1.63416,0.143072,0.0706154,0,3.21358
249.707392290,0.532177,0.00157478,0.00492022,0.177935,2.49099,0,0.413582,1.14449,0.661629,0.0131127,0,3.0972
249.753832200,0.51339,0.00178386,0.00682841,0.161799,2.58205,0.0361103,0.696908,0.363288,1.46676,0.0126552,0.00123721,2.85334
249.800272109,0.525859,0.00154584,0.037443,0.139774,2.70335,0.023651,0.818674,0.0839401,1.64514,0.023145,0.00107025,2.73507
249.846712018,0.35292,0.000251264,0.0117675,0.119863,2.72635,0,0.939351,0.25819,1.35207,0.0860724,0.0170104,2.8045
249.893151927,0.145454,0,0.01252,0.138777,2.48037,0,1.36096,0.235168,1.28556,0.00700706,0.0579231,3.0272
249.939591837,0.0381937,0.0519547,0.0275692,0.14438,2.3042,0,1.8452,0.0971813,1.32317,0.000373634,0.0939713,2.89591
249.986031746,0,0.303039,0.0199502,0.157177,2.27781,0.104402,1.68571,0.311649,0.917905,0.0242357,0.0886591,2.64588
250.032471655,0.0476572,0.177571,0.00390102,0.252484,2.15363,0.286987,1.52523,0.191423,0.746168,0.0217568,0.281292,2.79308
250.078911565,0.121494,0.0917653,0.464188,0.691607,2.46462,0.287751,1.01944,0.464387,0.370494,0.022348,0.000981172,2.88805
250.125351474,0.297359,0.0126277,0.91212,0.599112,3.04707,0.150751,0.549227,0.543991,0.120929,0.00353961,0,3.00343
250.171791383,0.474787,0.0855723,1.08117,0.568378,3.19979,0,0.179742,0.507065,0.0806603,5.03665e-05,0,3.09022
250.218231293,0.506745,0.0389989,1.05734,0.484065,3.23156,0,0.376037,0.453861,0.0817362,0.0638672,0,3.14934
250.264671202,0.310794,0,1.00579,0.166708,3.24711,0,0.533118,0.184424,0.177701,0.119785,0.080563,3.21663
250.311111111,0.0136161,0,1.08893,0.0812906,3.17226,0.140035,0.30325,0,0.276978,0.143681,0.0705244,3.23711
250.357551020,0.000185639,0.00129913,1.16,0.124238,3.18292,0.305092,0.251951,0.136341,0.156994,0.121707,0,3.2752
250.403990930,0.000165402,0.00331722,1.09598,0.151077,3.32644,0.000204456,0.55156,0.227883,0.140648,0.0711376,0.0503898,3.04369
250.450430839,0.000235584,0.00110055,0.911971,0.148456,3.58178,0.0196504,0.628174,0.120978,0.333081,0,0.0672631,2.81268
250.496870748,0.000146586,0,0.612868,0.281388,3.55852,0.0166403,0.515405,0.000261754,0.938311,0,0.0870744,2.69592
250.543310658,0.179344,0,0.360255,0.408866,3.28873,0.462818,0.448887,0.000940457,1.32692,0,0.0552384,2.63327
250.589750567,0.36842,0.0264138,0.329839,0.268734,3.43616,0.425324,0.360317,0,1.33403,0.0156443,0.0311151,2.58597
250.636190476,0.593203,0.0433556,0.399287,0.29202,3.32024,0.623855,0.246363,0,1.29757,0.055207,0,2.86107
250.682630385,0.191178,0.0176304,1.06154,0.235107,3.09998,0.649908,0.182745,0.189752,1.05544,0,0.0237128,2.93518
250.729070295,0.184038,0.105648,1.00268,0,2.91597,0.00812751,0.464811,0.0721843,0.57913,0,0.0714923,2.56688
250.775510204,0.505989,0.0296625,0.752642,0,2.58032,0.0354927,0.647199,0.269512,0.593072,0,0.161764,2.30825
250.821950113,0.511587,0.618679,1.13177,0.510123,2.39484,0.024527,0.854171,0.158592,0.312361,0.0983204,0.209463,1.69024
250.868390023,0.521806,0.845399,1.85115,0.935211,1.8061,0.0264773,0.755306,0.218033,0.0243061,0.316336,0.618946,1.3657
250.914829932,0.616473,0.682356,2.45249,0.999646,0.805496,0.0227519,0.5797,0.366062,0.0133356,0.357281,0.700324,1.25971
250.961269841,0.694916,0.489082,2.63303,0.938871,0.398908,0.0983362,0.469877,0.339861,0.0144353,0.371313,0.623399,1.25027
251.007709751,0.746171,0.26452,2.48182,0.644272,0.3128,0.105902,0.915675,0.201373,0.16708,0.433123,0.771235,1.24531
251.054149660,0.586701,1.38125,1.74038,0.499197,0.822709,0.110821,0.854817,0.246997,0.337685,0.353217,0.885098,0.842249
251.100589569,0.141604,2.39894,0.557553,0.527086,0.940882,0.108739,0.485532,0.0799853,0.568535,0.237779,1.05698,0.708671
251.147029478,0.000420374,2.73041,0.278327,0.412434,1.04892,0.179834,0.271411,0.327584,0.699821,0.0862401,1.15288,0.621223
251.193469388,0.000239982,2.73477,0.234154,0.599656,1.15247,0.0381246,0.17237,0.405057,0.814972,0.171561,0.891011,1.11145
251.239909297,0.0518941,2.04683,0.264489,0.832851,0.983539,0.0155536,0.291108,0.178093,0.919825,0.875276,0.558957,2.08781
251.286349206,0.0777949,1.11079,0.316627,0.834336,1.03393,0.0176789,0.463041,0.126797,0.898949,0.804249,0.566706,2.53207
251.332789116,0,0.919688,0.330002,0.830119,1.30058,0.245422,0.26596,0.0863239,0.682226,0.700241,0.456815,2.72241
251.379229025,0,1.28603,0.288343,0.777216,1.384,0.139333,0.232677,0,0.575216,0.497273,0.4136,2.82975
251.425668934,0,1.61335,0.212264,0.994691,1.61542,0.128469,0.281978,0,0.593501,0.13252,0.654764,2.83384
251.472108844,0.0001247,1.06554,0.176682,0.886912,1.63242,0.259325,0.367255,0,0.724765,0.092226,0.944463,2.9574
251.518548753,0.000108547,0.829068,0.121109,0.673776,1.58781,0.369977,0.405719,0.0584965,0.568989,0.144713,0.861851,3.02854
251.564988662,0.000267085,0.73713,0.118169,0.197101,1.67087,0.285104,0.255936,0.0658857,0.519196,0.136783,0.669865,2.94299
251.611428571,0.000302819,0.787087,0.240352,0.192117,1.63575,0.177271,0.334066,0.0692645,0.693791,0.265119,0.767309,2.68511
251.657868481,0.00021431,0.77161,0.567248,0.199905,1.3961,0.113774,0.327267,0.0921226,0.731903,0.260551,0.726402,2.66553
251.704308390,8.07834e-05,0.46755,1.00823,0.206089,0.860299,0,0.23481,0.107187,0.783875,0.271593,0.740301,2.86018
251.750748299,5.03425e-05,0.331422,0.884767,0.205098,0.487907,0,0.196128,0.105385,0.465376,0.360357,0.77578,3.16051
251.797188209,0.0161642,0.228263,0.426381,0.324477,0.673406,0,0.319375,0.112564,0.0890453,0.434238,0.863726,3.17456
251.843628118,0.0414155,0.336221,0.230045,0.573469,0.953909,0.306674,0.449708,0.1698,0.0552125,0.305014,0.582025,3.02289
251.890068027,0,0.493091,0.279943,0.480426,0.738473,0.206751,0.408354,0.308989,0.29155,0.705394,0.231273,2.86027
251.936507937,0,0.633798,0.350163,0.350761,0.484222,0.208086,0.39382,0.496905,0.391599,1.02358,0.213294,2.80134
251.982947846,0.0700202,0.587706,0.466637,0.271299,0.25339,0.510621,0.236342,0.594393,0.392397,1.20574,0,2.90583
252.029387755,0.191964,0.27286,0.697527,0.222161,0.216252,0.260092,0.294129,0.377016,0.383016,1.05238,0.0286314,3.1734
252.075827664,0.218626,0.592313,0.805147,0.473018,0.689851,0.018662,0.371443,0.0713277,0.464712,0.319545,0.0919957,3.05614
252.122267574,0.339514,0.888474,0.0615144,0.330936,1.39997,0.646818,0.0869759,0.0675139,0.476031,0.174473,0.258922,2.21806
252.168707483,0.711196,0.559869,0,0.0511075,1.39331,0.73884,0.00698185,0.253181,0.45334,0.513422,0.31837,1.54018
252.215147392,0.000415437,0.681694,0.180472,0.0376953,1.12837,1.16282,0,0.376267,0.28182,1.05291,0.12242,1.55135
252.261587302,0.000422433,0.664211,0.231669,0.426913,0.728808,1.28047,0.032877,0.443055,0.383823,1.14345,0.0873115,1.29664
252.308027211,0.40732,0.465235,0.0631084,0.606719,0.676619,1.55221,0.00583071,0.594714,1.10562,0.683952,0.150268,1.30304
252.354467120,0.781064,0.564715,0.022434,0.356141,0.779019,1.62616,0.0207172,0.782991,1.16887,0.526445,0.173076,0.630274
252.400907029,0.95727,0.949105,0,0.285852,0.988048,1.0001,0.0753286,0.888478,0.766397,0.444853,0.68124,0.153732
252.447346939,0.931463,1.2965,0.0737283,0.564905,0.786252,0.575898,0.0524933,0.630249,0.894351,0.0756313,1.24289,0.185519
252.493786848,0.492841,1.76316,0.622194,0.443721,0.410889,1.00096,0.179702,0.535032,1.04969,0.00219638,1.30856,0.301252
252.540226757,0.181711,1.82499,0.466589,0.147594,0.376944,1.35339,0.145245,0.0929431,1.19297,0.00120825,1.3124,0.318561
252.586666667,0.139719,1.41224,0.103657,0.703724,0.609737,1.2999,0.175571,0.0734772,1.18415,0,0.941253,0.093496
252.633106576,0.189707,0.823593,0.102801,0.863609,0.772728,1.16403,0.0655074,0.184244,1.09365,0.0958528,0.747204,0.238067
252.679546485,0.195335,0.705324,0,0.85045,0.517221,1.08324,0.00536056,0.490967,0.581574,0.195883,0.726098,0.544336
252.725986395,0.210786,0.542803,0,1.03292,0.978196,0.807267,0,0.544857,0.210927,0.204653,0.71108,0.796169
252.772426304,0.260705,0.565812,0,1.25939,1.47128,0.506381,0.136076,0.520982,0.4116,0.710235,0.385481,0.779991
252.818866213,0.454079,0.668558,0,1.19438,1.59887,0.528444,0.188046,0.873687,0.438886,0.950214,0.247181,0.487326
252.865306122,0.817007,0.737546,0.000757429,1.11051,1.06332,0.851203,0.0158157,0.814073,0.643128,1.05536,0.237144,0.53154
252.911746032,0.606648,0.595446,0.000370652,0.928568,0.78013,0.927268,0,1.03715,0.382062,1.08698,0.403709,0.318336
252.958185941,0.0787671,0.438855,0.197606,0.989572,0.756203,0.981169,0,0.724358,0.2793,1.10566,0.785144,0.379461
253.004625850,0.000593279,0.78455,0.0177158,1.21911,0.875104,0.828024,0.00942336,0.570781,0.311337,1.20438,1.17696,0.382475
253.051065760,0.129748,1.13117,0.0207098,1.30401,1.17143,0.519982,0.0633268,0.454307,0.224357,0.93662,1.66642,0.42918
253.097505669,0.373682,1.1089,0.389448,1.34342,1.60142,0.403149,0.0754108,0.0894531,0.220769,0.184643,1.69171,0.49305
253.143945578,0.59108,0.825241,0.469725,1.34165,1.52724,0.501467,0.0101963,0.207803,0.345214,0.366358,1.03032,0.697339
253.190385488,0.586143,0.477511,0.193975,1.21649,0.729227,1.17647,0,0.700619,0.738548,0.984344,0.317634,1.02405
253.236825397,0.241006,0.940561,0.243676,0.632698,0.132622,1.6306,0,1.04321,0.529343,0.704085,0.712609,1.36817
253.283265306,1.42249e-05,1.31877,0.276477,0.256311,0.361358,1.49738,0,0.994,0.122286,0.340653,1.22034,1.31378
253.329705215,0.0222158,1.07397,0.385237,0.150284,0.540714,1.45188,0.0596641,0.585711,0,0.320186,1.20666,1.09951
253.376145125,0.424866,0.32597,0.364207,0.134507,1.00323,1.03571,0.56676,0.0691015,0,0.396411,0.79778,0.923429
253.422585034,1.0639,0.0603587,0.235873,0.242421,1.79235,0.0465715,0.961041,0.0697537,0.0470244,0.278316,0.790232,0.692424
253.469024943,1.0299,0.288877,0.171744,0.272284,1.86977,0.0079397,0.36493,0.596789,0.162667,0.166727,1.07999,0.351684
253.515464853,0.694028,0.718853,0.183436,0.0368598,2.21766,0.0114912,0.012106,0.9139,0.174475,0.0647498,1.26057,0.194862
253.561904762,0.594009,0.675753,0.109818,0.461921,2.16568,0.0192505,0.00301423,0.860357,0.171605,0.592103,0.850313,0.224965
253.608344671,0.441629,0.377011,0.102424,0.633204,1.86549,0.220835,0.000334941,0.561446,0.218376,0.977618,0.326569,0.397866
253.654784580,0.367228,0.305984,0.674907,0.694002,1.19009,0.617244,0.141942,0.385497,0.0470685,1.04281,0.113892,0.771797
253.701224490,0.209408,0.675235,0.986624,0.712545,1.13317,0.8993,0.188349,0.458257,0,0.874493,0.0807761,1.1344
253.747664399,0.164864,1.2297,0.793863,0.435924,1.16389,1.10481,0.244226,0.37737,0.0227591,0.692973,0.150619,1.31095
253.794104308,0.394797,1.34275,0.430374,0.158001,1.42765,1.01242,0.312114,0.648594,0.156835,0.137932,0.510917,1.17688
253.840544218,0.581257,1.15346,0.021691,0,1.64803,0.695138,0.00704181,1.18467,0.200004,0.183763,0.744744,0.962833
253.886984127,0.597957,0.979871,0.418007,0.0217233,1.55862,1.23311,0.235971,0.848003,0.0869821,0.257865,0.642388,0.782488
253.933424036,0.171728,0.571203,1.01075,0.0141121,1.62043,1.43348,0.579145,0.331054,0.237234,0.276312,0.615306,0.600542
253.979863946,0.728482,0.35999,0.813109,0.000130307,1.53589,1.39626,0.731876,0.0497834,0.286979,0.726093,0.507265,0.438033
254.026303855,0.855127,0.300726,0.217034,0.114491,0.861239,0.944361,0.87584,0.0453036,0.411608,1.14272,0.466391,0.62812
254.072743764,0.730117,0.359763,0.0622203,0.296339,1.11846,0.32196,0.683496,0.107969,0.364517,1.17595,0.185889,0.774364
254.119183673,0.667399,0.444913,0.107208,0.266204,1.32771,0.356371,0.314566,0.151748,0.471337,1.1689,0.432187,0.821054
254.165623583,0.892062,0.280516,0.108443,0.242276,1.00588,0.276231,0.0763966,0.12742,0.37315,1.33927,0.512887,0.743819
254.212063492,1.10165,0.231461,0.0189764,0.10589,1.08195,0.392231,0.00579985,0.0555627,0.336349,1.29851,0.502881,1.04513
254.258503401,0.484316,0.290011,0.00773683,0.0947508,1.51568,0.573215,0.0141998,0.666884,0.235706,0.285698,0.934457,1.64296
254.304943311,0.0557306,0.343057,0.12559,0.000520753,1.50646,0.819245,0.0246661,0.539006,0.458655,0.146102,1.05515,1.70322
254.351383220,0.166159,0.331636,0.372849,0.00297537,1.14139,1.0191,0.0181468,0.284952,0.609998,0.244907,0.722404,1.27696
254.397823129,0.205042,0.383395,0.241105,0.113507,0.810909,1.17448,0,0.19098,0.45649,0.942865,0.410276,0.874986
254.444263039,0.207422,0.406213,0.0336187,0.293678,0.916249,1.29524,0,0.303641,0.213443,1.10141,0.507469,0.811505
254.490702948,0.328223,0.788191,0.000699816,0.448949,0.910398,1.54197,0.00116325,0.248516,0.0681428,1.08708,0.574848,0.966336
254.537142857,0.746296,1.0667,0.120614,0.197204,0.978344,1.62104,0,0.332591,0.125586,0.804261,0.952023,0.979482
254.583582766,1.05789,1.11796,0.120959,0.060253,1.05323,0.957793,0,1.01447,0.267479,0.739564,1.01379,0.750936
254.630022676,1.1513,0.891952,0.19654,0.0666402,0.988696,0.925522,0,0.78184,0.223448,0.969163,0.826498,0.607817
254.676462585,1.24399,0.652128,0.00916135,0.193171,0.813725,1.01033,0.00777492,0.354232,0.547925,1.25005,0.656834,0.525315
254.722902494,0.646034,0.781215,0,0.309343,0.68857,0.624436,0.0105258,0.421185,0.487728,1.51616,1.22991,0.624016
254.769342404,0.340508,1.07052,0,0.359165,0.5832,0.488063,0.129505,0.575965,0.380161,1.39905,1.42998,0.704612
254.815782313,0.0398886,1.35466,0.0414007,0.318904,0.427571,0.577446,0.246155,0.764642,0.307978,1.17973,1.38223,0.687499
254.862222222,0.337039,1.48156,0.136743,0.404927,0.900248,0.686119,0.032128,0.57221,0.108548,1.00928,1.27112,0.552405
254.908662132,0.821055,0.953262,0.461917,0.528551,1.33512,0.718939,0.0147574,0.380165,0.418763,0.376736,1.02397,0.373081
254.955102041,1.04429,0.322976,0.670992,0.368019,1.23055,0.647093,0.0290453,0.812284,0.532894,0.229386,0.697784,0.29588
255.001541950,0.932836,0.329132,0.673608,0.799343,1.07273,0.480866,0.214925,1.43286,0.339674,0.191628,0.640951,0.331133
255.047981859,0.437685,0.342099,0.883446,0.775933,1.25471,0.296827,0.235082,1.19643,0.685716,0.176998,0.733693,0.341026
255.094421769,0.0527224,0.700424,0.864879,0.495556,1.37076,0.465827,0.0878832,0.618461,1.18992,0.535855,0.391062,0.507706
255.140861678,0.00637883,1.09417,0.523166,0.564645,1.21381,0.797823,0.126719,0.195972,1.41759,0.648176,0.224353,0.516814
255.187301587,0.642385,0.843425,0.169335,0.537408,1.298,0.505381,0.140489,0,1.56228,0.588347,0.217107,0.631208
255.233741497,0.784391,0.992134,0.407172,0.271546,1.66281,0.0560799,0.0397925,0.158393,1.05001,0.239311,0.239856,0.738819
255.280181406,0.694367,0.8797,0.820676,0.378527,1.80654,0.138254,0.227456,0.18401,0.224461,0.218837,0.230197,0.799883
255.326621315,0.684754,0.377206,0.624649,0.458024,1.96927,0.188134,0.526144,0.113698,0.00399075,0.237002,0.631566,0.766328
255.373061224,0.34941,0.627438,0.00465955,0.679516,2.05372,0.124465,0.541204,0.0687042,0.000493965,0.262303,1.11019,0.761266
255.419501134,0.443139,0.556998,0.0643596,0.455157,1.60731,0.172273,0.897693,0.276236,0.0480706,0.0658307,1.37229,1.06516
255.465941043,0.790851,0.198376,0.981987,0,1.35695,0.226471,1.16826,0.186964,0.127265,0.00768511,0.789798,1.1549
255.512380952,0.993598,0.100133,1.05257,0.0195711,1.28772,0.529005,0.954612,0.293779,0.126977,0.436147,0.103309,0.831274
255.558820862,1.14526,0.152461,0.761162,0.0763912,1.0625,1.28503,0.540428,0.427944,0.0200508,0.747503,0.0192181,0.580164
255.605260771,1.56922,0.917224,0.1311,0.0725075,0.651503,1.41537,0.0142156,0.320407,0,0.707238,0.109373,0.509252
255.651700680,1.28828,1.17057,0.214459,0.0891782,0.641491,1.39939,0.000409317,0.352192,0.445448,0.585257,0.124981,0.425606
255.698140590,1.09883,0.741738,0.416692,0.0221247,1.00568,1.45157,0,0.302882,0.980418,0.837533,0.100684,0.395988
255.744580499,1.05708,0.58967,0.491701,0.000329313,1.06505,1.28081,0.0634609,0.121347,0.866846,1.04071,0.068791,0.474349
255.791020408,1.21362,0.652851,0.562146,0.00336536,1.09265,1.32285,0.204358,0,0.714239,1.26614,0.114803,0.559278
255.837460317,1.34473,0.524018,0.58197,0.376934,1.22111,1.30473,0.679332,0.00375404,0.88231,0.737395,0.0260999,0.839143
255.883900227,0.767938,0.62662,0.74992,0.841033,0.630451,1.01604,1.0012,0.0489248,1.05604,0.275874,0,0.959472
255.930340136,0.69229,1.04483,0.64336,0.729684,0.540572,0.374365,1.20346,0,0.981347,0.391569,0.0567679,0.616527
255.976780045,0.895998,0.656352,0.484907,0.728163,0.452351,1.06271,0.933364,0,0.451526,0.98726,0.145639,0.259527
256.023219955,0.747839,0.697035,0.282771,0.924872,0.5134,1.54313,0.685894,0,0.0913287,1.35938,0.0908081,0.420482
256.069659864,0.539641,0.867866,0.155126,0.742304,0.8216,1.54836,0.116241,0,0.343271,1.58746,0.00720867,0.502579
256.116099773,0.132435,0.747089,0.100226,0.360655,0.812208,1.62827,0.0512867,0.00445865,0.827855,1.67673,0.000318352,0.840779
256.162539683,0.0390128,0.912637,0.27795,0.303294,0.75269,1.07177,0.201556,0.137204,0.98413,1.19635,0.000152606,1.20322
256.208979592,0.150747,1.39577,0.238447,0.612949,0.92786,0.824692,0.458866,0.140156,0.399499,1.16715,0.00431564,1.06279
256.255419501,0.168433,1.32117,0.23269,0.539954,0.899429,0.909138,0.574772,0.0680895,0.730101,1.14903,0.291006,0.931927
256.301859410,0.156708,0.897141,0.365683,0.52566,0.863737,1.36533,0.831991,0.062994,0.756686,0.984065,0.00054275,1.06755
256.348299320,0.374642,0.570538,0.256068,0.713853,1.01044,1.14835,1.21324,0.0333135,0.671676,1.07682,0.00132497,0.872017
256.394739229,0.7294,0.74933,0.116945,0.729561,0.948794,0.785933,1.30598,0,0.437138,1.07047,0.0162667,0.947323
256.441179138,0.931421,0.84247,0.114998,0.39854,0.865013,0.691489,0.984788,0,0.0248122,1.22747,0.143308,0.791621
256.487619048,0.573996,0.755577,0.20617,0.376937,0.758645,0.395212,0.260513,0.475437,0,1.18274,0.21738,0.624092
256.534058957,0.32659,0.301724,0.351542,0.806318,0.304639,0.409539,0.51891,0.52347,0.0998859,1.19483,0.0158945,0.542674
256.580498866,0.28124,0.189375,0.291071,0.818255,0.26085,0.454358,0.817556,0.443082,0.431169,1.09638,0.153576,0.561451
256.626938776,0.413593,0.441322,0.249038,0.717892,0.404813,0.800301,0.346453,0.280779,0.809759,1.09812,0.410288,0.537267
256.673378685,0.377925,0.684304,0.410503,0.346121,0.817208,1.10307,0.00131986,0.0887233,1.37358,0.246931,0.80648,0.232459
256.719818594,0.399198,0.652179,0.284388,0.234779,1.00936,1.1719,0.00334522,0.107912,0.980904,0.340418,1.37045,0.273342
256.766258503,0.415898,1.01872,0.0772195,0.330283,0.563918,1.39107,0.198415,0.133331,0.45509,0.479695,1.35727,0.347701
256.812698413,0.169,1.14572,0,0.337069,0.51797,1.88936,0.0972583,0.195861,0.809367,0.737805,1.04367,0.378977
256.859138322,0.345313,0.809495,8.9935e-05,0.428043,0.541299,1.5234,0,0.265527,1.31073,0.800988,1.12891,0.514523
256.905578231,0.654261,0.642539,0.00058143,0.386867,0.954949,1.16221,0,0.486668,1.49255,0.666327,1.2987,0.476212
256.952018141,0.739071,0.813583,0,0,1.08653,1.00457,0.190914,0.23899,1.64399,0.492018,1.25199,0.607668
256.998458050,0.265407,1.0773,0.296175,0.0119425,0.982413,1.54366,0.0127996,0.188289,1.66006,0.202322,1.00517,1.06543
257.044897959,0.000623211,0.907922,0.488157,0.00957676,0.725602,1.62942,0,0.255581,1.60517,0.100032,0.72043,1.30288
257.091337868,0.00047107,0.915236,0.579963,0.056608,0.378681,1.84557,0.314021,0.174061,0.954923,0.231422,0.527003,1.38259
257.137777778,0.000371941,0.315282,0.15701,0.0783953,0.113349,2.29146,0.106903,0.0806804,0.818158,0.418358,0.664752,1.78677
257.184217687,0.0152533,0.094327,0.0653751,0.104953,0.215426,2.27882,0.122224,0.11277,0.596506,0.211406,1.22404,1.77134
257.230657596,0.336796,0.421171,0.058502,0.0449313,0.237199,1.62447,0.168253,0.11009,1.15002,0.42529,1.63359,1.3117
257.277097506,0.438346,0.481233,0.209577,0.128045,0.527469,1.54889,0.130265,0.111096,1.49872,0.5451,1.24896,0.704142
257.323537415,0.307613,0.155006,0.238222,0.633672,1.00348,1.27106,0.0915285,0.225732,1.47237,0.452131,0.724836,0.303887
257.369977324,0.359171,0.0709283,0.258765,0.911544,1.71461,0.64138,0.0335651,0.325568,0.829447,0.119063,0.907848,0.138682
257.416417234,0.144877,0.132199,0.0496627,1.27672,1.71069,0.51219,0.0675052,0.510196,0.143607,0.430304,1.00293,0.406683
257.462857143,0.369323,0.00161409,0.0707395,1.07521,1.10375,0.833597,0.0102533,0.215156,0,0.551976,0.785095,0.816246
257.509297052,0.535057,0.000531905,0.11762,0.495324,0.461897,1.70314,0.048626,0.130824,0.00700158,0.328538,0.377871,1.19229
257.555736961,0.59389,0.00039584,0.209721,0.446101,0.478149,2.00323,0.0378459,0.0213915,0.0490869,0.129144,0.0955386,1.13223
257.602176871,0.232207,0.178412,0.256695,0.569247,0.698747,1.20033,0.0282029,0.0401973,0.215201,0.26184,0.335156,0.945695
257.648616780,0,0,0,0,0,0,0,0,0,0,0,0
257.695056689,0,0,0,0,0,0,0,0,0,0,0,0
257.741496599,0,0,0,0,0,0,0,0,0,0,0,0
257.787936508,0,0,0,0,0,0,0,0,0,0,0,0
257.834376417,0,0,0,0,0,0,0,0,0,0,0,0
257.880816327,0,0,0,0,0,0,0,0,0,0,0,0
257.927256236,0,0,0,0,0,0,0,0,0,0,0,0
257.973696145,0,0,0,0,0,0,0,0,0,0,0,0
258.020136054,0,0,0,0,0,0,0,0,0,0,0,0
258.066575964,0,0,0,0,0,0,0,0,0,0,0,0
258.113015873,0,0,0,0,0,0,0,0,0,0,0,0
258.159455782,0,0,0,0,0,0,0,0,0,0,0,0
258.205895692,0,0,0,0,0,0,0,0,0,0,0,0
258.252335601,0,0,0,0,0,0,0,0,0,0,0,0
258.298775510,0,0,0,0,0,0,0,0,0,0,0,0
258.345215420,0,0,0,0,0,0,0,0,0,0,0,0
258.391655329,0,0,0,0,0,0,0,0,0,0,0,0
258.438095238,0,0,0,0,0,0,0,0,0,0,0,0
258.484535147,0,0,0,0,0,0,0,0,0,0,0,0