TIME,27.7576,30.2811,32.8045,35.3279,37.8513,40.3748,42.8982,45.4216,47.945,50.4684,52.9919,55.5153,58.0387,60.5621,63.0856,65.609,68.1324,70.6558,73.1792,75.7027,78.2261,80.7495,83.2729,85.7964,88.3198,90.8432,93.3666,95.89,98.4135,100.937,103.46,105.984,108.507,111.031,113.554,116.077,118.601,121.124,123.648,126.171,128.695,131.218,133.741,136.265,138.788,141.312,143.835,146.358,148.882,151.405,153.929,156.452,158.976,161.499,164.022,166.546,169.069,171.593,174.116,176.64,179.163,181.686,184.21,186.733,189.257,191.78,194.304,196.827,199.35,201.874,204.397,206.921,209.444,211.967,214.491,217.014,219.538,222.061,224.585,227.108,229.631,232.155,234.678,237.202,239.725,242.249,244.772,247.295,249.819,252.342,254.866,257.389,259.912,262.436,264.959,267.483,270.006,272.53,275.053,277.576,280.1,282.623,285.147,287.67,290.194,292.717,295.24,297.764,300.287,302.811,305.334,307.858,310.381,312.904,315.428,317.951,320.475,322.998,325.521,328.045,330.568,333.092,335.615,338.139,340.662,343.185,345.709,348.232,350.756,353.279,355.803,358.326,360.849,363.373,365.896,368.42,370.943,373.466,375.99,378.513,381.037,383.56,386.084,388.607,391.13,393.654,396.177,398.701,401.224,403.748,406.271,408.794,411.318,413.841,416.365,418.888,421.411,423.935,426.458,428.982,431.505,434.029,436.552,439.075,441.599,444.122,446.646,449.169,451.693,454.216,456.739,459.263,461.786,464.31,466.833,469.357,471.88,474.403,476.927,479.45,481.974
0.000000000,1500.29,1134.66,369.539,899.967,1388.51,1536.69,1008.58,511.511,1265.29,1408.86,2208.35,5066.86,7167.29,6876.31,4966.62,2548.53,1080.4,1035.35,855.662,799.055,2017.72,1723.63,264.253,1043.64,1801.14,1417.69,1033.17,467.185,1385.15,3115.8,2521.64,2214.41,3705.7,6440.2,18017.2,34980.6,40859.8,29797.2,12069.8,4544.87,4102.12,1808.7,2469.76,2881,698.869,346.967,1518.08,1769.1,827.356,403.791,826.788,1547.82,1175.01,639.801,529.383,399.559,1745.5,3207.23,4186.52,6130.94,6942.89,4414.67,1767.46,1469.34,1488.11,902.66,958.978,2057.83,1783.6,331.036,788.088,2065.68,1263.92,293.546,801.571,1127.24,2556.64,3098.31,1914.94,4001.98,9368.82,22860,44098.4,47327.4,27156.4,11074.7,5840.27,3272.64,2352.19,1585.84,1324.27,762.981,71.0938,1323.56,1634.11,347.921,444.465,1207.02,868.458,836.688,744.024,160.717,661.177,1575.94,2970.42,4715.89,5231.94,4911.96,4165.69,1959.34,836.81,1560.05,925.65,859.484,1883.49,1167.65,222.702,1417.31,2217.14,1119.33,679.529,920.541,1873.37,2463.53,2526.5,2504.6,2203.98,9302.27,22927,31990.6,30394.3,18393,6822.59,3463.69,2877.57,1714.22,1771.52,1440.42,306.928,413.186,1329.34,1351.75,299.238,383.354,1350.78,904.947,291.429,510.536,179.135,255.486,1844.42,3199.08,3659.12,4379.45,4652.48,3024.37,1493.17,1222.41,1170.8,1175.64,1001.95,1490.16,1154.82,182.046,1258.74,1906.24,650.869,273.798,1281.51,1477.74,2111.82,2578.15,1857.69,3417.1,10314.5,26473.3,37495.9,28272.4,15178.1,8051.62,3187.53
1.486077098,1662.02,1393.37,140.255,1068.02,1335.27,1632.72,1215.41,237.288,1682.77,1354.24,2106.15,6966.24,9817.14,8957.8,6311.85,2852.27,873.822,1063.9,886.815,537.719,2518.12,2419.39,57.6513,1371.04,1945.1,1302.53,1069.32,272.08,1348.99,3701.41,2401.32,1727.11,3779.17,5232.98,19832.2,41954.8,48175.8,35627.7,12585.9,3217.37,5063.49,1137.54,2807.14,3826.21,551.754,279.064,1673.12,2212.73,663.593,354.508,665.426,1936.73,1337.67,441.326,721.983,148.524,2420.03,4141,4459.96,8225.55,10272.1,5448.14,1408.8,1581.88,1507.32,869.476,708.239,2525.19,2267.26,193.573,836.261,2603.67,1545.57,81.0591,983.155,752.148,2907.9,3492.8,1238.95,3921.22,9046.9,23856.2,54809.3,60354.5,29713.5,10127.1,5944.15,2767.19,2366.75,1425.42,1246.71,1096.05,39.7061,1913.57,2169.67,283.93,455.092,1560.57,803.46,782.905,1113.47,23.87,945.691,1625.48,3450.72,6895.47,6767.12,5515.72,5640.83,2311,489.776,2175.34,818.596,767.085,2378.51,1345.07,51.9936,1697.87,2866.55,894.481,636.493,675.064,1986.34,2583.22,2127.48,2803.56,1181.92,10449.2,26893.3,36789.6,36286.5,20854.2,6154.03,3016.97,3033.43,1349.86,1811.69,1731.65,199.811,390.27,1496.44,1731.94,321.785,432.842,1887.11,1091.27,139.435,705.803,302.977,341.311,2861.29,4592.98,4321.86,5364.44,6435,3447.65,1240.36,1331.57,970.392,1338.47,753.338,1675.32,1625.84,9.06656,1691.18,2315.88,714.098,164.699,1620.49,1226.65,2095.5,2885.04,1252.2,3285.13,9774.75,31607.8,48843.2,31752.3,15093,8978.93,2592.1
2.972154195,1623.45,1671.45,3.16051,1185.54,1072.11,1481.77,1429.81,34.5672,2163.59,1171.77,1828.76,8477.33,11357.3,9977.59,6892.78,2853.12,529.539,990.87,808.141,255.772,2798.94,3260.07,132.652,1758.07,1775.41,1010.51,983.077,112.012,1220.63,3918.47,2057.86,1101.46,3465.67,3309.22,19450,44017.8,48318.9,37404.9,12083.2,1591.31,5803.42,681.209,3267.71,4736,393.565,193.553,1661.93,2540.99,432.162,308.768,379.271,2240.17,1506.98,210.24,983.739,22.8598,3178.21,4768.56,3704.92,9765.3,13150.8,6033.38,793.974,1612.95,1205.08,826.396,323.077,2975.24,2519.89,160.877,854.828,2963.29,1720,5.10088,1207.78,277.896,3233.69,3568.84,550.874,3292.16,7695.11,20919.4,59984.7,67704.8,27912.1,7837.37,5235.93,1953.88,2101.73,1178.92,1042.38,1549.02,277.668,2408.92,2679.32,281.551,490.942,1733.43,770.863,636.472,1671.5,85.6512,1328.07,1365.96,3442.91,8917.36,7604.37,4939.47,6864.64,2752.52,267.219,2827.19,712.148,723.168,2625.49,1445.98,3.33011,1848.37,3395.42,620.016,628.835,320.722,2041.51,2399.62,1428.54,2926.54,277.187,11047.6,27351.3,35964.9,37993.8,20573,4818.16,2142.55,2889.22,825.492,1654.23,1918.92,139.817,355.889,1463.16,1963.81,460.694,595.877,2347.38,1224.02,22.0901,897.16,558.924,634.405,3884.54,5712.19,4243.79,5540.51,7886.1,3556.06,762.528,1387.39,560.797,1468.1,393.155,1762.32,2153.92,106.585,2216.11,2364.03,768.864,163.259,2059.08,722.956,2013.18,2784.08,619.757,2872.45,7667.17,33034.8,56929.9,30200.9,12833.2,8826.31,1801.74
4.458231293,1455.43,1961.09,86.7175,1182.72,733.508,1142.34,1630.6,115.053,2578.78,1096.37,1664.43,9215.9,11105.3,9706.95,6405.56,2628.82,194.986,836.01,657.507,67.5454,2834.82,4077.1,706.372,2136.11,1326.87,660.333,799.81,55.8772,1092.84,3616.35,1745.36,666.68,2755.27,1544.14,17046.5,40823.4,40844.8,34841.1,10824,463.876,6149.55,951.895,4008.18,5451.49,355.614,103.012,1553.9,2681.94,266.356,253.857,127.192,2402.68,1809.1,165.974,1251.7,188.789,3829.5,5080.75,2224.69,10536.3,14597.6,6110.04,243.167,1559.84,746.115,761.677,61.3177,3427.75,2484.62,199.626,909.935,3098.68,1646.69,159.978,1541.72,30.7299,3562.71,3383.76,97.8061,2420.76,5649.5,15245.2,58402.5,67389.7,22489.5,4993.21,4030.78,1139.47,1703.81,1040.89,871.921,2147.03,767.722,2558.69,3113.88,443.159,502.351,1660.26,905.493,649.895,2360.86,491.462,1702.07,945.42,3062,10224.4,7625.6,3406.44,7621.98,3289.06,419.895,3350.42,812.71,840.815,2433.1,1519.23,130.903,1777.77,3672.74,571.966,747.249,74.2423,2086.86,2008.25,725.812,2871.82,22.5829,11053.1,24191.3,29696.2,35173.6,17569.5,3392.84,1171.69,2496.59,378.343,1317.79,2031.06,166.13,283.53,1303.68,1921.52,703.411,915.195,2601.96,1259.69,19.6032,1079.8,911.363,1114.71,4651.71,6186.48,3501.83,4852.36,8658.08,3401.25,325.089,1359.37,165.809,1578.57,131.691,1855.43,2516.86,571.931,2804.66,2056.68,756.71,437.018,2542.76,298.654,1890.9,2351.16,192.321,2276.47,4872.45,30622.3,60135.6,24145,9447.48,7458.47,1208.74
5.944308390,1271.94,2241.5,397.269,1035.31,442.999,760.583,1788.25,523.469,2804.75,1251.82,1859.2,9004.36,9048.83,8361.98,4928.39,2322.45,15.5574,604.152,508.339,46.8019,2608.94,4677.05,1764.81,2374.24,793.656,358.318,553.576,158.468,978.208,2869.49,1647.62,616.542,1846.97,439.736,13675.1,33336.1,28582.5,28701.6,9273.96,253.33,6026.55,2130.32,4968.7,5786.37,523.623,30.4755,1457.45,2607.43,233.419,207.386,11.9887,2415.36,2311.57,478.99,1475.89,566.843,4251.96,5101.44,811.073,10340.2,14143.4,5707.32,32.8059,1437.32,347.434,672.695,149.411,3822.74,2299.56,208.73,1098.02,2968.08,1325.61,552.625,1930.8,315.101,3902.34,2955.57,33.7457,1633.52,3372.43,8959.27,51173.8,59887.6,15411.1,2392.29,2835.06,598.36,1249.7,1156.21,974.411,2789.53,1328.2,2315.88,3335.63,837.827,446.045,1412.23,1275.34,1028.73,3060.54,1175.67,1945.72,575.249,2587.78,10429.9,6886.81,1627.07,7812.32,3901.35,896.751,3588.14,1274.13,1099.62,1845.74,1543.93,400.922,1497.99,3590.6,963.082,1035.19,161.576,2095.8,1549.75,281.304,2701.84,598.894,10357.6,18576.4,20230,28836.7,12914.5,2248.85,482.233,1981.25,129.611,929.939,2049.61,306.245,173.38,1095.21,1610.07,944.48,1347.86,2591.03,1147.45,168.34,1262.78,1220.24,1625.67,5009.17,5763.63,2458.37,3601.25,8549.74,3137.91,116.026,1250.41,2.2952,1637.96,206.765,1995.89,2533.93,1278.66,3405.26,1557.33,677.724,1033.81,2976.04,234.384,1756.52,1748.44,40.5586,1688.72,2386.93,25459.1,58393.7,15941.1,6092.73,5277.64,1027.6
7.430385488,1203.44,2418.61,813.459,796.148,256.206,489.427,1871.77,1086.97,2782.33,1606.96,2428.23,7873.08,5984.28,6370.8,3009.36,2012.19,67.4932,343.812,404.025,178.616,2135.9,4971.79,2964.56,2368.72,382.316,169.129,312.168,398.089,822.77,1974.94,1760.55,904.239,1034.52,68.7556,10432.3,23763.6,15849.1,20736.4,7750.5,824.274,5474.4,3880.49,5900.53,5597.9,858.572,10.5219,1474.09,2319.95,310.559,194.336,64.9482,2279.17,2908.55,1216.28,1631.86,891.23,4454.74,4871.45,180.446,9173,12037.8,4875.36,246.05,1297.96,152.139,574.895,594.314,4125.92,2113.86,151.107,1411.79,2645.76,829.504,1083.99,2349.78,1087.27,4053.26,2572.46,211.676,1044.67,1455.11,3981.82,41200.3,48054.3,8781.62,778.708,1849.57,424.204,936.292,1476.89,1401.21,3308.5,1772.04,1732.65,3307.76,1370.49,341.879,1116.95,1861.04,1796.36,3549.3,1929,1985.53,390.904,2233.26,9574.03,5573.45,395.165,7426.41,4568.92,1372.14,3489.52,2119.15,1344.54,1119.26,1462.22,675.087,1112.92,3135.15,1782.29,1493.36,636.229,1997.7,1145.21,221.711,2443.43,1731.87,8946.25,12287.8,10816,20906.7,8095.87,1515.74,253.128,1458.23,96.1689,610.234,1945.44,559.07,53.9252,917.869,1112.76,1099.61,1696.72,2385.54,867.354,425.445,1471.04,1317.87,1982.51,4895.33,4523.16,1511.22,2363.49,7533.5,2889.08,203.842,1087.73,119.452,1634.96,697.012,2141.05,2177.86,1964.88,3864.24,1161.12,581.778,1822.5,3187.49,638.331,1670.18,1060.9,171.611,1246.69,781.584,19361.9,53012.7,8744.87,3459.6,3085.41,1229.28
8.916462585,1310.2,2394.56,1139.5,548.686,160.483,423.338,1865.83,1490.07,2556.59,1981.95,3058.21,6207.47,2975.83,4253.21,1374.17,1651.03,346.273,141.433,354.913,360.182,1552.9,4913.03,3783.06,2165.37,189.585,73.3437,154.425,677.83,618.725,1226.04,1936.4,1282.33,540.63,132.104,8035.42,14493.7,6340.7,13068.1,6212,1624.48,4697.82,5401.99,6501.7,4880.9,1198.86,81.8429,1593.23,1925.61,381.537,213.474,248.201,2015.6,3363.77,2252.69,1730.25,932.045,4471.18,4474.16,477.243,7431.84,8880.71,3836.13,702.943,1154.39,198.161,501.586,1161.89,4308.17,2040.25,77.7321,1696.98,2253.42,333.087,1602.73,2695.87,1991.21,3960.89,2299.68,374.157,639.659,421.472,1104.12,31760.7,35973.7,3874.77,511.853,1092.77,450.502,886.971,1825.97,2022.32,3508.99,1950.81,1006.63,3091.49,1809.44,245.82,886.159,2565.16,2748.43,3605.27,2499.82,1792.13,391.937,2152.22,7871.68,4102.92,91.1665,6604.07,5105.89,1571.52,3057.12,3223.65,1444.66,530.532,1233.65,836.73,670.772,2530.05,2701.72,2037.97,1353.74,1728.05,876.534,430.644,2099.72,2906.97,6837.15,7051.46,4164.48,13242.4,4418.61,1066.33,411.89,984.543,201.926,397.571,1724.24,876.688,0.95556,777.038,596.402,1111.7,1782.26,2058.11,514.712,701.083,1658.49,1166.86,2060.91,4340.5,2883.93,924.508,1595.36,5859.22,2664.78,485.96,920.409,399.842,1542.52,1473.83,2238.62,1537.39,2392.22,3976.76,1088.62,570.415,2515.87,3108.52,1322.65,1565.65,509.664,432.425,917.667,94.3298,14197.4,45612,5116.09,1791.25,1477.66,1563.23
10.402539683,1537.09,2153.99,1211.22,361.192,116.188,569.613,1719.95,1549.07,2130.85,2220.89,3329.74,4465.27,878.326,2510.89,414.065,1219.88,760.495,63.6198,378.419,453.167,1067.91,4470.16,3900.79,1799.06,212.585,45.263,114.964,828.042,447.295,795.307,2007.42,1455.03,418.78,216.009,6464.75,7508.83,1381.15,7137.77,4649.19,2026.02,3918.43,5864.21,6617.68,3714.19,1408.42,274.681,1655.41,1570.61,332.525,272.3,464.491,1614.09,3544,3213.87,1794.71,653.658,4319.5,4011.09,1259.54,5611.91,5533.42,2773.24,1073.04,1049.28,381.989,468.033,1557.09,4267.26,2157.7,87.774,1716.92,1938.32,32.4657,1929.22,2872.38,2606.89,3520.78,2155.39,331.658,396.589,237.899,70.3957,24953.9,27074.7,1049.6,1218.16,585.038,464.041,968.767,2030.64,2575.98,3297.88,1816.1,389.211,2778.64,1946.26,204.798,801.406,3220.32,3489.41,3205.12,2666.15,1423.43,472.512,2245.87,5860.6,2700.24,617.835,5630.86,5129.93,1434.66,2424.92,4334.7,1372.91,222.083,914.33,796.613,297.49,1939.78,3348.25,2473.26,2067.77,1312.14,717.086,647.443,1706.73,3635.13,4320.52,3662,1208.72,7331.5,2225.73,678.248,728.568,611.755,312.112,242.546,1477.09,1160.49,66.0291,641.377,216.835,995.172,1510.46,1716.88,204.01,954.101,1709.83,877.336,1770.72,3590.59,1331.13,777.133,1350.33,4020.34,2361.02,756.454,757.691,657.737,1381.58,2194.16,2298.71,788.494,2449.38,3601.69,1381.3,769.866,2729.15,2839.9,1887.29,1440.02,173.477,650.772,614.211,28.1512,10771.2,37723.8,5656.79,996.229,672.777,1692.11
11.888616780,1763.16,1757.93,986.732,298.455,102.516,794.12,1438.47,1256.18,1580.55,2208.21,2940.57,3030.08,41.4993,1337.06,86.575,815.704,1114.35,154.587,514.034,401.178,778.082,3697.45,3342.48,1337.1,355.022,67.4028,153.291,766.752,394.043,701.185,1910.32,1245.32,627.471,209.476,5098.38,3523.62,24.9211,3361.45,3197.49,1645.69,3337.02,4913.74,6281.64,2343.97,1388.6,542.127,1586.98,1260.43,185.269,350.673,605.578,1124.83,3408.17,3722.21,1783.02,251.839,4000.89,3580.86,1825.31,4026.09,2798.3,1829.34,1084.41,1013.58,509.831,466.618,1617.96,3886.05,2454.55,286.856,1323.47,1808.59,61.7229,1907.23,2828.58,2674.7,2750.13,2089.8,110.491,281.594,373.54,108.042,21111.5,22676.6,153.16,1966.86,336.702,310.83,1092.14,1927.09,2792.97,2762.04,1423.11,54.3741,2503.76,1679.47,247.033,866.502,3588.89,3771.77,2422.44,2407.06,979.261,532.161,2241.69,4022.79,1550.71,1470.76,4670.33,4446.65,1082.9,1811.82,5155.67,1293.97,156.555,573.244,559.698,88.9395,1484.08,3508.81,2580.43,2539,871.962,615.167,643.412,1382.62,3599.88,1992.2,2066.64,860.998,3734.83,1081.33,277.577,976.615,355.118,335.933,91.6171,1344.62,1272.59,231.484,537.686,35.8962,753.67,1031.29,1362.54,99.9945,1180.89,1575.32,564.892,1173.17,2930.18,309.76,960.252,1273.91,2522.2,1849.27,865.267,604.725,730.259,1191.38,2494.99,2341.99,197.531,2197.2,2748.2,1940.06,1219.26,2256.51,2544.22,1922.79,1363.66,44.622,731.178,356.003,172.884,8460.99,30741.3,8701.8,832.575,583.981,1442.68
13.374693878,1847.3,1299.01,619.817,363.821,144.743,936.461,1075.82,777.8,1014.24,1928.58,1978.81,2064.4,132.482,710.249,94.0095,538.564,1241.49,379.642,788.3,312.226,651.072,2718.37,2455.33,848.076,503.064,128.454,200.417,581.029,502.566,857.865,1597.71,805.632,984.747,425.791,3609.71,1735.79,321.702,1453.19,1984.96,796.94,2845.96,3251.78,5456.88,1140.95,1186.5,755.99,1391.89,952.542,56.0613,408.469,651.237,624.828,3007.3,3588.7,1674.21,32.5131,3429.95,3284.51,1660.18,2822.46,1101.09,996.954,765.625,1004.6,502.967,453.534,1383.3,3158.18,2778.22,686.123,722.789,1775.39,458.591,1571.2,2554.4,2157.33,1955.2,1805.83,9.70243,326.043,402.222,545.343,19066.4,21799.9,961.417,2100.86,269.189,116.374,1077.71,1613.91,2502.64,2083.73,944.763,104.337,2233.24,1192.16,330.437,958.195,3580.46,3502.46,1495.64,1871.06,569.497,535.323,1868.62,2706.18,720.111,2007.08,3800.82,3186.95,767.21,1391.54,5437.88,1448.57,200.14,272.954,303.29,24.8542,1208.5,3237.12,2218,2710.21,560.862,529.547,474.555,1137.52,2902.05,483.075,1700.3,1234.11,1921.95,508.931,39.7597,995.246,223.132,304.634,0.715505,1352.62,1167.32,464.745,449.776,0.457329,508.729,532.074,1043.83,262.085,1363.67,1331.48,289.886,576.264,2484.56,17.4464,1286.9,1036.06,1552.37,1143.82,780.115,458.89,599.216,959.616,2314.29,2300.59,3.00431,1827.4,1634.56,2578.65,1756.07,1397.19,2213.45,1422.21,1353.52,71.6853,647.471,261.797,261.021,6404.88,25155.2,11650,1143.21,958.342,920.427
14.860770975,1805.6,860.456,331.308,457.178,248.98,1003.46,623.355,393.517,578.363,1346.65,998.2,1466.57,562.549,401.85,156.528,443.262,1107.33,722.162,1090.26,342.439,624.932,1688.5,1644.11,402.547,597.016,230.911,191.915,424.295,639.081,1107.4,1258.93,419.778,1214.33,1027.88,2398.12,901.508,822.872,586.546,1251.91,330.692,2150.13,1880.74,4288.88,337.07,988.189,715.743,1190.65,622.899,17.4597,433.283,626.131,283.044,2347.6,3004.5,1396.37,115.118,2797.84,2944.79,947.351,1969.65,280.07,404.71,363.612,920.392,431.317,364.578,1035.21,2206.45,3007.95,1129.55,225.247,1766.28,1057.56,1131.7,1935.34,1545.64,1133.13,1467.12,89.5587,436.025,362.838,817.231,17968.8,22378.5,2820.17,1829.51,189.211,37.2049,938.237,1110.65,2006.69,1308.31,574.707,456.545,1950.67,699.177,382.227,989.375,3192.34,2840.56,657.008,1306.1,289.702,451.116,1231.83,1911.22,196.364,1923.07,2967.74,1857.62,607.113,1172.18,5291.01,1800.52,243.907,92.3213,158.749,19.542,1095.33,2824.85,1397.81,2737.93,406.989,439.155,336.511,861.442,2118.37,16.797,1709.11,1315.47,1024.32,296.658,30.6935,849.84,208.381,349.869,100.879,1312.79,971.864,635.599,420.059,22.8681,342.706,204.995,767.495,642.134,1535.62,1024.59,94.5226,261.275,2330.65,372.041,1530.88,606.592,962.047,528.98,545.586,314.692,398.923,635.776,1885.42,2051.41,253.499,1536.33,635.632,3160.35,2089.92,627.894,1766.93,744.21,1332.27,238.821,480.234,327.602,250.302,4346.94,20679.7,12758.3,1875.86,1387.01,450.015
16.346848073,1660.55,566.397,164.765,518.587,448.524,907.929,272.29,180.321,288.75,710.233,375.712,1017.83,975.805,255.392,167.72,404.126,857.392,1090.41,1219.93,549.693,647.037,836.792,1072.77,128.218,538.699,380.529,151.644,326.757,753.828,1222.41,1098.56,189.633,1357.39,1696.42,1703.17,405.945,1022.58,185.018,893.054,584.452,1516.96,1001.55,3293.08,52.5963,725.673,483.167,995.987,366.702,42.553,483.757,536.094,149.682,1663.35,2092.01,1092.16,379.04,2198.48,2457.65,289.428,1406.11,19.9337,111.318,98.9016,707.525,364.273,238.77,662.029,1348.42,2992.61,1412.11,8.23678,1804.53,1646.21,630.485,1305.87,925.722,474.022,1369.14,136.357,426.194,516.176,622.34,17557.2,23013.2,4444.29,1556.39,53.7411,1.03785,977.646,484.197,1495.7,713.117,280.377,873.626,1730.83,321.999,351.338,902.854,2557.28,1998.04,146.738,869.416,138.038,308.525,618.004,1477.64,6.49308,1397.29,2119.71,839.929,598.714,1217.59,4645.88,2294.82,255.655,37.0029,97.8035,14.7841,1147.74,2419.06,581.469,2511.19,481.747,436.556,202.013,624.895,1611.65,192.405,1669.56,990.652,562.447,251.738,50.1893,801.593,354.336,410.784,336.321,1282.83,702.771,680.514,488.832,27.9096,307.069,86.6616,570.884,1043.05,1715.42,715.633,13.8801,235.831,2372.72,1234.66,1593.02,199.892,584.432,169.987,305.426,154.159,224.06,351.404,1285.02,1726.85,738.987,1339.42,134.136,3565.01,2085.56,167.904,1331.71,175.841,1342.93,429.294,327.491,421.156,293.818,2402.51,17207.9,11480.4,2892.64,1629.2,145.964
17.832925170,1457.98,461.611,99.0628,506.964,701.338,706.534,71.6732,82.8372,175.254,286.973,94.5706,637.665,1223.04,209.47,161.116,301.761,645.969,1290.65,1202.64,815.027,619.74,315.501,794.98,36.7504,341.994,566.513,134.169,321.788,740.002,1177.94,1007.92,247.281,1484.82,2116.58,1392.57,157.72,953.884,30.54,740.645,1105.53,1224.88,931.614,2495.05,100.625,487.024,207.805,825.526,253.826,83.8238,617.684,459.241,142.85,1073.85,1196.75,812.355,622.428,1593.36,1973.25,133.293,1093.85,16.4183,17.2145,13.5878,481.313,286.931,159.349,359.074,735.812,2746.03,1393.98,66.1556,1942.78,2030.62,225.799,735.785,534.587,202.176,1239.15,176.252,360.763,929.552,223.514,17725.6,22854.1,4811,1474.01,39.0412,73.7116,1015.73,123.201,1080.73,347.2,106.68,1109,1618.72,101.289,237.176,730.34,1772.37,1298.63,3.25825,525.211,134.763,199.951,238.471,1222.25,127.776,792.19,1351.79,237.26,652.672,1359.65,3689.4,2698.41,270.917,41.5122,68.0925,2.27844,1315.68,2088.55,171.881,2136.88,621.768,468.157,196.889,488.702,1267.94,658.046,1498.9,548.079,291.17,237.27,26.959,882.706,651.483,492.171,582.84,1195.32,481.968,591.692,699.957,17.9255,361.499,127.41,452.475,1300.8,1759.63,566.442,2.16729,338.222,2446.81,2372.85,1526.44,12.2155,345.889,29.4208,149.843,47.0664,91.9793,161.547,721.292,1398.2,1108.23,1245,265.385,3715.53,1815.53,18.0014,974.376,2.86033,1376.59,558.947,195.308,522.345,522.311,1045.14,14596,8456.78,3798.11,1717.89,9.54533
19.319002268,1286.2,488.9,74.9683,448.445,903.842,474.355,7.71287,69.5148,171.8,100.359,9.23929,359.907,1282.58,245.93,196.024,172.352,503.455,1246.61,1050.68,981.836,554.064,129.018,730.38,88.5021,135.054,715.724,205.088,375.584,614.496,933.058,1029.61,515.821,1462.99,2166.78,1279.76,207.445,790.88,69.1987,675.538,1385.66,1311.51,1407.73,1906.59,248.694,304.044,71.156,678.707,307.017,148.286,856.368,425.137,162.534,623.007,595.974,503.817,739.859,989.129,1640.6,466.153,984.058,78.2759,5.61257,11.2317,332.35,221.477,119.863,195.096,460.446,2251.11,1159.95,291.722,2156.91,2143.12,18.0532,356.812,319.893,244.931,1126.19,170.601,339.652,1358.26,173.241,18438.4,21484.8,3814.8,1550.83,185.019,229.591,1045.76,117.043,822.732,194.807,26.1542,1117.85,1561.59,45.1657,121.567,477.237,1048.61,847.671,71.3104,280.768,241.9,145.12,134.775,1050.56,412.527,336.857,794.907,19.9091,693.201,1267.97,2787.6,2670.88,387.961,65.1294,35.5179,14.7304,1488.91,1922.64,290.107,1636.86,744.246,470.853,310.288,414.883,937.819,1183.88,1227.79,241.872,122.412,200.975,32.9053,968.722,1000.72,612.944,659.777,1090.45,339.779,481.463,992.853,91.8421,450.74,226.196,379.113,1333.13,1618.28,533.003,10.1734,401.511,2517.8,3367.09,1458.72,56.1697,205.734,21.6627,80.8544,16.8949,24.1472,63.6947,319.5,1112.73,1114.84,1222.93,863.001,3662.56,1415.83,60.5685,774.311,202.092,1353.32,662.529,112.489,653.681,891.193,728.96,12732.9,4918.43,4143.15,1782.96,35.1126
20.805079365,1187.03,542.292,57.6258,375.045,958.519,297.351,24.7126,91.6019,191.925,34.2565,1.83672,217.405,1227.01,333.904,246.424,120.304,439.228,990.995,819.245,955.957,476.567,170.468,810.521,212,26.6939,747.576,375.197,479.091,391.885,624.649,1057.48,830.029,1266.69,1827.32,1294.11,435.245,664.797,232.285,594.426,1322.51,1602.58,1842.76,1520.96,310.976,224.75,86.9216,577.202,492.181,280.953,1094.53,461.179,143.016,333.81,267.158,230.384,678.69,489.272,1478.24,929.378,978.636,137.839,4.63216,17.8582,248.953,227.053,110.929,130.838,450.446,1644.2,845.318,556.249,2289.22,2118.49,42.8871,119.909,250.817,385.951,1042.87,155.359,414.876,1482.22,845.834,19480.6,19102.2,2157.74,1586.49,360.304,444.589,1128.36,323.954,691.323,172.689,2.69266,1050.12,1484.98,98.9605,51.2118,268.079,478.285,609.303,159.654,158.945,343.09,117.776,186.656,981.671,616.914,97.67,467.78,71.1099,662.796,908.839,2003.02,2244.75,597.921,96.8011,13.9055,78.1131,1629.54,1878.73,667.693,1209.32,686.396,460.786,401.931,332.969,638.136,1535.26,943.579,104.491,36.2433,127.974,94.6994,1059.63,1252.69,689.759,585.521,890.206,343.162,477.67,1206.81,312.87,582.998,290.352,305.025,1185.8,1288.85,544.318,23.8168,354.292,2622.48,3731.2,1505.42,196.832,124.687,73.6872,69.8141,15.3975,9.32229,47.5152,118.782,827.685,817.385,1198.27,1565.16,3456.91,1078.3,165.619,687.017,535.147,1304.66,740.225,118.62,811.712,1200.74,1476.73,11711.5,1991.74,3803.31,1834.19,181.289
22.291156463,1142.61,526.873,37.1803,317.552,863.995,200.631,44.1414,135.554,197.502,11.7881,12.6338,176.137,1125.22,442.122,271.353,154.193,472.806,658.205,560.994,744.793,423.816,333.629,922.675,357.788,36.6838,727.808,552.025,554.566,189.978,379.564,978.214,1046.59,961.713,1243.01,1407.53,611.31,570.787,415.901,452.322,1027.65,1885.52,1943.06,1235.11,248.488,179.465,179.789,572.897,668.417,515.423,1269.32,500.54,75.5489,178.434,113.175,67.9911,507.567,186.072,1383.82,1175.47,1014.73,201.829,1.5272,10.1895,204.02,280.003,86.3712,119.742,585.394,1093.95,513.9,730.261,2214.68,2097.47,229.958,26.016,219.21,452.596,926.039,270.542,543.88,1314.28,2026.2,20477.9,16404.1,741.134,1415.66,492.532,741.962,1160.69,513.255,633.122,250.42,9.47889,1053.47,1320.12,197.264,17.291,170.398,159.785,451.575,181.639,114.647,375.935,110.766,231.673,1028.61,596.919,15.1116,300.288,243.557,599.114,443.597,1324.46,1662.25,778.721,137.873,18.5816,208.601,1705.9,1863.95,992.01,875.705,462.009,417.765,406.825,231.181,422.419,1579.12,703.447,56.5649,21.9345,57.7117,195.237,1112.23,1337.71,667.478,420.639,628.372,441.183,583.714,1269.03,636.278,725.355,304.368,215.003,953.562,865.907,536.133,46.9437,285.994,2626.34,3426.34,1583.15,318.937,76.7882,115.112,99.2784,9.20476,13.288,56.3768,69.758,570.193,421.527,1101.67,2038.17,3110.29,877.604,207.224,693.387,769.357,1210.81,812.361,219.637,952.218,1290.09,2929.94,11440.3,562.43,3013.2,1757.4,392.289
23.777233560,1089,452.254,15.6496,261.436,730.961,140.465,51.2585,197.317,208.625,1.16174,22.1046,174.403,1036.3,502.256,268.458,256.419,556.996,378.123,306.255,491.731,354.752,529.988,987.897,487.592,141.484,700.539,621.564,596.581,73.9057,217.43,800.356,1068.67,623.535,706.45,1439.83,663.454,446.317,548.425,284.308,717.344,1909.24,1742.6,932.01,160.237,126.653,292.159,559.038,772.744,849.902,1301.84,502.257,19.6862,90.8221,47.5574,53.2201,366.417,113.258,1248.41,1103.82,1041.87,285.123,7.03372,2.77856,179.107,333.162,38.9355,140.1,684.549,685.813,241.031,715.291,1958.18,2043.4,467.942,34.9753,224.324,352.258,857.13,428.22,660.089,1038.99,3025.22,21082.4,14316.4,78.0006,956.82,630.086,943.107,1183.85,557.584,566.195,392.554,57.1576,1070.72,1147.54,240.731,15.0545,150.456,32.5437,318.158,179.393,99.2608,372.287,100.284,257.057,1047.32,492.384,0.499582,196.86,439.266,533.512,126.431,745.753,1068.55,862.335,196.738,59.394,362.562,1718.86,1695.61,1114.76,590.214,242.381,304.528,358.419,134.905,261.131,1431.93,515.706,40.5542,36.1724,19.2889,262.477,1136.21,1216.94,553.894,231.322,376.83,550.788,724.491,1156.55,973.485,823.436,274.08,122.552,733.469,440.729,515.997,64.7483,264.325,2423.83,2710.12,1524.21,424.579,30.1264,143.229,132.697,9.53711,25.1282,67.1212,94.9886,364.092,140.13,908.995,2111.1,2630.21,751.5,162.367,749.066,798.198,1033.52,904.835,397.779,942.453,1204.63,4534.33,11668.9,904.955,2123.1,1484.25,608.014
25.263310658,979.756,355.981,3.77889,196.183,612.469,107.272,44.9289,263.806,241.948,2.98595,26.7572,194.291,956.509,476.299,233.742,368.993,671.672,171.219,128.477,305.883,229.902,710.157,946.698,562.532,327.295,654.117,540.905,602.15,56.3717,123.696,587.663,868.688,358.786,354.428,1325.19,574.251,321.904,557.633,154.326,502.902,1623.73,1345.57,626.809,104.315,80.0461,403.622,450.482,818.218,1168.08,1151.16,487.575,27.1648,52.5701,26.8761,99.7075,305.639,246.52,1037.54,789.885,1030.69,364.271,22.3872,2.96927,183.713,349.399,9.96546,167.928,667.306,417.541,83.3346,511.975,1573.7,1861.2,692.435,101.988,235.066,189.238,768.117,602.239,688.76,811.991,3318.97,20886.8,13446.9,122.025,433.932,701.733,965.975,1166.58,454.353,474.941,549.156,192.236,989.258,986.834,194.626,31.361,161.781,16.844,229.621,174.146,98.2339,379.48,67.2516,273.61,980.597,397.729,14.3348,128.442,588.447,459.986,20.9139,342.909,569.601,810.08,292.376,99.5621,460.674,1682.32,1322.42,1011.12,375.084,105.584,153.306,281.419,70.0854,167.112,1196.65,409.41,25.1455,50.6296,2.98577,280.43,1094.66,955.614,375.708,87.1277,192.563,588.405,819.66,896.656,1206.74,863.792,203.304,62.9939,559.216,143.894,457.055,81.5299,285.568,2048.19,1864.45,1256.27,524.25,1.89017,157.214,155.737,25.3022,48.0228,76.3782,148.143,223.006,28.6723,655.706,1783.77,2068.99,658.275,111.42,789.52,639.126,766.832,970.691,597.239,743.423,1021.69,5587.81,12351.8,2506.02,1355.92,1044.43,779.129
26.749387755,848.422,242.582,11.5668,133.912,520.43,94.5326,30.6055,317.226,309.003,24.1897,22.4195,211.623,919.33,338.133,178.834,427.349,778.586,79.553,38.2474,205.396,98.3254,827.838,782.434,568.565,534.379,600.594,346.811,583.802,84.831,81.7752,374.692,569.069,200.562,194.388,1111.68,393.023,205.963,472.45,89.9572,383.351,1192.88,837.511,400.542,70.0859,71.0076,477.064,284.796,788.424,1342.74,878.765,447.354,105.833,80.1632,35.333,105.835,318.784,465.019,756.033,425.401,939.578,465.205,33.186,5.6008,202.51,370.796,6.13814,154.203,612.589,226.099,10.7004,307.958,1079.37,1561.77,793.516,234.804,252.962,72.1873,553.3,837.477,558.432,692.822,2662.23,20030.6,13706.2,499.026,121.677,546.18,959.796,936.84,358.379,362.895,719.603,364.08,810.199,791.845,132.592,47.8848,165.9,73.22,174.039,163.055,158.741,381.613,32.469,235.252,891.763,321.327,29.7481,83.0445,645.195,428.154,25.9232,151.729,218.965,649.848,403.169,127.562,481.501,1557.53,848.703,774.218,238.314,41.837,51.4588,183.635,37.7739,127.663,994.469,338.332,10.9456,61.4536,1.0751,277.876,939.766,661.863,199.66,12.709,81.8648,546.24,802.912,588.946,1232.77,857.764,112.358,63.4812,457.986,17.1888,356.89,99.8727,337.817,1557.62,1145.96,807.52,653.443,14.435,143.099,164.073,63.9564,82.9366,79.669,194.497,154.595,11.7777,443.104,1196.95,1511.78,568.371,131.104,773.324,387.894,482.231,933.22,747.123,449.067,817.581,5656.27,13469.9,4378.09,768.62,592.356,840.068
28.235464853,734.143,134.848,38.0687,74.8282,466.954,98.9675,15.1536,353.425,402.547,65.7685,15.8607,230.53,910.827,160.267,123.198,413.349,860.059,96.3449,6.26042,167.611,54.0823,825.3,556.986,500.884,694.235,525.377,148.539,575.476,104.474,63.5597,190.429,328.237,111.695,181.218,881.423,206.848,96.4123,360.248,109.61,314.283,751.832,405.664,257.533,34.155,114.339,500.92,121.919,702.018,1306.9,571.122,389.617,240.077,153.347,66.4999,63.9393,368.558,648.052,461.316,172.489,768.362,616.541,32.7307,6.49409,251.705,408.58,20.7032,105.236,549.381,108.214,2.32802,189.305,625.327,1163.23,759.155,434.061,227.042,18.9748,370.846,928.681,413.486,570.373,1483.69,18726.4,14735.5,799.883,19.1216,303.51,828.681,659.04,276.699,270.717,921.637,500.019,561.93,607.183,82.4678,38.923,181.392,178.627,115.444,149.418,288.111,386.613,5.37042,155.758,804.481,271.324,35.772,44.4306,637.036,496.979,40.1938,94.1561,48.1425,481.389,460.937,140.427,426.941,1345.47,432.803,529.848,188.85,17.6622,9.90036,101.486,40.5742,111.188,850.989,289.351,6.56366,63.6493,14.7531,268.866,691.092,420.434,82.9446,9.71259,22.0844,471.772,670.153,311.675,1080.17,789.677,48.0509,122.012,424.073,40.5534,247.015,106.856,412.784,1036.56,651.22,356.844,811.882,90.3644,104.797,160.317,133.142,115.858,73.9007,219.46,152.547,14.4151,336.184,592.476,1032.94,450.009,245.857,689.933,160.97,239.821,805.775,783.207,187.756,637.059,4813.56,14898.2,5650.59,387.488,252.97,781.471
29.721541950,664.311,62.3971,69.5904,32.1877,444.004,124.595,7.20047,368.869,510.441,120.782,11.3911,256.112,913.587,49.1812,85.2656,355.138,922.024,171.569,9.34736,176.922,132.039,701.324,340.353,378.408,741.901,443.014,48.1628,565.11,107.442,55.9059,65.5008,189.536,53.8385,271.594,665.267,83.5491,24.7492,240.598,194.015,256.41,409.426,150.533,167.735,5.17161,199.139,484.371,23.4769,580.032,1088.94,323.589,298.305,394.777,252.196,115.387,16.9651,424.582,736.853,204.892,69.9611,621.535,805.007,33.4567,14.1285,321.022,444.767,55.82,54.2277,476.96,88.1897,25.844,135.384,353.503,764.785,596.684,666.287,192.991,11.3141,250.626,811.876,339.219,421.629,482.604,17368.9,15962.3,861.327,9.70709,197.15,540.028,415.84,231.291,252.462,1125.51,538.335,334.639,481.059,36.5445,11.4891,216.706,292.424,68.2738,137.657,434.082,387.48,6.95467,73.8315,724.99,267.673,45.0063,7.38368,637.795,635.56,50.292,100.486,12.1338,365.39,435.407,138.866,318.855,1070.29,208.96,345.808,213.815,8.58697,1.29685,55.2382,62.776,102.387,765.952,246.125,13.1987,55.8937,40.9864,246.171,419.98,280.524,25.0134,51.879,1.64372,414.069,478.381,122.007,825.925,684.869,20.0581,190.087,455.919,160.069,146.362,100.787,487.924,590.093,350.735,100.504,966.408,237.894,61.4755,157.203,219.409,142.432,54.2393,219.128,204.387,9.37574,313.784,179.968,692.033,277.497,421.016,575.27,31.8139,80.7705,624.337,718.979,35.2158,493.284,3702.02,16288.2,6014.96,180.73,87.6391,645.078
31.207619048,610.66,50.3954,100.88,23.2639,451.399,154.357,5.83808,387.186,592.813,170.544,17.5484,290.695,945.859,49.9676,63.3567,295.709,996.387,234.284,31.443,226.617,300.733,502.784,184.05,247.416,655.567,370.266,68.994,554.774,98.3486,49.5597,9.40543,125.248,12.3091,386.86,499.171,29.3841,2.93087,131.643,304.225,173.768,213.997,56.6622,107.759,7.58585,283.473,460.336,9.99818,422.898,827.03,150.049,194.339,510.189,400.876,152.851,2.83354,440.037,761.637,42.838,66.7755,577.489,992.252,65.0099,43.1872,370.335,472.818,102.261,30.2051,395.223,146.141,67.7198,123.445,292.095,463.479,378.412,873.928,178.499,12.0367,162.09,655.634,252.888,305.598,124.192,16302.2,17008.8,758.542,10.0324,190.938,305.703,180.192,229.271,301.011,1280.51,507.182,211.188,396.706,4.92246,1.45161,273.732,376.553,45.067,125.536,555.307,373.529,38.3791,23.9564,653.302,329.471,70.4359,7.8984,672.139,750.502,79.092,129.839,64.4244,298.574,345.881,114.444,236.5,741.903,185.806,267.198,254.45,6.99789,1.20326,37.8762,82.1307,101.179,739.185,192.476,26.3376,40.3208,71.3911,202.755,205.473,217.662,14.1978,105.965,11.8423,391.814,308.787,30.2288,543.649,599.96,13.2853,224.318,537.39,303.651,75.1701,77.6746,523.546,289.22,195.488,103.62,1059.74,464.558,39.9282,166.848,272.272,179.048,20.6509,210.849,266.522,18.2421,342.992,10.7908,484.313,118.408,546.602,513.68,2.31023,6.28367,420.642,628.572,28.8678,375.543,3024.98,17232.7,5786.1,84.1726,84.9714,468.335
32.693696145,560.641,115.262,132.821,71.8385,472.862,167.018,9.04666,405.636,653.116,176.345,38.2399,366.619,1046.1,111.621,44.5218,273.919,1138.89,222.039,48.1098,349.56,512.422,267.374,115.115,177.777,439.337,341.621,143.761,534.889,117.627,36.7291,0.0527147,102.704,2.4549,479.131,377.414,16.8334,8.78027,69.2569,365.107,104.291,141.996,44.1754,63.5596,56.2345,365.063,394.784,68.5625,304.866,544.059,91.988,131.563,497.044,670.956,165.05,3.75029,429.131,785.091,0.19246,92.6863,590.99,1206.93,147.542,90.2204,350.323,513.051,125.802,30.9226,344.204,203.637,128.303,184.725,391.134,260.898,204.248,989.298,243.705,1.64293,127.178,484.444,227.647,209.382,281.049,15841.4,17840.3,636.272,23.6055,133.099,204.644,67.1306,204.116,364.027,1355.03,482.065,182.262,354.597,6.6114,23.1202,322.815,461.539,32.6464,97.2115,654.897,357.072,54.0244,1.52696,676.553,436.932,87.3392,51.5219,757.957,810.519,101.338,169.898,205.612,218.644,272.277,60.9409,159.966,501.538,230.657,259.983,286.204,7.85215,0.725528,28.259,102.761,157.707,702.35,155.072,27.0831,35.9423,72.4148,175.339,74.4544,192.559,27.7144,146.073,70.8421,383.381,189.006,31.8614,273.783,586.23,22.7571,168.257,691.977,440.73,23.4085,34.0466,537.706,151.147,139.011,237.953,1096.74,736.529,68.5335,172.333,282.74,199.907,5.2607,215.216,284.65,58.0265,397.749,82.2048,406.888,27.1338,474.714,589.221,56.7425,24.339,207.209,584.867,168.608,262.906,2895.94,17791.4,5455.13,50.2735,167.806,303.913
34.179773243,489.782,282.452,180.105,143.876,479.201,188.212,11.5861,406.195,738.831,111.104,89.1876,568.578,1167.14,177.531,32.5684,330.933,1312.38,194.538,58.9379,594.767,734.969,75.1998,132.954,167.816,215.428,328.756,189.41,510.284,196.251,26.4748,2.71796,102.026,57.9567,541.828,287.521,16.0338,12.7058,38.544,360.018,108.532,146.099,50.891,43.7767,136.812,447.111,298.438,139.491,230.803,304.742,179.254,108.961,400.11,1085.64,211.982,2.47876,490.684,838.373,31.5346,109.831,627.036,1406.13,317.654,136.798,271.008,575.892,106.888,34.572,347.383,196.932,198.421,374.559,599.58,140.985,98.1882,1045.68,392.532,17.5204,102.617,341.084,408.718,120.219,525.722,16086.4,18662.5,612.331,69.0634,63.713,175.136,55.3953,161.536,385.349,1344.12,515.205,205.806,354.649,38.7236,54.0005,340.032,573.504,40.8834,50.2613,763.812,373.38,46.5348,17.8156,815.536,609.199,91.4773,92.2826,883.279,878.767,74.6918,249.712,444.744,130.001,240.95,38.6307,79.5418,357.97,235.295,296.9,316.971,10.171,1.58575,16.0548,136.81,295.736,634.724,125.148,14.4685,47.7598,46.5332,174.988,43.1305,185.183,37.1855,171.603,208.484,338.97,115.97,94.6405,97.8419,575.553,100.618,63.3157,908.525,642.905,1.74685,0.755888,580.556,166.192,127.76,344.971,1092.09,986.306,155.994,163.702,257.294,190.212,16.4125,233.473,270.605,90.5741,495.037,403.663,428.707,10.1973,280.633,784.102,178.687,113.869,62.6187,574.209,406.508,157.688,3097.34,18184.4,5476.43,60.6278,214.911,199.643
35.665850340,397.372,530.725,270.722,173.551,463.142,263.479,5.62686,448.195,847.728,30.0932,175.785,857.375,1342.54,187.774,32.6896,436.955,1421.53,288.025,114.053,1054.67,940.238,9.81163,210.303,194.494,59.3578,341.927,151.326,520.218,281.965,25.8932,2.74258,114.308,191.232,603.829,202.366,20.301,17.5423,10.3831,360.378,200.719,178.351,64.4887,34.9614,239.927,521.006,205.698,176.001,184.866,163.023,376.147,127.299,349.048,1601.6,406.104,36.372,708.135,902.408,87.9763,115.882,589.956,1592.01,574.343,156.77,188.734,634.459,79.9423,40.6819,391.037,142.043,281.846,696.434,865.656,109.385,57.3136,1078.38,622.303,97.1415,81.7175,295.279,665.225,90.4197,593.384,16760.1,19926.9,705.394,96.1193,71.3161,146.696,97.3872,123.138,366.83,1218.44,613.348,267.671,321.415,105.41,90.3263,303.464,714.9,112.678,16.3155,937.365,437.748,53.2377,116.286,1030.88,831.452,76.2454,118.789,1012.48,975.994,18.2875,410.35,833.57,74.9936,242.243,68.446,39.1354,251.305,193.707,323.901,385.346,11.9085,4.53236,14.2088,166.568,483.924,554.366,90.6478,9.56158,74.6396,37.0407,205.221,90.0256,188.278,26.9948,199.889,424.564,269.811,74.1699,146.699,16.468,576.653,293.649,3.20721,1181.91,948.179,69.996,58.5434,708.693,252.835,118.812,386.621,992.698,1171.77,303.264,125.634,214.926,165.147,29.2794,265.858,280.367,75.2354,669.932,940.966,557.474,52.0904,145.319,1052.35,355.023,219.193,1.73789,614.559,648.503,94.813,3370.3,18434.1,6141.33,137.729,166.335,156.699
37.151927438,327.062,785.186,402.121,138.93,442.729,400.016,14.7207,572.46,1017.35,3.06435,285.104,1072.96,1625.07,156.632,66.3173,523.668,1365.89,625.335,345.123,1825.33,1133.95,54.1949,278.567,253.75,23.3366,399.377,56.7369,581.672,297.802,45.5343,1.17614,168.927,365.313,610.25,166.036,23.6127,40.6889,4.4847,422.028,315.154,209.217,98.2986,34.0968,389.323,538.89,136.208,143.212,183.855,136.728,655.631,200.165,457.257,1972.76,888.69,238.004,1160.59,880.338,137.787,131.099,444.121,1802.21,826.057,152.76,112.761,712.111,90.6082,77.6002,486.734,65.5763,393.46,1066.21,1125.77,181.626,56.3761,1208.66,795.624,204.227,138.751,393.871,804.772,138.939,551.181,17213.9,21985.8,1056.87,101.522,104.055,101.32,219.102,108.127,379.919,951.346,714.168,336.604,227.663,227.318,126.5,227.595,884.354,264.703,62.1462,1136.33,612.396,125.029,312.238,1172.83,1114.07,74.8329,178.601,1094.59,980.807,40.2519,717.438,1431.82,184.036,269.722,73.6973,32.4329,183.687,167.716,358.023,544.835,14.9151,3.13637,8.95887,195.934,732.571,430.797,66.2944,25.988,99.817,69.5086,297.898,180.511,172.958,9.86847,242.203,682.201,230.681,59.1117,142.42,0.169553,591.479,646.663,105.38,1574.04,1223.99,238.598,267.293,1000.19,342.677,81.6489,409.648,727.654,1345.08,454.621,69.5026,156.507,150.494,26.4706,304.303,364.153,38.914,954.814,1555.89,788.022,141.361,158.548,1385.09,589.748,248.826,24.1584,756.607,828.808,62.1025,3532.26,18328.7,7466.3,337.92,57.5452,171.736
38.638004535,289.407,976.115,569.591,64.4712,425.8,550.737,81.5713,809.726,1223.54,91.7086,395.841,1120.33,1924.68,236.764,182.212,540.734,1138.48,1262.58,953.972,2813.17,1336.22,145.917,318.241,299.327,109.081,529.749,31.5866,700.349,210.519,99.8857,28.8896,273.808,507.923,552.281,182.351,31.0835,109.471,75.7384,542.947,391.733,215.788,163.889,76.3786,583.346,474.91,89.1169,89.0221,201.616,212.793,966.057,398.17,671.984,2027.57,1647.38,791.923,1810.53,772.929,163.313,161.057,314.781,1967.06,992.259,139.892,84.3999,768.818,198.258,184.035,656.791,23.5367,524.694,1343.44,1352.12,327.42,125.419,1349.82,946.361,279.656,231.056,624.46,884.16,162.777,460.604,17357.1,24435.6,1918.12,189.052,121.335,55.0963,375.787,188.02,492.078,585.389,769.185,375.584,126.642,382.403,178.395,163.832,1085.62,465.76,196.527,1298.88,911.099,305.008,575.385,1133.41,1387.37,193.64,375,1061.48,840.11,273.126,1281.77,2140.16,524.52,341.87,33.6217,50.9379,190.158,248.421,489.923,824.232,55.9295,16.4009,1.59597,258.197,982.428,316.328,48.3224,50.7577,108.876,158.208,481.142,282.644,113.419,16.7983,344.763,925.924,235.945,62.2271,114.256,11.2199,624.341,1144.31,494.278,2042.98,1369.27,445.07,635.196,1470.24,452.919,45.8841,420.821,402.502,1489.29,566.19,23.6663,88.0518,154.289,7.86761,376.233,503.262,77.0759,1296.89,2064.96,1094.77,263.999,310.907,1705.71,923.322,177.416,96.3413,1064.05,1007.75,23.1005,3377.56,17812,9056.83,673.9,18.4805,220.221
40.124081633,266.662,1069.42,742.111,14.3764,398.617,651.045,247.244,1116.88,1404.89,300.59,490.94,940.597,2205.01,545.888,414.126,481.829,841.456,2095.14,2099.05,3823.92,1457.86,247.388,326.748,293.522,275.582,759.328,248.881,848.771,82.9346,194.554,114.981,392.422,593.127,412.343,245.611,81.7886,257.544,234.721,636.563,460.615,155.645,274.239,239.119,813.405,323.183,70.0835,68.3939,202.62,340.235,1283.34,743.461,828.149,1815.9,2484.81,1732.47,2518.07,686.358,159.268,230.955,344.127,1979.57,1040.99,120.782,89.9913,816.675,414.897,385.874,852.178,96.5151,664.056,1421.11,1460.45,528.563,294.853,1448.28,990.79,332.454,285.316,873.769,1103.06,73.7372,303.533,17523.4,26815.4,3099.19,325.599,161.277,9.37296,618.597,433.156,654.197,261.941,726.352,396.827,55.5468,548.529,276.599,212.908,1238.02,650.939,408.895,1382.1,1191.5,633.951,867.192,853.561,1643.09,503.935,728.445,954.878,579.386,764.435,2134.15,2885.2,954.711,439.421,3.72501,104.537,314.665,528.169,865.152,1175.57,145.843,54.8144,14.2812,360.975,1271.14,215.871,39.4599,56.9887,131.169,266.051,695.064,445.185,26.9916,98.6422,583.718,1108.78,242.719,87.4484,105.158,15.8428,703.027,1739.8,1200.39,2395.03,1366.29,611.246,1061.06,2090.49,660.628,74.2473,408.784,188.422,1509.5,667.566,0.58163,27.9968,180.18,3.05135,480.217,646.472,250.604,1621.47,2303.76,1378.59,408.42,520.319,1969.92,1293.75,86.002,195.426,1553.68,1333.15,1.72988,2772.33,17101.2,10175.1,1096.49,131.693,311.823
41.610158730,225.818,1093.34,846.886,34.5519,371.981,642.873,481.617,1434.85,1498.22,525.062,582.701,560.811,2496.53,1127.83,713.527,380.097,573.231,2940.24,3758.28,4537.06,1455.7,312.882,301.628,235.097,462.482,1098.52,760.79,1007.49,5.87324,327.425,284.146,488.667,564.406,264.354,291.472,247.833,533.896,435.867,613.978,557.808,48.3404,461.694,590.189,992.312,169.788,77.504,88.6556,164.719,475.845,1583.69,1126.79,872.887,1364.29,3201.77,3006.95,2963.08,720.408,149.881,408.012,606.796,1750.92,985.254,106.604,91.644,880.126,695.758,644.048,1034.32,291.075,778.12,1272.8,1396.23,750.717,549.933,1394.4,962.076,287.282,342.224,1026.87,1367.79,42.5231,129.385,18169.8,28677.9,4039.87,441.379,296.856,65.3804,864.526,823.809,863.477,47.7528,623.269,394.754,45.3052,721.285,414.381,379.66,1345.76,715.891,630.009,1410.77,1230.35,1111.03,1186.44,420.654,1916.28,938.432,1100.8,908.366,325.441,1488.18,3110.75,3488.5,1332.74,515.247,39.9394,205.36,603.238,1024.4,1471.44,1569.1,276.731,98.8705,46.8543,516.53,1610.83,198.13,48.977,42.9476,189.348,289.215,913.707,737.433,21.9625,312.38,967.685,1192.65,225.971,132.238,148.344,7.14712,908.209,2261.24,2005.63,2622.25,1121.26,721.347,1398.66,2677.76,1102.33,267.182,374.717,131.839,1371.88,808.462,16.9576,1.10633,217.646,53.7525,570.124,754.875,540.82,1830.65,2194.04,1530.02,561.235,667.619,2122.63,1640.29,48.321,341.832,2136.57,1870.88,115.804,1876.99,16537.6,10073.5,1511.5,420.188,466.438
43.096235828,153.436,1081.58,850.309,102.513,357.101,517.561,712.719,1686.78,1456.57,655.518,649.141,186.683,2772.08,1932.98,990.982,277.573,413.484,3607.33,5629.2,4708.44,1318.69,300.521,261.329,140.514,621.394,1551.07,1418.64,1151.75,53.5797,491.082,515.275,526.324,438.146,165.872,292.625,589.789,962.064,625.335,466.017,684.205,5.04128,759.764,1105.54,1037.96,86.7453,85.8671,153.506,104.578,574.76,1901.11,1321.84,826.606,775.49,3702.79,4345.95,2932.74,839.109,247.624,742.039,1021.97,1320.29,856.305,108.191,97.1792,920.75,968.111,900.086,1129.6,550.068,833.898,951.444,1172.66,919.126,808.477,1210.44,817.744,198.137,362.014,1088.6,1429.68,293.996,119.945,19581.3,29755.9,4179.97,582.014,549.893,236.426,987.82,1299.92,1074.29,20.3232,498.775,348.13,126.911,904.458,538.255,584.445,1425.8,616.864,810.2,1363.82,992.972,1639.96,1526.24,90.7157,2197.5,1338.21,1357.65,972.858,271.695,2303.28,3944.65,3698.7,1590.99,505.061,142.416,382.348,1086.23,1626.2,2104.92,1959.57,429.092,121.806,92.3709,735.065,1948.92,341.977,89.8771,53.9207,283.13,208.73,1119.71,1187.65,226.555,718.807,1424,1121.44,206.697,156.051,256.842,40.3613,1303.85,2554.22,2520.15,2771.63,686.351,793.195,1479.38,3051.02,1837.96,707.702,377.225,130.851,1170.65,1008.74,70.34,22.3003,248.338,170.181,628.706,765.953,854.651,1870.5,1764.96,1490.54,684.342,678.214,2115.5,1890.56,126.368,552.695,2674.16,2479.13,487.546,1225.12,16260.5,8605.38,1796.13,870.122,661.798
44.582312925,82.4374,1022.66,789.966,165.794,330.17,347.185,832.631,1856.54,1214.32,678.303,625.239,22.866,3023.79,2851.71,1088.83,232.884,416.56,3856.03,7231.45,4400.58,1019.2,226.619,245.19,48.856,790.875,1987.14,1977.23,1278.45,220.24,640.816,792.35,461.214,299.37,120.919,267.247,1082.66,1570.65,742.864,286.883,785.895,125.409,1142.49,1715.07,929.286,76.1566,93.6558,257.703,59.345,632.481,2193.2,1252.87,695.509,253.662,4051.03,5307.99,2440.46,973.601,490.266,1161.6,1515.89,776.25,750.879,110.575,130.314,857.803,1199.65,1036.22,1097.95,801.196,770.211,594.827,844.939,971.351,981.325,913.473,631.125,96.6868,360.428,986.723,1327.72,722.588,460.868,21646.8,30179.3,3312.97,904.977,787.91,399.648,1095.94,1625.22,1226.18,195.588,404.467,246.051,340.264,1050.21,591.152,764.693,1449.27,411.61,923.812,1240.29,621.876,2025.71,1850.63,117.133,2546,1454.26,1475.69,1162.69,478.154,2867.05,4579.49,3240.15,1759.21,383.57,259.81,741.578,1711.24,2016.9,2628.73,2246.72,542.79,128.73,133.788,963.307,2244.5,629.682,176.158,145.055,430.211,72.4104,1346.25,1663.8,679.676,1353.75,1856.63,867.383,213.112,131.009,461.658,243.702,1799.21,2512.72,2567,2737.53,318.4,838.218,1233.09,3139.77,2821.25,1308.95,477.373,121.189,958.059,1291.91,160.477,73.1502,253.679,336.018,624.466,675.039,1063.03,1734.46,1143.61,1314,697.052,586.82,1854.4,2076.51,320.244,740.255,3007.83,3071.02,1007.95,1334.75,16127.5,6471.48,1847.52,1475.93,800.433
46.068390023,42.1218,952.024,665.94,192.214,280.684,201.135,782.613,1933.24,821.805,625.562,479.29,96.1723,3359.25,3672.76,948.869,241.1,492.013,3720.48,7958.71,3941.78,565.827,212.134,306.35,50.7789,1034.54,2172.13,2286.05,1353.92,395.8,763.231,1054.46,334.106,189.359,114.507,254.592,1603.68,2353.04,792.161,186.286,795.689,392.308,1588.98,2272.99,729.253,98.4954,130.583,389.54,42.6943,639.813,2424.02,978.604,546.576,18.4153,4225.32,5688.32,1616.21,1116.86,801.938,1454.87,2042.09,316.804,739.558,114.987,143.907,754.117,1276.9,1005.44,929.711,966.355,588.539,315.84,500.781,902.285,955.408,643.179,400.784,69.8294,409.5,636.548,1286.28,963.907,1087.63,24097.5,30248.3,1888.15,1350.2,877.215,565.517,1053.49,1750.5,1257.36,465.949,399.271,119.979,713.95,1082.52,552.78,856.905,1369.95,227.515,958.517,1127.4,296.623,2124.13,2040.96,647.784,2977.98,1207.08,1493.22,1452.44,806.2,3014.43,4788.77,2345.1,1746.98,281.47,376.855,1435.32,2295.89,1956.22,2981.07,2284.6,593.186,117.458,151.506,1141.34,2467.95,932.11,287.864,346.337,666.997,7.76995,1591.91,1965.91,1291.52,2170.4,2145.83,521.714,249.065,101.783,779.017,707.511,2202.12,2160.26,2130.82,2518.79,196.864,836.825,801.932,2971.4,3964.24,1802.74,648.205,98.6431,840.577,1602.16,267.042,120.955,241.669,481.873,585.364,480.964,1125.55,1385.51,581.643,1077.93,583.589,463.923,1356.56,2174.15,628.727,786.179,3041.41,3608.87,1379.24,2118,16289.3,4564.97,1768.72,2014.87,884.496
47.554467120,65.1439,874.231,505.84,157.497,230.539,87.7701,643.939,1842.14,463.909,530.342,263.464,310.429,3896.09,4193.6,634.478,293.265,481.922,3396.37,7458.85,3559.43,149.45,405.476,528.148,287.025,1330.76,1958.86,2321.11,1320.18,476.828,882.715,1157.86,246.952,121.629,137.747,254.722,2001.79,3256.69,843.148,191.194,702.576,713.9,2038.57,2595.47,548.638,102.617,218.573,562.135,65.9187,584.374,2529.67,727.867,483.277,181.541,4137.95,5452.11,782.902,1264.62,1059.39,1434.03,2571.31,205.626,858.316,141.72,97.5633,675.288,1120.51,855.392,655.506,1007.05,346.697,156.447,248.668,719.72,774.054,423.602,243.865,133.187,441.718,265.485,1322.39,904.479,1664.94,26589.2,30373.5,733.841,1612.08,842.201,684.784,837.023,1673.33,1154.76,671.636,502.855,101.665,1218.11,973.004,447.726,769.993,1240.43,148.92,956.535,1066.83,164.877,1945.51,1972.23,1551.02,3536.84,727.562,1513.43,1679.85,1072.25,2787.71,4403.25,1423.85,1551.23,370.273,608.29,2498.7,2691.37,1458.98,3101.95,2010.65,589.93,79.8385,162.363,1168.69,2594.21,1142.3,364.391,636.072,1026.52,181.837,1778.51,1936.9,1930.95,2977.32,2205.9,222.969,302.104,143.784,1248.19,1381.77,2285.8,1666.12,1383.63,2200.19,287.423,809.581,411.052,2694.05,5099.52,1989,758.273,123.298,944.614,1870.45,336.852,150.249,215.704,526.648,562.531,249.925,1062.12,889.434,260.012,909.963,399.516,384.189,779.971,2133.12,954.614,707.075,2700.93,4067.34,1401.85,3155.97,16720.1,3768.49,1680.23,2271.78,874.948
49.040544218,180.491,816.238,307.157,88.6762,200.773,22.5931,484.675,1605.48,269.579,461.027,87.0311,599.175,4538.37,4346.77,297.785,370.334,332.28,3009.71,5957.97,3233.46,61.7219,867.584,1000.92,839.906,1542.73,1463.45,2036.84,1230.5,397.959,992.019,1060.61,223.103,109.998,189.321,229.231,2222.65,4132.97,990.041,244.453,554.439,947.756,2346.12,2662.33,412.762,90.5547,346.521,743.728,171.971,444.322,2499.4,786.179,569.996,677.257,3693.37,4772.47,292.537,1368.61,1176.87,1151.94,2963.24,618.905,1133.6,239.152,28.1557,620.574,784.385,651.266,375.788,896.395,162.057,79.6244,137.138,516.765,498.444,350.947,191.465,242.053,417.925,71.7665,1350.07,799.626,1874.7,28921.4,30628.9,562.222,1497.03,763.38,638.986,581.234,1375.46,998.34,681.337,726.43,333.701,1773.16,774.227,327.012,510.615,1104.87,218.156,915.336,1091.07,296.02,1531.61,1680.49,2478.11,4090.99,424.591,1564.59,1743.51,1110.7,2320.15,3481.04,824.249,1326.93,774.718,1087.71,3665.04,2898.99,747.818,3025.8,1486.48,548.192,37.0155,184.178,981.424,2634.75,1189.18,372.114,979.688,1458.16,652.888,1837.76,1572.33,2379.11,3595.51,2013.4,70.6669,331.256,358.89,1879.35,2046.03,1994.16,1165.78,696.284,1803.97,454.777,811.903,235.46,2511.5,5892.45,1906.23,710.789,296.618,1318.94,2057.93,324.642,175.482,155.797,508.507,536.771,115.273,892.99,406.263,238.424,904.903,334.448,360.447,338.65,1937.77,1152.73,546.236,2118.18,4357.81,1096.36,4120.07,17319.9,4206.71,1632.13,2213.92,739.262
50.526621315,390.114,763.974,123.802,46.0529,183.538,32.2953,344.74,1272.16,325.484,461.264,36.195,914.232,5014.96,4230.26,89.6534,456.517,125.407,2572.15,4073.33,2815.29,427.152,1563.6,1786.14,1610.7,1546.1,886.926,1543.4,1091.52,225.374,1037.38,841.253,223.89,155.549,265.17,149.911,2336.11,4713.41,1289.57,296.398,374.643,1011.96,2397.92,2484.32,351.572,77.52,459.475,895.926,378.361,228.836,2431.45,1272.57,796.285,1255.34,2954.91,3861.47,300.295,1425.14,1146.83,759.925,3134.76,1499.4,1550.7,427.934,8.93876,566.21,401.205,486.595,161.67,701.518,80.815,42.6468,148.946,378.851,289.77,420.168,222.413,331.324,403.635,45.7785,1321.66,974.741,1733.74,30848.5,30812.7,1438.61,1114.64,599.496,512.951,279.444,1069.79,758.508,537.585,989.993,865.95,2325.16,575.061,250.584,211.671,953.421,383.06,882.184,1127.49,594.912,1063.69,1216.71,3105.3,4428.08,609.791,1666.38,1599.94,914.007,1686.56,2379.67,663.402,1202.27,1511.58,1836.99,4570.71,2912.91,192.103,2812.84,898.572,478.916,31.0357,206.656,669.09,2552.91,1113.25,305.06,1301.86,1893.64,1276.54,1743.93,1007.39,2504.49,3831.25,1673.5,50.5297,334.703,766.988,2583.52,2512.93,1389.96,803.852,331.464,1353.98,572.551,803.012,341.974,2556.21,6090.02,1669.65,545.867,654.712,1890.03,2186.93,221.168,214.65,78.169,470.199,512.964,115.593,700.252,98.8072,422.939,1115.13,559.206,382.78,164.849,1660.42,1091.26,366.382,1576.83,4335.88,723.043,4895.25,17825.6,5353.5,1654.02,1877.47,517.797
52.012698413,648.613,708.444,17.4211,58.8281,189.867,115.143,203.847,955.509,569.92,532.132,132.829,1217.56,5072.96,3925.12,119.685,519.365,10.3177,2108.07,2314.76,2288.53,1100.93,2326.46,2828.73,2364.98,1314.05,412.874,1011.71,924.822,72.9827,971.33,608.231,199.889,249.061,352.217,53.6192,2386.37,4810.54,1673.22,300.909,221.554,878.597,2169.77,2121.15,355.143,74.9009,508.004,975.297,645.843,43.4802,2404.49,2063.69,1118.12,1607.22,2078.67,2892.6,729.448,1449.21,1008.97,431.712,3067.64,2544.54,2051.98,676.401,68.1655,515.224,117.006,377.321,91.8567,498.678,68.4082,26.081,232.886,341.453,261.242,576.621,305.05,352.053,351.385,166.302,1347.19,1332.36,1644.52,32024,30533.2,2740.7,733.787,333.413,371.896,79.7827,757.306,521.989,344.617,1190.62,1592.89,2804.06,497.809,220.686,29.6129,803.999,519.33,825.62,1141.78,879.592,660.288,727.637,3200.21,4438.89,1236.71,1801.5,1302.07,593.813,1011.52,1426.71,807.284,1272.81,2418.55,2727.91,4854.24,2783.79,86.228,2489.75,471.356,392.313,87.9113,215.777,364.964,2360.2,985.541,209.186,1505.63,2231.48,1815.94,1494.52,472.062,2279.14,3632.75,1281.49,107.574,337.888,1245.69,3208.74,2673.9,703.599,635.901,294.439,936.328,540.809,747.974,614.333,2770.08,5669.28,1404.76,367.55,1127.8,2529.37,2221.81,106.552,245.801,36.3816,442.962,490.725,210.707,554.319,29.2141,688.586,1488.69,1062.58,458.459,277.141,1347.75,783.749,240.302,1251.98,4020,501.175,5451.28,18107.6,6300.38,1668.94,1399.41,280.306
53.498775510,887.009,648.099,5.47545,110.733,233.574,241.408,76.8115,717.261,806.6,672.156,343.027,1459.59,4577.31,3507.43,355.714,523.423,90.6791,1641.74,1042.45,1674.32,1742.81,2973.63,3908.42,2841.34,936.628,131.829,592.234,748.699,21.9924,820.135,412.001,141.232,352.661,439.758,22.4091,2342.98,4402.16,1990.57,253.502,127.2,616.275,1714.86,1667.39,378.401,87.7225,469.618,963.095,872.32,18.211,2470.35,2823.85,1462.47,1561.63,1222.83,2023.95,1278.45,1459.14,822.957,278.054,2816.44,3289.94,2557.92,925.369,193.554,458.514,5.64551,334.229,166.46,320.121,83.3743,27.0336,296.104,411.1,420.646,728.994,372.693,331.756,221.484,404.569,1512.81,1481.46,2002.98,32199.9,29390.8,3575.95,521.65,88.2459,208.127,9.67115,549.163,326.636,198.546,1231.22,2344.29,3097.15,588.871,223.29,25.3103,699.125,509.258,733.901,1076.14,988.974,380.689,377.588,2727.99,4130.7,1950.79,1927.91,946.81,295.237,471.605,762.986,994.421,1539.25,3196.63,3513.98,4362.19,2572.94,460.895,2097.12,305.596,310.243,205.691,201.053,178.599,2075.69,898.931,148.896,1505.22,2377.31,2061.72,1143.44,123.512,1850.13,3039.5,936.539,158.422,362.73,1612,3593.74,2518.33,197.88,640.696,420.119,595.557,368.504,621.984,902.856,2922.25,4774.85,1223.7,270.63,1552.6,3048.48,2156.5,53.9448,246.608,54.7402,450.133,480.25,293.625,484.558,146.306,915.024,1884.76,1677.96,617.406,505.6,1048.75,377.45,217.895,1194.86,3486.34,518.014,5810.79,18199.7,6221.14,1620.72,901.354,116.47
54.984852608,1011.49,610.933,49.2364,164.055,327.29,341.998,8.82065,555.425,881.51,830.492,591.694,1585.29,3616.99,2988.43,654.118,486.419,366.964,1179.88,336.571,1086.99,2010.97,3403.76,4647.99,2925.89,536.838,34.4556,360.169,562.731,100.368,620.946,278.262,73.4142,413.95,509.617,134.234,2137.7,3621.4,2083.41,199.75,82.0742,345.873,1167.43,1199.42,376.16,112.445,355.875,871.245,953.582,227.085,2606.83,3211.83,1703.25,1193.4,546.204,1327.18,1621.32,1431.77,654.637,330.495,2394.13,3448.59,2920.83,1112.42,351.85,381.914,42.3004,358.931,302.297,191.292,80.8748,42.5797,290.394,540.633,705.692,796.635,393.068,269.282,99.9255,644.469,1736.68,1314.9,2904.27,31103.2,27190.8,3434.23,461.149,11.2041,86.1358,4.92562,423.391,259.737,135.833,1077.79,2927.66,3091.82,788.064,253.389,162.271,645.385,340.964,608.595,900.228,883.647,229.84,219.234,1930.76,3561.76,2346.5,1953.69,657.142,134.932,160.362,379.981,1030.06,1839.47,3580.77,3917.65,3267.03,2310.19,1042.62,1707.19,345.301,258.163,335.111,179.338,144.634,1725.58,891.286,178.429,1266.75,2305.09,1907.78,794.066,4.84558,1379.86,2259.89,657.344,146.367,416.101,1723.42,3596.16,2186.04,10.2806,713.57,535.468,338.069,164.096,443.65,1082.99,2765.07,3644.15,1176.77,284.979,1774.54,3252.67,2007.92,89.8124,214.042,127.833,476.153,481.036,287.251,475.752,332.505,1022.04,2153.36,2163.16,872.799,638.453,797.175,81.4699,295.889,1313.87,2810.47,714.919,6162.7,17979.5,5026.23,1436.97,520.599,44.9094
56.470929705,986.126,599.111,93.1574,191.506,455.978,385.199,13.0106,432.17,789.426,909.338,792.404,1550.86,2437.11,2410.37,813.073,468.221,679.17,775.412,63.2975,665.863,1758.84,3582.26,4675.82,2709.08,237.526,49.1206,254.186,403.64,258.401,408.306,202.211,34.7014,394.934,549.623,387.014,1765.53,2635.65,1926.88,176.087,59.6803,165.656,671.657,770.653,338.111,117.989,249.49,654.45,937.872,634.885,2581.56,3229.5,1631.36,772.099,130.664,798.37,1635.47,1277.81,531.821,554.336,1777.64,3090.31,2916.08,1230.4,470.947,305.067,143.689,419.185,411.402,103.202,62.2481,60.5111,239.272,660.83,963.447,838.066,283.155,255.53,37.0768,828.79,1746.43,1113.13,3773.12,28885,24059.1,2448.59,475.944,37.4482,47.1448,10.955,391.194,312.682,97.5033,885.85,3050.08,2873.37,916.397,297.355,346.735,603.645,143.083,448.2,648.06,652.595,164.594,180.935,1202.54,2737.54,2312.37,1712.92,569.208,116.903,51.4225,195.717,878.791,1910.93,3601.93,3585.69,2089.04,1925.7,1545.48,1274.2,502.59,255.806,378.404,186.839,224.163,1333.29,939.407,282.434,897.74,1979.33,1493.03,474.76,67.9014,1002.35,1511.47,410.062,100.564,432.406,1646.63,3042.42,1957.78,90.0663,703.147,589.131,142.934,41.3659,291.274,1037.66,2311.3,2440.88,1229.96,392.166,1664.19,3132.77,1730.64,201.816,164.065,214.559,518.7,436.778,208.091,475.181,489.783,1003.51,2139.56,2413.52,1128.69,605.922,572.56,10.4309,420.65,1491.63,2024.58,968.242,6564.89,17373.5,3285.49,1168.13,274.688,28.3709
57.957006803,859.734,564.008,114.071,197.881,563.807,392.498,71.5025,326.412,584.659,865.226,869.899,1299.17,1370.78,1828.45,724.444,465.532,853.88,466.555,38.5306,469.949,1118.69,3464.26,3958.52,2290.55,122.821,116.541,199.057,272.419,389.561,231.802,165.751,40.6344,296.397,562.612,669.481,1285.6,1665.9,1567.92,215.21,36.8479,72.7242,329.987,451.794,237.751,105.848,177.295,395.801,830.465,1130.69,2268.42,2935.38,1236.1,461.763,2.31051,424.121,1364.5,1002.07,414.56,750.871,1163.62,2371.86,2506.65,1246.96,493.495,235.274,241.996,462.464,463.599,50.979,45.5965,58.9246,187.876,696.799,1124.71,815.788,136.703,246.326,63.5942,991.236,1397.01,1067.99,3844.27,25990.5,20472.6,1210.68,528.993,48.0836,51.7701,3.67339,441.167,444.926,60.2395,757.995,2632.19,2519.35,862.086,329.941,503.702,550.937,26.0895,276.599,382.332,415.671,150.704,184.584,640.539,1918.17,1821.75,1283.47,628.663,152.447,25.4534,156.677,620.736,1666.16,3317.35,2604.87,1144.91,1469.77,1705.55,875.903,626.565,283.93,302.754,240.1,296.788,967.247,994.366,374.674,538.789,1469.54,1003.61,237.804,202.865,715.365,918.041,223.588,46.6399,395.431,1410.17,2126.54,1854.89,293.924,582.593,574.743,29.6403,12.9244,207.576,769.209,1696.29,1401.31,1230.62,488.759,1328.2,2681.47,1377.55,323.152,113.967,264.645,539.871,358.993,107.001,450.285,550.243,874.753,1836.88,2360.79,1289.28,437.196,396.598,90.6292,552.813,1534.26,1289.48,1099.19,6735.06,16446.2,1917.45,895.791,137.195,29.5493
59.443083900,694.391,483.344,108.507,183.755,600.723,404.136,119.107,254.755,317.441,774.913,729.132,961,593.045,1265,491.9,420.772,868.617,263.564,85.0381,445.24,486.706,2981.17,2817.18,1780.75,171.475,198.133,155.244,187.041,414.17,114.526,139.316,87.6124,161.039,554.653,843.852,790.735,893.959,1112.29,309.951,13.94,30.452,143.232,253.201,108.157,96.2654,155.319,175.049,687.666,1493.27,1768.52,2324.08,808.35,281.322,68.4966,174.715,1016.01,667.97,295.755,773.99,652.837,1629.62,1798.71,1144.31,418.587,177.594,282.723,464.148,470.373,28.0601,28.936,46.1347,134.817,664.063,1087.13,779.178,20.5175,254.85,145.466,1055.76,899.918,1070.82,2878.12,22880.8,17176.1,336.33,527.528,53.6844,56.3605,7.11313,483.617,644.345,22.043,728.579,1878.41,2039.64,668.765,314.105,580.021,502.75,1.42922,140.853,165.339,239.016,146.203,174.641,275.746,1266.82,1066.87,833.376,669.334,211.561,8.99505,205.59,356.092,1269.03,2685.58,1508.58,548.312,997.489,1546.69,515.37,658.494,293.601,186.636,311.878,304.679,637.264,1033.27,359.704,297.753,907.444,603.339,108.876,269.285,506.563,488.406,125.463,15.3682,320.496,1051.3,1236.94,1713.89,507.751,395.56,526.285,1.78951,50.744,176.57,463.401,1036.37,692.918,1060.78,516.316,946.286,2055.3,970.03,403.734,63.5456,277.09,486.72,295.468,40.7113,383.155,505.976,641.98,1395.31,1986.02,1302.56,214.156,301.289,182.851,666.059,1403.98,687.738,1031.01,6262.44,15501.5,1553.74,638.903,75.5057,29.0233
60.929160998,573.49,353.883,97.6941,125.779,611.325,386.915,135.387,179.602,127.356,643.999,425.076,688.367,147.353,807.051,269.487,270.639,831.829,174.868,138.937,464.935,137.149,2277.2,1618.26,1311.35,298.783,260.195,141.531,153.421,365.152,39.7812,112.874,135.636,59.7924,520.15,849.654,380.619,376.745,705.33,386.094,5.19423,13.4991,59.3723,139.639,22.6524,107.694,166.307,57.5261,566.815,1571.06,1182.1,1583.98,583.481,186.568,236.598,34.1993,768.755,357.303,180.535,654.018,284.006,1133.34,1028.18,921.884,318.178,115.223,281.665,385.93,475.721,27.1727,9.51488,45.3565,96.7287,583.511,867.866,743.608,5.12205,236.998,274.334,930.813,564.745,906.701,1448.66,19810,15030.2,9.28989,383.04,81.0917,33.7223,30.9882,541.82,809.111,68.0685,741.133,1070.32,1525.28,416.564,235.142,590.977,455.524,22.4815,67.357,51.9292,122.985,119.644,142.699,69.0281,825.55,427.583,442.765,629.823,290.847,0.880959,267.929,178.358,919.246,1843.6,689.571,260.684,631.327,1246.85,210.198,635.555,236.813,99.5555,348.644,271.723,388.05,1009.1,244.133,136.113,494.531,365.059,34.9521,230.848,334.977,217.68,109.133,6.09712,265.407,652.853,610.864,1434.7,661.062,204.268,480.267,59.2865,137.443,154.786,286.154,519.895,281.824,762.878,463.779,673.837,1468.1,547.601,437.525,21.5784,264.589,358.089,258.915,52.854,282.762,403.177,345.608,995.215,1379.09,1172.77,65.3675,230.987,229.802,752.838,1162.29,246.982,881.183,5010.04,15043.7,2053.41,387.488,70.5671,34.4968
62.415238095,528.669,240.176,86.7037,52.1311,610.618,342.878,115.434,109.872,36.9623,487.457,135.88,507.549,57.3238,523.57,109.39,86.2249,784.649,190.823,184.556,483.305,81.6446,1599.47,714.376,863.266,447.314,314.954,161.684,175.399,299.402,4.64381,84.1381,152.392,9.16671,498.789,674.326,131.368,117.918,394.682,389.864,14.4597,3.08251,26.7356,77.9253,18.5629,153.833,208.862,36.7097,477.638,1383.93,619.211,961.982,563.846,170.622,412.214,4.96268,641.249,162.88,87.9092,462.024,157.951,903.694,443.253,655.401,230.872,68.7047,241.417,252.623,478.306,66.5838,0.713627,60.4736,124.047,466.953,580.99,740.577,55.6228,183.351,395.333,713.631,381.812,623.342,322.711,17288.3,14181.9,107.595,168.427,110.044,16.8013,91.8459,551.63,890.851,259.586,734.286,443.331,1096.38,179.908,126.315,558.406,440.85,34.2847,38.9067,12.8849,58.7866,86.2547,103.221,6.93323,582.397,88.8423,176.663,510.322,398.257,18.4583,328.24,89.9,704.114,1105.78,207.1,183.689,475.566,929.989,32.9803,566.428,150.7,44.5,335.796,220.178,257.525,924.946,101.573,37.8558,267.651,234.309,5.85587,127.014,209.033,69.5518,130.011,9.11322,293.145,325.309,247.045,1093.99,678.851,70.2155,438.612,185.837,253.62,141.47,251.427,240.267,100.441,435.344,405.819,563.598,1043.66,226.332,421.049,1.58421,236.174,204.318,234.686,141.078,192.903,276.824,120.285,716.394,708.867,1005.12,27.7191,160.236,232.324,761.601,911.726,26.2675,711.454,3695.29,15022.3,2926.12,197.126,101.161,46.4049
63.901315193,518.486,208.983,80.7589,9.52219,643.142,253.224,76.1308,65.9031,15.2046,322.884,18.3086,431.416,235.345,371.219,33.8498,3.91613,725.01,266.55,240.46,478.946,231.099,1049.53,234.927,509.458,517.949,375.841,206.669,213.195,277.462,3.46452,38.7496,160.104,4.67168,450.944,486.128,27.0782,15.7482,173.472,377.131,33.8681,0.724465,8.10715,39.9422,65.6691,252.235,265.674,64.0515,445.031,983.008,265.073,563.383,605.203,225.192,535.956,88.0371,564.025,112.136,43.8461,303.906,299.319,829.465,178.618,428.8,179.534,36.6541,199.064,99.4539,497.988,131.497,12.9064,89.9628,240.953,362.181,372.427,746.454,116.82,135.65,421.93,505.833,245.826,435.998,35.6197,15526.3,14347.3,429.541,18.7222,117.093,19.7603,134.544,565.18,801.621,555.74,750.951,129.713,788.848,44.2944,39.6345,456.615,513.802,11.2725,37.1411,3.75706,52.1992,57.2906,68.5341,76.3026,513.812,21.3844,56.2963,371.261,499.694,85.2786,365.552,96.6136,603.626,599.89,24.1998,201.098,492.179,649.106,21.7272,469.008,87.0644,13.8389,272.702,200.707,245.114,789.183,35.405,2.37479,143.64,157.422,20.3357,47.414,118.225,7.0129,164.818,28.1097,339.005,159.192,102.161,751.04,571.97,8.03333,420.476,327.324,335.794,180.635,317.131,143.476,36.7294,209.913,413.442,634.2,791.188,90.7562,361.94,15.9712,185.705,102.035,179.483,294.761,131.601,209.575,38.278,518.314,219.809,869.792,105.182,86.9395,211.097,636.995,719.535,39.8325,553.212,3054.75,15331.4,3660.53,86.5055,121.826,79.5024
65.387392290,493.39,239.617,109.791,81.7662,686.891,155.062,32.6596,40.2491,24.7857,209.465,59.2877,416.762,574.575,311.172,22.2746,29.0412,717.427,362.82,237.901,528.998,466.363,594.575,105.883,315.234,443.841,439.557,256.949,253.687,266.006,31.4426,4.53217,186.043,40.0726,333.892,428.17,9.80775,12.5859,39.017,394.753,51.9565,4.62038,4.20273,16.4388,116.554,413.611,328.768,61.819,503.391,502.777,168.354,419.881,562.683,318.118,608.642,258.727,481.617,145.584,37.8881,281.365,695.063,789.684,127.186,318.092,206.288,8.92414,190.561,15.4314,521.395,186.356,39.9435,139.048,437.894,335.33,333.762,691.955,173.387,73.2801,419.948,255.382,200.897,452.779,551.823,14407.5,14927,831.973,13.5577,122.438,25.2326,183.402,478.479,681.979,741.255,869.08,200.622,603.193,4.40445,7.45884,338.751,647.616,7.14305,56.7662,7.52992,101.045,69.4914,39.4214,195.479,633.691,164.49,61.7061,238.857,569,222.212,337.408,166.973,540.424,358.595,0.876024,193.775,590.392,377.597,181.763,406.902,37.8501,19.0593,173.176,214.822,350.894,656.236,31.4558,3.23669,73.9749,128.73,31.6823,18.061,74.8942,19.4807,184.921,59.7401,364.048,133.2,54.3704,501.594,420.663,7.68271,391.287,468.784,361.673,238.045,441.572,178.29,9.29357,114.283,452.609,956.602,681.309,66.5028,299.975,88.0299,107.917,48.5385,120.245,457.949,157.938,221.396,66.8111,366.584,29.765,845.406,263.739,23.611,165.734,454.677,560.592,176.623,455.948,3402.46,15807.1,4006.83,36.1248,98.1005,147.575
66.873469388,422.047,273.741,216.116,316.088,726.452,74.4584,3.67817,40.4779,24.7856,162.561,139.723,427.262,950.513,382.302,19.7161,52.4574,824.111,529.023,143.441,684.646,643.839,271.393,196.634,237.837,282.674,451.195,276.359,291.45,229.071,86.2347,6.24655,235.693,131.469,170.617,523.973,70.9561,91.1881,16.7755,430.179,72.8273,7.27299,6.02766,6.61779,142.07,642.951,434.085,22.823,633.049,161.615,234.678,491.604,421.82,406.064,649.732,423.201,399.973,180.735,51.2306,379.179,1263.89,784.873,99.4003,379.987,362.388,5.68651,244.242,81.0306,517.898,202.18,94.0991,207.25,599.653,453.047,470.477,570.958,192.193,27.8309,417.469,62.0238,295.662,540.393,1262.75,13719.8,15371.4,1230.87,74.8146,118.864,66.9743,238.337,310.85,603.15,664.093,1154.67,673.894,565.942,1.34262,3.60174,330.976,755.318,68.0221,108.313,37.9423,201.446,149.56,10.5076,303.506,1013.1,487.934,151.905,124.772,596.384,412.948,245.994,252.478,438.389,292.133,4.78145,153.544,706.355,145.802,448.043,443.989,5.99887,90.3717,53.3714,287.089,494.949,536.293,59.0465,20.313,30.4709,145.702,11.4071,22.3785,82.6053,116.771,191.821,74.9731,387.526,219.638,15.1766,387.699,269.631,56.6555,327.624,568.853,352.259,243.707,607.126,352.316,12.4285,57.6621,498.033,1501.08,698.98,63.2525,256.464,191.444,41.7721,25.7282,85.9214,544.916,301.614,301.777,131.276,259.098,122.008,972.099,475.318,0.689589,104.931,286.037,438.996,290.174,431.933,4328.27,16279.1,4156.15,26.4291,42.5919,249.997
68.359546485,326.504,274.998,443.182,666.092,718.698,47.5605,1.31686,57.6388,8.06475,174.417,187.531,408.756,1329.87,580.899,11.3205,76.2986,1017.48,766.835,35.4115,949.26,754.04,113.159,373.422,207.139,133.03,410.535,241.16,306.472,162.277,157.38,62.3043,320.999,238.708,57.6061,696.338,291.331,279.338,139.045,466.686,85.8013,12.7712,17.7224,4.19144,180.327,861.113,619.839,4.45363,840.984,83.0594,438.323,687.959,245.086,398.346,695.002,498.958,308.434,193.241,57.6779,535.082,2010.25,825.241,67.3198,585.189,574.781,72.3662,419.9,358.364,462.925,181.645,184.657,254.751,668.109,701.864,718.2,418.262,174.757,12.6432,422.815,83.9701,500.044,630.365,1586.85,13107.5,15227.7,1619.49,105.348,129.624,165.639,257.777,160.362,575.58,404.941,1594.35,1417.2,732.982,14.599,18.9478,483.38,767.634,181.711,210.824,133.141,341.585,264.943,11.6262,435.274,1701.29,1014.16,284.602,43.8073,610.173,556.201,163.364,279.442,324.42,256.446,25.0303,162.289,864.161,7.90604,786.397,575.02,30.8908,200.546,2.74201,412.365,637.938,357.662,151.115,69.2007,20.6045,208.7,5.34946,49.1877,118.286,260.018,248.4,37.6942,467.762,371.145,1.0018,326.908,159.825,108.048,272.801,550.427,345.846,176.359,797.848,628.958,103.023,27.8946,612.674,2075.95,826.225,36.2233,258.057,266.997,11.0643,19.2662,82.2887,542.991,496.764,444.613,183.47,186.832,422.636,1282.44,691.806,29.4493,63.6383,181.229,339.338,306.159,460.942,5000.63,16798.1,4386.76,50.5219,4.33075,353.171
69.845623583,269.418,287.215,762.617,986.746,709.944,52.2963,9.30237,74.063,8.06876,233.086,211.725,347.535,1693.76,904.858,45.5984,170.509,1215.53,957.028,10.9525,1363.84,928.492,135.245,499.937,194.49,55.7756,371.369,149.58,312.382,81.8334,222.733,183.877,458.074,301.534,26.2985,870.243,765.27,637.742,439.715,495.936,71.7897,29.5387,49.9834,22.0067,243.028,973.952,867.391,114.893,1104.56,318.656,774.026,983.929,68.9397,310.741,691.121,527.067,196.601,222.82,39.8726,786.736,2841.09,1047.75,94.9955,842.716,709.909,248.365,765.973,871.476,397.355,158.487,290.512,243.409,660.206,993.282,954.609,307.304,120.467,64.066,495.155,258.615,731.783,811.583,1346.15,12286.5,14269.7,1934.86,116.878,126.419,272.21,301.104,105.256,555.696,202.241,2100.34,2215.91,1033.65,97.9552,113.424,766.888,683.304,290.321,385.847,325.249,459.1,377.162,77.8065,692.05,2658.6,1754.79,431.894,31.1665,580.118,622.005,94.7832,279.112,200.795,224.535,88.1773,270.417,1110.2,74.3846,1178.99,783.916,124.087,296.283,40.0262,583.491,793.121,144.022,363.833,216.336,131.962,344.835,51.2836,84.5924,150.188,423.606,364.517,1.60464,604.477,532.195,43.571,280.916,89.3064,122.54,225.747,437.5,345.021,92.7346,959.675,965.567,318.739,82.2282,854.409,2553.42,973.371,5.88363,284.18,317.06,3.95439,19.79,87.2615,520.587,616.542,599.129,263.678,172.829,921.646,1705.68,828.208,102.906,57.3546,166.588,242.352,235.882,514.314,4956.82,17160.9,5017.2,117.59,14.0011,454.052
71.331700680,340.55,385.634,1096.12,1149.7,698.174,69.6609,16.9726,93.0347,49.5393,329.048,249.464,288.345,2029.49,1268.84,162.192,363.173,1373.79,1000.75,145.857,1898.87,1383.45,347.737,493.45,192.583,84.6932,370.617,69.4947,309.59,23.4768,256.582,346.265,628.263,316.624,55.4636,1012.73,1468.83,1206.4,901.13,507.39,40.6633,60.9362,93.4267,64.7304,325.384,952.225,1061.07,441.152,1417.45,744.278,1198.48,1358.11,15.1009,221.755,609.345,612.955,125.657,329.439,37.5933,1195.33,3506.25,1494.81,288.842,1114.39,683.505,507.679,1291.26,1591.72,412.391,187.29,371.579,180.084,575.364,1203.99,1154.62,217.974,70.8917,172.175,636.417,532.334,920.585,1035.06,785.951,11162.7,12658.9,1967.04,159.474,67.7299,408.277,392.24,185.323,505.905,186.25,2575.55,2890.75,1291.1,290.022,346.841,1153.81,555.38,336.46,688.812,616.846,459.195,475.586,264.062,1161.58,3593.7,2626.09,650.07,111.061,462.252,628.727,70.2929,313.567,97.3957,206.729,169.609,439.939,1488.43,470.884,1547.93,969.636,277.691,385.337,148.598,770.643,955.725,18.0477,708.783,569.488,496.751,597.155,144.213,95.4124,181.134,599.194,484.486,37.1388,750.896,714.22,144.945,204.426,64.4119,113.807,166.653,333.15,325.758,57.0529,996.04,1356.56,658.078,244.579,1161.3,2858.98,1101.74,6.93898,285.835,358.762,31.3085,34.1183,65.7511,525.612,586.299,700.547,441.925,320.727,1574.93,2021,890.712,211.505,80.4286,177.777,176.721,148.523,554.57,4239.4,17201.7,6002.02,241.402,95.1272,526.198
72.817777778,561.814,587.77,1354.77,1098.34,674.309,85.7217,19.9976,121.169,123.963,432.984,343.28,339.793,2252.56,1530.18,388.84,675.805,1371.63,919.594,427.753,2437.17,2213.77,780.228,360.696,207.022,229.884,421.703,82.9542,298.997,5.03763,242.003,542.607,753.403,308.617,121.728,1073.02,2246.81,1995.65,1379.58,511.001,7.80604,110.461,136.594,117.69,417.08,779.864,1155.02,953.847,1669.88,1203.24,1649.35,1717.02,181.52,196.57,566.898,812.205,207.561,514.236,127.493,1711.25,3781.89,2054.55,747.185,1318.52,519.72,785.802,1888.55,2428.84,602.215,303.407,386.763,105.304,445.446,1253.59,1245.51,186.13,45.369,280.616,815.876,834.972,1034.79,1151.72,290.374,9810.87,10747.7,1587.48,260.951,10.515,577.19,503.913,340.835,458.443,346.902,2919.82,3260.46,1379.9,574.527,712.238,1567.23,486.238,354.514,1125.44,918.438,378.589,501.35,587.054,1836.5,4202.94,3352.05,1002.63,278.724,283.468,581.548,142.817,387.118,73.1751,203.014,226.606,662.671,1948.91,1136.31,1823.51,1059.63,419.067,482.096,285.697,893.07,1150.49,99.1405,1143.51,1162.29,1160.87,994.246,266.105,80.1229,201.843,740.112,613.427,137.093,826.05,956.236,267.064,113.301,70.0233,120.667,116.919,265.386,330.706,72.2616,898.661,1712.5,1044.6,504.039,1463.77,2841.8,1241.98,51.3577,223.05,423.496,97.0159,50.3925,41.4079,510.855,479.81,681.477,761.964,704.951,2228.51,2119.3,832.639,339.762,126.611,161.047,169.688,140.28,499.396,3364.44,16545,7200.05,418.63,192.086,556.105
74.303854875,854.147,825.513,1516.97,815.749,667.38,89.7686,14.5921,174.34,207.747,481.199,512.393,608.349,2305.22,1519.72,741.076,1066.15,1157.27,765.308,730.07,2829.68,3339.76,1431.51,200.599,250.697,422.974,504.032,227.174,330.146,16.2505,172.985,770.091,785.093,269.754,209.52,990.427,2902.3,2956.51,1661.31,499.761,6.82519,198.011,165.526,137.24,534.633,483.236,1185.84,1528.66,1688.43,1577.56,2005.58,1902.92,585.883,308.573,744.969,1145.2,436.525,712.66,361.946,2262.15,3527.11,2483.98,1508.92,1427.72,286.666,1013.94,2324.52,3226.22,1062.54,501.049,305.543,47.838,337.924,1088.96,1222.29,226.494,23.756,363.699,1059.73,956.103,1088.08,1082.38,155.281,8248.44,9006.95,870.652,453.992,41.9875,687.038,609.754,529.719,408.252,518.886,3175.61,3202.45,1240.11,914.701,1098.97,1857.99,589.901,446.154,1673.84,1090.84,273.767,425.102,993.296,2647.33,4227.57,3640.2,1542.49,483.985,109.628,482.426,285.981,514.103,174.266,216.224,208.816,963.088,2407.73,1774.04,1964.92,1032,464.084,598.215,390.545,880.419,1404.93,429.511,1530.47,1871.09,2071.12,1554.09,382.139,45.0555,202.64,782.223,781.859,246.529,772.752,1281,379.523,42.6407,102.087,141.167,100.761,240.688,410.41,112.86,702.011,2007.94,1287.73,786.047,1711.41,2414.11,1396.28,151.88,106.771,538.891,198.961,49.6187,27.1145,459.736,381.764,566.52,1246.29,1287.19,2593.92,2043.25,628.612,453.135,215.461,90.9029,232.957,272.996,347.801,2702.11,15057.4,8310.65,625.421,202.357,615.815
75.789931973,1088.92,1018.66,1543.42,441.081,657.073,112.587,17.6231,253.984,274.52,446.302,730.911,1103.25,2172.6,1210.14,1158.39,1432.9,800.453,583.309,885.303,3020.53,4440.15,2219.06,172.054,333.473,560.44,582.748,489.745,420.757,42.4452,106.214,975.167,746.21,190.47,293.598,767.682,3304.58,3878.25,1652.74,459.784,74.4333,308.564,190.494,112.013,656.771,209.972,1195.86,1990.46,1427.4,1770.43,2091.67,1868.81,1124.75,597.712,1190.64,1605.85,724.732,835.315,739.495,2683.31,2833.98,2568.61,2430.33,1496.17,89.5194,1116.3,2435.55,3781.63,1750.88,740.475,175.104,22.5659,282.326,762.231,1117.61,318.368,5.6058,427.612,1301.57,877.217,1011.33,928.709,343.189,6679.39,7558.86,235.662,693.122,185.454,752.865,620.289,689.65,374.137,564.885,3365.18,2789.46,905.186,1217.88,1383.72,1907.82,872.698,735.344,2215.86,1087.14,171.442,295.109,1383.9,3379.96,3657.29,3374.14,2190.11,674.921,11.4964,370.054,405.048,679.551,427.171,250.463,130.446,1337.84,2709.57,2115.38,1933.98,901.35,397.632,698.897,438.782,736.492,1690.42,933.509,1718.11,2499.07,3049.46,2176.89,492.21,11.2242,177.007,721.348,967.612,316.871,635.225,1627,495.474,26.6646,161.091,156.891,103.557,282.01,567.857,139.51,542.35,2152.34,1300.02,988.56,1795.94,1720.27,1486,312.434,23.327,686.845,342.558,38.0326,18.0142,394.577,344.119,484.247,1816.95,1883.68,2536.39,1827.37,357.034,518.374,331.039,18.0506,351.678,562.308,213.708,2277.85,13013.8,8800.39,872.984,120.085,705.918
77.276009070,1141.14,1082.23,1454.48,141.114,625.931,177.844,44.649,359.108,312.957,336.484,977.798,1662.59,1895.86,727.033,1523,1688.82,427.418,416.861,806.911,2969.56,5133.04,3002.15,364.627,458.719,564.802,628.094,796.301,562.588,80.085,95.2365,1093.68,686.788,94.1373,349.43,473.42,3415.09,4499.95,1404.02,381.753,201.483,426.245,220.309,69.2968,755.156,99.9928,1236.77,2207.61,971.095,1743.22,1843.35,1633.32,1595.82,1038.59,1811.26,2105.6,949.467,820.155,1186.14,2815.22,1941.84,2260.58,3235.4,1585.21,35.0426,1054.51,2179.89,3935.15,2491.72,961.333,71.7497,26.2417,266.118,425.247,923.475,466.351,3.84383,538.841,1346.41,757.421,723.878,921.445,525.04,5373.91,6443.17,14.2927,812.821,449.216,839.929,452.863,852.421,328.635,524.933,3351.19,2268.99,479.039,1426.63,1435.77,1706.23,1237.75,1243.63,2607.49,937.538,93.1197,175.555,1653.81,3796.23,2709.91,2662.59,2785.07,815.125,13.2119,268.78,430.117,842.684,785.005,330.06,70.5161,1697.31,2748.9,2025.57,1716.87,719.224,248.614,775.888,412.139,546.171,1918.99,1451.58,1635.01,2830.5,3851.02,2687.79,600.972,1.71093,135.025,583.953,1139.35,329.084,498.39,1908.95,644.689,74.4201,228.353,152.75,106.181,372.28,774.424,160.035,520.782,2076.4,1106.16,1026.78,1669.97,980.097,1459.24,526.635,47.2924,826.677,512.393,39.275,11.4117,340.534,399.676,560.861,2293.13,2287.99,2091.76,1521.13,125.707,539.741,432.628,5.02041,510.983,967.894,219.271,1903.72,10871.9,8218.79,1183.57,22.5248,804.924
78.762086168,970.789,994.665,1274.09,29.6131,584.891,270.501,101.736,480.307,319.757,216.686,1198.46,2054.12,1549.97,280.831,1720.88,1766.41,175.006,286.653,549.865,2659.39,5162.99,3616.57,735.721,601.532,447.496,615.973,1047.76,720.186,131.553,145.065,1114.71,631.9,31.8439,351.882,210.052,3291.39,4622.71,1058.39,272.721,345.23,528.28,260.198,51.4007,800.309,202.976,1361.25,2122.32,495.298,1517.5,1364.37,1263.71,1808.22,1518.49,2418.2,2491.43,1015.45,686.392,1541.16,2619.05,1107.03,1700.25,3632.01,1736.24,163.8,834.484,1669.25,3626.18,3043.43,1122.12,35.6176,49.5129,273.203,170.441,707.732,615.205,50.4061,676.02,1210.59,593.363,373.626,1136.99,441.205,4535.22,5695.31,154.417,739.478,877.821,901.046,233.499,940.979,304.736,453.864,3113.09,1780.83,159.972,1475.42,1233.85,1324.3,1536.82,1833.3,2761.29,715.849,50.082,119.814,1717.06,3762.5,1704.15,1806.9,3107.12,923.422,78.7151,185.213,355.188,948.833,1139.34,479.291,124.607,1904.51,2516.9,1546.3,1375.26,522.216,101.718,808.916,342.537,392.478,2015.74,1795.39,1314.25,2755.6,4249.28,2898.05,715.15,32.5152,82.1421,438.307,1236.36,319.576,434.008,2039.91,843.076,168.809,277.661,126.292,99.5518,458.263,973.558,228.569,632.621,1806.79,786.36,891.956,1366.17,405.272,1301.04,773.259,190.662,932.542,657.332,73.4675,7.12188,331.462,529.734,788.589,2550.11,2330.84,1443.76,1161.45,37.0343,529.037,481.152,68.59,706.37,1403.14,417.835,1419.46,8986.34,6540.69,1534.89,18.8395,912.207
80.248163265,668.151,760.418,1063.05,112.48,539.705,355.001,184.551,590.573,308.928,146.702,1347.21,2080.99,1236.39,45.4649,1650.24,1711.64,84.6722,181.654,271.222,2154.68,4497.9,3897.96,1178.82,702.173,285.323,529.688,1180.89,847.291,183.83,220.659,1069.13,580.212,28.197,314.532,71.1159,2979.33,4267.96,736.165,159.527,454.034,592.252,297.514,84.4245,789.582,460.82,1532.11,1822.51,142.468,1186.36,854.305,830.596,1736.06,1838.92,2798.97,2652.14,894.742,500.162,1646.96,2175.18,517.874,1111.19,3478.72,1934.17,400.039,550.751,1051.02,2987.6,3163.49,1223.86,61.1936,77.1106,279.869,39.427,520.443,713.648,163.176,788.645,950.11,402.562,167.023,1456.1,201.289,4138.08,5299.63,383.202,579.987,1384.93,914.381,71.6683,976.471,287.762,431.772,2662.26,1404.7,78.7619,1333.8,874.08,882.707,1641.76,2275.28,2652.59,523.945,29.3081,132.381,1578.41,3263.97,957.891,1122.67,2979.95,1039.73,144.834,120.914,227.54,948.957,1394.77,682.198,311.819,1901.07,2045.83,930.289,953.987,363.829,37.307,761.675,294.596,331.793,1931.44,1846.76,862.732,2347.63,4100.89,2731.73,811.224,96.6613,41.1683,333.848,1205.43,346.099,466.108,1989.43,1026.65,297.688,281.083,94.2915,75.0225,500.709,1116.25,377.551,777.252,1452.96,444.871,625.389,1010.66,88.129,1057.61,1003.28,416.416,970.118,725.167,145.902,14.7731,358.645,694.931,1053.98,2511.66,2006.67,804.044,811.162,95.9712,496.632,474.756,160.183,922.261,1814.16,712.197,946.73,7346.73,4368.06,1754.2,194.538,1058.13
81.734240363,386.139,502.06,800.44,301.548,547.941,347.262,295.683,675.646,267.614,144.308,1469.13,1630.51,1082.84,56.0958,1273.29,1653.63,109.908,88.4751,83.3521,1651.23,3246.85,3873.82,1474.7,727.042,142.741,446.918,1086.77,962.897,208.533,258.742,1038.88,465.379,89.243,292.367,88.8279,2453.65,3725.77,462.264,53.0598,550.252,537.567,348.648,202.182,650.036,785.015,1735.35,1335.67,13.9141,918.519,424.2,406.997,1541.26,1736.93,2959.49,2429.49,713.706,266.833,1579.98,1504.08,266.259,752.578,2735.06,2211.98,565.702,324.408,484.365,2245.78,2739.48,1329.49,88.0694,87.351,296.435,10.8321,360.591,773.23,295.895,815.495,652.078,266.467,194.588,1708.81,115.722,3906.72,5292.75,426.329,537.68,1698.75,904.14,63.7125,1011.9,242.954,452.449,2155.92,1080.88,240.76,1038.03,526.267,458.528,1572.11,2277.57,2436.4,373.516,13.3627,174.012,1337.48,2416.39,642.487,772.924,2402.61,1194.84,140.605,95.8989,115.369,817.298,1472.81,947.745,532.008,1686.37,1475.64,435.37,516.166,278.926,48.2757,656.838,314.84,323.107,1716.56,1585.37,460.372,1699.87,3581.47,2130.64,930.431,145.244,23.9881,284.856,1081.97,380.045,589.718,1812.86,1045.16,483.586,213.126,83.2844,34.9783,510.719,1096.77,649.335,852.635,1084.59,167.885,365.348,682.984,22.0374,808.608,1123.19,720.733,840.462,745.802,241.204,31.934,363.696,907.552,1131.16,2270.15,1404.49,381.495,488.336,254.191,416.61,460.626,224.854,1035.6,2276.75,930.913,743.924,5789.26,2430.96,1711.81,640.433,1171.1
83.220317460,235.114,341.28,508.689,485.06,610.503,234.584,447.755,696.641,204.245,233.882,1529.2,933.062,1055.8,238.402,782.638,1596.01,208.563,26.2728,17.1191,1260.28,1813.32,3607.1,1459.67,687.637,89.2576,401.899,796.641,1040.31,217.184,256.207,1013.69,311.482,196.203,323.797,183.284,1845.44,3222.57,239.741,14.7394,633.477,373.442,400.358,391.839,419.491,1065.45,1866.58,797.204,140.298,734.96,148.123,134.873,1288.18,1241.59,2887.28,1915.97,531.77,81.4996,1421.18,796.721,302.301,614.962,1750.76,2463.17,565.129,181.327,172.497,1545.33,1923.29,1474.97,85.0751,88.1445,328.452,34.7636,245.85,799.871,393.454,709.087,474.07,180.542,487.993,1764.85,328.528,3734.86,5456.41,326.272,683.024,1687.58,862.163,259.485,1043.36,182.248,517.036,1712,724.867,574.705,698.063,270.601,167.116,1393.5,1774.83,2231.39,259.491,5.09663,231.125,1032.06,1521.5,743.074,643.734,1638.26,1344.96,81.3572,96.8806,80.2913,612.403,1331.12,1282.39,645.866,1348.63,983.734,153.603,188.076,251.356,68.3547,549.057,432.819,284.81,1449.87,1154.89,188.026,1065.63,2864.38,1293.23,1060.08,156.815,17.0732,324.18,914.463,358.599,824.896,1527.16,870.03,692.642,127.005,83.818,21.7746,482.134,904.084,1004.17,799.362,735.625,72.8259,184.79,426.064,171.79,589.693,1058.95,1068.31,562.932,739.17,341.812,42.5106,362.949,1116.88,929.516,1920.2,829.007,151.602,241.916,433.239,329.581,394.602,260.737,978.283,2802.81,1028.89,829.64,4348.55,1164.99,1422.82,1377.32,1176.79
84.706394558,231.138,322.441,246.545,605.834,678.09,101.278,577.518,698.735,109.972,403.7,1520.55,322.207,1075.81,475.354,367.172,1557.42,325.988,7.54559,48.499,969.615,702.792,3127.02,1183.48,602.131,180.473,390.321,439.299,1059.61,220.965,242.679,967.599,184.366,296.764,438.24,247.137,1361.71,2842.56,100.678,89.9995,675.655,188.784,437.653,598.989,190.353,1239.71,1867.2,349.278,423.932,636.305,30.2196,60.9012,1004.71,629.003,2558.67,1377.56,351.534,79.7381,1219,273.998,498.567,565.8,918.94,2560.42,454.412,111.25,131.44,995.903,1069.96,1593.76,84.2119,108.452,388.671,72.9428,174.918,821.097,371.565,580.328,408.381,129.098,986.911,1736.33,606.167,3644.3,5536.06,308.3,853.448,1542.4,670.223,597.472,1135.53,114.097,652.651,1336.21,371.247,915.221,429.938,130.494,94.823,1115.46,1050,2019.45,220.616,12.9442,295.498,720.404,823.465,1094.58,574.456,973.358,1408.24,31.8061,119.06,148.113,405.674,1052.25,1646.34,575.322,1014.08,695.867,49.9749,27.0224,247.822,55.0263,485.261,609.288,187.589,1211.34,759.698,57.4912,655.026,2114.52,551.703,1108.6,167.952,15.1065,451.225,770.205,254.832,1127.05,1199.14,578.473,862.096,82.6086,91.7384,69.8184,419.72,618.581,1345.59,615.889,471.888,176.727,88.3228,265.84,435.781,395.823,868.874,1326.54,294.066,677.717,475.676,35.5752,379.11,1284.36,539.36,1534.27,509.888,58.6809,102.964,545.439,234.786,299.852,258.523,826.238,3271.97,1116.63,978.401,3168.37,601.639,1041.98,2204.65,1138.44
86.192471655,300.497,394.548,97.6792,646.167,751.349,14.5869,609.41,714.403,22.3965,646.625,1441.55,29.1239,1037.6,705.864,129.199,1577.71,395.647,15.625,132.013,785.17,162.48,2442.86,892.394,531.44,414.827,346.959,176.689,1012.27,246.271,275.128,844.002,140.509,354.182,678.813,210.875,1105.36,2577.51,92.7661,264.972,668.777,71.5696,441.685,777.775,43.1062,1371.27,1686.84,98.1174,678.125,676.554,4.05237,140.474,698.442,158.18,2167.1,932.59,194.361,294.584,1084.77,26.0219,693.688,500.592,404.641,2542.36,335.947,81.8862,220.81,688.911,478.088,1638.17,111.015,160.425,471.492,112.399,159.594,848.834,241.474,456.332,414.498,171.326,1478.52,1781.9,637.829,3631.61,5526.69,412.945,875.357,1463.4,349.189,1080.35,1191.54,81.451,753.051,1126.74,125.563,1047.51,327.992,82.207,236.272,753.352,426.311,1823.84,275.009,38.2611,380.522,454.097,416.552,1457.28,493.582,599.404,1301.24,55.1306,174.009,314.328,231.678,784.028,1944.63,390.995,800.958,581.515,38.9444,3.75379,272.331,10.5366,468.348,739.303,74.6117,1123.43,509.897,12.4199,494.747,1550.39,103.499,1010.53,217.863,27.4415,648.362,696.749,137.839,1333.88,944.2,280.954,985.563,93.9027,99.5514,170.575,366.588,344.847,1606.15,386.815,300.589,376.866,70.1795,239.514,619.003,277.488,633.708,1450.58,119.502,541.337,688.817,31.2916,480.078,1308.24,195.723,1161.83,478.322,40.0399,87.8709,528.009,158.455,223.207,221.969,690.576,3522.36,1345.02,947.076,2332.83,479.268,748.069,2847.91,1150.27
87.678548753,369.07,475.321,82.3307,676.269,817.716,3.63597,538.625,740.682,8.19316,849.206,1421.39,36.7732,872.01,899.774,150.963,1745.14,348.254,18.8659,256.1,743.963,100.816,1621.4,887.238,571.688,803.188,213.688,49.5735,951.221,375.921,385.737,601.064,202.539,463.75,993.672,139.581,934.444,2459.94,243.436,435.008,656.667,45.2716,409.884,878.481,56.6829,1526.99,1414.54,18.0282,760.002,924.599,47.2611,285.055,386.891,9.49921,1930.83,623.159,93.0581,542.569,1183.72,73.4446,742.331,408.188,203.003,2538.03,350.362,63.1583,268.739,626.455,373.902,1516.28,180.101,244.414,602.374,117.075,153.431,952.314,75.7996,359.129,410.509,403.266,1743.93,1797.46,458.262,3633.03,5655.19,465.866,826.616,1507.18,106.733,1544.26,1208.27,82.4535,771.638,1173.8,83.971,825.077,431.859,151.19,534.101,360.37,71.9305,1730.77,445.001,75.8072,414.414,342.306,300.87,1567.41,469.467,507.727,1101.73,136.99,237.952,564.623,148.575,655.028,1948.32,331.04,793.251,540.313,47.085,57.9303,381.641,26.6197,417.345,759.181,78.7985,1267.12,433.005,6.03896,436.541,1268.78,34.0225,753.861,313.85,87.4491,901.634,687.939,91.3929,1342.6,789.438,148.143,1003.93,181.08,116.399,249.123,363.823,205.123,1778.52,227.042,191.31,535.088,170.172,361.825,560.519,256.129,479.727,1559.24,30.855,326.368,1026.65,145.766,769.493,1012.74,72.8291,997.312,561.678,39.8103,142.092,451.964,103.897,157.617,227.168,675.77,3424.2,1719.03,654.395,1854.56,471.076,675.118,3039.51,1311.33
89.164625850,444.701,462.945,155.289,811.031,892.24,33.0441,424.57,793.165,63.2072,910.556,1506.3,260.52,590.578,1051.52,548.911,2012.52,252.665,44.1233,483.834,846.77,255.849,900.199,1232.13,878.312,1290.81,82.134,4.07947,926.791,740.732,561.614,284.536,399.474,741.413,1242.58,125.537,817.414,2396.28,517.263,515.004,640.608,105.618,352.367,872.463,269.932,1700.69,1173.19,16.5849,711.474,1371.7,246.713,429.481,149.775,169.77,1902.51,563.982,44.9267,663.651,1544.09,436.54,624.094,311.693,305.547,2577.42,562.698,68.4925,257.215,736.238,698.584,1338.21,218.879,350.079,838.26,89.5552,113.331,1133.43,123.778,336.076,308.13,945.47,1768.11,1555.92,364.245,3942.79,6053.71,327.645,1037.49,1526.67,68.3164,1873.91,1218.15,83.7341,764.225,1499.27,310.138,408.927,693.039,461.554,919.929,72.8447,14.2368,1814.4,735.533,120.332,392.03,369.061,365.924,1390.15,572.398,624.914,899.932,195.756,322.215,853.307,224.989,604.642,1646.88,555.128,959.173,554.769,41.0947,161.561,629.315,249.04,320.744,715.775,410.921,1568.85,492.817,15.3498,370.436,1203.89,278.312,466.638,384.069,226.158,1175.84,716.947,145.579,1172.94,725.919,193.742,930.291,319.406,134.542,264.027,390.18,297.614,1915.01,201.442,98.6392,636.526,425.703,555.72,366.128,274.961,532.564,1754.72,51.5164,127.088,1459.61,584.395,1232.86,530.485,186.626,1109.64,636.586,35.3665,232.692,381.638,62.4909,125.674,324.457,858.776,2908.76,2102.11,215.87,1772.26,339.813,851.068,2785.7,1487.12
90.650702948,537.526,345.728,250.883,1102.31,1013.8,52.5527,362.555,810.143,166.311,886.273,1549.21,606.853,310.433,1121.4,1431.33,2342.29,164.885,102.765,758.306,1138.82,451.573,433.383,1787.91,1609.92,1765.64,38.1563,16.3617,962.487,1298.25,827.986,37.5707,759.501,1234.52,1279.65,188.085,740.795,2266.16,863.796,497.114,580.613,220.131,293.219,736.031,676.404,1839.26,973.59,40.4282,612.681,1953.98,735.225,551.384,59.176,519.506,2017.76,726.692,32.9644,664.661,2155.86,1054.5,431.222,221.78,618.557,2666.25,891.325,97.5119,226.81,987.181,1233.16,1206.07,159.059,524.845,1233.28,89.9665,81.2894,1440.76,516.32,380.362,233.635,1730.62,1735.95,1044.02,698.103,4956.33,6964.19,76.8167,1531.94,1433.62,229.303,2118.9,1195.18,65.8603,870.627,1972.26,787.525,98.6461,1042.89,1180.82,1377.86,12.0578,253.192,2161.19,1035.28,145.37,339.088,455.8,503.415,1014.73,806.738,868.96,718.824,183.101,442.117,1086.04,453.619,545.047,1211.28,1020.53,1220.57,621.72,29.135,343.529,1032.01,718.347,268.919,707.494,1178.97,1966.36,579.585,32.7524,256.751,1326.23,649.628,231.622,378.846,441.423,1397.93,772.893,249.656,901.908,734.047,313.86,797.845,464.136,132.584,236.749,403.779,555.935,2101.06,343.171,15.8644,773.84,796.479,702.617,183.442,294.332,839.096,2093.1,204.624,78.5241,1951.68,1427.11,1731.83,168.856,443.451,1501.96,720.221,20.0405,368.322,347.838,35.2461,205.365,489.341,1092.92,2201.95,2222.5,6.12112,2073.34,162.155,1229.34,2186.29,1556.39
92.136780045,671.692,180.298,366.559,1408.4,1218.6,67.1217,410.163,803.119,218.245,893.206,1378.34,976.871,114.49,1251.84,2677.29,2607.93,160.411,184.584,1034.52,1556.21,605.9,276.638,2364.03,2650.09,2165.52,129.734,105.467,1040.84,1788.77,1252.4,69.3682,1277.05,1754.27,1169.86,260.029,627.463,2068.18,1153.71,417.135,464.885,350.375,201.526,572.808,1106.51,1873.57,808.46,55.5223,560.539,2437.23,1624.35,736.7,123.674,825.394,2173.52,1048.96,49.2999,741.151,2814.15,1790.55,295.428,183.32,942.316,2736.41,1241.76,140.945,247.256,1369.59,1680.22,1100.01,48.3407,826.024,1845.31,221.153,194.746,1771.11,1171.36,581.898,377.377,2558.29,1694.43,553.827,1614.38,6957.1,8384.1,92.3268,1974.88,1333.96,490.626,2163.09,1298.94,21.3917,1104.19,2363.13,1463.75,98.053,1557.75,2322.48,1823.29,216.844,763.016,2786.58,1253.49,140.55,244.674,560.762,589.876,625.507,1035.1,1152.18,576.41,130.962,550.312,1164.75,826.118,396.573,881.428,1459.57,1473.98,756.425,65.5264,613.896,1454.31,1379.68,399.382,938.551,2196.43,2312.47,665.452,54.161,180.017,1507.78,1028.45,71.7395,350.837,625.373,1522.77,843.99,289.002,656.476,720.745,429.225,594.545,597.378,111.292,198.477,394.888,818.296,2302.91,689.531,14.8668,1009.33,1206.68,693.701,97.4563,315.435,1445.51,2475.33,447.546,208.127,2479.92,2640.53,2073.82,89.1781,733.012,2180.59,880.889,20.3971,558.07,390.822,34.5739,396.977,691.124,1198.59,1513.42,1946.11,405.929,2845.1,224.538,1636.78,1447.61,1437.89
93.622857143,832.741,88.4728,511.439,1602.22,1371.29,152.769,612.675,838.097,161.74,936.995,1024.41,1230.23,144.791,1586.91,3944.96,2648.4,293.772,306.411,1269.2,1864.75,784.551,412.433,2810.56,3605.66,2463.58,359.49,285.033,1096.2,1955.57,1819.1,551.772,1965.72,1995.34,1023.98,260.308,523.659,1731.68,1318.76,276.291,361.446,411.165,116.678,428.807,1390.99,1740.06,690.025,40.6977,526.01,2721.61,2771.09,1090.19,292.906,937.466,2227.31,1486.33,133.611,974.191,3234.85,2519.42,316.117,205.811,1018.82,2821.11,1482.92,186.206,358.123,1809.2,1865.57,941.894,17.6494,1223.57,2743.46,618.487,562.041,1954.13,1824.04,1029.92,882.985,3124.18,1664.22,403.512,2989.32,9702.34,10161.5,703.19,2077.12,1249.12,655.082,2010.87,1650.65,41.5526,1338.7,2428.51,2263.5,553.663,2302.1,3564.88,2208.53,616.707,1484.39,3591.66,1355.05,110.39,127.684,669.866,559.149,347.733,1099.99,1374.67,512.325,92.929,567.182,1100.24,1232.53,240.986,709.523,1656.47,1623.86,920.305,187.049,906.898,1800.5,1995.91,817.872,1504.2,3215.16,2355.57,796.077,75.3487,195.352,1561.05,1439.01,26.8406,331.511,641.777,1599.69,869.956,241.149,452.542,625.218,480.483,364.349,702.652,92.6132,206.174,319.514,1006.4,2434.01,1118.07,159.139,1414.64,1557.99,522.154,124.676,391.092,2212.04,2807.96,684.017,444.825,3048.29,3891.02,2205.89,238.14,1037.91,3007.61,1216.78,92.3988,784.54,486.069,84.0855,658.692,917.152,1011.04,1020.02,1381.05,1645.9,4137.83,835.911,1853.49,790.375,1160.74
95.108934240,984.642,147.598,680.081,1614.97,1349.25,370.876,953.889,982.177,63.2945,978.313,601.967,1276.3,459.786,2176.15,4873.3,2441.85,477.53,475.343,1403.85,1865.53,1043.05,773.442,2983.69,4063.73,2674.52,620.414,485.593,1112.34,1713.47,2397.93,1497.52,2789.6,1815.2,874.546,189.857,454.758,1287.41,1315.54,132.558,320.448,329.385,81.6011,361.137,1433.32,1414.8,637.978,12.6465,402.85,2910.9,3827.89,1541.43,527.907,842.952,2070.68,1952.96,350.24,1202.06,3304.22,3071.09,528.954,273.849,808.675,2899.5,1530.12,215.716,554.045,2228.01,1696.05,762.077,113.154,1609.34,3917,1417.52,1145.46,1854.11,2259.4,1737.06,1654.97,3201.38,1689.42,688.405,4401.06,12528.9,11832.3,1930.92,1827.9,1106.95,627.001,1743.54,2196.18,304.141,1438.95,2110.32,3009.18,1458.43,3201.13,4446.83,2487.57,1030.88,2243.21,4450.27,1367.32,67.3154,34.2171,768.69,469.331,207.846,958.827,1436.9,550.346,119.233,449.946,963.91,1493.27,210.131,678.661,1555.97,1545.1,1089.26,400.659,1055.51,2023.1,2360.9,1390.86,2325.89,4063.25,1996.59,924.02,130.821,232.749,1445.49,1899.47,168.712,307.519,521.404,1595.28,805.24,135.345,299.892,461.954,435.376,175.856,737.586,155.183,282.746,183.577,1118.31,2394.82,1424.5,507.825,2018.83,1711.5,301.841,224.719,559.632,2884.28,3043.77,785.665,693.336,3647.3,4699.16,2138.64,481.569,1383.26,3742.73,1696.82,307.229,1000.04,557.989,194.335,948.971,1128.61,597.854,755.852,886.994,3571.54,5864.39,2071.12,1779.5,347.184,830.979
96.595011338,1192.83,315.772,795.499,1514.45,1066.16,742.593,1413.29,1175.89,74.5793,991.149,226.411,1162.91,949.229,2919.9,5292.74,1969.01,633.974,690.678,1326.58,1607.66,1284.97,1241.97,2782.82,3891.94,2717.54,776.972,695.127,1001.31,1259.37,2742.59,2734.63,3613.52,1318.58,715.149,137.382,395.361,821.34,1176.52,85.247,318.318,185.196,84.8096,365.726,1306.77,918.838,682.478,15.5477,205.701,3081.34,4371.25,2006.17,756.057,591.545,1732.34,2269.57,745.803,1249.5,3014.75,3332.21,828.998,371.392,450.249,2957.39,1413.12,210.211,817.468,2470.69,1324.87,561.812,312.686,1865.85,5127.44,2776.51,1744.17,1458.62,2376.23,2421.15,2658.73,2624.04,1845.01,1366.22,5039.54,14785.9,13009.5,3086.64,1611.06,708.817,573.086,1430.61,2935.08,813.249,1323.65,1507.83,3526.61,2703.8,3860.31,4746.51,2552.76,1239.56,2930.84,5102.46,1379.1,36.6134,0.757623,881.219,423.166,174.61,680.459,1308.83,644.935,227.07,257.959,804.83,1490,373.975,770.215,1166.17,1289.71,1139.18,692.619,966.445,2083.92,2345.53,1867.9,3314.73,4422.75,1450.76,919.637,301.72,236.18,1239.49,2415.13,478.672,272.25,357.828,1525.84,621.519,41.0511,205.326,264.426,344.936,65.0543,658.66,374.38,451.448,48.0452,1191.05,2100.99,1516.84,1008.33,2657.85,1748.47,106.8,353.24,762.5,3299.58,3095.87,714.649,948.853,3970.38,4960.25,1799.19,712.537,1776.09,4054.34,2281.1,655.265,1060.97,640.667,288.105,1184.62,1391.87,221.075,668.079,743.474,5411.89,8190.97,3612.81,1354.35,161.309,640.432
98.081088435,1495.2,499.275,793.771,1384.74,610.12,1228.22,1878.08,1319.77,276.158,996.021,21.5261,932.191,1425.84,3640.67,5083.63,1403.43,682.332,955.79,973.821,1274.04,1305.25,1730.17,2208.65,3240.39,2570.6,720.774,945.982,724.076,847.392,2599.15,4018.63,4305.14,726.048,554.909,135.87,361.21,418.186,1008.06,241.199,324.388,76.9448,97.8256,361.661,1188.65,374.854,852.92,94.9145,119.493,3082.08,4284.69,2326.51,877.33,315.775,1274.29,2348.66,1239.35,1045.69,2482.93,3231.65,1114.24,430.006,176.881,2890.75,1352.78,159.364,1174.08,2307.52,1023.3,304.717,652.66,1905.88,5840.2,4870.88,2239.68,860.416,2243.89,2656.85,3757.88,1737.39,1960.07,2418.78,4377.15,16021.3,13851.4,3152.19,1740.16,199.539,713.724,1500.53,3820.68,1234.94,1110.13,728.512,3924.21,3977.01,3775.73,4635.59,2235.61,1228.59,3336.82,5303.55,1490.34,59.3516,68.9098,994.913,477.558,202.429,363.344,1093.47,685.958,363.26,117.744,686.898,1198.06,680.319,978.837,603.251,1004.86,963.017,1044.53,661.652,2010.41,1986.86,2026.15,4290.6,4149.13,930.901,752.087,617.23,230.384,1073.25,3024.56,845.949,201.761,213.334,1491.07,338.338,15.422,186.354,111.5,265.676,25.1996,519.052,717.932,699.179,40.2003,1257.56,1552.08,1428.02,1480.42,3070.09,1834.29,20.0901,490.498,848.005,3429.2,2966.45,492.388,1168.09,3790.17,4713.39,1287.83,847.313,2165.11,3655.94,2953.92,1077.73,831.331,831.758,251.691,1359.71,1860.61,219.312,797.489,829.321,6408.89,11230.6,4952.57,763.23,239.123,600.345
99.567165533,1943.64,586.184,728.567,1251.58,239.422,1633.17,2214.74,1361.56,587.573,1038.06,47.1462,634.053,1711.1,4200.31,4178.92,1000.49,607.88,1234.36,495.078,932.826,1083.76,2074.95,1466.67,2374.35,2299.9,486.21,1165.28,442.159,543.103,2052.31,4922.25,4818.42,299.185,404.941,153.379,383.91,170.807,845.393,658.116,381.516,35.6874,135.158,306.784,1144.98,49.0815,1176.05,267.773,262.073,2756.05,3755.47,2249.21,940.583,85.9488,816.598,2173.07,1752.08,620.284,1882.42,2766.96,1306.87,395.249,65.6495,2829.25,1399.68,144.127,1475.92,1866.81,785.779,119.68,1095.28,1663.49,5797.12,7605.56,2644.01,442.896,1760.67,2558.17,4530.08,1067.5,1842.75,3776.61,2702.38,16320.1,14549.4,2035.59,2274.42,184.278,1128.13,2111.58,4831.08,1373.48,848.943,137.305,4248.52,4929.08,2916.92,4231.7,1619.34,1049.07,3215.56,5139.34,1577.87,140.487,263.425,1140.82,549.213,249.121,114.535,895.91,600.584,488.092,91.3196,662.733,748.218,996.944,1267.18,137.264,770.188,648.549,1381.75,297.583,1842.73,1491.2,1827.01,5012.42,3328.07,579.422,519.15,1036.79,254.17,1098.07,3592.56,1213.52,106.617,139.708,1521.33,124.972,98.9998,277.485,135.809,257.361,11.6522,462.019,1030.75,921.035,266.848,1377.82,861.12,1223.46,1656.22,3255.32,1890.54,106.267,642.338,728.434,3310.05,2755.75,227.294,1195.32,3236.89,3954.97,865.609,800.902,2461.19,2657.62,3518.86,1558.05,414.07,1171.75,115.917,1675.73,2512.89,718.959,1222.79,963.586,6258.07,14722.6,5916.77,264.258,558.315,612.472
101.053242630,2493.87,583.821,674.193,1196.1,104.107,1809.01,2284.22,1315.39,822.536,1112.8,315.224,350.681,1770,4389.25,2862.54,857.275,531.676,1460.34,121.508,629.525,752.117,2073.07,860.691,1554.78,2060.4,219.601,1237.93,291.239,378.189,1297.28,5211.2,5104.82,215.65,285.432,141.5,427.271,114.522,769.472,1197.84,538.251,114.351,208.391,223.888,1183.24,147.98,1555.14,588.565,615.717,2102.21,3038.27,1707.71,993.197,31.8369,417.101,1885.94,2147.09,204.962,1301.97,2067.03,1358.26,279.173,133.552,2828.69,1555.24,222.697,1592.87,1314.7,591.929,122.206,1556.77,1153.91,5299.44,10324.9,3174.36,432.035,1264.27,2140.38,4984.05,676.32,1570.24,5128.03,929.273,16559.4,15274.3,710.569,3049.1,826.384,1828.85,3308.69,5771.28,1193.9,638.106,18.8926,4506.62,5358.65,1657.85,3644.66,957.874,769.692,2607.02,4669.37,1552,253.179,557.287,1308.97,553.75,286.616,3.64857,778.545,394.04,592.14,219.019,695.348,354.416,1151.54,1597.1,12.0296,691.02,405.821,1602.26,65.3815,1568.97,1129.32,1455.83,5301.42,2243.95,411.758,367.412,1425.45,385.571,1332.63,3930.31,1542.01,32.3393,154.152,1639.23,167.258,303.808,501.333,440.746,451.847,24.8101,584.204,1158.36,1033.55,757.187,1508.03,287.349,963.441,1440.78,3204.06,1835.88,338.859,802.183,422.71,3079.22,2566.38,43.6979,983.341,2481.63,2924.98,615.788,651.566,2559.87,1455.42,3802.11,2068.91,101.645,1611.16,108.362,2245.93,3363.09,1502.38,1788.06,1053.25,5266.97,18202.7,6683.85,74.6023,985.855,638.905
102.539319728,3078.26,559.219,674.812,1264.59,254.507,1674.89,2075.89,1169.11,851.668,1201.98,703.867,178.553,1710.81,4142.73,1546.35,924.672,611.014,1568.8,2.80708,449.149,451.683,1717.82,509.204,1030.29,1982.56,99.952,1114.9,265.341,371.514,563.057,5027.35,5055.24,425.747,236.606,73.8366,470.282,195.231,804.187,1661.8,774.546,331.42,347.958,199.112,1334.5,559.898,1865.59,1097.17,1049.72,1306.09,2294.56,934.651,1055.21,237.389,148.835,1674.88,2283.69,4.06048,857.808,1310.2,1282.32,138.639,356.543,2837.95,1750.05,412.273,1439.32,836.687,415.301,347.39,1899.73,621.691,4667.97,12399.2,3974.95,869.337,935.853,1687.37,5114.31,611.199,1325.32,5936.73,270.904,17608.2,16432.4,278.877,3780.64,1803.78,2796.43,4828.11,6266.98,950.18,519.65,358.623,4758.83,5216.85,570.519,2963.72,500.508,492.338,1736.22,4000.65,1376.43,348.337,855.248,1506.92,438.873,317.453,51.3597,711.46,196.835,610.82,535.775,760.169,102.89,1065.03,1916.96,381.517,827.03,479.853,1615.18,32.7082,1296.29,990.804,1253.76,5072.67,1255.25,365.126,369.49,1650.53,645.45,1637.84,3950.97,1741.59,32.3755,242.187,1951.74,489.401,572.38,828.764,1039.95,960.797,179.127,920.73,1019.07,1036.86,1405.19,1579.98,20.0701,713.081,933.386,2975.05,1595.12,619.45,964.535,107.654,2768.48,2481.5,46.9338,596.034,1744.2,1876.78,517.217,557.031,2389.01,498.345,3767,2599.71,125.04,2051.41,450.258,3046.27,4312.51,2195.72,2242.66,1100.6,4188.09,21106.5,7636.35,228.352,1264.16,742.892
104.025396825,3692.97,567.428,678.677,1444.55,664.194,1232,1728.01,896.855,707.471,1230.48,1051.1,155.583,1761.95,3528.71,569.074,1091.96,940.267,1507.85,141.209,418.635,366.278,1126.98,406.249,968.106,1988.12,248.911,886.442,268.738,454.541,110.351,4608.21,4787.5,629.53,280.943,8.4905,527.753,252.852,942.377,1984.88,937.209,629.295,618.852,416.977,1601.09,895.97,2117.4,1800.55,1272.88,668.641,1557.13,325.898,1149.41,707.485,102.323,1591.54,2137.38,118.283,562.156,747.747,1118.59,36.3859,655.665,2802.74,1827.47,656.114,1073.97,530.422,247.103,722.565,2055.73,311.06,4159.78,13324.5,5089.74,1444.34,849.227,1568.24,4981.65,736.957,1206.45,5909.15,1398.34,19578.5,18546.6,1287.95,4098.32,2707.02,3947.11,5895.74,6165.31,946.373,538.876,869.497,4882.77,4824.06,81.8891,2174.57,389.561,335.478,898.111,3315.56,1025.71,384.531,1014.87,1785.87,242.583,363.02,223.392,650.363,91.5475,566.141,987.886,816.334,5.52224,819.754,2128.82,1193.23,1243.49,963.272,1411.98,149.896,1103.3,997.187,1414.54,4540.17,549.801,353.501,461.487,1713.61,974.644,1723.7,3789,1677.93,111.58,388.034,2556.25,1067.28,770.482,1134.32,1921.5,1864.62,637.864,1295.71,753.727,862.005,2065.37,1632.43,35.2578,481.725,396.984,2670.75,1175.14,838.59,1130.41,4.35483,2318.25,2489.38,300.432,201.402,1135.53,1042.39,469.413,606.038,2016.22,45.2203,3478.52,3155.72,525.631,2343.96,1188.04,3981.29,5080.49,2442.25,2495.36,1124.56,3720.33,22756.9,9240.58,595.611,1170.73,1003.91
105.511473923,4134.67,722.171,659.987,1597.65,1204.8,689.359,1355.73,555.794,518.003,1094.93,1284.57,300.07,1949.43,2808.91,66.8237,1253.87,1397.24,1337.44,421.06,490.81,559.901,610.458,409.516,1293.53,2014.36,590.067,668.613,222.337,566.409,14.4339,4245.75,4410.34,615.171,392.206,106.318,634.959,194.599,1162.53,2191.66,869.418,968.982,1062.57,990.419,1896.43,955.829,2245.2,2631.67,1214.84,265.105,904.264,174.42,1313.35,1398.33,311.931,1476.57,1880.22,493.316,377.589,453.893,1007.78,9.27547,939.896,2583.22,1767.72,777.795,704.619,348.136,118.063,1128.64,2017.26,326.705,3842.88,12978.8,6187.97,1889.97,879.19,1889.95,4842.84,766.998,1195.7,5216.68,3751.38,22046.4,21680.9,3378.95,3747.38,3339.79,4775.8,6141.47,5369.88,1351.52,687.654,1272.98,4617.81,4630.72,276.762,1316.85,569.118,316.719,519.196,2588.44,628.047,323.724,1067.63,2014.09,155.451,435.265,463.247,527.953,107.656,566.785,1404.56,840.297,31.8867,553.124,2137.21,2275.06,1908.4,1631.14,1180.29,270.398,956.533,1066.28,1832.82,3972.21,192.026,359.684,481.006,1739.08,1204.75,1535.15,3433.7,1419,232.689,647.404,3272.15,1912.6,865.951,1216.42,3030.46,3204.9,1414.98,1471.55,521.432,589.139,2607.57,1650.12,171.343,315.439,122.217,2271.92,759.161,917.748,1318.11,185.398,1732.75,2514.84,709.704,12.1747,689.192,471.538,421.384,764.157,1569.04,85.8428,3084.06,3597.89,1225.17,2379.44,2022.41,4950.14,5395.37,2114.89,2531.03,1154.66,3905.77,23244.2,11093.1,1026.66,824.033,1337.34
106.997551020,4286.53,1012.87,558.296,1690.14,1654.36,272.647,1017.31,308.505,361.707,804.089,1362.72,590.976,2102.35,2203.63,28.3947,1303.58,1794.63,1075.66,688.977,641.708,918.343,372.043,435.319,1816.93,1955.59,924.723,512.905,131.079,626.865,252.036,4052.91,3920.16,399.385,558.028,450.914,835.39,59.7296,1483.64,2239.32,609.502,1264.75,1658.74,1823.54,2118.12,737.253,2213.61,3406.27,960.869,87.9259,474.765,444.321,1592.56,2144.49,740.509,1251.71,1582.25,921.315,300.671,403.856,972.674,79.4162,1050.99,2239.71,1512.96,712.048,407.628,239.774,86.9411,1426.36,1824.88,515.16,3762.72,11434.8,6807.65,2012.83,923.254,2507.67,4633.34,694.052,1246.31,4210.05,5943.1,24352.1,25005,5569.16,2888.75,3379.48,5077,5374.88,4187.37,1895.75,946.01,1385.47,3932.82,4759.4,889.202,612.727,829.629,388.584,643.999,1981.11,273.338,187.014,1065.79,2068.83,289.433,557.268,684.874,359.826,192.176,638.683,1636.3,835.315,123.551,343.099,1913.02,3347.7,2709.96,2137.77,1012.82,266.869,856.816,1099.93,2199.92,3451.6,227.516,374.331,355.874,1788.88,1237.87,1183.43,2932.32,1034.56,344.14,979.51,3977.97,2825.99,858.204,1054.54,4174.19,4851.22,2359.29,1347.44,380.66,392.066,2840.65,1692.61,268.191,220.016,151.887,1836.34,503.1,869.928,1539.65,508.625,1137.64,2457.71,1097.55,57.1486,408.159,169.917,312.979,899.567,1126.93,444.844,2702.9,3685.58,2022.13,2127.38,2577.34,5716.9,5167.2,1376.68,2366.56,1186.61,4478.97,22705.8,12437.6,1390.65,418.47,1644.94
108.483628118,4150.96,1317.27,379.047,1699.57,1858.31,82.0331,759.844,265.654,273.079,447.248,1293.47,906.855,2073.77,1802.29,213.015,1234.6,1974.03,769.234,802.537,866.54,1206.72,433.065,541.05,2284.45,1719.76,1086.63,428.434,51.1875,570.691,676.614,3939.6,3329.32,133.985,769.91,977.326,1128.55,6.17911,1871.95,2137.47,294.344,1409.03,2270.11,2706.4,2195.34,381.749,2011.85,3879.49,765.598,46.9189,338.216,933.64,1979.8,2705.38,1283.81,881.507,1311.09,1150.22,315.397,505.18,961.314,224.762,930.462,1846.83,1081.31,503.887,209.599,169.75,153.366,1514.17,1561.99,632.663,3767.1,9144.34,6489.14,1845.48,846.177,3119.09,4323.17,577.227,1195.85,3339.85,6558.66,25876.8,27131.9,6866.55,1924.12,2716.68,4870.51,3826.17,2929.18,2210.98,1295.24,1143.71,3007.29,5078.79,1510.88,189.364,976.591,559.539,1020.49,1589.35,42.427,64.7522,1038.8,1913.87,588.857,740.588,815.365,189.038,292.803,729.307,1608.77,835.245,173.304,208.511,1542.69,4109.79,3415.26,2246.27,922.131,139.259,761.157,1012.74,2233.39,2995.37,536.192,386.503,157.743,1871.38,1094.4,803.637,2417.23,603.742,399.39,1282.51,4551.35,3514.64,772.31,780.989,5055.54,6499.68,3215.98,981.113,332.455,375.097,2673.85,1781.55,235.281,184.422,351.753,1446.53,420.579,785.769,1810.82,739.324,657.948,2244.26,1342.77,243.649,254.246,49.3971,165.592,887.987,759.126,809.623,2375.12,3277.66,2648.08,1653.1,2644.44,5995.27,4467.01,595.536,2029.84,1229.99,4921.13,21302.7,12636.8,1570.58,128.13,1851.88
109.969705215,3842.37,1455.23,200.553,1578.93,1824.44,111.792,580.356,383.22,274.802,148.743,1146.67,1033.9,1892.71,1494.5,391.359,1091.28,1920.59,451.489,763.917,1077.95,1277.16,677.499,857.591,2499.99,1302.16,1034.41,383.997,35.7965,436.705,1103.93,3700.61,2660.55,33.8005,958.901,1568.09,1457.79,170.249,2184.08,2012.62,60.9445,1312.8,2735.1,3404.5,2034.42,104.586,1721.85,3847.97,870.77,73.2442,461.295,1441.71,2308.27,2951.61,1768.63,467.142,1069.42,1105.15,368.46,596.816,948.767,375.089,692.084,1425.66,601.34,285.182,95.3918,107.2,257.745,1409.51,1304.51,554.531,3575.95,6669.72,5206.25,1523.47,698.581,3273.94,4047.73,430.982,986.984,2739.55,5282.47,25992.7,27131.2,6699.78,1136.25,1817.24,3928.75,2333.92,1728.62,2121,1572.48,741.461,2114.81,5286.72,1877.13,21.5625,981.073,837.748,1279.8,1424.63,16.7526,46.087,966.063,1619.79,869.621,967.853,833.726,63.3304,364.416,764.686,1354.21,857.197,135.216,125.234,1160.28,4417.96,3690.03,2001.43,816.063,24.2999,652.85,767.536,1903.6,2517.43,913.913,428.435,69.0215,1870.42,917.132,547.284,1953.43,260.471,354.488,1507.65,4790.05,3776,662.445,575.053,5378,7785.13,3727.93,546.326,337.188,497.015,2217.89,1834.63,123.464,197.601,532.021,1119.18,437.73,775.063,2090.14,768.282,348.156,1829.14,1464.94,455.859,173.027,11.9091,67.2927,716.664,478.949,964.557,2028.76,2498.84,2848.3,1113.95,2231.72,5647.18,3493.15,117.271,1583.89,1264.06,4730.53,19404.8,11307.9,1575.66,34.2399,1875.6
111.455782313,3388.88,1406.28,75.7216,1344.89,1635.45,280.527,437.918,536.404,319.313,60.4873,986.074,860.106,1607.26,1175.62,452.726,918.138,1688.28,197.765,705.761,1094.1,1177.26,966.131,1334.61,2455.68,783.058,860.5,343.491,65.6576,317.967,1315.22,3277.91,1957.19,158.469,1081.71,2121.08,1667.78,530.452,2401.01,1870.13,7.29726,1033.07,2897.61,3669.21,1712.16,19.8905,1373.57,3409.67,1210.51,176.177,758.852,1845.37,2340.51,2853.75,2040.1,168.212,841.851,888.268,393.822,579.362,942.098,428.132,477.688,1002.74,226.522,158.537,35.593,44.5232,352.133,1156.22,1112.81,286.059,3193.83,4263.95,3514.74,1224.79,494.84,3019.29,3510.11,509.239,772.353,2163,3122.34,24313.1,24976.7,5207.49,598.514,1147.9,2516.96,1246.21,836.463,1684.52,1600.9,436.726,1551.43,5038.58,1986.45,27.4105,950.735,1104.61,1314.38,1349.25,183.295,155.069,932.39,1167.89,1041.84,1150.48,765.649,3.43731,425.327,650.248,1037.03,828.095,61.6303,67.7298,875.384,4284.67,3386.8,1531.77,665.201,14.2714,537.931,428.212,1421.37,1935.06,1174.71,523.44,198.104,1674.25,824.317,556.419,1544.45,69.7609,245.107,1565.14,4631.83,3512.11,595.527,512.673,5100.35,8265.08,3841.26,194.732,376.777,615.284,1668.52,1728.74,66.4391,241.63,586.739,821.462,486.348,876.074,2187.46,699.833,194.663,1309.5,1456.59,633.915,123.861,3.4606,28.5467,542.35,254.247,929.969,1579.15,1605.66,2601.17,615.619,1655.66,4642.61,2541.96,36.7334,1148.87,1231.32,3912.2,17309.1,8603.85,1535.27,103.676,1669.09
112.941859410,2724.89,1311.62,46.5708,996.677,1417.29,446.84,305.211,651.592,365.037,140.844,848.504,472.192,1292.42,831.687,381.636,697.15,1377.01,119.953,632.282,932.811,925.052,1210.98,1769.65,2246.61,310.217,638.597,311.799,109.987,205.119,1281.41,2632.91,1353.38,353.632,1185.33,2450.96,1671.5,969.423,2418.38,1759.29,118.212,671.897,2726.71,3403.9,1333.52,93.2502,1047.23,2720.09,1565.39,402.283,1112.59,1997.95,2023.87,2431.37,2023.82,77.672,679.049,589.419,363.614,457.791,912.705,374.684,299.802,687.937,33.3268,107.144,13.4268,9.99865,375.13,852.929,913.584,46.9258,2639.59,2305.94,1973.56,1002,348.685,2421.1,2798.03,747.792,621.058,1493.15,1287.12,21309.6,21170,3210.59,309.792,735.977,1326.92,564.848,312.379,1160.76,1269.87,375.387,1396.93,4296.63,1870.92,161.498,907.924,1239.1,1118.32,1292.53,449.836,330.034,907.121,694.766,1034.44,1211.96,633.737,33.5737,479.083,415.734,736.95,731.614,7.84414,44.1942,774.08,3685.94,2720.7,946.567,535.835,68.3911,440.81,128.43,945.147,1345.13,1163.02,658.153,474.283,1334.46,812.585,755.328,1234.21,22.4372,126.224,1409.46,4135.64,2800.57,592.794,583.201,4323.21,7783.12,3578.61,48.5507,424.103,614.617,1150.48,1456.5,133.127,310.162,489.466,583.523,459.586,959.324,2116.87,589.138,150.676,853.417,1260.08,740.295,97.3971,7.31565,30.0115,407.969,115.218,804.529,1081.8,869.738,2047.16,278.72,1187.39,3227.95,1831.07,155.877,885.582,1040.63,3023.05,14917.2,5571.47,1400.82,292.374,1286.5
114.427936508,2003.52,1188.46,121.637,620.637,1198.28,503.187,201.911,661.659,413.312,274.826,722.805,132.473,953.448,522.004,237.145,425.056,1102.09,200.982,539.431,691.585,590.725,1363.82,1921.18,1952.56,53.6559,457.158,244.227,156.797,101.346,1074.23,1865.96,900.204,436.363,1356.13,2367.77,1507.5,1282.52,2190.95,1668.17,299.473,353.113,2291.69,2713.41,980.114,211.015,795.986,1940.88,1725.81,742.784,1371.45,1868.87,1445.6,1824.03,1738.54,204.85,581.406,307.991,275.72,288.185,848.675,263.341,173.124,503.452,3.29255,95.3496,15.0006,1.47759,325.625,562.503,672.237,62.3199,2005.92,998.855,891.383,863.81,369.163,1586.2,2152.84,887.362,487.21,856.045,463.139,17704.5,16855.1,1443.57,346.415,433.669,595.784,273.047,132.557,645.96,794.465,499.788,1440.46,3325.33,1549.26,358.086,825.598,1188.99,739.472,1234.72,700.985,485.35,830.551,333.101,862.346,1123.37,470.12,139.595,505.391,181.595,502.584,556.379,38.8651,69.2041,809.356,2768.34,1979.82,421.512,455.24,105.4,384.534,1.47924,549.022,839.16,890.336,794.182,754.357,939.882,809.514,976.444,1004.82,72.9136,42.6198,1122.41,3390.86,1891.37,618.569,675.539,3299.7,6437.43,3118.65,91.8321,441.344,485.749,707.216,1152.91,257.292,363.809,329.435,405.091,344.04,943.274,1926.04,485.362,181.196,496.076,962.19,743.154,81.2941,12.3375,44.8993,300.564,85.397,711.835,645.63,420.525,1414.79,187.796,830.044,1900.98,1383.91,213.629,792.011,789.179,2507.21,12428,3077.6,1147.7,530.35,811.282
115.914013605,1376.69,1051.71,226.964,328.234,942.809,476.775,124.272,584.933,437.006,390.316,584.511,2.01528,665.437,266.795,100.034,192.615,870.487,345.154,454.473,451.42,298.579,1369.06,1697.61,1621.47,102.481,343.333,131.793,207.415,38.8057,778.967,1157.41,583.79,357.961,1541.03,1936.91,1195.9,1336.53,1744.35,1558.84,434.85,156.766,1735.88,1830.44,716.204,241.274,614.972,1200.46,1632.03,1095.5,1421.08,1515.31,834.501,1149.17,1346.12,426.873,533.771,98.8997,180.014,144.486,721.954,185.149,115.639,400.748,63.755,93.3683,20.298,12.0304,284.492,281.356,433.362,314.914,1513.6,285.913,258.474,833.414,553.383,823.844,1465.85,949.956,270.784,447.248,485.252,14424.6,12922.3,425.887,550.962,277.249,199.587,173.641,132.476,327.41,409.55,654.33,1412.02,2400.02,1120.57,514.554,665.035,1002.82,353.387,1096.52,876.031,575.017,661.932,131.109,661.712,886.275,315.405,254.567,519.494,43.8782,329.72,365.704,150.252,143.816,878.903,1754.79,1410.01,101.638,423.401,92.0568,359.152,55.163,286.075,455.245,496.106,898.753,900.94,577.03,732.72,1043.85,837.207,154.201,6.91946,860.216,2494.62,1081.88,594.976,702.86,2226.14,4685.26,2561.52,236.834,424.617,293.365,388.377,866.662,346.639,400.467,189.524,290.534,206.019,826.39,1670.62,388.933,259.294,244.011,669.849,681.046,58.9838,14.9813,56.2556,207.784,127.104,718.768,399.294,222.136,866.235,323.304,554.92,953.023,1063.13,134.281,837.962,584.983,2475.97,10160.6,1540.63,810.814,690.576,393.817
117.400090703,977.777,880.096,287.511,132.253,703.582,420.492,77.4195,465.919,409.162,440.894,440.471,58.8587,468.885,99.8422,18.252,59.0541,685.998,448.784,361.207,288.425,142.31,1201.41,1207.81,1286.03,356.946,294.676,44.0775,243.417,41.9632,495.399,611.97,374.369,211.981,1594.29,1390.77,789.29,1127.38,1194.86,1367.91,472.981,73.1996,1210.39,1057.95,491.625,164.864,459.326,620.856,1333.54,1312.76,1251.51,1041.56,368.635,594.79,954.434,572.164,511.897,14.7901,117.836,75.6539,534.78,183.964,99.2789,333.25,159.64,94.993,17.9618,23.6793,270.105,73.6914,267.424,560.247,1221.87,37.3168,21.665,862.18,701.792,330.434,843.163,895.991,72.1597,304.997,625.286,12054.1,10243,49.1819,565.612,238.303,54.5345,150.977,159.947,201.53,244.833,694.187,1260.3,1648.72,664.931,546.868,483.755,749.266,92.7779,886.278,931.834,567.873,443.361,77.2073,538.899,586.078,186.094,310.686,529.562,48.7608,210.729,202.091,277.286,261.851,874.94,896.081,1054.41,62.0567,424.501,53.4138,362.903,173.444,134.456,210.595,175.481,918.3,881.098,294.261,564.773,913.359,697.317,203.124,0.257794,694.578,1658.9,492.526,494.986,578.968,1310.36,3043.45,1910.86,393.798,372.863,142.124,198.876,611.954,348.946,424.571,133.828,238.644,105.923,669.266,1413.83,268.577,324.077,111.441,473.857,597.321,27.8884,20.0378,53.7412,139.309,165.069,801.094,401.785,141.993,509.365,521.022,350.233,401.462,763.25,39.341,930.462,507.77,2605.06,8489.39,887.693,446.123,708.926,111.802
118.886167800,816.651,661.359,262.002,31.8934,552.256,357.721,63.4289,347.118,322.003,405.805,310.987,202.133,350.135,27.0942,0.395682,23.8795,547.406,447.599,247.563,214.728,143.91,893.904,668.369,966.588,635.511,311.54,43.5365,250.619,93.196,271.805,271.875,241.65,117.998,1439.79,907.842,402.665,754.202,682.872,1099.04,418.841,66.0358,798.546,546.115,270.04,57.9673,323.501,242.044,964.088,1264.91,963.944,567.936,118.904,272.674,612.08,542.824,499.883,52.4218,93.0965,82.7827,342.699,224.08,76.2286,292.647,237.459,96.3191,9.25388,37.9821,247.288,1.70057,189.828,597.314,1117.33,62.2999,33.9945,928.33,660.633,117.598,412.68,668.964,49.3143,437.073,449.657,10641.3,8894.06,24.0583,320.704,272.429,62.8829,132.111,129.473,229.685,299.576,568.724,987.889,1155.69,291.468,451.095,327.868,509.529,0.68837,660.911,843.098,467.567,240.138,127.684,510.11,329.635,95.4955,283.144,523.13,154.242,142.794,88.5449,352.481,411.837,727.09,342.348,846.768,257.957,420.945,53.7626,378.176,253.55,54.053,102.254,26.228,799.868,762.743,110.372,351.34,664.999,555.979,195.719,14.6705,543.81,1061.42,159.103,321.642,344.558,654.35,1786.92,1249.29,471.342,307.306,71.9343,111.64,410.855,263.346,407.479,170.549,254.507,76.6232,526.182,1191.32,138.155,340.242,89.5999,397.739,508.224,3.13133,34.8211,33.8927,101.022,156.391,888.25,616.037,81.0078,365.629,571.08,192.484,146.315,492.986,89.5597,978.321,556.345,2462.48,7631.36,794.469,151.861,600.126,9.51075
120.372244898,770.848,463.477,168.797,25.1745,501.361,300.515,90.4085,231.578,212.919,293.628,209.085,314.241,313.113,5.21416,12.7568,44.1812,454.523,337.471,143.642,176.596,239.962,561.446,275.412,656.626,809.2,355.477,134.335,267.953,148.623,126.344,90.7861,156.369,137.295,1150.29,537.021,149.56,394.21,294.95,792.47,335.496,104.277,495.456,262.101,102.463,13.3476,206.918,51.654,638.207,982.214,619.873,243.306,52.0518,137.715,341.303,375.586,470.916,156.802,112.89,114.743,197.715,248.298,42.0844,259.664,279.229,88.018,6.60695,49.9663,235.07,28.7488,147.19,456.024,1136.98,207.346,156.583,999.058,527.904,34.6051,143.142,494.961,215.848,667.888,146.741,9907.02,8402.48,150.446,118.03,309.827,107.56,136.168,119.312,314.704,447.004,418.269,698.711,875.865,114.215,312.997,189.36,341.832,33.594,494.768,607.543,331.264,99.1596,205.002,535.618,183.394,45.6069,194.997,506.412,261.294,113.824,35.9944,354.073,545.154,496.319,71.5134,707.718,538.719,423.985,138.977,372.13,262.009,31.7343,64.5451,4.5216,633.237,595.203,19.8676,173.981,409.194,393.541,152.661,44.1359,390.995,679.463,30.736,155.913,125.565,240.774,962.906,726.117,383.064,255.39,56.8117,100.6,244.929,144.045,342.41,258.477,302.827,130.675,422.316,979.597,67.3897,319.333,144.284,379.011,432.987,7.85421,51.6115,15.283,94.0194,103.457,956.048,868.75,57.5356,366.838,457.195,75.5046,47.1777,308.77,334.952,1013.77,612.096,2106.45,7357.14,1009.39,25.7932,461.124,72.3989
121.858321995,758.614,320.906,83.9828,124.365,490.474,249.513,130.716,143.546,104.742,164.311,144.092,315.386,367.728,6.13292,30.5083,68.0596,379.462,210.414,69.8621,138.718,340.015,302.019,81.1283,383.366,836.757,388.933,259.867,323.779,150.965,56.6216,20.3267,100.969,220.854,831.175,313.603,45.5099,166.156,68.8266,490.124,291.212,140.119,291.286,117.73,23.1479,54.5966,136.678,1.29512,390.58,614.437,307.985,84.3273,65.5693,109.114,159.853,159.802,445.492,233.537,168.031,135.117,106.714,250.005,9.72022,233.035,266.499,80.9706,5.47817,48.2713,245.377,114.907,103.896,316.087,1121.95,421.013,350.449,1076.96,363.163,25.2841,26.1689,446.095,441.508,737.833,59.4652,9613.78,8557.53,224.951,98.0077,261.471,196.224,193.954,171.455,353.677,617.151,353.77,604.662,722.119,87.9934,232.122,134.501,236.019,81.2843,432.392,300.066,221.475,37.3502,216.344,595.98,151.735,28.8142,149.512,412.913,352.18,94.2407,25.9487,327.542,588.769,286.681,0.753685,620.753,704.364,453.846,292.046,312.077,224.984,55.9849,49.0718,33.7838,508.162,428.155,0.490241,71.1074,211.815,223.357,118.383,59.5749,272.466,415.358,37.8061,65.8054,23.0811,59.2653,469.134,376.179,189.337,211.952,48.2384,114.543,123.694,50.8431,254.069,352.614,331.725,225.195,313.072,800.661,110.788,264.352,232.775,358.826,371.543,45.5078,57.5337,10.7305,103.421,63.7164,985.752,1028.74,120.759,434.783,300.927,12.2407,19.5326,226.009,643.427,1093.95,576.519,1769.4,7497.5,1350.46,49.138,353.658,221.864
123.344399093,717.266,239.546,61.89,293.076,499.606,177.833,153.978,80.8959,41.255,72.0327,88.5286,235.15,475.056,71.402,76.5957,77.7991,303.319,151.535,43.8339,88.069,403.861,134.449,12.9535,211.504,722.963,394.382,345.205,417.551,92.2477,37.1014,12.4347,57.6015,288.722,538.624,247.906,32.423,52.0234,4.09704,268.595,256.339,122.86,177.165,54.6106,12.172,128.27,113.339,17.4685,239.698,290.351,119.114,33.8327,73.673,106.975,62.9735,25.8327,419.645,239.278,226.374,162.643,74.453,246.268,4.63464,183.418,233.723,61.8994,6.91358,51.6503,231.865,234.317,90.032,282.335,952.558,672.993,657.498,996.339,289.85,58.521,5.25534,398.545,738.2,593.816,301.25,9627.52,9121.98,221.869,144.367,183.108,326.747,267.963,254.01,350.74,693.107,459.089,739.195,675.982,114.014,219.929,209.875,174.603,110.979,382.548,91.5018,166.636,18.1205,166.353,619.504,289.29,59.0662,203.524,232.573,442.369,91.5856,16.7989,321.451,489.837,158.557,40.4938,559.838,705.871,455.601,455.307,233.905,164.499,119.065,31.5144,64.6239,424.231,308.506,23.8432,22.0387,80.1895,126.893,68.2148,59.9735,200.347,235.756,93.0905,46.914,12.1902,55.6737,191.384,153.525,50.157,171.481,27.0435,125.028,37.9261,21.1061,204.947,378.341,326.044,321.997,165.871,683.283,238.929,203.272,297.316,305.398,308.101,105.467,54.7458,21.5621,127.292,100.412,924.429,1057.91,294.465,496.647,187.563,0.223834,21.4684,213.898,890.183,1141.08,476.674,1654.97,7935.14,1714.07,136.313,291.772,318.154
124.830476190,619.93,194.826,119.064,432.409,511.881,102.542,154.238,47.1092,17.6486,27.2771,43.7218,122.471,614.766,245.388,171.784,73.5483,243.091,220.776,62.4572,57.4131,407.789,54.4438,1.60424,128.636,554.737,339.456,372.112,513.685,37.6685,47.3375,19.9497,31.4967,270.844,322.996,244.143,50.293,22.1453,57.9245,132.157,209.808,52.8979,129.149,26.4769,30.1481,179.047,135.329,24.5039,186.434,89.4789,38.4026,31.073,77.2993,100.158,38.3836,3.30966,372.444,196.076,260.032,250.75,137.048,220.038,21.4591,138.957,178.274,41.2642,13.2893,71.6958,175.297,361.797,131.596,315.134,703.784,846.964,1010.08,840.21,228.32,89.4192,10.8741,366.924,1061.5,349.616,663.896,10008.3,9701.21,296.882,156.812,129.242,392.165,348.926,360.244,280.478,677.025,696.644,962.095,745.798,103.26,245.65,397.79,149.77,119.673,333.246,6.06329,140.189,38.6688,100.633,565.814,628.632,217.042,356.536,59.8598,501.739,114.069,8.84391,312.242,351.095,87.5101,95.5097,507.25,603.056,390.118,592.634,162.194,114.146,199.281,26.6558,80.839,374.498,199.614,77.6158,33.301,18.873,94.1359,23.4875,45.3571,167.295,163.599,108.893,92.1827,31.9819,93.6116,67.1554,45.7371,1.52853,130.089,5.61618,132.108,2.8431,36.438,222.76,309.872,298.4,376.537,41.8784,620.561,363.187,149.858,302.083,222.961,243.69,163.1,49.6145,43.8269,151.619,223.069,808.097,902.41,607.373,494.876,131.285,7.8615,18.3104,247.658,1022.02,1066.81,367.88,1883.99,8486.2,2113.01,203.79,267.69,281.101
126.316553288,508.323,154.373,232.182,460.208,526.461,54.1046,138.3,46.8196,9.04533,11.7647,21.3803,43.109,765.361,537.183,318,62.5051,220.514,390.681,148.395,133.427,382.367,21.982,5.41459,120,377.682,247.718,321.035,590.542,57.6622,95.22,33.0245,28.1799,169.057,208.103,197.774,105.786,57.811,176.857,53.475,172.357,4.01872,107.728,9.45079,42.2621,205.966,203.836,10.9111,178.749,17.1939,30.9974,39.2192,128.803,132.427,54.8639,33.1938,301.446,172.795,265.902,473.601,334.829,170.5,43.159,128.209,107.656,53.4813,41.3648,120.628,85.1736,504.479,234.476,325.499,463.175,854.886,1348.38,670.201,165.87,95.761,14.818,409.216,1235.24,198.316,935.149,10628.4,9936.39,563.719,145.954,85.7492,411.485,378.193,443.094,188.116,589.201,1025.8,1094.84,834.401,55.9238,319.068,695.099,142.789,110.547,287.595,21.912,143.436,58.5548,64.9634,437.525,1187.79,645.504,577.339,11.6685,506.782,147.959,1.04247,311.334,247.589,45.4594,118.303,450.004,483.431,261.895,696.584,121.593,88.1217,248.146,58.1283,105.244,390.303,86.5371,190.81,121.517,37.7697,101.738,18.8545,34.3878,143.606,178.506,110.922,239.823,95.0055,91.5674,26.2953,8.57134,11.3943,92.5443,4.43863,132.338,23.3228,83.5127,292.532,197.687,243.257,381.515,3.12579,592.102,416.896,101.524,260.318,133.293,199.4,188.581,43.6273,66.5929,164.185,396.461,682.674,612.412,1033.7,441.696,95.8111,22.0328,5.96941,317.869,995.681,889.223,262.801,2267.79,9076.1,2590.25,201.509,262.577,152.01
127.802630385,437.385,133.522,337.668,406.894,489.648,66.2503,136.131,62.8418,3.26521,6.6615,16.9176,29.9019,912.255,939.74,466.078,64.5576,222.765,623.64,329.68,359.738,400.139,4.99112,20.4515,170.23,222.805,182.292,173.832,710.569,164.684,157.413,62.8615,50.8104,65.7024,168.686,103.025,253.83,186.522,342.66,28.7742,155.757,21.1089,101.039,0.436152,39.8249,223.825,297.615,12.3437,183.697,40.2871,68.0646,85.9325,297.925,237.52,88.9154,68.3258,229.653,201.707,279.63,895.057,702.415,144.424,85.4216,145.09,78.3484,134.656,113.839,215.663,20.0712,685.125,370.101,262.998,280.325,723.905,1586.65,532.844,87.5849,132.056,3.3033,525.745,1285.05,155.108,1032.58,11117,9890.11,830.536,154.543,56.0453,450.138,287.899,534.213,96.8621,506.787,1296.3,1081.51,834.108,63.3004,474.785,1075.61,198.863,88.8162,238.263,135.539,190.234,36.9788,69.3392,368.005,1932.13,1399.34,849.467,110.855,480.425,165.496,1.8317,315.336,212.662,32.532,87.8799,393.047,385.84,123.074,801.521,112.635,58.4494,291.474,121.429,185.837,446.803,32.3237,409.536,347.05,202.849,161.191,42.1627,22.0661,171.259,251.415,172.251,459.966,248.774,82.5369,21.9332,2.08091,43.5435,61.0845,26.4826,130.061,88.9813,168.578,376.682,97.6086,163.273,358.086,74.3214,563.709,390.086,53.3269,219.369,73.2202,168.296,191.081,29.9359,84.3957,162.195,528.959,621.084,337.711,1505.23,381.5,79.9274,46.714,5.66031,363.653,892.355,603.947,198.155,2468.9,9989.09,2908.29,163.667,230.401,59.5176
129.288707483,538.409,193.887,373.859,321.49,384.654,119.841,181.077,78.487,3.0311,3.88717,16.5272,62.8172,1112.18,1329.55,580.8,87.0757,218.998,873.72,676.61,674.285,431.311,18.3591,74.4697,302.998,141.521,186.061,58.0513,847.311,308.02,233.676,122.082,105.745,9.30576,167.173,57.1585,524.869,461.139,529.494,65.6189,145.967,83.8416,117.379,7.54251,23.7968,242.181,420.353,47.3203,155.504,136.201,182.341,262.802,570.421,366.4,146.025,102.279,149.914,298.906,421.255,1449.79,1186.86,233.623,186.803,231.662,142.032,244.064,216.576,384.595,81.3135,962.154,452.066,187.463,130.631,558.05,1600.97,503.197,74.5339,126.629,1.55134,631.831,1546.75,65.5293,818.67,11530.4,9859.59,743.748,314.662,228.021,398.568,236.852,470.759,103.063,525.68,1355.94,933.69,709.113,177.855,727.237,1571.53,326.869,43.1151,205.158,279.999,298.734,3.43168,133.336,523.831,2697.11,2327.77,1213.95,322.35,398.884,173.734,16.1436,285.651,281.268,67.8356,19.1025,349.819,283.785,71.0979,948.435,135.3,28.2376,336.132,213.443,306.583,522.68,111.3,724.253,766.061,588.084,320.378,74.4291,6.83634,259.039,388.974,314.971,668.615,486.19,139.215,57.5964,35.0742,84.0538,28.2954,67.2125,122.658,158.097,306.982,458.509,32.8344,82.6047,319.235,214.482,540.297,282.137,29.7786,202.983,73.9822,155.234,165.357,15.0075,104.202,144.99,560.573,693.887,296.37,1821.67,420.259,93.8911,119.916,41.4269,333.199,776.518,259.419,250.772,2346.86,11653.2,2887.12,175.816,143.958,23.1364
130.774784580,868.109,399.94,339.999,249.091,270.619,158.634,292.03,110.241,13.0492,4.07331,23.0007,145.004,1350.79,1594.52,615.431,134.14,192.388,1052.26,1238.33,1009.28,401.52,78.8639,197.731,580.594,232.058,280.628,131.868,940.273,416.126,314.175,222.154,176.492,14.6808,181.95,133.344,913.126,934.467,687.168,125.191,149.019,156.782,138.419,39.0406,15.8286,256.736,602.56,124.925,85.2262,293.261,446.445,640,878.743,459.958,206.374,142.728,88.3602,490.509,750.439,1918.9,1714.2,493.556,404.198,421.822,288.905,345.259,330.086,595.567,362.571,1359.75,475.141,140.243,45.4071,441.534,1334.75,671.702,136.81,64.9536,22.7549,810.267,2145.87,56.1522,370.698,12087.2,10380.8,289.473,831.671,794.259,332.667,267.843,271.509,206.028,705.763,1148.13,723.878,484.913,363.922,1120.64,2152.06,511.826,5.89731,177.082,379.526,467.56,57.1952,289.909,964.484,3328.53,3070.65,1666.79,592.204,264.256,179.099,42.1568,221.173,427.156,192.549,15.7928,326.974,173.916,220.859,1158.71,179.004,21.1728,359.635,314.561,438.581,599.026,300.468,1065.22,1400.33,1188.09,595.449,131.634,8.79543,379.035,561.066,507.525,808.049,729.01,309.364,174.176,158.964,147.584,8.18011,133.644,89.3129,214.54,517.686,502.069,12.2566,34.9066,270.508,352.918,500.133,154.457,38.672,217.187,162.424,155.262,114.923,14.4244,141.298,122.957,523.922,939.763,589.769,1897.97,525.108,170.071,299.592,166.827,222.531,692.629,43.4326,437.105,2414.85,14054.6,2899.95,301.31,102.974,23.7572
132.260861678,1419.58,766.959,275.648,200.666,210.273,140.628,492.653,214.115,49.4719,12.0515,45.4188,257.873,1552.99,1703.73,531.084,202.455,120.742,1184.82,1906.1,1286.02,318.574,162.155,405.967,1051.21,600.302,488.784,404.927,942.062,466.437,348.99,351.392,275.187,70.2147,181.727,306.317,1435.94,1615.46,732.354,175.731,165.948,180.965,191.107,79.8536,14.0905,255.917,875.318,275.589,16.3065,549.138,916.128,1146.02,1114.04,532.801,213.414,192.091,92.9533,854.371,1202.82,2004.17,2272.37,915.313,684.784,688.846,520.539,409.743,384.809,846.525,881.578,1769.51,519.543,139.967,82.9398,389.946,891.273,1060.8,300.616,4.22771,110.302,1223.65,2898.56,410.001,66.1709,12920.5,11784.5,48.748,1837.55,1695.85,472.092,406.011,62.6988,423.785,1033.71,752.725,512.778,246.785,553.695,1602.06,2712.81,762.07,9.60124,139.24,409.027,710.767,249.098,510.338,1585.97,3803.79,3186.16,2168.44,889.306,105.69,193.368,52.6371,171.018,558.011,433.994,202.542,388.534,111.065,662.119,1425.76,215.666,31.1276,364.85,408.949,486.225,705.544,515.47,1266.45,2210.8,1978.14,888.125,210.007,46.6456,546.38,713.338,628.714,896.785,861.335,559.762,422.202,433.475,275.899,43.3786,231.601,38.1825,272.722,734.684,538.236,17.5534,21.2784,208.609,437.336,430.816,70.031,53.0974,263.762,358.549,163.379,68.0168,51.9865,197.725,103.808,471.721,1337.06,1216.48,1728.77,609.629,350.555,608.664,428.022,100.307,686.945,125.356,747.622,3356.79,17073.2,3431.89,559.441,189.511,64.0238
133.746938776,2128.48,1306.73,220.141,150.43,217.864,109.623,806.161,414.227,126.142,47.3805,90.1744,363.945,1604.64,1732.89,317.455,314.988,24.3346,1376.65,2401.39,1455.87,224.982,229.397,747.34,1675.91,1189.38,811.544,793.19,853.453,430.2,336.248,441.536,413.584,164.454,151.087,499.188,2092.47,2422.89,666.079,198.798,197.996,133.955,297.477,118.554,7.8775,253.286,1268.61,529.915,47.6821,862.713,1504.41,1734.19,1168.29,555.035,177.536,218.999,259.674,1506.55,1593.75,1661.34,2798.38,1349.53,943.482,991.674,749.825,448.683,337.745,1091.3,1630.9,1999.82,607.713,220.158,325.056,360.079,597.794,1435.38,542.028,62.3097,342.75,2091.81,3593.67,990.549,182.567,14084.6,14396,722.836,2945.17,2603.93,1066.54,822.663,37.2044,802.287,1258.04,430.971,307.492,60.2931,745.79,2055.6,3001.11,1120.42,101.468,96.8608,414.593,1000.48,525.487,744.753,2222.2,4008.39,2613.91,2582.27,1201.53,6.85377,218.964,36.9623,127.535,633.791,790.062,625.028,589.289,213.334,1370.15,1740.5,226.057,33.9734,373.981,462.55,433.451,798.917,665.605,1276.47,2967.84,2890.3,1133.39,241.427,128.619,811.381,789.469,595.764,991.524,732.436,916.799,863.042,770.999,444.383,177.965,431.822,9.164,403.668,757.261,646.324,53.3684,64.5913,108.83,516.727,308.397,52.611,40.2229,424.221,621.968,164.191,43.3216,139.014,294.892,88.8906,437.324,1765.52,2113.67,1354.46,635.095,664.4,938.975,788.132,118.11,840.31,520.135,1127.21,5303.6,20428.4,4999.39,936.81,331.519,131.082
135.233015873,2855.26,2030.41,211.471,79.3538,297.443,193.729,1167.53,676.148,250.75,120.901,147.609,425.845,1461.39,1714.84,86.2006,500.895,27.6155,1643.12,2462.63,1543.17,154.419,282.36,1161.72,2362.77,1832.63,1154.66,1170.31,718.089,322.252,267.313,473.294,589.783,249.15,111.292,630.694,2799.57,3238.81,549.784,207.075,240.009,65.7369,445.059,182.563,0.0533691,296.8,1775.23,901.777,220.668,1176.59,2039.9,2235.35,1088.16,470.659,162.163,226.984,728.147,2551.14,1753.4,1163.1,3088.09,1664.53,1084.89,1238.7,930.492,412.242,236.281,1222.08,2542.43,2001.73,623.052,468.104,882.562,385.16,585.813,1614.11,817.607,298.812,765.5,3415.01,4306.31,1325.22,632.51,15781.7,18038.9,2511.74,3621.05,3324.7,2150.99,1555.88,425.079,1358.16,1243.41,253.449,153.124,18.2658,993.992,2194.48,2972.4,1539.43,275.179,87.0659,427.535,1337.82,765.385,895.442,2740.18,3780.66,1705.59,2690.07,1586.47,42.8251,259.528,10.9208,71.9462,674.426,1173.37,1193.14,974.202,567.705,2146.18,2104.83,219.286,19.6517,415.115,435.292,323.93,823.05,713.109,1079.16,3506.63,3690.55,1290.38,213.602,237.079,1153.71,848.273,433.634,1128.1,400.757,1379.37,1429.9,1059.11,607.56,416.439,734.374,138.834,656.419,529.702,829.939,214.318,221.916,27.5855,641.335,222.374,70.6077,45.7445,732.754,917.729,153.128,36.5286,247.351,478.634,105.141,348.579,2192.17,3091.03,932.526,581.985,1032.77,1211.62,1121.96,373.003,1177.06,1153.2,1487.16,7622.97,23715,7754.75,1354.51,421.42,224.014
136.719092971,3485.12,2932.15,283.847,32.8852,445.616,472.243,1459.84,926.665,415.574,224.971,194.835,418.362,1159.91,1624.05,24.425,763.971,295.248,1929.24,2016.29,1574.75,140.94,328.002,1492.54,3004.61,2342.35,1344.15,1452.22,580.531,215.04,162.676,481.119,761.052,291.584,70.1002,665.348,3404.02,3937.61,480.656,232.523,276.885,34.8889,594.931,313.986,18.7668,456.438,2362.28,1322.47,476.308,1426.42,2368.59,2432.93,977.905,299.594,238.722,297.814,1608.31,3950.06,1719.74,791.731,3020.39,1751.8,1046.09,1333.8,1038.85,298.276,129.999,1204.5,3441.58,1875.39,499.444,978.535,1764.97,603.814,799.379,1510.82,1061,681.041,1382.07,4869.22,5061.31,1192.16,1225.89,17820.9,22048.6,4978.67,3540.45,3744.37,3418.65,2537.72,1283.25,2073.41,1003.35,185.152,122.368,190.655,1309.06,1907.77,2656.14,1946.15,468.736,115.401,489.712,1684.21,891.546,875.489,3048.16,3119.65,871.715,2372.81,2098.07,283.767,309.474,2.2629,22.5008,682.098,1447.85,1781.43,1501.02,1112.96,2744.2,2456.54,255.011,11.1919,480.94,349.352,207.937,748.882,662.68,735.783,3740.93,4161.29,1296.26,155.821,327.511,1524.98,982.255,309.455,1332.52,99.3266,1893.32,1945.59,1209.77,717.414,681.991,1097.82,528.876,1035.12,214.194,1075.36,636.175,548.603,76.6745,834.063,250.868,115.031,145.231,1149.09,1239.61,141.328,27.3906,366.874,760.487,202.938,205.947,2603.84,3904.58,620.876,493.518,1306.94,1386.66,1273.54,820.422,1710.33,1840.6,1688.85,9418.3,26403.9,11151.2,1749.43,390.884,352.157
138.205170068,3999.01,3826.63,497.173,61.9505,705.328,902.462,1545.18,1128.88,542.973,335.708,239.045,317.645,801.481,1438.83,273.148,1113.75,846.39,2102.44,1288.88,1528.94,236.233,353.512,1611.24,3482.34,2523.02,1319.92,1522.26,544.764,176.339,84.2896,511.934,835.5,315.414,25.2688,632.322,3672.8,4491.3,516.013,257.926,323.732,75.7042,709.13,492.878,111.243,804.814,2940.45,1634.48,747.616,1530.42,2359.32,2286.02,867.236,130.221,468.427,586.894,2865.62,5340.43,1759.01,708.499,2612.92,1576.97,820.125,1284.11,1034.01,171.463,41.0965,1088.69,4051.68,1862.96,323.508,1760.44,2739.46,1144.1,1140.28,1128.9,1223.1,1068.21,2072.44,6118.93,5575.14,794.047,1852.11,19419.3,25565.9,7228.67,2809.05,3654.49,4420.15,3723.17,2357.36,2731.12,785.157,167.171,274.892,563.63,1613.73,1353.69,2121.13,2282.66,590.296,167.783,645.188,1933.3,889.236,699.416,3070.99,2236.87,341.178,1783.52,2676.35,696.624,385.083,24.4231,8.09327,687.884,1451.27,2304.78,2012.1,1611.63,3083.51,2623.04,376.44,30.2626,594.493,237.627,126.876,601.858,529.246,412.842,3585.78,4250.96,1107.05,106.694,366.074,1913.62,1184.78,391.48,1628.73,88.5135,2406.65,2173.61,1215.9,703.678,887.183,1467.84,1121.98,1499.06,57.4926,1440.03,1333.39,996.455,354.441,1126.36,393.857,179.18,337.967,1629.04,1571,139.645,22.8191,489.86,1088.12,418.145,75.1628,3063.12,4274.03,542.757,451.856,1334.53,1441.55,1161.77,1287.07,2468.03,2300.03,1637.68,10126.1,27664.2,14293.2,2058.71,257.831,498.954
139.691247166,4361,4381.13,889.529,248.565,1124.55,1291.22,1394.72,1238.22,565.37,422.966,281.118,183.728,467.91,1183.73,870.024,1529.97,1489.52,2078.36,591.812,1416.16,474.157,322.986,1523.16,3687.52,2278.84,1117.77,1329.8,661.683,262.49,129.37,584.98,752.019,336.066,0.253904,549.03,3498.67,4892.91,663.026,244.956,380.75,217.791,748.423,631.411,316.877,1392.07,3392.1,1664.17,979.065,1418.96,2025.42,1862.23,742.211,87.0984,864.405,1236.2,4235.11,6210.32,2070.4,982.646,1981.07,1215.66,484.025,1175.8,918.125,77.7635,1.44697,905.682,4229.29,2120.67,314.169,2672.11,3503.65,1905.8,1499.63,620.988,1293.03,1343.17,2485.57,7002.34,5586.24,441.604,2345,19863.8,27612.4,8403.33,1840.43,2989.45,4879.66,4778.91,3299.06,3108.21,793.371,194.613,643.82,1077.8,1762.26,801.623,1474.22,2549.35,565.533,215.345,933.123,1966.68,785.85,428.473,2861.69,1418.3,112.136,1247.7,3199.58,1131.16,462.465,92.9861,67.0028,708.565,1138.76,2687.64,2339.09,1817.8,3127.3,2507.58,542.215,103.234,762.329,173.374,75.863,443.024,366.583,215.33,3093.06,4011.84,768.888,94.5885,371.149,2280.06,1403.86,688.39,1979.53,566.582,2852.68,1967.84,1120.58,542.896,995.647,1753.13,1688.68,1972.93,283.897,1976.53,2180.22,1416.51,822.497,1505.17,639.188,245.042,533.029,2111.86,1920.58,138.906,37.3615,555.354,1411.91,767.394,105.167,3528.08,4102.13,665.786,488.3,1118.37,1327.39,883.165,1564.72,3338.45,2458.39,1280.99,9657.55,26716,16415,2210.73,119.506,559.832
141.177324263,4414.28,4408.35,1386.27,637.437,1644.91,1497.04,1055.13,1236.53,466.097,472.004,315.215,110.068,226.076,935.484,1663.7,1965.7,1922.66,1879.78,163.619,1267.47,818.805,248.618,1319.68,3579.07,1696.39,807.754,968.797,887.087,486.093,335.679,683.102,546.116,344.105,31.5391,413.737,3009.01,5063.53,888.045,195.294,422.689,432.588,710.409,655.006,624.906,2150.49,3622.6,1369.58,1113.44,1099.89,1517.45,1296.29,599.469,237.014,1354.18,2233.11,5311.67,6222.65,2610.23,1512.54,1325.76,790.362,215.015,1060.31,784.251,23.8169,13.6726,690.821,4002.31,2614.05,659.94,3448.61,3833.74,2613.35,1793.56,199.21,1249.51,1415.59,2488.58,7157.76,5321.59,217.767,2479.28,18950,27399.8,8190.17,944.97,2109.43,4508.52,5475.48,3746.33,3063.35,1070.25,347.98,1166.37,1610.82,1661.14,423.861,941.148,2666.28,449.548,254.015,1273.27,1790.87,604.587,187.824,2493.69,922.901,51.2089,1044.02,3487.98,1439.59,510.825,194.201,207.07,741.152,651.511,2871.32,2368.22,1646.12,2854.56,2139.26,670.383,248.671,939.605,221.924,44.8411,327.138,248.574,139.052,2460.38,3517.78,425.948,113.744,407.39,2520.37,1596.06,1050.28,2297.27,1520.09,3125.39,1423.35,946.87,317.742,980.059,1883.9,1982.26,2347.74,953.278,2635.88,2924.7,1691.7,1313.93,1889.98,941.344,286.123,643.155,2521.34,2240.72,164.434,67.8781,542.955,1638.24,1227.07,437.929,3850.97,3468.11,875.284,574.475,752.929,1071.61,560.745,1562.66,4104.8,2400.32,773.902,8091.21,23734.1,16704.4,2317.76,34.9587,487.421
142.663401361,4096.36,3864.62,1827.93,1161.15,2166.26,1448.14,656.289,1116.75,301.38,482.368,356.083,136.76,112.555,772.991,2376.38,2370.67,1886.53,1605.45,88.3193,1111.62,1154.74,176.073,1153.95,3186.29,999.701,484.349,587.01,1119.91,798.87,648.882,772.767,308.008,323.722,131.139,253.394,2412.78,4969.93,1092.66,128.773,430.291,650.632,608.567,551.479,976.031,2876.89,3595.94,871.892,1109.66,689.502,1007.02,761.979,446.53,509.152,1835.22,3388.62,5685.15,5389.42,3135.76,2030.56,843.825,440.915,147.799,986.978,695.817,4.75879,59.359,483.625,3481.66,3193.32,1339.56,3813.01,3668.05,2932.64,1984.24,22.2587,1162.89,1195.99,2192.5,6329.96,5099.93,123.487,2140.68,16896.5,24806,6852.22,292.588,1383.26,3367.43,5751.19,3415.09,2693.75,1482.98,674.063,1675.93,2030.89,1311.82,259.746,700.459,2553.23,365.815,292.691,1545.14,1474.37,394.393,84.6145,2044.59,813.862,45.0637,1218.9,3456.27,1493.75,519.456,287.542,386.274,786.048,233.605,2831.28,2097.36,1188.34,2328.36,1617.46,686.689,449.065,1085.73,368.354,30.2353,286.451,224.909,114.718,1884.28,2890.58,199.42,144.495,518.924,2566.6,1676.15,1275.14,2496.78,2652.1,3168.13,776.277,743.356,123.738,856.599,1825.22,1879.93,2494.81,1920.58,3302.39,3252.93,1773.92,1611.94,2170.03,1238.14,277.588,646.599,2765.25,2431.09,252.483,111.584,442.21,1727.39,1690.59,1064.86,3876.92,2592.55,1001.38,657.843,376.377,760.624,286.981,1349.82,4532.73,2268.64,383.344,5776.8,19558.9,14811.6,2508.62,50.1908,320.397
144.149478458,3383.63,2958.4,2002,1690.78,2542.91,1200.89,313.589,911.439,163.182,457.985,432.872,229.481,121.878,738.645,2749.45,2636.15,1416.11,1302.7,281.552,987.207,1334.9,165.776,1147.33,2585.01,429.732,247.803,295.977,1267.19,1087.4,955.396,827.79,121.414,272.565,266.474,112.56,1912.28,4619.59,1172.69,65.9596,405.254,797.125,467.029,376.294,1259.09,3348.2,3321.47,394.769,963.73,342.127,622.669,391.507,299.096,752.415,2203.97,4368.66,5192.37,4014.22,3351.98,2282.7,601.117,268.344,305.922,968.797,662.853,14.5059,103.211,300.423,2847.03,3607.12,2116.14,3645.95,3070.24,2713.86,2060.8,135.125,1028.46,826.225,1639.88,4906.92,4743.51,304.566,1464.83,14163.6,20432.6,5005.79,23.2718,843.252,2116.68,5359.33,2569.5,2059.87,1875.14,1125.2,1996.54,2196.45,874.031,218.775,739.071,2250.18,380.805,339.328,1678.93,1083.08,217.083,155.847,1588.23,927.302,87.3304,1589.31,3135.52,1268.4,488.825,325.97,552.852,833.957,92.9924,2596,1616.83,653.577,1696.69,1051.86,587.289,638.909,1161.36,550.314,43.1222,301.037,288.713,75.105,1484.33,2241.92,132.392,161.471,714.418,2391.42,1571.01,1230.9,2515.17,3542.94,2961.02,300.266,541.528,32.2844,687.943,1575.19,1439.68,2363.07,2861.76,3776.05,3042.32,1632.4,1595.38,2253.9,1441.41,231.687,590.119,2740.17,2428.04,400.487,155.381,286.795,1683.16,2014.64,1769.05,3588.72,1683.96,954.812,667.491,119.582,483.071,114.891,1058.33,4505.52,2162.44,312.577,3384.94,15039,11311,2726.86,191.763,144.952
145.635555556,2448.34,1949.42,1802.86,2082.75,2631.8,889.747,96.0362,689.782,102.414,403.287,569.238,320.176,194.722,801.905,2697.28,2634.72,789.698,983.711,569.248,894.816,1264.36,288.266,1258,1927.02,117.223,125.459,161.514,1261.95,1247.16,1135.88,826.368,33.8774,207.51,381.659,35.2742,1577.22,4089.54,1076.6,19.211,376.113,801.382,337.397,215.906,1354.74,3420.99,2862.42,120.627,730.455,168.98,400.722,215.89,183.382,833.65,2394.74,4798.85,4062.15,2496.74,3113.23,2127.17,570.278,274.543,556.534,1021.23,633.329,42.954,121.221,156.673,2219.64,3675.53,2619.14,3071.14,2181.28,2098.37,1978.2,449.633,884.369,438.492,1017.73,3337.82,4090.45,822.753,747.758,11234.6,15445.6,3185.18,190.249,444.359,1206.28,4425.02,1560.81,1370.63,2078.12,1540.84,2019.57,2061.98,516.323,198.229,892.83,1878.65,452.95,394.317,1653.77,714.471,106.523,301.714,1189.39,1045.51,227.709,1857.45,2670.42,854.634,409.987,303.599,666.048,859.824,269.237,2232.8,1091.02,252.419,1085.26,575.901,419.737,718.64,1163.61,681.94,95.7072,331.111,378.929,17.2753,1237.1,1663.95,178.011,164.908,935.246,2023.32,1272.58,943.44,2314.62,3861.93,2562.15,118.201,374.409,64.0114,516.372,1195.09,865.881,1974.44,3476.44,3807.27,2458.28,1253.71,1326.4,2058.22,1522.06,171.687,521.522,2458.39,2177.47,579.061,183.072,144.146,1502.4,2139.42,2220.28,3064.17,931.728,746.522,585.256,12.7972,280.05,65.7095,819.181,3998.29,2193.77,517.264,1624.63,10790.1,7357.54,2762.49,467.572,54.3677
147.121632653,1602.4,1028.01,1326.8,2168.82,2472.65,585.401,27.6731,512.044,99.051,364.141,756.83,318.047,290.743,893.786,2242.43,2396.73,276.236,674.663,772.662,810.671,968.083,599.567,1289.09,1370.64,68.34,88.0809,135.122,1145.75,1203.73,1125.12,802.215,20.0614,144.448,446.677,36.894,1332.04,3549.07,800.168,4.57764,396.204,610.023,287.255,153.472,1168.11,3145.59,2295.71,79.0866,529.109,202.642,262.946,185.258,162.822,652.587,2472.23,4422.42,2759.04,1170.54,2556.99,1568.44,702.889,357.596,682.542,1182.53,517.76,90.1243,124.315,97.1476,1565.24,3499.23,2452.87,2426.47,1170.24,1379.79,1718.42,857.453,653.724,201.06,599.343,1805.98,3394.84,1371.71,281.996,8449.67,11070,1674.33,632.419,185.557,687.107,3376.87,707.294,781.979,2013.54,1810.67,1656.04,1772.66,278.566,142.329,1015.15,1522.3,475.514,545.89,1369.86,516.44,29.8516,434.271,793.405,1123.07,453.26,1789.59,2248.21,406.096,271.92,277.736,616.958,899.648,707.125,1707.7,726.415,102.249,547.329,304.309,245.224,605.872,1127.87,717.817,144.261,387.355,428.706,1.82794,1000.28,1280.93,197.946,204.6,1064.97,1523.85,873.852,605.731,1818.27,3661.11,1990.37,168.727,316.713,158.859,345.636,805.043,400.215,1360.62,3696.55,3243.59,1794.77,701.501,970.925,1589.13,1528.21,110.645,416.977,2100.45,1627.4,776.397,192.545,79.8708,1152.3,2154.19,2078.79,2547.74,392.735,471.742,460.233,13.5144,142.127,110.764,742.495,2994.85,2532.94,722.259,827.958,7185.28,4040.06,2450.17,887.701,108.148
148.607709751,975.556,377.974,792.859,1900.37,2177.02,328.335,104.251,391.428,94.3695,403.785,944.428,229.403,379.466,924.958,1566.04,2040.24,29.4397,409.281,793.392,704.345,591.28,1060.28,1155.94,930.527,210.21,104.469,118.584,1013.82,979.067,947.076,812.746,23.675,104.427,481.694,87.2107,1117.02,3086.53,467.385,52.9033,423.412,353.006,292.833,204.72,804.915,2607,1804.41,128.513,465.222,380.605,161.556,194.169,237.866,356.18,2371.04,3482.87,1599.66,300.473,1912.03,864.345,876.56,412.882,642.289,1341.14,383.255,128.909,135.22,130.317,947.079,3138.29,1695.13,1839.66,406.659,761.956,1309.95,1214.55,393.917,105.859,459.982,664.338,2792.54,1593.54,104.849,6203.33,7883.38,592.212,1029.32,88.6959,497.729,2409.69,316.813,382.339,1684.22,1883.8,1052.49,1469.62,131.725,64.9642,1043.2,1221.54,376.595,800.502,966.381,407.384,17.5253,503.993,429.098,1157.85,639.811,1487.04,1860.87,99.8238,159.938,234.001,448.375,904.137,1267.32,1099.21,546.756,181.369,195.47,168.56,123.712,392.221,1004.69,744.734,127.133,480.318,426.439,30.708,805.157,1045.43,131.518,329.516,1011.51,991.06,563.313,343.988,1133,3128.21,1406.13,278.107,360.832,243.407,225.784,504.983,121.046,736.041,3512.66,2281.08,1213.15,219.607,612.346,1048.94,1453.15,81.8827,309.421,1728.08,961.782,918.59,202.954,80.8059,770.255,2032.72,1424.49,2108.93,146.763,233.721,329.208,89.6964,58.792,165.352,725.453,1881.67,3045.02,742.95,693.233,4536.01,1890.17,1803.87,1363.19,294.164
150.093786848,582.686,72.9229,384.646,1461.29,1812.31,157.099,238.577,347.928,47.3208,542.069,1072.93,122.658,450.588,860.127,890.688,1754.59,32.0989,193.076,686.266,552.072,303.786,1486.83,929.937,591.987,449.177,155.768,62.3293,948.627,653.173,688.814,852.547,42.0693,113.24,529.602,131.675,951.73,2730.28,216.732,160.105,423.177,137.655,324.783,368.932,403.889,1978.2,1546.91,110.064,554.869,590.515,76.1235,216.338,353.017,123.021,2034.27,2465.49,745.901,1.18879,1387.35,300,963.721,420.144,502.377,1411.84,300.769,140.929,178.777,208.565,474.623,2653.74,805.547,1321.22,95.0132,377.052,812.673,1451.83,166.285,104.437,454.671,131.576,2310.85,1453.68,116.764,4589.38,5853.67,64.7694,1097.3,143.108,367.107,1795.52,366.978,135.508,1281.97,1729.19,469.856,1259.2,45.8215,8.00523,990.808,982.373,213.153,1043.88,625.902,300.773,124.371,517.318,157.453,1187.42,651.048,1148.55,1509.43,2.05332,114.446,191.095,239.729,882.271,1751.71,574.57,473.798,335.133,39.3632,112.96,106.201,175.632,826.482,781.617,55.9445,606.607,433.13,46.2757,700.455,881.688,42.6938,502.456,835.442,498.514,444.085,257.057,464.194,2485.1,964.622,324.676,483.522,268.087,146.284,342.969,32.0992,286.808,3052.4,1294.82,776.656,7.75505,337.079,598.586,1333.81,94.1897,245.537,1352.46,423.97,923.403,275.506,103.842,497.173,1738.55,664.349,1711.39,184.411,94.2189,223.63,186.366,18.7371,201.374,646.716,1002.22,3456.4,677.553,691.148,2883.24,823.83,1044.82,1797.96,494.278
151.579863946,388.891,93.6877,168.089,1091.87,1481.97,53.7286,318.955,368.411,2.17345,731.606,1135.37,60.7271,511.844,711.13,416.781,1615.57,184.135,56.309,497.687,431.505,170.061,1721.49,723.95,381.584,687.775,229.421,15.113,899.118,395.299,447.402,883.351,82.96,170.274,617.052,140.087,891.401,2439.69,140.07,273.645,419.361,20.3768,343.607,572.602,119.952,1479.32,1442.95,33.0983,747.109,757.137,21.6724,258.583,431.318,12.8247,1632.31,1645.84,261.907,197.985,1057.77,24.4643,904.029,407.11,339.157,1419.86,269.974,139.203,253.35,267.464,193.093,2174.31,236.584,909.538,142.231,194.308,434.483,1444.06,92.4049,163.22,440.119,14.7937,1945.37,1372.49,136.513,3572.53,4646.92,45.4454,854.793,361.835,144.511,1531.57,637.876,35.4096,968.367,1411.74,129.67,1138.04,41.3364,15.7921,870.433,825.351,68.4554,1175.4,424.987,216.868,343.698,479.363,50.1067,1218.6,489.464,855.278,1259.98,61.9912,104.708,188.115,98.7886,874.994,1986.04,272.592,432.931,438.09,11.0316,99.8385,173.745,50.5281,636.885,821.41,3.18708,720.588,504.102,23.5182,671.735,765.388,2.43392,624.939,642.731,177.168,455.467,307.508,75.6347,1891.16,706.679,287.67,655.674,239.846,103.903,279.532,63.3583,108.006,2508.92,625.457,507.136,63.9994,181.716,351.726,1197.03,128.076,240.681,1028.11,113.908,785.659,452.518,120.978,380.629,1369.96,147.092,1344.06,381.189,44.9755,174.986,235.672,10.8837,198.901,547.214,505.127,3528.84,804.692,536.463,1947.87,404.323,548.76,2085.67,649.989
153.065941043,297.431,297.196,160.411,959.459,1185.12,9.85863,325.422,407.652,27.7078,893.222,1150.32,78.9404,526.756,570.572,258.119,1529.73,381.193,3.08043,332.759,349.219,183.151,1761.67,621.254,296.682,880.178,313.909,40.9166,801.089,280.708,320.493,861.605,146.346,249.049,722.56,144.24,910.421,2212.97,223.436,339.163,410.699,11.5267,348.213,703.132,50.3139,1193,1343.03,18.2443,953.461,866.558,27.9657,318.471,428.289,14.4218,1294.36,1189.33,80.7173,604.202,882.926,41.5942,754.044,371.283,251.392,1357.23,303.702,142.591,316.86,299.858,114.131,1732.51,196.797,664.083,306.92,114.657,249.523,1317.11,153.183,234.822,360.628,75.0209,1739.14,1624.71,74.416,3125.32,3865.77,272.62,598.059,623.722,14.7388,1403.88,935.672,9.6877,806.889,1089.22,96.3448,1064.24,121.755,82.9455,752.51,680.165,33.121,1187.11,378.586,195.31,556.699,449.291,122.521,1185,315.563,650.39,1070.68,181.8,119.741,242.788,77.2647,884.392,1989.61,193.104,406.782,458.171,41.1068,116.134,239.863,29.1777,523.062,816.322,31.7906,797.874,610.717,0.437111,665.314,689.815,37.1024,631.679,493.645,68.4621,530.131,402.574,17.3623,1435.48,605.098,240.374,788.923,222.451,105.106,257.169,129.405,129.682,2059.22,437.043,361.804,238.819,121.703,318.994,1062.58,155.913,276.175,763.032,27.1722,610.233,671.672,144.508,400.856,1036.55,16.5837,1025.71,567.83,44.1566,174.544,262.025,8.91038,180.164,478.773,374.261,3382.64,1111.13,321.916,1375.82,286.077,420.489,2198.2,758.509
154.552018141,258.445,510.133,313.707,978.323,914.66,39.1101,263.084,438.203,152.688,990.756,1089.52,169.502,505.06,475.875,338.565,1474.19,505.094,14.1038,244.976,258.514,315.735,1666.02,625.727,316.428,1007.5,379.956,120.053,678.307,294.861,288.293,766.936,240.996,304.658,795.502,216.287,955.481,1993.35,403.05,354.853,377.916,67.6185,359.903,680.878,170.844,1071.19,1166.97,154.95,1095.17,896.37,112.312,387.166,346.606,94.319,1028.89,1013.27,124.581,937.342,819.696,187.495,606.963,330.101,232.908,1252.96,399.716,139.138,343.948,296.473,196.943,1389.33,488.124,545.606,404.857,93.547,253.593,1128.03,317.083,308.862,224.036,215.087,1643.47,1963.68,19.1997,3078.86,3359.74,418.431,456.855,743.93,35.8742,1418.46,1103.23,53.6721,692.876,846.292,310.557,1014.12,242.332,162.798,630.016,542.606,124.94,1087.52,493.185,248.583,626.433,459.3,290.322,1056.74,275.481,547.923,897.385,264.704,142.64,309.195,147.444,953.243,1800.72,274.815,411.505,416.888,83.8509,156.52,250.131,68.3452,496.228,734.018,159.713,832.583,688.145,32.9159,630.657,634.95,120.322,538.242,417.483,94.9407,590.955,483.652,146.387,1103.35,632.47,262.727,783.092,254.588,130.695,231.12,187.084,272.484,1692.78,600.444,342.942,354.935,119.7,400.478,906.168,188.453,308.709,571.124,69.8169,481.585,840.522,183.89,495.193,831.855,126.326,754.057,658.569,78.5675,214.59,269.53,14.2824,151.345,442.93,584.743,3132.54,1377.95,141.959,1080.5,223.701,489.789,2102.93,882.405
156.038095238,249.677,626.015,559.578,951.964,697.362,117.175,178.18,418.152,336.492,1055.82,890.768,309.104,458.45,412.271,540.727,1385.96,524.042,54.9108,187.683,179.979,469.986,1495.56,681.262,380.934,1066.62,407.972,180.012,582.463,345.333,292.981,609.301,344.482,332.397,763.747,399.724,984.1,1681.21,630.787,326.066,326.522,142.263,347.742,557.607,380.304,986.739,922.707,419.326,1117.22,851.189,231.834,435.727,252.316,170.924,822.937,918.806,302.94,1070.66,815.153,277.017,530.626,291.8,265.829,1105.47,508.054,141.808,293.428,302.876,327.785,1122.81,829.52,506.701,354.726,125.919,294.454,954.122,513.101,329.952,119.16,325.766,1621.06,2019.99,215.369,3161.4,2922.64,373.904,403.456,706.483,213.252,1483.34,1109.36,164.354,527.688,711.475,525.203,993.232,370.912,200.221,502.247,413.699,261.036,947.175,677.034,347.8,545.684,472.612,440.689,862.799,393.654,524.236,691.827,279.508,161.806,325.396,274.035,1076.44,1455.96,431.923,446.033,340.891,113.736,197.275,222.324,120.172,473.475,637.678,302.576,817.853,719.207,111.756,566.767,569.454,185.439,431.779,388.367,162.998,580.426,530.789,306.103,841.061,698.039,382.277,615.341,329.604,135.728,196.666,212.298,427.817,1426.05,786.295,433.229,346.7,137.143,477.742,723.62,236.588,337.098,432.694,122.333,433.372,868.962,268.163,552.858,765.435,258.509,545.421,629.741,136.457,260.713,263.686,28.1734,116.742,455.257,923.083,2835.13,1442.39,95.3505,968.167,127.211,544.974,1884.7,1037.11
157.524172336,224.827,646.833,818.503,787.249,531.538,177.59,115.818,344.103,515.796,1033.56,638.774,410.344,400.411,326.087,746.751,1224.56,466.254,108.728,125.939,125.394,508.058,1334.19,688.997,441.72,1025.66,422.671,183.443,501.366,359.467,274.184,446.233,396.851,322.044,634.511,634.475,920.399,1299.08,815.817,267.192,253.459,212.184,284.124,417.859,536.649,886.826,631.255,673.938,1091.29,667.62,370.529,439.517,184.931,184.025,643.801,794.838,486.964,1054.17,801.605,258.336,467.032,276.135,304.225,948.599,542.312,136.08,193.785,339.453,402.594,880.182,1051.74,472.899,231.213,193.076,276.88,783.124,678.269,331.645,56.1462,356.948,1561.8,1753.64,701.594,3189.96,2453.46,230.455,316.427,648.372,496.077,1411.11,1066.13,257.418,366.155,590.901,581.801,984.564,480.86,195.424,350.524,316.589,321.709,818.252,802.146,465.115,361.033,476.304,480.855,651.511,561.123,523.33,466.795,233.336,166.325,284.284,405.739,1139.62,1077.62,529.891,505.476,241.201,122.215,223.731,171.96,154.301,416.688,540.593,362.608,762.379,713.198,183.961,469.945,524.235,165.413,357.737,333.135,229.797,486.382,556.603,414.995,575.063,755.36,494.23,414.487,364.029,124.908,137.759,234.515,535.585,1170.48,841.75,552.799,290.265,130.856,510.417,510.153,289.521,384.296,316.18,130.774,399.422,788.707,362.437,522.15,767.342,285.965,404.612,529.262,180.846,280.908,259.165,35.5735,92.7893,495.283,1196.6,2377.62,1388.01,237.399,922.004,51.2831,486.538,1610.78,1152.17
159.010249433,163.209,617.998,969.893,552.162,380.401,193.552,66.6569,261.204,596.821,934.447,398.392,411.405,336.678,211.263,853.502,1005.38,366.895,146.914,73.8736,77.8458,431.312,1150.63,623.612,422.835,933.666,410.207,142.893,422.588,307.986,211.688,297.726,384.649,255.103,478.958,800.245,748.094,903.136,883.771,182.133,186.267,237.302,198.879,288.113,557.07,756.521,351.53,800.157,1007.94,425.935,461.452,413.557,120.993,141.273,467.019,639.29,553.897,959.209,745.991,161.121,398.669,250.666,283.406,795.845,496.16,106.653,107.988,360.358,393.276,629.228,1116.79,406.505,123.004,259.564,207.197,617.105,731.743,309.345,27.2842,338.072,1371.51,1335.64,1226.12,3099.55,1959.99,93.9147,188.949,584.654,729.786,1231.9,970.44,272.456,236.138,454.911,476.755,935.457,560.589,148.491,225.523,218.02,288.771,668.091,821.041,537.986,176.931,444.436,404.034,452.207,666.559,475.37,274.762,157.361,141.511,218.093,475.937,1091.19,728.071,499.187,552.03,157.044,105.626,227.767,116.637,151.282,325.362,433.757,314.3,660.285,688.976,194.399,376.987,472.428,88.6868,291.189,251.219,246.749,360.491,535.451,431.91,334.618,747.002,524.847,233.592,347.405,94.4573,87.1762,235.856,557.997,898.42,745.7,618.225,240.588,92.5027,500.07,311.393,297.428,410.458,216.774,98.7336,332.394,674.406,387.364,439.242,752.667,222.757,301.276,409.893,177.218,279.753,250.742,30.1738,77.055,517.362,1269.28,1786.51,1275.51,523.508,876.123,40.664,364.992,1272.57,1167.12
160.496326531,78.5283,576.515,936.036,333.809,247.985,163.452,27.7616,197.911,524.613,804.951,201.294,322.66,277.002,108.722,806.403,782.228,240.227,147.055,40.3742,37.702,297.473,938.471,501.512,300.512,842.788,347.509,83.7803,352.141,203.89,128.837,178.335,315.397,147.664,349.116,802.106,521.243,563.809,808.045,103.556,144.344,196.26,117.378,184.472,440.462,610.951,141.325,756.633,877.041,209.94,447.329,376.533,59.7419,79.2052,298.246,481.148,455.931,824.627,631.905,50.6024,339.96,193.795,203.92,654.708,381.696,64.3837,54.1776,342.844,305.571,408.589,1018.74,337.682,65.8092,282.622,115.77,472.962,658.718,255.882,27.0179,324.651,1036.46,926.434,1470.37,2875.63,1490.39,26.5233,79.1045,501.954,798.446,985.143,804.645,215,146.936,318.254,282.837,833.661,572.528,77.4502,146.969,121.729,191.612,501.267,726.904,525.335,57.8011,371.757,266.818,290.57,658.271,366.949,144.323,82.6183,86.2821,157.814,442.622,945.225,443.64,363.032,546.313,110.832,78.3784,206.325,68.6752,113.156,217.279,327.156,191.484,518.014,643.542,136.7,304.559,403.595,17.6328,221.744,166.398,194.703,240.154,454.445,361.769,158.317,658.564,463.608,103.089,294.997,56.9543,57.644,203.729,480.049,640.662,535.231,586.322,214.728,54.9465,440.343,167.8,244.716,388.317,142.868,49.912,224.141,567.409,313.282,329.335,692.651,134.19,220.606,309.165,117.41,264.922,217.433,26.113,66.2797,502.172,1107.33,1173.18,1102.42,797.539,811.914,108.555,225.885,929.243,1043.2
161.982403628,14.658,561.59,707.297,206.539,151.045,105.864,7.10169,163.229,324.967,708.343,60.8812,183.047,257.435,57.2973,617.423,613.525,93.8303,133.646,20.8136,10.5601,152.125,777.089,304.211,147.211,772.442,249.848,40.3643,291.228,83.7044,77.8873,105.685,180.541,78.809,271.319,607.749,356.126,311.088,635.028,71.1779,114.946,126.608,73.6782,90.6728,250.288,517.187,15.5435,575.826,751.334,43.9177,382.421,303.003,23.0859,34.5485,194.463,280.738,296.931,655.656,476.039,4.45641,285.973,115.007,138.813,482.6,263.171,43.3543,35.0207,261.094,225.091,222.866,820.374,298.647,57.7634,269.805,47.8925,307.548,563.429,162.628,52.6037,281.157,753.233,499.546,1413.76,2385.24,1188.92,18.1462,49.1843,350.107,744.403,681.138,574.196,163.515,86.763,191.37,145.033,639.057,544.697,24.3837,74.8512,56.4539,119.813,302.886,563.915,445.837,6.35532,310.032,140.302,139.257,608.199,211.404,55.4221,48.8248,49.2118,75.4,377.291,697.606,249.274,244.981,427.268,124.595,84.8953,136.748,39.0075,92.4672,96.5776,229.651,90.6559,328.561,599.549,59.8006,201.554,378.791,7.79889,125.527,101.833,130.28,108.128,370.182,235.92,36.657,576.99,315.742,21.3673,266.41,28.3527,25.9898,173.384,322.125,411.977,331.791,428.444,229.237,71.1879,314.22,93.4017,191.554,288.031,109.38,23.5095,98.2318,481.168,188.98,185.685,636.848,74.0061,139.255,254.338,44.2637,217.361,178.392,30.6344,44.5358,482.261,754.941,655.94,893.916,867.945,757.198,228.334,107.801,619.186,825.233
163.468480726,12.4831,587.693,397.062,169.34,117.533,78.6302,1.59215,167.195,113.015,664.103,7.1694,63.4904,264.557,102.781,374.537,499.529,2.38865,149.46,17.9462,21.9175,38.3238,696.404,110.351,34.1035,732.948,206.893,16.0599,254.756,30.8968,71.804,91.1266,49.013,78.8176,278.477,305.423,302.744,224.658,452.157,66.5778,126.415,90.4215,66.0698,34.4655,80.6496,493.865,36.7477,331.145,656.989,14.8787,319.503,195.11,59.0623,16.3549,175.536,89.8359,162.773,510.986,349.39,2.72181,248.2,86.5702,110.546,302.829,227.528,47.9987,76.9858,132.648,185.278,140.67,610.709,244.995,136.933,264.098,20.8258,151.785,523.862,54.6903,138.475,167.41,612.503,142.662,1170.45,1689.83,1159.47,6.64201,78.0828,197.435,630.623,393.736,365.061,136.922,106.478,116.488,91.8668,420.994,528.74,2.76311,23.3748,43.9317,101.043,134.683,388.457,335.012,68.6384,270.317,50.7493,43.6301,577.368,60.4905,24.5223,60.5631,66.5665,6.43778,305.013,427.64,186.544,198.565,222.064,222.403,137.063,47.2818,52.8956,111.705,21.8397,163.279,44.0367,162.529,594.462,6.88753,82.2471,428.58,70.0914,35.0141,71.105,92.8799,11.5048,324.795,100.003,5.48642,551.138,137.314,8.67119,290.01,27.2501,3.68085,160.816,174.828,241.383,209.984,205.522,291.536,138.018,165.208,86.8361,186.807,145.239,117.345,39.4549,26.7423,406.138,75.6549,62.2856,593.243,86.6532,63.5885,246.882,25.0047,150.752,150.247,55.7628,23.6767,467.697,357.209,324.256,696.805,678.763,734.114,365.874,61.6794,371.995,583.979
164.954557823,120.661,636.565,156.07,160.948,146.833,146.472,22.2491,253.609,31.132,720.049,25.2211,14.9604,243.173,230.881,215.434,423.174,96.7297,270.367,70.601,104.925,23.9346,617.316,39.9493,2.55989,705.137,347.77,22.5428,327.475,103.848,97.3599,111.644,5.48661,115.445,396.34,89.0675,398.1,428.257,311.762,95.3483,201.045,100.41,69.4305,49.7168,20.1667,583.719,295.644,97.6705,658.631,164.799,249.509,93.1196,186.976,61.2494,261.23,15.6612,120.745,490.889,254.324,13.9742,216.412,164.467,133.305,183.644,368.992,121.83,200.453,22.8183,163.802,165.127,481.837,127.072,345.05,356.695,50.2558,119.567,503.779,17.5183,238.755,64.7212,555.806,36.7544,955.154,1056.24,1385.24,26.0826,103.304,156.973,501.087,160.624,326.417,139.672,317.571,170.651,76.041,345.242,495.869,5.66936,13.3232,99.3824,149.81,89.1625,260.217,277.255,239.001,221.556,6.10954,36.7428,603.674,2.58767,102.543,147.948,171.467,23.7942,197.273,229.712,234.072,228.357,37.6331,433.096,268.197,22.2455,142.313,148.737,36.5123,149.167,36.492,97.7549,713.872,19.033,39.0589,566.724,151.359,1.94024,57.9347,83.2887,28.5169,378.035,21.2722,145.088,578.75,25.2265,76.2417,313.891,85.7243,15.4333,201.017,132.528,197.794,192.199,47.2884,366.95,195.87,62.8194,116.679,261.832,54.2039,190.761,115.257,69.806,308.874,18.0285,13.2761,532.068,212.983,6.04577,316.625,136.968,96.3714,153.142,92.2346,22.5154,450.675,70.8203,222.352,608.906,374.378,800.879,483.971,98.2213,208.358,357.61
166.440634921,392.042,677.125,33.3033,143.548,228.13,318.07,118.987,465.28,245.268,898.127,77.0353,35.9093,198.132,387.604,190.128,431.541,504.399,587.589,256.947,275.043,147.381,523.397,70.1942,15.9837,754.52,744.056,135.829,560.285,335.426,169.828,131.843,24.1562,166.57,664.317,167.328,671.994,974.009,353.916,178.887,298.97,117.47,90.9789,169.457,126.979,857.281,827.496,48.612,766.495,410.201,190.998,39.2944,368.919,225.979,475.031,180.009,257.351,598.946,194.963,28.7395,178.132,312.21,230.71,263.442,735.212,344.46,397.487,9.74374,172.65,212.186,424.884,25.0986,692.385,632.476,167.227,290.913,545.923,44.9969,279.07,15.1816,565.492,357.694,931.006,813.701,1858.95,150.247,117.613,169.854,402.037,105.38,482.366,254.22,789.028,454.163,120.485,427.27,450.031,26.4358,40.8876,216.85,286.979,252.869,275.295,317.358,452.781,162.751,2.99329,81.722,714.854,156.884,340.596,374.131,383.001,153.339,99.28,115.916,298.456,339.463,18.4868,760.103,548.698,159.166,343.968,199.276,91.8182,164.253,83.7766,212.645,998.676,170.324,198.674,800.535,205.636,2.14176,49.5496,133.704,207.049,553.609,118.949,522.3,691.192,10.2945,187.739,316.66,195.388,87.1422,321.341,300.446,358.201,260.824,42.9342,430.084,211.525,17.2532,149.303,442.546,132.309,354.993,281.954,231.281,215.924,5.19832,9.70872,474.449,460.122,25.9655,498.244,422.046,121.79,185.283,114.771,34.9672,454.678,15.2827,307.616,745.752,253.739,968.187,629.027,170.34,114.08,213.55
167.926712018,756.284,785.014,4.87237,93.4234,330.749,616.348,378.029,749.02,707.9,1273.65,188.775,104.854,116.465,558.047,287.544,552.891,1172.16,1217.33,713.272,501.055,319.432,471.234,112.625,35.4738,886.314,1414.75,500.189,938.785,626.688,308.311,152.257,39.4514,232.703,1131.65,640.097,1152.97,1693.01,691.85,403.76,398.279,87.3023,181.533,402.048,394.022,1278.92,1616.66,355.403,1022.82,552.237,181.465,70.1971,513.536,511.431,867.742,653.669,623.233,742.799,187.273,33.5005,137.627,429.12,481.863,665.445,1280.38,721.733,647.691,134.579,249.737,170.4,472.479,63.4899,1104.79,1049.37,442.862,702.679,669.722,80.8891,270.764,56.7167,656.723,962.887,1210.28,1223.48,2551.77,387.741,137.622,185.733,329.088,217.253,800.588,661.594,1544.67,908.002,265.069,613.897,420.613,37.8013,89.1357,448.679,556.952,567.414,445.735,492.588,678.077,87.5674,32.019,171.54,938.052,501.703,696.097,834.376,765.636,345.094,41.5911,52.5363,344.788,463.734,204.664,1248.42,1104.51,489.343,571.145,287.161,154.798,156.023,186.748,539.068,1531.06,501.858,535.46,1091.42,280.473,7.1454,36.6611,274.05,578.004,848.189,415.167,1065.11,1002.14,120.454,260.764,298.96,339.601,228.975,497.942,677.789,797.936,445.342,180.573,425.957,200.188,10.9362,160.223,727.912,457.96,672.154,522.036,421.027,195.148,2.96626,8.995,460.595,827.393,200.9,764.394,809.203,306.359,289.181,81.2084,48.7874,536.887,199.056,503.161,1101.35,540.263,1324.72,808.889,195.564,93.2135,188.913
169.412789116,1083.08,1003.19,73.6647,36.7453,448.747,1038.15,827.681,1019.77,1212.01,1821.42,487.166,220.357,32.2246,741.906,472.404,726.828,1905.25,2219.42,1537.97,759.943,399.502,474.987,118.952,42.3963,1102.28,2286.97,1218.89,1374.96,830.902,490.502,202.196,20.3331,352.848,1794.48,1510.48,1802.47,2262.54,1275.41,897.794,559.609,34.2522,398.73,699.195,713.98,1751.36,2555.76,1141.57,1432.72,478.111,223.563,186.864,542.525,855.955,1460.57,1413.42,1204.53,850.608,182.909,40.884,93.0778,476.573,956.049,1413.82,1911.57,1138.07,887.191,414.995,438.974,48.21,663.193,361.73,1428.9,1443.85,928.567,1333.07,891.84,84.963,254.015,261.389,820.44,1476.28,1750.86,2380.7,3436.17,661.952,147.532,213.546,273.887,349.692,1212,1548.47,2530.22,1357.64,473.129,851.409,453.315,25.4342,190.744,875.906,974.021,849.351,688.291,840.974,898.107,26.3573,92.7693,351.967,1258.03,878.383,1064.97,1543.68,1377.48,556.076,19.6392,25.1267,384.914,504.221,509.859,1975.51,2036.54,947.871,692.34,408.791,216.289,107.505,340.753,1096.34,2332.84,992.389,867.186,1375.96,461.142,24.1941,51.8843,528.651,1113.57,1233.9,792.319,1609.35,1579.3,416.384,262.812,273.795,517.97,391.376,665.56,1198.98,1529.36,804.986,358.787,339.633,186.35,11.2212,166.818,1099.83,1036.87,1149.45,796.504,537.476,249.29,9.82377,8.38804,547.818,1304.37,564.884,1031.62,1156.35,668.213,497.837,33.9097,97.7496,724.89,518.832,708.154,1549.87,1290.03,1968.5,993.318,151.38,135.509,224.249
170.898866213,1317.19,1238.6,250.605,34.8293,607.457,1617.63,1290.05,1174.85,1667.76,2305.26,1022.07,456.089,34.4979,1005.77,622.035,833.29,2624.04,3407.22,2563.59,1103.4,337.726,504.386,122.748,40.1725,1390.53,3224.4,2205.41,1716.54,888.377,672.551,285.921,2.77839,538.521,2565.05,2711.56,2424.54,2389.12,2048.94,1694,806.039,54.6445,722.36,1070.14,944.901,2052.51,3567.36,2338.89,1866.34,303.637,280.751,357.909,474.869,1120.9,2219.32,2319.71,1841.36,909.512,146.397,83.4071,66.4558,522.535,1618.5,2335.72,2535.19,1420,1018.58,851.925,760.403,14.6944,978.366,889.127,1626.28,1624.6,1497.24,2149.67,1228.09,46.9324,284.339,535.098,1057.18,1689.3,2261.81,4093.87,4586.41,811.886,135.155,257.965,205.434,444.911,1572,2846.21,3699.73,1636.54,629.645,1107.65,567.797,29.1424,415.149,1497.45,1473.26,962.169,930.289,1275.7,1087.15,30.9242,211.463,712.709,1545.68,1100.77,1451.93,2286.53,2097.84,855.882,35.9332,46.6903,435.129,401.323,904.727,2914.66,3159.3,1486.03,666.588,500.042,306.564,37.0287,558.576,1834.16,3241.22,1578.27,1048.59,1564.67,785.5,100.827,148.264,883.775,1708.39,1609.03,1083.81,2052.09,2328.33,898.602,263.03,248.778,763.908,501.064,718.795,1838.83,2439.34,1279.22,513.602,213.963,191.836,3.77401,179.58,1565.68,1800.53,1620.23,1049.93,561.145,317.273,64.0766,54.3766,776.744,1845.97,1051.51,1183.73,1346.68,1169.99,813.268,55.4065,231.89,961.071,861.753,882.346,1805.45,2398.39,3017.35,1084.37,107.797,202.112,229.648
172.384943311,1399.59,1420.13,483.065,116.252,860.803,2319.05,1573.03,1146.14,1950.07,2543.42,1664.48,847.78,274.086,1349.33,652.093,844.484,3199.27,4385.87,3535.14,1523.85,168.006,575.652,169.312,62.6625,1695.76,4003.23,3185.98,1888.96,761.545,804.477,418.276,27.6524,782.005,3207.77,4036.16,2850.74,1984.37,2895.83,2638.9,1122.02,201.86,1113.25,1439.81,997.63,2063.88,4455.65,3680.03,2179.79,169.699,326.216,563.154,329.393,1249.52,3051.14,3054.84,2330.97,954.39,76.3169,180.943,99.5118,645.51,2383.11,3111.95,2954.95,1513.93,945.827,1389.14,1232.62,234.599,1361.86,1461.17,1676.38,1484.16,2005.17,2954.81,1672.62,46.2076,377.401,709.516,1287,1600.1,2440.19,6059.55,5926.94,800.596,129.111,253.791,146.67,421.051,1848.13,4232.58,4867.5,1686.5,648.959,1360.91,713.173,93.6877,755.171,2262.53,1976.27,814.634,1147.77,1637.92,1177.12,153.183,414.635,1246.71,1747.17,1028.65,1814.89,2813.63,2660.51,1290.16,140.393,164.527,478.857,226.392,1323.84,3824.21,4211.69,1973.52,523.221,524.168,438.806,14.9249,851.289,2548.31,3977.91,2189.96,971.514,1621.6,1230.84,271.385,342.067,1252.57,2216.34,1858.43,1163,2267.83,3103.9,1494.64,291.983,268.972,1028.66,551.185,619.881,2515.09,3334.84,1721.39,607.138,91.2208,213.946,7.52294,250.118,2087.56,2556.79,1900.3,1216.44,481.272,359.517,213.104,203.37,1144.43,2319.32,1504.61,1171.69,1307.08,1675.81,1235.35,202.125,466.577,1194.76,1060.95,1012,1687.34,3569.9,4484.89,1127.05,108.821,260.639,189.978
173.871020408,1289.71,1502.74,678.438,267.788,1229.27,3001.04,1611.59,929.208,1994.09,2394.23,2259.16,1349.19,767.78,1708.43,598.41,771.774,3544.79,4718.77,4212.21,1947.89,31.6331,674.996,286.88,137.975,1938.3,4389.17,3837.29,1856.14,509.87,841.071,587.982,129.083,1027.98,3490.79,5135.38,3015.96,1248.74,3637.78,3434.59,1441.42,483.943,1483.76,1694.4,863.468,1798.09,4976.4,4783.63,2285.66,144.561,357.159,768.344,169.36,1287.15,3738.77,3366.5,2488.96,1031.91,12.0602,331.179,210.38,877.392,3071.8,3486.8,2970.34,1459.19,679.801,1929.33,1820.6,727.139,1699.97,1901.16,1520.17,1131.19,2220.75,3592.26,2116.2,150.264,461.43,804.015,1286.02,1444.93,2013.08,8081.77,7334.25,657.775,141.46,206.566,78.6702,356.397,1871.17,5389.03,5768.59,1540.21,541.143,1530.24,859.367,219.926,1119.43,3054.38,2391.54,481.491,1320.25,1763.58,1142.2,389.087,687.612,1823.95,1849.86,695.782,2079.06,2943.25,2847.02,1797.88,385.159,400.782,513.87,86.6619,1644.51,4436.16,4892.5,2265.44,339.592,484.932,592.318,110.15,1184.56,3002.39,4261.42,2717.1,668.196,1583.02,1704.62,514.44,579.337,1550.2,2465.56,1902.31,1001.73,2194.19,3706.16,2056.89,375.672,350.151,1228.75,564.369,442.17,3091.9,4001.13,1939.26,645.479,11.0166,252.843,48.1418,399.578,2551.07,3121.99,1842.68,1263.79,334.057,373.348,469.104,478.649,1542.24,2583.28,1776.27,981.717,1078.87,1990.59,1740.29,486.913,735.096,1367.16,1044.56,1030.16,1256.15,4443.44,6328.56,1257.82,162.219,272.224,125.35
175.357097506,1032.82,1463.08,731.469,469.359,1677.1,3413.65,1489.49,596.122,1834.22,1856.29,2657.47,1858.13,1328.35,2013.98,548.83,716.799,3551.81,4256.74,4402.16,2259.76,59.4341,790.568,460.65,279.045,2002.18,4274.53,3921.91,1647.98,238.44,782.452,743.588,303.079,1191.82,3314.26,5644.35,2988.97,554.096,4085.68,3804.73,1661.57,830.251,1703.54,1775.53,597.907,1385.34,4962.73,5289.85,2182.59,206.663,386.937,927.401,80.2498,1301.63,4060.18,3173.93,2234.92,1163.33,20.6871,508.04,382.381,1158.88,3505.71,3324.36,2565.63,1313.15,368.642,2319.42,2413.08,1367.82,1882.11,2028,1239,692.016,2077.64,3798.72,2570.54,343.788,443.311,861.255,981.74,1334,1139.07,10016.7,8799.69,450.177,125.597,169.677,12.7408,303.857,1587.55,6175.9,6020.17,1333.19,340.721,1625.53,933.252,347.568,1439.66,3675.39,2617.89,156.669,1433.61,1611.86,977.426,677.498,963.82,2256.3,1871.29,286.101,2188.51,2615.68,2604.84,2231.52,759.609,721.709,557.401,55.884,1757.83,4562.31,4972.75,2274.3,202.015,417.34,734.531,322.155,1476.1,3037.28,3964.72,3023.2,316.268,1523.52,2056.66,764.157,785.276,1678.28,2367.69,1726.86,676.16,1867.42,3964.48,2424.3,491.654,460.199,1317.61,559.702,311.796,3408.92,4286.21,1824.78,629.461,16.6591,311.763,128.719,572.905,2857.03,3350.88,1447.61,1199.05,198.256,380.17,759.543,842.576,1855.29,2503.97,1797.36,673.141,774.68,1966.29,2223.18,907.366,932.442,1381.5,885.238,882.016,725.926,4807.86,8480.01,1626.54,221.804,229.904,52.9053
176.843174603,721.137,1312.28,613.835,673.145,2060.98,3421.93,1297.1,307.828,1525.77,1135.19,2738.96,2235.66,1714.93,2191.45,586.757,762.658,3191.34,3191.59,4030.01,2376.89,279.35,901.718,640.195,454.522,1828.7,3691.41,3427.29,1325.91,56.9005,654.802,829.744,499.741,1203.3,2733.84,5387.97,2893.79,238.545,4109.93,3636.89,1680.29,1110.03,1706.45,1649.2,325.763,974.414,4418.42,5037.27,1918.67,283.219,433.176,992.041,115.259,1328.55,3919.06,2554.68,1675.29,1301.3,161.453,666.609,558.775,1378.12,3566.78,2701.41,1878.41,1159,166.705,2457.45,2827.87,1942.63,1839.72,1797.09,925.794,328.651,1626.92,3521.74,2909.02,591.238,334.719,852.25,535.769,1247.08,405.321,11652.5,10284.8,363.464,88.856,165.159,22.4134,251.142,1193.58,6358.03,5596.32,1103.98,176.548,1620.84,910.377,409.647,1659.98,3907.82,2619.82,19.8379,1487.39,1265.25,726.121,918.102,1154.51,2389.25,1830.55,37.0898,2105.39,1960.94,2027.55,2446.01,1175.69,1033.35,624.46,140.627,1635.71,4149.18,4419.59,2012.52,154.87,361.832,825.179,581.479,1638.44,2632.76,3181.36,3007.23,143.82,1491.25,2160.55,937.059,881.913,1586.38,1961.24,1382.18,329.369,1408.87,3791.93,2499.82,585.372,541.011,1277.15,559.874,305.176,3394.7,4103.6,1435.4,558.798,114.424,383.896,232.96,699.73,2922.48,3192.98,883.219,1040.98,158.943,399.311,984.42,1198.09,1956.09,2098.28,1570.98,363.157,481.013,1635.04,2535.48,1374.87,975.215,1225.44,667.955,638.663,307.919,4824.59,10638.8,2356.94,252.591,164.021,24.553
178.329251701,444.99,1090.12,386.35,825.822,2206.51,3049.22,1099.98,185.599,1170.22,486.285,2505.45,2340.48,1783.51,2157.47,742.718,938.712,2516.33,1965.51,3155.11,2312.27,580.891,965.022,790.373,581.065,1467.36,2779.71,2584.11,948.612,11.521,522.634,787.199,654.582,1047.94,1938.35,4448.93,2821.78,432.022,3709.45,3001.77,1468.17,1199.4,1507.35,1337.38,160.001,674.079,3499.37,4146.04,1561.63,305.7,484.094,951.521,258.11,1344.96,3370.43,1732.94,1028.16,1360.26,433.375,768.013,666.821,1422.47,3262.78,1850.3,1144.59,1030.64,174.62,2324.07,2889.23,2265,1559.46,1332.38,659.061,132.892,1061.78,2814.1,3053.08,824.051,180.375,782.331,168.892,1140.21,339.809,12832,11646.8,557.046,76.8107,182.716,139.683,230.426,907.172,5887.42,4639.73,886.215,137.638,1512.01,807.387,371.017,1748.66,3628.7,2423.04,151.008,1460.68,891.839,454.424,1039.63,1167.49,2196.96,1727.02,82.7972,1857.17,1201.09,1344.03,2333.84,1514.6,1219.8,709.05,288.561,1325.73,3318.48,3413.79,1567.87,191.281,343.026,822.664,792.377,1604.65,1939.68,2151.88,2678.2,285.811,1473.8,1981.21,966.109,826.895,1306.74,1378.66,968.249,97.2702,950.061,3252.31,2262.76,614.959,526.36,1150.73,546.043,416.895,3093.53,3468.95,950.747,446.735,268.935,447.686,326.904,739.278,2691.63,2741.7,367.762,840.099,231.241,433.524,1083.13,1400.72,1816.67,1470.87,1213.8,140.087,250.43,1173.2,2523.12,1784.4,828.385,977.182,462.678,428.355,145.895,4789.83,12429.5,3385.48,260.616,119.488,89.4922
179.815328798,271.261,847.726,163.544,856.433,2075.08,2364.73,967.02,261.507,820.668,107.462,2081.39,2100.88,1533.4,1892.27,951.077,1178.3,1716.55,934.542,2084.21,2060.91,813.475,943.557,882.249,581.763,1037.71,1759.46,1699.97,593.023,71.524,400.139,652.141,683.021,793.789,1123.26,3194.21,2704.09,1041.12,2974.53,2144.38,1059.92,1089.62,1137.87,954.511,142.164,479.196,2480.06,2928.41,1177.95,248.129,510.31,826.937,429.754,1295.34,2577.91,988.031,484.582,1295.78,751.511,785.497,658.143,1257,2674.95,1083.11,563.065,915.009,380.633,1963.56,2559.33,2213.6,1141.21,813.453,499.455,86.8586,577.028,1905.32,2924.12,979.513,51.7061,700.063,8.7129,1027.47,1022.47,13439.2,12687.1,1015.96,116.393,223.081,346.531,245.281,885.291,4924.09,3371.72,730.287,193.629,1353.71,649.92,282.764,1614.01,3002.85,1999.27,498.171,1381.3,593.999,238.134,1031.26,959.31,1791.31,1542.66,364.794,1531.96,570.516,743.56,1943.61,1641.33,1218.13,774.141,419.672,920.758,2339.88,2224.32,1096.45,245.23,367.321,702.17,882.967,1359.82,1203.4,1161.89,2148,683.404,1427.47,1582.79,832.657,646.635,927.158,782.485,615.92,15.0127,582.34,2542.44,1759.98,574.084,409.688,974.004,496.784,599.219,2549.08,2584.35,544.583,313.951,417.736,482.396,375.081,670.369,2220.11,2129.53,91.8634,632.9,367.626,471.393,1028.13,1374.37,1471.54,813.97,859.359,46.8809,98.024,742.508,2187.11,2003.88,566.868,700.497,360.938,330.31,239.871,4896.24,13568.4,4411.94,280.299,115.461,258.528
181.301405896,214.56,644.53,28.3525,738.262,1722.96,1551.3,887.225,437.716,534.872,34.8595,1613.1,1588.31,1077.29,1467.04,1095.27,1334.84,1009.86,299.408,1136.96,1654.17,861.11,840.118,874.232,455.125,634.053,896.712,990.723,301.546,178.895,290.718,477.556,554.644,528.76,492.865,1989.23,2431.54,1789.19,2069.42,1328.81,586.495,830.239,716.744,589.066,230.385,342.353,1601.15,1738.1,825.037,135.384,484.636,655.264,533.136,1132.7,1755.03,489.627,160.472,1113.02,985.144,718.406,532,935.725,1952.48,599.603,234.695,779.933,648.764,1485.08,1938.44,1813.92,726.957,387.621,470.457,108.591,271.274,1048.17,2577.26,986.762,3.48855,619.357,122.369,955.658,1969.81,13462.8,13209.6,1515.44,187.164,317.904,586.642,287.14,1058.27,3789.71,2059.54,654.868,233.77,1216.67,498.194,200.299,1270.07,2225.87,1437.07,891.513,1238.3,417.079,140.872,899.571,610.838,1299.11,1297.99,692.52,1194.53,210.046,344.213,1410.99,1492.64,1038.02,781.756,460.385,534.646,1459.34,1155.06,725.942,237.023,420.689,489.568,836.948,954.174,623.269,467.57,1529.12,1127.86,1324.18,1082.1,583.903,416.067,542.685,337.455,372.357,40.7078,359.868,1844.62,1133.8,477.335,253.902,773.634,400.782,750.667,1871.37,1692.04,309.665,191.772,498.5,475.9,355.312,509.25,1628.2,1520.34,70.9498,457.539,489.351,489.577,834.259,1138.31,1016.37,323.12,572.502,71.683,22.7175,432.245,1645.15,1976.46,302.273,442.453,395.101,364.605,465.5,5051.38,13985.5,5037.53,324.498,160.979,519.358
182.787482993,247.809,504.371,1.9622,536.677,1222.02,859.373,776.319,577.481,334.217,154.91,1210.27,982.088,576.398,1013.88,1065.08,1298.38,529.689,48.1166,510.254,1163.39,705.63,676.78,762.044,260.832,318.167,347.625,528.134,104.779,264.239,191.166,312.25,334.531,300.322,163.878,1080.68,1954.36,2317.65,1221.4,705.293,214.151,513.52,357.907,314.903,322.194,208.124,991.345,829.81,533.445,33.0653,391.079,484.92,501.948,859.647,1071.54,252.195,51.5264,867.333,1028.56,591.758,335.713,570.282,1260.58,412.376,128.367,614.598,807.208,1003.53,1212.96,1245.15,405.919,138.484,536.976,110.145,149.272,453.67,2054.78,891.418,35.7093,519.207,444.365,1010.88,2471.19,12971.9,13096.5,1756.23,285.689,470.561,713.786,399.244,1276.42,2675.94,992.687,628.907,172.084,1170.83,398.838,137.872,854.596,1464.86,871.168,1125.51,1047.41,327.293,165.368,681.059,269.516,837.437,1023.04,853.742,896.3,103.749,155.557,888.355,1131.17,736.657,725.346,382.032,250.006,814.509,425.7,488.891,154.871,464.375,265.904,666.082,526.91,275.566,136.397,954.617,1380.53,1141.6,618.884,311.82,205.004,250.671,103.108,222.795,100.346,269.591,1280.5,561.778,351.88,130.563,590.362,261.512,777.668,1195.93,983.254,221.244,112.723,480.798,422.555,280.281,305.086,1050.04,1030.01,181.899,333.206,531.303,450.6,586.547,764.461,588.743,80.7768,365.398,163.945,10.0521,226.093,1124.79,1675.3,149.258,278.053,451.374,494.375,692.286,4939.16,13849.1,4944.72,396.27,286.066,774.163
184.273560091,313.655,434.717,38.2064,351.163,700.314,410.727,591.05,588.551,214.404,292.577,904.009,473.355,198.076,624.302,854.542,1038.24,311.327,13.2048,212.527,688.545,434.758,492.405,574.144,92.1399,119.968,94.5339,276.337,19.1267,281.501,105.794,201.37,123.308,137.721,78.8987,551.958,1350.2,2404.32,595.565,311.233,32.7056,249.912,127.716,149.756,332.537,70.1112,636.86,300.943,306.194,1.60909,251.245,346.981,351.431,522.318,613.73,174.388,59.6037,631.832,869.801,438.674,148.299,264.363,725.423,392.776,132.164,430.897,759.337,599.417,599.372,695.132,223.365,59.7602,614.898,91.4748,124.695,185.199,1518.51,692.079,137.72,419.134,738.848,1250.96,2113.78,12121.7,12387.3,1555.88,446.952,609.737,663.099,601.348,1262.01,1807.4,330.834,571.515,58.7777,1218.85,372.265,100.576,479.336,869.748,411.243,1091.27,836.468,260.381,251.759,441.444,55.3417,487.807,741.895,750.085,667.574,122.927,97.2523,501.547,686.915,416.965,612.602,229.661,85.9325,428.63,82.1007,345.788,64.3077,476.841,98.6656,425.227,216.115,123.891,71.2349,515.579,1327.65,888.866,298.154,105.077,58.9781,84.3856,35.5412,148.022,131.21,252.601,892.086,172.743,238.94,80.8007,448.206,118.613,652.321,642.534,524.562,189.494,99.4909,370.144,340.459,175.471,131.025,588.874,676.47,271.399,263.958,468.656,347.601,362.296,383.454,291.28,20.7305,246.696,258.555,40.195,99.7945,768.737,1185.93,159.401,201.912,426.45,658.286,837.572,4312.71,13373.1,4205.74,477.853,476.27,885.365
185.759637188,360.384,427.029,65.8232,248.915,318.053,160.818,367.269,492.799,134.399,347.427,640.775,189.098,34.2023,328.783,521.946,705.521,249.063,25.7862,104.896,343.198,204.947,290.652,377.505,23.0137,35.9746,16.3279,149.574,37.0899,261.345,40.7082,132.65,17.4305,66.4664,109.749,286.763,812.19,2128.69,215.355,110.537,12.4773,119.16,28.0364,51.4162,264.179,2.08525,425.124,75.8186,165.808,46.5606,134.126,215.725,174.958,244.629,329.516,146.537,74.6048,463.27,611.951,255.748,41.3137,103.467,373.678,375.519,142.059,273.025,567.743,270.45,221.192,341.522,124.161,89.5845,639.33,126.749,129.082,157.088,1071.49,472.485,250.387,323.844,862.01,1561.71,1201.94,10952.4,11347.3,999.421,674.686,632.88,522.066,793.621,1012.61,1177.83,64.2964,488.186,48.4971,1247.51,441.353,69.0465,248.244,456.609,109.297,886.309,606.908,191.558,295.872,257.38,7.35918,279.916,442.649,496.541,490.305,151.584,65.9143,267.177,346.672,160.065,438.641,114.84,31.9768,223.593,2.0832,262.982,71.3898,435.8,10.647,230.919,70.5086,61.7209,126.428,221.583,1093.88,590.064,125.765,22.0149,5.75891,17.0466,32.0087,124.111,141.996,270.412,624.763,14.0881,178.454,112.487,320.877,19.5499,470.649,265.909,255.836,160.126,123.597,244.901,218.362,88.8437,48.3309,283.558,412.169,273.927,210.421,358.163,194.794,193.109,137.595,141.629,24.5255,206.063,326.645,101.475,29.8044,574.585,726.198,246.127,178.17,307.573,792.366,864.072,3288.76,12628.5,3315.34,505.05,690.506,809.021
187.245714286,401.769,460.979,50.0092,185.262,122.874,53.7335,189.272,353.603,84.1474,293.319,430.464,79.9025,16.2102,132.913,215.67,433.731,218.499,25.5635,72.2885,144.199,79.9014,139.447,222.135,19.0775,14.684,16.7823,107.772,95.7869,242.575,35.036,86.1706,0.180501,49.4213,133.798,173.239,518.083,1732.3,62.8952,31.0615,42.2069,73.8136,6.38037,11.286,173.362,38.8989,276.3,41.3846,110.882,86.5571,78.4747,93.1981,42.7559,93.6954,181.255,103.458,58.5689,356.293,341.751,112.214,14.0922,48.1016,167.982,313.502,116.318,163.645,351.891,61.1248,52.5343,175.094,57.6185,160.223,608.655,252.997,131.766,242.914,805.353,229.62,333.76,205.262,848.894,1702.3,361.459,9664.14,10332,378.718,850.391,541.991,321.484,919.288,597.77,811.462,83.9909,383.906,229.231,1216.05,532.253,28.6511,138.73,202.207,2.56959,651.395,389.601,119.644,265.846,136.991,36.9345,190.21,199.29,223.838,363.185,138.313,24.3878,145.339,156.152,20.3605,248.499,78.3805,30.9207,129.833,48.1574,216.746,183.391,358.725,12.0848,109.502,30.323,34.3306,189.322,66.6065,843.708,362.342,59.1497,8.19951,0.313544,3.04978,29.5353,140.449,170.046,309.429,449.601,11.5641,148.75,162.118,215.227,4.98778,302.888,75.1643,121.002,112.739,124.056,160.356,87.7704,46.7685,24.5077,131.466,219.316,193.663,159.989,233.918,65.1764,94.0297,34.8762,84.8118,25.4791,228.993,366.67,184.088,29.3337,464.297,405.696,292.259,196.004,158.842,843.365,770.638,2216.48,11879.1,2598.11,467.121,838.655,629.798
188.731791383,479.635,470.177,23.1928,133.963,52.6455,23.9608,137.993,229.048,41.4766,197.334,288.041,35.228,45.5946,37.0922,59.1025,251.446,148.899,24.6586,68.8444,34.4975,50.8685,93.2123,119.204,26.3551,13.0218,39.4327,96.4588,142.758,242.492,97.5605,71.8097,7.15926,35.5938,119.105,115.59,493.39,1497.2,33.0076,2.92471,64.0494,49.7444,17.565,1.36679,127.052,139.624,171.953,75.9105,105.215,80.7695,53.3167,26.0709,1.26771,40.4175,114.891,57.398,30.3583,264.125,154.119,49.8904,12.5151,41.7351,54.677,249.347,56.5948,72.0849,222.973,0.721227,12.8708,97.2353,21.695,188.466,587.051,395.645,150.435,365.663,614.288,58.7285,368.382,78.0387,836.406,1449.96,23.8814,8686.37,9558.81,42.7794,778.082,468.72,125.169,928.353,248.654,580.413,251.977,301.76,494.552,1203.17,519.357,7.32406,86.8436,58.4637,57.922,519.219,190.76,46.157,221.972,61.2651,79.799,135.744,71.4096,57.152,256.066,89.6772,1.18717,77.5242,64.8263,10.8516,124.839,70.556,32.1024,88.9529,118.166,191.44,304.837,313.197,68.0797,42.0963,26.8232,27.0411,193.196,12.9461,716.816,300.14,36.9809,4.06841,1.99684,4.02354,26.7481,157.53,239.174,354.342,317.104,82.2819,131.707,158.093,156.71,38.1283,208.02,25.8354,56.461,66.9518,78.8348,108.339,18.6105,45.2149,19.4722,62.3917,95.9459,106.878,105.54,116.551,21.8981,57.5054,24.1945,66.0335,20.6229,254.706,404.675,246.232,85.814,406.454,205.1,264.577,230.109,72.8736,801.654,571.709,1534.26,11217.7,2341.53,404.624,831.232,446.065
190.217868481,554.693,432.511,14.0729,87.4773,62.8722,28.4399,192.774,143.712,14.9719,117.819,213.123,14.9663,58.1637,4.90942,12.5543,160.699,60.4972,38.2333,74.7345,0.885473,68.5057,100.465,51.8418,29.2644,15.0478,68.2445,92.0739,146.283,257.369,156.284,85.6762,15.0767,23.5443,79.8216,83.5898,645.561,1494.64,49.1132,6.78904,52.802,40.0294,27.5398,0.737737,123.375,222.465,108.11,103.08,147.188,38.9739,38.4193,5.75903,15.7487,41.7291,118.75,38.7089,6.74982,196.818,65.2342,30.5434,7.13098,43.4746,15.622,197.649,5.08451,10.208,179.844,29.1843,35.7518,70.6148,5.90161,157.561,577.18,457.727,198.803,402.702,531.033,2.05091,302.811,14.9915,841.363,933.238,127.958,8415.12,9291.33,53.8684,477.767,425.135,40.1272,763.97,109.691,502.516,385.429,260.503,663.822,1211.94,408.973,10.7054,64.3088,6.48663,177.113,496.872,47.759,9.26172,182.224,32.6239,104.012,101.962,26.3639,7.75322,177.566,34.7341,20.3898,46.2457,36.3231,62.0581,70.0734,51.5086,17.4311,85.6706,146.397,182.795,351.009,303.821,113.458,16.0066,27.5911,43.9949,125.844,53.8542,743.84,363.146,34.6604,0.386293,2.95607,4.49616,27.9073,137.117,335.251,355.743,213.18,170.556,117.228,105.905,139.041,49.4911,170.339,66.4906,38.2438,42.9184,18.589,83.0019,3.36575,50.3115,10.1345,40.3156,46.1956,54.1766,63.2245,35.2149,43.4688,61.4902,60.2446,59.5836,21.0969,248.291,418.939,268.301,141.341,370.136,104.304,216.146,239.287,66.8904,758.209,280.498,1309.79,11077.5,2460.33,283.385,746.139,268.21
191.703945578,560.122,384.616,25.1277,60.4289,96.0438,50.8987,282.543,132.146,11.0279,110.329,170.86,3.4692,49.4255,1.64038,7.5419,136.705,23.1374,67.4048,92.9189,12.5084,90.8416,114.748,12.6513,36.8155,22.2646,105.461,72.0695,129.735,247.156,195.385,101.245,24.6126,15.9084,55.4408,55.3791,903.538,1648.3,109.001,32.9841,31.5535,29.717,30.4153,8.4293,132.998,262.65,64.8372,110.565,216.885,16.57,34.5548,4.86686,42.9707,65.5081,166.113,77.6062,2.61114,179.855,40.1277,22.9888,3.03233,36.2815,11.4205,172.102,9.78373,4.81471,181.898,87.7202,69.9082,65.5299,4.09615,114.935,544.959,420.558,247.827,352.442,475.767,71.3516,232.468,5.75081,787.356,571.626,316.131,9109.98,9739.31,225.496,214.302,352.276,21.4943,615.048,202.08,495.074,408.069,233.907,664.008,1199.92,290.501,27.922,56.3591,10.0575,297.103,530.729,4.16249,37.1566,167.83,25.6224,102.529,96.6023,23.7626,40.1986,141.575,10.0041,75.3204,48.4142,38.1921,114.067,47.5549,31.493,7.16248,99.3475,134.607,163.517,329.444,285.641,132.331,7.19586,26.9379,72.0503,52.145,157.27,891.122,505,39.1934,0.403115,3.05644,6.1654,22.8005,109.679,393.891,332.073,111.575,259.078,97.568,64.4109,127.487,36.9776,143.37,146.413,51.285,57.0324,1.63519,74.9129,9.80108,46.4891,0.821093,35.7383,50.9277,59.6835,52.0426,5.38221,86.4272,83.1889,107.94,58.3126,30.3297,215.813,381.842,255.776,173.359,301.103,104.389,210.579,200.672,104.057,758.728,48.7793,1562.82,11584.6,2851.43,135.412,661.738,114.209
193.190022676,479.029,364.387,25.5417,58.3689,114.49,92.6504,363.87,190.655,26.109,159.298,145.659,3.22059,30.8496,18.532,27.8938,152.438,39.5338,94.6385,133.354,45.4704,100.512,120.347,2.1061,50.9151,50.9714,139.578,44.382,100.155,214.257,198.787,116.079,27.8218,12.6035,53.1672,37.567,1196.89,1908.13,213.71,56.2872,19.1562,14.7676,30.666,20.4117,139.307,265.906,42.5068,114.828,280.853,40.8138,47.0118,15.6006,57.6352,102.452,233.747,150.424,24.3042,203.853,58.0242,21.851,6.42364,20.5907,29.2423,179.339,51.7995,39.1258,214.026,151.661,91.7439,67.3816,8.8026,92.5854,471.949,321.297,265.091,240.675,432.393,237.735,186.774,10.9193,728.76,593.982,417.662,10708,10946.8,403.898,187.538,308.578,12.692,543.888,457.578,523.987,325.757,196.495,548.145,1111.8,225.992,37.5217,63.2476,38.1394,389.142,606.435,47.3238,99.6027,182.759,32.1951,81.0611,121.104,48.4897,114.384,150.284,20.273,126.409,73.2465,62.7807,137.309,45.74,29.0522,17.5924,112.645,107.9,122.915,272.923,235.311,130.012,9.65415,30.3742,87.268,9.57154,269.505,1143.68,684.885,48.0647,0.941512,2.21256,11.4282,12.248,83.3906,396.082,295.432,39.6353,324.367,92.1679,56.9632,100.859,18.1899,115.233,233.735,102.678,96.7646,30.5123,79.1121,26.5832,31.8714,3.40235,43.6642,85.9125,105.632,65.3961,18.9295,124.615,116.12,138.937,66.889,33.7542,179.547,294.312,219.694,165.763,212.145,175.009,263.423,138.041,164.676,796.94,20.9241,2269.28,12612.5,3487.73,37.7933,607.134,28.6397
194.676099773,358.268,364.345,12.2685,70.0008,108.758,137.272,427.403,281.855,61.689,211.23,150.547,7.79585,18.7778,47.7951,64.855,186.737,82.4635,119.837,178.439,86.279,98.7073,109.105,17.4683,76.1379,104.362,153.512,22.8437,74.3096,158.759,172.725,120.041,27.717,15.9655,58.4888,49.4129,1447.36,2230.33,346.66,61.8113,12.6035,6.99992,23.3524,37.2413,125.923,249.1,43.4459,119.65,329.343,104.174,72.2936,34.4562,54.6883,138.951,304.052,225.174,77.5081,237.646,101.499,28.8808,13.6182,8.4686,63.2636,206.47,100.359,85.194,269.525,203.691,94.0698,69.966,13.8959,79.929,393.529,194.484,232.723,132.272,354.976,466.171,180.713,12.4165,770.876,878.259,589.948,12772.9,12706.1,618.73,372.534,356.112,3.67588,560.696,796.489,499.153,226.588,129.689,375.725,988.312,200.194,40.1023,73.3166,66.7439,450.773,708.697,141.101,164.735,209.135,50.5152,59.2033,157.947,95.2029,192.639,185.8,58.023,150.412,114.344,97.5012,126.167,59.5631,44.1906,48.9551,128.264,72.6244,78.5693,204.743,157.909,116.534,16.4803,37.3316,87.9118,0.242961,359.561,1450.65,871.149,57.7506,0.71676,2.45017,15.7737,4.45322,64.1954,339.074,271.329,17.9326,338.271,123.728,77.909,63.1316,5.30665,91.2385,296.533,194.586,150.514,80.1474,89.7233,41.0372,18.6886,16.385,60.9366,137.051,158.327,89.7183,57.5443,157.421,141.196,142.956,82.7565,22.7383,148.761,194.069,160.877,127.06,126.63,267.889,362.187,94.3367,231.416,881.701,195.892,3264.37,14015.8,4260.41,49.986,595.516,29.0912
196.162176871,252.871,360.985,4.468,75.3835,97.6752,149.466,472.061,383.024,105.744,227.606,194.804,9.61365,23.9825,70.2354,96.8259,237.576,134.74,130.491,215.807,130.363,76.0117,94.0357,46.9647,107.534,174.794,143.45,13.8754,57.6512,98.083,134.231,104.634,27.8553,28.7904,59.8525,85.1182,1616.2,2566.57,467.205,49.9307,11.088,6.25102,12.1126,60.4361,86.2309,231.317,64.2622,114.193,359.696,201.914,97.7318,48.3296,50.2131,144.261,376.74,279.606,137.606,273.542,148.386,39.5614,19.8632,2.09154,100.358,249.909,128.14,126.791,338.778,226.946,80.4461,68.6631,17.4322,74.4256,324.95,81.06,170.119,46.7335,279.764,626.545,291.339,26.7211,947.813,1088.58,1037.5,14756.3,14742.4,984.023,518.722,461.603,15.8407,759.228,1069.35,413.558,143.91,59.0323,191.297,881.619,206.382,37.9863,76.4644,91.7883,453.111,830.419,258.086,192.314,242.886,72.729,39.7979,202.187,143.919,241.592,247.694,99.4552,143.764,168.45,117.767,99.5408,77.4921,65.7494,92.7214,144.278,41.0813,44.4542,139.001,79.5802,102.318,18.437,42.5952,89.0827,10.4033,409.549,1739.23,1056.48,61.4203,0.436323,1.76739,18.9431,3.06892,55.2634,245.993,273.935,41.9053,295.446,198.38,114.535,29.7543,1.80729,71.4499,320.788,313.356,201.949,122.231,110.249,41.0428,12.4531,26.196,80.4403,196.105,195.291,108.928,104.87,189.714,134.509,132.278,95.4217,7.85976,117.068,112.93,93.8551,79.3932,63.9274,340.544,467.472,103.87,294.88,1043.86,446.217,4238.08,15669.2,5019.07,175.359,599.288,106.813
197.648253968,175.989,363.765,12.9247,62.7693,89.3806,115.232,500.767,468.513,135.561,213.11,257.256,23.027,46.605,81.4957,112.287,287.153,187.845,115.111,238.794,169.728,40.4942,80.0831,69.441,143.143,248.278,114.077,14.4823,55.4563,49.676,93.3021,83.2044,23.0109,49.1024,60.1935,114.79,1701.87,2849.22,543.53,33.2016,16.4026,7.73285,5.81939,81.4035,40.4977,213.536,107.664,91.6859,367.212,318.91,116.577,48.8924,45.628,118.472,436.158,308.551,167.496,309.246,182.798,44.6904,26.4063,2.02225,141.493,295.464,122.809,160.616,397.008,218.724,54.6583,64.8298,17.9225,76.0643,270.897,11.9566,106.633,9.15603,203.576,697.016,440.599,126.151,1235.82,1098.12,1629.93,16334.2,16641.6,1495.24,505.449,617.765,139.412,1004.51,1256.49,267.829,102.06,23.6124,55.1411,796.364,251.125,33.9574,68.0158,106.08,392.74,933.85,384.084,163.854,277.478,102.691,34.014,254.008,165.845,253.042,328.909,121.373,118.756,223.387,114.413,69.0098,89.4899,83.536,137.555,150.544,23.027,27.4803,85.7202,27.8722,81.4177,17.5666,43.7312,98.1628,26.6811,410.207,1953.79,1222.99,61.1552,1.37969,0.314018,24.0247,13.6745,48.4078,157.39,303.338,85.4431,215.575,303.574,157.144,8.90431,6.96452,53.6674,309.219,426.657,236.374,139.77,130.848,33.9849,8.89341,28.9553,96.4811,244.33,211.514,107.839,148.424,217.162,96.4453,114.467,95.2843,0.105147,91.3625,55.4402,40.8813,44.5141,30.7823,367.351,549.538,153.872,378.459,1273.78,632.945,4933.03,17300.5,5726.72,332.971,598.43,233.976
199.134331066,142.651,370.926,35.3598,42.6883,74.2378,68.081,479.936,544.44,130.096,186.524,315.802,57.8303,80.1347,87.9518,99.5466,330.048,230.408,74.4189,251.102,188.472,12.1147,67.0152,72.4928,174.811,308.967,79.6418,18.7787,62.2187,23.8294,62.931,63.1431,16.3933,66.6748,66.0365,112.373,1707.45,3039.15,553.711,21.313,24.8993,12.3925,8.49907,100.758,7.23756,195.857,163.271,56.2588,357.455,432.908,120.258,39.5619,38.4156,84.1822,457.738,316.569,148.966,336.451,200.954,38.5243,34.0596,12.0082,183.104,327.827,93.3149,178.84,429.395,185.064,27.4245,56.8529,16.9692,82.312,230.923,3.56371,58.9605,2.68411,131.368,701.106,594.683,288.531,1460.99,1127.81,1867,17500.4,18234.9,1809.73,461.283,728.674,318.481,1270,1360.79,117.466,76.5208,23.5001,14.0679,735.691,326.366,24.2725,57.0433,99.0987,297.358,982.072,496.933,99.112,301.344,146.333,56.3875,309.33,148.694,238.789,407.062,121.718,88.8229,265.25,94.75,43.0309,90.2434,86.5791,173.262,143.945,15.787,28.5411,47.3654,4.50045,63.8444,11.8463,44.6283,104.523,46.4366,359.913,2072.38,1344.13,61.8915,2.86844,0.14501,28.7815,40.2935,40.989,106.26,339.751,122.78,132.672,410.749,200.042,4.05545,16.2488,38.0416,268.256,509.948,238.875,129.062,145.255,26.549,5.96171,27.2364,99.3936,270.574,206.306,83.879,182.367,220.468,54.2332,89.2744,85.3198,4.36097,68.8273,23.2075,14.3208,29.4363,27.8889,327.262,599.966,221.039,487.066,1514.71,708.667,5150.86,18750.4,6297.95,407.147,609.233,341.232
200.620408163,163.023,384.585,54.6581,26.8844,51.525,29.5835,418.84,590.586,100.243,163.07,353.73,108.266,115.085,93.7148,66.1735,364.526,244.741,30.9223,251.091,186.826,0.428316,53.4118,57.0893,192.23,345.647,57.3566,23.4517,67.2843,16.5652,48.1524,55.527,12.5599,71.6356,72.455,77.5137,1641.8,3132.55,500.421,15.172,28.133,24.6596,27.7081,111.659,2.49954,179.992,207.335,20.147,349.157,516.138,108.877,26.3445,30.2071,56.2464,444.037,297.642,97.0527,344.331,206.024,22.7541,43.0216,30.8586,211.407,344.391,55.1476,181.87,424.94,141.033,8.4722,45.3311,15.8004,88.0716,213.391,26.607,28.2214,18.4932,82.6125,616.8,762.954,449.355,1484.73,1323.2,1494.36,18343.3,19478.9,1687.61,510.594,709.178,463.088,1581.26,1337.92,30.7868,65.9002,36.9018,38.8031,723.305,403.884,13.0539,47.1191,74.3497,195.942,965.911,573.467,32.8349,313.605,195.846,107.194,360.401,106.438,215.757,456.664,112.458,66.2458,286.538,71.4396,27.0913,78.4025,72.6292,189.47,134.579,10.1648,36.7191,26.181,1.94477,51.0863,5.39745,46.4489,96.0729,70.4531,269.75,2110.02,1399.41,62.7425,2.89319,1.72163,38.7614,81.3753,34.5867,91.3924,365.437,141.876,78.2743,487.634,244.712,10.7058,22.9715,22.8821,219.71,537.7,214.88,95.6849,151.715,21.8901,3.72215,22.7505,86.3115,270.268,183.741,48.3866,196.658,199.474,24.2447,61.6947,73.0446,13.5665,50.8081,16.084,5.1468,22.6984,44.8337,244.982,596.832,292.961,576.783,1693.77,711.267,4916.86,19919.7,6660.79,344.241,647.028,352.458
202.106485261,216.878,408.219,58.5802,21.7766,26.5419,7.94419,348.472,578.649,77.0768,147.93,366.529,152.765,140.23,101.921,38.8463,381.462,227.025,4.24014,238.417,177.783,3.03065,38.1089,34.9508,186.576,361.638,53.2432,27.9838,63.0405,19.967,45.5827,59.0774,17.7929,63.2035,71.6177,28.8669,1552.41,3098.91,436.791,10.8356,25.614,44.6823,62.5785,113.762,22.4519,166.521,221.568,3.21299,347.817,555.331,88.8315,16.6783,20.6432,42.6954,410.543,249.64,43.2987,324.939,206.428,6.17814,52.8783,48.5449,219.941,342.25,29.0007,169.565,387.998,100.286,0.628865,33.3904,14.8202,88.8803,219.238,50.6295,11.7825,37.8527,45.5643,510.876,877.052,544.103,1309.15,1636.84,802.244,18845.6,20211.3,1294.19,678.858,587.28,528.838,1829.61,1259.46,14.2992,59.2805,45.5811,93.5238,753.755,460.086,5.25133,40.9193,43.6253,113.236,900.258,592.784,0.631079,315.728,238.438,167.037,393.766,73.1821,200.895,457.4,106.992,58.9327,288.191,56.9382,18.2579,60.959,45.9054,185.563,131.654,3.23472,42.1612,18.123,4.76219,44.1202,8.69499,44.8352,76.2136,90.1889,178.712,2077.44,1399.1,56.6336,2.04096,8.20721,58.6744,118.984,39.5698,99.2977,360.799,150.273,61.5443,522.928,286.611,21.948,25.2907,8.99735,180.667,503.906,176.69,57.4886,148.702,21.6596,2.17805,17.7802,60.9943,247.182,151.418,18.4398,184.48,166.091,10.0763,37.924,66.1914,16.4143,40.6159,22.1942,1.7409,20.0257,60.5984,160.834,530.499,355.65,572.573,1804.33,683.637,4610.25,20492.8,6904.69,181.427,728.889,247.509
203.592562358,272.474,430.284,55.0224,23.1724,10.1572,3.96316,283.608,510.65,77.9196,141.998,355.676,167.095,151.206,112.252,41.7997,370.207,188.713,2.85696,216.086,169.804,11.9574,24.2524,16.1897,161.72,361.922,63.3144,31.366,53.3245,24.015,45.8853,64.7385,37.7292,49.5206,61.1033,0.70698,1466.37,2932.35,410.034,7.51781,20.209,68.3057,105.08,109.732,47.7728,154.345,202.745,17.6071,347.994,547.907,72.1029,10.792,13.0664,47.8388,359.757,190.902,11.5667,280.181,207.104,1.59721,60.7277,55.1388,209.359,319.154,27.2423,149.62,324.94,73.0842,1.02127,25.8978,11.476,86.3123,236.648,63.9072,4.82074,48.8007,16.8352,414.586,919.19,511.765,1031.92,1908.69,445.576,18759.8,20188.7,1083.35,898.753,443.585,495.773,1944.02,1168.72,42.759,47.1345,44.0915,153.702,788.169,493.435,7.07403,32.4298,22.6526,76.1834,782.457,565.085,20.2962,302.982,259.021,213.779,391.724,78.8947,202.841,407.498,107.499,70.6775,271.914,56.7467,13.6616,44.1733,17.4732,166.92,133.991,0.142486,42.6858,15.8878,5.06571,42.3243,24.7749,41.6254,48.7053,101.503,134.993,1984.17,1343.83,47.7347,4.07524,23.0139,87.6382,139.158,53.544,111.326,324.341,156.25,78.5532,521.903,309.343,34.7835,23.631,2.08301,151.454,428.092,136.497,29.5153,139.093,25.1588,1.01458,13.7165,34.1497,208.208,118.644,4.39945,153.518,127.41,9.04638,24.5273,62.3349,10.2485,37.1486,30.3961,0.227203,21.1362,61.9955,92.0512,422.575,390.556,452.169,1847.6,702.823,4603.08,20159.8,7105.96,57.4359,848.999,102.332
205.078639456,302.794,439.837,57.9099,24.3296,5.11813,7.07151,238.695,399.751,100.932,145.182,319.526,146.202,143.8,124.067,78.6967,331.456,142.291,21.5483,187.819,164.533,18.5437,14.9703,5.13891,133.976,341.734,82.8741,34.1211,40.355,24.2562,40.2895,71.7707,64.6481,38.2779,44.0148,17.4241,1398.24,2630.02,436.335,6.81711,14.5612,97.0165,137.711,100.645,62.4976,136.596,163.493,56.5224,337.944,500.695,68.4348,7.00088,8.37609,62.8306,299.282,138.189,8.78568,221.964,204.997,16.5494,64.878,47.0999,181.46,279.288,47.629,127.123,248.271,62.1661,2.42873,23.5295,8.1108,83.807,248.029,71.3963,3.2672,52.8853,0.505371,335.233,878.475,371.227,774.506,1977.57,916.875,17842.4,19150.9,1453.73,1052.64,361.407,422.32,1879.47,1054.05,93.3231,29.4732,35.4868,205.665,784.612,501.354,26.4079,18.5388,12.9529,82.8661,634.706,497.462,83.1975,273.581,247.355,221.245,357.905,123.474,215.424,323.874,106.798,95.1957,241.396,66.1118,11.0668,29.111,1.37731,142.99,132.734,7.32242,38.6625,15.3455,3.18801,41.5169,46.7932,41.3153,22.6117,103.32,173.049,1812.85,1247.67,43.1605,12.6398,42.4137,116.754,142.127,64.6718,114.073,264.455,159.461,120.281,482.698,304.261,45.5263,17.7477,3.86364,133.479,328.343,106.34,20.5145,124.054,30.2459,0.364117,10.7488,16.4023,162.123,91.4196,8.04793,112.201,95.3378,11.5002,20.3163,54.8906,3.24263,36.8219,35.7758,1.13622,25.808,48.063,38.901,328.037,350.418,280.28,1781.37,891.001,5016.58,18693,7250.07,157.079,974.568,17.627
206.564716553,305.2,416.622,77.9408,26.2456,7.1255,11.4358,200.262,284.338,121.289,151.441,261.713,103.053,116.779,135.993,133.482,270.643,99.9203,43.0205,160.622,153.248,19.9273,9.82603,4.21058,116.39,296.401,104.878,34.5565,27.5138,18.7633,30.2884,74.4407,88.2294,30.622,32.8208,81.3746,1311.68,2230.03,484.984,9.40568,18.279,122.383,148.738,86.3588,59.892,109.749,119.676,94.9891,313.747,420.483,79.2984,5.28878,4.81708,75.7693,234.128,101.785,23.1723,163.402,196.142,45.3468,64.5482,28.3553,145.35,226.12,75.3476,103.346,176.309,55.7372,1.85876,24.0966,10.9104,84.9566,238.751,80.633,7.2361,48.7538,5.72675,277.088,733.022,235.969,565.734,1865.41,2124.86,15999.8,16998.6,2394,1128.84,348.849,407.753,1611.01,911.77,135.466,18.2338,22.6829,238.824,717.406,481.841,58.1855,7.97017,8.76806,105.119,482.646,404.79,152.547,229.843,205.045,182.735,301.935,180.659,226.736,227.426,98.126,116.034,203.194,74.0469,7.4566,18.7148,2.604,118.485,125.266,21.9846,32.9047,13.5811,1.67277,40.7053,63.6298,42.5932,9.45018,99.4303,272.986,1570.39,1106.41,54.1541,25.2845,60.5954,138.434,127.903,65.6893,100.137,194.861,154.299,165,407.303,273.912,48.1181,11.1732,11.2125,119.384,227.159,87.5467,29.1517,102.952,35.2055,0.658197,8.49784,11.8121,117.655,70.0237,19.7052,75.6592,70.2532,10.5304,19.168,45.2278,2.83113,35.2906,39.1119,4.90801,28.7695,30.29,13.8763,240.607,265.312,133.011,1567.62,1294.02,5628.39,16086,7217.39,569.715,1029.44,43.5036
208.050793651,279.33,359.898,106.902,29.842,11.2406,16.4178,158.698,186.716,117.039,149.987,194.221,55.8202,80.8173,141.044,175.53,204.215,65.7964,50.6178,134.915,132.273,17.4284,7.36557,9.96588,107.613,236.637,114.445,31.9724,15.7568,10.88,19.3269,68.9238,99.5726,29.8143,32.7818,163.534,1177.18,1766.53,516.245,18.6759,34.7467,129.272,141.835,65.28,44.3133,76.2375,80.3366,109.414,271.502,326.244,91.0788,5.14715,2.32386,77.4195,171.741,77.8013,33.7516,117.604,174.032,75.1536,59.0055,9.66374,105.882,173.391,87.2173,77.8946,116.35,48.641,0.470683,25.6866,18.6014,88.7635,210.523,86.1033,16.8037,41.0226,22.8203,222.28,549.531,149.249,425.656,1681.34,3406.07,13372.3,13966,3407.73,1172.65,396.733,428.438,1253.5,721.57,150.283,12.7241,14.0343,233.75,600.462,432.064,85.6944,4.78103,7.79947,119.653,340.129,303.093,182.557,184.653,140.56,117.551,234.167,217.606,218.064,144.11,75.0074,118.539,162.377,72.5287,3.17938,13.136,13.7635,97.122,111.485,35.8385,25.9084,10.8267,2.31584,37.8592,71.4882,40.9691,11.818,99.145,376.722,1272.94,923.704,82.6561,34.6565,77.8502,139.726,104.885,52.7741,73.7974,128.119,135.111,183.026,314.381,222.98,41.3015,5.88414,18.8653,101.865,142.416,72.0976,42.6457,80.3203,36.6013,2.60709,7.01618,15.2596,80.2572,54.5786,26.017,49.6493,49.0509,6.55472,17.0504,36.1282,8.77915,31.9205,40.1443,10.5605,27.5021,16.8712,9.15313,164.594,182.66,58.1193,1242.52,1761.43,5950.59,12719.9,6794.78,1162.71,970.822,179.845
209.536870748,222.084,290.422,121.195,36.4688,12.804,21.1886,115.16,113.698,85.6474,128.132,133.272,22.0795,45.7695,137.188,178.486,147.422,38.1561,39.5864,109.727,102.753,15.138,5.48317,18.1169,97.1375,176.298,102.17,26.7076,7.2709,4.14002,9.42814,59.6623,90.1182,39.5324,38.1147,223.531,975.73,1299.88,489.498,38.0823,52.2721,118.528,118.183,43.5731,22.8216,44.4666,49.9408,93.1317,209.316,238.108,87.8298,7.05577,2.19531,64.7034,119.672,57.7377,28.3843,85.48,138.945,92.279,48.9217,0.340525,70.4022,127.239,73.1739,50.1586,72.5184,38.8322,1.3578,24.3217,27.5681,90.5727,168.135,84.5465,27.5432,33.3252,36.8032,171.371,366.366,122.965,361.195,1486.92,4027.36,10278.4,10505.1,3899.57,1195.69,468.916,451.981,877.065,515.102,129.593,12.1907,13.5452,192.162,454.08,358.404,93.7523,6.98776,10.3573,109.687,223.852,200.584,157.558,141.432,76.63,52.3169,167.455,212.346,181.901,85.7068,42.0041,97.2641,124.63,59.023,1.04437,10.6011,23.7089,80.0929,90.2037,42.0559,18.8674,7.77806,4.70149,32.6542,68.5261,37.4933,22.257,104.466,416.5,960.222,710.4,117.219,38.3197,90.519,117.451,79.7256,31.5899,42.1569,76.0415,102.281,158.579,224.715,159.294,29.8432,2.67101,22.812,76.7406,83.3599,52.1706,47.1091,60.6715,32.6906,6.27514,6.77099,18.6054,53.8579,39.6358,21.0447,32.6094,31.4458,2.88471,12.3281,28.9193,15.6028,29.7569,35.2538,17.1462,21.5197,10.5798,12.8296,110.895,110.559,68.5129,903.167,2038.12,5531.06,9227.34,5797.38,1659.19,833.853,364.723
211.022947846,159.16,210.543,114.058,40.9866,13.3504,25.4191,74.5665,61.3782,46.7205,87.7222,83.2556,10.8442,25.572,113.495,149.659,99.4355,17.9064,22.3274,80.1613,72.0078,15.8901,4.58098,24.1289,78.7325,120.71,76.1336,18.1852,2.5596,1.26197,4.65851,43.5598,70.9845,48.7492,45.9536,236.113,723.58,874.99,405.953,62.3603,56.9321,101.038,83.5002,23.2598,8.02621,22.1892,25.5938,59.8556,140.135,158.157,72.712,9.28964,4.32636,47.3027,77.3122,37.4598,14.6019,57.2206,101.325,87.3203,37.8737,2.91791,45.976,83.3859,45.9284,24.8429,41.7298,28.3142,5.76738,19.5871,34.0391,80.8968,122.426,75.6306,34.1071,25.8863,40.9557,118.699,207.15,149.795,333.491,1272.11,3689.84,7114.13,7140.2,3580.71,1164.05,492.706,463.475,533.933,315.998,97.0724,11.4437,15.7905,139.739,306.027,261.217,87.8212,10.0064,15.1257,82.9172,131.987,112.59,102.514,92.824,34.0536,15.3877,105.287,167.483,130.599,45.7696,15.3902,63.3083,87.337,42.2403,2.79364,8.61804,28.0646,61.1093,67.107,36.7859,12.9969,5.48821,6.56659,27.1376,53.2126,37.0655,30.6958,107.233,372.571,659.408,498.813,136.045,42.5452,84.8172,89.3259,50.3135,12.5042,18.8655,39.6217,62.228,108.081,143.682,98.6502,21.4173,0.815188,21.8573,49.6272,44.2708,30.7306,38.2656,43.4633,27.336,9.53119,7.39301,19.2287,34.6115,24.205,10.9305,19.4861,18.7281,2.09028,7.69274,21.8545,19.293,26.39,28.2091,19.7712,15.4137,7.38997,17.1559,66.8198,69.262,113.427,643.657,1918.76,4372.52,6070.88,4371.18,1764.85,705.564,460.023
212.509024943,104.505,131.558,91.6456,38.023,14.7657,25.6822,43.3213,27.1889,16.9551,45.7112,47.5938,11.5414,19.1497,77.2121,103.283,61.8884,7.47562,10.3715,48.2465,47.0497,16.3402,5.58833,23.069,57.1358,73.522,46.5021,10.6899,0.587076,0.385826,3.45329,26.7349,51.5205,46.2608,53.4244,202.087,467.231,527.874,290.497,78.5373,50.7897,75.1742,51.2298,10.0344,1.42034,9.14236,9.39172,29.1229,77.2876,93.6628,52.7335,9.52201,5.83052,32.5859,45.0933,19.0296,3.70505,33.0939,67.2273,63.9824,28.4154,8.6629,31.5371,46.3721,21.0341,7.91532,20.9688,19.4844,9.84076,14.9631,33.3755,62.3582,79.0479,61.0283,30.493,21.4729,32.0076,63.2924,114.485,153.187,298.592,1006.17,2640.62,4321.48,4312.9,2609.16,1020.56,445.973,382.669,303.66,157.119,56.6312,12.4206,15.9286,92.9337,178.424,163.478,72.3649,12.0893,17.6144,53.8384,66.4962,50.1356,48.5068,47.4639,14.2961,4.17726,57.9788,104.041,79.8677,21.7822,2.88879,32.9301,51.2126,29.298,5.48774,7.51161,24.9046,42.6387,43.4185,25.3328,8.18542,3.3529,6.73189,20.3317,35.5874,34.4677,33.2626,99.1479,271.355,402.066,314.538,125.962,47.835,62.667,60.1598,26.0258,2.5011,6.04493,16.8167,29.2065,56.2743,76.4482,55.5326,15.1025,0.458175,15.5181,28.3969,20.3672,13.1417,22.3781,28.6328,20.9282,9.9428,7.76683,15.8473,20.8894,11.6509,3.13193,9.31683,10.4227,3.12969,5.5866,14.5362,18.7472,20.2746,21.1146,16.9606,9.24084,6.77382,14.2221,34.9538,56.4745,124.74,473.256,1440.42,2852.11,3573.05,2821,1436.69,601.308,402.51
213.995102041,58.8125,73.8539,58.2042,29.5746,15.2306,20.303,22.5914,8.71525,2.91511,18.0466,24.5531,13.1085,17.1977,44.6635,57.3256,33.8755,5.11182,6.07224,24.3269,27.3672,13.8925,6.91547,17.4686,34.707,38.8942,23.535,5.7221,0.0895838,0.39414,3.00706,15.8564,31.8278,35.2181,54.1453,140.734,256.519,276.469,176.99,74.4635,42.8114,43.8986,27.6006,5.34743,0.596311,2.7137,1.5515,10.4833,34.765,47.4105,31.5071,9.20076,6.51465,19.7086,22.8103,8.08769,0.343605,16.2839,37.4855,37.8359,20.5087,11.9561,20.3148,21.7417,7.23815,0.860816,8.54322,12.5344,9.82058,12.187,24.6525,40.4029,46.982,37.9705,23.5717,15.96,15.327,28.4863,61.9063,109.519,245.048,683.547,1488.13,2206.79,2214.91,1514.61,747.198,356.448,235.266,152.036,68.189,24.4747,11.3491,16.3233,50.0228,89.9809,88.3418,47.1963,14.3317,15.3759,29.5874,27.536,15.0134,14.768,18.4727,7.6055,4.1825,28.7557,50.886,39.2844,10.2919,0.799727,14.4296,24.8075,18.3552,6.75783,6.74045,17.3076,25.7708,23.992,13.7159,4.33069,1.9088,4.9689,12.9308,22.2094,25.109,31.7666,76.9196,160.674,210.502,173.02,93.2993,46.4324,39.2059,31.378,12.2353,0.620552,1.82189,5.01713,8.94614,21.2777,32.9844,26.9953,9.70792,1.94614,8.5884,13.4921,7.5021,3.37526,9.42797,15.7859,13.8431,8.26159,7.1529,10.4063,10.7347,4.5601,0.20113,3.29013,5.38597,3.69522,4.45653,9.05406,13.0807,14.429,13.5205,10.2933,6.31579,4.21498,7.2322,19.277,40.7784,102.994,332.567,855.496,1498.12,1794.57,1504.64,912.595,462.535,277.648
215.481179138,28.0711,33.6222,29.2175,19.1941,13.0969,12.3734,9.35419,2.43476,0.382035,5.9738,10.8265,11.2307,14.2653,22.1325,24.8481,16.2417,5.80796,5.02089,10.9561,13.1546,9.44103,7.12534,10.9581,16.5854,16.7633,10.3287,3.2267,0.199165,0.334963,2.72038,8.51794,15.8351,23.8072,42.1628,78.7632,115.638,120.228,89.1856,52.382,31.204,21.5038,12.3056,4.07698,1.10837,0.523975,0.0645038,3.59759,12.642,18.7728,15.2718,8.07101,6.3678,9.76749,9.62288,3.85705,1.27056,7.49885,16.2053,18.0532,13.6948,10.8461,11.0762,8.59689,2.70718,0.194786,2.97643,6.19112,7.26164,9.07856,14.5234,20.8765,23.0811,19.8801,14.1624,8.52731,5.35233,9.89707,26.4675,64.8271,162.434,368.296,657.781,887.189,900.611,695,424.288,226.428,118.753,58.8898,23.577,9.15354,7.77957,12.6566,24.1434,36.8914,37.8283,25.4798,13.647,11.4674,12.4407,8.10998,2.37017,2.45608,5.45149,5.20152,6.05543,13.1886,19.0794,15.3521,6.19169,2.32262,5.87334,9.89084,9.40755,6.09354,5.77205,9.61023,12.3991,10.823,6.13718,1.81137,0.61764,2.80788,7.1005,11.3659,15.32,24.8914,47.553,76.3081,90.1992,79.0747,54.4203,33.5712,21.5836,12.9399,5.30346,1.31648,0.846638,0.892015,1.66552,5.74041,10.5229,10.3628,6.01625,3.26802,4.31691,4.81795,1.97069,0.25989,2.95411,6.62395,7.28713,5.83375,5.205,5.39819,4.36895,1.73616,0.126825,1.08793,2.43341,2.79582,3.2958,4.98565,7.17497,8.07033,7.15663,5.31083,3.21175,1.66898,2.93549,8.98377,24.0929,70.3928,190.607,397.557,611.753,706.886,631.622,450.776,273.177,155.979