TIME,30.0463,30.3998,30.7617,31.1323,31.512,31.901,32.2998,32.7087,33.128,33.5582,33.9998,34.4531,34.9187,35.397,35.8887,36.3941,36.9141,37.449,37.9998,38.5669,39.1513,39.7536,40.3748,41.0156,41.6772,42.3604,43.0664,43.7963,44.5515,45.3331,46.1426,46.9815,47.8516,48.7544,49.692,50.6664,51.6797,52.7344,53.833,54.9784,56.1736,57.4219,58.7269,60.0927,61.5234,63.024,64.5996,66.256,67.9996,69.8374,71.7773,73.8281,75.9995,78.3026,80.7495,83.3543,86.1328,89.1029,92.2852,95.7031,99.384,103.359,107.666,112.347,117.454,123.047,129.199,135.999,143.555,151.999,161.499,172.266,184.57,198.768,215.332,234.908,258.398,287.109,322.998,369.141,430.664
0.000000000,0.158285,0.0170545,0.026396,0.0402345,0.0465958,0.0266449,0.0104481,0.0121944,0.0400956,0.215545,0.192308,0.0169659,0.00334846,0.0169848,0.0298579,0.0315631,0.016524,0.000253636,0.0032425,0.193585,0.883812,0.621101,0.0678716,0.0169732,0.0707513,0.110587,0.054991,0.0345448,0.0790202,0.0780078,0.0553659,0.18681,0.148722,0.0408222,0.0137031,0.00998772,0.00113374,0.00186006,0.00883199,0.0176213,0.015872,0.405571,1.32854,0.824484,0.0971094,0.0683721,0.0625091,0.0161974,0.00657551,0.0555534,0.0633903,0.00866393,0.0392109,0.203647,0.138095,0.00409854,0.000741524,0.00455333,0.00902932,0.0085132,0.0260781,0.0415378,0.00909531,0.361786,1.07032,0.523658,0.0238295,0.0167123,0.0611723,0.0894738,0.0428755,0.00828574,0.00100189,0.00461938,0.0587492,0.195018,0.0693545,0.00346349,0.00272856,0.00185021,0
1.486077098,0.173965,0.0172122,0.026396,0.0402345,0.0465958,0.0266449,0.0104481,0.0121944,0.0472271,0.25962,0.219986,0.0228461,0.00334846,0.0169848,0.0298579,0.0315631,0.016524,0.000253636,0.0032425,0.193826,0.904718,0.658751,0.0842831,0.0198098,0.0791581,0.119932,0.0559333,0.0345448,0.0790202,0.0780677,0.0577662,0.200906,0.160817,0.0455362,0.0140371,0.0198099,0.0109505,0.00186006,0.00883199,0.0176213,0.015872,0.412336,1.33952,0.833788,0.101607,0.0700677,0.0783955,0.0490325,0.0235236,0.0555534,0.0633903,0.00866393,0.0472465,0.218935,0.143876,0.00499879,0.00467868,0.0261765,0.0287047,0.010509,0.0260781,0.0415378,0.00909531,0.383914,1.11044,0.533981,0.0238295,0.0167123,0.0668641,0.1053,0.0530075,0.00828574,0.00100189,0.00738028,0.0861447,0.240972,0.0955338,0.00802276,0.00272856,0.00185021,0
2.972154195,0.177294,0.0195654,0.0277271,0.0402345,0.0528108,0.0366228,0.0142121,0.0121944,0.0529494,0.295811,0.272435,0.0292106,0.00352626,0.0169848,0.0298579,0.0341441,0.0191039,0.000253636,0.00460355,0.202597,0.931691,0.68373,0.0844397,0.0198098,0.0791581,0.119932,0.0624162,0.0446634,0.0826571,0.0790821,0.0614305,0.210246,0.177734,0.0658824,0.0140371,0.0198099,0.0109505,0.0270741,0.0453061,0.0288875,0.0162933,0.419895,1.36498,0.856238,0.106767,0.0700677,0.0783955,0.0490325,0.0235236,0.0555534,0.0633903,0.00972218,0.0582678,0.248682,0.159005,0.00505265,0.00467868,0.0261765,0.028921,0.0184228,0.0385679,0.04871,0.015589,0.397496,1.13538,0.541915,0.0239963,0.0167123,0.0668641,0.1053,0.0558395,0.0120239,0.00190892,0.00739388,0.0921958,0.257598,0.102772,0.00848924,0.00272856,0.00185021,0
4.458231293,0.179814,0.0195654,0.0277271,0.0402345,0.0528108,0.0366228,0.0142121,0.0121944,0.0579119,0.323472,0.296429,0.0310934,0.0041583,0.0175089,0.0298579,0.0341441,0.0191039,0.000253636,0.00460355,0.221564,0.967661,0.710893,0.0867009,0.0220718,0.0804062,0.119932,0.0624162,0.0446634,0.0826571,0.0838664,0.0796797,0.231308,0.19718,0.0684181,0.018137,0.0214661,0.0109505,0.0270741,0.0453061,0.0288875,0.0162933,0.425541,1.41957,0.880297,0.109796,0.0704955,0.0783955,0.0490325,0.0235236,0.0555534,0.0633903,0.0124788,0.0807516,0.304221,0.175206,0.00822327,0.00644272,0.0268563,0.028921,0.0184228,0.0385679,0.04871,0.0195978,0.420068,1.14988,0.552467,0.0344198,0.0213432,0.0668641,0.1053,0.0558395,0.0120239,0.00190892,0.0100639,0.105423,0.291283,0.122268,0.0149112,0.00272856,0.00185021,0
5.944308390,0.186334,0.0235488,0.0295387,0.0402472,0.0528108,0.037234,0.0159487,0.0133995,0.0603512,0.330431,0.328946,0.0541112,0.00682304,0.0175089,0.0298579,0.0341441,0.0191039,0.000466225,0.00499122,0.225986,0.975763,0.742704,0.0984467,0.0220718,0.0804062,0.119932,0.0624162,0.0446634,0.0826571,0.0838664,0.0834345,0.250643,0.213676,0.0733818,0.018137,0.0214661,0.0109505,0.0270741,0.0453061,0.0305671,0.0205594,0.429468,1.42522,0.890541,0.110793,0.0704955,0.0783955,0.0490325,0.0235236,0.0555534,0.0642387,0.0143504,0.0824346,0.331133,0.199407,0.0112054,0.00644272,0.0268563,0.028921,0.0184228,0.0385679,0.052349,0.0239818,0.424385,1.18175,0.573651,0.0362629,0.0225606,0.0678736,0.1053,0.0558395,0.0132073,0.00741648,0.015109,0.108716,0.326951,0.140117,0.0173757,0.00560032,0.00253693,0
7.430385488,0.199271,0.0368061,0.0320247,0.0402472,0.0528108,0.037234,0.0159487,0.0141807,0.0626121,0.340616,0.362995,0.0719941,0.0105376,0.0210513,0.0298829,0.0341441,0.0191039,0.000466225,0.0054201,0.231813,0.992189,0.751939,0.0986807,0.0227001,0.0804062,0.119932,0.0624162,0.0446634,0.0826571,0.0841479,0.0836703,0.25083,0.216194,0.0771431,0.0218252,0.0236869,0.0109536,0.0270741,0.0453061,0.0305671,0.0208078,0.430777,1.43848,0.914284,0.126699,0.0709601,0.0807081,0.0502855,0.0235324,0.0555534,0.0642387,0.0158964,0.0867163,0.337566,0.207472,0.0181121,0.0149582,0.0269164,0.028921,0.0184228,0.0385679,0.052349,0.0276185,0.440644,1.19586,0.575491,0.0398818,0.0234283,0.0678736,0.1053,0.0558395,0.0132073,0.00741648,0.0174967,0.111734,0.329146,0.152664,0.0235644,0.00688888,0.00253693,0
8.916462585,0.20381,0.036925,0.0320247,0.0402472,0.0528108,0.037234,0.0159487,0.0166873,0.079256,0.363118,0.374897,0.072504,0.0115381,0.0225238,0.0302698,0.0341792,0.0241041,0.00948403,0.00722413,0.233641,0.998925,0.771289,0.127358,0.0313876,0.0806475,0.119932,0.0624241,0.0457924,0.0934794,0.102292,0.0927599,0.253523,0.231518,0.0973436,0.0286748,0.0236869,0.0109536,0.0270741,0.0453079,0.0324568,0.0368868,0.455377,1.45821,0.915527,0.126711,0.0709601,0.0807081,0.0502855,0.0235352,0.0559555,0.064665,0.0163316,0.0993179,0.35095,0.212967,0.0198341,0.0154159,0.0269164,0.028921,0.0184228,0.0385679,0.062404,0.059103,0.466875,1.19835,0.578796,0.0475291,0.0283473,0.0678736,0.1053,0.0558411,0.0134423,0.0100948,0.0279149,0.124962,0.330687,0.153787,0.0264117,0.0124661,0.00597934,2.41704e-05
10.402539683,0.204743,0.036925,0.0320247,0.0402472,0.0528108,0.0400993,0.0256604,0.0205825,0.0793752,0.37615,0.389349,0.0855299,0.0171818,0.02333,0.0302698,0.0341792,0.0279736,0.0236713,0.0157534,0.236371,0.999792,0.771608,0.146183,0.0472963,0.0833128,0.119997,0.0624241,0.0457924,0.0940241,0.104061,0.100907,0.263657,0.234404,0.0980157,0.0368485,0.0294814,0.0120038,0.0271173,0.0465784,0.0358469,0.0370164,0.455827,1.46118,0.929461,0.133749,0.0940714,0.10184,0.0549161,0.0235352,0.0590107,0.075348,0.0214561,0.100862,0.357269,0.221489,0.0248439,0.0168034,0.0270799,0.028921,0.0184228,0.0385679,0.062404,0.064826,0.484954,1.20697,0.597766,0.0716396,0.0375165,0.0693393,0.1053,0.0558411,0.0135509,0.0104166,0.0288694,0.133185,0.341866,0.15708,0.0265211,0.0158103,0.00807992,0.000355944
11.888616780,0.204799,0.036925,0.0320247,0.0402472,0.0528108,0.0409776,0.0295429,0.0285089,0.0874182,0.389906,0.396377,0.0856364,0.0171818,0.02333,0.0302698,0.0341792,0.0291352,0.028009,0.0207098,0.245447,1.01779,0.778343,0.146199,0.0472963,0.0833128,0.119997,0.0624241,0.0465287,0.0974074,0.112372,0.112334,0.28267,0.244605,0.0980339,0.0368485,0.0294814,0.0120038,0.0271173,0.0470101,0.038977,0.0484815,0.469528,1.47358,0.932555,0.133759,0.0941241,0.101861,0.0549161,0.0235352,0.0591425,0.0757082,0.0218404,0.107727,0.371379,0.230228,0.0259663,0.0168034,0.0270799,0.028921,0.0184228,0.0391227,0.064623,0.0683951,0.486474,1.21094,0.600295,0.0726637,0.0392768,0.0699192,0.1053,0.0558411,0.0142722,0.0141981,0.0387321,0.142308,0.349894,0.159283,0.0268752,0.0164025,0.00831467,0.000364047
13.374693878,0.116316,0.036925,0.0320247,0.0402472,0.0528339,0.0410817,0.0295429,0.0285089,0.0946013,0.376314,0.384443,0.0844119,0.0171818,0.02333,0.0302698,0.0343322,0.0292977,0.028009,0.0207098,0.16668,0.584956,0.491202,0.100501,0.0472963,0.0833128,0.119997,0.0625032,0.0466502,0.0974074,0.112372,0.118531,0.23545,0.222932,0.0980076,0.0368485,0.0294814,0.0120038,0.0271173,0.0470101,0.038977,0.0471824,0.380258,1.02259,0.648786,0.0929852,0.0941241,0.101861,0.0549161,0.0235352,0.0591425,0.0757082,0.0218404,0.134554,0.378235,0.231633,0.0259663,0.0168034,0.0270799,0.028921,0.0184228,0.0391227,0.064623,0.0683243,0.307046,0.723814,0.415857,0.0702954,0.0392768,0.0699192,0.1053,0.0558411,0.0142722,0.0141981,0.0387321,0.15031,0.351856,0.174336,0.0268752,0.0164025,0.00831467,0.000364047
14.860770975,0.0616434,0.036925,0.0320247,0.0403563,0.0528536,0.0410817,0.0295429,0.0285089,0.0881751,0.360376,0.366718,0.0802624,0.0171818,0.02333,0.0302756,0.0343322,0.0292977,0.028009,0.0207098,0.13756,0.446459,0.350648,0.0836999,0.0472963,0.0833138,0.12002,0.0625032,0.0466502,0.0974074,0.112372,0.122187,0.23035,0.201955,0.0940107,0.0368485,0.0295397,0.012108,0.0271686,0.0470456,0.038977,0.0447516,0.266374,0.63236,0.358839,0.0519792,0.0941241,0.101861,0.0550347,0.0236922,0.0593899,0.0757082,0.0218404,0.124747,0.338896,0.208371,0.0250242,0.0168034,0.0270973,0.029012,0.0184251,0.0391239,0.064623,0.0669153,0.24629,0.502178,0.285022,0.057545,0.0392768,0.0699615,0.105367,0.0558649,0.014286,0.0141981,0.0386723,0.147669,0.310131,0.154032,0.0264198,0.0164025,0.00831731,0.000384293
16.346848073,0.0631393,0.036925,0.0320247,0.0403563,0.0528536,0.0337557,0.0203814,0.026716,0.08681,0.355423,0.360276,0.0807583,0.0171818,0.02333,0.0302756,0.0343322,0.028864,0.0279036,0.0207098,0.100801,0.360523,0.296422,0.0843752,0.0472963,0.0833138,0.12002,0.0625032,0.0431987,0.0957153,0.112167,0.114396,0.22278,0.203401,0.0951297,0.0368485,0.0295397,0.012108,0.0271686,0.0465749,0.0388627,0.0447516,0.183262,0.436131,0.25125,0.0520011,0.0941241,0.101861,0.0550347,0.0236922,0.0593899,0.0757082,0.0218404,0.121816,0.337128,0.209804,0.025795,0.0168034,0.0270973,0.029012,0.0184251,0.0391239,0.064623,0.0669153,0.181025,0.377261,0.224319,0.0575972,0.0392768,0.0699615,0.105367,0.0558649,0.014286,0.0141981,0.0386746,0.141121,0.306194,0.150964,0.0264198,0.0164025,0.00831731,0.000384293
17.832925170,0.0551967,0.0198705,0.00631083,0.0303686,0.0528536,0.0337557,0.0203814,0.026716,0.0880315,0.359036,0.351309,0.0701414,0.0138559,0.0196016,0.0298499,0.0343322,0.028864,0.0279036,0.0207098,0.0879986,0.305062,0.275137,0.0829641,0.0472963,0.0833019,0.119971,0.0625032,0.0431987,0.0957153,0.112167,0.112414,0.215484,0.200552,0.093962,0.0316205,0.0212652,0.0115834,0.0271686,0.0465749,0.0388627,0.0447516,0.149228,0.359923,0.210663,0.0504774,0.0940333,0.101268,0.0541324,0.0236922,0.0501145,0.0657445,0.0199677,0.122565,0.330181,0.202072,0.023024,0.0162818,0.0249515,0.029012,0.0184251,0.0390589,0.0646072,0.0669279,0.170467,0.328293,0.185927,0.0576004,0.0391896,0.0696027,0.105367,0.0558649,0.0110442,0.0132201,0.0386283,0.139473,0.302078,0.149835,0.0259101,0.0138432,0.0064671,0.000384293
19.319002268,0.0509417,0.0198705,0.00631083,0.0303686,0.0528536,0.0337557,0.0203814,0.026716,0.0777849,0.312657,0.330522,0.0703967,0.0138559,0.0196016,0.0298499,0.0343322,0.028864,0.0279036,0.0207098,0.0825277,0.248569,0.258315,0.080949,0.0304174,0.073353,0.119971,0.0625032,0.0431987,0.0957153,0.111183,0.114324,0.224973,0.213231,0.0865612,0.0245719,0.019552,0.0115834,0.0271686,0.0465749,0.0388627,0.0441853,0.145241,0.35137,0.221233,0.0383808,0.025752,0.0393518,0.039418,0.0236922,0.0501145,0.0657445,0.0199154,0.12731,0.348154,0.215721,0.022651,0.0160619,0.0249515,0.029012,0.0184251,0.0390589,0.0646072,0.0664784,0.163455,0.300522,0.18442,0.0505783,0.0226726,0.0609815,0.105367,0.0558649,0.0110442,0.0132201,0.0344729,0.142063,0.330227,0.164774,0.0256875,0.0138432,0.0064671,0.000384293
20.805079365,0.0559109,0.0204092,0.00631083,0.00114235,0.0248371,0.0334457,0.019856,0.0266486,0.0775034,0.286109,0.296501,0.0754534,0.0143659,0.00894035,0.0059108,0.0211809,0.028864,0.0279036,0.0207098,0.0827533,0.235138,0.236172,0.0826228,0.0305516,0.073353,0.119971,0.0625032,0.0170175,0.0196328,0.0517442,0.100274,0.209908,0.20003,0.0816732,0.0245719,0.019552,0.0115834,0.0271686,0.0394905,0.0213558,0.0333224,0.144598,0.362584,0.222586,0.037531,0.025752,0.0393518,0.039418,0.0236922,0.0351884,0.0404467,0.0166679,0.128285,0.31466,0.164117,0.0229537,0.0160619,0.0249515,0.029012,0.0184251,0.0148291,0.0231681,0.0606313,0.165632,0.270056,0.142191,0.0506717,0.0226726,0.0609815,0.105367,0.0558649,0.0110442,0.0132201,0.0344898,0.133597,0.283573,0.146615,0.0257352,0.0138432,0.0064671,0.000384293
22.291156463,0.0561279,0.0204092,0.00631083,0.00114235,0.00663715,0.0144385,0.019856,0.0266486,0.0723602,0.281238,0.296838,0.0760702,0.0143772,0.00894035,0.00420239,0.0040234,0.0127792,0.0279036,0.0226649,0.0941469,0.249124,0.242909,0.0836127,0.0305753,0.0125625,0.00943345,0.00758558,0.0121053,0.0196488,0.0535711,0.110221,0.21282,0.176521,0.0630618,0.0231699,0.019552,0.0109743,0.0253602,0.0382136,0.0213558,0.0337636,0.099986,0.264547,0.182421,0.0402616,0.025799,0.0393791,0.0389782,0.0171252,0.00383658,0.0123857,0.0149149,0.125726,0.31865,0.176432,0.0266087,0.0162153,0.022544,0.0199827,0.0099218,0.0130458,0.0231681,0.0607024,0.167329,0.281681,0.153961,0.0529424,0.0226726,0.00878916,0.0158929,0.0129894,0.00600027,0.0132201,0.0347674,0.135394,0.29392,0.153393,0.0272526,0.0138432,0.0064671,0.000384293
23.777233560,0.0556558,0.0204092,0.00562873,0.000121851,0.00629856,0.0144385,0.0190948,0.0192616,0.0755443,0.292552,0.298348,0.0754324,0.0143772,0.00634523,0.000572185,0.00301102,0.0127792,0.0277553,0.0210291,0.0835745,0.249488,0.2442,0.0836127,0.0305753,0.0125625,0.0095086,0.0077101,0.0121053,0.0184031,0.0366157,0.0960412,0.221827,0.185066,0.0630587,0.0231699,0.019552,0.0109952,0.025398,0.0382136,0.0213558,0.0333569,0.101928,0.286327,0.19765,0.0400197,0.025799,0.0393791,0.0389782,0.0171252,0.00383658,0.0123204,0.0150792,0.126596,0.332182,0.186194,0.0266305,0.0162153,0.022544,0.0200504,0.00997958,0.0130458,0.0230964,0.0607555,0.170458,0.285834,0.153965,0.0513418,0.0225646,0.00879398,0.0159777,0.0130289,0.00600027,0.0131962,0.0347566,0.138019,0.30059,0.156082,0.0250631,0.013674,0.00648609,0.000453561
25.263310658,0.0430985,0.0202515,0.00562873,0.000121851,0.00629856,0.0144385,0.0190948,0.0192616,0.0700828,0.281996,0.302416,0.0753454,0.0143772,0.00634523,0.000572185,0.00301102,0.0127792,0.0277553,0.0210291,0.0854904,0.248033,0.219819,0.0672012,0.0277387,0.00415566,0.000163611,0.00676781,0.0121053,0.0184031,0.0365558,0.0958794,0.223327,0.184393,0.0592501,0.0228359,0.00972976,0.00117847,0.025398,0.0382136,0.0213558,0.0333569,0.0995945,0.290632,0.196829,0.0355218,0.0241034,0.0234926,0.00614305,0.000177164,0.00383658,0.0123204,0.0150792,0.122834,0.33047,0.188287,0.0257302,0.0122781,0.000920748,0.000375036,0.00798379,0.0130458,0.0230964,0.0607555,0.157119,0.263259,0.151633,0.0513418,0.0225646,0.00310219,0.000151399,0.00289685,0.00600027,0.0131962,0.0319957,0.129905,0.29109,0.144814,0.0205039,0.013674,0.00648609,0.000453561
26.749387755,0.0422986,0.0179523,0.00429759,0.000121851,8.35536e-05,0.00446058,0.0153308,0.0192616,0.0657176,0.26196,0.260829,0.0716059,0.0143542,0.00634523,0.000572185,0.000429936,0.0101993,0.0277553,0.019668,0.0773936,0.234706,0.201076,0.0674539,0.0277387,0.00415566,0.000163611,0.000284864,0.0019868,0.0147663,0.0355414,0.0944879,0.232508,0.175005,0.0395908,0.0228359,0.00972976,0.00117847,0.000183949,0.00173954,0.0100896,0.0329357,0.094616,0.290792,0.186123,0.0310112,0.0241034,0.0234926,0.00614305,0.000177164,0.00383658,0.0123204,0.014021,0.113832,0.324284,0.183127,0.0268254,0.0122781,0.000920748,0.000158691,7.00045e-05,0.000555958,0.0159241,0.0542618,0.147664,0.266075,0.150331,0.0512604,0.0225646,0.00310219,0.000151399,6.49154e-05,0.00226214,0.0122892,0.0324622,0.130662,0.308409,0.145186,0.0205966,0.013674,0.00648609,0.000453561
28.235464853,0.0483203,0.0179953,0.00429759,0.000121851,8.35536e-05,0.00446058,0.0153308,0.0192616,0.061851,0.241175,0.249301,0.0763128,0.0137379,0.00582112,0.000572185,0.000429936,0.0101993,0.0277553,0.0197054,0.0616019,0.211375,0.186258,0.0698842,0.0255035,0.00290763,0.000163611,0.000284864,0.0019868,0.0147663,0.0307571,0.0777948,0.219687,0.161889,0.0374432,0.018736,0.00807361,0.00117847,0.000183949,0.00173954,0.0100896,0.0330011,0.092216,0.246019,0.168019,0.0286335,0.0236756,0.0234926,0.00614305,0.000177164,0.00383658,0.0123204,0.0112803,0.094352,0.279725,0.172426,0.0242189,0.0105141,0.000241009,0.000158691,7.00045e-05,0.000555958,0.0159241,0.050264,0.127486,0.261629,0.144525,0.0410428,0.0179336,0.00310219,0.000151399,6.49154e-05,0.00226214,0.0122892,0.0298081,0.120604,0.284749,0.129293,0.0145262,0.013674,0.00648609,0.000453561
29.721541950,0.0419113,0.0140119,0.00248596,0.000109115,8.35536e-05,0.00384934,0.0139034,0.018638,0.0673976,0.26102,0.232653,0.0534289,0.0110731,0.00582112,0.000572185,0.000440459,0.0116567,0.0287273,0.0195622,0.062951,0.231259,0.182477,0.0681962,0.0257804,0.00290763,0.000163611,0.000284864,0.0019868,0.0147663,0.0307845,0.0809102,0.219568,0.163098,0.0421444,0.0190276,0.00807529,0.00117847,0.000183949,0.00173954,0.00848925,0.0401672,0.139905,0.273861,0.17566,0.0348086,0.0236835,0.0234926,0.00614305,0.000177164,0.00383658,0.0114726,0.00980909,0.0997822,0.267299,0.168807,0.0297165,0.0105507,0.000241009,0.000158691,7.00045e-05,0.000555958,0.0122851,0.0463778,0.127601,0.243965,0.139811,0.0439077,0.0167363,0.00209266,0.000151399,6.49154e-05,0.00107867,0.00678165,0.0250094,0.138956,0.283804,0.12688,0.0135959,0.0108131,0.00579937,0.000453561
31.207619048,0.0298612,0.0009017,0,0.000109115,8.35536e-05,0.00384934,0.0139034,0.0178568,0.0659916,0.279766,0.224292,0.038831,0.00745412,0.00227869,0.000547251,0.000440459,0.0116567,0.0287273,0.0195063,0.0611112,0.259062,0.242679,0.0813924,0.0251666,0.00290763,0.000163611,0.000284864,0.00369874,0.0170855,0.0311163,0.0817293,0.22531,0.198951,0.0472715,0.0156285,0.0058545,0.00117538,0.000183949,0.00173954,0.00856927,0.0399477,0.143173,0.268265,0.156093,0.0193828,0.0238359,0.02118,0.0048901,0.000168395,0.00383658,0.0119419,0.0213465,0.162983,0.323055,0.163811,0.0228759,0.00240972,0.000187786,0.000158691,7.00045e-05,0.000589195,0.0161745,0.045171,0.118906,0.242959,0.138588,0.0403055,0.0158686,0.00209266,0.000151399,6.49154e-05,0.00107867,0.00710005,0.0227364,0.140668,0.308218,0.117132,0.00749262,0.00952672,0.00579937,0.000453561
32.693696145,0.0362019,0.00907022,0.00332145,0.000109115,8.35536e-05,0.00384934,0.0139034,0.0155372,0.0596612,0.26899,0.242081,0.07252,0.0173243,0.0010711,0.000160275,0.000405419,0.00665648,0.0197095,0.0177023,0.0757901,0.282412,0.241776,0.0673145,0.0228284,0.00270315,0.000163611,0.000277004,0.00256968,0.00626321,0.0131039,0.0835452,0.240487,0.194403,0.0319093,0.0115092,0.00624503,0.00117538,0.000183949,0.00173775,0.0066795,0.0239336,0.134096,0.269234,0.163442,0.0199368,0.0250252,0.0228909,0.0048901,0.000165562,0.00343447,0.0115156,0.0209479,0.160748,0.326262,0.167265,0.0216831,0.00197421,0.00122646,0.000177913,7.00045e-05,0.000589195,0.00611956,0.0137957,0.10338,0.251962,0.140554,0.0329191,0.0110003,0.00209266,0.000151399,6.32745e-05,0.000843679,0.00442169,0.0125028,0.148117,0.335582,0.121111,0.00467879,0.00418095,0.00236298,0.00042939
34.179773243,0.0594649,0.0189291,0.00332145,0.00635384,0.0115925,0.00141392,0.00419551,0.0117193,0.0746363,0.299034,0.253263,0.0672354,0.0267922,0.00537733,0.000160275,0.000405419,0.002787,0.00638184,0.0168739,0.0854781,0.288487,0.247287,0.059946,0.0357036,0.0103091,9.8292e-05,0.000277004,0.00256968,0.00667937,0.0171334,0.0828236,0.234766,0.199824,0.039532,0.00645969,0.000450533,0.000125176,0.000140744,0.000467267,0.00328941,0.0266669,0.13914,0.267226,0.153698,0.0523396,0.0517812,0.0160072,0.000259429,0.000165562,0.000379292,0.000832599,0.0158234,0.161763,0.359876,0.240138,0.0573679,0.00804713,0.001063,0.000177913,7.00045e-05,0.000589195,0.0062131,0.0117018,0.0953629,0.25662,0.134528,0.0112628,0.00183106,0.000626965,0.000151399,6.32745e-05,0.000735118,0.00409994,0.0123394,0.144742,0.331218,0.138093,0.0323863,0.0107523,0.000262406,9.7617e-05
35.665850340,0.0618918,0.0191578,0.00332145,0.00635384,0.0115925,0.00053569,0.00878086,0.0463402,0.119772,0.300518,0.251101,0.0675922,0.0267922,0.00537733,0.000160275,0.000405419,0.00180264,0.00904586,0.0272054,0.0764019,0.280365,0.248454,0.0601732,0.0357036,0.0103091,9.8292e-05,0.000277004,0.00417607,0.00341676,0.00882351,0.0714348,0.220615,0.202472,0.0446673,0.00655039,0.00914161,0.0204989,0.000635044,3.55394e-05,0.000159309,0.0342101,0.182365,0.291932,0.162167,0.053796,0.0517285,0.0159861,0.000259429,0.000165562,0.00333585,0.0118375,0.0352565,0.155339,0.350323,0.236,0.0589572,0.00804713,0.001063,0.000177913,7.00045e-05,0.0040265,0.0134296,0.0212287,0.094103,0.255584,0.137834,0.0154196,0.000972394,4.7138e-05,0.000151399,6.32745e-05,0.00399219,0.00494779,0.0117116,0.136275,0.327113,0.145209,0.0502237,0.0161167,0.000158789,8.95142e-05
37.151927438,0.0623721,0.0194097,0.0138042,0.0152959,0.0115695,0.000431551,0.00878086,0.0463402,0.126915,0.305656,0.267945,0.0682899,0.0272719,0.0084317,0.00447649,0.00191282,0.00164015,0.00904586,0.0388731,0.094454,0.28051,0.246777,0.0620023,0.0466925,0.0250939,0.00251966,0.000197889,0.00405459,0.00341676,0.0196226,0.110459,0.2397,0.202695,0.0459541,0.00689801,0.0174821,0.0224703,0.000635044,3.55394e-05,0.000159309,0.0354275,0.176105,0.275009,0.15146,0.0556404,0.0545496,0.0243938,0.00227998,0.000165562,0.00333585,0.0118375,0.0408566,0.176802,0.358347,0.231704,0.0593253,0.00814245,0.00520468,0.0106835,7.00045e-05,0.0040265,0.0135469,0.0257665,0.0996301,0.217167,0.119057,0.0183456,0.0011279,0.00307035,0.000151399,6.32745e-05,0.00399219,0.00494779,0.0117116,0.125147,0.306835,0.134666,0.050434,0.0161167,0.000158789,0.00583912
38.638004535,0.0675167,0.0257378,0.0141664,0.0151867,0.0133776,0.0116522,0.0267719,0.0498163,0.132313,0.302366,0.260155,0.0701499,0.0273603,0.0084317,0.0044707,0.00248275,0.00407287,0.0108916,0.039568,0.0999086,0.296368,0.27686,0.0627144,0.0466925,0.0250929,0.0025529,0.0007851,0.00565204,0.00433765,0.0206205,0.115333,0.247063,0.201681,0.046423,0.00689801,0.0174238,0.0223661,0.000583768,0.000779119,0.00294308,0.0361655,0.183124,0.315215,0.189911,0.0565652,0.0545496,0.0243938,0.0021614,0.000608297,0.00927399,0.0265955,0.0448783,0.17932,0.355972,0.229698,0.0596833,0.0106372,0.0131277,0.0127517,6.76509e-05,0.00424403,0.0143138,0.0258907,0.108874,0.256991,0.150493,0.0206714,0.00467129,0.00391403,8.475e-05,0.000925929,0.0076965,0.007589,0.0159851,0.129914,0.30732,0.138345,0.0548883,0.0258439,0.0118981,0.00849812
40.124081633,0.0849381,0.0264009,0.014189,0.0151867,0.0133776,0.0116522,0.0267719,0.049867,0.135346,0.334981,0.279366,0.0737213,0.0282844,0.00850351,0.0044707,0.00248275,0.00407287,0.0108916,0.0395934,0.102945,0.319123,0.290557,0.0908652,0.0523804,0.0253326,0.0025529,0.0007851,0.00565204,0.00433765,0.0206179,0.115863,0.267917,0.20844,0.0516671,0.00730469,0.0174238,0.0223661,0.000583768,0.000779119,0.00294308,0.0367742,0.208756,0.382199,0.203201,0.0594932,0.0572783,0.0249156,0.00218342,0.000608297,0.00927399,0.0265955,0.0453734,0.192168,0.401927,0.247801,0.0659473,0.0145044,0.0133481,0.0127517,6.76509e-05,0.00424403,0.0143325,0.0268709,0.113861,0.259052,0.162937,0.0554038,0.018247,0.00461306,8.475e-05,0.000925929,0.0076965,0.00759842,0.0161905,0.128651,0.320993,0.151055,0.0601423,0.0261462,0.0118981,0.00849812
41.610158730,0.0879737,0.0271431,0.0143047,0.0168399,0.0187569,0.0119532,0.0267989,0.0502459,0.136133,0.341854,0.276925,0.0909802,0.0337328,0.00850351,0.00449956,0.00275231,0.00407287,0.011633,0.0527543,0.115601,0.308105,0.281713,0.143714,0.0670499,0.0262527,0.00276473,0.00276411,0.00565204,0.00433765,0.0206803,0.117893,0.286788,0.222716,0.0545259,0.00737371,0.0174238,0.0227299,0.00401553,0.0011454,0.00467276,0.0487783,0.208699,0.367319,0.196938,0.0691628,0.0579968,0.025196,0.00247322,0.000608297,0.00927399,0.026979,0.0520696,0.195423,0.406596,0.248287,0.0808459,0.0167139,0.0134265,0.0127517,6.76509e-05,0.00424403,0.0143842,0.0277288,0.113894,0.266697,0.170694,0.0567728,0.0182851,0.00461306,8.475e-05,0.000925929,0.00775361,0.0096419,0.0344466,0.137457,0.323496,0.150954,0.060879,0.0262717,0.011904,0.00849812
43.096235828,0.0880389,0.0271431,0.0143047,0.0171245,0.0195994,0.01204,0.0271833,0.0573722,0.170124,0.336665,0.268206,0.090725,0.0337328,0.00850351,0.0056676,0.0112535,0.00496857,0.012871,0.0655776,0.129894,0.309857,0.29804,0.143172,0.0670499,0.0262527,0.00365809,0.00920751,0.00633083,0.00786116,0.0600858,0.196804,0.272128,0.224128,0.0545259,0.00737371,0.0174238,0.0245135,0.0053525,0.00126797,0.00709788,0.0735748,0.25396,0.348071,0.215145,0.110986,0.0681875,0.025196,0.00382516,0.00375183,0.00959468,0.0318211,0.0703518,0.21066,0.445564,0.257631,0.0814219,0.0167139,0.0138155,0.0167822,0.00376963,0.00424403,0.0187928,0.0598649,0.133124,0.245222,0.156461,0.0568061,0.019161,0.00991535,0.000294021,0.00118203,0.0180152,0.014014,0.0347971,0.122591,0.289778,0.149482,0.102111,0.0349625,0.011904,0.0113276
44.582312925,0.0828221,0.0266044,0.0143047,0.0171245,0.0195994,0.01204,0.0271833,0.0573722,0.176608,0.385028,0.265518,0.0856978,0.0332227,0.00850351,0.0056676,0.0112535,0.00496857,0.012871,0.0655776,0.135013,0.332188,0.314383,0.167049,0.0748979,0.0262527,0.00365809,0.00920751,0.00633083,0.00786116,0.0600858,0.198184,0.277723,0.217784,0.0687847,0.0177896,0.0174238,0.0245135,0.0053525,0.00126797,0.00709788,0.0735748,0.253772,0.351498,0.249492,0.152269,0.0733472,0.025196,0.00382516,0.00375183,0.00959468,0.0318211,0.0703518,0.21227,0.456442,0.310448,0.135526,0.0233862,0.0138155,0.0167822,0.00376963,0.00424403,0.0187928,0.059809,0.135715,0.263131,0.175599,0.062786,0.0207689,0.00991535,0.000294021,0.00118203,0.0180152,0.014014,0.0347801,0.133845,0.340451,0.163894,0.102064,0.0349625,0.011904,0.0113276
46.068390023,0.0834606,0.0266044,0.0143047,0.0171245,0.0195586,0.0120383,0.0271833,0.0589256,0.179405,0.387914,0.262686,0.0853072,0.0331889,0.00850351,0.0056427,0.0111647,0.00496304,0.0246059,0.120221,0.167024,0.321636,0.306607,0.164846,0.07478,0.0262527,0.00365809,0.00913415,0.00633083,0.00784521,0.076267,0.209319,0.28826,0.211964,0.0668695,0.017765,0.0174238,0.0245135,0.0053009,0.00126797,0.00994077,0.101157,0.277184,0.363222,0.240027,0.149541,0.0733003,0.0251687,0.00368431,0.00374332,0.00959468,0.0353494,0.0923383,0.234094,0.472247,0.296629,0.131871,0.0232329,0.0138155,0.0167822,0.00375976,0.00424403,0.0197695,0.0647331,0.145735,0.295141,0.168549,0.0605153,0.0207689,0.00991535,0.000294021,0.00118203,0.0180152,0.014014,0.0469844,0.144565,0.351365,0.160555,0.102989,0.0352738,0.011904,0.0113276
47.554467120,0.0900461,0.0278638,0.0143047,0.0171245,0.0195586,0.0120383,0.0271833,0.0559786,0.165032,0.377833,0.267648,0.0873944,0.0331889,0.00850351,0.00551311,0.0110116,0.00496304,0.0246059,0.118614,0.159143,0.326655,0.312066,0.166278,0.07478,0.0262527,0.00358294,0.00900962,0.00633083,0.00784521,0.0758903,0.204773,0.288108,0.21299,0.0692706,0.017765,0.0174238,0.0244926,0.00526303,0.00126797,0.00994077,0.100851,0.264793,0.340901,0.223678,0.149725,0.0733003,0.0251687,0.00368431,0.00374332,0.00959468,0.0353469,0.0906888,0.222562,0.461711,0.289073,0.132192,0.0232329,0.0138155,0.0167145,0.00370198,0.00424403,0.0197584,0.0634692,0.14047,0.295484,0.166851,0.0605153,0.0207689,0.00991053,0.000209271,0.00114249,0.0180152,0.014014,0.0466383,0.145701,0.364466,0.156591,0.102906,0.0352738,0.011885,0.0112584
49.040544218,0.0878692,0.0278638,0.0143047,0.0171245,0.0195586,0.0120383,0.0271833,0.0559786,0.165922,0.351044,0.241856,0.081987,0.0331889,0.00850351,0.00551311,0.0110116,0.00496304,0.0246059,0.119069,0.15987,0.315839,0.30706,0.167218,0.07478,0.0262527,0.00358294,0.00900962,0.00633083,0.00784521,0.076418,0.204883,0.278457,0.208426,0.0686388,0.017765,0.0174238,0.0244926,0.00526303,0.00126797,0.00994077,0.100851,0.261889,0.330887,0.218224,0.149944,0.0733003,0.0251687,0.00368431,0.00374332,0.00959468,0.0353469,0.0913385,0.222957,0.456731,0.289697,0.134356,0.0234201,0.0138155,0.0167145,0.00370198,0.00424403,0.0197584,0.0636349,0.134138,0.285982,0.163964,0.0620014,0.0207689,0.00991053,0.000209271,0.00114249,0.0180152,0.014014,0.0470438,0.131103,0.336113,0.147456,0.103495,0.0352738,0.011885,0.0112584
50.526621315,0.0859415,0.0278098,0.0143047,0.0171245,0.0195586,0.0120383,0.0271833,0.0559786,0.166573,0.347742,0.23506,0.0797203,0.033034,0.00850351,0.00551311,0.0110116,0.00496304,0.0246059,0.119069,0.161565,0.322757,0.309126,0.167276,0.07478,0.0262527,0.00358294,0.00900962,0.00633083,0.00784521,0.076418,0.205495,0.276848,0.208539,0.0685081,0.017765,0.0174238,0.0244926,0.00526303,0.00126797,0.00994077,0.100851,0.261429,0.324036,0.214031,0.149603,0.0733003,0.0251687,0.00368431,0.00374332,0.00959468,0.0353469,0.0913385,0.225268,0.455436,0.288297,0.133685,0.0234201,0.0138155,0.0167145,0.00370198,0.00424403,0.0197584,0.0636349,0.135455,0.278805,0.162982,0.0619159,0.0207689,0.00991053,0.000209271,0.00114249,0.0180152,0.014014,0.0465636,0.127894,0.319421,0.145825,0.103223,0.0352738,0.011885,0.0112584
52.012698413,0.078475,0.0277668,0.0143047,0.0171245,0.0195586,0.0120383,0.0271833,0.0559786,0.166525,0.354205,0.233084,0.0740292,0.0330183,0.00850351,0.00551311,0.0110116,0.00496304,0.0246059,0.119039,0.159389,0.321723,0.303109,0.162679,0.0747532,0.0262527,0.00358294,0.00900962,0.00633083,0.00784521,0.0764387,0.205178,0.280733,0.205942,0.0682519,0.017765,0.0174238,0.0244926,0.00526303,0.00126797,0.00994077,0.100797,0.259521,0.327315,0.213654,0.149366,0.0733003,0.0251687,0.00368431,0.00374332,0.00959468,0.0353469,0.0913777,0.223989,0.456863,0.286843,0.133488,0.0234201,0.0138155,0.0167145,0.00370198,0.00424403,0.0197584,0.063624,0.135158,0.290181,0.164183,0.0619546,0.0207689,0.00991053,0.000209271,0.00114249,0.0180152,0.014014,0.0468959,0.130331,0.335689,0.147984,0.103137,0.0352738,0.011885,0.0112584
53.498775510,0.0829537,0.0277668,0.0143047,0.0171245,0.0195586,0.0120383,0.026874,0.055397,0.158643,0.333707,0.228453,0.0780171,0.0330854,0.00850351,0.00551311,0.0110011,0.00350567,0.0234213,0.118797,0.15425,0.298526,0.282181,0.154052,0.0744763,0.0262527,0.00358294,0.00900962,0.00633083,0.00784521,0.076415,0.199386,0.270406,0.199004,0.0606244,0.0174735,0.0174221,0.0244926,0.00526303,0.00126797,0.00986148,0.0894355,0.210614,0.302493,0.201872,0.142279,0.0732923,0.0251687,0.00368431,0.00374332,0.00959468,0.0353462,0.0909918,0.218854,0.448004,0.270219,0.125072,0.0233835,0.0138155,0.0167145,0.00370198,0.00424403,0.0197584,0.0631863,0.133564,0.283503,0.151998,0.0572691,0.0207488,0.00991053,0.000209271,0.00114249,0.0180152,0.014014,0.0466508,0.110047,0.304835,0.134568,0.10161,0.0352629,0.011885,0.0112584
54.984852608,0.0828613,0.0276232,0.0143047,0.017166,0.0196156,0.0120383,0.026874,0.055397,0.15879,0.313752,0.208686,0.0762745,0.0329899,0.00850351,0.00576437,0.0111697,0.00351101,0.0234213,0.119661,0.161938,0.274408,0.223032,0.145578,0.0745987,0.0262527,0.00367411,0.00907148,0.0046189,0.00552594,0.0768506,0.206192,0.27915,0.169748,0.0551138,0.0172387,0.0174221,0.0245765,0.00527859,0.00126797,0.00978146,0.0894794,0.208727,0.302482,0.20711,0.14494,0.0726754,0.0253872,0.00400846,0.00374332,0.00959468,0.0348769,0.0779083,0.15389,0.410422,0.295979,0.131665,0.023206,0.0138086,0.0167164,0.00372344,0.00421079,0.015869,0.0607565,0.130456,0.287428,0.16491,0.0601555,0.0207488,0.00991053,0.000209271,0.00114249,0.0180152,0.0136956,0.0473733,0.110574,0.293166,0.14183,0.102396,0.0352608,0.011885,0.0112584
56.470929705,0.07245,0.0193357,0.0109832,0.017166,0.0196156,0.0120383,0.026874,0.0565406,0.164886,0.320018,0.185518,0.0425181,0.0221192,0.0082386,0.00581566,0.0116404,0.00351655,0.0234213,0.119723,0.156061,0.262332,0.206852,0.130981,0.0682494,0.0262158,0.00367411,0.00938547,0.00475773,0.00552594,0.0769004,0.200911,0.278283,0.162495,0.0503476,0.0145084,0.0170316,0.0245823,0.00542815,0.00126797,0.00978146,0.0897595,0.198702,0.315179,0.206714,0.14506,0.071486,0.0236763,0.00400846,0.0037434,0.00959468,0.0348769,0.0789901,0.152524,0.415872,0.295349,0.1319,0.0231838,0.0127699,0.0167294,0.00396882,0.00421206,0.015869,0.0613738,0.125116,0.286332,0.16059,0.059895,0.0206981,0.00996954,0.00031812,0.00130197,0.0180188,0.0136956,0.0472581,0.0928353,0.275083,0.140089,0.10237,0.0350293,0.012026,0.0113147
57.957006803,0.049986,0.00947675,0.0109832,0.0109213,0.0081066,0.0116085,0.0268703,0.0564634,0.153527,0.311295,0.197092,0.0379215,0.00701473,0.00312618,0.00581566,0.0116404,0.00351655,0.0225617,0.112022,0.144405,0.275718,0.218296,0.120761,0.0394669,0.0159446,0.00367411,0.00938547,0.00475773,0.00456512,0.0711023,0.197159,0.292854,0.16972,0.0430487,0.0113842,0.0170316,0.0245823,0.00542815,0.00126797,0.00978146,0.0869531,0.199553,0.339096,0.215083,0.10604,0.0216187,0.0094283,0.00400846,0.0037434,0.00959468,0.0348769,0.0792586,0.155608,0.393205,0.222867,0.0919724,0.0157233,0.0127699,0.0167294,0.00396882,0.00421206,0.0157755,0.0577551,0.117707,0.297327,0.150261,0.0574881,0.0206981,0.00996954,0.00031812,0.00130197,0.0180188,0.0136956,0.0476451,0.102204,0.303484,0.126013,0.0748421,0.0251137,0.012026,0.0113147
59.443083900,0.0483273,0.00924807,0.0109832,0.0109213,0.0081066,0.0116085,0.0184025,0.0139432,0.102422,0.307878,0.201225,0.0378117,0.00701473,0.00312618,0.00581566,0.0116404,0.0033393,0.0155606,0.0967773,0.146723,0.277677,0.217889,0.120518,0.0394669,0.0159446,0.00367411,0.00938547,0.00241508,0.0044444,0.071113,0.200858,0.3008,0.166064,0.0379276,0.0112935,0.00834049,0.0042086,0.00493385,0.00126797,0.00978146,0.0679448,0.147682,0.318873,0.213212,0.10459,0.0216187,0.0094283,0.00400846,0.0037434,0.00650627,0.0235119,0.0594656,0.161561,0.406601,0.230243,0.0893378,0.0157233,0.0127699,0.0167294,0.00396882,0.000219948,0.0063399,0.0446938,0.124707,0.319624,0.161091,0.0524856,0.0197965,0.00996954,0.00031812,0.00130197,0.0140405,0.00906622,0.0384304,0.116337,0.335507,0.138039,0.0567567,0.0191571,0.0118948,0.0113147
60.929160998,0.049656,0.00899618,0.00169607,0.008944,0.00891149,0.0116085,0.0184025,0.0139432,0.0879379,0.285088,0.173017,0.0384146,0.00653508,0.0012295,0.00862765,0.012998,0.00359801,0.0155606,0.0851096,0.126991,0.273023,0.213828,0.118897,0.028705,0.00437037,0.0127997,0.0129703,0.00268249,0.0044444,0.0603191,0.154429,0.26523,0.156113,0.0374543,0.0109459,0,0.0022372,0.00493385,0.00126797,0.00978146,0.0667408,0.146738,0.311909,0.209078,0.103527,0.0187977,0.00102069,0.00198791,0.0037434,0.00650627,0.0235119,0.0538763,0.113678,0.351487,0.213728,0.0891067,0.015628,0.00862822,0.00622384,0.00396882,0.000219948,0.00622266,0.0401652,0.0998002,0.310479,0.154886,0.0496267,0.019641,0.00694633,0.00031812,0.00130197,0.0140405,0.00906622,0.0384397,0.112246,0.320852,0.129697,0.056611,0.0191571,0.0118948,0.00556511
62.415238095,0.0581635,0.00352551,0.00133395,0.008944,0.00708361,0.00128945,0.00921908,0.0206061,0.0843981,0.28004,0.172349,0.0401095,0.00644664,0.0012295,0.0087772,0.0243867,0.0977967,0.0659263,0.0907233,0.119058,0.248979,0.170336,0.118151,0.028705,0.00437037,0.0127433,0.0124004,0.00118598,0.00353517,0.0593495,0.150447,0.255821,0.150242,0.0369951,0.0110925,0.0019712,0.00886295,0.00577759,0.00104296,0.0070922,0.0669292,0.14625,0.27584,0.167838,0.102639,0.0190581,0.00483997,0.0188208,0.026718,0.0159011,0.0108221,0.049871,0.111587,0.353536,0.211258,0.0887746,0.0132336,0.00408327,0.0241298,0.0276149,0.005443,0.0057651,0.040041,0.0889807,0.272909,0.123482,0.0473204,0.0193725,0.029695,0.029541,0.00704507,0.0109319,0.00642501,0.0341662,0.102835,0.321251,0.126052,0.0521658,0.00948912,0.00170086,0.00997286
63.901315193,0.0393893,0.00286241,0.00142128,0.00909062,0.00825826,0.00579693,0.00998578,0.0205627,0.0836202,0.239536,0.15035,0.0361938,0.00557782,0.00184618,0.00979845,0.0276914,0.102005,0.0659687,0.0906979,0.115969,0.214075,0.152307,0.0901373,0.0238069,0.00501207,0.0132061,0.0125116,0.00118711,0.00353517,0.0593495,0.150033,0.22527,0.14433,0.0348366,0.0135754,0.00239689,0.00886295,0.00577759,0.00104296,0.0070922,0.0663205,0.119871,0.199877,0.180191,0.117996,0.0204465,0.00431808,0.0187988,0.026718,0.0159011,0.0108221,0.0493759,0.0962944,0.307152,0.216158,0.0917645,0.00936644,0.0038629,0.0241298,0.0276149,0.005443,0.00574632,0.0390608,0.0805337,0.256897,0.107051,0.0125619,0.00579676,0.0289959,0.029541,0.00704507,0.0109319,0.00641559,0.0339585,0.0993428,0.294589,0.113271,0.0474818,0.00918682,0.00170086,0.00997286
65.387392290,0.0381309,0.00212618,0.00189131,0.00771549,0.00755111,0.0117344,0.0117014,0.0270832,0.0880596,0.22356,0.144763,0.0197227,0.00216562,0.00310875,0.00976959,0.0290231,0.104002,0.0655329,0.0776088,0.103491,0.226871,0.159388,0.0390491,0.00913736,0.00411271,0.0150359,0.0124995,0.0115002,0.0135234,0.0600735,0.14624,0.197373,0.125694,0.0319513,0.0135157,0.0034238,0.0195636,0.00610064,0.00101238,0.00538073,0.0613336,0.135688,0.206261,0.188739,0.109957,0.019728,0.00535939,0.0291627,0.0450561,0.0164353,0.0122616,0.0445271,0.0922124,0.290584,0.209017,0.0779216,0.0109345,0.00774881,0.0265852,0.0279388,0.00546975,0.00569465,0.0395595,0.0873428,0.248304,0.0951526,0.0117383,0.00591981,0.0289959,0.0298671,0.00919947,0.0117925,0.00470304,0.0169474,0.0907644,0.290081,0.125956,0.057692,0.00993804,0.0047892,0.0112247
66.873469388,0.0366144,0.00212618,0.00576853,0.0138169,0.0123559,0.0304742,0.0245863,0.020954,0.0521093,0.220117,0.144568,0.0219717,0.00258049,0.0036036,0.00932654,0.0208405,0.106239,0.0664941,0.0648612,0.0882179,0.227622,0.152203,0.047398,0.00919367,0.00905166,0.0204633,0.00774676,0.0108214,0.00999989,0.0206965,0.061776,0.193396,0.111119,0.0346911,0.0186558,0.00384282,0.01778,0.00476914,0.00116496,0.00401119,0.0380443,0.0926185,0.234435,0.163305,0.0691353,0.0104615,0.00535939,0.0281817,0.0460399,0.0237349,0.0108379,0.0265817,0.0729887,0.239577,0.186795,0.0773456,0.0151454,0.0363065,0.0498809,0.0287731,0.00580961,0.00128602,0.00746823,0.0623534,0.25118,0.0956749,0.0117341,0.00680787,0.0258455,0.0344539,0.0408526,0.0338586,0.00285997,0.0165969,0.0920689,0.29799,0.111367,0.0167794,0.00124723,0.0047892,0.00839521
68.359546485,0.0367415,0.00238354,0.0057688,0.0138169,0.0124284,0.0305994,0.0248906,0.0210972,0.0453973,0.163958,0.133603,0.0219444,0.00258442,0.0036036,0.00932654,0.0208405,0.106239,0.0664941,0.0649115,0.088266,0.229026,0.161167,0.0272682,0.00368493,0.0146441,0.0249459,0.00890811,0.0108445,0.0138882,0.0264606,0.0626933,0.179122,0.105036,0.018366,0.00880824,0.00467679,0.0178334,0.00476991,0.00116496,0.00463024,0.038806,0.0928065,0.218793,0.125556,0.0277709,0.00530178,0.00535939,0.0282365,0.0489024,0.0393151,0.022849,0.028268,0.0726702,0.226337,0.137287,0.0232734,0.0175141,0.0610491,0.0664267,0.0296273,0.00580961,0.00207474,0.00807154,0.0580126,0.220429,0.0725104,0.00557273,0.00663247,0.028934,0.0359915,0.0408844,0.0338586,0.00285997,0.0165969,0.0820148,0.244499,0.0988792,0.0190955,0.0057413,0.00583019,0.00856925
69.845623583,0.0385805,0.00238354,0.0057688,0.0138169,0.0124284,0.0305994,0.0248906,0.0195438,0.0422019,0.151087,0.127634,0.0228191,0.0038612,0.00366044,0.00933373,0.0208405,0.106444,0.0551908,0.00855239,0.0442578,0.223559,0.160142,0.0273267,0.00368493,0.0146441,0.0249459,0.00890811,0.0108445,0.0139187,0.00862914,0.0421619,0.161022,0.105475,0.0192524,0.00914195,0.00467679,0.0178334,0.00476991,0.00116547,0.00179951,0.0107968,0.0668556,0.204371,0.124023,0.0281206,0.00559137,0.00539045,0.0282365,0.0489178,0.039388,0.0194306,0.00678537,0.0544714,0.207295,0.14183,0.0252683,0.0175284,0.0610491,0.0664267,0.0296273,0.00580961,0.00110002,0.00308297,0.0472724,0.177413,0.0672959,0.00562512,0.00667563,0.0289398,0.0359929,0.0408861,0.0338587,0.00285997,0.00411697,0.0678661,0.219485,0.0934267,0.0167752,0.00542993,0.00583019,0.00856925
71.331700680,0.0319795,0.00112794,0.0057688,0.0138169,0.0124531,0.0306585,0.0249283,0.0195821,0.0421606,0.142303,0.116366,0.0208054,0.00403649,0.00372426,0.00933373,0.0208405,0.106444,0.0551908,0.00855239,0.0432821,0.204102,0.148703,0.0258949,0.00372516,0.0151595,0.0264164,0.0097663,0.0109741,0.0139358,0.00858402,0.0400546,0.146488,0.0927562,0.0167633,0.00914195,0.00467679,0.0178334,0.00476991,0.00116547,0.00179951,0.0107959,0.0666164,0.197639,0.128679,0.0424669,0.0087407,0.00640745,0.0283439,0.0489178,0.039388,0.0194306,0.00678537,0.0539542,0.197335,0.137666,0.0249261,0.0175284,0.0610491,0.0664267,0.0296273,0.00580961,0.00110002,0.00303086,0.0466882,0.169538,0.0650795,0.00563633,0.00673434,0.029008,0.0360129,0.0408861,0.0338773,0.00288911,0.00441566,0.0628994,0.197285,0.09249,0.0167752,0.00542993,0.00583089,0.00858051
72.817777778,0.0310342,0.00112794,0.00582643,0.0139237,0.012484,0.030673,0.0251568,0.0196866,0.0398361,0.135795,0.11047,0.0204626,0.0045259,0.00506051,0.0098608,0.0220557,0.107586,0.0555826,0.00900803,0.0476786,0.196314,0.140441,0.024955,0.0037824,0.0156605,0.0265358,0.00979269,0.0113375,0.0144928,0.0107095,0.0419371,0.141093,0.0862933,0.0187209,0.00941418,0.00496377,0.0182056,0.00494382,0.00156354,0.00184211,0.0108678,0.0657066,0.192503,0.125676,0.0422507,0.00874228,0.00650579,0.0289536,0.0491912,0.0398143,0.0197476,0.00667536,0.0501121,0.189467,0.129274,0.0227793,0.0173429,0.0610526,0.0664609,0.02964,0.00584169,0.00110333,0.0028757,0.0442618,0.161544,0.0601018,0.00589359,0.0143947,0.0324064,0.0363321,0.0409328,0.033923,0.0030522,0.00401406,0.0582291,0.189203,0.0867166,0.0161942,0.00543925,0.00583546,0.00859746
74.303854875,0.0309886,0.00114961,0.00588633,0.0140687,0.0129097,0.0307646,0.0251568,0.0196874,0.0400084,0.130241,0.110859,0.0201049,0.00454014,0.00509584,0.00993953,0.0223122,0.10764,0.0555826,0.00900811,0.0471844,0.185379,0.139568,0.0245645,0.0037837,0.0156828,0.026591,0.00997583,0.0113717,0.0144928,0.0107108,0.0427165,0.13335,0.0841092,0.0181647,0.00943755,0.00499372,0.0184037,0.00519803,0.00160935,0.00184211,0.0108698,0.0665146,0.182933,0.125163,0.0419424,0.00877786,0.00653423,0.0291441,0.0493974,0.0398578,0.0197476,0.00667538,0.0487691,0.175148,0.125996,0.022301,0.0173432,0.0610526,0.0665028,0.0296889,0.00584169,0.00110333,0.00287682,0.0418816,0.1474,0.0581871,0.00589359,0.0144143,0.0324395,0.0364753,0.0411062,0.0339652,0.0030556,0.00401406,0.0564595,0.176784,0.0837686,0.0159075,0.00543928,0.00585322,0.00867187
75.789931973,0.0301104,0.0011615,0.00588633,0.0140687,0.0129097,0.0307646,0.0251581,0.0197667,0.0403308,0.126995,0.105962,0.0198842,0.00454014,0.00509584,0.00993953,0.0223122,0.10764,0.0555826,0.00900389,0.0477198,0.188744,0.139907,0.0248362,0.0037837,0.0156828,0.026591,0.00997583,0.0113717,0.0144928,0.0106901,0.0424595,0.137474,0.0887159,0.0185556,0.00943755,0.00499372,0.0184037,0.00519803,0.00160935,0.00184211,0.0108675,0.0678893,0.190526,0.127388,0.0418306,0.00877786,0.00653423,0.0291441,0.0493974,0.0398578,0.0197476,0.00662202,0.0511176,0.184589,0.130765,0.0221995,0.0173432,0.0610526,0.0665028,0.0296889,0.00584169,0.00110333,0.00287724,0.044544,0.149137,0.0598833,0.00569353,0.0144143,0.0324395,0.0364753,0.0411062,0.0339652,0.0030556,0.00368052,0.0572947,0.172917,0.0854665,0.0156769,0.00543928,0.00585322,0.00867187
77.276009070,0.0266087,0.0012383,0.00588633,0.0140687,0.0129188,0.0308125,0.0251678,0.0197681,0.0402354,0.120762,0.0949936,0.015825,0.00447633,0.00509584,0.00994146,0.0223346,0.107705,0.0555852,0.00904227,0.0475757,0.18454,0.13364,0.0236946,0.00381156,0.0156828,0.026591,0.00998562,0.0114062,0.0145026,0.0108436,0.0421799,0.129541,0.0783302,0.016593,0.00943808,0.00499372,0.0184059,0.00522147,0.00166564,0.00184816,0.010858,0.0659158,0.183047,0.121577,0.0417858,0.00878039,0.00653423,0.0291441,0.0493984,0.0398609,0.0197573,0.00678795,0.0503943,0.182978,0.128232,0.0222892,0.0173461,0.0610526,0.0665035,0.029694,0.00585186,0.00110492,0.00290094,0.0430206,0.148148,0.0569555,0.00570141,0.0144149,0.0324395,0.0364753,0.0411062,0.0339652,0.00305857,0.00373896,0.0569026,0.176818,0.0849992,0.0157882,0.00544015,0.00585322,0.00867187
78.762086168,0.025963,0.00127862,0.00589946,0.0140833,0.0129229,0.0311493,0.0254388,0.0197979,0.039248,0.111821,0.089101,0.0144945,0.0047913,0.00518197,0.00969974,0.0221755,0.1077,0.0555852,0.00780608,0.0359005,0.16443,0.123361,0.0187549,0.00367948,0.0159139,0.0275019,0.00995428,0.0115263,0.0145424,0.00979492,0.0343407,0.114922,0.0695406,0.013883,0.00967106,0.00504147,0.018323,0.00520622,0.00166564,0.00184816,0.0107855,0.0632409,0.175933,0.118388,0.0576959,0.0149097,0.00639989,0.0288576,0.0494178,0.0398653,0.0197612,0.00678837,0.0478767,0.158396,0.0994417,0.015637,0.0171504,0.0610531,0.0665022,0.0296727,0.00585187,0.00110494,0.00290139,0.0385652,0.131118,0.0434376,0.0028046,0.0144153,0.0324398,0.0364921,0.0411119,0.0339726,0.00306755,0.0029027,0.0516607,0.161947,0.0749567,0.0149249,0.00544362,0.00585418,0.00867266
80.248163265,0.0254952,0.00127862,0.00589946,0.0140833,0.0129417,0.0311496,0.0254395,0.0184675,0.0228393,0.0938376,0.082579,0.0140588,0.00481182,0.00518474,0.00965265,0.0233485,0.108731,0.0556306,0.00774376,0.0257236,0.147788,0.121277,0.0187531,0.00367948,0.0159139,0.0275019,0.00979211,0.0122246,0.0157478,0.00976806,0.0287163,0.0979196,0.0660183,0.0138109,0.00974306,0.0052702,0.0184385,0.00526729,0.00178289,0.0027587,0.0125906,0.0580307,0.142534,0.110193,0.0571332,0.0153205,0.00666199,0.0293696,0.0501343,0.0399656,0.0198416,0.00591931,0.0389373,0.136359,0.0912026,0.0153644,0.0173236,0.0610561,0.0664767,0.0295454,0.00585249,0.00110494,0.00217492,0.0332009,0.12074,0.0425309,0.00527727,0.0215566,0.0333408,0.0363833,0.0409657,0.0339708,0.00306757,0.00283325,0.0487216,0.151125,0.0715954,0.0149176,0.00544362,0.0057072,0.00861629
81.734240363,0.0239328,0.00147224,0.00595708,0.0141258,0.013013,0.0311641,0.0254395,0.0186664,0.0212289,0.0607984,0.0455579,0.0110302,0.00496535,0.00526656,0.00972098,0.0234219,0.108755,0.0556306,0.00789834,0.0279706,0.130723,0.104334,0.0176531,0.00373064,0.0159287,0.027535,0.00980826,0.0122251,0.0157478,0.0099781,0.027103,0.0795729,0.0506885,0.0129913,0.00992819,0.00538935,0.0184869,0.00536334,0.00182377,0.00277092,0.0127388,0.05292,0.118439,0.0978952,0.0567701,0.0153824,0.00668338,0.0294159,0.0501605,0.0399668,0.0198418,0.00565459,0.035428,0.119465,0.0825326,0.0148199,0.0173728,0.0610568,0.0664843,0.0295477,0.00585373,0.00110909,0.00258059,0.0327754,0.0973269,0.0399198,0.00530556,0.0215857,0.0333445,0.0363886,0.0409706,0.0339753,0.00306795,0.00166386,0.0345613,0.115916,0.0653988,0.0146312,0.00546832,0.00571747,0.00861928
83.220317460,0.0400155,0.00264152,0.00595708,0.0141258,0.013013,0.0311641,0.0254395,0.0186392,0.0194445,0.0552047,0.0450988,0.0198109,0.00558839,0.00526656,0.00972098,0.0234219,0.108755,0.0556301,0.00785524,0.025886,0.127361,0.113631,0.0334221,0.00481195,0.0159287,0.027535,0.00980826,0.0122251,0.0157478,0.00996584,0.0247068,0.0751258,0.0455157,0.0130364,0.00992819,0.00538935,0.0184869,0.00536334,0.00182377,0.00277092,0.0127625,0.0502705,0.1137,0.0958059,0.0569956,0.0153824,0.00668338,0.0294159,0.0501605,0.0399668,0.0198418,0.00564035,0.031405,0.115642,0.0775802,0.0147894,0.0173728,0.0610568,0.0664843,0.0295477,0.00585373,0.00110909,0.00255462,0.0283162,0.0868611,0.0297153,0.00515401,0.0215857,0.0333445,0.0363886,0.0409706,0.0339753,0.00306795,0.00165877,0.0228305,0.0914689,0.0494509,0.0145557,0.00546832,0.00571747,0.00861928
84.706394558,0.0420731,0.0311767,0.0420623,0.0192929,0.0123728,0.0311641,0.0254395,0.0229447,0.084153,0.117857,0.0565453,0.0195892,0.015791,0.0254424,0.010716,0.0204039,0.108496,0.0564011,0.024602,0.111355,0.146635,0.109584,0.0336644,0.0079305,0.0143459,0.01603,0.00622347,0.0119576,0.0157478,0.0129821,0.0677106,0.090172,0.0703652,0.0370666,0.0188859,0.012031,0.0201272,0.00536334,0.00182377,0.00277092,0.0127491,0.0497177,0.106838,0.10178,0.0723188,0.0180444,0.00891246,0.0301489,0.0501605,0.0399668,0.0198418,0.00562958,0.0315165,0.113321,0.0981775,0.119339,0.0928079,0.0751128,0.0664843,0.0295477,0.00585373,0.00110909,0.00254545,0.0277059,0.0844315,0.0358785,0.00862241,0.0218041,0.0333445,0.0363886,0.0409706,0.0339753,0.00306795,0.00164943,0.0254576,0.0924935,0.0511578,0.0159943,0.00556594,0.00571747,0.00861928
86.192471655,0.0835889,0.0374451,0.0420623,0.0192929,0.0177338,0.0309802,0.0167708,0.0137392,0.0834278,0.112352,0.0516841,0.0170777,0.015791,0.0254424,0.0105665,0.00844534,0.0224558,0.0309455,0.0293548,0.111786,0.144945,0.125368,0.0373545,0.00819425,0.0143459,0.01603,0.00620615,0.031511,0.066162,0.0351212,0.0640602,0.0873854,0.0783847,0.0391387,0.019048,0.0100598,0.0135015,0.0045196,0.0326142,0.0941252,0.0710853,0.0494411,0.105265,0.103698,0.0734275,0.0185144,0.00517103,0.013316,0.0321998,0.0784428,0.110066,0.0167295,0.0307854,0.143387,0.112716,0.120208,0.0927075,0.0717174,0.0464191,0.00590163,0.0224127,0.0497973,0.0112117,0.0290621,0.141123,0.0723981,0.0104452,0.0185291,0.00970992,0.00716576,0.0343411,0.0333657,0.00306795,0.00196073,0.0305464,0.17492,0.0959009,0.0215222,0.00550676,0.00416946,0.00153229
87.678548753,0.0834535,0.0374451,0.0431834,0.0262258,0.0245477,0.028389,0.0161043,0.0138309,0.0857165,0.134174,0.104013,0.0565071,0.015954,0.027179,0.0193044,0.0107102,0.0182477,0.0309517,0.0297319,0.115597,0.157103,0.144323,0.061027,0.00740457,0.0134645,0.0165471,0.0085554,0.0315099,0.0662709,0.0354961,0.065522,0.0971171,0.0921131,0.0494553,0.0161585,0.0096341,0.0139721,0.00583084,0.0326142,0.0941252,0.0717308,0.0608152,0.126258,0.0917681,0.0561192,0.0144378,0.00524863,0.013333,0.0321998,0.0784428,0.110066,0.0172021,0.0358314,0.141939,0.10133,0.12065,0.0935566,0.0717174,0.0471771,0.0067769,0.0224549,0.0497973,0.0113628,0.0413465,0.16557,0.0880437,0.0110362,0.0187961,0.00984433,0.00804149,0.0343411,0.0333703,0.00317313,0.00223008,0.0526954,0.212532,0.10703,0.0216983,0.00566454,0.00416946,0.00153229
89.164625850,0.0856346,0.0374392,0.0427822,0.0305369,0.025572,0.023816,0.0146404,0.00698275,0.0871814,0.147423,0.118597,0.057472,0.0139179,0.0259164,0.0193044,0.00910897,0.0168097,0.0312714,0.02982,0.116368,0.154901,0.142707,0.0600469,0.00740457,0.0134438,0.0145055,0.00665428,0.0211968,0.0562827,0.0347096,0.0687402,0.126042,0.108516,0.0520452,0.0219162,0.0371668,0.0194831,0.00601327,0.0322785,0.094107,0.0710711,0.0609212,0.136186,0.0851838,0.0543936,0.0144378,0.00520679,0.0103033,0.0228585,0.0796415,0.108243,0.0173708,0.0409549,0.147847,0.106634,0.119582,0.089779,0.0683604,0.0486246,0.0106493,0.0231949,0.0497973,0.0142553,0.0388455,0.159139,0.0898791,0.0104875,0.018635,0.0106043,0.0124901,0.0353075,0.0328114,0.0028422,0.0105125,0.0644883,0.216665,0.096065,0.0107483,0.00478785,0.00358745,0.0128206
90.650702948,0.0856038,0.0389521,0.0449492,0.047436,0.02859,0.00567453,0.00137096,0.0060599,0.0882547,0.151665,0.120551,0.0567318,0.0172409,0.0550953,0.0767296,0.0284259,0.0151001,0.0290722,0.0297443,0.116654,0.144273,0.121924,0.0527779,0.00985215,0.0249618,0.0287633,0.0186964,0.0232644,0.0562989,0.0346811,0.069094,0.133097,0.110279,0.0505185,0.0284243,0.0667929,0.0376991,0.0501438,0.0513878,0.0953868,0.0698762,0.05514,0.117797,0.08104,0.0537395,0.0144176,0.012695,0.0222285,0.041068,0.0766843,0.105021,0.017034,0.0390394,0.146383,0.106268,0.119582,0.0857319,0.0440187,0.0400538,0.0230227,0.0264124,0.0505176,0.0142736,0.0423331,0.173778,0.0928787,0.0104584,0.0168711,0.00859408,0.0111606,0.00637947,0.00282346,0.00180551,0.0130119,0.0807213,0.265512,0.108301,0.0114505,0.00478785,0.00358745,0.0129347
92.136780045,0.0854409,0.0386948,0.0458393,0.0510984,0.0373695,0.0159146,0.00559965,0.00755097,0.0883603,0.151672,0.120967,0.0567313,0.0172963,0.0593186,0.080089,0.0288201,0.0151686,0.0299962,0.0314448,0.112993,0.115827,0.0911743,0.0476153,0.0073787,0.0194007,0.0260327,0.0242973,0.0335376,0.0619211,0.0316975,0.0668144,0.127891,0.106928,0.0522675,0.0380937,0.0736384,0.0388239,0.0501643,0.0514667,0.0948875,0.0711111,0.0656985,0.130832,0.0836749,0.053476,0.0144176,0.0131582,0.0295907,0.0557574,0.0775709,0.0964006,0.0153477,0.0359846,0.133642,0.0995232,0.119652,0.0778286,0.0242141,0.0335297,0.0253798,0.026646,0.0515731,0.0229211,0.0507774,0.177935,0.110871,0.017906,0.016113,0.00577943,0.0123887,0.0132659,0.00693574,0.00239328,0.0135231,0.0781163,0.25847,0.103748,0.00929923,0.00218986,0.0082431,0.0162627
93.622857143,0.110148,0.0465052,0.0501552,0.0510984,0.0373695,0.0165489,0.00759027,0.00910554,0.0890666,0.162779,0.139014,0.0609544,0.0224916,0.0777787,0.0933126,0.0288201,0.0155206,0.0318337,0.0333321,0.115591,0.12472,0.0982045,0.0474741,0.0118407,0.0280232,0.029118,0.0242973,0.0336049,0.0624669,0.0322193,0.0683942,0.135557,0.112224,0.0524273,0.0413264,0.0764388,0.0388239,0.0501643,0.0514677,0.0948782,0.0710983,0.0662306,0.133581,0.0859327,0.0541177,0.0181893,0.0169582,0.0295907,0.0557421,0.0774981,0.0968751,0.015054,0.0295015,0.121307,0.0906364,0.117777,0.0788438,0.0260775,0.0348236,0.0259782,0.026646,0.0515775,0.0229238,0.0491682,0.177801,0.111979,0.0178562,0.0160749,0.00577534,0.0123873,0.0132642,0.0105383,0.00952645,0.0168602,0.0780646,0.258139,0.103358,0.00917634,0.00261314,0.00865502,0.0162627
95.108934240,0.110169,0.0508156,0.0619083,0.0591266,0.0387842,0.0166655,0.00755256,0.00906721,0.115235,0.193277,0.147141,0.0658766,0.0423045,0.0989292,0.0952931,0.0302557,0.0157186,0.0318337,0.0347483,0.121572,0.139884,0.105005,0.0690827,0.0689398,0.0601453,0.0322831,0.0242303,0.0334797,0.0624497,0.0382252,0.0887997,0.172155,0.139118,0.0594435,0.0417703,0.0850523,0.0465427,0.0512738,0.0514677,0.0948782,0.0710983,0.0775197,0.173769,0.117459,0.04957,0.0150484,0.0159412,0.0294832,0.0557421,0.0774981,0.0968751,0.015054,0.058658,0.21791,0.167907,0.132083,0.0788438,0.0260775,0.0348236,0.0259782,0.026646,0.0515775,0.0318268,0.16615,0.347639,0.196947,0.0337341,0.0160162,0.00570718,0.0123673,0.0132642,0.0105197,0.00949731,0.054323,0.160978,0.36513,0.169106,0.0125363,0.00261314,0.00865432,0.0162515
96.595011338,0.156681,0.0816015,0.0618507,0.0591057,0.0392835,0.029988,0.0342825,0.0212547,0.116399,0.225794,0.23971,0.137416,0.0418151,0.097593,0.0948371,0.0294359,0.0169186,0.0339455,0.0344973,0.129598,0.172499,0.117285,0.0723955,0.0688826,0.0596443,0.0328481,0.028449,0.0375044,0.0628198,0.036312,0.0977961,0.203184,0.152662,0.0589032,0.0479277,0.105701,0.0616253,0.0517327,0.0744162,0.122169,0.0773497,0.0790908,0.1799,0.12721,0.072436,0.0591869,0.0518961,0.032037,0.061197,0.0776482,0.113779,0.0584996,0.0850232,0.231017,0.169828,0.13325,0.0788762,0.0306804,0.0432451,0.0293855,0.0376654,0.0565961,0.0321693,0.166119,0.350495,0.199265,0.0334473,0.00967046,0.00235178,0.0120481,0.0132175,0.0201694,0.0177166,0.0581786,0.164354,0.393794,0.220988,0.0352807,0.00493607,0.0147988,0.0192469
98.081088435,0.156344,0.0815798,0.0617908,0.0589607,0.0388578,0.0298963,0.0342825,0.0333241,0.156055,0.245112,0.244065,0.141291,0.0422841,0.0975577,0.0947584,0.0291794,0.0168646,0.0339455,0.0525565,0.153592,0.201687,0.146796,0.076888,0.0693897,0.0596219,0.0327929,0.0282658,0.0374702,0.0628198,0.0363106,0.107144,0.232857,0.175531,0.0604532,0.0479043,0.105671,0.0614272,0.0514785,0.0743704,0.122169,0.102299,0.130024,0.201929,0.132887,0.0798411,0.0600494,0.0518676,0.0318465,0.0609907,0.0776047,0.113779,0.0629742,0.100706,0.26885,0.195531,0.135205,0.0789681,0.0306804,0.0432032,0.0293367,0.0376654,0.0565961,0.0358661,0.166604,0.364207,0.224358,0.0534009,0.00976127,0.00231866,0.0119048,0.013044,0.0201272,0.0177132,0.0938053,0.208506,0.412584,0.231441,0.0553413,0.00493604,0.0147811,0.0191725
99.567165533,0.156931,0.0819577,0.061892,0.0613616,0.0545859,0.0436025,0.0369161,0.0375583,0.16312,0.253127,0.283811,0.167905,0.0477349,0.0996757,0.0982652,0.0309979,0.0169766,0.0339455,0.0530552,0.16015,0.203504,0.151292,0.0765215,0.0716162,0.0603824,0.0332152,0.0358773,0.0499392,0.0656573,0.0379039,0.130772,0.276048,0.194825,0.0600787,0.0479043,0.105671,0.062976,0.0611076,0.0781188,0.122809,0.106501,0.137098,0.194843,0.129758,0.0795635,0.0626055,0.052943,0.0318465,0.0609907,0.0776047,0.113779,0.0634935,0.121524,0.311115,0.220475,0.135044,0.0789681,0.0306971,0.0450796,0.0405396,0.042796,0.0571974,0.039556,0.189918,0.389807,0.23123,0.0534258,0.00976127,0.00231866,0.0119048,0.013044,0.0201272,0.0181503,0.0973444,0.20972,0.408471,0.245178,0.0609102,0.00554484,0.0147811,0.0191725
101.053242630,0.160853,0.0908944,0.0689813,0.0655249,0.0555878,0.0435545,0.0369064,0.0375568,0.163144,0.254963,0.284757,0.177166,0.0594753,0.101753,0.10045,0.0324443,0.0289216,0.0498798,0.0558592,0.159741,0.203159,0.157406,0.101525,0.109423,0.0766648,0.0337333,0.0358675,0.0499048,0.0656475,0.0377467,0.132633,0.27902,0.207451,0.0639441,0.0479038,0.105818,0.064685,0.0777113,0.0868919,0.124202,0.10644,0.136469,0.195615,0.157507,0.110198,0.075304,0.0539414,0.0318722,0.0683736,0.0915741,0.120008,0.0672209,0.121737,0.310933,0.221702,0.135288,0.0794457,0.0313598,0.0472894,0.0441438,0.0489212,0.0597809,0.0394721,0.191137,0.392151,0.241814,0.0565597,0.0113431,0.00316874,0.0205916,0.0240635,0.023461,0.0197948,0.0974628,0.212744,0.408581,0.244538,0.0607921,0.00770985,0.0212367,0.0281184
102.539319728,0.161365,0.0908506,0.0689682,0.0654688,0.055531,0.0435474,0.0428381,0.0445522,0.168139,0.260388,0.28503,0.176955,0.0591603,0.101667,0.10044,0.0324349,0.0289306,0.0510021,0.088682,0.220332,0.225163,0.157701,0.101509,0.109418,0.0764337,0.0327312,0.035837,0.0498478,0.0677202,0.0474694,0.148795,0.285,0.207697,0.0635205,0.0476164,0.10577,0.0646839,0.077711,0.0875273,0.143387,0.128466,0.142047,0.195105,0.151351,0.0911468,0.0691747,0.0538573,0.0318346,0.068361,0.0920965,0.129886,0.0799974,0.126412,0.311209,0.221765,0.135281,0.0794445,0.0313593,0.0472888,0.0441437,0.0489212,0.0597808,0.0394716,0.191139,0.40384,0.294272,0.10623,0.0146281,0.00322477,0.0205748,0.0240578,0.0234746,0.0204163,0.0979585,0.212729,0.408513,0.244519,0.0607835,0.00770638,0.0212357,0.0281176
104.025396825,0.161577,0.0908618,0.0689894,0.0654692,0.0555122,0.0435471,0.0428373,0.0445642,0.170492,0.266377,0.291048,0.181121,0.0592413,0.101717,0.100457,0.0307915,0.0278939,0.0509567,0.0889345,0.220939,0.230048,0.168342,0.105239,0.109429,0.0764534,0.0327727,0.0356852,0.0490107,0.0665429,0.0477283,0.150896,0.290733,0.212641,0.0636186,0.0475994,0.105552,0.0645667,0.0775003,0.0874101,0.142477,0.12656,0.144751,0.202397,0.155645,0.0910359,0.0688033,0.0536628,0.0313234,0.0676445,0.0919962,0.129806,0.0802402,0.130878,0.321679,0.230639,0.138536,0.079366,0.0313712,0.0472948,0.0440258,0.0489193,0.0597808,0.0414942,0.19814,0.414587,0.309833,0.110901,0.00748691,0.00228132,0.0205862,0.0240445,0.0234728,0.0204629,0.100253,0.219599,0.420655,0.252663,0.0615369,0.00770638,0.0212357,0.0281176
105.511473923,0.161523,0.0906742,0.0689318,0.0654267,0.0554643,0.0435937,0.0428418,0.0443663,0.169311,0.267804,0.291579,0.181066,0.0590816,0.101635,0.100389,0.0307358,0.0278885,0.0510084,0.0889524,0.220198,0.23127,0.169333,0.105153,0.109377,0.0764385,0.0327396,0.0356785,0.0490276,0.06655,0.0475776,0.155225,0.300592,0.218893,0.0642834,0.0474143,0.105433,0.0645203,0.0774602,0.0874159,0.142539,0.127339,0.145425,0.207026,0.157439,0.0913961,0.0687414,0.0536414,0.0315923,0.0678462,0.0920063,0.129853,0.0806884,0.144797,0.334648,0.232399,0.139006,0.0793664,0.0313705,0.0472873,0.044025,0.04892,0.0597879,0.0410873,0.198264,0.416773,0.310909,0.111265,0.00746949,0.00228018,0.0205811,0.0240417,0.0234732,0.0204644,0.100248,0.222977,0.426116,0.25633,0.0615383,0.00768601,0.0212381,0.0281172
106.997551020,0.144862,0.0895049,0.0689318,0.0655084,0.0555769,0.0435937,0.0428418,0.0443663,0.169555,0.272911,0.287193,0.17236,0.0584586,0.101635,0.10053,0.0307567,0.0278885,0.0510084,0.0889524,0.220886,0.239472,0.164792,0.0897023,0.108296,0.0764385,0.0329949,0.0358605,0.0490276,0.06655,0.0475776,0.15509,0.299912,0.21754,0.0648317,0.0474143,0.105433,0.0645798,0.0774602,0.0874159,0.142539,0.127315,0.145067,0.204089,0.154191,0.0911952,0.0687414,0.0536414,0.0316049,0.0678462,0.0920063,0.129853,0.0806811,0.143367,0.325846,0.227167,0.13906,0.0793664,0.0313732,0.0473188,0.0440789,0.04892,0.0597879,0.0410795,0.195918,0.410155,0.306612,0.111294,0.00746949,0.002281,0.0206759,0.0241129,0.0234732,0.0204644,0.100269,0.221032,0.4185,0.251477,0.0616226,0.00768601,0.0212532,0.0281384
108.483628118,0.140995,0.0609698,0.031631,0.0533766,0.0554121,0.0435937,0.0428418,0.0400682,0.107409,0.213208,0.278403,0.171281,0.048256,0.0803016,0.0924068,0.0307567,0.0278885,0.0502374,0.0722448,0.137167,0.220436,0.171487,0.089252,0.10495,0.0748108,0.0329529,0.0358605,0.0490276,0.06655,0.0445629,0.115139,0.28696,0.194985,0.039988,0.0384566,0.0987917,0.0629395,0.0774602,0.0874159,0.142539,0.127315,0.148273,0.212981,0.150407,0.0750906,0.0660794,0.0514123,0.0308719,0.0678462,0.0920063,0.129853,0.0806811,0.145347,0.330384,0.209866,0.0343724,0.00393126,0.0173172,0.0473188,0.0440789,0.04892,0.0597879,0.0410795,0.200613,0.421984,0.306782,0.107758,0.00725106,0.002281,0.0206759,0.0241129,0.0234732,0.0204644,0.100269,0.223524,0.427553,0.254735,0.0601195,0.00758839,0.0212532,0.0281384
109.969705215,0.0895561,0.0571322,0.033524,0.0533766,0.0500512,0.0428759,0.0427029,0.0391347,0.106333,0.21631,0.278118,0.174201,0.0504506,0.0806576,0.0924068,0.0307567,0.0172976,0.0234817,0.0611834,0.135903,0.215707,0.154737,0.0886631,0.111104,0.0774676,0.0329529,0.0358605,0.0293733,0.0161241,0.0223957,0.113464,0.278013,0.184199,0.0393736,0.0417054,0.100938,0.0630118,0.0774602,0.0560714,0.0510905,0.0680851,0.143173,0.208211,0.149623,0.0742867,0.065706,0.0513345,0.0308719,0.0622326,0.0379498,0.0375599,0.0695834,0.14621,0.298798,0.196708,0.0334985,0.00393126,0.0173172,0.0473188,0.0440789,0.0269192,0.0107904,0.0324282,0.199832,0.360687,0.268594,0.105923,0.00725106,0.002281,0.0206759,0.0241129,0.0234732,0.0204644,0.0999979,0.218611,0.3387,0.208239,0.0545854,0.00758839,0.0212532,0.0281384
111.455782313,0.0902101,0.057264,0.032293,0.046297,0.0420626,0.0410639,0.0428817,0.0392252,0.101926,0.190394,0.224522,0.136181,0.0509193,0.0783115,0.0826476,0.0251871,0.0172976,0.0235254,0.0609793,0.132043,0.203926,0.134181,0.0669728,0.112513,0.0776921,0.031973,0.0334001,0.0293733,0.0160152,0.0248872,0.117894,0.273181,0.165902,0.0248566,0.0417065,0.100938,0.0625412,0.0761489,0.0560714,0.056124,0.0701726,0.132041,0.187363,0.136976,0.0740919,0.065685,0.0512822,0.0308548,0.0622326,0.0381508,0.0389346,0.0700054,0.142039,0.288194,0.182658,0.0253036,0.00400131,0.0173172,0.0465608,0.0432036,0.0268771,0.0160257,0.0439074,0.192621,0.335109,0.252695,0.107036,0.00975048,0.00267334,0.0198002,0.0241129,0.0234685,0.0203997,0.101305,0.198554,0.296957,0.193138,0.0565883,0.0124398,0.0227818,0.0281384
112.941859410,0.0864783,0.057264,0.0321084,0.0417079,0.0363662,0.0394838,0.0438059,0.0446041,0.102788,0.182494,0.215876,0.134522,0.0509193,0.0783115,0.0826476,0.0251871,0.0168707,0.0236059,0.0641682,0.135905,0.192501,0.125178,0.066858,0.113218,0.0779054,0.031973,0.0333342,0.029478,0.0170292,0.0277184,0.117502,0.243261,0.14818,0.0224445,0.036023,0.0724423,0.0459738,0.0722117,0.0563357,0.0566868,0.0639182,0.113094,0.171559,0.132989,0.0741941,0.0660137,0.0502033,0.0232307,0.0532358,0.0365829,0.0395052,0.0688561,0.135885,0.281639,0.183825,0.0296071,0.00486319,0.0167099,0.0426579,0.0390073,0.0262984,0.0162455,0.039789,0.191419,0.332775,0.24998,0.107753,0.0100402,0.0019453,0.0150255,0.0209921,0.0231097,0.0204404,0.0920412,0.186744,0.29025,0.192353,0.0590923,0.0131594,0.0202848,0.0156023
114.427936508,0.086799,0.0558902,0.0260642,0.0184229,0.0277771,0.0388947,0.0439453,0.0449301,0.106591,0.19845,0.219774,0.133284,0.0473122,0.0486378,0.0244974,0.00573786,0.0155378,0.0238219,0.064345,0.136983,0.200233,0.128908,0.0662198,0.110921,0.0614484,0.0113944,0.0199063,0.0275535,0.0171842,0.0283475,0.118751,0.244913,0.152615,0.0215302,0.0244561,0.0423972,0.0277577,0.028282,0.0370074,0.0547834,0.0645254,0.11291,0.171107,0.135824,0.0738466,0.0651097,0.0427151,0.0109347,0.030899,0.0319196,0.0395789,0.0694123,0.143613,0.299986,0.195654,0.0296071,0.00469946,0.0121049,0.0239025,0.0220975,0.0227411,0.0158089,0.0399506,0.200114,0.350092,0.262643,0.107753,0.0100402,0.00180361,0.0115589,0.0180109,0.0207701,0.0189481,0.0895883,0.185505,0.276972,0.196804,0.0580703,0.0131594,0.0202848,0.0154881
115.914013605,0.0877191,0.0558902,0.0251738,0.0147919,0.0189408,0.0285294,0.0394124,0.0433412,0.106523,0.203762,0.222749,0.133697,0.0472528,0.0444145,0.0212202,0.00534429,0.0154693,0.0228979,0.0627127,0.136036,0.205058,0.131658,0.0662777,0.110921,0.0614213,0.00970163,0.013179,0.0172572,0.00767994,0.0256525,0.120827,0.259526,0.158645,0.0192874,0.0142184,0.0347177,0.0266247,0.0282607,0.0369284,0.0546636,0.0625939,0.102999,0.166489,0.136556,0.0741525,0.0652111,0.042252,0.00361059,0.0134188,0.0155228,0.0361879,0.0695463,0.144147,0.305694,0.19589,0.0293888,0.00362645,0.0072203,0.0140734,0.0190147,0.0225522,0.0140418,0.0309778,0.191754,0.351683,0.245726,0.100472,0.0093842,0.00156706,0.00895565,0.0111126,0.0166706,0.0184141,0.0893116,0.188772,0.290221,0.201184,0.0579394,0.0112633,0.0145881,0.0120127
117.400090703,0.0643693,0.0488854,0.0214444,0.0147919,0.0189408,0.0278951,0.0374218,0.0417866,0.106341,0.202064,0.218225,0.130157,0.0407807,0.0258976,0.0079894,0.00534429,0.0149124,0.0206288,0.060588,0.13467,0.204295,0.130696,0.0663898,0.106459,0.0527988,0.00661631,0.013179,0.0171899,0.00710369,0.0249541,0.119043,0.255725,0.155618,0.0183922,0.010652,0.0319173,0.0266247,0.0282607,0.0369269,0.0546607,0.0625975,0.10354,0.171888,0.137691,0.073227,0.0611498,0.0384208,0.00361059,0.0134188,0.0155228,0.0356035,0.0690829,0.144852,0.312695,0.199943,0.0297402,0.00259695,0.0053569,0.0127795,0.0184163,0.0225522,0.0140354,0.0309861,0.192616,0.356908,0.246716,0.100486,0.00937913,0.00156529,0.00895565,0.0111126,0.0130679,0.0112809,0.0859726,0.189811,0.298459,0.203923,0.0581349,0.01084,0.0141762,0.0120127
118.886167800,0.0680823,0.0445712,0.00969117,0.00676373,0.0176842,0.0279947,0.0374513,0.0417868,0.0818804,0.17562,0.21198,0.125207,0.0214233,0.00532146,0.00600889,0.00398242,0.0148084,0.0206381,0.0591719,0.131978,0.195243,0.129254,0.0470359,0.0516365,0.02163,0.00199061,0.0126375,0.0174392,0.00712829,0.0189482,0.103276,0.228786,0.140868,0.0148609,0.0110786,0.0237956,0.0189059,0.0273757,0.0371011,0.054677,0.0625975,0.099564,0.145769,0.108334,0.0654786,0.0636968,0.0397154,0.00361059,0.0140583,0.0158765,0.0356344,0.0690829,0.117015,0.226484,0.134489,0.0192886,0.00462539,0.00621323,0.0127795,0.0184163,0.0225522,0.0140354,0.0220831,0.0786687,0.201251,0.173662,0.0895953,0.0144488,0.00318953,0.00895565,0.0111126,0.0130679,0.0112809,0.0482107,0.110268,0.216057,0.157648,0.0582004,0.01084,0.0141762,0.0120127
120.372244898,0.0283736,0.01435,0.0100605,0.00681828,0.0171541,0.0146578,0.0110476,0.0343558,0.105441,0.187112,0.13636,0.0538612,0.0214233,0.0057123,0.00741865,0.0044709,0.0129651,0.0255447,0.069514,0.123052,0.168641,0.121773,0.0437232,0.0516365,0.0218012,0.00180196,0.00884976,0.0133965,0.00646722,0.0184398,0.0900483,0.199055,0.12902,0.0156309,0.00715021,0.00304365,0.00468557,0.0272739,0.0137546,0.0273441,0.0583752,0.104152,0.153944,0.114062,0.0487745,0.0206579,0.00366716,0.000492824,0.00833006,0.0162883,0.0202572,0.0306625,0.103666,0.226564,0.140052,0.020288,0.00459127,0.00160681,0.00482571,0.0160615,0.0138432,0.0128867,0.0234217,0.0786687,0.198528,0.171406,0.0881387,0.0133886,0.00356576,0.00914695,0.0111126,0.00337252,0.00289856,0.0443512,0.108268,0.190336,0.109837,0.0433496,0.0144154,0.00854699,0.00933411
121.858321995,0.0312685,0.0175944,0.0107918,0.00685614,0.0308503,0.0250093,0.0110476,0.0258795,0.0658365,0.161339,0.130428,0.0530771,0.0219932,0.00571707,0.00741865,0.00871513,0.0268289,0.0457669,0.0626815,0.0995695,0.138729,0.0902015,0.0392597,0.0511281,0.0218012,0.0020625,0.0100094,0.014475,0.00674925,0.0188717,0.0780375,0.163326,0.106304,0.021777,0.0107963,0.00349442,0.00468557,0.0272739,0.013774,0.0274185,0.0356491,0.0601226,0.136694,0.102778,0.0413727,0.0197733,0.00374187,0.00064137,0.00851416,0.0173406,0.0280866,0.0449497,0.0973727,0.186102,0.110051,0.0196086,0.00585622,0.00385769,0.0072888,0.0171495,0.0164711,0.0153649,0.0208367,0.0821818,0.195771,0.143402,0.0689728,0.0138331,0.00379184,0.0095934,0.0120734,0.00381887,0.00359464,0.0157455,0.0667274,0.172341,0.106028,0.035271,0.0157729,0.00992299,0.0112253
123.344399093,0.0326981,0.0172271,0.0139661,0.0127249,0.0203301,0.0119223,0.0111155,0.0244814,0.0574107,0.144633,0.0904816,0.0271779,0.0166745,0.00785125,0.0176852,0.0176044,0.0267185,0.0457669,0.0622071,0.0936254,0.1251,0.0824222,0.0469671,0.0554798,0.0210908,0.00401837,0.0194248,0.0163759,0.00691617,0.0176284,0.0538114,0.10446,0.0796478,0.0227558,0.0112836,0.00349442,0.00315037,0.0184018,0.0105969,0.0267776,0.0315633,0.0582804,0.149008,0.112166,0.0422102,0.0172172,0.00266649,0.0029468,0.0137029,0.0215876,0.0291861,0.0444285,0.0725362,0.124461,0.0807092,0.019812,0.00632987,0.0301019,0.0552526,0.0268579,0.0113603,0.014769,0.0171464,0.055115,0.149131,0.130374,0.0691339,0.0138352,0.00381561,0.025016,0.0446017,0.0169109,0.00320367,0.0122154,0.0590727,0.154338,0.0849516,0.0296734,0.0151697,0.00992299,0.0112253
124.830476190,0.0313924,0.0141269,0.00962802,0.00869647,0.019319,0.0121755,0.0115464,0.0266311,0.0605326,0.158942,0.102621,0.0180161,0.00924166,0.00823564,0.0157803,0.016149,0.0147591,0.0298329,0.0598545,0.0955134,0.140157,0.0983238,0.0233643,0.0186118,0.00516224,0.00350028,0.0195585,0.0168813,0.00695032,0.0184397,0.0574164,0.114029,0.0716201,0.0211507,0.0208262,0.0074797,0.00167916,0.001826,0.00269561,0.0271175,0.031926,0.0615235,0.159733,0.0937562,0.0116743,0.00690216,0.00274136,0.00292109,0.00631913,0.00935256,0.0291654,0.0470098,0.0716708,0.124288,0.0809356,0.0194501,0.00997997,0.0315753,0.0535539,0.0236178,0.00560013,0.012184,0.0172353,0.0530768,0.1407,0.118918,0.0669731,0.0134391,0.00332428,0.0163292,0.0336362,0.0136821,0.00156421,0.0127744,0.0642525,0.152435,0.0850794,0.0328894,0.0162012,0.00428199,0.00227935
126.316553288,0.0396299,0.014504,0.00962802,0.00869647,0.0193148,0.0118459,0.0053438,0.019606,0.0584355,0.230608,0.138783,0.020114,0.00927915,0.00823564,0.0157803,0.016149,0.0147502,0.0287106,0.0270317,0.0389536,0.221597,0.183117,0.0370555,0.0186118,0.00516224,0.00350028,0.0195585,0.0168182,0.00483788,0.00871666,0.0492271,0.242314,0.136127,0.0291107,0.0208262,0.0074797,0.00167916,0.001826,0.00206017,0.00793197,0.00990011,0.061896,0.233576,0.12945,0.0164957,0.00690216,0.00274136,0.00292109,0.00631221,0.00882571,0.0192834,0.0342775,0.0727484,0.193769,0.10613,0.0208448,0.00997997,0.0315753,0.0535539,0.0236178,0.00560013,0.012184,0.0176783,0.0657155,0.207567,0.0888354,0.0188839,0.0101536,0.00326792,0.0163292,0.0336362,0.013661,0.000933801,0.0123962,0.0727968,0.194179,0.0929989,0.0331733,0.0162012,0.00428199,0.00227935
127.802630385,0.0394515,0.016488,0.0156277,0.0132878,0.0194394,0.0118459,0.0053438,0.0195938,0.0563229,0.2262,0.133468,0.0159772,0.0127216,0.0273417,0.038704,0.0164964,0.0147502,0.0287106,0.0270979,0.0427671,0.235112,0.180666,0.0340956,0.0253818,0.023828,0.0159849,0.0198622,0.0168182,0.00480983,0.00845404,0.0517997,0.260807,0.141379,0.029955,0.0207712,0.00746888,0.00174046,0.00189616,0.00206017,0.00793197,0.0105141,0.0717663,0.270581,0.153363,0.0168853,0.00686277,0.00267374,0.00292025,0.00631221,0.00882571,0.0192834,0.03527,0.0967747,0.322628,0.162172,0.0191205,0.00988513,0.0315604,0.0535411,0.0236175,0.00560013,0.012184,0.0185816,0.101745,0.332177,0.121935,0.012832,0.0101536,0.00325139,0.0163178,0.0336362,0.013661,0.000887183,0.0101017,0.108977,0.340447,0.171167,0.03242,0.0162012,0.00428199,0.00227935
129.288707483,0.0439624,0.0165886,0.0156277,0.0132955,0.0194379,0.0123713,0.00568115,0.0195964,0.0553866,0.224818,0.134692,0.0160416,0.0129562,0.0302,0.0492384,0.0289062,0.0177213,0.0295675,0.0269351,0.0406838,0.232501,0.183685,0.0345819,0.0253819,0.023828,0.0163106,0.0205216,0.0168032,0.00480273,0.00839473,0.045839,0.251509,0.135912,0.0291626,0.0207712,0.00746888,0.00184699,0.00973079,0.0206862,0.0165753,0.00985306,0.0698752,0.265201,0.151324,0.0166797,0.00917412,0.0106595,0.0113324,0.0073266,0.00882774,0.0192367,0.0348287,0.0811649,0.312966,0.167591,0.0216479,0.00987158,0.0317886,0.053948,0.0236947,0.00760404,0.0133424,0.0185869,0.0993937,0.329153,0.120882,0.0123924,0.0101419,0.00334213,0.016516,0.0336382,0.0137892,0.000963014,0.010146,0.105913,0.33587,0.167598,0.0324171,0.0163105,0.00453069,0.00239642
130.774784580,0.0524748,0.0173728,0.0156277,0.0132138,0.0193253,0.0168999,0.0292872,0.0318028,0.0569565,0.257117,0.21853,0.051849,0.0129562,0.0302,0.0490972,0.0363982,0.0212522,0.0295675,0.0269353,0.0405673,0.225284,0.187921,0.0961436,0.0608436,0.026774,0.0164381,0.0382332,0.0334935,0.00877381,0.00839473,0.045186,0.267716,0.150935,0.0285369,0.0207712,0.00746903,0.00186457,0.0109677,0.0217389,0.0165753,0.0098767,0.069945,0.303288,0.194581,0.0344051,0.00975886,0.0106595,0.0113199,0.00961114,0.0100141,0.0197742,0.0348786,0.080286,0.31194,0.166999,0.0215479,0.00987158,0.0318012,0.0544514,0.0241185,0.00760404,0.0133424,0.0185939,0.103402,0.339492,0.124474,0.0123367,0.0101419,0.00334131,0.0277006,0.0600927,0.0243627,0.00124071,0.0101096,0.1048,0.332225,0.167054,0.0323021,0.0163131,0.00590874,0.00538231
132.260861678,0.0527524,0.0173822,0.016165,0.0171385,0.0295296,0.0262266,0.0298322,0.0366905,0.115877,0.3355,0.243094,0.0519624,0.0131449,0.030641,0.0504748,0.0388461,0.0251658,0.0295675,0.0268961,0.0443674,0.253704,0.215873,0.102204,0.0629425,0.0350337,0.0293565,0.040556,0.0334935,0.0088,0.00871824,0.0429202,0.260695,0.149679,0.0302992,0.0219381,0.00929198,0.011008,0.0289702,0.0294284,0.0165753,0.0125502,0.0836476,0.315037,0.190804,0.0346958,0.00991625,0.0119904,0.0128115,0.012971,0.0155189,0.0209951,0.0348786,0.0947027,0.371766,0.218607,0.0250402,0.0101863,0.0318522,0.0549176,0.0242385,0.0081998,0.0217216,0.0435484,0.10463,0.342971,0.170615,0.059698,0.0153798,0.00342188,0.0277006,0.0600927,0.0243627,0.00494856,0.0614637,0.210893,0.365487,0.165806,0.0512661,0.0181739,0.00590874,0.00538231
133.746938776,0.0508581,0.0141912,0.0142836,0.017142,0.0295391,0.0263162,0.029987,0.036942,0.115545,0.331317,0.236474,0.0489759,0.0118137,0.0302984,0.0505564,0.0389772,0.0255771,0.0302282,0.027292,0.0440692,0.251411,0.213953,0.0992405,0.0574321,0.0342004,0.0308558,0.0412604,0.0336564,0.00881669,0.00878777,0.0419781,0.256845,0.147599,0.0288317,0.0183805,0.00731387,0.0111941,0.0293712,0.0296716,0.0167569,0.0136619,0.0855313,0.312711,0.188095,0.0343915,0.00955925,0.0119904,0.0128115,0.0137725,0.0164201,0.0217145,0.0389489,0.101931,0.374286,0.218075,0.0254208,0.0101863,0.039939,0.0690302,0.030929,0.00950411,0.0217505,0.043577,0.104061,0.340054,0.168699,0.0596938,0.015387,0.00425862,0.0306351,0.0621108,0.0247025,0.00496504,0.0619307,0.21664,0.371623,0.166772,0.0514917,0.0182073,0.00601528,0.00546718
135.233015873,0.0501963,0.0140594,0.0142836,0.017142,0.0295929,0.0266957,0.0299901,0.0368207,0.115272,0.330658,0.235548,0.0474142,0.0111408,0.0303396,0.0505732,0.0389772,0.0255771,0.0301358,0.0271208,0.0439677,0.249692,0.212034,0.0964907,0.0560294,0.0340971,0.0314771,0.0419221,0.0337382,0.00882063,0.00594957,0.0358764,0.250194,0.145779,0.0295447,0.0186721,0.00734915,0.0111941,0.0293712,0.0296734,0.0117312,0.0109347,0.0852423,0.309886,0.184121,0.0336469,0.00967564,0.0120553,0.0128544,0.0138036,0.0162498,0.0204057,0.0381295,0.100885,0.371153,0.212342,0.0231558,0.00927138,0.039939,0.0690307,0.0309323,0.00951513,0.0165185,0.0319509,0.0989885,0.339512,0.167952,0.0579785,0.0126619,0.00378921,0.0306653,0.0621406,0.024747,0.00495149,0.0603868,0.213969,0.368582,0.166132,0.0487509,0.0131986,0.00448765,0.00547481
136.719092971,0.0499165,0.0140688,0.0142993,0.0171445,0.0295941,0.0266103,0.0287872,0.0313906,0.105792,0.321808,0.229189,0.0473663,0.0116559,0.031427,0.0507609,0.0394606,0.0255015,0.02943,0.0247287,0.0432867,0.243317,0.209209,0.0957751,0.0554844,0.0351276,0.0321209,0.0421203,0.0336858,0.00812543,0.0056204,0.034844,0.250261,0.14515,0.0306965,0.0188004,0.00776827,0.0118216,0.0294402,0.0294091,0.0111684,0.0108317,0.084722,0.308803,0.18861,0.0415685,0.0115791,0.0125853,0.012934,0.0138036,0.0160849,0.0198554,0.0374923,0.100747,0.368037,0.20569,0.0188523,0.0084095,0.039939,0.0690307,0.0309323,0.00932704,0.0162988,0.0318075,0.0937565,0.336362,0.167554,0.0588805,0.0191375,0.0064899,0.0308976,0.0621406,0.0247551,0.00492718,0.0602233,0.212532,0.366994,0.164337,0.0462469,0.012479,0.00447247,0.00547079
138.205170068,0.0495959,0.0139296,0.0143033,0.0172985,0.0297438,0.0265398,0.0288566,0.0310228,0.100498,0.295758,0.218344,0.0470963,0.0115252,0.0314856,0.0510802,0.0402359,0.0263517,0.0295528,0.0245519,0.0409434,0.230384,0.204712,0.0953334,0.0552771,0.0352275,0.032366,0.0420289,0.0337562,0.00813,0.00500832,0.0340773,0.243004,0.1389,0.0304124,0.018746,0.00777965,0.0119802,0.0294765,0.0297543,0.0108065,0.00991208,0.0809003,0.294041,0.180665,0.0415774,0.0115799,0.0126381,0.0130741,0.0140069,0.0163286,0.019741,0.0369589,0.0918922,0.344105,0.193308,0.0188897,0.00841319,0.039946,0.0691207,0.0310343,0.00932711,0.0160297,0.0315922,0.0809875,0.301632,0.151378,0.0588978,0.0191444,0.00650235,0.0309599,0.0622044,0.0248064,0.00503155,0.0601782,0.19624,0.323021,0.14529,0.0462626,0.0124822,0.00449911,0.00556607
139.691247166,0.049415,0.0139655,0.0144465,0.0173447,0.0300514,0.026624,0.0288576,0.0309775,0.101027,0.295579,0.219409,0.0471639,0.0115607,0.0315738,0.0510732,0.040442,0.0264012,0.0295528,0.0244334,0.0415266,0.228349,0.203278,0.0950633,0.0552772,0.0352824,0.032307,0.0421193,0.0337894,0.0081238,0.00492292,0.0325895,0.232262,0.134666,0.0303589,0.018793,0.00786014,0.0120347,0.0296733,0.0297995,0.0108065,0.00984701,0.0803413,0.29078,0.182349,0.0412328,0.0115547,0.0127009,0.0131426,0.0141107,0.0162939,0.019741,0.0368249,0.0951135,0.351968,0.199928,0.0187452,0.00834846,0.0398925,0.068928,0.0309059,0.00928242,0.0159525,0.0313141,0.083595,0.303464,0.154778,0.0587316,0.0191659,0.00651555,0.030882,0.0623139,0.024822,0.00497773,0.0599437,0.194203,0.316434,0.145351,0.0462288,0.0124822,0.00449911,0.00553945
141.177324263,0.0454351,0.0131599,0.0138601,0.0173447,0.0300514,0.0266265,0.0288582,0.0310069,0.100711,0.291736,0.208695,0.0455404,0.0115607,0.0315738,0.0510732,0.040442,0.0264012,0.0295534,0.0245053,0.0410931,0.231332,0.201809,0.0953949,0.0552772,0.0352824,0.032307,0.0421193,0.0337894,0.0081238,0.0049256,0.0329277,0.235253,0.133535,0.0304896,0.018793,0.00786014,0.0120347,0.0296733,0.0297995,0.0108065,0.00984665,0.0802031,0.291863,0.182667,0.0415161,0.0115547,0.0127009,0.0131426,0.0141107,0.0162939,0.019741,0.0368354,0.0951221,0.35151,0.198204,0.0184267,0.00834846,0.0398925,0.068928,0.0309059,0.00928242,0.0159525,0.0312967,0.0838429,0.304334,0.153508,0.0587153,0.0191659,0.00651555,0.030882,0.0623139,0.024822,0.00497773,0.0599447,0.195965,0.319788,0.14602,0.0461747,0.0124822,0.00449911,0.00553945
142.663401361,0.04187,0.0131631,0.0138661,0.0173623,0.0298717,0.026355,0.0288295,0.0310094,0.0990389,0.287706,0.206849,0.0454908,0.0109331,0.0309575,0.0511275,0.0403995,0.0263142,0.0295462,0.0245261,0.037884,0.225286,0.196596,0.0932304,0.0529805,0.0338234,0.0323231,0.041907,0.03355,0.00812931,0.00517441,0.0286241,0.223103,0.121246,0.0271114,0.0179633,0.00737545,0.0120356,0.0294503,0.0296301,0.0107909,0.0100185,0.0738283,0.278214,0.173168,0.0392359,0.00900251,0.0114071,0.0131438,0.0134714,0.0159405,0.0197462,0.0371417,0.0948656,0.342352,0.186644,0.014576,0.00632003,0.0390362,0.068928,0.0309061,0.00928347,0.015953,0.0314513,0.0824656,0.294715,0.142913,0.053783,0.0140962,0.00489131,0.030882,0.062314,0.0248225,0.00498396,0.0600068,0.193287,0.299565,0.127383,0.0427737,0.0124828,0.00449911,0.00553945
144.149478458,0.0351808,0.0126287,0.0135019,0.0172273,0.0298821,0.0264206,0.0282942,0.0261509,0.0740789,0.243477,0.189845,0.0452809,0.0110887,0.0306804,0.0496949,0.0395281,0.0258153,0.022136,0.0135243,0.031504,0.218425,0.191796,0.0932304,0.0530529,0.0341071,0.0320673,0.0414794,0.0332047,0.00786371,0.00495244,0.0286673,0.221283,0.119305,0.0251851,0.0158034,0.0072487,0.0108012,0.0289228,0.0296513,0.0107965,0.00791775,0.0670509,0.26393,0.158952,0.0357301,0.00901374,0.0115333,0.0131073,0.0135151,0.0149846,0.0182206,0.0327767,0.0814319,0.328465,0.179057,0.0123945,0.00632056,0.0390362,0.0684266,0.0298445,0.00694137,0.0120798,0.0297601,0.0824656,0.294528,0.142728,0.0537908,0.0138451,0.00447715,0.0306933,0.0623143,0.0248228,0.00498495,0.0600074,0.191901,0.296611,0.123318,0.0348767,0.00658596,0.0040035,0.00521357
145.635555556,0.032067,0.00947052,0.0128095,0.0171898,0.016247,0.0160785,0.0282942,0.0225569,0.0718464,0.242632,0.186964,0.042191,0.0100983,0.0307137,0.0497028,0.0368336,0.0132819,0.00210407,0.00237736,0.0296712,0.210571,0.186596,0.0931248,0.0530579,0.0341071,0.0318068,0.0404027,0.0327256,0.00889884,0.00540688,0.0277843,0.218171,0.113694,0.0174889,0.0123337,0.00708513,0.0109121,0.0292978,0.0300287,0.0111556,0.00692019,0.0574239,0.249946,0.157532,0.0357889,0.00909356,0.0115191,0.0132722,0.0139471,0.0140309,0.0103912,0.014015,0.0690551,0.323147,0.178077,0.0111209,0.00497985,0.036808,0.0659714,0.0288257,0.00432411,0.00960162,0.0286472,0.0754048,0.277143,0.142171,0.0557607,0.0201223,0.00540435,0.0302526,0.0613534,0.0243765,0.00428887,0.0529873,0.187459,0.290985,0.113644,0.0228938,0.00523415,0.0026275,0.00332243
147.121632653,0.0300204,0.00951908,0.00955636,0.00894395,0.0110566,0.0154718,0.0255941,0.0197846,0.0743711,0.246868,0.184339,0.0409098,0.0100457,0.0264938,0.0359681,0.0261499,0.0132907,0.0021068,0.00243167,0.0320063,0.218993,0.19038,0.0855866,0.0465587,0.0340781,0.0294513,0.0233903,0.0183559,0.00589433,0.00520996,0.0299864,0.222745,0.114722,0.0164882,0.0118764,0.00710902,0.0109161,0.0285603,0.0294792,0.0111637,0.00690672,0.0509624,0.226907,0.144232,0.0350152,0.00921256,0.0115616,0.0110114,0.0087879,0.00978389,0.00929173,0.0140238,0.0716472,0.326106,0.175827,0.0110413,0.00455256,0.0105471,0.0161314,0.0079153,0.00430451,0.00959697,0.0289067,0.0765913,0.279297,0.142528,0.0555624,0.0201344,0.00538495,0.0148333,0.0288265,0.0112863,0.00424276,0.0529674,0.187626,0.291029,0.1136,0.0229008,0.00524068,0.00263334,0.00332371
148.607709751,0.0263978,0.00362406,0.00699359,0.00900028,0.0110792,0.0153223,0.0253833,0.0177091,0.0716547,0.232074,0.172113,0.0408133,0.0057687,0.0241129,0.035711,0.0262312,0.0133461,0.00210391,0.00194361,0.0304661,0.205522,0.169195,0.0840304,0.0456562,0.0337363,0.029464,0.0232917,0.0178505,0.00586018,0.00441233,0.0254701,0.214012,0.11277,0.0142217,0.00233703,0.00298572,0.0106987,0.0285089,0.0285511,0.00942552,0.00660331,0.0519759,0.225201,0.141163,0.0349827,0.00682659,0.0105288,0.0110514,0.00878792,0.00804649,0.00307391,0.00755711,0.0753974,0.334817,0.180712,0.0110927,0.000421973,0.00842601,0.0156197,0.007546,0.00392928,0.00959697,0.0288179,0.0800181,0.290786,0.148444,0.0545643,0.0189482,0.0050262,0.0148333,0.0287725,0.0111814,0.00423469,0.0522309,0.186578,0.303685,0.121315,0.0197034,0.00204324,0.00181873,0.00332371
150.093786848,0.0175174,0.00326204,0.00700327,0.00902072,0.0111182,0.015328,0.0254109,0.0180368,0.0689167,0.155185,0.13578,0.038766,0.0057418,0.024121,0.0358223,0.0262406,0.0133665,0.00220673,0.00203781,0.0264922,0.102247,0.0844257,0.0703856,0.0456695,0.0337797,0.0294839,0.0232951,0.0179164,0.00591989,0.00447848,0.0175413,0.0798699,0.0478659,0.00603953,0.00237418,0.00301474,0.0107088,0.0285238,0.0285645,0.00947591,0.00670884,0.0460696,0.151533,0.105672,0.0301807,0.00683428,0.0105436,0.0110972,0.00880207,0.00805957,0.00311033,0.00754198,0.0697237,0.265658,0.155799,0.00970815,0.000429279,0.00843869,0.0156469,0.00755754,0.00394736,0.00961069,0.0283922,0.0675545,0.212676,0.126583,0.0530314,0.0189583,0.00503774,0.0148371,0.0287796,0.0111868,0.00423552,0.0521303,0.178223,0.262538,0.114167,0.0194309,0.00204565,0.00182387,0.00332764
151.579863946,0.0174927,0.00129262,0.00101604,0.0044337,0.0110955,0.0155152,0.0254348,0.0181534,0.0688551,0.153607,0.135179,0.0391724,0.00276261,0.00506749,0.0128939,0.0259012,0.013376,0.00223044,0.00172951,0.0216275,0.0826175,0.0764464,0.0699335,0.0389243,0.0151288,0.0169735,0.0229922,0.0179678,0.00601812,0.00445177,0.0141374,0.0576857,0.0378519,0.00511046,0.00239319,0.00302029,0.0106517,0.0284759,0.028597,0.00948159,0.00587751,0.0332378,0.107254,0.0775786,0.0297973,0.00683785,0.010555,0.011238,0.00904102,0.0080864,0.00313053,0.00606012,0.041186,0.126517,0.0911617,0.00790625,0.000450594,0.00848455,0.0157193,0.00759058,0.00401485,0.00962163,0.0255241,0.0246014,0.0773042,0.0778809,0.0519944,0.0190966,0.00506958,0.0149058,0.0288005,0.0111888,0.00424508,0.0521355,0.135173,0.104137,0.0279456,0.0195248,0.00205756,0.00185443,0.0033419
153.065941043,0.0132394,0.00118982,0.00101801,0.00443081,0.0110767,0.0149287,0.025093,0.01815,0.068847,0.1524,0.134465,0.0396945,0.00252699,0.0022293,0.00237716,0.0134737,0.010386,0.00132181,0.00171987,0.0214675,0.0811859,0.0735975,0.0701306,0.0389452,0.0151296,0.0166503,0.0223437,0.0179762,0.00601893,0.00445582,0.0137552,0.0567085,0.0374844,0.00548807,0.00269068,0.00341037,0.0107477,0.0206174,0.00992454,0.000776206,0.00556605,0.0332243,0.107224,0.0775833,0.0296723,0.00460697,0.00268581,0.00269654,0.00813695,0.00849183,0.00331737,0.00634973,0.0410826,0.122987,0.0837693,0.00472403,0.00045471,0.00825629,0.0153461,0.0075404,0.00201238,0.00848188,0.0258378,0.0252231,0.0775431,0.0778597,0.0520019,0.0191059,0.00497624,0.0147231,0.0288118,0.0110708,0.00419108,0.0522886,0.135183,0.103297,0.0278562,0.0195255,0.00194441,0.00159371,0.00322575
154.552018141,0.00453216,0.000462289,0.00103586,0.00451782,0.0112545,0.0106265,0.001676,0.006016,0.0667481,0.108932,0.0465291,0.00348877,0.00252914,0.00223212,0.00251183,0.00610723,0.00689704,0.00132181,0.00172304,0.020666,0.0719385,0.0574768,0.00859751,0.00350886,0.0121837,0.0163659,0.00502756,0.00228333,0.00258445,0.00453987,0.013231,0.0329808,0.0202511,0.00610513,0.00289119,0.00342606,0.0107877,0.0196063,0.00905392,0.000785407,0.00555757,0.0312046,0.0600181,0.0304719,0.0124645,0.0040993,0.00268865,0.00272814,0.00619471,0.00814249,0.0038041,0.00704674,0.0413457,0.118757,0.0826657,0.00479776,0.000460964,0.00825452,0.0148238,0.00706406,0.00201991,0.00854667,0.0265357,0.0214628,0.0595572,0.0725134,0.0520322,0.0191059,0.00497624,0.00344367,0.00228884,0.00049957,0.0039815,0.0531634,0.136003,0.103316,0.0278562,0.0195255,0.00194181,0.000200551,0.000219262
156.038095238,0.00434413,0.000458258,0.000510136,0.000636171,0.00110544,0.00133789,0.00114599,0.00112151,0.00520404,0.0207683,0.0133369,0.00340347,0.00234408,0.00182532,0.00127094,0.00378262,0.00304624,0.00132932,0.00172304,0.0151213,0.0363443,0.0222185,0.0025504,0.00142054,0.003929,0.00348935,0.0027733,0.00233256,0.00256855,0.00420952,0.012197,0.0300317,0.0141458,0.00434343,0.00172526,0.0016064,0.00169116,0.0017299,0.00146103,0.000787781,0.00289472,0.0139615,0.0365596,0.0259759,0.0121782,0.00394207,0.0013626,0.00125739,0.00292116,0.00271217,0.00259582,0.00704989,0.0240417,0.0500208,0.0249772,0.00132162,0.000146477,0.00824796,0.0144164,0.00699603,0.00143977,0.000170437,0.00163515,0.0153381,0.0407647,0.0177484,0.00468747,0.0138694,0.00495318,0.00357928,0.00243022,0.000567393,0.000321522,0.00181247,0.0233771,0.054506,0.0218437,0.000567844,8.4481e-05,0.000281923,0.000382642
157.524172336,0.00191345,0.000370707,0.000509906,0.000644101,0.00111682,0.0012624,0.000991273,0.000870467,0.00487937,0.0206624,0.0132951,0.0024241,0.00148457,0.00181545,0.00121044,0.00368861,0.0026611,0.000669188,0.00132835,0.015003,0.03659,0.0222888,0.00241314,0.000514761,0.0021067,0.00199396,0.00207729,0.00217443,0.00255197,0.00414008,0.0121399,0.0302636,0.0142202,0.00434347,0.00172682,0.00145729,0.00143446,0.00133201,0.00121804,0.000606152,0.00175051,0.0103863,0.0338347,0.0257871,0.0121428,0.00394426,0.00137799,0.00126504,0.00212944,0.00181582,0.00187658,0.00296208,0.0148832,0.0418134,0.0222419,0.000921211,0.000148837,0.000182998,0.000324027,0.000334473,0.000156153,0.000142468,0.00159204,0.0146223,0.0398633,0.0175293,0.00468435,0.0138629,0.00411964,0.000649564,0.000418843,0.000243621,0.000309136,0.00130624,0.0150165,0.0430708,0.0186635,0.000339372,5.18435e-05,0.000176711,0.000300248
159.010249433,0.00460488,0.000558497,0.000509906,0.000644101,0.001063,0.000781431,0.000737322,0.000930673,0.00490165,0.0209265,0.0133233,0.0024241,0.00147046,0.0016952,0.00124064,0.00382181,0.00269827,0.000671509,0.00132651,0.0149932,0.0367982,0.0222238,0.0023686,0.000508043,0.00198554,0.00138402,0.00141981,0.00209816,0.00254844,0.00411184,0.0121769,0.0302939,0.0134753,0.00362638,0.00143417,0.001422,0.00145232,0.00133369,0.00121619,0.000600138,0.00174468,0.0104704,0.0341002,0.0257907,0.0120845,0.00380831,0.00128772,0.00122402,0.00210385,0.00178589,0.0018133,0.00288697,0.0150106,0.0420341,0.0222608,0.000914035,0.000149919,0.000183678,0.000326121,0.000334657,0.000155702,0.000142653,0.0015879,0.0146436,0.04018,0.0175633,0.00466983,0.0138242,0.00406511,0.000623049,0.000394297,0.000203621,0.00028214,0.00127356,0.014941,0.0432805,0.0186395,0.000331233,5.66066e-05,0.000176222,0.000292621
160.496326531,0.00509146,0.00073183,0.000511198,0.000644867,0.00114479,0.000835553,0.000868883,0.00113288,0.00506294,0.0210931,0.0142667,0.00323691,0.00118757,0.001209,0.00413199,0.00866449,0.013262,0.0153535,0.0145034,0.0218145,0.0418369,0.0236407,0.0026464,0.000354671,0.000744323,0.00074078,0.00122769,0.00209677,0.00225065,0.00160977,0.00963846,0.0295146,0.0194954,0.00779042,0.0022808,0.000953129,0.000819548,0.00129963,0.00121619,0.000600183,0.00174468,0.0104704,0.0345291,0.0254188,0.00745234,0.00287385,0.00137395,0.00309187,0.00261562,0.00220761,0.00189962,0.00265731,0.0178234,0.0575885,0.0343188,0.00306879,0.000149919,0.000183678,0.000326121,0.000342239,0.000155702,0.000142653,0.0015879,0.0201408,0.0643821,0.0317822,0.00515508,0.00705896,0.00133253,0.000402505,0.000404751,0.000195514,0.000265777,0.00117353,0.0148813,0.0441713,0.0219763,0.00115582,5.66066e-05,0.000176222,0.000301191
161.982403628,0.005109,0.000762233,0.000507182,0.000551103,0.00117222,0.00120268,0.00111494,0.00663216,0.0202166,0.0288176,0.0141785,0.00337032,0.00132428,0.0012416,0.00543913,0.00913751,0.0130893,0.0172794,0.0158936,0.0217894,0.0412465,0.0245273,0.00385731,0.00152213,0.0013416,0.000911449,0.00136735,0.00204082,0.00224743,0.00170261,0.00861425,0.0276816,0.0191298,0.00777569,0.00225399,0.00105599,0.00108327,0.00176575,0.0022025,0.00225988,0.00335243,0.013652,0.0450223,0.0396596,0.0219988,0.0156621,0.00843717,0.00700514,0.00437107,0.00285567,0.00284364,0.00366164,0.0184786,0.0574131,0.0340757,0.00311843,0.00030292,0.000343383,0.000482959,0.000445704,0.00030671,0.000264681,0.00161755,0.0195377,0.0636496,0.0318903,0.0054371,0.00716833,0.00144164,0.000571586,0.0003439,0.000144513,0.000161407,0.00117217,0.0155434,0.0459599,0.0226475,0.00132141,0.000117873,0.000224824,0.000389872
163.468480726,0.00434944,0.000772173,0.000397196,0.000475745,0.000862141,0.00126886,0.00129032,0.00663216,0.0196443,0.0237479,0.00980757,0.00291258,0.0012893,0.00142622,0.00569908,0.00920225,0.0132788,0.0172794,0.0158936,0.020388,0.0344451,0.0199448,0.00381383,0.00152261,0.00128244,0.000915229,0.00124647,0.0020257,0.00225786,0.00170261,0.00770442,0.0238142,0.0167934,0.00777643,0.00245359,0.0013128,0.00100326,0.00158916,0.00217043,0.00225988,0.00335243,0.0125354,0.0375856,0.0329061,0.0219309,0.0155859,0.00837504,0.00889548,0.00899524,0.00667767,0.00417242,0.0036838,0.0147239,0.045192,0.0275075,0.00307697,0.00033106,0.000361636,0.000482959,0.000445704,0.00030671,0.000264681,0.00161755,0.0221519,0.0706496,0.0375019,0.00546919,0.00713308,0.00171698,0.00280434,0.00274362,0.00040934,0.000241136,0.00117317,0.0140616,0.0394503,0.0183153,0.00132141,0.000117873,0.000224824,0.000514798
164.954557823,0.00437238,0.000772173,0.000412089,0.000483436,0.000865895,0.00126641,0.00129186,0.00660277,0.0193913,0.0181968,0.00718436,0.00245881,0.00129676,0.00143238,0.00596213,0.00932528,0.0136751,0.0174596,0.0158309,0.0195519,0.0232901,0.0150096,0.00334502,0.00152747,0.001497,0.00102604,0.00127185,0.00203438,0.00225877,0.00170203,0.00694956,0.0213744,0.0162896,0.00741003,0.00245434,0.00137092,0.00112691,0.00170163,0.00217304,0.00226176,0.00334921,0.0115997,0.0283564,0.0290952,0.021584,0.0155859,0.00837997,0.00889548,0.00899864,0.00667772,0.00419032,0.0036808,0.0138046,0.0380868,0.0251744,0.00292404,0.00033106,0.000362065,0.00048437,0.00045303,0.00030937,0.000265818,0.00161758,0.0210164,0.0631218,0.0365952,0.0054691,0.0071592,0.00171966,0.00281434,0.00274366,0.000426679,0.000248216,0.0011785,0.0112592,0.0278614,0.0148951,0.00118003,0.000118325,0.000235839,0.000552916
166.440634921,0.00490492,0.000793394,0.000530788,0.000612501,0.000863834,0.00126427,0.00130146,0.00660173,0.0237979,0.0300512,0.0112296,0.00263373,0.00129712,0.00142172,0.00591029,0.0092941,0.0136759,0.0174687,0.0158336,0.0250069,0.0409322,0.0270165,0.00350715,0.00150778,0.00148741,0.00100198,0.00123872,0.00202601,0.00227231,0.00147462,0.00665922,0.0220188,0.0169556,0.00732189,0.00241361,0.00136378,0.00113895,0.00170903,0.00226766,0.00230441,0.00319084,0.0121686,0.0306891,0.0292281,0.0215577,0.0192375,0.0287159,0.0365282,0.00958487,0.00673399,0.00474405,0.0036464,0.0136996,0.0405446,0.0301005,0.00549753,0.000429646,0.000514399,0.000662359,0.000530011,0.000308323,0.000265308,0.00146326,0.024617,0.0733812,0.0417878,0.00553566,0.0071592,0.00171966,0.00281484,0.00274444,0.000426223,0.000242021,0.00111595,0.0104973,0.0239253,0.0149701,0.00117651,0.000121326,0.000236067,0.000552988
167.926712018,0.00548571,0.00128165,0.0014682,0.00102512,0.00253746,0.00811214,0.00324215,0.00668115,0.0241674,0.0314512,0.0130378,0.00280118,0.00130995,0.00143732,0.00586204,0.0101767,0.0151118,0.0178247,0.0158848,0.0259449,0.0503238,0.0397674,0.00711884,0.00143537,0.00103254,0.000762072,0.00177042,0.00350072,0.00267111,0.00173502,0.00864288,0.0294235,0.0215316,0.00679755,0.00207224,0.00130715,0.00113884,0.00465766,0.00841516,0.00391179,0.00333646,0.013544,0.0341187,0.0298114,0.0189002,0.018125,0.0285848,0.0365191,0.0111363,0.00780816,0.00461466,0.00262716,0.0142323,0.0423343,0.0310449,0.00549881,0.000429109,0.000514355,0.000661905,0.00250258,0.00279382,0.000841437,0.00147227,0.0260986,0.0774912,0.0442917,0.00552811,0.0074651,0.00332146,0.00476319,0.00284814,0.000596814,0.000283653,0.00115078,0.0117594,0.0260223,0.015671,0.0014717,0.00070787,0.000953677,0.000850636
169.412789116,0.00577303,0.00119544,0.00142928,0.0010248,0.00247634,0.00810274,0.00324215,0.00668115,0.0278501,0.0513757,0.0205894,0.00333451,0.0012472,0.00183382,0.00618798,0.00862696,0.0137814,0.0176344,0.0180239,0.0456671,0.0842363,0.0460394,0.00711884,0.00285009,0.00291857,0.00137311,0.00168752,0.00290131,0.00135396,0.00156078,0.0122454,0.0412609,0.0290622,0.00967888,0.00224345,0.00143651,0.00114279,0.00428268,0.00801832,0.00347826,0.00210899,0.0226523,0.0711869,0.0519138,0.0241124,0.0183382,0.0289956,0.0363868,0.0105202,0.00770957,0.00461466,0.00325957,0.0210522,0.0621469,0.0396946,0.00648895,0.00208182,0.00221293,0.000991237,0.00243341,0.00278318,0.000841437,0.00147226,0.0276024,0.0853343,0.0509097,0.00644638,0.00612192,0.00513883,0.00475742,0.00284814,0.000596814,0.000283653,0.00114985,0.0130775,0.05157,0.0361398,0.0043829,0.000702238,0.000953677,0.000850636
170.898866213,0.00810344,0.00112441,0.00140697,0.00100105,0.00245883,0.00881033,0.0042291,0.00660783,0.0270346,0.070245,0.0329523,0.0049658,0.00116764,0.00180151,0.00614937,0.00860297,0.0140719,0.0180828,0.01802,0.0426069,0.0949039,0.0524889,0.00802867,0.00277107,0.00289741,0.00135048,0.00167302,0.00306003,0.00156081,0.00140774,0.0118598,0.0567592,0.034576,0.0103915,0.00221346,0.00141262,0.00112522,0.00451541,0.0100914,0.00606007,0.00237698,0.0237286,0.0880008,0.0618895,0.0251567,0.0182192,0.0289531,0.0363421,0.0105716,0.00807913,0.00495835,0.00325074,0.0200645,0.0687211,0.0405024,0.00646733,0.00203545,0.00221287,0.000990934,0.00243251,0.00378486,0.00214347,0.00121277,0.0273842,0.0940999,0.0517186,0.0064918,0.00610768,0.00513447,0.00475413,0.00291867,0.00111151,0.000833863,0.00114613,0.0139283,0.0588814,0.0378064,0.00449312,0.000690118,0.000947833,0.000849352
172.384943311,0.00802216,0.00110613,0.0012185,0.000809845,0.00243629,0.00870653,0.00400902,0.00653362,0.028517,0.078233,0.0418453,0.00489988,0.00113384,0.00172066,0.00612474,0.00850831,0.0139662,0.0180828,0.0180155,0.0447141,0.106765,0.0659003,0.00789516,0.00270699,0.0028855,0.00133775,0.00163792,0.00306003,0.00156081,0.00139405,0.0134785,0.0735427,0.0540095,0.0103231,0.00221017,0.0014032,0.00110271,0.00451541,0.0100914,0.00606007,0.00231777,0.0289467,0.113957,0.0839164,0.0250498,0.0182192,0.0289127,0.0363021,0.0105716,0.00807913,0.00495835,0.00322836,0.0257452,0.0981722,0.0598443,0.0063805,0.00203543,0.00219791,0.000990934,0.00243251,0.00378486,0.00214347,0.00121258,0.0364527,0.124802,0.0668856,0.00648643,0.00610768,0.00513447,0.00475413,0.00291867,0.00111151,0.000833863,0.00114557,0.018074,0.0775671,0.0440729,0.00447445,0.000690118,0.000947833,0.000849352
173.871020408,0.00914438,0.00111369,0.00121452,0.00079029,0.00261767,0.00898144,0.00410657,0.00620598,0.0299465,0.0830546,0.0480313,0.00645719,0.00112733,0.00171704,0.00601546,0.0085844,0.0141113,0.0180266,0.0179213,0.0464336,0.114747,0.073684,0.0082161,0.0027029,0.00285073,0.0013179,0.00171494,0.00315651,0.00155921,0.0013279,0.0162354,0.0840639,0.0601541,0.01045,0.00217302,0.00137417,0.00109255,0.00450053,0.0100841,0.0060164,0.00221224,0.0328987,0.123963,0.0882294,0.0251474,0.0182115,0.0288979,0.0362563,0.0105575,0.00807984,0.00493496,0.00319896,0.0294841,0.107196,0.0658695,0.00659683,0.00202812,0.00218523,0.000963823,0.00242097,0.00376678,0.00212975,0.00119534,0.0409742,0.140944,0.0798748,0.00643162,0.00609756,0.00512293,0.00475032,0.00291162,0.00110613,0.00083303,0.00112764,0.0302474,0.110743,0.0635955,0.004463,0.000687715,0.000942686,0.000845427
175.357097506,0.00951254,0.00109831,0.00131898,0.00106988,0.00263227,0.00879424,0.00410014,0.00610258,0.0309876,0.0856027,0.0491051,0.00620316,0.000562554,0.00178952,0.00622298,0.00864851,0.0141019,0.0180198,0.0179201,0.0467544,0.116831,0.0755619,0.00824112,0.00266731,0.00286674,0.00138946,0.00181009,0.00314013,0.00146833,0.00126378,0.0153783,0.0830552,0.0604287,0.010463,0.00216788,0.00163279,0.00150646,0.00473935,0.0101706,0.0060904,0.00220036,0.0330791,0.124515,0.0887456,0.0252579,0.018226,0.0289262,0.0361952,0.0105021,0.00815505,0.00492014,0.00319621,0.0299582,0.107652,0.0658766,0.00639262,0.00202445,0.00223375,0.00107636,0.00251666,0.00379307,0.00214196,0.00115886,0.0416443,0.141543,0.0803323,0.00655227,0.00596479,0.00512986,0.00472475,0.00292773,0.0012335,0.000878464,0.00135481,0.030574,0.112129,0.0645272,0.00436917,0.000690836,0.000920058,0.000833378
176.843174603,0.00997791,0.00109836,0.00156997,0.00210721,0.00310134,0.00887072,0.00414844,0.00622538,0.0321176,0.0907676,0.0524774,0.00560926,0.000769395,0.00230029,0.00670525,0.00884492,0.0141048,0.0180198,0.0179201,0.047487,0.121009,0.0783021,0.00774605,0.00354653,0.00498924,0.00488989,0.00266767,0.00313791,0.00146753,0.00125973,0.01614,0.0863544,0.0620827,0.0102027,0.00209398,0.00192511,0.00190262,0.00486213,0.0101765,0.00608136,0.00221494,0.0335993,0.126793,0.0902437,0.0258383,0.0207029,0.033671,0.037592,0.0105944,0.00777518,0.0047333,0.00289594,0.0304665,0.113252,0.0690843,0.00648193,0.00244295,0.00298144,0.00108456,0.00253707,0.00381285,0.00211207,0.000830677,0.0423587,0.148244,0.0833964,0.00705435,0.00746058,0.00684946,0.00481444,0.0029584,0.00122345,0.000854754,0.00115415,0.0313299,0.117419,0.0663665,0.00436895,0.000690377,0.000920047,0.000870391
178.329251701,0.00992728,0.00104173,0.00155213,0.00211679,0.00321847,0.00943463,0.00520664,0.00660888,0.0326482,0.0953528,0.0586467,0.00644775,0.000767348,0.00233224,0.00669106,0.00960074,0.016479,0.0238617,0.0213135,0.0492919,0.124086,0.0804226,0.0073987,0.0035211,0.0049892,0.00499556,0.00273263,0.00446288,0.00326809,0.00194292,0.0172798,0.0919343,0.0675383,0.00971199,0.00189347,0.00190927,0.0018644,0.00599754,0.0154409,0.0120922,0.00413121,0.0348447,0.129529,0.092448,0.0255441,0.0206258,0.0336681,0.0378548,0.0116554,0.0093154,0.00506865,0.00256102,0.0308957,0.116926,0.0730811,0.00696365,0.00245201,0.00392535,0.00281047,0.0046605,0.00760694,0.00231849,0.0001566,0.0425415,0.150012,0.0868302,0.00812114,0.00773438,0.00702343,0.00507712,0.00393628,0.00210475,0.00113589,0.00038787,0.0310797,0.119979,0.0690808,0.00499288,0.00270278,0.00282843,0.00120181
179.815328798,0.0107917,0.00103639,0.00154061,0.00208884,0.00378578,0.00985324,0.00520804,0.00661835,0.0363306,0.119886,0.0657363,0.00700214,0.000763679,0.00229803,0.00657,0.0101151,0.0166755,0.0239607,0.0213135,0.0516088,0.142438,0.0861835,0.00770372,0.00351052,0.00516742,0.00506157,0.00362685,0.00479978,0.00328421,0.00224044,0.0201656,0.105605,0.0708163,0.00985661,0.00189247,0.00197244,0.00261219,0.00682374,0.0156167,0.0121469,0.00432445,0.037566,0.142357,0.0953195,0.0255531,0.0206693,0.03388,0.0381152,0.0120486,0.00943038,0.0050625,0.00264769,0.0335157,0.125616,0.0760391,0.00694754,0.00245178,0.00409555,0.00371606,0.00489901,0.00765285,0.00231559,0.000282259,0.0464309,0.170695,0.0935006,0.00871477,0.00773294,0.00707516,0.00518815,0.00405227,0.00209061,0.00108801,0.000550119,0.036175,0.133167,0.0751282,0.00570669,0.00269927,0.00277064,0.00149728
181.301405896,0.0126382,0.00159829,0.00163782,0.00208058,0.00376496,0.00983914,0.00520804,0.00668483,0.0375034,0.130668,0.0744699,0.00839608,0.00110032,0.00235435,0.00654891,0.010078,0.0166493,0.0239601,0.0213123,0.0530762,0.155304,0.0965659,0.0085022,0.00350959,0.0051662,0.00505758,0.00361852,0.00479499,0.0032841,0.00224036,0.0214414,0.121252,0.0817575,0.0107349,0.00189091,0.00195386,0.00261055,0.00682064,0.0156165,0.0121469,0.00432445,0.0391778,0.159488,0.105153,0.0261105,0.0206671,0.0338646,0.0381075,0.0120389,0.00942552,0.00506239,0.00264663,0.035025,0.14853,0.0885503,0.00742071,0.00244942,0.00407367,0.00369589,0.00486997,0.00763216,0.00231469,0.000281719,0.049512,0.199842,0.105498,0.00900789,0.00773235,0.00707195,0.00518334,0.00404553,0.0020745,0.00108392,0.00056408,0.0409095,0.168558,0.0855105,0.00577966,0.00269852,0.00276932,0.0014948
182.787482993,0.00994674,0.00141051,0.00163782,0.00209177,0.00378905,0.00983639,0.00517988,0.00655644,0.0381466,0.134202,0.0776256,0.00839608,0.00110032,0.00235435,0.0065352,0.00999858,0.0166122,0.0239578,0.0215794,0.056437,0.162338,0.101017,0.00955285,0.00386406,0.0052232,0.00505499,0.00363568,0.00478953,0.0032837,0.0022811,0.022133,0.123269,0.0833715,0.0109567,0.00196824,0.00196676,0.00264742,0.00687859,0.0156165,0.0121451,0.00444561,0.0429548,0.167914,0.110087,0.02663,0.0208443,0.0338934,0.0381168,0.0120382,0.00942482,0.00505979,0.00267846,0.0366251,0.15241,0.0906086,0.00761412,0.00251209,0.00408445,0.00369323,0.00486651,0.00762159,0.00231114,0.000481128,0.0547765,0.20995,0.110666,0.00963703,0.00793565,0.00710109,0.00517972,0.00404026,0.00207003,0.00108392,0.00060459,0.0434439,0.173805,0.0881337,0.00585073,0.00271369,0.00277143,0.0014948
184.273560091,0.010305,0.00143913,0.00295616,0.00264724,0.00385095,0.00997185,0.00509038,0.00654695,0.0384645,0.136977,0.0795294,0.00791579,0.00104973,0.0028654,0.00372744,0.00476449,0.00599563,0.00935621,0.00782921,0.0438658,0.164097,0.111248,0.0124296,0.00385734,0.00522063,0.00507557,0.00370614,0.00474509,0.00332469,0.00251925,0.022774,0.130864,0.0861707,0.00697434,0.000909702,0.00195215,0.00264907,0.00689487,0.0156299,0.0122485,0.00480453,0.0444573,0.174712,0.109111,0.0234389,0.0195465,0.0330762,0.0361764,0.0116337,0.0090041,0.00496189,0.00271142,0.0341034,0.141552,0.0802696,0.00548269,0.00251703,0.00409748,0.0037258,0.00495013,0.0076301,0.00233073,0.000550177,0.0499864,0.191705,0.0988085,0.00757339,0.00793565,0.00710109,0.0051932,0.00408407,0.00207035,0.00108628,0.000612497,0.044148,0.177983,0.0863614,0.00503005,0.00271369,0.00277143,0.00149897
185.759637188,0.0115064,0.00140873,0.00295616,0.00258707,0.0035977,0.00957919,0.00463545,0.00101514,0.0255403,0.149789,0.0893839,0.00808758,0.000913017,0.00277426,0.00210091,0.00332977,0.00522789,0.0070915,0.00643899,0.0582716,0.194357,0.12093,0.0115904,0.00310276,0.00697313,0.00481688,0.0033531,0.00458759,0.0031521,0.00240935,0.029067,0.147604,0.090906,0.00704329,0.00110483,0.00300018,0.00232753,0.00618613,0.0142423,0.0105188,0.00319678,0.0494867,0.188246,0.110457,0.00965776,0.00704609,0.0277333,0.0325885,0.00967489,0.00811231,0.00386278,0.00168424,0.0406112,0.160105,0.0874692,0.0058922,0.00270289,0.00594099,0.00347898,0.0047447,0.00747902,0.0021941,0.0005111,0.0534966,0.20875,0.10942,0.0102593,0.0124041,0.0101146,0.00496186,0.00408109,0.00207006,0.00108628,0.000612497,0.0457402,0.194676,0.0970155,0.00484874,0.00269499,0.00296435,0.001315
187.245714286,0.0115028,0.00136294,0.00292289,0.00258475,0.00358443,0.0103699,0.00530143,0.00113127,0.0331817,0.178552,0.112415,0.0080626,0.000912535,0.00250137,0.00176588,0.00305827,0.00679211,0.00871745,0.00666353,0.064275,0.219688,0.141116,0.0115873,0.00310217,0.00697313,0.00481288,0.0033487,0.00513861,0.00371196,0.00248994,0.0365602,0.172958,0.106077,0.00704255,0.000858173,0.00266287,0.00230792,0.00616591,0.0171333,0.0128385,0.00350751,0.0592012,0.215949,0.126966,0.00965776,0.00704609,0.0277327,0.0305369,0.00487507,0.00551907,0.00310372,0.00172243,0.0459672,0.176154,0.0945095,0.0058922,0.00267475,0.00592273,0.00347898,0.0047447,0.00932964,0.00312696,0.000616275,0.0545121,0.21403,0.108517,0.0102272,0.0123994,0.00978879,0.00264454,0.00155204,0.00325485,0.00137757,0.000631823,0.0504157,0.210688,0.103262,0.00484874,0.00269499,0.00296435,0.00119007
188.731791383,0.0116464,0.00136294,0.002908,0.00257706,0.00358065,0.0103699,0.0052993,0.00113124,0.0360984,0.196597,0.130055,0.00815741,0.000905068,0.00249521,0.00150284,0.00293524,0.00639583,0.00853673,0.00665234,0.0706677,0.255939,0.170942,0.0118949,0.00309731,0.00675857,0.00470207,0.00332332,0.00512994,0.00371104,0.00248784,0.044481,0.20199,0.134111,0.00726112,0.000857427,0.00260475,0.00218427,0.00605343,0.0171307,0.0128366,0.00350648,0.0732648,0.269325,0.159933,0.00972987,0.00704609,0.0277278,0.0305369,0.00487167,0.00551903,0.00308581,0.00171485,0.0638687,0.226323,0.124298,0.0058922,0.00267475,0.0059223,0.00347757,0.00473737,0.00932698,0.00312583,0.000616126,0.0752524,0.2648,0.136431,0.0102272,0.0123733,0.00978612,0.00263454,0.001552,0.00323751,0.00137049,0.000625489,0.0684933,0.251112,0.123998,0.00484874,0.00269454,0.00295333,0.00115195
190.217868481,0.0153629,0.00290559,0.00278337,0.00243038,0.00362016,0.0103856,0.00528897,0.0011296,0.0326536,0.195673,0.133223,0.00995154,0.00131341,0.00248392,0.00150037,0.00304513,0.00641668,0.00852541,0.00666596,0.0672925,0.253908,0.167577,0.01411,0.00309731,0.00675852,0.00470004,0.00331897,0.00512404,0.0036674,0.00246645,0.0458275,0.215221,0.139579,0.00770616,0.000973299,0.00260475,0.00217134,0.00604464,0.0170312,0.0127933,0.00349304,0.0748537,0.284579,0.167024,0.0106976,0.0035827,0.00739101,0.00290293,0.0042852,0.0054624,0.00249605,0.00145148,0.0652208,0.245673,0.130235,0.00349167,0.00257616,0.00576997,0.00329958,0.0046602,0.00932698,0.00312583,0.000649661,0.0745199,0.285849,0.148598,0.0103883,0.0123733,0.00978612,0.00263404,0.00155108,0.00323751,0.00137045,0.000645744,0.0812296,0.294501,0.141797,0.00489877,0.0026909,0.0029531,0.00115188
191.703945578,0.0167189,0.00238715,0.00184076,0.00201221,0.00225845,0.00372678,0.00332881,0.00131619,0.0331329,0.200335,0.135613,0.0101063,0.00114498,0.00235452,0.00157324,0.00232606,0.0049807,0.00816946,0.00770827,0.0687824,0.252101,0.160357,0.0112293,0.00309731,0.00675852,0.00485905,0.00301469,0.00365632,0.00326821,0.00313793,0.0451917,0.212189,0.137106,0.00784761,0.000973299,0.00260475,0.00221547,0.00324339,0.0108625,0.0111804,0.00389426,0.0746349,0.284401,0.167291,0.0109915,0.0035827,0.00739101,0.00306258,0.00286763,0.00435596,0.00230679,0.00141315,0.0648537,0.246191,0.130308,0.00392539,0.00262363,0.00580892,0.0034851,0.00282099,0.00687135,0.00254968,0.00080459,0.0738766,0.284795,0.147361,0.0110598,0.012064,0.00817928,0.00076296,0.00151013,0.00306656,0.00132783,0.00066145,0.0802954,0.294969,0.141672,0.00488847,0.00209351,0.00221126,0.00087016
193.190022676,0.01707,0.00257392,0.00238057,0.00240225,0.00225845,0.00372678,0.00332881,0.00131619,0.030893,0.193612,0.140856,0.0104971,0.00123756,0.00251209,0.00190324,0.00232606,0.0049807,0.00816946,0.00548936,0.0491357,0.232474,0.170838,0.0147458,0.00212316,0.00604445,0.00501065,0.00301469,0.00365632,0.00326821,0.00242582,0.0442652,0.214501,0.147551,0.0109514,0.000796855,0.00256388,0.00228568,0.00324339,0.0108625,0.0111804,0.00389426,0.0673243,0.263268,0.168083,0.0125936,0.00394527,0.00840215,0.00362441,0.00286763,0.00435596,0.00230679,0.000780744,0.0610802,0.242424,0.137347,0.00460267,0.000954476,0.00408767,0.00314788,0.00282099,0.00687135,0.00254968,0.00080459,0.0785781,0.304291,0.167655,0.0140845,0.00657515,0.00520862,0.00076296,0.00151013,0.00306656,0.00132783,0.00066145,0.0859738,0.289441,0.132369,0.00197727,0.00209351,0.00221126,0.00087016
194.676099773,0.0146557,0.00257392,0.00238057,0.00240225,0.00225845,0.00377044,0.00286522,0.00124649,0.0352941,0.202853,0.1333,0.00938537,0.00123756,0.00251209,0.00190324,0.00232606,0.00578309,0.00847872,0.00644458,0.0597523,0.245268,0.162939,0.0136668,0.00212316,0.00604445,0.00501065,0.00301469,0.0040846,0.0034661,0.00268317,0.0472158,0.222849,0.145167,0.0101124,0.000796855,0.00256388,0.00228568,0.00310356,0.00999356,0.00949088,0.00358935,0.0767606,0.278466,0.161039,0.0114695,0.00394527,0.00840215,0.00362441,0.00281469,0.00452236,0.00231913,0.00298178,0.0712737,0.256668,0.137777,0.00459796,0.00151621,0.00513435,0.00348468,0.00282099,0.00698808,0.00201765,0.000890562,0.0796995,0.309599,0.167211,0.0148115,0.00875916,0.00668371,0.00076296,0.00167777,0.00360655,0.00139197,0.00066145,0.0863431,0.305667,0.143958,0.00489099,0.00215399,0.00229894,0.00087016
196.162176871,0.0156874,0.00257392,0.00238057,0.00240225,0.00225845,0.00377044,0.00286522,0.00124649,0.0344375,0.222142,0.146994,0.00977967,0.00123756,0.00251209,0.00190324,0.00232606,0.00578309,0.00847872,0.00644458,0.0585304,0.269915,0.177368,0.013937,0.00212316,0.00604445,0.00501065,0.00301469,0.0040846,0.0034661,0.00268317,0.0456546,0.242809,0.139957,0.0101833,0.000796855,0.00256388,0.00228568,0.00310356,0.00999356,0.00949088,0.00358935,0.0700282,0.287412,0.149498,0.0116247,0.00394527,0.00840215,0.00362441,0.00281469,0.00452236,0.00231913,0.00298178,0.0632499,0.254862,0.117659,0.00459796,0.00151621,0.00513435,0.00348468,0.00282099,0.00698808,0.00201765,0.000890562,0.0690222,0.306977,0.151017,0.0148115,0.00875916,0.00668371,0.00076296,0.00167777,0.00360655,0.00139197,0.00066145,0.0764314,0.304613,0.13144,0.00491415,0.00215399,0.00229894,0.00087016
197.648253968,0.017998,0.00431693,0.00237486,0.00240136,0.002038,0.0034898,0.00274007,0.00124649,0.0354423,0.230428,0.15592,0.0097832,0.00208113,0.00250762,0.00190123,0.00224054,0.00561754,0.00843203,0.00644458,0.0586098,0.275298,0.182766,0.0135696,0.00211399,0.00603578,0.00501065,0.00293436,0.00392227,0.00340799,0.00268317,0.0459055,0.247157,0.15469,0.0100342,0.000796855,0.00256388,0.00228568,0.00310356,0.00998743,0.00948416,0.00358935,0.0718008,0.300631,0.167038,0.0115079,0.00394527,0.00840215,0.00362441,0.00281469,0.00450858,0.0023061,0.00298178,0.0651815,0.275956,0.137987,0.00437149,0.00151621,0.00513435,0.00348468,0.00282099,0.00698808,0.00201765,0.000890562,0.0727308,0.333544,0.167149,0.0148115,0.00875916,0.00668371,0.00076296,0.00167777,0.00360655,0.00139197,0.00066145,0.0770354,0.318447,0.136308,0.00491415,0.00215399,0.00229894,0.00087016
199.134331066,0.017647,0.00434476,0.00229347,0.0021967,0.00200636,0.00351523,0.00275262,0.00131319,0.0343759,0.227998,0.154812,0.00966363,0.00214326,0.00237775,0.00173639,0.00222949,0.00563746,0.00842356,0.00658456,0.0625822,0.278878,0.18365,0.0154314,0.00254088,0.00600854,0.00499362,0.0028535,0.00389929,0.00342316,0.00266953,0.0466784,0.249051,0.155444,0.0103894,0.00097632,0.00233388,0.00188313,0.00285074,0.00986865,0.00941094,0.00357688,0.0732789,0.3091,0.170346,0.0127371,0.00451968,0.00837427,0.00354929,0.0026311,0.00440653,0.00230072,0.0029817,0.0672394,0.280722,0.14025,0.00486278,0.00169278,0.00503996,0.00329972,0.00269226,0.00689429,0.00199451,0.000869164,0.0786288,0.34417,0.17107,0.0153034,0.00875446,0.00664494,0.000719842,0.00164068,0.00347717,0.00133698,0.000429095,0.0800778,0.323572,0.138082,0.00523233,0.0022268,0.00229101,0.000867944
200.620408163,0.0168104,0.00434267,0.00204547,0.0011587,0.00153614,0.00344154,0.00271131,0.00119684,0.0332516,0.222689,0.150214,0.00961746,0.00195308,0.00187865,0.00127973,0.00208007,0.00566154,0.0084364,0.00659619,0.0618298,0.274262,0.17943,0.0152108,0.00165431,0.00391272,0.00151149,0.00197743,0.0038922,0.00344175,0.00269326,0.0459233,0.245592,0.153207,0.0102703,0.000824254,0.00170803,0.00130441,0.00274137,0.00995613,0.00951065,0.00371867,0.0729693,0.306913,0.168828,0.0120709,0.00198286,0.00353555,0.00201998,0.00225315,0.00437628,0.00231862,0.00299929,0.0664081,0.274991,0.137055,0.00478116,0.0012523,0.00432613,0.00328505,0.00264682,0.00687519,0.00199681,0.00087223,0.0772961,0.337211,0.168004,0.0147977,0.00725159,0.00492663,0.000621945,0.00160071,0.00347312,0.00134161,0.000444773,0.0789543,0.318261,0.136264,0.00523383,0.00222907,0.00230193,0.000835078
202.106485261,0.0168107,0.00434293,0.00204586,0.00106251,0.00124152,0.00265149,0.00146423,0.000741326,0.0327162,0.217936,0.143989,0.00874986,0.00195348,0.00184423,0.00115941,0.00117804,0.00324573,0.00259471,0.00319969,0.0600222,0.270973,0.176946,0.0152112,0.00165456,0.00391297,0.00130786,0.00133552,0.00156986,0.0011051,0.00192646,0.044756,0.239851,0.147295,0.0101443,0.000824381,0.00170861,0.00122569,0.0013807,0.00451008,0.00349098,0.0017877,0.0716265,0.304087,0.166125,0.0118069,0.00198335,0.00353602,0.00172618,0.000850432,0.00199931,0.000959624,0.0025853,0.0656529,0.271246,0.132961,0.00422597,0.00123728,0.00336899,0.00154712,0.000522393,0.0030744,0.0017265,0.000840859,0.0764106,0.334946,0.16416,0.0137008,0.00697842,0.00475315,0.000359608,0.000620747,0.00258998,0.000992745,0.000336795,0.078385,0.315444,0.13355,0.00461072,0.000217101,0.000394119,0.000503512
203.592562358,0.0158567,0.00434293,0.00204586,0.00104743,0.000618945,0.00219479,0.00144781,0.000731354,0.0290299,0.193374,0.136831,0.00816735,0.00195348,0.00184423,0.00114377,0.000540389,0.00298649,0.00248826,0.0031997,0.0576991,0.252556,0.171057,0.0148926,0.00165456,0.00372974,0.00120008,0.000372781,0.0011838,0.00107872,0.00162894,0.0418589,0.226104,0.143883,0.00999901,0.000824382,0.00164221,0.000431007,0.0004286,0.00423769,0.00343402,0.00158383,0.0688802,0.291197,0.163113,0.0117936,0.00193983,0.00331946,0.00144494,0.000371049,0.00181004,0.000953176,0.00249555,0.0630309,0.262542,0.129933,0.00422598,0.00123741,0.00315453,0.000582805,0.000232013,0.003013,0.00172667,0.000661492,0.0724033,0.314104,0.157378,0.0130907,0.00697852,0.00464405,0.000113174,0.000363558,0.00253638,0.000992878,0.000171593,0.0732694,0.302156,0.127472,0.00389081,0.000217254,0.000370712,4.47572e-05
205.078639456,0.0140103,0.00377123,0.00193723,0.00104427,0.000618945,0.00219479,0.00144781,0.000664332,0.0278513,0.18249,0.128073,0.00677341,0.00161299,0.00178443,0.00114377,0.000540389,0.00298649,0.00248826,0.0031997,0.0561784,0.239368,0.160584,0.0140941,0.00165456,0.00372974,0.00120008,0.000372781,0.0011838,0.00107872,0.00162894,0.0405696,0.210218,0.132866,0.00912068,0.000824382,0.00164221,0.000431007,0.0004286,0.00423769,0.00343402,0.00158383,0.0672363,0.273781,0.153169,0.0112344,0.00193983,0.00331946,0.00144494,0.000371049,0.00181004,0.000953176,0.00249555,0.0614985,0.23947,0.117365,0.00375204,0.00123741,0.00315453,0.000582805,0.000232013,0.003013,0.00172667,0.000661492,0.069303,0.284896,0.145356,0.0127974,0.00697852,0.00464405,0.000113174,0.000363558,0.00253638,0.000992878,0.000156542,0.0684924,0.266615,0.117057,0.0038177,0.000217254,0.000370712,4.47572e-05
206.564716553,0.0140103,0.00377123,0.00193723,0.00103308,0.000594855,0.00219479,0.00144781,0.000664332,0.0271755,0.178693,0.124889,0.00677341,0.00161299,0.00178443,0.00111051,0.000486576,0.00298649,0.00248826,0.0029326,0.0528176,0.232091,0.156109,0.0130434,0.0013001,0.00367274,0.00119134,0.00035139,0.0011838,0.00107872,0.0015882,0.0397053,0.207769,0.131213,0.00889892,0.000747057,0.00162931,0.000376273,0.000368971,0.00423769,0.00343402,0.00146266,0.0633746,0.265089,0.148221,0.0107144,0.00176266,0.00329064,0.00143382,0.00036618,0.00181004,0.000953176,0.00246372,0.0597329,0.235361,0.115286,0.00355863,0.00116937,0.00314308,0.000582805,0.000232013,0.003013,0.00172667,0.000462082,0.0640077,0.274465,0.140148,0.0121682,0.00677259,0.00461211,0.000113174,0.000363558,0.00253638,0.000992878,0.000116033,0.065943,0.26105,0.114413,0.00374663,0.000196873,0.000368103,4.47572e-05
208.050793651,0.0131655,0.00355991,0.000601928,0.000474282,0.000449902,0.00200521,0.00140574,0.00047162,0.0266909,0.17572,0.121996,0.00637298,0.00143133,0.000672179,0.000839232,0.00039465,0.00298265,0.0024078,0.00254935,0.051719,0.224491,0.144462,0.00988889,0.0013001,0.00367274,0.00117026,0.000274783,0.00117724,0.00101669,0.00135005,0.0390643,0.199033,0.121974,0.00738762,0.000747057,0.00162931,0.000371762,0.000317747,0.00422432,0.0033305,0.00110374,0.0618722,0.257369,0.144496,0.0105138,0.00176266,0.00329064,0.00142686,0.000258979,0.00180904,0.00094432,0.00243076,0.0588001,0.230397,0.113544,0.0035353,0.00116444,0.00313004,0.000550233,0.000140817,0.00300449,0.00170708,0.000393033,0.0633006,0.268508,0.137685,0.0121276,0.00677259,0.00461211,8.79016e-05,0.000309292,0.00253606,0.000990515,0.000108126,0.0652389,0.255981,0.112849,0.00374272,0.000196873,0.000368103,3.20182e-05
209.536870748,0.0119465,0.00355991,0.000601928,0.000474282,0.000449902,0.00200521,0.00140574,0.00047162,0.023832,0.153563,0.111936,0.00606778,0.00143133,0.000672179,0.000839232,0.00039465,0.00298265,0.0024078,0.00254935,0.0371309,0.193409,0.133519,0.00951721,0.000887212,0.00122303,0.00101317,0.000274783,0.00117724,0.00101669,0.00135005,0.0327152,0.182243,0.117239,0.00731867,0.000551925,0.000467042,0.000271027,0.000317747,0.00422432,0.0033305,0.00110374,0.052577,0.232432,0.128855,0.00973963,0.00147403,0.00151752,0.000961235,0.000258979,0.00180904,0.00094432,0.00243076,0.051377,0.211562,0.106312,0.00303881,0.000821883,0.00111981,0.000550233,0.000140817,0.00300449,0.00170708,0.000393033,0.0597904,0.251458,0.126957,0.00914237,0.00218785,0.001477,8.79016e-05,0.000309292,0.00253606,0.000990515,0.000108126,0.0629773,0.237366,0.101397,0.00374272,0.000151178,9.99453e-05,3.20182e-05
211.022947846,0.0119465,0.00355991,0.000601928,0.000474282,0.000449902,0.00106407,0.000563375,0.000355494,0.016189,0.12473,0.08882,0.00606778,0.00143133,0.000672179,0.000839232,0.00039465,0.00117941,0.000781852,0.00232482,0.0311274,0.167579,0.113009,0.00951721,0.000887212,0.00122303,0.00101317,0.000274783,0.000608125,0.0004464,0.00126946,0.0252163,0.156885,0.102064,0.00731867,0.000551925,0.000467042,0.000271027,0.000317747,0.00132021,0.00101081,0.000793012,0.0428512,0.204712,0.112346,0.00973963,0.00147403,0.00151752,0.000961235,0.000258979,0.000545028,0.000374606,0.00237041,0.04602,0.194038,0.0974346,0.00303881,0.000821883,0.00111981,0.000550233,0.000140817,0.00115388,0.000774218,0.000287858,0.0527778,0.229802,0.116663,0.00914237,0.00218785,0.001477,8.79016e-05,0.000309292,0.00105809,0.000619497,8.7797e-05,0.0583017,0.221185,0.0950411,0.00374272,0.000151178,9.99453e-05,3.20182e-05
212.509024943,0.011708,0.00355991,0.000601928,0.000474282,0.000449902,0.00106407,0.000563375,0.000355494,0.0132707,0.106221,0.0709378,0.00597298,0.00143133,0.000672179,0.000839232,0.00039465,0.00117941,0.000781852,0.00232482,0.0247339,0.131316,0.0831422,0.00920963,0.000887212,0.00122303,0.00101317,0.000274783,0.000608125,0.0004464,0.00126946,0.0171585,0.121424,0.0712785,0.0071001,0.000551925,0.000467042,0.000271027,0.000317747,0.00132021,0.00101081,0.000793012,0.0287875,0.151333,0.0793745,0.00966351,0.00147403,0.00151752,0.000961235,0.000258979,0.000545028,0.000374606,0.00237041,0.0281078,0.143864,0.0676413,0.00303881,0.000821883,0.00111981,0.000550233,0.000140817,0.00115388,0.000774218,0.000287858,0.0320376,0.179032,0.0887453,0.00914237,0.00218785,0.001477,8.79016e-05,0.000309292,0.00105809,0.000619497,8.7797e-05,0.0402242,0.180729,0.0742867,0.00374272,0.000151178,9.99453e-05,3.20182e-05
213.995102041,0.0072848,0.00199276,0.000601928,0.000474282,0.000409423,0.00104666,0.000563375,0.000355494,0.0122435,0.0951945,0.0635972,0.00398859,0.00101952,0.000672179,0.000839232,0.000284749,0.00115065,0.000781852,0.00228759,0.0225742,0.11564,0.0743558,0.00674214,0.000887212,0.00122303,0.00101317,0.000274783,0.000608125,0.0004464,0.00126946,0.0154553,0.107087,0.0649149,0.0066364,0.000436053,0.000467042,0.000271027,0.000317747,0.00132021,0.00101081,0.000793012,0.0256912,0.132673,0.0718512,0.00869578,0.00128265,0.00151752,0.000961235,0.000258979,0.000545028,0.000374606,0.00236193,0.0257981,0.120823,0.0565215,0.00286227,0.000821883,0.00111981,0.000550233,0.000140817,0.00115388,0.000774218,0.000254037,0.0275123,0.143161,0.0700644,0.00884821,0.00218785,0.001477,8.79016e-05,0.000309292,0.00105809,0.000619497,6.75421e-05,0.0274221,0.136912,0.0555782,0.00367167,0.000151178,9.99453e-05,3.20182e-05
215.481179138,0.00523321,0.00199276,0.000601928,0.000474282,8.70555e-05,0.000791978,0.000563375,8.70488e-05,0.0113946,0.0891323,0.0593973,0.00363967,0.00101952,0.000672179,0.00076636,0.000108726,0.00115065,0.000781852,0.00119394,0.020145,0.108056,0.0688248,0.00601122,0.000887212,0.00122303,0.000854162,1.76408e-05,0.000600992,0.0004464,0.000328017,0.0140642,0.102687,0.0626612,0.00648472,0.000436053,0.000467042,0.000226895,0.000166785,0.00132021,0.00101081,0.000245937,0.0245342,0.129269,0.0697125,0.00840066,0.00128265,0.00151752,0.000801586,8.13854e-05,0.000545028,0.000374606,0.00221955,0.0252235,0.118486,0.0555013,0.0024249,0.000774413,0.00108086,0.000364714,3.74236e-06,0.00112358,0.000774218,8.96056e-05,0.0266739,0.140105,0.0687942,0.00817653,0.00218785,0.001477,8.02771e-06,0.000246318,0.00105809,0.000619497,1.64258e-05,0.0270916,0.134335,0.054994,0.00338281,0.000151178,9.99453e-05,8.20853e-06