TIME,A,Bb,B,C,C#,D,Eb,E,F,F#,G,Ab
0.000000000,0.21014,2.32606,0.00157265,1.39138,0.0227006,0.584569,0.388291,0.115547,2.45683,0.189762,0.383472,0.102373
0.046439909,0.547812,2.22993,0,1.47041,0.0161441,0.127183,0.821665,0.0536755,2.44605,0.173334,0.629911,0.0539129
0.092879819,0.807115,2.1282,0,1.11491,0.0287152,0.0165819,1.43041,0.0532635,2.33582,0.173439,0.666574,0.12371
0.139319728,1.01035,1.85837,0.146103,0.799025,0.0684392,0.0141505,1.66202,0.0630508,2.49176,0.378706,0.372934,0.130668
0.185759637,1.03398,1.45655,0.237075,1.26058,0.139826,0.00829123,1.49889,0.0479606,2.67312,0.34694,0.23815,0.303154
0.232199546,0.985224,1.13355,0.197174,1.65096,0.28827,0.00144109,1.17919,0.0522162,2.55977,0.181083,0.452151,0.484313
0.278639456,1.05826,0.698199,0.300944,1.69665,0.378387,0,0.929639,0.0547829,2.62487,0.2763,0.658829,0.261964
0.325079365,1.04186,0.564711,0.426726,1.57964,0.415199,0,0.739539,0.0551986,2.42165,0.392962,1.07244,0.150255
0.371519274,1.15517,0.665461,0.432814,1.36898,0.359476,0.00965374,0.581215,0.361654,2.30826,0.529663,1.35154,0.156866
0.417959184,1.44644,0.605188,0.374213,1.36831,0.237477,0.0407996,0.553157,0.182395,2.43636,0.607057,1.15465,0.20693
0.464399093,1.93965,0.439898,0.283866,1.34836,0.0798984,0.0743642,0.631791,0.0180499,2.79391,0.636759,0.490031,0.177146
0.510839002,2.29518,0.263515,0.209133,1.25751,0.0405388,0.0268111,0.743148,0.018081,2.86787,0.631092,0.227134,0.248785
0.557278912,2.13602,0.0165506,0.147245,1.33149,0.0935812,0,0.676415,0.0182349,2.90617,0.398784,0.50604,0.531782
0.603718821,1.82287,0.0200707,0.124009,1.91186,0.113987,0,0.931902,0.024708,2.76619,0.329939,0.69419,0.658441
0.650158730,1.78822,0.0299409,0.06301,2.21551,0,0.0204053,1.11493,0.0294332,2.65867,0.429882,0.692695,0.763835
0.696598639,1.59047,0.0479297,0.109988,2.03151,0,0.142556,1.14578,0.0373192,2.78183,0.468525,0.740705,0.762396
0.743038549,1.59094,0.255335,0.0884372,1.69385,0,0.170337,1.16513,0.0627457,2.90623,0.449646,0.835883,0.700813
0.789478458,1.96785,0.299175,0.117006,1.30823,0,0.138416,1.1459,0.0715681,3.01032,0.444024,0.724306,0.697596
0.835918367,2.29387,0.177654,0.287143,1.27657,0,0.450262,1.03764,0.260827,2.90267,0.585862,0.35698,0.507607
0.882358277,2.12353,0,0.413783,1.23815,0,0.382177,1.12622,0.276261,2.83052,0.768659,0.529113,0.512781
0.928798186,1.9229,0,0.417248,1.16242,0.00732934,0.1211,1.36675,0.222388,2.57824,0.754574,0.671475,0.450769
0.975238095,1.74101,0.0254212,0.41118,1.25196,0.0678475,0.0740255,1.48763,0.20171,2.01526,0.625605,0.940485,0.384521
1.021678005,1.72161,0.244182,0.34715,0.943792,0.0177167,0.0926333,1.18991,0.102582,1.74736,0.450958,1.30707,0.314592
1.068117914,1.69075,0.324376,0.257086,0.680151,0.0428189,0.150921,1.1033,0.0182013,1.88046,0.488239,1.45026,0.244926
1.114557823,1.95574,0.192961,0.219893,0.856086,0.01892,0.105107,0.961454,0.070101,2.09342,0.709703,1.2046,0.129323
1.160997732,2.00327,0.111033,0.236187,1.29953,0.00162098,0.0287345,0.821996,0.078348,2.32824,0.570415,1.01438,0.131257
1.207437642,1.93607,0.00754517,0.267107,1.81615,0,0.0345546,0.67314,0.0166211,2.63001,0.700332,0.853272,0.183261
1.253877551,1.83166,0.000142175,0.290718,1.85267,0.0110528,0.029412,0.561097,0.0106369,2.69807,0.678212,0.882416,0.231909
1.300317460,1.58145,0.0209254,0.347377,2.01655,0.0218517,0.0436363,0.674823,0.0152093,2.65515,0.478067,0.79238,0.210006
1.346757370,1.3807,0,0.419827,1.91402,0,0.0456056,0.784344,0.0555663,2.67572,0.457433,0.873098,0.310734
1.393197279,1.23087,3.37704e-05,0.479159,1.94386,0,0.17955,0.636337,0.0641215,2.7857,0.464261,0.979252,0.343172
1.439637188,1.53323,0.00115147,0.376705,1.85423,0.00909943,0.168558,0.725186,0.071831,2.82682,0.426126,0.954405,0.152158
1.486077098,1.95701,0,0.357467,1.75328,0.0129757,0.0184431,1.20221,0.0486157,2.74063,0.107439,1.12769,0.124725
1.532517007,2.08007,0,0.25129,1.71962,0,0.0426748,1.07068,0.236672,2.86496,0.0455458,0.886301,0.122231
1.578956916,2.08202,0,0.116236,2.10657,0.010973,0.0279966,0.628395,0.31185,3.25916,0.0437872,0.601449,0.06518
1.625396825,2.05865,0,0.0956081,2.25353,0.0370614,0.000549457,0.295696,0.351889,3.64232,0.0469883,0.406687,0.0169394
1.671836735,2.10356,0.000310305,0.0403857,2.32747,0.0174252,0,0.143446,0.372143,3.77193,0.0551301,0.237959,0.0152248
1.718276644,2.02748,0.0422198,0.027299,2.30629,0.0163295,0,0.225215,0.290937,3.7042,0.187394,0.162363,0.046736
1.764716553,2.01457,0.0283266,0.0634755,2.03242,0.0311958,0.0875774,0.299768,0.0525137,3.20224,0.411059,0.0897689,0.139687
1.811156463,2.07763,0,0.0436428,1.7199,0.0335466,0.15082,0.331044,0.0487258,3.21578,0.456776,0.0295962,0.163375
1.857596372,2.21525,0,0.051213,1.8636,0.0170901,0.146936,0.501988,0.11206,3.16912,0.441311,0,0.17675
1.904036281,2.10733,0,0.0453934,1.95273,0,0.117469,0.702639,0.304242,3.06422,0.415167,0.0743641,0.147226
1.950476190,2.0109,0.00264385,0.0949223,2.066,0,0.0943933,0.744155,0.413851,3.0062,0.499087,0.139153,0.0695346
1.996916100,2.19817,0.0273581,0.0529017,2.19526,0.00496582,0.0447253,0.666859,0.425679,2.73132,0.502258,0.145629,0.0392384
2.043356009,2.43492,0.00840418,0.0502438,2.32038,0.0577186,0.0579765,0.627855,0.32124,2.75549,0.349439,0,0.0867109
2.089795918,2.29922,0,0.0464493,2.26062,0.0261899,0.0552834,0.406063,0.152396,3.03111,0.3611,0.00166756,0.0643986
2.136235828,2.16939,8.01999e-05,0.0338716,2.24771,0.0110244,0.0572518,0.300175,0.0211356,3.2336,0.310011,0.106872,0.0102215
2.182675737,2.26629,0,0.00220379,1.86677,0.13401,0.0236399,0.209593,0.0160958,3.55207,0.363915,0.136048,0.0962693
2.229115646,2.53105,0,0.0838816,1.52288,0.105659,0.0142637,0.158675,0.0250369,3.76239,0.435513,0.0262677,0.0994287
2.275555556,2.59936,0.000590369,0.115904,1.6273,0.0327249,0.0182575,0.240124,0.0418595,3.82977,0.440763,0,0.060847
2.321995465,2.343,0,0.122643,1.84015,0.0550723,0.00734614,0.31016,0.0489814,3.9293,0.418966,0,0.0203426
2.368435374,2.17619,0,0.153104,1.8903,0.105512,0,0.486999,0.042689,3.98084,0.391401,0,0
2.414875283,1.97323,0.0244974,0.140132,1.95441,0.128586,0,0.5577,0.0182868,4.02533,0.390767,0,0.0987267
2.461315193,1.6331,0.181733,0.0739798,2.10021,0.119411,0.0167797,0.408119,0.00795991,4.04737,0.410889,0,0.174263
2.507755102,1.5851,0.22347,0.00161515,2.15441,0.0197915,0.0230919,0.303996,0.00849502,3.88068,0.366836,0,0.197086
2.554195011,1.3299,0.0907722,0.0324236,2.30956,0.00778016,0.012999,0.0575106,0.0123963,3.97072,0.336297,0,0.732106
2.600634921,1.47325,0.00853474,0.0609492,2.15809,0.0103879,0,0.0101025,0.0163727,4.28263,0.220482,0,1.00153
2.647074830,1.80611,0.0135036,0.0553063,1.83588,0.0244678,0,0.00813828,0.0253076,4.3516,0.106259,0,1.16604
2.693514739,1.82902,0.07924,0.0382039,1.80248,0.076764,0.000554628,0.00232591,0.0321557,4.28085,0.122377,0,1.24856
2.739954649,1.53735,0.134722,0.0265481,1.85931,0.0907767,0.00768345,0.00265414,0.0492061,4.12612,0.177272,0,1.2944
2.786394558,1.45541,0.0797578,0.0427237,1.82789,0.123738,0.00770087,0.00450918,0.069186,3.95637,0.257531,0,1.28581
2.832834467,1.36441,0.0162654,0.0565829,2.05972,0.159582,0.0140063,0.0236572,0.0781855,3.90518,0.276548,0,1.37045
2.879274376,1.18776,0.0172018,0.0429652,2.21015,0.145998,0.0295647,0.0882577,0.114432,3.84904,0.428989,0,1.41657
2.925714286,0.927255,0.0257049,0.0261872,2.17004,0.0818368,0.0716712,0.113506,0.0324022,3.95293,0.474308,0,1.47344
2.972154195,1.04608,0.0183755,0.0276751,2.18731,0.0460337,0.0865914,0.059065,0.0233173,4.02892,0.270526,0,1.50523
3.018594104,1.32275,0.0132983,0.074337,2.08312,0,0.0869786,0.0746593,0.019411,3.96221,0.186074,0.00111394,1.55942
3.065034014,1.56897,0.00987785,0.130478,1.8252,0,0.0863926,0.106233,0.0198128,3.77129,0.25003,0.00092342,1.65883
3.111473923,1.65229,0.00937352,0.186744,1.52052,0,0.0847575,0.0817039,0.0207854,3.53772,0.2448,0,2.04731
3.157913832,1.43998,0.00857219,0.113398,1.55005,0.00235506,0.0691516,0.0040765,0.0163957,3.7228,0.137432,0.0376292,2.22016
3.204353741,1.23226,0.00815399,0.0996834,1.69753,0.0123455,0.0564349,0.00945609,0.0216372,3.85504,0.203929,0.094753,2.21603
3.250793651,0.910271,0,0.0787598,1.86241,0.012537,0.0489175,0.0723771,0.107917,3.7865,0.254063,0.0904403,2.31565
3.297233560,0.695099,0,0.0599087,1.91727,0.0422819,0.0362078,0.105757,0.179878,3.89322,0.200983,0.0872738,2.2135
3.343673469,0.716807,0,0.0566746,2.01536,0.113445,0.0183678,0.22736,0.0366463,3.87506,0.451044,0.122065,2.10034
3.390113379,0.646113,0,0.0686174,1.98459,0.111654,0.00801314,0.0814706,0.101971,3.90385,0.512105,0.106263,2.16139
3.436553288,0.754588,0,0.0989596,1.62673,0.0589267,0.0194059,0.00198045,0.163661,3.81242,0.293321,0.164774,2.33752
3.482993197,0.842363,0.000259599,0.114197,1.09635,0.0563702,0.128804,0,0.219882,3.73597,0.112921,0.302976,2.42824
3.529433107,0.792194,0,0.134774,1.64889,0.0365498,0.135488,0,0.218454,3.62604,0.0907484,0.0777809,2.56315
3.575873016,0.579819,0,0.126264,2.1451,0.0336766,0.0581165,0,0.225105,3.65091,0.0505909,0.0730896,2.48121
3.622312925,0.472638,0.00238447,0.0883436,2.24178,0.0780249,0.0330294,0.0116865,0.167221,3.66611,0.0539291,0.095278,2.31307
3.668752834,0.45999,0,0.127475,2.13776,0.125231,0,0.0105625,0.0458943,3.73557,0.11519,0.0165615,2.23494
3.715192744,0.223289,0,0.249429,1.58886,0.199497,0,0.00661474,0.0518198,3.68497,0.186772,0.116315,2.17817
3.761632653,0.0328931,0,0.235823,1.09226,0.272811,0,0.026537,0.0546764,3.49794,0.224998,0.171492,2.05848
3.808072562,0.0191632,0,0.233937,0.934689,0.293134,0,0.031766,0.0546266,3.41027,0.188819,0.126783,2.02498
3.854512472,0.574499,0.000505972,0.165112,1.18981,0.205348,0.00954659,0.014504,0.0360292,3.51677,0.123459,0.144819,2.13446
3.900952381,0.979227,0.00697499,0.108307,1.26749,0.1416,0.027992,0.097692,0.0252948,3.35791,0.146821,0.19955,2.13138
3.947392290,1.12928,0.156264,0.0218683,1.22825,0.0828437,0.0147871,0.177732,0.0276479,3.13707,0.184222,0.209037,2.20145
3.993832200,1.1524,0.180382,0.0157725,1.46187,0.0903676,0.00622711,0.240931,0.0274769,3.25918,0.120586,0.0941506,2.38983
4.040272109,0.858911,0.14087,0.0692081,1.69596,0.0692046,0.00251204,0.113435,0.139967,3.41071,0.0438502,0.00932799,2.58954
4.086712018,0.546352,0.0422945,0.157494,1.76133,0.0583785,0,0.120802,0.06075,3.40311,0.0484496,0,2.43661
4.133151927,0.651234,0.00491897,0.269386,1.75187,0.0673911,0,0.268068,0.0443136,3.44045,0.0507653,0,1.98894
4.179591837,0.979071,0,0.245572,1.55447,0.0339263,0.0379537,0.203,0.0363924,3.46103,0.0589027,0,1.71457
4.226031746,1.08711,0.0577773,0.179331,1.26199,0.183106,0.0555624,0.127782,0.0299368,3.52207,0.125815,0.042436,1.63988
4.272471655,1.03951,0.0904534,0.106493,1.16615,0.498011,0.049808,0.071455,0.0264662,3.50457,0.0904898,0.399219,1.41245
4.318911565,0.900986,0.0785979,0.0187982,1.52897,0.445218,0.0475272,0.103182,0.0211761,3.63544,0.0559897,0.49635,1.38202
4.365351474,0.97744,0.0305545,0.0337507,1.5472,0.464563,0.0575128,0.214079,0.0238442,3.71942,0.0507188,0.127993,1.491
4.411791383,0.798862,0,0.0633672,1.37018,0.368436,0.0207043,0.189749,0.0266504,3.73671,0.0457879,0,1.89445
4.458231293,0.619153,0.0147782,0.0973321,1.30831,0.306089,0.03295,0.10601,0.0546268,3.59333,0.0558911,0,2.27433
4.504671202,0.254663,0.0419271,0.0907643,0.962069,0.241703,0.00884988,0.0199257,0.172565,3.65375,0.0525301,0.10098,2.39164
4.551111111,0.202334,0.108896,0.0226152,0.661211,0.117466,0.125105,0.0213399,0.241561,3.64822,0.0427477,0.209516,2.27143
4.597551020,0.171011,0.0839083,0.0952277,0.598787,0.208154,0,0.0124309,0.270065,3.58725,0.0895842,0.449884,2.01454
4.643990930,0.101272,0.0773272,0.011057,1.08888,0.202955,0,0.117674,0.276393,3.57385,0.169201,0.568964,1.52591
4.690430839,0.10319,0.135793,0,1.69803,0.149644,0,0.174185,0.269136,3.62695,0.209373,0.721127,1.1383
4.736870748,0.205289,0.0911264,0.00547431,2.06379,0.130729,0,0.142024,0.213209,3.71544,0.150444,0.902115,0.939305
4.783310658,0.120036,0.102678,0.0158089,2.19259,0.0969632,0,0,0.0911912,3.66085,0.089772,1.08972,0.877961
4.829750567,0.00168039,0.114731,0.0437045,2.08606,0.0747661,0,0,0.032865,3.58155,0.0680777,1.27207,0.894174
4.876190476,0.0109043,0.0135606,0.0345356,2.06255,0.0881571,0,0.00654865,0.0339832,3.55658,0.02094,1.16797,0.950843
4.922630385,0.0877142,0,0.0434623,2.0261,0.150059,0,0.0101496,0.087575,3.54727,0.0212369,1.09871,1.03003
4.969070295,0.117639,0.0111423,0.0499044,1.91747,0.18237,0.144267,0.00903378,0.130993,3.55483,0.0383606,0.926413,1.28047
5.015510204,0.229939,0.0808861,0.0636186,1.78834,0.12841,0.323564,0.00390496,0.109593,3.56241,0.050579,0.744106,1.50113
5.061950113,0.357107,0.133806,0.0763468,1.84553,0.0990366,0.449752,0,0.039611,3.42194,0.0498,0.883958,1.44296
5.108390023,0.271448,0,0.0487379,1.80129,0.0921038,0.746243,0,0.0353784,3.55432,0.0878931,1.0843,1.20027
5.154829932,0.220691,0,0.179789,1.83953,0.0554265,0.815429,0,0.0419875,3.60021,0.13806,1.12842,0.816805
5.201269841,0.390189,0,0.398481,1.73162,0.0143684,0.496652,0,0.0275903,3.44172,0.104762,1.2655,0.64282
5.247709751,0.437302,0.0220054,0.426774,1.22991,0.040335,0.175562,0.362961,0.0805455,3.27551,0.134062,1.57323,0.333107
5.294149660,0.445008,0.0558131,0.302698,0.842536,0.10443,0.236307,0.440606,0.137035,3.35642,0.260659,1.72482,0.169762
5.340589569,0.568168,0.0508166,0.201859,0.943444,0.109525,0.310018,0.176735,0.108988,3.50198,0.254721,1.63076,0.218679
5.387029478,0.456924,0.039082,0.146701,1.15503,0.108957,0.394141,0,0.0247248,3.76275,0.15254,1.48218,0.69807
5.433469388,0.111606,0.064162,0.125327,1.40604,0.129764,0.426261,0,0.0279839,3.84179,0.0391312,1.36297,1.11263
5.479909297,0.0695377,0.0291782,0,1.53938,0.126116,0.414796,0,0.0417656,3.9396,0.0562575,1.35489,0.947654
5.526349206,0.0428198,0.0711676,0,1.48225,0.0398242,0.616261,0,0.109661,3.91047,0.0709689,1.38009,0.69619
5.572789116,0.106533,0.0139031,0,1.36936,0.0158715,0.678835,0.144167,0.0993905,3.97148,0.0640711,1.22876,0.561733
5.619229025,0.277966,0.035744,0,1.34964,0.0074259,0.846861,0.16723,0.00914733,4.14901,0.059297,0.803277,0.558523
5.665668934,0.298613,0.0508493,0.239254,1.42311,0,0.823258,0.0543375,0.0133882,4.12069,0.0791734,0.559987,0.575293
5.712108844,0.588408,0.0337237,0.449597,1.61193,0,0.594764,0.0488438,0.0633669,4.11971,0.0983699,0.362642,0.454007
5.758548753,0.808712,0,0.32585,2.08911,0,0.611966,0.0453933,0.243078,4.16826,0.183196,0.131147,0.3585
5.804988662,0.323013,0.0185869,0.00382709,2.3581,0,0.79422,0.0347724,0.312597,4.23212,0.274427,0.0110413,0.292179
5.851428571,0.115622,0.0423937,0.00816167,2.36946,0,0.783656,0.0198177,0.0749686,4.30821,0.215487,0.0581284,0.386689
5.897868481,0.118332,0.0274538,0.062127,2.16467,0,0.542593,0.0128649,0.0220195,4.35766,0.0615,0.228817,0.467718
5.944308390,0.144551,9.75054e-05,0.0621517,2.11509,0,0.190007,0.0132301,0.0207565,4.43589,0.0457663,0.336049,0.455494
5.990748299,0.4083,0,0.102671,1.94049,0,0.0403795,0.0137751,0.0153394,4.46286,0.0363721,0.370671,0.434459
6.037188209,0.836408,0,0.119374,1.59017,0,0.00974553,0.0206621,0.0157752,4.38637,0.0282813,0.523181,0.398958
6.083628118,0.882793,0,0.160702,1.76151,0.0811019,0,0.0230573,0.015236,4.36137,0.0161453,0.356108,0.51066
6.130068027,0.66966,5.24485e-05,0.225132,2.092,0.012741,0,0.0210054,0.00796686,4.40261,0.0183842,0.724294,0.438264
6.176507937,0.786082,0,0.191466,2.31178,0.0187972,0,0.0216538,0.00377806,4.22566,0.0262878,1.15044,0.124756
6.222947846,0.793746,0.000487961,0.13655,2.40057,0,0,0.0230934,0.00549595,3.99555,0.0396958,1.34024,0.0373357
6.269387755,0.463949,0.00420973,0.0325973,2.43012,0,0,0.0237399,0.0125951,4.0119,0.0471553,1.32399,0
6.315827664,0.163802,0.0265641,0.0321302,2.35761,0,0,0.0234047,0.0116241,3.9277,0.0456743,1.39337,0
6.362267574,0.143538,0.06135,0.113361,2.01266,0,0,0.0283675,0.00447533,3.85433,0.0465337,1.55442,0.0016629
6.408707483,0.287773,0.127481,0.128511,1.80663,0,0,0.0350909,0.00182633,3.92663,0.0450449,1.59548,0.00870976
6.455147392,0.608017,0.0922818,0.0975314,1.77106,0,0,0.0401427,0.00735366,4.08347,0.0446502,1.36874,0.00657147
6.501587302,0.960375,0.00119294,0.0872922,1.84161,0,0.0344713,0.0384992,0.00808336,4.17866,0.0345967,1.04374,0
6.548027211,0.950894,0,0.154968,1.92623,0,0.0181113,0.0281471,0.00475923,4.23484,0.0242066,1.01176,0
6.594467120,0.71557,0,0.198442,1.96847,0,0,0.0183861,0.00493679,4.24575,0.0226782,1.00774,0
6.640907029,0.564405,0.00157964,0.200417,1.89802,0,0,0.0153895,0.00873062,4.2816,0.0302216,0.871394,0
6.687346939,0.185849,0.0691445,0.132004,2.06791,0.00646664,0,0.0312342,0.0105234,4.30391,0.0337207,0.888949,0
6.733786848,0.193912,0.0920161,0.155923,2.21262,0,0,0.0267876,0.00827073,4.21731,0.0292865,1.11118,0
6.780226757,0.187813,0.0728003,0.154339,2.23334,0,0,0.0368789,0.0220379,4.06771,0.025139,1.22853,0
6.826666667,0.17426,0.423576,0.143237,1.83033,0,0,0.17653,0.0311955,4.09893,0.0305484,1.20752,0
6.873106576,0.163576,0.606236,0.145828,1.65683,0.00365642,0,0.38596,0.0278374,4.12249,0.0391119,1.30532,0
6.919546485,0.200455,0.668248,0.142488,1.64234,0.00928431,0,0.805064,0.0199269,3.99445,0.0454503,1.56995,0
6.965986395,0.201223,0.786605,0.111545,1.71207,0.011118,0,1.13548,0.0156056,3.79654,0.0495244,1.79888,0
7.012426304,0.154863,0.927316,0.0243381,1.77544,0.0104223,0,1.13188,0.0139556,3.78064,0.0482211,1.81065,0
7.058866213,0.120933,1.05645,0.0589891,1.94965,0.0134675,0,0.80216,0.0135917,3.95717,0.045782,1.6085,0
7.105306122,0.103574,1.0934,0.155342,2.22493,0.0136684,0,0.372883,0.0209827,4.11355,0.0296963,1.37712,0
7.151746032,0.0950139,1.01355,0.174423,2.09906,0.00953763,0,0.273319,0.0202909,4.19188,0.0285742,1.44631,0
7.198185941,0.0909026,0.814568,0.176227,2.0621,0.0149309,0,0.260167,0.0317287,3.98866,0.0265999,1.98822,0
7.244625850,0.0421279,0.521024,0.0473048,2.14296,0.0193325,0.300075,0.401329,0.0318902,3.67173,0.0259948,2.17761,0
7.291065760,0.0495961,0.362368,0.0593491,1.86674,0.14932,0.384234,0.530427,0.0277652,3.60791,0.0274556,2.359,0
7.337505669,0.0751087,0.279821,0.160207,1.43623,0.275666,0.333633,0.479214,0.0223724,3.60885,0.0327234,2.6601,0
7.383945578,0.0727784,0.144643,0.211419,1.28189,0.306945,0.324778,0.53798,0.017901,3.46565,0.0356034,2.94622,0
7.430385488,0.0481724,0.173259,0.278135,0.914844,0.276979,0.368045,0.513398,0.00875682,3.31077,0.0326574,3.22916,0
7.476825397,0.0129825,0.271928,0.276725,0.834116,0.259533,0.369059,0.281502,0.0073601,3.46734,0.0388156,3.16734,0
7.523265306,0.00297132,0.248338,0.191182,1.10843,0.212582,0.299282,0.196545,0.00950002,3.73495,0.0512131,2.82433,0
7.569705215,0.0231252,0.179439,0.170203,1.46715,0.271154,0.283512,0.221697,0.0135477,3.82457,0.0518536,2.56833,0
7.616145125,0.0201179,0.086355,0.191203,1.94671,0.270704,0.337619,0.237022,0.0232576,3.79572,0.0382072,2.41743,0
7.662585034,0.000429712,0.0612589,0.195682,2.48531,0.12859,0.384701,0.169014,0.0445961,3.84801,0.0169595,2.05456,0
7.709024943,0,0.0293733,0.182643,2.87919,0,0.358414,0.0506351,0.102042,4.02059,0.0148121,1.66126,0
7.755464853,0,0.0150295,0.137902,2.9673,0,0.229587,0.0149695,0.0429201,3.97474,0.0260746,1.84005,0
7.801904762,0.000913816,0.033707,0.0596078,3.05381,0,0.0387466,0.00192297,0.0228618,3.66051,0.0440009,2.09378,0
7.848344671,0,0.0285156,0,3.18143,0,0.0433723,0.272061,0.138035,3.15006,0.0559006,2.10229,0.0545137
7.894784580,0,0.13777,0,3.16154,0.012167,0.0443032,0.46612,0.176961,3.06669,0.0687375,2.0676,0.168108
7.941224490,0,0.314449,0,3.01124,0.00271862,0.119577,0.508518,0.14524,3.35033,0.0946627,1.99173,0.405303
7.987664399,0,0.602103,0,2.85738,0.00826791,0,0.78949,0.103712,3.34574,0.113379,2.17274,0.432763
8.034104308,0,0.879539,0,2.84426,0.0403626,0,1.08357,0.090671,3.0686,0.113831,2.28392,0.168481
8.080544218,0.000103659,1.0141,0,2.81322,0.041542,0,1.38611,0.077841,2.93825,0.100507,2.15018,0.00950465
8.126984127,6.48683e-05,1.03164,0.027045,2.72031,0.0172827,0,1.49924,0.124275,3.06426,0.077943,1.94294,0.00878056
8.173424036,0.108616,0.962922,0.00703095,2.55919,0.0415398,0,1.68461,0.117249,2.99803,0.0601946,1.87405,0.172198
8.219863946,0.41836,0.934753,0,2.26517,0.0345804,0,1.96174,0.071506,2.6332,0.0463856,2.14817,0.193527
8.266303855,0.490144,0.898355,0,2.30988,0.0866881,0.00406505,1.93703,0.0225038,2.65661,0.034372,2.23363,0.0122008
8.312743764,0.393274,0.847179,0,2.33365,0.223194,0.0161135,1.79413,0.00853443,2.75151,0.0436355,2.262,0.00627146
8.359183673,0.173032,0.854305,0,2.36667,0.225153,0.00345607,1.66573,0.00928264,2.78715,0.0546099,2.22438,0.0246208
8.405623583,0,0.859948,0.0436801,2.52579,0.0188365,0,1.65651,0.0181334,2.69105,0.0530026,2.04027,0.47302
8.452063492,0,0.695966,0,2.62068,0.0191247,0,1.90376,0.0255644,2.53707,0.0493092,2.12468,0.764158
8.498503401,0,0.588581,0,2.67327,0.0148709,0,2.06457,0.0259534,2.28707,0.0480211,2.23395,0.851811
8.544943311,0,0.429004,0,2.80407,0.0123719,0,2.27561,0.0415031,2.08976,0.0497023,2.19553,1.01104
8.591383220,0,0.385954,0.0698549,3.00653,0.0169179,0,2.35833,0.02779,1.97736,0.045183,2.10222,1.21713
8.637823129,0,0.413606,0.15975,3.02254,0.018154,0,2.22091,0.0160527,1.87603,0.0332353,2.193,1.31229
8.684263039,0.00534636,0.434692,0.205904,2.99274,0.0177138,0,1.91557,0.00120524,1.78258,0.0246007,2.37073,1.24879
8.730702948,0,0.403318,0.219503,2.94307,0.0183531,0,1.97539,0,1.77272,0.0346745,2.38703,1.19776
8.777142857,0,0.458233,0.20793,2.75558,0.0185501,0.00994761,2.30314,0,2.00726,0.0545378,2.30823,1.13627
8.823582766,0,0.478037,0.0418066,2.59287,0.0156597,0.0170396,2.44106,0.00844035,2.20627,0.0577015,2.1814,1.16645
8.870022676,0,0.435885,0,2.38173,0.0112599,0,2.43052,0.0206457,2.1617,0.0484873,2.18203,1.46612
8.916462585,0,0.30955,0,2.48078,0.00995153,0,2.52879,0.0236974,1.89962,0.0473,1.9368,1.77722
8.962902494,0,0.388193,0,2.422,0.0131711,0,2.46003,0.0151703,1.86094,0.0584252,1.66577,1.92935
9.009342404,0.049625,0.504557,0.0193416,2.241,0.0149825,0,2.68094,0.00745155,1.85878,0.0720259,1.48253,1.96987
9.055782313,0.173034,0.494082,0.00791528,2.2524,0.0155383,0,2.84082,0.00711704,1.9123,0.0821566,1.27976,1.92278
9.102222222,0.34377,0.332053,0.0533959,2.51137,0.0171681,0,2.77697,0.00310271,1.7827,0.0846001,0.945181,2.04518
9.148662132,0.42351,0.185634,0.0907103,2.4603,0.0159465,0.0198099,2.66657,0,1.72752,0.0746222,0.76677,2.29316
9.195102041,0.533277,0.208436,0.0791393,2.21777,0.0226045,0.0878084,2.55592,0.00501268,1.93232,0.063595,0.391284,2.46324
9.241541950,0.631416,0.257352,0,1.71544,0.180993,0.0114913,2.54079,0.022194,1.92501,0.0432293,0.857652,2.34181
9.287981859,0.696073,0.250419,0.0294818,1.32329,0.424729,0.00139093,2.58475,0.035984,1.79671,0.0111855,1.64911,1.83725
9.334421769,0.614141,0.19055,0.0822559,1.39831,0.200277,0.00192809,2.61643,0.0416396,1.872,0,1.93535,1.46855
9.380861678,0.293278,0.191423,0.0579099,1.60929,0.0838566,0.0106353,2.60338,0.0420901,2.07226,0,1.86147,1.46637
9.427301587,0.024978,0.272124,0.0719618,1.5792,0.0581268,0.0763139,2.45704,0.0339502,2.2722,0,1.50835,1.90462
9.473741497,0.226543,0.531056,0.132599,1.46828,0.0149041,0.187875,2.28366,0.0244305,2.35728,0.00431828,1.2259,2.06234
9.520181406,0.404721,0.801201,0.1087,1.26899,0.0153079,0.17977,2.16072,0.0185806,2.39877,0.0289404,1.24716,1.93825
9.566621315,0.525767,0.86289,0.0290908,1.20009,0.0196472,0.19848,2.05223,0.0170477,2.38989,0.0489631,1.37091,1.72079
9.613061224,0.556509,0.849923,0,1.23106,0.0171522,0.292574,1.90967,0.0146827,2.35125,0.0598976,1.39885,1.82252
9.659501134,0.559526,0.75558,0,1.27268,0.0226934,0.392555,1.81009,0.0107178,2.40206,0.0560557,1.11295,2.07687
9.705941043,0.511274,0.616462,0,1.34444,0.0258945,0.348383,1.85811,0.0130618,2.53825,0.0462256,0.826602,2.14254
9.752380952,0.412266,0.457201,0,1.50182,0.0231019,0.300521,1.92455,0.0191463,2.61217,0.0307478,0.896702,2.05579
9.798820862,0.235088,0.368452,0,1.5853,0.0317063,0.343043,1.94354,0.0301739,2.50467,0.0119689,1.0641,1.85218
9.845260771,0.124825,0.299415,0,1.65196,0.0292965,0.340137,1.9459,0.0346312,2.38264,0.00923137,1.07103,1.82779
9.891700680,0.104782,0.361479,0.00360198,1.55944,0.0246565,0.322018,1.96115,0.0260792,2.35734,0.0254784,0.973053,2.02737
9.938140590,0.205192,0.551164,0.0328491,1.3541,0.0240868,0.316909,2.03621,0.0171994,2.34145,0.0469509,0.629786,2.48697
9.984580499,0.38285,0.612102,0.0832738,1.28198,0.0241432,0.336285,2.10185,0.0101181,2.41521,0.0574567,0.413204,2.70594
10.031020408,0.540704,0.541286,0.158222,1.35334,0.022598,0.287756,2.11214,0.016076,2.41718,0.0568291,0.569912,2.74227
10.077460317,0.549226,0.447817,0.217188,1.31464,0.0172246,0.348025,2.12487,0.0170024,2.24134,0.0614881,0.854623,2.70286
10.123900227,0.544267,0.296055,0.240649,1.39401,0.0100128,0.415965,2.24697,0.0176601,2.12398,0.0653149,0.74052,2.7509
10.170340136,0.511382,0.211238,0.193571,1.65379,0.0124349,0.341348,2.44739,0.0460209,2.05756,0.0683391,0.406034,2.90343
10.216780045,0.474835,0.167948,0.0214111,1.9907,0.0153103,0.217887,2.61661,0.20326,1.88882,0.0537259,0.261362,2.91164
10.263219955,0.316172,0.127932,0.000797536,1.93338,0.0175432,0.0967448,2.60381,0.113871,1.75828,0.0409523,0.629395,2.74759
10.309659864,0.312581,0.148877,7.78804e-05,1.79706,0.0167117,0,2.30835,0.022142,1.91152,0.0360631,0.896665,2.59849
10.356099773,0.521544,0.11104,0,2.04899,0.0121423,0,2.05821,0.0232505,1.91928,0.0396672,0.804769,2.59931
10.402539683,0.57006,0,0,2.12071,0.00657378,0,2.15944,0.0220962,1.8804,0.0381103,0.719925,2.59441
10.448979592,0.607762,0,0,2.07634,0.00405751,0,2.31693,0.0189762,1.794,0.0381752,0.829114,2.65437
10.495419501,0.659845,0.110955,0,1.89533,0.0365417,0,2.35851,0.0157437,1.864,0.0467557,1.00846,2.57142
10.541859410,0.682392,0.354425,0,1.86097,0.0450514,0.0296951,2.15595,0.0187868,1.99534,0.0451852,0.933559,2.54654
10.588299320,0.624102,0.43197,0,1.96469,0.0160733,0.0927163,1.94897,0.0247392,2.1011,0.0308215,0.487537,2.80089
10.634739229,0.554487,0.331622,0,1.98606,0.0162926,0.0535579,1.92905,0.0288091,2.18746,0.0195812,0.360525,2.9634
10.681179138,0.381667,0.10113,0,2.01491,0.0161174,0.0102113,1.94311,0.0327643,2.21903,0.0280735,0.497616,2.9197
10.727619048,0.0841537,0.13758,0,1.96143,0.0100295,0.0651693,1.88393,0.0302631,2.28922,0.0479471,0.543813,2.92831
10.774058957,0.0394546,0.235771,0,2.21133,0.00721578,0.0946732,1.87676,0.0186597,2.22448,0.0596912,0.482435,2.90107
10.820498866,0.224437,0.322265,0.00595207,2.31965,0.004125,0.151572,1.82809,0.0117733,2.11911,0.055078,0.570928,2.78044
10.866938776,0.389495,0.328638,0,2.28131,0.00550741,0.283893,1.6612,0.010277,2.28894,0.047591,0.716735,2.64567
10.913378685,0.526098,0.316128,0,2.15261,0.0116771,0.353281,1.64138,0.0105168,2.33416,0.0534514,0.687101,2.61169
10.959818594,0.584888,0.379402,0,1.98841,0.0168793,0.325424,1.53411,0.0121966,2.35644,0.0607278,0.644275,2.6227
11.006258503,0.524262,0.368152,0,1.86352,0.0171735,0.265469,1.62302,0.00899601,2.35539,0.0552372,0.610135,2.63532
11.052698413,0.396678,0.268732,0,2.20907,0.0173876,0.274654,1.63146,0.00841007,2.34371,0.0493933,0.349574,2.70873
11.099138322,0.220023,0.152679,0,2.34767,0.0166061,0.294168,1.72905,0.00958054,2.33136,0.05812,0.0877324,2.8263
11.145578231,0.00440983,0.00557147,0.0664321,2.1228,0.0167607,0.244388,1.90151,0.0030212,2.30313,0.0737306,0.144383,2.78048
11.192018141,0.000203584,0.056027,0.186552,1.94358,0,0.285016,1.89074,0.00692771,2.18784,0.091311,0.252583,2.57887
11.238458050,0.000442699,0.00271682,0.306745,2.29763,0,0.47808,1.79939,0.116495,1.71744,0.180631,0.304363,2.33665
11.284897959,0.000336865,0.0402452,0.403166,2.14217,0.052775,0.513651,1.6604,0.159834,1.68824,0.18544,0.358673,2.24061
11.331337868,0.247443,0.203094,0.477885,1.82351,0.0908644,0.365554,1.59162,0.00173705,2.06631,0.153232,0.398661,2.38828
11.377777778,0.86277,0.14381,0.19673,2.08118,0.11108,0.215743,1.85217,0.00111888,2.57524,0.157692,0.555291,2.59187
11.424217687,0.928793,0.156122,0.0916935,2.45112,0.0691019,0.133661,1.81288,0,2.89895,0.113156,0.245255,2.56435
11.470657596,0.850505,0.190278,0,2.39826,0.0850215,0.233201,1.71641,0.0522082,2.97542,0.0767546,0.103024,2.40253
11.517097506,0.873777,0.0696894,0,2.2105,0.0526106,0.306446,1.52774,0.100383,3.19152,0.0826045,0.0240088,2.03319
11.563537415,0.978868,0.165333,0.136644,1.64053,0.200461,0.729457,1.4031,0.056275,2.82917,0.0594481,0.170931,1.49639
11.609977324,1.08802,0.154251,0.174655,1.16523,1.08181,0.951732,1.54836,0.0161477,2.65747,0.252739,0.010576,1.02355
11.656417234,1.10393,0.126487,0.0650528,1.51157,1.29823,0.700092,1.5399,0,2.7069,0.260731,0,1.05135
11.702857143,0.839879,0.0863995,0.000379874,1.97974,0.957255,0.32624,1.23861,0,3.27211,0.0588027,0,1.51333
11.749297052,0.621748,0.00212931,0.0013953,2.13503,0.787312,0.140539,0.612934,0,3.72255,0.016764,0,1.94594
11.795736961,0.696642,0.041013,0.00247599,2.21976,0.72302,0.114482,0.26757,0.0122769,3.83173,0.00598978,0,2.10929
11.842176871,0.704901,0.000653781,0.000853604,2.40014,0.178972,0.0623985,0.354988,0.00971722,4.05366,0.0363244,0,2.25238
11.888616780,0.694094,0.0011927,0.203419,2.39207,0.103912,0,0.55788,0,4.08262,0.0436223,0,2.18275
11.935056689,0.750155,0.0827855,0.234837,2.42646,0.0330325,0.0508,0.634161,0.000393661,3.90793,0.126228,0,1.91453
11.981496599,0.713984,0.114531,0.202965,2.4621,0.0528285,0.0803627,0.61836,0.00166556,3.86408,0.174652,0.0781109,1.54734
12.027936508,0.675541,0.122012,0.188619,2.61064,0.10595,0.0652438,0.642524,0.00258435,4.02615,0.182652,0.0782696,0.903809
12.074376417,0.942674,0.146701,0.164134,2.77793,0.0551123,0,0.660922,0.00101996,3.98852,0.194099,0.200752,1.03749
12.120816327,0.975573,0.173443,0.143283,2.7228,0.110314,0,0.669429,0,3.81662,0.126448,0.300013,1.47532
12.167256236,0.817983,0.204498,0.00719343,2.70146,0.118278,0,0.803835,0.0225318,3.6252,0,0.255444,1.70028
12.213696145,0.658145,0.080224,0.0493711,2.81936,0,0,0.691421,0.0598911,3.534,0.00297894,0.126963,1.76341
12.260136054,0.408207,0.141728,0.134011,2.53647,0.493205,0.187689,0.427096,0.0452192,3.27164,0.00790667,0.386299,1.45797
12.306575964,0.162996,0.206894,0.171298,1.91635,0.929984,0.503672,0.381592,0.0224648,3.51064,0.0111135,0.490371,1.27695
12.353015873,0.237617,0.209265,0.0997062,1.77789,1.12397,0.481224,0.395473,0.0228507,3.64065,0.00709527,0.305514,1.12794
12.399455782,0.635337,0.170156,0.000970365,1.96796,1.01549,0.343766,0.33312,0.0314925,3.8842,0.0143127,0,1.0739
12.445895692,0.957118,0.00925164,0.00140744,2.14288,0.746841,0.162982,0.367528,0.00545779,4.10799,0.0395655,0,1.41556
12.492335601,1.18398,0.00168799,0.00117946,2.25989,0.599532,0.0522206,0.447385,0.0265769,3.95048,0.0658135,0,1.50444
12.538775510,1.18518,0.000879074,0.000959812,2.25815,0.415778,0.0672399,0.499371,0.00307275,4.043,0.0764529,0,1.60374
12.585215420,1.00843,0.00224162,0.235652,2.13176,0.171271,0,0.432625,0,4.07051,0.0641764,0.111934,2.12691
12.631655329,0.829527,0,0.235271,2.21737,0.172904,0,0.357737,0.0295604,3.90994,0.0874812,0.0648693,2.38084
12.678095238,0.945193,0.0496788,0.154805,2.66915,0.369878,0.038662,0.364452,0.0479729,3.27537,0.295088,0.116263,2.39057
12.724535147,0.975389,0.0716005,0.159781,2.40269,0.384454,0.0257602,0.394179,0.0023702,3.56745,0.217416,0.183764,2.33385
12.770975057,1.3193,0.0924658,0.118513,1.97092,0.355001,0,0.655936,0.00978756,3.79645,0.130489,0.193966,1.55138
12.817414966,1.3515,0.0973163,0.036674,1.89759,0.288604,0.0471121,0.791992,0.0513045,3.70918,0.176299,0.313288,1.0883
12.863854875,1.05941,0.110552,0,2.19211,0.162874,0.0317638,0.735102,0.0494134,3.93639,0.113724,0,1.30176
12.910294785,0.874432,0.0603263,0.0167466,2.1831,0.00997536,0,0.568806,0.0131579,4.19563,0.0770978,0,1.34837
12.956734694,0.603076,0.0681242,0.139729,1.74511,0.627749,0.215398,0.53384,0,4.07805,0.0697678,0,1.25359
13.003174603,0.199228,0.201409,0.150941,1.73374,1.39567,0.52805,0.487168,0,3.75965,0.0726697,0,1.12194
13.049614512,0.228888,0.236564,0.0607531,1.66772,1.68895,0.579675,0.412829,0,3.55033,0.081338,0.0980152,1.15195
13.096054422,0.615137,0.227648,0,1.91797,1.19194,0.53282,0.314409,0,3.62591,0.0863581,0.26581,1.00876
13.142494331,0.831858,0.08508,0.000468235,1.92071,0.669701,0.280702,0.420954,0,4.08364,0.0695111,0.0667201,0.543548
13.188934240,0.642021,0.0124047,0.0195411,2.14021,0.467835,0.0351029,0.344369,0.00472836,4.21696,0.00639607,0,0.682003
13.235374150,0.36012,0.0094617,0.0356024,2.28898,0.161777,0.0249174,0.148398,0.0265437,4.19193,0.0257809,0,1.39733
13.281814059,0.234899,0.115831,0.0990401,2.18036,0.214061,0,0.0114731,0.0271867,4.05447,0.024621,0,1.72967
13.328253968,0.142788,0.172229,0.234832,1.9738,0.264454,0,0.00355955,0,3.97526,1.28514e-05,0,1.99689
13.374693878,0.114792,0.184979,0.211139,1.97253,0.406646,0,0.0114431,0.00242171,3.75393,0,0.234285,2.06067
13.421133787,0.216332,0.219401,0.229836,1.73114,0.329434,0,0.0138978,0.000595983,3.48197,0.0998944,0.256981,1.98223
13.467573696,0.227402,0.0693392,0.242156,1.8989,0.347721,0,0.00831622,0.00515937,3.98821,0.159533,0.237925,1.83307
13.514013605,0.319303,0.0693911,0.197683,1.97577,0.319096,0.00192843,0.00716369,0.002685,4.08349,0.201043,0.189388,1.44065
13.560453515,0.194574,0.124785,0.146665,2.04848,0.289086,0.00338496,0.00938552,0.00250709,4.04821,0.194416,0.302515,1.57374
13.606893424,0.083433,0.199136,0.16002,2.14229,0.237557,0.00427962,0.00871943,0.00094713,4.00207,0.237166,0,1.79579
13.653333333,0.452667,0.224606,0.112442,2.20164,0.110825,0.0224635,0.209469,0.00221759,3.75929,0.397496,0.00109654,1.30706
13.699773243,0.248949,0.136314,0.294241,2.0656,0.415967,0.179126,0.456124,0.155409,3.36373,0.593248,0.0477833,0.985632
13.746213152,0.0644639,0.133957,0.530167,1.78966,0.824058,0.332684,0.795094,0.163973,3.1066,0.465132,0.029553,0.732979
13.792653061,0.0335799,0.199671,0.233222,2.06359,0.857317,0.323182,0.600105,0.063029,3.15434,0.312904,0,1.09802
13.839092971,0.0174734,0.145377,0.101105,2.12466,0.722418,0.219598,0.071272,0.0968509,3.28452,0.231001,0,1.48388
13.885532880,0.158772,0.0711786,0.0361678,2.21375,0.560835,0.120759,0,0.109565,3.37269,0.158752,0,1.80335
13.931972789,0.256823,0.00917941,0.000437645,2.25997,0.11952,0.071903,0,0.0971411,3.84631,0.180269,0.0527568,1.82259
13.978412698,0.196012,0,0.190042,2.15827,0.148452,0,0.00673747,0.0306765,4.02914,0.139883,0.00148149,1.60599
14.024852608,0.0857559,0.00248086,0.343961,2.32163,0.124566,0,0.224509,0.00353105,3.91513,0.0379081,0,1.95694
14.071292517,0.000456975,0.00323466,0.234413,2.13752,0.147202,0,0.338473,0.00473552,3.89047,0.14255,0.172588,2.23114
14.117732426,0.000549594,0.0443894,0.220289,2.23803,0.126253,0,0.103016,0.00479705,3.89231,0.201332,0.0614541,2.16231
14.164172336,0.133397,0.0773965,0.165305,2.40201,0.183497,0.000830076,0.0442685,0.00328573,4.03118,0.184668,0.0670895,1.61492
14.210612245,1.00022,0.10516,0.0904931,2.26469,0.181252,0.00216246,0,0.00933098,4.14281,0.185388,0.0444821,1.25921
14.257052154,1.05481,0.153255,0,2.20357,0.170974,0,0.0114126,0.0290384,3.98725,0.138099,0.00157906,1.2478
14.303492063,0.863266,0.113804,0,2.26084,0.244024,0,0.151678,0.0195572,3.97929,0.030008,0,1.18868
14.349931973,0.630967,0.157677,0.000302402,2.06616,0.405953,0.236546,0.502346,0.0447503,3.94289,0.0156309,0,0.806606
14.396371882,0.664545,0.218398,0.100395,1.95167,0.828367,0.641905,0.902619,0.0426715,3.58099,0.0115194,0,0.026926
14.442811791,0.813937,0.193145,0.0533492,1.96364,1.0258,0.726501,0.986716,0.0578268,3.42313,0.010576,0,0.0403049
14.489251701,0.869439,0.137189,0.000957956,2.01199,1.09716,0.587197,0.7588,0.0771875,3.5741,0.00949422,0,0.550188
14.535691610,0.810728,0.0633342,0.000821778,1.95553,0.898468,0.349679,0.571491,0.0649754,3.65681,0.00731337,0,1.18091
14.582131519,0.672503,0.116419,0,1.99786,0.600775,0.207223,0.424166,0.02403,3.66039,0.00403757,0.00191374,1.52781
14.628571429,0.652889,0.0923185,0,2.3737,0.251856,0.0865035,0.393526,0.0032582,3.69035,0.00703576,0.0508491,1.72309
14.675011338,0.492636,0.000536158,0.120241,2.5147,0.110963,0.041706,0.718332,0,3.71289,0.104977,0.0175256,1.61584
14.721451247,0.371946,0.00112325,0.312084,2.4177,0.21178,0.0203102,1.06823,0,3.53842,0.0967154,0,1.85924
14.767891156,0.298708,0.0690262,0.281956,2.46111,0.173229,0.0911051,1.09671,0,3.19042,0.134252,0.0530663,2.3286
14.814331066,0.448476,0.0476361,0.218517,2.66605,0.188751,0.024953,0.98167,0.0451272,2.9065,0.18293,0.0796466,2.48658
14.860770975,0.604538,0.0630944,0.11318,2.83755,0.250569,0,0.786798,0,2.75708,0.18125,0.189664,2.59703
14.907210884,0.897554,0.076371,0.0675392,2.6906,0.287885,0.00285192,0.675315,0,2.61411,0.335833,0.60301,2.1803
14.953650794,0.996627,0.0789715,0.00983666,2.51779,0.253775,0.00393169,0.59271,0.00810501,3.00223,0.272005,0.29101,2.09627
15.000090703,0.946715,0.0687587,0.00591492,2.41531,0.203125,0.00139176,0.536119,0.0260444,3.33728,0.053421,0,1.77791
15.046530612,0.83718,0.1606,0,2.11618,0.0930252,0.00298744,0.40121,0.0298817,3.54873,0.0426709,0.204074,1.62803
15.092970522,0.574954,0.173626,0.00167912,1.96684,0.701722,0.34822,0.737662,0.0418758,3.4961,0.0304057,0.259763,0.964563
15.139410431,0.329165,0.238018,0.00323765,1.89172,1.22687,0.364114,0.947254,0.0871367,3.46949,0.0278744,0.0220235,0.635951
15.185850340,0.412721,0.182295,0.00255672,1.95218,1.23503,0.341412,0.992668,0.144395,3.43226,0.0231093,0,0.632624
15.232290249,0.718113,0.002517,0.00239736,2.05265,1.03402,0.257282,0.782278,0.138435,3.50232,0.0213731,0.126914,0.623948
15.278730159,0.818449,0.0348575,0.00195001,2.13313,0.727652,0.346418,0.616093,0.18435,3.51941,0.0522738,0.013706,0.893966
15.325170068,0.617962,0.002281,0.00114357,2.21803,0.315843,0.3746,0.685404,0.244997,3.43823,0.0599447,0,1.06223
15.371609977,0.611866,0.0023381,0.00510785,2.13676,0.166037,0.0861953,0.804511,0.00236237,3.36356,0.0439054,0,1.29377
15.418049887,0.628028,0.155872,0.170937,1.99797,0.254756,0.0289609,0.717437,0.00229977,3.26721,0.0684257,0.0247841,1.78079
15.464489796,0.454929,0.16864,0.20849,2.09869,0.13052,0.0043291,0.652388,0.00399451,3.14631,0.209784,0.0835985,2.13843
15.510929705,0.196905,0.168588,0.187302,2.23737,0.0991369,0.00552797,0.589668,0.00410101,3.12605,0.466824,0.126423,2.02199
15.557369615,0.519843,0.187414,0.0936375,2.25244,0.133458,0.0376304,0.566888,0.00155069,3.15317,0.562806,0.0938599,1.519
15.603809524,0.741749,0.216875,0.102253,2.10622,0.160873,0.123346,0.746482,0.000641824,3.05217,0.545529,0.0384283,1.02722
15.650249433,0.701968,0.226683,0,2.14781,0.0819958,0.234122,1.00785,0,2.99054,0.523594,0.00130169,0.598894
15.696689342,0.490004,0.175308,0.000225839,2.18829,0,0.512491,1.17996,0.00522282,2.87529,0.522126,0.0334274,0.389042
15.743129252,0.757567,0.00439357,0.23887,2.10258,0.0432006,0.184618,1.20124,0.0146684,2.75264,0.698843,0.173549,0.550033
15.789569161,0.655749,0,0.131139,1.57353,0.896652,0.655564,1.22579,0.0265335,2.58964,0.446821,0.145034,0.601854
15.836009070,0.692999,0,0.0435394,1.56956,1.22501,0.705238,1.10021,0.0768073,2.7277,0.282536,0.0881839,0.747239
15.882448980,0.778422,0.147714,0.00329021,1.42325,1.40464,0.602173,0.923971,0.0994417,2.75578,0.368954,0.107581,1.00585
15.928888889,0.658024,0.177008,0.00192713,1.12844,1.41589,0.428384,1.00891,0.156402,2.88677,0.374737,0.296009,0.930293
15.975328798,0.605908,0.162278,0.0018106,1.12451,0.943046,0.481175,1.26453,0.07104,2.87551,0.328954,0.257487,0.942013
16.021768707,0.540119,0.110622,0.000904328,1.12602,0.586949,0.555719,1.36608,0.0493313,2.94883,0.175145,0.301982,0.996935
16.068208617,0.438264,0.0990018,0.00123774,1.51167,0.0275719,0.61089,1.30592,0.0458358,2.97673,0.1212,0.179893,1.25453
16.114648526,0.890661,0.200717,0.000349141,1.61176,0.0212565,0.219884,1.40801,0.0241004,2.71288,0.202772,0.0602858,1.32041
16.161088435,0.865951,0.271861,0.0569555,1.43451,0,0.238602,1.18035,0.0214594,2.46327,0.35646,0.0304719,1.80156
16.207528345,0.921882,0.296347,0.0625348,1.5166,0.0489396,0.181546,1.02601,0.0411317,2.11836,0.410856,0.0881936,2.07676
16.253968254,1.01643,0.24372,0.109781,1.62129,0.135762,0.177654,1.05319,0.0398191,2.11971,0.276529,0.131597,2.09065
16.300408163,1.12939,0.0390242,0.121316,1.9135,0.0992642,0.208071,1.00059,0.0535367,2.10779,0.621675,0.297504,1.4771
16.346848073,1.17844,0.0331971,0.146394,1.67215,0.15641,0.192239,0.793407,0.0559788,2.02083,0.880218,0.324974,1.38569
16.393287982,1.32763,0.159052,0.291224,1.73288,0.130873,0.13425,0.625998,0.0319146,2.06734,0.942282,0.262797,1.17395
16.439727891,1.67125,0.413082,0.305279,2.24378,0.0227181,0.0411493,1.01093,0,2.13523,1.00688,0.103855,0.507468
16.486167800,1.37606,0.390636,0.177416,1.73682,0.259333,0.623718,1.67936,0,2.10331,0.693777,0.0743226,0.259766
16.532607710,1.12836,0.211521,0.186691,1.5106,0.863659,0.82712,1.97742,0,2.06036,0.313711,0.00582643,0.0818101
16.579047619,1.45181,0.142171,0.118471,1.53281,1.09275,0.725381,1.71666,0.0129892,2.25408,0.235292,0,0.052451
16.625487528,1.63087,0.15679,0.014454,1.63687,1.12904,0.503412,1.5548,0.0532546,2.24264,0.267053,0,0.0265698
16.671927438,1.31095,0.272478,0.0836749,1.76649,0.795148,0.191461,1.6189,0.023759,1.92695,0.34163,0.0255456,0.0290138
16.718367347,1.1769,0.426488,0.152402,1.62754,0.519329,0.165039,1.58837,0.0158283,2.04046,0.566172,0.0233778,0.169128
16.764807256,1.24652,0.328555,0.263756,1.42252,0.481201,0.109704,1.66516,0.0429957,2.34833,0.97053,0.0880559,0.231857
16.811247166,0.971156,0.20617,0.350378,0.932716,0.543881,0.011723,1.61587,0,2.6681,1.31787,0.40411,0.310775
16.857687075,0.230174,0.305483,0.239243,1.00568,0.426016,0.394709,1.28833,0,2.95104,1.27493,0.253239,0.323162
16.904126984,0.140268,0.37571,0.0740219,1.19229,0.325953,0.110077,0.833292,0,3.00495,0.826923,0.169571,0.279538
16.950566893,0.253004,0.429821,0.0776302,1.81108,0.103159,0.00063608,0.465031,0.0453382,3.03647,0.876422,0.163153,0.42536
16.997006803,0.279323,0.225503,0.094181,2.0445,0.186878,0,0.453684,0,3.1827,0.867937,0.0501902,1.02415
17.043446712,0.232768,0.0932081,0.0444827,2.07918,0.404441,0.00117868,0.898266,0.00260756,3.13624,0.369518,0,1.70051
17.089886621,0.464642,0.0162588,0,2.28384,0.0883716,0,0.987004,0.00734101,3.28957,0.198879,0,2.13974
17.136326531,0.723164,0,0.0226027,2.48725,0,0,0.659954,0.00986539,3.3266,0.136977,0,1.99854
17.182766440,1.06241,0,0.0993665,2.76295,0.0315249,0.000270068,0.641534,0.0114521,2.98604,0.142777,0,1.6605
17.229206349,0.96111,0.000821028,0.126589,2.3949,0.689638,0.558663,0.858325,0.00788661,2.70886,0.114794,0.34871,0.651888
17.275646259,0.508316,0.264025,0.0463009,1.52382,1.21156,0.782054,0.526721,0.00929812,3.38771,0.0611286,0.594382,0.106868
17.322086168,0.723787,0.0749118,0.00187761,1.56494,0.883174,0.561846,0.183018,0.0124082,4.03548,0.036377,0.250184,0.0853889
17.368526077,1.05539,0.164164,0.00529242,1.7148,0.220285,0.213414,0.0109975,0.0186036,4.23518,0.0182287,0,0.442308
17.414965986,0.93704,0.190423,0.00068554,1.76853,0.185153,0.0416293,0.102198,0.025969,4.25459,0.0259014,0,0.70059
17.461405896,0.824573,0.196301,0.000265542,1.75706,0.0198696,0.033038,0.190696,0.0250936,4.24822,0.0228373,0,1.17949
17.507845805,0.763948,0.136889,0.11127,1.82161,0.155996,0.00946582,0.214431,0.0165152,4.13526,0.00533844,0,1.39734
17.554285714,0.775304,0.158243,0.165097,1.83781,0.0815255,0.0103944,0.0976665,0.0129722,4.13442,0.0151753,0.0949677,1.56927
17.600725624,0.671857,0.150375,0.218335,1.94736,0.101047,0.00573841,0.0149511,0,4.16366,0.0370383,0.23918,1.4293
17.647165533,0.28273,0.108657,0.208388,2.2609,0.122053,0,0.0140608,0,4.154,0.0539871,0.320998,1.0572
17.693605442,0,0.130132,0.193974,2.27617,0.187282,0,0.291753,0,4.132,0.0713373,0.124154,0.555626
17.740045351,0.00202679,0.126619,0.159027,2.09624,0.257071,0,0.516212,0.0148038,4.05821,0,0.0186939,0.389859
17.786485261,0.130878,0.0553003,0.0160461,2.06815,0.277446,0,0.51179,0.0358875,4.17111,0,0.0470987,0.672005
17.832925170,0.282464,0.0645066,0.0436173,2.309,0.048046,0,0.200356,0.0317652,4.25929,0.0261549,0.0673909,1.02164
17.879365079,0.562738,0.0691825,0.0690241,2.56141,0,0,0.246079,0.0256914,3.89095,0.0292248,0.262665,0.968257
17.925804989,0.665143,0.0915388,0.104655,2.68758,0.16222,0.0902097,0.332098,0.0199965,3.14496,0.0261295,0.393158,0.843753
17.972244898,0.38991,0.134044,0.0723089,2.61268,0.402069,0.247777,0.379441,0.0193042,3.57357,0.0291103,0.137144,0.526064
18.018684807,0.0541756,0.104546,0.00990009,2.40802,0.438986,0.134569,0.422215,0.0236643,4.06198,0.0320729,0,1.10896
18.065124717,1.68975e-05,0.238942,0,2.2276,0.145275,0.151997,1.27172,0.0209394,4.06151,0.0295041,0,1.74408
18.111564626,2.67011e-05,0.201127,0,2.20983,0.087927,0.142932,1.79414,0.0202535,3.74096,0.025502,0.0014662,1.96756
18.158004535,2.29675e-05,0.207128,0.0426812,2.12998,0,0.0221934,1.85021,0.0185676,3.62479,0.0296007,0.00324999,2.09683
18.204444444,0,0.203342,0.126863,2.056,0.202807,0,1.88419,0.0155443,3.45502,0.0169946,0.00271088,1.90276
18.250884354,0,0.192957,0.159022,2.29259,0.325485,0.0642597,1.78423,0.0190921,3.51461,0.0656589,0.00133613,1.61854
18.297324263,0.0803525,0.246778,0.126136,2.26449,0.390486,0.0800678,1.27002,0.0204174,3.75388,0.276685,0.0566153,1.20562
18.343764172,0,0.253006,0.0987394,2.1913,0.377208,0.0776383,1.49234,0,3.8392,0.379201,0.145336,0.791061
18.390204082,0.0702791,0.260893,0.0853314,2.32849,0.320348,0.0752074,1.77344,0,3.8062,0.223569,0.272424,0.526316
18.436643991,0.282892,0.221362,0.0544298,2.44147,0.216686,0.0783678,1.89025,0.000952384,3.65263,0.138971,0.515466,0.708852
18.483083900,0.369961,0.154649,0.0103699,2.48818,0.178856,0.0496524,2.02717,0.0210783,3.39679,0.025442,1.11548,0.7978
18.529523810,0.381868,0.0959565,0.0200397,2.62708,0,0.0460858,1.96051,0.0267039,3.08545,0.0264439,1.3585,1.04247
18.575963719,0.31538,0.0537005,0.148864,2.65973,0,0.174082,1.83501,0.0180655,2.87699,0.0220904,1.34208,1.0542
18.622403628,0.144532,0.0481924,0.170514,2.24567,0.160899,0.74446,2.01115,0.0127954,2.84308,0.018781,1.37971,0.6398
18.668843537,0.322861,0.129923,0.095762,1.4019,0.769094,0.893818,2.03519,0.0172471,2.92703,0.0340192,1.62356,0.134775
18.715283447,0.574001,0.203048,0.00290667,1.69088,0.935661,0.846326,2.05731,0.0139816,3.01451,0.0312895,1.38712,0.297489
18.761723356,0.519077,0.160005,0.00101294,2.71101,0.526802,0.459292,1.83463,0.00907356,3.06342,0.0308866,1.03162,0.982711
18.808163265,0.492103,0.0731281,0.00106233,2.96146,0.193212,0.244399,1.65515,0.0126539,3.21627,0.0343899,0.98944,1.06911
18.854603175,0.458582,0.0470002,0,2.99161,0,0.208736,1.43202,0.0150741,3.36127,0.0652036,0.982602,0.996028
18.901043084,0.651302,0.0837807,0.033783,2.94186,0.147415,0.0650594,1.11233,0.00308963,3.45511,0.0736066,0.775241,1.13775
18.947482993,0.729729,0.188658,0.185927,2.71282,0.15353,0.145867,0.705586,0.0101761,3.57539,0.104694,0.616571,1.56851
18.993922902,0.843073,0.227766,0.224618,2.6632,0.256334,0.141018,0.564783,0.0215421,3.64999,0.139042,0.426658,1.59644
19.040362812,0.817675,0.213943,0.200582,2.55998,0.352962,0.118464,0.680705,0.0328038,3.64371,0.162454,0.380742,1.62621
19.086802721,0.628421,0.0962767,0.257812,2.53726,0.278257,0.0445126,0.94298,0.0371734,3.52815,0.135004,0.491871,1.52267
19.133242630,0.589843,0.0934191,0.216802,2.65138,0.245275,0.0318944,1.37436,0.014708,3.1141,0.116264,0.641195,1.4954
19.179682540,0.282476,0.283736,0.187475,2.40685,0.210037,0.0123428,2.29706,0,2.54126,0.0907381,0.980558,1.59922
19.226122449,0.0466077,0.540841,0.16868,1.96534,0,0,3.28738,0,1.36259,0.148421,1.62735,1.37742
19.272562358,0.0841588,0.869461,0.117301,1.46483,0.00229537,0,3.80331,0.0229347,0.530013,0.16918,1.72416,1.0352
19.319002268,0.152125,0.830639,0.116211,0.93211,0.097131,0.186117,3.77198,0.157065,1.13782,0.16727,1.53448,0.827979
19.365442177,0.172625,0.777848,0.0290036,0.844905,0.279259,0.377647,3.32835,0.205118,1.95631,0.475784,1.19403,0.768017
19.411882086,0.329317,0.98059,0.00109487,1.21825,0.424676,0.59224,2.72548,0.0247068,2.57519,0.613433,0.753121,0.435621
19.458321995,0.668279,0.284874,0,1.55476,0.341543,0.64944,2.35424,0.0524268,2.94802,0.349573,0.612766,0.102299
19.504761905,0.700981,0.428204,0.00077552,1.69529,0.291761,0.339939,2.23096,0.069953,2.81129,0.0242828,0.736464,0.0193282
19.551201814,0.122045,0.682639,0,2.00843,0.0659236,0.326254,2.32873,0.21766,2.07761,0.00656745,0.867449,0
19.597641723,0,0.958004,0.00865775,2.06038,0.0504703,0.385971,2.28455,0.404898,1.61336,0,1.51731,0.302887
19.644081633,0,1.67374,0.0019596,2.25129,0.068279,0.309596,2.23797,0.260074,1.38287,0.034508,1.80904,0.437145
19.690521542,0.00147254,1.85818,0.0579745,2.37334,0.169977,0.0268139,2.05094,0.386002,1.34555,0.0357265,1.90672,0.29771
19.736961451,0.0316224,1.50597,0.000700341,3.00518,0.0558852,0.00819406,1.86461,0.442585,1.13589,0.0203279,1.69104,4.87823e-05
19.783401361,0.04842,1.14609,0.0149844,3.30104,0.0955772,0.00269632,2.03232,0.615438,1.59583,0.0532423,1.52118,0
19.829841270,0.065494,0.913529,0.164264,3.62498,0.0510313,0,1.88586,0.835158,1.8809,0.0836199,1.46601,0
19.876281179,0.0224067,0.807798,0.178575,3.61881,0.0176603,0,1.72361,0.894998,1.96533,0.0788596,1.70973,0
19.922721088,0.00330686,0.660439,0.0446003,3.40793,0.0205064,0,2.05315,0.767082,1.97527,0.0340665,1.75355,0
19.969160998,0,0.514507,0.00258402,3.40317,0.010924,0.000860248,2.18601,0.526309,2.02841,0.0192355,1.50032,5.97436e-05
20.015600907,0.0740911,0.529492,0.00225785,3.42799,0.0111783,0.100854,2.01137,0.413996,2.01391,0.00895199,1.47046,0.000349747
20.062040816,0.132652,0.711215,0.00197301,3.25527,0.442513,0.386453,1.69012,0.36671,1.81121,0.0354877,1.6909,0.000417586
20.108480726,0.0777818,1.06459,0.00273608,3.28254,0.671817,0.509557,1.29317,0.767307,1.71796,0.0423334,1.83931,0.0389058
20.154920635,0.000215747,1.12057,0.0335321,3.21189,0.792969,0.864114,1.09638,0.977884,1.89441,0.00059008,1.67758,0.0458449
20.201360544,0.00782643,1.01562,0.019864,3.33753,0.240983,0.943373,0.927235,0.937193,1.96355,0,1.66635,0.0439737
20.247800454,0,0.865339,0.00404419,3.51647,0.0147659,0.805684,0.850042,0.856644,1.98036,0.000710457,1.71417,0.0345865
20.294240363,0,0.74037,0.00307116,3.65932,0.013539,0.446579,0.905666,0.793714,2.06806,0.0283192,1.94652,0.0284531
20.340680272,0,0.615209,0.00205461,3.75905,0.0156988,0.0742425,0.98595,0.818123,1.99152,0.0233682,2.17036,0.0130595
20.387120181,0,0.394208,0.00186744,3.73756,0.0138641,0.0114477,0.95838,0.520522,2.02791,0.0514802,1.91956,0.00016608
20.433560091,0,0.428029,0.0321287,3.47908,0.00765028,0.155035,0.669495,0.205528,2.35105,0.0998812,1.32631,0.247562
20.480000000,0,0.899117,0.0036352,3.13095,0.00519198,0.793873,0.22634,0.0564218,2.45139,0.138858,0.840723,0.36192
20.526439909,0,1.11098,0.00298544,3.1939,0,0.994978,0.215945,0.550819,2.23972,0.156762,0.731221,0.147149
20.572879819,0,1.13485,0.00154409,3.28077,0.00330392,0.650137,0.348001,0.654879,2.22803,0.112718,1.06838,0
20.619319728,0,1.03561,0.00224654,3.38388,0.0197589,0.374224,0.38025,0.751901,2.1934,0.0528977,1.4227,0
20.665759637,0.0178247,0.945667,0.00335044,3.52388,0.0316288,0.285143,0.352036,0.972581,2.1262,0.031793,1.64866,0.000120003
20.712199546,0.100481,0.812535,0.00370667,3.42127,0.0838727,0.183298,0.339653,1.00482,1.87258,0.021069,1.80335,0.000381468
20.758639456,0.14735,0.706859,0.00364945,2.93429,0.706069,0.144605,0.413983,0.774692,1.69918,0.0394153,1.8833,0.000430456
20.805079365,0.160521,0.566233,0.0439409,2.81817,0.87923,0.0520261,0.601862,0.518349,1.87574,0.0300108,1.73564,0.000318776
20.851519274,0.0493943,0.724678,0.0209793,3.24891,0.366816,0,1.09455,1.04698,1.97235,0.000148354,1.39386,0.000102768
20.897959184,0.0108379,0.815709,0.00278798,3.465,0.0711891,0,1.6688,1.08912,1.84645,0,1.49576,0.0203335
20.944399093,0,0.933552,0.00327899,3.34647,0.00715295,0,1.98357,0.967557,1.5771,0.000755858,1.57486,0.0176396
20.990839002,0,1.0107,0.00364393,3.33991,0.00807941,0,2.04549,0.868679,1.49064,0.0165433,1.66814,0
21.037278912,0,1.00652,0.130911,3.38632,0.0097278,0,1.99421,0.800088,1.48176,0,1.85842,0
21.083718821,0.0194712,0.917095,0.221486,3.07779,0.364888,0.0185595,1.93719,0.73667,1.41066,0.0328433,2.40361,0.0222445
21.130158730,0.0274656,0.959486,0.107068,2.88879,0.317395,0.044683,1.82669,0.550824,1.64999,0.0741525,2.26518,0.0326887
21.176598639,0.0375379,1.05119,0.00776833,2.6303,0.277377,0.00990674,1.72888,0.648887,1.78604,0.122791,1.98834,0
21.223038549,0.0293199,1.12768,0.0103367,2.75745,0.2214,0.0471421,1.63716,0.849518,1.76329,0.134953,2.16044,0
21.269478458,0,1.14311,0.105571,3.3174,0.0812567,0.0826977,1.50612,1.01302,1.70061,0.0895056,2.25749,0
21.315918367,0,1.21276,0.00352586,3.365,0.00639014,0.0856038,1.45044,1.06805,1.56796,0.0526706,2.37532,0
21.362358277,0,1.37044,0.00366653,3.35363,0.0070587,0.0758206,1.40009,1.1159,1.24141,0.00105896,2.43855,0
21.408798186,0,1.32587,0.00349326,3.29056,0.106549,0.53184,1.47017,0.531221,1.10657,0,2.19106,0.000131923
21.455238095,0.0400678,1.19872,0.00294151,3.11341,0.337308,0.726276,1.56334,0.287686,1.05117,0,2.12183,0.000188588
21.501678005,0.0643378,0.987807,0.00247343,2.99867,0.517188,0.760541,1.69926,0.258442,1.06731,0.000137677,2.45999,0.000139636
21.548117914,0.0422509,0.990453,0.0030176,3.48597,0.645909,0.601384,1.53614,0.45657,0.962972,0.000154917,2.50981,0.0630997
21.594557823,0.00345322,0.883056,0.0038793,3.77649,0.351899,0.168096,1.33808,0.693143,1.14873,0,2.28265,0.111804
21.640997732,0.0249373,0.69777,0.00297247,4.04262,0.00380981,0.0575639,1.19024,0.926327,1.27182,0.0405669,1.9515,0.0912651
21.687437642,0,0.553392,0.00283758,4.09967,0.00459258,0.0609937,1.12169,0.902607,1.43532,0.0170602,1.70108,0.0698387
21.733877551,0.03981,0.587824,0.00208691,4.0139,0.00609195,0.0695081,1.2218,0.668847,1.565,0.0388769,1.7557,0
21.780317460,0,0.622121,0.00280512,3.72697,0.00867634,0.0728767,1.27853,0.524704,1.77829,0.0289132,1.71028,6.30618e-05
21.826757370,0.02244,0.33693,0.0434179,3.69064,0.00921475,0.0676443,1.21144,0.194617,1.85645,0.0938745,1.90803,0.176502
21.873197279,0,0.192463,0.104075,3.89205,0.00957659,0.0463643,1.52757,0.0257988,1.40385,0.123449,2.47245,0.000122319
21.919637188,0.0111812,0.328163,0.135384,3.95588,0.0346201,0.0139276,2.22464,0.0139537,0.619579,0.138197,2.85008,0.0281044
21.966077098,0.0105919,0.127984,0.102042,3.60483,0.154477,0.00524735,2.62901,0,0.453013,0.131083,2.87848,0.0590381
22.012517007,0.0128153,0.270424,0.151706,3.35714,0.245005,0.0151176,2.8305,0,0.407854,0.128559,2.56445,0.0249361
22.058956916,0.0519135,0.422329,0.0574076,3.31807,0.0742149,0,3.27212,0,0.279301,0.143048,2.59724,0.000216008
22.105396825,0.0571444,0.358138,0.0011995,3.03835,0.232811,0,3.53367,0,0.139259,0.128102,2.28234,0.0017853
22.151836735,0.0902269,0.287298,0.00105518,2.34457,0.555711,0.255324,3.38629,0.00188078,0.132727,0.105915,2.18491,0.388124
22.198276644,0.122911,0.312575,0.00200751,2.27821,0.671385,0.40672,3.22734,0.135212,0.132167,0.0537327,2.26365,0.422307
22.244716553,0.0671814,0.532101,0.00234737,3.16423,0.393065,0.136058,3.0692,0.243685,0.123788,0.0112136,2.49886,0.0609685
22.291156463,0.0493522,0.284653,0.00185711,3.4914,0.00704314,0,2.92866,0.500525,0.131901,0.00852814,2.59731,0.0751675
22.337596372,0.00952169,0.185947,0.00170634,3.36819,0.00935697,0,2.91743,0.652272,0.0899228,0,2.64091,0.0856378
22.384036281,0,0.544752,0.0535933,3.345,0.0239033,0.00126665,3.0288,0.63032,0.0465917,0,2.51458,0.00679447
22.430476190,0,1.09351,0.0139574,3.26073,0.0391461,0.00495395,2.99273,0.0609598,0.00700257,0.0821552,2.06715,0.0101984
22.476916100,0.00695208,1.27068,0.039359,2.65442,0.027384,0,2.89519,0.00985471,0.171462,0.300019,1.9474,0.170223
22.523356009,0.0717462,1.46646,0.27797,2.23994,0.0169995,0,2.76565,0.0871407,0.224017,0.427316,1.90175,0.159483
22.569795918,0.104252,1.8707,0.340347,1.76447,0.000353772,0,3.11344,0.0732834,0.247672,0.343251,1.911,0.349491
22.616235828,0.078766,1.93546,0.573271,1.26646,0.0606226,0,3.47888,0.0906162,0.103452,0.409219,2.00807,0.38047
22.662675737,0.0397596,2.09141,0.470962,1.20434,0.135972,0.00758717,3.66659,0.0991863,0.158458,0.477906,2.12162,0.0280651
22.709115646,0,2.29051,0,0.976054,0.692545,0.0636141,3.7115,0.116989,0.0976125,0.104911,2.68334,0
22.755555556,0,2.54716,0.00651892,0.839216,0.772545,0.102141,3.47045,0.0824925,0.00919653,0,2.86666,0
22.801995465,0.0317197,2.59,0.00942898,0.637078,0.803041,0.11059,3.0305,0.0723292,0.00553285,0,2.72902,0.000163752
22.848435374,0.0567243,2.52513,0.00810366,0.647872,0.881021,0.43266,3.02826,0.0736568,0.00331551,0,2.69564,0.000230832
22.894875283,0.103202,2.28888,0,0.754923,0.821124,0.460577,3.2863,0.0375163,0.00536524,0.000485574,2.86472,0.000181871
22.941315193,0.111013,2.0327,0,0.837922,0.575755,0.200649,3.38363,0.0295241,0.381842,0.000454792,3.22124,4.62242e-05
22.987755102,0.0547515,2.01836,0,0.96644,0.266713,0.118647,3.31581,0.0289265,1.15629,0,2.84492,0.0158446
23.034195011,0.0173161,2.09225,0,0.899008,0.147935,0.17418,2.92743,0.0352762,1.5785,0,2.4588,0.0101289
23.080634921,0.000767596,2.06174,0,0.730721,0.0577568,0.17082,2.58223,0.0361237,1.79095,0,1.94346,0.0577391
23.127074830,0,1.9603,0.0642966,0.87201,0.0115624,0.0881977,2.56186,0.0283129,1.89603,0,1.42945,0.0618886
23.173514739,0,1.80459,0.206868,1.04592,0.000572001,0.081663,2.3905,0.0123581,1.86108,0.154873,1.68022,0.102844
23.219954649,0,1.72923,0.186797,0.98038,0.0656343,0.336192,2.33717,0.00600364,1.76114,0.226913,1.92003,0.124781
23.266394558,0,1.84645,0.12975,0.778017,0.325309,0.622431,2.6288,0.0106401,1.65196,0.218437,2.17161,1.39993e-05
23.312834467,0,2.56992,0.0700495,0.753632,0.270515,0.0996251,3.29767,0.0165175,1.32704,0.212596,2.12724,0
23.359274376,0,2.77071,0.0751779,0.71663,0.12441,0.0714856,3.92581,0.0119947,1.08202,0.0878895,1.75529,0
23.405714286,0,2.82813,0,0.542468,0,0.0427657,4.17066,0.0222785,0.821439,0,1.72794,0
23.452154195,0,2.86049,0,0.33221,0.0223435,0.0306312,4.20689,0.0325232,0.500417,0,1.78139,0
23.498594104,0.00343514,2.67708,0.00985189,0.215072,0.080894,0.0288792,4.12261,0.0365796,0.465381,0,2.01298,0.000125017
23.545034014,0.0891773,2.13817,0.0405558,0.243517,0.253762,0.0262688,3.89817,0.0303931,0.564627,0,2.23991,0.000211285
23.591473923,0.128633,1.17016,0.209941,0.25833,0.420429,0.0235688,4.02017,0.0305155,0.766277,0,2.35196,0.000177535
23.637913832,0.105092,1.02225,0.252108,0.239857,0.456149,0.0222717,4.19427,0.0442261,0.543203,0,2.33628,0.00257825
23.684353741,0.0393097,2.13449,0.0286938,0.338036,0.179598,0.0246945,4.28337,0.166529,0.229569,0,2.15266,0.0130236
23.730793651,0,2.50638,0,0.326044,0.22444,0.0259617,4.29294,0.238379,0.245429,0,2.20073,0
23.777233560,0,2.55999,0,0.24052,0,0.270867,4.29714,0.0369078,0.28763,0,2.04386,0.0209608
23.823673469,0,2.53317,0.122266,0.240369,0,0.0357489,4.25093,0.0267619,0.312349,0.0879197,2.02288,0
23.870113379,0,2.35508,0.171073,0.484218,0,0.0320342,4.25428,0.019516,0.327358,0.250298,1.61905,0.0154696
23.916553288,0,2.2038,0.173631,0.488873,0.019006,0.0290912,4.25686,0.00511382,0.277247,0.270437,1.48209,0.0423021
23.962993197,0.143131,2.25653,0.111005,0.220083,0.13881,0.32223,3.9747,0,0.308132,0.121712,1.4159,0.000454921
24.009433107,0.194888,2.35732,0.0836764,0.17788,0.195458,0.755249,3.53695,0.00327361,0.269508,0.101679,1.79416,0.00741034
24.055873016,0,2.30247,0.105405,0.28416,0.104215,0.775229,3.49833,0.00782748,0.310484,0.0902518,1.93514,0.00141205
24.102312925,0,2.14859,0.00161056,0.325064,0.0406839,0.547485,3.48113,0.015929,0.371037,0.0277619,2.20382,0
24.148752834,0,2.0619,0.027911,0.314261,0.111929,0.338753,3.6827,0.0291916,0.340071,0,2.19323,0
24.195192744,0.00997411,1.8153,0.0442069,0.14149,0.245938,0.1179,4.01329,0.0416372,0.210826,0,2.30772,0.000168853
24.241632653,0.0785118,1.60805,0.0186825,0.124449,0.449688,0.105683,4.07467,0.0388928,0.182747,0,2.49214,0.000322675
24.288072562,0.176773,1.42275,0.0131656,0.180409,0.532069,0.106709,4.00895,0.0321838,0.148499,0.000497461,2.58258,0.00478647
24.334512472,0.216175,1.78039,0.0097707,0.0772036,0.650038,0.1062,3.7347,0.0259069,0.0615728,0.000725093,2.48199,0.0155618
24.380952381,0.142667,2.41806,0,0.0251889,0.572535,0.112132,3.17763,0.0258328,0.730935,0.000117447,2.59442,0.0356182
24.427392290,0.0765899,2.56425,0,0.113836,0.37125,0.0982491,2.75738,0.0292533,1.27338,0,2.71542,0.049466
24.473832200,0,2.64674,0,0.0756144,0.339186,0.107922,2.41513,0.0358915,1.46699,0,2.70683,0.0558747
24.520272109,0,2.6484,0.0282067,0.268355,0.291591,0.110717,2.38956,0.0372936,1.49387,0,2.47034,0
24.566712018,0.0369637,2.83094,0.170451,0.702274,0.297553,0.098141,1.93367,0.318807,1.30251,0.00321528,2.26968,0.145899
24.613151927,0.0245477,2.92617,0.195349,0.797749,0.322978,0.103353,1.79648,0.369005,1.23117,0.196291,2.10369,0.27697
24.659591837,0.0407913,3.00176,0.147589,0.658329,0.176326,0.0742123,1.91431,0.318293,1.35013,0.170437,1.91213,0.280104
24.706031746,0.0866739,2.73999,0.168046,0.546808,0.211532,0.0470188,2.58796,0.0588905,1.36218,0.171924,1.58285,0.197926
24.752471655,0.0808977,2.17313,0.184708,0.4027,0.129876,0.0416663,3.62656,0,1.3363,0.160237,1.33766,0.106479
24.798911565,0.111527,2.15555,0.199791,0.383894,0.0638621,0.0243506,3.94035,0,0.939977,0.163928,1.51917,0.284079
24.845351474,0.109756,2.45924,0.173871,0.357944,0.125462,0,4.01981,0,0.695663,0.198658,1.29354,0.407436
24.891791383,0.145362,2.59893,0.0947708,0.288294,0.416252,0,3.6433,0.192775,1.23986,0.195283,0.923018,0.243387
24.938231293,0.0630515,2.5825,0,0.097348,0.406745,0.688618,2.91976,0.301102,1.75413,0.330044,0.893658,6.99257e-05
24.984671202,0.370895,2.29314,0.00865282,0.0774245,0.14512,1.02867,2.55255,0.122866,2.1361,0.348895,0.722124,0.000210813
25.031111111,0.782867,1.71322,0.0525046,0.658441,0.361238,1.05218,2.23482,0,2.60732,0.118294,0.416644,3.25421e-05
25.077551020,0.952756,1.46604,0.028075,0.81335,0.419429,0.810181,2.22443,0.0446338,3.13973,0.136139,0.201146,0
25.123990930,1.1092,2.25126,0.192364,0.820385,0.24534,0.368538,2.07713,0,3.14856,0.0847398,0.135571,0
25.170430839,0.78722,3.05618,0.186936,0.722641,0.0293884,0.926135,2.16842,0,2.7678,0.0288425,0.0704291,0
25.216870748,0.435636,3.29272,0.171381,0.602623,0.0207569,1.23834,2.41634,0,2.01233,0.305301,0.141584,0.0154467
25.263310658,0,2.98153,0.309334,0.480525,0.0548852,1.14826,2.41742,0,1.72534,0.425668,0.638999,0.0166469
25.309750567,0.00410784,2.60598,0.729278,0.238451,0.14423,1.0832,2.26466,0,2.10488,0.330907,0.756739,0.0131333
25.356190476,0.159692,2.71444,0.824827,0.373281,0.235214,1.26645,1.82258,0,2.2068,0.0493347,0.923796,0.221319
25.402630385,0.190092,2.74874,0.377188,0.593912,0.212252,1.28647,1.75647,0.103302,1.78446,0.0785435,1.11173,0.583242
25.449070295,0.140027,2.68308,0.318282,0.745614,0.0635715,1.42042,1.77168,0,1.65662,0.111246,1.06704,0.918303
25.495510204,0.0679285,2.5912,0.228127,0.707904,0,1.51856,1.94439,0.0106539,1.58222,0.102087,1.21256,0.937005
25.541950113,0.0347828,2.54908,0.0727493,0.755344,0,1.64825,2.15881,0.0249963,1.44216,0.031358,1.21572,0.809243
25.588390023,0.135071,2.44964,0.00412015,0.686293,0,1.78096,2.42125,0.0386002,1.47103,0,1.07785,0.527077
25.634829932,0.294363,2.39549,0.0042941,0.380793,0.0595244,1.91754,2.6013,0.0344486,1.32439,0,0.868007,0.263856
25.681269841,0.404795,2.49436,0.00372069,0.370571,0.416578,1.87049,2.65111,0.0288679,1.05685,0.000873346,0.672073,0.164866
25.727709751,0.249837,2.71189,0.00341573,0.901024,0.518443,1.611,2.40723,0.016387,1.3885,0.000768884,0.471249,0.225395
25.774149660,0.143698,2.72674,0.00306633,1.30839,0.408046,1.31023,2.04862,0.00276026,2.06895,0.00327416,0.714105,0.449407
25.820589569,0.108769,2.82504,0.00303796,1.18261,0.098402,1.62616,1.86199,0.00168579,2.38618,0.00400527,0.799797,0.605784
25.867029478,0.0944744,2.7264,0.00323644,0.89409,0.0162769,1.85202,1.99734,0.0027446,2.36882,0.00451786,0.942999,0.666769
25.913469388,0.321277,2.22298,0.00342767,0.766941,0.0214924,1.88755,1.93408,0,2.25305,0.00452249,1.1618,0.709509
25.959909297,0.511139,1.79955,0.0186604,0.7165,0.0299417,2.07746,1.60463,0.113264,2.17207,0.00538995,1.27339,0.672838
26.006349206,0.174807,2.28214,0.143276,0.737166,0.271989,2.41099,1.38915,0.332065,2.0424,0.0675779,1.17187,0.288302
26.052789116,0.0945599,2.33845,0.238935,0.505239,0.289101,2.5803,1.17649,0.408951,2.27898,0.0869005,1.05863,0.211844
26.099229025,0.150162,3.06481,0.161254,0.397016,0.274733,2.52885,1.01376,0.128504,1.93504,0.11776,0.826272,0.222555
26.145668934,0.174012,3.19958,0.120916,0.372897,0.357232,2.53407,1.29635,0,2.15484,0.133172,0.65478,0.232199
26.192108844,0.319709,3.28969,0.00409976,0.355904,0.0971418,2.22258,1.7017,0.00239379,2.17911,0.0916327,0.468098,0.415715
26.238548753,0.612071,2.98863,0.00254259,0.45602,0,1.98349,2.00806,0.011245,2.28807,0.0323186,0.34899,0.392837
26.284988662,0.581965,2.79909,0.00285576,0.727502,0,1.95066,2.28049,0.0174323,2.00021,0.000717954,0.124095,0.20699
26.331428571,0.000293993,2.99165,0.0027386,0.570016,0.0708381,2.04973,2.21946,0.0192177,1.6913,0.0144572,0.112523,0.151999
26.377868481,0.0119176,3.25582,0.08407,0.366771,0.312007,2.15268,1.86005,0.0189573,1.5547,0.0333601,0.320804,0.0709678
26.424308390,0.00790842,3.36275,0.0367854,0.201195,0.379113,2.39435,1.54698,0.00541674,1.84324,0.0202441,0.571509,0.0125122
26.470748299,0.145615,3.30564,0.0036424,0.484141,0.396751,2.24096,1.48754,0.0114959,1.90421,0.000962756,0.58456,6.25936e-06
26.517188209,0.312687,3.43624,0.00344338,0.700098,0.252721,1.90994,1.28662,0.00423717,1.98379,0.00128658,0.658499,0.093955
26.563628118,0.228682,3.59933,0.102218,0.601259,0.153229,2.03482,1.02514,0,2.20905,0.0050829,0.606169,0.347006
26.610068027,0.0864071,3.50804,0.106817,0.47608,0.0690212,2.65213,0.47967,0,2.29786,0,0.472121,0.500809
26.656507937,0.193273,2.84998,0.0137684,0.320475,0.0129439,3.19404,0.211904,0.14835,2.37429,0,0.223006,0.85993
26.702947846,0.253237,3.01146,0.00408923,0.468621,0.12533,2.99362,0.0349771,0.342538,1.80571,0.314548,0.16666,0.909788
26.749387755,0.186817,3.2299,0.117343,0.487037,0.134113,2.77969,0,0.167218,1.71278,0.7584,0.205181,0.859821
26.795827664,0.15734,3.34356,0.0632921,0.428978,0,2.59448,0.0715615,0,1.81606,0.918296,0.000357568,0.962801
26.842267574,0.0663164,3.61744,0.00563076,0.257963,0.0290163,2.03643,0.427372,0.0032477,2.04211,0.235417,0.088633,0.995194
26.888707483,0.0146229,3.86524,0.0180965,0.278741,0.0363638,1.89137,0.608936,0.0161848,1.8941,0.101957,0.0951795,0.744585
26.935147392,0.0109822,4.09567,0.0660705,0.216877,0.019549,1.93574,0.619128,0.0639555,1.8054,0.0200223,0,0.25026
26.981587302,0.0778079,4.09758,0.0613683,0,0.101695,2.01587,0.552506,0.0487864,1.7934,0.0569734,0.158625,0.0410769
27.028027211,0.137359,3.9128,0.0231316,0.0077467,0.292359,2.28339,0.588141,0.0509756,1.84956,0.109077,0.273534,0.00912614
27.074467120,0.106381,3.50141,0.0326173,0.00953843,0.460459,2.26707,0.777422,0.0125942,1.8509,0.143517,0.343381,0.155085
27.120907029,0.0916041,3.13503,0.278191,0.0128225,0.563032,2.01244,0.887067,0.0451968,1.79998,0.231766,0.189286,0.440193
27.167346939,0.0109397,2.39065,0.885118,0.0908318,0.554762,1.39717,1.31232,0.183781,1.72344,0.190317,0,0.639977
27.213786848,0.00408596,1.82447,0.896687,0.466577,0.0260551,1.3297,1.45285,0.114776,1.03389,0.18446,0.0383981,1.82295
27.260226757,0.0849202,1.63496,0.74706,1.45279,0.0224651,1.23681,1.57178,0.0612743,0.0188672,0.301494,0,2.11872
27.306666667,0.262672,1.01655,0.581085,1.87917,0.0207074,0.788604,1.81752,0.020222,0,0.706084,0,2.37166
27.353106576,0.293453,0.287615,0.309159,1.84623,0,0.326659,1.87422,0.149925,0.0148877,1.48106,0.0424646,2.62043
27.399546485,0.116987,0.0954215,0.159884,2.3387,0,0.446862,1.16237,0.380614,0.0785026,1.35451,0.597911,2.33512
27.445986395,0.298871,0.0977556,0.131841,2.78111,0.151051,0.241049,0.718508,0.283698,0.112375,0.790077,1.04615,2.26244
27.492426304,0.0985061,0.0765715,0.0772376,3.02376,0.222543,0.0739777,1.03002,0.153426,0.0350904,0.247986,1.15575,2.24225
27.538866213,0.116351,0.177674,0.136239,2.98649,0.250603,0.0232961,1.19963,0.150359,0.0106809,0.0957325,1.04398,2.13708
27.585306122,0.088013,1.0255,0.486765,2.15036,0.190304,0,1.60009,0.146433,0.00814419,0.101422,0.907866,1.86553
27.631746032,0.188576,1.44108,0.330928,1.02883,0.23283,0,2.45579,0.0249649,0.0316796,0.726556,0.796156,1.44235
27.678185941,0.305164,1.70165,0.141999,0.936645,0.224252,0.0272208,2.4077,0,0.10801,0.953244,0.242201,1.42347
27.724625850,0.174592,1.67405,0.23199,1.80848,0.422224,0.455578,1.37718,0.0800654,0.226058,0.593288,0.670293,1.32351
27.771065760,0.204478,0.51545,0.0876708,2.93364,0.372551,0.470779,0.838032,0.322917,0.199405,0.514157,1.66051,1.05613
27.817505669,0.169833,0.103819,0.0778127,3.51743,0.479429,0.358087,0.44261,0.770091,0.220989,0.248664,2.32368,0.408202
27.863945578,0.0734564,0.000918686,0.00242289,3.53251,0.380617,0.382598,0.115998,0.667489,0.517669,0.0173767,2.75498,0.447521
27.910385488,0.0723252,0.369505,0.18542,3.1467,0.342868,0.280459,0,0.689559,0.966251,0.0176016,2.63375,0.39608
27.956825397,0.166346,0.953637,0.561338,2.04306,0.0354222,0.333311,0.0880838,0.565547,1.06449,0.00489485,2.27422,0.255616
28.003265306,0.387389,1.1592,0.870387,0.217441,0.495509,0.589241,0.0941187,0.450111,0.884099,0.016176,1.89933,0.124292
28.049705215,0.605183,0.885592,0.811281,0.210474,0.598514,0.513718,0.163665,0.39018,0.597065,0.18318,2.04301,0.172071
28.096145125,0.666163,0.422733,0.326325,2.3407,0.144737,0.302156,0.149224,0.37568,0.453304,0.232158,2.19502,0.323159
28.142585034,0.546427,0.0399295,0.0422361,3.10698,0.155071,0.226976,0.0591717,0.307231,0.458541,0.263433,2.03725,0.353837
28.189024943,0.187705,0.159001,0.0145869,3.31049,0.0967035,0.0263926,0.0180903,0.255526,0.655256,0.706322,1.77371,0.23938
28.235464853,0.301262,0.110523,0.0371786,3.46757,0.176496,0.108847,0.274905,0.0826609,0.366886,1.02552,1.04313,0.103925
28.281904762,0.739505,0.069803,0.0583802,3.336,0.181436,0.114814,0.447032,0.0371062,0.182893,0.668404,1.26523,0
28.328344671,0.961218,0.0671683,0.0261574,3.14338,0.113296,0.0971253,0.515431,0.00323348,0.335255,0.290811,1.50151,0.00947982
28.374784580,1.13154,0,0,2.92311,0.0888359,0,0.713323,0.037527,0.550194,0.106793,1.64796,0.0311599
28.421224490,1.03823,0.0134246,0.0666925,2.96686,0.128637,0.0291017,1.00556,0.230228,0.395435,0.0626429,1.27773,0.150924
28.467664399,0.771426,0.00396993,0.081588,2.85402,0.158461,0.392685,1.09497,0.362312,0.280018,0.0584617,1.15903,0.215136
28.514104308,0.480153,0,0.000650302,2.8441,0.203919,0.377627,1.10767,0.559291,0.303793,0.0529631,1.26388,0.173541
28.560544218,0.320134,0,0,2.75329,0.276091,0.1785,1.16061,0.551836,0.468738,0.0325217,1.65702,0.0586146
28.606984127,0.0964599,0.157431,0.000207516,2.74054,0.294881,0.222228,1.14649,0.565889,0.637097,0.0122875,2.09545,0.124887
28.653424036,0.224613,0.00485743,0.000118691,2.37932,0.21454,0.312379,1.53017,0.218732,1.51378,0.0125601,1.82846,0.333819
28.699863946,0.589154,0,0.0122539,1.90285,0.247486,0.267916,1.84168,0.0260926,1.90765,0.00586007,1.60127,0.339027
28.746303855,1.04942,0,0.0452839,2.12502,0.331648,0,1.68126,0.017139,1.52198,0.110539,1.73152,0.362895
28.792743764,0.817045,0.0353826,0.163066,2.05852,0.124628,0.0570039,1.5694,0.00936588,1.46017,0.241886,1.60158,0.760353
28.839183673,0.472605,0.222718,0.205556,1.86358,0.103968,0.0706361,1.34093,0.0434934,1.37134,0.199425,1.25016,1.13479
28.885623583,0.339398,0.120399,0.228389,2.00459,0.118285,0.0374761,1.25393,0.192468,1.32111,0.0756778,1.09584,1.24485
28.932063492,0.546671,0.142881,0.189966,2.17555,0.18049,0,1.2909,0.0271682,2.07361,0.11166,1.7095,0.435808
28.978503401,0.667625,0.251638,0.157684,1.94743,0.230694,0.0489233,1.06599,0.016035,2.5658,0.0178524,1.84814,0.131968
29.024943311,0.596525,0.00754624,0.00100678,2.08187,0.331031,0.00651541,1.37557,0.0345422,2.74401,0.00852716,1.83242,2.05637e-05
29.071383220,0.616751,0.123928,0.032212,2.36942,0.114363,0,0.968697,0.0394939,2.85977,0.0259612,1.63371,0.0620969
29.117823129,0.451055,0.185492,0.0571546,1.94228,1.04672,0.0836592,0.848885,0.188004,1.84604,0.028935,1.6932,0.170308
29.164263039,0.0807117,0.0780042,0.0698603,1.79623,1.36044,0.52288,0.868942,0.249955,1.57929,0.0247908,1.72464,0.142825
29.210702948,0.063275,0.0808769,0.000433779,1.70942,1.41001,0.606496,0.984811,0.212704,1.39273,0.0263629,1.76859,0.142949
29.257142857,0.227298,0.00875067,0.0514017,2.06191,0.844001,0.361727,1.20127,0.0396479,1.17853,0.0214503,1.8813,0.120688
29.303582766,0.697433,0.000214041,0.000879435,2.41662,0.318917,0.33282,1.5959,0.0270236,1.65542,0.00859251,1.79321,0.0321252
29.350022676,0.65453,0.000326674,0.000783086,2.34738,0.246562,0.260346,1.99802,0.0514495,2.19376,0.0116635,1.82371,0.00775352
29.396462585,0.532404,0,0.000351115,2.18496,0.228912,0.069642,2.28236,0.110196,2.00403,0.0277369,1.97481,0.0788084
29.442902494,0.0176477,0,0.113368,1.99193,0.312705,0,2.28389,0.294076,1.84432,0.0045991,1.93582,0.476096
29.489342404,0,0,0.13947,1.95223,0.234641,0,2.20632,0.37833,1.75341,0.0873298,1.86649,0.674663
29.535782313,0,0,0.190444,1.69788,0.208166,0.0221905,2.24169,0.392641,1.62803,0.265472,1.79412,0.778274
29.582222222,0,0.0379914,0.177981,2.70698,0.206469,0,2.08797,0.309301,1.48458,0.363885,1.54535,0.750002
29.628662132,0.0683589,0.0494458,0.0723502,3.26055,0.201485,0,1.43419,0.237337,1.62139,0.320769,1.5148,0.710176
29.675102041,0.288649,0.0510672,0,3.38161,0.186308,0,1.58494,0.00529874,2.00601,0.350312,1.74763,0.357836
29.721541950,0.544184,0.0309763,0,3.01655,0.229561,0,2.06531,0.0290259,1.94147,0.015919,1.73333,0.0288756
29.767981859,0.467137,0.000508234,0.0154138,2.96011,0.0716976,0,2.38793,0.374664,1.06118,0.0192175,1.59557,0.212059
29.814421769,0.204647,0.00114091,0.108944,2.32809,0.444227,0.871587,2.42144,0.0882995,0.498015,0.026745,0.893366,0.479486
29.860861678,0.211452,0.142348,0.130898,1.32535,1.21401,0.886711,2.11969,0.0911937,0.389224,0.0950003,0.806017,0.593466
29.907301587,0.221614,0.303536,0.0171691,0.885494,1.52658,0.757604,1.96701,0.0989403,0.27836,0.0401212,1.01904,0.578264
29.953741497,0.151273,0.278981,0.000706492,1.3322,1.29729,0.492592,2.06384,0.0674311,0.487128,0.0332828,1.74945,0.735634
30.000181406,0.0079219,0.0604273,0.000117709,1.94653,0.806812,0.19896,2.20417,0.0450364,1.21743,0.0600526,1.74058,0.841645
30.046621315,6.64558e-05,0.00126999,0.228807,2.43754,0.511236,0.130477,2.60738,0.0316105,1.11671,0.041051,1.4706,0.532452
30.093061224,0,0.00111533,0.153999,2.345,0.362501,0.247578,2.80403,0.29972,1.14091,0.0624514,1.64716,0.14141
30.139501134,0,0.0387655,0.104333,2.54446,0.339524,0.0198094,2.28894,0.69169,0.773661,0.0851544,1.88073,0.224106
30.185941043,0,0.113526,0.175789,3.17053,0.0991961,0.0124368,1.89916,0.677697,0.573293,0.158847,1.98723,0.638108
30.232380952,0,0.128923,0.186473,3.53969,0.106795,0.0174033,1.59505,0.633904,0.497515,0.184172,1.77533,0.844968
30.278820862,0.000311988,0.0149946,0.14793,3.51017,0.135694,0.0190098,1.09286,0.57032,0.733155,0.188861,1.3225,0.726838
30.325260771,0.000333576,0.799143,0.191941,3.32336,0.238594,0.0176459,0.503992,0.548871,0.93988,0.157381,1.37563,0.196093
30.371700680,0.0890668,2.26102,0.157598,2.56043,0.166705,0,0.135956,0.544214,0.849025,0.136061,1.97708,0.173706
30.418140590,0.17402,2.85871,0.179375,1.10372,0,0,0.288376,0.492841,1.35442,0.101722,1.95973,0.500709
30.464580499,0.115828,3.06465,0.148531,0.638556,0.519299,0,0.465225,0.634297,1.1763,0.125834,1.67002,0.563418
30.511020408,0.194358,2.3858,0.102544,0.585028,0.940453,0.281608,0.589987,0.716151,0.134272,0.13629,1.79412,0.153389
30.557460317,0.112363,1.31873,0.0673627,0.952617,0.855767,0.800298,0.71699,0.684043,0.100346,0.154115,1.902,0.000145984
30.603900227,0.137565,0.75484,0.00329524,1.35098,0.676519,0.823738,0.645769,0.565965,0.129649,0.448108,1.83368,0.000165895
30.650340136,0.687914,1.13955,0.00131669,1.60721,0.665472,0.764494,0.138766,0.416982,0.307637,0.335197,1.3681,0.000105323
30.696780045,0.716843,2.65899,0.000767252,1.18163,0.384884,0.607005,0.196791,0.267701,1.42287,0.138298,0.948191,0.0267457
30.743219955,0.211657,3.6967,0.0155981,0.0799312,0.127388,0.764192,0.659569,0.0725184,1.87631,0.208434,0.51785,0.20315
30.789659864,0,3.93177,0.0284416,0,0.0435667,0.900989,0.895134,0.0540204,1.85495,0.11399,0.387429,0.252578
30.836099773,0,4.05997,0.0160314,0.00240171,0.182577,0.996816,0.804134,0.160802,1.67905,0.0306024,0.221143,0.614139
30.882539683,0,4.12818,0.00081028,0.00619368,0.485285,0.719792,0.628321,0.111922,1.47657,0.0341618,0.461307,0.678277
30.928979592,0,4.23437,0.0513905,0.00849298,0.517217,0.457286,0.297859,0.184776,1.47874,0.0249052,0.582347,0.470789
30.975419501,0.00842961,4.22398,0.0633623,0.0142274,0.0961639,1.0822,0.0635174,0.273,0.941678,0.0181019,0.403836,0.160997
31.021859410,0.0233533,3.68087,0.100517,0.585558,0.0938749,1.39407,0.0634097,0.632379,0.875726,0.109036,0.183022,0.0385397
31.068299320,0.0374003,2.96113,0.0355686,1.27215,0.0252986,1.71795,0.289738,0.875012,1.07535,0.193936,0.376637,0.0321932
31.114739229,0,3.44512,0.0645762,0.915384,0.0158338,1.58255,0.341597,0.799161,1.21662,0.204664,0.737162,0.122698
31.161179138,0,3.36,0.00215722,0.440174,0.0348704,1.49452,0.825757,0.720216,1.27475,0.167866,0.648629,0.111817
31.207619048,0.126863,2.66517,0.0163047,0.321758,0.120903,1.07288,1.77055,0.56733,1.38684,0.107617,0.498466,0.000322578
31.254058957,0.153046,2.69546,0.0786321,0.121053,0.21857,0.830404,1.83705,0.537923,1.19093,0.101768,0.504975,0.000304097
31.300498866,0.163484,3.16396,0.0494642,0.108101,0.536734,0.841868,1.37016,0.542095,1.09677,0.111888,0.389612,0.00023098
31.346938776,0.142597,3.58526,0.00246238,0.14935,0.636922,0.703056,0.779251,0.649499,1.11176,0.078098,0.260459,0.000162455
31.393378685,0.0391068,3.86006,0.0120853,0.250475,0.477655,0.668647,0.622509,0.812158,1.05607,0.0311534,0.348242,0.000161176
31.439818594,0,4.0724,0.00387416,0.266652,0.158596,0.745492,0.83722,0.829343,1.09735,0.0266592,0.442859,0.000180461
31.486258503,0,4.13975,0.00340026,0.340117,0.00636729,0.786106,0.968204,0.766886,1.05075,0.0258321,0.415218,0.0084486
31.532698413,0,4.09012,0.00227753,0.469213,0.00667686,0.448591,1.04294,0.779088,1.04734,0.0544586,0.404468,0.0508976
31.579138322,0,3.88257,0.0141402,0.415307,0.00917582,0.313861,1.48944,0.866322,1.11749,0.0257011,0.310824,0.16014
31.625578231,0,3.80005,0.0214381,0.334366,0.0334073,0.39571,1.55154,0.64815,1.38065,0.0618054,0.139501,0.33813
31.672018141,0,3.82538,0.0263991,0.203745,0.0747796,0.523237,1.17509,0.275925,1.74847,0.107115,0.124018,0.705756
31.718458050,0,3.85515,0.011498,0.250804,0.0234864,0.481335,0.580047,0.000180778,2.19204,0.160485,0.10308,0.44838
31.764897959,0,3.63132,0.00165583,0.886024,0.00122734,0.637242,0.432326,0.321751,2.02003,0.152356,0.419017,0.0843929
31.811337868,0,3.12417,0.0015537,2.12375,0.00400977,0.552565,0.465933,0.39175,2.08825,0.0882652,0.945879,0.00369495
31.857777778,0,2.43945,0.00330514,2.78717,0.00581673,0.406369,0.366083,0.490986,2.05833,0.0277729,1.47368,0
31.904217687,0.0464443,1.90228,0.00418428,2.751,0.0067073,0.44083,0.374792,0.724431,1.79648,0.0286164,1.54004,0
31.950657596,0.0539298,1.86632,0.00465304,2.33433,0.397304,0.901261,0.322969,0.718448,1.65316,0.0237591,1.57894,0.0288584
31.997097506,0,1.85536,0.00410407,1.95137,0.694833,1.53019,0.431196,0.306982,1.39818,0.029591,1.78246,0.000133869
32.043537415,0,1.68997,0.00304699,1.59445,1.02367,1.44577,0.361457,0.054393,0.986822,0.00518774,2.49931,0.000244489
32.089977324,0,1.62728,0.207775,1.31826,1.03758,0.988021,0.381482,0,0.825742,0.00143114,2.92574,0.000205788
32.136417234,0,1.70277,0.256581,1.80528,0.780832,0.637257,1.23269,0.0167219,0.896436,0.01057,2.82247,0.0140638
32.182857143,0,1.66516,0.0111148,2.21801,0.147455,0.425299,2.11371,0.184877,0.895836,0.0106946,2.48182,0.00263997
32.229297052,0,1.57217,0.0562716,2.44619,0.0642501,0.492027,2.51496,0.00575868,0.768236,0.0273733,2.09158,0.0854104
32.275736961,0,1.25694,0.303354,2.13782,0.18732,0.406064,2.42429,0.144913,0.855978,0.0130457,1.92263,0.388707
32.322176871,0,1.61262,0.21569,1.69903,0.305829,0.148033,2.47526,0.278849,0.632912,0.0252402,1.99966,0.389848
32.368616780,0,1.72288,0.241312,1.64672,0.41134,0.0942239,2.36981,0.504352,0.747983,0.0649797,1.88765,0.377753
32.415056689,0,1.82277,0.00691625,2.17181,0.316646,0.110658,1.66286,0.260229,1.49236,0.124854,1.87604,0.355111
32.461496599,0.0206495,1.5493,0.0364063,2.29231,0.277043,0.254791,1.00135,0.34676,1.88291,0.140056,1.97485,0.150656
32.507936508,0,1.13713,0.128401,2.68652,0.112781,0.410531,1.58948,0.544609,1.37655,0.0759422,1.79042,0.0535421
32.554376417,0.220929,0.827224,0.0161402,2.48118,0.00610304,0.277499,2.03715,0.758326,1.00235,0.0305243,1.79804,0.0299486
32.600816327,0.261843,0.207004,0.00488022,2.35873,0.25351,0.699923,2.50648,0.292736,0.491982,0.0061838,1.55325,0.0183468
32.647256236,0.489968,0,0.00372844,1.96835,0.80432,0.897236,2.53279,0.326296,0.52901,0.00682319,0.823363,0.131958
32.693696145,0.637995,0.0505421,0.0106087,1.3408,1.33988,0.808817,2.28528,0.398051,0.447153,0.0179893,1.12494,0.21881
32.740136054,0.500483,0.0341586,0.036535,1.54263,1.33279,0.626422,2.17224,0.276097,0.493512,0.0360704,1.43835,0.453684
32.786575964,0.0810454,0,0.0478869,2.57452,0.795365,0.260257,1.93387,0.290141,0.540612,0.0422292,1.59905,0.599322
32.833015873,0.00208474,0.107125,0.00678714,3.22058,0.758014,0.100769,1.51793,0.498066,0.517111,0.00709875,1.68279,0.346621
32.879455782,0,0.423959,0.0029347,3.85266,0.7242,0.110516,1.37883,0.533054,0.0544344,0.0176944,1.79713,0.0392459
32.925895692,0,0.510896,0.00272658,3.98451,0.687876,0.31564,1.47709,0.574291,0,0.0421212,1.78465,0.0306419
32.972335601,0,0.40378,0.00258514,3.99571,0.427716,0.0538088,1.33671,0.665942,0.367453,0.0564119,1.58287,0.0801683
33.018775510,0,0.279382,0.00347528,3.95638,0.272274,0.0264831,1.11322,0.646409,0.492499,0.0693832,1.24179,0.175475
33.065215420,0,0.125664,0.00354358,3.90112,0.129745,0.0209973,0.874157,0.648628,0.7422,0.130223,0.888431,0.10116
33.111655329,0.0224905,0.953071,0.0371766,3.81606,0.00763531,0.0275622,0.61185,0.66933,1.13187,0.161326,0.607958,0.049034
33.158095238,0.0556334,2.3614,0.138131,3.08227,0.00670167,0.0528172,0.483606,0.654948,1.86503,0.168474,0.185096,0.0825086
33.204535147,0.046922,3.568,0.160955,1.57457,0.113947,0.276057,0.224564,0.459553,2.06108,0.156848,0.205325,0.146376
33.250975057,0.0400357,3.81266,0.154057,0.452418,0.14908,0.308114,0.212402,0.568757,1.82021,0.164483,0.575551,0.0927535
33.297414966,0.0708419,2.93666,0.083217,0.50564,0.0893604,0.219903,0.697022,0.845457,1.37991,0.165345,0.66508,0.0304542
33.343854875,0.101896,2.07809,0.16653,1.68436,0.170624,0.712154,1.01882,0.956332,0.295867,0.163894,0.323712,0.324352
33.390294785,0.106027,1.31994,0.231272,2.80825,0.430019,0.656622,0.906522,0.798199,0.169364,0.359259,0.177285,0.414778
33.436734694,0.172752,0.509078,0.257691,3.35888,0.706867,0.599005,0.925484,0.715176,0.141687,0.218978,0.47036,0.334055
33.483174603,0.0393921,2.64679,0.242917,2.8696,0.74962,0.229932,1.14177,0.431377,0.646124,0.0273824,1.18959,0.0415393
33.529614512,0.00566727,3.8133,0.126377,1.10595,0.71626,0.000219353,1.22597,0.221389,0.744461,0.0304423,1.37962,0.0603052
33.576054422,0,3.78934,0.061207,0.299878,0.692411,0.210829,1.78369,0.140573,0.843285,0.00374338,1.40469,0.0905572
33.622494331,0.217585,3.43634,0.112584,0.351154,0.106436,0.0767762,2.47866,0.758205,0.984306,0.0024827,1.30315,0.113623
33.668934240,0.214793,2.55068,0.184629,1.22915,0.0642821,0,2.6007,0.482748,0.530455,0.0729712,1.54689,0.306361
33.715374150,0.221128,1.00949,0.244482,2.20461,0.673771,0,1.88052,0.467933,0.298622,0.215764,1.90157,0.371025
33.761814059,0.229901,0.572287,0.44818,1.77809,1.0186,0.456172,0.664075,0.548571,0.0804859,0.357305,1.87517,0.51635
33.808253968,0.172658,0.423315,0.608947,1.1899,1.06828,1.28538,0.20237,0.579374,0.0442235,0.353481,1.22006,0.81548
33.854693878,0.125157,1.13707,0.679348,0.62038,0.883241,1.3467,0.0279189,0.497921,0.0108285,0.449296,0.994576,0.59432
33.901133787,0.0567145,2.91746,0.209217,0.444733,0.440427,1.14962,0.156092,0.62383,0.271302,0.420257,1.0024,0
33.947573696,0,3.73154,0,0.252661,0.299692,0.468107,1.6096,0.298572,0.542685,0.00118876,1.10548,0.0203576
33.994013605,0.0995747,3.45189,0,0.0984224,0.578881,0.490544,2.3394,0.105022,1.08672,0.000476736,0.88965,0.0013799
34.040453515,0.0669685,3.29064,0.0774656,0.186298,0.837006,0.807576,2.31069,0.182417,1.04501,0.0017769,0.664445,0.000519905
34.086893424,0.0865043,3.15189,0,0.399863,0.974797,0.982358,2.24445,0.25619,0.920178,0.00448518,0.46326,0.0190295
34.133333333,0.101819,3.0609,0,0.551735,0.831511,0.922172,2.12231,0.169515,1.03682,0.00640205,0.600551,0.0163526
34.179773243,0.0801769,3.34195,0,0.419167,0.469625,0.758272,1.51523,0.16247,1.40784,0.00713093,0.796174,0.0500172
34.226213152,0.097639,3.35623,0,0.419661,0.478944,0.633804,0.785399,0.263818,1.53895,0.00480226,0.618177,0.10189
34.272653061,0,3.25903,0,0.340491,0.305381,0.496031,1.02937,0.14103,1.78809,0.00118542,0.36551,0.113511
34.319092971,0,3.43195,0,0.107665,0.129204,0.438893,1.15581,0.0420127,1.99351,0.00257884,0.20005,0.104867
34.365532880,0,3.73693,0.275361,0.138575,0.0794418,0.430648,1.01056,0.0172467,1.79093,0.0827175,0.172622,0.069586
34.411972789,0,3.87137,0.236301,0.362893,0.0970222,0.396515,0.746522,0.212575,1.32285,0.231447,0.23787,0.0490278
34.458412698,0,3.88516,0.197351,0.46281,0.266638,0.386724,0.61277,0.397946,1.32983,0.216624,0.267171,0.0576927
34.504852608,0,3.82029,0.0806019,0.430436,0.383554,0.479059,0.372749,0.401514,1.87935,0.154831,0.203752,0.0801102
34.551292517,0,3.19712,0.0597378,1.61499,0.343381,0.596195,0.19129,0.298748,2.04314,0.225305,0.24855,0.0905294
34.597732426,0,1.87654,0,2.46636,0.174093,0.539217,0.462341,0.0174846,2.02242,0.157476,1.18939,0.0340352
34.644172336,0,0.842106,0,2.96415,0,0.266117,0.593245,0.156383,1.76133,0,1.84642,0.000152808
34.690612245,0,0.703348,0,3.06338,0.0581507,0.0917469,0.631824,0.168685,1.031,0.0157119,2.08011,0.000146843
34.737052154,0.0520077,0.644348,0,2.88527,0.210949,0.338578,0.497857,0.0831531,0.782491,0.0201599,1.97095,0.000213945
34.783492063,0.0875503,0.643891,0.199239,2.32426,0.440559,1.20777,0.43072,0.0321778,0.779724,0,2.13164,0.000298013
34.829931973,0.0914041,0.82453,0.468019,1.54745,0.62914,1.47008,0.38365,0.0253944,0.570013,0,2.836,0.00029221
34.876371882,0.0873549,1.22411,0.516684,1.02118,0.716425,1.24481,0.251569,0.0301336,0.532908,0,3.31275,0.000183758
34.922811791,0.00106285,1.30897,0.419979,1.78839,0.513187,0.904307,0.896608,0.0332797,0.658626,0,3.15212,3.98284e-05
34.969251701,0,1.1904,0.153003,2.3303,0.195245,0.265159,1.85912,0.0419664,0.938098,0.00148813,2.85461,2.24165e-05
35.015691610,0,1.22976,0,2.53815,0.0530928,0.0334911,2.48504,0.0995968,0.987931,0.000686416,2.32654,0.00928378
35.062131519,0.00568942,1.28441,0.17557,2.33093,0,0.0292121,2.49636,0.262899,1.15384,0.125037,1.8235,0.0729557
35.108571429,0.0720488,0.87116,0.250814,1.58321,0.0625188,0.0366183,2.32453,0.374,1.62757,0.25054,1.68177,0.379771
35.155011338,0.27631,0.830316,0.568027,1.10991,0.164962,0.0374028,2.04651,0.305156,1.84213,0.202832,1.51549,0.494088
35.201451247,0.153513,0.85171,0.270216,1.87242,0.303839,0.556087,1.35861,0.264515,2.0506,0.0949932,1.2244,0.442247
35.247891156,0,1.32146,0.0620403,2.05776,0.298945,0.552453,0.930279,0.229089,2.2364,0.0925232,1.40434,0.293249
35.294331066,0,1.45133,0.00889969,2.05085,0.166407,0.212976,1.43952,0.203059,2.05522,0.102443,1.63279,0.0348063
35.340770975,0,0.978179,0,2.28111,0,0.253691,2.3896,0.232138,1.205,0.026657,1.92167,5.93156e-05
35.387210884,0.0511058,0.336729,0,2.57514,0.0804554,0.307781,2.72602,0.301801,0.559678,0.00830647,1.49469,0.0165223
35.433650794,0.339999,0.197422,0.088285,2.09474,0.654111,0.761122,2.62154,0.215466,0.312672,0.00844011,0.504207,0.0149203
35.480090703,0.555714,0.244451,0.0975233,1.48106,1.13895,0.809149,2.36577,0.29421,0.22195,0.0839728,0.74808,0.0035638
35.526530612,0.478176,0.21927,0.0432393,1.67688,1.22637,0.731304,2.26074,0.277419,0.147288,0.115258,1.06912,0.0222816
35.572970522,0.266977,0.256336,0,1.73829,1.04239,0.494875,2.64818,0.0868309,0.0682228,0.0191467,1.75254,0.0412895
35.619410431,0.47014,0.435542,0,1.84237,0.792589,0.0909908,2.76526,0.0309339,0.245985,0.0536118,1.74954,0.242392
35.665850340,0.308417,1.10445,0,1.70877,0.543922,0.0322895,2.53935,0.0298047,0.441311,0.00538506,1.83776,0.269989
35.712290249,0.00164775,1.94617,0,1.44579,0.285336,0.164612,2.5954,0.0330961,0.399471,0.00116263,1.67265,0.0696336
35.758730159,0,2.7319,0.203972,1.24334,0.148604,0.0442281,2.5047,0.360605,0.556317,0.00176187,1.14137,0.199343
35.805170068,0,3.30877,0.247009,0.612945,0.186761,0.18761,2.2654,0.471679,0.850981,0.0493696,0.350924,0.397399
35.851609977,0,3.64359,0.192796,0.396513,0.132641,0.312793,1.89388,0.38591,1.13556,0.109793,0.185099,0.436525
35.898049887,0,3.88177,0.14861,0.247809,0.197125,0.407427,1.39056,0.316196,1.11807,0.165193,0.105811,0.450144
35.944489796,0.053888,3.97777,0.169945,0.308057,0.212726,0.464091,1.04799,0.388263,1.52315,0.165547,0.116925,0.31039
35.990929705,0.0564586,4.09331,0.170541,0.206589,0.294981,0.396018,0.604879,0.331088,1.8588,0.163761,0.200863,0.202542
36.037369615,0.0744501,4.22168,0.151496,0.181224,0.182111,0.383244,0,0.556805,1.78861,0.184566,0.34394,0.205749
36.083809524,0.090935,4.15203,0.115134,0.248366,0.0362955,0.322962,0.0768233,0.199979,1.82535,0.202476,0.375876,0.178737
36.130249433,0.0387853,3.67423,0.00308677,0.309319,0.0225506,0.027728,0.600716,0.412922,1.81818,0.16814,0.246782,0.0833998
36.176689342,0.000484253,3.14346,0.0389363,0.775117,0.00199937,0.568424,0.809736,0.420082,1.72525,0.380752,0.0505226,0.234991
36.223129252,0.000252654,2.37395,0.0687728,1.23321,0.0891877,0.645572,0.8124,0.437645,1.76825,0.388179,0,0.28078
36.269569161,0.845422,0.962411,0.127191,2.08606,0.574591,0.701353,0.908965,0.151434,2.16976,0.183326,0,0.0427954
36.316009070,1.47313,0.183767,0.107682,2.56349,0.50494,0.299619,1.02791,0.0589442,2.812,0.110695,0.524158,0.0399056
36.362448980,1.29288,1.1339,0.241211,2.84972,0.306355,0.0341393,1.17251,0.300649,2.46724,0.0388647,0.705276,0.0349591
36.408888889,0.73711,1.67207,0.209283,2.8337,0.025646,0.0376044,1.86467,0.281775,2.13223,0.0962251,0.602045,0.0433203
36.455328798,0.34878,1.70208,0.366119,2.27433,0.0272944,0.00140481,2.32474,0.0801138,1.45722,0.555692,1.16889,0.0494053
36.501768707,0.166676,1.64028,0.657099,1.26958,0.102358,0.000467351,2.4942,0.297227,1.07883,0.486947,1.71761,0.13421
36.548208617,0,1.01174,0.759055,1.1629,0.187647,0.113166,2.35093,0.370713,0.787612,0.551691,2.08234,0.22911
36.594648526,0.0159928,0.894489,0.461929,1.38386,0.275271,0.188509,1.43196,0.437931,0.735298,0.228061,2.25464,0.266276
36.641088435,0.11958,1.29365,0.0051041,1.7402,0.322879,0.315129,0.124085,0.469187,2.15577,0.0729227,2.25355,0.282137
36.687528345,0.0497196,2.15242,0.0109605,2.00365,0.0619645,0.680543,0.24482,0.207073,2.88342,0.0992437,1.31737,0.519864
36.733968254,0.00264066,2.69413,0.110224,1.68017,0.0233188,0.881844,0.910364,0.207961,2.7862,0.0756286,0.627399,0.605577
36.780408163,0.0532638,2.72565,0.00564286,1.28967,0.0383378,0.875565,1.51203,0.343982,2.32903,0.0182928,0.477686,0.4381
36.826848073,0.123079,2.27686,0.0312675,0.904904,0.725077,0.860841,1.61155,0.389865,1.68255,0.00333381,0.591009,0.201986
36.873287982,0.136545,1.26076,0.012029,0.675923,1.40534,0.91199,1.58857,0.350047,1.19692,0.0547242,0.803446,0.152011
36.919727891,0.133961,0.762501,0.00352426,1.05211,1.53518,0.625203,1.36433,0.302366,1.38856,0.0690651,1.04623,0.0216911
36.966167800,0.118777,0.677452,0.00322116,1.79937,0.913251,0.114021,1.24976,0.150971,1.58524,0.0968175,1.25228,0.00125516
37.012607710,0.0344781,1.28483,0.00305837,2.17227,0.295453,0.185765,1.24203,0.00709533,1.48201,0.0016208,1.50551,0.149806
37.059047619,0.000270133,1.59841,0.00319954,2.25032,0.0219567,0.617787,1.54345,0.0269034,1.15046,0.000884988,0.863526,0.44929
37.105487528,0.0127195,1.95123,0.00343813,1.88902,0.0179269,0.675608,1.84545,0.0368458,0.999166,0.00387567,0.825382,0.47993
37.151927438,0.000238736,1.41616,0.0132828,1.32287,0.0353402,0.436835,1.81923,0.210202,1.10299,0.0173944,0.764372,1.11096
37.198367347,0.0012595,0.829838,0.188023,1.29387,0.303793,0.175332,1.85048,0.361957,0.247449,0,1.12962,1.13584
37.244807256,0.000301483,0.59315,0.567094,0.900802,0.478309,0.243939,1.70874,0.483888,0.38311,0.0531247,1.40256,0.954008
37.291247166,0.000302424,0.734265,0.822439,1.10974,0.425399,0.324853,1.39212,0.43819,0.752181,0.0853898,1.41302,0.77032
37.337687075,0.000256467,1.19135,0.27649,1.83868,0.224678,0.31681,1.08519,0.292586,2.13253,0.117353,0.939921,0.581463
37.384126984,0.000199586,1.75178,0.120416,1.76132,0.066669,0.530549,0.994652,0.0155949,2.60928,0.110163,1.35122,0.522324
37.430566893,0.0135153,1.78322,0.00354637,2.08157,0.00572808,0.46872,1.23866,0.0164366,2.07601,0.0698073,1.94615,0.263547
37.477006803,0.210339,1.30847,0.00305958,2.20677,0.11104,0.429638,0.919586,0.0859546,1.70015,0.0130248,2.05128,0.250435
37.523446712,0.225054,1.60519,0.0034713,1.31166,1.24992,0.362165,0.683486,0.239988,0.839794,0.00605253,2.5124,0.000507108
37.569886621,0.237583,1.63323,0.0314177,0.883511,1.63397,0.535294,0.42608,0.27001,0.591687,0.00648645,2.50092,0.000469917
37.616326531,0.259319,1.45248,0.1226,0.685871,1.77185,0.65173,0.502989,0.277458,0.458152,0.0161336,2.46795,0.00042101
37.662766440,0.227553,1.32024,0.148561,0.911592,1.55911,0.684275,0.671492,0.216516,0.42859,0.00589537,2.41303,0.220293
37.709206349,0.172432,1.18213,0.00360614,1.65962,0.556581,0.667722,0.860839,0.161986,1.12511,0.00468554,2.22392,0.379374
37.755646259,0.000254897,0.890666,0.00334067,2.14107,0.314754,0.392788,2.07716,0.193997,1.39869,0.00367724,2.2589,0.129154
37.802086168,0.000275732,0.709151,0.0032811,2.27398,0.102416,0.303221,2.73631,0.0818732,1.36159,0.0083402,2.28663,0.180315
37.848526077,0.00148388,0.514359,0.00349052,1.57456,0.0553219,0.517766,2.80222,0.051578,1.5678,0,2.49766,0.491923
37.894965986,0.230294,0.447708,0.376435,1.45437,0.0808566,0.000200052,2.62547,0.175277,1.17157,0.473989,2.30099,0.766731
37.941405896,0.895386,0.334609,0.331532,1.18662,0.144968,0.0381324,2.38575,0.230357,0.474164,0.917109,1.84776,0.901656
37.987845805,0.772292,0.144335,0.153878,1.60003,0.0940849,0.133682,1.98108,0.451234,0.256104,1.30704,1.08502,1.32815
38.034285714,0.201561,0.120364,0.00508458,1.81341,0,0.852705,0.32985,1.21746,0.490922,0.982928,0.621468,1.95771
38.080725624,0.0365187,1.02578,0.00566071,1.78763,0.0791755,1.30628,0.00907821,1.13716,0.722015,0.332365,0.896317,1.84355
38.127165533,0.00247834,2.38296,0.0155244,1.91545,0.00608087,1.30569,0.573412,0.585159,0.966719,0.0937887,0.948666,1.23519
38.173605442,0.208076,2.63577,0.0301163,1.54656,0.124701,1.19193,1.1926,0.487617,1.25718,0.0257388,0.607253,0.754178
38.220045351,0.223102,2.17395,0.0495709,1.18532,0.114582,1.00782,1.80498,0.216613,1.45715,0.131717,0.568248,0.621571
38.266485261,0.306967,1.10236,0.059629,0.525821,0.482172,1.15183,1.80177,0.195835,1.23477,0.433555,0.408415,1.07551
38.312925170,0.363345,0.763291,0.0845133,0.514625,0.965597,1.21122,1.84685,0.133461,0.834106,0.645822,0.111087,1.11414
38.359365079,0.70707,0.590931,0.145657,1.52018,1.069,0.632406,2.21566,0.185553,0.223892,0.395165,1.00235,0.514403
38.405804989,0.0264069,2.08426,0.346807,1.46382,0.481283,0.697677,1.76109,0.348717,0.0974021,0.61985,1.69325,0.00030495
38.452244898,0,2.96454,0.465108,1.0766,0.0193034,0.458027,1.2068,0.0766328,0.422813,0.602755,1.31205,0.0479991
38.498684807,0.158606,3.36457,0.514302,0.686093,0.0193865,0.391907,0.755118,0.0225043,0.630592,0.364996,0.968104,0.00569684
38.545124717,0.338061,3.43671,0.286401,0.357051,0.0139509,0.288426,0.947849,0.262393,0.570288,0.436915,0.718278,0.00466346
38.591564626,0.400639,3.27843,0.0787195,1.2859,0,0.250578,1.40315,0.592968,0.683277,0.893019,0.423217,0.179306
38.638004535,0.307745,2.50735,0.135837,3.01104,0,0.124788,1.22316,0.701329,0.388379,1.03452,1.0993,0.0877778
38.684444444,0.255307,0.615003,0.287739,3.78196,0.0757374,0.0515951,0.894329,0.212562,0.153461,0.908274,1.27344,0.298226
38.730884354,0.0208427,0.117457,0.209756,3.79861,0.105952,0.0370305,0.897275,0.12336,0.0553715,0.604872,1.32706,0.389307
38.777324263,0.207878,0.90744,0.170856,3.51095,0.114574,0.00572926,1.02657,0.0987794,0.0271421,0.478709,1.24505,0.246986
38.823764172,0.145695,2.0184,0.0784255,2.82324,0.119039,0.009641,1.12963,0.129051,0.0337335,0.592478,1.11878,0.379445
38.870204082,0.119928,2.90879,0.10226,1.51809,0.193143,0.0795817,1.23108,0.139175,0.495043,0.449077,0.67674,0.462502
38.916643991,0.0713164,3.36596,0.22278,0.492805,0.195073,0.855218,0.383296,0.402528,0.537896,0.479586,0.207998,0.199254
38.963083900,0.107416,2.0106,0.12334,1.45647,0.432974,0.893241,0.0656987,0.941553,0.201524,0.963824,0.477412,0.186439
39.009523810,0.165933,0.445012,0.0816594,2.83492,0.242848,0.732053,0.00442171,0.730349,0.177789,1.0293,0.485178,0.515432
39.055963719,0.0684851,0.810822,0.04749,2.98674,0.339599,0.478147,0.0319427,0.514765,0.152044,0.820631,0.419908,0.519316
39.102403628,0.000547208,1.63058,0.0134382,2.06274,0.610778,0.460151,0.0325917,0.388791,1.22571,0.661185,0.38134,0.319229
39.148843537,0.000411043,2.49517,0.00360541,1.13953,0.291467,0.608799,0.0205662,0.23928,1.46137,0.472929,0.388149,0.323846
39.195283447,0.000474725,3.1519,0,0.456278,0,0.944222,0.00966886,0.0681737,1.38937,0.247583,0.70192,0.358959
39.241723356,0,3.22453,0.121598,0.0485995,0.182666,1.46559,0.00998891,0,1.11183,0.0853111,1.26933,0.218946
39.288163265,0.0467899,1.9846,0.599053,0.701538,0.268438,1.19249,0.0104252,0.371898,0.911243,0.403977,1.90583,0.2913
39.334603175,0.187513,0.498727,0.555939,2.28375,0.370862,0.903336,0.0129634,0.424307,0.863931,0.303612,1.08635,0.314397
39.381043084,0.220446,0.0746466,0.0291458,3.08638,0.238297,0.501629,0.0207405,0.402539,0.844903,0.322515,0.942671,0.480383
39.427482993,0.1372,0.0333639,0.0189936,3.49539,0.115887,0.073505,0.0839891,0.319734,0.788098,0.696001,0.970993,0.196991
39.473922902,0.268305,0.0412214,0.0014921,3.74322,0.148732,0.112734,0.477237,0.281636,0.415514,0.718219,0.970172,0.0530589
39.520362812,0.55996,0.0763032,0,3.64417,0.0048671,0.213755,0.71501,0.229168,0.41116,0.463492,1.14124,0
39.566802721,0.818802,0.0777829,0,3.08486,0,0.269187,0.785983,0.104251,0.705007,0.184772,1.34332,0.0272633
39.613242630,1.18647,0.000336423,1.05021e-05,2.91188,0.257782,0.0526311,1.05532,0.00553342,0.586965,0.0892555,1.12086,0.0886743
39.659682540,1.01719,0,0.0809063,2.85287,0.117072,0.100758,1.29683,0.00745725,0.588779,0.0558091,0.918323,0.0764111
39.706122449,0.690501,0.000626862,0.0758242,2.97482,0.0926595,0.425218,1.54575,0.171934,0.479482,0.113531,1.01915,0.000430188
39.752562358,0.466286,0.0984424,0,3.25393,0.0585603,0.37389,1.53736,0.306742,0.317996,0.187263,1.02566,0.015707
39.799002268,0.511828,0.144123,0,3.54946,0.217627,0.223548,1.36743,0.37709,0.206648,0.0185441,1.29518,0.000162013
39.845442177,0.378657,0.355995,0.00066258,3.17263,0.285169,0.192635,1.44763,0.480609,0.433218,0.00580228,1.70865,8.10745e-05
39.891882086,0.333784,0.280463,0.215034,2.92842,0.302622,0.18365,1.73846,0.49965,0.682105,0.0486704,1.76979,0.000209714
39.938321995,0.491602,0.495625,0.420153,2.62311,0.373154,0.0429063,1.85956,0.310193,0.31888,0.116305,1.89385,0.000540209
39.984761905,0.625982,0.871097,0.419152,2.26299,0.27336,0,1.6713,0.362327,0.213011,0.225514,1.78074,0.542278
40.031201814,0.627462,0.913812,0.500368,2.11851,0.174466,0,1.71397,0.384372,0.199657,0.168153,1.40985,0.728653
40.077641723,0.513456,0.549085,0.808877,1.84825,0.147988,0.01344,1.74095,0.414965,0.235802,0.106291,1.37572,0.760917
40.124081633,0.364406,0.118487,0.961204,1.46536,0.164271,0.00900493,1.71245,0.410421,1.13573,0.0804164,1.42519,0.721998
40.170521542,0.41923,0.136879,0.704718,2.10916,0.212644,0.0151514,1.48213,0.317154,1.75048,0.0677923,1.9909,0.354612
40.216961451,0.396292,0.0803897,0.124826,2.72891,0.25804,0.032545,1.40365,0.38729,1.8419,0.00229378,2.03837,0.0621415
40.263401361,0.437906,0.0429245,0.00103973,2.55474,0.293559,0,1.50013,0.389909,1.87339,0.00128488,1.70205,0.000406253
40.309841270,0.541362,0.0354824,0.0105381,2.41827,0.296704,0,1.15869,0.372632,1.66218,0.0340032,1.44461,0.0399136
40.356281179,0.45379,0.0585456,0.0556544,1.83829,1.17304,0.179635,1.0349,0.393895,1.30772,0.0321988,1.5909,0.0608761
40.402721088,0.086809,0.0972109,0.0479842,1.55874,1.63882,0.574115,0.930622,0.438631,1.07142,0.0358106,1.58503,0.052273
40.449160998,0.0836289,0.147508,0.00127402,1.64061,1.53257,0.491729,1.11442,0.411181,1.00272,0.0349501,1.57978,0.0655531
40.495600907,0.464572,0.353375,0.0221171,2.35099,0.663022,0.2711,1.39391,0.103328,0.981665,0.0284711,1.50426,0.0167161
40.542040816,0.516239,0.450731,0.340706,2.58483,0.368196,0.164141,2.08834,0.127665,1.51517,0.0095662,1.69889,0.000207849
40.588480726,0.445726,0.242608,0.476872,2.47682,0.353819,0.079265,2.55856,0.184985,1.62464,0.0028414,1.68432,0.000167194
40.634920635,0.348827,0.199269,0.485187,2.25406,0.363281,0.0163142,2.76197,0.132046,1.55598,0,1.81895,0.000598418
40.681360544,0,0.00376615,0.398249,2.40168,0.358363,0,2.71647,0.402733,0.898058,0.00166211,1.82047,0.37896
40.727800454,0,0,0.11955,2.22589,0.287659,0,2.417,0.40301,0.563498,0.128823,1.90659,0.653778
40.774240363,0.00299227,0,0.116169,2.19051,0.214461,0.0116276,2.33991,0.366222,0.360335,0.290886,1.89707,0.779158
40.820680272,0,0.0516838,0.0809238,3.2253,0.206595,0,2.04331,0.27821,0.509621,0.383849,1.67369,0.785196
40.867120181,0,0.157705,0.273627,3.43441,0.337681,0.000741701,1.51296,0.00108732,1.13254,0.302406,2.06877,0.180418
40.913560091,0.028561,0.158327,0.453018,2.93378,0.291922,0.0665179,1.74823,0.0135325,1.20589,0.277312,1.91321,0.215042
40.960000000,0.0651182,0.129453,0.547395,2.59038,0.233757,0.0994852,2.32536,0.0404023,1.16447,0.0216186,1.73474,0.000192152
41.006439909,0.232582,0,0.376925,2.78236,0.257905,0.182036,2.70173,0.296662,0.382543,0.0114323,1.36645,0.000444777
41.052879819,0.252688,0,0.293622,2.02034,0.804085,0.938433,2.48004,0.102191,0.522496,0.0346116,0.503869,0.346301
41.099319728,0.399753,0.0823787,0.112814,1.33017,1.36661,0.881343,2.20814,0.0872262,0.519213,0.0406023,0.730893,0.46383
41.145759637,0.534513,0.100932,0.0793428,1.35588,1.48762,0.679521,2.1239,0.059647,0.347556,0.0451194,1.13497,0.36538
41.192199546,0.0905047,0.27697,0.230891,1.45346,1.21914,0.445314,2.19891,0.0460031,0.311469,0.0394674,1.66358,0.418667
41.238639456,0.000249582,0.216624,0.706015,1.88321,0.774086,0.121893,2.003,0.0613043,0.43083,0.0477612,1.70456,0.5209
41.285079365,0.17908,0.178738,0.688313,2.26813,0.674336,0.0257681,2.24839,0.0411291,0.377417,0.0604037,1.47749,0.313396
41.331519274,0.158287,0.313766,0.570842,2.16192,0.544416,0.215724,2.66654,0.0742507,0.392786,0.0830872,1.45314,0.0588635
41.377959184,0.0324026,0.437556,0.144467,1.97815,0.392171,0.00354651,2.85939,0.584065,0.571767,0.117608,1.61378,0.243779
41.424399093,0,0.558064,0.162524,1.87252,0.410988,0,2.55991,0.519788,0.572026,0.149028,1.517,0.407484
41.470839002,0,0.495648,0.315258,1.83133,0.324364,0,2.00257,0.82515,0.531871,0.172541,1.20465,0.408645
41.517278912,0.000290407,0.585526,0.339223,2.36065,0.212484,0,1.3006,0.827135,1.00684,0.161287,0.89799,0.302905
41.563718821,0.000331034,1.10711,0.436944,1.85748,0.216199,0.125532,0.598202,0.644162,1.70427,0.267351,0.58555,0.0880582
41.610158730,0.032217,1.95059,0.695345,0.949496,0.110698,0.387349,0.024771,0.172337,1.55167,0.234925,0.697127,0.254906
41.656598639,0.0730974,2.5725,0.500977,0.478798,0.0208701,0.527066,0.21211,0.0710338,1.62836,0.187913,0.778524,0.391162
41.703038549,0.0736346,2.96174,0.113001,0.274573,0,0.494271,0.443644,0.023691,1.21637,0.216711,0.89028,0.370716
41.749478458,0.249656,3.08419,0.0483152,0.0175386,0.157355,0.769913,0.821317,0.088419,0.533728,0.130272,1.02205,0.136323
41.795918367,0.228986,2.83418,0.0060122,0.333909,0.821311,0.919716,1.04996,0.140605,0.306731,0.164297,1.27223,0.0626582
41.842358277,0.260214,2.07068,0.00257698,1.24282,0.51128,0.831049,0.908554,0.143005,0.115356,0.53417,1.49644,0.281325
41.888798186,0.609368,1.20158,0.00103878,1.83562,0.400244,1.01584,0.757305,0.100299,0.803707,0.293173,0.969587,0.133936
41.935238095,0.32051,2.24181,0.000517325,0.763745,0.697209,0.483414,0.520411,0.0743663,1.31433,0.194783,0.55067,0.306207
41.981678005,0,2.9823,0.00493828,0.130029,0.1281,0.494183,0.925649,0.0876523,1.376,0.333982,0.173673,0.26341
42.028117914,0,3.0977,0,0.026344,0.0443441,0.812902,1.39534,0.260347,1.19661,0.38622,0.122913,0.225329
42.074557823,0,3.03681,0.00312739,0.0871097,0.296507,0.753337,1.32571,0.210524,0.752448,0.256856,0.0559277,0.573666
42.120997732,0.0386228,2.15674,0.138898,0.733127,0.552189,0.318944,1.22211,0.477666,0.354368,0.0700734,1.58376,0.610673
42.167437642,0.0253685,0.776296,0.139656,1.73248,0.589071,0.154667,0.889096,0.516036,0.614305,0.0541146,2.16376,0.580319
42.213877551,0.0559672,0.608401,0.134509,2.40294,0.195254,0.923488,0.367528,0.546396,0.274105,0.0474469,1.8696,0.104017
42.260317460,0.00478518,0.792746,0.0226586,2.26662,0.0899559,1.36535,0,1.16473,0.00424505,0.243147,1.98056,0
42.306757370,0,1.10802,0.0559977,2.02401,0.0205797,1.3191,0.0995484,1.46915,0.0253781,0.305128,2.44843,0.00602234
42.353197279,0,1.59026,0.0432438,1.39656,0.0152241,0.962825,0.948003,1.31082,0.264363,0.393312,2.35288,0.0826431
42.399637188,0.0630965,2.18169,0.00661344,0.853177,0.0119803,0.632685,1.91192,1.05905,0.431018,0.280816,1.9051,7.12009e-05
42.446077098,0.156035,2.2515,0.00161533,0.643726,0.268742,0.513799,2.17482,0.826154,0.275886,0.0625785,1.23855,0.000308783
42.492517007,0.174961,2.16589,0.00138742,0.433418,0.914962,0.445872,1.92661,0.744687,0.296964,0.05919,0.952389,0.000329976
42.538956916,0.178749,2.22032,0.00154516,0.565754,0.918595,0.483681,1.5066,0.694539,0.646059,0.0250954,1.02687,0.242184
42.585396825,0.111741,2.62479,0.00348882,1.06296,0.584168,0.34839,0.904101,0.682091,0.844595,0.00486763,1.24704,0.272539
42.631836735,0,3.18778,0.0111669,1.38142,0.189014,0.375,0.674914,0.826484,0.80531,0.0472836,1.18039,0.497497
42.678276644,0,3.41487,0.00378609,0.878952,0.0105427,0.377889,1.12346,0.800381,0.744391,0.102441,1.22283,0.381169
42.724716553,0,3.56257,0.00317302,0.418326,0.00598775,0.250936,1.46861,0.669997,0.74958,0.0825794,0.987655,0.1363
42.771156463,0,3.62451,0.00259804,0.525767,0.00784821,0.139687,1.96109,0.820499,0.666944,0.0174643,0.66316,5.34672e-05
42.817596372,0,3.39534,0.00452983,0.486343,0.0121241,0.189706,2.06045,0.788238,0.888129,0.00903133,0.415005,0.152005
42.864036281,0,2.87357,0.0597893,0.399911,0.04988,0.0331184,1.94764,0.628749,1.03709,0.0741085,0.569524,0.380989
42.910476190,0,2.04858,0.332907,0.36796,0.0922966,0,1.67255,0.22853,1.57047,0.130069,1.05811,0.691235
42.956916100,0.136219,1.25341,0.291223,0.87714,0.0257837,0,1.57838,0.144704,2.07217,0.176334,1.20133,0.207424
43.003356009,0.0625559,1.06518,0.00489728,3.13803,0,0,0.932055,0.433987,1.81409,0.145348,1.33105,0
43.049795918,0,0.36772,0.00132019,3.66661,0.00325258,0,0.67252,0.502897,1.57486,0.0896119,1.84491,0
43.096235828,0,0.210013,0.00348744,3.75366,0.00583486,0,0.498798,0.607618,1.15267,0.0293851,1.95663,0
43.142675737,0.0247076,0.269217,0.0682263,3.52246,0.0585907,0.251663,0.343813,0.734627,0.693995,0.0117772,2.05375,0.0626204
43.189115646,0.0941308,0.430314,0.218114,3.219,0.410707,0.533785,0.208184,0.690981,0.321929,0.0257442,2.12682,0.015722
43.235555556,0.113426,0.658592,0.447053,2.49004,0.69841,0.599262,0.375086,0.379377,0.0281371,0.0380156,2.65581,0.000312781
43.281995465,0.0751285,0.964365,0.386624,1.5826,0.91471,0.755474,0.924453,0.127946,0.127379,0.00386229,3.20206,0.000319261
43.328435374,0.0285927,0.393127,0.438319,1.83914,0.968381,0.276792,1.41183,0.0217169,0.446722,0.0178044,3.38692,0.000266098
43.374875283,0,0.163603,0.471295,2.02867,0.786343,0.0935353,2.15568,0.368109,0.77549,0.0148365,3.05318,0.00460797
43.421315193,0,0.461994,0.387038,2.32471,0.216638,0,2.49452,0.458037,0.654684,0.00989733,2.4613,0.0223969
43.467755102,0,0.696257,0.486738,2.59234,0.117935,0,2.66066,0.152492,0.338067,0,1.92642,0.000309229
43.514195011,0,0.482734,0.425401,2.43915,0.241558,0,2.73895,0.189918,0.608859,0,1.93827,0.168498
43.560634921,0,0.579103,0.553099,2.09172,0.258197,0.0023863,2.69866,0.192142,0.587106,0.0588014,1.71951,0.235212
43.607074830,0.269371,0.625746,0.41161,2.2685,0.290507,0.0266712,2.5424,0.202517,0.664901,0.149318,1.71825,0.144248
43.653514739,0.451728,0.219178,0.0454431,2.86423,0.327496,0.00263088,1.84331,0.00203519,1.25868,0.194657,1.72055,0.0834975
43.699954649,0.368951,0.122182,0.151918,2.89267,0.443794,0,1.22662,0.419141,1.34399,0.143811,1.85931,0.0130398
43.746394558,0.17059,0.118039,0.215774,3.09237,0.217647,0,2.00869,0.666049,0.78314,0.0900636,1.87636,0.000346833
43.792834467,0.0309916,0.283131,0.0839567,2.97318,0.0985112,0,2.28192,0.840501,0.206884,0.157592,1.97453,0.0102411
43.839274376,0.0693532,0.0973522,0.175363,2.68312,0.260561,0.675779,2.56918,0.325718,0.119783,0.078323,1.37957,0.171259
43.885714286,0.114341,0.0563652,0.00329836,2.22944,0.64614,0.91366,2.54547,0.470924,0.167901,0.0107446,1.16192,0.319131
43.932154195,0.279844,0.112813,0.0388371,1.62157,1.11337,0.82158,2.35424,0.469508,0.0952192,0.108162,1.3723,0.306018
43.978594104,0.16597,0.0579579,0.142112,1.63678,1.01257,0.630753,2.33424,0.302891,0.137665,0.115268,1.86398,0.411581
44.025034014,0,0,0.203469,1.80119,0.885094,0.100907,2.5514,0.226351,0.258482,0.0820652,2.28657,0.237857
44.071473923,0,0.148655,0.52986,2.00268,0.847547,0,2.67102,0.184261,0.409802,0.00974483,2.17655,0.0570285
44.117913832,0,0.209914,0.478354,2.20945,0.898012,0,2.6791,0.080357,0.279642,0.0281145,2.16912,0.0105331
44.164353741,0,0.242067,0.586585,2.13131,0.837545,0,2.78906,0.443306,0.103504,0.01835,1.78201,0.0365666
44.210793651,0.0385058,0.26892,0.680788,2.21984,0.531437,0,2.69905,0.611253,0.202023,0.0131716,1.23473,0.107807
44.257233560,0.0268941,0.0777258,1.35726,2.36714,0.343797,9.04267e-05,2.366,0.546985,0.2214,0.0322259,0.899137,0.22816
44.303673469,0.0260226,0,1.57909,2.14041,0.138919,0.0143153,1.94854,0.470211,0.345204,0.120778,0.599857,0.387263
44.350113379,0.0343515,0.432792,1.17483,1.96461,0.0078304,0.0207501,1.70148,0.472818,1.22829,0.140962,0.332497,0.131224
44.396553288,0.067634,2.1132,0.862048,0.889768,0.0760194,0.0292903,1.0752,0.480826,1.18265,0.155103,0.350927,0.188718
44.442993197,0.0388324,2.35217,0.958761,0.150934,0.137243,0.182215,0.491099,0.46073,1.21379,0.151718,0.56627,0.374625
44.489433107,0.0457977,2.22911,0.50456,0.240199,0.19798,0.10297,0.495555,0.399213,1.35004,0.172003,1.24482,0.365137
44.535873016,0.085944,1.54148,0.0301751,2.1233,0.177336,0,0.438557,0.438223,0.72545,0.250368,1.56648,0.150657
44.582312925,0.0772924,0.56412,0.0319193,3.34873,0.416893,0.54883,0.347052,0.440217,0.097896,0.210032,1.01882,0.000235125
44.628752834,0.0236356,0.112692,0.00925384,3.7136,0.689857,0.609339,0.236417,0.433209,0.140353,0.106473,0.995162,0.0234786
44.675192744,0,0.380119,0.00274055,3.85116,0.726488,0.439503,0.0872396,0.432479,0.118283,0.0408715,1.34676,0.101196
44.721632653,0,1.89744,0.00131225,3.28554,0.618647,0.313557,0.375526,0.442146,0.257303,0.0323074,1.69349,0.0590446
44.768072562,0,3.16697,0.00161491,1.59867,0.633364,0.0757016,1.15684,0.435028,0.213377,0.00313153,1.89673,0.0258477
44.814512472,0.164476,3.33142,0.0018739,0.217009,0.686691,0.153763,2.05312,0.35864,0.223593,0.00333101,1.86164,0.0246277
44.860952381,0.0930121,3.22968,0.00829787,0.165681,0.303745,0.434961,2.4312,0.456551,0.575639,0.00332912,1.40337,0.0876892
44.907392290,0.168917,3.01539,0.0768274,0.184501,0.168393,0.374281,2.25939,0.0126717,0.893459,0.00324547,0.658716,0.415311
44.953832200,0.159336,3.14844,0.102993,0.338642,0.0922316,0.575531,1.29263,0.0631282,0.987077,0.0873374,0.727971,0.269075
45.000272109,0.146773,3.01066,0.271175,0.381987,0.10232,1.8208,0.259932,0.0702336,1.00969,0.2797,0.657233,0.193507
45.046712018,0.124913,2.75942,0.273133,0.41467,0.0926356,2.2854,0.0716062,0.095907,0.709677,0.335968,0.384268,0.452655
45.093151927,0.210291,2.5143,0.284428,0.39784,0.0230526,2.31346,0.080338,0.382218,0.383213,0.596733,0.437659,0.0551513
45.139591837,0.114156,2.88767,0.000722145,0.296188,0.0106315,1.59903,0.395783,0.506078,0.418939,0.36346,1.18916,9.04444e-05
45.186031746,0,3.53867,0,0.459569,0.35299,0.404382,1.98317,0.166121,0.907056,0.00249228,1.14473,0.000120592
45.232471655,0.0708147,3.24252,0,0.19182,0.436525,0.58022,2.29023,0.0975863,1.3223,0.0048467,0.7567,0.00671328
45.278911565,0.083576,3.02127,0.0388385,0.0781701,0.596444,0.820554,2.29801,0.289776,1.2295,0.00707068,0.521623,0.196396
45.325351474,0.103072,2.95127,0,0.133789,0.754001,0.82757,2.20177,0.29433,1.06458,0.0072991,0.443687,0.26693
45.371791383,0.071259,2.95594,0.00502152,0.280872,0.636057,1.12222,1.9302,0.199347,0.963677,0.005755,0.611145,0.287164
45.418231293,0.0404831,3.18297,0.0112099,0.57699,0.569386,0.816777,1.32277,0.221221,0.942725,0.00525804,1.30924,0.00174061
45.464671202,0,3.35144,0.0218525,0.305662,0.597096,0.0282873,0.789336,0.312131,1.42209,0.0050247,1.32588,0.0164162
45.511111111,0,3.18385,0.0225735,0.282984,0.387347,0.0315863,1.47253,0.138271,1.28606,0.0282676,0.863477,0.0143046
45.557551020,0,3.18214,0.00815586,0.193817,0.170628,0.0768505,1.84875,0.0361002,0.923428,0.0778769,0.633969,0.011106
45.603990930,0,3.33733,0.173965,0.16585,0.127586,0.246996,1.74575,0.0277876,0.454028,0.206499,0.49555,0.0562253
45.650430839,0,3.34663,0.305626,0.295418,0.185609,0.368785,1.54284,0.197108,0.166197,0.256407,0.56568,0.155744
45.696870748,0,2.90162,0.264343,0.628857,0.337174,0.387001,1.4932,0.578017,0.18505,0.256673,0.700715,0.285543
45.743310658,0,2.10464,0.119692,0.761436,0.449006,0.307324,1.17441,0.603205,1.15774,0.246322,1.0546,0.0879465
45.789750567,0,1.19594,0.0441877,2.71396,0.362368,0.02445,0.719204,0.144149,1.09392,0.311729,1.664,0.018308
45.836190476,0,0.511469,0,3.08267,0.244667,0.0304831,0.77225,0.0179856,0.748938,0.102411,2.10211,0.041078
45.882630385,0,0.445362,0,3.06598,0,0.0343015,0.982081,0.0255162,0.52259,0.0142527,2.28539,0.0290867
45.929070295,0,0.584435,0,2.69535,0.0730884,0.0345647,1.10954,0.0357718,0.659383,0.0116297,2.24345,0.00614524
45.975510204,0.0926434,0.876194,0.176643,2.40741,0.223106,0.308872,0.707002,0.0365634,0.751085,0.00934098,2.22313,0.145836
46.021950113,0.193916,0.671701,0.38611,1.21317,0.752577,0.647313,0.408391,0.0347894,0.798202,0.00922962,2.66878,0.000177509
46.068390023,0.191271,0.517136,0.499545,0.905999,0.685683,0.478417,0.248632,0.0296435,0.656046,0.00891302,3.02201,0.000152383
46.114829932,0.119995,0.350534,0.566454,1.18271,0.573092,0.306258,0.366194,0.0317945,0.617096,0.0070637,2.83896,0.000125584
46.161269841,0,0.359849,0.739599,1.78763,0.418267,0.0337601,1.42751,0.0345191,0.964359,0.00528355,2.52154,0.000100628
46.207709751,0,0.825569,0.265777,2.13883,0.180798,0.0519266,2.37405,0.0352544,0.833591,0.0015107,2.65047,0.000301884
46.254149660,0,1.63309,0.0154922,2.07655,0.0986599,0.0375052,2.67741,0.14593,0.184399,0,2.65433,0.000250369
46.300589569,0,2.2514,0.137747,1.71992,0.0338465,0.0283521,2.53943,0.56123,0.233419,0.194858,2.27271,8.5436e-05
46.347029478,0.0197434,2.04774,0.232184,1.08445,0.140686,0.0337345,2.2985,0.603608,0.200289,0.275553,1.84852,0.0480138
46.393469388,0.0443099,1.52727,0.297447,1.01163,0.242784,0.0314424,2.29346,0.592795,0.180244,0.222454,1.81873,0.027331
46.439909297,0.114945,0.585765,0.699627,2.04768,0.305094,0.0165174,2.1162,0.552332,0.44048,0.0881735,1.51635,0.0168205
46.486349206,0.551823,0.192764,0.676384,2.00635,0.312889,0.0188494,1.02302,0.565226,0.641099,0.165498,1.48564,0.206849
46.532789116,0.250677,0.329314,0.663546,2.07052,0.235348,0.0315503,1.5285,0.624533,0.207654,0.090172,1.68243,0.0827774
46.579229025,0.0241622,0.275965,0.576986,2.21834,0.154115,0.0360754,2.07673,0.740077,0.182007,0.156648,1.81558,0.205913
46.625668934,0.0304499,0.190764,0.646587,2.37029,0.0175184,0.358673,2.5945,0.162218,0.0721098,0,1.19385,0.373332
46.672108844,0.155916,0.305734,0.323532,2.24539,0.630621,0.68027,2.45699,0.22978,0.131153,0.00155859,0.536559,0.160878
46.718548753,0.316337,0.257893,0.108191,1.82715,1.13542,0.787802,2.1698,0.173437,0.154544,0.111958,0.649534,0.355173
46.764988662,0.23041,0.203127,0.0566715,1.83354,1.11211,0.694095,2.04107,0.0636756,0.17897,0.0325091,1.21656,0.493867
46.811428571,0.138608,0.34751,0,2.11988,0.981069,0.377058,2.25416,0.0570367,0.136619,0.0453684,1.86,0.133079
46.857868481,0.0471092,0.43357,0.33025,2.53588,0.695188,0.120567,2.27002,0.124581,0.257777,0.0126251,1.91643,0.0659493
46.904308390,0.0692646,0.33736,0.508268,2.64962,0.542232,0.0286578,2.36576,0.0376055,0.164769,0.00409042,2.2947,0.0176818
46.950748299,0.0707496,0.624775,0.391406,2.45962,0.398296,0.0495455,2.76362,0.140841,0.340213,0.00241063,2.01268,0.00325402
46.997188209,0,1.95667,0.273598,1.5397,0.123642,0.0290695,2.78085,0.444777,0.331154,0.028048,1.16359,0.0763057
47.043628118,0,2.37952,0.636828,0.619282,0.150573,0.0400318,2.35971,0.315547,0.884685,0.174766,0.3893,0.236587
47.090068027,0,2.8028,0.442269,0.456956,0.0931889,0.0520524,1.8564,0.203928,1.2419,0.149842,0.221358,0.289294
47.136507937,0.00400124,3.60377,0.237916,0.298224,0.184542,0.0761758,1.35597,0.156435,1.29337,0.176984,0.114995,0.282664
47.182947846,0.0474673,3.91606,0.196134,0.338187,0.230456,0.395619,1.05592,0.226637,1.70021,0.172719,0.130075,0.131164
47.229387755,0.0503523,4.01568,0.161264,0.167045,0.298705,0.507114,0.509095,0.140044,1.73966,0.164916,0.290618,0.114493
47.275827664,0.072793,4.12106,0.17043,0.18231,0.13675,0.470397,0.0679376,0.104596,1.77872,0.190017,0.373751,0.169934
47.322267574,0.0816271,3.97011,0.117221,0.311672,0.0348524,0.338902,0.201912,0.177614,1.78161,0.191806,0.331306,0.137771
47.368707483,0.000197567,3.12152,0.00326222,0.716458,0.0221603,0.368363,0.728639,0.464068,1.69633,0.156108,0.160621,0.143103
47.415147392,0.0886778,2.26578,0.0569405,1.46688,0.0753052,0.773976,0.813404,0.43221,1.62909,0.367382,0.0538231,0.27764
47.461587302,0.117808,1.3245,0.0455314,2.25989,0.40078,0.780502,0.83713,0.438956,1.90537,0.268742,0,0.221518
47.508027211,1.13301,0.354933,0.160776,2.8974,0.576058,0.684726,0.775059,0.200313,2.29646,0.0564602,0.0775923,0.0165033
47.554467120,1.53783,0.374631,0.158029,2.809,0.450182,0.31017,1.0003,0.154391,2.55503,0.0898102,0.533744,0.00487896
47.600907029,1.13812,0.705751,0.233913,3.03562,0.375116,0.131746,1.40111,0.19058,2.03127,0.0265993,0.88456,0.0137584
47.647346939,0.434679,0.939641,0.194758,2.74355,0.0234074,0.12494,2.32526,0.259371,1.77717,0.103056,0.809295,0.108209
47.693786848,0.467235,0.868821,0.479717,2.0908,0.0207843,0.181963,2.60458,0.121078,1.60899,0.36156,0.390763,0.0825868
47.740226757,0.880384,0.880835,1.0019,1.22838,0.163348,0.120553,2.41398,0.281776,1.28242,0.304378,0.398372,0.0861079
47.786666667,0.859136,0.755133,1.03699,1.12352,0.224912,0.175409,1.96636,0.337213,1.28404,0.526082,0.0155186,0.469947
47.833106576,0.314648,0.566334,0.563651,1.85214,0.28129,0.20716,1.18792,0.276736,1.64638,0.552404,0.110869,0.668764
47.879546485,0.142025,0.856115,0.219534,1.77611,0.199423,0.584397,0.0470083,0.0241932,2.58819,0.396441,1.09525,0.495628
47.925986395,0.0723589,1.20578,0.712207,0.919625,0.0573502,0.855546,0.56927,0,2.93224,0.117471,1.34932,0.649661
47.972426304,0.010708,1.3301,0.947441,0.704976,0.0834898,0.979041,1.04435,0.00697608,2.85095,0.0839063,1.27474,0.616748
48.018866213,0.0819439,1.64729,0.838664,0.717496,0.0766768,0.916903,1.35579,0.231846,2.64928,0.0273116,1.15105,0.440904
48.065306122,0.237185,1.57522,0.453898,0.529388,0.929596,1.00568,1.35936,0.349342,2.08922,0.000973615,0.750302,0.228269
48.111746032,0.24068,1.30694,0.0249815,0.157493,1.4847,0.984259,1.4573,0.431388,1.85966,0.00459932,0.714105,0.169817
48.158185941,0.226363,0.974477,0.0246732,0.445295,1.49163,0.600741,1.2668,0.386995,2.01464,0.00511736,0.750983,0.067712
48.204625850,0.194731,1.2832,0.0198255,0.960458,0.848459,0.181396,1.099,0.218263,1.94831,0.00332732,0.846902,0.0466722
48.251065760,0.0464278,1.62236,0.390643,1.42786,0.212421,0.381861,1.4193,0.0823151,1.00518,0.119237,1.2436,0.161368
48.297505669,0.000252288,1.55983,0.730812,0.897733,0.138329,0.600307,1.7529,0.0813434,1.16884,0.0400605,1.38364,0.226165
48.343945578,0.000241321,1.52986,0.804176,0.615419,0.0708625,0.521931,1.91887,0.0718892,1.28463,0,1.4452,0.213367
48.390385488,0.00025165,1.30405,0.803728,0.646333,0.0762465,0.320628,1.98348,0.290877,1.39871,0,1.31725,0.226301
48.436825397,0.000298544,1.37945,0.881344,0.672073,0.211751,0.298901,1.83468,0.5061,1.21946,0,1.08811,0.305157
48.483265306,0.000302655,1.19001,1.19592,0.486152,0.379421,0.40872,1.64418,0.656481,1.26974,0.0567703,1.15977,0.34654
48.529705215,0.00028626,1.09876,1.43103,0.563952,0.304139,0.406164,1.32899,0.544392,1.92169,0.0904954,1.14602,0.322462
48.576145125,0.000220502,0.97028,1.12061,1.34674,0.203831,0.433419,1.13916,0.231908,2.51427,0.113754,0.989698,0.243966
48.622585034,0.00375283,1.31577,0.932702,1.22677,0.0554812,0.552354,0.962575,0.00299767,2.97596,0.105698,1.43711,0.204127
48.669024943,0.000261191,1.7145,0.043141,1.67832,0,0.503163,1.13569,0.00557181,2.51136,0.0666683,1.90033,0.227077
48.715464853,0.164651,1.71313,0.00315015,1.87254,0.104683,0.452023,0.83268,0.0201337,2.00866,0.0109853,2.11608,0.21935
48.761904762,0.184481,1.9122,0.00322683,0.954622,1.33461,0.441468,0.71097,0.0743422,0.845063,0.0220121,2.50379,0.000543707
48.808344671,0.205044,1.75106,0.00300121,0.878871,1.71171,0.577348,0.475167,0.0753011,0.403822,0.0563404,2.45501,0.000513446
48.854784580,0.210393,1.4596,0.0406683,0.98908,1.7334,0.673655,0.557096,0.0631935,0.266913,0.00811996,2.39388,0.0156901
48.901224490,0.186102,1.294,0.221076,1.12494,1.2858,0.708271,0.687951,0.0558593,0.582437,0.006496,2.29665,0.301387
48.947664399,0.000242448,1.0856,0.729318,1.1022,0.479623,0.702065,1.35683,0.148617,1.31636,0.0026866,2.32699,0.200659
48.994104308,0.000257055,0.816907,0.811417,1.02572,0.436779,0.110702,2.46095,0.217788,1.48908,0.00174217,2.4408,7.73374e-05
49.040544218,0.000256151,0.913791,0.813154,1.03907,0.157987,0.256342,2.9256,0.138394,1.28807,0.000820244,2.42833,0.0544045
49.086984127,0.00635873,0.444473,1.17041,0.753545,0.145544,0.49983,2.85292,0.116858,1.48446,0,2.57148,0.284927
49.133424036,0.196247,0.275865,1.15842,0.90912,0.184481,0,2.52988,0.428853,0.984728,0.438868,2.25804,0.650023
49.179863946,1.0127,0.195368,0.365606,0.955458,0.169815,0.0337895,2.27984,0.212835,0.893244,0.979333,1.59351,0.881562
49.226303855,0.655561,0.134698,0.194266,1.52,0.072089,0.193237,1.68498,0.559952,0.591873,1.28282,0.942478,1.53117
49.272743764,0.156321,0.198908,0.00532131,1.63283,0,0.97286,0.122713,1.28617,0.426106,0.818878,0.952215,1.83896
49.319183673,0.0424487,1.15205,0.204221,1.4576,0.0130178,1.22879,0.002615,1.26172,0.638602,0.209511,1.34336,1.58359
49.365623583,0.00988594,2.18728,0.538621,1.21479,0.030315,1.32377,0.983808,0.642716,0.878774,0.0769881,1.20848,1.04794
49.412063492,0.123826,2.38807,0.571183,0.945736,0,0.979499,1.35219,0.316686,1.17607,0.0527979,1.34034,0.683551
49.458503401,0.154903,1.93061,0.485226,0.554947,0.101271,0.983361,1.80919,0.139783,1.41224,0.177779,0.96889,0.633949
49.504943311,0.204533,1.1475,0.179823,0.550442,0.614258,1.0798,1.8603,0.0617338,1.1651,0.279564,0.749868,0.977662
49.551383220,0.268309,0.668132,0.12042,0.798884,1.02572,0.888066,2.19905,0.00863973,0.774756,0.347637,0.867966,0.996907
49.597823129,0.433825,0.687464,0.137562,1.64245,1.10987,0.428617,2.68236,0.0887945,0.540368,0.373366,1.05379,0.0514964
49.644263039,0,1.42073,0.565999,1.16235,0.478876,0.330756,2.00669,0.0941541,0.69359,0.485182,0.914173,9.75138e-05
49.690702948,0.0102573,1.86198,0.817114,0.458412,0.322699,0.130796,1.49845,0.0112412,0.917491,0.467881,0.659121,0.061191
49.737142857,0.214052,2.44543,0.615646,0.0131939,0.157318,0.0902842,1.21173,0.193029,1.15121,0.508133,0.542697,0.109499
49.783582766,0.389176,2.69,0.236605,0.0211463,0.00683864,0.20973,1.58102,0.424974,1.0723,0.576555,0.604463,0.258786
49.830022676,0.395575,2.11715,0.578919,0.218871,0,0.138972,1.90886,0.413329,1.10206,0.728256,0.883767,0.264272
49.876462585,0.307814,1.58522,0.938274,1.39357,0.00985545,0.0903768,1.98699,0.572535,0.810289,0.840273,1.25823,0.0523125
49.922902494,0.212053,0.755045,1.23296,1.86926,0.13407,0.0363926,1.89778,0.225818,0.754608,0.39673,1.49182,0.107507
49.969342404,0.26549,0.65839,1.17206,2.04939,0.152101,0.0160451,1.55663,0.126676,0.746937,0.198765,1.40211,0.4652
50.015782313,0.454509,1.59807,0.718123,1.39515,0.156201,0,1.41903,0.190355,0.311646,0.670175,0.770195,0.503785
50.062222222,0.478667,1.99043,0.436942,0.56193,0.166794,0.123079,1.24684,0.217072,0.814798,0.772242,0.626554,0.239058
50.108662132,0.509006,2.12036,0.42128,0.435006,0.354125,0.211325,1.19483,0.0874592,1.18701,0.572456,0.433445,0.20919
50.155102041,0.250266,2.52051,0.551376,1.3142,0.287558,0.757246,0.350573,0.0202195,1.02767,0.222481,0.527343,0.188033
50.201541950,0.108409,1.63279,0.320949,2.15511,0.286902,0.723606,0.33779,0.0996494,1.03616,0.219157,1.37295,0.15504
50.247981859,0.203976,0.727881,0.125359,2.10564,0.611333,0.61748,0.191346,0.289828,0.714083,0.378752,1.67232,0.489672
50.294421769,0.268599,0.2984,0.000780912,2.53044,0.859029,0.403849,0.0622305,0.302536,0.520155,0.349585,1.45643,0.51979
50.340861678,0.523694,0.434051,0.00202369,2.09413,0.657699,0.316806,0.0320865,0.329131,1.94076,0.0122149,1.18501,0.708296
50.387301587,0.40875,1.28934,0.741523,0.84111,0.155057,0.335625,0.120992,0.507762,2.09934,0.0127625,0.661123,0.570118
50.433741497,0.250844,1.73865,1.20373,0,0.167678,0.628454,0.230036,0.500166,1.96097,0.0110187,0.776507,0.185282
50.480181406,0.112296,2.22819,1.26275,0.0261479,0.538079,1.05643,0.0838398,0.361745,1.37259,0.289048,0.699564,0.177924
50.526621315,0.0247648,2.2199,0.971379,0.0418971,0.40038,0.979011,0.415047,0.276515,1.26034,0.418713,0.425247,0.391221
50.573061224,0.076187,1.82824,0.930962,0.594549,0.279144,0.543743,0.373498,0.13328,1.48942,0.279162,0.370342,1.4241
50.619501134,0.146971,1.626,0.354089,1.37347,0.291957,0.0969142,0.291673,0,1.76519,0.255544,0.580818,2.03937
50.665941043,0.784811,0.540099,0.0200855,1.67345,0.273243,0.0599586,0.330021,0,2.54455,0.281054,0.734266,2.31665
50.712380952,1.12887,0.00850371,0.0103968,1.78212,0.258674,0.0213017,0.657982,0.00535288,2.83286,0.322283,0.559445,1.98488
50.758820862,1.10182,0,0.0219639,1.76942,0.193733,0.0476631,0.563827,0.0331261,3.42102,0.4739,0.175192,1.7012
50.805260771,1.08748,0.198603,0.0118041,1.81363,0.0168529,0.0845624,0.426414,0.00557314,3.7033,0.406303,9.24379e-05,1.5654
50.851700680,1.10394,0.276505,0.0230793,2.09894,0.344168,0.0133394,0.237588,0.00741325,3.54433,0.203468,0,1.86195
50.898140590,0.675992,0.021561,0.0549536,2.88873,0.343001,0.203045,0.513873,0.00710301,2.9352,0.178236,0,2.12588
50.944580499,0.128808,0.0211218,0.0412358,3.22446,0.149171,0.504471,0.461718,0.00890485,2.77704,0.138306,0.252243,2.25026
50.991020408,0.000105032,0.0279257,0.00509651,3.26868,0.0737963,0.299022,0.115853,0.023013,3.11855,0.0469525,0.438164,2.33917
51.037460317,0.0966377,0.0385516,0.00659895,3.20766,0.200461,0.124705,0.0169819,0.0278912,3.26238,0.0205253,0.669205,2.17817
51.083900227,0.192467,0.00483324,0.00766502,3.09088,0.23832,0.156894,0.00136062,0.0255558,3.44149,0.00817353,0.670069,1.80334
51.130340136,0.273153,0.00467216,0.000393161,2.89364,0.209473,0.186015,0.0297102,0.024112,3.61981,0.0135675,0.505418,1.58949
51.176780045,0.542102,0.218522,0.0657336,2.56945,0.262699,0.0162425,0.048109,0.0191334,3.69945,0.00730439,0.225295,1.53661
51.223219955,0.52553,0.163326,0.126767,1.8906,0.20036,0.029827,1.76908,0.019428,3.04721,0.0253946,0.370257,1.64527
51.269659864,0.541989,0.402765,0.171708,1.23798,0.156076,0.0959712,2.49932,0.0677666,2.07855,0.0570426,0.809701,1.6139
51.316099773,0.391866,0.600626,0.161541,1.13143,0.168702,0.139605,3.01243,0,1.60264,0.0982032,1.22863,1.45155
51.362539683,0,0.662028,0.155967,1.09464,0.229697,0.0723913,3.25775,0,1.76061,0.141436,1.26875,0.723188
51.408979592,0,0.562685,0.143502,1.45365,0.273296,0.024945,2.93119,0.00229229,2.7095,0.124631,0.719524,0.209636
51.455419501,0.0302456,0.434253,0.0765364,2.11826,0.271313,0.0243868,1.86389,0.0273183,3.77059,0,0.378108,0
51.501859410,0.268987,0.107337,0.0574054,2.35436,0.196253,0.00116896,0.37778,0.0326441,4.2954,0.00417416,0.263056,0.0774279
51.548299320,0.453234,0.0151087,0.0794652,2.46424,0.0411056,0.0473377,0.0458012,0.0414777,4.36476,0.0347602,0.0158683,0.109152
51.594739229,0.303592,0.0450826,0.0721452,2.09795,0.545551,0.30032,0.104202,0.215147,4.03553,0.0257112,0.00136923,0.00238016
51.641179138,0.199484,0.172265,0.056353,1.62421,0.941544,0.644576,0.604325,0.168354,3.4276,0.0235656,0.0408306,0.0402862
51.687619048,0.202355,0.066027,0.0391321,1.49652,1.04975,0.685238,0.861989,0.0987513,3.08117,0.0257005,0.485165,0.130036
51.734058957,0.194991,0.0476463,0.104615,2.02189,0.457709,0.5936,0.488773,0.0259501,2.9818,0.0162449,0.138089,0.31246
51.780498866,0.272089,0.00168194,0.0611059,2.16693,0.231915,0.267036,0.0251775,0.0222995,3.26423,0.0108085,0,0.281677
51.826938776,0.359949,0.0312181,0.0657248,2.00293,0.199857,0.301931,0.0373639,0.0209357,3.52701,0.013309,0.0236285,0
51.873378685,0.591997,0,0.117308,2.01807,0.250995,0.255201,0.046802,0.0169746,3.3991,0.00578726,0.84353,0
51.919818594,0.523463,0,0.0902507,1.89202,0.366651,0.280475,0.0632011,0.020603,2.95448,0.0056495,1.72286,0.151422
51.966258503,0.242952,0,0.112801,1.49761,0.475295,0.428992,0.0754416,0.0266324,2.38995,0.188256,2.00448,0.695365
52.012698413,0.258853,0.0373095,0.0969217,1.34084,0.530357,0.533659,0.0785518,0.0108852,1.95807,0.322371,2.07982,0.98135
52.059138322,0.592445,0.389373,0.0618029,2.05227,0.332998,0.458878,0.0774541,0,2.19975,0.340837,1.86458,0.982871
52.105578231,0.662543,0.391795,0.030407,2.59928,0.286765,0.516542,0.0514033,0.000227836,2.79685,0.188597,1.0701,1.16431
52.152018141,0.576798,0.345074,0,3.02032,0.21625,0.335989,0.0210308,0.0254451,2.81695,0.0595447,0.541958,1.16985
52.198458050,0.484533,0.275943,0,3.06228,0.0568277,0.195822,0.0076567,0.0521011,2.96856,0.0309597,0.64841,1.20287
52.244897959,0.443271,0.223055,0.0159076,3.18755,0.00380525,0.111912,0.0419996,0.0411377,2.86445,0.0464154,0.764032,1.1733
52.291337868,0.258447,0.174889,0.0637541,3.18739,0.133365,0.72857,0.46504,0.0213182,2.52388,0.293694,0.710061,1.25333
52.337777778,0.226954,0.150058,0.0204069,3.08613,0.621637,0.962331,0.581634,0.0216106,2.35108,0.607627,0.372282,1.60393
52.384217687,0.358103,0.156839,0.00194668,2.8098,0.759171,0.973653,0.517038,0.0310041,2.28052,0.517832,0.214752,1.92042
52.430657596,0.379093,0.328916,0.00122144,2.14004,0.656247,0.690136,0.592981,0.0709028,1.98981,0.101559,0.249209,2.00496
52.477097506,0.433897,0.272007,0.00064466,1.65198,0.511338,0.543693,1.19615,0.0181415,1.86802,0.0244141,0.384675,1.7296
52.523537415,0.419411,0.220991,0,1.55892,0.379348,0.596012,2.00544,0.018934,1.77163,0.0328288,0.372598,1.54699
52.569977324,0.792056,0.243347,0,1.50684,0.415666,0.252146,2.48567,0.0224878,1.65545,0.0507302,0.334652,1.57092
52.616417234,0.944558,0.399522,0.159419,1.33784,0.310194,0.324793,2.39929,0.0194131,1.51702,0.104184,0.705856,1.74338
52.662857143,1.00113,0.400784,0.199579,1.39151,0.428383,0.426964,2.22141,0.000855638,1.37104,0.12055,1.01182,1.76728
52.709297052,0.81334,0.222545,0.192029,1.64618,0.361136,0.473517,2.01355,0,1.57988,0.156457,1.46965,1.53082
52.755736961,0.715255,0.0366098,0.218874,2.30378,0.270645,0.372472,1.41925,0,2.28108,0.146283,1.68947,0.881041
52.802176871,0.888937,0.0543133,0.194654,2.24186,0.233311,0.365008,0.918995,0,2.94895,0.140318,1.50946,0.477138
52.848616780,0.975579,0.419476,0.176611,1.69432,0.101031,0.421857,1.24572,0,2.97223,0.122289,1.13961,0.604847
52.895056689,0.520985,1.03716,0.171068,0.926973,0,0.325762,1.8507,0.0317599,2.89017,0.110766,0.977651,0.506977
52.941496599,0.152893,1.92593,0.135494,0.49183,0.0812521,0.0355659,2.27741,0.0298302,2.59396,0.122829,0.854595,0.333139
52.987936508,0.107576,2.37693,0.108875,0.129188,0.414319,0.382485,2.01584,0.117413,2.79133,0.118601,0.381873,0.0841402
53.034376417,0.0983444,2.31175,0.0601414,0.0979535,0.938933,0.781342,1.36352,0.115512,2.97262,0.212049,0.278863,0
53.080816327,0.285774,1.63418,0.0236724,0.678155,0.641374,1.0098,0.713379,0.0103132,3.1146,0.58606,0.298841,0.0219601
53.127256236,0.636402,0.345565,0.00131727,1.21971,0.544026,0.969275,0.160711,0.0372287,3.62391,0.218744,0.423723,0.0512985
53.173696145,0.997483,0.0279673,0.083563,1.25148,0.407395,0.809079,0.123838,0.0667889,4.12169,0.0628436,0.224462,0.026584
53.220136054,0.893382,0.084456,0.00859192,1.77858,0.456126,0.692461,0.173913,0.0804486,4.03185,0,0.494894,0
53.266575964,0.202169,0.489433,7.39173e-05,2.19495,0.389064,0.703663,0.0852641,0.232384,3.87257,0,0.759429,0.123495
53.313015873,0.00582823,0.741359,0.0598186,1.96544,0.144953,0.576939,0.182544,0.184988,3.39096,0.00601469,0.807083,0.620693
53.359455782,0.00537154,0.813221,0.0740023,2.24055,0.18755,0.55393,0.079079,0.369734,2.92645,0.0350475,0.762402,0.799922
53.405895692,0,1.04343,0.197482,2.40141,0.12814,0.507126,0.0380116,0.387368,2.56104,0.02074,0.872723,0.68068
53.452335601,0.0362645,1.18778,0.0888373,2.60097,0.0995504,0.338425,0.130527,0.436226,2.23233,0.0500995,0.977153,0.180865
53.498775510,0.0436652,1.11131,0,3.20956,0.0310979,0.0757094,0.540624,0.758303,2.02477,0.110226,1.11942,0.0446528
53.545215420,0.0352145,0.596406,0.0061686,3.52605,0.0270325,0,0.967111,0.952534,1.85598,0.111707,1.52522,0.0241131
53.591655329,0,0.315581,0.00157845,3.51964,0.0203229,0,1.15999,0.883982,1.86984,0.0776102,1.78055,0.00120183
53.638095238,0.0517007,0.203677,0.0697255,3.52993,0.0120903,0,1.05555,0.762068,2.00469,0.0321275,1.72635,0
53.684535147,0.0618899,0.16354,0.387451,3.09251,0.011166,0.177465,0.883621,0.818867,1.92305,0.0251069,1.6145,8.20204e-05
53.730975057,0.039694,0.270615,0.612253,2.46661,0.230796,0.276172,0.630386,0.954866,1.14907,0.00936287,2.30881,0.000153615
53.777414966,0.0218934,0.376241,0.628894,2.33188,0.568362,0.395392,0.319607,0.973057,0.328469,0.0413649,2.56539,0.0113163
53.823854875,0,0.417322,0.186724,2.74604,0.497049,0.261533,0.0112076,1.07262,0.142734,0.0365734,2.75063,0.00711555
53.870294785,0,0.328498,0.00419244,3.68855,0.0884833,0.00672927,0.363059,1.17536,0.130872,0.00450647,2.51803,0
53.916734694,0.0100393,0.210217,0.00342912,4.02237,0.0356663,0,1.06102,1.03149,0.131636,0.0180627,2.31029,0.00419708
53.963174603,0,0.155078,0.00328894,4.17432,0.0347519,0,1.52274,0.771361,0.154165,0.00636253,2.30433,0.0111736
54.009614512,0.051237,0,0.00273712,4.18189,0.160025,0,2.24189,0.599299,0.079523,0.0175438,2.24415,0
54.056054422,0.139399,0,0.00265827,3.01534,0.204147,0,2.86792,0.418108,0.256812,0.0200328,2.25747,0.0431098
54.102494331,0.082959,0,0.00195299,2.52484,0.00972566,0,3.22452,0.205692,0.568531,0.0734855,1.91595,0.248501
54.148934240,0.0129787,0,0.00237289,2.33492,0.00801015,0,3.30366,0,1.05091,0.118894,1.5653,0.422898
54.195374150,0,0,0.00194317,2.63689,0.0648307,0,3.02997,0,1.53625,0.155954,1.07579,0.184398
54.241814059,0,0.411517,0.00108801,2.99337,0.099529,0,2.03175,0.200654,2.60066,0.135294,0.534461,0
54.288253968,0.0151089,0.542049,0.00166842,3.01892,0.080267,0,0.82799,0.250907,3.34197,0.0769639,0.254538,0
54.334693878,0.141726,0.272987,0.00353735,3.03616,0.0413775,0,0.285247,0.436352,3.54078,0.0266518,0.161648,0
54.381133787,0.171842,0.270088,0.00432553,2.97123,0.0524231,0,0.187654,0.600976,3.62068,0.000708524,0.0896301,0
54.427573696,0.173094,0.446123,0.0315564,2.77819,0.103262,0.11265,0.232857,0.574743,3.581,0.000428299,0.0888476,3.41786e-05
54.474013605,0.18374,0.530525,0.0334604,2.11819,0.408488,0.311294,0.510085,0.288687,3.45104,0.00856396,0.171381,0.00486075
54.520453515,0.162749,0.443434,0.124705,2.11937,0.168801,0.0378115,0.59348,0.0852859,3.51042,0.0556327,0.219879,0.0378654
54.566893424,0.0170855,0.518338,0.109216,2.47272,0.00501666,0.000286256,0.569014,0.0765026,3.57009,0.0256692,0.323594,0.0716684
54.613333333,0,0.574694,0.0029094,2.78144,0.00508971,0,0.663226,0.365846,3.45378,0.00355777,0.398167,0.055131
54.659773243,0,0.38277,0.0400388,3.04272,0.00499792,0.0847183,0.936949,0.305976,3.21482,0.0236522,1.34512,0.0306745
54.706213152,0,0.124742,0.214736,3.13646,0.00847621,0.337835,1.03422,0.137927,2.43548,0.00997213,2.33711,0
54.752653061,0,0,0.35889,2.55802,0.282403,0.516833,0.847395,0,1.73474,0.00428464,3.06815,9.34106e-05
54.799092971,0,0.128275,0.313628,2.38911,0.595434,0.522315,0.747877,0,1.03916,0.0392215,3.35358,0.00018491
54.845532880,0.00496392,0.234137,0.150523,2.46805,0.458829,0.530282,0.805291,0,0.99183,0.0879696,3.3168,0.000228399
54.891972789,0.0192808,0.506521,0.000946589,2.82672,0.31603,0.491885,0.902532,0.0528364,1.64062,0.121372,3.02234,0.00010017
54.938412698,0.0152041,0.566767,0.00702852,3.17087,0.134912,0.319477,0.944239,0.216187,1.92174,0.0952189,2.4362,3.80054e-06
54.984852608,0,0.577025,0.0386113,3.27117,0.0343647,0.240795,0.957016,0.369498,1.78963,0.0602028,2.38352,0
55.031292517,0,0.45968,0.004117,3.42907,0.02551,0.225075,0.848695,0.508714,1.40576,0.00528991,2.57191,0
55.077732426,0,0.373196,0.00480942,3.34003,0.202059,0.883856,0.726643,0,1.02238,0,2.68524,1.57586e-05
55.124172336,0,0.20002,0.00334033,3.22508,0.606325,0.989712,0.601235,0.00623184,0.918429,0.00351672,2.52483,9.38098e-05
55.170612245,0.00446179,0.291372,0.00260107,3.04073,0.781728,0.953167,0.428305,0.13779,1.32546,0.00698699,2.37948,0.000194917
55.217052154,0,0.638977,0.00299505,3.04487,0.932999,0.784871,0.5365,0.2099,1.521,0.00377461,2.29039,0.00696104
55.263492063,0,0.800453,0.00382524,2.66561,0.849888,0.416288,2.43173,0.132885,0.705515,0,1.75066,0.0612448
55.309931973,0,0.749786,0.00332363,2.57673,0.29305,0.200828,3.30715,0.0774563,0.173036,0,1.38767,0.0566305
55.356371882,0,0.590354,0.00283515,2.38193,0.0192684,0.0471378,3.60743,0.0820356,0.065687,0.0115127,1.54654,0.0365377
55.402811791,0,0.405165,0.0022136,2.50392,0.0245684,0,3.73454,0.0698741,0.0336364,0.0252744,1.64089,0
55.449251701,0,0.0837248,0.00267198,2.60822,0.0641528,0,3.67311,0,0.211383,0.0174069,1.68757,0.0215652
55.495691610,0.00874822,0.0248799,0.00281504,2.75239,0.155204,0,3.3043,0,0.358101,0.0709778,1.646,0.0467781
55.542131519,0.0579217,0.0568078,0.00314819,3.03872,0.0668192,0,2.45243,0.169616,0.719334,0.136114,1.78507,0.102016
55.588571429,0.191095,0.333412,0.0319035,3.33784,0.00662329,0,1.37152,0.65668,1.26104,0.153407,1.57937,0.0167865
55.635011338,0.249698,0.565014,0.092581,3.02073,0.0562582,0,1.14935,0.683966,1.59531,0.163912,1.25547,0.0458634
55.681451247,0.267412,0.454722,0.129857,2.60534,0.224213,0,1.18449,0.558062,2.35039,0.160273,0.879307,0.0293657
55.727891156,0.22965,0.375333,0.0469865,2.62305,0.185692,0.0155307,1.14836,0.150948,2.78761,0.17653,0.771999,0
55.774331066,0.0781704,0.207595,0.00197849,2.83511,0.115448,0,0.92656,0,3.03177,0.143269,0.882323,0
55.820770975,0.042606,0.128025,0.00181301,2.5897,0.476548,0.125659,0.835187,0,3.16452,0.114342,0.886197,0
55.867210884,0.0312164,0.238603,0.00323156,2.29138,0.739071,0.34377,0.61347,0.145144,3.14114,0.0758361,0.901722,0
55.913650794,0.108773,0.274776,0.00244906,2.2782,0.68068,0.151827,0.303914,0.199358,3.03194,0.00450161,0.755798,0.00448807
55.960090703,0.133758,0.22059,0.0017042,2.74553,0.24045,0.019848,0.216934,0.225759,2.93201,0,1.02568,0.0668401
56.006530612,0.050773,0.497901,0.00152576,2.88208,0.2273,0,0.483038,0.139338,2.94234,0,1.1575,0.132573
56.052970522,0.00413269,0.646976,0.00151034,3.02693,0.117552,0,0.6414,0.0800546,2.97119,0,1.08867,0.132352
56.099410431,0.0100185,0.753042,0.00327724,3.24336,0.025701,0,0.480134,0,2.89075,0.106444,0.588586,0.20491
56.145850340,0.0540549,1.11065,0.0102362,2.82391,0.0212613,0.230137,0.641039,0.0288983,2.78585,0.187455,0.497733,0.183682
56.192290249,0.120188,2.15075,0.149387,1.21694,0.0657183,0.383493,1.0382,0.135521,2.26155,0.276127,1.10673,0.264852
56.238730159,0.104901,2.69691,0.248996,0.32738,0.118606,0.462774,1.30268,0.162642,1.981,0.334238,1.42313,0.39397
56.285170068,0.082863,2.77397,0.413211,0.251559,0.152082,0.421293,1.86713,0.088172,1.8471,0.396018,1.40824,0.381128
56.331609977,0.0537176,2.57368,0.382278,0.253017,0.104762,0.338799,2.46821,0.100227,1.86901,0.591658,1.40528,0.0636475
56.378049887,0,2.35758,0.0349411,0.033404,0.371868,0.357007,2.91152,0.11994,1.69326,0.325968,1.74134,0
56.424489796,0.0156184,2.2229,0,0.0194448,0.678291,0.35825,3.16658,0.0906753,1.45458,0.00174132,1.9079,0
56.470929705,0.260013,1.39041,0.0326048,0.309025,0.702488,0.0870415,2.75507,0.32952,1.19257,0.000425749,1.92853,0.00023019
56.517369615,0.0864062,1.01885,0.103715,1.34707,0.933308,0.280689,1.93438,0.338604,0.927681,0.00120079,1.63301,0.000348001
56.563809524,0.0968741,1.11588,0.00872567,2.59975,0.735658,0.450239,1.52388,0.309961,0.669466,0.00221788,1.49018,0.000243366
56.610249433,0.0724885,0.998659,0,3.54602,0.420027,0.330242,1.55743,0.354307,0.557603,0.0029938,1.58476,5.13146e-05
56.656689342,0.0291628,0.800581,0,3.70753,0.309908,0.113222,2.40779,0.504646,0.294044,0.00314242,1.80031,0
56.703129252,0.00216638,0.949624,0,3.36163,0.185918,0.117336,3.04219,0.403514,0.126003,0.00285291,1.80851,0
56.749569161,0,1.53601,0,2.63958,0.0128412,0.245206,3.22481,0.264826,0.0699574,0.00216175,1.69584,0.00432482
56.796009070,0,1.89605,0.0858273,1.59227,0.0135782,0.321573,3.31143,0.187367,0.127832,0.00347695,1.64,0
56.842448980,0,1.84278,0.215971,1.12448,0.0684481,0.0478631,3.19552,0.109153,0.0688446,0.0895369,1.45415,0.0144653
56.888888889,0,1.61712,0.186092,1.20162,0.0265243,0.031113,2.95237,0.131795,0.025645,0.219108,1.60798,0.0111459
56.935328798,0,1.53,0.151879,1.27125,0.183847,0.0211488,2.95585,0.210243,0.0270498,0.227867,1.65838,0
56.981768707,0,2.1592,0.0447525,1.15044,0.260721,0.0169549,3.12878,0.263956,0.0308543,0.164973,1.49031,0
57.028208617,0,2.58616,0.0879809,1.14305,0.133633,0.0239206,3.35671,0.126623,0.134446,0.191645,1.15202,0
57.074648526,0,2.42964,0.0493146,1.01295,0,0.0290191,3.28082,0.053887,1.13766,0.440086,1.0067,0
57.121088435,0.0775078,2.25695,0.0374876,0.895644,0.0759706,0.0325322,2.63105,0.0610298,1.9663,0.402377,0.491397,0
57.167528345,0.121174,2.17769,0.0649465,0.688809,0.156988,0.0991664,2.14281,0.141624,2.36805,0.145641,0,0
57.213968254,0.141929,1.78484,0.0482212,0.705563,0.432199,0.384493,1.99402,0.185374,2.55493,0,0.117124,0
57.260408163,0.265253,1.18877,0.00853624,0.669036,0.868399,0.423141,1.86465,0.161939,2.71035,0,0.40682,0
57.306848073,0.33039,1.2443,0.0720355,0.561455,0.932431,0.364188,1.82683,0.0353049,2.62456,0.00560923,0.492475,0
57.353287982,0.340344,1.71538,0.0375855,0.551292,0.69974,0.394364,1.83272,0.023939,2.21362,0.0266325,0.719562,0.0119165
57.399727891,0.26517,2.22444,0,0.783222,0.395851,0.044703,1.85282,0.0277979,1.97975,0.0497895,0.781936,0.0406494
57.446167800,0.17534,2.3101,0,0.739066,0.276731,0.0303638,1.96561,0.0311793,2.00582,0.00549963,0.954779,0.0374101
57.492607710,0.175867,2.24713,0.0773131,0.665665,0.228575,0.049821,2.12275,0.0299024,1.73271,0,2.1582,0
57.539047619,0.147452,2.20565,0.210289,1.16517,0.0484309,0.27848,1.94633,0.0181668,0.889811,0.201596,2.64858,0.0499047
57.585487528,0.0634026,1.91167,0.176713,2.02042,0.175157,0.313527,1.82303,0.347925,0.457267,0.272996,2.60786,0.0969475
57.631927438,0,1.29666,0.154527,2.33537,0.172648,0.369062,1.64558,0.84735,0.390079,0.221699,2.38414,0.0726287
57.678367347,0,1.12514,0.0292066,3.01454,0.218844,0.276058,1.39154,0.810299,0.626878,0.0932303,2.0609,0
57.724807256,0,1.33283,0.051119,3.11213,0.193827,0.210935,1.55787,0.531167,1.05314,0.127308,1.86349,0
57.771247166,0,1.4306,0,3.07427,0.0926932,0.371683,2.00151,0.490514,1.09961,0.0655012,1.49652,0
57.817687075,0,1.39668,0,2.97699,0,0.512201,2.59656,0.429858,0.909421,0.00205752,1.28991,0
57.864126984,0,1.19991,0,3.13514,0,0.454875,2.78291,0.343369,0.810943,0.00221899,1.29474,0.0063478
57.910566893,0.0332408,0.68875,0.0529348,3.40959,0,0.308328,2.76717,0.274899,0.642976,0.00922948,1.76318,0.0281338
57.957006803,0.0929432,0.310969,0.0237407,3.57266,0.147121,0.236888,2.64918,0.259664,0.50411,0.00212052,2.06465,0.0119501
58.003446712,0.120563,0.241909,0.225596,3.50618,0.264635,0.129786,2.58931,0.26339,0.282973,0.0015425,2.32378,0.0263959
58.049886621,0.120496,0.40493,1.13308,2.32052,0.353154,0.0964981,2.19507,0.617819,0.0103855,0,2.4519,0.0418615
58.096326531,0.0748661,0.426778,1.27513,1.27882,0.224745,0.117097,2.34203,0.83741,0.0243992,0,2.26724,0.0745265
58.142766440,0.108383,0.610405,0.985072,1.05724,0,0.087055,2.48344,0.808951,0.0298533,0,2.11121,0.0724815
58.189206349,0.167328,0.744063,0.69105,0.69851,0,0.0879617,2.60114,0.622292,0.0298456,0,1.94416,0.0440743
58.235646259,0.124377,0.874409,0.7862,1.15147,0.248519,0.0833703,2.22198,0.194763,0.143892,0,1.76292,0.159878
58.282086168,0.131683,1.029,0.263291,1.40938,0.296135,0.0443031,2.03453,0.152425,0.893758,0.161222,1.94653,0.229077
58.328526077,0.261479,0.961546,0.199256,1.10416,0.200038,0.0346018,2.2867,0.162294,1.38002,0.162059,2.12658,0.213731
58.374965986,0.0927401,1.05724,0.158274,1.01012,0.305401,0.0102032,2.3544,0.0157539,1.11894,0.178779,1.95306,0.159784
58.421405896,0.162924,1.30951,0.176174,0.727482,0.317402,0.00675758,2.49113,0,0.791353,0.177362,1.35158,0.0883126
58.467845805,0.211838,1.29961,0.195557,0.221951,0.366932,0.0104771,2.4319,0.0623918,1.21197,0.175184,0.725928,0.160025
58.514285714,0.214964,1.71249,0.192714,0.33977,0.102216,0,2.3546,0.0030429,1.94543,0.204775,0.426139,0.26886
58.560725624,0.176712,1.60878,0.140616,0.831254,0.112124,0,1.76805,0.0310281,2.80017,0.200561,0.335951,0.255943
58.607165533,0.0550316,1.41965,0.00126441,0.991958,0.342221,0.608615,0.235235,0.495707,3.29426,0.190028,0.132567,0.0668912
58.653605442,0.16807,1.0967,0.000968009,1.03984,0.564728,0.972716,0.0459048,0.443295,3.54509,0.375936,0.0198791,4.93926e-05
58.700045351,0.747849,0.54497,0.0732049,1.36246,0.693448,0.912475,0.0385973,0.188392,3.7316,0.112882,0,5.46512e-05
58.746485261,1.38257,0.100279,0.0605932,1.23228,0.625905,0.674668,0.0981637,0.0126433,3.73547,0.0912245,0,0
58.792925170,1.76637,0.663538,0.210098,0.642378,0.431159,1.37077,0.269527,0,3.37678,0.113214,0,1.14351e-05
58.839365079,1.66266,1.8875,0.307037,0.329403,0.140987,2.29365,0.206692,0,2.52747,0.148751,0.0722234,1.898e-05
58.885804989,1.09852,2.3557,0.228639,0.0728553,0.0202806,3.04203,0.659338,0,1.83878,0.5102,0,0.00316119
58.932244898,0.901971,2.15809,0.227179,0.0854465,0.0252104,3.05299,0.858053,0,1.71926,0.810483,0.00861411,0.0381031
58.978684807,0.782654,1.67805,0.565594,0.0993632,0.100862,3.06277,1.02245,0.0115966,1.78418,0.675071,0.0032821,0.0177076
59.025124717,0.727425,1.03934,0.619432,0.0902291,0.140395,3.22261,0.993027,0.028703,1.39865,0.614704,0.0982131,0.0197119
59.071564626,0.858162,0.172153,0.525989,0.214876,0.177967,3.1729,1.05827,0.0283265,1.01067,0.630624,0.182248,0.0480587
59.118004535,0.891839,0.198623,0.216913,0.43355,0.296654,2.64861,1.34535,0.0212735,1.12074,0.724322,0.355792,0.0185444
59.164444444,0.777069,0.169586,0.00204589,0.237901,0.36665,2.65533,1.33404,0.00671147,1.40905,0.727818,0.0533211,0.0726774
59.210884354,0.649574,0.0817181,0,0.0630541,0.220322,2.58643,1.7079,0.530218,1.47447,0.440492,0.182958,0.074516
59.257324263,0.623543,0.35743,0.00080129,0,1.29214,2.831,1.2029,0.12751,1.49977,0.0896803,0.775182,0.00256872
59.303764172,0.495111,0.454846,0.133141,0.162221,1.43198,2.83804,0.807285,0.137967,1.45604,0.0120301,0.677276,0.147732
59.350204082,0.454362,0.551561,0.088129,0.298145,1.52153,2.6459,0.57789,0.107231,1.3542,0.0103241,0.789791,0.315549
59.396643991,0.689907,0.613851,0.030485,0.205243,1.55119,2.52825,0.386052,0.0949492,1.28924,0.00899748,0.857289,0.412298
59.443083900,0.88043,0.620999,0.00115578,0.0932331,1.42393,2.56588,0.340529,0.070149,1.32958,0.0382726,0.731662,0.361748
59.489523810,0.764288,0.144903,0.00189322,0.00559372,1.36504,2.47764,0.64238,0.119669,1.35976,0.204556,0.66579,0.441446
59.535963719,0.429209,0.170203,0.0384469,1.05766,0.858922,2.57321,0.831004,0.133335,1.18654,0.345313,0.0836998,0.603467
59.582403628,0.000168424,0.082119,1.04275,1.19888,0.47224,2.02536,0.620105,0.304973,0.135229,0.795937,0.143568,0.494821
59.628843537,0.0256612,0.000352312,0.955408,2.35376,0.257464,0.351513,0.18912,0.850672,0.148446,0.71088,0.47305,0.805698
59.675283447,0.0752576,0.111008,0.748076,3.06817,0.181017,0.0365756,0.101848,0.708883,0.21548,0.661089,0.33696,0.853547
59.721723356,0.0644976,0.116526,0.229658,3.68005,0.107176,0.0575159,0.0558486,0.549384,0.257358,0.699683,0.299165,0.721879
59.768163265,0.0147585,0.12164,0.118032,3.70148,0.221192,0.0578177,0.0120774,0.365559,0.350428,0.501636,0.728179,0.602516
59.814603175,0.000180849,0.0800426,0.0529871,3.77591,0.248203,0.044333,0.00985212,0.248205,0.412441,0.213083,1.23249,0.264853
59.861043084,0.000143468,0.0620223,0.00158369,3.76426,0.33173,0.100327,0,0.157776,0.526742,0.158787,1.28196,0.168778
59.907482993,0.241655,0.0354104,0,3.79743,0.393053,0.215736,0.570575,0.69633,0.328156,0.311877,0.74466,0
59.953922902,0.162568,0.0260615,0.000418787,3.36866,0.391494,1.12046,0.958637,0.206283,0.262703,0.039307,0.545651,0.219231
60.000362812,0.139308,0.205916,0.161798,1.81723,2.07654,1.50446,0.620969,0.431195,0.146205,0.00924838,0.241507,0.526994
60.046802721,0.281976,0.218438,0.218985,1.57795,2.34126,0.947253,0.398257,0.355525,0.199024,0.0100128,0.210907,0.667643
60.093242630,0.250012,0.284386,0.0391666,1.49284,2.46376,1.24974,0.14154,0.275171,0.491908,0.0100345,0.162342,0.729747
60.139682540,0.148256,0.213412,0.0011648,1.54247,2.03937,1.5012,0.00876444,0.199519,0.763131,0.0131352,0.509504,0.710673
60.186122449,0.0773205,0.00151086,0.00199995,2.55588,1.35828,1.34813,0,0.183098,0.80785,0.0505777,0.550767,0.638036
60.232562358,0.381613,0.00216785,0.00321476,2.88453,0.642173,1.38231,0.0671519,0.134032,0.919052,0.128457,0.68172,0.829273
60.279002268,1.45002e-05,0.749791,0.000549646,2.27442,0.59568,1.50793,0.460353,0.525525,1.05297,0.391499,0.0918973,0.441612
60.325442177,0.000278913,1.87726,0.333489,1.51834,0.410887,0.992193,0.25533,0.446319,0.873509,0.141724,0.593481,0.44745
60.371882086,0.000323801,2.57906,0.423756,0.960264,0.247633,1.02254,0.00821815,0.11486,0.757626,0.172922,0.754943,0.604684
60.418321995,0.000402305,2.90072,0.361251,0.840328,0.084862,1.13758,0.267908,0,0.719452,0.159843,0.519841,0.457674
60.464761905,0.000384722,2.91769,0.125023,0.395104,0.18661,1.18885,0.327911,0,0.884839,0.169358,0.293787,0.583049
60.511201814,0.000254122,2.92718,0.0770183,0.257041,0.244095,0.784159,0.327766,0,0.945214,0.192511,0.151163,0.526824
60.557641723,5.24975e-05,3.03002,0.0188074,0.191177,0.315713,0.473456,0.0147019,0.0478859,0.805863,0.200317,0.127126,0.395829
60.604081633,0.0814253,2.95215,0.000330464,0.0923483,0.36264,0.313405,0.214534,0.268117,0.629362,0.0999394,0.0944693,0.118365
60.650521542,0,2.77873,0.15635,0.00405195,0.464728,0.954478,0.759468,0.115287,0.745791,0.00418131,0.15963,0.063708
60.696961451,0.0715809,2.93625,0.0967647,0.045754,0.975861,0.993284,0.59247,0.108546,0.79675,0,0.0158886,0.0703615
60.743401361,0.144392,3.02453,0.0325434,0.0533419,1.26223,0.908794,0.46681,0.0990846,0.77593,0.0205709,0.0109704,0.0836062
60.789841270,0.162879,3.21876,0.0187602,0.0360893,1.24465,0.858931,0.16234,0.109357,0.665486,0.0464777,0.0146087,0.194282
60.836281179,0.154572,3.06606,0.0590951,0.00678968,1.06509,0.821229,0.0054341,0.221271,0.694356,0.0724838,0.0425262,0.452695
60.882721088,0.000431568,2.34981,0.227748,0.465613,0.729209,0.507761,0.107515,0.867192,0.489426,0.0101059,0.150579,0.567726
60.929160998,0.000531623,1.90056,0.794896,0.498296,0.697402,0.548815,0.326123,0.887805,0.444995,0.0503687,0.0985924,0.217525
60.975600907,0.000622009,0.887597,1.32973,0.774187,0.645434,0.652158,0.449593,0.778994,0.603738,0.0934973,0.273335,0.138669
61.022040816,0.000555681,0.0271533,1.42584,2.11922,0.24848,0.237267,0.315744,0.491159,0.743815,0.0903693,0.224822,1.08189
61.068480726,0.00061552,0.447944,0.620961,2.02192,0.167338,0.0909758,0,0.290677,0.758751,0.160819,0.441538,1.63047
61.114920635,0.000636462,0.656975,0.469516,2.00559,0.0609347,0.224492,0.277207,0.230077,0.923609,0.113865,0.493783,1.61268
61.161360544,0.000639891,1.4786,0.274265,1.84171,0.0252808,0.653988,0,0.362218,0.659907,0.153717,0.509316,1.41499
61.207800454,0.0577732,1.62372,0.205685,0.420738,0.120038,0.550775,1.12208,1.57055,0.0620435,0.277319,0.490787,1.29332
61.254240363,0.140278,1.03567,0.134407,0.294665,0.326008,0.20153,1.23651,1.59826,0.138712,0.336784,0.363884,1.17974
61.300680272,0.133506,0.904034,0.121156,0.121001,0.341188,0,1.49337,1.56754,0.267926,0.291503,0.560567,1.12698
61.347120181,0.188198,0.966565,0.144115,0.304774,0.0997938,0,1.95848,1.43722,0.179034,0.257804,0.525747,0.795041
61.393560091,0.531845,0.912475,0.153688,0.196964,0.583163,0.55694,2.36572,0.621315,0.0712419,0.201662,0.525081,0.104456
61.440000000,0.413461,1.25524,0.00272887,0.00437772,0.981705,0.816496,2.33225,0.460932,0.139812,0.178202,0.548628,0.0466553
61.486439909,0.554675,1.3703,0.000190481,0.0510893,1.21478,0.760137,2.27691,0.423035,0.154448,0.0864063,0.54154,0.002365
61.532879819,0.917671,0.969818,0.000576541,0.0780521,1.27707,0.57315,2.26351,0.418225,0.139115,0.0297125,0.601447,0.0137165
61.579319728,0.989991,0.822057,0.000544161,0.0819937,1.2709,0.474907,2.62357,0.651148,0.138507,0.0345065,0.398365,0.162537
61.625759637,0.708126,0.499553,0.0500915,0.0936516,0.878914,0.506611,2.6923,0.770738,0.137449,0.0708192,0.716911,0.702349
61.672199546,1.20126,0.175771,0.256121,0.071724,1.04986,0.582154,2.28897,0.444901,0.508171,0.069518,0.507555,0.640765
61.718639456,1.5169,0.510934,0.299941,0.0371807,0.557894,0.264878,2.05659,0.680789,0.598127,0.254037,0.435773,0.549617
61.765079365,1.14933,0.621952,0.258096,0.0835343,0.311348,0,2.13556,0.606678,0.737911,0.490193,0.441179,0.210703
61.811519274,0.953541,0.643575,0.232773,0.594498,0.0752382,0,2.26248,0.448339,0.858685,0.396175,0.219765,0.480739
61.857959184,0.531695,0.314155,0.0895903,1.70322,0.0272447,0,2.39062,0.214593,1.3349,0.21207,0.267067,0.656418
61.904399093,0.143388,0.000712973,0.0597689,1.58095,0.0616134,0.00204668,2.0446,0,3.0032,0.24718,0.281559,1.15478
61.950839002,0.289785,0.00486516,0.107666,1.59854,0.33004,0,1.52777,0.000395373,3.39993,0.234858,0.203998,1.18805
61.997278912,0.526182,0,0.0869667,1.99224,0.12385,0.0268565,0.902687,0.019469,3.53645,0.199899,0.0676472,1.53396
62.043718821,0.750536,0.0296328,0.030514,2.14141,0,0,0.336413,0.0083986,3.81724,0.115027,0,1.7095
62.090158730,0.916338,0.0688056,0.0190885,2.34361,0,0,0.30622,0.00934044,3.84039,0.0641605,0,1.37762
62.136598639,0.847923,0,0.0713166,2.22192,0.300284,0.533072,0.676874,0.00666034,3.53684,0.0546769,9.61254e-05,0.516195
62.183038549,0.463591,0.0761418,0.0650695,1.63795,0.858714,0.661009,0.515823,0.00792525,3.7888,0.056425,0.157972,0.0982796
62.229478458,0.534657,0.00299353,0.0681049,1.4796,0.765826,0.444062,0.255799,0.0119809,4.02872,0.0472301,0.186131,0.117775
62.275918367,0.893705,0.111769,0.0556435,1.57524,0.24398,0.222004,0.370555,0.0179265,4.14225,0.0322009,0.122717,0.199168
62.322358277,0.851281,0.255531,0.00607233,1.83847,0.198278,0.116397,0.491454,0.0250671,4.11622,0.0113408,0.137359,0.289657
62.368798186,0.792885,0.219827,0.00030492,1.95825,0.104998,0.0252811,0.613541,0.0258893,4.08127,0.0170726,0.215839,0.546094
62.415238095,0.708291,0.160616,0.0652098,2.00061,0.166452,0.0107832,0.585421,0.0187171,3.7899,0.00776425,0.180761,0.90735
62.461678005,0.704264,0.211809,0.144155,1.99749,0.0925685,0.0170048,0.426953,0.0144216,3.44521,0.0193456,0.173225,1.1766
62.508117914,0.596864,0.242446,0.195472,2.10244,0.0949141,0.0167343,0.343566,0.0023713,3.50245,0.0558267,0.363512,1.07644
62.554557823,0.241335,0.17738,0.184106,2.15198,0.108421,0.00818483,0.459969,0,3.70631,0.0486522,0.421014,0.814257
62.600997732,0,0.271205,0.17162,2.04692,0.165537,0,0.668813,0,3.78489,0.0925339,0.24379,0.61253
62.647437642,0.00485418,0.294884,0.160731,1.85143,0.245778,0,0.655573,0.0146152,3.67879,0,0.267872,0.517261
62.693877551,0.154998,0.250108,0.0557906,1.88629,0.291673,0,0.447724,0.038442,3.82454,0.01812,0.271862,0.588885
62.740317460,0.236375,0.205747,0.11743,2.09755,0.112665,0.0142477,0.213654,0.0345214,3.97654,0.0596809,0.218436,0.899112
62.786757370,0.417692,0.171259,0.0750089,2.14861,0,0,0.279749,0.0298161,3.89219,0.0660635,0.143769,1.00694
62.833197279,0.496442,0.0965978,0.0743835,2.01412,0.0175543,0.114703,0.425263,0.0224718,3.65168,0.0943556,0.108402,0.944127
62.879637188,0.345084,0.104957,0.058569,2.16009,0.463645,0.273777,0.361099,0.021106,3.64871,0.126598,0.0156837,0.604062
62.926077098,0.168949,0.134089,0.0342887,2.23316,0.571668,0.113702,0.312968,0.0239076,3.79981,0.14144,0.000140833,0.484426
62.972517007,0.0541992,0.134759,0.0469018,2.46553,0.242543,0.151521,0.0712276,0.0199861,4.02713,0.113759,0.000146167,0.800328
63.018956916,0,0.100394,0.0036577,2.68286,0.248858,0.158232,0.0350649,0.0198643,4.1151,0.0254339,0.117816,1.26073
63.065396825,0,0.0182652,0,2.66342,0.193677,0.0629672,0.0827506,0.0220896,4.09406,0.0210798,0.200923,1.58823
63.111836735,0.014188,0,0.110899,2.49366,0.36685,0,0,0.0161169,4.12467,0.0183816,0.0973813,1.63478
63.158276644,0,0,0.190992,2.44161,0.4107,0.00454363,0,0.0191877,4.14285,0.0256588,0,1.36319
63.204716553,0.00235864,0,0.202339,2.41455,0.4368,0.0639288,0.0201849,0.0207803,4.11638,0.251537,0.0187735,1.13909
63.251156463,0,0.0236201,0.141411,2.60262,0.390022,0.0757889,0.0171577,0.000751154,4.00293,0.367321,0.116565,1.05869
63.297596372,0.0508431,0.0630207,0.103502,2.7717,0.338842,0.0765074,0,0.0296663,3.83513,0.235672,0.104739,1.15635
63.344036281,0.335647,0.0634175,0.0406392,2.86269,0.227998,0.0673624,0,0.0129823,3.79231,0.166666,0.133154,1.06303
63.390476190,0.454843,0.0356933,0,2.77704,0.189208,0.0425741,0.186377,0.0214944,3.88959,0.0280696,0.174473,0.925911
63.436916100,0.501861,0.0267317,0,2.70271,0.0134638,0.00880761,0.204447,0.0289654,4.02268,0.0265189,0.112695,0.980456
63.483356009,0.541089,0.0670116,0.0685288,2.44278,0.0150975,0.017963,0.147249,0.0220041,3.83688,0.025665,0.00207063,0.72782
63.529795918,0.459845,0.0640596,0.0865234,2.2067,0.39416,0.541896,0.401325,0.037005,3.52897,0.0547225,0.000349457,0.523469
63.576235828,0.690775,0.1737,0.0211676,1.44921,1.09477,0.596242,0.223087,0.041873,3.49019,0.033703,0,0.555546
63.622675737,0.860263,0.192503,0.0298982,1.18762,1.22167,0.464715,0.00248502,0.0138267,3.52077,0.0279644,0,0.598256
63.669115646,0.821992,0.00115251,0.00122043,1.52263,0.782786,0.140945,0.0882383,0.0122665,3.7345,0.0265753,0,0.650328
63.715555556,0.741293,0.000430443,0.00142374,2.12136,0.388387,0.138129,0.22788,0.0105674,4.00327,0.0366653,0,0.741259
63.761995465,0.775667,0.00125256,6.88082e-05,2.44324,0.211741,0.136854,0.134599,0.0126642,4.1191,0.0453502,0,0.612008
63.808435374,0.956988,0.00117517,0,2.45298,0.201795,0.00038003,0,0.00545329,4.18103,0.0720273,0,0.680114
63.854875283,1.12141,0.106158,0.17554,2.2267,0.134596,0.000875607,0,0,4.15908,0.0983424,0,1.00191
63.901315193,1.16848,0.144109,0.229997,2.16055,0.18062,0.0455594,0.00464689,0,4.12529,0.129704,0.000232302,1.06366
63.947755102,1.12956,0.149295,0.215143,2.14604,0.343251,0.0383635,0.0109914,0,4.16752,0.159949,0.0016337,0.833317
63.994195011,0.89768,0.058339,0.241873,2.12942,0.272841,0.0228722,0.0165355,0,4.3446,0.141188,0.0610632,0.607654
64.040634921,0.712447,0.0436129,0.223709,2.10867,0.227236,0.0464953,0.0211027,0.000144511,4.17907,0.122841,0.193586,0.685593
64.087074830,0.325148,0.0470473,0.200015,1.69978,0.281935,0.0421411,0.437132,0,3.87503,0.0942569,0.461567,0.979091
64.133514739,0.119765,0.3539,0.18367,1.09768,0.0143783,0.023277,1.19271,0,3.31471,0.122239,0.62139,1.13472
64.179954649,0.253303,0.723783,0.129267,0.579507,0.119494,0.000244615,1.84761,0.0387738,2.62802,0.123795,0.815389,0.898201
64.226394558,0.156881,0.828467,0.129695,0.469609,0.30759,0.227927,1.87176,0.141688,2.35772,0.124736,1.54948,0.605475
64.272834467,0.0624408,0.781272,0.208816,0.514465,0.639968,0.444632,1.54802,0.203365,2.24594,0.326538,2.12367,0.365282
64.319274376,0.115582,0.837142,0.276454,1.05771,0.682868,0.60588,0.967499,0.0209608,1.98237,0.599114,2.24007,0.127292
64.365714286,0.20312,0.00368651,0.27978,1.70378,0.386211,0.61245,0.352703,0.0459523,2.22457,0.209537,2.46529,0.0796543
64.412154195,0.0233832,0.000477229,0.279677,1.65452,0.199352,0.246027,0.129642,0.0709782,2.63776,0.0191731,2.6787,0.0118274
64.458594104,0,0.109668,0.345594,2.01804,0.0395961,0.228254,0.384563,0.0623543,2.62161,0.0472659,2.3292,0.00658975
64.505034014,0,0.382635,0.305039,2.06337,0.0527687,0.430458,0.493746,0.114229,3.12779,0,1.73237,0.331725
64.551473923,0,0.922077,0.250964,2.34624,0.226623,0.313027,0.223926,0.018253,3.74427,0.0319973,0.690772,0.526956
64.597913832,0.0469544,1.02011,0.111907,2.5368,0.318483,0.0246025,0.0517365,0.086704,3.63403,0.0436829,0.367519,0.292008
64.644353741,0.152537,0.914936,0.0155774,2.79902,0.0574836,0.00821315,0.0339896,0.295883,3.45649,0.0253026,0.338363,0.00517937
64.690793651,0.162124,0.95585,0.0319213,2.78048,0.0520592,0.00317133,0.211319,0.551635,3.25702,0.0504678,0.407866,0.00416951
64.737233560,0.0918462,0.999855,0.18729,2.62171,0.0352785,0,1.39956,0.871599,2.55432,0.0856553,0.885025,0.0244507
64.783673469,0,1.12947,0.189357,2.32622,0.0583996,0,2.2546,0.946933,1.82133,0.0839234,1.30648,0.0365721
64.830113379,0,0.992562,0.0559222,2.13189,0.0995232,0,2.87464,0.796892,1.27944,0.0427761,1.59373,0.00468713
64.876553288,0,0.767604,0.0545943,2.38152,0.120611,0,3.2404,0.563827,0.843243,0.0260789,1.70607,0
64.922993197,0,0.575128,0.0071582,2.91413,0.161113,0,2.93816,0.533051,0.857569,0.0116225,1.88138,0
64.969433107,0.065252,0.861429,0.00205554,2.89597,0.434936,0.0470748,2.63467,0.489139,0.993393,0.0179881,1.82102,3.35884e-05
65.015873016,0.0654506,1.02737,0.0021467,2.77144,0.650768,0.0816561,2.73465,0.50214,1.03362,0.0282983,2.07765,0.0519942
65.062312925,0.079598,0.955235,0.0288546,2.68741,0.701144,0.000774153,2.96483,0.673397,0.924997,0,2.30388,0.0578651
65.108752834,0.155933,0.702131,0.126427,2.64184,0.134396,0,3.1647,0.896278,0.453774,0,2.08378,0.0473306
65.155192744,0.0504305,0.414012,0.169526,2.42552,0.0501509,0,3.4611,0.78665,0.0493662,0,1.45566,0.0398545
65.201632653,0.0229865,0.347562,0.0950627,2.21731,0.0465829,0,3.70186,0.540493,0.0277198,0.0192216,1.43321,0.137231
65.248072562,0.112395,0.407222,0.00210885,2.03312,0.0446643,0,3.83815,0.415503,0.0610595,0.0203415,1.50128,0.0633498
65.294512472,0.117182,0.444453,0.00203008,1.60781,0.0527152,0,3.78342,0.279573,0.51489,0.0401783,1.33469,0
65.340952381,0.036653,0.580967,0.00211431,1.49027,0.0609419,0,3.62761,0.0448611,0.628784,0.0853012,1.09168,0.0865335
65.387392290,0,0.740315,0.00368717,1.62835,0.0611648,0.215665,3.36932,0,0.397617,0.125233,1.01801,0.270088
65.433832200,0,0.731559,0.00308868,2.58414,0.0522264,0.755673,3.11339,0.351454,0.0945815,0.153353,1.10737,0.10719
65.480272109,0,0.755901,0.00140228,3.24624,0.060075,0.667099,2.34096,0.617721,0.10462,0.122927,1.84265,0
65.526712018,0,0.719478,0.00200414,3.59951,0.0860859,0.116153,1.70029,0.980926,0.137011,0.0664691,2.27031,0
65.573151927,0,0.645302,0.00336722,3.53558,0.117259,0,1.6204,1.3528,0.0597859,0.0305931,2.31262,0
65.619591837,0.000401908,0.653501,0.00379179,3.02425,0.210701,0,2.20213,1.1939,0.123373,0.00746613,2.02932,0
65.666031746,0.0217012,0.599618,0.00412603,1.75686,0.498174,0.00610289,3.01386,0.841712,0.0115984,0.0265197,1.93704,7.29071e-05
65.712471655,0.15695,0.6855,0.00325728,0.823154,0.721334,0.0640437,3.62477,0.303614,0.00929105,0.0667061,2.00702,0
65.758911565,0.109215,0.980119,0.00235982,1.11737,0.349684,0,3.88134,0.124304,0.00963638,0.0730214,1.85295,0
65.805351474,0.0157032,0.935016,0.00251384,1.67991,0.0808195,0,3.86427,0.180472,0.00886114,0.00618071,1.8158,0.0437872
65.851791383,0,0.790848,0.00284072,1.88553,0.0840963,0,3.8341,0.351684,0.0065476,0.00303686,1.85577,0.000448518
65.898231293,0,0.746442,0.00338945,2.02049,0.064463,0,3.83597,0.343542,0.00471647,0.0273522,1.99319,0
65.944671202,0,0.806153,0.103927,2.05379,0.0426033,0,3.77534,0.358937,0.00483377,0,2.16014,0
65.991111111,0,0.970514,0.210801,1.71299,0.360207,0.00139138,3.66834,0.415788,0.00428675,0.0159877,2.55202,0
66.037551020,0.0275425,1.0972,0.0954765,1.5257,0.347158,0.0198884,3.76815,0.279045,0.00299527,0.0596369,2.47039,0
66.083990930,0.0434343,1.20404,0.00227731,1.42583,0.3392,0,3.77907,0.267173,0.00390083,0.109761,2.47985,0
66.130430839,0.0436829,1.18424,0.0019352,1.50825,0.321401,0,3.62991,0.410979,0.00474542,0.130151,2.48797,0
66.176870748,0.0163712,1.05667,0.0757279,1.82948,0.177797,0,3.35294,0.672112,0.0551017,0.111722,2.30045,0
66.223310658,0,1.02468,0.00360104,1.97779,0.0380066,0,2.94039,0.898569,0.0807069,0.119734,2.29668,0.0150459
66.269750567,0,1.14132,0.00351608,2.43235,0.00637426,0,2.25384,1.15199,0.0761369,0.0626084,2.42407,0.0164857
66.316190476,0.0361626,1.31221,0.00334586,2.64293,0.112761,0.498491,2.00688,0.428227,0.0532541,0,2.41921,0.000377298
66.362630385,0.131185,1.47106,0.0029113,2.61205,0.432048,0.593415,2.06014,0.0744543,0.0169889,0.00150892,2.4246,0.000444822
66.409070295,0.176873,1.60722,0.00275775,2.48027,0.655549,0.532299,2.19548,0.179599,0.0341176,0.00208513,2.41947,0.000751514
66.455510204,0.108878,1.63731,0.00286096,2.45741,0.823929,0.373799,2.27043,0.287391,0.0263995,0.0342267,2.32168,0.0680712
66.501950113,0,1.57505,0.00418197,2.74073,0.569264,0.0249528,2.38857,0.431506,0.016613,0.0777553,2.21304,0.0970958
66.548390023,0.0241374,1.50529,0.00308402,2.98628,0.0759908,0.0651016,2.57796,0.665835,0.00850146,0.0856079,1.98588,0.076326
66.594829932,0,1.45191,0.00229472,2.91928,0.0292845,0.0240924,2.68393,0.655579,0.00228693,0.063015,2.21847,0.0501017
66.641269841,0,1.24939,0.00172084,2.89881,0.0149124,0,2.71132,0.557073,0.00685125,0.0533635,2.46059,0.000221807
66.687709751,0,1.12669,0.00252016,2.69733,0.00933584,0,2.52479,0.445471,0.15768,0.039267,2.3435,0.162731
66.734149660,0,0.833046,0.0175533,2.84516,0.00957352,0,2.58775,0.147707,0.34735,0.0881245,2.22516,0.235887
66.780589569,0,0.790258,0.0669419,3.00215,0.00990056,0.0939621,2.20514,0.221995,0.258114,0.121566,2.36788,0.0213793
66.827029478,0.00960922,0.850585,0.112655,2.96934,0.0618307,0,1.88249,0.219102,0.0393437,0.136682,2.12012,0.019111
66.873469388,0.00738928,0.769026,0.0713219,2.14447,0.192059,0.0268668,2.39057,0.183316,0.133663,0.135977,2.12901,0.0569899
66.919909297,0.00984658,0.737534,0.114947,1.54092,0.308543,0,2.82098,0.181399,0.217112,0.133474,2.04898,0.032168
66.966349206,0.0466705,0.732979,0.0404566,1.36454,0.167343,0,3.49397,0,0.127622,0.153917,1.77776,0
67.012789116,0.0345179,0.877898,0.00110541,1.17171,0.0430753,0.0227355,3.82463,0.00296826,0.0809546,0.131267,1.49096,0.000565208
67.059229025,0.0791409,1.00646,0.00072394,0.615651,0.194937,0.328648,3.89297,0.00400415,0.139418,0.118262,1.51449,0.000142041
67.105668934,0.0771209,1.00461,0.00163521,0.615302,0.562735,0.367312,3.79403,0.0642588,0.139996,0.0715358,1.73958,0.000121669
67.152108844,0,1.11792,0.00315314,1.18437,0.481478,0.033348,3.64352,0.130809,0.130774,0.0232203,1.92791,0
67.198548753,0.0103728,0.914453,0.00182763,1.54324,0.126273,0,3.61269,0.22499,0.126613,0.0273907,1.99164,0.0335619
67.244988662,0.013456,0.723583,0.001721,1.69068,0.115462,0,3.63152,0.4225,0.110765,0,1.95248,0.0320428
67.291428571,0,0.746359,0.0102463,1.77438,0.106131,0,3.58601,0.520635,0.0845104,0,1.80808,0
67.337868481,0,0.671995,0.00976416,1.87041,0.0660943,0.00401382,3.67371,0.0124418,0.0668563,0.0987505,1.47077,0
67.384308390,0.0051722,0.912739,0.0739996,1.42766,0.0370202,0.0121373,3.77582,0,0.104201,0.178001,1.62648,0.219491
67.430748299,0.0704333,1.77431,0.296215,0.888226,0.0215699,0.0861355,3.65165,0.0479116,0.163058,0.291817,1.3682,0.157418
67.477188209,0.102215,2.3773,0.462605,0.327009,0,0.110387,3.28014,0.116572,0.407908,0.352536,0.745716,0.340672
67.523628118,0.082833,2.47193,0.611928,0.26076,0.185035,0.115625,2.99346,0.0843909,0.541158,0.395635,0.439085,0.41493
67.570068027,0.0530261,2.36616,0.430185,0.228767,0.227578,0.110675,3.29232,0.0967342,0.466044,0.517917,0.495979,0.177613
67.616507937,0,2.29241,0.13978,0,0.738594,0.0627283,3.48561,0.110493,0.206105,0.159215,2.29693,0.081562
67.662947846,0,1.81569,0.183398,0,0.845753,0.0655418,3.49912,0.0856409,0.0255993,0,3.20082,0
67.709387755,0,1.34645,0.206883,0,0.838688,0.0867181,3.33295,0.0614591,0.0260272,0,3.22804,0
67.755827664,0.0145384,1.29198,0.22938,0,0.908196,0.462226,3.27695,0.0458872,0.023189,0,3.15397,0.000146943
67.802267574,0.088331,1.47596,0.20539,0,0.810788,0.473259,3.36493,0.0335133,0.0228299,0.000353973,3.0707,0.0003985
67.848707483,0.0770571,1.95751,0.206181,0.0322314,0.638791,0.116377,3.63457,0.0332533,0.0181734,0.00141424,3.29492,0.000423996
67.895147392,0.163744,2.30263,0.0431814,0.0815667,0.433084,0.0853332,3.73126,0.031304,0.495505,0.000129231,2.52548,0.00574832
67.941587302,0.242075,2.11374,0.0347851,0.15959,0.20091,0.094304,3.632,0.0360504,1.43817,0,1.15551,0.00709429
67.988027211,0.253843,1.80582,0.0780345,0.211369,7.30273e-05,0.0958301,3.41563,0.0362237,2.12711,0,0.836624,0.0224198
68.034467120,0.265131,1.42433,0.1043,0.43727,0.00796911,0.0280853,3.35955,0.0313298,2.49919,0,0.684516,0.0255544
68.080907029,0.267849,1.01176,0.14552,0.53077,0,0.0309617,3.28254,0.0181701,2.70987,0.149856,0.877293,0.0151858
68.127346939,0.229564,0.953201,0.139494,0.471686,0.0700732,0.248856,3.27052,0.00836397,2.64262,0.227958,1.15559,0.0222895
68.173786848,0.145419,1.41564,0.111347,0.457562,0.319145,0.80926,3.35508,0.00856261,1.76899,0.22493,1.68573,1.74623e-05
68.220226757,0,2.46026,0.0144066,0.29565,0.277119,0.201911,3.83973,0.0160823,0.22701,0.176546,2.12684,0.0140985
68.266666667,0.0163736,2.59209,0.0603801,0.171281,0.133613,0.0258214,3.65271,0.110153,0.0406269,0.134608,1.66932,0.12305
68.313106576,0.00139679,2.71565,0,0,0.0890556,0.0896555,3.42907,0.296476,0.014921,0.00796032,1.14701,0.0974985
68.359546485,0,2.76926,0,0,0.0907786,0.196667,3.54902,0.141916,0.0203285,0,1.15039,0
68.405986395,0,2.68336,0,0,0.0653489,0.196146,3.87407,0.0371195,0.0266265,0,1.55389,0
68.452426304,0.0822524,2.43373,0.0307272,0,0.263823,0.093847,3.92822,0.0320033,0.0300463,0.0650383,2.05987,0
68.498866213,0.140206,1.90161,0.00783149,0,0.502966,0.0269917,4.04339,0.0303712,0.0280468,0.0933591,2.2581,0
68.545306122,0.124914,1.59308,0.00311457,0,0.59861,0.0242449,4.16589,0.0398511,0.0247255,0,2.02675,0
68.591746032,0.0941615,1.90632,0,0.00309288,0.464711,0.0830933,4.18883,0.122158,0.0228077,0,1.70946,0
68.638185941,0.147184,2.08818,0,0.00570695,0.406175,0.243657,4.12115,0.195229,0.0240906,0,1.8769,0
68.684625850,0.186155,2.08071,0,0.10049,0.0988701,0.402085,4.13011,0.0341875,0.0275264,0,2.21255,0.00876723
68.731065760,0.156383,2.46516,0.186295,0.249853,0.0411694,0.121062,3.95212,0.0232668,0.239983,0.00899026,2.36029,0
68.777505669,0,2.65723,0.18469,0.385777,0,0.154764,3.6783,0.0199397,0.615221,0.215446,1.58638,4.38156e-05
68.823945578,0.0594875,2.68582,0.168792,0.313518,0.0180374,0.154942,3.37321,0.00755658,0.597012,0.258098,0.812431,0.0240305
68.870385488,0.236507,2.6159,0.157005,0.279607,0.121443,0.310497,3.15451,0,0.574794,0.2112,0.198915,0.037051
68.916825397,0.258774,2.46423,0.0595244,0.209438,0.198698,0.560617,2.80282,0.0039199,0.603411,0.161371,0.55314,0.144312
68.963265306,0.0324056,1.85062,0.0748603,0.234726,0.148986,0.931291,2.71527,0.0112554,0.576838,0.223463,1.20658,0.610065
69.009705215,0.0219837,0.988135,0.111849,0.0236553,0.183076,0.976666,2.92493,0.0163699,0.386194,0.0403534,2.19711,0.69966
69.056145125,0.0412201,0.514934,0.159478,0,0.223454,0.709729,3.00213,0.0280028,0.0800845,0,2.89016,0.450878
69.102585034,0.0122697,0.333969,0.231775,0,0.397865,0.512985,3.1133,0.0403231,0.0251952,0,3.1518,0.000107725
69.149024943,0.077078,0.219041,0.298346,0,0.509001,0.448576,3.15049,0.0375815,0.0293357,0,2.99456,0.000370998
69.195464853,0.134346,0.255591,0.269873,0,0.588259,0.453649,3.14346,0.0332374,0.0812045,0,2.77234,0.000432528
69.241904762,0.160552,1.174,0.170002,0.0214324,0.753824,0.615958,3.01993,0.0269424,0.17431,7.77791e-05,2.33247,0.0111631
69.288344671,0.146444,1.97863,0.0124734,0.16315,0.555187,0.84119,2.62385,0.0257148,0.796468,0.00176922,1.79265,0.03945
69.334784580,0.0902436,2.16258,0,0.157647,0.402336,0.90249,2.0421,0.0286759,1.9261,0,1.85753,0.0681858
69.381224490,0.0595339,2.08286,0.0183497,0.333144,0.280685,0.555588,1.74534,0.0351234,2.23936,0,1.56083,0.0764799
69.427664399,0.0351194,2.04809,0.0163287,0.486998,0.19961,0.216618,1.88704,0.037206,2.18466,0,1.26602,0.0680281
69.474104308,0.0481048,2.31839,0.180857,0.898309,0.2519,0.219307,2.2959,0.0252624,1.909,0.0162534,1.13317,0.128633
69.520544218,0.079617,2.39002,0.189226,0.805863,0.210081,0.152212,2.99942,0.226077,1.49585,0.21003,1.36432,0.236873
69.566984127,0.0874863,2.63193,0.131961,0.577047,0.263293,0.0337151,3.4159,0.245722,0.329731,0.158976,1.83647,0.26085
69.613424036,0.0557724,2.43612,0.121484,0.363883,0.299407,0.00992223,3.78642,0.0871786,0.0472056,0.197743,1.98782,0.0918338
69.659863946,0.0511469,1.94699,0.142648,0.291334,0.227913,0.0103944,4.15542,0,0.0451044,0.207868,1.40129,0.231935
69.706303855,0.0762131,1.91411,0.150705,0.229322,0.15882,0.0182382,4.02484,0,0.0419255,0.210289,1.42532,0.691426
69.752743764,0.184021,2.15646,0.137266,0.253913,0.225869,0,3.91466,0,0.0293025,0.250468,1.32613,0.537004
69.799183673,0.167364,2.17478,0.0829788,0.22311,0.489246,0,3.22909,0.32728,0.372334,0.230077,1.35033,0.186362
69.845623583,0.000377525,2.16028,0.0214503,0.097554,0.377726,0.612976,2.36966,0.414551,1.45247,0.367053,0.771435,0.00491063
69.892063492,0.167822,2.00644,0.018366,0.100148,0.189341,0.987191,1.35501,0.32082,2.38246,0.380048,0.31341,0
69.938503401,0.831112,1.04857,0.0837765,1.08888,0.321238,0.978304,0.523991,0,3.37957,0.167012,0.0502328,0
69.984943311,1.19686,0.417686,0.0516958,1.44124,0.412427,0.600874,0.0401783,0.0359826,3.98742,0.102058,0.00149379,0
70.031383220,1.27874,1.33958,0.195414,1.27338,0.186138,0.255565,0.0626124,0,3.81668,0.0837918,0.00292552,0
70.077823129,1.01933,2.50363,0.399951,1.03134,0.0283119,0.403478,0.244155,0,3.2963,0.00948672,0.00262171,0
70.124263039,0.754883,2.7929,0.332897,0.934147,0.0203733,0.489434,1.06655,0,2.6541,0.197565,0.00227108,0.0154887
70.170702948,0.414192,2.51002,0.281242,0.955191,0.018781,0.46923,1.34277,0,2.41855,0.397981,0.00127599,0.0137308
70.217142857,0.530054,2.13221,0.577503,0.964644,0.142169,0.818861,0.961729,0,2.22194,0.2948,0.000510092,0.0505945
70.263582766,0.636338,1.88344,0.836677,0.896831,0.221684,1.17227,0.363232,0,2.35643,0.0677022,0.000380117,0.363202
70.310022676,0.430781,2.1157,0.399917,1.15444,0.231128,1.19891,0.228476,0,2.1723,0.0794291,0.0423215,0.496881
70.356462585,0.360741,2.27818,0.287277,1.53172,0.113675,1.2566,0.790631,0,1.66083,0.103762,0.030968,0.691558
70.402902494,0.318307,2.30011,0.211584,1.36923,0.0234029,1.42469,1.34414,0.0106714,1.69342,0.102459,0.0128847,0.796243
70.449342404,0.180248,2.33111,0.13775,0.915615,0.0154192,1.79806,1.72277,0.0220088,1.87168,0.0347792,0.00056113,0.74552
70.495782313,0.181041,2.47651,0.00438226,0.628695,0,2.14059,1.97793,0.0381923,1.84218,0,8.2215e-05,0.489369
70.542222222,0.203325,2.53651,0.0046664,0.491812,0.114071,2.33683,1.94142,0.0364464,1.57837,0.0859297,0,0.209751
70.588662132,0.218713,2.40045,0.00413707,0.48012,0.463161,1.99445,1.5756,0.0369287,1.61572,0.458431,0,0.000487008
70.635102041,0.141864,2.55581,0.00346959,0.491298,0.582263,1.26079,1.00937,0.0237662,1.96507,0.558767,0,0.000330001
70.681541950,0.161965,2.74773,0.00298395,0.894596,0.369256,1.00911,0.401897,0.0134104,2.52485,0.378017,0,0.301835
70.727981859,0.156088,2.94504,0.00299199,1.06954,0.135949,1.63072,0.543812,0.00363488,2.63925,0.00678152,0,0.444785
70.774421769,0.281766,3.02423,0.0032204,0.805386,0.037957,2.28336,0.862233,0.00763914,2.65042,0.00985947,0,0.507025
70.820861678,0.480149,2.99664,0.00330362,0.539683,0.0129085,2.66374,0.982596,0,2.52054,0.0169604,0,0.468885
70.867301587,0.601408,2.8508,0.00501498,0.406026,0,2.84078,0.877073,0,2.46035,0.00920412,0,0.448107
70.913741497,0.380248,2.8691,0.116435,0.589892,0.289988,2.71314,0.850107,0.174144,2.36465,0.0706531,0,0.20395
70.960181406,0.149476,2.63002,0.29896,0.634831,0.226613,2.50156,0.796973,0.242762,2.64034,0.0841954,0.0764681,0.162555
71.006621315,0.305406,2.7678,0.206293,0.362797,0.187201,2.49241,0.471554,0.136731,2.71227,0.113651,0.0668943,0.202127
71.053061224,0.339459,3.17642,0.121821,0.351287,0.328622,2.65405,0.582516,0,2.75021,0.132148,0.0591014,0.254888
71.099501134,0.495969,3.28801,0.0230917,0.236714,0.118287,2.58975,1.06625,0.000826629,2.55895,0.103496,0.0639943,0.397681
71.145941043,0.819711,2.9771,0.00248333,0.28316,0.0152576,2.33866,1.57569,0.00806569,2.49488,0.0441074,0.0885783,0.392255
71.192380952,0.6137,2.92881,0.00291532,0.521847,0,2.06567,1.80084,0.0163671,2.18032,0.00797413,0.0881144,0.2547
71.238820862,0.0737066,2.92292,0.00290504,0.574423,0.0176619,1.99074,1.79113,0.0379902,1.93041,0.104003,0.0604142,0.138443
71.285260771,0.0146174,2.9105,0.00307832,0.451264,0.313246,1.89637,1.42691,0.128971,1.88827,0.164869,0,0.000359816
71.331700680,0.0595402,2.90156,0.00349932,0.322845,0.410628,1.82071,1.45521,0.0615823,2.03318,0.101463,0,0.00029633
71.378140590,0.129831,3.1613,0.00366403,0.440224,0.473557,1.58619,1.46517,0.0124931,2.06138,0.0604334,0,0.000199711
71.424580499,0.436902,3.22854,0.00351244,0.600637,0.447947,1.6258,1.26216,0.0093436,2.20558,0.00129232,0,0.0213241
71.471020408,0.696295,3.10631,0.0034695,0.667798,0.147489,2.16601,0.866817,0.000114636,2.44393,0.00555276,0,0.388356
71.517460317,0.657287,3.0281,0.0107412,0.683233,0.0636595,2.69757,0.421619,0,2.47145,0.00412305,0.000169454,0.597425
71.563900227,0.296108,2.83719,0.00348697,0.457589,0.00442731,3.05923,0.255995,0,2.56888,0,0.0360715,1.00628
71.610340136,0.281799,2.84341,0.00423971,0.473829,0.111505,2.99703,0.106168,0.106348,2.17172,0.173889,0.000841541,1.10511
71.656780045,0.178841,3.04233,0.124264,0.525669,0.154683,2.81532,0,0.157023,1.89302,0.714094,0.000715531,0.922512
71.703219955,0.164138,3.28501,0.194465,0.58493,0,2.56563,0.0328021,0.0161801,1.70571,0.928966,0,0.986827
71.749659864,0.0733693,3.58483,0.0567648,0.223519,0.0739032,2.05036,0.395302,0.00992619,2.09614,0.297845,0.0950951,1.04278
71.796099773,0.0138955,3.80783,0.0469155,0.218785,0.0746616,1.77283,0.574951,0.0197546,1.9705,0.0937948,0.18283,0.808479
71.842539683,0.017387,4.06126,0.0631459,0.18377,0.0523406,1.77069,0.695223,0.0467267,1.90013,0.0264719,0,0.272837
71.888979592,0.0554387,4.04813,0.0587958,0,0.0994785,1.74587,0.722166,0.0414476,1.87147,0.150067,0.000138717,0.0343179
71.935419501,0.0604106,3.92242,0.0105981,0.00748648,0.288822,1.97441,0.667379,0.0537163,1.86608,0.0946302,0.000528058,0.0737846
71.981859410,0.0679712,3.63842,0.0045936,0.0751483,0.6342,1.95644,0.743895,0.0570014,1.81983,0.161628,0.0183733,0.265057
72.028299320,0.061351,3.19107,0.0449768,0.246753,0.786464,1.75591,0.701966,0.02104,1.81089,0.316423,0.0194879,0.365791
72.074739229,0.230961,1.87523,0.401071,0.186141,0.887465,1.28873,1.24517,0.0697307,1.10028,0.643904,5.52398e-05,0.243892
72.121179138,0.280021,1.18217,0.618061,0.471988,0.288009,1.1325,1.3074,0.00384554,0.329473,0.764504,0.0283061,0.926556
72.167619048,0.0459869,0.554836,0.593792,1.05348,0.283309,0.957112,1.2252,0,0.170681,0.467367,0,1.41141
72.214058957,0.206705,0.19112,0.375437,1.69039,0.246262,0.493989,1.32309,0,0.258688,0.367375,0,2.07441
72.260498866,0.272384,0.00189307,0.00829577,1.68117,0.271456,0.113492,1.26476,0.113359,0.320533,0.444606,0.333638,2.3551
72.306938776,0.103072,0.00245954,0.00527198,1.60769,0.344127,0.173145,0.901292,0.373054,0.217763,0.253927,0.648453,2.65191
72.353378685,0.278797,0.00142605,0.00546827,1.85925,0.398612,0.312527,1.52683,0.30314,0.088716,0.0655195,0.452973,2.95643
72.399818594,0.0535312,0.100111,0.0973702,1.84967,0.2351,0.139046,2.41485,0,0.0530634,0.171467,0.359512,3.23603
72.446258503,0.235212,0.0178842,0.134323,1.65498,0.235731,0.0160031,2.61667,0.0663353,0.00103432,0.305185,0.857324,2.82912
72.492698413,0.135475,0.0813594,0.0871475,1.04878,0.276106,0,2.81765,0.134606,0.0153851,0.236106,0.554573,2.51713
72.539138322,0.207691,0.186122,0.172253,0.94639,0.315751,0,3.02151,0,0.041627,0.156649,0.419407,2.2056
72.585578231,0.133873,0.531586,0.0293945,0.832187,0.290369,0.00213481,3.13862,0,0.102159,0.278259,0.202565,2.09378
72.632018141,0.0202418,0.991694,0.0424114,0.692613,0.334542,0.389571,3.08809,0,0.286935,0.360888,0.560771,1.47271
72.678458050,0.194614,1.19034,0,0.77375,0.2837,0.312039,3.22552,0.044456,0.345509,0.450002,0.999145,0.982736
72.724897959,0.217777,1.22842,0,0.719742,0.580996,0.219894,3.36444,0.390477,0.100517,0.290421,1.74224,0.490758
72.771337868,0.179647,0.945814,0.230998,0.000763246,0.598826,0.282973,3.4422,0.326219,0.154607,0.00406807,2.34921,0.488669
72.817777778,0.225965,0.79811,1.00101,0.0015901,0.552899,0.235618,3.24937,0.342235,0.57856,0.00201744,2.21247,0.414226
72.864217687,0.609475,0.481259,1.11391,6.73677e-05,0.260922,0.259782,2.72671,0.220798,0.869571,0.00725899,2.07657,0.268215
72.910657596,1.08074,0.0786544,0.98963,0.0468089,0.455538,0.194518,2.20648,0.158505,0.777137,0.00844538,2.03854,0.124631
72.957097506,1.16667,0.119646,0.957661,0.0892419,0.679713,0.203364,2.12989,0.0627933,0.496051,0.0734769,1.95559,0.261197
73.003537415,0.816337,0.18784,0.692301,0.10063,0.549601,0.117911,2.586,0.0358571,0.303219,0.165837,1.72877,0.806495
73.049977324,0.107152,0.420061,0.466691,0.374792,0.237167,0.0361003,2.77554,0,0.831426,0.173346,1.50845,0.960674
73.096417234,0.149359,0.0838397,0.107371,1.36105,0.0848559,0.00284442,2.53042,0,1.77545,0.205155,0.651696,1.65921
73.142857143,0.0990387,0.000894633,0.027092,1.38493,0.251048,0.0217663,1.8638,0,3.06351,0.27519,0.0444518,1.83126
73.189297052,0.0814832,0.0213756,0.0141854,1.50746,0.261065,0.0208755,1.24569,0,3.53466,0.222635,0.122689,1.67589
73.235736961,0.44621,0.110926,7.16412e-05,2.02286,0.0894136,0,0.657424,0.0444378,3.71617,0.111076,0.132864,1.9083
73.282176871,0.724768,0.141417,0,2.37249,0,0,0.450181,0.00941837,3.74566,0.07664,0.0834689,2.07174
73.328616780,1.00344,0.121525,0.0515767,2.63734,0,0.0369575,0.737113,0.00754969,3.49046,0.0592654,0.00024574,1.71953
73.375056689,0.876264,0.0668737,0.0863644,2.34363,0.626939,0.486497,0.808704,0.00530896,3.4012,0.0516261,0,1.16467
73.421496599,0.387443,0.0364415,0.00186431,1.9371,1.02705,0.491249,0.641484,0.00826346,3.61611,0.0465884,0,1.09617
73.467936508,0.293831,0.0399217,0.00035072,1.84259,0.718755,0.157721,0.557844,0.0102044,3.70672,0.0367701,0,1.6579
73.514376417,0.526579,0.0334503,0.000666669,1.90798,0.259079,0.0419306,0.605052,0.0179814,3.79504,0.0132657,0,1.9492
73.560816327,0.672099,0.0238675,0.000882736,1.97543,0.231724,0.05114,0.659564,0.0242229,3.89744,0.00217411,0.00252768,1.73633
73.607256236,0.759588,0.0503724,0.000664738,1.99694,0.154179,0.0248682,0.640373,0.024543,3.86152,0.012453,0.00782164,1.40592
73.653696145,0.642046,0.0624772,0.115185,2.06824,0.202253,0.00078646,0.501353,0.0159757,3.64517,0.000958605,0.00756402,1.37839
73.700136054,0.551379,0.0713958,0.136023,2.04427,0.0906087,0.00265253,0.41706,0.0138299,3.47589,0.0150138,0.0332992,1.6904
73.746575964,0.306317,0.0946415,0.183041,2.11882,0.0847503,0.0014224,0.336587,0,3.41373,0.0399492,0.251994,1.80107
73.793015873,0.00145614,0.103315,0.176333,2.16725,0.10638,0,0.289427,0,3.39362,0.0522778,0.309287,1.86064
73.839455782,0,0.149266,0.170684,2.0421,0.165904,0,0.280452,0.000460536,3.44376,0.0669231,0.121055,1.96057
73.885895692,0,0.166001,0.132763,2.05099,0.284706,0,0.299937,0.019319,3.41295,0.00653542,0.177912,1.91373
73.932335601,0,0.0747642,0.0109225,2.08851,0.28311,0,0.21654,0.0373155,3.55093,0.0170404,0.220168,1.94589
73.978775510,0,0.0138519,0.0124409,2.1685,0.00210239,0,0.104675,0.0331752,3.66969,0.0431899,0.234787,2.20475
74.025215420,0.0744623,0.0490648,0.0317185,2.19389,0,0,0.108678,0.0314053,3.54636,0.0589443,0.153897,2.04116
74.071655329,0.100796,0.137875,0.069046,2.09155,0.0405045,0.0125687,0.127813,0.0251231,3.47053,0.0748178,0.0732113,1.83454
74.118095238,0.0915403,0.109731,0.0292566,2.16763,0.490629,0.136822,0.146024,0.0239934,3.51794,0.0933486,0.00136107,1.52206
74.164535147,0.0207051,0.0660109,0,2.19859,0.475873,0.136392,0.126277,0.0268521,3.66499,0.0857469,0.00163035,1.59582
74.210975057,0.0565752,0.0203306,0.000188537,2.36155,0.268384,0.184811,0.0627392,0.0213868,3.77584,0.0348668,0.00262306,1.84519
74.257414966,0.0033056,7.59984e-05,0,2.56404,0.272446,0.184719,0.0985937,0.0206055,3.78138,0.0160352,0.00396225,1.78461
74.303854875,0.00305186,0,0.0420688,2.54611,0.196911,0.066678,0.271292,0.0229944,3.74689,0.023198,0.00508339,1.59542
74.350294785,0.00591029,0,0.15329,2.39733,0.328963,0,0.316316,0.0162354,3.63152,0.0148754,0.00426572,1.79918
74.396734694,0,0,0.177157,2.50433,0.427987,0.022338,0.294559,0.0241369,3.55475,0.107079,0.00229278,2.07947
74.443174603,0,0,0.119625,2.46595,0.450068,0.0487173,0.213793,0.0234672,3.53842,0.299869,0.0591816,2.20368
74.489614512,0,0.0218628,0.0884822,2.53536,0.383763,0.0517107,0.157255,0.003422,3.50056,0.376827,0.139798,2.16379
74.536054422,0,0.0578653,0.0559607,2.58072,0.33632,0.0476775,0.199551,0,3.46005,0.188946,0.104284,1.95638
74.582494331,0,0.0575782,0.0233062,2.66381,0.266183,0.0382102,0.24817,0.00503666,3.54393,0.125822,0.00392991,1.74708
74.628934240,0.0865802,0.0255054,0,2.64836,0.231251,0.0222213,0.394047,0.0245295,3.68328,0.0237884,0.00286503,1.48851
74.675374150,0.0347153,0.00952247,0,2.57086,0.0462827,0,0.613199,0.0291054,3.68275,0.0252014,0.000707847,1.83962
74.721814059,0.00766261,0.0102154,0.0887876,2.43397,0.0696428,0.100217,0.905037,0.0207467,3.33607,0.0240974,0,1.97104
74.768253968,0.118671,0.00962448,0.0769143,1.99506,0.680898,0.54886,0.997385,0.0156292,3.10447,0.0211344,0.000414593,1.4685
74.814693878,0.265082,0.034126,0.00201251,1.26747,1.3625,0.434954,0.715003,0.0183669,3.19353,0.0321575,3.68366e-06,1.09225
74.861133787,0.450827,0.0652728,0.00143184,1.24915,1.21467,0.223444,0.266948,0.0139439,3.19931,0.0329664,0,1.37547
74.907573696,0.356281,0.00117007,0.000968091,1.71052,0.576407,0.0925192,0.212627,0.00910907,3.42786,0.0358251,0,1.88786
74.954013605,0.297784,0.000460709,0.00128847,2.13685,0.364208,0.168852,0.349864,0.0128567,3.61656,0.032531,0,2.00194
75.000453515,0.443086,0.00076514,0.015671,2.3702,0.164766,0.116058,0.411722,0.0138212,3.72225,0.0584262,0,1.83926
75.046893424,0.648411,0.033781,0.0478934,2.28744,0.180608,0,0.28577,0.00125285,3.67321,0.0764653,0,1.76484
75.093333333,0.720711,0.119411,0.183732,2.1183,0.143325,0.0557988,0.225397,0,3.58952,0.10159,0,1.74447
75.139773243,0.755101,0.144926,0.216803,2.11009,0.224576,0.0701964,0.193584,0.000348636,3.52156,0.13933,0,1.72415
75.186213152,0.774307,0.143043,0.195771,2.10037,0.383243,0.0596953,0.144359,0.00017808,3.67506,0.159693,0.000739809,1.84956
75.232653061,0.619201,0.0374717,0.239,2.0749,0.275991,0.032398,0.0119292,0.000245211,4.13201,0.133963,0.0630767,2.14984
75.279092971,0.537315,0.0395078,0.215588,2.07728,0.225194,0.0547482,0.0111922,0.00230563,3.94322,0.116614,0.243918,2.36305
75.325532880,0.119975,0.0559744,0.200474,1.65465,0.189924,0.0404671,0.508309,0.000707203,3.7399,0.102217,0.430121,2.4546
75.371972789,0.0806416,0.223384,0.155185,1.02678,0.0151214,0.0085743,1.04113,0,3.35618,0.130754,0.45209,2.35797
75.418412698,0.223832,0.578622,0.120876,0.548501,0.188085,0,1.44503,0.0176981,3.13027,0.124602,0.335732,1.90716
75.464852608,0.211124,0.898225,0.120972,0.302092,0.502077,0.303551,1.51462,0.125015,3.08523,0.12015,0.295908,1.18854
75.511292517,0.128184,1.19336,0.0299619,0.198771,0.651773,0.469074,1.41797,0.160836,2.89722,0.517233,0.886264,0.568846
75.557732426,0.096013,1.16608,0.177521,0.900901,0.677417,0.49809,0.965671,0.0300957,2.22261,0.519571,1.48417,0.621378
75.604172336,0.000214669,0.568067,0.250804,1.40924,0.582762,0.307623,0.558593,0.0534249,2.20717,0.239969,2.23487,0.501048
75.650612245,0.0264256,0.592949,0.264623,1.35948,0.142145,0.125895,0.388464,0.074941,2.65437,0.0164681,2.82158,0.142559
75.697052154,0,0.64142,0.269452,1.74531,0.0378688,0.283138,0.591104,0.266988,2.64967,0.318321,2.63529,0.111334
75.743492063,0,0.572987,0.321987,1.84025,0.0462428,0.420876,0.741023,0.152339,3.03798,0.502189,1.8074,0.682449
75.789931973,0.0692508,0.546094,0.198256,2.23461,0.361921,0.239845,0.665419,0.0327484,3.3595,0.187503,0.818729,1.14903
75.836371882,0.150932,0.613725,0.0401531,2.30394,0.470257,0.0315202,0.274011,0.15925,3.41663,0.0596828,0.444449,1.05799
75.882811791,0.200521,0.638728,0.000597571,2.52735,0.0992761,0.0349426,0.0645258,0.325042,3.33086,0.0975983,0.370119,0.812209
75.929251701,0.22964,0.821489,0.0425152,2.38511,0.0607585,0.0260394,0.174672,0.65154,3.18979,0.0764736,0.359701,0.698072
75.975691610,0.24646,0.724816,0.228058,2.20623,0.0280915,0.0077472,1.02105,0.929308,2.71708,0.0901584,0.728595,0.763365
76.022131519,0.189496,0.642764,0.322036,2.14997,0.0164486,0.0110283,2.19785,0.980531,1.55561,0.0818233,1.21774,0.503328
76.068571429,0.0695204,0.571908,0.193107,2.04868,0.0118175,0.0204774,2.68612,0.762715,0.935377,0.0338274,1.66737,0.379836
76.115011338,0,0.582966,0.122589,2.0236,0.0105744,0.0359378,2.83291,0.549817,0.616504,0.0204183,1.9448,0.234134
76.161451247,0.0656202,0.631466,0.00209001,2.07259,0.0934872,0.126144,2.72677,0.49708,0.70162,0.0438937,1.89332,0.125976
76.207891156,0.0851128,0.513323,0.00180083,2.21058,0.660384,0.289936,3.23366,0.517625,0.657255,0.0384392,1.36912,0.182197
76.254331066,0.0250949,0.570444,0.00292171,2.35533,0.945902,0.439768,3.28347,0.558764,0.647393,0.0288361,1.22604,0.196846
76.300770975,0.00533077,0.466389,0.0377792,2.27214,0.908679,0.392882,3.25983,0.543992,0.556261,0,1.80443,0.147478
76.347210884,0,0.330131,0.0251339,2.47568,0.195155,0.31186,3.30616,0.461081,0.274672,0,2.03838,0.216188
76.393650794,0.000821141,0.122872,0.0159335,2.7005,0.0565138,0.275097,3.43035,0.365097,0.0386001,0,1.92752,0.233337
76.440090703,0.012374,0.0361102,0.00268622,2.78477,0.0443856,0.213176,3.53311,0.330892,0.0403348,0.0277101,1.93205,0.282284
76.486530612,0,0.0170312,0.00223558,2.63184,0.0465844,0.158097,3.51167,0.403212,0.0594479,0.0143246,2.26515,0.16901
76.532970522,0,0,0.0288424,2.25381,0.0517163,0.221277,3.27072,0.253143,0.211825,0.0452321,2.59288,0.0766518
76.579410431,0,0,0.0553099,2.07134,0.0527363,0.906105,2.56726,0,0.315519,0.0897775,2.57651,0.307793
76.625850340,0,0.296231,0.0043599,2.66072,0.0781996,1.23983,1.82371,0,0.418864,0.13318,1.88912,0.362821
76.672290249,0,0.393118,0.00312893,3.27456,0.0334118,1.10865,1.23609,0.372835,0.338945,0.147883,1.17077,0.179191
76.718730159,0,0.259874,0.00178177,3.42538,0.0216287,0.40622,1.43299,0.613425,0.395799,0.153557,1.32749,0.123
76.765170068,0,0.04669,0.00259767,3.58566,0.0187438,0.260807,1.87432,0.687714,0.223011,0.0410118,1.52462,0.0998776
76.811609977,0.00622012,0.00468367,0.00338495,3.61133,0.0166541,0.0656064,2.35142,0.862703,0.071189,0.044143,2.165,0
76.858049887,0.0123718,0.270234,0.00387505,2.97559,0.311109,0.224254,2.5314,0.789657,0.0449003,0.0889699,2.29142,0.000281764
76.904489796,0.00852899,0.549927,0.00403661,1.43698,0.46117,0.543818,2.89132,0.479477,0.0147843,0.0857335,2.4743,0.000277482
76.950929705,0.017927,0.661406,0.00319686,0.633068,0.456983,0.414596,3.62216,0.209693,0.00718879,0.0282491,2.61515,3.27959e-05
76.997369615,0,0.701959,0.00256297,1.36537,0.16297,0,3.83684,0.157891,0.00331536,0,2.56517,0.0962823
77.043809524,0.0113945,0.575374,0.00257366,1.87286,0.0635249,0,3.76547,0.223691,0.00579763,0,2.55694,0.115118
77.090249433,0,0.540938,0.00324021,2.14226,0.0563087,0.126843,3.66319,0.376079,0.00931455,0,2.47657,0.128831
77.136689342,0,0.475482,0.00381989,2.24743,0.0411929,0.129663,3.66912,0.30026,0.00973147,0.0170747,2.555,0.0986376
77.183129252,0,0.519798,0.173438,2.16467,0.0463218,0.0427084,3.65835,0.391097,0.0100554,0,2.71437,0.0319846
77.229569161,0.0152717,0.585726,0.194353,1.82438,0.39904,0.00826751,3.63747,0.357763,0.0113498,0.0227294,2.95542,0
77.276009070,0.0279826,0.674695,0.0750814,1.70051,0.402151,0.0318694,3.70739,0.26234,0.012742,0.071804,2.89072,0
77.322448980,0.0378599,0.772061,0.00173462,1.59587,0.343896,0,3.60359,0.265033,0.0111709,0.119947,3.04658,0
77.368888889,0.0296452,0.895431,0.00603442,1.86591,0.274205,0.0108059,3.15546,0.408374,0.027098,0.121655,3.18171,9.90814e-05
77.415328798,0,0.943719,0.11329,2.41162,0.070785,0.161627,2.48496,0.595161,0.0687788,0.0838241,3.04222,9.33944e-05
77.461768707,0,0.710479,0.0032409,2.84276,0.00645049,0.235365,2.12092,0.677635,0.090768,0.0631299,2.98978,2.47309e-05
77.508208617,0,0.874494,0.00370254,2.89817,0.00723272,0.374239,2.16329,0.64911,0.0720005,0.0150447,2.79927,9.58799e-06
77.554648526,0.0480974,1.24514,0.00316745,2.64914,0.337048,0.741885,2.20024,0.108985,0.0472876,0.0115598,2.16948,0.000367344
77.601088435,0.0683166,1.30765,0.00265973,2.65111,0.670271,0.93432,1.90761,0.200673,0.0194718,0.0067991,1.81922,0.000452711
77.647528345,0.0585392,1.10606,0.00233845,2.756,0.819363,1.03839,1.30475,0.276957,0.0230978,0.00570446,2.22144,0.00030224
77.693968254,0.00381624,1.13847,0.00335799,2.63827,0.874766,0.703214,0.970757,0.370394,0.023,0.00512469,2.88879,0.0796572
77.740408163,0,1.09834,0.0730903,2.57121,0.465069,0.413443,1.02489,0.564205,0.0172866,0.00246285,2.9949,0.116032
77.786848073,0,1.08456,0.169832,2.67056,0.0273633,0.506492,1.28122,0.789778,0.0133152,0.0294205,2.78763,0.0780235
77.833287982,0,1.00595,0.161357,2.66694,0.0236315,0.454603,1.54338,0.744362,0.0191571,0.0399065,2.87465,0.040402
77.879727891,0,0.988132,0.0466144,2.62721,0.0127228,0.337413,1.69263,0.571184,0.03934,0.0483577,2.91499,0.0145118
77.926167800,0,0.868507,0.0031221,2.39467,0.0091062,0.432988,1.82297,0.3938,0.238381,0.0378645,2.63035,0.241653
77.972607710,0,0.523386,0.0470695,2.38988,0.00839576,0.451063,1.94513,0.0138571,0.409907,0.0978532,2.48023,0.307089
78.019047619,0,0.202979,0.185551,2.38452,0.0103778,0.65255,1.99651,0,0.26978,0.125266,2.67647,0.0433566
78.065487528,0.00176551,0.272366,0.162199,2.02416,0.0361887,0.636691,2.4676,0,0.0814891,0.153999,3.15719,0.0404755
78.111927438,0.0357649,0.347843,0.115352,1.55681,0.139107,0.324566,3.21932,0,0.0778596,0.136856,3.22262,0.0857713
78.158367347,0.0382791,0.748341,0.136228,1.30663,0.208646,0.13508,3.54406,0,0.0630466,0.134917,2.90815,0.0326576
78.204807256,0.0806172,1.0336,0.0134211,1.20355,0.0397395,0,3.73269,0,0.0433061,0.141845,2.29274,0.0757355
78.251247166,0.264151,0.969677,0.000824867,0.885845,0.0245405,0.0126557,3.79428,0.00305245,0.0770072,0.124281,1.12775,0.245705
78.297687075,0.147713,0.872246,0.000825451,0.331081,0.203633,0.385547,3.77621,0.00218792,0.134063,0.106306,1.5544,0.181932
78.344126984,0.10199,1.0185,0.00314092,0.645906,0.501192,0.339541,3.69871,0.152116,0.135578,0.0425387,2.32174,0.000133988
78.390566893,0,0.927379,0.00221333,1.45187,0.269497,0,3.59737,0.184261,0.123378,0.0164598,2.71909,0.0340687
78.437006803,0.0257901,0.675766,0.0017841,1.6828,0.0216429,0,3.5648,0.329832,0.109884,0.00985861,2.96545,0.0733348
78.483446712,0,0.509422,0.00172635,1.78482,0.0142238,0.0483715,3.55282,0.474403,0.087122,0,3.00678,0.0629882
78.529886621,0,1.13893,0.0285732,1.9774,0.0271457,0.0492999,3.48072,0.476891,0.0395091,0,2.81613,0
78.576326531,0,1.7203,0.0605066,2.03886,0.0376584,0.0312882,3.31306,0.0239574,0.197758,0.0823945,2.07229,0.0749341
78.622766440,0.0275382,2.25272,0.0930426,1.36958,0.0249302,0.0143741,2.86275,0.0493078,0.420014,0.150126,1.8994,0.219007
78.669206349,0.0825204,2.65385,0.308366,1.19535,0.0152846,0.0208289,2.53785,0.112545,0.418718,0.24262,1.63902,0.191685
78.715646259,0.105918,2.77695,0.424434,0.645516,0,0.0217423,2.20406,0.315618,0.313668,0.298071,1.71781,0.366057
78.762086168,0.0857565,2.2393,0.646481,0.295209,0.288275,0.0289325,2.49161,0.233605,0.242493,0.465358,1.58461,0.469246
78.808526077,0.0426454,1.90861,0.498353,0.201036,0.326455,0.290957,2.7941,0.105197,0.247039,0.550737,1.60598,0.526097
78.854965986,0,1.79612,0.00602482,0,0.86368,0.443826,2.80194,0.139637,0.1207,0,1.98448,0.541869
78.901405896,0,1.66934,0.0971961,0,0.827348,0.374397,2.52018,0.0808409,0.0111554,0,2.75134,0.37391
78.947845805,0.000296094,1.81434,0.0847453,0.0119356,0.826692,0.413333,2.35904,0.0590285,0.00804693,0,3.09583,0.000337979
78.994285714,0.0435827,2.17545,0.0308156,0,0.765636,1.08413,2.30331,0.0434711,0.00357203,0.000936477,3.14625,0.000450705
79.040725624,0.0802029,2.24305,0,0.00600584,0.769218,1.19093,2.3983,0.0393115,0.374321,0.0661609,2.71168,0.000384705
79.087165533,0.0930487,2.22125,0.0286703,0.0693237,0.704833,0.651977,1.98108,0.0322701,1.86393,0.0638596,2.37267,5.18154e-05
79.133605442,0.0333231,2.14629,0.0833356,0.192406,0.314005,0.585277,1.91451,0.0306935,2.32797,0.00860469,1.45603,0.0332897
79.180045351,0.146469,1.88372,0.0678896,0.0937302,0.226493,0.5653,2.00692,0.0361602,2.41817,0,1.02894,0.242848
79.226485261,0.306701,1.46682,0.00882168,0.100078,0.265445,0.512139,2.08266,0.0353927,2.33276,0,0.765407,0.458611
79.272925170,0.360988,1.20168,0.100533,0.00571825,0.269229,0.440522,2.08411,0.0257147,2.146,0,0.718751,0.453397
79.319365079,0.28732,0.980556,0.22424,0.0782227,0.160409,0.843133,1.9362,0.00954712,2.16539,0.119591,0.879793,0.499001
79.365804989,0.222973,1.03511,0.17647,0.266395,0.115647,1.02382,2.253,0.00393611,2.00571,0.209147,1.27939,0.206939
79.412244898,0.130976,1.70476,0.0595933,0.268188,0.332539,0.978278,2.89628,0.00999024,1.44992,0.159918,2.08482,5.66197e-07
79.458684807,0.0274564,2.53604,0.0828891,0.168678,0.281245,0.373084,3.47083,0.0140505,0.493337,0.187225,2.71704,0
79.505124717,0.0885357,2.77806,0.143549,0.141062,0.10019,0.121884,3.43743,0.00932208,0.313094,0.0222484,2.72338,0
79.551564626,0,2.68864,0.00349825,0.0328206,0.0347123,0.134432,3.54326,0.023387,0.169759,0,2.81775,0
79.598004535,0,2.45368,0,0.0335478,0.064837,0.138548,3.70767,0.033507,0.103276,0,2.71377,0
79.644444444,0,2.24472,0.0109058,0.0284108,0.1222,0.196782,3.71726,0.0359372,0.0623803,0,2.73385,0.0146828
79.690884354,0.120026,1.88157,0.0254595,0.033875,0.258942,0.211164,3.75683,0.0312815,0.0730406,0,2.77583,0
79.737324263,0.142218,1.1881,0,0.0193051,0.41082,0.178401,3.92792,0.0311304,0.0829504,0,2.77673,0
79.783764172,0.0748201,1.23304,0,0.0102112,0.464113,0.100611,3.98447,0.0466132,0.0622588,0,2.80887,0
79.830204082,0.00474381,1.7226,0,0.0512917,0.329206,0.170802,3.80182,0.179259,0.253548,0,2.87604,0.0053949
79.876643991,0,2.02837,0,0.0806388,0.339358,0.226001,3.63213,0.223152,0.435292,0,2.99286,0
79.923083900,0,2.18205,0.00148151,0.00946125,0.0854667,0.460164,3.6209,0.0325462,0.457707,0,3.08508,0.0111673
79.969523810,0,2.04048,0.220158,0.112589,0.110284,0.233631,3.59885,0.0214,0.497912,0.0217726,2.83372,0
80.015963719,0,2.15062,0.200589,0.298923,0.0337734,0.168352,3.56564,0.0191255,0.653825,0.165952,1.78907,1.8195e-05
80.062403628,0,2.0843,0.190155,0.300236,0.0890947,0.13485,3.43476,0.00403515,0.669202,0.201528,0.690791,0.00826271
80.108843537,0.188406,2.10457,0.1017,0.23683,0.165172,0.0986901,3.27832,0,0.606067,0.0961756,0.816419,0.045018
80.155283447,0.188119,2.01212,0.0588425,0.23147,0.207306,0.363317,3.17088,0.0067525,0.54874,0.169544,1.10208,0.0368342
80.201723356,0,1.46204,0.090541,0.240992,0.181889,0.520791,3.14609,0.0143037,0.586643,0.17163,1.15906,0.172169
80.248163265,0,1.17873,0.126356,0.0542467,0.283281,0.429566,3.23806,0.0193311,0.497703,0.0237422,1.7736,0.60971
80.294603175,0,1.06141,0.158087,0.00988303,0.480483,0.415532,3.23242,0.0313995,0.210394,0,2.43544,0.340294
80.341043084,0.0137241,0.88604,0.122858,0.067501,0.699983,0.310737,3.03617,0.042259,0.128532,0,2.7532,0.000270929
80.387482993,0.177503,0.891989,0.074994,0,0.952541,0.233518,2.70048,0.0397522,1.03695,0,2.61813,0.000415747
80.433922902,0.133214,1.08338,0.0532789,0,1.07995,0.513681,2.12418,0.0325259,2.19161,6.05838e-05,2.01035,0.00362505
80.480362812,0.143136,1.4812,0.0339581,0.201606,0.950542,0.34935,1.70287,0.0263756,2.61962,0.00116326,1.74786,0.0327448
80.526802721,0.107686,1.65276,0.104237,0.285747,0.86605,0.0482592,1.54878,0.0271045,2.45201,0.000950371,1.87075,0.118188
80.573242630,0.0418994,1.61898,0.210103,0.334029,0.598588,0.0260363,1.413,0.0315122,2.63784,0,1.55482,0.273196
80.619682540,0.122701,1.71256,0.134173,0.561692,0.434047,0.0440358,1.41982,0.0357028,2.72381,0,1.09458,0.561207
80.666122449,0.222847,1.96141,0.0761446,0.557703,0.428661,0.0569764,1.66349,0.0350705,2.58999,0,0.771966,0.382805
80.712562358,0.285814,2.5343,0.215469,0.938072,0.493465,0.0544937,1.0758,0.104126,1.97127,0.0186135,1.07769,0.548483
80.759002268,0.292485,2.64725,0.194504,0.893699,0.3475,0.0632627,1.02478,0.290565,1.43634,0.157534,1.31712,0.654552
80.805442177,0.284223,2.44091,0.170394,0.80172,0.205048,0.0283529,1.53077,0.264434,1.09097,0.16059,1.72924,0.488132
80.851882086,0.145919,1.97387,0.216168,0.633784,0.252017,0.00848278,2.73721,0.0201571,0.228951,0.172301,2.43259,0.0943919
80.898321995,0.0270285,1.39388,0.307182,0.294191,0.179828,0.0443553,3.36758,0.0463716,0.0304988,0.16618,2.56076,0.108421
80.944761905,0.118264,1.49614,0.211083,0.138815,0.136421,0.0345885,3.69146,0.00369342,0.0197625,0.168631,2.57299,0.156541
80.991201814,0.202044,1.97159,0.132603,0.243031,0.122893,0,4.00724,0,0.00112862,0.201676,2.39071,0.309804
81.037641723,0.231235,2.24976,0.0319248,0.186724,0.173776,0.0680181,3.56899,0.482169,0.481105,0.188756,1.87959,0.153733
81.084081633,0.00040745,2.03429,0,0.249611,0.161584,0.651939,2.60395,0.413675,1.8388,0.401038,1.60548,0
81.130521542,0.260513,1.61407,0.00103053,0.696813,0.106301,0.96315,1.31417,0.257854,2.88055,0.343126,1.09388,0
81.176961451,0.588783,0.916386,0.0694095,1.42084,0.366194,0.797654,0.525118,0,3.46667,0.11586,0.596891,0
81.223401361,0.674294,1.23576,0.054947,1.54091,0.350273,0.571751,0.234101,0.0461195,3.53461,0.112009,0.430105,0
81.269841270,0.664947,2.42432,0.224378,1.20164,0.122001,0.806493,0.172982,0,3.21835,0.0569119,0.360252,0
81.316281179,0.309482,3.01941,0.195296,0.809831,0.0264626,0.845275,0.53074,0,2.93533,0.0445302,0.266338,0
81.362721088,0.188351,2.84421,0.135782,0.65261,0.0196893,0.798547,1.09759,0,2.23624,0.376145,0.711568,0.0220029
81.409160998,0.20105,2.57981,0.15106,0.692738,0.0449863,0.647895,1.09588,0,2.1656,0.413809,0.767743,0.016422
81.455600907,0.247152,2.51586,0.462464,0.667591,0.153592,0.839216,0.755004,0,2.51324,0.351886,0.699313,0.00940224
81.502040816,0.360062,2.71303,0.427289,0.91545,0.254665,1.09799,0.273909,0,2.64525,0.0575211,0.457839,0.105484
81.548480726,0.240312,2.84465,0.00480919,1.14452,0.237438,1.24495,0.257065,0,2.63076,0.0762145,0.295049,0.354667
81.594920635,0.235612,2.97516,0.0033044,1.29529,0.0995074,1.17617,0.64726,0,2.31799,0.102224,0.318547,0.567518
81.641360544,0.219002,2.84521,0.00428573,1.65547,0,1.23458,1.17795,0.0125875,1.87577,0.0897269,0.392031,0.569354
81.687800454,0.170278,2.56805,0.00463777,1.91875,0,1.49094,1.56201,0.0281337,1.6402,0.0217733,0.457283,0.4279
81.734240363,0.122253,2.69479,0.00419126,1.77881,0,1.77518,1.84529,0.0380759,1.71077,0.00974783,0.369244,0.180128
81.780680272,0.137626,2.85772,0.00471839,1.05788,0.0986423,1.88516,1.57972,0.0391794,1.89645,0.00816477,0.174934,5.10336e-05
81.827120181,0.170187,2.70881,0.00420926,0.569938,0.419425,1.69081,1.16758,0.0294073,2.06747,0.00540457,0.139673,4.17721e-05
81.873560091,0.184983,2.59412,0.0036486,0.712461,0.45514,1.28306,0.674037,0.0208896,2.35996,0.00260233,0.367535,0
81.920000000,0.179664,2.50423,0.0031843,1.36456,0.243792,1.21325,0.14514,0.00408257,2.56238,0.00244856,0.652085,0.31145
81.966439909,0.152269,2.42832,0.00321186,1.6411,0.0735378,1.58593,0.284791,0.0109936,2.6082,0.00367761,0.876179,0.481867
82.012879819,0.137928,2.18488,0.00341996,1.63279,0,1.81718,0.5729,0.020253,2.62059,0.00335856,1.32567,0.497227
82.059319728,0.129839,2.10289,0.038189,1.54639,0.0121816,2.00822,0.692319,0.0176646,2.67026,0.0144437,1.37567,0.402895
82.105759637,0.131613,2.36084,0.0452275,1.42172,0.081746,2.00337,0.472943,0.00711718,2.62387,0.0148221,1.19611,0.273524
82.152199546,0.113207,2.85565,0.141535,1.45135,0.324045,2.01117,0.402328,0.221538,2.50601,0.0662598,0.736396,0.0397777
82.198639456,0.0760095,2.66375,0.281299,1.2872,0.169281,1.94923,0.457278,0.273434,2.65409,0.0896833,0.570178,0.151252
82.245079365,0.0617292,2.79081,0.157058,1.04435,0.150234,1.87769,0.742216,0.0492365,2.51677,0.115061,1.06349,0.275655
82.291519274,0.0293569,3.02535,0.120333,0.843527,0.2055,2.09035,0.806453,0.0148751,2.34412,0.127383,1.39581,0.385505
82.337959184,0.0500782,3.06826,0.00348013,0.979268,0.0293234,2.06343,0.638001,0.0312402,2.08745,0.085489,1.69364,0.48059
82.384399093,0.0933105,2.34611,0.0026713,0.907845,0.0389541,1.58812,0.694553,0.0432598,1.85776,0.244538,1.86292,0.391866
82.430839002,0.000281599,1.83996,0.00288798,0.814621,0.1095,1.42301,0.721362,0.082691,1.03636,0.311583,1.67973,0.193294
82.477278912,0.000292491,1.69574,0.0028521,0.722842,0.30119,1.2501,0.782976,0.142897,1.03102,0.250675,1.06139,0.497465
82.523718821,0.0172601,1.62723,0.00312539,0.834406,0.450478,1.00683,0.852447,0.0771357,1.04587,0.189283,0.923892,0.705954
82.570158730,0.0350819,1.81018,0.00391434,0.973954,0.358589,1.17185,0.924794,0.0105173,1.36424,0.0939705,1.01881,0.849857
82.616598639,0.0614644,2.09301,0.00378914,1.2578,0.451365,1.39184,0.903123,0.0140533,1.38154,0.0278852,1.21982,0.727688
82.663038549,0.0558549,2.30305,0.0035371,1.49286,0.486201,1.17243,0.825386,0.00988069,1.45512,0,1.67201,0.412828
82.709478458,0.000259171,2.47654,0.0744993,1.51301,0.224527,1.12027,0.425077,0.00189301,1.83242,0,1.81585,0.305749
82.755918367,0.000265554,2.44557,0.17468,1.41555,0.142209,1.54578,0.184435,0,2.32831,0,1.43013,0.590859
82.802358277,0.184985,2.07394,0.0661719,1.33929,0.0227211,1.94525,0.0632112,0.00291715,2.80722,0,0.671617,1.42387
82.848798186,0.22757,1.96293,0.00443452,1.40502,0.135775,2.12441,0,0.0993676,2.46871,0.319497,0.482304,1.70077
82.895238095,0.182058,2.16313,0.00388776,1.31696,0.112956,2.16463,0,0.0338801,1.98094,0.624255,0.488545,1.5242
82.941678005,0.131275,2.43665,0.00461271,1.08541,0,1.64351,0,0.0964662,1.3491,0.872721,0.854069,1.55424
82.988117914,0.0426437,3.02928,0.00581196,0.747707,0.0275998,1.35366,0,0.0918246,1.40929,0.250213,1.22684,1.23309
83.034557823,0.0047606,3.53148,0.00369265,0.403655,0.019632,1.41183,0,0.0320347,1.45129,0.123363,1.26594,0.791304
83.080997732,0.00506301,3.81819,0.0028153,0.515417,0.0279947,1.24766,0,0.400348,1.34795,0.0306719,0.930485,0.405924
83.127437642,0.0400703,3.50039,0.00244099,0.0611894,0.0349691,1.23572,0.0207885,0.571951,1.51511,0.4155,0.563979,0.528363
83.173877551,0.105413,2.79325,0.00169746,0.129338,0.391321,1.38895,0.130048,0.496422,1.117,0.309752,0.111073,0.961645
83.220317460,0.0877733,2.39141,0.00454909,0.141399,0.69865,1.3267,0.318186,0.383061,0.898382,0.308229,0,1.04473
83.266757370,0.025184,2.08165,0.0595803,0.153373,0.824312,1.24001,0.414395,0.135434,0.845409,0.352382,0.0273818,1.40028
83.313197279,0.332878,1.29683,0.51621,0.77844,0.647714,1.02801,0.669617,0,1.07765,0.0735784,0.181118,1.56474
83.359637188,0.0163323,0.905783,0.57108,1.70865,0.0477875,1.11521,1.08749,0.0125276,0.333618,0.0221794,0.311249,1.83829
83.406077098,0.113274,0.672702,0.737587,2.39369,0.0216592,0.840672,1.30069,0,0,0.0134497,0.296769,1.7886
83.452517007,0.265193,0.508375,0.566069,2.3703,0.0104118,0.372441,1.24215,0,0,0.556451,0.418429,2.19926
83.498956916,0.208583,0.283142,0.475377,2.33733,0,0.455662,0.920286,0.131076,0.00434683,1.03755,0.189088,2.77554
83.545396825,0.0928684,0.370848,0.289319,2.47421,0,0.522053,0.591189,0.514622,0.0110987,0.961959,0.308352,3.1541
83.591836735,0.24597,0.242604,0.189292,2.35832,0.108903,0.276895,1.16225,0.239955,0.0690519,0.459231,0.258275,3.17986
83.638276644,0.00387715,0.144082,0.125493,1.99341,0.159171,0.224307,1.5307,0.0875622,0.0563085,0.261383,0.27261,3.35205
83.684716553,0.0791906,0.0576755,0.13792,2.08932,0.174023,0.148414,1.79136,0.0573819,0.0099982,0.413736,0.250799,3.3751
83.731156463,0.144014,0.00212685,0.0862198,2.07293,0.151914,0.0010224,1.91352,0.036118,0.0021359,0.77866,0.277535,3.07569
83.777596372,0.285667,0.00226632,0.254009,2.21334,0.230785,0.00643363,1.99754,0.00394012,0.0208166,1.11555,0.328167,2.25407
83.824036281,0.302214,0.0035043,0.153057,1.83206,0.231606,0.0459026,1.51012,0.205654,0.406252,1.69217,0.0935638,2.04106
83.870476190,0.780935,0.153457,0.108862,1.41296,0.447954,0.537442,0.889848,0.460937,0.803971,1.22578,0.459814,1.43243
83.916916100,1.00203,0.350621,0,1.29485,0.609777,0.410928,0.916217,0.392919,0.666002,1.12854,0.954259,0.850157
83.963356009,1.0154,0.379694,0.00148781,1.11098,0.949406,0.351345,0.840692,0.462249,0.307835,0.705461,1.70649,0.483739
84.009795918,0.660204,0.0886584,0.533147,0.130013,0.617347,0.324338,0.715133,0.399069,0.620576,0.0660414,2.29104,0.581935
84.056235828,0.54811,0.133497,1.19367,0.0306813,0.520765,0.374979,0.303908,0.394845,0.635516,0.00216376,2.45737,0.915515
84.102675737,0.169542,0.0439471,1.40747,0.00342106,0.29696,0.500711,0.294101,0.290879,0.612653,0.0027776,2.46777,0.862457
84.149115646,0,0.0436828,1.1196,0.00496871,0.579349,0.722841,0.269947,0.3429,0.545565,0.00702945,2.48914,0.580155
84.195555556,0.017713,0.132481,0.739869,0.155218,0.830266,0.472201,0.454049,0.264275,0.547452,0.229663,2.44692,0.51332
84.241995465,0.421473,0.231389,0.686255,0.286428,0.589769,0.0402034,0.570535,0.109026,1.38732,0.283883,2.31328,0.805674
84.288435374,0.577072,0.095885,0.366623,1.65931,0.323844,0.00500299,0.426218,0,2.58584,0.412627,1.35922,0.955071
84.334875283,0.593388,0.0820045,0.0029065,2.3739,0.1588,0.0508533,0.212251,0,3.16162,1.16428,0.403809,0.854316
84.381315193,0.589627,0.00583566,0.00974303,2.373,0.374153,0.0776216,0.560087,0,3.24533,0.826866,0.0286799,1.40504
84.427755102,0.604665,0,0.0368224,2.54889,0.350978,0.0500513,0.862841,0.00166841,3.15352,0.232799,0,1.81717
84.474195011,0.539975,0,0.0126342,2.65524,0.0125439,0,0.800967,0.0175766,3.33488,0.103769,0,2.08998
84.520634921,0.623518,0,0.0125818,2.71947,0,0,0.522756,0.00957325,3.40421,0.074598,0,2.05705
84.567074830,0.775166,0.0181665,0.0851329,2.98743,0.0515151,0.174093,0.663135,0.00618722,3.11115,0.052979,0.100102,1.69077
84.613514739,0.443977,0.0771593,0.104931,2.59362,0.757339,0.661288,0.644806,0.00552362,3.26833,0.0504021,0.584581,0.637797
84.659954649,0.372792,0.173454,0.0167171,2.06794,1.04636,0.704485,0.311206,0.0138412,3.80943,0.0548845,0.554249,0.140947
84.706394558,1.0002,0.124832,0.021824,1.78198,0.669498,0.453163,0.0641137,0.0146299,4.12204,0.0351596,0.304031,0.31542
84.752834467,1.23053,0.128111,0.0154671,1.82673,0.153253,0.165868,0,0.0221737,4.25085,0.0207923,0.0509823,0.83117
84.799274376,0.910232,0.166457,0.000428577,1.83384,0.0880262,0.211212,0.211687,0.0259565,4.21744,0.015744,0.0480017,1.0566
84.845714286,0.780505,0.182549,0.0352026,1.94581,0.0941766,0.00148474,0.408626,0.0217666,4.12554,0.015517,0.26725,1.07
84.892154195,0.731546,0.253891,0.122969,2.10126,0.125673,0.0074479,0.352954,0.0162316,4.07218,0.00482673,0.240819,1.17472
84.938594104,0.774248,0.330594,0.191927,2.30626,0.0926294,0.01219,0.194992,0.00974539,4.0674,0.0254818,0.140751,1.22549
84.985034014,0.644425,0.243845,0.215391,2.40392,0.102167,0.00241135,0.0215952,0,4.0765,0.0425625,0.273494,1.04054
85.031473923,0.093124,0.179077,0.20196,2.619,0.122734,0,0.0934128,0,4.10741,0.0427925,0.268359,0.657272
85.077913832,0,0.148646,0.18732,2.51163,0.196129,0,0.427497,0,4.06064,0.0282151,0.0742952,0.480391
85.124353741,0.14441,0.107172,0.122247,2.07731,0.292892,0,0.56525,0.0238999,4.03776,0,0.215877,0.334308
85.170793651,0.311463,0.0482118,0.0104238,2.01239,0.294159,0,0.473227,0.0370373,4.08712,0,0.228109,0.609101
85.217233560,0.457485,0.0620459,0.0686032,2.23653,0.120634,0,0.184069,0.0324868,3.98411,0.0303236,0.399924,0.713912
85.263673469,0.603175,0.0441959,0.145097,2.35877,0,0,0.197628,0.0337248,3.60889,0.0268978,0.441545,0.653628
85.310113379,0.477673,0.20551,0.147016,2.28456,0.114129,0.120344,0.164518,0.0517547,3.49928,0.0305099,0.351458,0.567766
85.356553288,0.0727033,0.298943,0.0402596,2.35491,0.598633,0.198589,0.0282062,0.0603978,3.67946,0.0357112,0.0414075,0.951289
85.402993197,0.0321905,0.0778144,0.00107367,2.43785,0.396209,0.097424,0.538129,0.0486666,3.93262,0.0335777,0,1.70187
85.449433107,1.18968e-05,0.189249,0,2.37591,0.117129,0.135922,1.45506,0.0214523,3.8824,0.0256027,0,1.99402
85.495873016,0.0236886,0.179822,0,2.34287,0.0454826,0.102683,1.80458,0.0215657,3.6673,0.026483,0.0318543,2.02397
85.542312925,0.041713,0.183785,0.0905363,2.30757,0.0152573,0,1.84618,0.0175974,3.57475,0.0275174,0.00331344,1.95507
85.588752834,0.171693,0.184241,0.114266,2.34323,0.257401,0,1.91722,0.0181704,3.45049,0.0165272,0.00246098,1.49093
85.635192744,0.261869,0.205668,0.122733,2.46332,0.356113,0.0553566,1.81598,0.0230642,3.60508,0.153661,0.00135886,0.926712
85.681632653,0.268964,0.249901,0.106379,2.13697,0.388585,0.0624313,1.39706,0.0157293,3.83746,0.318018,0.125418,0.680394
85.728072562,0.0116465,0.270484,0.0888706,1.97312,0.364394,0.0634749,1.62111,0,3.86757,0.374693,0.167615,0.600224
85.774512472,0.00291439,0.244323,0.0802988,2.25218,0.29575,0.0838971,1.72638,0,3.76605,0.160803,0.339748,0.908104
85.820952381,0.209518,0.196207,0.0463541,2.45551,0.227413,0.0715196,1.86337,0.00616272,3.55709,0.0552109,0.800411,1.08712
85.867392290,0.298962,0.135718,0,2.58439,0.130592,0.0477851,1.9629,0.025379,3.29231,0.0238489,1.20122,1.16106
85.913832200,0.32408,0.0873846,0.0650238,2.63807,0,0.0450205,1.88479,0.0246199,3.09571,0.0258718,1.33458,1.19256
85.960272109,0.280151,0.067427,0.20083,2.53769,0,0.29221,2.04067,0.0148384,2.78527,0.0202011,1.28459,0.920547
86.006712018,0.125216,0.0683943,0.170721,1.91897,0.52561,0.636326,2.28798,0.0143087,2.62444,0.0274458,1.46124,0.427658
86.053151927,0.269067,0.305781,0.0574518,1.4463,0.990679,0.569059,2.10811,0.0255251,2.74788,0.0355901,1.47834,0.339689
86.099591837,0.404664,0.201894,0.00120524,2.39802,1.01683,0.469245,1.96112,0.0154393,2.93149,0.0310695,1.09237,0.633553
86.146031746,0.496447,0.118067,0.000822514,2.95925,0.414491,0.185434,1.70649,0.0105353,3.14728,0.0342882,0.961915,0.738834
86.192471655,0.457872,0.0397034,0.000673616,3.04366,0.132869,0.20141,1.5341,0.0147696,3.32435,0.0475734,1.04863,0.664125
86.238911565,0.524022,0.0298052,0,2.99694,0,0.131035,1.25558,0.0145838,3.52385,0.0750649,0.962254,0.853826
86.285351474,0.70491,0.0987052,0.089656,2.84266,0.119472,0.128934,0.988215,0.00545115,3.58211,0.0827499,0.719214,1.04389
86.331791383,0.815302,0.202013,0.205261,2.75192,0.200701,0.14683,0.675751,0.019849,3.6291,0.11018,0.549945,1.16953
86.378231293,0.88346,0.228748,0.215642,2.71972,0.272654,0.130632,0.626074,0.0316057,3.64623,0.156665,0.366647,1.0776
86.424671202,0.731415,0.202653,0.215611,2.65555,0.317193,0.100251,0.714903,0.0421738,3.58237,0.158035,0.420935,1.26257
86.471111111,0.554417,0.0964175,0.246672,2.65539,0.267082,0.048634,0.998029,0.0355622,3.3929,0.132403,0.554042,1.24003
86.517551020,0.529248,0.134175,0.18437,2.62255,0.214021,0.0445441,1.59586,0.0113813,2.91096,0.111057,0.937955,1.39598
86.563990930,0.133566,0.405471,0.190617,2.24331,0.112716,0.0148482,2.70709,0,2.20402,0.105795,1.22844,1.48335
86.610430839,0.0373929,0.745509,0.142271,1.77117,0.00288769,0,3.59127,0,0.704138,0.161697,1.92065,1.19008
86.656870748,0.0878468,0.998482,0.102984,1.11322,0.00831515,0,3.88967,0.101546,0.549039,0.141328,1.71433,0.819585
86.703310658,0.0578623,1.08159,0.100355,0.700897,0.16586,0.265359,3.68717,0.191869,1.08453,0.133919,1.43486,0.741221
86.749750567,0.123172,1.07186,0.0023825,0.817262,0.217074,0.368673,3.1706,0.14257,1.98983,0.641792,0.911774,0.65877
86.796190476,0.427613,0.920002,0.000842555,1.43575,0.407488,0.561357,2.68841,0.0212202,2.55723,0.484075,0.542532,0.289739
86.842630385,0.723894,0.43531,0.000320752,1.66838,0.456721,0.465495,2.23859,0.0596914,2.86253,0.11649,0.597183,0.0573926
86.889070295,0.455377,0.5406,0,1.87372,0.0273984,0.368566,2.29565,0.0748231,2.58143,0.0297555,0.729196,0
86.935510204,0,0.780131,0.000697509,2.11857,0.0439289,0.340593,2.31472,0.313533,1.87522,0,0.922211,0.0188935
86.981950113,0,1.16148,0.0240909,2.04525,0.0535668,0.396742,2.26999,0.320152,1.62397,0,1.62159,0.407126
87.028390023,0,1.76373,0.00104504,2.30627,0.196853,0.185422,2.17673,0.24489,1.40843,0.0421731,1.86353,0.453602
87.074829932,0.0192378,1.76817,0.0501366,2.5178,0.117663,0.0195485,1.9681,0.317095,1.28174,0.0271337,1.88868,0.226712
87.121269841,0.0383143,1.31044,0.000611377,3.07358,0.0543956,0.00530967,1.95532,0.465946,1.26981,0.0260094,1.64343,0
87.167709751,0.0496641,1.14293,0.0677326,3.38623,0.103017,0.000898568,1.99362,0.698816,1.70924,0.0680361,1.50009,0
87.214149660,0.0113377,0.85694,0.18997,3.64519,0.0249059,0,1.80714,0.92284,1.93482,0.0879057,1.54926,0
87.260589569,0.0185094,0.765152,0.201449,3.55022,0.0427337,0,1.77069,0.88898,1.98579,0.0675325,1.74754,0
87.307029478,0,0.566153,0.00996772,3.39149,0.011741,0,2.15753,0.705504,2.00569,0.0215522,1.67862,0
87.353469388,0,0.45465,0.00230094,3.46597,0.0105415,0,2.14435,0.485144,2.04037,0.0226228,1.36403,0.000244677
87.399909297,0.0170202,0.527062,0.00219698,3.41904,0.0903115,0.136716,1.90183,0.452657,1.939,0.0211971,1.50646,0.000429961
87.446349206,0.0614476,0.797419,0.00177757,3.31895,0.479423,0.343595,1.62697,0.489962,1.65923,0.0437155,1.85897,0.000392383
87.492789116,0.008973,1.12791,0.0034746,3.26691,0.68633,0.647126,1.17143,0.913477,1.77285,0.0369215,1.77109,0.0356625
87.539229025,0.00281472,1.06434,0.0364649,3.30313,0.558825,0.935704,1.00661,0.975552,1.90927,0.00021349,1.62058,0.0331379
87.585668934,0,0.961596,0.00726565,3.43486,0.0116592,0.975199,0.842526,0.92585,1.99709,0,1.62208,0.0326895
87.632108844,0,0.788437,0.00390261,3.58692,0.0149476,0.72612,0.857367,0.846621,2.01914,0.00455326,1.74353,0.0307632
87.678548753,0,0.679372,0.00258883,3.7234,0.0173584,0.249799,0.858658,0.819443,2.13683,0.0211963,2.0214,0.0139613
87.724988662,0,0.515304,0.00218888,3.76586,0.0178202,0,0.903673,0.75131,2.07613,0.0169339,2.13716,0.0202477
87.771428571,0,0.34315,0.00181588,3.68671,0.011053,0.0537676,0.775275,0.406433,2.26417,0.0632962,1.67519,0.0439287
87.817868481,0,0.609028,0.00221386,3.35832,0.00732756,0.378186,0.460614,0.103411,2.44836,0.103196,1.14033,0.295911
87.864308390,0,1.00673,0.00372647,3.11597,0.00252216,0.932318,0.128857,0.24049,2.41503,0.145102,0.786763,0.281105
87.910748299,0,1.1147,0.00220224,3.29013,0,0.841697,0.253655,0.646483,2.25149,0.151069,0.793028,0.0420253
87.957188209,0,1.07967,0.00156296,3.33827,0.0056394,0.431484,0.443208,0.686699,2.22853,0.093602,1.19263,0
88.003628118,0,1.00839,0.00303045,3.36632,0.0275541,0.249643,0.548778,0.841098,2.1554,0.0426859,1.52227,0
88.050068027,0,0.89745,0.00331165,3.4182,0.0323033,0.218745,0.552797,1.01258,1.94733,0.0337054,1.73146,0.000225985
88.096507937,0.0411865,0.813289,0.00400084,3.16018,0.103295,0.171476,0.470122,0.98156,1.81556,0.0180681,1.8414,0.000446165
88.142947846,0.0927228,0.771798,0.00842601,2.77345,0.611649,0.0850741,0.537419,0.668528,1.8125,0.0319333,1.85616,0.00102985
88.189387755,0.0906918,0.674607,0.0122537,3.15731,0.458146,0,0.525495,0.709114,1.86487,0.00972896,1.5027,0.000238751
88.235827664,0.0431566,0.64026,0.00263672,3.55108,0.114412,0,0.909773,0.981626,2.04565,0.000265366,1.32645,0.0135667
88.282267574,0.0154835,0.767765,0.00280397,3.58269,0.00996248,0,1.61214,0.992507,1.82676,0,1.62252,0.0244574
88.328707483,0,0.861213,0.00349336,3.40361,0.00732494,0,1.90546,0.95092,1.51058,0,1.70112,0.0130657
88.375147392,0,0.928095,0.00442207,3.34288,0.00839624,0,2.13045,0.841049,1.40219,0.00195848,1.83038,0
88.421587302,0,0.926616,0.245929,3.20221,0.110493,0,2.0767,0.881134,1.38709,0.00045867,2.21747,0
88.468027211,0.0208864,0.950343,0.178876,2.99626,0.346594,0.0353467,2.04722,0.703597,1.24486,0.0425032,2.48303,0.0393652
88.514467120,0.0362523,1.07574,0.068393,2.71793,0.304328,0.0380234,1.8729,0.570034,1.70477,0.090616,2.14802,0.0261905
88.560907029,0.0393081,1.1937,0.00121846,2.63602,0.275168,0.00461284,1.64364,0.724936,1.76913,0.135261,1.99103,0
88.607346939,0.022981,1.14749,0.0323891,3.1266,0.154854,0.0589579,1.53492,0.902519,1.77922,0.121592,2.08522,0
88.653786848,0,1.144,0.102101,3.43734,0.00987604,0.083588,1.47897,1.04861,1.71777,0.0806363,2.23283,0
88.700226757,0,1.17963,0.00343465,3.45521,0.00646196,0.0821315,1.42695,1.14676,1.5308,0.0312029,2.34126,0
88.746666667,0,1.23509,0.00395747,3.40216,0.00741216,0.325985,1.64901,0.842681,1.23288,0,2.40371,7.393e-05
88.793106576,0,1.25075,0.0033872,3.27393,0.203209,0.574096,1.6767,0.349854,1.09282,0,2.40946,0.000184996
88.839546485,0.0460428,1.16237,0.00261041,3.17398,0.444776,0.683745,1.66037,0.146889,1.02385,0.0122773,2.56211,0.000184589
88.885986395,0.0724258,1.10099,0.00259302,3.23538,0.671097,0.672084,1.44682,0.281228,1.04932,0.00051368,2.62199,0.00180176
88.932426304,0.0241081,1.13076,0.00392048,3.47631,0.774738,0.344654,0.994584,0.553998,1.17169,0.000320524,2.50307,0.0725311
88.978866213,0.0163256,0.871224,0.00383212,3.91444,0.250202,0.0749104,0.943567,0.816329,1.28889,0,2.00932,0.0977074
89.025306122,0.0463918,0.649284,0.0027515,4.09402,0.00499408,0.0684638,0.975636,0.921008,1.38091,0.0332858,1.62703,0.0698977
89.071746032,0.0199735,0.414496,0.00203064,4.09053,0.00541862,0.0698001,1.0926,0.84087,1.54213,0.0495346,1.57129,0.0129149
89.118185941,0.0421178,0.594199,0.00216377,3.8932,0.00779732,0.0702821,1.20499,0.59097,1.66767,0.0489893,1.69492,0
89.164625850,0.0326918,0.578301,0.00348545,3.67538,0.0094124,0.0710178,1.30942,0.392061,1.81497,0.0546564,1.67673,0.126364
89.211065760,0.0184765,0.235247,0.071014,3.71961,0.00869299,0.0599444,1.39854,0.0490229,1.66834,0.109941,2.07472,0.19315
89.257505669,0.00111229,0.289657,0.134587,3.9235,0.0109038,0.0316485,1.85003,0.0255895,1.07019,0.125988,2.62147,8.50816e-05
89.303945578,0.0106693,0.286824,0.12219,3.82354,0.0839291,0.00267255,2.38021,0.00655498,0.54248,0.136423,2.93678,0.0510396
89.350385488,0.00711591,0.178698,0.121104,3.49682,0.198823,0,2.66022,0,0.542213,0.115669,2.94202,0.0673841
89.396825397,0.0189989,0.363323,0.144199,3.40559,0.194578,0,2.96594,0,0.401548,0.134793,2.71288,0.000241623
89.443265306,0.0377112,0.414873,0.00167864,3.30283,0.0137817,0,3.44708,0,0.258989,0.133255,2.46786,0.000218135
89.489705215,0.0266238,0.348226,0.000963859,2.77315,0.363352,0.024783,3.62701,0.000887572,0.160628,0.123635,2.10651,0.00757609
89.536145125,0.0351381,0.274899,0.0010538,2.26705,0.603979,0.320247,3.46419,0.0103371,0.139667,0.0958468,2.13477,0.281901
89.582585034,0.0648762,0.428674,0.00995745,2.44806,0.683531,0.231167,3.27452,0.118036,0.133005,0.0278886,2.169,0.247079
89.629024943,0.0340767,0.374165,0.00210497,3.32387,0.194366,0,3.13022,0.269132,0.122932,0.0146861,2.45543,0.0442239
89.675464853,0.038999,0.197357,0.0018476,3.48372,0.00957065,0,2.93753,0.431935,0.116383,0.00379727,2.59785,0.0564296
89.721904762,0.0116664,0.1915,0.00199945,3.41289,0.0154135,0,2.99717,0.575357,0.100079,0,2.55769,0.0323143
89.768344671,0,0.821892,0.0397502,3.47657,0.0304023,0.000385715,3.08458,0.446578,0,0,2.30354,0
89.814784580,0,1.25239,0.016419,3.06761,0.0364361,0.00236692,2.93852,0.0106871,0.182631,0.143211,1.95407,0.114237
89.861224490,0.0169279,1.33456,0.16941,2.38988,0.0243566,0,2.75414,0.0469006,0.300363,0.392761,1.97767,0.110388
89.907664399,0.0755316,1.6296,0.298118,2.02234,0.0107903,0,2.79389,0.102083,0.241957,0.386482,1.88838,0.204864
89.954104308,0.101991,1.89824,0.44274,1.44166,0.0138471,0,3.29283,0.0760089,0.198108,0.305242,2.01908,0.425035
90.000544218,0.0657443,1.97166,0.600345,1.26731,0.0668869,0,3.56187,0.0966686,0.105485,0.446811,1.9756,0.302406
90.046984127,0.0106943,2.15696,0.324938,1.09386,0.247642,0.030207,3.71558,0.0967343,0.200539,0.429141,2.30707,0
90.093424036,0,2.42404,0,0.933415,0.79825,0.0798065,3.64507,0.103903,0.0163861,0,2.76126,0
90.139863946,0.0048936,2.58235,0,0.742019,0.781427,0.104604,3.35456,0.0738206,0.00631244,0,2.88548,5.81043e-05
90.186303855,0.0326055,2.57538,0.0240218,0.56114,0.847523,0.157836,3.11451,0.0671541,0,0,2.60979,0.00024459
90.232743764,0.0940149,2.43962,0,0.546602,0.853374,0.413511,3.30501,0.0683886,0,0.000423172,2.66095,0.000261033
90.279183673,0.103377,2.21838,0,0.670591,0.742504,0.308807,3.43132,0.0529068,0.00179714,0.000949837,3.08531,0.00216794
90.325623583,0.108196,1.96292,0,0.867853,0.401878,0.108927,3.44108,0.0389322,0.689522,0.000832726,3.10519,4.16341e-05
90.372063492,0.0554757,2.07192,0,0.989523,0.149258,0.110425,3.18504,0.0311591,1.34112,0,2.72903,0.0197919
90.418503401,0.00171577,2.17058,0,0.841224,0.0562791,0.215843,2.73397,0.0366046,1.65426,0,2.29341,0.0210158
90.464943311,0,2.13421,0,0.748176,0,0.127176,2.56172,0.0355081,1.81747,0,1.78818,0.0624983
90.511383220,0,2.04713,0.0969916,0.912349,0,0.0889469,2.50562,0.0246431,1.87262,0.0576077,1.45541,0.0490306
90.557823129,0,1.9047,0.204782,1.00423,0.00904931,0.0805179,2.32258,0.00949582,1.80038,0.178515,1.82683,0.111167
90.604263039,0,1.73289,0.163392,0.978429,0.17974,0.463943,2.44053,0.00687086,1.69289,0.227201,2.05147,0.07407
90.650702948,0,2.08288,0.0466779,0.696019,0.345251,0.479818,2.80357,0.0211265,1.54617,0.177826,2.22032,0
90.697142857,0,2.59671,0.0468418,0.788091,0.219841,0.0953092,3.58218,0.0157072,1.26005,0.200985,2.06418,0
90.743582766,0,2.70153,0.0370992,0.68857,0.0128333,0.0631167,4.0273,0.0158888,1.03359,0.0247653,1.77859,0
90.790022676,0,2.79751,0,0.509446,0,0.0373886,4.18877,0.0255763,0.67961,0,1.90946,0
90.836462585,0.00235626,2.82482,0,0.334765,0.0332262,0.0294339,4.21184,0.035423,0.443281,0,1.77824,0
90.882902494,0.0258058,2.63252,0.00644695,0.331748,0.127225,0.027608,4.0789,0.0347623,0.499302,0,1.95165,0.000186527
90.929342404,0.0748472,2.27385,0.0207843,0.437318,0.374316,0.0252866,3.93426,0.0289415,0.510313,0.000298857,2.10048,0.000274917
90.975782313,0.100333,1.83058,0,0.543537,0.52933,0.0238037,4.11456,0.030867,0.590198,0.00111833,2.10224,0.00156962
91.022222222,0.0987307,1.90444,0,0.409696,0.4798,0.02207,4.26095,0.0497463,0.338728,0.00142238,2.04897,0.00271297
91.068662132,0,2.37178,0,0.396098,0.196985,0.0260831,4.27595,0.199361,0.224391,0.000682965,2.16244,0.010339
91.115102041,0,2.52773,0,0.340388,0.17168,0.0372288,4.25642,0.199102,0.209466,0,2.08665,0
91.161541950,0,2.52356,0,0.24342,0,0.24485,4.29434,0.0333024,0.312024,0,1.85956,0.00385515
91.207981859,0,2.42962,0.198174,0.415161,0,0.069813,4.21051,0.0220335,0.29117,0.185877,1.74759,5.60394e-05
91.254421769,0,2.17931,0.187991,0.572229,0,0.0325634,4.2146,0.0148526,0.309195,0.281023,1.56331,0.0360478
91.300861678,0.106709,2.02483,0.182656,0.567208,0.0709712,0.0254624,4.16202,0,0.298055,0.270092,1.4823,0.0343168
91.347301587,0.252603,2.12603,0.102046,0.243359,0.176012,0.715442,3.6048,0,0.24031,0.124801,1.66108,0
91.393741497,0.17375,2.17242,0.0796481,0.254109,0.187893,0.870287,3.46509,0.00688006,0.303276,0.143054,1.89311,0.00331681
91.440181406,0,2.17452,0.0515343,0.36598,0.0399824,0.689577,3.4702,0.0105155,0.344871,0.0593427,2.14232,0
91.486621315,0,1.9047,0.0277617,0.343163,0.0654295,0.363892,3.68384,0.0193775,0.354555,0.00412371,2.41053,0
91.533061224,0,1.59133,0.113939,0.265143,0.165886,0.129378,3.8317,0.0350219,0.337948,0,2.36154,2.43366e-05
91.579501134,0.0239018,1.0738,0.147563,0.117221,0.363176,0.119829,3.86315,0.0417635,0.370194,0,2.4363,0.0146957
91.625941043,0.106496,1.05007,0.1121,0.211974,0.526044,0.110608,3.83339,0.0379208,0.237803,0,2.59861,0.0167861
91.672380952,0.179495,1.21569,0.0420365,0.235403,0.584162,0.109189,3.83882,0.0332849,0.0928663,0.000719495,2.67774,0.00756829
91.718820862,0.162744,2.21232,0,0.0717232,0.664051,0.106543,3.385,0.025967,0.162935,0.0008634,2.84835,0.0180677
91.765260771,0.120325,2.59143,0,0.0789317,0.595926,0.11207,2.69333,0.0262429,1.05867,0,2.86096,0.049023
91.811700680,0.0526853,2.75177,0,0.124193,0.401725,0.111967,2.30821,0.031251,1.40956,0,2.81062,0.0439057
91.858140590,0,2.87256,0,0.0688853,0.302943,0.123579,2.23296,0.0355646,1.48817,0,2.73099,0.0556269
91.904580499,0.0204152,2.84384,0.056542,0.201458,0.253943,0.120818,2.36679,0.039279,1.44046,0,2.48768,0
91.951020408,0.0281461,3.07691,0.184191,0.562302,0.377809,0.111892,1.95378,0.378833,1.24067,0.0926206,2.32043,0.107977
91.997460317,0.0278196,3.05372,0.172555,0.657903,0.207189,0.0998547,1.93041,0.343159,1.29257,0.10998,2.10021,0.170448
92.043900227,0.0479544,2.93567,0.121782,0.551876,0.211441,0.0659002,2.06144,0.256198,1.36856,0.17328,1.81195,0.199164
92.090340136,0.0804544,2.18943,0.205885,0.507661,0.206628,0.0474081,2.96896,0,1.4742,0.177421,1.46548,0.107414
92.136780045,0.113722,1.84592,0.204698,0.334216,0.102793,0.0395937,3.7391,0,1.30636,0.165094,1.46519,0.15482
92.183219955,0.122821,2.14267,0.211383,0.319478,0.0690397,0.013045,3.95238,0,0.869762,0.182196,1.53892,0.32035
92.229659864,0.102098,2.4898,0.147719,0.365847,0.211277,0,4.0088,0,0.741636,0.202711,1.0519,0.358
92.276099773,0.111122,2.66954,0.0436306,0.226507,0.46277,0.29202,3.19694,0.367229,1.44775,0.189379,0.884085,0.160086
92.322539683,0.000270218,2.46325,0.0246719,0.0281377,0.337537,0.787008,2.74757,0.353599,1.8037,0.388048,0.89519,0.0152213
92.368979592,0.439609,2.1037,0.048792,0.334821,0.109107,1.04654,2.40337,0.0455987,2.24782,0.284832,0.582609,0.0628848
92.415419501,0.848471,1.55129,0.0751625,0.796226,0.476657,0.917817,2.18576,0,2.73685,0.0697081,0.385291,0
92.461859410,1.1254,1.69656,0.0922344,0.802934,0.362199,0.403686,2.16293,0.0232954,3.20987,0.139635,0.190636,0
92.508299320,0.981232,2.66701,0.222689,0.789892,0.182897,0.550565,1.99764,0,3.02474,0.0504597,0.103243,0
92.554739229,0.627214,3.24623,0.171389,0.545012,0.0240898,1.16574,2.21632,0,2.61811,0.0630607,0.0642866,0.00131662
92.601179138,0.293251,3.22399,0.195942,0.572295,0.0202545,1.29774,2.39475,0,1.7736,0.406002,0.336859,0.00692852
92.647619048,0,2.89655,0.38391,0.418307,0.102233,1.1087,2.36203,0,1.83059,0.353772,0.712537,0.0174843
92.694058957,0.0752002,2.55648,0.779858,0.336817,0.174573,1.12734,2.17823,0,2.18542,0.207433,0.794232,0.0216016
92.740498866,0.206126,2.66656,0.718447,0.511733,0.233411,1.33489,1.66816,0,2.23571,0.0625482,0.957154,0.360839
92.786938776,0.236492,2.66264,0.372454,0.724046,0.172221,1.27752,1.76874,0,1.66916,0.089586,1.03101,0.743009
92.833378685,0.138946,2.5502,0.287762,0.779552,0.0159611,1.42565,1.85586,0.00473894,1.69897,0.117808,1.05107,0.95488
92.879818594,0.0867338,2.47312,0.182702,0.703347,0,1.55199,2.02066,0.0127,1.55769,0.0812679,1.19569,0.916805
92.926258503,0.0518702,2.44449,0.0300461,0.801317,0,1.70432,2.2432,0.0342787,1.49972,0.0050377,1.16021,0.735714
92.972698413,0.133778,2.28068,0.00405595,0.593918,0,1.88555,2.46006,0.03722,1.45827,0,0.99671,0.4033
93.019138322,0.243753,2.11754,0.0185005,0.287295,0.13815,2.01473,2.60888,0.0333974,1.23222,0,0.760117,0.2673
93.065578231,0.338614,2.39522,0.00368561,0.421312,0.500352,1.74999,2.63743,0.0181025,1.06004,0,0.657528,0.195855
93.112018141,0.245085,2.74561,0.00326854,1.10456,0.483934,1.35237,2.33662,0.0154799,1.45802,0.000232083,0.639665,0.313621
93.158458050,0.130575,2.8213,0.00308144,1.31773,0.266541,1.47708,1.91291,0,2.32256,0.0014928,0.689824,0.475355
93.204897959,0.1032,2.99039,0.00315843,1.13529,0.0269398,1.71851,1.84613,0.00140134,2.38272,0.0016184,0.699404,0.614647
93.251337868,0.21185,2.89431,0.00334264,0.911619,0.0213498,1.90682,1.87713,0,2.2434,0.00122643,0.864498,0.676268
93.297777778,0.353403,2.61628,0.00366583,0.808337,0.0211316,1.85474,1.79571,0,2.04812,0,1.09689,0.746201
93.344217687,0.346431,2.41547,0.0674702,0.84166,0.192248,1.7975,1.83493,0.227042,1.90595,0.0144169,1.19346,0.535502
93.390657596,0.166942,2.35113,0.164243,0.874615,0.337097,1.95227,1.73237,0.368632,2.12888,0.0697912,1.17574,0.223313
93.437097506,0.118569,2.55817,0.196262,0.491128,0.2338,2.14488,1.4256,0.446964,2.19732,0.0974642,0.974753,0.239776
93.483537415,0.137675,3.22913,0.145885,0.396352,0.349906,2.25595,1.14078,0.0131555,2.14214,0.121643,0.766332,0.255204
93.529977324,0.151908,3.38993,0.100292,0.239271,0.310746,2.14331,1.53087,0,2.4522,0.119386,0.535651,0.31789
93.576417234,0.20976,3.48411,0.00242044,0.196329,0.127762,1.92269,1.85392,0.00462905,2.46601,0.0731996,0.373653,0.387219
93.622857143,0.273724,3.36612,0.0028006,0.401226,0.0585231,1.83372,2.14785,0.0179342,2.33277,0.00883124,0.269005,0.287434
93.669297052,0.0131021,3.23378,0.00289949,0.565982,0.045309,1.71888,2.17329,0.0324937,1.7626,0.023245,0.150904,0.200255
93.715736961,0.00574727,3.21645,0.0730305,0.319078,0.186935,1.66839,2.13222,0.0387231,1.62125,0.0470982,0.238908,0.132875
93.762176871,0.00204403,3.10851,0.254238,0.228374,0.620559,1.52147,2.14753,0.0481071,1.61687,0.015966,0.443729,0.0504965
93.808616780,0.00694988,3.12972,0.288349,0.224746,0.668202,1.75793,1.81819,0.0334352,1.8583,0.00296874,0.695207,0.00142195
93.855056689,0.115185,3.12074,0.265707,0.637437,0.526269,1.98906,1.50184,0.0251192,1.96071,0.00242357,0.771141,0.000141146
93.901496599,0.499506,3.02724,0.310267,0.967781,0.18635,1.61447,1.44198,0,2.13747,0.00565634,0.749315,0.257465
93.947936508,0.57412,2.93641,0.364716,0.974611,0.125656,1.80105,1.34573,0,2.2051,0.00953107,0.626818,0.495651
93.994376417,0.504848,2.88487,0.306906,0.563528,0.0657838,2.30889,1.12436,0,2.36801,0.00113285,0.442745,0.718827
94.040816327,0.2711,2.70751,0.102228,0.367932,0.00639746,2.71794,0.882532,0.323102,2.31281,0,0.0579243,1.15602
94.087256236,0.2629,2.93961,0.00651238,0.494469,0.12727,2.52535,0.762528,0.321717,2.09917,0.498057,0,0.994976
94.133696145,0.200252,3.26617,0.134831,0.524514,0.0583229,2.47923,0.510306,0.0360016,2.04553,0.808917,0,0.860681
94.180136054,0.125507,3.25872,0.104044,0.224538,0,2.23346,0.779541,0,1.84997,0.78441,0.0470286,0.853003
94.226575964,0.042348,3.52095,0.107515,0.191364,0.0207859,2.10482,0.942417,0.0224253,1.65628,0.117201,0.134103,0.806601
94.273015873,0.00401783,3.78952,0.168989,0.258694,0.0079692,2.17309,1.09059,0.0403074,1.5338,0.102454,0,0.338629
94.319455782,0.00968397,4.04722,0.123178,0.0449981,0.0925035,2.15052,0.964766,0.0965278,1.57251,0.00809922,0.093705,0.0821075
94.365895692,0.00189026,4.08075,0.0310451,0.00632212,0.220296,2.31001,0.602691,0.0733431,1.45871,0.0413392,0.529228,0.020411
94.412335601,0.0595036,3.77423,0.00263937,0.0602991,0.41093,2.34316,0.562573,0.0651122,1.26612,0.105274,0.708991,0.0679561
94.458775510,0.00706447,3.308,0.00635374,0.162191,0.646322,2.27015,0.621347,0.030285,1.25424,0.207527,0.691519,0.251305
94.505215420,0.0309342,2.40154,0.665891,0.290391,0.731707,1.92243,1.01071,0.0352383,1.3177,0.254281,0.393731,0.375612
94.551655329,0.0174455,0.864436,1.77419,0.128771,0.580485,1.1744,1.66087,0.214416,1.08736,0,0.0994273,0.686599
94.598095238,0.00730712,0.409199,2.65907,0.202832,0.0823562,0.448387,1.99759,0.0481909,0.128266,0.010446,0.0421716,1.5927
94.644535147,0.146007,0.391855,2.62076,0.182103,0.0374949,0.320055,2.0936,0,0,0.0119923,0.119334,1.75813
94.690975057,0.314309,0.369706,1.78865,0.194605,0.0154064,0.453266,2.09247,0.187677,0,0.541277,0.00207813,2.1773
94.737414966,0.209379,0.588358,0.47878,0.807431,0,0.467364,1.38686,0.466047,0.175657,0.796705,0.15352,2.37109
94.783854875,0.261235,0.913675,0.204019,2.24384,0.00716795,0.121848,0.27253,0.885162,0.223663,0.628745,0.983218,2.24393
94.830294785,0.23178,0.376275,0.172802,3.19787,0.210126,0,0.647278,0.680923,0.185036,0.304411,0.992724,1.91036
94.876734694,0,0.141014,0.124271,3.64351,0.235771,0,0.890795,0.617887,0.0240171,0.117209,1.24605,1.94204
94.923174603,0.0408465,0.169021,0.251692,3.55096,0.228318,0.00335891,1.00731,0.541153,0.00861443,0.0787112,1.02092,2.01912
94.969614512,0.0156224,0.946012,0.304022,2.76029,0.183722,0.00243174,1.55314,0.498304,0.103009,0.135224,1.02817,1.7832
95.016054422,8.29089e-05,2.26036,0.0581741,1.93455,0.236201,0.027911,2.39416,0.33507,0.0693958,0.209899,0.800865,1.50318
95.062494331,0.0248865,2.81566,0.0960158,0.600715,0.227385,0.169502,2.19854,0.0231477,0.105361,0.279909,0.364904,1.57849
95.108934240,0.0889491,2.56919,0.0989229,1.58469,0.232359,0.589235,0.799213,0.0336872,0.27003,0.219062,1.61466,0.973133
95.155374150,0.150924,1.56278,0.0681173,2.84163,0.222291,0.359359,0.395853,0.334679,0.144552,0.254999,2.1161,0.489943
95.201814059,0.0574523,0.615597,0.0814807,3.51556,0.477172,0.309841,0.0121004,0.57393,0.00607039,0.0908085,2.54641,0.466792
95.248253968,0.000392696,0.0120422,0.0499238,3.45534,0.550928,0.263618,0.00755197,0.515189,0.727011,0.00213134,2.83279,0.488585
95.294693878,0.000121536,1.04897,0.0749018,3.02532,0.18526,0.243791,0.00568157,0.475328,0.766252,0.0203216,2.85136,0.438953
95.341133787,0,2.00022,0.425962,1.94792,0.00801728,0.331233,0.155051,0.221274,0.827371,0.00628614,3.1691,0.282315
95.387573696,0,2.48198,0.582616,0.658216,0.166361,0.683093,0.194124,0.142231,0.859952,0.00181462,3.25313,0.453463
95.434013605,0.00975989,1.83255,0.439798,0.832406,0.325666,0.213513,0.15509,0.407095,0.66176,0.0938678,2.94676,0.786568
95.480453515,0.399001,0.331303,0.126065,2.71759,0.172848,0,0.0619932,0.46611,0.351478,0.175248,2.40582,0.602175
95.526893424,0.301732,0.029864,0.00218486,3.59485,0.134723,0.0611918,0.00841921,0.363917,0.533445,0.208562,2.01187,0.318181
95.573333333,0.18349,0.0420485,0.00173941,3.59671,0.120242,0.115922,0,0.2672,0.794279,0.566316,1.41855,0.176602
95.619773243,0.127218,0.0747297,0.00197382,3.61654,0.174314,0.170759,0.0935552,0.276442,0.456254,0.946315,1.21391,0.0162696
95.666213152,0.487782,0.0652006,0,3.5735,0.156911,0.16177,0.263239,0.285223,0.457564,0.469564,1.33523,4.00131e-05
95.712653061,0.709972,0.094288,0.0108654,3.30483,0,0.083019,0.157113,0.272492,0.685227,0.167277,1.73811,6.32357e-05
95.759092971,0.730221,0.156665,0.0197657,2.94119,0.0718655,0.0608994,0.090804,0.218155,0.596159,0.0994159,2.04088,0.000114469
95.805532880,0.759074,0.211716,0.015054,2.32719,0.395029,0.205715,0.386823,0.0848352,0.389588,0.0910995,2.05795,0.000379604
95.851972789,0.620488,0.21721,0,2.06462,0.58154,0.369478,0.384333,0.195985,0.328259,0.0577391,1.76061,0.044486
95.898412698,0.246624,0.193377,0.0419082,2.62015,0.385261,0.286171,0.289768,0.325656,0.300392,0.0467501,1.47632,0.135803
95.944852608,0.33179,0.46723,0,3.47496,0.271878,0.209659,0.311901,0.323483,0.208496,0.0198946,1.7406,0.0702397
95.991292517,0.349404,0.401321,0.000116982,3.59461,0.2787,0.255671,0.748521,0.38605,0.195261,0.318525,1.73337,0.0407714
96.037732426,0.226268,0.418785,0,3.33543,0.36238,0.291655,1.18655,0.799975,0.168667,0.344504,1.56536,0.000226628
96.084172336,0.420224,0.424562,0.0278691,2.75392,0.370918,0,1.46408,0.843205,0.268585,0.418569,1.6933,0.000413886
96.130612245,0.569574,0.0387287,0.123779,2.48895,0.228495,0.0450707,1.59182,0.696314,0.553044,0.403463,1.95333,0.191601
96.177052154,0.636325,0.0433188,0.179923,2.28264,0.128278,0.0368669,1.57778,0.525865,0.535094,0.171657,1.95172,0.489175
96.223492063,0.491111,0.318925,0.198916,2.15619,0.117641,0.0129514,1.51835,0.553859,0.367706,0.112999,1.96303,0.523993
96.269931973,0.326864,0.306951,0.206821,2.02554,0.135288,0.0136018,1.52606,0.538786,0.763778,0.110634,1.76581,0.517436
96.316371882,0.41181,0.360893,0.185959,1.90842,0.184108,0.0369167,1.26433,0.358838,1.3808,0.0763378,2.26208,0.324722
96.362811791,0.373922,0.303205,0.113342,1.95864,0.239864,0.157705,1.03638,0.244174,1.33833,0.000213842,2.31652,0.150635
96.409251701,0.391279,0.318786,0.000979342,2.28681,0.271119,0.0296384,1.20159,0.323038,1.37473,0.00026846,1.87856,0.000629082
96.455691610,0.531167,0.0733928,0.0229469,2.47043,0.341825,0.00611939,1.37313,0.29272,1.0159,0.0748262,1.20636,0.270383
96.502131519,0.351824,0.0873434,0.104202,1.53983,1.74774,0.2732,1.2487,0.382733,0.932692,0.268788,1.07348,0.24071
96.548571429,0.182196,0.0946273,0.105447,1.00172,2.1673,0.645746,1.02129,0.406132,0.901324,0.276262,1.0692,0.256703
96.595011338,0.288547,0.0561793,0.0796331,0.847797,2.12302,0.530872,1.0406,0.342022,1.06105,0.184335,1.12698,0.211855
96.641451247,0.56519,0.0113818,0.0749079,1.92307,1.21563,0.307,1.4857,0.0878387,1.32347,0.0223899,1.29178,0.00031795
96.687891156,0.705124,0.000395673,0.000499763,2.45557,0.281513,0.289478,1.89731,0.0351739,1.53983,0.0146823,1.36157,0.000243426
96.734331066,0.456755,0.0244926,0.0425244,2.24396,0.28476,0.202112,2.23435,0.256495,1.44132,0.116595,1.60325,0.000123285
96.780770975,0.298229,0.226748,0.21348,2.54549,0.266047,0,2.33957,0.377866,1.26743,0.0491647,1.54196,0.308492
96.827210884,0,0.241148,0.177619,2.59172,0.313378,0.0100721,2.2441,0.50909,0.64829,0.00229685,1.70637,0.457972
96.873650794,0,0.0754672,0.120101,1.91506,0.22945,0.0261139,2.21021,0.530631,0.337007,0.165324,1.77786,0.694852
96.920090703,0.000455582,0.0147051,0.108174,1.75178,0.21654,0.0320597,2.16569,0.56143,0.212529,0.311806,1.65903,0.835848
96.966530612,0,0.127239,0.0813266,2.54394,0.214534,0.0139815,1.91123,0.490925,0.408613,0.367003,1.58552,0.778028
97.012970522,0,0.0551669,0.0540858,3.327,0.21029,0,1.36929,0.291071,1.46973,0.316196,1.66692,0.6483
97.059410431,0,0.0390555,0,3.2633,0.21448,0.0101142,1.81085,0.0129186,1.69376,0.346282,1.49883,0.0991684
97.105850340,0.214535,0.146359,0,2.7767,0.249178,0,2.22341,0.0452107,1.47013,0.0266822,1.10301,0.000520181
97.152290249,0.232204,0.000478296,0.24219,2.62614,0.113047,0.330904,2.6717,0.279851,0.439113,0.0303249,0.822337,0.0127729
97.198730159,0.35511,0.00117621,0.433322,1.695,0.802393,1.00061,2.45841,0.0378969,0.516447,0.0458145,0.226692,0.341765
97.245170068,0.518061,0.00154194,0.394275,1.30898,1.39427,0.843903,2.25442,0.0211498,0.420295,0.11691,0.447997,0.316753
97.291609977,0.432505,0.00206635,0.282826,1.37738,1.5301,0.698969,2.15984,0.0451708,0.306114,0.120411,0.638363,0.288561
97.338049887,0.135385,0.00182487,0.170818,1.60503,1.24961,0.373155,2.30746,0.043386,0.297505,0.0393427,2.02909,0.248706
97.384489796,0.000165464,0.00117615,0,2.44012,0.761418,0.0672256,2.2038,0.0364913,0.322413,0.0460854,2.13407,0.516741
97.430929705,5.66372e-05,0.447284,0,2.91824,0.622817,0.160532,1.84575,0.0317349,0.501617,0.256892,1.55021,0.203208
97.477369615,0,0.661298,0,2.63395,0.503511,0.221648,2.18985,0.118954,0.785043,0.610146,1.10551,0.0204417
97.523809524,0,0.47704,0.218343,2.89009,0.283419,0,2.06694,0.71924,0.930875,0.186981,1.0407,0.360487
97.570249433,0,0.128333,0.229701,3.29744,0.283741,0,1.68525,0.706865,0.958116,0.166804,0.920998,0.501381
97.616689342,0.0153244,0.118043,0.2153,3.31333,0.299604,0,1.10914,0.673058,0.757217,0.187775,1.00651,0.374087
97.663129252,0.0496216,0.0307623,0.220454,3.29049,0.242645,0,0.478565,0.646298,0.771869,0.209781,0.810572,0.240001
97.709569161,0.0835728,0.0154244,0.543021,3.07343,0.256837,0,0.0764232,0.528539,0.99792,0.141181,0.589728,0.0669663
97.756009070,0.233647,0.849253,0.725331,2.76202,0.0768279,0,0.109076,0.453682,0.914504,0.125493,0.694878,0.392348
97.802448980,0.202094,2.07409,0.338745,1.42272,0,0,0.366995,0.550973,1.01509,0.235028,0.516555,0.463498
97.848888889,0.111984,2.50074,0.182397,0.200167,0.393936,0.18291,0.937308,0.431493,1.29706,0.144506,1.28985,0.560297
97.895328798,0.147713,1.90075,0.0875785,0.0690023,1.07482,0.878071,1.0232,0.364794,0.727201,0.143589,1.35501,0.45488
97.941768707,0.105701,1.27925,0.0150115,0.994433,1.13243,1.0258,1.13244,0.357936,0.598842,0.29214,1.02889,0.508645
97.988208617,0.424242,0.812444,0.00273791,2.11562,0.53916,0.866065,0.765448,0.174889,0.652301,0.574889,0.953654,0.901134
98.034648526,1.03574,0.156948,0.00154951,2.68957,0.363344,0.557307,0.873086,0.197434,0.897726,0.199563,0.753613,0.263087
98.081088435,1.09425,0.522068,0,2.35591,0.424321,0.184042,0.983486,0.306617,1.22621,0.11834,0.830118,0.0173241
98.127528345,0.135682,1.43783,0,1.62473,0.0277593,0.501583,1.07184,0.439623,1.19004,0.237381,0.953113,0.0707253
98.173968254,0,2.06568,0,1.14099,0.0450118,0.75228,1.18139,0.522825,0.909858,0.333636,0.855699,0.0893358
98.220408163,0,2.21599,0.00842349,0.490426,0.152042,0.565748,1.19301,0.588807,0.779256,0.152448,0.727095,0.771161
98.266848073,0.00943431,1.35051,0.133419,0.66594,0.614022,0.58606,0.954405,0.528015,0.726218,0.0628012,1.15599,1.2538
98.313287982,0.192995,0.430228,0.17165,0.687079,0.179573,2.36888,0.0818948,0.164418,0.324101,0.186619,1.31297,1.21294
98.359727891,0.208552,0.472368,0.0990527,0.990448,0.0849367,2.76401,0.0599983,0.193105,0.172373,0.219653,1.22736,0.172575
98.406167800,0.215118,2.11991,0.0083594,1.09781,0.0489087,2.85747,0.0565393,0.713067,0.0180422,0.323473,0.734026,0.000307475
98.452607710,0,2.97919,0.0426053,0.898669,0.0210877,2.76633,0.0172066,0.9116,0.108942,0.396229,0.538351,1.22785e-05
98.499047619,0,3.86753,0.0436357,0.582518,0.0150188,1.88277,0.36575,0.851461,0.44221,0.254755,0.600923,0.000121972
98.545487528,0.0966177,3.62426,0.00217735,0.312506,0.0120034,0.830745,1.66578,0.801186,1.05192,0.170647,0.549299,0.000420911
98.591927438,0.136061,3.34084,0.00186481,0.154287,0.0529526,0.763188,1.72701,0.659426,1.1212,0.0684257,0.577952,0.000415826
98.638367347,0.125067,3.44322,0.00200856,0.0608898,0.384624,0.555622,1.27542,0.729651,1.16758,0.0219892,0.452584,0.010268
98.684807256,0.0500393,3.80526,0.00204943,0.0694009,0.603435,0.487363,0.584469,0.729043,1.12918,0.0436558,0.234858,0.0744455
98.731247166,0.00163772,4.0449,0.00336186,0.154551,0.577439,0.451469,0.312642,0.803433,1.15145,0.0288996,0.203579,0.0878095
98.777687075,0,4.11451,0.00864054,0.327744,0.411378,0.55587,0.29416,0.838119,1.06523,0.00515314,0.444671,0.0632925
98.824126984,0,4.01186,0.00392759,0.320452,0.0241957,0.492832,0.767419,0.71903,1.03822,0.0122472,0.539917,0.0568479
98.870566893,0,3.77835,0.00323552,0.424958,0.00719586,0.32562,1.20716,0.661826,1.04034,0.0240844,0.478066,0.0471772
98.917006803,0,3.65216,0.00233031,0.511297,0.00710545,0.299112,1.7345,0.822064,1.00148,0.0373636,0.274124,0.0330615
98.963446712,0,3.44293,0.020924,0.422826,0.00972415,0.341791,1.93249,0.734022,1.23969,0.0278402,0.232053,0.0910255
99.009886621,0,3.14863,0.0268389,0.302762,0.0121072,0.476068,1.81774,0.5416,1.54787,0.0854109,0.0915143,0.383401
99.056326531,0,2.68683,0.104487,0.241811,0.0116941,0.541671,1.60342,0.11311,2.05032,0.142577,0.115027,0.712161
99.102766440,0.00339586,2.52174,0.0881452,0.85377,0.352859,0.358451,1.06665,0.0534899,2.13771,0.177937,0.608033,0.264784
99.149206349,0,2.08927,0.0459616,1.39982,0.554364,0.152475,0.966523,0.433351,1.99703,0.134127,1.59989,0.0525114
99.195646259,0,1.70985,0.0117363,1.83296,0.47614,0.0797476,0.803646,0.428232,1.80576,0.0760685,1.9733,0.0321864
99.242086168,0.0867147,1.67309,0.00530711,2.01399,0.173215,0,0.592537,0.569173,1.90126,0.0205474,1.99849,0.0544699
99.288526077,0.205333,1.05604,0.0299695,1.80771,0.436695,0.840991,0.990301,0.652944,1.51909,0.0178482,2.2046,0.0131281
99.334965986,0.106705,0.491617,0.0484203,0.677515,1.23562,2.10346,0.750974,0.510702,0.717889,0.0341965,2.8414,0.0699655
99.381405896,0.0280907,0.237345,0.160092,0.180222,1.2977,2.26924,0.712862,0.189816,0.172543,0.035798,3.05117,0.0478399
99.427845805,0.00510596,0.303967,0.265354,0.181451,1.33847,1.67674,0.559711,0.0145029,0.0483622,0.0101565,3.88086,8.87556e-06
99.474285714,0,0.402546,0.365704,0.703808,1.15592,1.16245,0.848751,0.000745656,0.110858,0.00545706,3.52027,0
99.520725624,0,0.422151,0.389979,1.37437,0.753643,0.695882,1.57626,0.308809,0.174664,0.0372882,2.65357,0.246408
99.567165533,0,0.229635,0.43451,1.68962,0.0360062,0.394295,2.03435,0.290286,0.257992,0.0591491,2.32236,0.624452
99.613605442,0.0483088,0.128949,0.545534,1.43466,0.0959196,0.432386,2.13049,0,0.310212,0.0648849,2.75178,0.290002
99.660045351,0.0630271,0.495411,0.776333,0.767903,0.326529,0.689333,1.8322,0.00101753,0.0975904,0.00463688,3.53544,0.00914879
99.706485261,0.0658651,0.423158,0.708011,0.284165,0.342116,0.836308,1.81432,0.131724,0.116015,0.0432861,3.67714,0.000634705
99.752925170,0.0714824,0.239096,0.637329,1.05164,0.320455,1.15576,1.75876,0.269168,0.332171,0.0932843,3.17648,0.000649358
99.799365079,0.0155115,0.499038,0.374445,2.02761,0.305922,1.10431,1.17361,0.0020409,0.569464,0.138959,3.44273,0.000326873
99.845804989,0.006627,0.337175,0.547494,2.33079,0.264522,0.745771,1.30112,0.381374,0.483902,0.125854,3.49192,0
99.892244898,0.00880252,0.218672,0.533183,2.54695,0.00809104,0.178394,1.97375,0.392433,0.42223,0.0864396,3.10839,0.00637055
99.938684807,0.0953427,0.181203,0.167529,2.51469,0.0764092,0.105037,2.654,0.371471,0.317331,0.0331528,2.79353,0.00316556
99.985124717,0.141116,0.417646,0.0834072,2.36583,0.286117,0.768332,2.63572,0.131419,0.100814,0.00790625,1.23501,0.410967
100.031564626,0.156412,0.484057,0.0700256,1.76683,0.856734,0.88437,2.55878,0.306617,0.0679533,0.0115918,0.858489,0.397873
100.078004535,0.300359,0.36677,0.0611711,1.40794,1.192,0.743589,2.43547,0.292309,0.0916449,0.00713571,1.19022,0.309619
100.124444444,0.186542,0.288107,0.057291,1.59338,1.10068,0.435247,2.32855,0.112849,0.10782,0.0148922,2.12618,0.368388
100.170884354,0.0969442,0.441017,0.262965,1.66993,0.971419,0.0787714,2.28629,0.0773809,0.0566615,0.0601564,2.43939,0.354729
100.217324263,0.0804716,0.165301,0.0542471,2.23263,0.850608,0,2.46287,0.00894841,0.113899,0.0823829,2.81038,0.049908
100.263764172,0.0778446,0.518998,0.0268107,2.38951,0.766901,0.0426307,2.48914,0.0227098,0.0569789,0.133169,2.74169,0.0318623
100.310204082,0.019351,0.673448,0.00245628,2.29778,0.325526,0.0250952,2.82851,0.232369,0.216456,0.0800745,1.95411,0.76444
100.356643991,0.00770467,0.505094,0.00291754,2.32899,0.146189,0.000158702,2.54757,0.595596,0.597692,0.0500057,1.1163,1.36127
100.403083900,0.00940446,0,0.011951,3.13133,0.159898,0.000838666,1.76896,0.57735,0.692475,0.0828727,0.529481,1.62434
100.449523810,0.0115127,0,0.0217102,3.25824,0.0408559,0,0.76044,0.544217,0.975732,0.139473,0.366486,1.27103
100.495963719,0.0293954,0.031974,0.0978156,2.89875,0.0051434,0,0.179755,0.464647,1.86483,0.148476,0.336399,0.550605
100.542403628,0.041317,0.875917,0.343829,2.17726,0.0536276,0.149622,0.0166817,0.60629,2.37177,0.157657,0.197851,0.389355
100.588843537,0.0253845,2.52266,0.613422,1.15759,0.095644,0.223609,0.0046615,0.411902,1.96462,0.153403,0.373351,0.4505
100.635283447,0.0376575,3.58913,0.264365,0.211094,0.139486,0.274156,0.0312094,0.426831,1.58709,0.167778,0.364831,0.333744
100.681723356,0.0333133,3.79087,0.00274497,0.0274901,0.108216,0.576102,0.351384,0.536346,1.07768,0.16792,0.16184,0.282546
100.728163265,0.0161307,3.64498,0.00157287,0.260803,0.331054,0.87031,0.442369,0.549359,0.93248,0.367274,0.082112,0.42475
100.774603175,0.0205119,3.11852,0.0016045,1.54866,0.727886,0.824006,0.450755,0.501847,0.577402,0.243678,0,0.443452
100.821043084,0,2.33382,0.0334985,2.40327,0.903718,0.684487,0.372562,0.489809,1.13254,0.0237151,0.10868,0.294096
100.867482993,0,2.18698,0.00198059,2.33419,0.851572,0.350154,0.573855,0.439139,1.58726,0.0168042,0.8299,0.0609366
100.913922902,0,3.39269,0.201347,1.33088,0.781837,0.158879,0.665981,0.192459,1.04257,0.0163475,0.69637,0.187271
100.960362812,0,3.61157,0.205892,0.578348,0.866816,0.391385,0.853764,0.0728912,0.745339,0.00195554,0.412587,0.209029
101.006802721,0.0891733,3.45447,0.265519,0.323631,0.145166,0.411567,1.60953,0.408416,0.940854,0.0084305,0.1751,0.26975
101.053242630,0.138484,3.37908,0.108624,0.203892,0.0238373,0.39788,1.88312,0.0407273,0.928396,0.0433737,0.395263,0.417587
101.099682540,0.15474,3.43639,0.167469,0.359738,0.0499573,0.490363,1.40298,0.14592,0.703966,0.131095,0.449926,0.49791
101.146122449,0.129933,3.19556,0.287264,0.39585,0.218677,1.50599,0.398951,0.278488,0.197595,0.301678,0.419247,0.4773
101.192562358,0.10758,1.98547,0.386475,0.414823,0.228928,1.93309,0.245916,0.158096,0.0374505,0.482763,0.306937,0.724752
101.239002268,0.236199,1.30317,0.346139,0.367315,0.355588,2.23145,0.0315205,0.433655,0.00034746,0.720814,0.193652,0.568334
101.285442177,0.178729,2.31434,0,0.247415,0.625449,1.63001,0.347328,0.462004,0.114107,0.581073,0.439014,0.174876
101.331882086,0.130533,3.20091,0,0,0.64961,1.21044,1.39286,0.216024,0.478134,0.0182005,0.687493,0.0632309
101.378321995,0.109904,3.12363,0,0,0.529499,0.760201,2.20584,0.0875353,1.00848,0.0215157,0.622036,0.0814834
101.424761905,0.120529,2.92429,0.00385529,0,0.715964,0.818597,2.34649,0.221279,0.999761,0.0289647,0.529887,0.067285
101.471201814,0.147996,2.76738,0.0261141,0,0.707769,0.894447,2.17787,0.119967,0.952662,0.0833143,0.402468,0.154354
101.517641723,0.052565,3.04125,0.0268883,0,0.572519,0.790923,1.79457,0.155689,1.009,0.0402799,0.478102,0.108005
101.564081633,0.00567811,3.68777,0,0.0962484,0.58185,0.484316,1.0979,0.26416,1.08498,0.00775999,0.965627,0.0964668
101.610521542,0,3.94929,0,0.160704,0.471544,0.383709,1.23432,0.251408,1.31052,0.0034356,0.745667,0.0867255
101.656961451,0,3.75322,0,0.0706894,0.257593,0.473954,1.97339,0.0485754,1.33014,0.0032129,0.548762,0.0567886
101.703401361,0,3.7282,0.136203,0.0698634,0.148815,0.706764,2.15201,0.0255154,1.29876,0.00264501,0.381737,0.0384985
101.749841270,0,3.75643,0.291657,0.175606,0.0443974,0.732914,1.80944,0.0201395,1.07482,0.038809,0.260823,0.13471
101.796281179,0,3.70127,0.244898,0.297134,0.101634,0.720841,1.35717,0.206209,0.746652,0.146483,0.244236,0.27263
101.842721088,0,3.70678,0.205015,0.359653,0.257715,0.713766,1.03799,0.385579,0.873071,0.127687,0.215316,0.335576
101.889160998,0,3.73067,0.0683453,0.29476,0.352429,0.703447,0.66764,0.305757,1.20009,0.144519,0.138968,0.28989
101.935600907,0,3.76006,0.0528731,0.787738,0.245218,0.690386,0.37591,0.157417,1.18862,0.234498,0.606942,0.0590463
101.982040816,0,2.89541,0.0193329,1.62477,0.128783,0.529697,0.95988,0.214855,1.02736,0.0334616,1.47789,0.0430846
102.028480726,0,2.35394,0,1.81371,0.156829,0.318987,1.03726,0.142847,0.714161,0,2.1318,0.206703
102.074920635,0,2.07971,0,1.56964,0.100046,0.321894,1.18854,0.0857234,0.488208,0.00103789,2.43387,0.322252
102.121360544,0.00129166,2.14558,0.0574962,0.549927,0.641014,1.5019,0.755726,0.0491402,0.391437,0.000123562,2.71492,0.317726
102.167800454,0.057388,1.67461,0.0203578,0.177275,0.775019,1.59242,0.560007,0.0737458,0.121687,0.00100011,2.88608,0.307933
102.214240363,0.0789106,1.74963,0,0.0923226,0.834019,1.40688,0.451348,0.125345,0.00837777,0.00246128,2.94186,0.139736
102.260680272,0.063556,1.75992,0.0080946,0.163317,0.76703,1.17398,0.370289,0.132953,0,0.123125,2.86288,0.000200271
102.307120181,3.46949e-05,1.59509,0.209298,0.709637,0.521191,1.00233,0.903215,0.0651958,0.00339508,0.168698,2.9819,0
102.353560091,0,1.24489,0.48582,0.792048,0.225573,0.77518,1.31898,0.0344834,0.119372,0.122213,3.49922,0
102.400000000,0,0.757283,0.732486,0.60976,0.14586,0.709038,1.60548,0.0305008,0.253326,0.0340934,3.81403,0
102.446439909,0,0.566866,0.831297,0.459483,0.0616324,0.867199,1.47341,0.0209447,0.278309,0.114506,3.89841,0
102.492879819,0,0.676582,0.769842,0.22468,0.118451,1.10618,1.40124,0.162688,0.167601,0.263263,3.60009,0.0785128
102.539319728,0,1.16802,0.632088,0.30243,0.199747,1.20636,1.26568,0.393017,0.0230706,0.215593,2.97927,0.0545253
102.585759637,0,1.4361,0.36994,1.87759,0.347406,0.958567,1.00563,0.312285,0.191896,0.109605,2.39091,0.000102764
102.632199546,0,1.23396,0.571859,2.1989,0.268771,0.601573,0.82966,0.213605,0.557123,0.206657,2.82216,0.0321251
102.678639456,0,1.00674,0.629689,2.30209,0.0672471,0.148983,1.57136,0.0144087,0.424198,0.114729,2.98092,0.428663
102.725079365,0,0.658223,0.528518,2.30879,0.0317132,0.217115,2.30205,0.0243188,0.21647,0.0139627,2.74123,0.757463
102.771519274,0.105893,0.747353,0.0604281,2.43771,0.113574,0.446126,2.55168,0.0445715,0.201963,0.0133642,1.87191,0.682566
102.817959184,0.148911,0.491307,0.0649374,1.95513,0.823874,0.644149,2.49052,0.150684,0.247314,0.0115657,0.726138,0.32686
102.864399093,0.3487,0.464916,0.0596388,1.43592,1.10911,0.667252,2.28517,0.0916996,0.382965,0.0233309,0.853818,0.386251
102.910839002,0.320986,0.460952,0.0364003,1.49549,1.09574,0.488744,2.18091,0.0362464,0.455617,0.00826386,1.06542,0.484406
102.957278912,0.213185,0.596963,0,1.91155,1.01946,0.16979,2.21894,0.0408785,0.571807,0.0159126,1.6114,0.533983
103.003718821,0.181296,0.895209,0,2.37194,0.656582,0.0581086,2.10699,0.0404638,0.587323,0.0226688,1.7291,0.625815
103.050158730,0.162009,1.0636,0,2.61309,0.582412,0.0351954,2.38029,0.046104,0.359887,0.00950781,1.89656,0.177899
103.096598639,0.0157849,1.09289,0.0300171,2.63695,0.320461,0.147997,2.61691,0.127109,0.484491,0.00989338,1.57681,0.262236
103.143038549,0,1.59632,0.272211,1.70416,0.155875,0.0468862,2.51872,0.65425,0.394776,0,1.67512,0.538568
103.189478458,0,2.08295,0.483209,0.74497,0.143976,0.419563,2.36921,0.510746,0.599802,0.0731468,0.60893,0.720316
103.235918367,0,3.12001,0.24884,0.507546,0.170817,0.432026,2.0558,0.296688,1.04395,0.134479,0.229471,0.602223
103.282358277,0.0130581,3.77526,0.16641,0.327889,0.272475,0.387217,1.03354,0.271717,1.7283,0.158392,0.112115,0.417983
103.328798186,0.045397,4.07892,0.182727,0.360072,0.256718,0.331553,0.298472,0.360232,2.03752,0.165279,0.118792,0.208538
103.375238095,0.0537752,4.16949,0.160883,0.27723,0.293237,0.29932,0.00023971,0.256268,2.00805,0.176237,0.342342,0.223675
103.421678005,0.0783866,4.21375,0.157501,0.299602,0.245394,0.302863,0.000164335,0.179384,1.87393,0.2062,0.350961,0.29868
103.468117914,0.0941436,4.09104,0.1188,0.352398,0.040078,0.322068,0.214392,0.136413,1.72392,0.205272,0.36524,0.207348
103.514557823,0.000360559,3.52962,0.014145,0.452445,0.189159,0.586449,0.806127,0.46772,1.43692,0.171512,0.188951,0.190718
103.560997732,0.000455097,3.11927,0.0566712,0.655638,0.207579,0.925161,0.840285,0.438595,1.32243,0.418305,0.0338428,0.359726
103.607437642,0.084119,2.26618,0.142138,1.79349,0.218899,0.9141,0.875591,0.44134,1.87947,0.330126,0,0.283398
103.653877551,0.826261,1.10941,0.313461,2.44057,0.461122,0.844412,0.980864,0.213821,2.46979,0.0921509,0,0.0360905
103.700317460,1.0643,0.884169,0.217252,2.56567,0.302014,0.469051,0.864191,0.138475,3.03664,0.0940947,0.452026,0.0385861
103.746757370,0.894949,1.24711,0.230368,3.01126,0.123967,0.370043,0.849028,0.124564,2.65132,0.0319127,0.554118,0.0239668
103.793197279,0.395244,1.46929,0.232469,3.07551,0.0221832,0.327625,1.73517,0.0848609,2.10446,0.134441,0.580908,0.0178118
103.839637188,0.108302,1.64053,0.499014,2.36995,0.0207012,0.344266,2.13433,0.128209,1.91103,0.544184,0.491282,0.14403
103.886077098,0.0703812,1.81839,1.00581,1.63193,0.130534,0.326763,2.218,0.310079,1.1685,0.811719,0.482225,0.388074
103.932517007,0,1.60634,0.981738,1.21786,0.209207,0.378076,1.88218,0.397372,0.555754,0.980369,0.580965,0.498648
103.978956916,0.0666041,1.33794,0.581445,1.76333,0.267928,0.318439,1.11478,0.374654,0.596739,0.696715,1.16508,0.559198
104.025396825,0.127338,1.41643,0.00591095,2.32639,0.195501,0.543924,0,0.387856,1.38332,0.293797,1.6258,0.368657
104.071836735,0.0605012,1.77875,0.0469212,2.19583,0.0828504,0.712289,0.321212,0.18483,2.53873,0.103297,1.45734,0.63645
104.118276644,5.14834e-05,2.44646,0.0860701,1.73645,0.0633176,0.835746,0.93143,0.173517,2.61331,0.0509014,0.882903,0.62859
104.164716553,0.124027,2.60561,0.00531085,1.38317,0.152031,0.877914,1.07588,0.459056,2.39777,0.00388766,0.486462,0.410582
104.211156463,0.127007,2.39713,0.0320069,0.985307,0.811535,0.992683,1.3198,0.387086,1.8187,0.00310062,0.569423,0.205152
104.257596372,0.136573,1.72823,0.012257,0.782335,1.41912,1.00337,1.51352,0.482652,1.17651,0.00490633,0.590543,0.102567
104.304036281,0.184735,1.02208,0.00316586,1.09365,1.40204,0.527388,1.31115,0.474754,0.632105,0.0383646,0.839596,0.0436776
104.350476190,0.0947378,0.864108,0.00335231,1.95162,0.782723,0.146436,1.08689,0.236367,0.885754,0.186985,0.910378,0.0383989
104.396916100,0.010978,1.19098,0.00313142,2.35738,0.30017,0.306758,1.28195,0.00683076,1.0471,0.0652708,0.820063,0.230306
104.443356009,0.0117669,1.50057,0.00325507,2.1953,0.118687,0.609118,1.41416,0.00872387,1.11289,0.0524895,0.755382,0.387122
104.489795918,0.0226147,1.7318,0.00349079,1.63767,0.165671,0.550663,1.6521,0.00728316,1.27198,0.00149732,0.926585,0.471063
104.536235828,0.0002501,1.38958,0.0352479,1.33111,0.0573319,0.275981,1.79418,0.302472,1.43547,0.0153245,0.695668,0.720923
104.582675737,0.00030027,0.920763,0.26893,1.02314,0.249343,0.204199,1.66457,0.615466,0.999507,0.0291114,0.82898,0.745334
104.629115646,0.00210269,0.823119,0.67833,0.954013,0.390804,0.306086,1.44242,0.576829,0.290386,0.0700432,1.21784,0.672997
104.675555556,0.000294531,0.735563,0.780401,1.15153,0.254347,0.332224,1.19467,0.426736,1.60607,0.100178,1.18668,0.557613
104.721995465,0.000218111,0.969641,0.112544,1.87075,0.158813,0.480229,1.01935,0.259912,2.50629,0.120124,0.846509,0.523735
104.768435374,0.0190014,1.42536,0.138894,1.68679,0.00294915,0.522367,0.893172,0.000914426,2.8532,0.106093,1.56957,0.354695
104.814875283,0.0584185,1.50959,0.00255863,2.11663,0,0.441102,1.05163,0.00943509,2.28877,0.0588834,1.82628,0.293589
104.861315193,0.109948,1.83861,0.00316232,1.90784,0.371463,0.340214,0.772539,0.0607177,1.73756,0.00900951,2.15296,0.188535
104.907755102,0.1228,2.03911,0.0031543,1.26133,1.53564,0.435494,0.635546,0.145503,0.650063,0.0102634,2.3899,0.000447904
104.954195011,0.148357,1.87467,0.00272911,0.972755,1.82279,0.562376,0.429931,0.204168,0.27385,0.0581391,2.37955,0.000387268
105.000634921,0.129688,1.65133,0.00294777,1.22568,1.7262,0.631957,0.49854,0.15477,0.205542,0.0572,2.33665,0.267876
105.047074830,0.000217201,1.33623,0.00370334,1.7146,1.02035,0.759084,0.527472,0.00666763,0.43065,0.0719563,2.24497,0.830026
105.093514739,0.000239652,1.03293,0.00358691,1.93686,0.356297,0.655244,1.12725,0.00480666,0.902207,0.107978,2.23589,0.687
105.139954649,0.000264783,0.823834,0.00340512,1.98588,0.220188,0.160958,1.97237,0.0166236,1.2415,0.104322,2.30914,0.319579
105.186394558,0.000273514,0.634477,0.00339231,2.00675,0.0517177,0.337108,2.58985,0,1.12825,0.0829728,2.21655,0.27662
105.232834467,0.0866888,0.348388,0.439565,1.41571,0.282919,0.373225,2.5831,0,1.17069,0.00669556,2.33845,0.462356
105.279274376,0.364993,0.0486816,0.551759,0.662244,0.22003,0,1.86565,0.0516711,0.803918,0.437442,1.68407,0.630805
105.325714286,0.463029,0.00446014,0.495646,0.632391,0.178322,0,0.934818,0,0.421628,0.797015,1.01035,0.787092
105.372154195,0.329243,0.0139552,0.340177,0.794619,0.0676962,0.369707,0.47293,0,0.226245,0.990012,0.42048,1.35682
105.418594104,0.188852,0.190272,0.0459698,0.839577,0.0153598,0.624651,0.626645,0,0.270675,0.635419,0.270992,1.69077
105.465034014,0.0931457,0.732046,0.00898878,0.430447,0.209559,0.462293,1.82762,0,0.589276,0.168433,0.27602,1.56761
105.511473923,0.0327963,1.86968,0.0458797,0.203132,0.0128522,0.303982,2.96453,0.00735651,0.487876,0.0651409,0.176764,1.06441
105.557913832,0.0386946,2.47574,0.00359539,0.306657,0.0395565,0.267543,3.37738,0.0458825,0.430712,0.047341,0.146934,0.70685
105.604353741,0.161631,2.00778,0.00183585,0.00696973,0.0857744,0.514442,3.56918,0.0605306,0.692984,0.1391,0.214946,0.419873
105.650793651,0.431791,1.19611,0.0036809,0.00849634,0.310505,0.836306,3.53961,0.0403753,0.480581,0.142683,0.145591,0.420244
105.697233560,0.892991,0.966506,0.0402326,0.0126857,0.56487,2.03907,3.06595,0,0.196294,0.101433,0.327493,0.300973
105.743673469,0.993808,0.654565,0.150998,0.0144133,0.740721,3.52581,1.57763,0.00657511,0.0446447,0.0314944,0.82086,2.32371e-05
105.790113379,0.787499,0.224404,0.438386,0.0143089,0.393061,3.82678,0.781711,0.000845429,0.086999,0.333856,1.06173,0.122574
105.836553288,0.430968,0.403359,0.503695,0.0128351,0.0188275,3.67667,0.8383,0,0.123933,0.465106,0.93019,0.220794
105.882993197,0.339763,0.578854,0.520247,0.0133169,0.0187639,3.61776,0.616587,0,0.299774,0.620549,0.758431,0.242458
105.929433107,0.520007,0.330056,0.134634,0.480026,0.00333063,3.71602,0.50931,0.197691,0.191092,1.08231,0.21481,0.285789
105.975873016,0.462864,0.128679,0.127076,0.671296,0.00324283,3.86118,0.227178,0.43954,0.177775,1.33554,0.301223,0.447125
106.022312925,0.30245,0.133696,0.0811054,1.26267,0.0196976,3.57613,0.0789678,0.433543,0.278524,1.51051,1.0244,0.694378
106.068752834,0.180263,0.220104,0.16502,2.56664,0.129439,2.48131,0.510784,0,0.104668,1.00353,1.0775,0.813573
106.115192744,0.146429,0.0599722,0.190464,3.58757,0.143178,1.17959,0.574798,0,0.0394321,0.416128,1.34012,0.653439
106.161632653,0.207329,0.0222083,0.0685205,3.84745,0.132442,0.643618,0.623228,0.0881673,0.10493,0.364115,1.14946,0.652416
106.208072562,0.237276,0.0189047,0.00543083,3.93854,0.191428,0.387129,0.643088,0.158253,0.107833,0.39229,1.07709,0.671845
106.254512472,0.24658,0.0826588,0.0127105,3.81946,0.211931,0.407385,0.628917,0.166603,0.21033,0.323918,0.81591,0.752375
106.300952381,0.189475,0.251857,0.143539,3.76074,0.203332,0.861225,0.151028,0.0936852,0.12306,0.18862,1.0283,0.650056
106.347392290,0.193327,0.448394,0.0275017,3.60982,0.202663,0.914951,0.118826,0.125442,0.288543,0.346666,0.901186,0.467531
106.393832200,0.215763,1.52306,0,3.22754,0.288857,0.986377,0.00834916,0.467969,0.523363,0.303674,0.748512,0.510268
106.440272109,0.0608463,3.15887,0.00137335,2.19768,0.500665,1.08145,0.00067485,0.282039,0.84146,0.0822833,0.454584,0.463814
106.486712018,0.0596897,3.40658,0.00248225,0.20762,0.53153,0.936094,0.119719,0.244197,1.65383,0.00606335,0.500319,0.388722
106.533151927,0.0571501,3.43854,0.357272,0.0128036,0.0395987,1.00035,0.104887,0.25372,1.71868,0.00494475,0.586102,0.41593
106.579591837,0.0263706,3.40432,0.503161,0.0511963,0.0457188,1.27751,0.166097,0.245806,1.59637,0.0061521,0.780773,0.225841
106.626031746,0,3.74985,0.483709,0.0835394,0.219904,1.43537,0.0179132,0.144824,1.36265,0.242809,0.550478,0.192952
106.672471655,0,3.66576,0.458774,0.270613,0.170833,1.31615,0.0948048,0.0886784,1.46895,0.323088,0.204935,0.362181
106.718911565,0.091034,3.3502,0.469281,1.01541,0.159703,0.674197,0.153506,0,1.72749,0.230517,0.0822927,0.882011
106.765351474,0.175805,2.14795,0.130263,2.68021,0.197691,0.0581384,0.0686885,0,2.21618,0.203634,0.0600971,1.2848
106.811791383,0.561338,0.323957,0.0487435,2.80723,0.2219,0.096611,0.0073831,0,3.04797,0.26975,0.575215,1.38938
106.858231293,0.794058,0.000571595,0.0888094,2.73742,0.336186,0.0715838,0.208502,0,2.71295,0.283766,0.77362,1.21942
106.904671202,0.866869,0.000117451,0.0702565,2.85763,0.27232,0.0591645,0.241622,0.000702461,2.6788,0.234088,0.715521,1.17527
106.951111111,0.851598,0.0288405,0.0196506,2.93525,0.0470457,0.0799954,0.312839,0.00742947,3.05168,0.273033,0.643298,1.15994
106.997551020,0.829682,0.181973,0.0423295,3.14911,0.00104076,0.00793429,0.33032,0.00975824,3.15713,0.198988,0.503633,1.3458
107.043990930,0.512906,0.222332,0.0613329,3.20923,0.162204,0.271833,0.614562,0.0871808,2.69734,0.061707,0.504045,1.66411
107.090430839,0.0629953,0.242508,0,2.92079,0.311036,0.483511,0.294653,0.187026,2.69829,0.0594303,0.389998,2.05895
107.136870748,0.116865,0.206723,0.0038581,2.61788,0.10518,0.260908,0.0667699,0.333293,2.94116,0.0513028,0.132542,2.45672
107.183310658,0.293921,0.171615,0.0253995,2.58314,0.221969,0.163002,0.080936,0.291559,3.10149,0.023202,0.13437,2.47424
107.229750567,0.262957,0.0813522,0.02133,2.51449,0.258871,0.642057,0.117101,0.0320342,3.43778,0.00820041,0.149276,2.53945
107.276190476,0.2909,0.180489,0.000669251,2.24289,0.240913,0.843518,0.116286,0.0232181,3.66655,0.0054156,0,2.72642
107.322630385,0.421458,0.349769,0.0728822,2.02172,0.255816,0.714593,0.183031,0.0171904,3.52645,0.000317382,0,2.89223
107.369070295,0.494995,0.448052,0.127648,1.60594,0.141265,0.194828,1.26904,0.0141338,3.02766,0.0264995,0.166841,2.88153
107.415510204,0.571458,0.360252,0.179028,1.38688,0.127513,0.100921,2.569,0.000458258,2.50887,0.0578177,0.462929,2.68021
107.461950113,0.451793,0.347668,0.170994,1.30938,0.149093,0,2.90705,0,1.90609,0.0842099,1.09856,2.18528
107.508390023,0,0.319711,0.161174,1.21176,0.209562,0,3.11125,0,1.82529,0.138093,1.3978,1.31963
107.554829932,0.00504574,0.247594,0.13897,1.29187,0.269512,0,3.00263,0.00554901,2.49972,0.110573,0.905701,0.955703
107.601269841,0.204785,0.0544992,0.00173107,1.41532,0.308673,0.0110313,2.38116,0.0311754,3.26702,0,0.278367,0.816171
107.647709751,0.390834,0.000563415,0,1.53888,0.144172,0.0284223,1.00275,0.0331865,3.69344,0.0127411,0,0.92101
107.694149660,0.386917,0.00494899,0,1.71851,0.122813,0.0233365,0.412592,0.0480658,3.65049,0.0900817,0,0.901044
107.740589569,0.0739927,0.144602,0.0297747,1.55339,0.706264,0.374642,0.418343,0.22386,3.39256,0.0716953,0,0.569638
107.787029478,0.00952592,0.149838,0.000706634,1.12089,1.246,0.715196,0.61329,0.200174,3.13966,0.0185103,0.215832,0.520174
107.833469388,0.0242467,0.0408549,0,0.749722,1.26625,0.678207,0.958082,0.0919003,3.00568,0.0204811,0.448191,1.2468
107.879909297,0.296491,0.0169455,0.00297333,1.56493,0.481271,0.283138,0.901627,0.133825,3.25044,0.0827432,0,1.69559
107.926349206,0.331194,0.0853374,0,1.90048,0.355008,0.193148,0.348811,0.201608,3.26968,0.097959,0,1.49372
107.972789116,0.360327,0.210315,0.0108118,1.9521,0.304125,0.102139,0.0156315,0.177435,3.40825,0.122525,0,0.84589
108.019229025,0.480165,0.0234313,0.095177,2.06268,0.307236,0.0535139,0.0244514,0.0389691,3.34979,0.10244,0,0.441853
108.065668934,0.342874,0,0.140118,1.99286,0.394447,0.356845,0.0418995,0.0212117,3.20697,0.018195,0.688845,0.741805
108.112108844,0.15982,0,0.129454,1.70427,0.431359,0.526117,0.0613812,0.0256611,2.85933,0.187393,1.33358,0.993818
108.158548753,0.305878,0.0418477,0.116991,1.38054,0.468507,0.512983,0.069169,0.00735257,2.16573,0.318438,1.92254,1.10593
108.204988662,0.676615,0.0864216,0.0865844,1.681,0.394766,0.48908,0.0548502,0,1.96308,0.315673,1.9899,1.15646
108.251428571,0.925315,0.103863,0.0533747,1.52435,0.263732,0.567118,0,0,2.50175,0.169407,1.45587,1.59619
108.297868481,0.85635,0.124745,0,2.30718,0.240666,0.650156,0,0.0170993,2.7373,0.0435022,0.595972,1.93134
108.344308390,0.732411,0.1319,0,2.78501,0.048278,0.448116,0.000894416,0.0313482,2.94708,0.0262493,0.614195,1.92556
108.390748299,0.643111,0.166542,0.0577334,2.9845,0,0.320325,0.000414359,0.0280834,2.89618,0.0232101,0.797612,1.63554
108.437188209,0.462702,0.196515,0.0730313,3.04068,0.462383,0.840072,0.318561,0.0193098,2.65448,0.0180131,0.775188,1.22944
108.483628118,0.400051,0.241198,0.00328231,2.96705,0.804762,0.854224,0.463842,0.022673,2.53765,0.0258368,0.685583,1.18394
108.530068027,0.375115,0.269044,0.00169422,2.56068,0.860143,0.850056,0.308894,0.0268356,2.62903,0.152732,0.332181,1.85809
108.576507937,0.316611,0.194548,0.000901552,2.13689,0.676174,0.686182,0.777535,0.0399341,2.39608,0.0980726,0,2.50458
108.622947846,0.401484,0.30659,0.00086193,1.8028,0.412805,0.494505,0.721731,0.0197187,2.03886,0.0331547,0.246367,2.28608
108.669387755,0.45561,0.49497,0,1.2365,0.323088,0.444871,1.19668,0.0188437,2.03085,0.0399357,0.342806,2.09075
108.715827664,0.774052,0.607738,0,0.824974,0.376963,0.113792,1.75628,0.0227024,1.94803,0.0583446,0.33755,1.99943
108.762267574,0.919449,0.700303,0.179937,0.590655,0.231912,0.132475,2.14051,0.0198561,1.818,0.106429,0.327234,2.05671
108.808707483,0.972727,0.546594,0.207568,0.633444,0.334889,0.134257,2.31939,0,1.66256,0.124269,0.42729,2.0599
108.855147392,0.838081,0.281097,0.194174,0.829193,0.252052,0.0503192,2.21787,0,1.85084,0.16354,0.836716,2.15113
108.901587302,0.793256,0.0434438,0.213819,1.59087,0.294589,0.00592581,1.72399,0,2.1062,0.142672,1.12806,2.10224
108.948027211,0.874971,0.0369444,0.22055,1.57965,0.236085,0.0813446,1.29198,0,2.73307,0.146429,1.02805,1.823
108.994467120,0.866496,0.154476,0.222958,1.0674,0.261645,0.123318,1.8709,0,2.77284,0.118787,0.986428,1.57769
109.040907029,0.26247,1.02438,0.210334,0.303202,0,0.0377993,2.32799,0,2.54149,0.131314,0.998387,1.26879
109.087346939,0.127694,1.69763,0.16874,0.141999,0,0,2.53766,0,2.28012,0.133259,0.780759,0.765666
109.133786848,0.0933273,1.96228,0.107985,0.10609,0.213186,0.426781,2.40985,0.0810791,2.50351,0.116314,0.28833,0.304196
109.180226757,0.116724,1.78935,0.0304073,0.300043,0.725984,0.690361,1.79455,0.0846265,2.81069,0.205299,0.327812,0.135178
109.226666667,0.439853,1.3441,0.00216618,0.992889,0.719061,0.84653,0.899101,0.0129609,3.01839,0.540934,0.379893,0.236898
109.273106576,0.636993,0.00386888,0.000770601,1.22012,0.591027,0.808947,0.548676,0.0389952,3.67463,0.150298,0.342811,0.536032
109.319546485,0.778798,0.00634068,0.000353013,1.24497,0.512487,0.563696,0.519484,0.0689075,3.98657,0.0423335,0.136575,0.64582
109.365986395,0.499697,0.0223881,0,1.6776,0.5828,0.44624,0.661833,0.0756821,3.80742,0,0.380288,0.607199
109.412426304,0.0699786,0.0819072,0,2.19366,0.399449,0.461147,0.691673,0.220631,3.39916,0,0.591488,0.942393
109.458866213,0.00812028,0.507016,0.0172937,2.09747,0.0544368,0.629912,0.27284,0.298596,2.92735,0.00773122,0.540328,1.66035
109.505306122,0,0.765852,0.0181604,2.14906,0.140969,0.636928,0.0254577,0.497473,2.6786,0.0250339,0.460238,1.88991
109.551746032,0.0266566,0.950766,0.116359,2.35695,0.135979,0.573874,0.0418347,0.448836,2.62817,0.00930258,0.524001,1.74741
109.598185941,0.0338556,1.38331,0.0728006,2.6361,0.112342,0.383508,0.0482184,0.497626,2.07359,0.0521567,1.03311,1.11909
109.644625850,0.0376079,1.13578,0,3.28611,0.0294315,0.240205,0.221184,0.850331,1.83938,0.11151,1.06442,0.714043
109.691065760,0,0.586131,0.024501,3.61036,0.0215549,0,0.934948,1.04962,1.56756,0.115919,1.31387,0.552264
109.737505669,0.0121163,0.175473,0.00163854,3.61752,0.014073,0,1.27436,0.922231,1.27681,0.0765075,1.69709,0.465272
109.783945578,0,0.449537,0.00196314,3.54029,0.0131932,0.0913694,1.26179,0.673573,0.998143,0.0339452,1.45116,0.42369
109.830385488,0.0166584,0.921919,0.0693984,3.08414,0.0136737,0.327078,0.860158,0.771417,0.52649,0.302739,1.01749,0.300747
109.876825397,0.0258008,0.867067,0.109678,2.7785,0.0142557,0.457279,0.453408,0.812732,0.357092,0.306629,1.21439,0.260455
109.923265306,0.0231321,0.829574,0.0574369,3.08335,0.423632,0.521739,0.12027,0.854534,0.174396,0.211974,1.55514,0.0387544
109.969705215,0,0.542142,0.0482799,3.95392,0.386165,0.242164,0.03808,0.823729,0.0223555,0.0329374,1.9017,0.0981982
110.016145125,0,0.0689358,0.0638402,4.19301,0.0120083,0.0174664,0.386289,0.740549,0.16999,0.00850429,2.24866,0.194075
110.062585034,0,0.103601,0.0715359,4.23957,0.0261741,0.0233922,0.86908,0.529451,0.141952,0.0114321,2.25907,0.181002
110.109024943,0,0.0596772,0.0511588,4.27738,0.0251175,0.0180256,1.11941,0.421777,0.0989737,0.0230318,2.27275,0.170966
110.155464853,0.00184071,0,0.00261506,4.19234,0.00994933,0,1.36451,0.479373,0.0855745,0.0164565,2.18433,0.2482
110.201904762,0.0842771,0,0.00244561,3.74085,0.0107819,0,1.9345,0.386005,0.186481,0.0863403,1.80908,0.238404
110.248344671,0.0229068,0.144781,0.00195977,2.62163,0.0149866,0.196966,2.13053,0.171706,0.407202,0.137213,1.43273,0.369834
110.294784580,0,0.153439,0.00268176,2.03669,0.0208359,0,2.53274,0,0.833902,0.207025,1.23662,0.401923
110.341224490,0,0.181827,0.00199308,2.38088,0.0563332,0,2.52867,0,1.39525,0.283854,0.753883,0.144899
110.387664399,0,0.523642,0.000973107,2.86356,0.0451241,0.0869848,1.40278,0.235331,2.57067,0.287645,0.480588,0.0159426
110.434104308,0.0340986,0.586551,0.0018557,3.13168,0.0216198,0.0320478,0.684937,0.275788,3.15119,0.116758,0.380742,0
110.480544218,0.093111,0.261545,0.00370332,3.20961,0.0066402,0,0.789946,0.436348,3.3505,0.0249325,0.304698,0
110.526984127,0.152304,0.207892,0.00447189,3.03563,0.0555588,0,0.561618,0.553377,3.36094,0,0.394281,0
110.573424036,0.16158,0.38427,0.0118623,2.51651,0.435487,0.0172096,0.177456,0.455617,3.21209,0.000157064,0.663634,0
110.619863946,0.144854,0.47699,0.00454946,2.35438,0.627343,0.121565,0.0481186,0.174372,2.84512,0.00169382,0.966414,7.90719e-05
110.666303855,0.0129858,0.465103,0.00283621,2.54365,0.271929,0.0478786,0.00610378,0.143384,2.54717,0.00258297,1.57915,0.0361763
110.712743764,0.0346436,0.442329,0.145942,2.41911,0.213702,0.582498,0.164218,0.240188,1.85019,0.0306622,2.2134,0.0566204
110.759183673,0.0348978,0.197746,0.158043,2.34248,0.134153,0.715701,0.867073,0.415563,1.21186,0.296456,2.0188,0.030706
110.805623583,0,0,0.176673,2.58177,0.0363564,0.685148,1.36564,0.287836,1.0211,0.209808,2.28736,0.0105388
110.852063492,0,0,0.359489,2.67363,0.00798341,0.494469,1.43314,0.0549991,0.973694,0.0184038,2.75473,0
110.898503401,0,0.021455,0.396913,2.28181,0.486963,0.413292,1.2848,0,0.805314,0.0216745,3.14757,6.1225e-06
110.944943311,0,0.153497,0.387646,2.23896,0.509485,0.441752,1.06798,0,0.797726,0.0459307,3.10546,6.88148e-05
110.991383220,0.0190916,0.460408,0.202707,1.84556,0.370408,0.485967,0.974739,0.00048768,0.657039,0.0976669,3.13484,0.00010224
111.037823129,0.161093,1.89631,0.00113824,1.76987,0.286664,0.448588,1.03803,0.105851,0.867158,0.117689,2.98404,6.05993e-06
111.084263039,0.16035,2.26654,0.0372726,1.99565,0.164799,0.311219,1.20329,0.299776,0.558721,0.0888955,2.59738,6.39428e-05
111.130702948,0.0923767,2.57596,0.0381665,1.87963,0.0105142,0.316605,1.4251,0.384328,0.625243,0.0564816,2.39153,8.8775e-05
111.177142857,0,2.67598,0.00378454,1.81447,0.0064022,0.318164,1.62595,0.347765,0.78487,0,2.15877,0.000171197
111.223582766,0,2.64964,0.00434545,1.70662,0.183776,0.706095,1.6854,0,0.779015,0,2.13106,0.000311274
111.270022676,0.00329951,2.61131,0.00289556,1.82847,0.552234,0.791586,1.40443,0.0758411,0.64821,0.00234389,2.09711,0.000385213
111.316462585,0.036982,2.42289,0.00259028,2.18345,0.84785,0.849202,0.972138,0.221957,0.504102,0.00466773,2.51277,0.00039114
111.362902494,0.0334582,1.37195,0.00289973,2.83461,0.828816,0.789829,0.858053,0.29727,0.0635666,0.00144909,2.71996,0.0522076
111.409342404,0.0229714,0.919616,0.00405771,2.66691,0.691911,0.159713,2.13648,0.496223,0.0285825,0,2.5036,0.0704323
111.455782313,0.00848306,0.872256,0.00336649,2.48585,0.0536356,0,2.8191,0.48821,0.0323304,0,2.35216,0.0537814
111.502222222,0.00229394,0.72622,0.00283995,2.2643,0.0245985,0,3.14275,0.490987,0.0394448,0.0154983,2.3818,0.0327164
111.548662132,0,0.603257,0.00201429,2.12397,0.0310322,0,3.24501,0.334217,0.0358923,0.0389771,2.48094,0
111.595102041,0,0.471823,0.00281609,2.25005,0.0879522,0,3.14647,0,0.139236,0.00677323,2.58788,0
111.641541950,0.000363185,0.436218,0.00238444,2.3995,0.151824,0,2.70178,0,0.302533,0.0738365,2.51428,0.00543988
111.687981859,0.0467506,0.446254,0.00301732,2.63146,0.0415293,0,1.56821,0.00310937,1.10935,0.127295,2.6932,0.00027523
111.734421769,0.0272374,0.395352,0.0604968,2.919,0.0084269,0.225004,0.644207,0,2.36693,0.13784,2.3566,0.0128803
111.780861678,0.0355144,0.523353,0.100368,2.745,0.0610923,0.255095,0.532043,0,2.75541,0.143273,1.89171,0.0531824
111.827301587,0.0386609,0.726266,0.138349,2.73577,0.210956,0.149572,0.561795,0.00331462,2.93458,0.140547,1.4182,0.0444348
111.873741497,0.068082,0.819372,0.0534898,2.91751,0.167617,0.0410141,0.590434,0.0304621,2.87441,0.157486,1.19214,0
111.920181406,0.014044,0.256206,0.00161491,2.95867,0.211348,0.0248064,0.845337,0,2.82627,0.139121,1.4746,0
111.966621315,0.0171228,0.0930157,0.00162547,2.60986,0.771584,0.19831,0.65737,0.0189402,2.8873,0.120101,1.666,0
112.013061224,0.0192613,0.219818,0.00366313,2.37675,1.02751,0.328816,0.448589,0.145053,2.85675,0.0719614,1.76939,0
112.059501134,0.0734632,0.245588,0.00200632,2.54902,0.847753,0.0561524,0.272367,0.200854,2.75474,0.0158089,1.73315,0
112.105941043,0.0500268,0.244223,0.00181218,3.13296,0.248311,0.123198,0.456004,0.200258,2.76399,0,1.61478,0.0406442
112.152380952,0,0.546369,0.00146076,3.14488,0.196317,0.239032,0.790455,0.101681,2.69959,0,1.67803,0.108799
112.198820862,0,0.61663,0.00143411,3.1329,0.017883,0.319106,1.13459,0.0544829,2.44252,0,1.7708,0.12173
112.245260771,0.0253006,0.266443,0.00351542,3.15965,0.0187619,0.329586,1.12315,0,2.17903,0.11199,1.72732,0.197837
112.291700680,0.0733141,0.425536,0.00727593,2.62277,0.0148542,0.318537,0.889609,0.0767304,1.81434,0.162949,1.96305,0.328816
112.338140590,0.122477,0.833558,0.188142,1.55397,0.0400724,0.349885,1.24038,0.11582,2.02796,0.306119,2.0121,0.469852
112.384580499,0.110101,1.55932,0.391498,0.436117,0.100592,0.388061,1.35173,0.0780096,2.33077,0.291078,1.75388,0.501476
112.431020408,0.0772266,1.97272,0.574927,0.341797,0.119352,0.363933,1.61833,0.0921142,2.10673,0.410917,1.5701,0.436796
112.477460317,0.0434756,1.95512,0.407634,0.314931,0.0674249,0.329223,2.23442,0.104481,1.90087,0.577254,1.67412,0.0317577
112.523900227,0,1.9934,0,0.0940193,0.438542,0.302571,2.61851,0.125004,1.53838,0.173231,2.16176,0
112.570340136,0,2.0918,0,0.0602524,0.544561,0.295616,2.64038,0.089638,1.13112,0.000718652,2.48909,1.70941e-06
112.616780045,0.06077,1.91324,0,0.511574,0.649005,0.218589,2.44859,0.247167,0.77435,0.000832487,2.66326,0.000156847
112.663219955,0.042112,1.64423,0.0769981,1.78701,0.832834,0.207226,1.916,0.399491,0.323357,0.002201,2.35101,0.000114562
112.709659864,0.0729105,1.58111,0.0197139,2.67939,0.728484,0.347019,1.46745,0.430742,0.0172057,0.00303105,1.99158,0
112.756099773,0.0482041,1.33213,0,3.43214,0.437878,0.216555,1.56498,0.476387,0.00957238,0.00381963,1.56871,0
112.802539683,0.00826568,1.11975,0,3.59457,0.258445,0.0580041,2.38849,0.557432,0.00234451,0.00429062,1.59743,0
112.848979592,0,1.09193,0,3.31272,0.144457,0.118621,2.87299,0.439293,0.00192038,0.00424943,1.68392,0
112.895419501,0,1.23517,0,2.92757,0,0.25617,3.04693,0.401932,0.00140056,0.00402806,1.67994,0.00932265
112.941859410,0,1.43447,0.0951449,2.30741,0.007473,0.429348,3.14528,0.257246,0.0161169,0.00360967,1.67645,0
112.988299320,0,1.6928,0.191363,1.58178,0.0213059,0.261634,3.50645,0.134153,0.0243271,0.126932,1.71988,0
113.034739229,0,1.61782,0.177768,0.919157,0.0267125,0.0923531,3.91589,0.101361,0.0593628,0.201362,1.92915,0
113.081179138,0,1.70033,0.164777,0.979472,0.169869,0.019634,4.0358,0.0393816,0.0334738,0.196313,1.92802,0
113.127619048,0.0339917,2.13354,0.0219305,0.964333,0.271379,0.0183457,3.91422,0.043292,0.03337,0.124891,2.06542,0
113.174058957,0,2.22797,0.0532311,0.942594,0.127753,0.300127,3.58426,0.0163642,0.51595,0.126327,1.78166,0
113.220498866,0.0124062,1.86495,0,0.752043,0,0.404233,3.06299,0.021714,1.3907,0.0111706,1.7285,0
113.266938776,0.0249008,1.92018,0.00696283,0.625023,0.148299,0.386662,2.28575,0.0300244,1.8903,0,1.54473,0
113.313378685,0.0255879,1.76005,0.0154686,0.641593,0.15986,0.461718,1.87534,0.0589983,2.0251,0,1.07525,0
113.359818594,0.0917801,1.42059,0,0.741641,0.381018,0.505457,1.66315,0.130612,1.85054,0,1.24637,0
113.406258503,0.192323,0.861131,0,0.694888,0.821048,0.497578,1.45558,0.254336,1.80627,0,1.48017,0
113.452698413,0.206605,1.02762,0.0314885,0.363571,0.882409,0.331598,1.87424,0.041128,2.01326,0,1.83979,0.000764253
113.499138322,0.116813,1.45343,0.029555,0.69563,0.674387,0.0281341,2.37219,0.0254825,2.16908,0.000493189,2.31162,0.0062266
113.545578231,0.164079,1.75426,0,0.779338,0.306517,0.0305168,2.3958,0.0281105,1.81136,0,2.12007,0.0173765
113.592018141,0.204795,1.90282,0,0.497455,0.147894,0.0796132,2.3574,0.0315978,1.54701,7.13466e-05,1.84238,0.0274462
113.638458050,0.190639,1.95037,0.248903,0.292248,0.135512,0.177057,2.29054,0.0271358,1.13802,0.0139498,2.30814,0
113.684897959,0.100606,1.71853,0.444752,0.426474,0.0541221,0.423817,2.23228,0.017756,0.477542,0.231956,2.89221,0.0144901
113.731337868,0,1.26243,0.409916,1.72658,0.0706586,0.570638,2.2003,0.00399968,0.0236104,0.242744,2.83405,0.0690383
113.777777778,0,0.849079,0.278164,2.92516,0.15345,0.534467,2.06172,0.0483794,0.0132134,0.14518,2.50336,0.0780869
113.824217687,0,0.79579,0.0327716,3.61789,0.230711,0.291269,1.79982,0.324046,0.344451,0.121705,2.25164,0.0217901
113.870657596,0,1.09931,0.0422001,3.70195,0.182596,0.222812,1.67719,0.449483,0.845544,0.10197,2.16984,0
113.917097506,0,1.1396,0,3.56684,0.0522796,0.382622,1.95888,0.376565,0.823364,0.0606965,2.1598,0
113.963537415,0,1.09313,0,3.38989,0,0.525881,2.33061,0.233926,0.767459,0.00134792,2.13584,0
114.009977324,0,0.760187,0,3.39415,0,0.65599,2.52675,0.137085,0.65992,0.000510818,1.78884,0
114.056417234,0.0265134,0.275727,0.021947,3.48171,0.0570598,0.721904,2.51962,0.0847137,0.697059,0,1.33376,0.0078127
114.102857143,0.0858547,0.225572,0,3.56134,0.226197,0.515813,2.31517,0.207717,0.49953,0,1.98506,0.0133825
114.149297052,0.127069,0.298951,0,3.45873,0.352866,0.446097,2.48332,0.315304,0.244405,0,2.36426,0.0377854
114.195736961,0.118724,0.862849,0,2.62277,0.420528,0.385426,2.41304,0.147938,0,0.000219201,2.48468,0.0705084
114.242176871,0.0547146,1.1895,0,1.76547,0.254905,0.254513,2.78469,0.0894106,0.00593691,0.000138833,2.39818,0.0990745
114.288616780,0.0276951,1.25648,0,1.2722,0.000525233,0.145212,3.27613,0.0497455,0.0193796,0.00744145,2.6741,0.0836823
114.335056689,0.097609,1.22756,0.0379593,0.709226,0.0302885,0.16649,3.39655,0.0494471,0.014563,0.0104195,2.94027,0.0232649
114.381496599,0.0109651,0.878179,0.198952,1.29536,0.255394,0.674919,2.86857,0.0392849,0.174609,0.0565391,2.94285,0.210848
114.427936508,0.0386605,0.874068,0.218479,1.4924,0.234002,0.934844,2.21376,0.0957707,0.335032,0.184817,2.79311,0.335916
114.474376417,0.130934,0.940364,0.151012,1.27755,0.164352,0.355825,3.01505,0.205888,0.407294,0.167684,2.8383,0.252351
114.520816327,0.0383644,1.38302,0.102967,0.968121,0.256888,0.00981524,3.37021,0.0869844,0.206034,0.17403,2.56266,0.178888
114.567256236,0.093741,1.37449,0.130354,0.575763,0.210517,0.0811371,3.81384,0,0.0338347,0.164118,2.08094,0.101666
114.613696145,0.124669,1.33346,0.154268,0.347695,0.167063,0.0119701,3.71841,0.00087017,0.425642,0.163729,1.55014,0.16754
114.660136054,0.184263,1.64235,0.144946,0.370692,0.0312238,0,3.42443,0,1.32211,0.1965,1.11832,0.23116
114.706575964,0.364394,1.4949,0.133862,0.551244,0.0227438,0,2.39724,0.134653,2.72996,0.198789,0.398517,0.189516
114.753015873,0.253964,1.56578,0.0133591,0.677635,0.344335,0.614668,0.370339,0.463914,3.22555,0.24431,0.0881543,0.061288
114.799455782,0.567486,1.14042,0.0191763,0.794123,0.511746,0.990806,0.10628,0.386873,3.5199,0.358407,0.0137864,8.34505e-05
114.845895692,0.94697,0.466292,0.0862989,0.731615,0.508783,1.4203,0.0501249,0.164817,3.54809,0.131754,0.00134978,0
114.892335601,1.13807,0.116732,0.0725925,0.590703,0.611743,2.00738,0.0387397,0.0237517,3.25102,0.148095,0.0222422,0
114.938775510,1.27626,0.915908,0.200005,0.532725,0.352576,2.55455,0.0396188,0,2.55318,0.376879,0.204783,0
114.985215420,0.90441,1.9865,0.224845,0.28965,0.0244066,2.93639,0.0220307,0.0414631,1.53936,0.438908,0.990247,0
115.031655329,0.232558,2.25409,0.153652,0.0742312,0.0216423,3.0583,0.797115,0,1.09728,0.631634,1.43781,0
115.078095238,0.0787292,2.10547,0.204807,0.0251406,0.0273516,2.72115,1.05628,0.00107342,1.15798,0.958115,1.47569,0.0272632
115.124535147,0.294202,1.70124,0.540471,0.0204795,0.0987098,2.51455,1.26504,0.0205769,1.32213,0.835779,1.38562,1.9646e-06
115.170975057,0.687519,1.26304,0.512759,0.0254093,0.142754,2.89487,1.10159,0.0271257,1.14405,0.698637,0.947093,1.34364e-05
115.217414966,1.02614,0.412777,0.533817,0.136992,0.20291,3.1635,0.847199,0.0201114,0.938247,0.636807,0.329191,0.335471
115.263854875,0.769134,0.201059,0.223403,0.28712,0.340301,3.39757,0.570857,0.0111122,0.798397,0.591982,0.0297262,0.849663
115.310294785,0.490341,0.163745,0.00134647,0.293364,0.404296,3.58335,0.457358,0.00818756,0.826947,0.592337,0.0655226,0.393652
115.356734694,0.417056,0.0373244,0.0015332,0.327567,0.0902183,3.47977,1.13601,0.516941,0.733706,0.520733,0.63427,0.256348
115.403174603,0.425568,0.516277,0.000587277,0.0610517,1.02021,2.81173,0.410415,0.148208,0.75177,0.663068,0.931764,0.0267556
115.449614512,0.0520651,0.662098,0.149801,0.0131902,1.251,2.90674,0.234527,0.357001,1.03645,0.128353,0.935909,0.0500064
115.496054422,0.165014,0.798678,0.0265415,0.0681555,1.45709,2.8175,0.0740661,0.241977,1.04224,0.00347747,0.956725,0.0935068
115.542494331,0.29305,0.758904,0.00119597,0.00505838,1.49696,2.81002,0.0286111,0.174337,1.03384,0.0107803,0.901206,0.145541
115.588934240,0.730258,0.697051,0.00195103,0.0178983,1.38597,2.69182,0.0261405,0.104503,1.01051,0.257641,0.70711,0.151826
115.635374150,0.790465,0.0805155,0.00272706,0.00497174,1.29999,2.79504,0.0767887,0.133973,1.3742,0.33722,0.406989,0.205405
115.681814059,0.503311,0.0859162,0.0284275,0.275054,0.573435,2.66185,0.908869,0.00756859,1.11387,0.497535,0.0890447,0.194435
115.728253968,0,0,0.957049,0.897851,0.46629,2.06719,0.738852,0.562656,0.417628,0.722068,0.0940802,0.545235
115.774693878,0.090867,0.0190264,0.727181,2.20041,0.232774,1.07401,0.146844,0.780483,0.300431,0.813738,0.424094,0.705174
115.821133787,0.175548,0.0945808,0.40733,3.0377,0.149707,0.393343,0.129371,0.55293,0.356956,0.765652,0.282883,0.684447
115.867573696,0.12813,0.111095,0.164522,3.69571,0.0874457,0.162464,0.0894952,0.287025,0.278277,0.684447,0.321883,0.509129
115.914013605,0.0656792,0.121118,0.112472,3.88065,0.200287,0.0740003,0.0594044,0.0136608,0.311928,0.41554,0.826421,0.373642
115.960453515,0.0125315,0.067751,0.0417572,3.9288,0.236418,0.0632723,0.0164262,0.156465,0.315387,0.18059,1.526,0.264775
116.006893424,0.000104234,0.114161,0.000568726,3.86472,0.344718,0.047388,0.0318444,0.189606,0.314724,0.16502,1.56773,0.197568
116.053333333,0.180333,0.000509001,0,3.67479,0.451114,0.343197,0.885227,0.398543,0.189757,0.321328,0.709376,0.0275545
116.099773243,0.232131,0,0.160745,2.99426,0.39928,1.7267,1.03048,0.142841,0.151168,0.311061,0.13416,0.409289
116.146213152,0.273008,0.153055,0.192851,1.45797,1.59617,2.1481,0.731688,0.251946,0.18382,0.561724,0.286331,0.194498
116.192653061,0.344584,0.192434,0.121621,1.63814,1.67856,1.87832,0.579858,0.120141,0.162356,0.547043,0.285078,0.230308
116.239092971,0.328638,0.207443,0.00145124,1.67897,1.70124,1.50064,0.369407,0.115626,0.333046,0.472844,0.4912,0.345372
116.285532880,0.104886,0.375267,0.00140045,1.73976,1.6211,0.926003,0.060245,0.220116,0.699739,0.284709,0.75553,0.465985
116.331972789,0.128599,0.104341,0.0890626,2.41632,1.35546,0.455175,0,0.117301,1.20322,0.337599,0.365307,0.601646
116.378412698,0.438946,0.00123244,0.195174,3.00733,0.647608,0.906001,0.0576002,0.0620615,0.962275,0.315441,0.181046,0.63846
116.424852608,0.15253,1.73968,0.161715,2.37968,0.551167,0.941453,0.314831,0.253024,0.590554,0.251417,0.152829,0.103329
116.471292517,0.000114325,2.57804,0.0307427,1.21463,0.776361,0.757839,0.551934,0.729754,0.398392,0.400171,0.102603,0.299158
116.517732426,0.000429073,2.63406,0.221621,0.997851,0.27174,0.681103,0.805321,0.889806,0.566175,0.279096,0.0127449,0.563657
116.564172336,0.000436674,3.05142,0.274256,0.818975,0.157598,0.616804,0.823425,1.01516,0.59154,0.173827,0.0403045,0.486486
116.610612245,0.000410509,3.01378,0.217326,0.349717,0,0.541242,0.707642,1.04697,0.756811,0.0934568,0.178195,0.296852
116.657052154,9.99355e-05,2.97106,0.248239,0.0966166,0.620799,0.367422,0.292834,0.634942,0.547722,0.0209246,0.334935,0.257038
116.703492063,0.0373328,3.02361,0.251254,0.0846265,0.651433,0.379272,0.0854495,0.513824,0.440512,0.0105402,0.0379724,0.22144
116.749931973,0.050122,3.04382,0.214162,0.0855915,0.502794,0.396321,0.0661785,0.471053,0.898705,0.00918364,0.0510143,0.123283
116.796371882,0,3.03895,0.139307,0.258901,0.205573,0.352708,0.054464,0.293382,1.1035,0.0274072,0.0468288,0.173949
116.842811791,0.000237649,3.15195,0.022355,0.283079,0.0595625,0.383256,0.0439521,0.215262,0.875771,0.0473755,0.168317,0.171174
116.889251701,0.000271162,3.06116,0.0564672,0.53887,0.23159,0.392818,0.314453,0.297988,0.698278,0.107752,0.198817,0.0939832
116.935691610,0.098053,2.90269,0.0613348,0.796909,0.297229,0.410287,0.460996,0.0267657,0.774312,0.153413,0.109959,0.270276
116.982131519,0.000733259,2.96894,0.0684376,0.913314,0.264002,0.466116,0.211714,0.0119693,0.770155,0.205453,0.102989,0.471837
117.028571429,0.000533293,2.37905,0.135766,0.99096,0.159551,0.696809,0.12814,0.106332,0.87265,0.159303,0.0756265,0.662731
117.075011338,0.00033699,1.74606,0.499399,0.687717,0.00879222,1.00333,0.216265,0.453701,0.993744,0.0914781,0.0537631,0.512433
117.121451247,0,0.76107,0.653434,1.15801,0.0113237,1.34656,0.0908016,0.670803,1.14041,0.164221,0.000959964,0.668262
117.167891156,0,1.14349,0.452526,2.02917,0.0146402,1.1651,0,0.514323,0.693136,0.279617,0.126228,1.01595
117.214331066,0,1.64642,0.324376,1.78414,0.0200646,1.04147,0.142749,0.184444,0.0699311,0.212143,0.394265,1.14226
117.260770975,0.00833428,1.98583,0.365285,1.78105,0.0347765,0.699509,0.450983,0.19277,0.0581308,0.112825,0.36597,1.1486
117.307210884,0.0030931,2.13249,0.429513,1.35254,0.0419571,0.928786,0.771957,0.451418,0.0665394,0.102077,0.29457,1.05443
117.353650794,0.437994,1.62987,0.226722,0.712941,0.050783,0.690843,1.71622,0.845601,0.0800306,0.338699,0.27979,1.09797
117.400090703,0.524348,1.05168,0.154775,0.445871,0.113897,0.347912,1.89917,0.856882,0.0480698,0.221396,0.273025,1.03567
117.446530612,0.467783,1.12149,0.109262,0.252506,0.170633,0.208645,2.37811,1.11076,0.0488568,0.156346,0.268631,0.537309
117.492970522,0.330586,1.01352,0.208235,0.0560083,0.152282,0.272485,2.60893,1.16085,0.041154,0.0261762,0.301249,0.54121
117.539410431,0.384544,0.743391,0.396238,0.0741475,0.149601,0.0872437,3.1396,0.657575,0.152443,0,0.29091,0.551708
117.585850340,0.476204,0.776529,0.15586,0.167457,0.018103,0.112225,3.30249,0.0598137,0.324707,0.407646,0.497882,0.680775
117.632290249,0.677211,1.3032,0.0865416,0.170057,0.0586194,0.113091,3.12914,0.13478,0.350022,0.326679,0.612485,0.36775
117.678730159,0.840086,1.09388,0.0447161,0.072087,0.036447,0.045347,3.09024,0.0376788,0.337963,0.374507,0.658055,0.461536
117.725170068,0.634574,0.804992,0.174485,0.171994,0.0342601,0.0459293,3.26988,0.0173377,0.629111,0.11934,0.642655,0.919656
117.771609977,0.74409,0.748855,0.475315,0.2363,0.0226329,0.0414884,3.24715,0.0225397,0.743718,0.245212,0.657407,1.07029
117.818049887,1.09173,0.388541,0.136971,0.0463056,0.337408,0.223465,2.77039,0.72941,0.729339,0.312974,0.625736,0.547258
117.864489796,1.33097,0.178344,0.0192089,0.297188,0.464007,0.136833,2.3019,0.876135,0.555349,0.267248,0.670442,0.246034
117.910929705,0.808932,0.106632,0.00519493,0.434628,0.336848,0.0840258,2.01694,0.703593,0.609664,0.509549,0.398,0.231845
117.957369615,0.533176,0.0233416,0.0145219,1.11721,0.105677,0.0505871,2.10402,0.48482,0.804469,0.410753,0.307399,0.498418
118.003809524,0.281089,0.0774879,0.0012965,1.89849,0.0230646,0.00977897,2.33932,0.281681,1.3388,0.196606,0.2895,0.688387
118.050249433,0.201324,0.000634863,0.0433971,1.48277,0,0.00549752,1.97841,0,2.9081,0.228595,0.275653,1.25199
118.096689342,0.279208,0,0.1037,1.54104,0.175739,0.022334,1.52357,0,3.4225,0.213818,0.125935,1.25377
118.143129252,0.528352,0,0.0822813,2.01977,0.093003,0.0287305,0.751232,0.0040421,3.63681,0.144966,0,1.4195
118.189569161,0.755304,0.0600536,0.0286677,2.19511,0,0,0.249627,0.00888671,3.94106,0.091242,0,1.46212
118.236009070,0.859686,0.0697695,0.0348729,2.2954,0,0,0.337942,0.00810321,3.81493,0.0674705,0,1.28024
118.282448980,0.72229,0.000679829,0.0944352,2.09857,0.351071,0.490379,0.870594,0.00256758,3.59131,0.054139,0,0.359002
118.328888889,0.305952,0.0168592,0.073211,1.61621,0.721374,0.631661,0.768628,0.00597774,3.92876,0.0553313,0,0.145207
118.375328798,0.503725,0.000567128,0.0669555,1.38402,0.531165,0.412301,0.661839,0.0110067,4.071,0.0439378,0.0226217,0.150065
118.421768707,0.883771,0.0420686,0.0491927,1.56998,0.22543,0.171986,0.730091,0.0193947,4.16045,0.016448,0.0455488,0.0814053
118.468208617,0.818154,0.190481,0.000697222,1.7922,0.22807,0.210618,0.809339,0.0252629,4.15661,0.00504366,0.0305122,0.181218
118.514648526,0.747949,0.178678,0.000375143,1.88044,0.149667,0.0569322,0.946046,0.0251766,4.03656,0.0125365,0.149294,0.447722
118.561088435,0.676411,0.112779,0.052712,2.00275,0.18809,0.00899976,0.920781,0.0195517,3.64842,0.00296803,0.195336,0.771494
118.607528345,0.665478,0.199818,0.129925,2.04815,0.0868163,0.0159419,0.64038,0.01476,3.38176,0.0133251,0.164313,1.17916
118.653968254,0.518509,0.239495,0.188514,2.14272,0.0828859,0.0157313,0.323147,0,3.44818,0.0759022,0.33132,1.08261
118.700408163,0.122774,0.221098,0.183167,2.20363,0.0980651,0.00499873,0.394614,0,3.90788,0.0542429,0.334572,0.863563
118.746848073,0,0.337925,0.179808,2.00185,0.172023,0,0.643153,0,3.9266,0.0870213,0.0906065,0.648576
118.793287982,0,0.301096,0.153693,1.82178,0.323785,0,0.567693,0.0169886,3.82667,0.00654092,0.141512,0.509135
118.839727891,0.0141846,0.248499,0.0734147,1.80712,0.372121,0,0.348807,0.0382825,3.93736,0.0186359,0.209829,0.578998
118.886167800,0.0934018,0.211583,0.158,1.90209,0.165879,0.0169101,0.154185,0.0313317,3.96388,0.055685,0.287008,0.871108
118.932607710,0.336695,0.148934,0.10844,1.84021,0.0560564,0,0.240964,0.0254196,3.82655,0.0604924,0.255089,1.02192
118.979047619,0.430646,0.137775,0.14866,1.8521,0.236093,0.12071,0.296769,0.0205141,3.788,0.0890675,0.127444,0.999516
119.025487528,0.289277,0.15542,0.0734557,2.06961,0.605887,0.2478,0.284641,0.0217288,3.7782,0.115066,0,0.846818
119.071927438,0.219895,0.112041,0.03247,2.16412,0.564055,0.0703362,0.252734,0.024506,3.93134,0.131151,0,0.797676
119.118367347,0.107702,0.143604,0.0725169,2.38474,0.230042,0.123507,0.0939643,0.019361,4.09651,0.0976586,0.000520875,0.890577
119.164807256,0.0634263,0.0738422,0.00890648,2.58493,0.25499,0.128146,0.0542569,0.0193188,4.19638,0.0237207,0.164978,1.10844
119.211247166,0.116865,0.00127092,0.00641838,2.57857,0.194832,0.0389146,0.0106282,0.0220469,4.10523,0.0482864,0.229809,1.28696
119.257687075,0.0793215,0.0159831,0.120266,2.43609,0.329968,0,0,0.0260154,4.04886,0.0921155,0.0625779,1.39809
119.304126984,0.133308,0.0394963,0.218843,2.47114,0.409515,0.0347746,0.0126105,0.0231679,4.06748,0.0630743,0.00128987,1.22929
119.350566893,0.0817346,0.0298306,0.202584,2.46508,0.432153,0.0776229,0.0249633,0.0234743,4.00046,0.269031,0.032083,1.02324
119.397006803,0,0.0237005,0.131776,2.56734,0.377366,0.0805354,0.0226854,0.049208,4.0406,0.377356,0.121942,0.929571
119.443446712,0.0209952,0.0582964,0.106323,2.6763,0.321846,0.0785908,0.00885513,0.0174144,4.10238,0.214331,0.0820252,1.01801
119.489886621,0.279496,0.0581651,0.0356405,2.76238,0.202567,0.0805098,0,0.00268059,4.14013,0.146383,0.0455107,0.935802
119.536326531,0.32118,0.0284189,0,2.67754,0.162107,0.0465429,0.0768956,0.0227568,4.18376,0.0273889,0.0703649,0.713107
119.582766440,0.387386,0.0186704,0,2.62948,0,0,0.0828586,0.0288116,4.25823,0.0255117,0.00138493,0.80527
119.629206349,0.334543,0.0710233,0.0682089,2.4385,0.00861149,0.0978077,0.123843,0.022996,4.08615,0.0251029,0,0.785901
119.675646259,0.350268,0.0844052,0.0651949,2.03305,0.521032,0.647442,0.389561,0.0169155,3.76836,0.0495534,0.000224703,0.564722
119.722086168,0.619321,0.240647,0.0193873,1.28053,1.11505,0.55459,0.21915,0.0179638,3.73692,0.0380121,0,0.534158
119.768526077,0.785307,0.139253,0.00186923,1.12578,1.16951,0.353229,0,0.0117122,3.72324,0.0332404,0,0.44135
119.814965986,0.748567,0.00163368,0.00113002,1.63175,0.686727,0.0684829,0,0.00842104,3.74821,0.0418186,0.00107099,0.431238
119.861405896,0.629576,0.000817887,0.00115605,2.12507,0.329626,0.139855,0.152335,0.0116025,3.77156,0.0658275,0.00537893,0.628062
119.907845805,0.637068,0.00159938,0,2.47184,0.124471,0.118759,0.2079,0.0135674,3.8789,0.0727913,0.0201277,0.678074
119.954285714,0.843002,0.0331024,0.0286987,2.48424,0.191715,0.00394307,0.0510094,0.00280458,3.97889,0.0736394,0.00135089,0.843467
120.000725624,1.00681,0.122896,0.195243,2.22599,0.161485,0.00225255,0,0,4.03182,0.101685,0.00119005,1.14533
120.047165533,1.01856,0.149849,0.255129,2.14352,0.246754,0.0400535,0.000113777,0,4.06851,0.138138,0.00122354,1.16421
120.093605442,0.949481,0.15009,0.222397,2.1866,0.360694,0.0371448,0.00903968,0,4.17669,0.161171,0.00304742,0.903606
120.140045351,0.786185,0.0429746,0.237127,2.1589,0.271203,0.0119542,0.0209443,0,4.43554,0.138623,0.0654994,0.480902
120.186485261,0.732975,0.00101896,0.197296,2.1133,0.236275,0.0447637,0.0267984,0.000370003,4.19985,0.119934,0.240308,0.51683
120.232925170,0.415535,0.0943908,0.179013,1.71705,0.275463,0.0388452,0.429152,0.000564667,3.84884,0.0956071,0.464932,0.714047
120.279365079,0.145832,0.396407,0.173997,0.964537,0.01802,0.0130212,1.07895,0,3.35365,0.125535,0.571989,0.982209
120.325804989,0.239282,0.759652,0.149755,0.571701,0.151788,0,1.84464,0.0427709,2.81033,0.124937,0.736543,0.876699
120.372244898,0.10602,0.875471,0.148476,0.445879,0.476657,0.266622,1.82262,0.158194,2.38986,0.126514,1.51574,0.607524
120.418684807,0.0545218,0.79904,0.244041,0.587255,0.748579,0.437994,1.49652,0.193135,1.90208,0.429097,2.08561,0.39208
120.465124717,0.0771045,0.736608,0.274124,1.17389,0.772542,0.591617,0.970602,0.0232835,1.7489,0.595629,2.35666,0.0180351
120.511564626,0.0592325,0.00342968,0.271825,1.76958,0.401563,0.484914,0.360194,0.0470024,2.03858,0.205583,2.64143,0.0535771
120.558004535,0.0190119,0.0118167,0.273042,1.79568,0.16166,0.112011,0.270203,0.0726923,2.45509,0.0123988,2.77126,0
120.604444444,0,0.0695584,0.336504,2.08881,0.0398539,0.102981,0.473705,0.0545208,2.85855,0,2.38396,0.0506948
120.650884354,0,0.58355,0.305852,1.91465,0.110745,0.302316,0.445641,0.0853084,3.60483,0,1.68504,0.478909
120.697324263,0,1.49453,0.255669,2.20566,0.378231,0.197092,0.312246,0.0186324,3.59827,0.0453885,0.516227,0.504825
120.743764172,0.0348854,1.48601,0.173212,2.41957,0.437256,0.0224356,0.0420295,0.0936127,3.464,0.0423508,0.402333,0.232779
120.790204082,0.15243,1.01187,0.051264,2.8044,0.0557949,0.00743864,0.0336909,0.301225,3.35315,0.0249814,0.324122,0
120.836643991,0.161604,1.04692,0.0690438,2.68988,0.0609964,0.0025927,0.373664,0.63794,3.22071,0.0548823,0.433702,0.0038845
120.883083900,0.0880882,1.10253,0.224019,2.43072,0.0292469,0,1.68424,0.91375,2.65491,0.0858332,0.808789,0.0183035
120.929523810,0,1.27488,0.195896,2.22186,0.0876414,0,2.5958,0.948501,1.59424,0.0814046,1.11445,0.0125795
120.975963719,0,1.10236,0.0431139,2.24504,0.128043,0,3.12683,0.761215,0.818265,0.0363549,1.40607,0.000825685
121.022403628,0,0.817628,0.0025458,2.49157,0.143632,0,3.38994,0.530781,0.428972,0.0233267,1.84358,0
121.068843537,0.0214073,0.750336,0.00215209,2.86506,0.145275,0,3.21003,0.474467,0.485416,0.142827,1.86848,0
121.115283447,0.0850001,0.877301,0.00186916,2.93792,0.509283,0.10908,2.71231,0.432774,0.789917,0.230511,1.81134,0.00231877
121.161723356,0.0754085,0.963043,0.0019615,2.82351,0.710409,0.329452,2.50448,0.609699,0.864988,0.0518635,2.08603,0.0645054
121.208163265,0.0159198,0.715493,0.0194754,2.74434,0.675123,0.0905383,2.81829,0.849958,0.512277,0,2.45333,0.0672037
121.254603175,0.0533169,0.713814,0.071138,2.70441,0.115061,0.00263189,3.07169,0.806685,0.0127455,0,2.21479,0.0875306
121.301043084,0.035211,0.400843,0.0903086,2.48111,0.0500326,0,3.44355,0.548129,0.0164108,0,1.79544,0.333085
121.347482993,0.151292,0.336422,0.00640317,2.33968,0.0362317,0,3.75937,0.346774,0.0221098,0.0273693,1.64914,0.287387
121.393922902,0.137115,0.437215,0.00203463,2.12829,0.0438722,0,3.91591,0.371233,0.0240252,0.0225201,1.56352,0.17885
121.440362812,0.120867,0.50839,0.00204788,1.79089,0.057034,0,3.87278,0.212352,0.210451,0.0447349,1.44088,0.0647039
121.486802721,0.0418996,0.571909,0.0022763,1.56886,0.0590084,0,3.69777,0,0.352995,0.0867286,1.22939,0.18049
121.533242630,0,0.644857,0.00398723,1.89816,0.0517137,0.00809418,3.50387,0,0.347467,0.130577,1.04903,0.300757
121.579682540,0,0.585423,0.00302299,3.03867,0.0318216,0.397764,3.20182,0.396404,0.193948,0.152161,1.0964,0.0886018
121.626122449,0,0.641247,0.00145911,3.43433,0.0252887,0.32888,2.3567,0.655736,0.260888,0.115577,1.79975,0
121.672562358,0,0.659228,0.00210976,3.44518,0.0173467,0.252759,1.51458,0.980419,0.258247,0.0656684,2.31687,0
121.719002268,0,0.645236,0.00333988,2.98083,0.467026,0.0296263,1.37148,1.21411,0.0580366,0.0427835,2.66902,0
121.765442177,0,0.586232,0.00371789,2.71209,0.7982,0,1.80292,1.01102,0.0362311,0.0690088,2.54325,0
121.811882086,0,0.694958,0.0039819,1.84597,1.01823,0.0381066,2.96812,0.563569,0.0216435,0.0759574,2.17667,4.54951e-06
121.858321995,0.139872,0.864566,0.00294467,0.585853,0.984939,0,3.68382,0.141318,0.0142845,0.117672,2.1015,0
121.904761905,0.0185659,1.08871,0.00241234,1.00761,0.418872,0,3.92131,0.07176,0.0107336,0.0776546,1.75504,0
121.951201814,0,1.03774,0.00265441,1.5398,0.0751024,0,3.91138,0.207525,0.00492383,0.0105781,1.66602,0.0451369
121.997641723,0,0.827188,0.00301862,1.71293,0.0816172,0,3.96629,0.346782,0.00265042,0.011685,1.86018,0
122.044081633,0,0.814464,0.00329359,1.85706,0.068793,0,3.95449,0.291333,0.00328379,0.0355567,2.03164,0
122.090521542,0,0.950264,0.143254,1.87493,0.0582687,0,3.83685,0.309098,0.00479481,0.00584674,2.21879,0
122.136961451,0.0193401,1.12984,0.200805,1.59077,0.36746,0.00162107,3.7282,0.299989,0.00373072,0.0281713,2.60216,0
122.183401361,0.0287235,1.23864,0.0873454,1.46261,0.375886,0.0183319,3.75002,0.236974,0.00284159,0.0686841,2.56279,0
122.229841270,0.043781,1.2352,0.0019218,1.44634,0.355454,0,3.75612,0.25328,0.00245884,0.115685,2.49574,0
122.276281179,0.0404187,1.19493,0.00212187,1.53825,0.305077,0,3.64491,0.399508,0.0117895,0.127155,2.56093,0
122.322721088,0,0.99432,0.0906334,1.95024,0.160733,0,3.4492,0.614669,0.0602855,0.123273,2.62012,0.0031215
122.369160998,0,0.78283,0.00338971,2.30074,0.0504243,0,3.22591,0.723352,0.0844167,0.124505,2.58807,0.0243545
122.415600907,0,0.790553,0.00364699,2.67063,0.00857168,0.0339658,2.53238,0.944387,0.0734459,0.036359,2.57891,0.0229095
122.462040816,0.0287268,0.736903,0.00328793,3.06467,0.140813,0.501947,2.15367,0.274392,0.0462894,0,2.31461,0.000455918
122.508480726,0.133914,1.01861,0.00283496,2.92478,0.477189,0.5779,2.10552,0.0357364,0.0100147,0.00217345,2.38477,0.000563153
122.554920635,0.175002,1.45369,0.00266787,2.54067,0.73124,0.516701,2.09174,0.151727,0.0133997,0.0154385,2.46133,0.000462874
122.601360544,0.0900591,1.59985,0.0033078,2.40958,0.878837,0.305172,2.03783,0.29255,0.012234,0.0942062,2.22534,0.0637469
122.647800454,0.0412441,1.5383,0.00411167,2.69553,0.520328,0,2.13714,0.438693,0.0082565,0.137502,1.78847,0.0886233
122.694240363,0.0287769,1.5336,0.00295537,2.94982,0.0345042,0.0369906,2.34734,0.739843,0.00484579,0.139262,1.59387,0.0654523
122.740680272,0,1.41804,0.00218784,3.10202,0.0115089,0.015008,2.39007,0.733905,0.00556462,0.0871615,1.97574,0.0350127
122.787120181,0,1.2375,0.00180181,2.87795,0.0142698,0,2.53342,0.632199,0.0082275,0.0707893,2.24889,0.000892858
122.833560091,0,1.27638,0.00261608,2.38553,0.0158228,0,2.61911,0.430767,0.0450513,0.0638696,2.20454,0.187016
122.880000000,0,1.02973,0.0141153,2.41213,0.0136486,0,2.71667,0.10979,0.24693,0.152877,2.12013,0.441912
122.926439909,0,0.711715,0.070888,2.66599,0.0558465,0,2.90939,0,0.216526,0.162871,2.23278,0.0451397
122.972879819,0.0118609,0.795912,0.119054,2.57271,0.120615,0.00518956,2.54001,0,0.0602311,0.138898,2.20328,0.0287056
123.019319728,0.00824091,0.608572,0.0803164,1.79172,0.238938,0.0130161,2.96885,0,0.189702,0.134378,2.21224,0.137435
123.065759637,0.00934575,0.596798,0.118489,1.32834,0.334241,0,3.19533,0,0.258278,0.133122,2.0991,0.114543
123.112199546,0.0461838,0.779872,0.0066831,1.33368,0.152406,0,3.45867,0,0.13886,0.149033,1.8497,0.0259939
123.158639456,0.0583176,0.885558,0.00109587,1.24741,0.12196,0.0287279,3.80523,0.00162071,0.143122,0.134799,1.53155,0.00567205
123.205079365,0.163362,0.847339,0.00101422,0.639295,0.65507,0.32417,3.89378,0.0011955,0.143031,0.107047,1.547,9.69515e-05
123.251519274,0.143603,0.954332,0.00219805,0.701896,0.676717,0.381425,3.81643,0.13145,0.137321,0.0479594,1.79167,6.52688e-05
123.297959184,0.0168969,1.06791,0.00231445,1.38709,0.41343,0.0605446,3.66976,0.181749,0.121769,0.0135964,1.9579,0.0284515
123.344399093,0.0374233,0.849216,0.00176701,1.6313,0.11968,0,3.63656,0.304958,0.117945,0.0140783,2.01617,0.0630237
123.390839002,0.0136779,0.693235,0.00167844,1.75473,0.117779,0.0036253,3.64572,0.445168,0.103471,0,1.97545,0.05625
123.437278912,0,0.739233,0.01885,1.88692,0.107548,0.000419618,3.65718,0.479095,0.0616683,0,1.78377,0
123.483718821,0,0.763272,0.0443912,1.89042,0.0625053,0.00521875,3.70103,0,0.0599515,0.145038,1.39269,0
123.530158730,0.00613307,0.953151,0.0753102,1.37248,0.02757,0.025845,3.68731,0.00245507,0.105748,0.300442,1.47847,0.276767
123.576598639,0.0703648,1.68611,0.303285,0.806798,0.0182226,0.10002,3.39999,0.0991138,0.174827,0.559214,1.16875,0.167579
123.623038549,0.103722,2.32764,0.578451,0.354259,0,0.110395,2.86632,0.204482,0.464203,0.686242,0.980531,0.362794
123.669478458,0.0804913,2.34153,0.61226,0.263213,0.0459064,0.107539,2.83727,0.087397,0.490938,0.539832,1.00745,0.450274
123.715918367,0.0437905,2.24101,0.480415,0.191733,0.0706222,0.11963,3.17758,0.0967541,0.526716,0.555729,0.816186,0.376077
123.762358277,0,2.08841,0.176263,0,0.611004,0.142456,3.53327,0.116304,0.235856,0.13408,1.87225,0.479005
123.808798186,0,1.58343,0.218909,0,0.739762,0.0796387,3.50912,0.0843884,0.0209609,0,2.93144,0.366527
123.855238095,0.010337,1.23865,0.243682,0.0157187,0.877282,0.101015,3.34891,0.0616654,0.0201593,0,3.04286,0
123.901678005,0.045852,1.51644,0.235842,0,0.887086,0.438668,3.36186,0.0491271,0.0147073,0,3.10792,0.000140918
123.948117914,0.0936175,1.86242,0.187637,0,0.749268,0.438338,3.55973,0.0316819,0.0113664,0.000380346,2.96081,0.000287158
123.994557823,0.110613,2.13304,0.118617,0.0613314,0.530365,0.137841,3.67553,0.0372847,0.0135205,0.00058841,3.21392,0.00690405
124.040997732,0.226248,1.97297,0,0.159978,0.240543,0.0618851,3.6505,0.0299936,0.594354,0,2.46124,0.0318166
124.087437642,0.226653,1.78417,0.0188664,0.257437,0.0495112,0.0273374,3.63628,0.0368842,1.15099,0.0456251,1.67915,0.0173487
124.133877551,0.202527,1.5503,0.0339405,0.298701,0,0.0272173,3.63241,0.0368681,1.58745,0.135177,1.25358,0.0146698
124.180317460,0.202133,1.35544,0.0847,0.356975,0,0.0283636,3.5508,0.0290889,1.81278,0.0722148,0.893543,0.0376923
124.226757370,0.248565,1.09216,0.168912,0.379927,0,0.0320829,3.56888,0.015399,1.69659,0.159857,1.19496,0.053183
124.273197279,0.256939,1.15454,0.13721,0.475361,0.141455,0.0324913,3.664,0.00700393,1.38618,0.224007,1.28775,0.00494414
124.319637188,0.202485,1.42534,0.102829,0.493464,0.346628,0.176025,3.84107,0.0101837,0.756083,0.221556,1.54139,0
124.366077098,0.00423034,2.34222,0.0583494,0.275789,0.249874,0.0204072,4.02425,0.0164726,0.0926686,0.194881,2.09464,0
124.412517007,0.0248764,2.49623,0.0614231,0.178425,0.104838,0.0261881,3.96099,0.0139295,0.015451,0.0825278,1.81881,0.138335
124.458956916,0.0233846,2.53647,0.000783927,0.0270454,0.0344083,0.0319242,3.97007,0.0464289,0.0228267,0,1.66035,0.131338
124.505396825,0.033012,2.48622,0,0.0408523,0.046426,0.0308395,4.14345,0.0329254,0.0297099,0,1.42761,0.0407307
124.551836735,0.066097,2.12699,0,0.0351128,0.0757915,0.0311658,4.32992,0.0363977,0.0376559,0,1.5061,0
124.598276644,0.110104,1.73108,0.0274026,0.0262002,0.311118,0.103706,4.26282,0.0317885,0.0381046,0,1.81903,0
124.644716553,0.22811,1.27801,0.000369853,0.0166771,0.516962,0.131975,4.12875,0.0315699,0.0334108,0,1.94538,0
124.691156463,0.115324,1.37245,0.0190053,0.00418577,0.548293,0.219878,3.91483,0.0454464,0.0287449,0,1.83687,0
124.737596372,0.0262134,2.05246,0.0152027,0.00689972,0.359157,0.337761,3.67933,0.154184,0.0253417,0,1.50958,0.00122425
124.784036281,0,2.34625,0,0.100653,0.386646,0.368948,3.77179,0.184163,0.0254247,0,1.49766,0
124.830476190,0.0532696,2.33544,0,0.192243,0.0452822,0.444147,3.95084,0.0320438,0.0287257,0,2.17229,0.00282514
124.876916100,0.084791,2.19833,0.209053,0.317309,0.0302783,0.154254,3.88942,0.0218437,0.101101,0.0937727,2.33205,0
124.923356009,0,2.53023,0.178378,0.454085,0,0.302444,3.78874,0.0188634,0.503337,0.240474,1.68313,0
124.969795918,0,2.60714,0.167953,0.326396,0.046785,0.397141,3.54042,0.00569752,0.580598,0.245411,1.22907,0.0146257
125.016235828,0.190609,2.60627,0.0870707,0.278125,0.146448,0.463905,3.29525,1.86355e-05,0.527273,0.125555,0.564363,0.0419785
125.062675737,0.230991,2.41768,0.0572227,0.204485,0.226621,0.894779,2.87263,0.00478737,0.45797,0.161508,0.699262,0.509177
125.109115646,0.00406312,1.64534,0.062748,0.210563,0.162584,1.19936,2.80381,0.0115637,0.343846,0.173555,1.27136,1.07269
125.155555556,0.00256912,0.644828,0.203947,0.0161731,0.0210436,1.33324,2.82223,0.0161149,0.211483,0.033729,1.60675,1.21342
125.201995465,0,0.468961,0.248538,0,0.145898,1.00295,2.89537,0.0282336,0.0270018,0,2.05319,1.03839
125.248435374,0.0137489,0.259526,0.264262,0,0.357646,0.611582,3.11417,0.0406319,0.0277418,0,2.62925,0.697891
125.294875283,0.0819079,0.389188,0.288233,0,0.668822,0.382582,3.35673,0.0376655,0.0275654,0,3.01444,0.000331647
125.341315193,0.131123,0.245084,0.311889,0,0.700196,0.253038,3.6279,0.0333616,0.0286265,0.00113507,2.79323,0.000345028
125.387755102,0.157336,1.1067,0.186793,0.0831668,0.831192,0.244009,3.51971,0.027588,0.339555,0.000894763,2.23642,0.0148272
125.434195011,0.137525,1.71665,0,0.22418,0.613306,0.273707,3.27572,0.026543,0.807028,0.000397774,1.76235,0.0448275
125.480634921,0.171927,1.81411,0,0.208532,0.38904,0.233362,3.06846,0.0294107,1.64523,0,1.56497,0.0810066
125.527074830,0.19697,1.82881,0,0.354734,0.235558,0.179482,2.89926,0.0349882,2.02632,0,1.37996,0.162478
125.573514739,0.231537,1.90848,0.0343518,0.440839,0.184302,0.133465,3.11452,0.0363122,1.93571,0,1.33884,0.0186311
125.619954649,0.299806,2.10634,0.191464,0.759616,0.185536,0.081977,3.0857,0.0616103,1.36995,0.0582159,1.54924,0.220271
125.666394558,0.280981,2.2328,0.173833,0.536095,0.194428,0.0977026,3.2247,0.296871,0.582404,0.220212,1.85113,0.30379
125.712834467,0.132059,2.36149,0.124809,0.34751,0.236316,0.103041,3.40957,0.270513,0.227462,0.163654,2.23646,0.28476
125.759274376,0.162161,2.26884,0.132989,0.2809,0.29981,0.0560908,3.67129,0.0709225,0.0484455,0.178524,2.14848,0.130693
125.805714286,0.210189,1.76809,0.150708,0.129077,0.228174,0.0410057,4.00843,0,0.0538769,0.176895,1.75451,0.103261
125.852154195,0.234305,1.87759,0.162208,0.106999,0.18072,0.0178559,4.0923,0,0.0470654,0.183687,1.49813,0.151944
125.898594104,0.229156,2.03823,0.13679,0.251419,0.277382,0,4.11778,0,0.0353332,0.220633,1.06264,0.281081
125.945034014,0.167889,2.25703,0.106488,0.193952,0.474429,0.0315109,3.20416,0.377176,0.48564,0.203744,0.634524,0.13986
125.991473923,0.0668677,2.07663,0.0477956,0.0428778,0.309869,0.741206,2.36634,0.366093,1.35345,0.409314,0.487028,0
126.037913832,0.540516,1.78597,0.0700625,0.0011148,0.251264,1.05345,1.55297,0.221184,2.40361,0.33621,0.215521,3.18885e-05
126.084353741,1.01153,1.06705,0.099654,0.695744,0.618667,0.914285,0.600963,0,3.43511,0.101203,0.00185164,7.13275e-05
126.130793651,1.12615,0.921854,0.0388621,1.00334,0.518215,0.856555,0.408712,0.0489874,3.82526,0.109912,0.00388028,0
126.177233560,1.33976,1.76185,0.210157,0.948628,0.215209,0.678191,0.336687,0,3.55213,0.0685855,0.00502375,0
126.223673469,1.16307,2.65459,0.384176,0.790481,0.0313222,1.01165,0.458622,0,3.05399,0.0268432,0.00476057,0
126.270113379,0.854073,2.79963,0.314231,0.768686,0.0200592,1.27218,1.00551,0,2.59805,0.279392,0.00416722,0.02415
126.316553288,0.675561,2.3786,0.26101,0.739445,0.0462115,1.38829,1.065,0,2.68386,0.403285,0.00291085,0.0252639
126.362993197,1.01394,1.70241,0.506989,0.731278,0.16924,1.87583,0.596156,0,2.95115,0.271514,0.00166746,0.0292409
126.409433107,1.05934,1.72735,0.585519,0.702989,0.226065,2.08525,0.278717,0,2.83718,0.0545218,0.000737934,0.407661
126.455873016,0.622075,1.93984,0.248782,0.910474,0.219187,2.06599,0.63773,0,2.50659,0.0786158,0.0406662,0.530989
126.502312925,0.540071,1.97077,0.16039,1.23899,0.0904745,2.1392,1.08974,0,1.71001,0.105674,0.0223837,0.658178
126.548752834,0.538408,1.94134,0.120336,0.966683,0,2.2455,1.38332,0.011584,1.68283,0.10202,0.0110656,0.682814
126.595192744,0.452659,2.07093,0.105919,0.486433,0,2.31949,1.54879,0.0241219,1.77565,0.0386602,0.00244863,0.583089
126.641632653,0.486771,2.31849,0.0532957,0.202996,0,2.44412,1.69613,0.0375631,1.59185,0.00994854,0.00322059,0.243044
126.688072562,0.46556,2.45591,0.00510369,0,0.157396,2.52674,1.76076,0.0346858,1.30969,0.0447101,0.0481415,0.000676115
126.734512472,0.338139,2.50274,0.00399636,0.200985,0.452036,2.40126,1.46768,0.0288257,1.49385,0.414582,0.0153586,0.000609069
126.780952381,0.0922985,2.60242,0.00351099,0.334422,0.541009,2.1066,0.800606,0.0186147,1.91792,0.535467,9.14256e-06,0.000396231
126.827392290,0.0855486,2.70664,0.0032043,0.716021,0.297332,2.33156,0.173886,0.00334416,2.37015,0.37453,0,0.285331
126.873832200,0.218473,2.75617,0.00313229,0.823138,0.0303174,2.83339,0.392315,0.0014098,2.50272,0.0100875,0,0.312575
126.920272109,0.591388,2.7884,0.00329811,0.610898,0,2.94357,0.491764,0,2.44391,0.0104299,0.0145046,0.34148
126.966712018,0.681124,2.73818,0.00331883,0.418353,0.00691157,2.94483,0.469669,0,2.2526,0.0153478,0.0380955,0.388469
127.013151927,0.575028,2.65579,0.0229009,0.292946,0.0506148,2.8996,0.499549,0,2.1986,0.0117898,0.0926234,0.392448
127.059591837,0.364908,2.84557,0.15562,0.53568,0.317223,2.78722,0.62252,0.211164,2.27452,0.0704674,0.0316718,0.111404
127.106031746,0.336745,2.47457,0.452725,0.59248,0.187657,2.77483,0.567571,0.251694,2.51886,0.0923201,0.0803574,0.180438
127.152471655,0.269631,2.73179,0.172858,0.579357,0.158595,2.65654,0.643898,0.125652,2.51383,0.121327,0.0622655,0.187552
127.198911565,0.250362,3.17076,0.119897,0.475992,0.265987,2.72411,0.83509,0,2.52356,0.142303,0.0224266,0.256944
127.245351474,0.269322,3.40085,0.00369117,0.178728,0.0478251,2.83093,1.0445,0.00228154,2.37393,0.109228,0.0199625,0.392684
127.291791383,0.572447,3.1159,0.00248268,0.0467343,0,2.81713,1.43404,0.0104192,2.32261,0.0503291,0.0450549,0.314599
127.338231293,0.568788,2.92322,0.00288074,0.212537,0.056604,2.59486,1.73444,0.0151116,1.92262,0.011121,0.0377113,0.153757
127.384671202,0.163324,2.8647,0.00297967,0.153334,0.0981618,2.23257,1.73792,0.0141235,1.8179,0.118339,0.0721267,0.0763397
127.431111111,0.0152679,2.87871,0.0722542,0.0941303,0.346541,2.14906,1.49819,0.0138783,1.84173,0.177905,0.0204626,0.000414936
127.477551020,0.0663634,2.99687,0.0137485,0.0761759,0.416971,2.05952,1.25546,0.00105757,1.98999,0.100687,0.0491159,0.000319723
127.523990930,0.159191,3.167,0.0272381,0.394499,0.458655,1.98142,1.01585,0.00745166,2.09854,0.0583793,0.000705132,0.000164504
127.570430839,0.623425,3.1304,0.0496132,0.597375,0.382376,1.94049,0.802468,0,2.38262,0.00153607,0.00167453,6.62182e-05
127.616870748,0.722179,3.00276,0.0350825,0.722851,0.0558248,2.44509,0.365736,0,2.52417,0,0.00246852,0.307607
127.663310658,0.506066,2.96548,0.00347597,0.641048,0.000292149,2.97098,0.100661,0,2.53925,0,0.00163198,0.596545
127.709750567,0.329894,2.63209,0.0036194,0.489218,0.00825003,3.20402,0.147255,0,2.59627,0,0.0142047,1.15996
127.756190476,0.292869,2.73273,0.0042996,0.459041,0.120714,3.08208,0.127524,0.0343754,2.18625,0.27418,0,1.18153
127.802630385,0.179852,3.08569,0.181394,0.44973,0.1306,2.80144,0.0357859,0.0890922,1.97438,0.740166,0,0.911641
127.849070295,0.148223,3.34912,0.164806,0.537722,0,2.50673,0.231244,0,1.88673,0.927147,0,0.990133
127.895510204,0.0640964,3.57326,0.0449079,0.292619,0.0948438,1.99022,0.548707,0.00397386,2.07767,0.246524,0.114822,1.0128
127.941950113,0.010737,3.8036,0.0401866,0.279902,0.0837956,1.7348,0.695918,0.0214808,1.93152,0.0938773,0.176352,0.74329
127.988390023,0.0365309,4.06817,0.0623903,0.172768,0.0290962,1.74161,0.707538,0.0778341,1.91368,0.0214982,0,0.221507
128.034829932,0.0981022,4.04016,0.0504341,0.000443101,0.0911642,1.84952,0.608806,0.0493687,1.94563,0.111129,0.000400248,0.0264527
128.081269841,0.115081,3.86678,0.00181572,0.00738044,0.297061,2.12483,0.603774,0.052829,1.97722,0.040971,0.000651778,0.0269446
128.127709751,0.0949126,3.60261,0.00480441,0.105014,0.688839,2.05649,0.695803,0.0588069,1.88033,0.108732,0.0224653,0.135553
128.174149660,0.0937574,3.07585,0.0679906,0.230879,0.842018,1.79364,0.722603,0,1.90583,0.268225,0.0750973,0.187747
128.220589569,0.31225,1.85556,0.432347,0.12021,1.05916,1.28038,1.21399,0,1.13016,0.605883,0.000446333,0.198845
128.267029478,0.289121,1.14893,0.544013,0.618366,0.478225,1.06414,1.27372,0.00661721,0.202169,0.837504,0.0817341,0.96076
128.313469388,0.067401,0.456811,0.576053,1.23647,0.331692,0.862281,1.27356,0,0.242326,0.523839,0,1.4228
128.359909297,0.229338,0.154151,0.29902,1.7683,0.246854,0.407802,1.29881,0.0465681,0.340371,0.407843,0.0256252,2.1589
128.406349206,0.25574,0.00164558,0.0374182,1.68329,0.178937,0.0818689,1.21161,0.0829026,0.39025,0.375709,0.376129,2.41171
128.452789116,0.0951688,0.00227852,0.0322072,1.64902,0.18877,0.254103,0.859287,0.401123,0.197848,0.195113,0.638941,2.66202
128.499229025,0.263685,0.000796861,0.0343703,1.87074,0.173672,0.381427,1.76976,0.250007,0.0755815,0.0668893,0.391811,3.01468
128.545668934,0.0725921,0.0819526,0.0963486,1.80631,0.250239,0.112848,2.47255,0,0.0326,0.186117,0.386468,3.21017
128.592108844,0.253852,0.00190819,0.174339,1.48252,0.253051,0,2.66952,0.0481665,0.000551966,0.460593,0.671549,2.76136
128.638548753,0.13321,0.0777443,0.109431,1.09666,0.289612,0,2.83736,0.0824961,0.0193873,0.358089,0.376494,2.54824
128.684988662,0.206245,0.182384,0.0778717,0.985294,0.332258,0,3.07124,0,0.0401047,0.266891,0.260942,2.18388
128.731428571,0.123043,0.671353,0.0494239,0.812175,0.273469,0.00710882,3.18281,0,0.0961823,0.324996,0.0901517,2.07375
128.777868481,0.0261562,1.08663,0.0509543,0.67601,0.278762,0.387496,3.06773,0,0.308006,0.395656,0.55362,1.54129
128.824308390,0.21933,1.22242,0,0.786575,0.23014,0.286308,3.2694,0,0.295972,0.498525,1.00672,1.02662
128.870748299,0.250458,1.23739,0.00026613,0.768633,0.520361,0.278906,3.40808,0.326332,0.0592704,0.252039,1.80803,0.40248
128.917188209,0.159814,0.901119,0.413573,0.00243583,0.569524,0.291229,3.38587,0.329198,0.130663,0.00325782,2.46682,0.470613
128.963628118,0.253409,0.796458,1.06118,0.00319472,0.475446,0.252795,3.16751,0.340571,0.510762,0.00667814,2.28662,0.436491
129.010068027,0.700284,0.519895,1.17339,0,0.275142,0.279368,2.76358,0.174578,0.815847,0.00220832,2.16399,0.250879
129.056507937,1.13915,0.252633,0.965139,0.0545701,0.504193,0.180691,2.15642,0.142928,0.719667,0.00654036,2.11117,0.137813
129.102947846,1.16823,0.073114,0.906404,0.0988708,0.695446,0.171409,2.1135,0.065304,0.422076,0.0931483,2.02491,0.302984
129.149387755,0.678851,0.126499,0.65167,0.106939,0.554221,0.174588,2.55608,0.0477265,0.312449,0.17827,1.83336,0.755179
129.195827664,0.106951,0.183022,0.446761,0.641655,0.258181,0.0392599,2.65948,0,0.997521,0.190733,1.58904,0.889668
129.242267574,0.14734,0.00123277,0.0953021,1.46835,0.104535,0.0360237,2.27103,0,1.90089,0.216429,0.708112,1.42922
129.288707483,0.0518186,0.0119768,0.0190682,1.45122,0.28505,0.0246868,1.73106,0.0231254,2.98981,0.271919,0.376621,1.75572
129.335147392,0.0746421,0.0859485,0.0177322,1.60296,0.273414,0.0270584,1.17962,0,3.34841,0.19969,0.195338,1.98034
129.381587302,0.409434,0.113917,0,2.04988,0.0372817,0,0.75257,0.00457627,3.54345,0.107403,0.168862,2.52942
129.428027211,0.612286,0.10674,0,2.36287,0,0,0.689493,0.00723132,3.58079,0.0744839,0.0875137,2.90996
129.474467120,0.826023,0.110883,0.0627041,2.64124,0,0.0183849,0.868187,0.0043824,3.22449,0.0577632,0.000121634,2.82538
129.520907029,0.620444,0.077182,0.0942111,2.31111,0.658835,0.472766,1.04351,0.00273875,3.1252,0.0503071,0,2.19129
129.567346939,0.234084,0.0390395,0.00206064,1.88662,0.913309,0.496521,1.1098,0.0071727,3.34264,0.0424995,0,2.11293
129.613786848,0.284449,0.030927,0.000254654,1.84885,0.561348,0.183161,0.996789,0.0101294,3.50507,0.0380349,0.0373341,2.26451
129.660226757,0.513497,0.0394875,0.000687472,1.93521,0.24797,0.0556195,0.623815,0.0190687,3.67566,0.0144296,0.105509,2.23395
129.706666667,0.617824,0.000282152,0.000726713,1.94806,0.218165,0.0637501,0.415666,0.0249624,3.78434,0.00698641,0.1133,1.97802
129.753106576,0.666732,0,0.000830113,1.94195,0.156456,0.0239266,0.441576,0.0238656,3.75539,0.0147389,0.149408,1.69761
129.799546485,0.628756,0.0129605,0.110127,1.94333,0.174711,0,0.507209,0.0162577,3.56203,0.00218599,0.128657,1.39188
129.845986395,0.637847,0.0690477,0.179988,1.99327,0.0793642,0.00572733,0.452427,0.0114789,3.42245,0.0273144,0.0962766,1.42386
129.892426304,0.335356,0.0940073,0.186278,2.07692,0.0751671,0.00589802,0.226068,0,3.39399,0.0463037,0.238636,1.77234
129.938866213,0.00315043,0.108053,0.183806,2.23768,0.0980583,0,0.24789,0.00118003,3.34657,0.0535213,0.225052,2.1015
129.985306122,0,0.143029,0.173949,2.05004,0.168146,0,0.454955,0.000441085,3.2554,0.0654338,0.119713,2.09972
130.031746032,0,0.14025,0.111365,2.07562,0.244896,0,0.491162,0.0230462,3.26344,0.0248511,0.14738,1.99328
130.078185941,0,0.0489015,0.0392484,2.03222,0.214488,0,0.386052,0.0368343,3.44669,0.0336355,0.126139,2.23986
130.124625850,0,0.0164173,0,2.18059,0.0295881,0,0.238703,0.0319605,3.51453,0.0608919,0.0678542,2.6534
130.171065760,0.0157457,0.034433,0.0482135,2.17682,0,7.50269e-06,0.433292,0.0251582,3.41905,0.0479054,0.0067808,2.7515
130.217505669,0.0350689,0.0605034,0.0708943,1.89746,0.291986,0.0199205,0.371904,0.0219419,3.40335,0.0707283,0,2.64547
130.263945578,0.019489,0.0603253,0,1.96195,0.684445,0.116673,0.27821,0.0278375,3.48007,0.0906925,0,2.40241
130.310385488,0.000930145,0.0375793,0,2.10519,0.467122,0.118376,0.263013,0.0264219,3.5662,0.0786584,0,2.65051
130.356825397,0.0290354,0.00936985,0.000119909,2.36608,0.276428,0.185293,0.239838,0.0199815,3.65473,0.0275987,0,2.64164
130.403265306,0,0,0,2.53203,0.257272,0.177049,0.330755,0.0197985,3.62106,0.0151146,0.000856748,2.35334
130.449705215,0.00424259,0,0.0158514,2.49005,0.242429,0.0331353,0.419586,0.0224116,3.61182,0.0226008,0.00229089,2.08038
130.496145125,0,0,0.141693,2.41488,0.363768,0,0.261524,0.0161738,3.55365,0.014093,0.00187104,1.89385
130.542585034,0,0,0.17876,2.58938,0.38127,0.023678,0.216021,0.0201417,3.50237,0.127333,0.000810426,1.90863
130.589024943,0,0,0.130484,2.52222,0.379276,0.0546835,0.118976,0.0162976,3.53612,0.303536,0.0751916,2.05544
130.635464853,0,0.0352895,0.0878306,2.54786,0.377004,0.0608196,0.0685408,0,3.54816,0.375897,0.128416,2.13256
130.681904762,0,0.056006,0.0606493,2.62087,0.325453,0.0641214,0.28662,0,3.56772,0.161367,0.0713064,1.85615
130.728344671,0.00994098,0.0505773,0.00744302,2.67171,0.260676,0.0367336,0.36627,0.00679433,3.584,0.0693634,0.00190231,1.90633
130.774784580,0.0939182,0.0182322,0,2.62622,0.191774,0,0.446687,0.0263629,3.67242,0.0270782,0.00102785,1.86768
130.821224490,0,0.00289575,0,2.60105,0.0558603,0,0.559003,0.0292512,3.6355,0.0278451,0.000363612,2.18811
130.867664399,0.0140621,0.00242816,0.0863446,2.47911,0.055589,0.144035,0.72752,0.0201423,3.28994,0.0260902,6.05766e-05,2.37717
130.914104308,0.121371,0.0184354,0.0744011,1.76738,0.904931,0.582594,0.76541,0.0147607,3.10334,0.0286992,0,1.90548
130.960544218,0.317561,0.00884514,0.00046499,1.51201,1.37353,0.479911,0.370154,0.0201654,3.19594,0.0379566,0,1.68886
131.006984127,0.301593,0.0124923,0.000982716,1.71373,1.1013,0.295837,0.137183,0.0126931,3.34011,0.0344941,0,1.81068
131.053424036,0.263726,0.00118865,0.000792494,2.05872,0.514722,0.103347,0.294486,0.00927059,3.52121,0.0373613,0,2.04749
131.099863946,0.306779,0.000980601,0.00140954,2.34181,0.352108,0.149225,0.402677,0.0130314,3.61666,0.0304395,0,2.01894
131.146303855,0.486226,0.000602186,0,2.4055,0.136939,0.100673,0.449201,0.0128101,3.75001,0.0626663,0,1.96645
131.192743764,0.675823,0.0348715,0.103905,2.21366,0.168097,0,0.375958,0,3.71467,0.0787427,0,1.82815
131.239183673,0.784991,0.124173,0.203308,2.12292,0.161085,0.0511403,0.303688,0,3.64695,0.102819,0,1.82001
131.285623583,0.766185,0.149043,0.212774,2.15823,0.229897,0.0553765,0.255732,0,3.58235,0.147211,0,1.97328
131.332063492,0.669339,0.140091,0.200042,2.22404,0.41643,0.048594,0.0881532,0,3.64895,0.160778,0,2.39441
131.378503401,0.595708,0.0331817,0.229872,2.19065,0.28831,0.0362644,0.00272539,0.00109158,3.95815,0.136605,0.0611751,2.56531
131.424943311,0.564538,0.0214522,0.196761,2.11351,0.211356,0.0700579,0.000983706,0.00316041,3.82784,0.116832,0.290789,2.75022
131.471383220,0.120822,0.0617692,0.178144,1.56218,0.189336,0.0398936,0.573415,0.00165595,3.60357,0.103482,0.412542,2.80943
131.517823129,0.0924076,0.156063,0.150847,0.894029,0.0428462,0.00915427,1.28135,0,3.02481,0.130605,0.486895,2.67311
131.564263039,0.20307,0.636217,0.127357,0.70987,0.344946,0,1.56157,0.0384474,2.72878,0.124685,0.4868,2.15381
131.610702948,0.172216,0.978681,0.114379,0.476847,0.683817,0.299151,1.56562,0.152752,2.68549,0.116441,0.494431,1.38306
131.657142857,0.163437,1.22426,0.00673573,0.270383,0.688101,0.441253,1.33044,0.162518,2.72164,0.544258,1.0979,0.810168
131.703582766,0.107605,1.10031,0.202745,0.919556,0.517379,0.560639,1.0573,0.0292764,2.19731,0.483508,1.49423,0.738707
131.750022676,0.0639381,0.473553,0.259649,1.32127,0.474809,0.328559,0.858597,0.0551994,1.98215,0.123347,2.23871,0.518202
131.796462585,0.0200905,0.571475,0.327375,1.3953,0.117135,0.0940208,0.678362,0.0743076,2.33764,0.011786,2.66613,0.591425
131.842902494,0,0.537709,0.266681,1.89896,0.0388823,0.228783,0.805976,0.416414,2.3513,0.156385,2.46722,0.730622
131.889342404,0,0.480553,0.304808,2.11541,0.0473667,0.32872,0.967001,0.442335,2.59617,0.269909,1.73281,1.16274
131.935782313,0,0.481019,0.194097,2.47932,0.438112,0.177086,0.818472,0.0395035,3.27519,0.0412331,0.605184,1.35156
131.982222222,0.0917803,0.549927,0.0437146,2.51594,0.438495,0.0191813,0.355156,0.216359,3.45117,0.0307501,0.421271,1.09903
132.028662132,0.14498,0.529992,0.000636093,2.65906,0.0714904,0.0135934,0.161754,0.373606,3.49881,0.025068,0.327296,0.90081
132.075102041,0.179447,0.636443,0.0609161,2.5888,0.0612633,0.0133193,0.240851,0.712804,3.40604,0.0681015,0.392371,0.660497
132.121541950,0.168067,0.485627,0.188843,2.45934,0.0261152,0.00814168,1.13037,1.00167,3.01674,0.0920355,0.739211,0.676271
132.167981859,0.176459,0.466517,0.22023,2.3212,0.0148474,0.0142226,2.41329,0.951422,1.95796,0.077686,1.07215,0.679938
132.214421769,0.0369442,0.557105,0.1006,2.0331,0.0117806,0.0193889,3.19071,0.728063,0.869688,0.0313215,1.5667,0.734093
132.260861678,0,0.553885,0.0861568,2.07554,0.0107185,0.0237031,3.32346,0.521994,0.300218,0.0242865,1.94297,0.582648
132.307301587,0.0187716,0.535485,0.0335013,2.05998,0.0650448,0.0544748,3.07484,0.519057,0.30077,0,2.09019,0.647315
132.353741497,0.078604,0.395611,0.00189869,2.12426,0.620079,0.230585,3.35825,0.484998,0.365524,0.0236902,1.87056,0.685275
132.400181406,0.0510623,0.461579,0.00321335,2.19441,0.971073,0.276421,3.41728,0.547348,0.336904,0,1.91858,0.586732
132.446621315,0.0088936,0.330673,0.053892,2.31633,0.809282,0.161996,3.36226,0.599312,0.291129,0,2.0451,0.573913
132.493061224,0.0144355,0.221491,0.0393986,2.67462,0.141372,0.121898,3.40154,0.468562,0.422289,0,1.88995,0.803255
132.539501134,0.0115471,0.0952996,0.00710165,2.72506,0.0531224,0.136147,3.42607,0.414286,0.362402,0,1.55679,0.890065
132.585941043,0,0,0.0025704,2.48091,0.0461268,0.191143,3.47666,0.385847,0.0390007,0.0307319,1.71342,0.83876
132.632380952,0,0,0.002213,2.14509,0.046701,0.259721,3.5049,0.458883,0.0413639,0.0173562,2.03122,0.607039
132.678820862,0,0.0266065,0.0272865,1.82676,0.0629041,0.336781,3.36969,0.274251,0.176928,0.050696,2.27789,0.491091
132.725260771,0,0.0391682,0.00271565,1.97871,0.165792,0.681545,2.77015,0,0.32417,0.0887901,2.35617,0.535952
132.771700680,0.013442,0.209678,0.00436241,2.62047,0.16768,0.888998,1.84367,0.0392472,0.492195,0.134515,1.95688,0.443798
132.818140590,0,0.310576,0.00268052,3.02119,0.0890633,0.744806,0.993643,0.456423,0.379342,0.148853,1.70804,0.217429
132.864580499,0,0.161872,0.00174975,3.0036,0.0203647,0.504817,1.23796,0.654598,0.0941151,0.0970396,1.87854,0.207378
132.911020408,0,0.0673792,0.00298774,2.94077,0.0179568,0.573325,1.59271,0.733796,0.105754,0.0359498,2.05945,0.166739
132.957460317,0,0,0.00336552,2.69709,0.326747,0.633855,2.08709,0.921203,0.0639344,0.0283243,2.31552,0.102078
133.003900227,0,0.152871,0.00402648,1.91886,0.676179,0.534093,2.3426,0.949594,0.0443141,0.014908,2.66001,0.0493618
133.050340136,0.0428118,0.476564,0.00408369,1.05682,0.695945,0.662264,2.64274,0.604015,0.0179767,0.0167733,2.71228,0.000187425
133.096780045,0.0175715,0.575205,0.00291629,0.946074,0.49244,0.484237,3.33571,0.235966,0.00893206,0,2.6848,0.0346057
133.143219955,0.00108581,0.678279,0.00247634,1.55062,0.147851,0,3.57456,0.188805,0.00740658,0,2.63018,0.205683
133.189659864,0,0.52502,0.00262564,2.04704,0.0832113,0.137939,3.41063,0.460819,0.00985542,0,2.42271,0.133246
133.236099773,0,0.462126,0.00321877,2.26065,0.0748208,0.250288,3.34925,0.520472,0.011182,0.009984,2.28019,0.102015
133.282539683,0,0.396063,0.0039558,2.2892,0.0545365,0.24964,3.36097,0.383782,0.0110204,0.0183519,2.40678,0.0961963
133.328979592,0,0.522428,0.221741,2.0757,0.0494737,0.16834,3.3518,0.432372,0.0133458,0,2.75599,0.0622947
133.375419501,0.0146836,0.620647,0.177558,1.73221,0.384508,0.0366263,3.44799,0.360667,0.0156844,0.0297562,3.08854,0
133.421859410,0.0285593,0.717259,0.0590371,1.63968,0.393387,0.0267974,3.55686,0.301228,0.0160824,0.0772317,3.05927,0
133.468299320,0.0382126,0.818546,0.00159357,1.75307,0.32388,0.00801664,3.40532,0.317581,0.0111187,0.120537,3.06063,9.9593e-06
133.514739229,0.0307295,0.795334,0.0159631,2.26122,0.231958,0.205227,2.79145,0.436009,0.031114,0.1133,3.02034,5.41291e-05
133.561179138,0,0.694734,0.120901,2.8782,0.0563937,0.407927,2.02181,0.581606,0.0722541,0.0762067,2.96491,7.99055e-05
133.607619048,0,0.488295,0.00323085,3.10237,0.00678167,0.367428,1.78437,0.663894,0.0912434,0.0429351,2.89907,6.6934e-05
133.654058957,0,0.480714,0.00368929,3.01337,0.00788604,0.625907,1.92223,0.492782,0.0685322,0.0119413,2.59438,0.000130664
133.700498866,0.0762629,0.730101,0.00311968,2.59536,0.397038,0.819171,1.93254,0.0702519,0.0459591,0.00814204,2.36628,0.000517609
133.746938776,0.107265,0.944692,0.00267589,2.53781,0.692717,0.829115,1.7629,0.19614,0.0157999,0.003852,2.37212,0.000592303
133.793378685,0.0886123,0.972238,0.00241499,2.57503,0.825911,0.957655,1.39107,0.261591,0.0172649,0.00256329,2.58811,0.000499569
133.839818594,0.00623073,1.06697,0.0675198,2.43333,0.860375,0.598163,1.05011,0.36355,0.0155893,0.001755,3.06062,0.0718615
133.886258503,0.00164841,1.02054,0.175831,2.55677,0.277092,0.359133,1.14018,0.602548,0.0082542,0,2.93306,0.098874
133.932698413,0,0.887246,0.183191,2.79586,0.00483531,0.391525,1.28872,0.768025,0.00809168,0.0493104,2.77584,0.0685913
133.979138322,0,0.65703,0.15256,2.9545,0.00727373,0.411045,1.44545,0.725814,0.0138084,0.042335,2.90567,0.0229651
134.025578231,0,0.651927,0.110289,2.7891,0.00890242,0.494346,1.4231,0.586393,0.0324012,0.047038,3.00803,0.000210997
134.072018141,0,0.554003,0.0337817,2.57042,0.00938492,0.662854,1.34119,0.403253,0.185189,0.0460285,2.73974,0.134479
134.118458050,0.00157047,0.310649,0.0871647,2.48415,0.00857189,0.648318,1.30817,0.0494657,0.335726,0.103686,2.56574,0.170408
134.164897959,0,0.28849,0.255462,2.43048,0.0331744,0.591924,1.53429,0,0.164626,0.144025,2.83083,9.51667e-05
134.211337868,0.00556428,0.308546,0.241548,2.09886,0.0613049,0.313354,2.63768,0,0.0761773,0.138869,3.16175,0.0429351
134.257777778,0.00160142,0.340392,0.109791,1.67971,0.160801,0.0762022,3.41693,0,0.0715662,0.12085,3.13669,0.0694073
134.304217687,0.00416545,0.69624,0.12941,1.31372,0.204225,0,3.64715,0,0.046288,0.132144,2.84995,0.00358812
134.350657596,0.0598088,0.949139,0.00251492,1.03261,0.0211545,0,3.7851,0.00127304,0.0381574,0.137832,2.31765,0.0708465
134.397097506,0.155141,0.823659,0.000837096,0.60986,0.0797006,0.0614727,3.80852,0.00397502,0.0928383,0.12116,1.44244,0.204349
134.443537415,0.101617,0.718075,0.00103483,0.405339,0.208313,0.368955,3.79027,0.00208763,0.142717,0.096962,1.71717,0.124558
134.489977324,0.0743619,0.91585,0.00342557,0.544614,0.472068,0.364467,3.69456,0.138191,0.141176,0.0288852,2.14785,0.000141754
134.536417234,0.00890911,0.933745,0.00225048,1.22253,0.185705,0,3.62864,0.145328,0.122752,0.0130225,2.60641,0.0353336
134.582857143,0.0378388,0.740133,0.00173923,1.57126,0.0249663,0,3.5784,0.301961,0.102085,0.0072229,2.91137,0.0647205
134.629297052,0.00960755,0.683815,0.00598964,1.73623,0.0147707,0.0440799,3.45764,0.508346,0.0842852,0,3.04481,0.057456
134.675736961,0,1.55629,0.0319535,1.98504,0.0289608,0.0413552,3.13885,0.565919,0.00823294,0,2.73849,0
134.722176871,0,2.03617,0.023953,1.83407,0.0382276,0.0224648,2.87703,0.177465,0.225794,0.116932,2.04938,0.0958624
134.768616780,0.0397176,2.20221,0.195167,1.27628,0.0264909,0.0201207,2.52318,0.17323,0.426532,0.249274,1.86196,0.14787
134.815056689,0.0847961,2.54922,0.326802,1.14753,0.0153038,0.025425,2.314,0.112977,0.396287,0.233504,1.46736,0.194431
134.861496599,0.108541,2.77352,0.532206,0.435499,0.010068,0.0152743,2.2055,0.223358,0.225987,0.253648,1.7304,0.508367
134.907936508,0.0929119,2.40435,0.662707,0.269293,0.184795,0.0225554,2.4409,0.116506,0.190635,0.431637,1.77289,0.591668
134.954376417,0.027087,2.10553,0.436109,0.155716,0.27068,0.185279,2.74269,0.110429,0.220536,0.495806,2.0104,0.536833
135.000816327,0,2.02511,0,0.0100856,0.806301,0.279178,2.84071,0.121156,0.121359,0,2.28057,0.543373
135.047256236,0,1.8389,0.101524,0.0069685,0.768474,0.367289,2.87319,0.0795278,0.07343,0,2.3609,0.288662
135.093696145,0.0162059,1.96047,0.104313,0,0.829397,0.547893,2.63144,0.0561082,0.19041,0,2.59161,0.000431411
135.140136054,0.0941785,2.19562,0.0325729,0,0.765014,0.834581,2.62382,0.0416784,0.0204764,0.0488813,2.81307,0.000535777
135.186575964,0.125751,2.06211,0,0.0402878,0.68931,0.798038,2.70688,0.0329732,0.276331,0.142893,2.47586,0.000495856
135.233015873,0.173612,1.95388,0.0295239,0.192163,0.631486,0.318798,2.56567,0.0288513,1.02237,0.127672,2.45799,0.00170983
135.279455782,0.157407,1.75765,0.0287587,0.2774,0.321597,0.254337,2.55069,0.0321828,1.62205,0,1.9077,0.0266736
135.325895692,0.311042,1.64292,0,0.252602,0.207334,0.268711,2.54362,0.0363112,1.77818,0,1.44143,0.2809
135.372335601,0.393869,1.34353,0,0.346497,0.240248,0.236712,2.65374,0.0349476,1.82877,0,1.04234,0.527836
135.418775510,0.368793,1.23373,0.0969595,0.280084,0.221767,0.173132,2.82977,0.0254258,1.9373,0,0.866684,0.48061
135.465215420,0.318141,1.2853,0.200089,0.13543,0.0981885,0.117949,3.05221,0.0107814,1.99926,0.140416,0.964018,0.288301
135.511655329,0.224523,1.50848,0.147943,0.310341,0.169806,0.470104,3.27319,0.00689147,1.5402,0.214411,1.3594,0.0897527
135.558095238,0.0699389,2.08002,0.0368555,0.236546,0.338103,0.713323,3.28215,0.0119353,0.800417,0.169116,2.5398,0
135.604535147,0,2.59281,0.0555427,0.157492,0.253719,0.0572863,3.73042,0.0156074,0.233498,0.195891,3.03527,0
135.650975057,0,2.67573,0.0896883,0.124107,0.066575,0.0453106,3.8332,0.0128106,0.122791,0.0244414,2.93026,0
135.697414966,0,2.52228,0,0.0351388,0.0306563,0.0782625,4.11579,0.0247052,0.0307316,0,2.91088,0
135.743854875,0,2.32929,0,0.0469972,0.047162,0.0384835,4.18734,0.0343154,0.0326196,0,2.78142,0
135.790294785,0.0709189,1.8432,0.0178719,0.0351259,0.105555,0.030453,4.20338,0.0350736,0.0550867,0,2.81403,0
135.836734694,0.0803542,1.49031,0.0271557,0.0284987,0.269196,0.0298628,4.20708,0.0302644,0.0354488,0,2.84413,0
135.883174603,0.116258,1.18322,0,0.0199007,0.398879,0.0269983,4.18117,0.031777,0.0321168,0,2.7978,0
135.929614512,0.074819,1.34931,0,0.0101772,0.424501,0.0306403,4.10403,0.0476675,0.032756,0,2.6988,0
135.976054422,0,1.92734,0,0,0.353966,0.139184,3.90716,0.167585,0.0676564,0,2.73794,0.00997175
136.022494331,0,2.00466,0,0,0.314928,0.226729,3.82834,0.180261,0.175575,0,2.8733,0
136.068934240,0.0999486,2.02967,0,0,0.0636396,0.35982,3.8394,0.0323591,0.157282,0,3.00789,0.0148799
136.115374150,0.265149,2.25189,0.195658,0.147283,0.0878683,0.20725,3.71463,0.0217542,0.312829,0.069939,2.66922,0
136.161814059,0.152312,2.3218,0.19269,0.287305,0.0313445,0.362545,3.69529,0.0152749,0.648134,0.184646,1.75382,3.1927e-06
136.208253968,0,2.21179,0.185062,0.295248,0.0972771,0.382437,3.70664,0.00116115,0.613773,0.213398,0.820211,2.1597e-05
136.254693878,0,2.13389,0.0898587,0.252721,0.169131,0.288038,3.52244,0.000489889,0.462448,0.15408,0.916516,0.0144919
136.301133787,0,1.88684,0.0420672,0.242875,0.198742,0.51212,3.31339,0.00948791,0.465851,0.23524,1.2167,0.0151529
136.347573696,0,1.55894,0.0404518,0.216565,0.210042,0.632598,3.25457,0.0148241,0.45803,0.174475,1.47253,0.0586503
136.394013605,0,1.36448,0.0677097,0.0849171,0.376934,0.455756,3.17119,0.0204777,0.335424,0.0163188,2.33727,0.148027
136.440453515,0,1.00063,0.13754,0.0676788,0.53216,0.327431,3.1253,0.0331888,0.152226,0,2.84706,1.09026e-05
136.486893424,0.0204889,0.716342,0.169746,0,0.867952,0.248653,2.97745,0.0412604,0.0775654,0,2.93918,8.93741e-05
136.533333333,0.141471,0.85245,0.0678888,0,1.36318,0.121432,2.68415,0.0382906,0.445877,0,2.89507,4.76483e-05
136.579773243,0.212949,1.04463,0.00774485,0,1.49868,0.0305611,2.4707,0.0333639,1.14665,0,2.52557,0.00431434
136.626213152,0.163315,1.34677,0.0575751,0.30778,1.02436,0.0225837,2.60786,0.0259481,1.72692,0.000241332,1.8668,0.0330615
136.672653061,0.119458,1.48065,0.149477,0.325441,0.815655,0.0243626,2.55924,0.0259208,1.75206,0,1.9232,0.128327
136.719092971,0.0501729,1.51306,0.226595,0.341588,0.497756,0.0262831,2.21054,0.0298505,2.20464,0,1.67427,0.309717
136.765532880,0.204849,1.69761,0.084992,0.427193,0.394071,0.0673606,1.88377,0.0349494,2.40172,0,1.26236,0.510064
136.811972789,0.296946,1.8968,0.0784015,0.603774,0.379197,0.0506685,2.02992,0.0319555,2.23472,0,1.04947,0.261725
136.858412698,0.309207,2.56714,0.21682,0.995056,0.405488,0.033321,1.40934,0.176878,1.54369,0.0777708,1.1447,0.417622
136.904852608,0.294964,2.78628,0.178865,0.715048,0.290766,0.0398952,1.48799,0.318205,1.43306,0.114801,1.30764,0.404613
136.951292517,0.277324,2.60386,0.122106,0.303919,0.199156,0.0667439,1.95192,0.267008,1.24683,0.162905,1.94374,0.297598
136.997732426,0.115977,1.912,0.256631,0.295931,0.215818,0.10737,3.2087,0,0.271759,0.184506,2.56445,0.0680879
137.044172336,0.0528337,1.52699,0.320077,0.133188,0.137154,0.102067,3.60872,0.0206028,0.0308999,0.16817,2.68849,0.122288
137.090612245,0.123073,1.78211,0.188909,0.081337,0.120583,0.0533212,3.82327,0.00152681,0.0200719,0.174607,2.69098,0.184887
137.137052154,0.220386,2.22644,0.129621,0.251017,0.140193,0.0484613,3.99431,0,0.000541663,0.20264,2.19812,0.298605
137.183492063,0.138906,2.31561,0.0221318,0.182784,0.189133,0.248117,3.60289,0.470505,0.688951,0.182461,1.46074,0.124223
137.229931973,0.00911417,2.17366,0,0.0414428,0.191193,0.63615,2.88551,0.399207,1.84204,0.39223,1.2632,0
137.276371882,0.350196,1.84907,0.0108239,0.304538,0.229225,1.06081,1.27643,0.165208,2.86975,0.257461,1.03712,0
137.322811791,0.624913,1.22247,0.0657666,0.943416,0.567245,1.59697,0.0255116,0,3.52737,0.0641883,0.56368,0
137.369251701,0.725724,1.53595,0.0724561,0.939812,0.418546,1.31388,0.26584,0.0316086,3.66407,0.116041,0.360534,0
137.415691610,0.725106,2.75097,0.209951,0.825492,0.225875,0.863528,0.25598,0,3.25004,0.0512928,0.254419,0
137.462131519,0.41521,3.3295,0.284202,0.703912,0.0269504,0.635144,0.505326,0,2.91527,0.063949,0.256044,0.000906467
137.508571429,0.297215,3.02058,0.184951,0.660042,0.0240214,0.553415,0.880858,0,2.46524,0.385897,0.716604,0.0243987
137.555011338,0.193178,2.49139,0.126366,0.667801,0.0877971,0.959723,0.896499,0,2.62869,0.367114,0.689429,0.0191431
137.601451247,0.206835,2.40251,0.343765,0.601673,0.176846,1.65811,0.674685,0,2.69302,0.261269,0.574285,0
137.647891156,0.285181,2.73537,0.275761,0.567492,0.233868,1.71342,0.133154,0,2.55311,0.0587387,0.542927,0.179509
137.694331066,0.240793,2.96447,0.00447698,0.637883,0.205456,1.60874,0.0386953,0,2.24707,0.0847014,0.549828,0.414997
137.740770975,0.213963,3.03239,0.0031239,0.792204,0.0830239,1.68003,0.659783,0.0331964,1.73648,0.108876,0.542308,0.581551
137.787210884,0.167147,2.88988,0.00442843,0.666429,0.000477086,1.9182,1.2185,0.0419626,1.50271,0.0874031,0.767695,0.556188
137.833650794,0.0766108,2.61412,0.00440678,0.526482,0,2.48173,1.47958,0.0303305,1.45103,0.0202773,0.866606,0.385711
137.880090703,0.00564965,2.69821,0.00415007,0.559782,0,2.8307,1.48701,0.0480567,1.56168,0.007952,0.799862,0.106894
137.926530612,0.00231441,2.79753,0.00464562,0.362356,0.103288,2.8565,1.24606,0.0415589,1.75153,0.00710101,0.671774,0
137.972970522,0.0602092,2.64988,0.00423045,0.0891872,0.356761,2.61274,0.988415,0.0237197,2.06613,0.00525472,0.656733,0
138.019410431,0.0871467,2.56299,0.00366744,0.0854462,0.404035,2.56945,0.481103,0.0187399,2.42716,0.0030426,0.780775,0
138.065850340,0.0983774,2.46358,0.00324619,0.329977,0.124278,2.88864,0.0421986,0,2.58444,0.00234329,1.01905,0.2655
138.112290249,0.089115,2.37334,0.00322058,0.448659,0.0310621,3.02287,0.0585847,0.0033094,2.47523,0.00403687,1.35553,0.33485
138.158730159,0.0861712,2.26131,0.00339782,0.48763,0,2.72857,0.109201,0.00701062,2.38979,0.00392129,1.65364,0.36628
138.205170068,0.0872758,2.40835,0.00352185,0.511557,0.0137687,2.55755,0.365559,0.00935817,2.28449,0.00866138,1.56355,0.346699
138.251609977,0.0849798,2.55621,0.208734,0.638851,0.171078,2.25464,0.497096,0.170368,2.31042,0.0225258,1.39553,0.338837
138.298049887,0.000267361,2.63047,0.298597,1.03407,0.297505,2.16082,0.553912,0.414043,2.18371,0.0739747,1.06815,0.113869
138.344489796,0.00152441,2.74456,0.231683,1.18958,0.165612,2.40603,0.390535,0.377041,2.30923,0.0943766,0.684689,0.191775
138.390929705,0.0646336,2.72748,0.148268,1.20762,0.141874,2.31767,0.334623,0.0209305,2.62203,0.114689,0.740587,0.21234
138.437369615,0.0870506,2.99036,0.115239,0.815817,0.177743,1.84659,0.652286,0.0237683,2.64032,0.124799,1.22809,0.308345
138.483809524,0.0385502,3.09259,0.00245294,0.650578,0.0243974,1.68226,1.07365,0.0332249,2.42286,0.0885439,1.80829,0.366514
138.530249433,0.00382413,3.09812,0.00270186,0.439128,0,1.7475,1.35414,0.0522402,2.34304,0.0280341,1.94342,0.216995
138.576689342,0.139463,3.01459,0.00291355,0.265048,0.0965874,1.74934,1.39749,0.0474666,2.12646,0.00348045,1.69029,0.0333948
138.623129252,0.0993419,2.68115,0.127318,0.151455,0.240341,1.88942,1.25506,0.0315783,2.3467,0.000986777,1.32982,0.000563151
138.669569161,0.0617518,2.22095,0.249657,0.321954,0.387046,2.16309,1.05819,0.0278405,2.44634,0,1.12449,0.000463048
138.716009070,0.166495,2.12796,0.253198,0.630979,0.382872,2.3596,0.889686,0.00989365,2.48537,0,0.827959,0.000350451
138.762448980,0.459323,2.21587,0.452722,0.795788,0.410707,2.32342,0.87827,0.0113008,2.4112,0.00128192,0.738559,0.000228102
138.808888889,0.28242,2.3168,0.500676,0.819492,0.286177,2.2146,0.945743,0.031128,2.19747,0.00533554,1.37872,0.00971051
138.855328798,0.000260079,2.50718,0.486936,0.974374,0,2.22366,0.803904,0.0223906,2.11926,0.00314596,1.87268,0.359753
138.901768707,0.000266975,2.4574,0.360019,1.37325,0,2.28092,0.409348,0.00201751,2.10811,0,1.76393,0.572865
138.948208617,0.190086,2.02473,0.0512136,2.14757,0.0416789,2.17177,0.00273025,0,2.44601,0,1.24471,0.684177
138.994648526,0.236458,1.46244,0.00446079,2.71873,0.145055,1.69404,0.00495542,0,2.40914,0.617323,0.934099,0.833059
139.041088435,0.244721,1.468,0.00375924,2.83482,0.0598514,1.26839,0.00791083,0.0336049,2.2923,0.823501,0.442778,1.06147
139.087528345,0.437816,1.90591,0.00455483,2.15215,0,1.06794,0,0.0932438,2.58496,0.800189,0.27396,1.26879
139.133968254,0.050794,2.50599,0.00601793,1.37724,0,1.22045,0.181895,0.146867,2.76801,0.134288,0.377688,1.91682
139.180408163,0.00363238,2.81503,0.00319851,1.45913,0,1.25875,0.644669,0.0670788,2.12995,0.21816,0.522716,1.98305
139.226848073,0.0115235,2.93721,0.00312212,2.05091,0,1.13774,0.535096,0.148722,1.59747,0.0239767,0.861096,1.70436
139.273287982,0,2.77923,0.00202822,2.12438,0.0352663,1.13346,0.268182,0.345163,1.55316,0.244121,1.16169,1.49934
139.319727891,0.0300012,2.6475,0.00258523,1.90703,0.368494,1.11602,0.14057,0.421688,1.62162,0.154368,1.34528,1.09398
139.366167800,0.0377818,2.35989,0.00627798,1.79134,0.678794,0.857447,0.280305,0.243399,2.28486,0.154187,1.24164,0.767567
139.412607710,0.0317617,1.64224,0.0696512,1.67502,0.904203,0.51697,0.311515,0,3.12566,0.150239,0.752759,0.891455
139.459047619,0,1.11137,0.214347,1.7525,0.804472,0.306202,0.483376,0,3.32984,0.00711301,0.0444102,1.2874
139.505487528,0,0.653996,0.392085,2.25704,0.023281,0.154885,0.509205,0.0104511,3.11459,0.0104734,0,2.79712
139.551927438,0.101552,0.192355,0.445849,2.57612,0.0193638,0.157056,0.567115,0,2.9114,0.0110921,0,3.33532
139.598367347,0.253853,0.251597,0.115066,2.59988,0.0081016,0.1322,0.640274,0,3.1548,0.0163463,0.00115426,3.35994
139.644807256,0.206671,1.22533,0.00271823,2.59272,0,0.129718,0.47295,0,3.09567,0.00771906,0.00221007,2.61711
139.691247166,0.201845,1.76393,0.0054038,2.5268,0.0538781,0.0956657,0.265115,0.206141,3.03022,0.0906277,0.298057,1.89072
139.737687075,0.243803,2.08249,0.060482,2.0433,0.265947,0.0441178,0.580653,0.0124681,3.11237,0.0529887,0.228497,1.44832
139.784126984,0,1.9761,0.0642944,1.81618,0.277963,0.0294056,0.633381,0,3.0854,0.0981757,0.258331,1.71096
139.830566893,0.0234432,1.17344,0.0855864,1.62478,0.285817,0.029679,0.514981,0,2.9708,0.0728143,0.0682275,2.28251
139.877006803,0.0473171,0.807832,0.00434045,1.84474,0.239722,0.00155787,0.579428,0,2.88253,0.0875627,0.0205107,2.92068
139.923446712,0.0328566,0.376873,0.00551453,2.32152,0.283108,0,0.891654,0,2.43747,0.080912,0.00215717,3.48975
139.969886621,0,1.14256,0.0744233,1.53628,0.278371,0.0342876,0.701962,0.020529,2.43138,0.081158,0.00526013,3.01229
140.016326531,0.0269378,2.0351,0.0326709,1.16553,0.342005,0.529639,0.109055,0.0210861,2.69037,0.143027,0.485682,1.27627
140.062766440,0.20766,2.30402,0,1.24225,0.259142,0.437131,0.0417223,0.01629,2.69635,0.12595,1.03766,0.460835
140.109206349,0.173286,2.38818,0.00092102,1.08411,0.594737,0.344024,0,0.29643,2.54328,0.0202892,1.42206,0.553133
140.155646259,0.000447577,2.04622,0.320801,0.739003,0.730094,0.321358,0,0.34475,2.53933,0,1.51723,0.935442
140.202086168,0.0004793,0.992252,0.676827,1.03716,0.501836,0.292032,0,0.316848,2.45531,0.00532373,1.68397,1.12732
140.248526077,0.000310578,0.0983325,0.814538,1.50694,0.0249074,0.20491,0.0999648,0.134652,1.98524,0,1.88565,1.14986
140.294965986,0,0.624431,0.61985,1.57224,0.243958,0.362125,0.000873934,0.198284,1.65354,0.0225548,1.84545,1.03215
140.341405896,0,1.1508,0.702655,1.37557,0.281829,0,0.147292,0.00921779,1.4121,0.170689,1.64334,1.26358
140.387845805,0.0159927,1.55971,0.634162,1.20561,0.159322,0.0498886,0.294047,0.24258,0.93993,0.23857,1.31331,1.40566
140.434285714,0.0980604,1.79938,0.262685,1.56509,0.167821,0.0611921,0.286656,0.138269,1.21526,0.782521,0.934874,1.00715
140.480725624,0.186866,1.53156,0.0382394,1.84892,0.183683,0.0329849,0.174901,0.0393667,2.31181,0.42914,0.567618,1.31144
140.527165533,0.0538581,0.482879,0.0106709,2.0356,0.511416,0.0398152,0.866162,0.00693872,2.78674,0.225046,0.211233,1.60941
140.573605442,0.158407,0.0106345,0.000168975,2.48539,0.281117,0.0357148,1.0413,0.0116602,2.75992,0.150591,0.185516,2.1307
140.620045351,0.324173,0.00707653,0.00123486,2.70905,0,0,0.820839,0.0197773,2.96898,0.0996667,0.181537,2.49676
140.666485261,0.530082,0.0030157,0.0269653,2.97445,0,0,0.582873,0.0177209,2.85159,0.0714606,0.347109,2.32363
140.712925170,0.734982,0.435728,0.193687,3.08496,0,0.17652,0.80139,0.00220011,2.20679,0.0514365,1.47985,1.23754
140.759365079,0.361104,0.627124,0.299967,2.32907,0.598478,0.564363,0.618684,0.00311378,2.1618,0.0468875,2.17374,0.0912712
140.805804989,0.0714502,0.70198,0.209114,1.66533,0.87137,0.606184,0.175013,0.0117799,2.3259,0.0515832,2.53465,0.0616722
140.852244898,0.19238,0.453134,0.205609,1.57375,0.549762,0.313117,0.166671,0.0141046,2.38647,0.0274781,2.55583,0.0903999
140.898684807,0.378786,0.016015,0.234858,1.81521,0.211915,0.241692,0.57353,0.0219684,2.46211,0.00330187,2.49246,0.112998
140.945124717,0.394036,8.42756e-05,0.248933,1.84563,0.209811,0.245812,0.656326,0.0251686,2.52739,0.00379456,2.59128,0.175228
140.991564626,0.435106,0.00761894,0.288778,1.88488,0.218051,0.109505,0.760795,0.0200062,2.44853,0.00439819,2.63571,0.265226
141.038004535,0.487473,0.0369038,0.409611,1.89005,0.164081,0.0720538,0.55974,0.0128337,2.29714,0,2.58226,0.565605
141.084444444,0.47732,0.0858335,0.467908,2.06765,0.106241,0.0522397,0.284022,0.00654674,2.19752,0.0249501,2.71838,0.490769
141.130884354,0.169311,0.106217,0.471642,2.43625,0.104049,0.0437673,0.355619,0,2.29172,0.0443682,2.75834,0.552724
141.177324263,0,0.12464,0.410131,2.69407,0.127415,0,1.03886,0,2.74992,0.0385554,2.12069,0.60834
141.223764172,0.132934,0.148678,0.218271,2.80234,0.159493,0.0147989,1.06853,0,3.08311,0.0579384,0.795328,0.505306
141.270204082,0.26443,0.0915014,0.0860987,2.89777,0.195183,0.0211224,0.641571,0.0276259,3.4278,0.0871475,0.317238,0.27466
141.316643991,0.212867,0.00941963,0,2.77882,0.0749859,0,0.271342,0.0364798,3.79161,0.0970551,0.0984028,0.383633
141.363083900,0.204451,0.0131205,0.0092756,2.67743,0,0,0.16762,0.0319207,4.04723,0.0767605,0.00473008,0.427122
141.409523810,0.407562,0.0397153,0.0900048,2.69881,0,0,0.123796,0.0230471,3.86705,0.0635603,0.00385392,0.376469
141.455963719,0.496227,0.222278,0.0861824,2.76465,0.159097,0.165152,0.0359349,0.0261394,3.32761,0.30804,0.00240438,0.241452
141.502403628,0.433092,0.257644,0.0357222,2.68423,0.455956,0.142118,0.00942638,0.0330478,3.2304,0.408099,0.00399529,0.129517
141.548843537,0.266069,0.0528991,0,2.72451,0.458661,0.118954,0.0101569,0.0290268,3.72006,0.226166,0.00544313,0.417639
141.595283447,0.227885,0.00860751,1.63879e-06,2.66316,0.192452,0.146245,0,0.0205422,4.23161,0.0266475,0.00635513,1.20192
141.641723356,0.136715,1.66005e-05,0.0578553,2.62103,0.149578,0.118232,0,0.0218651,4.28541,0.0217309,0.0061788,1.21421
141.688163265,0.102626,0.118667,0.193955,2.55308,0.149544,0,0,0.017973,4.28282,0.0193672,0.0052794,1.04057
141.734603175,0.0780105,0.874924,0.278049,2.35887,0.287354,0,0.0158811,0.0177556,4.09132,0.0139991,0.00506065,0.748052
141.781043084,0.0375623,1.60025,0.246944,2.15911,0.340553,0.0386189,0.035032,0.0219785,3.93188,0.135027,0.00550304,0.494934
141.827482993,0,1.73838,0.154178,1.92082,0.374717,0.0563576,0.0359966,0.0118482,3.9037,0.312807,0.106478,0.28017
141.873922902,0,1.3823,0.10038,2.32163,0.346859,0.0631402,0.0684881,0,3.88783,0.312499,0.408072,0.0980175
141.920362812,0.0295255,0.845413,0.0821152,2.61754,0.272638,0.0696563,0.202207,0.0196127,3.75694,0.134011,0.431109,0.20121
141.966802721,0.424346,0.791418,0.0290199,2.75594,0.22105,0.0325511,0.17987,0.0296259,3.22762,0.0463367,0.283138,0.448408
142.013242630,0.637828,0.657651,0,2.8259,0.114508,0.00219894,0.215624,0.0414509,2.75323,0.0244553,0.21017,0.823963
142.059682540,0.703218,0.679073,0.0411084,2.83934,0,0,0.423301,0.0354214,2.66304,0.026483,0.14345,0.909895
142.106122449,0.267372,0.856833,0.212056,2.49054,0.0815767,0.356643,0.654135,0.0278903,3.19363,0.0178427,0.17336,0.562927
142.152562358,0.187669,1.19185,0.276519,1.32132,0.83827,0.525013,0.358817,0.0252458,3.28533,0.0327229,0.93219,0.271094
142.199002268,0.400536,1.0919,0.19444,1.55076,1.15928,0.447881,0.114694,0.0179453,3.22095,0.0453563,1.51476,0.0614913
142.245442177,0.506099,0.51543,0.207533,1.8344,0.959994,0.358968,0.357636,0.009774,3.3228,0.0318355,1.84069,9.1169e-05
142.291882086,0.519424,0.000609923,0.25217,2.0787,0.475021,0.357086,0.726601,0.0103821,3.33708,0.0241595,1.78784,0.0678196
142.338321995,0.441042,0.00103694,0.272273,2.30815,0.327327,0.527,0.846036,0.0136262,3.09356,0.0279483,1.58479,0.163403
142.384761905,0.490674,0.000204804,0.281323,2.33271,0.188486,0.432588,0.860261,0.0118324,3.04752,0.0631629,1.53599,0.197822
142.431201814,0.649904,1.06335,0.421104,1.70314,0.199275,0.345673,0.516005,0,2.78349,0.0788085,1.47039,0.174163
142.477641723,0.710865,2.33687,0.462048,1.26985,0.183533,0.366387,0.0249835,0,2.61268,0.1036,1.33396,0.308282
142.524081633,0.761107,2.89479,0.352669,1.12989,0.28871,0.320007,0,0,2.73276,0.149126,1.06615,0.259619
142.570521542,0.68077,2.96546,0.267835,1.12294,0.394628,0.286679,0,0,2.97686,0.149369,0.649079,0.391616
142.616961451,0.580721,2.65322,0.265513,1.28993,0.292965,0.162363,0.158492,0.00843165,3.09516,0.129047,0.717626,0.472026
142.663401361,0.5253,1.67187,0.304006,1.4558,0.295583,0.128309,0.821724,0.0165203,2.96813,0.106776,1.5362,0.641108
142.709841270,0.155966,0.866615,0.300057,0.894166,0.0923892,0.00422608,1.97422,0.0102933,2.62693,0.106611,2.00586,1.06554
142.756281179,0.139305,1.01772,0.626664,0.217386,0.0147241,0,2.89382,0,1.48424,0.146211,1.92706,1.28334
142.802721088,0.152577,1.79374,0.601573,0,0.00533274,0,2.89256,0.10485,1.35786,0.128761,1.20071,1.05727
142.849160998,0.070048,2.43107,0.495019,0.000995878,0.0192146,0.290749,2.34735,0.234732,1.94115,0.13014,0.46118,0.431368
142.895600907,0.118438,2.95853,0.332602,0.000878893,0.134193,0.436307,1.24035,0.136917,2.4602,0.643403,0.103647,0.00241604
142.942040816,0.0749074,3.20212,0.0661315,0,0.292754,0.476424,0.656174,0.0326604,2.72821,0.505179,0.0834964,0.052773
142.988480726,0.144088,2.66904,0.000585102,0.451311,0.457474,0.344657,0.139403,0.0864869,3.35484,0.183846,0.408956,0.0554567
143.034920635,0.15694,1.73359,0,1.5427,0.0639779,0.47306,0.216813,0.100804,3.63244,0.116728,0.503416,0
143.081360544,0.148282,1.18614,0.00106968,2.34561,0.0415714,0.519923,0.276647,0.0961746,3.26008,0.235298,0.448089,0.0456232
143.127800454,0.115223,1.99245,0.145475,2.04186,0.0520307,0.386841,0.176414,0.1275,2.75107,0.255485,0.600876,0.448843
143.174240363,0.00808477,2.56052,0.222989,1.87087,0.0917559,0.0637955,0,0.133274,2.21874,0.178356,0.571444,0.411371
143.220680272,0.0122877,2.51679,0.337151,1.58358,0.171146,0.0418535,0,0.293771,2.22778,0.0214478,0.689531,0.0442825
143.267120181,0.0391074,1.88655,0.55289,2.28753,0.10139,0.00981674,0.395653,0.477991,2.14627,0.0205104,1.00483,0
143.313560091,0.0445546,0.900023,0.351404,3.33539,0.114356,0.0277134,0.699218,0.831479,1.82574,0.0682272,1.22681,0
143.360000000,0,0.396705,0.239891,3.84436,0.0235484,0,0.767018,0.924072,1.76126,0.0922111,1.43083,0
143.406439909,0,0.478699,0.211572,3.93294,0.015149,0,0.752184,0.771063,1.59945,0.0657251,1.59712,0.00400137
143.452879819,0,0.49699,0.0243225,3.76519,0.0116526,0,0.784213,0.603954,1.52643,0.017453,1.58003,0.0403691
143.499319728,0,0.469588,0.00197121,3.61461,0.0111573,0.0492244,0.779641,0.496801,1.62178,0.0160918,1.68894,0.036989
143.545759637,0.0455363,0.882791,0.148841,3.37953,0.116393,0.367516,0.473469,0.461116,1.43234,0,2.4661,0
143.592199546,0.0787932,0.927879,0.263514,2.94854,0.532683,0.590519,0.188926,0.462663,0.778414,0.019863,3.05675,0.0209936
143.638639456,0.0350312,0.642109,0.278675,2.92018,0.751207,0.71696,0.183386,0.770375,0.199369,0,3.384,0.0588852
143.685079365,0.0157917,0.27667,0.323876,2.98378,0.342955,0.706083,0.537994,0.871695,0.0925328,0,3.45315,0.0531223
143.731519274,0,0.143008,0.270494,3.05203,0.00533105,0.741391,0.612611,0.86449,0.0962992,0,3.36853,0.0442784
143.777959184,0,0.0602169,0.219416,3.11133,0.00595011,0.696189,0.560495,0.818452,0.0350394,0.00239056,3.31208,0.0307844
143.824399093,0,0.0139703,0.195347,3.13868,0.00720069,0.647674,0.405484,0.82796,0.00494849,0.0301523,3.25272,0
143.870839002,0,0.0631395,0.131681,3.05693,0.0102236,0.680425,0.362825,0.728807,0.0682227,0.0231702,3.19412,0
143.917278912,0,0.0623025,0.104632,2.89581,0.0104201,0.779474,0.317605,0.494895,0.244105,0.0700699,3.07842,0.0778196
143.963718821,0,0.0672658,0.184373,2.58375,0.00661294,1.32386,0.0820007,0.211622,0.387003,0.124316,2.89165,0.304631
144.010158730,0,0.247908,0.182787,2.47003,0.0012023,1.59222,0,0.286629,0.815247,0.45191,2.22804,0.21757
144.056598639,0,0.507062,0.107936,2.6494,0,1.31171,0.0355846,0.472933,2.21823,0.688246,0.916212,0.00851727
144.103038549,0,0.610063,0.0463708,2.91846,0.00441281,0.677589,0.0274702,0.521857,2.6246,0.475658,0.789587,0.0504328
144.149478458,0,0.629418,0.0284299,3.02981,0.00701645,0.449691,0.0167408,0.739139,2.37478,0.112152,1.42535,0
144.195918367,0,0.585285,0.00923801,2.77112,0.00741963,0.678116,0.00305893,0.935624,1.66513,0.015468,1.9717,0.000150339
144.242358277,0,0.464287,0.0112459,1.8949,0.399499,0.854062,0.000759462,0.826711,0.698861,0.235758,1.87923,0.0034277
144.288798186,0.0403759,0.61386,0.0145877,1.49202,0.815517,0.713853,0.00306846,0.466774,0.751979,0.319577,1.71938,0.0297728
144.335238095,0.106821,0.862239,0.00286642,1.5302,0.579112,0.448346,0.00492716,0.644971,1.37751,0.14491,1.64549,2.64386e-05
144.381678005,0.111989,1.15104,0.00265608,2.07641,0.102095,0.336917,1.29317,1.0058,1.52648,0,1.43652,0.012816
144.428117914,0.0211578,1.24783,0.00291039,2.49415,0.0169068,0.0150085,2.77878,0.967565,0.917665,0,1.42358,0.0101878
144.474557823,0,1.13162,0.00356684,2.39322,0.0186053,0.00257195,3.42796,0.741895,0.410399,0.00939154,1.88587,0
144.520997732,0,1.05833,0.0234241,2.29781,0.0166767,0,3.56129,0.463361,0,0.0134012,2.39429,0
144.567437642,0,1.40904,0.277478,2.09178,0.1123,0,3.34256,0.467045,0.00285641,0,2.72671,0
144.613877551,0.0190126,1.75073,0.17241,1.79623,0.354088,0.00356499,3.3132,0.377748,0.0172839,0.0398775,2.62777,0
144.660317460,0.037855,1.77139,0.0546125,1.99293,0.317374,0.00921288,3.24871,0.348014,0.0256033,0.0930924,2.47891,0
144.706757370,0.0392123,1.33169,0.00133769,2.35077,0.3024,0,3.11696,0.470445,0.0340548,0.131429,2.50813,0
144.753197279,0.026927,1.00495,0.0486689,2.9383,0.134484,0,2.81153,0.643246,0.0698875,0.110254,2.51164,0
144.799637188,0,0.8917,0.0934486,3.19695,0.00730307,0,2.17917,0.805256,0.0998903,0.079985,2.58566,0
144.846077098,0,0.672266,0.00292257,3.33319,0.0219049,0,1.53284,1.07934,0.0993229,0.0316511,2.47735,6.78604e-05
144.892517007,0,0.615864,0.00366945,3.34815,0.0595483,0.253939,1.52333,0.612576,0.0700376,0.000873014,2.42613,0.000396915
144.938956916,0.0135989,0.659513,0.00305669,3.3038,0.308781,0.443645,1.55592,0.137001,0.0372681,0.00787323,2.56263,0.000441971
144.985396825,0.0574824,0.79358,0.0949318,3.18911,0.562567,0.461413,1.47989,0.113318,0.0222751,0.0246257,2.95785,0.000343708
145.031836735,0.0531802,0.733918,0.215188,3.2819,0.713715,0.538489,1.29347,0.213242,0.0244277,0.00965156,3.26346,0.00523843
145.078276644,0.0137856,0.826267,0.234543,3.22935,0.780495,0.255778,1.08588,0.373393,0.0108119,0,3.41054,0.0764292
145.124716553,0.0106373,0.841268,0.225013,3.41828,0.095723,0.262267,1.02065,0.730741,0.0057773,0.0286457,3.12627,0.094469
145.171156463,0,0.753476,0.181691,3.48363,0.00530962,0.299339,1.02129,0.835962,0.00423674,0.0348437,3.04506,0.0675243
145.217596372,0,0.701636,0.149319,3.38744,0.00605695,0.33202,1.09419,0.738938,0.00299164,0.0302487,2.97244,0
145.264036281,0,0.932558,0.180911,3.03257,0.00930068,0.407029,1.02843,0.551709,0.0217526,0.0324183,2.85533,0
145.310476190,0,0.80811,0.19237,2.7457,0.00971176,0.540142,0.962355,0.291897,0.255873,0.0547484,2.80175,0.179674
145.356916100,0,0.307454,0.247232,2.72402,0.00840976,0.467634,1.06537,0,0.378575,0.108471,3.01497,0.179415
145.403356009,0,0.199804,0.272431,2.82501,0.0396601,0.403209,0.884551,0,0.232073,0.127029,3.29837,0.000164587
145.449795918,0.00773484,0.356065,0.224527,2.82883,0.110745,0.317475,0.635019,0,0.782651,0.133353,3.45937,0.0454232
145.496235828,0.00504902,0.136548,0.19165,3.00595,0.211309,0.272739,0.45535,0,1.52646,0.117262,3.31477,0.0541872
145.542675737,0.0145854,0.476117,0.141772,2.82973,0.205717,0.209076,1.05047,0,1.76377,0.143774,2.9014,0.000470929
145.589115646,0.0306978,1.71372,0.139238,1.65399,0.0559683,0.297634,1.75256,0.0248136,1.46861,0.133254,1.82535,0.000472153
145.635555556,0.0331233,1.97404,0.154191,0.482901,0.60449,0.314998,1.71388,0.0319027,1.46589,0.168589,1.36767,0.000446312
145.681995465,0.040645,2.2459,0.0337198,0.741515,0.612818,0.576375,1.39145,0.0391344,1.47714,0.185489,0.998807,0.0072538
145.728435374,0.0228928,2.63268,0.018948,1.14572,0.501492,0.524464,1.10147,0.252789,1.49916,0.00044104,1.07762,0.0314017
145.774875283,0.004526,2.91801,0.00235584,1.44303,0.137473,0.278957,0.893556,0.415903,1.49992,8.82879e-05,1.15723,0.0844812
145.821315193,0.0185473,2.81638,0.00189248,1.59929,0.00575226,0.176464,1.19118,0.578748,1.47534,0,1.2592,0.0926721
145.867755102,0,2.46163,0.0054041,1.74477,0.015483,0.0606988,1.82233,0.669595,1.30692,0,1.30281,0.0532808
145.914195011,0,2.16301,0.0542748,1.93253,0.0337019,0.0440616,1.97707,0.517365,1.05275,0.0810766,1.08963,2.25972e-05
145.960634921,0,1.94153,0.347903,1.58608,0.0354314,0.0219316,2.27512,0.332801,0.768196,0.222293,1.15961,0.101861
146.007074830,0.0369302,1.55161,0.898351,1.08148,0.0251568,0.00525598,2.43012,0.185726,0.847181,0.243357,1.41628,0.121821
146.053514739,0.0940748,1.07997,1.29003,0.793109,0.0115136,0.00274046,2.51436,0.0644223,0.959522,0.235943,1.43354,0.196601
146.099954649,0.10696,0.615584,1.44632,1.06913,0.0318222,0,2.78434,0.0702977,0.908194,0.284918,1.66491,0.589162
146.146394558,0.0746568,0.547692,0.72755,2.07262,0.124578,0,2.96636,0.0945708,0.609719,0.474579,1.51454,0.472051
146.192834467,0.0216227,0.788755,0.228277,2.00946,0.351303,0.0117291,3.02143,0.0977974,0.532427,0.49428,1.72413,0.0925424
146.239274376,0,0.912817,0,1.67736,0.807043,0.00746782,3.07736,0.105182,0.303642,0.111241,2.14244,0.0190127
146.285714286,0.00255671,0.971904,0.0790603,1.32242,0.756377,0.0132791,2.96029,0.0834155,0.0562202,0.201589,2.50737,0.000161281
146.332154195,0.0158311,1.07817,0.231191,0.729956,0.795969,0.465382,3.0339,0.0575258,6.95604e-05,0.193657,2.753,0.00344103
146.378594104,0.0894052,1.2588,0.228754,0.274259,0.774294,0.828084,2.97993,0.0538309,0.00247415,0,3.0993,0.000212661
146.425034014,0.0940763,1.10244,0.165408,0.238458,0.647728,0.702842,2.9549,0.0405873,0.00210154,0,3.44419,0.00271922
146.471473923,0.0849225,0.916542,0.128602,0.316549,0.419281,0.424551,2.888,0.0301611,0.0483902,0,3.71873,0.00714563
146.517913832,0.0312428,0.839838,0.211327,0.316148,0.166268,0.301238,3.1087,0.0338859,0.111021,0,3.63876,0.0208571
146.564353741,0,0.747474,0.313544,0.279278,0.129835,0.328477,3.07397,0.0380165,0.14726,0,3.58605,0.0184935
146.610793651,0,0.695168,0.334861,0.380097,0.106997,0.285882,3.08066,0.0351684,0.201011,0,3.38539,0
146.657233560,0,0.527823,0.442475,0.511329,0.0652447,0.422532,2.78372,0.0211039,0.343838,0.0733042,3.10589,0
146.703673469,0,0.506506,0.501731,0.722778,0.0875457,0.845281,2.45025,0.0076188,0.380225,0.177042,2.72338,0.0960988
146.750113379,0,0.461428,0.447873,0.692885,0.226391,0.935209,2.84308,0.00463836,0.330386,0.227807,2.62987,0.0326314
146.796553288,0,1.36031,0.348559,0.473403,0.32757,0.539335,3.36693,0.0160045,0.271857,0.168461,2.56431,0.000248155
146.842993197,0.080426,2.20853,0.269536,0.580438,0.195555,0.369248,3.60473,0.0222075,0.707538,0.200576,1.77275,0.00020392
146.889433107,0.176731,2.25702,0.0381278,0.455966,0,0.243089,3.41446,0.0247508,1.87396,0.0211739,1.38822,6.77972e-05
146.935873016,0.192389,2.34879,0.0218333,0.444048,0,0.223944,2.98572,0.0301161,2.29968,0.000209337,1.04217,0
146.982312925,0.194657,2.27794,0.0409846,0.552905,0.0711924,0.211133,2.49812,0.0364644,2.42847,0,0.97384,0
147.028752834,0.184789,1.8022,0.0866219,0.26827,0.253128,0.370831,2.38217,0.0354466,2.25341,0,1.7761,4.07377e-05
147.075192744,0.205694,1.01857,0.140855,0,0.547778,0.43606,2.51582,0.0416749,1.07915,0,2.86724,0.000308785
147.121632653,0.105147,0.240084,0.109063,0.054398,0.683212,0.549729,2.74624,0.0714691,0.199209,0.000897219,3.14177,0.000364702
147.168072562,0.0871755,0.972018,0.0843783,0.0113146,0.523083,0.354032,2.69721,0.171827,0.0786055,0.000645877,3.25467,0.000133378
147.214512472,0,1.57564,0.0593235,0,0.338909,0.369986,2.62751,0.252263,0.024454,0,3.47903,0.00939908
147.260952381,0,1.60715,0.0947233,0.00896395,0.315212,0.419692,2.84303,0.219395,0.0243549,0,3.50473,0
147.307392290,0,1.51253,0.201158,0.0231998,0.158518,0.463317,2.95102,0.0295092,0.105567,0,3.52671,0
147.353832200,0,1.428,0.402328,0.161255,0.0475865,0.352013,2.95739,0.0196872,0.0153499,0.162508,3.32907,0
147.400272109,0,1.21784,0.379405,0.263753,0.0310989,0.343531,2.894,0.014513,0.0605808,0.258141,3.15413,0.00339743
147.446712018,0,0.954143,0.371606,0.271018,0.0899777,0.708766,2.63721,0.00190343,0.0129718,0.236758,3.1849,0.0404054
147.493151927,0.0116506,1.01282,0.385776,0.643882,0.178196,0.827485,2.18298,0.00014101,0.0115541,0.468595,2.8457,0.061867
147.539591837,0,1.16655,0.350473,0.692614,0.155804,0.608302,1.9404,0.00894769,1.0207,0.816612,1.82774,0.0820166
147.586031746,0.0608479,1.07243,0.169362,0.494028,0.285587,0.48383,1.91576,0.0135994,2.16828,0.417665,0.628439,0.0287382
147.632471655,0.0789328,1.25506,0.139257,0.398248,0.440103,0.374532,1.85137,0.0196958,2.55725,0,0.0742356,3.61838e-05
147.678911565,0.00728277,1.38953,0.159109,0.456451,0.652268,0.27702,2.03418,0.0367559,2.2983,0,0.0809664,0.000240655
147.725351474,0.0397018,1.31397,0.117795,0.413152,0.825016,0.23625,2.42754,0.0612686,1.74024,0,0.946788,0.000562765
147.771791383,0.0936947,0.942756,0.080222,0.31711,0.881426,0.301946,2.88812,0.0590012,1.20203,0.0162828,1.66883,0.0579456
147.818231293,0.140896,0.59862,0.0898712,0.390844,0.788382,0.716079,2.92481,0.0476193,1.16182,0.0204359,2.07144,0.21362
147.864671202,0.152259,1.18946,0.0593125,0.451175,0.811236,0.886525,2.72104,0.0417319,0.759478,0.00162209,2.53848,0.320794
147.911111111,0.081708,1.53139,0,0.321973,0.639419,0.929852,2.49204,0.0342268,0.573801,0.00177837,2.87249,0.34249
147.957551020,0.00679642,1.70249,0,0.443704,0.414503,0.769982,2.59241,0.0395737,0.569406,0.000657498,3.03926,0.220497
148.003990930,0,2.27946,0,0.418252,0.355802,0.301584,2.79633,0.0393018,0.572354,0,3.09879,0.0415839
148.050430839,0,2.8354,0.0985387,0.145858,0.372008,0.175729,2.66156,0.0461958,0.905543,0,2.60471,0.00543446
148.096870748,0.00643097,3.42182,0.223124,0.398151,0.369969,0.113915,1.98249,0.0777648,0.837875,0.0536083,2.00819,0.219351
148.143310658,0.0145442,3.51889,0.177051,0.456159,0.278301,0.12267,1.93127,0.143881,0.845371,0.110226,1.47547,0.248549
148.189750567,0.0465842,3.58321,0.132832,0.369748,0.231504,0.123892,1.92949,0.0927446,0.743836,0.165428,1.07792,0.247304
148.236190476,0.0535682,3.2398,0.196748,0.334971,0.213061,0.134014,2.3139,0,1.03425,0.295737,0.692078,0.135096
148.282630385,0.0646753,3.00951,0.189868,0.261667,0.105207,0.575505,2.25781,0,1.17817,0.296797,0.556256,0.217607
148.329070295,0.0861664,2.69617,0.202983,0.553514,0.0722241,0.930571,2.21787,0.0651825,1.14905,0.209927,0.526192,0.418255
148.375510204,0.14115,2.23167,0.143766,0.569431,0.42763,1.11054,2.40543,0.0567336,0.990857,0.196588,0.441363,0.935667
148.421950113,0.279599,1.83008,0.0472946,0.121068,0.819383,0.875606,1.96941,0.684814,0.987965,0.191725,0.460552,0.802813
148.468390023,0.382713,1.50008,0,0,0.800753,0.861847,1.44773,0.599498,1.28205,0.379085,0.273949,0.33095
148.514829932,1.08648,1.03688,0.00239698,0.254263,0.516212,0.960527,0.827269,0.316854,1.87207,0.273147,6.82891e-05,0.111306
148.561269841,1.39312,1.10269,0.0722318,0.541242,0.536207,0.664976,0.832611,0,2.56073,0.0897756,7.10157e-05,0.0164803
148.607709751,1.11831,2.19124,0.131311,0.324132,0.322598,1.05792,0.408458,0.0128168,2.71188,0.121462,0.000464697,0.0512002
148.654149660,0.603909,3.70195,0.223304,0.187863,0.0384306,1.15859,0.0314329,0,2.24591,0.0465571,0.033709,0.0114732
148.700589569,0.0550099,4.231,0.142817,0.0176051,0.0227258,1.45259,0.465172,0.0244276,1.75868,0.0508814,6.50547e-05,0.0166771
148.747029478,0,4.04902,0.103932,0.0171303,0.0198036,1.44103,1.01913,0.0335075,1.2569,0.378173,0,0.0145044
148.793469388,0.0155052,3.79024,0.303761,0.0208944,0.146808,1.33607,1.24589,0,1.27197,0.311898,0,0.0148969
148.839909297,0.0722684,3.66044,0.434772,0.0156151,0.255936,1.6835,1.26801,0,1.32965,0.194163,0,0.0408575
148.886349206,0.0660869,3.87491,0.286651,0.00687652,0.257103,1.53516,1.0351,0.0228331,1.34217,0.0759239,0.0337918,0.302982
148.932789116,0.0593939,3.7515,0.00373451,0.0111696,0.135129,1.25784,1.24916,0.165775,0.697055,0.102632,0.0542628,1.3822
148.979229025,0.0133034,3.03732,0.00269357,0.284568,0,1.37626,1.40638,0.166237,0.748094,0.124905,0.0216857,2.6791
149.025668934,3.21672e-05,2.02527,0.0044315,0.410978,0,1.44841,1.70046,0.163965,0.698207,0.0819927,0.0120454,3.44692
149.072108844,5.85024e-05,1.49295,0.00412204,0.436202,0,1.55858,1.85601,0.0861718,0.538211,0.0172719,0.120868,3.59112
149.118548753,7.87636e-05,1.50123,0.00419169,0.352763,0,1.75602,1.96558,0.0800783,0.33351,0.00118456,1.02243,2.88887
149.164988662,0.000107236,1.53731,0.0183994,0.0227238,0.152994,1.93239,2.07838,0.0875807,0.404888,0,2.02213,1.39229
149.211428571,0.00015565,1.84882,0.0311768,0.070905,0.438108,1.85388,1.71089,0.0549399,0.533259,1.45493e-05,2.70998,0.000615146
149.257868481,0.00023496,2.0767,0.0230895,0.65374,0.467798,1.54922,0.72582,0.0304181,0.753576,0.00136591,2.74979,0.0620436
149.304308390,0.000284965,2.46582,0.0135112,1.06136,0.285719,1.50247,0,0,1.68643,0.00211162,2.2296,0.277866
149.350748299,0.0435347,2.57854,0.0165525,1.09706,0.108424,1.58405,0.00607219,0.00560355,2.47328,8.35661e-05,0.942925,0.321742
149.397188209,0.0832196,2.686,0.00342696,0.800296,0.0461887,1.66097,0.0165261,0.00249979,2.87134,0,0.0143234,0.425158
149.443628118,0.120284,2.89608,0.00357199,0.659728,0.0709562,1.59579,0.0462156,0,2.93821,0.0130665,0.00718263,0.465476
149.490068027,0.180945,2.69615,0.0952008,0.699148,0.296803,1.49763,0.111074,0.0967567,2.96753,0.0587799,0.00621769,0.276897
149.536507937,0.174173,2.06015,0.384515,0.958384,0.296838,1.36663,0.180373,0.198018,3.17465,0.0779145,0.0641914,0.0738885
149.582947846,0.178121,2.07704,0.481103,0.927759,0.245346,1.12324,0.109425,0.175148,3.30876,0.0946561,0.0846677,0.107861
149.629387755,0.192497,2.68736,0.136836,0.6153,0.298161,1.10493,0.0245234,0,3.34048,0.119522,0.0568779,0.140831
149.675827664,0.198304,2.9389,0.100019,0.404944,0.304731,1.05909,0.107292,0,3.25406,0.122554,0.00845227,0.225701
149.722267574,0.246241,2.9899,0.00251078,0.334398,0.167347,1.04988,0.202938,0.00449258,3.16851,0.0699949,0.00693686,0.340661
149.768707483,0.296393,2.96042,0.00277443,0.338108,0.153422,1.06544,0.728329,0.0206657,3.0862,0.0139198,0.00703099,0.0833943
149.815147392,0.195329,2.90289,0.101052,0.344383,0.141183,0.993512,1.10245,0.0156028,2.70901,0,0.00682654,0.000198818
149.861587302,0.193039,2.21645,0.420641,0.182268,0.315182,0.878584,1.1494,0.02248,2.40366,0,1.35626,0.000278094
149.908027211,0.143905,1.7652,0.586276,0.465469,0.464271,1.25342,0.993754,0.0218066,1.8117,0,2.24859,0.00014882
149.954467120,0.0279744,1.71718,0.689952,0.839122,0.305216,1.82846,0.868468,0.00441017,1.22749,0,2.23948,0
150.000907029,0.000226086,1.8277,0.697189,0.94472,0.276815,1.85172,0.817059,0,0.97527,0,1.98777,0.00921698
150.047346939,0.105651,1.84729,0.593281,0.904654,0.0320637,1.96125,0.663766,0,1.31602,0,1.35245,0.0716488
150.093786848,0.422462,1.89915,0.39477,0.819605,0.0103401,2.10856,0.760419,0,1.86031,0,0.707495,0.283669
150.140226757,0.562813,2.29897,0.215164,0.331206,0.00957741,2.75953,0.669858,0,2.41746,0,0.0539053,0.55298
150.186666667,0.49738,2.94185,0.131458,0.290467,0.0507946,2.94586,0.0941179,0,2.48904,0,0.0370624,0.916163
150.233106576,0.228625,3.15293,0.137265,0.362905,0.1701,2.72336,0.248103,0.0568205,2.12099,0.520944,0.0016259,0.889088
150.279546485,0.198045,2.80689,0.197803,0.435227,0.0514094,2.44167,0.459563,0,1.81878,0.747357,0.148003,1.4
150.325986395,0.157698,2.79244,0.0962611,0.334835,0,1.53066,0.798151,0,1.63477,0.555131,0.246424,1.98457
150.372426304,0.176007,2.91512,0.0250132,0.369198,0,1.25801,1.0605,0.00239863,1.45536,0.124201,0.239772,2.06598
150.418866213,0.203467,3.06081,0.0412444,0.356104,0,1.45785,1.12639,0.0143509,1.1695,0.241139,0,1.65732
150.465306122,0.240889,3.26821,0.0584452,0.0552536,0.0271202,1.46519,0.94552,0.0512049,1.1499,0.00435356,0.0938053,1.60941
150.511746032,0.190065,3.32743,0.00173817,0.00741326,0.223611,1.86799,0.728157,0.0787951,1.22593,0.131701,0.000770193,1.40763
150.558185941,0.133134,3.06014,0.00292756,0.0078612,0.391892,2.17511,0.691274,0.0519334,1.42687,0.163735,0.0759438,1.46291
150.604625850,0.0526706,2.62397,0.00697869,0.0109027,0.722179,2.26568,0.793559,0.00610469,1.44821,0.221337,0.200756,1.46919
150.651065760,0,1.97957,0.265449,0.0131487,0.78898,2.03289,0.915568,0.231724,1.24924,0.280943,0.312149,1.29661
150.697505669,0.321996,0.829253,0.868497,0.332782,0.488782,1.83375,1.17937,0.0476872,0.876977,0.610667,1.44476e-05,0.888788
150.743945578,0.0843866,0.376032,0.858399,0.817195,0.0887735,1.62625,1.07459,0.00917545,0.210126,0.569472,0,1.54218
150.790385488,0.143813,0.192825,0.561444,1.5669,0.103206,1.21383,1.2252,0,0.43691,0.33441,0.194935,1.85774
150.836825397,0.291589,0.0520644,0.0170914,1.72156,0.029548,1.19393,1.17317,0.144354,0.660339,0.518318,0.345943,2.40586
150.883265306,0.109128,0.00197038,0.00182261,1.75542,0.0111171,1.46729,0.92243,0.262038,0.673896,0.444544,0.390415,2.53473
150.929705215,0.232472,0.0774798,0.00379011,1.69402,0.0230671,1.34134,0.692392,0.386081,1.21412,0.274556,0.5742,2.65204
150.976145125,0.179092,0.0803785,0.0798184,1.31542,0.176536,0.973604,1.22343,0.00958359,1.82452,0.105839,0.356991,2.67864
151.022585034,0,0.121134,0.142995,1.46399,0.196119,0.741659,1.48952,0,1.86056,0.127946,0.528567,2.5436
151.069024943,0.0511226,0.20407,0.0730287,1.56617,0.180918,0.249284,2.163,0,1.27715,0.0949356,0.219177,2.56103
151.115464853,0.0289757,0.256172,0.00426228,1.39527,0.182923,0.0631164,2.8002,0,0.637329,0.158605,0.175224,2.43726
151.161904762,0.0694023,0.702781,0.00968968,1.22763,0.247731,0.023307,3.05446,0,0.0691832,0.187505,0.138759,2.22473
151.208344671,0.0504255,0.855801,0.0780939,0.997423,0.237821,0.0810154,3.16487,0,0.212694,0.220641,0.251349,1.84053
151.254784580,0.138583,0.983639,0.000624449,1.10028,0.235666,0.335018,3.05587,0,0.364033,0.323632,0.787777,1.19801
151.301224490,0.183558,1.02508,0,1.40791,0.307263,0.212361,3.05304,0.255572,0.151314,0.200114,1.52081,0.518766
151.347664399,0.16499,0.944164,0.0119568,1.03564,0.472763,0.313475,2.83584,0.358305,0.357525,0.0240403,2.17541,0.503727
151.394104308,0.000204498,0.795841,0.631831,0.429118,0.460148,0.246675,2.70559,0.38439,0.940958,0.000709379,2.1326,0.47392
151.440544218,0.200283,0.738301,0.969762,0.321969,0.162984,0.255989,2.45169,0.381665,1.46895,0.00199531,1.81733,0.499621
151.486984127,0.6764,0.564207,1.08962,0.400121,0.0334947,0.265009,2.15415,0.170756,1.66178,0.0149891,1.55192,0.253649
151.533424036,0.85736,0.125082,0.98343,0.477672,0.232154,0.43366,1.44234,0.100883,1.92993,0.0555991,1.47694,0.187676
151.579863946,0.791933,0.117109,0.796348,0.623901,0.190239,0.0886449,1.48377,0.208194,1.66086,0.129513,1.36245,0.314462
151.626303855,0.0883325,0.135104,0.543885,0.840567,0.275847,0.022992,1.73873,0.228707,1.03808,0.192988,1.22092,0.565743
151.672743764,0.134207,0.294327,0.15574,1.63574,0.103292,0.0112171,1.71249,0.0595867,1.46984,0.188511,0.983913,0.741133
151.719183673,0.178122,0.114274,0.00586042,1.66449,0.200227,0.0156053,1.48506,0,2.59938,0.271058,0.513908,1.29646
151.765623583,0.080937,0.0369573,0.0146772,1.6232,0.326043,0.0122518,1.24797,0,3.17366,0.251671,0.255688,1.79147
151.812063492,0.305226,0.061552,0.00783649,1.9457,0.172656,0.0220983,0.87139,0.0118035,3.45619,0.145307,0.201914,2.22666
151.858503401,0.555485,0.076501,0,2.28664,0,0,0.573858,0.00918792,3.7051,0.0899103,0.066016,2.55956
151.904943311,0.766476,0.0498688,0.0528783,2.38598,0,0,0.0770135,0.00657936,3.70231,0.064121,0.000432914,2.65133
151.951383220,0.909257,0.0357967,0.0973558,2.59135,0.0777283,0.24627,0.357917,0.00223843,3.3919,0.0518118,0,2.04804
151.997823129,0.414009,0.0131739,0.0728509,2.13189,0.708731,0.52808,0.206436,0.0040938,3.60565,0.0525497,0,1.85567
152.044263039,0.164961,0.0125942,0.0003502,1.88964,0.697877,0.407993,0.0158865,0.0114837,3.81168,0.0510565,0,2.06852
152.090702948,0.399991,0.00526024,0.000453663,1.8236,0.273235,0.0953475,0.0183369,0.0150951,3.9194,0.0439134,0,2.22886
152.137142857,0.54437,0.000442382,0.00655443,1.96445,0.225153,0.0663562,0.0949638,0.0227799,4.05645,0.013907,0.000375902,2.10907
152.183582766,0.467466,0.00438544,0.000551688,1.94982,0.193109,0.0708765,0.0325322,0.0248895,4.06337,0.0148363,0.0109636,2.21137
152.230022676,0.395412,0.00145466,0.0120581,1.9919,0.24345,0.00107876,0.042045,0.0209048,3.83392,0.00928241,0.00181427,2.35733
152.276462585,0.386617,0.0447585,0.112314,1.93327,0.14085,0.00315874,0.0988166,0.0149232,3.60624,0.00439902,0.00104837,2.58161
152.322902494,0.358938,0.0891076,0.174539,2.01519,0.10315,0.00378368,0.105811,0.0053651,3.58924,0.0309832,0.161547,2.64477
152.369342404,0.188062,0.105907,0.181343,2.20171,0.108305,0.000384628,0.103321,0,3.53567,0.0496929,0.257543,2.97389
152.415782313,0,0.138858,0.184907,2.31383,0.144828,0,0.162659,0,3.41729,0.0493893,0.134047,3.12237
152.462222222,0,0.186208,0.177223,2.16543,0.215863,0,0.137059,0.00406526,3.2889,0.0133708,0.129851,3.0694
152.508662132,0,0.12503,0.0644735,1.99993,0.256839,0,0.0769562,0.030999,3.3623,0.0289236,0.125799,2.97274
152.555102041,0,0.0480641,0.0321067,1.8863,0.107039,0,0.0245445,0.0355331,3.49796,0.058674,0.0827367,3.11201
152.601541950,0,0.0231023,0.00597875,1.86876,0.00209343,0,0.0555463,0.0303181,3.5161,0.0661227,0.0306817,3.05152
152.647981859,0,0.112668,0.0932054,1.76163,0.0176604,0,0.0481557,0.0332295,3.52741,0.053541,0.0251445,2.81803
152.694421769,0,0.136258,0.0705488,1.91097,0.357581,0.0871427,0.053092,0.0416002,3.60985,0.0642336,0,2.42041
152.740861678,0.0043518,0.106817,0,2.04311,0.540557,0.0946754,0.0376915,0.0483789,3.71144,0.0808111,0,2.17615
152.787301587,0.0742738,0.0446018,0,2.137,0.233916,0.132722,0.0889315,0.0325347,3.7853,0.0618301,0,2.40238
152.833741497,0.0420456,0.000176787,0.000102108,2.28598,0.221759,0.17541,0.125769,0.0198333,3.79953,0.0173148,0,2.55475
152.880181406,0,0,0.0160044,2.36387,0.169007,0.118331,0.113615,0.02174,3.81404,0.0222679,0,2.56879
152.926621315,0.00753357,0,0.0917534,2.25984,0.236077,0,0.0472809,0.0175028,3.73148,0.0174733,0,2.6124
152.973061224,0,0,0.108771,2.29998,0.346475,0,0.0396637,0.0194926,3.54769,0.0196133,0,2.76748
153.019501134,0,0,0.120565,2.4316,0.359092,0.0537961,0.0552558,0.0236731,3.44366,0.241349,0,2.79585
153.065941043,0,0.00307037,0.0943302,2.42225,0.364842,0.0532845,0.0126368,0.00881081,3.43204,0.370362,0.0984628,2.85081
153.112380952,0,0.0500577,0.0720598,2.49821,0.325616,0.0452313,0.105031,0,3.49028,0.30369,0.113216,2.79246
153.158820862,0,0.0548946,0.0465192,2.56163,0.236124,0.0548957,0.187685,0.000814437,3.5576,0.169336,0,2.85948
153.205260771,0.00177208,0.0327705,0,2.535,0.194595,0.027569,0.236206,0.0179484,3.5804,0.0375018,0,2.96193
153.251700680,0,0.00641369,0,2.47751,0.0401152,0,0.215154,0.0276298,3.60037,0.0275871,0,3.28339
153.298140590,0,0.00158061,0.015378,2.48795,0.00935449,0,0.133361,0.0261542,3.4458,0.0280753,0,3.14597
153.344580499,0.0246617,0.000878819,0.0723428,2.33474,0.189607,0.423578,0.464335,0.0259571,3.03587,0.0161512,0.000359682,2.51786
153.391020408,0.144936,0.0106941,0.0490736,1.58541,1.01058,0.514771,0.377147,0.0391514,3.03196,0.0253538,0.000285677,1.85309
153.437460317,0.284287,0.00851447,0.0048468,1.65992,1.14536,0.342574,0.105582,0.0327774,3.15178,0.0290949,0,1.83319
153.483900227,0.251687,0.0103723,0.00115422,1.93774,0.78529,0.108677,0,0.0131749,3.30919,0.0297206,0,2.1989
153.530340136,0.225568,0.000494807,0.00105224,2.24218,0.425134,0.136809,0.0772437,0.0103541,3.4614,0.0284005,0.000133664,2.55453
153.576780045,0.313433,0.000982965,0.000289465,2.35088,0.254747,0.156059,0.160586,0.0136562,3.56719,0.0400895,0.000932298,2.76373
153.623219955,0.582666,1.68169e-05,0,2.31795,0.168333,0,0.0632204,0.0079212,3.63328,0.0700584,0.00148867,2.82799
153.669659864,0.74209,0.0606617,0.160086,2.12275,0.165206,0,0.0152001,0,3.56711,0.0946566,0.000898875,2.63651
153.716099773,0.803555,0.117589,0.224327,2.0317,0.223189,0,0.00468122,0,3.52217,0.120422,0,2.40448
153.762539683,0.776516,0.128671,0.227638,2.05451,0.302362,0.0472889,0,0,3.41797,0.1551,0,2.39512
153.808979592,0.65033,0.0744955,0.239572,2.10174,0.282157,0.0144236,0,0,3.57462,0.144243,0.0430074,2.68398
153.855419501,0.572102,0.0367382,0.220377,2.10725,0.246495,0.0448076,0,0,3.75556,0.126169,0.0877507,2.70281
153.901859410,0.433736,0.00169423,0.167292,1.85498,0.214023,0.0556247,0.21308,0,3.70222,0.100876,0.364332,2.86585
153.948299320,0.0364442,0.23683,0.176189,1.15836,0.013252,0.0385636,0.731166,0,3.47262,0.121315,0.38811,2.79351
153.994739229,0.107172,0.340278,0.13386,0.619629,0.153206,0,1.28137,0,3.07123,0.127366,0.348343,2.42564
154.041179138,0.0887092,0.692909,0.128742,0.404744,0.364776,0.141771,1.47993,0.0794859,2.8866,0.125396,0.447327,1.6613
154.087619048,0.0507634,0.926882,0.0809752,0.350544,0.581769,0.383503,1.50059,0.168756,2.76204,0.28274,1.14828,0.691266
154.134058957,0.10813,1.3767,0.185609,0.522115,0.486121,0.451731,1.34666,0.0299183,2.38941,0.739183,1.57885,0.403847
154.180498866,0.000443594,1.28898,0.289085,0.797891,0.371714,0.491913,1.06575,0.034059,1.8688,0.424925,1.90723,0.505213
154.226938776,0.0146958,1.39504,0.283887,0.709644,0.306964,0.117765,0.707196,0.0664274,2.18333,0.0457283,2.5016,0.615547
154.273378685,0,1.44807,0.324579,0.912666,0.038536,0.0956335,0.691236,0.349751,2.20152,0.194268,2.50459,0.891564
154.319818594,0,1.19366,0.291637,1.1973,0.0453037,0.237719,0.691123,0.530524,2.46778,0.329015,1.98879,1.26549
154.366258503,0,1.06958,0.314061,1.5925,0.28243,0.321642,0.58081,0.282718,2.93839,0.233854,1.05128,2.00876
154.412698413,0,0.434853,0.171059,2.07211,0.575732,0.154536,0.244192,0.039237,3.4353,0.0677747,0.404956,2.04468
154.459138322,0.0320669,0.277233,0.0262939,2.35884,0.271842,0.0385724,0.00999859,0.20671,3.45367,0.0275365,0.389104,1.97345
154.505578231,0.0477367,0.448837,0.000575657,2.51032,0.0985799,0.00955017,0.018467,0.498415,3.35936,0.0368304,0.383469,1.87543
154.552018141,0.041639,0.400689,0.144864,2.69736,0.0975902,0,0.404951,0.910649,2.91462,0.0807805,0.664834,1.58315
154.598458050,0,0.370183,0.230912,2.51655,0.031333,0.0102511,1.35187,1.03813,1.95702,0.0907226,0.950519,1.52589
154.644897959,0,0.465321,0.13863,2.25542,0.0399681,0,2.50471,0.954332,1.03941,0.0553038,1.0971,1.37216
154.691337868,0,0.435617,0.00309617,2.15337,0.0394843,0.0547362,3.24488,0.690226,0.724711,0.0170636,1.29974,1.22827
154.737777778,0,0.441435,0.00233385,2.19814,0.0397418,0.20625,3.24067,0.54685,0.537737,0.0132523,1.33948,0.993695
154.784217687,0.0396243,0.528286,0.00206767,2.26873,0.385303,0.558673,2.9648,0.534762,0.62172,0.0154914,1.28043,0.890699
154.830657596,0.0604736,0.542851,0.00281468,2.43328,0.707185,0.612412,2.59515,0.539029,0.739322,0.0369941,1.359,0.7519
154.877097506,0.0203344,0.366359,0.0268761,2.41002,0.881073,0.393145,2.68697,0.60888,0.82354,0.0141242,1.46054,0.742155
154.923537415,0.0107021,0.21568,0.183464,2.3299,0.336161,0.345578,2.86237,0.608003,0.270156,0,1.53328,1.01774
154.969977324,0,0.138799,0.199582,2.36166,0.0530726,0.28691,3.18871,0.658518,0.0171336,0,1.59653,0.942328
155.016417234,0.00631898,0.195849,0.122548,2.41336,0.0307816,0.214633,3.6443,0.426246,0.0126757,0,1.6531,0.670308
155.062857143,0,0.279005,0.00819371,2.25754,0.03451,0.0970559,3.86627,0.396118,0.0148829,0.0128423,1.74072,0.469156
155.109297052,0,0.350288,0.00230399,1.91512,0.0334898,0,3.8876,0.323621,0.10449,0.0229858,1.92073,0.336886
155.155736961,0,0.294189,0.00216196,1.66862,0.0291973,0,3.66621,0.0920042,0.380393,0.073091,2.26356,0.314146
155.202176871,0,0.231657,0.00377735,1.82753,0.0276326,0.566178,2.8699,0,0.58299,0.122524,2.48081,0.437616
155.248616780,0,0.219973,0.00388704,2.49744,0.0454853,1.16947,1.21173,0.345389,0.592681,0.158779,2.29107,0.346807
155.295056689,0,0.226363,0.00202487,3.24563,0.0676039,0.669268,1.22836,0.683526,0.260723,0.138455,2.05871,0.192292
155.341496599,0,0.297921,0.00194565,3.51497,0.0246743,0.407642,1.38965,0.752314,0.07586,0.075395,2.20056,0.131345
155.387936508,0,0.251114,0.00320157,3.40884,0.0270014,0.296876,1.67657,0.855679,0.0697583,0.0372813,2.31489,0.140372
155.434376417,0,0.153195,0.00332994,2.91256,0.154612,0.252612,1.46265,1.02782,0.153038,0.0434718,1.92315,0.283992
155.480816327,0,0.428876,0.00798371,2.263,0.699694,0.101511,0.971912,1.21216,0.888599,0.000292205,1.43179,0.255931
155.527256236,0.0101231,0.603991,0.00657429,1.7379,1.34919,0.166227,0.301786,1.08731,2.05361,0.00113755,0.793754,0.169062
155.573696145,0.0120628,0.511344,0.0099799,1.57008,1.27865,0.0645566,0.769577,0.986504,2.23029,0.0004918,1.14563,0.110442
155.620136054,0,0.560687,0.0458921,2.08673,0.209338,0.164529,2.19092,0.669299,1.62756,0,1.5817,0.0226361
155.666575964,0,0.711737,0.0600496,2.08315,0.0779043,0.267666,2.86093,0.517792,0.602707,0,1.90938,0.0107686
155.713015873,0,0.67956,0.0430089,2.04446,0.049731,0.369107,3.22091,0.344109,0.0398099,0.0144297,2.0056,0.00101992
155.759455782,0,0.624555,0.069639,2.01833,0.0255435,0.347747,3.37643,0.287046,0.0344565,0,2.16008,0.0675611
155.805895692,0,0.713133,0.251709,1.71823,0.382026,0.29253,3.2679,0.400364,0.0293722,0.00387041,2.67589,0
155.852335601,0.0172915,0.866966,0.126512,1.56993,0.37542,0.263957,3.23437,0.297959,0.0285147,0.0490196,2.89591,0
155.898775510,0.0354685,0.993157,0.0152954,1.69751,0.316508,0.237493,3.27003,0.270584,0.0285141,0.102522,2.86843,0
155.945215420,0.0380136,0.891981,0.00169144,2.4673,0.280758,0.309794,3.11753,0.341648,0.0263178,0.132096,2.72721,0
155.991655329,0.0181154,0.773345,0.0643929,3.05724,0.123848,0.442184,2.56095,0.632543,0.0697076,0.0960008,2.61981,0
156.038095238,0,0.843908,0.0429813,3.21519,0.00694791,0.532416,1.52758,0.944347,0.0916379,0.0687771,2.66499,0
156.084535147,0,0.885045,0.00349209,3.20834,0.00718472,0.553138,0.900387,1.18305,0.0941779,0.0209964,2.53141,0.000107841
156.130975057,0,0.989966,0.00365363,2.95112,0.0531696,0.74897,1.56875,0.504111,0.0625602,0.00340802,2.44754,0.0407455
156.177414966,0.0238772,1.02589,0.00297292,2.70688,0.505961,0.689603,1.8513,0.052887,0.0175449,0.0343109,2.47764,0.000527367
156.223854875,0.0436108,1.03287,0.00262239,2.60673,0.769919,0.710494,1.51485,0.176414,0.00951815,0.053916,2.5435,0.000439278
156.270294785,0.0373384,0.944126,0.00275607,2.69396,0.852034,0.811679,1.01587,0.286166,0.0122769,0.0317356,2.598,0.00988669
156.316734694,0.0573168,0.878747,0.0395831,2.77797,0.809845,0.451943,0.627676,0.469957,0.0201551,0.00259006,2.73432,0.0713256
156.363174603,0.00496779,0.782477,0.201932,2.94861,0.116997,0.455198,0.561994,0.830686,0.0366262,0.0370294,2.52118,0.0854682
156.409614512,0,0.627976,0.207624,2.95622,0.00473775,0.542315,0.922966,0.893054,0.0447267,0.0285614,2.60528,0.0662517
156.456054422,0,0.581217,0.148058,2.88386,0.00565797,0.42585,1.14697,0.768515,0.0447433,0.0394849,2.90247,0.000165179
156.502494331,0.033825,0.745551,0.0624537,2.67036,0.00933776,0.474865,0.860272,0.507236,0.0872492,0.0267026,2.90562,0.120185
156.548934240,0.0169613,0.586527,0.0113519,2.5727,0.00966683,0.629205,1.00899,0.249738,0.324318,0.0702922,2.70609,0.172671
156.595374150,0,0.259025,0.132681,2.66551,0.00814336,0.43672,1.28189,0.00256923,0.358412,0.114382,2.61629,0.0824804
156.641814059,0,0.370698,0.190832,2.60018,0.0372653,0.486294,1.41436,0.0642125,0.0797365,0.137009,2.84641,0.0164411
156.688253968,0.00317824,0.261001,0.127034,2.01221,0.13347,0.368963,2.04072,0.0162662,0.113794,0.139901,3.20644,0.050632
156.734693878,0.00206809,0.0849982,0.127915,1.23806,0.252654,0.214271,2.80969,0,0.261102,0.125265,3.31809,0.0431437
156.781133787,0.0656282,0.264966,0.0587862,0.91452,0.153459,0,3.4111,0,0.209018,0.149649,3.2432,0
156.827573696,0.0328727,0.55539,0.00112769,0.817612,0.253779,0,3.59609,6.03427e-05,0.0728795,0.137952,3.03486,0.00396299
156.874013605,0.0746734,0.83312,0.000884979,0.662745,1.08069,0.341854,2.73554,0.0812801,0.134363,0.128657,2.73759,1.76711e-05
156.920453515,0.0856298,0.879254,0.0016208,0.64375,1.23737,0.402187,2.67668,0.460361,0.134342,0.0835668,2.70489,0
156.966893424,0.0377608,0.748551,0.00383182,1.07818,0.790271,0.215791,3.35096,0.37889,0.130148,0.0152495,2.83517,0
157.013333333,0,0.539507,0.00197534,1.59931,0.114519,0,3.50817,0.224726,0.12572,0.0222855,3.03809,0.0429801
157.059773243,0.00372446,0.430077,0.0574004,1.75729,0.0341238,0.0717371,3.44244,0.453677,0.111811,0,3.15171,0.0540584
157.106213152,0,0.44569,0.0565133,1.83218,0.0411811,0.037854,3.46968,0.532002,0.100253,0,3.07114,0.0185921
157.152653061,0,0.411449,0.0493549,2.04181,0.0531733,0.00213133,3.48266,0,0.0282652,0.0327293,2.66202,0.0786192
157.199092971,0,0.712125,0.0385402,1.75268,0.0395161,0,3.37928,0,0.103116,0.121415,2.32893,0.258598
157.245532880,0.0432936,1.21471,0.26097,1.2826,0.0227098,0.0735627,3.08628,0.0413433,0.0987291,0.269099,2.04211,0.4193
157.291972789,0.0754701,2.1639,0.330308,0.798589,0,0.105023,2.83201,0.0677878,0.276811,0.298035,1.86153,0.551869
157.338412698,0.0819605,2.18537,0.60457,0.287869,0.0349006,0.113389,2.814,0.0790249,0.416086,0.391465,1.96959,0.427905
157.384852608,0.0615041,2.05332,0.579145,0.253215,0.0696702,0.293274,3.17079,0.0977707,0.454035,0.550418,1.81301,0.304111
157.431292517,0,2.01508,0.275477,0.0523108,0.514155,0.45455,3.32243,0.0979145,0.270404,0.391596,2.22226,0.208126
157.477732426,0,1.71867,0.19487,0,0.875183,0.48806,3.03198,0.0916802,0.0299112,0,2.77985,0.342381
157.524172336,0,1.31704,0.186466,0,0.879806,0.434282,3.10699,0.0701032,0.0317868,0,3.03707,0.131093
157.570612245,0.00533118,1.41651,0.208374,0.000618117,0.875818,0.499604,3.24035,0.0555974,0.0274854,0,3.07999,9.90038e-05
157.617052154,0.0866696,1.60473,0.15571,0,0.765498,0.414251,3.31843,0.0437223,0.0206695,0,3.09961,0.00801529
157.663492063,0.111178,1.44674,0.116992,0.037427,0.580467,0.161539,3.39979,0.0591062,0.0896793,0.000791375,3.40378,0.0204165
157.709931973,0.178915,1.08537,0.0903063,0.121583,0.387237,0.264615,3.40647,0.0405511,0.258509,0.000474342,3.29508,0.0194161
157.756371882,0.187035,1.20013,0.0587237,0.272322,0.230711,0.281618,3.19908,0.0357345,1.12629,0,2.63575,0.085305
157.802811791,0.162308,1.29366,0.052746,0.235962,0,0.396109,2.81364,0.0385984,1.81438,0.176441,1.17036,0.954646
157.849251701,0.161484,1.08741,0.126994,0.199543,0,0.419956,2.82271,0.032489,2.19603,0.0532854,0.351852,1.27408
157.895691610,0.173428,0.914111,0.183488,0.161084,0,0.315762,2.89716,0.0184479,2.28713,0.0667409,0.40363,1.4888
157.942131519,0.125268,0.710473,0.16609,0.341935,0.108607,0.282374,3.07348,0.00908109,2.19991,0.163384,0.721079,1.43678
157.988571429,0.0581243,0.535918,0.125286,0.431037,0.288596,0.424716,3.37444,0.00872365,1.63586,0.200465,1.52286,1.06768
158.035011338,0,1.62446,0.0191238,0.241248,0.295377,0.260278,3.48823,0.0167963,0.149544,0.162609,2.29446,0.47428
158.081451247,0,2.15091,0.0264144,0.166581,0.185079,0.225579,3.26769,0.125777,0.0433561,0.179512,2.30595,0.318081
158.127891156,0,2.27757,0,0,0.0534843,0.274183,3.39782,0.0560223,0.0207696,0.0141513,2.28487,0.252991
158.174331066,0,2.33865,0,0.0294012,0.0420987,0.217911,3.58671,0.0291334,0.0267297,0,2.60414,0.0583298
158.220770975,0,2.14431,0,0.035759,0.0293575,0.193969,3.6504,0.0360834,0.0322357,0,2.77884,0
158.267210884,0,1.62321,0.0179973,0.0341865,0.194604,0.1988,3.74857,0.0338837,0.0322236,0,2.95306,0
158.313650794,0.061445,0.983795,0,0.035547,0.418885,0.18403,3.94532,0.0306785,0.0273062,0,2.93139,0
158.360090703,0.0695455,1.06101,0,0.00799096,0.472068,0.0947013,4.08119,0.0458601,0.0220057,0,2.82181,0.0101197
158.406530612,0.0419493,1.62981,0,0.00656018,0.281062,0.0903715,4.16851,0.174233,0.022129,0,2.79994,0.00828298
158.452970522,0,1.94843,0,0.0071074,0.33207,0.198616,4.01446,0.233472,0.0264743,0,3.09451,0.00744474
158.499410431,0,2.06721,0,0.0215569,0.208841,0.37642,3.77348,0.12791,0.029204,0,3.25634,0.00760576
158.545850340,0.0143123,2.11229,0.256601,0.108088,0.110629,0.235521,3.61556,0.0188931,0.045492,0,3.24659,0
158.592290249,0,2.15834,0.210116,0.318813,0.0158985,0.349724,3.63305,0.021568,0.296298,0.206525,2.7724,1.69602e-05
158.638730159,0.138398,2.04675,0.186283,0.302713,0.12748,0.43837,3.58741,0.00801527,0.487129,0.229434,2.11724,0.000221009
158.685170068,0.301082,1.9366,0.164857,0.198851,0.291653,0.384818,3.59969,0,0.556925,0.143143,1.7696,0.000268555
158.731609977,0.464833,1.83629,0.0218348,0.0364726,0.402823,0.2978,3.45948,0.000676302,0.519238,0.0892014,1.50278,0.000205765
158.778049887,0.596658,1.32726,0,0.250336,0.295282,0.478078,3.25744,0.0147838,0.433338,0.139104,1.56289,0.435633
158.824489796,0.429512,0.616356,0.0675785,0.51149,0.176857,0.801215,3.01166,0.0128676,0.3563,0.0410697,1.78224,0.715498
158.870929705,0.541216,0.284825,0.16087,0.642476,0.209708,0.75429,2.85388,0.0231414,0.122595,0.000251315,1.939,0.637805
158.917369615,0.291381,0.311194,0.180713,0.41965,0.386329,0.572554,3.12685,0.0415876,0.0194089,0,2.59988,0.36992
158.963809524,0.187813,0.651899,0.234158,0.0195098,0.560946,0.491133,3.38135,0.0425717,0.0171036,0,2.64583,0.000290193
159.010249433,0.224036,0.496508,0.144129,0,0.631626,0.438493,3.56886,0.0362024,0.0228285,0,2.51743,0.000407435
159.056689342,0.144003,0.704393,0,0.00660959,0.697089,0.447526,3.58074,0.0436163,0.0269344,0.000446265,2.57925,0.00342584
159.103129252,0.13748,1.35334,0,0.162348,0.676672,0.364187,3.17994,0.0258324,0.597709,0.0921312,2.74769,0.0186902
159.149569161,0.253677,1.49475,0,0.157582,0.436597,0.472625,2.59765,0.0268906,1.32975,0.483013,2.38124,0.0550885
159.196009070,0.327283,1.43487,0,0.139798,0.0812572,0.458003,2.28807,0.0319166,1.79085,0.62001,1.7412,0.151698
159.242448980,0.30222,1.50716,0,0.122674,0,0.425721,2.18804,0.0344554,1.99145,0.316013,1.52003,0.383558
159.288888889,0.288851,1.89321,0.160408,0.196833,0.185436,0.404215,1.97838,0.0286632,1.76565,0,1.57481,0.514174
159.335328798,0.290219,2.28895,0.225181,0.324198,0.335299,0.385604,1.88121,0.379779,1.04737,0,1.63749,0.701153
159.381768707,0.0180093,2.10945,0.155414,0.429708,0.403435,0.247425,2.53405,0.489487,0.152742,0.115182,2.25947,0.768222
159.428208617,0.268892,1.384,0.099724,0.261182,0.399064,0.16702,2.9859,0.205733,0.188763,0.161421,2.62786,0.344526
159.474648526,0.390812,1.03137,0.11538,0.0841278,0.24321,0.105008,3.28934,0,0.362798,0.191033,2.60395,0.0919433
159.521088435,0.116847,1.32479,0.187224,0.111072,0.222402,0.0194998,3.35939,0,0.27875,0.216605,2.57393,0.169514
159.567528345,0.106595,1.61846,0.219488,0.213409,0.141297,3.73528e-05,3.70122,0,0.062378,0.249303,2.43121,0.254339
159.613968254,0.122272,1.69245,0.131856,0.241842,0.254922,0,3.93907,0,0.0369897,0.213336,2.70882,0.196316
159.660408163,0.0152821,1.83686,0.00235929,0.106913,0.317593,0.445274,3.19939,0.309435,0.634637,0.213999,2.529,0.0217282
159.706848073,0.00033913,1.83536,0,0,0.21477,0.732873,2.36703,0.315137,1.84024,0.34698,1.82821,0
159.753287982,0.483177,1.77872,0.0741405,0.345815,0.414125,1.00235,0.813879,0.0138458,2.89134,0.140516,1.13525,1.82691e-07
159.799727891,0.912349,1.60387,0.0500782,0.793277,0.489861,1.41117,0.0722449,0.00149568,3.31794,0.0638203,0.644965,0
159.846167800,1.06643,1.86914,0.141808,0.876605,0.06892,0.776461,0.251869,0,3.48948,0.0790675,0.463667,0
159.892607710,0.53486,2.8968,0.204389,0.710364,0.0303095,0.543428,0.617966,0,2.95473,0.0156737,0.659895,0.0198022
159.939047619,0.177678,3.02473,0.420132,0.622347,0.0299545,0.894263,1.14553,0,2.61989,0.128402,0.907253,0.00284858
159.985487528,0.17899,2.47762,0.806517,0.706516,0.0280233,0.7187,1.48759,0,2.21254,0.332279,1.11565,0.0236696
160.031927438,0.226623,2.05938,0.987505,0.872943,0.0942202,0.196344,1.8612,0.0822402,2.02501,0.25834,0.990604,0.000119626
160.078367347,0.52191,2.61296,0.227979,0.828305,0.103031,0.0117531,1.37976,0.589879,2.46292,0.208132,0.348697,0.000277013
160.124807256,0.491024,2.73302,0.0432453,1.10647,0.359616,0.00865823,0.635208,0.460386,2.8209,0.154779,0.0573472,0.000243265
160.171247166,0.326751,2.59447,0.00343769,0.863953,0.781836,0.0185782,0.152901,0.141857,3.10884,0.189358,0.0341453,8.30645e-05
160.217687075,0.200326,2.73317,0.000867718,0.252367,1.02732,0.462617,0.151012,0.00121178,2.80621,0.45356,0.00626977,1.96328e-05
160.264126984,0.169266,2.74493,0.012266,0.103481,0.874811,0.556483,0.790033,0.0140943,2.08462,1.13403,0.0139974,0
160.310566893,0.120477,2.15074,0.182816,0.0386935,0.651627,0.682282,1.96264,0.10682,1.8666,0.60604,0.0896046,0.000109554
160.357006803,0.192448,1.50688,0.567037,0.0278938,0.478076,0.621178,2.36828,0.146282,1.57748,0.564918,0.00119233,0.000513933
160.403446712,0.337649,1.35215,0.695758,0.00481117,0.676204,0.571006,2.02016,0.110692,1.64802,0.397986,0.000541735,0.0456235
160.449886621,0.753718,0.931375,0.0482707,0.0217515,0.844365,0.728743,1.41758,0.108977,2.146,0.350148,0,0.135668
160.496326531,1.32491,0.895917,0.0024716,0.11828,0.972279,0.71866,0.611449,0.237156,2.62962,0.033083,0,0.164776
160.542766440,1.73068,0.997713,0.00298631,0.193394,0.988927,0.483144,0,0.247569,2.55448,0.00246797,0.0036206,0.184672
160.589206349,1.70015,1.23123,0.00166566,0.362621,0.708127,0.328293,0.165418,0.158152,1.82432,0.661692,0.0828075,0.189364
160.635646259,1.02554,1.38556,0.050813,0.412028,0.423024,0.140636,0.572385,0.102433,2.00324,1.16523,0.149644,0.154851
160.682086168,0.0837604,2.00495,0.487588,0.590565,0.292513,0.330282,0.0899441,0.424814,1.82686,1.25205,0.419038,0.0300215
160.728526077,0.00037992,1.39982,1.17402,0.471448,0.20202,0.382315,0,0.465756,1.71421,0.615139,1.32451,0.204924
160.774965986,0.000441578,0.310415,1.39859,0.922333,0.188345,0.391663,0,0.430078,1.83131,0.164712,1.28026,0.671232
160.821405896,0.000388481,0.197456,0.961977,1.30327,1.29893,0.233798,0,0.316929,1.61779,0.173972,0.466388,1.46527
160.867845805,0.327698,0.172531,0.242537,0.966228,1.82216,0.432867,0,0.451526,1.70583,0.185729,0.203804,1.45061
160.914285714,0.934638,0.542889,0.0328689,0.185216,1.36778,1.60989,0,0.566418,1.48865,0.157898,0.316213,0.951975
160.960725624,1.56522,1.51092,0,0,0.819819,2.61418,0.27775,0.41505,0.887704,0.149348,0.330819,0.0230258
161.007165533,0.0564064,1.48356,0.316014,0,0.366468,2.6451,0.955587,0.0614723,0.295649,0.376262,0.990035,0.137513
161.053605442,0.000241603,1.29462,0.308203,0.0767353,0.562491,1.96393,0.961947,0.133914,0.134543,0.347963,1.05096,0.49516
161.100045351,0.0259705,0.879449,0.117182,0.0853409,0.825307,1.37055,0.925488,0.385073,0.0822071,0.277336,0.938172,0.590614
161.146485261,0.0665889,0.508532,0.191674,0.252318,1.1128,0.713785,0.673055,0.312115,0.709893,0.169257,0.620243,0.772396
161.192925170,0.0631208,0.464057,0.0641488,0.398227,1.78784,0.621379,0.205265,0.197008,1.20731,0.0921996,0.868016,0.88944
161.239365079,0.066011,0.371478,0.0060379,0.301734,2.42368,0.441877,0.0473773,0.531069,1.16865,0.000690297,1.20278,0.576039
161.285804989,0.0706827,0.271851,0.00367999,0.534258,2.38477,0.257316,0.215609,0.317558,0.973094,0.778014,1.16652,0.441188
161.332244898,0.09727,0.00147598,0.0661657,0.192523,1.55688,0.746739,0.666363,0.127813,1.09483,1.41114,1.20621,0.612593
161.378684807,0.0729065,0.101418,0.263573,0.588851,0.718888,1.18047,0.270339,0.266293,1.46941,1.36058,1.28024,0.591697
161.425124717,0.000639415,0.20662,0.702602,0.473329,0.149441,1.05689,0.184738,0.180367,2.16297,0.892825,1.44656,0.960221
161.471564626,0.000690341,0.166414,0.835479,0.528608,0.15685,0.227613,0.589125,0.0915058,2.14785,0.379003,1.74932,0.992818
161.518004535,0.00063238,0.153087,0.950481,0.702319,0.177478,0,0.403755,0.276345,2.04287,0.169969,1.70218,1.22592
161.564444444,0.453982,0.16681,0.763959,0.718475,0.236168,0,0,0.490519,2.30823,0.188304,1.34215,1.24155
161.610884354,0.821978,0.435712,0.144214,0.507231,0.302748,0.055632,0.05708,0.0772965,2.91909,0.187055,0.540107,0.862682
161.657324263,0.495514,1.34701,0,0.29376,1.20369,0.140368,0.552904,0.0196518,2.66953,0.101055,0.637686,0.104732
161.703764172,0.00634703,2.0763,0.116216,0.209232,1.49004,0.725153,0.658375,0.16985,1.87215,0.0261482,0.412242,0.118122
161.750204082,0.0860726,1.97444,0.115366,0.241702,1.65114,0.842963,0.63523,0.39799,1.23983,0.0239248,0.180813,0.506651
161.796643991,0.20336,1.52773,0.0116397,0.208316,1.65076,0.77272,0.707277,0.748533,0.790065,0.0328713,0.312876,0.661015
161.843083900,0.239499,0.931608,0.294596,0.235219,1.66587,0.711988,0.338579,0.715283,0.449216,0.000999386,0.465468,0.871549
161.889523810,0.201524,0.555323,0.0209293,0.690477,1.56531,0.743464,0.0622051,0.369097,0.595957,0.0319252,0.207769,1.58745
161.935963719,0.128066,0.453066,0.00242161,1.30612,1.01218,1.45098,0.00119898,0.293521,0.685185,0.00940736,0.638356,1.85633
161.982403628,0.00018845,0.340228,0.00203096,1.39476,1.36956,0.974204,0.236969,0.182743,0.400149,0.0366946,1.22525,1.15817
162.028843537,0.142772,0.0957923,0.00124781,0.174102,1.46601,0.851409,0.600104,0.149727,0.817428,0.184341,1.68202,0.560059
162.075283447,0.226691,0.564449,0.10713,0.165328,1.07852,0.570184,0.696359,0.151073,1.01492,0.211824,1.43991,0.701717
162.121723356,0.000178063,1.25487,0.233366,0.173961,0.511134,0.594524,0.467047,0.347028,1.10284,0.00330281,0.588266,1.63035
162.168163265,0.0697521,1.69266,0.200684,0.114008,0.386939,0.944547,0.824203,0.385956,0.92876,0.00218804,0.316832,1.83802
162.214603175,0.0516849,1.60457,0.0730657,0.0185401,0.313865,1.15521,1.18203,0.733066,0.861278,0.0487435,0.347312,1.70115
162.261043084,0.0695483,1.03974,0,0.340374,1.27168,0.632359,0.803149,0.873486,1.05524,0.107614,0.468456,1.43917
162.307482993,0.151485,0.875856,0.00229481,0.447694,2.0336,0.709728,0.745935,1.24127,1.00907,0.000466382,0.566601,1.04099
162.353922902,0.18306,0.798827,0.0122704,0.295108,2.23309,0.715428,0.492902,1.20229,1.07753,0.1907,0.646649,1.05425
162.400362812,0.0865783,0.493455,0.359399,0.439511,2.11611,0.69543,0.403502,0.640256,0.968354,0.663732,0.466345,1.00349
162.446802721,0.319662,0.118911,0.450496,0.996987,0.937483,0.523338,0.516559,0.929638,0.448584,1.10351,0.177266,0.855301
162.493242630,0.809571,0.0968857,0.107593,0.841129,1.0165,0.557434,0.763733,0.875867,0.362424,1.11518,0.284567,0.749862
162.539682540,0.777223,0.0949084,0.0904822,0.568761,1.11987,0.54183,0.912127,0.494086,0.480444,0.97342,0.521109,0.513903
162.586122449,0.675547,0.139396,0.0439076,0.0395184,1.18218,0.455751,1.0693,0.0373149,0.905089,0.416443,0.78179,0.258547
162.632562358,0.753023,0.326389,0.072808,0.0761528,1.44108,0.155935,0.753566,0.127178,0.813897,0.145127,0.689097,0.263119
162.679002268,0.808681,0.222651,0.0707708,0,1.50651,0.301663,0.883927,0.477881,0.58378,0.160919,0.672154,0.704804
162.725442177,0.813457,0.275502,0.03191,0.0234053,1.54612,0.333751,1.03289,0.577132,0.214334,0.216782,0.72917,1.07733
162.771882086,0.715707,0.203422,0.410521,0.00176652,1.3862,0.195113,1.37913,0.185495,0.340595,0.409979,0.383242,1.40781
162.818321995,0.623909,0.512715,0.686463,0,1.00477,0.227911,1.61125,0.271848,1.30557,1.16475,0.201596,1.0727
162.864761905,0.373737,0.491606,0.425349,0.616377,0.533582,0.185709,1.09571,0.43016,2.52594,1.08382,0.117224,1.76921
162.911201814,0.209783,0.184247,0.15601,1.4864,0.200288,0.130764,0.202818,0.215237,2.92073,0.679081,0.113859,2.59924
162.957641723,0.123329,0.0955963,0.0545391,1.59339,0.416178,0.0552886,0.198204,0.0443808,3.13992,0.335761,0.0679443,2.73133
163.004081633,0.303534,0.02683,0.029453,1.63398,0.502271,0,0.613381,0,3.08553,0.207997,0,2.73897
163.050521542,0.443083,0,0,2.10212,0.116478,0,0.888539,0.0059609,3.13889,0.125897,0,2.88104
163.096961451,0.610314,0,0.0232316,2.43705,0,0,0.72967,0.00899962,3.40017,0.0843981,0,2.86381
163.143401361,0.830787,0,0.0888419,2.68264,0,0,0.63496,0.00675053,3.32158,0.060497,0,2.67845
163.189841270,0.836356,0.0201109,0.131009,2.52562,0.413165,0.483925,0.830023,0.00234295,3.16971,0.0510312,0.309336,1.78544
163.236281179,0.453866,0.178405,0.065446,1.78778,0.916958,0.791885,0.587311,0.00517958,3.60818,0.0542474,0.51788,1.00224
163.282721088,0.636594,0.133192,0.0284347,1.6473,0.754783,0.671859,0.157708,0.0105389,4.02412,0.0422361,0.0996329,1.13302
163.329160998,1.06956,0.0927302,0.0198566,1.57656,0.333367,0.334129,0.0290441,0.0175238,4.16591,0.0193009,0.000774261,1.51535
163.375600907,1.04661,0.0631483,0.000710569,1.73812,0.162372,0.142104,0.272057,0.0250363,4.16742,0.0088442,0.000647079,1.70298
163.422040816,0.787673,0.0332188,0.000384879,1.80784,0.0556681,0.0603917,0.431852,0.024556,4.07747,0.0177691,0.141578,2.0242
163.468480726,0.715832,0.0718663,0.0175269,1.86845,0.168823,0,0.537275,0.0216254,3.94297,0.00828184,0.225765,2.16503
163.514920635,0.772874,0.247079,0.127851,1.84101,0.114291,0.0108601,0.179281,0.0145552,4.0172,0.0110945,0.0265253,2.26296
163.561360544,0.703502,0.242335,0.202455,1.82486,0.116152,0.00677236,0.00259522,0.0017213,4.07143,0.0317113,0.238459,2.07425
163.607800454,0.36497,0.149434,0.210676,2.14367,0.124255,0,0,0,4.07014,0.0482709,0.353289,1.76656
163.654240363,0,0.135265,0.198494,2.35156,0.171908,0,0.135508,0,4.07003,0.0738128,0.162569,1.38903
163.700680272,0.00997098,0.12279,0.178513,2.3003,0.230314,0,0.323137,0.0104515,4.02991,0,0,1.22317
163.747120181,0.182923,0.0438972,0.0587939,2.32954,0.21797,0,0.347195,0.031455,4.13607,0,0.0993462,1.30211
163.793560091,0.330168,0.0322283,0.0735701,2.45804,0,0,0.147251,0.0289351,4.20351,0.0239042,0.164862,1.44844
163.840000000,0.392045,0.0334506,0.106734,2.58411,0,0,0.13261,0.022804,3.99225,0.0281643,0.176072,1.34577
163.886439909,0.457427,0.0668443,0.157651,2.4836,0,0.0366059,0.195223,0.0271747,3.81241,0.0241983,0.105149,1.04372
163.932879819,0.256796,0.228211,0.127676,2.21182,0.389475,0.179913,0.167441,0.0402875,3.78035,0.03101,0.100144,0.907074
163.979319728,0.0460725,0.165048,0.00714313,2.35188,0.484623,0.100859,0.24941,0.0441614,3.95142,0.0432162,0,1.50306
164.025759637,0.0137425,0.184687,0,2.26023,0.138714,0.160626,1.12076,0.0240366,4.02707,0.0270233,0,2.03526
164.072199546,0,0.185284,0,2.1703,0.131259,0.187435,1.75941,0.0205919,3.74097,0.0187174,0,2.00392
164.118639456,0.0221619,0.186116,0.0197154,2.03317,0.00327126,0.0922992,1.93363,0.0226413,3.58944,0.0311475,0.00236531,1.95678
164.165079365,0.0145527,0.176308,0.117757,2.00874,0.206413,0.00562298,1.96122,0.0179685,3.39674,0.0183871,0.00214683,1.82361
164.211519274,0.0993675,0.16287,0.134119,2.23172,0.302941,0.0666051,1.92471,0.0222146,3.37765,0.0470044,0.00116537,1.55754
164.257959184,0.0444853,0.224671,0.101569,2.08488,0.376035,0.0872684,1.34394,0.0238515,3.77527,0.268026,0.0589911,1.3724
164.304399093,0,0.26144,0.0841241,1.95008,0.389768,0.0776535,1.49295,0.00329611,3.75893,0.378584,0.17635,1.0719
164.350839002,0.0395763,0.260482,0.0807988,2.27834,0.335644,0.0763464,1.74829,0,3.78808,0.245697,0.256389,0.666332
164.397278912,0.238364,0.218262,0.0641016,2.51101,0.225924,0.0805344,1.85617,0,3.68225,0.144392,0.470165,0.768907
164.443718821,0.325228,0.160938,0.0122079,2.55859,0.189008,0.0554893,1.99648,0.0195966,3.47651,0.0273539,1.02099,0.81434
164.490158730,0.317747,0.113262,0.0310916,2.59877,0.00746504,0.0598514,1.88383,0.0257413,3.2776,0.0260448,1.24244,1.17348
164.536598639,0.307132,0.0805798,0.155044,2.61999,0,0.127804,1.79709,0.017376,3.00317,0.0219913,1.29732,1.13862
164.583038549,0.147971,0.0707216,0.168477,2.27875,0.276612,0.593411,2.05087,0.0121117,2.77088,0.0200026,1.39603,0.646303
164.629478458,0.255703,0.295454,0.0681362,1.60567,0.868575,0.665753,2.09045,0.018217,2.72084,0.0387758,1.64558,0.0848352
164.675918367,0.508214,0.199809,0.00103009,1.90763,1.04823,0.626582,2.04739,0.0175074,2.89305,0.0359915,1.43899,0.0599847
164.722358277,0.441329,0.156948,0.00100018,2.69055,0.739687,0.364412,1.82664,0.00974946,2.92332,0.0307403,1.20093,0.611042
164.768798186,0.453722,0.0685964,0.00097491,2.93177,0.255224,0.215464,1.67225,0.011099,3.12033,0.0363451,1.14629,0.776754
164.815238095,0.463208,0.0359215,0,2.97085,0.0177679,0.203901,1.40222,0.0142405,3.36319,0.0630629,1.03959,0.819496
164.861678005,0.645989,0.0581056,0,2.94739,0.118546,0.0663995,1.08126,0.00738554,3.56804,0.0760415,0.744803,1.07874
164.908117914,0.752485,0.187833,0.150631,2.73913,0.127764,0.15165,0.675587,0.0128324,3.69904,0.103256,0.516365,1.34396
164.954557823,0.840759,0.247332,0.217867,2.70842,0.228929,0.150207,0.45381,0.024354,3.76138,0.134671,0.347748,1.26268
165.000997732,0.842036,0.237511,0.204778,2.62808,0.330091,0.124449,0.525741,0.035136,3.75861,0.162969,0.35046,1.05766
165.047437642,0.643148,0.136069,0.258296,2.54595,0.284584,0.0532863,0.798521,0.0400833,3.66704,0.139167,0.483732,1.01122
165.093877551,0.570906,0.139187,0.226358,2.64009,0.251782,0.0454087,1.31289,0.0203519,3.21305,0.121517,0.634926,1.08415
165.140317460,0.30662,0.316633,0.188281,2.44338,0.253042,0.0295908,2.27896,0.0026646,2.56434,0.0914667,1.02271,1.29838
165.186757370,0.0285194,0.582623,0.174724,1.97446,0,0,3.23777,0,1.42282,0.13753,1.76032,1.33636
165.233197279,0.0816021,0.970061,0.131317,1.41196,0.00227787,0,3.80794,0.000646365,0.396744,0.154606,1.81309,0.986255
165.279637188,0.080966,1.06717,0.133902,0.830713,0.0936195,0.188551,3.79864,0.121583,0.849575,0.132648,1.51817,0.818635
165.326077098,0.0988869,1.0541,0.0571097,0.681702,0.353898,0.386204,3.40836,0.1693,1.54588,0.41888,1.21056,0.727011
165.372517007,0.226799,1.19126,0.00119181,1.13332,0.479482,0.570632,2.81691,0.0382797,2.36657,0.648685,0.777343,0.356321
165.418956916,0.712438,0.354481,5.36949e-05,1.60289,0.382227,0.620892,2.35129,0.0520906,2.83683,0.366986,0.543837,0.0923503
165.465396825,0.590453,0.493558,0,1.69551,0.200922,0.385247,2.23186,0.0704381,2.78984,0.0572006,0.672926,0.0239066
165.511836735,0.135907,0.749899,0,1.99557,0.0368557,0.378833,2.33126,0.181221,2.06494,0,0.803586,0
165.558276644,0,0.909415,0.00556564,2.06623,0.0485003,0.383763,2.2934,0.39572,1.68089,0,1.36326,0.267175
165.604716553,0,1.66917,0.00183698,2.2269,0.0933606,0.31799,2.2338,0.244217,1.43128,0.0313714,1.76835,0.495423
165.651156463,0.00315288,1.88262,0.0382826,2.35234,0.216481,0.0451452,2.06404,0.322158,1.35179,0.040185,1.92511,0.369416
165.697596372,0.0309278,1.55446,0.000719955,2.97523,0.0574247,0.0088776,1.89998,0.382496,1.10543,0.0237228,1.71872,0.0146751
165.744036281,0.0414614,1.16972,0.00263162,3.29037,0.0921009,0.00310677,2.02552,0.563543,1.5334,0.0521849,1.51677,0
165.790476190,0.0510995,0.948339,0.165931,3.6246,0.0549353,0,1.88728,0.81967,1.86041,0.083575,1.43654,0
165.836916100,0.0134874,0.83669,0.187895,3.63325,0.0329819,0,1.71252,0.885346,1.97149,0.0825214,1.67462,0
165.883356009,0,0.709215,0.0689466,3.41082,0.0688227,0.0155325,1.9901,0.77323,1.99153,0.0406554,1.75558,0
165.929795918,0,0.547476,0.00259338,3.37607,0.0111362,0.0135821,2.15785,0.558747,2.00076,0.0192416,1.57239,2.93022e-05
165.976235828,0,0.566411,0.00224644,3.42851,0.0111655,0.0828547,2.00228,0.425907,1.97881,0.0157638,1.49169,0.000355391
166.022675737,0.0446843,0.712454,0.00202095,3.27344,0.43015,0.319222,1.73891,0.384239,1.74591,0.0266901,1.7457,0.000479535
166.069115646,0.0380665,1.06636,0.00261308,3.31223,0.665255,0.397973,1.29366,0.733437,1.60145,0.0435372,1.93898,0.0405286
166.115555556,0.00124615,1.13851,0.0358764,3.24265,0.820596,0.798841,1.06348,0.966433,1.84821,0.000729026,1.63572,0.0459571
166.161995465,0.00766811,0.982135,0.0227012,3.37431,0.271207,0.984482,0.902332,0.94052,1.95823,0,1.60636,0.0403458
166.208435374,0,0.82287,0.00401819,3.5328,0.0151871,0.882506,0.817724,0.854899,2.00049,0.00068733,1.63268,0.0283625
166.254875283,0,0.690777,0.00345965,3.65464,0.0149798,0.518038,0.848064,0.784581,2.14074,0.0155726,1.89449,0.0233645
166.301315193,0.00512328,0.590373,0.00228214,3.73841,0.0164941,0.0677968,0.946476,0.826342,2.1064,0.0111794,2.17196,0.020097
166.347755102,0,0.394456,0.00207175,3.71306,0.0140245,0.0322935,0.962165,0.562087,2.06233,0.0379633,1.99684,0.00705692
166.394195011,0,0.429719,0.0120086,3.49092,0.00824935,0.196837,0.685993,0.259959,2.33914,0.0947941,1.42476,0.214798
166.440634921,0,0.876718,0.00335248,3.13764,0.00594667,0.756201,0.280773,0.0567493,2.44753,0.133064,0.936468,0.371825
166.487074830,0,1.10394,0.00309762,3.15944,0,1.0218,0.159014,0.557084,2.2384,0.155641,0.780001,0.164438
166.533514739,0,1.12175,0.0016027,3.25724,0.00283348,0.725146,0.291319,0.684914,2.22509,0.119094,1.08177,0
166.579954649,0,1.00343,0.00213761,3.39646,0.0113241,0.405759,0.327014,0.756825,2.17996,0.0589801,1.47252,0
166.626394558,0,0.896473,0.00327143,3.55184,0.0214396,0.26909,0.242647,0.932738,2.08084,0.0317795,1.74273,0.000144045
166.672834467,0,0.788696,0.00383591,3.47902,0.030963,0.130431,0.0847716,0.968062,1.92336,0.0125323,1.91626,0.0334488
166.719274376,0.00672225,0.707789,0.00412778,2.9483,0.577651,0.234072,0.219756,0.765967,1.89541,0.0164402,1.94279,0.0711077
166.765714286,0.0457538,0.684757,0.00329129,2.7793,0.853514,0.236178,0.468042,0.474365,1.79466,0.0154423,1.8134,0.069104
166.812154195,0.068442,0.67884,0.0025113,3.32653,0.244464,0,0.928848,0.9246,1.9415,0.000236528,1.41781,0.000149349
166.858594104,0.0194625,0.756527,0.00260001,3.45218,0.016488,0,1.71719,1.05026,1.89161,0,1.5097,0.0327403
166.905034014,0,0.87556,0.00295314,3.30995,0.00691227,0,2.06249,0.989039,1.6335,0,1.578,0.0253216
166.951473923,0,0.994956,0.00369516,3.1805,0.00779267,0,2.12985,0.910054,1.49504,0.00923509,1.62179,0.0069638
166.997913832,0,0.994283,0.100036,3.38147,0.00953787,0,2.03552,0.836664,1.45286,0,1.74995,0
167.044353741,0.0219886,0.895249,0.237944,3.10555,0.338288,0.0114947,1.95654,0.770485,1.43815,0.0249225,2.26666,0.0176186
167.090793651,0.0315811,0.969546,0.121334,2.90836,0.312126,0.0471588,1.83316,0.55871,1.62278,0.0655828,2.17841,0.0357627
167.137233560,0.0393521,1.05006,0.0192713,2.65632,0.277709,0.0147897,1.83173,0.613632,1.7614,0.116833,1.94638,0
167.183673469,0.0304576,1.1057,0.00718696,2.72937,0.231306,0.0441234,1.76481,0.804213,1.73709,0.137071,2.14995,0
167.230113379,0,1.08414,0.0955555,3.29693,0.094057,0.0828806,1.62947,0.983339,1.7137,0.0918708,2.19405,0
167.276553288,0,1.12872,0.00940529,3.36651,0.00656155,0.0890036,1.53971,1.04039,1.61565,0.0569487,2.31838,0
167.322993197,0,1.33328,0.00365304,3.40543,0.00707849,0.0730198,1.33644,1.12301,1.28064,0.00398965,2.45949,3.63698e-06
167.369433107,0,1.36526,0.00352383,3.33349,0.0773031,0.465873,1.35639,0.526176,1.09447,0,2.39511,0.000188021
167.415873016,0.0250278,1.31905,0.00294643,3.07494,0.35885,0.667684,1.50556,0.234884,0.984769,0,2.36079,0.000286438
167.462312925,0.0607667,1.13218,0.00252219,2.84965,0.558738,0.699903,1.55692,0.251373,0.994085,0.000487615,2.65397,0.000246547
167.508752834,0.0517152,1.0246,0.00304241,3.3789,0.678251,0.571683,1.38588,0.458143,1.01656,0.000597512,2.6278,0.0583173
167.555192744,0.0247072,0.852318,0.00408339,3.79319,0.453318,0.180542,1.2722,0.673405,1.19065,0,2.15687,0.105149
167.601632653,0.0444753,0.623196,0.00287174,4.04192,0.00403581,0.0692101,1.30289,0.945462,1.29533,0.0401574,1.61901,0.0866809
167.648072562,0.00936017,0.437078,0.00247395,4.07256,0.0047743,0.065383,1.38932,0.94138,1.36328,0.0258972,1.49864,0.0675198
167.694512472,0.0414247,0.453669,0.00195586,4.00752,0.00613641,0.068363,1.33898,0.704439,1.49133,0.0440782,1.62559,0
167.740952381,0.0389608,0.554114,0.00258149,3.72569,0.00906688,0.0676334,1.28537,0.487892,1.7081,0.0374211,1.67649,1.64549e-05
167.787392290,0.0260811,0.356773,0.0407227,3.62379,0.00882421,0.0624109,1.20479,0.246708,1.78938,0.0938708,1.8733,0.203953
167.833832200,0,0.0750326,0.0974911,3.84106,0.00929905,0.0446552,1.54503,0.0311162,1.42687,0.122098,2.43662,0.00607285
167.880272109,0.00929675,0.300711,0.141806,3.9369,0.0335202,0.013032,2.06786,0.0182355,0.716892,0.136724,2.85043,0.0195086
167.926712018,0.0110187,0.152202,0.107514,3.58119,0.146993,5.16794e-05,2.5171,0.00139657,0.53323,0.134149,2.95047,0.0538582
167.973151927,0.0125651,0.253493,0.160556,3.31583,0.251478,0.000193805,2.75118,0,0.483351,0.128794,2.80531,0.029198
168.019591837,0.0427693,0.42384,0.0728514,3.36157,0.0929433,0,3.21218,0,0.338444,0.14751,2.62771,0.000219132
168.066031746,0.0163169,0.374926,0.00112941,3.0928,0.165695,0.00165639,3.57985,0,0.159519,0.129218,2.35074,0.00032595
168.112471655,0.0273087,0.299941,0.000765391,2.34111,0.535016,0.188784,3.54634,0.00168986,0.160745,0.115998,2.1544,0.191404
168.158911565,0.053207,0.308796,0.00149492,2.19303,0.660874,0.297144,3.41827,0.0549513,0.135647,0.0784351,2.11313,0.315018
168.205351474,0.0317262,0.476117,0.00273876,3.06224,0.466923,0.0236653,3.26641,0.183756,0.126487,0.0266339,2.3547,0.0626216
168.251791383,0.0280202,0.217457,0.00185603,3.42037,0.00664577,0,3.04496,0.408053,0.122757,0.0204155,2.58861,0.0488949
168.298231293,0.0064387,0.184525,0.00178206,3.44353,0.011118,0,2.98154,0.567671,0.105995,0,2.58729,0.0471079
168.344671202,0,0.344528,0.0398154,3.45759,0.023872,0,3.05487,0.579285,0.0676353,0,2.51539,0
168.391111111,0,1.07231,0.0591144,3.32116,0.0394175,0.00669105,3.03419,0.0299304,0.0299589,0.0804887,2.09088,0.00273194
168.437551020,0,1.26626,0.0417566,2.66549,0.0298979,0,2.88913,0,0.243122,0.233508,1.9129,0.183334
168.483990930,0.0569483,1.42075,0.270366,2.08222,0.0189694,0,2.71744,0.0554187,0.463062,0.383708,1.85647,0.162012
168.530430839,0.10042,1.98096,0.329263,1.70614,0,0,3.05167,0.072681,0.528277,0.324659,1.77198,0.309767
168.576870748,0.092448,1.97961,0.568715,1.25264,0.0779223,0,3.36131,0.0890375,0.0571496,0.414434,1.91174,0.402132
168.623310658,0.0514625,2.02886,0.507903,1.22729,0.175899,0.00431447,3.52009,0.100065,0.0286659,0.506636,2.03671,0.0909615
168.669750567,0,2.19527,0.00562933,0.919246,0.649194,0.0606551,3.70139,0.117785,0.128319,0.194336,2.58871,0
168.716190476,0,2.5521,0,0.74789,0.791755,0.0941805,3.5025,0.0861263,0.00730581,0,2.8076,0
168.762630385,0.0168585,2.5553,0.00572369,0.495281,0.794758,0.104906,3.32798,0.0648849,0.000901322,0,2.7476,0.000157474
168.809070295,0.0284533,2.44664,0.0163588,0.412394,0.873916,0.377533,3.3266,0.0589215,0,0,2.67142,0.000232032
168.855510204,0.086892,2.28721,0,0.403089,0.815508,0.40644,3.46632,0.0533131,0,0.000491524,2.80149,0.000185905
168.901950113,0.0907758,2.04558,0,0.39114,0.635775,0.165843,3.63258,0.049343,0.101811,0.000548711,3.15278,0.000481615
168.948390023,0.0380741,1.94418,0,0.609645,0.290534,0.127743,3.90477,0.0330024,0.782668,0,2.72768,0.00794035
168.994829932,0.0115691,1.96729,0,0.586184,0.111888,0.100604,3.84435,0.0359119,1.28233,0,2.4412,0.00758052
169.041269841,0,1.98039,0,0.468931,0.0624013,0.0896426,3.64828,0.0361864,1.52521,0,2.03683,0.049118
169.087709751,0,1.89556,0.0586304,0.546323,0,0.0877728,3.54445,0.0290142,1.59564,0,1.72354,0.0920203
169.134149660,0,1.66734,0.179765,0.671282,0,0.0858161,3.586,0.0154104,1.45819,0.147026,2.00005,0.0660674
169.180589569,0,1.50975,0.160525,0.702191,0.0505587,0.0888423,3.60139,0.00860098,1.29492,0.231485,2.24237,0.0624476
169.227029478,0,1.61073,0.112459,0.68888,0.304606,0.119889,3.53504,0.0150071,1.363,0.228357,2.37566,9.74351e-07
169.273469388,0,2.41321,0.0125582,0.671111,0.288932,0.118004,3.63753,0.028202,1.10986,0.165363,2.3318,0
169.319909297,0,2.66135,0.0551515,0.686899,0.142012,0.152047,3.9161,0.0135872,0.846301,0.110451,2.29889,0
169.366349206,0,2.74027,0,0.57027,0,0.178565,4.08132,0.0221467,0.629216,0,2.27047,0
169.412789116,0,2.83492,0,0.377612,0,0.121938,4.11666,0.0315913,0.363322,0,2.22823,0
169.459229025,0,2.77689,0.00234147,0.326423,0.0856687,0.0396052,4.07836,0.0362865,0.326984,0,2.13783,0.000148106
169.505668934,0.0426188,2.43297,0.0375527,0.404389,0.298467,0.0271434,3.85844,0.0301905,0.389352,0,2.40261,0.000268658
169.552108844,0.0968851,1.80649,0.0116318,0.464493,0.50119,0.0246821,3.96485,0.0300068,0.403629,0.000799614,2.50363,0.000211995
169.598548753,0.0964463,1.63936,0,0.371252,0.505496,0.0233717,4.16309,0.0448935,0.208688,0.00112954,2.45134,6.97285e-05
169.644988662,0.0505467,2.12654,0,0.323348,0.257998,0.0238431,4.26834,0.15422,0.104715,0.000632284,2.44823,0.00680671
169.691428571,0,2.42282,0,0.367852,0.246876,0.0261288,4.30715,0.265286,0.144883,0,2.48227,0
169.737868481,0,2.43203,0,0.289895,0,0.40246,4.15777,0.0505371,0.232063,0,2.5872,0.0125865
169.784308390,0,2.41653,0.178524,0.293534,0,0.243074,3.86511,0.0237875,0.268498,0.0622006,2.73768,0
169.830748299,0,2.37981,0.185348,0.555267,0,0.232363,3.81189,0.0196306,0.290521,0.263328,2.4442,7.77193e-05
169.877188209,0,2.18661,0.172476,0.573106,0.0104465,0.256581,3.78735,0.00675102,0.240081,0.293332,2.27343,0.0466947
169.923628118,0.227103,2.02593,0.16675,0.348302,0.126844,0.461383,3.79331,0,0.203191,0.208366,1.99403,0.00715302
169.970068027,0.311791,2.12968,0.0655628,0.15298,0.199099,0.58127,3.86562,0.00318154,0.0451788,0.119534,2.07506,0
170.016507937,0.0348944,2.06811,0.0771717,0.23261,0.131066,0.585933,3.83886,0.0104519,0.0246693,0.136452,2.20972,0.00479273
170.062947846,0,1.94335,0.0415691,0.140497,0.0478853,0.550829,3.74841,0.0152142,0.0143563,0.0316387,2.37254,0
170.109387755,0,1.59841,0.0916589,0.127773,0.125722,0.557065,3.69705,0.0266595,0.0087836,0,2.5178,0
170.155827664,0.00983427,1.10845,0.12532,0.0373577,0.269294,0.518417,3.63427,0.0400052,0.0669034,0,2.67983,0.0144759
170.202267574,0.0704461,0.997507,0.104033,0.0353018,0.460101,0.472611,3.69936,0.0394935,0.0738457,0,2.87718,0.0140498
170.248707483,0.12722,0.946813,0.125518,0.120646,0.546588,0.459722,3.64931,0.0337098,0.0867467,0.000110312,3.00417,0.0170212
170.295147392,0.152979,1.58303,0,0.0842926,0.660949,0.55646,3.58405,0.027051,0.00407725,0.0019594,3.11101,0.0174623
170.341587302,0.146763,2.32823,0,0.0148817,0.619416,0.452042,3.27203,0.0255323,0.289327,0.000249858,3.25761,0.0366162
170.388027211,0.0841642,2.55188,0,0.102425,0.406297,0.275905,2.96822,0.0283955,0.871619,0,3.24567,0.0546154
170.434467120,0,2.64391,0,0.0714936,0.31064,0.188082,2.88253,0.0353872,1.17192,0,3.11193,0.0492025
170.480907029,0,2.64227,0.014476,0.0983229,0.196772,0.118215,2.86435,0.0370081,1.27314,0,2.91031,0
170.527346939,0.0339969,2.84924,0.155375,0.428587,0.25668,0.103327,2.54776,0.342558,1.11829,0.0109338,2.70446,0.0411954
170.573786848,0.0149419,2.89853,0.182349,0.625916,0.359978,0.10875,2.52239,0.393164,1.03061,0.193422,2.57705,0.151685
170.620226757,0.0274372,2.841,0.134124,0.505808,0.212983,0.0789764,2.58651,0.347178,1.13633,0.164175,2.55307,0.170513
170.666666667,0.0778428,2.50965,0.162676,0.38816,0.236142,0.158016,2.72243,0.158309,1.15197,0.168488,2.40135,0.151139
170.713106576,0.110905,1.96516,0.195215,0.277957,0.16144,0.189502,3.32626,0,1.20695,0.164152,2.15939,0.096776
170.759546485,0.145412,2.06582,0.201693,0.265863,0.0914299,0.115049,3.73964,0,0.818808,0.16162,2.19582,0.244711
170.805986395,0.133648,2.36479,0.178539,0.34199,0.138968,0,3.94788,0,0.57635,0.196343,1.88646,0.386909
170.852426304,0.128907,2.47042,0.125158,0.28278,0.478808,0,3.63156,0.0945658,1.14439,0.201454,1.42084,0.231991
170.898866213,0.0142335,2.55203,0.000422896,0.0998453,0.45371,0.734957,2.71061,0.270941,1.49436,0.319032,1.26656,0.000192338
170.945306122,0.117862,2.21056,0.0185921,0.00206959,0.196635,1.09616,2.34836,0.105171,1.8992,0.371199,1.17064,0.010332
170.991746032,0.518026,1.80265,0.071576,0.500034,0.414021,1.2183,2.09707,0,2.47195,0.139381,0.695644,0.000198774
171.038185941,0.781973,1.53094,0.040048,0.703051,0.424728,1.11244,1.99833,0.0362824,3.16933,0.141572,0.357413,7.36523e-05
171.084625850,1.20911,2.05253,0.184041,0.725209,0.217509,0.73483,1.94111,0,3.17828,0.142359,0.173584,0
171.131065760,0.991991,2.88066,0.190505,0.507082,0.029145,1.11231,2.17128,0,2.65545,0.0251163,0.14991,0
171.177505669,0.621892,3.17371,0.135065,0.511336,0.0205912,1.29319,2.61943,0,1.71366,0.198996,0.332126,0.0120299
171.223945578,0.142102,2.91718,0.2109,0.577746,0.0337417,1.23407,2.59206,0,1.39926,0.405628,0.859647,0.00801661
171.270385488,0.141309,2.47855,0.583361,0.357703,0.143065,1.45614,2.30107,0,1.78948,0.309848,0.930077,0.0109274
171.316825397,0.204191,2.55097,0.694727,0.284042,0.226631,2.07983,1.71959,0,2.03533,0.0966749,0.940815,0.142804
171.363265306,0.275677,2.62431,0.382239,0.472289,0.217638,2.06945,1.23816,0.0259221,1.93459,0.0800992,1.02073,0.458161
171.409705215,0.345462,2.59586,0.311497,0.697258,0.092219,1.96925,1.35968,0,1.71895,0.108763,1.01014,0.756891
171.456145125,0.282389,2.445,0.209591,0.67087,0,1.87495,1.71931,0.010057,1.68604,0.110982,1.17706,0.895883
171.502585034,0.282438,2.34926,0.0656127,0.60549,0,1.97286,1.9396,0.0242026,1.63706,0.0423224,1.25514,0.814748
171.549024943,0.278341,2.24999,0.00796457,0.477045,0,2.17271,2.11376,0.0364557,1.64623,0.00451011,1.19554,0.536005
171.595464853,0.308206,2.11727,0.121383,0.281939,0.0177225,2.28033,2.20311,0.0320618,1.50616,0.00540135,0.864101,0.236794
171.641904762,0.382583,2.2337,0.105971,0.240261,0.326352,1.99078,2.21369,0.0259721,1.42352,0.00577769,0.564189,0.156135
171.688344671,0.389265,2.66993,0.00361805,0.355817,0.484471,1.62198,1.90624,0.0112563,1.53388,0.00562662,0.346606,0.105566
171.734784580,0.352824,2.79732,0.00323515,0.91212,0.322399,2.20426,1.1821,0.0041638,2.00922,0.00498255,0.386539,0.18816
171.781224490,0.258334,2.90446,0.00314862,0.884988,0.0190127,2.79989,0.746099,0,2.51644,0.0057327,0.498991,0.438087
171.827664399,0.35236,2.86554,0.00323756,0.889148,0,2.51129,1.2403,0,2.36708,0.00599204,0.639777,0.51042
171.874104308,0.34611,2.75684,0.0034749,0.98188,0,2.24994,1.48735,0,2.06418,0.00362838,0.846181,0.588696
171.920544218,0.204073,2.53257,0.00539095,0.895858,0.0317062,2.19914,1.52705,0.055227,2.04691,0.00236095,0.903748,0.585861
171.966984127,0.237981,2.30577,0.142294,0.874767,0.3022,2.46545,1.27832,0.281673,2.23051,0.0549528,0.837029,0.285066
172.013424036,0.0564614,2.3033,0.385039,0.703735,0.327186,2.86986,0.698201,0.322168,2.45722,0.0790236,0.724933,0.162239
172.059863946,0.0205495,3.16611,0.174357,0.403113,0.148894,2.82392,0.373804,0.244059,2.28502,0.110667,0.474968,0.221253
172.106303855,0.0414138,3.36471,0.12628,0.354764,0.253617,2.52672,0.9954,0,2.45685,0.129711,0.390686,0.283983
172.152743764,0.197634,3.48788,0.0211623,0.12191,0.053378,2.38727,1.3328,0.000819918,2.38459,0.105577,0.319939,0.436062
172.199183673,0.403911,3.26482,0.00264128,0.135523,0,2.22587,1.68124,0.00909656,2.21155,0.196198,0.347264,0.448732
172.245623583,0.327842,2.85831,0.00295609,0.352828,0,2.06569,1.85071,0.0226015,1.78386,0.350658,0.57461,0.415463
172.292063492,0.000295671,2.43163,0.0495969,0.423862,0.179498,2.00759,1.69496,0.0206741,1.4428,0.277889,0.683463,0.767987
172.338503401,0.0176218,2.25913,0.181049,0.400654,0.439678,1.71023,1.62273,0.0276618,1.05832,0.168383,0.318685,0.821167
172.384943311,0.000245447,2.08653,0.236294,0.252368,0.515369,1.5548,1.74411,0.0652977,0.690677,0.0928716,0.3544,1.06861
172.431383220,0.000210147,1.95181,0.219998,0.386785,0.195266,1.83167,1.54685,0.0778085,0.755493,0.0596488,0.983134,1.2747
172.477823129,0.000231672,2.03316,0.401626,0.715508,0.0173647,2.06452,0.934102,0.0217889,0.889748,0.0896095,1.4157,1.06791
172.524263039,0.000253923,2.25009,0.435679,0.800875,0.00177747,2.19857,0.454034,0.0114346,0.992314,0.00968605,1.77237,0.714341
172.570702948,0.00026905,2.38278,0.341128,0.619941,0.0145277,2.39013,0.52405,0.0060938,1.07968,0.00971607,1.6029,0.721164
172.617142857,0.182035,2.05677,0.254008,0.34324,0.000647544,2.6967,0.702261,0.16581,1.5735,0.0477533,1.10246,0.969874
172.663582766,0.193475,2.08619,0.00416322,0.376569,0.0691851,2.45665,0.666429,0.426137,1.74894,0.258275,0.49909,1.75673
172.710022676,0.178855,2.33864,0.00400772,0.549797,0.143307,2.40798,0.570206,0.188199,1.74244,0.612765,0.140001,1.62114
172.756462585,0.169954,2.41385,0.0126596,0.617799,0.0165519,2.21925,0.714089,0,1.52747,0.786737,0.128767,1.48282
172.802902494,0.0826806,2.78774,0.00552437,0.341674,0,1.85939,0.896553,0,1.42157,0.208559,0.463025,1.40734
172.849342404,0.0364346,3.26104,0.0177256,0.252789,0,1.78381,1.01655,0.00332038,1.27378,0.100671,0.700328,1.03284
172.895782313,0.0142336,3.68288,0.0662554,0.116483,0,1.88512,0.957872,0.0429961,1.54711,0.0190138,0.502627,0.368595
172.942222222,0.00629205,3.63399,0.00348826,0,0.0719193,1.87325,0.272541,0.2143,1.82053,0.115817,0.310493,0.39275
172.988662132,0.0342745,3.29539,0.00204323,0.00748913,0.3765,1.71828,0.161758,0.338388,1.70443,0.148466,0.361576,0.908703
173.035102041,0.0255859,2.6845,0.0043033,0.00886578,0.732963,1.57924,0.39988,0.350425,1.72745,0.219203,0.478634,1.02697
173.081541950,0.00929665,2.14253,0.00907156,0.0126959,0.951435,1.45533,0.561795,0.274623,1.84984,0.297881,0.562272,1.2127
173.127981859,0,1.54643,0.214845,0.0146947,0.752776,1.09694,1.26496,0.00777233,1.46088,0.0425229,0.413095,1.69446
173.174421769,0,1.25032,0.528471,0.162481,0.062472,1.15014,1.51962,0.00481918,0.445492,0,0.98275,2.02768
173.220861678,0.0763017,1.02799,0.539243,0.887758,0.0222868,0.573369,1.74793,0,0.0251834,0,1.16684,2.16024
173.267301587,0.250113,0.525101,0.366301,1.56437,0.0193201,0.198285,2.11577,0.0554119,0.0190101,0.0760178,0.524806,2.32115
173.313741497,0.2964,0.531336,0.0227606,1.78807,0,0.0619703,2.36102,0.143704,0.158522,0.697161,0.22198,2.60358
173.360181406,0.100722,0.528275,0.00228838,1.97557,0,0.392186,1.8224,0.425993,0.279202,0.807558,0.196575,3.13983
173.406621315,0.286687,0.358215,0.0786682,1.86138,0.0960879,0.73645,1.77195,0.297486,0.421974,0.42702,0.293865,3.49788
173.453061224,0.0551386,0.158845,0.145029,1.45722,0.175916,0.823591,2.26326,0.0195385,0.228056,0.148362,0.388967,3.39843
173.499501134,0.117755,0.0322389,0.243607,1.31445,0.249692,0.996525,2.13513,0.00869922,0.00702709,0.117708,0.616895,3.18146
173.545941043,0.0783356,0.00466348,0.193419,1.40153,0.274938,0.877003,2.15393,0.0427244,0.00197855,0.112485,0.700496,2.88758
173.592380952,0.138991,0.00242912,0.165032,1.50894,0.324809,0.218604,2.41477,0.0155048,0.00763006,0.282093,0.730406,2.67245
173.638820862,0.21974,0.0750729,0.152107,1.51451,0.398295,0.0411601,2.06333,0,0.0662945,0.633515,0.495999,2.71028
173.685260771,0.479804,0.246536,0.101377,1.16723,0.369089,0.289316,0.908128,0.524597,0.640672,0.884652,0.396703,1.79731
173.731700680,0.827083,0.151055,0.126602,1.07562,0.278625,0.32466,0.625454,0.801684,0.593484,0.967183,0.862626,1.29412
173.778140590,0.868776,0.296573,0.357447,0.948935,0.553762,0.261877,0.368117,1.02184,0.191501,0.786273,1.56417,0.737849
173.824580499,0.773041,0.0995839,0.492851,0.127052,0.518687,0.347472,0.696248,0.600783,0.345355,0.485184,2.3262,0.667073
173.871020408,0.588305,0.0712588,1.11713,0.000373231,0.517099,0.477078,0.759958,0.331547,0.699904,0.00947282,2.65597,0.990907
173.917460317,0.483096,0.0975484,1.28427,0.033521,0.197303,0.58903,0.384965,0.32763,0.809871,0.0123105,2.61083,1.03422
173.963900227,0.263177,0.0560597,1.18708,0.0858507,0.334935,0.744486,0.218052,0.263225,0.71738,0.0079145,2.80374,0.721721
174.010340136,0.342973,0.250549,1.09952,0.147387,0.850329,0.571945,0.133974,0.303063,0.442535,0.149633,2.73658,0.435211
174.056780045,0.583355,0.545695,0.860166,0.187766,1.0095,0.245883,0.138067,0.186597,0.690057,0.42167,1.9706,0.688197
174.103219955,0.400389,0.386563,0.603529,0.62482,0.67191,0.144956,0.160048,0,2.25573,0.489966,1.21687,1.09768
174.149659864,0.233771,0.12915,0.0290305,1.70169,0.0948804,0.0273499,0.00531546,0,3.08732,0.777435,0.65928,1.39679
174.196099773,0.193094,0.0470352,3.75418e-05,1.72613,0.436774,0.0637346,0.33064,0,3.27194,0.475798,0.0934734,2.09622
174.242539683,0.10725,0.0259843,0.00349732,1.96718,0.439784,0.036163,0.855916,0,3.07897,0.184512,0,2.82886
174.288979592,0.351491,0.00545882,0,2.31668,0.0706374,0,0.956095,0.00668154,3.1477,0.111723,0,3.18026
174.335419501,0.564834,0,0.0243724,2.51579,0,0,0.670595,0.00891619,3.30687,0.0772972,0,3.3106
174.381859410,0.867383,0,0.0958357,2.72289,0,0.00845675,0.699673,0.00634476,3.08592,0.0556842,0,3.04816
174.428299320,0.723882,0,0.103064,2.26558,0.592237,0.518499,0.782701,0.00426741,3.13509,0.0531551,0.396486,2.157
174.474739229,0.278673,0.00654215,0.0137364,1.7484,1.01329,0.623204,0.439329,0.0108959,3.7336,0.0569128,0.253198,2.04168
174.521179138,0.293822,0.015005,0.000416552,1.58626,0.690911,0.313646,0.190843,0.0127344,3.97932,0.0397412,0,2.51024
174.567619048,0.551857,0.00171722,0.000474507,1.61258,0.204416,0.0526228,0.289021,0.0199456,4.10359,0.023824,0,2.60521
174.614058957,0.664874,0.000243354,0.000638981,1.65434,0.11133,0.0492265,0.420425,0.0265146,4.14782,0.0132997,0.0457335,2.51779
174.660498866,0.604384,0,0.000396902,1.61207,0.0738914,0.0375601,0.498265,0.0260497,4.11342,0.0211003,0.230245,2.49854
174.706938776,0.529122,0.0233928,0.0663659,1.72267,0.170729,0,0.507912,0.0201618,3.95726,0.00578943,0.265529,2.50087
174.753378685,0.605083,0.0810431,0.134493,1.87582,0.0964729,0.00210717,0.253697,0.0143499,3.9602,0.0173112,0.116419,2.63582
174.799818594,0.483675,0.109028,0.202141,1.97416,0.0965423,0,0.0739635,0,4.0268,0.0395153,0.269164,2.66062
174.846258503,0.0631966,0.114273,0.200098,2.15798,0.117541,0,0,0,4.02153,0.0505495,0.288484,2.7117
174.892698413,0,0.13971,0.190193,2.03535,0.180127,0,0.294034,0,3.92937,0.0645398,0.0546992,2.60628
174.939138322,0,0.125641,0.150838,2.03504,0.248212,0,0.424567,0.0175469,3.83583,0,0,2.61717
174.985578231,0,0.0391297,0.000501417,2.04701,0.261285,0,0.477607,0.0358726,3.88426,7.84378e-05,0,2.65752
175.032018141,0.0193805,0.0170475,0.0259171,2.24412,0.0572903,0,0.288495,0.032275,3.82765,0.0289053,0,2.85223
175.078458050,0.0619664,0.0335225,0.0712199,2.31185,0,0.0439596,0.243368,0.0286658,3.55073,0.0286027,0,3.04545
175.124897959,0.0920365,0.0759682,0.0849536,2.15279,0.010126,0.0825474,0.19474,0.0451839,3.4388,0.026043,0,3.00065
175.171337868,0.0813954,0.0895628,0.038868,2.1723,0.414082,0.113807,0.233784,0.0479441,3.51246,0.0262558,0,2.72956
175.217777778,0.0181763,0.0796134,0.00201835,2.22153,0.388906,0.0963342,0.52348,0.0362814,3.58796,0.0265367,0,2.79555
175.264217687,0.014167,0.0771933,6.99578e-05,2.21618,0.116873,0.152441,1.43814,0.0221334,3.53641,0.0265578,0,2.81401
175.310657596,8.41615e-06,0.0864572,0,2.15902,0.066579,0.148133,1.83451,0.0224912,3.39158,0.0249769,0,2.86562
175.357097506,6.76936e-07,0.104869,0.00651604,2.03355,0,0.0327286,1.91912,0.0244809,3.35242,0.0315938,0.0015246,2.76794
175.403537415,0.0199113,0.121296,0.0829795,1.93138,0.246725,0,1.89963,0.0192662,3.23853,0.0197572,0.0016468,2.69063
175.449977324,0,0.122057,0.119659,2.07286,0.339172,0.0684951,1.82202,0.0220381,3.3446,0.107654,0.00141406,2.49805
175.496417234,0,0.18796,0.108843,2.01124,0.392416,0.0823534,1.35064,0.0198196,3.72463,0.300592,0.0669072,1.95077
175.542857143,0,0.239809,0.0951401,2.00097,0.382114,0.0744149,1.44187,0,3.72351,0.379671,0.141085,1.84025
175.589297052,0,0.239822,0.083593,2.21765,0.321131,0.0685634,1.59017,0,3.68137,0.197034,0.17311,1.99701
175.635736961,0,0.200528,0.0524657,2.44763,0.216823,0.0832532,1.69069,0.0046809,3.51889,0.0946498,0.336684,2.05938
175.682176871,0,0.133608,0.00412713,2.45815,0.156904,0.0668285,1.7965,0.0238276,3.31268,0.0248676,0.799803,2.19614
175.728616780,0,0.0665886,0.0542144,2.4517,0,0.0665589,1.72876,0.0250521,3.09012,0.0248599,0.988768,2.47889
175.775056689,0,0.0136711,0.138476,2.34941,0,0.0939174,1.92402,0.017678,2.70311,0.0225734,1.0179,2.44945
175.821496599,0,0.0122803,0.124407,1.84519,0.494033,0.571135,2.14564,0.0143006,2.39887,0.0284946,1.04634,1.99757
175.867936508,0.0357299,0.0972115,0.016997,1.38722,0.958378,0.538486,2.1342,0.0208903,2.39539,0.0391545,1.13938,1.55686
175.914376417,0.0874888,0.156709,0.00114886,2.12769,1.0352,0.467062,2.10506,0.0162221,2.4803,0.0347636,0.755777,1.75727
175.960816327,0.134363,0.103895,0.000859468,2.77842,0.520896,0.242291,1.77355,0.012393,2.6087,0.0351201,0.44213,2.28681
176.007256236,0.280182,0.0147353,0.00113087,2.92972,0.171514,0.225947,1.53842,0.0142147,2.82612,0.0415013,0.453058,2.5053
176.053696145,0.401508,0.000897635,0,2.92537,0,0.176253,1.3397,0.0149214,3.0917,0.0674655,0.390337,2.62534
176.100136054,0.560911,0.0634689,0.0311117,2.78947,0.106048,0.14226,1.0926,0.00706665,3.34309,0.0789659,0.333912,2.65206
176.146575964,0.684604,0.148947,0.182986,2.60471,0.15022,0.150395,0.713454,0.0133977,3.55267,0.108494,0.278921,2.66415
176.193015873,0.735029,0.186006,0.22117,2.59055,0.232376,0.142526,0.495954,0.0239747,3.64176,0.145601,0.195511,2.55852
176.239455782,0.703902,0.17288,0.208551,2.51054,0.350773,0.116038,0.587784,0.0353359,3.56269,0.16415,0.226482,2.51683
176.285895692,0.565494,0.0497117,0.259898,2.41462,0.280773,0.0517783,0.929755,0.0373781,3.28647,0.133369,0.353021,2.50743
176.332335601,0.566406,0.0295631,0.211606,2.40203,0.234912,0.0573492,1.42019,0.0162039,2.61794,0.113323,0.530335,2.85245
176.378775510,0.233458,0.0397027,0.198358,2.12482,0.132489,0.0403491,2.30701,0,2.11958,0.0979628,0.637208,3.23701
176.425215420,0.0495194,0.196935,0.173513,1.688,0,0.0285709,3.13574,0,0.981717,0.128613,0.668885,3.29098
176.471655329,0.109103,0.725663,0.144263,1.22348,0.0161617,0,3.6768,0.00748536,0.483431,0.13058,1.04912,2.54156
176.518095238,0.0609437,1.06166,0.151937,0.691311,0.212087,0.243378,3.69346,0.113583,0.907494,0.138957,0.974026,1.8142
176.564535147,0.0674092,0.997666,0.0274433,0.516873,0.309175,0.416273,3.14197,0.134182,1.697,0.598019,0.571463,2.12381
176.610975057,0.0818015,0.869444,0.00147762,1.15553,0.454478,0.560117,2.40382,0.0392681,2.33924,0.577587,0.00379237,2.41941
176.657414966,0.0208781,0.144142,0.00053649,1.56031,0.428491,0.553387,1.94653,0.0582712,2.70495,0.313522,0.055363,2.44613
176.703854875,0.00687947,0.0992021,0,1.65811,0.0708783,0.282653,1.90924,0.0755985,2.61135,0.0179976,0.227694,2.74024
176.750294785,0,0.219208,0,1.80619,0.0379191,0.205707,1.97132,0.24656,1.87014,0,0.373225,2.85284
176.796734694,0,0.448482,0.0107277,1.86744,0.0471946,0.4407,1.9697,0.367296,1.5432,0,0.264966,2.84175
176.843174603,0,0.906534,0.00142449,2.20352,0.274161,0.28151,2.01476,0.174299,1.3335,0.0419606,0.722264,2.24343
176.889614512,0,1.01448,0.0445936,2.36242,0.28445,0.0255321,1.8563,0.315998,1.25841,0.0351419,0.946179,1.7621
176.936054422,0.0282198,0.72263,0.000731912,2.969,0.053272,0.00795581,1.75434,0.48032,1.05535,0.0262271,1.08622,1.43372
176.982494331,0.0371126,0.546346,0.0317351,3.21849,0.104694,0.00274701,1.87742,0.702277,1.55516,0.0623292,1.12157,1.14433
177.028934240,0,0.483925,0.18738,3.52751,0.0315875,0,1.69256,0.961796,1.7675,0.0903156,1.20902,1.06046
177.075374150,0,0.446939,0.195858,3.47732,0.0165429,0,1.60877,0.924099,1.85155,0.0791724,1.47071,1.22391
177.121814059,0,0.349381,0.04145,3.30459,0.0124692,0.0136951,2.00094,0.749518,1.77221,0.0311126,1.60253,1.19324
177.168253968,0,0.268146,0.00241679,3.35424,0.0107342,0.0348201,2.16803,0.492089,1.77934,0.0239563,1.56244,1.09644
177.214693878,0,0.249738,0.00231999,3.27989,0.0116724,0.289529,1.97574,0.45072,1.71227,0.0112376,1.56775,1.10549
177.261133787,0.0277116,0.235953,0.00195447,3.21509,0.580337,0.648276,1.72015,0.438855,1.36416,0.0361158,1.44426,0.894979
177.307573696,0.00355582,0.275708,0.00315642,3.27433,0.843206,0.834467,1.40309,0.867952,1.27375,0.0358159,1.29173,0.830854
177.354013605,0,0.359556,0.0201587,3.19754,0.829018,0.932306,1.13063,1.01017,1.40932,0.000242161,1.51325,0.720537
177.400453515,0,0.369621,0.0170219,3.24115,0.0987488,0.943968,0.88846,0.949445,1.50436,0,1.54794,0.832735
177.446893424,0,0.301163,0.0364274,3.37617,0.0136724,0.743471,0.875663,0.845154,1.52726,0,1.74606,0.636989
177.493333333,0,0.228251,0.0255118,3.51277,0.0148729,0.515628,0.924634,0.777235,1.65195,0.0221093,1.70013,0.678647
177.539773243,0,0.168371,0.00237926,3.54551,0.0154589,0.506078,0.91162,0.770086,1.637,0.0108382,1.46514,0.853397
177.586213152,0,0.100946,0.00216686,3.45485,0.0113082,0.681799,0.813332,0.543174,1.82243,0.0475696,1.07254,0.790005
177.632653061,0,0.0786893,0.00233657,3.16993,0.00720516,0.767252,0.640713,0.236888,2.13803,0.096555,1.1188,0.759219
177.679092971,0,0.282492,0.00397895,2.89934,0.00433677,1.249,0.323315,0.140021,2.23217,0.137334,1.01936,0.679103
177.725532880,0,0.419409,0.00281385,3.05322,0,1.36329,0.159976,0.616837,2.05883,0.154375,0.899272,0.432235
177.771972789,0,0.41654,0.0016307,3.22606,0.00350781,1.05623,0.239394,0.692964,1.97779,0.102953,1.20032,0.331637
177.818412698,0,0.393765,0.0024691,3.36024,0.00641392,0.869056,0.192429,0.774625,1.88412,0.0453296,1.39793,0.505017
177.864852608,0,0.407684,0.00337452,3.53244,0.00719079,0.510279,0.164182,1.00439,1.66382,0.0283222,2.10192,0.475373
177.911292517,0,0.507845,0.0041128,3.34374,0.0841821,0.300376,0.22764,1.0085,1.45099,0.00455874,2.2842,0.155705
177.957732426,0.0224879,0.609571,0.00404086,2.8048,0.731206,0.279213,0.461481,0.669451,1.24741,0.0174486,2.3855,0.0311832
178.004172336,0.0104995,0.603722,0.0290437,2.93558,0.797393,0.143557,0.649432,0.388801,1.19121,0.00184248,2.32482,0.0408231
178.050612245,0,0.537505,0.00374032,3.26315,0.247537,0.13011,1.10515,0.808752,1.42908,0.000866215,2.35043,0.137777
178.097052154,0.000464589,0.424805,0.00265653,3.23157,0.0152188,0.149136,1.59229,0.973063,1.26961,0,2.47938,0.162731
178.143492063,0,0.380513,0.00328566,3.02048,0.00694838,0.13108,1.883,0.982734,1.15261,0,2.39481,0.113213
178.189931973,0,0.383999,0.00406562,2.99338,0.00804832,0.0845771,2.05134,0.868262,1.20738,0.00695779,2.30804,0.0709876
178.236371882,0,0.453928,0.178017,3.19332,0.0109354,0.0934985,2.00368,0.829425,1.20005,0,2.42393,2.07923e-06
178.282811791,0.0158181,0.515868,0.199677,3.05271,0.368786,0.020542,1.98399,0.717654,1.05045,0.0231418,2.64492,0.00064937
178.329251701,0.0267431,0.603284,0.0908747,2.95966,0.337305,0.0404057,1.81429,0.561608,1.46592,0.0730376,2.54369,0.00400144
178.375691610,0.0293613,0.730118,0.00184562,2.51946,0.27851,0.000822882,1.78352,0.679774,1.68539,0.123887,2.43454,0
178.422131519,0.0186049,0.895101,0.02492,2.59772,0.194342,0.307771,1.53829,0.879723,1.64325,0.125968,2.48894,0
178.468571429,0,1.09861,0.131593,2.93914,0.056438,0.473552,1.23652,1.06761,1.46779,0.0808307,2.64294,0
178.515011338,0,1.17666,0.00358417,3.00325,0.00669497,0.428811,1.15023,1.13173,1.2942,0.0445173,2.7017,0
178.561451247,0,1.22437,0.00402179,3.09261,0.00732918,0.566617,1.17998,1.01462,1.09634,0,2.56407,0.000796005
178.607891156,0,1.12554,0.00354607,3.0554,0.242641,0.840111,1.33183,0.302345,0.957883,0,2.51586,0.000207749
178.654331066,0.0184522,0.994986,0.00289588,2.76595,0.542607,0.883601,1.5121,0.133177,0.834747,0.00632003,2.67851,0.000272754
178.700770975,0.0511531,0.916984,0.00271572,2.64464,0.735821,1.00434,1.43855,0.268517,0.769757,0,2.75398,0.0022623
178.747210884,0.0174115,1.01085,0.00387229,3.01322,0.825024,0.859617,1.03215,0.506825,0.527317,0.00023944,2.83178,0.0622217
178.793650794,0.00869341,0.883831,0.00398612,3.43114,0.500433,0.564117,0.873507,0.745146,0.430526,0,2.7738,0.103217
178.840090703,0.0190978,0.679531,0.00286141,3.7462,0.00423276,0.507022,0.917651,0.936925,0.436923,0.0149866,2.58631,0.0811193
178.886530612,0,0.445665,0.00246596,3.83667,0.00478008,0.472945,1.03156,0.876438,0.521093,0.0215815,2.68422,0.0583861
178.932970522,0.0472593,0.467185,0.002097,3.81117,0.0076092,0.422824,1.03099,0.605775,0.669304,0.0365834,2.75837,0
178.979410431,0.0400037,0.429667,0.00301386,3.6222,0.0100364,0.36312,0.938638,0.462858,1.00538,0.0364361,2.5853,0.077267
179.025850340,0.0245039,0.169485,0.0545791,3.63139,0.00912905,0.354054,1.00382,0.203069,1.05153,0.0986584,2.49136,0.229799
179.072290249,0,0.210993,0.119993,3.79,0.0146208,0.399302,1.17417,0.0268606,0.503651,0.1207,2.69363,0.0117562
179.118730159,0.00771114,0.323736,0.134935,3.63273,0.0579152,0.337135,1.70879,0.00902313,0.110017,0.135489,3.12048,0.0317823
179.165170068,0.0090416,0.185602,0.110465,3.1826,0.169271,0.215175,2.28194,0,0.175718,0.125008,3.32025,0.0607723
179.211609977,0.00844916,0.299397,0.159066,3.15403,0.227008,0.0840964,2.73765,0,0.21894,0.133042,3.13133,0.00568532
179.258049887,0.0354705,0.433316,0.0332953,3.25259,0.0391921,0,3.28581,0,0.169576,0.138789,2.68418,0.000659348
179.304489796,0.0164966,0.387264,0.00112715,2.73678,0.388914,0.0213377,3.48667,0,0.123877,0.126068,2.09917,0.0663711
179.350929705,0.0226763,0.302885,0.00115434,2.11706,0.65906,0.272227,3.37298,0.000177298,0.139933,0.0991437,2.31956,0.219579
179.397369615,0.0468316,0.392547,0.00311759,2.1749,0.765222,0.337388,3.24281,0.122262,0.132824,0.0440828,2.53602,0.183975
179.443809524,0.0338307,0.436747,0.00241508,3.01576,0.347215,0.0869782,2.99046,0.261203,0.122248,0.0185249,2.66433,0.0364225
179.490249433,0.0378516,0.24578,0.00190861,3.10173,0.00557523,0.159645,2.68831,0.470271,0.110329,0.0113053,2.93452,0.0565557
179.536689342,0,0.168607,0.00183201,3.00456,0.0126763,0.226385,2.69593,0.589846,0.0934869,0,3.02145,0.0491133
179.583129252,0,0.172424,0.0497153,3.12171,0.0270543,0.255985,2.71197,0.521595,0.0287416,0,2.92976,0
179.629569161,0,0.93794,0.0672133,2.98166,0.0384338,0.275536,2.62183,0.0141601,0.143982,0.111532,2.64863,0.086164
179.676009070,0,1.25885,0.0494539,2.46467,0.0276685,0.221206,2.6038,0.0123989,0.277854,0.18399,2.65839,0.180357
179.722448980,0.0508874,1.45797,0.286663,2.19698,0.0159006,0.127977,2.58863,0.061709,0.284319,0.305154,2.45473,0.180587
179.768888889,0.0906486,1.66148,0.3693,1.71962,0.00107704,0.0163731,3.066,0.074595,0.151017,0.297179,2.56068,0.403829
179.815328798,0.0797542,1.69931,0.607003,1.2445,0.0503637,0.0284077,3.42204,0.0919502,0.0264068,0.417598,2.55203,0.40583
179.861768707,0.0436738,1.86652,0.437555,1.12682,0.0833343,0.261856,3.7424,0.0981573,0.0514994,0.473122,2.51221,0.0581998
179.908208617,0,2.14655,0,0.869057,0.690052,0.462291,3.73506,0.110101,0.026952,0,2.54321,0
179.954648526,0,2.44694,0,0.690132,0.724837,0.430557,3.51151,0.0789291,0.0064161,0,2.85381,0
180.001088435,0.0176977,2.57161,0.0544863,0.462555,0.814209,0.406462,3.02253,0.0589785,0.0032303,0,2.77348,0.000197885
180.047528345,0.0514176,2.34277,0.0254428,0.367909,0.883989,0.64365,3.01171,0.0590548,0.00543787,0,2.94345,0.000272436
180.093968254,0.078283,1.97032,0,0.30571,0.824373,0.560602,3.2501,0.0563709,0.00589393,0.00046726,3.1196,0.000215032
180.140408163,0.0887754,1.61786,0,0.364884,0.548271,0.375036,3.44909,0.0485678,0.0906344,0.000557462,3.43201,7.56306e-05
180.186848073,0.0247918,1.589,0,0.692016,0.215885,0.44549,3.51806,0.0326648,0.746261,0,3.11327,0.0118838
180.233287982,0,1.74466,0,0.695477,0.058584,0.455693,3.31664,0.0368101,1.21544,0,2.84729,0.00864213
180.279727891,0,1.79003,0,0.63464,0,0.360434,3.32126,0.0361832,1.45035,0,2.49684,0.00941873
180.326167800,0,1.7653,0.056776,0.664495,0,0.262206,3.37895,0.0286246,1.44737,0.0336775,2.11184,0.0347571
180.372607710,0,1.56915,0.154496,0.68267,0,0.301359,3.45903,0.0155058,1.30721,0.184844,2.1044,0.0474792
180.419047619,0,1.40146,0.130954,0.707178,0.0997375,0.322873,3.34497,0.0142997,1.29035,0.239652,2.37753,0.0561104
180.465487528,0,1.64108,0.0378453,0.665951,0.317404,0.60578,2.94705,0.0846613,1.35296,0.180444,2.69466,0
180.511927438,0,2.28722,0.0800741,0.819428,0.243978,0.199259,3.32556,0.017944,1.00828,0.205874,2.84201,0
180.558367347,0,2.38498,0.115763,0.818312,0.0917994,0.132397,3.80272,0.0116708,0.692215,0.0309981,2.80891,0
180.604807256,0,2.43436,0,0.617563,0,0.0991181,3.99645,0.0244327,0.451101,0,2.87528,0
180.651247166,0,2.59373,0,0.361867,0.0112227,0.0782751,3.97834,0.0340733,0.280758,0,2.7403,0
180.697687075,0,2.56794,0.0381744,0.296769,0.105231,0.0963528,3.80075,0.0342048,0.327263,0,2.71059,0.000111038
180.744126984,0.0401765,2.24385,0.0561461,0.360389,0.292467,0.0811023,3.7501,0.0287328,0.308248,0,2.69966,0.000192797
180.790566893,0.0888003,1.66407,0,0.481027,0.403843,0.0927135,3.89473,0.0322526,0.384246,0.000852822,2.65071,0.000188927
180.837006803,0.0938067,1.45775,0,0.399463,0.349387,0.113484,3.96581,0.0745772,0.199863,0.00155227,2.67435,0.00516028
180.883446712,0.0134446,1.78144,0.0404538,0.324307,0.176187,0.177676,3.8959,0.245215,0.201274,0.00104674,2.88956,0.0188897
180.929886621,0,1.8102,0.027439,0.330414,0.237036,0.220555,3.91461,0.292257,0.212951,0,3.06474,0
180.976326531,0,1.77396,0,0.218012,0,0.492979,3.9093,0.0336959,0.229635,0,3.13875,0.0164877
181.022766440,0,1.93401,0.169036,0.244096,0.00827802,0.233386,3.98767,0.0240322,0.176825,0.0980203,3.1377,0
181.069206349,0,2.18129,0.169702,0.426957,0,0.145079,4.11033,0.0180731,0.130235,0.239799,2.75767,6.65712e-05
181.115646259,0,1.95368,0.165048,0.406674,0.0561056,0.110082,4.17169,0.00303045,0.0726981,0.249223,2.33235,5.33683e-05
181.162086168,0.145719,1.65116,0.085104,0.211716,0.150251,0.155943,4.08869,0,0.0846127,0.124951,2.44071,0.0117693
181.208526077,0.192556,1.66269,0.0533795,0.16224,0.190596,0.810412,3.64676,0.00570868,0.0363989,0.131907,2.711,0.024415
181.254965986,0,1.67943,0.0583932,0.290376,0.0774958,0.868574,3.50898,0.0112653,0.0185538,0.0787941,2.77959,0.0118798
181.301405896,0,1.57261,0.0495405,0.265196,0.0248167,0.735933,3.55237,0.016973,0.00847994,0.0187884,2.85462,0
181.347845805,0,1.31514,0.112222,0.250115,0.115101,0.643269,3.49147,0.0304275,0.0296786,0,2.88888,0
181.394285714,0.0216772,0.953462,0.146763,0.176902,0.230867,0.554044,3.43353,0.04046,0.0132033,0,2.85572,0.0145206
181.440725624,0.0849255,0.930315,0.130555,0.274789,0.32834,0.582781,3.38143,0.0374475,0.00858627,0,2.69822,0.0167481
181.487165533,0.126676,0.836925,0.0723005,0.328491,0.321859,0.635375,3.31044,0.0316698,0.0238197,0,2.76767,0.0215786
181.533605442,0.152147,1.28619,0,0.106573,0.489883,0.664812,3.39411,0.0261219,0.0146141,8.1373e-05,2.91635,0.0302082
181.580045351,0.13602,1.96404,0,0.0594903,0.52798,0.499917,3.25364,0.0254449,0.184585,0,3.06064,0.0518354
181.626485261,0.0790966,2.24994,0,0.140026,0.334833,0.245116,3.33813,0.0287208,0.560314,0,3.03031,0.0533492
181.672925170,0,2.45043,0,0.100594,0.237203,0.172893,3.43979,0.0348456,0.796507,0,3.08716,0.058833
181.719365079,0.0177266,2.44686,0.0336193,0.189343,0.127613,0.123665,3.45606,0.0366148,0.970992,0,2.92672,0
181.765804989,0.0460263,2.6931,0.193252,0.567202,0.228829,0.183064,2.70946,0.415232,0.904378,0.0244491,2.72087,0.15041
181.812244898,0.0256997,2.65255,0.176942,0.658295,0.223905,0.295801,2.66505,0.415209,0.947692,0.16607,2.43108,0.198993
181.858684807,0.0236875,2.4734,0.0961471,0.57102,0.203133,0.304348,2.71423,0.376068,0.973201,0.158031,2.56053,0.209177
181.905124717,0.0594205,1.85207,0.155021,0.484275,0.21465,0.280203,2.95618,0.118998,0.930739,0.167295,2.61972,0.12743
181.951564626,0.0365713,1.45276,0.235564,0.316526,0.129591,0.204595,3.48324,0,0.851491,0.163308,2.60317,0.118679
181.998004535,0.05779,1.71147,0.192175,0.346717,0.0780868,0.0161592,3.81922,0,0.511053,0.166893,2.70466,0.292339
182.044444444,0.0801315,2.12003,0.155366,0.37984,0.114549,0,3.99831,0,0.34133,0.198671,2.46195,0.390477
182.090884354,0.111183,2.2053,0.0641787,0.270226,0.336578,0.121777,3.41021,0.280726,0.888456,0.191966,2.19412,0.209613
182.137324263,0.000340655,2.02553,0,0.0790693,0.200146,0.783386,2.76265,0.292209,1.28442,0.364353,2.22574,0.00020812
182.183764172,0.0780455,1.67669,0.00103362,0.0813662,0.141313,1.09093,2.32626,0.112892,1.78966,0.285579,2.07328,0.000785567
182.230204082,0.157516,1.17555,0.0562308,0.571704,0.554416,1.20954,1.87171,0,2.53517,0.0892768,1.69157,0.000204293
182.276643991,0.429903,1.37939,0.0465958,0.669747,0.46157,1.168,1.38245,0.0442711,3.16804,0.119369,1.25284,5.3007e-05
182.323083900,0.653801,2.32827,0.203901,0.823984,0.318754,0.853419,1.14558,0,3.05353,0.0783774,0.914441,0
182.369523810,0.492702,2.96727,0.168717,0.63388,0.026055,1.07581,1.42666,0,2.65335,0.00951838,1.06381,0
182.415963719,0.418385,2.94225,0.143688,0.492822,0.019674,1.1898,1.95323,0,1.64744,0.333791,1.58462,0.0255832
182.462403628,0.263157,2.41701,0.175831,0.330623,0.0772459,1.34284,2.01738,0,1.59866,0.345139,1.57233,0.0191707
182.508843537,0.143361,2.11918,0.372415,0.252473,0.144498,1.71462,1.83224,0,1.79659,0.24175,1.63312,0.0162708
182.555283447,0.15294,2.04147,0.364531,0.304447,0.243584,2.4776,1.31487,0,1.63875,0.06193,1.7319,0
182.601723356,0.162699,1.94309,0.140284,0.50312,0.192406,2.32314,1.3202,0.0547524,1.34988,0.0904887,1.66721,0.386708
182.648163265,0.0883011,2.04346,0.132838,0.624254,0.0506372,2.22584,1.32465,0,1.49532,0.118929,1.67898,0.599657
182.694603175,0.0380345,2.00375,0.0592734,0.644035,0,2.18041,1.54909,0.0124202,1.53113,0.102873,1.93328,0.676609
182.741043084,0.206183,1.92205,0.0044151,0.548839,0,2.38858,1.64794,0.0287163,1.53096,0.0263918,2.03332,0.567028
182.787482993,0.434576,1.75282,0.00408638,0.470676,0,2.59768,1.67418,0.0381396,1.53081,0.000937855,1.66264,0.255761
182.833922902,0.529975,1.59456,0.0045468,0.446109,0.0662391,2.55758,1.68852,0.0344389,1.678,0.00197513,1.22256,0.0003839
182.880362812,0.574934,1.6848,0.00428623,0.424195,0.386879,2.37009,1.75018,0.0223068,1.68772,0.00280423,0.995732,0.000376357
182.926802721,0.54663,1.81428,0.00371733,0.536626,0.466671,2.10581,1.63395,0.0142503,1.93089,0.0034804,1.08629,0.000209311
182.973242630,0.350689,2.12316,0.00329852,1.02596,0.164886,2.22297,1.11925,0,2.38425,0.00632184,1.32647,0.202549
183.019682540,0.267935,2.44337,0.00322176,1.15809,0.0267973,2.24805,0.79338,0,2.5122,0.00842794,1.40544,0.388157
183.066122449,0.19707,2.41614,0.00337295,1.09004,0,2.08661,0.979331,0,2.44954,0.00921541,1.6696,0.474051
183.112562358,0.180103,2.27057,0.00358743,1.01631,0.0332763,2.03548,1.11432,0,2.36283,0.00841095,1.83492,0.529447
183.159002268,0.0759797,2.12622,0.0476335,0.89359,0.153555,2.15495,1.10436,0.14705,2.28793,0.00758149,1.87963,0.46569
183.205442177,0.0641697,2.09775,0.158183,0.784015,0.313343,2.55557,0.828042,0.316298,2.42736,0.0693112,1.66561,0.231397
183.251882086,0.0462143,2.19423,0.236606,0.661624,0.246275,2.81035,0.293781,0.332646,2.50995,0.0916415,1.31675,0.177869
183.298321995,0.0883998,2.7247,0.150036,0.679407,0.139207,2.56225,0.291133,0.0766512,2.55538,0.119349,1.07872,0.192367
183.344761905,0.141814,2.94256,0.117704,0.618077,0.203153,2.2803,0.676732,0,2.67997,0.132828,1.10858,0.245933
183.391201814,0.363667,3.07217,0.00233209,0.46223,0.0275344,1.86549,1.11718,0.00470325,2.55705,0.102969,1.3762,0.376228
183.437641723,0.515645,2.85196,0.00263499,0.459746,0,1.62607,1.53369,0.0131345,2.49162,0.0433276,1.45183,0.293204
183.484081633,0.642233,2.52125,0.00302299,0.570927,0.00882874,1.52193,1.73329,0.0108548,2.15764,0.00908213,1.29953,0.131679
183.530521542,0.456841,2.35002,0.102494,0.381428,0.0566633,1.79249,1.74821,0.0216379,2.19876,0.00284177,1.14725,0.0147724
183.576961451,0.132833,2.42673,0.203685,0.237761,0.24032,1.90718,1.48176,0.0434909,2.31517,0.000894756,1.21555,0.000477395
183.623401361,0.260505,2.3784,0.20424,0.174447,0.232371,1.87628,1.22813,0.0312296,2.479,0.000769579,1.32559,0.000370597
183.669841270,0.51261,2.32621,0.197327,0.611039,0.282257,1.85948,0.822902,0.0175433,2.57044,0.000588122,1.24525,0.000179355
183.716281179,0.657217,2.26195,0.246224,1.08922,0.132156,1.69725,0.555251,0,2.65133,0.00126436,1.33577,0.0219458
183.762721088,0.655646,2.24241,0.298573,1.20408,0.0665656,1.62023,0.575389,0,2.66825,0.00700594,1.38301,0.235692
183.809160998,0.749892,2.13591,0.299634,1.08556,0.0285968,1.71076,0.559298,0,2.74788,0.00425502,1.1827,0.469939
183.855600907,0.713696,1.97822,0.188245,0.884283,0,2.0809,0.273133,0.169997,3.11331,0,0.784489,0.753704
183.902040816,0.398896,2.36093,0.00422603,0.953743,0.105613,2.30915,0.274156,0.132526,2.82911,0.291681,0.228312,0.909647
183.948480726,0.193402,2.99548,0.0240967,0.841849,0.099006,2.50682,0.327954,0,2.3765,0.688064,0,0.840174
183.994920635,0.140926,3.15561,0.122552,0.385084,0,2.23339,0.843109,0,1.85872,0.850896,0.00329833,0.844521
184.041360544,0.0574794,3.49887,0.098015,0.243513,0.0304832,2.04529,0.983481,0.000228349,1.54668,0.168341,0.131552,0.82099
184.087800454,0.00931618,3.68269,0.172803,0.196128,0.0348736,2.13546,1.10366,0.0232742,1.53618,0.107782,0.0523507,0.566873
184.134240363,0.00712693,3.94109,0.198123,0.118268,0,2.18895,1.13237,0.123735,1.58594,0.0155904,0.0105214,0.107325
184.180680272,0.00531421,4.15507,0.0748729,0.00503031,0.112316,2.3242,0.652624,0.0603427,1.60868,0.0686611,0.400419,0.00349542
184.227120181,0.0558152,4.1038,0.00220313,0.0443007,0.277652,2.41954,0.259708,0.0537035,1.63484,0.052043,0.782103,0.000717798
184.273560091,0.0114544,3.68706,0.00551904,0.136004,0.525016,2.36899,0.347423,0.0125604,1.7633,0.155112,0.881394,0.0647177
184.320000000,0.0048645,2.79507,0.0593649,0.202836,0.610573,2.14088,0.652016,0.00475416,1.62828,0.398894,0.610067,0.529844
184.366439909,0.135866,1.55871,0.342637,0.0391066,0.591188,1.00384,1.53012,0,0.996419,0.76481,0.000126997,0.278323
184.412879819,0,1.38463,0.512398,0.0293849,0.26011,0.624406,1.36237,0.00769321,0.529142,0.663084,0.0188023,0.853221
184.459319728,0.115171,1.03636,0.467825,0.551262,0.34537,0.163688,1.34123,0,0.199817,0.420695,0.171076,1.50067
184.505759637,0.284518,0.248081,0.210365,1.17804,0.246374,0.103558,1.43869,0.0313489,0.280437,0.226514,0.441246,2.11877
184.552199546,0.22167,0.0074058,0.018498,1.50255,0.135056,0.188633,1.55682,0.215498,0.251904,0.213641,0.479144,2.2397
184.598639456,0.133334,0.0239261,0.00621882,1.93786,0.0882523,0.431163,1.26938,0.443857,0.128297,0.185428,0.658942,2.38305
184.645079365,0.248566,0.168439,0.0501823,1.94729,0.165792,0.641192,1.57524,0.219425,0.150044,0.0505063,0.381654,2.5695
184.691519274,0.0196758,0.275774,0.0929366,1.42028,0.173234,0.75099,1.86661,0.106655,0.0576896,0.169446,0.38229,2.98076
184.737959184,0.130891,0.123851,0.14165,1.12826,0.264873,0.256486,2.17973,0.102257,0.0103903,0.387893,0.325137,2.99877
184.784399093,0.1116,0.184688,0.00431848,0.957956,0.35254,0.00429399,2.40423,0.0961878,0.0281449,0.396623,0.154582,2.58038
184.830839002,0.189733,0.475234,0.0638661,0.738777,0.402327,0,2.69815,0.0309745,0.0618341,0.281416,0.148509,2.19419
184.877278912,0.0953381,0.833709,0.105513,0.466098,0.276483,0.0204359,2.94456,0,0.207385,0.268514,0.193869,2.18016
184.923718821,0,0.846568,0.0297979,0.555752,0.283488,0.378467,3.06103,0,0.319387,0.279531,0.805329,1.66576
184.970158730,0.206394,0.835445,0,0.748038,0.258312,0.455811,3.08178,0.0707375,0.250781,0.286284,1.46127,1.17623
185.016598639,0.194729,1.0947,0.000248553,0.512313,0.5636,0.546917,3.0491,0.357921,0.0456807,0.0304242,2.4272,0.51671
185.063038549,0.000489148,0.923806,0.292651,0.00911743,0.459422,0.508582,3.24113,0.261445,0.0391622,0,2.85946,0.467357
185.109478458,0.00051047,0.766138,1.00061,0.0325387,0.364454,0.351418,3.19779,0.271175,0.248815,0.00800556,2.60268,0.393891
185.155918367,0.0105054,0.530812,1.18748,0.0440965,0.262821,0.294542,3.07961,0.120457,0.403914,0,2.45166,0.237896
185.202358277,0.0772689,0.4287,1.0285,0.0336389,0.764685,0.0880313,2.70091,0.299257,0.240224,0.00671565,2.42877,0.101116
185.248798186,0.157459,0.489978,1.09203,0.0150952,0.723973,0.162663,2.3155,0.428623,0.0165524,0.0439572,2.16356,0.15201
185.295238095,0.174157,0.355275,1.17399,0.13027,0.419339,0.36982,2.33631,0.222366,0.517391,0.116532,1.52151,0.231746
185.341678005,0.0106186,0.658671,0.925143,0.185062,0.0747947,0.530909,2.10509,0.0317111,1.54235,0.201723,1.0859,0.192089
185.388117914,0.0115994,0.855572,0.373011,0.148754,0.0387799,0.617759,1.93443,0.00522852,2.87975,0.182062,0.784091,0.187773
185.434557823,0,1.2071,0.0306999,0.548263,0.0245215,0.130483,1.6043,0.0136738,3.6493,0.0982915,0.0196457,1.05129
185.480997732,7.47212e-06,1.10622,0,1.21782,0.0111841,0,1.16104,0.0197592,4.02211,0.066767,0,1.1951
185.527437642,0,1.0346,0,1.70109,0.0183315,0,0.657515,0.0179871,4.17764,0.058502,0,1.2757
185.573877551,0,1.06561,0,2.08174,0,0,0.444122,0.0178814,4.25673,0.0572588,0.000414445,1.33491
185.620317460,0,1.01675,0,2.29691,0,0,0.218634,0.0176691,4.28231,0.0556697,0.00172768,1.4179
185.666757370,0,0.926214,0,2.33052,0.00176269,0,0.126557,0.0172557,4.27362,0.0533342,0.0382126,1.51636
185.713197279,0,0.723355,0.00735293,2.27708,0.00609679,0,0.141,0.0151677,4.26781,0.0524052,0.0286691,1.5678
185.759637188,0,0.395518,0.00886655,2.16631,0.00460519,0,0.305753,0.0129497,4.29123,0.0518173,0,1.55373
185.806077098,0,0.225035,0.00617658,2.06105,0,0,0.378616,0.0111048,4.29568,0.0520885,0,1.57227
185.852517007,0,0.183528,0.0087242,2.12795,0,0,0.217717,0.00925501,4.27756,0.0527563,0.00530734,1.73708
185.898956916,0,0.129848,0.00889705,2.30203,0,0,0.175026,0.00805823,4.19683,0.0536872,0.0385703,2.00181
185.945396825,0,0.0962466,0.0107903,2.55182,0,0,0.263373,0.00752094,4.13765,0.0542548,0.0214751,2.29154
185.991836735,0,0.117241,0.00638687,2.57542,0,0,0.167845,0.00894428,4.26358,0.0538985,0.000614427,2.19841
186.038276644,0,0.0877675,0.00134574,2.55507,0,0,0,0.0109568,4.34388,0.0538372,0.000572125,1.87525
186.084716553,0,0.0290294,0,2.53736,0,0,0,0.0121225,4.34342,0.0534066,0.000673615,1.56303
186.131156463,0,0,0,2.52429,0,0,0,0.0129035,4.33719,0.0521625,0.000866976,1.36121
186.177596372,0,0,0,2.56501,0,0,0,0.0137511,4.29005,0.0512346,0.000775846,1.28338
186.224036281,0,0,0,2.60804,0,0,0.00134651,0.0146715,4.22378,0.0506586,0.000417655,1.27281
186.270476190,0.00468064,0.00281134,0.0128384,2.48116,0,0,0,0.0153784,4.1549,0.0492734,0.00455316,1.36756
186.316916100,0.045775,0,0.0250151,2.34415,0,0,0,0.0179591,4.12155,0.0463066,0,1.43601
186.363356009,0,0,0.0272667,2.54165,0,0,0,0.0219701,4.10427,0.0408115,0.000241893,1.54582
186.409795918,0,0,0.0161058,2.55581,0,0,0,0.0271723,4.07658,0.0355961,0.00100049,1.66941
186.456235828,0,0.146333,0.00609708,2.37556,0,0,0.236008,0.0309032,4.02345,0.0338248,0.00220159,1.75213
186.502675737,0,0.268414,0.00738001,1.98392,0,0,0.665326,0.0286049,3.86724,0.0351775,0.00256021,1.80967
186.549115646,0,0.302689,0.00348183,1.78037,0,0,0.943502,0.0230418,3.75848,0.0397274,0.00303125,1.74819
186.595555556,0,0.31416,0,1.84304,0,0,0.982925,0.0185668,3.73744,0.0447501,0.00405665,1.65946
186.641995465,0,0.317621,0,2.15591,0,0,0.834216,0.0158366,3.76461,0.0478081,0.00390403,1.58899
186.688435374,0,0.305606,0.00911004,2.33103,0,0,0.705918,0.014441,3.90605,0.0491306,0.00350709,1.52415
186.734875283,0,0.298382,0.0116189,2.32924,0,0,0.670944,0.014498,4.05077,0.0500324,0.00298211,1.49703
186.781315193,0,0.287515,0,2.13415,0,0,0.821215,0.0158591,4.12921,0.0513439,0.0115179,1.51546
186.827755102,0,0.264705,0,2.01041,0,0.0179275,0.858882,0.0168882,4.12684,0.0518824,0.196623,1.44637
186.874195011,0,0.240644,0,1.99346,0,0.0573393,0.793065,0.015674,4.04813,0.0514317,0.403984,1.40749
186.920634921,0,0.214621,0,1.90175,0,0.0628745,0.601117,0.0130792,4.03642,0.0513473,0.717311,1.39069
186.967074830,0,0.191482,0,1.72206,0,0.041584,0.431183,0.0103969,4.00802,0.0522603,1.07286,1.28726
187.013514739,0,0.191349,0.00489076,1.79619,0,0.0277146,0.463736,0.00904562,3.97405,0.0534424,1.23332,1.18668
187.059954649,0,0.208921,0.014782,1.89087,0,0.0230826,0.570012,0.00848746,3.92266,0.053427,1.32447,1.24165
187.106394558,0,0.250074,0.0176127,1.97323,0,0.0261504,0.557208,0.00995368,3.8575,0.0524966,1.31241,1.38978
187.152834467,0,0.263191,0.0200829,2.47251,0,0.0386355,0.276688,0.013627,4.00125,0.052109,0.948515,1.46603
187.199274376,3.29284e-06,0.235855,0.0222172,2.80903,0,0.0534716,0.061611,0.0167042,4.06939,0.0511368,0.4366,1.38528
187.245714286,0,0.142997,0.0108743,2.80679,0,0.048662,0.0519698,0.0185376,4.06665,0.0505365,0.40155,1.27587
187.292154195,0,0.0837968,0,2.87355,0,0.0414897,0.051071,0.018442,4.00468,0.0515541,0.415612,1.29973
187.338594104,0,0.087996,0,2.87863,0,0.0506185,0.0429231,0.0167516,4.03374,0.0529189,0.411565,1.37038
187.385034014,0,0.0881955,0.01276,2.86976,0,0.062294,0.0307899,0.0146494,4.14675,0.0533864,0.364187,1.42842
187.431473923,0.0393916,0.0908799,0.0212577,2.82452,0,0.0578543,0.0303043,0.0135358,4.26649,0.0536995,0.266577,1.39551
187.477913832,0.0573761,0.0993141,0.0106033,2.7473,0,0.0408053,0.0437644,0.0133766,4.30469,0.0548287,0.275928,1.28947
187.524353741,0.0542427,0.0993751,0,2.65965,0,0.0227442,0.0601496,0.0147313,4.34162,0.0555593,0.222147,1.20321
187.570793651,0.0557599,0.0817761,0,2.57599,0.042422,0.0027284,0.144009,0.0165343,4.33619,0.0528987,0.062437,1.20976
187.617233560,0.0539431,0.11102,0.0216004,2.38915,0.0309776,0,0.222147,0.0156618,4.34058,0.0534594,0.00762797,1.35866
187.663673469,0.061505,0.179834,0.0253078,2.27874,0.0265966,0,0.340728,0.0142332,4.28723,0.0525529,0.00782065,1.53707
187.710113379,0.0454274,0.241623,0.000903206,2.24615,0.0419716,0,0.428031,0.0146474,4.16645,0.0510091,0.0210598,1.6278
187.756553288,0,0.26761,5.82393e-05,2.25921,0.0417426,0,0.484468,0.0144368,3.90171,0.0511175,0.546568,1.59576
187.802993197,0,0.21285,0.135751,2.31946,0.0460314,0,0.48404,0.0124912,3.37808,0.0493658,1.33124,1.4071
187.849433107,0,0.0892084,0.341275,2.23092,0.150323,0,0.624333,0.0303453,2.6626,0.0537722,2.21367,1.04444
187.895873016,0,0,0.272038,2.47948,0.209749,0,1.00014,0.0383509,2.04544,0.0439263,2.5726,0.972854
187.942312925,0,0,0.282902,2.77748,0.0310638,0,1.00183,0.0115668,1.92803,0.0673923,2.60969,1.33114
187.988752834,0,0,0.292088,2.98682,0.0265107,0,1.06037,0.115467,2.26873,0.0244825,2.21372,1.47859
188.035192744,0,0,0.324071,2.8687,0.0213,0,1.11122,0.096498,2.95441,0,0.891352,1.52734
188.081632653,0,0.0621839,0.290485,2.64418,0.0165976,0,0.885122,0,3.2792,0.0105764,0.120659,1.51163
188.128072562,0.0021333,0.104083,0.094597,2.74946,0.0159367,0,0.546223,0,3.48056,0.0257657,0.165176,1.44974
188.174512472,0.0335299,0.0568633,0.0383789,2.85729,0.0158157,0,0.5704,0,3.50026,0.0433558,0.372575,1.20716
188.220952381,0,0.191694,0.0389506,2.83738,0.0148222,0,0.962579,0,3.41552,0.0409136,0.508713,0.965061
188.267392290,0,0.43226,0.0453936,2.72409,0.0847031,0,1.72579,0,2.551,0,0.841104,0.863427
188.313832200,0,0.47132,0.0278293,2.34457,0.139657,0,2.39919,0,1.9536,0,1.30547,0.714963
188.360272109,0,0.523177,0.00204154,2.02709,0.148617,0,2.6756,0.00683377,1.58314,0,1.55918,0.524321
188.406712018,0,0.427481,0.0020815,1.97462,0.13801,0,2.69681,0,1.88094,0,1.47568,0.441919
188.453151927,0,0.310269,0.0021871,2.0851,0.0954409,0.00012953,2.6583,0,1.45681,0,1.28134,0.573531
188.499591837,0,0.313852,0.00203784,2.23218,0.0433037,0,2.68869,0,1.74559,0,1.06931,0.656677
188.546031746,0,0.448493,0.00190687,2.62335,0.0291555,0,2.94694,0,1.52722,0,1.08822,0.408821
188.592471655,0.183463,0.721793,0.0166993,2.33073,0.0188061,0,3.33694,0.176647,1.09823,0,1.24506,0.131318
188.638911565,0.365557,0.654727,0.139185,2.04371,0.0324376,0,3.51678,0.0997701,1.02389,0,1.18796,0
188.685351474,0.297907,0.576332,0.13061,1.726,0.0436583,0,3.84248,0.0424144,0.6257,0,1.14872,0
188.731791383,0.12023,0.50647,0.0641639,1.39267,0.0415265,0,3.9817,0,0.374465,0,1.67498,0
188.778231293,0,0.541695,0.00229515,1.31893,0.0352403,0,3.92916,0.0105322,0.328684,0,1.88347,0
188.824671202,0,0.634694,0.00240002,1.28999,0.033577,0,3.84213,0.0307958,0.408733,0,2.02176,0.159809
188.871111111,0,0.642028,0.00231359,1.4529,0.0309716,0,3.70264,0.0423338,0.583683,0,1.96523,0.315839
188.917551020,0,0.668187,0.00219753,1.70883,0.028445,0.00127634,3.43521,0,0.945598,0,1.82674,0.341203
188.963990930,0,0.715187,0.00215815,2.37239,0.0274524,0.00127748,2.87862,0,1.20693,0,1.71464,0.315234
189.010430839,0,0.68093,0.00207048,3.2145,0.0278711,0.000118339,2.25508,0,1.25058,3.13315e-05,1.50708,0.403314
189.056870748,0,0.539699,0.0019733,3.28132,0.0449622,0.000435429,2.17922,0,1.50657,1.26286e-05,1.19232,0.44233
189.103310658,0,0.595392,0.00196635,2.74373,0.139763,0,2.53826,0,1.26795,0,1.16308,0.178897
189.149750567,0,0.606629,0.00215167,1.67541,0.361915,0,2.91308,0,0.53971,0,1.23386,0.127967
189.196190476,0,0.52369,0.00217736,1.09457,0.40582,0,3.26581,0,0.263319,0,1.28919,0.0914888
189.242630385,0.0651094,0.441963,0.00184334,1.31234,0.151538,0,3.54618,0,0.225558,0,1.32649,0.0428586
189.289070295,0.0755719,0.384333,0.00164357,1.51104,0.0879671,0,3.66995,0,0.224218,0,1.44963,0.0179636
189.335510204,0.082799,0.413249,0.00198251,1.508,0.0724418,0,3.79144,0,0.15336,0,1.54626,0.0445088
189.381950113,0,0.48473,0.00226456,1.46599,0.0621476,0,3.90435,0,0.160901,0,1.6598,0.0345722
189.428390023,0,0.519662,0.00199524,1.41603,0.0621657,0.000875991,3.90937,0,0.239035,0,1.8096,0.0172735
189.474829932,0,0.544675,0.00189058,1.41467,0.0588263,0.00102437,3.89116,0,0.24449,0,1.88626,0
189.521269841,0,0.552505,0.00211777,1.49873,0.0504038,0.000623532,3.88128,0,0.292983,0,1.84799,0
189.567709751,0,0.525965,0.00221625,1.48703,0.0489253,0,3.8967,0,0.367609,0,1.79993,0
189.614149660,0,0.47213,0.00200273,1.31832,0.0454311,0,3.89454,0.130805,0.373493,0,1.89743,0
189.660589569,0,0.440455,0.0018627,1.51244,0.0379352,0.0228625,3.79357,0.257911,0.413834,0.00438461,2.04419,0
189.707029478,0,0.493574,0.00203875,1.91831,0.0612454,0.0402984,3.30843,0.263751,0.427613,0.0146778,2.3824,3.03857e-05
189.753469388,0,0.596199,0.00204612,2.27326,0.0682577,0.0446573,2.80363,0.210579,0.575746,0.018019,2.58864,6.59058e-05
189.799909297,0,0.516568,0.00191162,2.90003,0.0179802,0.024665,2.74659,0.15439,0.882231,0.00682641,2.58083,0.0163536
189.846349206,0,0.26376,0.00210163,3.32206,0.0128678,0.0130429,2.94452,0.0966056,1.09756,0,2.52547,0.0106513
189.892789116,0,0.244882,0.0023007,2.95646,0.0124584,0.0303664,3.19489,0.0725127,0.965866,0,2.62736,0
189.939229025,0,0.397572,0.00199159,2.47162,0.0120261,0.15166,3.20881,0.0331132,0.744072,0,2.66369,0.0180768
189.985668934,0,0.488109,0.00170036,3.02604,0.01073,0.191004,3.01099,0.0465589,0.622493,0,2.45859,0.0701559
190.032108844,0,0.445605,0.00183909,3.50524,0.0115963,0.0973264,2.95855,0.0719152,0.619081,0,2.14098,0.0480736
190.078548753,0,0.370897,0.00215412,3.76394,0.0129148,0.0246017,2.96652,0.0746828,0.702495,0,2.16933,6.39921e-06
190.124988662,0,0.180225,0.00200948,3.98848,0.0129181,0.0333574,2.86213,0.0352644,0.84646,0.000146902,2.19123,3.63518e-05
190.171428571,0.044521,0,0.00177849,4.10606,0.0134672,0.0432285,2.84001,0,1.03075,0.000198188,2.06057,0.0441794
190.217868481,0.058973,0,0.00203436,4.14064,0.0137886,0.0365284,2.75599,0,1.07552,5.04158e-05,2.19451,0.0966864
190.264308390,0.00812131,0,0.00213476,4.08165,0.0138128,0.0223129,2.92117,0.0109072,0.959786,0,2.42555,0.0526188
190.310748299,0,0,0.00193237,3.43211,0.0134173,0.00110256,3.22621,0.202876,0.604115,0,2.73839,0.0039698
190.357188209,0,0.255085,0.00193264,2.97338,0.0124793,3.95798e-05,3.19714,0.294148,0.0695245,0,2.42231,0.0221415
190.403628118,0,0.593654,0.00207059,2.31334,0.0131438,9.75847e-05,3.3723,0.218145,0.0363349,0,1.95721,0.00423018
190.450068027,0.00687943,0.734949,0.00176028,1.83404,0.0135037,0,3.50812,0.157156,0.0380436,0,1.49092,0.0101074
190.496507937,0.0189459,0.777047,0.00168323,1.61688,0.0135939,0.00362712,3.68336,0.0702037,0.0403791,0,1.40747,0.0172859
190.542947846,0.0193239,0.768334,0.00199514,1.62701,0.0137238,0,3.82682,0.0308425,0.0215478,0,1.64748,0.00671573
190.589387755,0,0.745022,0.0022106,1.71799,0.013688,0,3.87485,0.066766,0.000333055,0,1.77161,0
190.635827664,0,0.743522,0.00197797,1.72238,0.0138648,0,3.89658,0.1206,0.0010042,0,1.75641,0
190.682267574,0,0.752998,0.00190587,1.59949,0.0139271,0,3.89883,0.179495,0,0,1.82955,0
190.728707483,0,0.722993,0.00213618,1.50934,0.0136552,0,3.91461,0.203852,0,0,1.632,0
190.775147392,0,0.699046,0.00195546,1.43735,0.0126226,0,3.83329,0.151565,0,0,1.38672,0.0325988
190.821587302,0.231521,0.87544,0.00167082,1.39509,0.0192237,0,3.64478,0,0,0,0.994886,0.440493
190.868027211,0.368803,1.59263,0.00109725,1.43156,0.0336213,0.00730855,3.80589,0,0.141036,0.00818003,0.86048,0.218424
190.914467120,0.275616,1.92327,0,1.31376,0.0314355,0.0511618,3.76753,0.0742453,0.384051,0.000787369,0.496244,0.0244635
190.960907029,0.178936,2.38987,0.17329,0.908917,0,0.0549842,3.60332,0.0819667,0.477631,0.000156708,0.417172,0.0117558
191.007346939,0.049144,2.57511,0.161784,0.643773,0,0.060241,3.50078,0.0418906,0.535098,0,0.702082,2.72591e-05
191.053786848,0,2.34453,0.144658,0.873374,0,0.102766,3.80901,0.0438229,0.572536,0,1.51716,0.0523129
191.100226757,0,1.71156,0.265599,0.912976,0,0.0948058,3.86464,0.044168,0.223525,0,2.62272,0.44823
191.146666667,0,1.17533,0.259008,0.973068,0,0.101345,3.761,0.042669,0.0183854,0,3.16654,0.367851
191.193106576,0,1.10803,0.260122,0.831528,0,0.107422,3.67796,0.0400512,0.0181748,0,3.48921,0.128948
191.239546485,0,1.24977,0.269046,0.575844,0,0.109589,3.52752,0.0394363,0.0177405,0,3.68499,0
191.285986395,0,1.59084,0.236455,0.467435,0,0.10665,3.40788,0.0421282,0.0199134,0,3.72557,0
191.332426304,0,1.91699,0.113562,0.630666,0,0.108058,3.62601,0.0456189,0.0206659,0,3.56959,0
191.378866213,0.0902946,2.23438,0,0.602835,0,0.0875852,3.09002,0.0449506,1.00972,0,2.72664,0
191.425306122,0.167601,2.25424,0,0.468841,0,0.0510712,2.35134,0.0443437,1.88061,0,2.09541,0
191.471746032,0.175681,2.51927,0.00687989,0.160213,0,0.0224009,2.0994,0.0441789,2.39206,0,1.65159,0
191.518185941,0.17489,2.64063,0.0361522,0.18113,0,0.022802,1.98732,0.0426009,2.64567,0,1.37688,0
191.564625850,0.174847,2.62669,0.0167728,0.191549,0,0.0239999,1.97277,0.042361,2.69016,0,1.39681,0
191.611065760,0.110388,2.67726,0.0161809,0.194473,0,0.0241866,2.00217,0.0411542,2.68629,0,1.41007,0
191.657505669,0,2.78427,0.0270112,0.179237,0,0.0232461,2.24553,0.0415518,2.59459,0,1.46021,0
191.703945578,0,2.97312,0,0.109238,0,0.0235829,2.49336,0.16529,1.84994,0,1.60553,0.0317449
191.750385488,0,3.02127,0.00258983,0.0139475,0.0298558,0.0228696,2.71194,0.35873,1.01528,0,1.56717,0.035929
191.796825397,0,2.78221,0.00459521,0,0.0412859,0.0245849,3.38621,0.195512,0.639022,0,1.57779,0.0296458
191.843265306,0,2.62701,0.0174551,0,0.036138,0.0225879,3.98341,0.0443468,0.350052,0,1.86129,0
191.889705215,0,2.3957,0.0296249,0,0.0313427,0.0223094,4.28268,0.0438459,0.313962,0,2.22781,0
191.936145125,0,2.23328,0.0183759,0,0.052191,0.0221834,4.37767,0.0444201,0.40082,0,2.41952,0
191.982585034,0,2.14334,0.0144914,0,0.0834805,0.0222889,4.35704,0.0443641,0.285799,0,2.43102,0
192.029024943,0,2.1786,0.0108748,0,0.101794,0.022577,4.3575,0.04452,0.225339,0,2.38186,0
192.075464853,0,2.16439,0,0.00144802,0.101144,0.0226758,4.41614,0.0454341,0.233398,0,2.34262,0
192.121904762,0,2.13487,0,0.00287525,0.096665,0.0224226,4.43951,0.0451478,0.217366,0,2.15183,0
192.168344671,0,1.978,0,0.00301611,0.0978065,0.0223737,4.35436,0.0448736,0.226626,0,2.00456,0
192.214784580,0,2.27721,0.00882858,0.0610883,0.0902002,0.0230103,4.25132,0.0466124,0.25669,0,1.96655,0
192.261224490,0,2.65642,0.0722734,0.11553,0.0337077,0.022663,3.97427,0.0479246,0.62246,0,1.73364,0
192.307664399,0,2.90557,0.0296186,0.0731099,0,0.0377382,3.63293,0.0474286,0.83734,0,1.12061,3.61685e-05
192.354104308,0,3.07687,0,0.0183931,0,0.0616165,3.49074,0.0659144,0.526248,0,0.888942,0.000104342
192.400544218,0,3.10204,0,0,0,0.0627253,3.2969,0.0965954,0.489359,0,0.920674,0.000132267
192.446984127,0.0311789,2.81786,0,0,0,0.12862,3.04196,0.0789221,0.480932,0.00100939,1.40529,0.470205
192.493424036,0.0397168,2.12834,0.0057662,0,0,0.556202,2.80678,0.0483476,0.378211,0.0011884,1.97504,0.747122
192.539863946,0.0568274,1.3108,0.0943707,0,0,0.765705,2.81634,0.0499347,0.191659,0.00059357,2.2638,0.859461
192.586303855,0.0569264,0.996991,0.10395,0,0,0.800719,2.9405,0.0490424,0.0230516,0,2.51053,0.853333
192.632743764,0.0471102,1.54447,0.0682369,0,0,0.616081,2.95136,0.0464913,0.0231378,0,3.14999,0.359595
192.679183673,0.0336381,2.04372,0.0393356,0,0.00642873,0.533388,3.10076,0.0441766,0.0210142,0,3.13237,0
192.725623583,0.0371808,2.48673,0.0273414,0,0.0282093,0.503309,3.35793,0.044514,0.0202794,0,2.93187,0
192.772063492,0.029344,2.70276,0.0414051,0.141891,0,0.471665,3.51755,0.044119,0.220332,0,2.57338,0
192.818503401,0.0466666,2.50925,0.0406204,0.20341,0,0.217572,3.18919,0.0439714,0.834074,0.000300563,2.20296,0
192.864943311,0.210577,2.18855,0.0429949,0.18219,0,0.0218886,2.634,0.043134,1.73965,0.00017613,2.05354,0
192.911383220,0.188919,1.94071,0.0358886,0.231622,0,0.0224804,1.91265,0.0422153,2.29673,0,1.84013,0.0241684
192.957823129,0.234636,1.85382,0.0339327,0.367352,0,0.023074,1.93165,0.0415857,2.40276,0,1.75794,0.0849201
193.004263039,0.275631,1.99912,0.0325021,0.18112,0.0256736,0.0235357,2.80217,0.0428562,2.26736,0,1.66423,0.113969
193.050702948,0.171896,2.34724,0.00298319,0.00150319,0.0433077,0.0233064,3.35443,0.045308,1.54447,0,1.64759,0.112617
193.097142857,0.130034,2.53919,0,0,0.0510132,0.0227665,3.85862,0.0465228,0.952318,0,1.84927,0.018674
193.143582766,0.160955,2.45866,0,0,0.0505566,0.0226495,4.27489,0.0468304,0.282476,0.0184376,1.77815,0
193.190022676,0.182964,2.19853,0,0,0.0454128,0.0226828,4.33349,0.0457292,0.0306885,0.027664,1.8394,0.0146572
193.236462585,0.190406,1.88831,0,0.0217759,0.0342128,0.0227015,4.35964,0.0440154,0.030948,0.0265912,2.02021,0.0894791
193.282902494,0.117328,1.71735,0,0.0811423,0.0289886,0.023061,4.44351,0.044462,0.0329758,0.0188088,2.00912,0.115568
193.329342404,0.0447759,1.82904,0,0.116283,0.0428689,0.0230282,4.37765,0.0460554,0.159914,0,1.2872,0.03668
193.375782313,0.015355,2.02092,0,0.219108,0.0481306,0.0227887,3.94132,0.0468643,1.09927,0.000897141,0.854695,0
193.422222222,0.0813754,2.11055,0,0.500745,0.0258145,0.0234736,2.87784,0.0450322,2.00833,0.0102678,0.57159,0
193.468662132,0.0909934,2.0532,0.0728427,0.683502,0.0128031,0.0262201,1.99474,0.0380959,2.51784,0,0.677495,0
193.515102041,0.065482,2.49359,0.126678,0.78264,0.0132932,0.0306167,1.3851,0.0378502,2.66353,0,0.789326,0
193.561541950,0.100633,2.6698,0.0212586,0.836862,0.0337621,0.0145858,1.20096,0.0371782,2.846,0,0.813251,0
193.607981859,0.123675,2.7482,0.0065085,0.858903,0.011764,0,1.15041,0,2.75707,0,0.947657,0
193.654421769,0.148461,2.6944,0.0052865,0.890565,0,0,1.08392,0,2.70071,0,0.969951,0
193.700861678,0.162642,2.72064,0.00461835,0.913229,0.00443663,0.0257238,1.05361,0,2.71174,0,0.933446,0
193.747301587,0.166201,2.76897,0.00439884,0.887017,0.0141675,0.237356,0.975844,0,2.73783,0,0.817539,0
193.793741497,0.204399,2.76513,0.0042774,0.890795,0.0182972,0.34116,0.919858,0,2.8142,0,0.687847,0
193.840181406,0.219524,2.79337,0.00417888,0.927163,0.0171432,0.374948,0.945474,0,2.77558,0,0.527006,0
193.886621315,0.204629,2.93525,0.00428241,0.969077,0.00976054,0.375457,1.08391,0,2.47059,0.148335,0.404634,0
193.933061224,0.241607,3.03109,0.00434635,0.918906,0.00402426,0.261279,1.39131,0,2.39635,0.220227,0.29531,0
193.979501134,0.199785,3.16388,0.00430531,0.791705,0.000517303,0.157878,1.93674,0,2.64147,0.0728706,0.347769,0
194.025941043,0.10804,3.07718,0.00434253,0.77028,0,0.316779,2.1756,0,2.56713,0.483306,0.205882,0
194.072380952,0.202079,2.41474,0.00423543,0.880236,0,0.467632,1.87652,0,2.25278,0.556418,0.00503972,0
194.118820862,0.213016,2.02159,0.00424327,0.904667,0,0.388356,1.45798,0,2.23528,0.547793,0,0
194.165260771,0.217175,1.98636,0.0131828,0.818789,0,0.217123,0.963314,0,2.48681,0.389162,0,0
194.211700680,0.317648,2.32627,0.00435341,0.765387,0,0.0148737,0.679906,0,2.74474,0.141698,0,0
194.258140590,0.226147,2.68333,0.00433063,0.820621,0,0.327464,1.12669,0,2.81121,0,0,0
194.304580499,0.20804,2.88744,0.00434768,0.808664,0,0.66582,1.98659,0,2.73271,5.52943e-05,0,0
194.351020408,0.168735,3.03046,0.00439013,0.815491,0,0.705763,2.35244,0,2.46377,0.0126244,0.118815,0.000212213
194.397460317,0.368987,2.82977,0.0340556,0.885079,0,0.494927,2.36439,0,2.22066,0.0672652,0,0.000328703
194.443900227,0.380829,2.68337,0.0578512,0.874604,0,0.417846,2.1413,0,1.99198,0.431896,0,0.000320686
194.490340136,0.137893,2.75238,0.0243909,0.804002,0,0.796733,1.82305,0,2.04408,0.374079,0,0.000265285
194.536780045,0.069079,2.94577,0.00436612,0.75861,0,1.03442,1.71246,0,2.14461,0.189506,0.0879597,0.000152708
194.583219955,0.121931,3.13107,0.00430819,0.744625,0,1.22728,1.74652,0,2.24518,0.0645021,0.126375,1.16246e-05
194.629659864,0.146688,3.38027,0.00431176,0.672168,0,1.57514,1.64531,0,2.44812,0.00952129,0,0
194.676099773,0.149831,3.58659,0.00426773,0.644211,0,1.73765,1.4589,0,2.59834,0.00481452,0,0
194.722539683,0.157424,3.54246,0.00426925,0.712328,0,1.71628,1.36095,0,2.66045,0.00356545,0,0
194.768979592,0.218856,3.24152,0.00428472,0.760285,0,1.6934,1.29898,0,2.5674,0.00219721,0,4.21163e-05
194.815419501,0.234048,3.18258,0.00428144,0.706511,0,1.79378,1.31069,0,2.31906,0.00147261,0,2.70008e-05
194.861859410,0.227696,3.26908,0.00428969,0.649008,0,1.97229,0.988888,0,2.15555,0.000811542,0,0.0471994
194.908299320,0.207855,3.34774,0.00425931,0.592755,0,2.14343,0.809783,0,2.44203,0.000907422,0,0.000765304
194.954739229,0.1831,3.57509,0.00424891,0.545189,0,2.3326,0.754528,0,2.69418,0.00310205,0,0
195.001179138,0.161123,3.7848,0.00425383,0.474036,0,2.40035,0.816814,0,2.73805,0.00615728,0,0
195.047619048,0.128142,3.83406,0.0042457,0.453482,0,2.4065,0.713077,0,2.62072,0.00796107,0,0
195.094058957,0.107225,3.79726,0.0262833,0.456553,0,2.62196,0.623606,0,2.44234,0.00732212,0,0
195.140498866,0.109133,3.70032,0.0871604,0.359771,0,2.77936,0.570809,0,2.45363,0.00253382,0.0337814,1.86499e-05
195.186938776,0.122532,3.58752,0.0865657,0.271549,0,2.6672,0.846785,0,2.57673,0,0,4.16074e-05
195.233378685,0.128964,3.78645,0.0267561,0.198598,0,2.3275,1.09569,0,2.62715,0,0,2.04145e-06
195.279818594,0.126485,3.801,0.00426096,0.202197,0,2.33664,1.1653,0,2.57362,0,0.0171071,0
195.326258503,0.124371,3.78421,0.00429479,0.288983,0,2.65809,1.10544,0,2.29524,0,0.0504788,0
195.372698413,0.126951,3.72712,0.00427544,0.29788,0,2.70334,1.23184,0,1.96501,9.34495e-06,0.0365485,0
195.419138322,0.140978,3.65127,0.00422019,0.303901,0,2.47017,1.53284,0,1.65804,0.00022954,0.00208415,0
195.465578231,0.14494,3.69546,0.00423035,0.329045,0,2.28973,1.70289,0,1.4608,0.00216349,0.000801386,0
195.512018141,0.132313,3.76925,0.00419355,0.303878,0,2.46366,1.54057,0,1.39936,0.00325868,0.000310745,0
195.558458050,0.131719,3.84438,0.00420986,0.326146,0,2.60019,1.25774,0,1.51279,0.0022378,0.0544334,0
195.604897959,0.143196,3.83299,0.00422896,0.359949,0,2.42082,1.26032,0,1.68054,0.000491327,0.112699,0
195.651337868,0.128743,3.96966,0.00425438,0.289935,0,2.27302,1.35707,0,1.6889,0.000526143,0.155325,0
195.697777778,0.120787,4.09244,0.00431693,0.163919,0,2.19466,1.39445,0,1.75365,0.00108231,0.143223,0
195.744217687,0.119702,4.03411,0.00433247,0.113305,0,2.24665,1.40375,0,1.87439,0.00210278,0.0551563,0
195.790657596,0.129087,3.92012,0.00434844,0.142236,0,2.43732,1.23867,0,1.78175,0.00334625,0.0589783,0.0230376
195.837097506,0.116472,3.8192,0.004399,0.178207,0,2.44291,1.09364,0,1.63388,0.00267886,0.0501748,0.118631
195.883537415,0.0898685,3.69308,0.00447073,0.250961,0,2.00672,1.21322,0,1.53154,0.000511334,0.0196599,0.201589
195.929977324,0.0432892,3.6662,0.00446191,0.163825,0,1.90979,1.26809,0,1.73458,0.000120666,0,0.182266
195.976417234,0.0248595,3.73877,0.00446131,0.0770323,0,2.09682,1.14629,0,2.00533,0.00238635,0.000152425,0.122959
196.022857143,0.0221522,3.81858,0.00445001,0,0,2.21139,0.882256,0,2.21914,0.00367847,0.00138961,0.102311
196.069297052,0.0323326,3.66032,0.00436952,0.00614273,0,1.986,0.956866,0,2.17515,0.00309852,0.00228028,0.197064
196.115736961,0.0154772,3.62717,0.00433937,0.00499836,0,1.96561,0.842128,0,2.05844,0.00102873,0.00274341,0.36282
196.162176871,0.0001189,3.47764,0.00432765,0.168168,0,2.10415,0.791151,0,1.7253,0.000825976,0.00201514,0.425929
196.208616780,0.0224967,3.64692,0.00432559,0.0109965,0,2.0286,0.986813,0,1.23417,0.00239768,0.00109343,0.407177
196.255056689,0.0893962,3.62854,0.00432807,0.0552663,0,1.83686,1.22884,0,0.896155,0.00425975,0.00061588,0.359925
196.301496599,0.123711,3.52638,0.00441533,0.107349,0,1.53295,1.20949,0,1.01167,0.00413524,0.00137292,0.303433
196.347936508,0.127857,3.5832,0.00445862,0.0808691,0,1.30559,1.10112,0,1.34023,0.00434756,0.00252296,0.261813
196.394376417,0.0940482,3.67784,0.00445258,0.0142599,0,1.40429,0.904808,0,1.47158,0.00437693,0.00283671,0.233151
196.440816327,0.054275,3.65271,0.00441698,0.00224346,0,1.55149,0.66959,0,1.48797,0.00754813,0.00196265,0.208593
196.487256236,0.0141022,3.79539,0.00442917,0,0,1.55256,0.502934,0,1.71448,0.00155721,0.00125338,0.175773
196.533696145,0.000138536,3.96475,0.00440566,0,0,1.47413,0.463593,0,1.90067,0.000989911,0.00107452,0.15903
196.580136054,0.00759643,3.93592,0.00430708,0,0,1.47006,0.62011,0,1.9068,0.0019495,0.00111212,0.144888
196.626575964,0.0554977,3.83576,0.00422516,0,0,1.4529,0.701,0,1.74282,0.00362155,0.00106965,0.123464
196.673015873,0.0812339,3.65471,0.0271832,0,0,1.64724,0.807749,0,1.74188,0.00497629,0.000925054,0.0597556
196.719455782,0.0852534,3.57705,0.0483185,0,0,1.77763,0.783537,0,1.92452,0.00598906,0.000857827,0.0235152
196.765895692,0.0863258,3.52269,0.0259633,0,0,1.85209,0.800918,0,2.01288,0.00536948,0.00137554,0
196.812335601,0.0695854,3.60623,0.00423033,0,0,1.81176,0.950669,0,1.93641,0.00365481,0.00207506,0
196.858775510,0.00947388,3.73724,0.0042453,0,0,1.91238,0.990307,0,1.7697,0.00597583,0.00232916,0
196.905215420,0.000144099,3.78727,0.00421296,0,0,2.04942,0.741005,0,1.61192,0.0455212,0.0021094,0
196.951655329,0.000147583,3.80939,0.00415749,0,0,2.13924,0.697335,0,1.66937,0.0221485,0.0017537,0
196.998095238,0.00014898,3.79824,0.0103488,0,0,2.14316,0.78046,0,1.63133,0,0.00177277,0
197.044535147,0.0092933,3.73606,0.0157005,0,0,2.09377,0.850618,0,1.59769,0.000906684,0.00213857,0
197.090975057,0.0242762,3.65008,0.0340434,0,0,2.14322,0.728783,0,1.47848,0.0235806,0.00268953,0
197.137414966,0.0283434,3.56404,0.0410425,0,0,2.19736,0.652185,0,1.57933,0.0194824,0.00303346,0
197.183854875,0.0100894,3.68633,0.0137924,0,0,2.17393,0.593759,0,1.87124,0.0160407,0.00224738,0
197.230294785,0.000144071,3.8724,0.00870016,0.000878628,0,2.09973,0.57379,0,1.78322,0,0.000989522,0
197.276734694,0.000143902,3.90951,0.0105719,0,0,2.09784,0.477895,0,1.59401,0.0346408,0.000546421,0
197.323174603,0.0195105,3.80053,0.0126892,0,0,2.17444,0.408478,0,1.40203,0.0608184,0.000527324,0
197.369614512,0.0168185,3.5641,0.0131439,0,0,2.20768,0.44927,0,1.51632,0.0595588,0.0245688,0
197.416054422,0.00316621,3.55363,0.036977,0,0,2.12504,0.623549,0,1.49273,0.086558,0.0589349,0
197.462494331,0.000145207,3.69323,0.0394693,0,0,1.99536,0.77727,0,1.18777,0.152521,0.0262137,0
197.508934240,0.000146292,3.83665,0.0434174,0,0,1.95514,0.668429,0,0.839905,0.173824,0.00264748,0
197.555374150,0.000150516,3.8356,0.0218322,0,0,1.93924,0.776557,0,0.807347,0.16681,0.00298743,0
197.601814059,0.000156271,3.758,0.0363518,0,0,1.93678,0.93631,0,0.859262,0.108648,0.003037,0
197.648253968,0.00157222,3.71313,0.0120371,0,0,2.07804,0.897682,0,0.946689,0.0601958,0.00248815,0
197.694693878,0.0116107,3.62457,0.00417129,0,0,2.2244,0.579841,0,1.12532,0.0248635,0.00219701,0.00592259
197.741133787,0.0483567,3.6773,0.00417315,0.0288963,0,2.10736,0.372916,0,1.2071,0.029811,0.00157322,0.0842289
197.787573696,0.0995493,3.60086,0.0154174,0,0,1.69413,0.454471,0,1.4688,0.0206358,0.0395053,0.0269674
197.834013605,0.0921844,3.52986,0.0122714,0.000324938,0,1.59867,0.458324,0,1.56007,0.0266739,0.119301,0
197.880453515,0.0381932,3.50459,0.00500471,0.0479047,0,1.90005,0.31993,0,1.21099,0.103568,0.086079,0
197.926893424,0.0112238,3.25437,0.00588348,0.0333904,0,2.11134,0.427423,0,1.33878,0.125557,0.000909533,0
197.973333333,0.0110271,3.24952,0.0193415,0.00959135,0,2.30171,0.621854,0.0322476,1.4524,0.0831179,0.000709223,0
198.019773243,0.0026145,3.05983,0.0673873,0,0,2.35921,0.567283,0,1.61316,0.0383912,0.0229543,0
198.066213152,0.000305122,2.68094,0.0277993,0,0,2.38457,0.536747,0,1.81358,0.232176,0.0370309,0
198.112653061,0.190832,2.68621,0.00528772,0,0,2.29537,0.347062,0,2.01078,0.3843,0.027381,0
198.159092971,0.326501,2.69888,0.00970876,0,0,2.21894,0.48445,0,1.93885,0.258824,0.000434117,0.31432
198.205532880,0.280482,2.46709,0.0110474,0,0,2.33259,0.745781,0.0147445,1.93175,0.0147066,0.000687482,0.346377
198.251972789,0.0707904,2.73919,0.0124108,0.00770902,0,2.28348,0.933899,0.0420818,1.77426,0,0.00115664,0.260284
198.298412698,0.00869257,2.7912,0.00893007,0.0176723,0.0172325,2.2231,0.812833,0.0337253,1.80272,0.0756521,0.091485,0.251735
198.344852608,0,2.6956,0.00384912,0.00754018,0.0381716,2.25631,0.482849,0.0421865,2.07128,0.223593,0.221998,0.210457
198.391292517,0.0806227,2.68454,0.256745,0.107488,0.0322659,2.38216,0.317719,0.00301524,2.25099,0.0558844,0.00154123,0.232295
198.437732426,0.147464,2.70613,0.291603,0.111389,0,2.13025,0.22906,0,2.44867,0.107057,0.0877674,0.47704
198.484172336,0.394492,2.77734,0.0365535,0.096237,0.0831548,2.0766,0.419283,0,2.40166,0.0552874,0.166098,0.570565
198.530612245,0.483012,2.69886,0.0042509,0.0628346,0.266448,1.89049,0.651985,0,2.31707,0.0117492,0.176812,0.594508
198.577052154,0.327659,2.89983,0.00217318,0.0071659,0.34909,1.54937,0.746931,0,1.73328,0.0456434,0.21281,0.560073
198.623492063,0.0635063,3.18644,0.0705067,0.00317215,0.0582924,1.48825,0.751506,0.0802999,1.30697,0.145159,0.112529,0.262366
198.669931973,0,3.12275,0.271524,0.331111,0.0410501,1.68592,0.603063,0.576444,1.01007,0.0846638,0.0719747,0.27058
198.716371882,0.318744,2.9514,0.195718,0.444843,0.0370687,1.70598,0.444029,0.408257,1.29253,0.000311963,0.093761,0.205412
198.762811791,0.101833,2.94226,0.17918,0.401776,0.0331249,1.87147,0.353765,0.170997,1.82951,0,0.157485,0.130445
198.809251701,0.0185603,2.95282,0.122415,0.249343,0.0205807,2.21717,0.370205,0.0208449,1.89088,0.0151586,0.176711,0.186299
198.855691610,0.011509,2.51005,0.0527231,0,0.0106404,2.29084,0.591837,0,1.83727,0.101851,0.0943712,0.387609
198.902131519,0.051385,2.39243,0.0459597,0,0.0615837,1.99176,0.523443,0,1.57811,0.124252,0.0477623,0.664817
198.948571429,0.0005014,2.49664,0.120064,0,0.209647,1.86261,0.805849,0,1.49922,0.0882812,0.102485,0.650337
198.995011338,0.000637901,2.67948,0.158232,0.0294987,0.30454,1.75886,0.992404,4.66757e-05,1.68748,0.00409403,0.121964,0.564478
199.041451247,0.000496507,2.69745,0.062606,0.113833,0.156227,1.76562,1.18026,0,1.69644,0.0266394,0.00379053,0.305824
199.087891156,0.000396477,2.58769,0.0299572,0.123179,0.0343387,1.83713,1.11237,0,1.48212,0.0211899,0.0112064,0.33391
199.134331066,0.038358,2.5445,0,0.169175,0.0295106,2.17392,0.643817,0,1.48252,0,0.216573,0.316823
199.180770975,0.000368036,2.49396,0.00329632,0.19273,0.0275011,2.18221,0.614418,0.0906569,1.41274,0.0315105,0.322332,0.298843
199.227210884,0.0216622,2.59945,0.00217945,0.246541,0.0410584,2.06797,0.614649,0.32251,1.38285,0.016927,0.357446,0.233487
199.273650794,0.000580182,2.58005,0,0.527648,0.0420092,1.91957,0.700853,0.464131,1.90523,0.193505,0.243415,0.162202
199.320090703,0.000540799,2.53255,0.0027617,0.553932,0.0369875,1.73907,0.793595,0.296368,2.21473,0.243505,0.0901536,0.226131
199.366530612,0.000553913,2.57299,0.0363532,0.371695,0.0392048,1.93654,0.676069,0,2.19976,0.13215,0.0175618,0.280581
199.412970522,0.123899,2.49153,0.213263,0.00535608,0.0373041,2.02889,0.555765,0,2.13155,0,0.0193207,0.25804
199.459410431,0.664009,2.37906,0.224034,0,0.0858225,1.61375,0.629396,0.0325585,2.12063,0,0.184775,0.191064
199.505850340,0.60542,2.17122,0.163859,0.0750809,0.0249792,1.54028,0.985015,0.0520407,2.11482,0.0660672,0.152081,0.212138
199.552290249,0.55998,2.07038,0.0568128,0.0367726,0.00423962,1.81366,1.45825,0.026841,2.22573,0.360356,0.0859148,0.153021
199.598730159,0.654519,2.35113,0.0183197,0.019714,0.0179999,2.09784,0.926084,0.0271295,2.04887,0.660131,8.39168e-06,0.288823
199.645170068,0.553943,2.71365,0,0.00308598,0.0311138,2.24267,0.725606,0.307251,1.48132,0.67362,0,0.220412
199.691609977,0.173683,2.84365,0,0.000246765,0.0329016,2.38719,0.495194,0.446452,1.33896,0.187549,2.25721e-05,0.124647
199.738049887,0.000667524,2.5597,0,0,0.0961267,2.37523,0.878859,0.223425,1.30235,0.307834,0.000318123,0.0939513
199.784489796,0.612099,2.17562,0.0753689,0,0.188698,2.2913,0.951216,0.0119892,1.57332,0.318637,0.000606634,0.0735504
199.830929705,0.876982,2.10412,0.00415658,0,0.218975,1.9943,0.963889,0.00329466,1.48502,0.238406,0.0836292,0.0697588
199.877369615,0.731969,2.12421,0.103879,0,0.0611989,1.80861,0.659128,0.160852,1.15317,0.100319,0.684564,0.000123097
199.923809524,0.158045,2.09888,0.159165,0.00883448,0.0599051,1.96003,0.23091,0.589608,1.12346,0.0824096,0.769547,0.0395172
199.970249433,0.117562,2.29477,0.285403,0.0954559,0.123476,1.93915,0.130219,0.590972,0.820135,0.0517186,0.713877,0.116021
200.016689342,0.0997055,2.444,0.319588,0.0486176,0.159984,1.92783,0.0228894,0.577459,0.686037,0.0336812,0.699294,0.191731
200.063129252,0.131244,2.13565,0.315303,0.00662426,0.15358,1.9709,0.0317989,0.552896,0.837593,0.0352965,0.627293,0.213235
200.109569161,0.147998,1.8159,0.254037,0.00606456,0.139115,2.00661,0.0479734,0.457833,0.980992,0.00889158,0.508908,0.304755
200.156009070,0,0,0,0,0,0,0,0,0,0,0,0
200.202448980,0,0,0,0,0,0,0,0,0,0,0,0