TIME,30.0463,30.3998,30.7617,31.1323,31.512,31.901,32.2998,32.7087,33.128,33.5582,33.9998,34.4531,34.9187,35.397,35.8887,36.3941,36.9141,37.449,37.9998,38.5669,39.1513,39.7536,40.3748,41.0156,41.6772,42.3604,43.0664,43.7963,44.5515,45.3331,46.1426,46.9815,47.8516,48.7544,49.692,50.6664,51.6797,52.7344,53.833,54.9784,56.1736,57.4219,58.7269,60.0927,61.5234,63.024,64.5996,66.256,67.9996,69.8374,71.7773,73.8281,75.9995,78.3026,80.7495,83.3543,86.1328,89.1029,92.2852,95.7031,99.384,103.359,107.666,112.347,117.454,123.047,129.199,135.999,143.555,151.999,161.499,172.266,184.57,198.768,215.332,234.908,258.398,287.109,322.998,369.141,430.664
0.000000000,0.000339463,3.99e-05,0.00257506,0.0112811,0.00181833,8.39116e-05,7.45908e-05,0.000129988,6.61322e-05,0.00124254,0.0858109,0.0722176,2.36784e-06,7.06011e-06,6.29348e-05,2.36294e-05,2.8909e-05,8.55202e-05,9.05123e-05,6.71961e-05,3.75182e-05,1.66631e-05,3.8705e-05,8.73958e-05,0.0301962,0.164294,0.141402,0.0190181,3.25218e-06,5.5052e-05,0.000324351,0.000116847,5.87164e-05,0.000162341,6.74193e-05,1.92662e-05,4.88805e-05,0.000146282,0.00014981,0.00106168,0.0816575,0.101841,0.000288689,3.73875e-06,3.28893e-06,0.000192226,2.42709e-05,1.88514e-06,7.84438e-05,1.74877e-05,5.34878e-06,4.68301e-06,6.09096e-05,3.95338e-05,0.0284316,0.166172,0.189958,0.0263111,3.60321e-06,1.82594e-06,4.62343e-06,4.75383e-06,4.52816e-06,3.52464e-06,2.48339e-06,2.30708e-06,2.24852e-06,3.17697e-06,4.64844e-06,0.000236043,0.0211751,0.119464,0.0254024,5.7837e-06,2.20168e-06,1.3979e-06,1.63693e-06,2.61098e-06,2.1629e-06,2.57647e-06,2.65307e-06
1.486077098,0.000339463,3.99e-05,0.00257506,0.0112811,0.00181833,8.39116e-05,7.45908e-05,0.000129988,6.61322e-05,0.00147895,0.0924257,0.0757083,2.36784e-06,7.06011e-06,6.29348e-05,2.36294e-05,2.8909e-05,8.55202e-05,0.000653295,6.71961e-05,3.75182e-05,1.66631e-05,3.8705e-05,8.73958e-05,0.0384584,0.301244,0.307219,0.0615366,3.25218e-06,5.5052e-05,0.000324351,0.000116847,5.87164e-05,0.00997965,0.00790905,1.92662e-05,4.88805e-05,0.000146282,0.00014981,0.00108968,0.089679,0.108295,0.000288689,3.73875e-06,3.28893e-06,0.000192226,2.42709e-05,1.88514e-06,0.000182713,1.74877e-05,5.34878e-06,4.68301e-06,6.09096e-05,3.95338e-05,0.0302789,0.357251,0.502236,0.147279,3.60321e-06,1.82594e-06,4.62343e-06,4.75383e-06,4.52816e-06,0.00688306,0.00808034,2.30708e-06,2.24852e-06,3.17697e-06,4.64844e-06,0.000236043,0.0290822,0.130388,0.0266439,5.7837e-06,2.20168e-06,1.3979e-06,1.63693e-06,2.61098e-06,2.1629e-06,2.57647e-06,2.65307e-06
2.972154195,0.000339463,0.000380707,0.0073499,0.0279617,0.00454489,8.39116e-05,7.45908e-05,0.000129988,6.61322e-05,0.00147895,0.0924257,0.0757083,2.36784e-06,7.06011e-06,6.29348e-05,2.36294e-05,2.8909e-05,0.00157168,0.00255531,6.71961e-05,3.75182e-05,1.66631e-05,3.8705e-05,8.73958e-05,0.0453443,0.324092,0.325741,0.0624177,3.25218e-06,5.5052e-05,0.000324351,0.000116847,5.87164e-05,0.0100409,0.00790905,1.92662e-05,4.88805e-05,0.000146282,0.00014981,0.00108968,0.0899883,0.108937,0.000304988,3.73875e-06,3.28893e-06,0.000192226,2.42709e-05,0.000520486,0.00324585,0.000472381,5.34878e-06,4.68301e-06,6.09096e-05,3.95338e-05,0.0336868,0.384272,0.5424,0.153708,0.000124662,1.82594e-06,4.62343e-06,4.75383e-06,4.52816e-06,0.00688306,0.00808034,2.30708e-06,2.24852e-06,3.17697e-06,4.64844e-06,0.000236043,0.0292565,0.130818,0.0266921,5.7837e-06,2.20168e-06,1.3979e-06,1.63693e-06,0.000172913,0.00613986,0.0029728,2.65307e-06
4.458231293,0.000339463,0.000380707,0.0073499,0.0279617,0.00454489,8.39116e-05,7.45908e-05,0.000129988,6.61322e-05,0.00304408,0.0960664,0.0780576,0.000603666,7.06011e-06,6.29348e-05,2.36294e-05,2.8909e-05,0.00375832,0.00892825,0.00405225,3.75182e-05,1.66631e-05,3.8705e-05,8.73958e-05,0.0453443,0.326701,0.329629,0.0636495,3.25218e-06,5.5052e-05,0.000324351,0.000116847,0.00120939,0.0191775,0.01526,1.92662e-05,4.88805e-05,0.000146282,0.00014981,0.00108968,0.0902661,0.109301,0.000413156,3.73875e-06,3.28893e-06,0.000192226,2.42709e-05,0.0013027,0.00517235,0.0011893,5.34878e-06,4.68301e-06,6.09096e-05,3.95338e-05,0.0336868,0.384896,0.54433,0.154946,0.000124662,1.82594e-06,4.62343e-06,4.75383e-06,0.000416199,0.0099659,0.00940294,2.30708e-06,2.24852e-06,3.17697e-06,4.64844e-06,0.000236043,0.0292565,0.130818,0.0266921,5.7837e-06,2.20168e-06,1.3979e-06,1.63693e-06,0.000172913,0.00613986,0.0029728,2.65307e-06
5.944308390,0.000339463,0.00622175,0.0372972,0.0647859,0.0135437,8.39116e-05,7.45908e-05,0.000129988,6.61322e-05,0.0052821,0.112387,0.100031,0.0109297,7.06011e-06,6.29348e-05,2.36294e-05,0.00398696,0.0184809,0.0547487,0.0189022,0.000334356,1.66631e-05,3.8705e-05,8.73958e-05,0.0536279,0.359906,0.353007,0.0637254,3.25218e-06,5.5052e-05,0.000324351,0.00210047,0.025692,0.0592855,0.0254661,0.000574904,4.88805e-05,0.000146282,0.00014981,0.00661219,0.107991,0.137928,0.0133508,3.73875e-06,3.28893e-06,0.000192226,0.000383478,0.0122026,0.0417124,0.0275466,0.00224499,4.68301e-06,6.09096e-05,3.95338e-05,0.0360481,0.415784,0.576309,0.159232,0.000124662,1.82594e-06,4.62343e-06,4.75383e-06,0.000697952,0.0231373,0.025762,0.00435589,2.24852e-06,3.17697e-06,4.64844e-06,0.00838343,0.055349,0.173212,0.044188,0.00107618,2.20168e-06,1.3979e-06,1.63693e-06,0.000172913,0.00700041,0.00413469,0.00036786
7.430385488,0.000339463,0.00623532,0.0453933,0.0887231,0.0331889,0.00413012,7.45908e-05,0.000129988,0.000158176,0.0170447,0.163694,0.124115,0.0178626,7.06011e-06,6.29348e-05,2.36294e-05,0.00398696,0.0193964,0.105441,0.062331,0.00792824,1.66631e-05,3.8705e-05,8.73958e-05,0.0543319,0.393461,0.421919,0.0754795,3.25218e-06,5.5052e-05,0.000324351,0.00281561,0.0423612,0.106887,0.0459862,0.00585352,4.88805e-05,0.000146282,0.00014981,0.00767446,0.125509,0.157393,0.0212914,3.73875e-06,3.28893e-06,0.000192226,0.000874168,0.0200319,0.0699993,0.0699278,0.0114494,4.68301e-06,6.09096e-05,3.95338e-05,0.0370506,0.440547,0.65146,0.173551,0.000124662,1.82594e-06,4.62343e-06,0.000257852,0.0150083,0.0741602,0.0469229,0.00988947,2.24852e-06,3.17697e-06,4.64844e-06,0.00908896,0.0699731,0.198784,0.0577397,0.00107697,2.20168e-06,1.3979e-06,4.82266e-05,0.0075961,0.0295872,0.0419309,0.00997045
8.916462585,0.000339463,0.0192235,0.102425,0.126288,0.0333672,0.00413012,7.45908e-05,0.000129988,0.000158176,0.0384398,0.251056,0.226487,0.0285356,7.06011e-06,6.29348e-05,2.36294e-05,0.00777944,0.039169,0.135855,0.0698609,0.00794382,1.66631e-05,3.8705e-05,8.73958e-05,0.067022,0.514682,0.527533,0.0792362,3.25218e-06,5.5052e-05,0.000324351,0.00904531,0.0873675,0.167342,0.0501038,0.00585352,4.88805e-05,0.000146282,0.00014981,0.0203898,0.163382,0.217056,0.0412228,0.000645622,3.28893e-06,0.000192226,0.00362986,0.035293,0.0914193,0.0740106,0.0115829,4.68301e-06,6.09096e-05,3.95338e-05,0.0396211,0.534472,0.796591,0.194366,0.00014021,1.82594e-06,4.62343e-06,0.000257852,0.0233042,0.102069,0.052858,0.00988947,2.24852e-06,3.17697e-06,4.64844e-06,0.0211058,0.122885,0.27692,0.0977862,0.00739668,2.20168e-06,1.3979e-06,4.82266e-05,0.0115594,0.0444419,0.0428096,0.00997045
10.402539683,0.000339463,0.0192235,0.159272,0.175952,0.0514511,0.00639925,7.45908e-05,0.000129988,0.000158176,0.0508348,0.290818,0.252181,0.0344095,7.06011e-06,6.29348e-05,2.36294e-05,0.00777944,0.0492451,0.163448,0.106229,0.0129418,1.66631e-05,3.8705e-05,8.73958e-05,0.0671313,0.57236,0.611678,0.0991091,3.25218e-06,5.5052e-05,0.000324351,0.00904531,0.120525,0.210365,0.079562,0.00905626,4.88805e-05,0.000146282,0.00014981,0.0203898,0.201679,0.279485,0.0527184,0.000645622,3.28893e-06,0.000192226,0.00362986,0.0453157,0.1196,0.120288,0.0235303,4.68301e-06,6.09096e-05,3.95338e-05,0.0397674,0.571829,0.882784,0.21132,0.00014021,1.82594e-06,4.62343e-06,0.000257852,0.0424246,0.162532,0.106255,0.0252725,2.24852e-06,3.17697e-06,4.64844e-06,0.0211712,0.152581,0.34568,0.125008,0.00739668,2.20168e-06,1.3979e-06,4.82266e-05,0.016619,0.0673012,0.0915309,0.0203821
11.888616780,0.000339463,0.023726,0.183597,0.189832,0.0600328,0.00639925,7.45908e-05,0.000129988,0.000158176,0.0508348,0.331412,0.287839,0.0350898,7.06011e-06,6.29348e-05,2.36294e-05,0.00777944,0.0794839,0.212941,0.144598,0.013142,1.66631e-05,3.8705e-05,8.73958e-05,0.0887938,0.672248,0.684649,0.100005,3.25218e-06,5.5052e-05,0.000324351,0.0121401,0.153323,0.240908,0.0940643,0.00923387,4.88805e-05,0.000146282,0.00014981,0.0286883,0.244092,0.32579,0.0656192,0.000645622,3.28893e-06,0.000192226,0.00362986,0.0728861,0.162115,0.161449,0.0277959,4.68301e-06,6.09096e-05,3.95338e-05,0.0397674,0.610594,0.939046,0.220127,0.00014021,1.82594e-06,4.62343e-06,0.000257852,0.078614,0.205549,0.130146,0.0284912,2.24852e-06,3.17697e-06,4.64844e-06,0.0268768,0.1817,0.396693,0.14397,0.00739668,2.20168e-06,1.3979e-06,4.82266e-05,0.029097,0.0892423,0.12154,0.0370754
13.374693878,0.000339343,0.0237257,0.183823,0.215613,0.0797623,0.00763522,7.41861e-05,0.000129864,0.000148563,0.0508902,0.367046,0.345531,0.0523662,1.85939e-06,6.26836e-05,2.18395e-05,0.00777905,0.0815115,0.272466,0.222557,0.023532,1.1158e-05,3.28235e-05,8.6224e-05,0.0894224,0.756231,0.812199,0.12445,3.24073e-06,5.48247e-05,0.000324007,0.0121398,0.153349,0.258923,0.112134,0.00980122,4.79943e-05,0.000145187,0.000149551,0.0286882,0.259746,0.370025,0.0806511,0.000645479,2.26261e-06,0.00019118,0.0036297,0.0786399,0.217286,0.228765,0.0353059,4.67083e-06,6.06633e-05,3.87501e-05,0.0406976,0.658208,1.05113,0.238969,0.000139696,1.73976e-06,2.87217e-06,0.000423451,0.0851216,0.238784,0.143934,0.0284904,1.86606e-06,2.88271e-06,4.60619e-06,0.0268735,0.184038,0.433708,0.156492,0.00770537,2.19439e-06,1.38365e-06,4.815e-05,0.0297682,0.12807,0.183157,0.0457531
14.860770975,0.000713026,0.0250136,0.205295,0.24139,0.087584,0.00763474,7.37288e-05,0.000129294,0.000148131,0.071473,0.418506,0.370867,0.0525692,7.94394e-07,6.1755e-05,2.11543e-05,0.00777831,0.0855296,0.278647,0.224187,0.0235307,1.05948e-05,3.21657e-05,8.52143e-05,0.0904523,0.839529,0.904874,0.148099,2.72754e-06,5.39824e-05,0.000323357,0.0121393,0.180623,0.305347,0.130538,0.00980046,4.73243e-05,0.000144537,0.000148793,0.0472761,0.330816,0.427223,0.0879624,0.000644929,1.83537e-06,0.000190746,0.0036291,0.0817718,0.226787,0.234253,0.0353053,3.97559e-06,5.9738e-05,3.76857e-05,0.0428717,0.811047,1.28243,0.319323,0.000137975,1.21922e-06,2.11196e-06,0.000422966,0.0851209,0.242675,0.14725,0.0284898,1.01751e-06,1.61774e-06,4.04164e-06,0.0268732,0.217407,0.493281,0.180321,0.00770507,1.30263e-06,4.80874e-07,4.7311e-05,0.0297671,0.130054,0.185863,0.0457526
16.346848073,0.000706983,0.0250101,0.209484,0.2522,0.0907119,0.00763402,7.33279e-05,0.000127589,0.000246431,0.07274,0.472413,0.433083,0.0715948,6.43096e-07,6.16619e-05,0.0015898,0.0136567,0.11871,0.337235,0.251391,0.0235289,6.85571e-06,2.65488e-05,7.96895e-05,0.125416,0.94791,0.970563,0.148099,2.54335e-06,5.31077e-05,0.000322101,0.0133351,0.183545,0.310082,0.133076,0.00980037,4.70449e-05,0.00014432,0.000771239,0.0493743,0.35425,0.458201,0.0983169,0.000644687,1.667e-06,0.000350478,0.00456108,0.0954567,0.256218,0.249209,0.0353052,3.66652e-06,5.93172e-05,3.75138e-05,0.0458466,0.835089,1.31228,0.323597,0.000137704,8.66381e-07,1.99357e-06,0.000422245,0.0988423,0.279381,0.165649,0.0284895,7.3231e-07,1.31244e-06,3.68554e-06,0.0359941,0.251818,0.532486,0.185791,0.00864743,9.79055e-07,4.36457e-07,4.71914e-05,0.0298935,0.146821,0.20568,0.0507435
17.832925170,0.0349102,0.0754442,0.228546,0.25242,0.0970629,0.0114406,0.000357719,0.000126472,0.00024613,0.0727398,0.510037,0.499281,0.0975364,0.00388555,0.00587408,0.00283247,0.0194124,0.121754,0.33723,0.255689,0.0284968,0.00142539,2.05327e-05,7.37238e-05,0.128829,1.14263,1.27899,0.229377,3.17039e-07,0.000911019,0.000320164,0.0133333,0.183543,0.310081,0.144035,0.0228294,0.00383873,0.000108376,0.000740278,0.049359,0.432526,0.625366,0.158035,0.000642881,4.6241e-07,0.000349812,0.00456095,0.0954567,0.256218,0.250542,0.0360022,3.30475e-06,5.89207e-05,3.49362e-05,0.0458404,1.07396,1.80135,0.544685,0.00013691,2.74795e-07,4.87285e-07,0.000419825,0.0988405,0.27938,0.173871,0.0387179,0.00310126,1.25032e-06,3.65407e-06,0.035994,0.272268,0.598034,0.210603,0.00864427,4.26999e-07,4.29855e-07,0.00175186,0.0350375,0.150427,0.20568,0.0507424
19.319002268,0.0389515,0.0940221,0.270081,0.275204,0.100812,0.0192361,0.00323377,0.00415585,0.00333006,0.0968276,0.557943,0.514497,0.0975358,0.00390539,0.00869239,0.0143803,0.0315395,0.137521,0.346047,0.266921,0.06015,0.0257184,0.00585581,0.00154251,0.133689,1.20426,1.30917,0.230278,0.00232385,0.0119178,0.0441085,0.0802284,0.223864,0.32318,0.144483,0.0228288,0.0038379,0.00228532,0.00157813,0.0500973,0.436743,0.63017,0.15814,0.00616562,0.0115199,0.0182281,0.031543,0.105184,0.25629,0.258165,0.0532226,0.00843803,0.00228094,0.000446148,0.049934,1.19535,1.98983,0.565613,0.00630323,0.00611377,0.00815155,0.027579,0.113378,0.279865,0.17387,0.0387718,0.00320312,2.51768e-05,0.000181822,0.037745,0.396622,0.838009,0.29173,0.0100704,0.00440425,0.000169343,0.00189869,0.0351148,0.150426,0.20569,0.0513708
20.805079365,0.0389514,0.094022,0.270081,0.27554,0.100817,0.0210749,0.00783517,0.0132368,0.0106114,0.097104,0.559247,0.514786,0.0975396,0.0076805,0.0283024,0.0410214,0.0315496,0.137521,0.34985,0.272658,0.0626783,0.0264148,0.00594886,0.0015422,0.150027,1.25585,1.35666,0.237355,0.00236574,0.0119177,0.0441082,0.0802282,0.223864,0.32806,0.153096,0.026015,0.00882237,0.00421125,0.00160257,0.0500971,0.442394,0.645885,0.160884,0.0189331,0.0610257,0.0565488,0.031561,0.105184,0.26637,0.279169,0.0644793,0.0100573,0.00257069,0.000457435,0.0499403,1.23539,2.07986,0.614209,0.00630311,0.00611457,0.00816932,0.0276035,0.114024,0.285873,0.179726,0.0403318,0.00839301,0.00396294,0.000960724,0.0384144,0.416027,0.862377,0.296083,0.0106983,0.0046805,0.00129162,0.00450758,0.0351735,0.157318,0.216122,0.0545961
22.291156463,0.0386194,0.0939878,0.269933,0.275727,0.101036,0.0210115,0.0456303,0.0677372,0.0253323,0.1032,0.584948,0.536002,0.0975395,0.0076805,0.0282418,0.0410016,0.0315229,0.141601,0.354743,0.272621,0.0626709,0.0264138,0.00593367,0.00147192,0.155951,1.30317,1.41825,0.254906,0.00236565,0.0118667,0.0437886,0.0801157,0.223808,0.327904,0.153052,0.0260238,0.0352744,0.0454395,0.0129776,0.0511431,0.44941,0.653941,0.160883,0.0189327,0.0610256,0.0563593,0.0315381,0.10673,0.268581,0.279168,0.0644789,0.0100572,0.00257062,0.000457387,0.0521639,1.26157,2.12037,0.627837,0.00716352,0.0130155,0.0206941,0.0276082,0.114024,0.285873,0.179726,0.0403354,0.0195603,0.025678,0.00622765,0.0384142,0.417475,0.870505,0.298865,0.0125262,0.0147393,0.0151297,0.0045128,0.0351734,0.159825,0.218828,0.054596
23.777233560,0.0386194,0.0939878,0.267511,0.264592,0.0992265,0.0210115,0.045561,0.0676113,0.0252833,0.102105,0.511582,0.489876,0.136607,0.0300886,0.0282418,0.0410016,0.0315229,0.141601,0.354743,0.27262,0.0626709,0.0264138,0.00592878,0.00146915,0.134646,1.20877,1.36165,0.261393,0.00236565,0.0118667,0.0437886,0.0801157,0.223808,0.328587,0.153604,0.0260195,0.0352591,0.0453355,0.012903,0.0573187,0.385049,0.579831,0.211129,0.0499998,0.0610256,0.0563593,0.0315381,0.10673,0.268581,0.279156,0.0644787,0.0100572,0.00251316,0.000424124,0.0237424,1.16828,2.07077,0.668259,0.00716352,0.0130155,0.0206941,0.0276082,0.114024,0.286732,0.180518,0.0403354,0.0195603,0.025678,0.00622765,0.0472212,0.418744,0.764047,0.273471,0.0125262,0.0147393,0.0151297,0.0045128,0.0351734,0.159825,0.218828,0.054596
25.263310658,0.0386194,0.106776,0.274615,0.265535,0.0993604,0.0210115,0.045561,0.0676113,0.0921597,0.203998,0.574971,0.541016,0.157473,0.0303783,0.0282418,0.0410016,0.0315229,0.14713,0.372477,0.275953,0.0626709,0.0264138,0.00592878,0.00146915,0.195366,1.27084,1.34881,0.237907,0.00236565,0.0118667,0.0437886,0.0801157,0.223808,0.318922,0.145762,0.0260195,0.0352591,0.0453355,0.0658847,0.160058,0.42754,0.601644,0.221836,0.0514389,0.0610256,0.0563593,0.0315381,0.106839,0.269014,0.279292,0.0644787,0.0100572,0.00251316,0.000424124,0.0478097,1.08923,1.88473,0.574976,0.0166154,0.0173804,0.0206941,0.0276082,0.114024,0.279852,0.172664,0.0407477,0.0195603,0.025678,0.0103947,0.0700951,0.429134,0.77388,0.29795,0.0261198,0.0147393,0.0151297,0.0045128,0.0351734,0.160098,0.219283,0.0547074
26.749387755,0.0386194,0.106659,0.292247,0.283137,0.0966338,0.0210115,0.045561,0.0676113,0.0921597,0.205885,0.675588,0.757183,0.269547,0.0303783,0.0282418,0.0410016,0.0328484,0.175192,0.399873,0.275953,0.0626709,0.0264138,0.00592878,0.00146915,0.199576,1.69392,1.93482,0.416562,0.00236565,0.0118667,0.0437886,0.0801157,0.225163,0.351863,0.153051,0.0260195,0.0352591,0.0453355,0.0658847,0.160292,0.553626,0.84497,0.35908,0.0514389,0.0610256,0.0563593,0.0315381,0.107131,0.332114,0.345691,0.0644787,0.0100572,0.00251316,0.000424124,0.0486396,1.61155,2.78052,0.958367,0.0164944,0.0173804,0.0206941,0.0276082,0.114024,0.337938,0.209542,0.0407477,0.0195603,0.025678,0.0103947,0.0700951,0.505241,0.903981,0.332565,0.0261198,0.0147393,0.0151297,0.0045128,0.0350031,0.205067,0.266283,0.0547074
28.235464853,0.0386194,0.106659,0.30104,0.313631,0.109926,0.021596,0.045561,0.0676113,0.0921597,0.342303,0.891839,0.845202,0.268988,0.0303783,0.0282418,0.0410016,0.0328484,0.180187,0.397047,0.272142,0.062679,0.0264138,0.00592878,0.00146915,0.292401,2.08526,2.25663,0.422609,0.00236565,0.0118667,0.0437886,0.0801157,0.225467,0.379266,0.177588,0.0274397,0.0352591,0.0453355,0.0658847,0.207032,0.663916,0.900136,0.361468,0.0514389,0.0610256,0.0563593,0.0324725,0.127552,0.358544,0.348595,0.0646383,0.0100572,0.00251316,0.000424124,0.0633468,1.77674,3.02224,0.996973,0.0164944,0.0173804,0.0206941,0.0282967,0.128481,0.349807,0.228508,0.0416308,0.0195603,0.025678,0.0103947,0.0735959,0.607121,1.09297,0.476371,0.0261198,0.0147393,0.0151297,0.00465949,0.0388007,0.221451,0.268514,0.0547074
29.721541950,0.0386194,0.100818,0.271093,0.295243,0.357938,0.327439,0.12071,0.0676113,0.0921597,0.340178,0.875863,0.841539,0.286492,0.0303783,0.0282418,0.0410016,0.0288904,0.165464,0.351331,0.265819,0.0737337,0.0264138,0.00592878,0.00146915,0.284117,2.16219,2.52585,0.856872,0.232743,0.0118667,0.0437886,0.0781321,0.200984,0.339157,0.167382,0.0268841,0.0352591,0.0453355,0.0658847,0.201509,0.665798,0.886901,0.350451,0.0514389,0.0610256,0.0563593,0.0321133,0.116652,0.329684,0.3275,0.0623986,0.0100572,0.00251316,0.000424124,0.0609855,2.09104,3.543,1.19819,0.0164944,0.0173804,0.0206941,0.0282967,0.128199,0.344771,0.216407,0.0372772,0.0195603,0.025678,0.0103947,0.0654486,0.612858,1.10613,0.471025,0.0250494,0.0147393,0.0151297,0.00465949,0.0388007,0.234128,0.280141,0.0543422
31.207619048,0.0386194,0.100805,0.333646,0.331563,0.347377,0.323392,0.12071,0.0676113,0.11345,0.357569,0.83448,0.817455,0.279813,0.0694102,0.0997796,0.0631033,0.0288904,0.226461,0.508966,0.303192,0.0712505,0.0264138,0.00592878,0.0486924,0.405048,2.27626,2.51087,0.846138,0.232743,0.0118667,0.0506104,0.102753,0.200382,0.300032,0.253272,0.19291,0.0816009,0.0453355,0.0658847,0.200447,0.64828,0.867946,0.420653,0.133081,0.0810731,0.0714264,0.0961161,0.169979,0.305831,0.285119,0.0531942,0.0100572,0.00251316,0.0164497,0.11945,2.09844,3.53195,1.37479,0.158583,0.0173804,0.0206941,0.0280436,0.128706,0.496225,0.411102,0.158233,0.0545746,0.0279282,0.0103947,0.064743,0.598234,1.08056,0.457473,0.0250486,0.0147393,0.0202436,0.0356104,0.0795288,0.215151,0.242344,0.0447396
32.693696145,0.0480749,0.0884382,0.283516,0.323819,0.372745,0.328084,0.133605,0.109285,0.138913,0.364245,0.823856,0.777954,0.288674,0.0726223,0.0997796,0.0631033,0.0297325,0.235707,0.514613,0.304981,0.0733275,0.0264138,0.00592878,0.0717638,0.484974,2.26338,2.45136,0.90684,0.266262,0.0173447,0.0506104,0.103842,0.185157,0.271448,0.273443,0.201835,0.0826936,0.0453355,0.0960084,0.28691,0.689817,0.839571,0.407881,0.132439,0.0810731,0.0819517,0.135895,0.215131,0.304035,0.281036,0.0530608,0.013243,0.0128817,0.0501766,0.214193,2.06937,3.40508,1.41462,0.222401,0.0330465,0.0206941,0.0280436,0.12041,0.468315,0.425516,0.178189,0.0647367,0.0548166,0.033334,0.0528757,0.551481,1.01161,0.434677,0.0433643,0.0405759,0.03377,0.0380226,0.0755655,0.212885,0.31528,0.0758024
34.179773243,0.0480749,0.0884382,0.230356,0.281921,0.356335,0.325815,0.133605,0.109285,0.139707,0.370803,0.835485,0.78943,0.288216,0.0726223,0.0997796,0.0631033,0.0308833,0.236229,0.496727,0.268613,0.0683295,0.0264138,0.00592878,0.0753296,0.5075,2.26983,2.42314,0.889057,0.266262,0.0173447,0.0506104,0.109008,0.165476,0.246285,0.244582,0.198632,0.0826936,0.0453355,0.0975585,0.317687,0.708505,0.8178,0.432573,0.149654,0.0810731,0.0819517,0.138141,0.217567,0.287951,0.242225,0.046032,0.013243,0.0128817,0.0501766,0.223453,2.1037,3.41683,1.43875,0.223137,0.0330465,0.0206941,0.0280436,0.10208,0.428215,0.405476,0.175167,0.0647367,0.0548166,0.033334,0.0573285,0.541131,0.993143,0.462667,0.0627045,0.0405759,0.03377,0.0380226,0.0784389,0.215941,0.291035,0.067321
35.665850340,0.0480749,0.0839357,0.206031,0.268041,0.347753,0.325815,0.133605,0.109285,0.151809,0.397772,0.883292,0.858496,0.32544,0.0726223,0.0997796,0.0631033,0.0308833,0.20599,0.447234,0.230244,0.0681293,0.0264138,0.00592878,0.0753296,0.492038,2.24941,2.4243,0.902388,0.266262,0.0173447,0.0506104,0.105914,0.132678,0.215742,0.23008,0.198455,0.0826936,0.0453355,0.099952,0.319205,0.693018,0.812561,0.442302,0.151455,0.0810731,0.0819517,0.138141,0.189997,0.245436,0.201064,0.0417664,0.013243,0.0128817,0.060924,0.249917,2.09806,3.39619,1.44615,0.227219,0.0330465,0.0206941,0.0280436,0.0658907,0.385198,0.381585,0.171948,0.0647367,0.0548166,0.0380064,0.0804896,0.574295,0.995156,0.46158,0.0636002,0.0405759,0.03377,0.0380226,0.0659609,0.194,0.261026,0.0506276
37.151927438,0.0525711,0.0888403,0.224549,0.295913,0.374153,0.32641,0.133605,0.109285,0.15328,0.4165,0.879572,0.812195,0.308163,0.0726223,0.0997796,0.0631033,0.0308833,0.266569,0.497986,0.177337,0.058017,0.0264138,0.00592878,0.0753296,0.498121,2.22227,2.37962,0.906471,0.266262,0.0173447,0.0506104,0.105914,0.161221,0.355526,0.393262,0.205138,0.0826936,0.0453355,0.099952,0.337438,0.722919,0.803303,0.431906,0.151455,0.0810731,0.0819517,0.138141,0.22773,0.281645,0.168176,0.0342533,0.013243,0.0128817,0.060924,0.262768,2.27282,3.69198,1.58105,0.227219,0.0330465,0.0206941,0.0278779,0.059382,0.351962,0.367796,0.171948,0.0647367,0.0548166,0.0380064,0.0849589,0.606047,1.01199,0.45569,0.0632907,0.0405759,0.03377,0.0380226,0.0652895,0.155173,0.199409,0.04195
38.638004535,0.0539815,0.0913887,0.210391,0.27795,0.366354,0.32641,0.133605,0.109285,0.15328,0.39646,0.831853,0.80467,0.312435,0.0768432,0.118258,0.0806452,0.0462205,0.271049,0.493777,0.175706,0.058017,0.0266918,0.00819226,0.0803197,0.502315,2.13976,2.28699,0.893215,0.322534,0.093558,0.06098,0.106469,0.136019,0.322427,0.376086,0.208339,0.101226,0.0762185,0.110602,0.320867,0.652858,0.746188,0.424594,0.151455,0.0810731,0.0819517,0.138141,0.257523,0.351464,0.201075,0.0538711,0.0697477,0.0304783,0.0657864,0.263772,2.12994,3.48207,1.50307,0.227219,0.0330465,0.0206941,0.0278779,0.0787712,0.472191,0.531359,0.192913,0.0749056,0.0778366,0.0392669,0.0870273,0.631552,1.03752,0.49486,0.0651688,0.0405759,0.03377,0.0380226,0.0948063,0.229828,0.23274,0.0446437
40.124081633,0.0557387,0.126416,0.273373,0.284535,0.363478,0.326524,0.133683,0.109298,0.153178,0.395189,0.778221,0.743376,0.293974,0.0772622,0.128753,0.0939519,0.0504494,0.239384,0.435191,0.148522,0.058017,0.0269445,0.012772,0.0817022,0.467347,2.03138,2.22143,0.894216,0.325122,0.0979144,0.0791044,0.115184,0.134481,0.317692,0.373548,0.212828,0.111287,0.0808219,0.11006,0.318768,0.629445,0.715475,0.414345,0.154,0.0845635,0.0829948,0.137329,0.243838,0.322791,0.186763,0.0543486,0.0723515,0.033962,0.0666738,0.260797,2.1059,3.45287,1.4999,0.227471,0.0340759,0.021089,0.0279037,0.0650497,0.435646,0.515409,0.195452,0.0757621,0.077914,0.0392669,0.0779064,0.597176,0.999234,0.493749,0.0688178,0.0416006,0.0337722,0.0380226,0.0946857,0.213157,0.213237,0.0397017
41.610158730,0.021535,0.0759806,0.255632,0.298411,0.361035,0.322714,0.133396,0.109298,0.153178,0.395395,0.743402,0.687195,0.268033,0.073377,0.12294,0.139603,0.098766,0.273984,0.46615,0.153669,0.0530427,0.0255207,0.0286979,0.18351,0.515345,1.84178,1.91677,0.812938,0.325122,0.0970546,0.0791044,0.115184,0.135702,0.329126,0.368303,0.199822,0.107465,0.0808219,0.11006,0.319649,0.556274,0.551714,0.354828,0.154,0.0845635,0.141243,0.213871,0.271608,0.332401,0.186874,0.0539205,0.0723515,0.033962,0.0666738,0.260797,1.86751,2.97015,1.31213,0.269409,0.03587,0.021089,0.0411749,0.074885,0.437027,0.507305,0.19106,0.0832087,0.077914,0.0392669,0.0801347,0.587712,0.93837,0.468953,0.0765614,0.055594,0.0337722,0.0374087,0.0909931,0.213932,0.21338,0.0397017
43.096235828,0.0174936,0.0580865,0.216835,0.350965,0.463121,0.332294,0.131087,0.119269,0.173472,0.379064,0.700022,0.681846,0.26962,0.0733569,0.120122,0.128055,0.126882,0.365698,0.530139,0.14668,0.0242231,0.00122723,0.0228624,0.182041,0.512544,1.78734,1.89547,0.812036,0.322799,0.0872191,0.0628564,0.0654323,0.114982,0.394469,0.46471,0.238026,0.107757,0.0860505,0.125919,0.32497,0.552058,0.547955,0.359329,0.149234,0.0730439,0.123364,0.1893,0.273603,0.352714,0.182135,0.0389136,0.0639137,0.0317387,0.0675693,0.25886,1.76322,2.91168,1.37779,0.274537,0.0568996,0.0659931,0.032547,0.0655353,0.498281,0.611516,0.220856,0.0831064,0.077889,0.0390852,0.0783805,0.464326,0.704098,0.394595,0.0751345,0.05119,0.0336032,0.0372614,0.0977293,0.256701,0.234474,0.0417607
44.582312925,0.0176335,0.0594063,0.218093,0.350738,0.464971,0.33119,0.127512,0.112503,0.166289,0.379412,0.703763,0.684936,0.277569,0.0742058,0.101741,0.101455,0.126872,0.365859,0.530515,0.143669,0.0221379,0.00334718,0.0302614,0.184888,0.496317,1.74151,1.85323,0.805051,0.323445,0.0988827,0.0890624,0.0739569,0.118684,0.390514,0.45951,0.236256,0.104254,0.0843579,0.125894,0.325287,0.548328,0.535168,0.372272,0.165668,0.0418995,0.0857783,0.189282,0.274832,0.343857,0.166495,0.0302011,0.0622943,0.0314489,0.0675579,0.258854,1.72899,2.83272,1.34692,0.280804,0.0649833,0.0676084,0.0327547,0.0656559,0.492406,0.60566,0.21968,0.0779837,0.0740837,0.0414957,0.081134,0.458456,0.693085,0.39182,0.0773168,0.0562858,0.0338868,0.0348462,0.0976706,0.249809,0.224474,0.039797
46.068390023,0.0196196,0.0666455,0.225203,0.354007,0.467718,0.331714,0.0897163,0.0585037,0.159739,0.415728,0.706995,0.681221,0.279675,0.0742058,0.101741,0.101455,0.134635,0.38025,0.532002,0.143758,0.0221379,0.00392837,0.0339569,0.190834,0.496278,1.71653,1.82248,0.79602,0.323445,0.0998324,0.0932664,0.0790244,0.122914,0.392013,0.460718,0.236808,0.0779576,0.0434015,0.11756,0.341,0.555399,0.528898,0.372352,0.166092,0.0419139,0.0859896,0.191139,0.278659,0.345062,0.169986,0.0337668,0.062405,0.0317347,0.0678458,0.256971,1.71279,2.80875,1.33794,0.279944,0.0580991,0.0551865,0.0328444,0.0676662,0.498333,0.615938,0.233331,0.0708177,0.0523898,0.0376677,0.0885345,0.461288,0.68805,0.425452,0.118865,0.0531727,0.0200487,0.0357681,0.102857,0.262505,0.227665,0.0405071
47.554467120,0.0196196,0.0668052,0.226208,0.358494,0.473562,0.334219,0.0897163,0.0585311,0.161557,0.431419,0.722477,0.68394,0.251329,0.0544084,0.101741,0.101455,0.135286,0.383925,0.535613,0.147374,0.0252206,0.00432986,0.0339569,0.190834,0.499334,1.7108,1.79932,0.785122,0.327043,0.100251,0.0932664,0.0790244,0.123738,0.396191,0.464637,0.23939,0.0782436,0.0434015,0.11756,0.335257,0.569112,0.58883,0.361081,0.137991,0.0422119,0.0859896,0.191395,0.280495,0.34941,0.171517,0.0340011,0.062405,0.0317347,0.0678458,0.266687,1.71656,2.78637,1.31987,0.283566,0.0580991,0.0551865,0.0331012,0.068868,0.497812,0.617207,0.235384,0.0712506,0.0523898,0.0376677,0.0832042,0.46177,0.751397,0.478608,0.127321,0.0536536,0.0200487,0.0357681,0.103462,0.26512,0.228818,0.04097
49.040544218,0.0196196,0.0560065,0.234885,0.378652,0.473428,0.334219,0.0897163,0.0585311,0.0946804,0.32929,0.664204,0.63902,0.230819,0.0541188,0.101741,0.101455,0.135286,0.39074,0.548539,0.160448,0.0252206,0.00432986,0.0339948,0.193297,0.445756,1.52471,1.65066,0.766248,0.327043,0.100251,0.0932664,0.0790244,0.126877,0.404482,0.469208,0.23939,0.0782436,0.0434015,0.0648103,0.249841,0.562958,0.578948,0.350499,0.136552,0.0422119,0.0859896,0.191395,0.281782,0.355374,0.178212,0.0340011,0.062405,0.0317347,0.0679055,0.246372,1.64649,2.70361,1.2982,0.274114,0.0537342,0.0551865,0.0331012,0.068868,0.4979,0.617231,0.234972,0.0712506,0.0523898,0.0335272,0.0702942,0.529405,0.832203,0.467663,0.113727,0.0536536,0.0200487,0.0357681,0.103462,0.264846,0.228364,0.0408587
50.526621315,0.0196196,0.0557829,0.223105,0.37873,0.489273,0.334219,0.0897163,0.0585311,0.0946804,0.327599,0.571048,0.444396,0.128148,0.0542779,0.101741,0.101455,0.133961,0.361312,0.521635,0.161363,0.0252206,0.00432986,0.0339948,0.193297,0.434792,1.08271,1.05604,0.586798,0.327045,0.100251,0.0932664,0.0790244,0.128411,0.387359,0.47011,0.23939,0.0782436,0.0434015,0.0648103,0.24966,0.438191,0.343049,0.214722,0.13663,0.0422128,0.0859896,0.191395,0.280972,0.289419,0.111436,0.0340011,0.062405,0.0317347,0.0679055,0.24217,1.0983,1.77379,0.910409,0.274226,0.0537356,0.0551865,0.0331012,0.068868,0.443783,0.58706,0.239251,0.0713217,0.0523898,0.0335272,0.0702942,0.453303,0.702965,0.433039,0.113727,0.0536536,0.0200487,0.0357681,0.103462,0.216691,0.18035,0.0410821
52.012698413,0.0196196,0.0557829,0.214312,0.348259,0.475981,0.333635,0.0897163,0.0585311,0.0946804,0.189681,0.357846,0.356337,0.128107,0.0542779,0.101741,0.101455,0.133961,0.354131,0.52247,0.162395,0.0252125,0.00432986,0.0339948,0.193297,0.341967,0.780072,0.827387,0.598017,0.327045,0.100251,0.0932664,0.0790244,0.126957,0.357949,0.439622,0.23797,0.0782436,0.0434015,0.0648103,0.20292,0.333029,0.294023,0.212339,0.13663,0.0422128,0.0859896,0.190461,0.259768,0.267435,0.11139,0.0338415,0.062405,0.0317347,0.0679055,0.227463,0.989947,1.67573,0.909613,0.274226,0.0537356,0.0551865,0.0324128,0.0539996,0.443023,0.572077,0.238368,0.0713217,0.0523898,0.0335272,0.0667934,0.354281,0.525549,0.290318,0.113727,0.0536536,0.0200487,0.0356214,0.0996649,0.201621,0.18077,0.0410821
53.498775510,0.0196196,0.0572536,0.221426,0.339573,0.21897,0.0277921,0.0145669,0.0585311,0.0946804,0.191417,0.364543,0.344576,0.100276,0.0542779,0.101741,0.101455,0.133961,0.354928,0.534056,0.154695,0.0138609,0.00432986,0.0339948,0.193297,0.349057,0.758866,0.613385,0.165933,0.0966675,0.100251,0.0932664,0.0790244,0.127317,0.362414,0.439926,0.23797,0.0782436,0.0434015,0.0648103,0.20292,0.313572,0.280837,0.210575,0.13663,0.0422128,0.0859896,0.190461,0.259768,0.268157,0.109341,0.0338415,0.062405,0.0317347,0.0679055,0.229136,0.719175,1.22903,0.717395,0.274226,0.0537356,0.0551865,0.0324128,0.0539996,0.438258,0.568999,0.238368,0.0713217,0.0523898,0.0335272,0.0667934,0.323999,0.472907,0.278774,0.113727,0.0536536,0.0200487,0.0356214,0.0996649,0.195225,0.177542,0.0410821
54.984852608,0.0196196,0.0572536,0.154462,0.282345,0.210296,0.0277921,0.0145669,0.0585311,0.0732978,0.164289,0.389173,0.389669,0.10302,0.015246,0.0302031,0.0793537,0.133961,0.293452,0.326497,0.0742262,0.00875026,0.00432986,0.0339948,0.146073,0.229905,0.668346,0.658877,0.172877,0.0966675,0.100251,0.0864446,0.0540562,0.117088,0.363581,0.33425,0.0666656,0.0319018,0.0434015,0.0648103,0.203383,0.340837,0.31994,0.138947,0.0549874,0.0221653,0.0709224,0.125968,0.198612,0.263817,0.109553,0.0338415,0.062405,0.0317347,0.0518799,0.170361,0.725441,1.28242,0.541912,0.132138,0.0537356,0.0551865,0.0324128,0.0425242,0.242512,0.354185,0.111878,0.0363074,0.0501396,0.0335272,0.0667934,0.330841,0.486574,0.285237,0.113727,0.0536536,0.0149347,0.00462385,0.0519079,0.192715,0.178359,0.0410821
56.470929705,0.010164,0.0566319,0.14756,0.252525,0.192438,0.0329205,0.00476351,0.0168569,0.0478348,0.137887,0.341275,0.412542,0.159396,0.0327504,0.0302031,0.0793537,0.129326,0.265576,0.30008,0.0732947,0.00687958,0.00432986,0.0339948,0.123002,0.138255,0.613589,0.682648,0.156645,0.0797927,0.0947728,0.0864446,0.0467379,0.0922689,0.337132,0.311389,0.0577401,0.0308091,0.0434015,0.0346866,0.104205,0.279335,0.321964,0.167099,0.0697582,0.0221653,0.0603971,0.0834332,0.140808,0.252853,0.118312,0.0351725,0.0592193,0.0213661,0.018153,0.0730468,0.693163,1.30652,0.491249,0.0683038,0.0380695,0.0551865,0.0324128,0.0439472,0.247888,0.343448,0.100802,0.0293712,0.0232511,0.010588,0.0666439,0.360335,0.540559,0.290339,0.0890917,0.027817,0.00140833,0.00221166,0.0519079,0.185288,0.117185,0.0147561
57.957006803,0.010164,0.0566319,0.143873,0.244758,0.190764,0.0329205,0.00476351,0.0168569,0.0544168,0.164828,0.354503,0.396186,0.153981,0.0404684,0.0419247,0.0800415,0.128175,0.255367,0.294542,0.0732947,0.00687958,0.00432986,0.0339948,0.119436,0.116802,0.574414,0.708876,0.174239,0.0808427,0.0947728,0.0864446,0.0469133,0.086256,0.319272,0.310792,0.0577401,0.0308091,0.0434015,0.0493711,0.148143,0.295049,0.281306,0.130911,0.0525438,0.0221653,0.0603971,0.0811872,0.128349,0.246916,0.111222,0.0302538,0.0592193,0.0213661,0.018153,0.0637969,0.644419,1.29709,0.45383,0.0675678,0.0380695,0.0551865,0.0324128,0.0431565,0.227526,0.310091,0.0884414,0.0293712,0.0232511,0.0127346,0.100204,0.39,0.493311,0.269947,0.0930919,0.027817,0.00140833,0.00221166,0.0439749,0.159372,0.0927083,0.0128259
59.443083900,0.010833,0.0566319,0.145832,0.25745,0.192556,0.0329205,0.00508348,0.0240235,0.0470772,0.146217,0.293272,0.312508,0.116076,0.0404684,0.0419247,0.0800415,0.129201,0.260653,0.299002,0.0732947,0.00687958,0.00432986,0.0341909,0.12209,0.148538,0.665453,0.761128,0.178008,0.0808427,0.0953105,0.0868131,0.0472013,0.0872326,0.327077,0.316168,0.0577401,0.0324375,0.0645121,0.0632711,0.140101,0.268734,0.241054,0.108281,0.0618531,0.0420095,0.0657595,0.0813153,0.130025,0.249146,0.111222,0.0302538,0.0603509,0.0230156,0.00740565,0.0614461,0.752336,1.45888,0.498574,0.071193,0.0380695,0.0551865,0.0324128,0.0437369,0.230128,0.316884,0.09096,0.0293712,0.0355603,0.0257378,0.0776697,0.327716,0.440285,0.255162,0.104075,0.040094,0.00363417,0.00221166,0.0439749,0.168242,0.095473,0.0128259
60.929160998,0.00633679,0.0517272,0.127087,0.205491,0.147291,0.0310886,0.00508348,0.0240235,0.045606,0.127425,0.265752,0.301603,0.116076,0.0404684,0.0419247,0.0800415,0.129201,0.198038,0.188832,0.0483288,0.00658185,0.00432986,0.0341909,0.12209,0.142081,0.626102,0.700854,0.150879,0.0808427,0.0953105,0.0868131,0.0472013,0.0588228,0.169798,0.135521,0.050488,0.0324375,0.0645121,0.0632711,0.124064,0.24441,0.240378,0.106311,0.0618531,0.0420095,0.0657595,0.0813683,0.0877935,0.16508,0.07861,0.0302538,0.0603509,0.0230156,0.00740565,0.0479354,0.538776,1.10089,0.348693,0.071193,0.0380695,0.0551865,0.0324128,0.0437408,0.230258,0.318108,0.09096,0.0293712,0.0355603,0.0257378,0.0732003,0.29953,0.399501,0.249143,0.104075,0.040094,0.00363417,0.00221166,0.044669,0.17525,0.0972785,0.0129847
62.415238095,0.00455218,0.0478904,0.120214,0.204692,0.149538,0.0312011,0.00508348,0.0240235,0.045606,0.126971,0.296972,0.315397,0.120348,0.0362475,0.0234458,0.0624996,0.113864,0.190611,0.189251,0.0485764,0.00658185,0.00405183,0.0319275,0.117099,0.138331,0.659799,0.732227,0.141014,0.0245709,0.0190972,0.0764435,0.0466456,0.0579006,0.161741,0.138095,0.0473813,0.0139055,0.0336291,0.0526206,0.122046,0.255881,0.255158,0.110187,0.0618531,0.0420095,0.0657595,0.0813683,0.0548674,0.0857599,0.0402231,0.010636,0.00384616,0.00541906,0.00254317,0.0448386,0.561896,1.13017,0.357679,0.071193,0.0380695,0.0551865,0.0324128,0.0243516,0.106606,0.152263,0.070029,0.0192023,0.0125404,0.0244773,0.071132,0.243724,0.320781,0.187526,0.102197,0.040094,0.00363417,0.00221166,0.0151522,0.0994027,0.0628322,0.0103895
63.901315193,0.00279502,0.0128632,0.0586072,0.210492,0.150712,0.0310877,0.00500566,0.0240108,0.045606,0.126971,0.30362,0.327948,0.119783,0.0358285,0.0129508,0.0476242,0.103757,0.194446,0.201155,0.0529519,0.00658185,0.00379918,0.0273477,0.115717,0.145307,0.767107,0.895149,0.146876,0.0219822,0.0147408,0.0583191,0.0367341,0.0565159,0.177856,0.143241,0.0428928,0.00384373,0.0290257,0.0525406,0.122046,0.260078,0.278977,0.123017,0.0593443,0.0385191,0.0645564,0.0812475,0.057545,0.096491,0.0434534,0.0101585,0.00124233,0.00193528,0.00165576,0.0465103,0.605281,1.26314,0.361498,0.0709413,0.03704,0.0547916,0.0323869,0.0256835,0.114777,0.160658,0.068,0.0183458,0.012463,0.0244773,0.071132,0.246023,0.346541,0.194614,0.0982165,0.0390694,0.00363191,0.00221166,0.0154762,0.108371,0.0669305,0.0107904
65.387392290,0.00279502,0.0128632,0.0663338,0.24305,0.154327,0.0310877,0.00500566,0.0240108,0.045606,0.135867,0.420835,0.406195,0.119783,0.0358285,0.0129508,0.000729411,0.0496838,0.158927,0.185446,0.043499,0.00658185,0.00379918,0.0114218,0.0139092,0.10608,0.92065,1.01049,0.154423,0.0219822,0.0147408,0.0583191,0.0367341,0.0671579,0.210761,0.164518,0.0428583,0.00384373,0.0290257,0.0525406,0.130471,0.279287,0.288486,0.122814,0.0593443,0.0385191,0.00630852,0.00470547,0.0317834,0.101775,0.047899,0.00988941,0.00124233,0.00193528,0.00165576,0.0465103,0.743366,1.44643,0.377424,0.0290034,0.035246,0.0547916,0.0191157,0.0158482,0.1265,0.16438,0.0621635,0.00779865,0.012463,0.0244773,0.0714213,0.245272,0.347486,0.194593,0.090473,0.025076,0.00363191,0.00112087,0.0140248,0.117873,0.0840936,0.0107904
66.873469388,0.00279502,0.0121794,0.0760242,0.199959,0.0632548,0.0137115,0.00443795,0.0100108,0.0222288,0.12811,0.476158,0.45671,0.118481,0.0358285,0.0129508,0.000729411,0.00944057,0.0535318,0.129536,0.0454329,0.00374778,0.00379918,0.0114218,0.0139092,0.106351,0.961847,1.10124,0.161639,0.0219822,0.0135694,0.0307785,0.0195902,0.0475575,0.159062,0.0871721,0.00685203,0.00355145,0.0216182,0.0358426,0.124411,0.320799,0.414562,0.118209,0.058587,0.0385191,0.00630852,0.0022945,0.0223319,0.135135,0.0711911,0.00767531,0.00124233,0.00193528,0.000347578,0.0483783,0.770267,1.4453,0.298473,0.0177088,0.00810277,0.00173621,0.000583683,0.0145795,0.118726,0.0976881,0.0323134,0.00779865,0.012463,0.0244773,0.0714213,0.254186,0.504422,0.199949,0.090473,0.025076,0.00363191,0.00112087,0.0111343,0.105394,0.0750406,0.00810261
68.359546485,0.00265508,0.011611,0.0819992,0.207334,0.0620898,0.012977,0.00341083,0.00769525,0.0221297,0.127658,0.474255,0.457383,0.112291,0.0312877,0.0117216,0.000687747,0.00944057,0.0621515,0.140241,0.0434648,0.00330454,0.000982675,0.00392951,0.0112731,0.10857,1.01447,1.14063,0.165322,0.0212935,0.00190579,0.00457255,0.0115486,0.0487562,0.163546,0.0844002,0.0054364,0.00207074,0.0213848,0.0358426,0.124094,0.32399,0.416016,0.102803,0.0293854,0.0201575,0.00557374,0.00232127,0.0309958,0.16051,0.0825733,0.00513096,0.00124233,0.00193528,0.000347578,0.0483783,0.790337,1.48657,0.286825,0.0114417,1.816e-05,0.00010298,0.000351328,0.0147556,0.140251,0.112088,0.0331634,0.00773134,0.0123304,0.0212878,0.0679983,0.244019,0.49627,0.201222,0.0876627,0.0197039,0.00222583,0.000927132,0.0122457,0.114788,0.087324,0.00684092
69.845623583,0.000669003,0.00437176,0.0749766,0.205487,0.0599656,0.0125776,0.00341083,0.00719402,0.0139554,0.0851118,0.445425,0.442163,0.110455,0.031529,0.0117216,0.000687747,0.00167728,0.043624,0.138542,0.049491,0.00636126,0.00205771,0.000399108,0.00532712,0.102664,1.02288,1.17841,0.179806,0.0286358,0.000956076,0.000368538,0.00648104,0.0445259,0.16227,0.0836776,0.00503531,0.00204698,0.0211105,0.0327605,0.107334,0.310308,0.415912,0.103348,0.0291031,0.0201431,0.00536244,0.000464016,0.026109,0.163272,0.0885049,0.00583126,0.00167143,0.00166744,5.97251e-05,0.0480371,0.805383,1.52089,0.298106,0.01215,1.32553e-06,0,0.000855318,0.0189197,0.14541,0.107724,0.0198241,0.00374437,0.0123092,0.0198488,0.0605978,0.240716,0.495744,0.165166,0.0443043,0.012758,0.00222583,0,0.00709927,0.1046,0.0867946,0.00688573
71.331700680,0.000669003,0.00500263,0.0905997,0.231453,0.057872,0.0100721,0.00341083,0.00721228,0.0152927,0.0758776,0.430601,0.413788,0.099734,0.0289183,0.0117216,0.000976592,0.00160965,0.0411964,0.136312,0.0458757,0.00327858,0.00165623,0.000399108,0.00935035,0.0985832,0.997881,1.15849,0.172044,0.0250379,0.000537721,0.000368538,0.0135708,0.0505037,0.183271,0.0822962,0.00245298,0.00176096,0.0211105,0.0327987,0.108062,0.290261,0.330633,0.064089,0.0261374,0.0198451,0.00536244,0.000449459,0.0257593,0.162296,0.0874888,0.00559703,0.00167143,0.00166744,0.000791564,0.051058,0.770646,1.46911,0.265925,0.0164317,1.32553e-06,0,0.000965757,0.0238726,0.175578,0.111985,0.0181074,0.00331146,0.0123092,0.0198488,0.0571914,0.218128,0.421613,0.112264,0.0358487,0.0122771,0.00222583,0,0.00649379,0.102172,0.0871377,0.00673199
72.817777778,0.000669003,0.00497747,0.090212,0.217449,0.0589197,0.0100721,0.00341083,0.00721228,0.0157952,0.0813668,0.430064,0.413111,0.0995227,0.0289183,0.0117216,0.000976592,0.0041591,0.049802,0.125985,0.0295831,0.00327858,0.00165623,0.000361252,0.00688809,0.0859631,1.00041,1.16771,0.172368,0.0250379,0.000537721,0.000368538,0.0139723,0.0533345,0.180909,0.0785715,0.00245298,0.00176096,0.0211105,0.0325662,0.0912733,0.25356,0.321124,0.06413,0.0261374,0.0198451,0.00536244,0.000516791,0.0256969,0.158549,0.0808201,0.00559703,0.00167143,0.00166744,0.000731839,0.0455529,0.731692,1.43031,0.260324,0.0164317,1.32553e-06,0,0.000986267,0.0251202,0.183613,0.111832,0.0181074,0.00331146,0.0123092,0.0198223,0.047386,0.135365,0.32683,0.0975853,0.0358487,0.0122771,0.00222583,0,0.00839885,0.116777,0.0926112,0.00673199
74.303854875,0.000669003,0.00497747,0.0818218,0.189361,0.0512387,0.0104718,0.00341083,0.00721228,0.0157952,0.0986976,0.467451,0.424685,0.0924832,0.0287591,0.0117216,0.000976592,0.0041591,0.0516215,0.133264,0.0384506,0.0037874,0.00165623,0.000361252,0.00688809,0.0888153,1.04045,1.20391,0.181421,0.0250364,0.000537721,0.000368538,0.0139723,0.0593451,0.178523,0.078949,0.00432459,0.00176096,0.0211105,0.0325662,0.0963428,0.271928,0.335845,0.0705696,0.0260594,0.0198442,0.00536244,0.000516791,0.0318255,0.170478,0.0895917,0.00797983,0.00167143,0.00166744,0.000731839,0.0455169,0.761211,1.479,0.281092,0.01632,0,0,0.000986267,0.0381223,0.199587,0.114392,0.0171945,0.00324029,0.0123092,0.0198223,0.047386,0.146729,0.346367,0.108636,0.0358487,0.0122771,0.00222583,0,0.0169472,0.124732,0.0999389,0.0111203
75.789931973,0.000669003,0.00761079,0.105672,0.218277,0.0666868,0.0104718,0.00341083,0.00721228,0.0157952,0.103319,0.481253,0.44504,0.0986554,0.0287591,0.0117216,0.000976592,0.00590158,0.0692184,0.16016,0.0624718,0.0037874,0.00165623,0.000361252,0.00688809,0.105547,1.02459,1.1791,0.16686,0.0250364,0.000537721,0.000368538,0.0143036,0.0703335,0.193154,0.0916255,0.00494966,0.00176096,0.0211105,0.0325662,0.104088,0.307062,0.37919,0.0830242,0.0260594,0.0198442,0.00536244,0.00074547,0.0361403,0.174972,0.10021,0.00893451,0.00167143,0.00166744,0.000731839,0.0498529,0.766051,1.43006,0.253755,0.01632,0,0,0.000986267,0.039653,0.192519,0.11738,0.0201221,0.00324029,0.0123092,0.0198223,0.0515937,0.172488,0.381454,0.119769,0.0364291,0.0122771,0.00222583,0,0.0173849,0.129306,0.107502,0.0155921
77.276009070,0.000669003,0.00729313,0.126547,0.228379,0.0762682,0.0109547,0.00341083,0.00721228,0.0157952,0.101469,0.554729,0.535911,0.125836,0.0287591,0.0117216,0.000976592,0.00590158,0.0792705,0.168453,0.0728889,0.00555753,0.00165623,0.000361252,0.00688809,0.0984572,1.01696,1.20566,0.195638,0.0250364,0.000537721,0.000368538,0.0143036,0.101714,0.231784,0.113962,0.00954507,0.00176096,0.0211105,0.0325662,0.104088,0.355963,0.455445,0.11428,0.0260594,0.0198442,0.00536244,0.00074547,0.0528128,0.189125,0.116632,0.0143536,0.00167143,0.00166744,0.000731839,0.0481805,0.767294,1.45526,0.290407,0.01632,0,0,0.000986267,0.0591917,0.224393,0.136841,0.0271866,0.00324029,0.0123092,0.0198223,0.0515937,0.212504,0.463357,0.163808,0.0364291,0.0122771,0.00222583,0,0.0288999,0.135737,0.109078,0.019303
78.762086168,0.000669003,0.0121672,0.147976,0.255551,0.0850667,0.0109547,0.00341083,0.00721228,0.0157952,0.122256,0.58915,0.545272,0.122839,0.0287591,0.0117216,0.000976592,0.0076158,0.0896792,0.194565,0.0928049,0.00555753,0.00165623,0.000361252,0.00688809,0.113744,1.04359,1.18506,0.187675,0.0250364,0.000537721,0.000368538,0.0153124,0.110118,0.246565,0.121152,0.00954507,0.00176096,0.0211105,0.0325662,0.110249,0.370742,0.467105,0.108029,0.0260594,0.0198442,0.00536244,0.00125536,0.0619667,0.214803,0.135259,0.0164415,0.00167143,0.00166744,0.000731839,0.0488902,0.761067,1.39608,0.2808,0.01632,0,0,0.00121066,0.0654436,0.245185,0.15349,0.031861,0.00324029,0.0123092,0.0198223,0.0515937,0.236944,0.514928,0.175614,0.0364291,0.0122771,0.00222583,0,0.0321584,0.152392,0.129487,0.0281767
80.248163265,0.000669003,0.0121672,0.147976,0.257471,0.0837746,0.0024002,0.000319971,0.00721228,0.0157952,0.120637,0.587037,0.49998,0.061477,0.00804265,0.0117216,0.000976592,0.0076158,0.0913608,0.212526,0.111358,0.00882707,0.00165623,0.000361252,0.00688809,0.112778,1.06773,1.22024,0.165771,0.00839223,0.000537721,0.000368538,0.0153124,0.116325,0.261216,0.12896,0.0115275,0.00176096,0.0211105,0.0325662,0.110249,0.369512,0.469261,0.0922312,0.0112886,0.0198442,0.00536244,0.00125536,0.0697135,0.24171,0.163602,0.0193983,0.00167143,0.00166744,0.000731839,0.0488902,0.787114,1.46309,0.304881,0.01632,0,0,0.00121066,0.078567,0.278161,0.164134,0.0262246,1.44209e-05,0.0123092,0.0198223,0.0515937,0.233482,0.507529,0.178695,0.0364291,0.0122771,0.00222583,0,0.0365536,0.163751,0.147065,0.027893
81.734240363,0.000669003,0.0121672,0.152888,0.275426,0.0931072,0.0024002,0.000319971,0.00721228,0.00841905,0.0750496,0.542928,0.496917,0.061477,0.000324613,0,0.000288844,0.0076158,0.0980413,0.249267,0.139827,0.0133715,0.00165623,0.000361252,0.00688809,0.139329,1.21434,1.29918,0.159635,0.00734224,0.000537721,0.000368538,0.00997029,0.109498,0.275,0.138273,0.0128163,0.00176096,0.0211105,0.0163316,0.0355336,0.313991,0.495075,0.0922312,0.0112886,0.0198442,0.00536244,0.00125536,0.0697851,0.252331,0.18415,0.0264471,0.00167143,0.00166744,0.000731839,0.0511145,0.866144,1.53649,0.341529,0.01632,0,0,0.00121066,0.078567,0.284645,0.171496,0.0282239,1.44209e-05,0.0123092,0.0176756,0.0135153,0.188252,0.518403,0.14684,0.0130887,0.0122771,0.00222583,0,0.0392076,0.181638,0.171443,0.0371672
83.220317460,2.74196e-05,0.0178463,0.152989,0.280226,0.0992637,0.0024002,0,4.56387e-05,0.00365805,0.067708,0.55685,0.621673,0.0871714,0.00112953,0,0.000422229,0.0342783,0.112602,0.24817,0.139874,0.0133715,0.00165623,0.000165096,0.00424775,0.127213,1.19149,1.31978,0.155001,0.00734224,0,3.61526e-06,0.0104318,0.109221,0.270648,0.134607,0.0128772,0.000132499,0,3.81716e-05,0.0340487,0.332571,0.633895,0.16513,0.00821821,0,0,0.0011272,0.071341,0.2655,0.196645,0.0281299,0.000539808,1.79668e-05,0.000731839,0.0423335,0.909702,1.61499,0.324515,0.00871192,0,0,0.00121066,0.0781017,0.29311,0.172378,0.0257053,1.44209e-05,0,0,0.00718305,0.210757,0.583808,0.147198,0.00120951,0,0,0,0.0392076,0.186401,0.175693,0.0371672
84.706394558,0.00773904,0.0709519,0.153147,0.278994,0.0993841,0.00788395,0.0108185,0.00403291,0.00885198,0.116335,0.661921,0.644465,0.0967614,0.0411665,0.0430243,0.00191945,0.0400998,0.127958,0.249635,0.139769,0.0134992,0.00475844,0.0104857,0.00429752,0.139309,1.34113,1.53314,0.278412,0.0346842,0.000904666,3.61526e-06,0.0104318,0.110001,0.274225,0.147264,0.0333822,0.000904564,3.2517e-06,0.000833611,0.059291,0.475752,0.678235,0.196343,0.073811,0.00236939,7.53138e-05,0.0515242,0.166381,0.264952,0.196496,0.034774,0.000571854,1.79668e-05,0.000731839,0.0680406,1.05075,1.77679,0.361622,0.0109224,1.6361e-05,0.0035014,0.0253985,0.0839593,0.293293,0.181025,0.0639482,0.0157726,7.52082e-05,0.000443243,0.0145212,0.255153,0.69113,0.226287,0.0111391,0,1.23538e-05,0.00259138,0.0459174,0.181789,0.174063,0.0370084
86.192471655,0.0321625,0.098437,0.160173,0.282313,0.137814,0.022527,0.0108185,0.00403291,0.00885198,0.13026,0.645087,0.620569,0.0933682,0.0749309,0.0526454,0.00236374,0.0446667,0.145715,0.248157,0.139521,0.0134992,0.00475844,0.0104857,0.00467058,0.13887,1.33009,1.53408,0.287696,0.0407027,0.0233805,0.0118914,0.0149536,0.120279,0.287678,0.162227,0.0472615,0.000904564,3.2517e-06,0.0122136,0.0714924,0.464067,0.667021,0.204497,0.0839511,0.0279417,0.0095265,0.0515242,0.166381,0.265701,0.19686,0.034774,0.000571854,0.0027135,0.0189836,0.0830103,1.03288,1.7444,0.403702,0.0525746,0.00572764,0.0035014,0.0253985,0.098583,0.294009,0.180857,0.0703764,0.0368733,0.0088901,0.000779085,0.0200497,0.280081,0.718332,0.236507,0.0612818,0.0184244,0.000220789,0.00464549,0.0898422,0.198474,0.172644,0.0374698
87.678548753,0.0321625,0.098437,0.155554,0.260043,0.136385,0.022527,0.0161948,0.0335117,0.0257935,0.134274,0.638495,0.61118,0.0994761,0.111483,0.104901,0.0194133,0.0462382,0.14136,0.236402,0.135886,0.0148001,0.00514868,0.0104857,0.00467058,0.138533,1.25547,1.40059,0.284383,0.0416511,0.0233805,0.0118914,0.0149536,0.120279,0.271563,0.157157,0.102976,0.041853,0.00673274,0.0392246,0.120347,0.477312,0.642935,0.198897,0.0908737,0.0290103,0.0123296,0.0715456,0.210536,0.269205,0.198,0.0605832,0.0300644,0.00561428,0.0189836,0.0813386,0.989489,1.61078,0.398781,0.0525746,0.00572764,0.0105414,0.0375934,0.102446,0.288367,0.183594,0.0805665,0.0368733,0.015876,0.00927219,0.0214272,0.277748,0.691653,0.225061,0.0606707,0.0184244,0.000220789,0.00464549,0.0895118,0.189412,0.16823,0.0370195
89.164625850,0.0321625,0.098437,0.146675,0.218234,0.153873,0.0317829,0.0161948,0.0908798,0.231966,0.307867,0.520056,0.522917,0.0994761,0.111483,0.104901,0.0194133,0.0462382,0.139234,0.221153,0.138964,0.0195861,0.00518372,0.0104857,0.00467058,0.136694,1.20278,1.38266,0.29743,0.0466999,0.0234173,0.0118914,0.0149536,0.108415,0.227224,0.132953,0.124553,0.13026,0.184057,0.144624,0.111186,0.452992,0.630022,0.198897,0.0908737,0.0290103,0.0123296,0.0736951,0.229083,0.264693,0.195496,0.0605832,0.0300644,0.00561428,0.0189836,0.081739,0.856189,1.42792,0.352727,0.0653628,0.033866,0.0147877,0.0375992,0.102824,0.281804,0.201441,0.0960823,0.0392554,0.0216572,0.0111635,0.0189121,0.268196,0.686129,0.225081,0.0750466,0.161094,0.0953787,0.0169978,0.0897922,0.176423,0.151091,0.0370195
90.650702948,0.0321625,0.098437,0.134246,0.185987,0.139109,0.0317829,0.0161948,0.0910403,0.254463,0.413463,0.56296,0.507052,0.0991914,0.111483,0.104901,0.0194133,0.0462382,0.137147,0.204255,0.132786,0.0195861,0.00518372,0.0105552,0.0144677,0.186642,1.27927,1.43036,0.3338,0.0466999,0.0234173,0.0118914,0.0149536,0.108415,0.20048,0.113442,0.122355,0.13026,0.184205,0.165263,0.186867,0.451772,0.5029,0.198897,0.0908737,0.0290103,0.0123296,0.0736951,0.226813,0.210948,0.169319,0.0605832,0.0300644,0.00566522,0.0270789,0.238658,0.973828,1.40663,0.532274,0.192423,0.0347903,0.0147877,0.0375992,0.0989047,0.227838,0.163921,0.0960823,0.0392554,0.0216572,0.0111635,0.0189121,0.258312,0.523489,0.212953,0.0750466,0.161094,0.0953787,0.0169978,0.0858686,0.146133,0.139039,0.0370195
92.136780045,0.0321625,0.0976856,0.127012,0.178503,0.138419,0.0317829,0.0161948,0.0910403,0.254463,0.43401,0.662447,0.601317,0.118965,0.1114,0.104901,0.0194133,0.0462382,0.128367,0.189372,0.132028,0.0195861,0.00518372,0.0105552,0.0142562,0.255606,1.40229,1.51987,0.342185,0.0466999,0.0234173,0.0118914,0.0144706,0.103515,0.195071,0.112802,0.122355,0.13026,0.184205,0.165263,0.194199,0.60919,0.703356,0.231332,0.0908737,0.0290103,0.0123296,0.0736684,0.216919,0.18435,0.152573,0.0605832,0.0300644,0.00566522,0.0270789,0.241833,0.999157,1.44494,0.541019,0.192423,0.0347903,0.0147877,0.0375992,0.0979613,0.206179,0.149521,0.0948475,0.0392554,0.0216572,0.0111635,0.0256655,0.341569,0.655719,0.231559,0.0750466,0.161094,0.0953787,0.0169978,0.0847572,0.136739,0.126323,0.0370195
93.622857143,0.0321625,0.0976856,0.143061,0.230319,0.18353,0.0392837,0.0161948,0.0910403,0.254463,0.43401,0.666655,0.617559,0.132065,0.111158,0.104901,0.0194133,0.0462382,0.149647,0.225997,0.145106,0.0165294,0.00352749,0.0103901,0.0142562,0.25604,1.39859,1.49105,0.331669,0.0393577,0.0234173,0.0118914,0.0144706,0.132722,0.294807,0.199496,0.130825,0.130128,0.184205,0.165263,0.238514,0.66863,0.715653,0.230706,0.0907316,0.0290103,0.0123296,0.0736684,0.216432,0.182683,0.168411,0.0892952,0.0295246,0.00564725,0.0270789,0.241833,1.11927,1.6567,0.636987,0.191715,0.0347903,0.0147877,0.0370007,0.091787,0.195093,0.143608,0.0945322,0.0392409,0.0216572,0.0111635,0.105902,0.458991,0.688719,0.260125,0.0864356,0.161094,0.0953787,0.0169978,0.0847172,0.131723,0.120954,0.0362645
95.108934240,0.0321625,0.096895,0.126708,0.200786,0.180028,0.0392837,0.0161948,0.0909947,0.251765,0.432662,0.680289,0.628002,0.132068,0.111158,0.104901,0.0191245,0.0456548,0.155533,0.234383,0.150276,0.0165294,0.00352749,0.0103901,0.010233,0.252079,1.37674,1.464,0.324855,0.0393577,0.0234173,0.0118914,0.00738081,0.127248,0.270875,0.196645,0.130825,0.130128,0.184205,0.165225,0.236309,0.66331,0.721695,0.233386,0.0907316,0.0290103,0.0123296,0.0734268,0.22882,0.203378,0.177732,0.0893347,0.0295246,0.00564725,0.0263471,0.229157,1.07895,1.59396,0.622507,0.183811,0.0347903,0.0147877,0.0366334,0.0925384,0.188727,0.160169,0.0941963,0.0392409,0.0216572,0.0111635,0.105603,0.467112,0.696917,0.262899,0.0864356,0.161094,0.0953787,0.0169978,0.084889,0.131617,0.119517,0.036
96.595011338,0.0321625,0.0949303,0.118235,0.212617,0.200436,0.0573199,0.0189479,0.0909947,0.251263,0.427325,0.671559,0.631414,0.141338,0.112568,0.104901,0.0191245,0.043171,0.137412,0.234107,0.164077,0.0177823,0.00352749,0.0103901,0.0102702,0.249973,1.36304,1.45186,0.324372,0.0393577,0.0234173,0.0118914,0.00767219,0.128946,0.27717,0.209177,0.13961,0.131471,0.184205,0.165618,0.239928,0.660466,0.720282,0.259793,0.0956421,0.0290325,0.0123296,0.0733643,0.227639,0.209227,0.187037,0.0894729,0.0295246,0.00564725,0.0263471,0.229207,1.08448,1.59819,0.633758,0.208063,0.041236,0.015213,0.0366674,0.093324,0.186141,0.161485,0.0955307,0.0394839,0.0216572,0.0111635,0.106787,0.477261,0.695789,0.263558,0.0864832,0.161094,0.0953787,0.0170281,0.0832853,0.120168,0.1235,0.0384947
98.081088435,0.0321625,0.0949303,0.119377,0.211843,0.196264,0.0575023,0.0189479,0.0937566,0.252621,0.410347,0.632711,0.600649,0.140245,0.112641,0.104901,0.0241544,0.0748898,0.164074,0.233801,0.184053,0.0329688,0.00352749,0.0103901,0.0108834,0.253133,1.3434,1.41559,0.316392,0.0393577,0.0234173,0.0121015,0.0101882,0.128014,0.266793,0.237919,0.175143,0.141264,0.184205,0.165618,0.235733,0.651442,0.705923,0.25187,0.0956421,0.0290325,0.0144334,0.0893498,0.248496,0.204493,0.185275,0.0873016,0.0295321,0.00564725,0.0263471,0.229246,1.06882,1.56474,0.616452,0.208063,0.041236,0.015213,0.0398115,0.0978622,0.173255,0.161263,0.0958786,0.0394839,0.0216572,0.0111635,0.107175,0.471396,0.688497,0.256064,0.0904541,0.161995,0.0954184,0.0171268,0.0752789,0.109379,0.114216,0.033883
99.567165533,0.0321625,0.094285,0.12143,0.22121,0.191295,0.0575023,0.0189479,0.0937566,0.252621,0.405704,0.623501,0.598445,0.147939,0.113593,0.104901,0.0298768,0.115946,0.207638,0.207197,0.160757,0.033195,0.00352749,0.0112252,0.0110275,0.238719,1.27931,1.36358,0.314501,0.0393577,0.0251085,0.0125055,0.0247997,0.15726,0.268832,0.224512,0.174596,0.141264,0.186689,0.168697,0.228044,0.616205,0.665224,0.243539,0.0956421,0.0290325,0.0144334,0.0976913,0.267231,0.204248,0.186551,0.0960665,0.0304957,0.00564725,0.030559,0.232043,1.01475,1.50417,0.625782,0.21519,0.0486576,0.0153483,0.0398115,0.0975052,0.168727,0.184741,0.150079,0.0622059,0.0221657,0.0128385,0.106347,0.455177,0.650439,0.244387,0.0898737,0.162338,0.0958205,0.0297373,0.10872,0.119905,0.109486,0.0307818
101.053242630,0.0321625,0.0931886,0.0939871,0.203836,0.181995,0.0570298,0.0195176,0.0938985,0.252621,0.409967,0.555847,0.507685,0.120956,0.114552,0.105672,0.0298768,0.116175,0.198251,0.190816,0.150595,0.0314261,0.003631,0.0130526,0.0110275,0.239587,1.21403,1.27429,0.287301,0.0393611,0.0253315,0.0146743,0.0251397,0.127652,0.231789,0.206527,0.172091,0.141575,0.186689,0.168697,0.230199,0.572088,0.590847,0.216548,0.0970925,0.0333318,0.0145405,0.0976913,0.250821,0.190985,0.17877,0.0909304,0.0304957,0.00564725,0.030559,0.232634,0.950438,1.39376,0.584795,0.216271,0.0505619,0.0166655,0.0398115,0.0779793,0.134328,0.17939,0.146599,0.0622059,0.0221657,0.0128385,0.108042,0.426925,0.585995,0.218795,0.0949852,0.163864,0.0961412,0.0297373,0.0972052,0.106333,0.0994261,0.0273911
102.539319728,0.0321625,0.0884441,0.0785454,0.181975,0.176971,0.0574161,0.0195176,0.0938985,0.254285,0.399526,0.510365,0.477085,0.128144,0.114552,0.105672,0.0298768,0.114581,0.198287,0.175776,0.133124,0.0317921,0.003631,0.0130526,0.011261,0.223926,1.14777,1.22215,0.296961,0.0393611,0.0253315,0.0146743,0.0237889,0.115632,0.212916,0.201411,0.172111,0.141575,0.186689,0.169689,0.231138,0.544158,0.548957,0.216723,0.0970925,0.0333318,0.0145949,0.0977384,0.248673,0.173341,0.162298,0.0891577,0.0304957,0.00564725,0.030559,0.231539,0.929883,1.35477,0.587267,0.216271,0.0505619,0.0166655,0.0398939,0.0710793,0.111266,0.164707,0.14193,0.0622059,0.0221657,0.0133498,0.111917,0.401938,0.52333,0.200651,0.0949852,0.163864,0.0961412,0.029775,0.0976742,0.0996444,0.0812935,0.0190045
104.025396825,0.0321625,0.0963705,0.10691,0.205805,0.170586,0.0561535,0.0195176,0.0939745,0.257566,0.409444,0.496401,0.445938,0.113597,0.114606,0.105672,0.0298768,0.114581,0.196519,0.150625,0.106184,0.0283007,0.003631,0.0131317,0.0146893,0.241755,1.10667,1.15078,0.272308,0.0394559,0.0253357,0.0146743,0.0237889,0.105082,0.195688,0.193007,0.170129,0.141575,0.186689,0.169722,0.231758,0.555843,0.573481,0.210506,0.0971839,0.0333318,0.0145949,0.0977384,0.238387,0.14038,0.126548,0.0848698,0.0304957,0.00564725,0.030559,0.241051,0.926997,1.33812,0.574932,0.216271,0.0505619,0.0166655,0.0398939,0.0565802,0.0748592,0.145135,0.138686,0.0622059,0.0221657,0.0133498,0.121199,0.43056,0.573806,0.203262,0.0956993,0.163864,0.0961412,0.029775,0.093279,0.0852624,0.0526711,0.0145514
105.511473923,0.0321625,0.0963705,0.101998,0.187851,0.161253,0.0561535,0.0195176,0.0939745,0.257566,0.409137,0.486387,0.44945,0.123656,0.11523,0.105685,0.0298768,0.114581,0.207588,0.149444,0.0924084,0.0237563,0.003631,0.0131317,0.0146927,0.214029,0.937001,0.991739,0.258779,0.0394598,0.0253357,0.0146743,0.0237889,0.10796,0.18829,0.183879,0.16884,0.141575,0.186689,0.169927,0.239312,0.550961,0.552092,0.211212,0.0975838,0.033341,0.0146396,0.0978152,0.238315,0.123707,0.105729,0.0778715,0.0304957,0.00564725,0.0305941,0.240188,0.826876,1.17812,0.538154,0.218096,0.050656,0.0166655,0.0398947,0.0565802,0.0717696,0.146481,0.141694,0.0623263,0.0221841,0.0133714,0.121214,0.426864,0.568764,0.204469,0.0957214,0.163864,0.0961412,0.029775,0.0906251,0.0673756,0.0283544,0.00532902
106.997551020,0.0321351,0.0906914,0.114674,0.216505,0.175125,0.0561535,0.0195176,0.0939745,0.257566,0.412986,0.462808,0.315623,0.0979613,0.114425,0.105685,0.0297434,0.0868925,0.187823,0.149449,0.0941901,0.0237563,0.003631,0.0131317,0.0146797,0.18929,0.79383,0.847362,0.245417,0.0394598,0.0253357,0.0146707,0.0230393,0.108556,0.203883,0.194912,0.170007,0.141575,0.186689,0.169927,0.239453,0.538561,0.419041,0.138977,0.0895436,0.033341,0.0146396,0.0978152,0.235084,0.108317,0.0932504,0.0761886,0.0304957,0.00564725,0.0305941,0.224952,0.643703,0.903157,0.494315,0.217996,0.050656,0.0166655,0.0398947,0.0564651,0.0616685,0.14095,0.142594,0.0623263,0.0221841,0.0133714,0.121214,0.404787,0.504378,0.201506,0.0957214,0.163864,0.0961412,0.029775,0.0906251,0.0601461,0.0319259,0.0093184
108.483628118,0.0244234,0.0375858,0.114517,0.216044,0.174141,0.0506697,0.00869908,0.0899873,0.252372,0.364359,0.359594,0.2987,0.0883839,0.0743876,0.0626605,0.0282462,0.0810711,0.172666,0.156122,0.0984652,0.0236286,0.000528789,0.00281108,0.0146299,0.177899,0.677112,0.713603,0.142686,0.0121178,0.024431,0.0146707,0.0230393,0.107989,0.203314,0.181875,0.149502,0.140803,0.186685,0.169131,0.212016,0.377545,0.350834,0.105345,0.0239508,0.0309716,0.0145643,0.0473652,0.138788,0.109628,0.0983778,0.0695445,0.0304636,0.00564725,0.0305941,0.200405,0.526463,0.803214,0.483296,0.215786,0.0506397,0.0131641,0.015707,0.0506238,0.0681128,0.133605,0.104351,0.0465681,0.0221089,0.0129282,0.113876,0.357649,0.398997,0.123194,0.0857918,0.163864,0.0961289,0.0271836,0.0832212,0.0598371,0.0391371,0.0093184
109.969705215,0,0.0109968,0.115223,0.213488,0.133518,0.0359143,0.00869908,0.0899873,0.252372,0.358174,0.390064,0.345737,0.0830297,0.0406232,0.0530394,0.0278019,0.0765041,0.153838,0.155207,0.0984652,0.0236286,0.000528789,0.00281108,0.0142569,0.19486,0.826603,0.837942,0.143541,0.0060993,0.00195519,0.00278288,0.0191946,0.103213,0.197041,0.165337,0.135529,0.140803,0.186685,0.157751,0.202003,0.386342,0.35659,0.0933157,0.0138107,0.0053993,0.00511312,0.0473652,0.138788,0.108879,0.0980145,0.0695445,0.0304636,0.00295172,0.0123423,0.186674,0.624891,0.951983,0.46586,0.174134,0.0449284,0.0131641,0.015707,0.0360001,0.0690625,0.1356,0.0978891,0.0254675,0.013294,0.0125923,0.108347,0.329855,0.36608,0.111681,0.035649,0.145439,0.0959204,0.0251295,0.0392964,0.0464446,0.039922,0.00875852
111.455782313,0,0.0110566,0.116081,0.214186,0.137442,0.0422887,0.00404009,0.0605085,0.23543,0.35416,0.392435,0.377743,0.138173,0.0211648,0.000783712,0.0107523,0.0749327,0.153278,0.158195,0.101353,0.022715,0.000138541,0.00281108,0.0142569,0.188375,0.821049,0.863281,0.150436,0.00515093,0.00195519,0.00278288,0.0191946,0.106665,0.201246,0.166309,0.0798148,0.0998542,0.179956,0.130741,0.153315,0.375932,0.392853,0.0896478,0.00685224,0.00433067,0.00231003,0.0273438,0.0919552,0.0949682,0.0979619,0.0443217,0.000971081,5.09385e-05,0.0123423,0.187224,0.652765,1.05015,0.485364,0.174134,0.0449284,0.00612402,0.00353491,0.0316659,0.0731065,0.129738,0.0880707,0.0254675,0.00630806,0.00409923,0.107044,0.345844,0.448334,0.137358,0.035649,0.145439,0.0959204,0.0251295,0.0394631,0.051719,0.0518786,0.0100901
112.941859410,0,0.0110566,0.115911,0.209337,0.112428,0.0330328,0.00404009,0.00314041,0.0292579,0.171466,0.422621,0.392195,0.139643,0.0211648,0.000783712,0.0107523,0.0749327,0.155426,0.163004,0.101588,0.0179289,0.000103508,0.00281108,0.0142569,0.182746,0.7648,0.81391,0.166384,0.00520161,0.00191834,0.00278288,0.0191946,0.106665,0.201246,0.163521,0.0582376,0.0114467,0.00263168,0.0253415,0.153171,0.389938,0.425875,0.116333,0.0115286,0.00433067,0.00231003,0.0251943,0.0736512,0.088419,0.0970757,0.0448295,0.000971081,5.09385e-05,0.0123423,0.186824,0.66994,1.07135,0.487838,0.161346,0.0167901,0.0018778,0.00352915,0.0327639,0.068177,0.109334,0.0752308,0.0248473,0.000526902,0.00220791,0.107041,0.350999,0.483926,0.161969,0.0321587,0.00277007,0.000762482,0.0127772,0.0391827,0.0514971,0.0533139,0.0110416
114.427936508,0,0.0110566,0.116674,0.219239,0.116841,0.0330328,0.00404009,0.00297984,0.00815307,0.102255,0.355663,0.35625,0.140175,0.0255013,0.00940008,0.0107523,0.0749327,0.155426,0.163004,0.101588,0.0179289,0.000103508,0.00274156,0.00445978,0.130862,0.676962,0.784806,0.149289,0.00520161,0.00191834,0.00278288,0.022132,0.108569,0.20287,0.16829,0.0582376,0.0114467,0.00248382,0.01332,0.129069,0.379472,0.425875,0.116333,0.0148941,0.0208356,0.0052817,0.0251943,0.0744844,0.0912793,0.0970757,0.0448295,0.00118432,0.00100586,0.00424699,0.0283231,0.532226,1.07265,0.33542,0.0385631,0.0158657,0.0018778,0.00352915,0.0327639,0.0683352,0.113367,0.0766788,0.0248473,0.000526902,0.00220791,0.131267,0.373759,0.488498,0.161969,0.0321587,0.00277007,0.000762482,0.0127772,0.0391827,0.0567683,0.0543006,0.0110416
115.914013605,0.000174484,0.0110566,0.116674,0.219239,0.116841,0.0330328,0.00404009,0.00877905,0.00938125,0.0899723,0.286164,0.267498,0.118637,0.0255013,0.00940008,0.0107523,0.0761657,0.162958,0.16518,0.101617,0.0179289,0.000103508,0.00343073,0.00460573,0.0800105,0.594249,0.703256,0.138744,0.00520161,0.0027638,0.0031436,0.0223755,0.11047,0.206593,0.168435,0.0582376,0.0114467,0.0165007,0.0264402,0.123887,0.220151,0.222127,0.0836175,0.0148941,0.0209762,0.00622346,0.0253875,0.078421,0.0934639,0.0973634,0.0448295,0.00118432,0.00100586,0.00424699,0.0320405,0.585716,1.10857,0.338881,0.0385631,0.0158657,0.0018778,0.00352915,0.0334187,0.0728045,0.114811,0.0766788,0.0248473,0.00525367,0.0170939,0.127455,0.287135,0.351065,0.141419,0.03895,0.0147552,0.0012284,0.0127772,0.0391827,0.0567683,0.0543006,0.0110416
117.400090703,0.000174484,0.0110566,0.100761,0.171067,0.076446,0.0253928,0.00404009,0.00877905,0.00938125,0.0899723,0.308693,0.280661,0.111345,0.0255013,0.00940008,0.0107523,0.0761657,0.141697,0.1248,0.0826254,0.0179289,0.000103508,0.00343073,0.00460573,0.0797922,0.581256,0.688305,0.126283,0.00520161,0.0027638,0.0031436,0.0223755,0.081744,0.109597,0.0843042,0.0496069,0.0114467,0.0165007,0.0264402,0.0848446,0.19459,0.253944,0.087974,0.0148941,0.0209762,0.00622346,0.0253875,0.0812362,0.0951483,0.0739981,0.0118514,0.00118432,0.00100586,0.00424699,0.0320405,0.460259,0.877321,0.226986,0.0385631,0.0158657,0.0018778,0.00352915,0.0334187,0.0735493,0.116904,0.0766788,0.0248473,0.00525367,0.0170939,0.0472179,0.174308,0.334422,0.113423,0.0275431,0.0147552,0.0012284,0.0127772,0.0419766,0.0673724,0.0605371,0.0115092
118.886167800,0.000174484,0.0110566,0.100539,0.171017,0.0762282,0.0253928,0.00404009,0.00877905,0.00892347,0.0849034,0.282881,0.277294,0.11371,0.0255013,0.00940008,0.0107523,0.0761657,0.134631,0.116508,0.0776967,0.0179289,0.000103508,0.00343073,0.00460573,0.0759155,0.596472,0.699871,0.130282,0.00520161,0.0027638,0.0031436,0.0223755,0.0806605,0.111856,0.0858997,0.0496069,0.0114467,0.0165007,0.0264402,0.0848446,0.190581,0.24733,0.0856543,0.0148941,0.0209762,0.00622346,0.0253875,0.067365,0.0716336,0.0644994,0.011812,0.00118432,0.00100586,0.00424699,0.0319797,0.496445,0.926481,0.238989,0.0385631,0.0158657,0.0018778,0.00352915,0.0265126,0.0499028,0.0942229,0.0766788,0.0248473,0.00525367,0.0170939,0.0472179,0.167309,0.32666,0.111919,0.0275431,0.0147552,0.0012284,0.0127772,0.0418047,0.0680095,0.0611406,0.0114646
120.372244898,0.000174484,0.0110566,0.0966699,0.155602,0.0547733,0.00735651,0.00128698,0.00877905,0.00892347,0.0896372,0.288144,0.267321,0.104295,0.0240921,0.00940008,0.0107523,0.0761001,0.135639,0.105147,0.0643286,0.0166761,0.000103508,0.00343073,0.00456852,0.0875923,0.703708,0.822181,0.130282,0.00520161,0.0027638,0.0031436,0.0216827,0.0741545,0.102627,0.0725205,0.0408215,0.0101036,0.0165007,0.026047,0.0858435,0.198031,0.249372,0.067328,0.00998355,0.020954,0.00622346,0.0253826,0.0681809,0.0713205,0.0563339,0.0116737,0.00118432,0.00100586,0.00424699,0.0329572,0.540017,1.01196,0.239825,0.0143108,0.00942001,0.00145249,0.00347469,0.0248855,0.051156,0.0997141,0.0753995,0.0246044,0.00525367,0.0170939,0.0466191,0.165593,0.3257,0.117098,0.0274955,0.0147552,0.0012284,0.0127469,0.0415034,0.0691119,0.0541452,0.0090518
121.858321995,0.000174484,0.0110566,0.101038,0.187208,0.0621145,0.00689736,0.00128698,0.00601716,0.00756515,0.0890883,0.372859,0.322847,0.111465,0.0240192,0.00940008,0.00572234,0.0443813,0.107037,0.0984639,0.0358411,0.000980743,0.000103508,0.00343073,0.00395526,0.0814474,0.825662,0.96144,0.148788,0.00520161,0.0027638,0.00293346,0.0191666,0.0664492,0.117938,0.0430294,0.00341678,0.000310952,0.0165007,0.026047,0.0849161,0.236902,0.287304,0.0750563,0.00998355,0.020954,0.00411963,0.00939708,0.0411946,0.065528,0.0514439,0.0114623,0.00117683,0.00100586,0.00424699,0.0329184,0.655018,1.2253,0.282988,0.0143108,0.00942001,0.00145249,0.000330556,0.00748595,0.0573919,0.0980797,0.0716853,0.0246044,0.00525367,0.0170939,0.0462312,0.161146,0.313065,0.113502,0.0235246,0.0138544,0.00118874,0.0126482,0.0409615,0.0707027,0.0581259,0.0090518
123.344399093,0.000174484,0.00906858,0.0765725,0.153966,0.0522343,0.00689736,0.00128698,0.00601716,0.00756515,0.0935682,0.394953,0.359591,0.0975996,0.0230672,0.00940008,0,0.0015829,0.0470261,0.102569,0.0344893,0.000760571,0.000103508,0.00259566,0.00381123,0.0814189,0.85086,1.01523,0.146842,0.00520229,0.00107268,0.00252952,0.00422392,0.0304384,0.110189,0.0575213,0.00353772,0.000310952,0.0140169,0.0229683,0.0860751,0.246038,0.32067,0.0708191,0.00998355,0.020954,0.00411963,0.000826903,0.0203875,0.0770355,0.0532247,0.00196784,0.000213239,0.00100586,3.50571e-05,0.0257852,0.666491,1.2499,0.262324,0.00718331,0.00199848,0.00131713,0.000330556,0.00631225,0.0743245,0.0798114,0.0147362,0.00188228,0.0047451,0.015419,0.0428513,0.184153,0.407352,0.126155,0.0235246,0.0135106,0.000786655,3.77583e-05,0.00708243,0.0659603,0.0586869,0.00776073
124.830476190,0.000174484,0.00901188,0.0760266,0.151488,0.0519527,0.0068869,0.000717239,0.00587526,0.00756515,0.0893208,0.384016,0.354553,0.0975359,0.0221079,0.00862888,0,0.00143962,0.0521656,0.111276,0.0371389,0.000759283,0,0.000768222,0.00381932,0.0811905,0.874731,1.05209,0.159245,0.00668775,0.000849663,0.000360723,0.00388391,0.0297426,0.109137,0.0540928,0.00152695,0,0.0140169,0.0229683,0.0839199,0.241776,0.317172,0.066399,0.00853317,0.0166547,0.00401251,0.000896183,0.0256249,0.0887427,0.0510532,0.00168485,0.000213239,0.00100586,3.50571e-05,0.0251938,0.687512,1.28869,0.264357,0.00610262,9.41809e-05,0,0.000330556,0.00819028,0.0807877,0.0678642,0.0114418,0.00188228,0.0047451,0.015419,0.0411571,0.171384,0.38952,0.107249,0.018413,0.0119853,0.000465916,5.63747e-05,0.00863098,0.0772105,0.0637607,0.00744053
126.316553288,0.000174484,0.00909755,0.0705494,0.150717,0.0480584,0.0065006,0.000717239,0.00587526,0.00590093,0.0769501,0.361334,0.331524,0.0903476,0.0221079,0.00862888,0,0.00144924,0.0434279,0.108712,0.0370633,0.000393256,0,0.000768222,0.00594411,0.104025,0.938347,1.08594,0.149585,0.00668775,0.000849663,0.000360723,0.00395774,0.0288078,0.10927,0.0512838,0.001507,0,0.0140169,0.0219758,0.0765168,0.228765,0.308677,0.0659596,0.00853317,0.0166547,0.00395809,0.000339222,0.0190099,0.0841841,0.0535317,0.00309808,0.000383135,0.00100586,0.000678854,0.0348601,0.726328,1.3209,0.270039,0.00789838,9.41809e-05,0,2.37483e-05,0.00549661,0.0781222,0.0670833,0.0117588,0.00188228,0.0047451,0.0149076,0.0372814,0.165152,0.387451,0.107279,0.018413,0.0119853,0.000465916,1.86164e-05,0.0048621,0.0706596,0.0655794,0.0076977
127.802630385,0.000174484,0.0011711,0.042185,0.125017,0.0492317,0.00850384,0.00133996,0.00579921,0.00262039,0.0669816,0.35241,0.323656,0.090367,0.0220537,0.00862888,0,0.00144924,0.0428199,0.108322,0.0373915,0.000406939,0,0.000689175,0.00251579,0.086195,0.90651,1.06222,0.151373,0.00691384,0.00154504,0.000442129,0.00395774,0.0282007,0.109809,0.051426,0.00157533,0,0.0140169,0.0219431,0.0758965,0.201286,0.249136,0.0526635,0.00844174,0.0166746,0.00395809,0.000339222,0.0193932,0.0838235,0.053038,0.00309808,0.000383135,0.00101819,0.000678854,0.0253476,0.707397,1.32362,0.259579,0.00789838,0.000801227,0.000289411,2.37483e-05,0.00544935,0.0810634,0.0685438,0.0120017,0.00188228,0.0047451,0.0149076,0.0279998,0.105373,0.286186,0.0795212,0.0176989,0.0119853,0.000465916,1.86164e-05,0.0048621,0.0692057,0.0655484,0.0076977
129.288707483,0.000174484,0.00117678,0.0430733,0.127067,0.0495354,0.00850384,0.00134669,0.00586796,0.00275786,0.0681564,0.345838,0.306072,0.0803083,0.0214302,0.00861637,0,0.00154089,0.0255386,0.0705969,0.022741,0.000406939,0.000108641,0.00106991,0.00282523,0.089402,0.911976,1.06375,0.151408,0.00696557,0.00154504,0.000442129,0.00396685,0.0250148,0.104639,0.0515113,0.00161922,7.78042e-06,0.0140388,0.0217451,0.0684708,0.190909,0.247436,0.0519815,0.00807961,0.0166728,0.00391342,0.000262423,0.0194209,0.0839705,0.0531663,0.00308728,0.00039714,0.00105109,0.000805681,0.0251205,0.709373,1.3244,0.25609,0.00607769,0.000707046,0.000289411,2.29412e-05,0.00545495,0.0778011,0.0600675,0.00718747,0.00183416,0.0047334,0.014886,0.0280114,0.105935,0.279021,0.0754035,0.0176841,0.0119886,0.000480962,1.86164e-05,0.00487642,0.0693071,0.0655852,0.00768092
130.774784580,0.000174484,0.00117678,0.0348223,0.0848525,0.0277152,0.00850384,0.00134669,0.00586796,0.00287607,0.0633831,0.343638,0.312358,0.0832364,0.0214302,0.00861637,0.000889319,0.00349706,0.0279549,0.0727459,0.0219998,0.000406939,0.000108641,0.00106991,0.00282523,0.0883206,0.963377,1.15477,0.179937,0.00696557,0.00154504,0.000703015,0.00440189,0.0238985,0.0862713,0.0388349,0.00039106,7.78042e-06,0.0140388,0.0217451,0.0680395,0.203854,0.271986,0.0614792,0.00807961,0.0166728,0.00450717,0.00170275,0.0201823,0.0886255,0.0559783,0.00308728,0.00039714,0.00105109,0.000805681,0.0250247,0.763698,1.43311,0.295372,0.00607769,0.000707046,0.000303137,0.000173754,0.00556402,0.0779243,0.0591478,0.00628742,0.00183416,0.0047334,0.014886,0.0280114,0.127853,0.324862,0.0954011,0.0176841,0.0119886,0.000702455,0.000967269,0.00548065,0.0629037,0.0549989,0.00369154
132.260861678,0.000174484,0.00117678,0.0391811,0.0949391,0.0330518,0.00850384,0.00134669,0.00586796,0.00287607,0.0679289,0.354855,0.320274,0.0832238,0.0214302,0.00861637,0.000889319,0.00349706,0.0277375,0.0722926,0.0305807,0.000406939,0.000108641,0.00106991,0.00282523,0.102795,1.01346,1.13515,0.166358,0.00696557,0.00154504,0.000703015,0.00440189,0.0316577,0.0939539,0.041645,0.00039106,7.78042e-06,0.0140388,0.0217451,0.0680395,0.206656,0.267921,0.061231,0.00807961,0.0166728,0.00450717,0.00170275,0.0201823,0.084342,0.0576436,0.00308728,0.00039714,0.00105109,0.000805681,0.0235925,0.790533,1.41131,0.296242,0.00607769,0.000707046,0.000303137,0.000173754,0.00995448,0.0784695,0.0600879,0.00628742,0.00183416,0.0047334,0.014886,0.0280114,0.126364,0.313745,0.0945852,0.0176841,0.0119886,0.000702455,0.000967269,0.00548065,0.0670532,0.0576514,0.00518136
133.746938776,0.000174484,0.000280747,0.0310072,0.0927332,0.0361355,0.00890304,0.00134669,0.00586796,0.00287607,0.0631626,0.345883,0.313538,0.0862753,0.0214302,0.00861637,0.000889319,0.00349706,0.0277375,0.0764932,0.0325785,0.000522748,0.000108641,0.00106991,0.00282523,0.0958692,0.957916,1.13854,0.180866,0.00696557,0.00154504,0.000703015,0.00372484,0.0255822,0.0839426,0.0394178,0.00039106,7.78042e-06,0.0140388,0.0217451,0.0673774,0.236331,0.342932,0.086499,0.00807961,0.0166728,0.00450717,0.00170275,0.0201823,0.0868254,0.060381,0.00308728,0.00039714,0.00105109,0.000805681,0.0274535,0.774983,1.43603,0.308762,0.00607769,0.000707046,0.000303137,0.000173754,0.00995448,0.0802731,0.0605004,0.00628742,0.00183416,0.0047334,0.014886,0.0280114,0.149258,0.365973,0.113515,0.0176841,0.0119886,0.000702455,0.000967269,0.00548065,0.0664233,0.0617941,0.00518136
135.233015873,0.000174484,0.000220899,0.0292016,0.0927,0.0333792,0.00252865,0.000629455,0.00586796,0.00287607,0.0727031,0.43786,0.332708,0.0272415,0.00433651,0.00861637,0.000889319,0.0037569,0.0315773,0.083231,0.0289992,0.0001355,0.000108641,0.00106991,0.00282523,0.115538,1.16182,1.31024,0.195448,0.00696557,0.00154504,0.000703015,0.00372484,0.022513,0.0902297,0.0458882,0.00121877,7.78042e-06,0.0140388,0.0217451,0.0672107,0.289903,0.37558,0.090432,0.00807961,0.0166728,0.00450717,0.00190523,0.0225031,0.0956379,0.0575487,0.00272651,0.00039714,0.00105109,0.000805681,0.0321955,0.92859,1.62838,0.363689,0.00607769,0.000707046,0.000303137,0.000150813,0.00916891,0.0783617,0.0574375,0.00610707,0.00183416,0.0047334,0.014886,0.0279373,0.194868,0.421739,0.140425,0.0176841,0.0119886,0.000702455,0.000967269,0.00617766,0.0662246,0.0518692,0.00389137
136.719092971,0.000174484,0.000220899,0.0296508,0.0927,0.0333792,0.00252865,0.000629455,0.00586796,0.00287607,0.0737031,0.445084,0.345657,0.0257717,0.00433651,0.00861637,0.000889319,0.0037569,0.0303423,0.0793918,0.0256862,0.0001355,0.000108641,0.00106991,0.00282523,0.112299,1.18306,1.37034,0.180438,0.00186604,0.00154504,0.000703015,0.00372484,0.0225309,0.0906857,0.0458882,0.00121877,7.78042e-06,0.0140388,0.0217451,0.067762,0.288995,0.365382,0.0637464,0.00340322,0.0166728,0.00450717,0.00190523,0.0211143,0.099945,0.0563764,0.00221874,0.00039714,0.00105109,0.000805681,0.0333176,0.955127,1.72893,0.382977,0.00607769,0.000707046,0.000303137,0.000150813,0.00781892,0.0790845,0.05809,0.00375506,7.22273e-05,0.0047334,0.014886,0.0283608,0.200932,0.453299,0.124108,0.00713298,0.0119886,0.000702455,0.000967269,0.00658467,0.0717023,0.0523716,0.00293988
138.205170068,0.000174484,0.000220899,0.0290742,0.0895865,0.0305451,0.00252865,0.000629455,0.00586796,0.00148387,0.0446654,0.434169,0.353878,0.0252396,0,0,0.000889319,0.0037569,0.0320606,0.0826522,0.0256862,0.0001355,0.000108641,0.00106991,0.00282523,0.12127,1.22897,1.31462,0.160721,0.00186604,0.00154504,0.000703015,0.000787446,0.020626,0.092405,0.044669,0.00121877,7.78042e-06,0.0140388,0.0131274,0.0172568,0.274893,0.375309,0.0639713,3.77733e-05,0.000167928,0.0015355,0.00190523,0.0202811,0.0971501,0.0563764,0.00221874,0.000183901,4.52335e-05,0.000805681,0.0322917,1.00982,1.72247,0.374773,0.00179977,0.000707046,0.000303137,0.000150813,0.00781892,0.0808651,0.0575317,0.00230703,7.22273e-05,0.0047334,0.014886,0.00413465,0.19122,0.461286,0.124614,0.00713298,0.0119886,0.000702455,0.000967269,0.00658467,0.0664311,0.0513849,0.00293988
139.691247166,0,0.000220899,0.0290742,0.0925745,0.0322402,0.00252865,0.000629455,6.87452e-05,0.000255686,0.036229,0.40678,0.351071,0.0261475,0,0,0.000889319,0.00252388,0.024529,0.0807295,0.0256573,0.0001355,0.000108641,0.000380737,0.00267927,0.101491,1.15713,1.30683,0.166043,0.00186604,0.000699584,0.000342292,0.000543885,0.0187254,0.0908449,0.0459442,0.00121877,7.78042e-06,2.1987e-05,7.2315e-06,0.0178096,0.293952,0.415254,0.0650396,3.77733e-05,2.72975e-05,0.000593749,0.00171209,0.017086,0.098136,0.0561758,0.00221874,0.000183901,4.52335e-05,0.000805681,0.0288235,0.93169,1.64602,0.36005,0.00179977,0.000707046,0.000303137,0.000150813,0.00716407,0.0766098,0.0565396,0.00230703,7.22273e-05,6.63439e-06,0,0.00165768,0.200224,0.504977,0.134617,0.000341637,3.47832e-06,0.00023654,0.000967269,0.00658467,0.0681546,0.0528166,0.00293988
141.177324263,0,0.000220899,0.0289657,0.0873843,0.0267218,0.00252865,0.000629455,6.87452e-05,0.000255686,0.036229,0.414193,0.354996,0.0261993,0,0,0.000889319,0.00252388,0.0245095,0.0797355,0.0254556,0.0001355,0.000108641,0.000380737,0.00267927,0.104617,1.19043,1.32257,0.168016,0.00186604,0.000699584,0.000342292,0.000543885,0.0186511,0.0889048,0.0435063,0.00121877,7.78042e-06,2.1987e-05,7.2315e-06,0.0125369,0.27775,0.396841,0.0659173,3.77733e-05,2.72975e-05,0.000593749,0.00171209,0.0142708,0.0919347,0.054391,0.00221874,0.000183901,4.52335e-05,0.000805681,0.0288235,0.956745,1.68268,0.383095,0.00179977,0.000707046,0.000303137,0.000150813,0.00716407,0.0758651,0.054447,0.00230703,7.22273e-05,6.63439e-06,0,0.00165768,0.198863,0.50022,0.139033,0.000341637,3.47832e-06,0.00023654,0.000967269,0.00379078,0.0575505,0.0465801,0.00247234
142.663401361,0,0.000220899,0.0292076,0.0870351,0.0266915,0.00252865,0.000629455,6.87452e-05,0.000255686,0.0361899,0.422686,0.358566,0.0238311,0,0,0.000889319,0.00252388,0.0252933,0.0800929,0.026011,0.0001355,0.000108641,0.000380737,0.00267927,0.120816,1.26609,1.42874,0.170511,0.00186604,0.000699584,0.000342292,0.000543885,0.0184148,0.0851044,0.041695,0.00121877,7.78042e-06,2.1987e-05,7.2315e-06,0.0125369,0.285907,0.412941,0.065557,3.77733e-05,2.72975e-05,0.000593749,0.00171209,0.0146908,0.0927512,0.0547364,0.00221874,0.000183901,4.52335e-05,0.000805681,0.0330675,0.98271,1.74728,0.375814,0.00179977,0.000707046,0.000303137,0.000150813,0.00763497,0.0770239,0.0555873,0.00230703,7.22273e-05,6.63439e-06,0,0.00165768,0.204304,0.520089,0.138103,0.000341637,3.47832e-06,0.00023654,0.000967269,0.00389671,0.0579495,0.0466812,0.00248383
144.149478458,0,0.000220899,0.0261572,0.0838293,0.0266915,0.00252865,0.000629455,6.87452e-05,0.000255686,0.0313023,0.470567,0.39179,0.0238311,0,0,0.000889319,0.00252388,0.0214565,0.0712797,0.0255801,0.0001355,0.000108641,0.000380737,0.00267927,0.108462,1.27437,1.43187,0.199708,0.00186604,0.000699584,0.000342292,0.000543885,0.0172527,0.0820243,0.041695,0.00121877,7.78042e-06,2.1987e-05,7.2315e-06,0.00735699,0.283748,0.410393,0.0573111,3.77733e-05,2.72975e-05,0.000593749,0.00171209,0.0137226,0.0848299,0.053755,0.00221874,0.000183901,4.52335e-05,0.000805681,0.0319456,1.03006,1.82035,0.421866,0.00179977,0.000707046,0.000303137,0.000150813,0.00722889,0.0706459,0.0488499,0.0022519,7.22273e-05,6.63439e-06,0,0.000913811,0.192701,0.515397,0.132168,0.000341637,3.47832e-06,0.00023654,0.000967269,0.00389671,0.0540155,0.0446902,0.0024019
145.635555556,0,0.000220899,0.0184095,0.0467241,0.0153579,0.00240577,0.000629455,6.87452e-05,0.000255686,0.0313023,0.400707,0.375241,0.0591024,0.0032136,0,0.000889319,0.00252388,0.0214565,0.0685956,0.0243083,0.0001355,0.000108641,0.000380737,0.00267927,0.126168,1.20556,1.3569,0.20911,0.00404457,0.000699584,0.000342292,0.000543885,0.01699,0.0635956,0.0338761,0.00121877,7.78042e-06,2.1987e-05,7.2315e-06,0.00735699,0.284715,0.431173,0.0495829,3.77733e-05,2.72975e-05,0.000593749,0.00171209,0.0137226,0.0832184,0.0515573,0.00221874,0.000183901,4.52335e-05,0.000805681,0.0357759,0.969623,1.69409,0.386578,0.00179977,0.000707046,0.000303137,0.000150813,0.00708811,0.0573538,0.0414397,0.0022519,7.22273e-05,6.63439e-06,0,0.000913811,0.218959,0.599503,0.134545,0.000341637,3.47832e-06,0.00023654,0.000967269,0.00389671,0.0523071,0.0407095,0.0024019
147.121632653,0,0.000220899,0.0169716,0.0416603,0.0147593,0.00240577,0.000629455,6.87452e-05,0.00290768,0.0653548,0.414762,0.334067,0.0602792,0.0105218,0.012956,0.00655155,0.00252388,0.020306,0.0598166,0.0237303,0.000129492,0.000108641,0.000380737,0.00267927,0.12388,1.2351,1.39232,0.259539,0.0102832,0.000699584,0.000342292,0.000543885,0.0127674,0.0475466,0.0187154,0.0010202,7.78042e-06,2.1987e-05,0.0022997,0.0382235,0.293664,0.393396,0.0773884,0.0121664,0.000785837,0.000593749,0.00171209,0.0114806,0.0610896,0.0343064,0.0019936,0.000183901,4.52335e-05,0.000805681,0.0357759,1.00091,1.72053,0.418126,0.00179977,0.000707046,0.000303137,0.000150813,0.00708811,0.0378247,0.0279366,0.00207287,7.22273e-05,6.63439e-06,0.00114591,0.0176523,0.204604,0.501123,0.148443,0.0197475,0.00131562,0.00023654,0.000967269,0.00389671,0.0406364,0.034664,0.00232235
148.607709751,0,0.0159551,0.0773704,0.0988689,0.0228057,0.00240577,0.000629455,6.87452e-05,0.00290768,0.0653393,0.412836,0.332444,0.0601453,0.0105218,0.012956,0.00655155,0.00243777,0.0137042,0.0475071,0.0199973,0.000129492,0.000108641,0.000380737,0.00275873,0.136557,1.26598,1.42463,0.263272,0.0132623,0.000699584,0.000342292,0.000543885,0.0113294,0.0425455,0.0174882,0.00093993,7.78042e-06,2.1987e-05,0.0022997,0.0382235,0.29299,0.392809,0.0773884,0.0195496,0.0191964,0.0115874,0.00164281,0.00598036,0.0400912,0.0246243,0.0019936,0.000183901,4.52335e-05,0.000805681,0.0476089,1.04074,1.78074,0.479199,0.0189306,0.000707046,0.000303137,0.000150813,0.00519732,0.0305165,0.0245944,0.00178289,7.22273e-05,6.63439e-06,0.00114591,0.0176523,0.204063,0.498582,0.152429,0.0390093,0.0287996,0.0125792,0.000948653,0.00234816,0.0293862,0.0285145,0.00232235
150.093786848,0.0031976,0.0157399,0.0731756,0.0912989,0.0225159,0.00240577,0.0013878,0.00159646,0.00454344,0.0695056,0.418695,0.331637,0.0601453,0.0105218,0.0270484,0.0233469,0.00651004,0.0163347,0.0472217,0.017295,0.000129492,0.000108641,0.000380737,0.000703677,0.112957,1.18961,1.36627,0.263272,0.0132623,0.000699584,0.000342292,0.00607453,0.0260192,0.0793604,0.0242681,0.00093993,8.61939e-05,0.0117418,0.0155412,0.0401369,0.296174,0.391951,0.0773884,0.0195496,0.0191964,0.0115874,0.00183515,0.00831569,0.046114,0.0198431,0.000265169,1.40045e-05,4.52335e-05,0.000193216,0.0426678,1.0061,1.76614,0.469504,0.0171348,0.000707046,0.000303137,0.000150813,0.0107111,0.0722392,0.0298791,0.00150907,7.22273e-05,0.0106067,0.0158141,0.0231575,0.205502,0.498079,0.152274,0.0390093,0.0287996,0.0125792,0.000948653,0.00199522,0.02487,0.0236014,0.00157805
151.579863946,0.0031976,0.0182035,0.0956839,0.107691,0.0226831,0.000399201,0.000765083,0.00159646,0.00513728,0.0753458,0.423786,0.334657,0.0601232,0.0105218,0.0270484,0.0233469,0.00923718,0.0395022,0.0749793,0.0171709,0.000115809,0.000108641,0.000380737,0.000703677,0.114536,1.19037,1.36002,0.259817,0.0129413,0,0.000260886,0.00653939,0.0331303,0.0862294,0.0242281,0.000871599,8.61939e-05,0.0117418,0.0155412,0.0402841,0.297586,0.394574,0.0773887,0.0195496,0.0191765,0.0115874,0.00183563,0.0089653,0.0468593,0.0190917,0.000265169,1.40045e-05,3.28955e-05,0.000193216,0.0426679,0.970278,1.6722,0.458238,0.0171348,0,1.37255e-05,0.000150813,0.0115732,0.072885,0.027807,0.00126613,7.22273e-05,0.0106067,0.0158141,0.023456,0.208534,0.505033,0.151988,0.0390093,0.0287996,0.0125792,0.000948653,0.00255029,0.0291878,0.025545,0.00157805
153.065941043,0.0031976,0.0181993,0.0970094,0.116433,0.0415548,0.00185442,0.000758349,0.00152771,0.0049998,0.0875729,0.466329,0.368122,0.0665297,0.0105218,0.0270484,0.0233469,0.00914553,0.0394882,0.0867897,0.031796,0.00206433,0,0,0.000390826,0.111773,1.23105,1.42204,0.279029,0.0128857,0,0.000260886,0.00653029,0.0392929,0.0973308,0.0395459,0.00584549,7.84135e-05,0.0117198,0.0155339,0.0426297,0.316354,0.41599,0.0867891,0.0195119,0.0191691,0.0115874,0.00183563,0.014772,0.0596933,0.0322003,0.00271879,0,0,3.13317e-05,0.0413931,0.998737,1.73161,0.485508,0.0171308,0,1.37255e-05,0.000150813,0.0230139,0.0940337,0.0417558,0.00779533,0,0.0106001,0.0158141,0.0234295,0.220539,0.527465,0.166167,0.0390021,0.0287961,0.0125642,0.000948653,0.0110139,0.0431024,0.0374031,0.00556735
154.552018141,0.0031976,0.0237008,0.118198,0.137073,0.0434419,0.00185442,0.000758349,0.00152771,0.00488159,0.0927066,0.486893,0.40309,0.0786687,0.0105218,0.0270484,0.0224575,0.0101691,0.0539907,0.111642,0.0507529,0.0021733,0,0,0.000390826,0.12858,1.25926,1.39806,0.251476,0.0128857,0,0,0.00703281,0.0524333,0.121365,0.0450874,0.00584549,7.84135e-05,0.0117198,0.0155339,0.0541441,0.345646,0.458783,0.093982,0.0195458,0.0191691,0.0109936,0.000524994,0.0174361,0.0715731,0.0447868,0.00681282,0,0,3.13317e-05,0.0469601,1.01751,1.73226,0.458483,0.0171308,0,0,0,0.0235952,0.10124,0.046427,0.00779533,0,0.0106001,0.0158141,0.0309745,0.239685,0.569228,0.178296,0.0404325,0.0287961,0.0123427,0,0.0106827,0.0498872,0.047015,0.0107741
156.038095238,0.0031976,0.0237772,0.13895,0.139556,0.04374,0.00228906,0.000758349,0.00152771,0.00488159,0.0885159,0.525211,0.449035,0.0898192,0.0105218,0.0270484,0.0224575,0.0101691,0.0588569,0.11264,0.0434868,0.00314649,0,0,0.000390826,0.113486,1.2321,1.41973,0.267705,0.0128857,0,0,0.00714316,0.065499,0.14459,0.0576335,0.00974109,7.84135e-05,0.0117198,0.0155339,0.0541441,0.373114,0.506587,0.114969,0.0195458,0.0191691,0.0109936,0.000597569,0.0293457,0.0803514,0.0527851,0.0125265,0,0,3.13317e-05,0.0472051,1.02076,1.75799,0.458869,0.0171308,0,0,2.42193e-05,0.0323357,0.126366,0.0583489,0.0136766,0,0.0106001,0.0158141,0.0310725,0.257439,0.595222,0.190201,0.0404325,0.0287961,0.0123427,3.35058e-06,0.0172911,0.0560819,0.0480326,0.0113042
157.524172336,0.0031976,0.0282521,0.161666,0.15714,0.0474932,0.00188986,0.000758349,0.00152771,0.00488159,0.107758,0.543831,0.442688,0.0867677,0.0105218,0.0270484,0.0224575,0.0114378,0.0666604,0.138487,0.0705649,0.00351515,0,0,0.000390826,0.116849,1.18862,1.3207,0.244109,0.0128857,0,0,0.00766749,0.0826611,0.16224,0.0639871,0.00974109,7.84135e-05,0.0117198,0.0155339,0.0574834,0.36662,0.455661,0.0912209,0.0195458,0.0191691,0.0109936,0.000597569,0.0420186,0.106882,0.079284,0.0163524,0,0,3.13317e-05,0.0420733,0.95617,1.61898,0.422165,0.0171308,0,0,2.42193e-05,0.0459609,0.15214,0.0775402,0.0195766,0,0.0106001,0.0158141,0.0310725,0.27412,0.613604,0.199742,0.0404325,0.0287961,0.0123427,3.35058e-06,0.0224983,0.0693799,0.0752838,0.022774
159.010249433,0.0031976,0.0282521,0.162363,0.162291,0.049565,0.00241761,0.00103941,0.00154529,0.00488159,0.098218,0.463899,0.408973,0.0945396,0.0105397,0.0270484,0.0224575,0.011178,0.0626555,0.142648,0.086282,0.0108846,0.00193867,0.000109245,0.000390826,0.0983724,1.00487,1.1631,0.231787,0.0128857,0,0,0.00800596,0.0877487,0.164543,0.0599652,0.00970321,7.84135e-05,0.0117198,0.0155339,0.0574834,0.314851,0.410385,0.0969568,0.0195458,0.0191691,0.0109936,0.00044873,0.0424907,0.122162,0.107265,0.0224642,0,0,3.13317e-05,0.0376301,0.813723,1.40556,0.365831,0.0171308,0,0,9.46437e-05,0.0535914,0.168411,0.0793242,0.0199844,0,0.0106001,0.0158141,0.0317167,0.228345,0.50439,0.160214,0.0404325,0.0287961,0.0123427,3.35058e-06,0.0231715,0.0802155,0.101631,0.030664
160.496326531,0.0031976,0.0282521,0.164423,0.168493,0.0508053,0.00241761,0.00103941,0.00155448,0.00504423,0.0977441,0.442085,0.394034,0.0945396,0.0105397,0.0270485,0.0224822,0.0115415,0.0623709,0.144533,0.0865051,0.0108846,0.00193867,0.000168309,0.00151693,0.103066,0.978517,1.11161,0.239786,0.0204003,0.000432112,4.75451e-05,0.00875812,0.0898606,0.16714,0.0621501,0.010958,0.000157648,0.0117198,0.0155339,0.056932,0.319915,0.407259,0.0984885,0.0195458,0.0191691,0.0109936,0.00044873,0.0416282,0.114818,0.106527,0.0226504,0,3.27702e-05,0.00105627,0.0455829,0.819908,1.36459,0.383581,0.0247925,0.00045348,9.31608e-07,0.000109382,0.0540484,0.169984,0.0812387,0.0196605,0,0.0106001,0.0160609,0.0351982,0.227776,0.44827,0.154645,0.0416737,0.0288956,0.0123427,3.35058e-06,0.0227645,0.0790501,0.1029,0.0309976
161.982403628,0.0031976,0.0282521,0.167669,0.163187,0.0492271,0.00241761,0.00103941,0.00155448,0.00504423,0.0925226,0.423374,0.379508,0.0945541,0.0105397,0.0270485,0.0224822,0.0115415,0.0629124,0.143753,0.0874467,0.0108846,0.00193867,0.000168309,0.00151693,0.0941847,0.905241,1.05808,0.23433,0.0204003,0.000432112,4.75451e-05,0.00875812,0.0898635,0.164531,0.058623,0.010958,0.000157648,0.0117198,0.0155339,0.0559947,0.307071,0.402978,0.0983415,0.0195458,0.0191691,0.0109936,0.000450563,0.0419734,0.117081,0.106844,0.0226504,0,3.27702e-05,0.00105627,0.0450451,0.747489,1.27245,0.357885,0.0247925,0.00045348,9.31608e-07,0.000109382,0.0547574,0.170326,0.0779831,0.0196605,0,0.0106001,0.0160609,0.0351982,0.215652,0.447969,0.157964,0.0416737,0.0288956,0.0123427,3.35058e-06,0.0227666,0.079725,0.103895,0.0310116
163.468480726,0.0031976,0.0283691,0.169036,0.167727,0.056428,0.00241822,0.00103941,0.00155448,0.00504423,0.0970679,0.43044,0.378866,0.0936917,0.0105397,0.0270485,0.0224822,0.011589,0.064235,0.148333,0.0886107,0.0108846,0.00193867,0.000168309,0.00151693,0.0969624,0.895758,1.03086,0.227552,0.0204003,0.000432112,4.75451e-05,0.00917216,0.0963104,0.17489,0.062612,0.0109603,0.000157648,0.0117198,0.0155339,0.0536786,0.287954,0.370213,0.0977261,0.0195458,0.0191691,0.0109936,0.00060145,0.0437277,0.117991,0.107506,0.0226505,0,3.27702e-05,0.00105627,0.0416828,0.733258,1.24565,0.356895,0.0247925,0.00045348,9.31608e-07,0.000109382,0.0580831,0.176938,0.0834953,0.020274,0,0.0106001,0.0160609,0.0362536,0.212238,0.412556,0.147989,0.0416737,0.0288956,0.0123427,3.35058e-06,0.0251721,0.0834963,0.103852,0.0310118
164.954557823,0.0031976,0.0283723,0.175484,0.18332,0.0629852,0.00289577,0.00103941,0.00155448,0.00504423,0.0989563,0.427342,0.362799,0.0930584,0.0105397,0.0270485,0.0224822,0.011589,0.0686821,0.174622,0.116417,0.0121936,0.00193867,0.000168309,0.00151693,0.0959557,0.90394,1.06343,0.236581,0.0204003,0.000432112,4.75451e-05,0.00917216,0.0960288,0.188611,0.0716854,0.0115702,0.000157648,0.0117198,0.0155339,0.0547937,0.297287,0.36396,0.0961278,0.0195458,0.0191691,0.0109936,0.00060145,0.0442161,0.136417,0.133326,0.0241809,0,3.27702e-05,0.00105627,0.0425078,0.717787,1.2369,0.34587,0.0247925,0.00045348,9.31608e-07,0.000211864,0.0603758,0.195539,0.0918345,0.0207532,0,0.0106001,0.0160609,0.0362536,0.218078,0.419531,0.148609,0.0420608,0.0288956,0.0123427,4.10079e-05,0.0261006,0.0948999,0.122797,0.0326614
166.440634921,0.0031976,0.030656,0.200594,0.20358,0.0671875,0.00289577,0.00103941,0.00155448,0.00504423,0.114531,0.489506,0.427034,0.096979,0.0105397,0.0270485,0.0224822,0.011589,0.0761855,0.189896,0.1224,0.0121936,0.00193867,0.000168309,0.00151693,0.086018,0.871796,1.00844,0.238007,0.0204003,0.000432112,4.75451e-05,0.00917216,0.121329,0.215271,0.0777496,0.0115702,0.000157648,0.0117198,0.0155339,0.0553295,0.308455,0.396985,0.115009,0.0195458,0.0191691,0.0109936,0.00060145,0.0567277,0.151452,0.133849,0.0241809,0,3.27702e-05,0.00105627,0.0382923,0.729958,1.24214,0.378418,0.0247925,0.00045348,9.31608e-07,0.000211864,0.0690599,0.20741,0.0959317,0.0224416,0,0.0106001,0.0160609,0.0367195,0.245688,0.463022,0.185421,0.0421824,0.0288956,0.0123427,4.10079e-05,0.0324135,0.10186,0.123388,0.0326588
167.926712018,0.0031976,0.0334304,0.221829,0.223356,0.0709145,0.00289577,0.00103941,0.00155448,0.00504423,0.11572,0.479967,0.42624,0.104186,0.0105397,0.0270485,0.0224822,0.0122254,0.0882846,0.208661,0.138004,0.0121936,0.00193867,0.000168309,0.00151693,0.0917652,0.816408,0.935855,0.212798,0.0204003,0.000432112,4.75451e-05,0.00976035,0.133849,0.23327,0.090718,0.0115702,0.000157648,0.0117198,0.0155339,0.0592439,0.344066,0.454126,0.124653,0.0195458,0.0191691,0.0109936,0.00060145,0.0692254,0.172694,0.157313,0.0241809,0,3.27702e-05,0.00105627,0.0398868,0.660157,1.1309,0.323708,0.0247925,0.00045348,9.31608e-07,0.000211864,0.0768508,0.228995,0.115186,0.0224416,0,0.0106001,0.0160609,0.0367195,0.276025,0.536627,0.200613,0.0421824,0.0288956,0.0123427,4.10079e-05,0.0358516,0.115517,0.143557,0.0349303
169.412789116,0.0031976,0.0334304,0.230575,0.232717,0.0764782,0.00318851,0.00103941,0.00155448,0.00504423,0.11572,0.473788,0.408327,0.0618662,0.00732606,0.0270485,0.0224822,0.0122254,0.0942982,0.229007,0.160533,0.0145247,0.00193867,0.000168309,0.00151693,0.0740592,0.779588,0.911292,0.195185,0.0182217,0.000432112,4.75451e-05,0.00976035,0.148385,0.253654,0.0974135,0.0127151,0.000157648,0.0117198,0.0155339,0.0600814,0.310318,0.416233,0.128184,0.0197042,0.0191691,0.0109936,0.00060145,0.0714617,0.191206,0.182654,0.0316853,0,3.27702e-05,0.00105627,0.0360565,0.624985,1.08455,0.333457,0.0247925,0.00045348,9.31608e-07,0.000211864,0.0893548,0.250412,0.127398,0.023974,0,0.0106001,0.0160609,0.0375628,0.262044,0.476195,0.208459,0.042802,0.0288956,0.0123427,4.10079e-05,0.0373419,0.128913,0.166907,0.0471951
170.898866213,0.0031976,0.0334304,0.231233,0.245531,0.0897147,0.00318851,0.00103941,0.00155448,0.00239223,0.0799246,0.451344,0.415877,0.0606893,1.78494e-05,0.0140925,0.01682,0.0122254,0.0973411,0.252268,0.183815,0.0145247,0.00193867,0.000168309,0.00151693,0.0899528,0.795932,0.878646,0.144656,0.0119824,0.000432112,4.75451e-05,0.00976035,0.148547,0.262068,0.109914,0.0127151,0.000157648,0.0117198,0.0132415,0.0283435,0.293724,0.424987,0.100378,0.0075756,0.0184106,0.0109936,0.00060145,0.0743486,0.202593,0.19594,0.0316853,0,3.27702e-05,0.00105627,0.0383978,0.60944,1.05025,0.30453,0.0247925,0.00045348,9.31608e-07,0.000211864,0.0955976,0.262314,0.135191,0.0243849,0,0.0106001,0.014915,0.0208243,0.243951,0.482499,0.182203,0.0233961,0.0275835,0.0123427,4.10079e-05,0.0394064,0.137709,0.178606,0.0487535
172.384943311,0.00365792,0.0181141,0.170995,0.188615,0.0833545,0.00515791,0.00157314,0.00159262,0.00240736,0.0799976,0.452167,0.416399,0.0607765,3.66534e-05,0.0140955,0.0169223,0.0123287,0.0981442,0.25447,0.185496,0.0150144,0.00218541,0.000284746,0.00149369,0.0768789,0.763001,0.856628,0.147355,0.00751451,0.000444545,0.000255125,0.00994972,0.148677,0.262429,0.111238,0.013981,0.000483063,0.0117198,0.0132415,0.0283435,0.313589,0.45377,0.108711,0.000192335,0,0,0.00060145,0.0748107,0.203977,0.196771,0.0316853,0,3.27702e-05,0.00105627,0.0265648,0.648534,1.13701,0.322699,0.00766174,0.00045348,9.31608e-07,0.000211864,0.0955976,0.262314,0.135191,0.0243849,0,0.0106001,0.014915,0.0208243,0.286133,0.563061,0.212791,0.00413426,9.94947e-05,0,4.10079e-05,0.0394064,0.137709,0.178606,0.0487535
173.871020408,0.000466548,0.018121,0.171107,0.18893,0.083449,0.00516251,0.000818017,7.42153e-05,0.000798772,0.0758912,0.44564,0.416557,0.0608312,6.01504e-05,6.64884e-06,0.000127976,0.00813768,0.0934567,0.245757,0.185618,0.0150203,0.00219383,0.000301542,0.00123947,0.0756502,0.758386,0.854522,0.147374,0.00753399,0.000451354,0.000258675,0.00433987,0.132735,0.21995,0.104482,0.0139932,0.000413332,1.48737e-05,3.86583e-05,0.0263595,0.309341,0.453752,0.10872,0.00021051,7.35473e-06,5.77886e-06,0.00041231,0.0720875,0.194407,0.196731,0.0317047,6.79924e-06,5.41527e-05,0.00103192,0.0215415,0.632729,1.1001,0.318418,0.00766306,0.000456732,7.14688e-06,0.000227203,0.0900924,0.218802,0.127701,0.0244088,2.46635e-05,1.46582e-06,0.000252132,0.0153242,0.284632,0.563065,0.212815,0.0041568,0.000104228,3.82471e-06,4.70325e-05,0.0394206,0.137758,0.178668,0.0487554
175.357097506,0.000829761,0.0163705,0.149718,0.17337,0.0823374,0.00517805,0.000829373,8.81408e-05,0.000308542,0.0708114,0.438585,0.413035,0.0608748,6.27211e-05,6.98351e-06,0.000128472,0.00551714,0.0703911,0.216972,0.186052,0.0152507,0.0024914,0.000866501,0.001536,0.0745047,0.753724,0.851304,0.147452,0.00756104,0.000616809,0.000667018,0.00430465,0.126181,0.210332,0.104071,0.0142236,0.000429645,4.09999e-05,0.000134592,0.0263763,0.307196,0.450854,0.108745,0.000248001,0.000116311,0.000242133,0.000909086,0.0714474,0.191615,0.196821,0.0318075,9.01039e-06,5.81169e-05,0.00105754,0.021645,0.63201,1.09899,0.318554,0.00784106,0.000674699,0.000129231,0.000384947,0.0893589,0.213351,0.127665,0.0244159,0.000100639,7.68196e-05,0.000320977,0.0150839,0.280893,0.551782,0.213003,0.00421503,0.000257534,6.66688e-05,5.04027e-05,0.0388744,0.132944,0.175317,0.0487615
176.843174603,0.000938283,0.0167462,0.147628,0.162636,0.0631733,0.00373431,0.00125108,0.00305637,0.00444495,0.0598792,0.394231,0.375988,0.0544703,6.27211e-05,1.51028e-05,0.000331159,0.00606674,0.0701316,0.203424,0.171465,0.0133022,0.0024914,0.00138487,0.00577395,0.0821084,0.707971,0.786886,0.128825,0.00769708,0.000625482,0.00212315,0.015098,0.135637,0.201891,0.0887011,0.00924251,0.000652006,0.000849746,0.0013534,0.0250611,0.287881,0.427757,0.0996588,0.000330286,0.000116311,0.000242133,0.000911156,0.0656853,0.179063,0.184747,0.030774,0.00074688,0.000470986,0.00234387,0.0237327,0.601082,1.03713,0.291688,0.00841095,0.000955308,0.00105698,0.0043666,0.0841679,0.196227,0.115019,0.0182035,0.000184449,0.00010005,0.000374261,0.0155165,0.268945,0.528267,0.199424,0.00463822,0.000593266,0.000288073,0.000404823,0.031925,0.121833,0.164966,0.0449337
178.329251701,0.000938283,0.0112447,0.121103,0.144362,0.0688807,0.011615,0.00884822,0.00426158,0.00444495,0.0546534,0.358354,0.323093,0.040213,0.000739346,0.000215948,0.000331159,0.00308698,0.053207,0.173102,0.151421,0.0131932,0.0024914,0.00138487,0.00578143,0.0653337,0.624882,0.735315,0.141658,0.00960228,0.000625482,0.00212315,0.0141604,0.122901,0.186542,0.115404,0.014742,0.000652006,0.000849746,0.0013534,0.0135467,0.238852,0.35394,0.0846298,0.00287804,0.000506332,0.000286161,0.00102803,0.062272,0.162518,0.169332,0.02668,0.00074688,0.000470986,0.00234387,0.0194301,0.535413,0.938021,0.284122,0.00862235,0.000955308,0.00105698,0.0043666,0.0835474,0.189345,0.109406,0.0182472,0.000203034,0.00010005,0.000374261,0.00797149,0.227452,0.439644,0.166812,0.00320781,0.000593266,0.000310078,0.000493054,0.0318923,0.115058,0.155354,0.039727
179.815328798,0.00104009,0.0111808,0.0962427,0.132483,0.0640942,0.0125208,0.0118577,0.00587972,0.00447378,0.0543169,0.302598,0.265616,0.0332279,0.00249322,0.000899036,0.000331159,0.00308698,0.0483408,0.165239,0.148461,0.0139984,0.0024914,0.00138487,0.00578143,0.0649943,0.551545,0.63332,0.121003,0.011565,0.000825672,0.00212315,0.0140501,0.101704,0.152106,0.0998204,0.0422208,0.0334566,0.00698357,0.0013534,0.0135467,0.205186,0.29975,0.0744356,0.0292429,0.0147063,0.000286161,0.000955452,0.0503624,0.150158,0.153908,0.02159,0.00074688,0.000470986,0.00234387,0.0191851,0.472697,0.822575,0.25678,0.0135831,0.00198908,0.00105698,0.00434238,0.0703962,0.156917,0.0950357,0.0155602,0.00266112,0.00010005,0.000374261,0.0086614,0.209289,0.410242,0.154332,0.00320781,0.000593266,0.000310078,0.000827684,0.0270108,0.11504,0.153686,0.0393416
181.301405896,0.00104025,0.00670633,0.0735272,0.109327,0.057181,0.0125223,0.011862,0.00587972,0.00447378,0.0501967,0.296971,0.271233,0.0456298,0.00249322,0.000899036,0.000332549,0.00181926,0.0405373,0.135191,0.119385,0.0148538,0.00676284,0.00488214,0.00647451,0.0507177,0.477857,0.572858,0.121079,0.0128993,0.00108692,0.00215759,0.0136029,0.0840205,0.134594,0.0996832,0.047097,0.0350846,0.00713825,0.00136346,0.0101139,0.175597,0.268357,0.0733029,0.0292808,0.0147688,0.000342525,0.00207419,0.0398149,0.122538,0.125602,0.0183716,0.000825562,0.000538153,0.00242756,0.0191356,0.440455,0.772863,0.246823,0.0135831,0.00198908,0.00105698,0.00773219,0.0648907,0.138746,0.0825926,0.0133971,0.00266112,0.000100458,0.000374703,0.0086614,0.169623,0.339154,0.125848,0.00323929,0.000628389,0.000316786,0.000878806,0.0218803,0.0983136,0.121499,0.0282022
182.787482993,0.00112947,0.00675389,0.072848,0.102597,0.0539516,0.0120081,0.0115999,0.00591412,0.00451718,0.0502328,0.282285,0.249745,0.0357225,0.0025516,0.000952786,0.000354786,0.00183828,0.0402792,0.121155,0.103604,0.00750077,0.00483651,0.00479226,0.00650537,0.0493982,0.43063,0.503944,0.108453,0.0130157,0.00117834,0.00219384,0.0132823,0.0785518,0.121805,0.0961901,0.0463107,0.0353959,0.00786057,0.00157107,0.0101522,0.166781,0.244837,0.0601285,0.0295142,0.0148836,0.000345232,0.00202683,0.0370237,0.097363,0.0960057,0.0128807,0.00111218,0.000551922,0.00243608,0.0183016,0.401509,0.695936,0.228786,0.0135876,0.00199648,0.00105944,0.00766177,0.0571847,0.117653,0.0761588,0.0123028,0.00266598,0.000100458,0.000374703,0.00801716,0.153799,0.313601,0.130114,0.033791,0.0202073,0.00384836,0.000878806,0.0203436,0.0824023,0.0931209,0.0202706
184.273560091,0.00112962,0.00675423,0.0703393,0.0963948,0.0527119,0.0120083,0.0116,0.00590497,0.00435463,0.0497067,0.26511,0.237283,0.0357226,0.00255162,0.000953032,0.00033023,0.001475,0.0396504,0.1183,0.103381,0.00750083,0.00483663,0.00473327,0.00537929,0.0432252,0.386026,0.443516,0.0789204,0.00550137,0.000746459,0.00214664,0.0125304,0.0764221,0.118752,0.0940053,0.0450561,0.0353167,0.00786091,0.00157133,0.0101522,0.148619,0.225139,0.0585974,0.0295145,0.0148839,0.000345617,0.00202692,0.0370238,0.096567,0.0954164,0.0126948,0.00111225,0.000519434,0.0014115,0.00922685,0.346344,0.608377,0.186087,0.00592604,0.00154334,0.00105876,0.00764712,0.0566024,0.113745,0.0723105,0.0123029,0.00266607,0.000100617,0.000128186,0.0041126,0.142463,0.30246,0.127371,0.0322158,0.0201082,0.00384849,0.000878965,0.0203437,0.0774171,0.0897475,0.0199371
185.759637188,0.00112964,0.00675424,0.0669081,0.0949126,0.0527115,0.0120084,0.0116001,0.005905,0.00435464,0.0475809,0.258939,0.235014,0.0357081,0.00255164,0.000953068,0.000330382,0.00147516,0.0373906,0.11582,0.10244,0.00750089,0.00483666,0.00473336,0.00537931,0.0427402,0.376349,0.434548,0.0776031,0.0055014,0.000746477,0.00214668,0.0125305,0.0764194,0.118018,0.0939833,0.0450562,0.0353168,0.00786098,0.00157143,0.0100153,0.14574,0.219493,0.0585196,0.0295146,0.014884,0.000345715,0.00202512,0.0366786,0.0942391,0.0950992,0.0126948,0.00111226,0.000519501,0.00141162,0.00834616,0.340138,0.598057,0.185218,0.00592608,0.00154339,0.00105896,0.00764721,0.0558933,0.111464,0.072091,0.012303,0.00266608,0.00010069,0.000128203,0.00411264,0.141539,0.290201,0.123546,0.032216,0.0201083,0.00384854,0.000879104,0.0203416,0.0767422,0.0887528,0.0199232
187.245714286,0.00112965,0.00663747,0.0655404,0.0873846,0.0438156,0.0120078,0.0116001,0.005905,0.00435464,0.0430355,0.246133,0.228897,0.0356626,0.00255164,0.000953069,0.000330385,0.00142767,0.0360682,0.110986,0.101276,0.0075014,0.00483666,0.00473337,0.00537974,0.0393008,0.358979,0.416956,0.0774444,0.00550142,0.000746486,0.00214668,0.0121164,0.0699726,0.105496,0.0885741,0.0450538,0.0353168,0.00786098,0.00157143,0.00962858,0.14259,0.211223,0.0580667,0.0295147,0.014884,0.000345716,0.00187423,0.0341829,0.0901577,0.0943504,0.0126948,0.0011123,0.000519518,0.00141164,0.00828397,0.327801,0.57476,0.182647,0.00592611,0.00154346,0.001059,0.00764722,0.0525677,0.104638,0.0661268,0.0116895,0.00266614,0.000100708,0.000128221,0.00259358,0.135949,0.281925,0.122613,0.032216,0.0201083,0.00384855,0.000879123,0.0179362,0.0712475,0.0873644,0.019923
188.731791383,0.00112965,0.00663424,0.0589782,0.0715877,0.0372169,0.0115302,0.0116001,0.005905,0.00435464,0.0411472,0.214975,0.209349,0.030167,0.00255164,0.000953069,0.000330385,0.00142767,0.031621,0.0846972,0.0734694,0.0061924,0.00483666,0.00473337,0.00537974,0.0369661,0.303383,0.343698,0.0663918,0.00550142,0.000746486,0.00214668,0.0121164,0.0698475,0.0907512,0.0788899,0.044444,0.0353168,0.00786098,0.00157143,0.00851346,0.11515,0.190029,0.0544307,0.0295147,0.014884,0.000345716,0.00187423,0.0336944,0.0716606,0.06842,0.0111644,0.0011123,0.000519526,0.00141164,0.00745906,0.298539,0.515472,0.170627,0.00592615,0.00154346,0.001059,0.00754473,0.050275,0.0860374,0.0577876,0.0112103,0.00266615,0.000100709,0.000128235,0.00259358,0.125898,0.260781,0.116647,0.0318289,0.0201083,0.00384855,0.000841466,0.0170076,0.0598439,0.0684192,0.0182734
190.217868481,0.00112965,0.00435054,0.0335734,0.050809,0.0330146,0.0115302,0.0116001,0.005905,0.00435464,0.0255726,0.1434,0.134041,0.0262465,0.00255164,0.000953069,0.000330385,0.00142767,0.0232667,0.0675917,0.0666889,0.0061924,0.00483666,0.00473337,0.00537974,0.0307053,0.227399,0.266379,0.0584665,0.00550142,0.000746486,0.00214668,0.0121164,0.0445398,0.0637005,0.0727832,0.044444,0.0353168,0.00786098,0.00157143,0.00797772,0.0942207,0.139174,0.0355497,0.0295147,0.014884,0.000345716,0.00187423,0.0207601,0.0552577,0.0672135,0.0111644,0.0011123,0.000519526,0.00141164,0.00743066,0.222633,0.393033,0.131364,0.00592615,0.00154346,0.001059,0.00754473,0.0411199,0.0725161,0.0523471,0.00952189,0.00266615,0.000100709,0.000128235,0.0021277,0.0914086,0.19477,0.0792404,0.0317073,0.0201083,0.00384855,0.000841466,0.0105888,0.0517674,0.0670651,0.0182645
191.703945578,0.00112965,0.00157619,0.012339,0.0307252,0.0292876,0.0115302,0.0116001,0.005905,0.00435464,0.0243836,0.097332,0.0991387,0.0190398,0.00255164,0.000953069,0.000330385,0.00079127,0.0111677,0.0483797,0.0509695,0.0061924,0.00483666,0.00473337,0.00537974,0.024958,0.165503,0.212121,0.0544787,0.00550142,0.000746486,0.00214668,0.0115282,0.0320201,0.0456355,0.0598148,0.044444,0.0353168,0.00786098,0.00157143,0.00406332,0.0485052,0.0750771,0.0259056,0.0295147,0.014884,0.000345716,0.00187423,0.00826248,0.0336466,0.0434304,0.0111644,0.0011123,0.000519526,0.00141164,0.00583613,0.192965,0.336809,0.127521,0.00592615,0.00154346,0.001059,0.00754473,0.0333291,0.0505182,0.0329282,0.00952189,0.00266615,0.000100709,0.000128235,0.0021277,0.0610712,0.121166,0.0640479,0.0317073,0.0201083,0.00384855,0.000841466,0.00715073,0.0377861,0.0464258,0.015993
193.190022676,0.00112965,0.00157619,0.00359243,0.0213637,0.0237239,0.0112375,0.0116001,0.005905,0.00435464,0.0243836,0.0826552,0.0757224,0.0176465,0.00255164,0.000953069,0.000330385,0.00079127,0.00515408,0.028034,0.0284409,0.00386129,0.00483666,0.00473337,0.00537974,0.024958,0.124841,0.162562,0.0430241,0.00550142,0.000746486,0.00214668,0.0115282,0.0174844,0.0252517,0.0531193,0.0432991,0.0353168,0.00786098,0.00157143,0.00322584,0.0314449,0.0458264,0.022375,0.0293563,0.014884,0.000345716,0.00187423,0.00602617,0.0151348,0.0180897,0.00365999,0.0011123,0.000519526,0.00141164,0.00583613,0.158571,0.274701,0.104402,0.00592615,0.00154346,0.001059,0.00754473,0.020825,0.0291009,0.0207163,0.00798954,0.00266615,0.000100709,0.000128235,0.00128434,0.0475635,0.0965898,0.0538255,0.0310877,0.0201083,0.00384855,0.000841466,0.00566037,0.0243899,0.0230758,0.0037282
194.676099773,0.00112965,0.00157619,0.00293491,0.00855048,0.0104874,0.0112375,0.0116001,0.005905,0.00435464,0.0216037,0.0576691,0.0521427,0.0176465,0.00255164,0.000953069,0.000330385,0.00079127,0.00211112,0.00477329,0.00515874,0.00386129,0.00483666,0.00473337,0.00537974,0.00906445,0.0424112,0.0857708,0.0430241,0.00550142,0.000746486,0.00214668,0.0115282,0.0173225,0.0168372,0.0406189,0.0432991,0.0353168,0.00786098,0.00157143,0.00288232,0.0246516,0.0323346,0.022375,0.0293563,0.014884,0.000345716,0.00187423,0.00313922,0.00374761,0.00480302,0.00365999,0.0011123,0.000519526,0.00141164,0.00349486,0.123126,0.221873,0.101403,0.00592615,0.00154346,0.001059,0.00754473,0.0145822,0.0171993,0.0129234,0.00757865,0.00266615,0.000100709,0.000128235,0.00128434,0.0446046,0.0857752,0.0529901,0.0310877,0.0201083,0.00384855,0.000841466,0.00359586,0.015594,0.0113763,0.00216978
196.162176871,0.000669322,0.00115832,0.00277333,0.00825775,0.00880114,0.00926812,0.0110663,0.00586687,0.00433952,0.0215307,0.0568454,0.0516203,0.0175593,0.00253284,0.000950145,0.00022811,0.000687988,0.00130802,0.00257106,0.00347748,0.00337164,0.00458992,0.00461693,0.00531544,0.00882128,0.00457555,0.022756,0.0203554,0.00550142,0.000734054,0.0019391,0.0113389,0.0171926,0.0164763,0.0392944,0.0420331,0.0349914,0.00786098,0.00157143,0.00288232,0.00478587,0.00355112,0.0140423,0.0293563,0.014884,0.000345716,0.00187423,0.00267717,0.00236382,0.00397233,0.00365999,0.0011123,0.000519526,0.00141164,0.00349486,0.0118278,0.0152911,0.0111762,0.00592615,0.00154346,0.001059,0.00754473,0.0145822,0.0171993,0.0129234,0.00757865,0.00266615,0.000100709,0.000128235,0.00128434,0.0024222,0.00521308,0.018269,0.0310877,0.0201083,0.00384855,0.000841466,0.00359586,0.015594,0.0113763,0.00216978
197.648253968,0.0006631,0.00115136,0.00266212,0.00794261,0.00870663,0.00926351,0.0110631,0.00585755,0.00431234,0.0214707,0.0567015,0.0514445,0.0175047,0.00250934,0.000946543,0.000227118,0.000676585,0.00122146,0.00229312,0.00335566,0.00336573,0.0045815,0.00460014,0.00526637,0.00870638,0.0044673,0.0226869,0.0203359,0.00548195,0.000727244,0.00193555,0.0113183,0.0171589,0.0164584,0.0392713,0.0420209,0.0349827,0.0078461,0.00153278,0.00279322,0.0047489,0.00354059,0.0140334,0.0293381,0.0148767,0.000339937,0.00187103,0.00267418,0.00234177,0.00394778,0.00364064,0.0011055,0.000498144,0.00140466,0.00348659,0.0118103,0.015278,0.011173,0.00592483,0.00154021,0.00105279,0.00752939,0.0145737,0.0171932,0.0128999,0.00750605,0.00264148,9.92429e-05,0.000122941,0.00127933,0.00242019,0.00520954,0.0182449,0.0310652,0.0201035,0.00384472,0.000835442,0.00358166,0.0155451,0.0113144,0.00216787
199.134331066,0.000299887,0.000438226,0.00154222,0.00706097,0.00846559,0.00924797,0.0110517,0.00584363,0.00420873,0.0207104,0.0548273,0.0505094,0.0174611,0.00250677,0.000946208,0.000226622,0.000569988,0.000671411,0.00125555,0.00271724,0.00313532,0.00428393,0.00403518,0.00496984,0.00827337,0.00359717,0.0221939,0.0202555,0.00545489,0.00056179,0.0015272,0.0108887,0.0165887,0.0158225,0.0387488,0.0417905,0.0349664,0.00781998,0.00143684,0.00262926,0.00459582,0.00336256,0.0140077,0.0293006,0.0147677,0.000103583,0.00137378,0.00221184,0.00214212,0.00375059,0.00353779,0.00110329,0.00049418,0.00137904,0.00338284,0.0115536,0.0148879,0.0110352,0.00574683,0.00132224,0.000930706,0.00737165,0.014445,0.0171121,0.0128644,0.00749896,0.00256551,2.38891e-05,5.40965e-05,0.00122106,0.00209398,0.00455541,0.018057,0.031007,0.0199502,0.00378188,0.000832071,0.0035728,0.0153563,0.0111584,0.00216178